gene,accuracy,balanced_accuracy_score,f1,roc_auc_score,precision,recall,explained_variance,max_error,r2,log-loss,brcd,validation_set
ASCL1,0.5168334127362236,0.5228629303091582,0.4826120227871779,0.5590514671206409,0.5589364844903988,0.4246278147677115,-0.291189028825785,0.9930206775641772,-0.3210880452262235,0.8743741425586846,6667,organoid
BACH1,0.5712243925678895,0.5814692727380267,0.5976754582029504,0.5964902707745264,0.522435688700749,0.6982330925232831,-0.1528034098888377,0.9622402727233696,-0.1976111567073211,0.8177746063731516,6667,organoid
BACH2,0.672621883436557,0.6623775316518159,0.6045463264914637,0.7513137851316893,0.6691082802547771,0.5513470958712386,0.1865481507891867,0.964816,0.1854660687601692,0.5962188972915996,6667,organoid
CREB1,0.998689852310624,0.998693690127464,0.9986919814499188,1.0,1.0,0.9973873802549283,0.9757357071,0.0797809999999999,0.9757128107663772,0.1949139056918903,6667,organoid
CUX2,0.787081149753851,0.7816810462072027,0.817591238393252,0.7941539469272623,0.7370002452783909,0.917971435118002,0.4156865644001579,0.9537600384686922,0.4119329504799405,0.5173396714972057,6667,organoid
EGR1,0.732809274257583,0.7242432573398039,0.7788366743345383,0.8108658263619806,0.6885931779882619,0.8963013387792149,0.3089373376329491,0.9602239445117994,0.2781901287072912,0.592916562387853,6667,organoid
EHF,0.3234873749404478,0.3201548616882133,0.2684183410613086,0.2953782303926857,0.2731801101109848,0.2638197316229217,-1.0273429792007036,0.865315,-1.0277268731753213,1.1737856880892423,6667,organoid
EPCAM,0.3904637128791488,0.3917171774779212,0.4389548693586698,0.3446171917874855,0.4019273238305561,0.483497021413621,-0.7392705133424238,0.99043,-0.75368967679489,1.0893183123340429,6667,organoid
ESR1,0.997895823407972,0.9981602332685364,0.9975486795245364,1.0,0.995109347605426,1.0,0.918035172975,0.147148,0.9164084879441476,0.2485971817310719,6667,organoid
ETS1,0.57916468159441,0.5739394311257289,0.6349107942412344,0.6836194237183764,0.5785212151644489,0.7034803846740956,-0.0199294788322563,0.970158466227154,-0.0325563179516317,0.6972134046388129,6667,organoid
FOS,0.6633317452755281,0.6647659443879923,0.669086084445485,0.7261446055419826,0.6362152133580705,0.7055386387951609,0.161422621427438,0.9813624035844756,0.160520865775087,0.6315234874001561,6667,organoid
FOXO3,0.5749960298554867,0.5770908991092628,0.5969958212551293,0.5863979736569728,0.5530059980471475,0.6485889570552147,-0.2004514988491037,0.997161,-0.2170918914634487,0.8225142137747022,6667,organoid
GRHL2,0.4657376528505638,0.4651696615113303,0.4421968911917098,0.4762073628059969,0.4544215368887374,0.4306127391620247,-0.3646168925353326,0.982774,-0.3690324149267403,0.8923029131307462,6667,organoid
HES1,0.370454184532317,0.368881491584225,0.3240547337908692,0.3311196068712891,0.3393144081414033,0.3101085094231867,-1.0729361038298442,0.998662,-1.0738824097138715,1.543416938695815,6667,organoid
HSF2,0.7641337144672066,0.764629053834195,0.766662739091159,0.8398751083375531,0.7842507030936119,0.7498463429625076,0.4278196743468165,0.9832145418830138,0.4196736128536693,0.4973632559116286,6667,organoid
ICAM1,0.5019453708114976,0.489402307896389,0.3781908302354399,0.5165949544758018,0.4455214294055821,0.3285394419565966,-0.2820662461954002,0.997738,-0.317906439999152,0.8561557661044059,6667,organoid
JUN,0.4811418135620136,0.481006695363785,0.4409940544933487,0.4803653321712248,0.4769173836617633,0.4101034208432776,-0.284829740468842,0.9929038000934406,-0.2882759531898036,0.8463308552186214,6667,organoid
JUNB,0.5128235667778307,0.5114472513496253,0.4852552539955535,0.5152831522966425,0.4895471857807871,0.4810379241516966,-0.210292441424382,0.982754,-0.2139753425809072,0.7918160969888693,6667,organoid
JUND,0.995394632364618,0.9957664233576642,0.9949766152780184,1.0,0.9900034470872112,1.0,0.925120603119,0.145553,0.9235779248549598,0.2479055347498818,6667,organoid
KMT2A,0.6784579958710497,0.6558553190877764,0.7554428239272881,0.6982095956544638,0.64426246394726,0.9129990511641486,0.1545006444139594,0.9911673344720788,0.078476144963829,0.6521473347313796,6667,organoid
LMX1B,0.4581943782753692,0.4624110441690002,0.5002746347358014,0.4651617298281773,0.4485226526592252,0.5655269475949996,-0.5736134449381529,0.996831,-0.5926243852835436,1.114978630747407,6667,organoid
MEIS2,0.8155867873590599,0.8077051554839777,0.841451343140936,0.8762527332880468,0.8126854354849344,0.8723283793347487,0.5211939826102513,0.99042,0.521009303948079,0.4236273238483439,6667,organoid
NCAM1,0.822971256153724,0.8186274587223212,0.8426772042479624,0.8957092160985647,0.8240977158236147,0.8621137741842333,0.5848982204910043,0.9911433978602382,0.5831401692610914,0.397756552619751,6667,organoid
NFATC2,0.8000635223122121,0.7923625657925942,0.8286375391316183,0.8845779489707307,0.7642480542304796,0.9048751486325802,0.5301323616709396,0.958491,0.5112085504448871,0.4489805385086506,6667,organoid
NFIA,0.5144513260282674,0.5184506440795318,0.4952121512299818,0.5300456522013648,0.4511883273164861,0.5487559458470546,-0.1340088164942172,0.999271,-0.1403917448658669,0.7958008719459025,6667,organoid
NFIB,0.2557170080990948,0.2655209963928401,0.2664057914302485,0.2272775370471793,0.2260292164674635,0.3243449261553121,-1.0552458705960257,0.998928,-1.0839744984230393,1.503126356264999,6667,organoid
NFIX,0.7704065427981579,0.7554613876252869,0.7061334417399258,0.787119987843073,0.8196295859384216,0.6202463845741831,0.2910094242534163,0.988351,0.2873664614118383,0.571179996313515,6667,organoid
NFKB1,0.4536287120851199,0.4560755346377603,0.4645969498910675,0.4487613709231765,0.4329321345707657,0.5012592343854936,-0.4007483903114237,0.98218,-0.4191384280667081,0.8916422241900267,6667,organoid
NFYC,0.9992456725424804,0.999254375637705,0.9992373459639544,1.0,0.9984758543237606,1.0,0.944996617216,0.118437,0.9449795677393764,0.2320171520862732,6667,organoid
NR6A1,0.9978561219628396,0.997829756450446,0.997825036249396,1.0,1.0,0.9956595129008922,0.952904923804,0.112534,0.9528543150321124,0.2209326435245654,6667,organoid
PBX1,0.5563363506431634,0.5340473841142024,0.6414476850514967,0.543872781019816,0.5923204550841432,0.6994611993562382,-0.101802344837987,0.961434,-0.1026971297121535,0.7553882165054765,6667,organoid
PKNOX2,0.554470382721931,0.5560763234133792,0.5796373988612527,0.6082368435547607,0.5379641218189404,0.6283092415137242,-0.1945904065534798,0.987566,-0.2014293531873963,0.8165612616344047,6667,organoid
PROX1,0.6942194695886931,0.7042774616823935,0.6402951615916309,0.8441314922148498,0.8418273363625199,0.5166176803074836,0.3262791789287309,0.953032,0.2292434203318942,0.576084380307541,6667,organoid
RBPJ,0.99801492774337,0.9979884132603798,0.9979843586229138,1.0,1.0,0.9959768265207596,0.961309503399,0.102356,0.9612576861575648,0.2111599681455545,6667,organoid
REST,0.7602429728442115,0.7432261960564454,0.6900374685623364,0.8096501633172434,0.7832673036588208,0.6166406751674158,0.3473185930600145,0.982306192304638,0.2855415419805041,0.5680659886679443,6667,organoid
RORA_RORB,0.5802366206129903,0.5835008817906525,0.6220283845136382,0.6190575833261109,0.5539284349929963,0.7092198581560284,-0.1559532306324813,0.99553,-0.1883416698904656,0.8782949370306081,6667,organoid
RUNX1,0.5695966333174528,0.5368826814481016,0.387341056795705,0.5880940195494238,0.489152155295461,0.3206099728693048,-0.0917077820319254,0.996274,-0.0969751057005481,0.7563346413292735,6667,organoid
SIX1,0.5499047165316817,0.5479173454111854,0.485733726468587,0.5808474600119031,0.5537856847331403,0.4325765532843177,-0.3386564301704227,0.997407,-0.3841449997617054,1.039036220905787,6667,organoid
SIX4,0.6632126409401302,0.6663244770342058,0.6827480459254273,0.73524296753888,0.6251198465963567,0.752080415259125,0.2191418595378801,0.987056,0.2143556938958997,0.6019618158012374,6667,organoid
SMAD3,0.4645863109417182,0.4499326701194798,0.3450218552695483,0.4413125319867034,0.3785166240409207,0.3169730501517044,-0.744966848907691,0.9803811879224176,-0.7508551107445458,1.148810066522068,6667,organoid
SOX11,0.6102112116881054,0.6142016610933183,0.5560278556570498,0.6809392461987891,0.6711790393013101,0.4746024394009572,0.0767262258375311,0.962806,0.0384058758827966,0.6865512452356849,6667,organoid
SOX9,0.9922582181991424,0.9905164867230812,0.9904256886139344,1.0,1.0,0.9810329734461628,0.929550631071,0.1542609999999999,0.929527889583824,0.2122050959378153,6667,organoid
STAT1,0.9896776242655232,0.9902101061826944,0.9892017609436,1.0,0.978634234530364,1.0,0.921942904231,0.15644,0.9193439685599912,0.2524232178895709,6667,organoid
STAT2,0.7018818484992854,0.7047105439565715,0.7107361608690628,0.7310756479170809,0.7531841933376878,0.6728174458464007,0.1578595828983284,0.961574,0.1577655558929329,0.6318999020010938,6667,organoid
TBX15,0.6869938065745593,0.684701884459147,0.7141821345707656,0.7467235561077303,0.7226175629080772,0.7059413746147782,0.246426946882324,0.9728962398202424,0.2461137979606495,0.5912721238957444,6667,organoid
TCF4,0.9943623947911704,0.99446652638142,0.994435736677116,1.0,1.0,0.98893305276284,0.947341224375,0.1258169999999999,0.9464692045303156,0.2257593528010639,6667,organoid
TCF7L1,0.3856598380181039,0.3830755108774287,0.2502180443841457,0.2527245566493019,0.313730255164034,0.2080915538362346,-0.6101243464891046,0.99802,-0.6263292532963471,0.993731811362536,6667,organoid
TCF7L2,0.6461013180879784,0.6235834018331283,0.4687723480333731,0.701070816770303,0.7588269342079876,0.3391394326118824,0.1289089099871534,0.988546,0.0087509165034915,0.7058228020896995,6667,organoid
TEAD1,0.6553517548038749,0.6573352547645787,0.6451375546744063,0.7076085141712131,0.6921929824561404,0.6040725713848274,0.1441027623483657,0.981032,0.1310777464903001,0.6396519403146452,6667,organoid
TFDP1,0.9974591075115136,0.9975201487910724,0.997513983840895,1.0,1.0,0.9950402975821452,0.940118484151,0.127587,0.939845459551888,0.2317609730157057,6667,organoid
THRB,0.4043195172304272,0.4043984646566971,0.432182864062973,0.3792609618822545,0.4122743682310469,0.4541116589788452,-0.5384325200735953,0.864427,-0.5725573345050958,0.9886257705099069,6667,organoid
ZBTB20,0.662934730824202,0.6630429083117049,0.6610237163618942,0.7132468013885398,0.6710440985732814,0.6512981904012588,0.1677795806122451,0.9850250446220216,0.1669929987582845,0.6243249663818822,6667,organoid
ZEB1,0.9952358265840876,0.9959723434248506,0.9942034586030336,1.0,0.9884737297089616,1.0,0.929921203824,0.143289,0.9258501075784952,0.2354844422336826,6667,organoid
ASCL1,0.465819653699123,0.4725126841625127,0.4239117254759306,0.4822069820719331,0.4977220956719818,0.3691657866948257,-0.5502986029690489,0.993888,-0.58319486090078,1.0396585041129296,6667,organoid_shGFP
BACH1,0.6088374184843715,0.6133294307823915,0.6352102338261508,0.6446785383867466,0.5725897920604915,0.7132093242288674,-0.0481176686814581,0.9686692541393171,-0.0821520799326094,0.755340779039695,6667,organoid_shGFP
BACH2,0.6981110861254779,0.6796839118225502,0.6109259527604695,0.7523789304617934,0.6687817258883249,0.562283275540144,0.2256200490857454,0.9594136465911384,0.2195833038046309,0.5816003979583895,6667,organoid_shGFP
CREB1,0.9992129525522824,0.9992016423357664,0.9992010044515466,1.0,1.0,0.9984032846715328,0.9757357071,0.0797809999999999,0.9757261918596372,0.1911067369523482,6667,organoid_shGFP
CUX2,0.6408814931414437,0.6297223965409744,0.7045328399629972,0.650457992904042,0.6263157894736842,0.8050739957716702,0.1058960991263144,0.9722876942911644,0.0961589779483329,0.650739450223903,6667,organoid_shGFP
EGR1,0.6382954800989431,0.6329087971412731,0.7191128961844059,0.7897135253315419,0.5951727128197717,0.9082487869430966,0.2819635595819498,0.958134521934395,0.2089321732177885,0.6006476465744005,6667,organoid_shGFP
EHF,0.2846863053744097,0.2829306890219948,0.2174661746617466,0.2800278809209963,0.2338005818566516,0.2032651184180271,-1.1364567968775146,0.865315,-1.137007655776079,1.218955186754491,6667,organoid_shGFP
EPCAM,0.4117382505059591,0.411600232668293,0.4901578639641395,0.3635776577960742,0.4327998623300637,0.565041563693552,-0.6026074409159268,0.99043,-0.6343981133159038,1.036929887179527,6667,organoid_shGFP
ESR1,0.998201034405217,0.9984028748253144,0.9979450295402004,1.0,0.9958984875672904,1.0,0.918035172975,0.147148,0.916367506733036,0.2387249714619598,6667,organoid_shGFP
ETS1,0.4906678659770632,0.4842806926775823,0.5539582512800315,0.5382413719642096,0.5150128158183815,0.5992756710694503,-0.3404896878281136,0.9569892920770507,-0.3441065175410851,0.8542327063430726,6667,organoid_shGFP
FOS,0.6536991230042726,0.6541722631683249,0.6515837104072398,0.693800050567825,0.6350606394707828,0.6689895470383276,0.0980874553637838,0.974428,0.0973312632930195,0.6715147958442297,6667,organoid_shGFP
FOXO3,0.6284011693276366,0.6278133715896825,0.6128616610050369,0.6542954307299831,0.6241947029348605,0.601932811780948,-0.1278703571583106,0.997161,-0.1280233933936001,0.8165378335324865,6667,organoid_shGFP
GRHL2,0.4681807960422757,0.4676889146929658,0.4294330518697226,0.4727131242201822,0.4591178746453443,0.4033537276229322,-0.5863813586649094,0.982774,-0.587174406009876,1.062818084218174,6667,organoid_shGFP
HES1,0.4019563750843265,0.3992158931750291,0.3305223410950283,0.3976084577359918,0.3621070049641478,0.3040055568418615,-0.7665365757608764,0.998662,-0.7845799162678788,1.256493078802237,6667,organoid_shGFP
HSF2,0.6015291207555655,0.6013826522975603,0.5601886324149913,0.6602061311423683,0.6238253178551686,0.5083333333333333,0.0395573563562012,0.9848622630651352,0.0288540578379923,0.6901055743019884,6667,organoid_shGFP
ICAM1,0.4464807735552057,0.4366523996233338,0.3121419589213358,0.4479141298524183,0.3764745534209639,0.2665871121718377,-0.5989297536509066,0.994992320382178,-0.6408025072294725,1.0558838366357908,6667,organoid_shGFP
JUN,0.5014616595457612,0.5017777916684873,0.4896408839779005,0.5075510503803897,0.507395038167939,0.4730871886120996,-0.2150692264931419,0.990037,-0.2160763045157732,0.8070673211114933,6667,organoid_shGFP
JUNB,0.4829098268495615,0.4837233736297822,0.4796922728815477,0.4935020202286416,0.4603691639522258,0.5007085498346717,-0.2660523308999152,0.982754,-0.2748374994113385,0.8211696209374595,6667,organoid_shGFP
JUND,0.9950528446143468,0.9953429297205758,0.9947519083969466,1.0,0.9895586141433318,1.0,0.925120603119,0.145553,0.9240888341844604,0.250347442449692,6667,organoid_shGFP
KMT2A,0.5926467281313245,0.5850537030236129,0.6838844777942588,0.6191049811509697,0.5687953555878085,0.8573616276525924,0.0050345159381463,0.9942590502504282,-0.0952791808486934,0.7535896289051285,6667,organoid_shGFP
LMX1B,0.3641780975938835,0.3687048534225654,0.392914653784219,0.3514623115646779,0.3552018633540372,0.4395868364160461,-0.8107602866469537,0.996831,-0.8387742581197701,1.2275844538368372,6667,organoid_shGFP
MEIS2,0.7182370137171127,0.7089178398799747,0.7595009596928983,0.7738200922285694,0.7057249866238631,0.8221483482235612,0.202593603692154,0.99042,0.1969643108998338,0.6116162243423048,6667,organoid_shGFP
NCAM1,0.665392399370362,0.6656142072108706,0.6806181584030908,0.7268718181894471,0.699536730641959,0.6626959247648903,0.1284795902663056,0.999579,0.1134590186643861,0.6867376424992117,6667,organoid_shGFP
NFATC2,0.6660670114684056,0.6695288869779755,0.6976175931582163,0.7188139037571715,0.6229090909090909,0.7926885701064322,0.1717053028631181,0.958491,0.1360364754182834,0.6512246150904589,6667,organoid_shGFP
NFIA,0.688891387452215,0.6867552813568156,0.6611975021427697,0.7173465113627804,0.6622516556291391,0.6601466992665037,0.1814988593617119,0.9922090959643756,0.1750274777189105,0.6278990716706327,6667,organoid_shGFP
NFIB,0.2794018439397346,0.2851519185949837,0.2281103215705167,0.2590840713000811,0.1824311308033134,0.304305912596401,-0.6354442637956093,0.998928,-0.6999243616562092,1.0855012394786987,6667,organoid_shGFP
NFIX,0.7596132223971217,0.7193730405738128,0.6332761578044597,0.7189052535841398,0.7061973986228003,0.5740049751243781,0.1995408590999073,0.992913042533359,0.1968603855896255,0.5896619255354393,6667,organoid_shGFP
NFKB1,0.4704295030357544,0.4704187672795207,0.4602337840935136,0.4849566213094838,0.450729517396184,0.4701475064387731,-0.306378919014959,0.98218,-0.311917062879594,0.8376872454032906,6667,organoid_shGFP
NFYC,0.9996626939509782,0.9996666666666668,0.99965874189512,1.0,0.9993177166249716,1.0,0.944996617216,0.118437,0.9449720097256392,0.227245061958374,6667,organoid_shGFP
NR6A1,0.9976388576568472,0.9976494291470784,0.9976438909458096,1.0,1.0,0.9952988582941572,0.952904923804,0.112534,0.9528076667246438,0.2192057904127905,6667,organoid_shGFP
PBX1,0.55767933438273,0.5467237528584904,0.6287978863936592,0.5953154077160699,0.5714285714285714,0.6989720998531571,-0.0033164755408885,0.961434,-0.0062304674679167,0.7014139069718124,6667,organoid_shGFP
PKNOX2,0.4933663143692376,0.4958256456689147,0.5256842105263158,0.5151413184832667,0.4815814850530376,0.5786790266512167,-0.3166156291359729,0.9833092679165047,-0.3304467764124059,0.875094100843799,6667,organoid_shGFP
PROX1,0.58623791319991,0.5916123275878468,0.4638694638694638,0.6661721982506534,0.6867989646246765,0.3501979762428509,-0.0596074128502661,0.953032,-0.1966778901336519,0.8219554649516,6667,organoid_shGFP
RBPJ,0.9975264223071734,0.9974805313788364,0.9974741676234212,1.0,1.0,0.9949610627576728,0.961309503399,0.102356,0.9612691291291622,0.2100963063063237,6667,organoid_shGFP
REST,0.7075556554980886,0.691265076968,0.6229888389621684,0.7376736933507664,0.7309523809523809,0.5428138418792624,0.1734389073752329,0.987002,0.0913535553480406,0.6884589246027394,6667,organoid_shGFP
RORA_RORB,0.5565549808859905,0.563324261367694,0.6017770597738288,0.6010163297915718,0.5254805149003703,0.7039924403496338,-0.1877793532722076,0.99553,-0.242984604669598,0.8869405415481857,6667,organoid_shGFP
RUNX1,0.6031032156510007,0.5678019281530198,0.4293566117038474,0.6338048261147471,0.5326915363016446,0.3595992418088275,-0.0351874463231121,0.9961809851008672,-0.0405866224265876,0.7123161186621451,6667,organoid_shGFP
SIX1,0.5933213402293681,0.5872037156318235,0.5010346254655814,0.6270511020907518,0.6116537554732233,0.4242990654205607,-0.1244080546753978,0.997407,-0.1849073449337879,0.8858309903600736,6667,organoid_shGFP
SIX4,0.5722959298403418,0.5770476458094606,0.6004201680672269,0.6051350347782295,0.5404689863842662,0.6753308128544423,0.0172279504312712,0.9972760527755576,0.0125095557358987,0.6902067530860878,6667,organoid_shGFP
SMAD3,0.4770631886665167,0.4707582975715492,0.3903526019137501,0.4768437894131258,0.4351256575102279,0.3539339196577133,-0.5555851403277303,0.9898767855549676,-0.5692917218191287,1.03806155653259,6667,organoid_shGFP
SOX11,0.5303575444119631,0.534726834610906,0.4271019064600192,0.5839060452883615,0.5676266861100985,0.3423482849604222,-0.1352275684575197,0.962806,-0.1980790324185806,0.7917952496964008,6667,organoid_shGFP
SOX9,0.992804137620868,0.9905016325319086,0.9904105483967636,1.0,1.0,0.9810032650638172,0.929550631071,0.1542609999999999,0.9294815192796836,0.205207430310187,6667,organoid_shGFP
STAT1,0.9912300427254328,0.9916129032258064,0.9908942330142424,1.0,0.981952799629801,1.0,0.921942904231,0.15644,0.9195387430959232,0.2510060825571954,6667,organoid_shGFP
STAT2,0.5891612322914325,0.589345259307458,0.5970445522717247,0.5851487760619618,0.5815252416756176,0.613414910491729,-0.0203399709496818,0.961574,-0.0289261901563882,0.7087023361485835,6667,organoid_shGFP
TBX15,0.627614121879919,0.6299013093890486,0.6311804008908686,0.6896056832940055,0.5942545607045502,0.6729992875801473,0.1239445836449529,0.9956708386186596,0.1143187620612407,0.6453639343304282,6667,organoid_shGFP
TCF4,0.992916572970542,0.993131269079808,0.9930837633110112,1.0,1.0,0.9862625381596162,0.947341224375,0.1258169999999999,0.9464029174745344,0.230822310740167,6667,organoid_shGFP
TCF7L1,0.3036878794693051,0.3003854842418139,0.165251381587815,0.2105196980171085,0.200065274151436,0.1407577497129735,-0.7896433224721522,0.99802,-0.8103673182308133,1.077884999442048,6667,organoid_shGFP
TCF7L2,0.6351472903080728,0.6227236448821012,0.5257927809440304,0.6579862006889601,0.669519910681057,0.4328681424446583,-0.0212980735341936,0.993775,-0.0824397055514492,0.769069117811357,6667,organoid_shGFP
TEAD1,0.6746120980436249,0.6759284180380747,0.6635666124157172,0.742505611553442,0.7066105471651399,0.6254657023887793,0.2054903091798704,0.981032,0.1969008022710098,0.6104913269255806,6667,organoid_shGFP
TFDP1,0.9978637283561952,0.997870432638422,0.997865887902954,1.0,1.0,0.9957408652768438,0.940118484151,0.127587,0.9399138858972524,0.235248579405524,6667,organoid_shGFP
THRB,0.2980661119856083,0.297083725710256,0.3337957528545512,0.2473007882444506,0.3236754966887417,0.3445692883895131,-0.8748356089615761,0.864427,-0.8990752840258629,1.117039292516104,6667,organoid_shGFP
ZBTB20,0.5934337755790421,0.5928212568592466,0.5748883141312014,0.6048302591468465,0.5901520637219406,0.5603942241576897,-0.0409361564872832,0.984468596915126,-0.0425390564780794,0.720338072776031,6667,organoid_shGFP
ZEB1,0.99628963346076,0.9969342251950948,0.9953237919795948,1.0,0.990691114245416,1.0,0.929921203824,0.143289,0.9249447904565964,0.22861203033438,6667,organoid_shGFP
ASCL1,0.5088002583562086,0.5166004456579733,0.4467078937795562,0.5408549100837963,0.5506726457399103,0.3757649938800489,-0.37897927219866,0.9951541175701564,-0.4297073073367126,0.9652396424680078,6667,organoid_shRORB1
BACH1,0.5913127724850638,0.5966502206620784,0.6103156274056967,0.6365840262264983,0.5519353940406572,0.6825068870523416,-0.095093188033243,0.972393,-0.1239514855770089,0.7734188018156961,6667,organoid_shRORB1
BACH2,0.6499273373163249,0.6368969915864897,0.5698412698412698,0.722018449589981,0.6235345201910552,0.5246620387285349,0.1238383807389394,0.964816,0.1218725721786633,0.6305784934827956,6667,organoid_shRORB1
CREB1,0.9996770547392216,0.9996760609005508,0.9996759559300064,1.0,1.0,0.9993521218011014,0.9757357071,0.0797809999999999,0.975717366393687,0.1931336000932435,6667,organoid_shRORB1
CUX2,0.7574681091554981,0.7460140214350675,0.8042741725306228,0.8126798857605724,0.7020018198362148,0.9414276998169616,0.428431445150069,0.9682084001817892,0.4048352052266639,0.5077752738082703,6667,organoid_shRORB1
EGR1,0.540610366542871,0.5426542929029009,0.6178643384822028,0.6212220395515688,0.5252340717058689,0.7501630789302022,-0.2658367500726675,0.9643778641779648,-0.3148761610197934,0.9027736928503942,6667,organoid_shRORB1
EHF,0.4568060713709026,0.4530019955829194,0.4073291050035236,0.4345919975906833,0.4077601410934744,0.4068989792326645,-0.5447113605833218,0.865315,-0.5506008444626942,0.9435792664473974,6667,organoid_shRORB1
EPCAM,0.4766672049087679,0.4802350236620971,0.5228912115412925,0.449668793280027,0.4679841897233202,0.5923949299533022,-0.4565246705456816,0.983538848456016,-0.4824516738674258,0.9535300487325824,6667,organoid_shRORB1
ESR1,0.998869691587276,0.9990275076410112,0.9986525505293552,1.0,0.9973087274125336,1.0,0.918035172975,0.147148,0.9158376104167368,0.2465686388263641,6667,organoid_shRORB1
ETS1,0.4911997416437914,0.4950915634396223,0.5328391401037805,0.5379843950116838,0.4777984578569529,0.6022117962466488,-0.3661499172532201,0.985565,-0.3816394512129517,0.9022623101328427,6667,organoid_shRORB1
FOS,0.6502502825771032,0.6499445672785147,0.6301229508196722,0.7212777604299137,0.615,0.6460084033613446,0.1539640933364949,0.9946302552294825,0.1529046061396433,0.622733097614329,6667,organoid_shRORB1
FOXO3,0.6139189407395447,0.6156262557628097,0.6301624129930394,0.6019436207510205,0.5895803183791606,0.6767441860465117,-0.1355474488606987,0.997161,-0.1430292083500666,0.7888247092424454,6667,organoid_shRORB1
GRHL2,0.4878088164056192,0.4888561753902662,0.504684572142411,0.4857352450121045,0.4782480023675644,0.5342148760330578,-0.339863713371977,0.9827608735525636,-0.3637534083511669,0.9074360603339796,6667,organoid_shRORB1
HES1,0.5238172129823995,0.5206270751584666,0.4812664907651715,0.5359217791025255,0.4877005347593582,0.475,-0.3020207873704819,0.998662,-0.3049495286064945,0.9588780579777616,6667,organoid_shRORB1
HSF2,0.7019215243016309,0.702449487457768,0.6937624419376244,0.7873374821568875,0.7242812608243852,0.6657115568290354,0.3199440394449254,0.9832170732301312,0.3083191295507016,0.5562618933998715,6667,organoid_shRORB1
ICAM1,0.6053608913289198,0.5816361638505603,0.4652078774617068,0.6517156244635693,0.5708915145005371,0.3925406203840472,0.0090514092904396,0.997738,-0.022764022894415,0.7027600670469631,6667,organoid_shRORB1
JUN,0.5693524947521396,0.5667618256231706,0.5268759978712081,0.5983749448796627,0.5586907449209932,0.4984894259818731,-0.0676672427714295,0.9920756172602012,-0.0677131453172235,0.7434089836379482,6667,organoid_shRORB1
JUNB,0.6085903439367027,0.6075199440699478,0.5833619800618769,0.6646848489693458,0.573504562352146,0.5935641832808675,0.0663655753210022,0.982754,0.0591337815427882,0.6821727564663373,6667,organoid_shRORB1
JUND,0.994509930566769,0.9947884733292458,0.9942333785617368,1.0,0.9885328836424958,1.0,0.925120603119,0.145553,0.924135210808945,0.2486065294850389,6667,organoid_shRORB1
KMT2A,0.6699499434845794,0.6367088532626468,0.7568403521294313,0.6460128505755198,0.6432760364004044,0.9190985264374458,0.0894791868156014,0.9832490984428116,0.0253121156600031,0.6670649891429135,6667,organoid_shRORB1
LMX1B,0.5251089940255127,0.5303901136729882,0.5656476148279427,0.5759887392970443,0.5020975353959098,0.6476158268515387,-0.2377399401920155,0.996831,-0.266657268736167,0.8972693384526704,6667,organoid_shRORB1
MEIS2,0.7348619409010173,0.7247846848691941,0.7735797021511307,0.8069212594114836,0.7379636937647988,0.812807881773399,0.3285906841097994,0.99042,0.3285839062116347,0.5446022220279361,6667,organoid_shRORB1
NCAM1,0.7611819796544486,0.7587412776287861,0.7855589386689865,0.8397767136520203,0.7928007023705005,0.778448275862069,0.436137749367981,0.9927805212979574,0.4252523914542856,0.4772413474286358,6667,organoid_shRORB1
NFATC2,0.7403520103342484,0.73826425591505,0.7737123557556994,0.8106801170366623,0.6938414941948511,0.8743638676844784,0.3998298874571765,0.9523895713943676,0.3729069220092632,0.5412186231330373,6667,organoid_shRORB1
NFIA,0.5927660261585661,0.6031172110944333,0.5884464751958225,0.6722771608411992,0.5203463203463203,0.6770559519339091,0.1383003632450065,0.999271,0.1170639382217734,0.641506460748145,6667,organoid_shRORB1
NFIB,0.4159534958824479,0.4091603016717927,0.4940551126031612,0.4067127160269466,0.4534017971758665,0.5427166564228642,-0.6547411525355664,0.998928,-0.6548968313325114,1.148106646059213,6667,organoid_shRORB1
NFIX,0.7939609236234458,0.76516848702247,0.7066666666666667,0.7855399451342275,0.809799789251844,0.6268352365415987,0.3257120257610731,0.9865738258956872,0.3256754560636374,0.5134150176583349,6667,organoid_shRORB1
NFKB1,0.3479735184886162,0.3521926647825453,0.3612780765580513,0.3281705376299815,0.3276901004304161,0.4025378921395841,-0.7041141290922324,0.98218,-0.7358017251253812,1.0430842831408915,6667,organoid_shRORB1
NFYC,0.9990311642176652,0.9990491283676703,0.999013482407103,1.0,0.9980289093298292,1.0,0.944996617216,0.118437,0.9449671537881308,0.2314974398143325,6667,organoid_shRORB1
NR6A1,0.9987082189568868,0.9987059204141054,0.9987042436022028,1.0,1.0,0.9974118408282108,0.952904923804,0.112534,0.9528312341269184,0.2199621681299847,6667,organoid_shRORB1
PBX1,0.5370579686743097,0.5266815101775824,0.6038413707337295,0.4913500894664423,0.5627092454287922,0.6514609421586166,-0.1114717115659185,0.961434,-0.1116704265793975,0.7478629771433459,6667,organoid_shRORB1
PKNOX2,0.5971257871790732,0.6011514414789065,0.617624521072797,0.6464913771780771,0.5630064263760827,0.6839782756279701,-0.0810683980608242,0.96876,-0.0935752380247194,0.7674320645424738,6667,organoid_shRORB1
PROX1,0.6854513160019376,0.7015109180714276,0.6415163783584836,0.8428939893908046,0.8432510885341074,0.5176715176715176,0.3121244418756896,0.953032,0.2037346698907478,0.5919350518475236,6667,organoid_shRORB1
RBPJ,0.9983852736961084,0.9983509234828496,0.998348199537496,1.0,1.0,0.9967018469656992,0.961309503399,0.102356,0.9612618256601856,0.2109316484990236,6667,organoid_shRORB1
REST,0.8133376392701437,0.791676658983925,0.7464912280701754,0.8610080011995102,0.8347229033840118,0.6751289170963903,0.4769567323355344,0.987002,0.4424705259904393,0.4553593949085209,6667,organoid_shRORB1
RORA_RORB,0.6263523332795091,0.6308730656845367,0.65203007518797,0.6744718010710383,0.5873746952045517,0.7326799594457587,0.01900422287772,0.99553,-0.0009147932290753,0.7560225942197921,6667,organoid_shRORB1
RUNX1,0.6639754561601808,0.6311232259967698,0.5166085946573752,0.7058747793173936,0.6499123319696084,0.4286815728604471,0.1654717566446087,0.9911378077380288,0.1654353740961974,0.6019435712596256,6667,organoid_shRORB1
SIX1,0.5617632811238495,0.5571324773749253,0.4840304182509505,0.5720032179369073,0.5600527936647602,0.4261801138265818,-0.3205017892814907,0.997407,-0.3635007873837623,1.0109171057379944,6667,organoid_shRORB1
SIX4,0.6379783626675278,0.641137025567822,0.6437877343501748,0.7049144617110589,0.5995856762355727,0.6950257289879931,0.1651704619636591,0.9188538694273852,0.1611061132811571,0.6232493138740096,6667,organoid_shRORB1
SMAD3,0.5317293718714677,0.5184059260492382,0.4162640901771336,0.5475876240207451,0.4827264239028945,0.3658881811748053,-0.4770705536962292,0.978062,-0.4927823295530891,1.0079898498170834,6667,organoid_shRORB1
SOX11,0.5717745842079768,0.5822456214735469,0.5230215827338129,0.6847038429375318,0.6493970522554712,0.4378199337548931,0.0553937226266029,0.962806,0.0039421710119524,0.6963171609612608,6667,organoid_shRORB1
SOX9,0.9943484579363798,0.9925941599661448,0.9925389042848006,1.0,1.0,0.9851883199322896,0.929550631071,0.1542609999999999,0.9295166597671224,0.2042313470061519,6667,organoid_shRORB1
STAT1,0.9883739706119812,0.9893396505774356,0.9873772791023844,1.0,0.9750692520775625,1.0,0.921942904231,0.15644,0.918634052383436,0.2502108700561163,6667,organoid_shRORB1
STAT2,0.5391571128693686,0.5409998523650656,0.5347244864688621,0.5272950017837479,0.5690492713393477,0.5043050430504306,-0.2150846187433277,0.961574,-0.2157192399976304,0.8023488058404263,6667,organoid_shRORB1
TBX15,0.7098336831906992,0.7097404816499149,0.7010480785227083,0.7896008420695544,0.6949208443271768,0.707284323598523,0.3381800698288669,0.9680397156431756,0.3378129565974305,0.5520510676148541,6667,organoid_shRORB1
TCF4,0.9930566768932666,0.9932896379525592,0.9932443047918303,1.0,1.0,0.9865792759051186,0.947341224375,0.1258169999999999,0.9463944566895108,0.2279136667307243,6667,organoid_shRORB1
TCF7L1,0.4448570967221056,0.4382456829951573,0.328515625,0.4105091071175568,0.3900742115027829,0.2837381916329284,-0.3471529059747407,0.99802,-0.3478550322450604,0.8461878171761499,6667,organoid_shRORB1
TCF7L2,0.7162925884062651,0.6911516665875941,0.586490939044481,0.7674535448262775,0.8453188602442334,0.449009009009009,0.2891469629306959,0.9823309858566556,0.2123781421376719,0.6021995272173082,6667,organoid_shRORB1
TEAD1,0.6904569675440013,0.6919798552803609,0.689051094890511,0.7440244214391043,0.7241732015001705,0.6571782178217822,0.2177708661435615,0.977809295528913,0.2176131648205918,0.6030554551707866,6667,organoid_shRORB1
TFDP1,0.996770547392217,0.9968808484092326,0.9968710888610764,1.0,1.0,0.9937616968184654,0.940118484151,0.127587,0.9398223988980116,0.2361597181470688,6667,organoid_shRORB1
THRB,0.4616502502825771,0.4619701364573653,0.4790625,0.4600896365204676,0.4603603603603604,0.4993485342019544,-0.4085662970844836,0.864427,-0.4417534188513154,0.905761931878292,6667,organoid_shRORB1
ZBTB20,0.6699499434845794,0.6701304581422886,0.6703225806451613,0.7239334094904255,0.681311475409836,0.6596825396825396,0.1856295386982659,0.9732053942496508,0.1831907162928997,0.6192415449388332,6667,organoid_shRORB1
ZEB1,0.9953172937187148,0.996041496041496,0.9943014344664964,1.0,0.9886674482219616,1.0,0.929921203824,0.143289,0.925733695296997,0.2340492250681974,6667,organoid_shRORB1
ASCL1,0.646074646074646,0.6464750195534943,0.6155500591461448,0.7240232368040869,0.6775568181818182,0.5639408866995074,0.1418643685860036,0.9898573779668488,0.1203618223011124,0.6434246316589423,6667,organoid_shRORB2
BACH1,0.5703395703395704,0.5884976233930166,0.59575260804769,0.6107987822571138,0.5041778338325713,0.7279763259731391,-0.0969494978348337,0.9688434924324788,-0.1678839635949731,0.8129776396410201,6667,organoid_shRORB2
BACH2,0.6196416196416197,0.6190716768884486,0.5875912408759124,0.7161775528023026,0.6357723577235772,0.5461983636000798,0.1363362964513585,0.947843299778804,0.1360723893420957,0.6229577684769385,6667,organoid_shRORB2
CREB1,0.999009999009999,0.9990178746808092,0.9990169091624066,1.0,1.0,0.9980357493616184,0.9757357071,0.0797809999999999,0.9757020455328764,0.1940336865958713,6667,organoid_shRORB2
CUX2,0.8372438372438372,0.8431910950415572,0.8373887240356083,0.9063535140779146,0.7723043240284619,0.9144523655217108,0.5514530526989176,0.9376526245054944,0.5428972753367625,0.4450198786958444,6667,organoid_shRORB2
EGR1,0.818037818037818,0.8251046646046177,0.8224497681607419,0.8939701834478757,0.7469731531847693,0.9148936170212766,0.4921714777004286,0.997268,0.452159393650873,0.4925183740332129,6667,organoid_shRORB2
EHF,0.3293733293733293,0.3306874160322436,0.3206979542719615,0.3003723409716842,0.2987668161434977,0.3461038961038961,-0.9339514455617248,0.865315,-0.9492778030695896,1.1520046765276797,6667,organoid_shRORB2
EPCAM,0.4296604296604296,0.4270352616264345,0.4740253811741075,0.399833682315161,0.4548799719642544,0.4948532215020968,-0.5825147797893628,0.99043,-0.5837933904235988,1.0175102976958763,6667,organoid_shRORB2
ESR1,0.9973269973269974,0.9974869694713328,0.9971534001054296,1.0,0.994322960470984,1.0,0.918035172975,0.147148,0.917398958617856,0.2501432407475922,6667,organoid_shRORB2
ETS1,0.5968715968715969,0.6157909720093835,0.6077827008283567,0.7113912831233218,0.516366612111293,0.7385299625468165,0.0537632005330934,0.9535866674838024,0.0068185749131223,0.6915313760055766,6667,organoid_shRORB2
FOS,0.7194337194337195,0.7193993103387144,0.71460221550856,0.7692821860563663,0.7114497694004411,0.7177827230426866,0.2549875584702274,0.9636530170679396,0.2546815389170943,0.5826617577242336,6667,organoid_shRORB2
FOXO3,0.5324225324225325,0.5356124529830268,0.5669753369395801,0.5633372003943461,0.5134506808369312,0.6329580348004095,-0.1647985476803071,0.9954048073285218,-0.2016066882519795,0.7963868034085465,6667,organoid_shRORB2
GRHL2,0.5567765567765568,0.5580554962306903,0.5834961391757373,0.5884542892609671,0.5419979260283443,0.6318758815232722,-0.0544177468097224,0.967132,-0.0860444287676083,0.7390506541511993,6667,organoid_shRORB2
HES1,0.3234333234333234,0.3222633301853632,0.2958994436431073,0.272620936700639,0.291514413317093,0.300418410041841,-1.1713756251811929,0.998662,-1.1808905095312134,1.5468130266832905,6667,organoid_shRORB2
HSF2,0.7858627858627859,0.7893498393498394,0.7779488758854327,0.8778083718832159,0.8514606741573034,0.7161217161217162,0.5120548032569943,0.962368,0.4943223374768538,0.4535222930958796,6667,organoid_shRORB2
ICAM1,0.506979506979507,0.495578921478202,0.3900048995590396,0.5088743600780126,0.4569460390355913,0.3401709401709402,-0.1871795526080746,0.9782557312488738,-0.2096572079631398,0.7832360049050243,6667,organoid_shRORB2
JUN,0.5368775368775369,0.5333753627071448,0.4848017621145374,0.5306390206494589,0.5166666666666667,0.4566390041493776,-0.2011889168218876,0.9927899530302754,-0.2011896298556781,0.8041921820355943,6667,organoid_shRORB2
JUNB,0.5200475200475201,0.517864818965911,0.4714348015699956,0.5062346285851855,0.5070356472795498,0.4405052974735126,-0.2142700876096355,0.982754,-0.2145010186801181,0.7991396012628037,6667,organoid_shRORB2
JUND,0.9944559944559944,0.9947702652222636,0.9941361256544504,1.0,0.9883406204455548,1.0,0.925120603119,0.145553,0.9240606016190452,0.2451970356897764,6667,organoid_shRORB2
KMT2A,0.658053658053658,0.6419040993585481,0.7381349507202426,0.6730285446494129,0.6213939239213684,0.9088872292755787,0.1185868483696226,0.9807708203663688,0.0497890619508736,0.6677578784864597,6667,organoid_shRORB2
LMX1B,0.5186615186615187,0.5188020541121645,0.5250097694411879,0.5048109830231503,0.51415996938385,0.5363273453093812,-0.454835702987082,0.996831,-0.4551559751170126,0.9986497100039844,6667,organoid_shRORB2
MEIS2,0.8340758340758341,0.8354930221576206,0.8420358152686145,0.9170859085314724,0.7885260370697263,0.9033367037411528,0.5615863186009125,0.966524489147981,0.5553657593044496,0.3804107455215541,6667,organoid_shRORB2
NCAM1,0.8662508662508662,0.8662355501641216,0.8649675162418791,0.923870517237864,0.8654,0.8645354645354645,0.6711588654430807,0.9755328546276344,0.6711336694990342,0.3542200523336634,6667,organoid_shRORB2
NFATC2,0.8501138501138501,0.8526433126967152,0.8589265747297801,0.9473742890631154,0.790837336993823,0.9398450244698204,0.6628657525102346,0.8681985701565484,0.6419527614156085,0.3909474017395635,6667,organoid_shRORB2
NFIA,0.3632313632313632,0.3766108452403944,0.3743190661478599,0.3474336834117505,0.3169686985172982,0.4570071258907363,-0.4734521602181603,0.999271,-0.5086087343560264,0.9617146825712456,6667,organoid_shRORB2
NFIB,0.3133353133353133,0.3071073049491337,0.3689956331877729,0.2510379844355503,0.3819209039548022,0.3569165786694825,-1.191381957349282,0.998928,-1.1966204758017684,1.685795127418941,6667,organoid_shRORB2
NFIX,0.6869616869616869,0.6865640640750524,0.6535933391761612,0.7621223363482339,0.7277384727982434,0.5931596738914298,0.2229209806907828,0.988351,0.1931715317745477,0.7518909651613007,6667,organoid_shRORB2
NFKB1,0.4874764874764875,0.4935627592564142,0.536152674491533,0.4951559300736065,0.4711811023622047,0.6219081272084805,-0.3331041021566427,0.98218,-0.3894220008014519,0.8937965973061112,6667,organoid_shRORB2
NFYC,0.9995049995049996,0.9995169082125605,0.999492746271685,1.0,0.9989860068951532,1.0,0.944996617216,0.118437,0.9449350791789292,0.2296921474973213,6667,organoid_shRORB2
NR6A1,0.9973269973269974,0.997358121330724,0.9973511233199256,1.0,1.0,0.994716242661448,0.952904923804,0.112534,0.9528030627117156,0.2235968617121142,6667,organoid_shRORB2
PBX1,0.5248985248985248,0.5165402904485743,0.6062843547460826,0.5090102229789562,0.5348870874348581,0.6996780912705927,-0.1550467491270597,0.961434,-0.1702882037428366,0.8311018967409121,6667,organoid_shRORB2
PKNOX2,0.6501336501336501,0.6511329852937657,0.6592749710759738,0.7137638678757178,0.6283771365557802,0.6933684850943014,0.0751360212107529,0.987566,0.0722268920004239,0.683725664722909,6667,organoid_shRORB2
PROX1,0.7452727452727452,0.7603387421480268,0.7105411182360221,0.9186088003676314,0.9228521332554062,0.5776477044082677,0.5263724732497117,0.943869,0.4230437580230975,0.4722918262031516,6667,organoid_shRORB2
RBPJ,0.9983169983169984,0.9983194938710952,0.9983166650163382,1.0,1.0,0.9966389877421906,0.961309503399,0.102356,0.9612216691328672,0.2126694730259624,6667,organoid_shRORB2
REST,0.745074745074745,0.732001072386059,0.6820595135201877,0.8018226789792473,0.7623516422853989,0.6170688114387847,0.3188066547995625,0.972703,0.2593938817085166,0.5797238370451205,6667,organoid_shRORB2
RORA_RORB,0.5535095535095536,0.5655868959848236,0.58631443771785,0.5917319612411776,0.506016466117796,0.6969036197121675,-0.2592017373502215,0.99553,-0.3098089910301822,0.986463992109749,6667,organoid_shRORB2
RUNX1,0.4781704781704782,0.4660097713659195,0.2980423491809828,0.478142642443722,0.4109438119720896,0.2338069368992896,-0.3307492440380424,0.996274,-0.3599929166831543,0.9134665156596944,6667,organoid_shRORB2
SIX1,0.6063756063756064,0.6053396246743479,0.548489666136725,0.6741232484729714,0.6358609794628752,0.4822284345047923,-0.1236774138243268,0.997407,-0.1739349749454137,0.8754121077053444,6667,organoid_shRORB2
SIX4,0.7805167805167805,0.7806118988601669,0.7889576392194193,0.8536285601310176,0.7581412367361874,0.8223853939273665,0.4419992558854752,0.987056,0.4415664420178445,0.4975423473960808,6667,organoid_shRORB2
SMAD3,0.5256905256905257,0.5181168513521417,0.4472135687088958,0.5296484940741477,0.48656791363294,0.4137489325362937,-0.4852969472676145,0.9842937949915408,-0.4934432627885783,1.0309228096022538,6667,organoid_shRORB2
SOX11,0.7165627165627165,0.7115260545662024,0.6685191617459766,0.7825974038727823,0.757543951718709,0.598217985909656,0.3077018867728434,0.940000206813816,0.2915562246834072,0.5669195182979094,6667,organoid_shRORB2
SOX9,0.9893079893079894,0.9881604911203684,0.9880186376747282,1.0,1.0,0.9763209822407368,0.929550631071,0.1542609999999999,0.928647086284694,0.2345901763539971,6667,organoid_shRORB2
STAT1,0.9905949905949906,0.9909056098027952,0.990356309004162,1.0,0.9808968429519404,1.0,0.921942904231,0.15644,0.9196679119964164,0.2513088352789802,6667,organoid_shRORB2
STAT2,0.7717057717057717,0.7675859165709912,0.7329163771137364,0.8126484343568156,0.8417132216014898,0.649025641025641,0.2780190843502518,0.961574,0.2767615726919981,0.5787838158801614,6667,organoid_shRORB2
TBX15,0.7192357192357193,0.7246112208698336,0.7210857592446892,0.8260964406994658,0.6629294755877034,0.7904269081500647,0.3442015871770666,0.8893290950967923,0.3171162856059795,0.5258827617170142,6667,organoid_shRORB2
TCF4,0.9925749925749926,0.992692907248636,0.9926391206202768,1.0,1.0,0.985385814497272,0.947341224375,0.1258169999999999,0.9465519203327636,0.2328632729517546,6667,organoid_shRORB2
TCF7L1,0.5025245025245025,0.4886142407793862,0.3456179189998697,0.3937484960986189,0.4471024258760108,0.2816811717257482,-0.2587357221261626,0.9979088437029608,-0.2649997159054724,0.8161037771197783,6667,organoid_shRORB2
TCF7L2,0.6107316107316108,0.5762686376510806,0.3246307110958433,0.6776118417254011,0.7608695652173914,0.2063318777292576,0.1073203382031626,0.9892880253983656,-0.101305228430101,0.7452678304310933,6667,organoid_shRORB2
TEAD1,0.6496386496386496,0.6490237588983214,0.6641359020594096,0.7188864301575417,0.6658420551855376,0.6624384702764105,0.163171161971818,0.937953526858211,0.161633514914558,0.6197348391095792,6667,organoid_shRORB2
TFDP1,0.9966339966339968,0.9965263588067022,0.9965142505638712,1.0,1.0,0.9930527176134042,0.940118484151,0.127587,0.940071777747776,0.234578054625882,6667,organoid_shRORB2
THRB,0.5591525591525591,0.5687692620578526,0.5493371116283777,0.5845287392009126,0.4854230012520121,0.6326340326340326,-0.132011065625073,0.864427,-0.2258421219542463,0.819275763316924,6667,organoid_shRORB2
ZBTB20,0.7118107118107118,0.7117750816656139,0.7083458571285443,0.7971479869931016,0.7077077077077077,0.7089851584436422,0.3220184540632076,0.97353,0.3192649468103625,0.5454001762282402,6667,organoid_shRORB2
ZEB1,0.9952479952479952,0.9958897071416338,0.994400373308446,1.0,0.988863109048724,1.0,0.929921203824,0.143289,0.9265677458162296,0.237686324726785,6667,organoid_shRORB2
ASCL1,0.521055485270197,0.5069537823959154,0.4124168514412417,0.5133000194890485,0.4549902152641878,0.3771289537712895,-0.3224446645418133,0.997929,-0.3339595529046144,0.8850907707719288,6667,mets_compiled
BACH1,0.5382251942888125,0.5398807125979281,0.5712367846954187,0.5588875022448733,0.5244992295839753,0.6271186440677966,-0.2772873908040114,0.975563,-0.2956162159283615,0.872053155340534,6667,mets_compiled
BACH2,0.5356949213808061,0.5337605217517342,0.49834016793595,0.5261696075114836,0.5208163265306123,0.4777236989891426,-0.2852562443703066,0.964816,-0.2865050911760054,0.8449876213003369,6667,mets_compiled
CREB1,0.9985541297668534,0.9985168705969596,0.9985146676568882,1.0,1.0,0.9970337411939192,0.9757357071,0.0797809999999999,0.9757340483153312,0.1970393235883294,6667,mets_compiled
CUX2,0.5232242906199168,0.5414820957777304,0.542966042966043,0.5595356000508693,0.4588579795021962,0.6648281714043275,-0.1256581129336491,0.993061,-0.1832239913023148,0.7929973678118915,6667,mets_compiled
EGR1,0.5067775167178745,0.5363416500670812,0.5707094541450369,0.6056227226016371,0.4579651603130522,0.7570951585976627,-0.0414901763186055,0.997268,-0.1533664445490303,0.7679562522856918,6667,mets_compiled
EHF,0.5608169166817278,0.5613507187357465,0.5715796897038082,0.5636116095524744,0.5496778569006443,0.5952993022401762,-0.1752577784467437,0.865315,-0.1876245967572398,0.7844828530551633,6667,mets_compiled
EPCAM,0.5281041026567865,0.534150515355766,0.5582811706986973,0.5422946444963151,0.4983388704318937,0.6346153846153846,-0.2764549989082336,0.99043,-0.3226917781603722,0.8915664901146437,6667,mets_compiled
ESR1,0.99728899331285,0.997459349593496,0.9971025690554376,1.0,0.9942218798151,1.0,0.918035172975,0.147148,0.9174266366412788,0.2554481586691116,6667,mets_compiled
ETS1,0.4634014097234773,0.4653987918769101,0.4779321259011781,0.4644682229595743,0.4474810668422785,0.5128301886792452,-0.5394317265583739,0.990379,-0.5423194697322462,0.9855955018552036,6667,mets_compiled
FOS,0.8049882523043557,0.7974590789935393,0.7688022284122563,0.8749653996728118,0.8117647058823529,0.7301587301587301,0.4676249604949142,0.9468436057032792,0.4666274997512981,0.4748858216403038,6667,mets_compiled
FOXO3,0.4592445328031809,0.4592046894803548,0.4471544715447154,0.4313425038494171,0.4365079365079365,0.4583333333333333,-0.6416705523562551,0.997161,-0.6421336339487616,1.1404846651472154,6667,mets_compiled
GRHL2,0.4838243267666727,0.4877851547304545,0.5112936344969199,0.4820661463360965,0.4648413192283758,0.5680608365019011,-0.5232762876414254,0.982774,-0.5563310807351347,1.0517065774790475,6667,mets_compiled
HES1,0.625519609615037,0.6238350182801242,0.5982939123691353,0.6510272592375475,0.6176941553242594,0.5800751879699249,0.0105039269104474,0.9950139201223276,0.0098101037674485,0.7139897157710972,6667,mets_compiled
HSF2,0.5680462678474607,0.5626483416725055,0.458786231884058,0.5868557410826304,0.5855491329479768,0.3771407297096054,-0.0967092812523231,0.990498,-0.1350021561066774,0.768507730909505,6667,mets_compiled
ICAM1,0.4831013916500994,0.4680783655485326,0.2842842842842842,0.4636814498151013,0.4068767908309456,0.2184615384615384,-0.3588666197151668,0.997738,-0.4223288064443637,0.9361361532504832,6667,mets_compiled
JUN,0.7487800469907826,0.7511017967539706,0.7391141141141141,0.824659003710387,0.7037169406719085,0.7782608695652173,0.3605782022081064,0.9927896586058929,0.3511392069088456,0.5273387281388594,6667,mets_compiled
JUNB,0.6786553406831737,0.6846975740801042,0.6905673512008353,0.779347052551969,0.6252757642609518,0.7710843373493976,0.2712147452824237,0.982754,0.2515249782748208,0.5829131895204994,6667,mets_compiled
JUND,0.994939454183987,0.9951774026868756,0.9947049924357034,1.0,0.9894657637321296,1.0,0.925120603119,0.145553,0.9241487322762154,0.2480335559675277,6667,mets_compiled
KMT2A,0.452557382974878,0.4798391987491331,0.5596743712748946,0.4512744655998439,0.440100594421582,0.7684630738522954,-0.2960305644709387,0.9939413507859856,-0.4393709270111354,0.9308863825705168,6667,mets_compiled
LMX1B,0.5064160491595879,0.5077505132049752,0.5212971078001752,0.5263724195577846,0.4925472010599536,0.5536113179448995,-0.280783997694441,0.996831,-0.2901460967420426,0.8829369888112262,6667,mets_compiled
MEIS2,0.5494306885956985,0.5445672468633919,0.6083267871170464,0.5981707644177992,0.5539341917024321,0.6745644599303136,-0.1285412138372801,0.99042,-0.1383640149272156,0.7828352292651147,6667,mets_compiled
NCAM1,0.4426170251219953,0.4458784068599938,0.39765625,0.4331572126408135,0.4516415261756876,0.35519888346127,-0.4853535620660603,0.999579,-0.5041005376483798,0.9877548144754202,6667,mets_compiled
NFATC2,0.5422013374299657,0.5442464512231954,0.5701679959273714,0.5677270831453858,0.525328330206379,0.6233766233766234,-0.2067567455786052,0.958491,-0.2206325015788621,0.8134064710861717,6667,mets_compiled
NFIA,0.6045544912344117,0.6033094101701054,0.5813241484883276,0.633145449744215,0.5917413322945072,0.5712673937570515,-0.044164257518116,0.9983,-0.0466877549799022,0.7512601099045314,6667,mets_compiled
NFIB,0.5700343394180373,0.5685091450424216,0.597121083827265,0.5969189631317353,0.6087707182320442,0.5859089398471253,-0.1124904717260675,0.998928,-0.1166450229906397,0.7685252002120202,6667,mets_compiled
NFIX,0.5076811856135912,0.5089550844412505,0.3763736263736263,0.4696730147323033,0.5186119873817034,0.2953647143370463,-0.3271592399634806,0.999361,-0.3705831678373295,0.9202569110164396,6667,mets_compiled
NFKB1,0.5116573287547442,0.5139406819017269,0.533816425120773,0.5268646465756435,0.4948816378758797,0.5794007490636705,-0.3725057231299995,0.98218,-0.393815810435141,0.9285339571922272,6667,mets_compiled
NFYC,0.99891559732514,0.9989851150202976,0.9988372093023256,1.0,0.9976771196283392,1.0,0.944996617216,0.118437,0.944788686974706,0.2316034727140111,6667,mets_compiled
NR6A1,0.99837339598771,0.9982234504540072,0.9982202887087206,1.0,1.0,0.9964469009080142,0.952904923804,0.112534,0.9528828783155332,0.2216166139078484,6667,mets_compiled
PBX1,0.5872040484366529,0.5962890717928133,0.6150994270306707,0.6484901620137622,0.5399408284023669,0.7145653876272514,0.0512912222283192,0.961434,0.0250793668777804,0.6912360752658695,6667,mets_compiled
PKNOX2,0.5340683173685161,0.534946997510101,0.5558235699517574,0.5606827932453322,0.5237012987012987,0.592143906020558,-0.2341601173816812,0.987566,-0.2392081608788381,0.824300775352214,6667,mets_compiled
PROX1,0.574371950117477,0.555566811239676,0.4206642066420664,0.5894082432681136,0.5559167750325098,0.3383458646616541,-0.2689590505649708,0.953032,-0.3338777895056326,0.8952643678607614,6667,mets_compiled
RBPJ,0.9981926622085668,0.9981060606060606,0.9981024667931688,1.0,1.0,0.9962121212121212,0.961309503399,0.102356,0.9613015198176634,0.2136380800552275,6667,mets_compiled
REST,0.6009398156515453,0.5898545071525009,0.5031503150315032,0.6329235026503391,0.5959488272921108,0.4353582554517134,-0.1005540812989185,0.987002,-0.1597061006881783,0.8222110455020646,6667,mets_compiled
RORA_RORB,0.4863545996746792,0.4890812005301217,0.4775735294117647,0.4823137646842641,0.442891237640641,0.5181491822895892,-0.5862209740905215,0.99553,-0.603836640241161,1.0947674153470357,6667,mets_compiled
RUNX1,0.5400325320802458,0.5340829971977513,0.4137295554019811,0.5640946387965762,0.5419432709716355,0.334575260804769,-0.1457939686758376,0.996114258503256,-0.166033105754898,0.7910632690655539,6667,mets_compiled
SIX1,0.5414784023133924,0.5332170521644466,0.3822741660579498,0.5982096441291287,0.5466573816155988,0.2938974166978659,-0.1939789751552554,0.9951626857039124,-0.3074527072564308,0.8892336977625285,6667,mets_compiled
SIX4,0.5539490330742816,0.553945017559406,0.5494706097115736,0.5788753223363224,0.5452898550724637,0.5537159676232524,-0.069284513144775,0.998599,-0.0692862787917147,0.7351330847981268,6667,mets_compiled
SMAD3,0.5270196999819267,0.5141642210741854,0.41571779415048,0.5226813886856382,0.475485188968335,0.3692978976596588,-0.354759762434556,0.997063,-0.3764862768999397,0.9282290401313376,6667,mets_compiled
SOX11,0.594614133381529,0.5829749699172904,0.5103689150840428,0.6136213505062403,0.5553444180522565,0.4721324717285945,-0.0870656654142048,0.962806,-0.0911253967114067,0.7603164519956954,6667,mets_compiled
SOX9,0.9886137719139708,0.9870742716454656,0.9869050093535648,1.0,1.0,0.9741485432909316,0.929550631071,0.1542609999999999,0.9289325556869528,0.2351806739925714,6667,mets_compiled
STAT1,0.9922284474968373,0.992416225749559,0.992094134951278,1.0,0.984312294782926,1.0,0.921942904231,0.15644,0.919932655496649,0.2513432810888997,6667,mets_compiled
STAT2,0.494668353515272,0.4938910207113748,0.4734463276836158,0.5164766336561148,0.4779467680608365,0.4690298507462687,-0.1663949812479292,0.961574,-0.1669824802685402,0.758908661688826,6667,mets_compiled
TBX15,0.4634014097234773,0.4641411258527217,0.4897748754081457,0.4446151347144151,0.4614637305699481,0.5217868912486269,-0.4565645858825298,0.997488,-0.4607787399906404,0.9631943414440554,6667,mets_compiled
TCF4,0.9942165190674136,0.9942383867482896,0.994204998189062,1.0,1.0,0.988476773496579,0.947341224375,0.1258169999999999,0.9466469818840249,0.2196601502150794,6667,mets_compiled
TCF7L1,0.5136454003253208,0.5084997560717215,0.4089611245332747,0.4906712801591485,0.4965333333333333,0.347647498132935,-0.2704558480320618,0.99802,-0.2830146762959589,0.8532967468716868,6667,mets_compiled
TCF7L2,0.5787095608169167,0.5460313079762055,0.3261058109280139,0.5472980199784767,0.5778688524590164,0.2271445831655255,-0.1451267932223541,0.993775,-0.2564191371329081,0.8337672430679433,6667,mets_compiled
TEAD1,0.5734682812217603,0.5771994549074864,0.5598657217456173,0.5981407979254731,0.5168732782369146,0.6106590724165989,-0.1712566499746528,0.9977241235713143,-0.1960349282577569,0.8339441182680098,6667,mets_compiled
TFDP1,0.9974697270919934,0.9971932638331996,0.9971853638922396,1.0,1.0,0.9943865276663992,0.940118484151,0.127587,0.9400633316682194,0.2329849611913366,6667,mets_compiled
THRB,0.5734682812217603,0.5753993164037192,0.5827439886845828,0.5914175212056466,0.5484193011647255,0.6216522067144474,-0.1176526640060837,0.864427,-0.1567118427442424,0.7811210369480454,6667,mets_compiled
ZBTB20,0.6369058377010663,0.6366791878686496,0.651638633604994,0.6714387028936986,0.6632545005294741,0.6404226312201773,0.0306063858058339,0.991388,0.0287081024466712,0.7024043365063349,6667,mets_compiled
ZEB1,0.9920477137176938,0.9927868852459016,0.9912175648702596,1.0,0.9825880490700436,1.0,0.929921203824,0.143289,0.9279002678354328,0.2503652759366501,6667,mets_compiled
ASCL1,0.5373590598697793,0.5406433359645726,0.452679535954159,0.562279250653891,0.5704984017994554,0.3751946434132669,-0.2668025452377736,1.0,-0.2833832343748212,0.9961671808319432,6668,organoid
BACH1,0.550381133873273,0.5497124278629013,0.5270806364053953,0.5948020340411628,0.5457926143734325,0.509609173126615,-0.234682573101459,0.99678,-0.2348947919549877,0.892686579976916,6668,organoid
BACH2,0.6385580435127839,0.6365607068413601,0.5977732614650526,0.6873820278748171,0.6548886737657309,0.5498211963589077,0.0445566630267517,0.997162,-0.0073952389542129,0.7851232485822279,6668,organoid
CREB1,0.9996823884389392,0.9996830679027018,0.9996829674249028,1.0,1.0,0.9993661358054036,0.990812010684,0.049049,0.9908053950675286,0.1064388162792358,6668,organoid
CUX2,0.7435286644433857,0.7416106146202474,0.7843791722296395,0.8550775252290722,0.6818313700458423,0.923234069301485,0.3881838300020402,0.995654,0.3207379371657612,0.529792454884811,6668,organoid
EGR1,0.6880657455931396,0.6854499581732624,0.7387009877282251,0.7883913784485302,0.642113783533765,0.869490331167306,0.1884151765956689,0.999778,0.1101709108027662,0.6758331073839736,6668,organoid
EHF,0.3255121486422105,0.3253824713601554,0.311656740002431,0.271187358879587,0.3157894736842105,0.3076307790753479,-1.025656757600562,0.881603,-1.028716404982004,1.2795415437275814,6668,organoid
EPCAM,0.4040019056693664,0.4040517012072556,0.4145085803432137,0.3756863433663174,0.4063001758544231,0.4230554892126423,-0.7567427233399218,0.999114,-0.7576968460784108,1.301791356806747,6668,organoid
ESR1,0.9999205971097348,0.9999234127288044,0.99991757335971,1.0,0.9998351603066018,1.0,0.981530102784,0.068255,0.9815135288638164,0.125886255428815,6668,organoid
ETS1,0.6723042718754962,0.6720962672418983,0.6810171587571495,0.7142729698554942,0.6831291673127616,0.6789181692094314,0.0053464791494887,0.998883,0.0044310901833521,0.8066541862962163,6668,organoid
FOS,0.7084325869461648,0.7084062392059798,0.7056513026052105,0.7385753397644845,0.7095760116072868,0.7017697704081632,0.1497003032719007,0.9998653032203996,0.1449051942821159,0.6944578634116877,6668,organoid
FOXO3,0.5731300619342544,0.5733739631757109,0.5939577039274925,0.583603782507359,0.5640106146453417,0.6272633006301348,-0.1861367409039607,1.0,-0.1931262198069854,1.2686894767256365,6668,organoid
GRHL2,0.4344926155312053,0.4342507907480006,0.3647877274348912,0.4124623540550136,0.414891458713735,0.325481457902276,-0.6622307862884056,0.999102,-0.6674034045142616,1.1970439807722209,6668,organoid
HES1,0.3850643163411148,0.3850894019358993,0.3850887292071936,0.3523779854725736,0.3820100819155639,0.3882174017449772,-1.0495421174144806,0.999999,-1.050830868771138,2.6042872930872374,6668,organoid
HSF2,0.7177227251071939,0.7175534930643128,0.7254190159882599,0.8077000725094576,0.7111918824776616,0.7402269861286255,0.3160325605124877,0.995795,0.3146407295068892,0.548164195107478,6668,organoid
ICAM1,0.4890821025885342,0.4884618935471409,0.4624253310497515,0.5216574266633992,0.4800936768149882,0.4460112812248187,-0.3164393105602547,1.0,-0.3169411651084994,1.0535335445985154,6668,organoid
JUN,0.5925837700492298,0.5927137914661682,0.6192772872300957,0.6108500735714933,0.5802683723840645,0.6639089968976215,-0.0690127927745458,0.9997949897844612,-0.0742542374908457,0.8328647315779099,6668,organoid
JUNB,0.5090122280451008,0.5083809028759972,0.4747950906697243,0.5104081503364118,0.5042395814540862,0.4485996308482465,-0.3065606113370047,0.99367,-0.3127888234264322,0.9087470009840608,6668,organoid
JUND,0.9998014927743368,0.9998059307560938,0.9997968883292034,1.0,0.9995938591503534,1.0,0.982394425404,0.066955,0.9823830688338064,0.124191645363854,6668,organoid
KMT2A,0.5945291408607273,0.5933979153867794,0.621221674146052,0.6055259654865724,0.5927944507361268,0.6525126606934164,-0.0716439782601989,1.0,-0.0924629620819987,0.8383619287265472,6668,organoid
LMX1B,0.4757821184691123,0.4758908754005841,0.4813010685103708,0.4644276669767557,0.4727581416885322,0.4901584253480557,-0.7354273105567892,0.999859,-0.7354521336327848,1.6540310998335372,6668,organoid
MEIS2,0.7856915991742099,0.7851908012411037,0.7938750572781427,0.8642967564747069,0.7838775356307971,0.8041308888373172,0.4291834851517596,0.998695,0.4263997096830437,0.5125474317658664,6668,organoid
NCAM1,0.7886692075591551,0.7863734233931425,0.8093413087861313,0.8730186564914787,0.7534009069085089,0.8742552039000232,0.4570541159748018,1.0,0.4540653971532513,0.5225713913916804,6668,organoid
NFATC2,0.7779498173733523,0.7779556556555143,0.7803307018577432,0.858761892237318,0.783129680725266,0.7775516593613024,0.4324036387483937,0.980336,0.431961231915721,0.4731587948102612,6668,organoid
NFIA,0.6161267270128633,0.6127071752158748,0.5539100346020761,0.6769684704158501,0.6363829110569278,0.4903610521156674,0.0541048271369486,1.0,0.0524280588193146,0.7589822247170523,6668,organoid
NFIB,0.2728283309512466,0.2686222510763514,0.2197324699667717,0.2184796804209038,0.2109093882891723,0.229325982571581,-1.0373451651662973,0.999987,-1.0405265738875458,1.98820082885682,6668,organoid
NFIX,0.7350325551850088,0.7337813844886927,0.7173231681490894,0.7672187858510054,0.7243798118049615,0.7104026845637584,0.182649394646286,1.0,0.1722065155940756,0.7546657565138647,6668,organoid
NFKB1,0.5575273939971415,0.5551371985974123,0.4436124007787929,0.4798874056336922,0.5854526288048492,0.3570969297540588,-0.3524604607571164,0.998729,-0.3705154866158695,0.9970760898645706,6668,organoid
NFYC,0.9997220898840716,0.9997230136119024,0.9997212377045916,1.0,0.9994426307827056,1.0,0.984175617975,0.064069,0.9841677700658024,0.1218708450445971,6668,organoid
NR6A1,0.999602985548674,0.999603080098436,0.99960292249047,1.0,1.0,0.9992061601968724,0.985282185511,0.0619389999999999,0.985275325615676,0.1193637353071783,6668,organoid
PBX1,0.3934016198189614,0.3880883162575659,0.5031381093297779,0.4126780307664176,0.4336322869955157,0.5991789946557199,-0.2544946501620451,0.989422,-0.2653954601492079,0.9193513539523852,6668,organoid
PKNOX2,0.5521676989042401,0.5527761551985562,0.5946528676153514,0.5542449283763986,0.5406076445606011,0.6607043040804919,-0.3889300806324638,0.998992,-0.4323429682614601,1.177972673067511,6668,organoid
PROX1,0.7122836271240273,0.7148665906734135,0.6580797357867422,0.8527579199179032,0.8293495064811511,0.545440325355858,0.3362012922295938,0.995093,0.3142757671403363,0.5854375696009537,6668,organoid
RBPJ,0.9998411942194696,0.9998407770082,0.9998407516522017,1.0,1.0,0.9996815540164,0.988757002911,0.0538049999999999,0.9887553906117056,0.1117316616528288,6668,organoid
REST,0.7498808956646021,0.7488185109162835,0.7347591781744696,0.8175630697650887,0.7543222683264177,0.7161851608667105,0.2115990275054926,0.999836,0.2115925620304184,0.7686506948775417,6668,organoid
RORA_RORB,0.5247737017627442,0.5249870235359111,0.57411228919092,0.5729886234773315,0.519343418088188,0.6417946066343171,-0.2991440875536522,1.0,-0.3430936865324991,1.8304178625058385,6668,organoid
RUNX1,0.5552644116245832,0.5576086206290216,0.5691538461538461,0.5910440656537075,0.5309270952927669,0.6133123342175066,-0.0783526321162251,1.0,-0.0946816119783569,0.8494672682849074,6668,organoid
SIX1,0.5665396220422423,0.5659347003282507,0.5243530539339548,0.5893365400271535,0.5758851674641148,0.4812859884836852,-0.3324049326956411,0.999273,-0.3367914372214737,1.264022592911442,6668,organoid
SIX4,0.614459266317294,0.6165156018298593,0.6828439857604756,0.7314130740709235,0.5762319479660456,0.8378616654644546,0.1751647332224815,1.0,0.1490089161883472,0.6535011124861302,6668,organoid
SMAD3,0.4024138478640622,0.4042444525666441,0.4322142587702753,0.4162076286132525,0.4013028859624544,0.4682851070786333,-0.9097394209351548,0.999995,-0.9242474959121296,1.6162426003177237,6668,organoid
SOX11,0.598261076703192,0.5985109311563686,0.5822220387267247,0.6758232309685079,0.6103704986149584,0.5565553713789565,-0.0095259803675307,0.995017,-0.0103870700846468,0.7476409905057783,6668,organoid
SOX9,0.9996823884389392,0.9996591393268002,0.9996590231011848,1.0,1.0,0.9993182786536003,0.981238123324,0.070447,0.9812299761059636,0.1202808080716265,6668,organoid
STAT1,0.9996823884389392,0.9996852376455776,0.99967958987504,1.0,0.9993593850096092,1.0,0.981296155356,0.069477,0.9812853346576008,0.1271799286095907,6668,organoid
STAT2,0.7154994441797682,0.7155001551255067,0.7188260221297967,0.7542228713490048,0.7222266025388315,0.7154573146918691,0.2091850681192351,0.969203,0.1977523534592403,0.6167795230328987,6668,organoid
TBX15,0.6558678735905987,0.653966578474541,0.6973675022693946,0.6945502246995985,0.6296973518284994,0.7813331247066186,0.0988014859198711,0.999999,0.0746098246044688,0.7342692454334073,6668,organoid
TCF4,0.9999205971097348,0.9999203568015292,0.9999208422385816,1.0,0.9998416970080736,1.0,0.989849840496,0.050851,0.9898493725736932,0.1094403462293991,6668,organoid
TCF7L1,0.3150309671272034,0.3150112466667354,0.2929388139830335,0.2931516076550924,0.3024968260685569,0.2839663117749881,-0.6140220914628585,0.999955,-0.6185130971333594,1.1289234521064353,6668,organoid
TCF7L2,0.6467365412101,0.6460812324406917,0.6272308336824466,0.6757280033082507,0.6526022142794874,0.6037583676102911,0.0325229641538328,1.0,0.022703699227325,0.7744415193324286,6668,organoid
TEAD1,0.6392726695251707,0.640742163896631,0.5067318132464712,0.7142792304910541,0.8105244876693296,0.3685831622176591,0.1307601445795917,0.999897,0.087092390205116,0.6957092967151549,6668,organoid
TFDP1,0.999880895664602,0.999879769156781,0.9998820151807134,1.0,0.9997640581989776,1.0,0.982635612924,0.066221,0.9826355932564094,0.1238558309134439,6668,organoid
THRB,0.4022153406383992,0.4021953294286648,0.4063399440129322,0.3869781242560214,0.4050145405957714,0.4076740506329114,-0.6212102176771821,0.831308,-0.6240851254378803,1.032414595019575,6668,organoid
ZBTB20,0.6567413053835159,0.6568814100541505,0.6173659054699947,0.6476699676216062,0.6985478217325989,0.5530885734676076,0.0222299603028736,0.999209,0.0195368062454522,0.7093708435858903,6668,organoid
ZEB1,0.9997220898840716,0.9997348886532345,0.9997080779014972,1.0,0.9994163261902776,1.0,0.981997874416,0.068637,0.9819349577393336,0.1245146140976488,6668,organoid
ASCL1,0.4897683831796717,0.492450244663875,0.4195446405730366,0.4926877300995855,0.5,0.3613926840017629,-0.4922013128496729,1.0,-0.5057287332451013,1.243891753196014,6668,organoid_shGFP
BACH1,0.5932089048796941,0.5926820847234017,0.5702066999287242,0.6493306709564899,0.5968664511315593,0.5458267000227428,-0.1178960229677674,0.99678,-0.1185712452570397,0.8201202054687282,6668,organoid_shGFP
BACH2,0.6515628513604678,0.6475874776405262,0.6062762037860501,0.6948938046621225,0.6567575006881365,0.563001415762152,0.0849797823504937,0.997162,0.0276281495938852,0.7878993281317195,6668,organoid_shGFP
CREB1,0.9997751293006522,0.9997740112994352,0.9997739602169982,1.0,1.0,0.99954802259887,0.990812010684,0.049049,0.9908074624913844,0.1054064636684796,6668,organoid_shGFP
CUX2,0.6541488644029683,0.6499928357426016,0.7097017742544356,0.7058357936013872,0.6221045665122436,0.8260105448154658,0.1281470296049293,0.995654,0.0850952678960331,0.6627252388808498,6668,organoid_shGFP
EGR1,0.6296379581740499,0.6279439849001455,0.7090620031796503,0.7061422931197305,0.5862421498466481,0.8969832402234637,0.1354552123506862,0.9885964405034746,0.050514293490573,0.6801828770320694,6668,organoid_shGFP
EHF,0.3159433325837643,0.3159354069278089,0.3035714285714285,0.274750686508084,0.3090188767187136,0.2983127109111361,-0.983411894272422,0.881603,-0.9850638205151176,1.2392850320367796,6668,organoid_shGFP
EPCAM,0.4535642005846638,0.4535388795786849,0.4687363358111062,0.4129002311057766,0.4564615712156696,0.4816895079757358,-0.5719298977306662,0.999114,-0.5785862817380627,1.1731774133135793,6668,organoid_shGFP
ESR1,1.0,1.0,1.0,1.0,1.0,1.0,0.981530102784,0.068255,0.9815027602864588,0.1221585561491156,6668,organoid_shGFP
ETS1,0.5453114459185968,0.5453085406168992,0.551165371809101,0.5496203239837281,0.5442788250767208,0.5582284172661871,-0.4023082571646577,0.998883,-0.4042376407648895,1.1078696191565147,6668,organoid_shGFP
FOS,0.665392399370362,0.6653871818387089,0.6632722335369993,0.6879024181054613,0.6617746669677128,0.6647765933318213,0.0268511890850273,0.999705,0.0262390877453162,0.7760935956098173,6668,organoid_shGFP
FOXO3,0.6217674836968743,0.6214840249741469,0.6071929005137786,0.6386888345318895,0.6254510464277123,0.5899705014749262,-0.1625261784219882,1.0,-0.1904070752384423,1.5345925689062556,6668,organoid_shGFP
GRHL2,0.4993253879019563,0.499185752952227,0.4834705950585778,0.4715188751638721,0.4966634890371783,0.4709604519774011,-0.6518252234125879,0.999102,-0.6521915039220949,1.364026373567235,6668,organoid_shGFP
HES1,0.4504160107937935,0.4501329523295747,0.4208530805687204,0.439048956080346,0.4419009703906444,0.4017190680841438,-0.6455983848640858,0.999999,-0.6467971078989483,1.815934727816612,6668,organoid_shGFP
HSF2,0.5912975039352373,0.591267525011169,0.5964250027756189,0.6346578737048792,0.590589270008795,0.6023772146221126,-0.042468471854683,0.995795,-0.043448277434402,0.7546553383925608,6668,organoid_shGFP
ICAM1,0.4486170451990106,0.447556026611455,0.4031158714703018,0.4498586452961722,0.4315871774824081,0.3781685316282256,-0.5943372189619924,1.0,-0.5960204803276272,1.3877909956685095,6668,organoid_shGFP
JUN,0.6086125477850236,0.6076174669889468,0.6529757750971987,0.616489493319001,0.5903028118240807,0.7305375864376533,-0.0574613695588002,0.999832,-0.0710165214446989,0.8324138452166767,6668,organoid_shGFP
JUNB,0.480211378457387,0.4801616873908919,0.4750766435789713,0.4988810283827822,0.4751305927776516,0.4750227066303361,-0.3436903312590038,0.99367,-0.3583393826813272,0.9302287803241914,6668,organoid_shGFP
JUND,0.9995502586013042,0.999557815609109,0.999542648067688,1.0,0.9990857142857142,1.0,0.982394425404,0.066955,0.9823853186446088,0.1256803982720705,6668,organoid_shGFP
KMT2A,0.5657746795592534,0.5653266015281582,0.5927878532264867,0.5716853811558508,0.5616383616383617,0.6275954454119224,-0.1342532310216797,1.0,-0.1619238386118224,0.9145562286032112,6668,organoid_shGFP
LMX1B,0.383179671688779,0.3832689531066597,0.3848396501457726,0.3616246747504272,0.3792265193370165,0.390621443205099,-0.997253167893314,0.999859,-0.9973063283021606,1.7560613683184507,6668,organoid_shGFP
MEIS2,0.7002473577692827,0.6995418959905845,0.7141325327042677,0.765610783845782,0.6956340087737622,0.7336417713152676,0.1405830646370366,0.998695,0.1399259029224876,0.7440729652863881,6668,organoid_shGFP
NCAM1,0.663593433775579,0.6622637836226953,0.6927500513452455,0.7147046198027618,0.6460448190001915,0.7467345583351782,0.0320428324831113,1.0,0.030127297259112,0.9141436727009332,6668,organoid_shGFP
NFATC2,0.6388576568473128,0.638855493379649,0.637880496054115,0.7088599984233106,0.6375929682217715,0.6381682833295736,0.0617114577887156,0.980336,0.0612181538893589,0.6955207952114333,6668,organoid_shGFP
NFIA,0.627614121879919,0.6255334409017291,0.57851870705014,0.7043710233485742,0.6494285714285715,0.5215695273061037,0.1281594981717227,1.0,0.1217365938227147,0.7183498700295797,6668,organoid_shGFP
NFIB,0.3926242410613897,0.3915338038742521,0.3388004895960832,0.373708438919784,0.3654607869025614,0.3157654574492357,-0.5048904209416043,0.999987,-0.5055132337102823,1.2052037030135203,6668,organoid_shGFP
NFIX,0.6716887789521025,0.672299052593454,0.6579194001874414,0.6929247094556383,0.6365903423260032,0.6807272727272727,0.053952783490378,1.0,0.0422055259280004,0.7979784332839588,6668,organoid_shGFP
NFKB1,0.5246233415785924,0.5223883178657478,0.425387333514542,0.544770945927185,0.5267586671154494,0.3567358103487577,-0.2633316626590816,0.998729,-0.2776951310262963,0.9422565703453012,6668,organoid_shGFP
NFYC,0.9994378232516304,0.9994423377202766,0.9994335561345872,1.0,0.9988677536231884,1.0,0.984175617975,0.064069,0.9841641914931182,0.1202593749748089,6668,organoid_shGFP
NR6A1,0.999887564650326,0.9998879175072852,0.999887904943392,1.0,1.0,0.9997758350145708,0.985282185511,0.0619389999999999,0.9852744161052532,0.1179689885085453,6668,organoid_shGFP
PBX1,0.4048796941758489,0.4000345178352182,0.5173702926962707,0.4988400125403502,0.4416251556662515,0.6244772176975567,-0.1257656452951481,0.989422,-0.1352769763894816,0.7987636056003181,6668,organoid_shGFP
PKNOX2,0.4912300427254328,0.4928485920706728,0.5689244546060779,0.4534411555045622,0.4903925110855641,0.6774047186932849,-0.511197199200766,0.998992,-0.6087684824033206,1.2641894081056158,6668,organoid_shGFP
PROX1,0.5977063188666517,0.5979910873774694,0.4906036446469248,0.6756639045158943,0.6701672500972384,0.3869301594430721,-0.0616573473717736,0.995093,-0.0922157359154269,0.8958749226956383,6668,organoid_shGFP
RBPJ,0.9997751293006522,0.9997731397459164,0.9997730882686636,1.0,1.0,0.9995462794918332,0.988757002911,0.0538049999999999,0.9887557718088146,0.1114040569754836,6668,organoid_shGFP
REST,0.6897908702496065,0.688673128186652,0.6697785757031718,0.7382630760262564,0.6951552795031056,0.646189376443418,-0.0155935583441833,0.999836,-0.0156043677256094,0.980370879782246,6668,organoid_shGFP
RORA_RORB,0.4757139644704295,0.4769663894466751,0.52403797080739,0.5125075449708075,0.4751943724546464,0.5840728100113766,-0.4072053656046572,1.0,-0.461325838711961,1.783928685962362,6668,organoid_shGFP
RUNX1,0.5666741623566449,0.5697994709764249,0.5909573338993844,0.6066844628393147,0.541002720559658,0.6510757717492984,-0.0454082274811868,1.0,-0.0611517587185943,0.8070296514579216,6668,organoid_shGFP
SIX1,0.6360467731054643,0.6350636707529231,0.5957287373548146,0.6463364030828984,0.6612143055170502,0.5420454545454545,-0.0990437905129131,0.9992226262315612,-0.1020282844821296,0.9873274932769666,6668,organoid_shGFP
SIX4,0.5530694850460985,0.5588543830155482,0.6458166265704357,0.6805921928461176,0.5275109170305677,0.8325292901447278,0.0634675618945108,1.0,0.0343953485898197,0.7416093556845541,6668,organoid_shGFP
SMAD3,0.4474926917022712,0.4483418541830971,0.4910936205468102,0.4628963876637278,0.4515330413254618,0.5382519863791146,-0.688495946739585,0.999995,-0.7083979644004221,1.3930193405523943,6668,organoid_shGFP
SOX11,0.51427928940859,0.5147938575179242,0.469157041042025,0.5890739900459834,0.5208731241473397,0.4267829197406662,-0.2231108115775835,0.995017,-0.224954178384934,0.8848292914998352,6668,organoid_shGFP
SOX9,0.9994378232516304,0.9993866535819432,0.9993862771572358,1.0,1.0,0.998773307163886,0.981238123324,0.070447,0.9812176985454352,0.1209110418926269,6668,organoid_shGFP
STAT1,0.9996626939509782,0.9996669626998224,0.9996584310600024,1.0,0.999317095379012,1.0,0.981296155356,0.069477,0.9812824469650796,0.1279679438339547,6668,organoid_shGFP
STAT2,0.5972565774679559,0.5972676707527531,0.5989699955217197,0.6022946159049114,0.5952380952380952,0.6027489860297431,-0.0796627608423208,0.969203,-0.0939296935386468,0.7688710502944809,6668,organoid_shGFP
TBX15,0.6080503710366539,0.6112833638303011,0.6660279747077984,0.6567400153517563,0.5727467457571264,0.7956054016937514,0.0208179600838414,0.999999,-0.0129879900464238,0.920617607555498,6668,organoid_shGFP
TCF4,0.999887564650326,0.9998872350022552,0.999887904943392,1.0,0.9997758350145708,1.0,0.989849840496,0.050851,0.9898493674827024,0.109815267964702,6668,organoid_shGFP
TCF7L1,0.2971666291882168,0.2969039702539548,0.2627668357117584,0.2767672915271922,0.2745194677180877,0.2519791902284551,-0.6487250987659354,0.999955,-0.6538156182526895,1.185508514281162,6668,organoid_shGFP
TCF7L2,0.6127726557229592,0.6123908946656388,0.6002785515320335,0.64242679816867,0.6071847851608358,0.5935276566444802,-0.0754616590058969,1.0,-0.0754630488893164,1.0409730883360155,6668,organoid_shGFP
TEAD1,0.6849561502136272,0.6853269024066319,0.6301478352692714,0.7553520009013087,0.7655548428479795,0.5354419021982952,0.181153755921856,0.999897,0.1699472807898012,0.673427453912099,6668,organoid_shGFP
TFDP1,0.999887564650326,0.9998884426595268,0.999886685552408,1.0,0.9997733967822344,1.0,0.982635612924,0.066221,0.9826328054514968,0.1236291077318439,6668,organoid_shGFP
THRB,0.2936811333483247,0.2936557216085897,0.2985707905314873,0.2633002938144035,0.2978391623969704,0.2993060219386613,-0.9188279378193644,0.831308,-0.9212282748881232,1.1812037310970305,6668,organoid_shGFP
ZBTB20,0.5926467281313245,0.5917728688756726,0.5528816487720597,0.5691478537039285,0.6049149338374291,0.509090909090909,-0.1372797248540298,0.997604,-0.1443518890574837,0.8050744875373494,6668,organoid_shGFP
ZEB1,0.9989880818529344,0.999043163937912,0.9989274222381124,1.0,0.9978571428571428,1.0,0.981997874416,0.068637,0.9819234147420992,0.123189288004643,6668,organoid_shGFP
ASCL1,0.5226869045696755,0.5262826705366588,0.4395145999241562,0.5455926666320238,0.5498102466793169,0.3660770688566014,-0.390008251338525,1.0,-0.4200708922604517,1.2567925387687109,6668,organoid_shRORB1
BACH1,0.5848538672694978,0.5842743692617469,0.5682619647355164,0.6316932719583399,0.5772773797338793,0.5595238095238095,-0.1704332018850076,0.99678,-0.1704332020161634,0.8659975965231358,6668,organoid_shRORB1
BACH2,0.6248990796060068,0.6217314443740918,0.5700536738848788,0.6660575522567034,0.6427378964941569,0.5121383438643166,0.0167192232640525,0.997162,-0.0239622084022173,0.7992219102425528,6668,organoid_shRORB1
CREB1,0.9998385273696108,0.99983844911147,0.9998384230085636,1.0,1.0,0.9996768982229404,0.990812010684,0.049049,0.990805955174474,0.1053394308141508,6668,organoid_shRORB1
CUX2,0.6990150169546262,0.6959275545589954,0.7500670421024404,0.7961322101236175,0.6486549165120594,0.8890654799745709,0.2944886577215031,0.9965641495789692,0.2643758018891295,0.5573736014402852,6668,organoid_shRORB1
EGR1,0.5231713224608429,0.5234132745116444,0.6070525615435796,0.5839023601681216,0.5158299412030756,0.7374717103136114,-0.2886790801471275,0.9940507959899376,-0.3290889965483885,0.976272055395863,6668,organoid_shRORB1
EHF,0.4564831261101243,0.4560663452708907,0.4404920212765957,0.4042120064279155,0.4429956536275493,0.4380165289256198,-0.5364547202056702,0.881603,-0.536455230961296,0.9940793856721551,6668,organoid_shRORB1
EPCAM,0.5076699499434846,0.5077872750977835,0.5116130065673554,0.4937811212516297,0.5029921259842519,0.5205345501955672,-0.4269581598530372,0.999114,-0.427872075539583,1.0654466833557583,6668,organoid_shRORB1
ESR1,0.9998385273696108,0.9998429648241206,0.9998338594450904,1.0,0.9996677740863787,1.0,0.981530102784,0.068255,0.98151792564478,0.1255217128771776,6668,organoid_shRORB1
ETS1,0.548199580171161,0.5485694974536458,0.5546004457179242,0.5634801022589309,0.5384853168469861,0.5717098785690844,-0.4142107256100955,0.998883,-0.414310875822323,1.109170824786106,6668,organoid_shRORB1
FOS,0.6906184401743904,0.690362074663035,0.6814100432324576,0.7270274645677701,0.6929320257017247,0.6702649656526006,0.1194833116972003,0.9997372918595951,0.1148147114537951,0.6995373111228252,6668,organoid_shRORB1
FOXO3,0.6061682544808655,0.6064818687403563,0.6208611845173325,0.5958501872065414,0.5945221792200059,0.6496421600520494,-0.169369892815691,1.0,-0.1790775797564092,1.174913825138641,6668,organoid_shRORB1
GRHL2,0.4763442596479896,0.4765350374007617,0.4583263738099215,0.458929875136107,0.4773834377174669,0.4407324124638612,-0.5486664094471361,0.999102,-0.5488954788586453,1.147633166308813,6668,organoid_shRORB1
HES1,0.5186500888099467,0.5187681340109276,0.5169340463458111,0.5321736608349183,0.5090967124162145,0.5250164581961817,-0.390435579275197,0.999999,-0.3962774739889496,1.47090080408465,6668,organoid_shRORB1
HSF2,0.683675117067657,0.6836917932801014,0.6849975880366619,0.7591657071579351,0.6802938358351964,0.6897668393782384,0.2258729238956347,0.995795,0.225358790018435,0.5978944310178,6668,organoid_shRORB1
ICAM1,0.5908283545938964,0.5884065687966498,0.5487891737891738,0.6411332834273508,0.5879435330026708,0.5145242070116861,-0.0931659740861836,1.0,-0.0960143429749365,0.8906130472630728,6668,organoid_shRORB1
JUN,0.6341030195381883,0.6344846708744738,0.6526670754138565,0.676886692090399,0.6174593967517401,0.6921326397919376,0.0077369450397442,0.999832,0.0013260267007334,0.8095892341778921,6668,organoid_shRORB1
JUNB,0.5998708218956886,0.5991127993077461,0.5807106598984771,0.6607210539255894,0.5939771547248183,0.5680238331678252,-0.026630808860061,0.99367,-0.0372550299443346,0.7541324001002566,6668,organoid_shRORB1
JUND,0.9996770547392216,0.9996806132226126,0.9996735226901732,1.0,0.9993472584856395,1.0,0.982394425404,0.066955,0.9823894464412952,0.1258266779491197,6668,organoid_shRORB1
KMT2A,0.5532052317132246,0.5505801119797165,0.5929086361630131,0.5503000373989617,0.5600333518621456,0.6298843388558925,-0.1590950793673655,1.0,-0.1788145538953487,0.8424954565042758,6668,organoid_shRORB1
LMX1B,0.5793637978362668,0.579384982342843,0.580852775543041,0.5703944857105311,0.5766773162939297,0.5850891410048622,-0.3771455320985397,0.999859,-0.3774933025710845,1.2381218649814838,6668,organoid_shRORB1
MEIS2,0.7035362506055224,0.7038501343749479,0.70223807979241,0.7819337160098152,0.7185529372718221,0.6866476371709483,0.1955509661609423,0.998695,0.1839604103309955,0.7040349074589829,6668,organoid_shRORB1
NCAM1,0.7422896818989181,0.7385824119113789,0.7721302113078241,0.8043682115116846,0.7119536598209584,0.843418590143481,0.2835126448576499,0.999994498518359,0.2799799957565522,0.6425862063128248,6668,organoid_shRORB1
NFATC2,0.716131115775876,0.7161338650919714,0.7176357211692901,0.7961962535629323,0.7135100606834877,0.7218093699515348,0.2591050291752022,0.980336,0.2589902305606368,0.5817865494643473,6668,organoid_shRORB1
NFIA,0.6255449701275634,0.6235414835583521,0.5902102845025623,0.7189946387973202,0.6292388847023361,0.5557404326123128,0.1657641764146069,1.0,0.1639589104836921,0.6497907534661397,6668,organoid_shRORB1
NFIB,0.5002422089455837,0.501723650050052,0.4686695278969957,0.4364459931331543,0.5125797972211791,0.4316888045540797,-0.5117538017802896,0.999987,-0.5154024544921305,1.4250661843881685,6668,organoid_shRORB1
NFIX,0.7263038914903924,0.7238536720618307,0.699308142629058,0.7586179263959738,0.7041800643086816,0.6945031712473573,0.1814208603457061,1.0,0.1685579958187488,0.7021274989466509,6668,organoid_shRORB1
NFKB1,0.4103019538188277,0.4076405632107411,0.3239540910773787,0.351263872567403,0.3684210526315789,0.2890650809382226,-0.7655744984476682,0.998729,-0.7703900515909203,1.2721952644201953,6668,organoid_shRORB1
NFYC,0.9991926368480544,0.9991984610452068,0.9991873882658866,1.0,0.9983760961351088,1.0,0.984175617975,0.064069,0.9841664093136736,0.1218934164907473,6668,organoid_shRORB1
NR6A1,0.9996770547392216,0.9996774193548388,0.999677315262988,1.0,1.0,0.9993548387096776,0.985282185511,0.0619389999999999,0.985274820823552,0.1188681161336293,6668,organoid_shRORB1
PBX1,0.4456644598740513,0.4437523729259063,0.5351387948544347,0.4225452994163123,0.4641766502231618,0.6317135549872123,-0.194777515715838,0.989422,-0.2003566119332411,0.8430343113613948,6668,organoid_shRORB1
PKNOX2,0.5940578072016793,0.5959599004814237,0.6368101704709621,0.6012648977952567,0.5692148760330579,0.7226229508196721,-0.2516928934800013,0.998992,-0.3045802938773287,1.1183700413144355,6668,organoid_shRORB1
PROX1,0.704182141127079,0.7066848728353573,0.6552502822732404,0.8249968547101421,0.8034148592524227,0.5532252939307277,0.2710640813839233,0.995093,0.2526200386358751,0.6417754590772794,6668,organoid_shRORB1
RBPJ,1.0,1.0,1.0,1.0,1.0,1.0,0.988757002911,0.0538049999999999,0.9887552691608488,0.1124728824408034,6668,organoid_shRORB1
REST,0.7862102373647667,0.7838903103351686,0.7659950512548603,0.8458339604419862,0.8011090573012939,0.7338300033863867,0.3427492386370008,0.999836,0.3425656559816551,0.648704175531043,6668,organoid_shRORB1
RORA_RORB,0.5599870821895688,0.5607702242162195,0.591393012445644,0.6051394626429031,0.5474736257634647,0.6429735898271927,-0.2000651245430666,1.0,-0.2441661755234143,1.473532616229534,6668,organoid_shRORB1
RUNX1,0.5887292103988374,0.5940408515375099,0.619339411149305,0.6656584248952138,0.5532710280373832,0.703326544467074,0.0660907515772061,0.999907,0.0248652634221305,0.7075649869693347,6668,organoid_shRORB1
SIX1,0.5809785241401583,0.580513170575008,0.5393218533641044,0.5910966683493184,0.5949862906384645,0.4931818181818181,-0.3119164440899566,0.999273,-0.3171368040401505,1.2169982041194267,6668,organoid_shRORB1
SIX4,0.6221540448893913,0.6258804497735919,0.6750902527075813,0.741591212958401,0.5828338527930952,0.8020455295282085,0.1811421197844347,1.0,0.1621736192362238,0.6340683974973164,6668,organoid_shRORB1
SMAD3,0.4677862102373648,0.4686288234680029,0.4743221690590111,0.5258280091867628,0.4547400611620795,0.4956666666666666,-0.6723379135967706,0.9999939262535624,-0.6791612759638874,1.3730000375269054,6668,organoid_shRORB1
SOX11,0.5846923946391087,0.5856178962821985,0.5716189207195204,0.6603717801435534,0.604012671594509,0.5425229212772684,-0.0649891398222655,0.995017,-0.0652532059382486,0.7812783458567345,6668,organoid_shRORB1
SOX9,1.0,1.0,1.0,1.0,1.0,1.0,0.981238123324,0.070447,0.9812250521643722,0.1218029727963526,6668,organoid_shRORB1
STAT1,1.0,1.0,1.0,1.0,1.0,1.0,0.981296155356,0.069477,0.9812736252023456,0.1285625801920532,6668,organoid_shRORB1
STAT2,0.5509446148877766,0.5511280539835257,0.5487587214019146,0.5490028928687218,0.5595632031767042,0.5383635784781916,-0.2021361891999038,0.969203,-0.2037587467876473,0.8330818232703707,6668,organoid_shRORB1
TBX15,0.6954626190860649,0.6962209602488828,0.722972972972973,0.7724329215672491,0.6590787359400108,0.8005855562784645,0.241973723061221,0.999999,0.2223734310515188,0.6336472404869512,6668,organoid_shRORB1
TCF4,0.9998385273696108,0.9998367613450864,0.9998402811052548,1.0,0.9996806132226126,1.0,0.989849840496,0.050851,0.9898497398305408,0.1089326478913764,6668,organoid_shRORB1
TCF7L1,0.3985144518004198,0.3982811152378198,0.3850090804028397,0.4312332913151766,0.3880199667221298,0.3820445609436435,-0.3997273904263843,0.999955,-0.4003316348593848,1.014296939809455,6668,organoid_shRORB1
TCF7L2,0.6949782011948975,0.6940691094822892,0.6733529310046689,0.7415672473256928,0.7111029948867786,0.6394088669950739,0.1476381429150534,1.0,0.1415503874246817,0.6861853548449306,6668,organoid_shRORB1
TEAD1,0.6802841918294849,0.6824228764890983,0.6254256526674233,0.7277701594303494,0.7699115044247787,0.5266008282892641,0.1482060674339578,0.999897,0.1400239384181923,0.6923047259519269,6668,organoid_shRORB1
TFDP1,1.0,1.0,1.0,1.0,1.0,1.0,0.982635612924,0.066221,0.9826356078109648,0.1264484272874888,6668,organoid_shRORB1
THRB,0.4635879218472469,0.4635802184580945,0.4667736757624398,0.4541575287861488,0.4646852029402365,0.4688810061270558,-0.4763173039526025,0.831308,-0.4792403696033065,0.950523023177638,6668,organoid_shRORB1
ZBTB20,0.6725335055708057,0.6727367066322912,0.6470588235294118,0.6881040211759405,0.7039000378644453,0.5987117552334944,0.0726703035570428,0.998832,0.0657041426887543,0.6817935336748554,6668,organoid_shRORB1
ZEB1,0.9996770547392216,0.9996931574102486,0.9996592844974448,1.0,0.9993188010899182,1.0,0.981997874416,0.068637,0.9819230127701086,0.1254409768460621,6668,organoid_shRORB1
ASCL1,0.6191466191466192,0.6183616062635415,0.5504265513614585,0.7140085674247167,0.666572318143221,0.46875,0.107855867341734,0.999993153100304,0.0941727226535888,0.6901255042641613,6668,organoid_shRORB2
BACH1,0.5866745866745867,0.5860530546718448,0.5702521873391663,0.6218392966047217,0.5726690097167666,0.5678556785567855,-0.1690150605085503,0.9964498408870264,-0.1691264704182875,0.8551013096019955,6668,organoid_shRORB2
BACH2,0.6038016038016037,0.60407333697047,0.5710610932475885,0.6815743990217054,0.6250586579070859,0.5256511444356748,0.0357150255884409,0.997162,-0.00388543277024,0.7525819974321125,6668,organoid_shRORB2
CREB1,0.999900999901,0.9999006754072308,0.999900665540876,1.0,1.0,0.9998013508144616,0.990812010684,0.049049,0.9908065603198338,0.105834453522065,6668,organoid_shRORB2
CUX2,0.8193248193248194,0.8215137396092551,0.8347967774056305,0.9217014642640736,0.7562735771690996,0.9315151515151516,0.5614860848906684,0.9900408638954636,0.5029873039377032,0.4301372568009706,6668,organoid_shRORB2
EGR1,0.7634887634887635,0.7656310315344403,0.7899410885430406,0.8856857712999779,0.7017653491641931,0.9034593724859212,0.4446760295846166,0.999778,0.357817899441071,0.5240850171303107,6668,organoid_shRORB2
EHF,0.3441243441243441,0.3442626309859252,0.3455497382198952,0.2886657792441965,0.3390191897654584,0.3523368251410153,-0.9733162254561544,0.881603,-0.973656114237254,1.263497300123764,6668,organoid_shRORB2
EPCAM,0.3986733986733987,0.3985499467154527,0.4079922027290448,0.4011462058971369,0.4060135790494665,0.4099902056807052,-0.6811605736536486,0.999114,-0.6816241211352743,1.2403788439605148,6668,organoid_shRORB2
ESR1,1.0,1.0,1.0,1.0,1.0,1.0,0.981530102784,0.068255,0.9815275172882798,0.1269059391132761,6668,organoid_shRORB2
ETS1,0.6762696762696763,0.6774231547998344,0.6744324970131422,0.712677719625904,0.6483537519142419,0.7026970954356846,0.0193155375092121,0.99521,0.0192945162162189,0.826596844319402,6668,organoid_shRORB2
FOS,0.7422037422037422,0.7422039730677324,0.7422292615323698,0.7751446199602753,0.7417886822318955,0.7426703645007924,0.244454621521217,0.9951176463900424,0.2309761551656183,0.6084723516254247,6668,organoid_shRORB2
FOXO3,0.5309375309375309,0.5311653790700087,0.540980430149196,0.5308024988024226,0.5253057384760113,0.5576193329338925,-0.2044668328647876,1.0,-0.2104736677728738,0.8899052191327184,6668,organoid_shRORB2
GRHL2,0.5205425205425206,0.5203819641883188,0.4975619877580662,0.5245677613951318,0.5205122639461689,0.4765500794912559,-0.291512083591861,0.999102,-0.2915126638773457,0.8749970589334771,6668,organoid_shRORB2
HES1,0.3329373329373329,0.3333831805895255,0.3571837435603892,0.2867836482702322,0.3412322274881517,0.3746997598078462,-1.3150916348744437,0.999999,-1.325401280073844,2.7080385662329745,6668,organoid_shRORB2
HSF2,0.7688347688347689,0.7686954118297402,0.7758902005950667,0.8536714967322567,0.7565038367958076,0.7962962962962963,0.4143820254365575,0.995795,0.413536589356665,0.4948961962798689,6668,organoid_shRORB2
ICAM1,0.4702504702504702,0.4700513771942343,0.4559227249618708,0.5092378971107385,0.4641821946169772,0.4479520479520479,-0.1707430105832719,1.0,-0.1713851722966732,0.8340943935522306,6668,organoid_shRORB2
JUN,0.6068706068706069,0.606955241140976,0.608807014087282,0.6628135999483097,0.6008166439821117,0.6170127795527156,0.0109709368261387,0.999832,0.008408676353433,0.7827429447498435,6668,organoid_shRORB2
JUNB,0.5247995247995249,0.5242357691339311,0.4772380744935743,0.503218317656672,0.5261767531219981,0.4366281387006775,-0.2874110105428971,0.99367,-0.2900540422099849,0.895479863163735,6668,organoid_shRORB2
JUND,0.9998019998019998,0.9998051821546854,0.999798752264037,1.0,0.9995975855130784,1.0,0.982394425404,0.066955,0.9823857399393646,0.1246361544593978,6668,organoid_shRORB2
KMT2A,0.5776655776655777,0.5772469214212624,0.6110503282275711,0.560693145776241,0.5687372708757638,0.6601654846335697,-0.1372829816896676,1.0,-0.1507637250874234,0.8615397693559889,6668,organoid_shRORB2
LMX1B,0.5208395208395208,0.520851723343574,0.5165801038753496,0.5015639708904531,0.5218970736629667,0.5113703776942852,-0.6428327461337355,0.999859,-0.6467218472004275,1.5288032253497357,6668,organoid_shRORB2
MEIS2,0.8547668547668548,0.8550441494836547,0.8554822185006403,0.9253515787122536,0.8385477018153727,0.873114820028152,0.6178630714349382,0.998695,0.6175791328562505,0.3677334869426242,6668,organoid_shRORB2
NCAM1,0.8387288387288387,0.8391043150532673,0.8460447972781401,0.9135497165601114,0.8041681638519583,0.8925224327018944,0.5795437113676951,1.0,0.5718906427777001,0.4561389214300058,6668,organoid_shRORB2
NFATC2,0.8633798633798634,0.863162304996121,0.8595276872964169,0.935052775628017,0.870336013193156,0.8489845163884979,0.6411755371042562,0.980336,0.6406889243581417,0.3533831137084127,6668,organoid_shRORB2
NFIA,0.5049005049005049,0.5012131237937689,0.4448884448884448,0.4627528421297376,0.4802300503235083,0.4143920595533499,-0.3396744364676334,1.0,-0.3399874732270667,1.1306339871174675,6668,organoid_shRORB2
NFIB,0.3015543015543016,0.303502927038779,0.2813486808597331,0.2607332416402481,0.3046547540260313,0.2613550340651022,-1.1411700188606306,0.999987,-1.1439198054071995,2.1738684751447575,6668,organoid_shRORB2
NFIX,0.6712206712206712,0.6710844844382079,0.6593496768899374,0.7233887302227522,0.6809322033898305,0.639093259097236,-0.0092590675192103,1.0,-0.0092688972719703,1.627624950636526,6668,organoid_shRORB2
NFKB1,0.4807444807444807,0.479508362245282,0.4253314342062014,0.4468274952632503,0.4681620839363242,0.3896807869905641,-0.5861231993428828,0.998729,-0.5866913568294818,1.1225413480906756,6668,organoid_shRORB2
NFYC,0.9998019998019998,0.9998021369212504,0.9998019017432648,1.0,0.9996038819568231,1.0,0.984175617975,0.064069,0.9841678735205622,0.1197079885243766,6668,organoid_shRORB2
NR6A1,0.9996039996039996,0.999607535321821,0.9996073812328228,1.0,1.0,0.999215070643642,0.985282185511,0.0619389999999999,0.9852728657375576,0.1200399108405798,6668,organoid_shRORB2
PBX1,0.3959013959013959,0.3927941999864769,0.479706684856753,0.3813852696022331,0.4278326996197719,0.5458955947991462,-0.3632068155642756,0.989422,-0.3756441475185732,1.050538462589295,6668,organoid_shRORB2
PKNOX2,0.6423126423126423,0.6423620201564009,0.6609103707179728,0.6771280872746204,0.6277411303262613,0.6977804201347602,-0.0769129350061128,0.998992,-0.1005155656577314,0.929492542814198,6668,organoid_shRORB2
PROX1,0.7669537669537669,0.7704607333621776,0.7321347291761493,0.917370054920377,0.8891652846876728,0.6222437137330754,0.5271548972993731,0.995093,0.5081442843799597,0.4368693484929703,6668,organoid_shRORB2
RBPJ,0.9996039996039996,0.9996052112120016,0.9996050552922592,1.0,1.0,0.9992104224240032,0.988757002911,0.0538049999999999,0.9887534782513198,0.1119406718302642,6668,organoid_shRORB2
REST,0.7308187308187308,0.730418506005738,0.7212711430035879,0.8002848427687216,0.7304817275747508,0.7122899372342579,0.1432902182606221,0.999836,0.142781783919721,0.8480859769644546,6668,organoid_shRORB2
RORA_RORB,0.5292545292545292,0.5350600628728525,0.578270509977827,0.5661398907222288,0.5065257924176507,0.6736929117586278,-0.3538357988078455,1.0,-0.4088873576965313,2.5795049821407794,6668,organoid_shRORB2
RUNX1,0.4748044748044748,0.4746871962642323,0.4499740798341109,0.4850196029633477,0.4709201388888889,0.4308119912646416,-0.2920789364970126,0.999907,-0.298838908315356,1.0437113027055054,6668,organoid_shRORB2
SIX1,0.6050886050886051,0.6050370039545947,0.5589828634604754,0.6700033723356509,0.6324743557668251,0.5007923930269413,-0.1327901838941976,0.999273,-0.1387740013391478,1.0666351677459942,6668,organoid_shRORB2
SIX4,0.654093654093654,0.6529735073498694,0.715750081353726,0.7535238183879089,0.6097020097020097,0.8664565688398661,0.2277945295996029,0.9999943480250544,0.2046769509606243,0.6261187341414872,6668,organoid_shRORB2
SMAD3,0.4962874962874963,0.4971350525383814,0.5243081525804039,0.500561340001239,0.4909823148310278,0.5624874623871615,-0.6250501836157185,0.9998706861041204,-0.6384308594626154,1.4721034242170126,6668,organoid_shRORB2
SOX11,0.6896346896346897,0.6892656730730247,0.6773695585057117,0.7624812584679495,0.6957716701902749,0.6599157810306797,0.210138238959352,0.995017,0.2059979840354698,0.6129353889072466,6668,organoid_shRORB2
SOX9,0.999009999009999,0.9989868287740628,0.9989858012170384,1.0,1.0,0.9979736575481256,0.981238123324,0.070447,0.9812347338725674,0.1274510555645232,6668,organoid_shRORB2
STAT1,0.999900999901,0.9999014972419228,0.9999005074121978,1.0,0.9998010346199762,1.0,0.981296155356,0.069477,0.981286350219974,0.1262880378091734,6668,organoid_shRORB2
STAT2,0.788931788931789,0.7879579815465281,0.7649911816578483,0.8080904123358142,0.8517427589592538,0.6942777110844338,0.3681519014425549,0.969203,0.3679581445011668,0.5203745719915415,6668,organoid_shRORB2
TBX15,0.6788436788436788,0.6811698185744337,0.7190855559404226,0.7660509115902792,0.631578947368421,0.8347406513872135,0.2031537858944758,0.999999,0.1295936548899843,0.6253460178819357,6668,organoid_shRORB2
TCF4,0.9998019998019998,0.999800796812749,0.9998032270759544,1.0,0.999606531575841,1.0,0.989849840496,0.050851,0.9898493513332112,0.1095689527002947,6668,organoid_shRORB2
TCF7L1,0.4465894465894466,0.4445334533453345,0.3766726137377341,0.4132513055227091,0.420358387257342,0.3412121212121212,-0.3268155533134622,0.999955,-0.3323968918815172,0.9078636428062536,6668,organoid_shRORB2
TCF7L2,0.65003465003465,0.6479909592657094,0.6050720589878226,0.6770339730362469,0.6764926305271046,0.5472918350848828,0.0622728299411635,1.0,0.0131420948807832,0.7252236526815997,6668,organoid_shRORB2
TEAD1,0.6719136719136719,0.6733246247014584,0.582093316519546,0.7306492613214501,0.8106779065683175,0.4540625614794413,0.164944320425621,0.994936927722632,0.1370673314333981,0.6457421620453857,6668,organoid_shRORB2
TFDP1,0.9998019998019998,0.9998043818466352,0.9997995991983968,1.0,0.999599278701663,1.0,0.982635612924,0.066221,0.9826323750631952,0.1243978144126779,6668,organoid_shRORB2
THRB,0.5778635778635779,0.5783083724086779,0.5735147029405882,0.5952373137667261,0.557890640202374,0.590039102696028,-0.149679242617128,0.831308,-0.1567158440680265,0.7878970806853476,6668,organoid_shRORB2
ZBTB20,0.7117117117117117,0.7109195747033156,0.6566037735849056,0.7294443660342887,0.8057887120115774,0.5540298507462686,0.2158570989227123,0.98624121468231,0.2127871230708674,0.5858159220483591,6668,organoid_shRORB2
ZEB1,0.9998019998019998,0.9998090509833876,0.9997944501541624,1.0,0.9995889847924372,1.0,0.981997874416,0.068637,0.9819518151025524,0.1246474052624013,6668,organoid_shRORB2
ASCL1,0.5239472257364901,0.5172857824944519,0.4177718832891247,0.5219224434493847,0.5048076923076923,0.3563348416289593,-0.3096695981703414,1.0,-0.3316769021487862,1.0289854328898185,6668,mets_compiled
BACH1,0.553587565515995,0.5533996541533093,0.5400372439478585,0.5590685972825137,0.5525914634146342,0.528040786598689,-0.3437344646488003,0.99678,-0.3438496587095179,1.044897222624034,6668,mets_compiled
BACH2,0.5252123621904934,0.5243833513757636,0.4878143887697407,0.524796036031892,0.5219023779724656,0.4579062957540263,-0.2777183336479352,0.997162,-0.3307539922894471,1.1167089547996238,6668,mets_compiled
CREB1,0.99945779866257,0.9994569152787836,0.999456620177504,1.0,1.0,0.998913830557567,0.990812010684,0.049049,0.9908080850730568,0.108081981275354,6668,mets_compiled
CUX2,0.5284655702150732,0.5331586022666103,0.5729251923391717,0.5544737250480922,0.507687844502466,0.6574004507888805,-0.1502702824297013,0.999841,-0.1696071748008585,0.8516827490549238,6668,mets_compiled
EGR1,0.5284655702150732,0.5377551656050689,0.610655126100582,0.5374522725940257,0.5058096415327565,0.7703313253012049,-0.1250398772124323,0.999778,-0.1715395101837706,0.8319114068975892,6668,mets_compiled
EHF,0.5673233327308874,0.567301649148692,0.5703517587939698,0.5642238846027103,0.5695340501792114,0.5711718188353703,-0.2079705043715964,0.881603,-0.2081258755787443,0.824279337881722,6668,mets_compiled
EPCAM,0.5443701427796855,0.5444295201675073,0.5427172138581534,0.5421848670968309,0.5369705671213209,0.5485881921525486,-0.3338036577230505,0.999114,-0.3410427382911838,1.0095932122236295,6668,mets_compiled
ESR1,0.9998192662208568,0.9998214285714286,0.9998170843241264,1.0,0.9996342355523044,1.0,0.981530102784,0.068255,0.9815273871668032,0.1274057914054427,6668,mets_compiled
ETS1,0.4859931321163925,0.485994270921135,0.4827209894507093,0.4775577318388592,0.479407514450867,0.4860805860805861,-0.6107711436204917,0.998883,-0.6132166549081206,1.2862738238480529,6668,mets_compiled
FOS,0.7923368877643232,0.7904833303241304,0.7743962301197722,0.8378404651442717,0.8121911037891268,0.7399624765478424,0.3509898279601788,0.993287,0.3491278828027137,0.5196026248571007,6668,mets_compiled
FOXO3,0.4471353696005783,0.4463954473375586,0.4129725580502782,0.4510251096385476,0.4331723027375201,0.3945727906123946,-0.6240819157184916,1.0,-0.6650150569372608,2.5465672405252513,6668,mets_compiled
GRHL2,0.4928610157238388,0.4924429746016391,0.4770778978755124,0.4896237957673756,0.4815650865312265,0.4726735598227474,-0.588585710290997,0.999102,-0.588858258137595,1.349813637425078,6668,mets_compiled
HES1,0.5832279052954997,0.5835141128215582,0.5948699929725931,0.6088076916543511,0.5740929128518142,0.6172074371126504,-0.1077114712807296,0.999999,-0.1084770242917725,0.9185783285147398,6668,mets_compiled
HSF2,0.5349719862642328,0.5350632949434605,0.5384753363228699,0.5552003381653875,0.5303886925795053,0.5468123861566484,-0.22319408440155,0.995795,-0.2232158367065018,0.8598516908686377,6668,mets_compiled
ICAM1,0.5056931140430146,0.503068213157458,0.4182088917251648,0.5093210314643954,0.4949647532729104,0.3620626151012891,-0.3246921379592808,1.0,-0.342248264281584,1.1546948170331446,6668,mets_compiled
JUN,0.7420928971624796,0.7429219225892472,0.7480134204485255,0.8196230768225252,0.716751269035533,0.7821270310192023,0.3106192513747243,0.999832,0.3030936084972184,0.6140072654364771,6668,mets_compiled
JUNB,0.6618470992228448,0.6632063622540008,0.6764655023344285,0.7551488205421031,0.6352711919454368,0.7233727810650887,0.2064696511755226,0.99367,0.1791492841878356,0.635690260677628,6668,mets_compiled
JUND,0.9998192662208568,0.9998213647731332,0.9998171512159444,1.0,0.99963436928702,1.0,0.982394425404,0.066955,0.9823907514839828,0.1256428781721071,6668,mets_compiled
KMT2A,0.4751491053677932,0.4763896191982028,0.4949565217391304,0.471779911167078,0.4664044575549,0.5272323082623194,-0.3530138684336878,1.0,-0.3700968627739962,1.172355637943745,6668,mets_compiled
LMX1B,0.5087655882884511,0.5087648536190266,0.5067150635208711,0.5347626230119937,0.5087463556851312,0.5046999276934201,-0.399535356342372,0.999859,-0.3999878426519336,1.129046428018659,6668,mets_compiled
MEIS2,0.5814205675040666,0.5814860190350737,0.5825522710886806,0.6094651335107988,0.5887067395264116,0.5765251516232608,-0.1521234466683831,0.998695,-0.1527018389440779,0.8884334695662296,6668,mets_compiled
NCAM1,0.4549069221037412,0.4548560008989327,0.5018169805087546,0.4372559292978917,0.4622641509433962,0.548771676300578,-0.4889354712540481,1.0,-0.5041019720825892,1.4779613355829857,6668,mets_compiled
NFATC2,0.5400325320802458,0.5399474587371803,0.5336265347260399,0.5633217086050692,0.5352941176470588,0.5319693094629157,-0.2937661794992332,0.980336,-0.2955559778547993,0.9360036882405184,6668,mets_compiled
NFIA,0.6040122898969817,0.602501721652839,0.5398025624868725,0.619436970518247,0.6342546890424482,0.469835466179159,-0.0958626239955742,1.0,-0.1050881765700866,1.3333009567104936,6668,mets_compiled
NFIB,0.5432857401048256,0.5453821976528399,0.4740894901144641,0.5831933662667608,0.5703555332999499,0.4056267806267806,-0.1234413996569265,0.999987,-0.1277204687250206,0.8673315233479454,6668,mets_compiled
NFIX,0.4928610157238388,0.4928103576006303,0.5126780131990274,0.4743481748896911,0.4939759036144578,0.5328519855595668,-0.4184480389186531,1.0,-0.418926987526778,1.259886630451795,6668,mets_compiled
NFKB1,0.5391288631845292,0.538033321833132,0.4956487341772151,0.5417557932263815,0.5382302405498282,0.4593108504398827,-0.411149561655409,0.998729,-0.4147985721860476,1.1521085561213864,6668,mets_compiled
NFYC,1.0,1.0,1.0,1.0,1.0,1.0,0.984175617975,0.064069,0.9841637691674826,0.123265252775251,6668,mets_compiled
NR6A1,1.0,1.0,1.0,1.0,1.0,1.0,0.985282185511,0.0619389999999999,0.9852794232418804,0.1190672329057,6668,mets_compiled
PBX1,0.5861196457617929,0.5906143368815587,0.6304067140090381,0.6433054450767981,0.5549872122762148,0.72954800149421,0.0140094802717114,0.989422,-0.00119669519265,0.729102236319085,6668,mets_compiled
PKNOX2,0.5416591360925357,0.5433561366368721,0.5956632653061225,0.5480480633526736,0.5278327211076576,0.6834979875594585,-0.3300410952980133,0.998992,-0.4023426255168842,1.1240492404112288,6668,mets_compiled
PROX1,0.5711187420928971,0.5661529790213886,0.4576,0.5827973713194341,0.5961882072662299,0.3712908011869436,-0.3047060665026631,0.995093,-0.3239392126055009,1.0906843295728337,6668,mets_compiled
RBPJ,1.0,1.0,1.0,1.0,1.0,1.0,0.988757002911,0.0538049999999999,0.988755981630606,0.1116489023552499,6668,mets_compiled
REST,0.589553587565516,0.5879405217968676,0.5451632285199279,0.6100086003291129,0.5974539069359087,0.5012891344383057,-0.3318147351985328,0.999836,-0.3320937203117933,1.212817384896673,6668,mets_compiled
RORA_RORB,0.4644858123983372,0.4671315480757513,0.5067421341767937,0.4604334325491777,0.4591251885369532,0.5653789004457652,-0.6081095067222975,1.0,-0.6494809908686765,2.2976855125707267,6668,mets_compiled
RUNX1,0.5333453822519428,0.5341288976790326,0.572658060244952,0.5604904001246045,0.5245603395997575,0.630466472303207,-0.1574376522881513,1.0,-0.1873677287537751,0.9099018161774948,6668,mets_compiled
SIX1,0.5537682992951383,0.55243782320591,0.4636106886812948,0.5930143096525605,0.5739644970414202,0.3888483965014577,-0.1749200044798855,0.999273,-0.1870749539346559,0.9711723514323412,6668,mets_compiled
SIX4,0.5470811494668354,0.5481612926913465,0.6337328266588717,0.6190604238710131,0.5303326810176126,0.7872185911401598,-0.0357490059642682,1.0,-0.0635219336936374,0.9336207092589376,6668,mets_compiled
SMAD3,0.5123802638713175,0.5126938954788006,0.5136986301369864,0.5266945020353633,0.5012310939148786,0.5268022181146026,-0.4698568051493161,0.999995,-0.4781188140991692,1.2304756982711866,6668,mets_compiled
SOX11,0.5694921380806073,0.5684394529507097,0.5471482889733841,0.6048237236480456,0.5538876058506543,0.5405709992486852,-0.1757342711155607,0.995017,-0.1774900952926281,0.8954838185337318,6668,mets_compiled
SOX9,0.9992770648834268,0.999252895031752,0.999252336448598,1.0,1.0,0.998505790063504,0.981238123324,0.070447,0.981237324540814,0.1249857061905259,6668,mets_compiled
STAT1,0.9998192662208568,0.9998205312275664,0.999818016378526,1.0,0.9996360989810772,1.0,0.981296155356,0.069477,0.9812865698865564,0.126529223126797,6668,mets_compiled
STAT2,0.4695463582143502,0.4694651551144248,0.461961503208066,0.488749794199967,0.4649446494464944,0.4590163934426229,-0.3505586836648247,0.969203,-0.3527163288317734,0.8997445787576345,6668,mets_compiled
TBX15,0.4915958792698355,0.4917038173284972,0.575908337102367,0.5096467377102301,0.4937952430196484,0.6907775768535263,-0.3389665792269716,1.0,-0.3784638774291808,1.6308253196745586,6668,mets_compiled
TCF4,0.9998192662208568,0.9998187092095722,0.9998198522788688,1.0,0.9996397694524496,1.0,0.989849840496,0.050851,0.9898495652101004,0.1069252237170618,6668,mets_compiled
TCF7L1,0.5096692571841677,0.5094305318408904,0.442113921447666,0.4802607097518361,0.5114176974310181,0.3893516841724013,-0.3336185190989575,0.999999,-0.3380376989072313,1.0119118787904653,6668,mets_compiled
TCF7L2,0.5225013555033435,0.5201006007690954,0.4739147749900438,0.5355271724615629,0.507895860008536,0.4441955953714072,-0.2155185784347597,1.0,-0.223074849686945,1.0329345360846705,6668,mets_compiled
TEAD1,0.5864811133200796,0.5830907004256557,0.542765787370104,0.5966222014350977,0.5703485930281395,0.5177277926038887,-0.2455495152493063,0.999897,-0.2458633707571971,1.014710792507612,6668,mets_compiled
TFDP1,0.9998192662208568,0.9998225062122824,0.999815939628198,1.0,0.999631947000368,1.0,0.982635612924,0.066221,0.982630057461528,0.1227558421370774,6668,mets_compiled
THRB,0.5694921380806073,0.5695514016688725,0.5691027496382055,0.5863402883624267,0.5633954154727794,0.5749269005847953,-0.1608515690735532,0.831308,-0.1643286226686262,0.7956251608741087,6668,mets_compiled
ZBTB20,0.6303994216519068,0.6306249429956297,0.622902452517057,0.6508977224647003,0.6417173252279635,0.6051594410605518,-0.0469555009466569,0.99946,-0.0470585348677774,0.8115397442835313,6668,mets_compiled
ZEB1,0.9998192662208568,0.9998228206945428,0.9998156002212796,1.0,0.999631268436578,1.0,0.981997874416,0.068637,0.981969196574118,0.1252350270216959,6668,mets_compiled
