"","TKO_final_arc.active.ident"
"AAACAGCCACAGGGAC-2","Generalist NE"
"AAACAGCCACCTATAG-1","Neuroendocrine2"
"AAACAGCCATGCATAT-2","Generalist NE"
"AAACATGCAAGGTAAC-2","Generalist NE"
"AAACATGCAATGAAGC-1","Stress"
"AAACATGCACCTAAGC-2","Generalist NE"
"AAACATGCAGCCTAAC-2","Neuroendocrine2"
"AAACATGCATTAAGTC-1","Generalist nonNE"
"AAACCAACAAGCTTAT-2","nonNE1"
"AAACCAACACAGGAAT-2","Generalist nonNE"
"AAACCAACACATTGCA-2","Neuroendocrine1"
"AAACCAACAGCTTACA-1","Generalist NE"
"AAACCAACAGCTTAGC-2","Generalist NE"
"AAACCAACATTAGCGC-1","Generalist NE"
"AAACCAACATTATGAC-2","Generalist NE"
"AAACCGAAGCGGGCAA-1","Generalist nonNE"
"AAACCGAAGGAATAAC-2","Generalist NE"
"AAACCGCGTCAGTAAT-2","Generalist NE"
"AAACCGCGTCCCGAAG-2","Generalist nonNE"
"AAACCGCGTTAGGACC-2","Generalist NE"
"AAACCGGCACCCTCAC-1","Generalist NE"
"AAACCGGCACCTCACC-1","Generalist NE"
"AAACCGGCAGAGAGCC-1","nonNE1"
"AAACCGGCAGATTCAT-1","Generalist NE"
"AAACCGGCAGCCTAAC-1","Generalist NE"
"AAACCGGCATTAAACC-1","Generalist nonNE"
"AAACGCGCAACACCTA-1","Generalist NE"
"AAACGCGCAAGCTACC-1","Generalist nonNE"
"AAACGCGCAATTGCGC-1","Generalist NE"
"AAACGCGCACCTGCTC-1","Generalist NE"
"AAACGCGCACTGGCTG-1","Generalist NE"
"AAACGCGCAGTAGGAT-2","Generalist NE"
"AAACGCGCATTCAGCA-1","Generalist NE"
"AAACGCGCATTGTCAG-2","Generalist NE"
"AAACGGATCAATTGGC-1","Generalist NE"
"AAACGGATCATGTTTC-2","Generalist NE"
"AAACGGATCATTACTC-2","Generalist NE"
"AAACGGATCCACCTGT-2","Neuroendocrine2"
"AAACGGATCCCTGACT-1","Intermediate"
"AAACGGATCCTCCCTC-2","Neuroendocrine2"
"AAACGGATCGATTATG-2","Generalist NE"
"AAACGGATCGCTATGG-2","nonNE1"
"AAACGTACAACAACAA-2","Generalist NE"
"AAACGTACACAATACT-1","nonNE1"
"AAACGTACACCCACAG-2","Generalist NE"
"AAACGTACAGCAAATA-2","Generalist NE"
"AAACGTACAGGACCAA-1","Generalist nonNE"
"AAACGTACATGGTTAT-2","Generalist NE"
"AAACGTACATTGTCAG-1","Generalist NE"
"AAAGCAAGTAATTAGC-1","Generalist NE"
"AAAGCAAGTATTGCAG-1","Generalist NE"
"AAAGCAAGTGTCCAGG-1","nonNE1"
"AAAGCACCAACAGGAT-1","Generalist NE"
"AAAGCACCAATTGCGC-2","Neuroendocrine1"
"AAAGCACCACAACCTA-2","Generalist NE"
"AAAGCACCATAGACCC-1","Generalist nonNE"
"AAAGCCCGTCACACCC-1","Intermediate"
"AAAGCCCGTCACGAAC-1","Generalist nonNE"
"AAAGCCGCACCCACCT-1","Generalist NE"
"AAAGCCGCACCTGTAA-1","Generalist NE"
"AAAGCCGCAGCCAGAA-2","Generalist nonNE"
"AAAGCCGCAGTTTACG-2","Generalist NE"
"AAAGCGGGTACCGAAC-2","Generalist NE"
"AAAGCGGGTCAAGTAT-1","Neuroendocrine2"
"AAAGCGGGTCTCACTG-2","Generalist NE"
"AAAGCGGGTGGTTAGC-2","Generalist NE"
"AAAGCGGGTTAACACG-1","nonNE1"
"AAAGCTTGTCCTAAGA-1","Generalist NE"
"AAAGCTTGTTAACGGC-2","Generalist NE"
"AAAGCTTGTTTAACGG-2","Generalist NE"
"AAAGGACGTAACGAGG-1","Generalist NE"
"AAAGGACGTAGACAAA-2","Generalist NE"
"AAAGGACGTGCATTAG-1","nonNE1"
"AAAGGACGTTAAGCCA-1","Generalist NE"
"AAAGGACGTTACGCGG-1","Generalist nonNE"
"AAAGGACGTTCGGTAA-2","Generalist NE"
"AAAGGACGTTGAGGTC-1","Generalist NE"
"AAAGGACGTTGGATAT-1","Generalist NE"
"AAAGGACGTTTGTGGA-2","Generalist NE"
"AAAGGAGCAACCTAAT-1","Generalist NE"
"AAAGGAGCAAGGTACG-2","Generalist nonNE"
"AAAGGAGCACGTAAGG-2","Generalist NE"
"AAAGGAGCAGGATGGC-1","Generalist nonNE"
"AAAGGAGCAGGCTACT-2","Generalist NE"
"AAAGGAGCAGTGAACG-2","Generalist NE"
"AAAGGAGCATAAACCT-2","Neuroendocrine1"
"AAAGGAGCATCCTGAA-1","Generalist NE"
"AAAGGAGCATGAATAG-1","Intermediate"
"AAAGGCTCAAGCCAGA-1","nonNE1"
"AAAGGCTCACTGACCG-2","Generalist NE"
"AAAGGCTCAGCACGTT-2","Neuroendocrine2"
"AAAGGCTCAGTGAACG-2","Generalist NE"
"AAAGGCTCATCGCTTT-1","Generalist NE"
"AAAGGCTCATTGTTGG-2","Generalist NE"
"AAAGGCTCATTTAAGC-2","Generalist NE"
"AAAGGTTAGCACAGGG-1","Generalist NE"
"AAAGGTTAGCAGGCCT-2","Generalist NE"
"AAAGGTTAGCCTGACA-1","Generalist NE"
"AAAGGTTAGCTTTGGG-1","Generalist NE"
"AAAGGTTAGGGTCTAT-2","nonNE1"
"AAAGGTTAGTATTGGC-1","Generalist nonNE"
"AAAGGTTAGTTGGGCC-1","Generalist NE"
"AAATCCGGTAAACAAG-1","Generalist NE"
"AAATCCGGTATTGTCC-1","Generalist NE"
"AAATCCGGTCATTACC-1","Generalist nonNE"
"AAATCCGGTTGTTGCT-2","Neuroendocrine2"
"AAATGCCTCCCATAAA-1","Generalist NE"
"AAATGCCTCCCGCATT-2","Generalist nonNE"
"AAATGCCTCCCGTTAC-1","Generalist NE"
"AAATGCCTCCCTGACT-1","Generalist NE"
"AAATGCCTCGACCTGA-2","Generalist NE"
"AAATGCCTCTCACACC-2","Generalist NE"
"AAATGGCCACTAGGTC-1","Generalist NE"
"AAATGGCCAGGCTAGA-1","Intermediate"
"AAATGGCCATTGTCAG-2","Generalist NE"
"AAATGGCCATTGTGAT-1","Generalist nonNE"
"AACAAAGGTAAATTGC-1","Generalist NE"
"AACAAAGGTTAAGCGC-2","Generalist NE"
"AACAAAGGTTACAACG-2","Generalist NE"
"AACAAAGGTTCCTGAT-1","Generalist NE"
"AACAAAGGTTGGTTGA-1","Generalist nonNE"
"AACAAAGGTTTGACCT-2","Generalist NE"
"AACAAGCCAAGGTAAC-2","Generalist NE"
"AACAAGCCACTAGCGT-2","Neuroendocrine1"
"AACAAGCCAGAAATTG-1","Generalist NE"
"AACAAGCCAGCAAGGC-1","Generalist NE"
"AACAAGCCAGCTTAGC-2","Neuroendocrine1"
"AACAAGCCATAATCAC-1","Generalist NE"
"AACAGATAGCAGGCCT-2","Generalist NE"
"AACAGATAGCTTCTCA-1","Generalist nonNE"
"AACAGATAGGACCTGC-2","Generalist NE"
"AACAGATAGGAGGTTA-2","Generalist NE"
"AACAGATAGGTCGATT-1","Generalist nonNE"
"AACAGATAGTCATCCC-2","Generalist NE"
"AACAGATAGTTTGCGG-2","nonNE1"
"AACAGCAAGATGGACA-1","nonNE1"
"AACAGCAAGCACGATT-1","Generalist NE"
"AACAGCAAGCATGCAT-2","Intermediate"
"AACAGCAAGTAAAGGT-2","Neuroendocrine2"
"AACAGCAAGTCGCTAG-1","Generalist NE"
"AACAGCAAGTTAGTTG-2","Generalist NE"
"AACAGGATCAGGTCCA-2","Neuroendocrine2"
"AACAGGATCATAATCG-1","Generalist NE"
"AACAGGATCCCAGTAG-2","Generalist NE"
"AACAGGATCGGTCAGC-2","Generalist nonNE"
"AACATAGCAAATTGCT-1","Generalist NE"
"AACATAGCACTGACTA-1","Generalist NE"
"AACATAGCAGCCTGCA-1","Generalist nonNE"
"AACATAGCAGTTTCTC-1","Generalist NE"
"AACATAGCATGAAATG-1","Generalist nonNE"
"AACATCATCAAGTGTC-2","Generalist nonNE"
"AACATCATCGAGGAGT-2","Generalist NE"
"AACATCATCTAAGTCA-2","Generalist NE"
"AACATTGTCAAATCGC-1","Generalist NE"
"AACATTGTCATTTGTC-2","Generalist NE"
"AACATTGTCCGCCTCA-1","Generalist nonNE"
"AACATTGTCGATTCTT-2","Neuroendocrine2"
"AACATTGTCTAGCGAT-2","nonNE1"
"AACATTGTCTGTGAGT-2","Intermediate"
"AACCCGCAGAACCTGT-1","Generalist NE"
"AACCCGCAGACACCGC-1","Neuroendocrine2"
"AACCCGCAGCAACATC-2","Neuroendocrine2"
"AACCCGCAGCTGTCAG-2","Neuroendocrine2"
"AACCCGCAGTCTCACC-1","nonNE1"
"AACCGCTCAAACTAAG-1","Generalist NE"
"AACCGCTCAACCCTAA-1","Generalist nonNE"
"AACCGCTCAATCCTAG-2","Generalist NE"
"AACCGCTCACACTAAT-1","Generalist nonNE"
"AACCGCTCACCACAAC-2","Neuroendocrine1"
"AACCGCTCAGCAAATA-2","Neuroendocrine2"
"AACCGCTCAGGAAGCC-2","Generalist NE"
"AACCGCTCAGGCTACT-2","Neuroendocrine2"
"AACCGCTCAGTATGTT-2","Generalist NE"
"AACCGGCTCAATCATG-1","Generalist NE"
"AACCGGCTCAATGACC-1","Generalist NE"
"AACCGGCTCATAAGCC-2","Generalist NE"
"AACCGGCTCATGCGTG-1","Generalist NE"
"AACCGGCTCGCTAAGT-1","Generalist NE"
"AACCGGCTCGGTTACG-2","Generalist NE"
"AACCGGCTCTATCGCC-2","Intermediate"
"AACCTAATCAATCATG-1","Generalist NE"
"AACCTAATCAATTGGC-1","Generalist NE"
"AACCTAATCACTAGGT-1","Generalist nonNE"
"AACCTAATCATCCTAT-2","Generalist NE"
"AACCTAATCCAACTGG-2","Generalist NE"
"AACCTAATCCCTCAGT-2","Generalist nonNE"
"AACCTAATCCTAACGG-1","Generalist nonNE"
"AACCTAATCCTTCGTA-2","Generalist NE"
"AACCTAATCGATTTGA-1","Generalist nonNE"
"AACCTAATCGGGCCAT-2","Intermediate"
"AACCTAATCTTGCAAA-1","nonNE1"
"AACCTCACAAACCTAT-2","Intermediate"
"AACCTCACAAAGGCCA-1","Generalist NE"
"AACCTCACAACTAGGG-1","Generalist NE"
"AACCTCACAGCACGAA-2","nonNE1"
"AACCTCACAGGACCAA-2","Generalist nonNE"
"AACCTCACAGGGAGCT-1","Stress"
"AACCTCCTCCTAATAG-1","Generalist nonNE"
"AACCTCCTCCTCGATC-2","nonNE1"
"AACCTCCTCTCAATAG-1","Generalist nonNE"
"AACCTCCTCTCACACC-2","Generalist NE"
"AACCTCCTCTCTAGCC-2","Generalist NE"
"AACCTTAAGCCACAAT-1","Neuroendocrine2"
"AACCTTAAGTAGCCAT-2","Generalist nonNE"
"AACCTTGCAAAGCTAA-1","Generalist nonNE"
"AACCTTGCAGCTCAAC-2","Neuroendocrine2"
"AACCTTGCAGTTAGCC-2","Generalist NE"
"AACGACAAGCACAGCC-1","Generalist nonNE"
"AACGACAAGCGCTCAA-2","nonNE1"
"AACGACAAGTTATGGC-2","Generalist NE"
"AACGCCCAGAGGGACT-2","Generalist NE"
"AACGCCCAGCGGGCAA-2","Generalist NE"
"AACGCCCAGGAACACA-1","Generalist nonNE"
"AACGCCCAGGACCTTG-1","nonNE1"
"AACGCCCAGGAGCATA-2","Generalist NE"
"AACGCCCAGGCCCAGT-2","Generalist NE"
"AACGCCCAGGCGCACT-1","Generalist NE"
"AACGCCCAGGCTGTGC-1","nonNE1"
"AACGCCCAGGGCTTTG-1","Generalist nonNE"
"AACGCCCAGTAACTCA-1","Neuroendocrine2"
"AACGCCCAGTAGCCAT-2","Generalist NE"
"AACGCCCAGTTATCTC-1","Generalist NE"
"AACGCTAGTATTGCAG-2","Generalist NE"
"AACGCTAGTCCTAAGA-1","Generalist NE"
"AACGCTAGTTCCTGTG-2","Generalist NE"
"AACGGTAAGGACAATG-1","Intermediate"
"AACGGTAAGTAGGATG-2","Generalist nonNE"
"AACTACTCACAATTAC-2","Generalist NE"
"AACTACTCATGTCAGC-1","Generalist nonNE"
"AACTAGCTCTTTAGGA-2","Generalist NE"
"AACTAGTGTCTAACAG-1","nonNE1"
"AACTAGTGTTTGCGCC-1","Generalist NE"
"AACTCACAGAACCTGT-2","Generalist NE"
"AACTCACAGACAGGTA-1","nonNE1"
"AACTCACAGCCTCTCG-1","Generalist NE"
"AACTCACAGTACTGGT-2","Generalist nonNE"
"AACTGTTCAATCCTGA-1","Generalist NE"
"AACTGTTCACTAAGCC-1","nonNE1"
"AACTGTTCAGCAGGTA-1","nonNE1"
"AACTGTTCATCCTAGA-2","Generalist NE"
"AACTGTTCATTATGAC-1","Neuroendocrine1"
"AACTGTTCATTGACAT-1","Generalist NE"
"AACTTAGTCCTAATTC-1","nonNE1"
"AACTTAGTCGTTACAA-1","Generalist nonNE"
"AACTTAGTCTCACACC-1","Generalist NE"
"AACTTAGTCTTTGACT-1","Generalist NE"
"AAGAACAGTATTGTGG-1","Generalist NE"
"AAGAACAGTCACAAAT-1","Generalist NE"
"AAGAACAGTCCTAACT-1","Generalist NE"
"AAGAACAGTGCTCCAC-1","Generalist nonNE"
"AAGAACAGTGTTGTAG-1","Generalist NE"
"AAGAATCAGCAGGCCT-1","Generalist NE"
"AAGAATCAGGACAATG-1","nonNE1"
"AAGAATCAGGCATGAA-1","nonNE1"
"AAGAATCAGTAGCTTA-1","Generalist NE"
"AAGACAAGTGCCGCAA-2","Generalist nonNE"
"AAGACAAGTGTTGTGA-2","Generalist NE"
"AAGACAAGTTCCGCAC-2","nonNE1"
"AAGACATAGACAAGTG-2","Generalist nonNE"
"AAGACATAGAGGCTAA-2","Generalist NE"
"AAGACATAGCGGATAA-2","Generalist NE"
"AAGACATAGCTGGCTA-2","Generalist NE"
"AAGACATAGGAAGCTA-1","Generalist nonNE"
"AAGACATAGGACAACA-1","Generalist nonNE"
"AAGACATAGGCTGGCT-2","Generalist NE"
"AAGACATAGGGTGAGT-2","Generalist nonNE"
"AAGACATAGGTCAAAG-2","nonNE1"
"AAGACCAAGGAACGCG-2","nonNE1"
"AAGACCAAGGGCTAAA-2","Generalist NE"
"AAGCAAGTCCCTGTTA-2","Generalist NE"
"AAGCAAGTCGGGACTC-2","Generalist NE"
"AAGCATGAGACAAAGT-1","Generalist NE"
"AAGCATGAGCCTGATG-2","Generalist NE"
"AAGCATGAGCCTGGTA-1","Stress"
"AAGCATGAGCGTGCGT-2","Generalist NE"
"AAGCATGAGGGTGAAC-2","Generalist NE"
"AAGCATGAGGTGCTGC-1","Generalist nonNE"
"AAGCCACGTCACAGCG-2","Generalist NE"
"AAGCCACGTGGATTAT-1","Generalist NE"
"AAGCCACGTGTTAGCA-1","Generalist NE"
"AAGCCACGTTAGGATT-1","Generalist nonNE"
"AAGCCTCCAAATGCCC-1","nonNE1"
"AAGCCTCCACATTAAC-1","Generalist nonNE"
"AAGCCTCCACCAACCG-1","Intermediate"
"AAGCCTCCACTGGCTG-2","Generalist NE"
"AAGCCTCCACTTCATC-2","Generalist NE"
"AAGCCTGTCCGGTTGA-2","Neuroendocrine1"
"AAGCCTGTCGGCCAGT-2","Generalist nonNE"
"AAGCCTTAGACTATTG-1","nonNE1"
"AAGCCTTAGCTATGAC-1","nonNE1"
"AAGCCTTAGGACCTGC-1","Generalist NE"
"AAGCCTTAGGAGTCGG-1","Generalist nonNE"
"AAGCCTTAGGATCCGC-1","Generalist NE"
"AAGCCTTAGGGATTAG-1","Intermediate"
"AAGCCTTAGGTCGATT-1","Generalist NE"
"AAGCCTTAGTGGACAA-2","Generalist NE"
"AAGCGAATCACAGACT-2","Intermediate"
"AAGCGAATCAGCATTA-1","Generalist NE"
"AAGCGAATCCCTGACT-2","Generalist NE"
"AAGCGAATCCTAATGA-2","Generalist NE"
"AAGCGAATCCTAGTCC-2","Generalist NE"
"AAGCGAATCTTAGGGT-1","Generalist NE"
"AAGCGAGGTGTTTCAC-2","Generalist nonNE"
"AAGCGAGGTTGCGCGA-2","Generalist NE"
"AAGCGCTGTACCGAAC-1","nonNE1"
"AAGCGCTGTATCTGGA-2","Neuroendocrine2"
"AAGCGCTGTCGAAGTC-1","Generalist nonNE"
"AAGCGCTGTCTCAGCC-1","Generalist NE"
"AAGCGCTGTCTTTATG-2","Generalist NE"
"AAGCGCTGTGAGGTGA-1","Neuroendocrine2"
"AAGCGCTGTTAGCTGA-2","Generalist NE"
"AAGCGGGTCACACAGT-2","Neuroendocrine2"
"AAGCGGGTCCAGGGAG-1","Generalist nonNE"
"AAGCGGGTCCCTCGCA-2","Generalist nonNE"
"AAGCGGGTCGCTAGTG-1","Generalist NE"
"AAGCGTTTCACACAGT-1","Generalist NE"
"AAGCGTTTCCGCACAA-1","Generalist nonNE"
"AAGCGTTTCGCTCACT-2","Generalist NE"
"AAGCGTTTCTAAGGTC-1","nonNE1"
"AAGCTAGAGAATCTCA-2","Generalist NE"
"AAGCTAGAGCACAGGG-2","Generalist NE"
"AAGCTAGAGCGATACT-1","Neuroendocrine2"
"AAGCTAGAGCTAATTG-2","Generalist NE"
"AAGCTAGAGCTTGCTC-1","nonNE1"
"AAGCTAGAGTAGCTTA-2","Generalist NE"
"AAGCTATGTGTCCAAA-2","Generalist NE"
"AAGCTATGTTAGCGTA-2","Generalist NE"
"AAGCTATGTTCACCCA-2","Generalist NE"
"AAGCTATGTTCCTGTG-1","Stress"
"AAGCTATGTTTATTCG-1","Generalist NE"
"AAGCTATGTTTGTTGC-2","Generalist nonNE"
"AAGCTCCCAAGTGTTT-1","Generalist nonNE"
"AAGCTCCCAATCCCTT-2","Generalist NE"
"AAGCTTGGTATTTGGG-2","Generalist NE"
"AAGCTTGGTCCTAACT-1","Generalist nonNE"
"AAGCTTGGTGAGCACT-2","Generalist NE"
"AAGCTTGGTGGTTCTT-2","Generalist NE"
"AAGCTTGGTTAAGCCA-1","Generalist NE"
"AAGCTTGGTTGAAGCC-2","Generalist NE"
"AAGCTTGGTTGGATCA-2","nonNE1"
"AAGGAAGCAAACCTAT-1","nonNE1"
"AAGGAAGCATAGACTT-2","nonNE1"
"AAGGATCCATAGCTGC-1","Generalist NE"
"AAGGATCCATGGCCCA-1","Generalist NE"
"AAGGATGTCCTCCATA-1","Generalist NE"
"AAGGATGTCTTAGGAC-2","Generalist NE"
"AAGGATGTCTTAGGGT-1","nonNE1"
"AAGGATTAGGCAAGTA-1","Generalist nonNE"
"AAGGATTAGGCGCTAC-2","Generalist NE"
"AAGGCCCTCGATTATG-2","Generalist NE"
"AAGGTATAGCATTTCT-1","Generalist NE"
"AAGGTATAGCTCAAAC-2","Generalist NE"
"AAGGTATAGGAGCAAC-2","Generalist NE"
"AAGGTCAAGCACAGCC-1","Generalist NE"
"AAGGTCAAGGCAACAA-2","Generalist NE"
"AAGGTCAAGTTAGTGC-1","Generalist NE"
"AAGGTGCAGAAAGGAA-1","Generalist NE"
"AAGGTGCAGAAGGTGC-1","Generalist NE"
"AAGGTGCAGCCGCAAC-2","Generalist NE"
"AAGGTGCAGCCTCTGT-2","Generalist NE"
"AAGGTGCAGCCTGATG-2","Neuroendocrine1"
"AAGGTGCAGCGCAATT-2","Stress"
"AAGGTGCAGGCGGGTA-2","Generalist NE"
"AAGGTGCAGGTCCTGA-1","Generalist nonNE"
"AAGTAGCCAAGTTATC-1","Generalist NE"
"AAGTAGCCACCTCACC-1","Generalist NE"
"AAGTAGCCAGGTTAAA-1","Generalist nonNE"
"AAGTAGCCATAGCGGA-1","Generalist NE"
"AAGTAGCCATCATGGC-2","Neuroendocrine1"
"AAGTAGCCATTGTTGG-2","Generalist NE"
"AAGTAGCCATTTAAGC-2","nonNE2"
"AAGTAGCCATTTGCTC-1","Generalist nonNE"
"AAGTCTATCCATTACT-2","Generalist NE"
"AAGTCTATCCGTAAAC-1","Neuroendocrine2"
"AAGTCTATCGAGGAGT-2","Generalist NE"
"AAGTCTATCGTTAGTA-2","Generalist NE"
"AAGTGAAGTGATTACG-2","Generalist nonNE"
"AAGTGAAGTTAACAGT-1","Generalist nonNE"
"AAGTGAAGTTTGCTGT-2","Generalist NE"
"AAGTGCAAGGACCTCA-2","Generalist NE"
"AAGTGCAAGGTGCTGC-1","Generalist NE"
"AAGTGTTGTCATTACC-2","Generalist NE"
"AAGTGTTGTGAGCAAG-2","Generalist NE"
"AAGTGTTGTTTGGTTC-2","Neuroendocrine2"
"AAGTTACGTACCGGAT-2","Generalist NE"
"AAGTTACGTATTGTGG-1","Generalist NE"
"AAGTTACGTTCCTCCT-1","Intermediate"
"AAGTTAGCACAGGAAT-1","nonNE1"
"AAGTTAGCACATGCTA-1","Generalist NE"
"AAGTTAGCAGAAACGT-2","Generalist NE"
"AAGTTAGCATTGTTGG-1","Generalist nonNE"
"AAGTTTGTCATGCTTT-1","Generalist NE"
"AAGTTTGTCCCGCCTA-2","Generalist NE"
"AAGTTTGTCCTTCTAG-1","Generalist nonNE"
"AAGTTTGTCGCTAGAT-2","Generalist NE"
"AAGTTTGTCGGCTATG-1","Generalist NE"
"AAGTTTGTCTGGCATG-1","Generalist NE"
"AATAACCGTCACAAAT-1","Generalist NE"
"AATAACCGTGCAACTA-2","Generalist NE"
"AATAACCGTGGTTCTT-1","Generalist NE"
"AATAACCGTTCGCGCT-1","Generalist NE"
"AATAACCGTTGCTGGG-2","Stress"
"AATAACCGTTGTTGCT-1","Generalist NE"
"AATACCGGTAAGCTTG-2","Generalist NE"
"AATACCGGTGTAATAC-1","Generalist NE"
"AATACCGGTTCGCGCT-1","Generalist NE"
"AATACCGGTTGTAAAC-1","Generalist NE"
"AATACCGGTTGTTGCT-1","Generalist NE"
"AATACCGGTTTGTCTA-1","Generalist NE"
"AATAGAGGTCATTGAG-2","Generalist nonNE"
"AATAGAGGTGGCTTCC-1","Generalist NE"
"AATAGAGGTTGAGGTC-2","Generalist NE"
"AATAGCTGTAATTAGC-2","Generalist NE"
"AATAGCTGTATTTGGG-1","nonNE1"
"AATAGCTGTGATTTGG-2","nonNE1"
"AATAGCTGTTAGACCA-2","Generalist NE"
"AATATCCCAAACAACA-1","Generalist NE"
"AATATCCCAAACCTAT-1","Generalist NE"
"AATATCCCAACCGCCA-1","Generalist NE"
"AATATCCCACAGGGAC-1","Generalist nonNE"
"AATATCCCAGGAATCG-2","Neuroendocrine2"
"AATATCCCAGGGAGCT-1","Stress"
"AATATCCCAGTAATAG-2","Generalist NE"
"AATATCCCATAATGAG-2","Neuroendocrine2"
"AATATCCCATAGCAGG-2","Generalist NE"
"AATATCCCATCGCTCC-1","Generalist nonNE"
"AATATCCCATTGTCCT-1","Generalist NE"
"AATCAGGAGCCTCTGT-2","nonNE1"
"AATCAGGAGTAAGTCC-1","Stress"
"AATCAGGAGTGATTCA-2","Intermediate"
"AATCATCCAAGTGTTT-1","Generalist nonNE"
"AATCATCCACCCACAG-2","Generalist NE"
"AATCATCCACTAAGAA-2","Generalist NE"
"AATCATCCATTAGCCA-1","Generalist NE"
"AATCATGTCATTAGGC-2","nonNE1"
"AATCATGTCGTCCTTA-2","Generalist nonNE"
"AATCATGTCTAAGGTC-2","Intermediate"
"AATCATGTCTATGACA-1","Generalist NE"
"AATCATGTCTGGCTTC-1","Generalist nonNE"
"AATCCATCAACATAAG-1","Generalist NE"
"AATCCATCAAGGTATA-2","Generalist NE"
"AATCCATCACCAAAGG-1","Generalist nonNE"
"AATCCATCATCCTAGA-1","Generalist NE"
"AATCCATCATTCCTCG-1","Generalist NE"
"AATCCCTGTTAGAGGG-1","Generalist nonNE"
"AATCCCTGTTAGGACC-1","Generalist NE"
"AATCCCTGTTCACCAT-1","Generalist NE"
"AATCCCTGTTGCACGG-1","Generalist nonNE"
"AATCCGTAGCCTAACG-1","Generalist NE"
"AATCCGTAGCTATTAG-2","Neuroendocrine1"
"AATCCGTAGCTCCTAC-1","Generalist NE"
"AATCCGTAGCTTTGGG-1","Generalist NE"
"AATCCGTAGGGTTAGA-2","Intermediate"
"AATCCGTAGTGCTGTG-2","Generalist NE"
"AATCCTAAGATGCCTG-2","Generalist NE"
"AATCCTAAGCGATAGA-2","Generalist NE"
"AATCCTAAGGAATAAC-1","Intermediate"
"AATCCTAAGGACCTTG-1","Neuroendocrine2"
"AATCCTAAGGATCCGC-1","Generalist nonNE"
"AATCCTAAGGCATGTT-1","nonNE1"
"AATCCTAAGGCGAATA-1","Generalist NE"
"AATCCTAAGGTTAGAG-2","Neuroendocrine2"
"AATCCTAAGGTTTACA-1","Neuroendocrine2"
"AATCCTAAGTGTTGCG-2","Generalist nonNE"
"AATCGCCCAAGTGTCC-1","Generalist NE"
"AATCGCCCAATCGCAC-1","Generalist NE"
"AATCGCCCAGGAACAT-1","Generalist NE"
"AATCGCCCAGTTATCG-2","Generalist nonNE"
"AATCTCAAGCATTTCT-1","Generalist NE"
"AATCTCAAGCGGGCAA-1","Generalist NE"
"AATCTCAAGGAAGTAT-2","Generalist NE"
"AATCTCAAGGGATGAC-2","Generalist NE"
"AATCTTGAGAATGACG-2","Generalist NE"
"AATCTTGAGCAAGACA-2","Generalist nonNE"
"AATCTTGAGCGAGTAA-1","Generalist NE"
"AATCTTGAGGAAGCTA-2","Neuroendocrine1"
"AATCTTGAGGAGGCAT-1","Generalist NE"
"AATCTTGAGGCGGATG-1","nonNE1"
"AATCTTGAGGTATTGC-1","Generalist NE"
"AATCTTGAGGTCAAAG-2","Generalist nonNE"
"AATGAAGGTGCCGCAA-1","Generalist NE"
"AATGAAGGTGGGTGAA-1","Generalist nonNE"
"AATGAAGGTTTAACCC-1","Generalist NE"
"AATGAAGGTTTAACCC-2","Generalist NE"
"AATGCAACAAACGGGC-1","nonNE1"
"AATGCAACAACCTGGT-2","Generalist NE"
"AATGCAACAATTAGGA-2","Generalist NE"
"AATGCAACACCTGTAA-1","Generalist nonNE"
"AATGCAACAGCTCATA-2","Generalist NE"
"AATGCAACAGGCCTTG-2","Generalist NE"
"AATGCAACAGTTATGT-1","Intermediate"
"AATGCAACATCCAGGT-1","Generalist nonNE"
"AATGCAACATCCATCT-1","Generalist NE"
"AATGCAACATCTAGCA-2","nonNE1"
"AATGCAACATGGCCTG-2","Generalist NE"
"AATGCATGTTAGAGCC-1","Generalist NE"
"AATGCATGTTCATCTA-1","Generalist NE"
"AATGCGCGTCCCGGAA-2","Generalist NE"
"AATGCGCGTGATGGCT-1","Generalist nonNE"
"AATGCGCGTTAGCAGC-1","Generalist nonNE"
"AATGCGCGTTGTCATC-1","Generalist nonNE"
"AATGCGCGTTTCGCCA-2","Generalist NE"
"AATGGCGCACCTGGTG-2","Neuroendocrine2"
"AATGGCGCACTCGCTC-1","Generalist NE"
"AATGGCGCACTTAACG-2","Generalist NE"
"AATGGCGCAGCTAACC-1","Generalist NE"
"AATGGCGCAGTAGGTG-1","Neuroendocrine2"
"AATGTCATCAATCTAG-1","Generalist NE"
"AATGTCATCACGAATC-2","Generalist NE"
"AATGTCATCCAATTAG-2","Neuroendocrine2"
"AATGTCATCCGTCCAT-1","Generalist NE"
"AATGTCATCTTGAGCG-1","Generalist nonNE"
"AATGTCCAGCCATCAG-2","Generalist NE"
"AATGTCCAGCGCATTG-1","Generalist nonNE"
"AATTACCCAAGGTATA-2","Generalist NE"
"AATTACCCACCCACCT-2","Generalist NE"
"AATTACCCAGCTAACC-2","Generalist NE"
"AATTACCCATAGACCC-1","Generalist NE"
"AATTACCCATAGTCAT-1","Generalist NE"
"AATTACCCATTAGGCC-1","Generalist NE"
"AATTACCCATTGTTGG-1","Generalist NE"
"AATTAGCGTAGCTAAT-2","Generalist nonNE"
"AATTAGCGTAGGTTGC-1","Generalist NE"
"AATTAGCGTCCACAAA-2","nonNE1"
"AATTAGCGTCTAACCT-2","Neuroendocrine2"
"AATTAGCGTTTGGCTT-2","Neuroendocrine2"
"AATTAGGCAGTCTATG-1","Generalist nonNE"
"AATTAGGCATCATGTG-2","Intermediate"
"AATTAGGCATGAGCAG-2","Generalist nonNE"
"AATTAGGCATGTTGCA-2","nonNE1"
"AATTAGGCATTTGCTC-1","Generalist NE"
"AATTCGTCACAACAAA-1","Generalist NE"
"AATTCGTCACTGACTA-1","Generalist NE"
"AATTCGTCAGCTCAAC-1","Generalist nonNE"
"AATTCGTCAGGAATCG-2","Generalist NE"
"AATTCGTCAGTTTACG-1","Generalist nonNE"
"AATTGACGTAGCTAGC-1","Generalist NE"
"AATTGACGTGTGCACG-1","Generalist NE"
"AATTGACGTTCCTGTG-1","Generalist NE"
"AATTGCCAGCCTAACG-1","Generalist nonNE"
"AATTGCCAGCCTGAGC-2","Neuroendocrine2"
"AATTGCCAGCCTGTGA-2","Generalist NE"
"AATTGCCAGCTGGAAA-2","Neuroendocrine2"
"AATTGCCAGGGCTTTG-1","Generalist nonNE"
"AATTGCCAGTCTTGAA-2","Generalist NE"
"AATTGCCAGTTCCTCA-2","Generalist NE"
"AATTGCTCACAATGCC-2","Neuroendocrine2"
"AATTGCTCACCCACCT-2","Generalist NE"
"AATTGGACAAACCTTG-2","Generalist NE"
"AATTGGACACCAACCG-2","nonNE1"
"AATTGGACACCCACCT-1","Generalist nonNE"
"AATTGGACAGATTCAT-2","Neuroendocrine1"
"AATTGGACAGCAGGTA-2","Generalist NE"
"AATTGGACAGGCGAGT-2","Generalist NE"
"AATTGGACAGGTATTT-1","Generalist NE"
"AATTGGACATAAGTCT-1","Generalist NE"
"AATTGGACATGATTGT-1","Generalist nonNE"
"AATTGGACATGTTGTG-2","Generalist NE"
"AATTGGGAGCGCTCAA-2","Generalist nonNE"
"AATTGGGAGGTGAAGC-1","nonNE1"
"AATTGGGAGTGCACGC-2","Generalist NE"
"AATTGTGTCATCGTTT-2","Intermediate"
"AATTGTGTCGGGACTC-2","Generalist NE"
"AATTGTGTCGTAACGT-2","Generalist NE"
"AATTGTGTCGTTAACA-1","Generalist NE"
"AATTGTGTCTCAATAG-2","nonNE1"
"AATTTCCTCACAAGCT-1","Generalist NE"
"AATTTCCTCATGGCTG-1","Generalist NE"
"AATTTCCTCGCTTGCT-1","Generalist NE"
"AATTTCCTCGTCAAGT-2","Generalist nonNE"
"AATTTCCTCGTTATAG-2","Neuroendocrine1"
"AATTTCCTCTAAATCG-1","Generalist NE"
"AATTTGCCAGCTCAAC-1","Generalist NE"
"AATTTGCCAGGCAAGC-2","Generalist NE"
"AATTTGCCATAATCGT-1","Generalist NE"
"AATTTGGTCATTACTC-2","nonNE1"
"AATTTGGTCATTAGTG-2","Generalist NE"
"AATTTGGTCCCGTTTA-2","Generalist NE"
"AATTTGGTCCCTCTAA-2","Generalist NE"
"AATTTGGTCCCTGACT-1","Generalist nonNE"
"AATTTGGTCCTCGATC-1","nonNE1"
"AATTTGGTCCTGATGG-1","Generalist nonNE"
"ACAAACTGTAAAGCGG-2","Generalist NE"
"ACAAAGGTCACTAGGT-2","Generalist NE"
"ACAAAGGTCATGTCAA-2","Neuroendocrine2"
"ACAAAGGTCGCATTAA-1","Stress"
"ACAAAGGTCTGGCAAT-1","nonNE1"
"ACAAAGGTCTGTAAGC-1","Generalist nonNE"
"ACAACAACAAACCTTG-1","Neuroendocrine2"
"ACAACAACACAGACTC-1","Generalist nonNE"
"ACAACAACACCTGGTG-1","Generalist NE"
"ACAACAACACTATGGC-2","Generalist NE"
"ACAACAACAGCAACAG-1","Generalist nonNE"
"ACAACAACAGCACCAT-1","Generalist NE"
"ACAACAACATGCAACC-2","nonNE1"
"ACAACACTCAAGCTTA-1","nonNE2"
"ACAACACTCCACCCTG-2","Generalist NE"
"ACAACACTCCGCATGA-2","Generalist NE"
"ACAACACTCCTGGCTT-2","Neuroendocrine2"
"ACAACACTCTTAGTCT-1","nonNE1"
"ACAACAGAGAAGGTGC-1","Generalist NE"
"ACAACAGAGCTGGAAA-1","Generalist NE"
"ACAACAGAGGATGATG-2","Generalist nonNE"
"ACAACAGAGGCTACTG-2","nonNE1"
"ACAACAGAGGCTGGCT-1","Generalist nonNE"
"ACAACAGAGGTCCTGA-1","Neuroendocrine2"
"ACAACAGAGTTTCCTG-1","Generalist NE"
"ACAACATGTATCTGGA-2","Generalist NE"
"ACAACATGTGCTAGCG-1","Generalist nonNE"
"ACACAATGTGTGTCCC-2","Generalist NE"
"ACACAATGTTCACCCA-2","Generalist NE"
"ACACCTTGTAACAGGG-2","Generalist NE"
"ACACCTTGTAATGGCC-2","Generalist NE"
"ACACCTTGTCCTTCAG-1","Generalist nonNE"
"ACACCTTGTGGCTTCC-2","Generalist nonNE"
"ACACCTTGTTAATGAC-1","Generalist NE"
"ACACGGACACAATACT-1","Generalist nonNE"
"ACACGGACACGAATCC-2","Generalist NE"
"ACACGGACAGCAGGTA-2","Generalist NE"
"ACACGGACATATAACC-1","Generalist NE"
"ACACGGACATCAGCAC-1","Neuroendocrine2"
"ACACGGACATGGCCTG-2","Generalist NE"
"ACACGGACATTAAGTC-2","Generalist NE"
"ACACTAATCCTCATCA-1","Generalist NE"
"ACACTAATCTAAATCG-1","Generalist NE"
"ACACTAATCTTTAAGG-1","Generalist NE"
"ACACTAGGTAGTTGGC-1","Generalist nonNE"
"ACACTAGGTAGTTGGC-2","Generalist NE"
"ACACTAGGTCCGCTGT-2","Intermediate"
"ACACTAGGTCTCACTG-1","Generalist NE"
"ACACTAGGTTCCGGCT-2","nonNE1"
"ACACTTAAGCTTAGCG-2","Generalist NE"
"ACACTTAAGGAAGCTA-2","Generalist NE"
"ACACTTAAGTACTGGT-1","Generalist NE"
"ACACTTAAGTCACTAA-2","Intermediate"
"ACACTTGCAAGGACCA-2","Neuroendocrine2"
"ACACTTGCACAATTAC-2","Generalist NE"
"ACACTTGCATCAGTAT-1","Neuroendocrine2"
"ACACTTGCATTAGCCA-2","Generalist NE"
"ACAGCCGGTAACCTAG-1","nonNE1"
"ACAGCCGGTAATCCCT-1","Generalist NE"
"ACAGCCGGTGATTACG-2","Generalist nonNE"
"ACAGCCGGTTTACCGT-1","Generalist nonNE"
"ACAGCCGGTTTATCGC-1","Generalist nonNE"
"ACAGCCGGTTTGTCTA-1","Generalist NE"
"ACAGCGCTCATTATGG-1","nonNE1"
"ACAGCGCTCCTAATGA-1","Generalist NE"
"ACAGCGCTCCTAGTTT-2","Generalist NE"
"ACAGGAATCCAATTAG-1","Generalist NE"
"ACAGGAATCGGTACGC-2","Generalist NE"
"ACAGGATCAACCGCCA-1","Generalist nonNE"
"ACAGGATCAATGCCCG-2","Generalist NE"
"ACAGGATCAGTTTGTG-1","Generalist NE"
"ACAGGATCATCGCTCC-2","Generalist NE"
"ACAGGCTGTAATCGTG-2","Generalist NE"
"ACAGGCTGTATACTGG-2","Generalist nonNE"
"ACAGGCTGTCACAAAT-1","Generalist nonNE"
"ACAGGCTGTCTTGCAT-1","Generalist nonNE"
"ACAGGCTGTGAAACAA-1","Generalist nonNE"
"ACAGGCTGTGTTTGCT-1","Generalist nonNE"
"ACAGGTAAGCATGCAT-1","Generalist NE"
"ACAGGTAAGCGCATTG-2","Generalist NE"
"ACAGGTAAGGATGATG-2","Generalist NE"
"ACAGGTAAGTCTTGAA-2","Neuroendocrine2"
"ACAGGTAAGTTAGTGC-1","Generalist nonNE"
"ACAGTATGTAAGCTTG-1","Generalist NE"
"ACAGTATGTAGTTAAC-1","Generalist nonNE"
"ACAGTATGTCCTTAGT-1","Generalist NE"
"ACAGTATGTCTTGCAT-2","Generalist NE"
"ACAGTATGTTAACACG-2","Generalist NE"
"ACATAGCTCAAACACC-1","Generalist NE"
"ACATAGCTCCAACTGG-1","Generalist nonNE"
"ACATAGCTCCTTGCGT-2","Generalist NE"
"ACATAGCTCGAAGTAG-1","nonNE1"
"ACATAGCTCGAAGTGA-1","Generalist NE"
"ACATAGCTCGTCAAGT-2","Neuroendocrine1"
"ACATCAATCATCAGTA-1","Neuroendocrine2"
"ACATCAATCCACCTTA-1","Generalist NE"
"ACATCAATCCATAATG-1","Neuroendocrine2"
"ACATCAATCGTTACAA-2","Generalist NE"
"ACATCATCAATAGCCC-1","Neuroendocrine2"
"ACATCATCAATCCCTT-2","Generalist NE"
"ACATCATCAGGTTCAC-1","Generalist nonNE"
"ACATCATCATCCCTCA-2","Generalist NE"
"ACATCATCATGAATAG-2","Generalist NE"
"ACATTAGTCCTGGCTT-1","Generalist NE"
"ACATTAGTCGAAGTAG-1","Generalist NE"
"ACATTAGTCGCTAAAC-2","Neuroendocrine2"
"ACATTAGTCGCTCACT-1","Generalist nonNE"
"ACATTAGTCTCCTCTT-1","Intermediate"
"ACATTAGTCTTGTCCA-2","Neuroendocrine2"
"ACATTGCAGCCGCAAC-2","Generalist NE"
"ACATTGCAGCCTGAGC-1","Generalist NE"
"ACATTGCAGCTCAATA-2","Generalist NE"
"ACATTGCAGGCTTAGT-2","Generalist NE"
"ACATTGCAGGTAAGGC-1","Neuroendocrine2"
"ACATTGCAGTAAGTCC-1","Generalist NE"
"ACCAAACTCAGGTCCA-1","Generalist NE"
"ACCAAACTCATCCTGC-1","Generalist nonNE"
"ACCAAACTCATGCATA-1","Generalist NE"
"ACCAAACTCATTAGTG-2","Generalist nonNE"
"ACCAAACTCGCATTAA-2","Generalist NE"
"ACCAAACTCTCACATT-2","Generalist nonNE"
"ACCAAACTCTTGACCC-2","Generalist NE"
"ACCAAACTCTTGTCTG-1","Generalist nonNE"
"ACCAAGCGTCATGCAA-1","nonNE1"
"ACCAAGCGTGAGCGAA-1","Generalist NE"
"ACCAAGCGTGTAATAC-2","Generalist nonNE"
"ACCAAGTTCATTAGCA-2","nonNE1"
"ACCAAGTTCCGCACAA-1","Generalist NE"
"ACCAAGTTCGACAAAG-1","Stress"
"ACCAAGTTCTAACCTT-2","Generalist NE"
"ACCAATATCCCTGATC-2","Generalist nonNE"
"ACCAATATCGCCTGTT-2","Generalist NE"
"ACCACACCAAACTAAG-1","Generalist NE"
"ACCACACCAATTAACC-2","Intermediate"
"ACCACACCAGCAACCT-1","Generalist nonNE"
"ACCACACCAGGGAGGA-1","nonNE1"
"ACCACACCATAACGGG-1","Generalist nonNE"
"ACCACACCATGTTGTG-2","Generalist nonNE"
"ACCACATAGCAACATC-2","Generalist NE"
"ACCACATAGGCATGAA-2","Neuroendocrine2"
"ACCACATAGTATTGTG-2","Generalist NE"
"ACCAGCTCACTAAGCC-2","Neuroendocrine2"
"ACCAGCTCACTCGCTC-2","Generalist NE"
"ACCAGCTCAGGCTGTT-1","Generalist NE"
"ACCAGCTCATAGTCAT-1","Generalist nonNE"
"ACCAGCTCATTCCTCG-1","Generalist NE"
"ACCAGGACAAGCCAGA-1","Generalist nonNE"
"ACCAGGACAATAAGCA-1","Neuroendocrine2"
"ACCAGGACACATTGCA-1","Intermediate"
"ACCAGGACACCTGCCT-1","Intermediate"
"ACCAGGACAGATTCAT-2","Generalist NE"
"ACCAGGACAGTTAGCC-1","Generalist NE"
"ACCAGGACATAATTGC-2","Generalist NE"
"ACCAGGCTCCCTGACT-2","Generalist NE"
"ACCAGGCTCCGGTTAG-2","Generalist NE"
"ACCAGGCTCCTCGATC-1","Generalist nonNE"
"ACCAGGCTCGCTATGG-2","Generalist NE"
"ACCAGGCTCTAGCGAT-2","Generalist NE"
"ACCAGGCTCTAGCGTG-2","Neuroendocrine1"
"ACCAGGCTCTCCTCAA-1","Generalist NE"
"ACCAGGCTCTTGCAAA-1","Generalist NE"
"ACCAGGGAGCAAGACA-2","Generalist NE"
"ACCAGGGAGCCTAACG-1","Generalist NE"
"ACCAGGGAGCCTTAAA-1","Generalist nonNE"
"ACCAGGGAGGATAAAC-1","Generalist nonNE"
"ACCAGGGAGTTCCTGC-1","Generalist NE"
"ACCAGGGAGTTTCCGC-2","Generalist NE"
"ACCATAATCATTGTTC-1","Generalist NE"
"ACCATAATCCACCTTA-2","Generalist NE"
"ACCATAATCCCTCAAC-2","nonNE1"
"ACCATAATCCTAAATG-1","nonNE1"
"ACCATAATCCTAATTC-2","Neuroendocrine2"
"ACCATAATCTTGCAAA-1","nonNE2"
"ACCATAATCTTTGAGA-1","Generalist NE"
"ACCATTAAGACTTACA-1","Generalist NE"
"ACCATTAAGCAGCTCA-1","Neuroendocrine2"
"ACCATTAAGCTGTAAC-2","Generalist nonNE"
"ACCATTAAGTGCTGTG-1","nonNE1"
"ACCATTAAGTGGACAA-1","nonNE1"
"ACCCAACCAATGAATG-2","Neuroendocrine2"
"ACCCAACCACAGAAAC-2","nonNE1"
"ACCCAACCACATTGCA-2","Neuroendocrine2"
"ACCCAACCACCCTCAC-1","Intermediate"
"ACCCAACCAGGTATTT-1","Stress"
"ACCCAACCATAATGTC-1","Generalist NE"
"ACCCAACCATTATGCG-2","Generalist NE"
"ACCCAGGGTAGTTAAC-2","Intermediate"
"ACCCAGGGTCCTAATC-1","Intermediate"
"ACCCAGGGTGATTACG-2","Generalist NE"
"ACCCGCTGTACGCGCA-1","Generalist NE"
"ACCCGCTGTGCATCGG-1","nonNE1"
"ACCCGCTGTGCGCATG-1","Neuroendocrine2"
"ACCCGCTGTTACTAGG-1","Generalist nonNE"
"ACCCGCTGTTGGTTCT-1","Generalist NE"
"ACCCGCTGTTTGGCTT-1","Generalist NE"
"ACCCGGTAGAAAGGAA-1","Generalist NE"
"ACCCGGTAGCAGGTTT-1","Intermediate"
"ACCCGGTAGGAACGGT-1","Generalist NE"
"ACCCGGTAGGTCCAAT-2","Generalist nonNE"
"ACCCGGTAGTAGCTTA-2","Generalist NE"
"ACCCGGTAGTATTGGC-1","Generalist NE"
"ACCCGTAAGAAACTGG-1","nonNE1"
"ACCCGTAAGACACCGC-1","Generalist NE"
"ACCCGTAAGCAAACCT-1","Generalist NE"
"ACCCGTAAGCAAGGAC-1","Generalist NE"
"ACCCGTAAGCCACATG-1","Generalist nonNE"
"ACCCGTAAGCTACTGG-1","Generalist NE"
"ACCCGTAAGCTTATGA-2","Neuroendocrine1"
"ACCCGTAAGTCCTTTG-1","Generalist NE"
"ACCCTCCCAAGTAAGC-1","nonNE1"
"ACCCTCCCATTGTGAT-2","Generalist NE"
"ACCCTGTTCCCGAACA-2","Intermediate"
"ACCCTGTTCCTACCTA-2","Generalist nonNE"
"ACCCTGTTCGGCTATG-2","Generalist NE"
"ACCGAAGCAAAGCGGC-2","Generalist nonNE"
"ACCGAAGCAGCACCAT-2","Generalist NE"
"ACCGAAGCAGGTCCTG-1","Generalist NE"
"ACCGCAATCATTTGTC-1","Generalist nonNE"
"ACCGCAATCTAGCTTT-1","Generalist NE"
"ACCGGCTAGTCAATCA-1","Generalist NE"
"ACCGGTTCAAAGCGCA-2","Generalist NE"
"ACCGGTTCAAGATTCT-2","Generalist NE"
"ACCGGTTCAATTGACT-2","Generalist NE"
"ACCGGTTCAGGTATTT-1","Generalist NE"
"ACCGGTTCAGTAAGTA-1","Generalist NE"
"ACCGGTTCATATAACC-2","Intermediate"
"ACCGGTTCATCGTTCT-2","Neuroendocrine2"
"ACCTAAATCAAATCGC-2","Generalist NE"
"ACCTAAATCCTGGTCT-2","Generalist NE"
"ACCTAAATCGGGACCT-1","Generalist nonNE"
"ACCTAAGGTAAGCACC-1","Generalist NE"
"ACCTAAGGTACCAGGT-2","Generalist NE"
"ACCTAAGGTACCGAAC-2","Generalist NE"
"ACCTAAGGTAGGTGTC-2","Neuroendocrine1"
"ACCTAAGGTCCGCTGT-1","Generalist NE"
"ACCTAAGGTGGTTCCC-1","Stress"
"ACCTAAGGTTACTTGC-1","Generalist NE"
"ACCTAAGGTTATCCGT-1","Generalist nonNE"
"ACCTAAGGTTGGTTCT-2","Intermediate"
"ACCTACCTCCGTCCAT-2","Generalist NE"
"ACCTACCTCTAAGTCA-1","Generalist NE"
"ACCTACCTCTAGCGAT-2","Generalist NE"
"ACCTCACTCAATCTCT-2","Neuroendocrine2"
"ACCTCACTCCAAACAC-2","Generalist NE"
"ACCTCACTCCTGTTCA-1","Intermediate"
"ACCTCACTCCTGTTCA-2","nonNE1"
"ACCTCACTCGCGCTAA-1","Generalist nonNE"
"ACCTCACTCGGTACGC-1","Generalist nonNE"
"ACCTGGATCACAGGAA-2","Generalist NE"
"ACCTGGATCAGGATGA-2","Generalist nonNE"
"ACCTGGATCCATAAGC-1","Generalist NE"
"ACCTGGATCGAGCTAT-2","Generalist NE"
"ACCTGGATCGCTCCAT-1","Generalist NE"
"ACCTGGTCAAGCTTAT-1","Generalist NE"
"ACCTGGTCAGGGAGGA-2","Intermediate"
"ACCTGGTCAGTTTACG-2","Generalist NE"
"ACCTGGTCATAGACTT-1","Neuroendocrine2"
"ACCTGGTCATGCTTAG-2","Neuroendocrine2"
"ACCTGGTCATGTCAGC-1","Generalist NE"
"ACCTGGTCATTAGCGC-1","Generalist NE"
"ACCTGTTGTACAAAGA-2","Generalist NE"
"ACCTGTTGTAGGTTAT-2","nonNE1"
"ACCTGTTGTCAAGTGC-2","Neuroendocrine2"
"ACCTGTTGTGTTGTAG-2","Generalist NE"
"ACCTGTTGTTAGGCTA-2","Generalist nonNE"
"ACCTTCATCAACCAAC-1","Intermediate"
"ACCTTCATCAATAGCC-2","Neuroendocrine2"
"ACCTTCATCACAGCCA-1","Generalist nonNE"
"ACCTTCATCAGGATGA-2","nonNE1"
"ACCTTCATCATCAGTA-1","Generalist NE"
"ACCTTCATCCCTGATC-2","Generalist NE"
"ACCTTCCAGAATCTCA-1","Generalist NE"
"ACCTTCCAGCACTTGG-2","Generalist NE"
"ACCTTCCAGCGCTCAA-2","Generalist nonNE"
"ACCTTCCAGCTCCTTA-1","Generalist nonNE"
"ACCTTCCAGCTGGACC-1","Intermediate"
"ACCTTCCAGGACCGCT-2","Generalist NE"
"ACCTTCCAGTCACCTC-1","Generalist NE"
"ACCTTGCTCATGCTAA-1","Neuroendocrine2"
"ACCTTGCTCCTCATGC-2","nonNE1"
"ACCTTGCTCTAACCAA-2","Generalist NE"
"ACCTTGCTCTAACCTT-2","Generalist NE"
"ACCTTGCTCTCACACC-2","Generalist nonNE"
"ACCTTGCTCTGTGCCT-1","Generalist NE"
"ACCTTGCTCTTAGTCT-1","Generalist nonNE"
"ACCTTGTGTAGCCTCC-2","Stress"
"ACCTTGTGTCACGAAC-1","Generalist NE"
"ACCTTGTGTCAGGCAT-2","Generalist NE"
"ACCTTGTGTCGCATAA-2","Generalist NE"
"ACCTTGTGTTCACTGT-1","Generalist NE"
"ACCTTGTGTTTCGCGC-1","Stress"
"ACGAACAAGACCATAC-1","Generalist NE"
"ACGAACAAGGCTGTGC-2","Generalist NE"
"ACGAAGTCAAATACCT-2","Neuroendocrine1"
"ACGAAGTCAATCCTGA-1","Generalist nonNE"
"ACGAAGTCAATGAATG-1","Generalist NE"
"ACGAATCTCACCTGCT-2","nonNE1"
"ACGAATCTCATGCGTG-1","Stress"
"ACGAATCTCTAGCGAT-2","Generalist NE"
"ACGAATCTCTCCATGC-2","Intermediate"
"ACGAATCTCTTGCAAA-2","Generalist NE"
"ACGACAAAGAATCGCT-1","Generalist NE"
"ACGACAAAGAGGCTAA-2","nonNE1"
"ACGACAAAGCAAACCT-1","Neuroendocrine2"
"ACGACAAAGCTTGCTC-1","Generalist nonNE"
"ACGACTTAGCATGTTA-1","Generalist NE"
"ACGACTTAGCCGCTAA-2","Generalist NE"
"ACGACTTAGCTAAAGG-1","Stress"
"ACGACTTAGCTTACTT-1","Generalist nonNE"
"ACGACTTAGGCCTAAT-1","Generalist NE"
"ACGACTTAGGCTGTCA-1","Generalist NE"
"ACGACTTAGTAACCAC-2","Neuroendocrine2"
"ACGACTTAGTATTGCA-2","Intermediate"
"ACGAGTAAGATGGAGC-2","Generalist NE"
"ACGAGTAAGGGTTAGA-2","Intermediate"
"ACGAGTAAGTATTGCA-2","nonNE1"
"ACGATTCAGCGCATTG-1","Generalist NE"
"ACGCAAGCAGATTCAT-2","Generalist nonNE"
"ACGCAAGCATAAGTCT-2","Generalist nonNE"
"ACGCAAGCATTAAGCT-1","Generalist NE"
"ACGCACGGTCACCAAA-2","Intermediate"
"ACGCACGGTCGTTACT-2","Generalist NE"
"ACGCACGGTTCTTTAG-1","Generalist NE"
"ACGCACGGTTTAGCTC-2","Generalist NE"
"ACGCCACAGCAAGATG-2","Generalist NE"
"ACGCCACAGCGCTCAA-2","Neuroendocrine2"
"ACGCCACAGGCTACAT-1","Generalist NE"
"ACGCCACAGGTCTTGG-2","nonNE1"
"ACGCCTAAGACAAAGT-1","Generalist NE"
"ACGCCTAAGCAAGGTA-2","Generalist NE"
"ACGCCTAAGCGCTCAA-1","Generalist NE"
"ACGCCTAAGCGGGCAA-1","Stress"
"ACGCCTAAGCGGGCAA-2","Generalist NE"
"ACGCCTAAGGTAACGA-2","Generalist NE"
"ACGCCTAAGGTCAAAG-1","Generalist NE"
"ACGCCTAAGGTGCGGA-2","Generalist NE"
"ACGCCTTTCCCTTGCG-1","Generalist nonNE"
"ACGCTTGAGCATGCAT-1","Generalist nonNE"
"ACGCTTGAGCCTTAAA-1","nonNE1"
"ACGCTTGAGGAGCACG-2","Intermediate"
"ACGCTTGAGGCGAAAC-1","Generalist NE"
"ACGCTTGAGGCTACTG-2","Generalist NE"
"ACGCTTGAGGTAAGGC-1","nonNE1"
"ACGCTTGAGGTGCTGC-1","Generalist NE"
"ACGGGAAGTCATTAGG-2","Generalist NE"
"ACGGGAAGTTAGGATT-2","Generalist NE"
"ACGGTACGTAAGCTCA-2","Generalist NE"
"ACGGTACGTATTGGAT-2","nonNE1"
"ACGGTACGTCATTGAG-2","Generalist NE"
"ACGGTACGTTCCTGAT-1","Generalist nonNE"
"ACGGTACGTTGGTTAG-1","Neuroendocrine2"
"ACGGTTAGTCATGCCC-2","nonNE1"
"ACGGTTAGTCCGGTTC-2","Generalist NE"
"ACGGTTAGTCTCACTG-1","Generalist NE"
"ACGGTTAGTTACTTCA-2","Neuroendocrine1"
"ACGGTTTAGCATGTCG-1","Generalist nonNE"
"ACGGTTTAGGGCTTAT-2","Generalist NE"
"ACGTACCCAACATAAG-1","nonNE1"
"ACGTACCCAGGAACAT-1","nonNE1"
"ACGTACCCATCAGTAT-1","Generalist NE"
"ACGTACCCATTAAGTC-2","Generalist nonNE"
"ACGTCAAGTACTGAAT-2","Generalist NE"
"ACGTCAAGTCACAGCG-1","Generalist NE"
"ACGTCAAGTCCTAATC-2","Generalist NE"
"ACGTCAAGTGATCAGC-1","Generalist NE"
"ACGTCAAGTTGTTGCT-2","nonNE1"
"ACGTCAAGTTTAGTCC-1","Generalist nonNE"
"ACGTCCAAGCAAACCT-2","Generalist NE"
"ACGTCCAAGCGGATTT-1","Generalist nonNE"
"ACGTCCAAGCGGTTAT-2","Neuroendocrine1"
"ACGTCCAAGCTATTGA-2","Generalist NE"
"ACGTCCAAGGTAGCTT-2","Generalist NE"
"ACGTCCAAGGTCCACA-1","Generalist NE"
"ACGTCCAAGGTCGATT-2","Generalist NE"
"ACGTCCAAGTTATCTC-2","Generalist NE"
"ACGTCCAAGTTGGATC-2","Generalist NE"
"ACGTCCAAGTTGTCTT-1","Generalist nonNE"
"ACGTCCTTCACTAATG-2","Neuroendocrine2"
"ACGTCCTTCATAGACC-1","nonNE1"
"ACGTCCTTCATCCTAT-1","Generalist NE"
"ACGTCCTTCCACCTGT-1","Neuroendocrine2"
"ACGTCCTTCCCAGTAG-1","Generalist NE"
"ACGTCCTTCCGTTATT-1","Generalist NE"
"ACGTCCTTCTTGGACG-1","Generalist nonNE"
"ACGTTACAGACTTATG-2","Generalist nonNE"
"ACGTTACAGGAGGTTA-2","Neuroendocrine2"
"ACGTTACAGGGATGAC-2","Generalist NE"
"ACGTTGTAGTCAGTAC-2","Generalist NE"
"ACTAAAGCAATATGGA-2","Generalist NE"
"ACTAAAGCACAGAACG-2","Generalist NE"
"ACTAAAGCAGGAACAT-2","Generalist NE"
"ACTAAAGCAGGTTACC-1","Generalist NE"
"ACTAAAGCAGGTTATT-1","Generalist nonNE"
"ACTAAAGCATAATCGT-1","nonNE1"
"ACTAACCAGGAGTCTT-2","Neuroendocrine1"
"ACTAACCAGGTTAGAG-1","Neuroendocrine2"
"ACTAACCAGTGGCGGA-1","Generalist NE"
"ACTAACGGTGCATTAG-2","Neuroendocrine1"
"ACTAACTCAAAGGTAC-2","Generalist NE"
"ACTAACTCAAGGTACG-1","Generalist nonNE"
"ACTAACTCAATCGCAC-1","Generalist nonNE"
"ACTAACTCAGCTCAAC-2","Generalist nonNE"
"ACTAACTCAGGCTACT-1","nonNE1"
"ACTAACTCAGTGAACG-1","Generalist NE"
"ACTAACTCATAATGTC-2","Stress"
"ACTAACTCATGAAGTA-1","Generalist NE"
"ACTAACTCATTAAGTC-1","Generalist NE"
"ACTAATCCACATAACT-1","Generalist NE"
"ACTAATCCACCTAAGC-2","nonNE1"
"ACTAATCCACTAGGTC-2","Generalist nonNE"
"ACTAATCCAGCTTAGC-1","Generalist NE"
"ACTAGGCGTAACGTGC-2","Generalist NE"
"ACTAGGCGTAATCACG-1","Generalist nonNE"
"ACTATCCGTAACCTAG-2","Generalist NE"
"ACTATCCGTCATTGTC-2","Generalist NE"
"ACTATCCGTGGTTCTT-1","Stress"
"ACTATCCGTTAGCAGC-1","Intermediate"
"ACTATCCGTTATAGCG-2","Neuroendocrine2"
"ACTATCCGTTATCCTA-1","Generalist NE"
"ACTATGTCAATGCCCG-2","Stress"
"ACTATGTCACAGGATG-2","Generalist NE"
"ACTATGTCAGCCGCTA-2","Generalist NE"
"ACTATGTCATAAGTTC-2","Generalist NE"
"ACTCACCTCAATCATG-1","Generalist nonNE"
"ACTCACCTCATAGACC-1","Generalist nonNE"
"ACTCACCTCCCTCAAC-2","Intermediate"
"ACTCACCTCCGCAAGC-2","Generalist NE"
"ACTCACTGTAAGTCGC-1","Generalist NE"
"ACTCACTGTCATTACC-1","nonNE1"
"ACTCACTGTTGAAGCC-2","Neuroendocrine2"
"ACTCACTGTTTGCAGA-2","Generalist NE"
"ACTCAGTAGCGAGCGA-2","Generalist NE"
"ACTCAGTAGCTGTACG-2","Generalist NE"
"ACTCAGTAGGTCGAGG-1","nonNE1"
"ACTCAGTAGTGTTGTA-1","Generalist nonNE"
"ACTCCTCAGCGAGGTG-1","Generalist NE"
"ACTCCTCAGGTACCGC-1","Generalist NE"
"ACTCCTCAGGTCTTGG-1","nonNE1"
"ACTCCTCAGTTTGGTA-2","Generalist nonNE"
"ACTCGCGCAAAGGCCA-1","Generalist NE"
"ACTCGCGCAAGACTCC-1","Stress"
"ACTCGCGCAAGCTACC-2","Generalist NE"
"ACTCGCGCAAGGACCA-1","Generalist NE"
"ACTCGCGCAATAGCAA-1","Neuroendocrine2"
"ACTCGCGCAATGAAGC-2","Generalist NE"
"ACTCGCGCACAATGCC-2","Generalist NE"
"ACTCGCGCACCCACCT-2","Generalist NE"
"ACTCGCGCAGATTCAT-1","Neuroendocrine2"
"ACTCGCGCAGGCAAGC-1","Generalist nonNE"
"ACTCGCTTCCGCCTAT-2","Generalist NE"
"ACTCGCTTCGATATTG-1","Generalist NE"
"ACTCGCTTCTCACACC-1","Neuroendocrine2"
"ACTGAAACAATATGGA-2","nonNE1"
"ACTGAAACACGTTACA-2","Generalist NE"
"ACTGAAACAGTTTGTG-2","Generalist nonNE"
"ACTGAAACATAAGTCT-1","Generalist nonNE"
"ACTGAAACATGAGCAG-1","Generalist NE"
"ACTGAAACATTGACAT-1","Neuroendocrine2"
"ACTGAATGTCAGTAAT-1","Generalist NE"
"ACTGAATGTCGCAAAC-2","Generalist NE"
"ACTGAATGTGGACCTG-2","Neuroendocrine2"
"ACTGAATGTGGATTCA-2","nonNE1"
"ACTGAATGTTAGGCTA-1","Generalist NE"
"ACTTACAAGAAGCTAG-1","Generalist nonNE"
"ACTTACAAGACAGGTA-1","Generalist NE"
"ACTTACAAGCCTAACG-2","Generalist nonNE"
"ACTTACAAGTCACGAT-2","Generalist NE"
"ACTTACTTCATCCACC-2","Generalist NE"
"ACTTACTTCCAGGAAA-2","nonNE1"
"ACTTACTTCCTGATGG-1","Generalist NE"
"ACTTACTTCTCATCAT-1","Generalist NE"
"ACTTACTTCTCGACCT-1","Intermediate"
"ACTTAGGGTCCAAGAC-2","Generalist NE"
"ACTTAGGGTCCACAAA-2","Generalist nonNE"
"ACTTAGGGTCCTAACT-2","Neuroendocrine2"
"ACTTAGGGTGAGAAAC-2","Generalist NE"
"ACTTAGGGTGCTGTAA-2","nonNE1"
"ACTTAGGGTGGACCTG-1","Generalist nonNE"
"ACTTAGGGTGTGTCCC-2","Generalist NE"
"ACTTAGGGTTATAGCG-2","Generalist NE"
"ACTTAGGGTTGGTTGA-1","Generalist NE"
"ACTTAGTCAACATAAG-1","nonNE1"
"ACTTAGTCAACTCGCG-1","Generalist NE"
"ACTTAGTCAAGGTAAC-2","Generalist NE"
"ACTTAGTCAATTGAGA-1","Generalist NE"
"ACTTAGTCAGCAATAA-2","Generalist NE"
"ACTTAGTCATTGTCAG-1","nonNE1"
"ACTTATCTCACAAGCT-1","Generalist NE"
"ACTTATCTCAGCAAGA-2","nonNE1"
"ACTTATCTCATGAGCT-1","Generalist NE"
"ACTTATCTCATGCCTC-1","Intermediate"
"ACTTATCTCCTAAGTA-2","Generalist NE"
"ACTTATCTCGGGACTC-1","Generalist NE"
"ACTTATCTCTCGCCCA-2","Generalist NE"
"ACTTATCTCTGGCATG-1","Generalist NE"
"ACTTATGAGACAGGTA-1","Generalist NE"
"ACTTATGAGGTCAAAG-2","Neuroendocrine1"
"ACTTATGAGTCACTAA-1","Generalist NE"
"ACTTATGAGTTCCTGC-2","Generalist NE"
"ACTTCGCTCACAGCCA-2","Generalist NE"
"ACTTGAATCACCTGCT-2","Generalist NE"
"ACTTGAATCATTTGTC-1","Generalist NE"
"ACTTGAATCCAAGTTA-1","Generalist NE"
"ACTTGAATCCTAATAG-1","Generalist NE"
"ACTTGAATCCTGAATA-1","Generalist NE"
"ACTTGAATCCTTGAGG-1","Generalist NE"
"ACTTGAATCTTTGAGA-1","Neuroendocrine1"
"ACTTGCACAACTAGCC-1","Generalist NE"
"ACTTGCACAAGGTGGC-2","Neuroendocrine2"
"ACTTGCACACTATGGC-1","Intermediate"
"ACTTGCACACTGACCG-1","Neuroendocrine2"
"ACTTGCACACTGGCCA-1","Generalist NE"
"ACTTGCACACTTGTTC-1","Generalist NE"
"ACTTGCACAGCGCTTG-1","Generalist NE"
"ACTTGCACAGTAAGTA-2","Generalist NE"
"ACTTGCACATGAAGTA-1","nonNE1"
"ACTTGTAAGCAAGGGT-2","Generalist NE"
"ACTTGTAAGCACAGAA-1","Generalist NE"
"ACTTGTAAGCTATATG-2","Neuroendocrine2"
"ACTTGTAAGTAATCCA-2","Generalist NE"
"ACTTGTAAGTTATTCC-1","nonNE1"
"ACTTGTCGTAGTTAAC-2","Generalist NE"
"ACTTGTCGTCTCACTG-2","Neuroendocrine1"
"ACTTGTCGTTACGCGG-1","nonNE1"
"ACTTGTCGTTATCCGT-2","Generalist NE"
"ACTTTGTTCGCCTGTT-1","Generalist NE"
"ACTTTGTTCGTGCTTC-1","Generalist nonNE"
"ACTTTGTTCTCCATGC-1","Generalist NE"
"AGAAACCCAACTAGGG-1","Generalist NE"
"AGAAACCCACGCAACT-1","nonNE1"
"AGAAACTAGCCTGACA-2","Generalist NE"
"AGAAACTAGTAGCCAT-2","Generalist nonNE"
"AGAAACTAGTTTGGTA-1","Generalist nonNE"
"AGAAAGGCAACTAGAA-2","nonNE1"
"AGAAAGGCAATCATGT-1","Generalist nonNE"
"AGAAAGGCACCCACCT-1","Generalist nonNE"
"AGAAAGGCAGGAACAT-1","Generalist nonNE"
"AGAAAGGCATAATTGC-1","Generalist NE"
"AGAAAGGCATACTCCT-1","Generalist NE"
"AGAAAGGCATTGTCAG-1","Generalist NE"
"AGAACAAGTACAAAGA-1","Generalist NE"
"AGAACAAGTCGTAATG-2","Intermediate"
"AGAACAAGTGGAAGGC-2","Generalist NE"
"AGAACAAGTGTCACGG-1","Generalist NE"
"AGAACAAGTTTCGCGC-1","Generalist NE"
"AGAACCAAGCACTAGT-2","Generalist NE"
"AGAACCAAGGCAAGTA-1","Generalist NE"
"AGAACCAAGGGTCTAT-2","Generalist NE"
"AGAACCAAGTCATTGA-1","Generalist nonNE"
"AGAACCAAGTGACCTG-2","Generalist nonNE"
"AGAACCAAGTTTGAGC-1","Generalist NE"
"AGAACCGCACTGGCCA-2","Neuroendocrine1"
"AGAACCGCAGGCTGTT-1","Generalist nonNE"
"AGAACCGCATTGCGGT-2","Intermediate"
"AGAACCGCATTGCGTA-1","Generalist NE"
"AGAACCGCATTGTGAT-1","Generalist nonNE"
"AGAAGGTGTTTGCGAA-2","Generalist NE"
"AGAATCGAGAGAAGGG-2","Generalist NE"
"AGAATCGAGCACGTTG-2","Stress"
"AGAATCGAGCCGCTTT-1","Generalist NE"
"AGAATCGAGGGTCTAT-1","Generalist NE"
"AGAATCTGTAACTACG-1","Generalist NE"
"AGAATCTGTACCGGAT-2","Generalist NE"
"AGAATCTGTAGGATCC-1","Generalist NE"
"AGAATCTGTCCTTCTC-1","nonNE1"
"AGAATCTGTCTAACAG-2","Neuroendocrine2"
"AGAATCTGTGCCTCAC-1","Neuroendocrine2"
"AGAATCTGTTCACTGT-1","Intermediate"
"AGAATCTGTTGGCCGA-1","Generalist nonNE"
"AGACAATAGACACCGC-1","nonNE1"
"AGACAATAGACCATAC-2","nonNE1"
"AGACAATAGAGGATAT-1","Generalist NE"
"AGACAATAGGCGAATA-1","Generalist nonNE"
"AGACAATAGGCTGTCA-2","Generalist NE"
"AGACAATAGGTGCGGA-2","nonNE1"
"AGACACGCAACAACAA-1","Generalist NE"
"AGACACGCAACAGCCT-2","nonNE1"
"AGACACGCACTAAATC-1","Generalist nonNE"
"AGACACGCATTGCGGT-1","Generalist NE"
"AGACCCGGTGAGACTC-2","Generalist nonNE"
"AGACCCGGTGCACGCA-1","Generalist NE"
"AGACTATGTGCTCCGT-2","Generalist NE"
"AGACTATGTTTAGCGA-1","Generalist nonNE"
"AGAGAAGCAAGGTACG-2","Intermediate"
"AGAGAAGCAGCAAGGC-2","Generalist NE"
"AGAGAAGCAGGCGAGT-2","Generalist NE"
"AGAGAAGCAGGCGATA-2","nonNE1"
"AGAGAAGCATGCATAT-2","Generalist NE"
"AGAGAAGCATGTCAGC-2","Generalist NE"
"AGAGAAGCATTGTGAT-1","nonNE1"
"AGAGAGGAGTTAGACC-1","nonNE1"
"AGAGATTAGCGATACT-2","nonNE1"
"AGAGATTAGGTAGCTT-2","Generalist NE"
"AGAGATTAGGTTAGAG-2","Generalist nonNE"
"AGAGATTAGTAAGAAC-1","Neuroendocrine2"
"AGAGATTAGTAGGATG-2","Generalist nonNE"
"AGAGATTAGTTTCCTG-1","Generalist NE"
"AGAGGAACATAAAGCA-2","Generalist NE"
"AGAGGAACATTCCTCG-1","Intermediate"
"AGAGGATGTAACAGGG-2","Generalist NE"
"AGAGGATGTTCGCTCA-2","nonNE1"
"AGAGGATGTTTAGTCC-1","nonNE2"
"AGATGAAGTAACGTGC-2","Generalist NE"
"AGATGAAGTCAATGTG-2","Generalist NE"
"AGATGAAGTTAAGCGC-2","Generalist NE"
"AGATGCTTCAGAAACG-2","Neuroendocrine2"
"AGATGCTTCATGAAGG-1","Generalist nonNE"
"AGATGCTTCGCTAAGT-2","nonNE1"
"AGCAAATAGCTGGAAA-1","Generalist NE"
"AGCAAATAGGACAACA-1","Generalist nonNE"
"AGCAAATAGGTAAGGC-2","Generalist NE"
"AGCAAATAGTTTGGTA-1","Generalist nonNE"
"AGCAACAAGACAAACG-2","Generalist NE"
"AGCAACAAGCGCATTG-1","Generalist NE"
"AGCAACAAGGTCCTGA-2","Neuroendocrine1"
"AGCAAGGGTGGGTACT-1","Generalist NE"
"AGCAAGGGTTTCCACG-1","Generalist nonNE"
"AGCAAGGGTTTGGTTC-1","Neuroendocrine2"
"AGCAATACAAGGTCCT-2","Generalist NE"
"AGCAATACAAGGTGGC-1","Stress"
"AGCAATACAATCCTAG-2","Neuroendocrine1"
"AGCAATACAGCCAGAA-1","nonNE1"
"AGCAATACAGGATGGC-2","Generalist NE"
"AGCAATACATGAATAG-2","Generalist NE"
"AGCAATACATTAGCCA-1","Intermediate"
"AGCAATACATTCCTGT-2","Generalist NE"
"AGCAATTGTAACGTGC-1","Generalist NE"
"AGCAATTGTCAAAGAA-1","Generalist NE"
"AGCAATTGTCCGTAGG-2","Generalist NE"
"AGCAATTGTGCTTAGA-1","Generalist NE"
"AGCAATTGTTACAAAC-2","Intermediate"
"AGCAATTGTTACTTGC-1","Generalist nonNE"
"AGCAATTGTTTATCTG-2","Generalist NE"
"AGCAATTGTTTCCTCC-2","Generalist NE"
"AGCAATTGTTTGTGGA-2","nonNE1"
"AGCACAGCACTAAGCC-1","Generalist NE"
"AGCACAGCAGCCAGAA-2","Generalist NE"
"AGCACTAGTCCGCTGT-1","Generalist NE"
"AGCACTTAGCGCATTG-1","Generalist nonNE"
"AGCACTTAGCGCTCAA-2","Generalist NE"
"AGCACTTAGCTTCTCA-1","Generalist NE"
"AGCACTTAGTAGGCGG-1","Generalist nonNE"
"AGCAGGTAGATAGACG-1","Generalist NE"
"AGCAGGTAGTGAAGTG-1","Generalist nonNE"
"AGCATCCCAAACTCAT-1","Generalist nonNE"
"AGCATCCCAGCAACCT-2","Generalist NE"
"AGCATCCCAGCATGGA-2","Generalist NE"
"AGCATCCCAGCATTAT-2","Generalist nonNE"
"AGCATCCCAGGCTAGA-1","Generalist NE"
"AGCATCCCAGGCTGTT-2","Generalist nonNE"
"AGCATCCCAGTGAACG-2","Generalist nonNE"
"AGCATCCCATGTCGCG-2","Generalist nonNE"
"AGCATTTCAAAGGTAC-2","Generalist NE"
"AGCATTTCAGGACACA-2","Generalist nonNE"
"AGCATTTCATAATTGC-1","Generalist NE"
"AGCATTTCATCAATCG-1","nonNE1"
"AGCATTTCATGTCAGC-1","Generalist NE"
"AGCCAGTGTAAGCACC-1","Generalist NE"
"AGCCAGTGTAGTTGGC-2","Neuroendocrine2"
"AGCCAGTGTTAAGCCA-2","Generalist NE"
"AGCCAGTGTTCACTGT-1","Generalist NE"
"AGCCGCTAGATGGAGC-2","nonNE1"
"AGCCGCTAGGAACCAA-2","Generalist NE"
"AGCCGCTAGGCAATAG-2","Neuroendocrine1"
"AGCCGCTAGGCTCATG-1","Generalist NE"
"AGCCGCTAGGTCCACA-1","Generalist NE"
"AGCCGCTAGTAACAGG-1","Generalist NE"
"AGCCGCTAGTAACCAC-1","Generalist NE"
"AGCCGCTAGTTACCGG-1","Generalist NE"
"AGCCGGTTCATGGCTG-2","Generalist NE"
"AGCCGGTTCATTAGGC-2","Generalist NE"
"AGCCGGTTCCTCGATC-1","Generalist NE"
"AGCCGGTTCCTCGATC-2","Generalist NE"
"AGCCGGTTCGATAACC-2","Generalist NE"
"AGCCGGTTCTAAGTCA-1","Generalist NE"
"AGCCGGTTCTCCATAT-2","Neuroendocrine2"
"AGCCGGTTCTTTGACT-1","Generalist NE"
"AGCCTAGTCAACAAGG-1","Generalist NE"
"AGCCTAGTCATTAGTG-2","Generalist NE"
"AGCCTAGTCCCGCATT-1","Generalist nonNE"
"AGCCTAGTCCTCACTA-1","Generalist NE"
"AGCCTAGTCTAAGTCA-2","Generalist nonNE"
"AGCCTAGTCTTTAAGG-2","Generalist NE"
"AGCCTCCGTACCTTAC-1","Generalist NE"
"AGCCTCCGTGAGCACT-2","Generalist nonNE"
"AGCCTCCGTTATCGAG-2","nonNE1"
"AGCCTGGGTAATAACC-1","Generalist NE"
"AGCCTGGGTAGGATCC-1","Generalist NE"
"AGCCTGGGTGATTTGG-2","Generalist NE"
"AGCCTGGGTGCAACTA-1","Generalist NE"
"AGCCTGGGTGTTTGCT-1","Generalist NE"
"AGCCTGGGTTTAAAGC-2","Generalist NE"
"AGCGATTTCATCCACC-2","nonNE1"
"AGCGATTTCCTCACTA-1","Generalist NE"
"AGCGATTTCGGGATTT-1","Generalist NE"
"AGCGATTTCTGGTCCT-2","Neuroendocrine2"
"AGCGCCTAGACAACAG-1","Generalist nonNE"
"AGCGCCTAGAGGGACT-1","Generalist NE"
"AGCGCCTAGATGCCTG-2","Generalist NE"
"AGCGCCTAGCGATAAG-1","Generalist nonNE"
"AGCGCCTAGGCTCATG-2","Generalist NE"
"AGCGCTCAGCCTAATA-1","nonNE2"
"AGCGCTCAGCGCAATT-1","Generalist NE"
"AGCGCTCAGGAGGACT-2","Generalist NE"
"AGCGCTCAGTAAACCC-1","Neuroendocrine2"
"AGCGCTCAGTAAGGGC-1","Generalist NE"
"AGCGCTCAGTTACCGG-2","Generalist nonNE"
"AGCGGACCAACAACAA-2","Generalist NE"
"AGCGGACCAACAGCCT-1","Neuroendocrine2"
"AGCGGACCAATGAATG-2","Generalist NE"
"AGCGGACCAGGCGAGT-1","Generalist NE"
"AGCGGACCAGTTATCG-2","Generalist NE"
"AGCGGACCATAAGGAC-2","Generalist NE"
"AGCGGACCATACCCGG-1","nonNE1"
"AGCGGATAGACTATTG-2","Generalist NE"
"AGCGGATAGAGAAGGG-1","nonNE1"
"AGCGGATAGTACCGCA-2","Neuroendocrine1"
"AGCGGATAGTCATTAG-2","Generalist nonNE"
"AGCGGATAGTGAGCAA-1","nonNE1"
"AGCGTGCTCCACCTTA-1","Generalist NE"
"AGCTAAACACAGAACG-1","Generalist NE"
"AGCTAAACAGGCATGA-2","Generalist nonNE"
"AGCTAAACATCCTGAA-1","Generalist NE"
"AGCTAAACATTGCGGT-2","Generalist NE"
"AGCTAACTCAAATCGC-2","Neuroendocrine2"
"AGCTAACTCAAGCTTA-1","Generalist NE"
"AGCTAACTCCAAATCA-1","Neuroendocrine1"
"AGCTAACTCCCTGACT-1","Neuroendocrine1"
"AGCTAACTCGAGGTGG-1","Generalist NE"
"AGCTAACTCGATTATG-2","Generalist NE"
"AGCTAACTCGCTAGTG-1","Generalist NE"
"AGCTAACTCGTCCTTA-2","Generalist nonNE"
"AGCTAACTCTTAAGTG-1","Generalist NE"
"AGCTAACTCTTTAAGG-1","Neuroendocrine2"
"AGCTACGTCCAAATCA-2","Neuroendocrine1"
"AGCTACGTCTCAATTC-1","Generalist NE"
"AGCTACGTCTTAGCGG-2","Generalist NE"
"AGCTACTAGACAAGTG-1","Generalist NE"
"AGCTACTAGCTCGCTT-1","Generalist nonNE"
"AGCTACTAGGCGCACT-1","Generalist nonNE"
"AGCTACTAGTCATGCG-1","Generalist NE"
"AGCTAGTTCAGGTCCA-1","Generalist nonNE"
"AGCTAGTTCTTTGTAC-1","Stress"
"AGCTATATCATGCAAC-1","Generalist NE"
"AGCTATATCCGGGACT-2","Neuroendocrine2"
"AGCTATATCTAATTGG-1","Generalist NE"
"AGCTATATCTGGTCCT-2","Generalist NE"
"AGCTATATCTTGGATA-1","Neuroendocrine2"
"AGCTCATAGCTGAGGG-1","Stress"
"AGCTCATAGGGCCATC-1","nonNE1"
"AGCTCATAGGTAAGGC-1","nonNE1"
"AGCTCATAGTAACGGA-2","Neuroendocrine1"
"AGCTCATAGTGAGAGC-2","Generalist NE"
"AGCTCATAGTTATGGC-1","Generalist NE"
"AGCTCATAGTTTCCTG-2","Neuroendocrine1"
"AGCTGCTCAGCAAGTG-2","Generalist NE"
"AGCTTAATCAGTGAAG-1","Generalist NE"
"AGCTTAATCATGCTAA-1","Generalist nonNE"
"AGCTTAATCCAGGAAA-1","Generalist nonNE"
"AGCTTAATCCCTGACT-2","Generalist NE"
"AGCTTAATCCTTCAAT-1","Neuroendocrine2"
"AGCTTAATCGCAACAT-2","nonNE1"
"AGCTTCCTCCCGTTGT-2","Neuroendocrine2"
"AGCTTCCTCCCTCAAC-2","Generalist nonNE"
"AGCTTCCTCCTCCTAA-2","Generalist NE"
"AGCTTCCTCGCCTAAG-1","Generalist nonNE"
"AGCTTCCTCGGTTAGT-2","Generalist NE"
"AGCTTGGTCAGGATGA-1","Generalist NE"
"AGCTTGGTCGCAAACT-2","Intermediate"
"AGCTTTAAGAACCTAC-2","Intermediate"
"AGCTTTAAGCCACAAT-1","Neuroendocrine2"
"AGCTTTAAGCCATCAG-2","Generalist nonNE"
"AGCTTTAAGGATAAAC-1","Generalist NE"
"AGCTTTAAGGGTCTAT-2","Generalist nonNE"
"AGCTTTAAGGTCGATT-2","nonNE1"
"AGCTTTAAGGTGAAAT-2","nonNE1"
"AGCTTTAAGTAACCAC-2","Stress"
"AGCTTTAAGTAGAGGC-1","Generalist NE"
"AGCTTTAAGTCTGGGC-2","Generalist NE"
"AGGAAACGTTTAGCTC-1","Generalist nonNE"
"AGGAAACGTTTGTGGA-1","Generalist NE"
"AGGAACCAGCATTAGC-2","Generalist NE"
"AGGAACCAGCTTAGTA-2","nonNE1"
"AGGAACCAGGTCCACA-2","Generalist NE"
"AGGAACCAGTTAACCA-2","Generalist NE"
"AGGAACCAGTTATCTC-1","Generalist NE"
"AGGAACGGTCATCATC-2","Generalist NE"
"AGGAACGGTGCCTCAC-1","nonNE1"
"AGGACGTAGGACCTTG-1","Generalist nonNE"
"AGGACGTAGGATGATG-1","Generalist nonNE"
"AGGACGTAGTCATGCG-2","Generalist NE"
"AGGACGTAGTTTGGTA-1","nonNE1"
"AGGACTAAGCATGGTT-2","Neuroendocrine1"
"AGGACTAAGCGCTCAA-2","nonNE1"
"AGGACTAAGCTTTGTT-2","Generalist NE"
"AGGACTAAGGAACACA-2","Generalist nonNE"
"AGGACTAAGGCTTAGT-2","Generalist NE"
"AGGACTAAGGGATGCG-2","Neuroendocrine2"
"AGGACTAAGGTCGATT-2","Generalist NE"
"AGGACTAAGTAGAGGC-2","Intermediate"
"AGGACTAAGTGAGGTA-1","Generalist NE"
"AGGAGCTAGTAAGAAC-2","Generalist nonNE"
"AGGAGCTAGTTGTCTT-2","Generalist NE"
"AGGATATAGCGAAGTA-1","Generalist NE"
"AGGATATAGCTTAACA-1","Generalist NE"
"AGGATATAGTTAACCA-2","Neuroendocrine2"
"AGGATCCGTAGGTTGC-1","Generalist NE"
"AGGATCCGTATTGTGG-2","Neuroendocrine1"
"AGGATCCGTGCATCGG-2","Generalist NE"
"AGGATCCGTTGTGACA-2","Generalist NE"
"AGGATGCAGCCTCTCG-1","Generalist nonNE"
"AGGATGCAGCTTGCTC-1","Generalist NE"
"AGGATGCAGCTTTGGG-1","Generalist NE"
"AGGATGCAGGCCAATT-2","nonNE2"
"AGGATGCAGGTTTGAC-2","Generalist NE"
"AGGATGCAGTAACGGA-2","nonNE1"
"AGGATGTCAAACTGTT-1","Generalist NE"
"AGGATGTCACTAGGTC-2","Generalist NE"
"AGGATTGAGGTCCTGA-1","Generalist NE"
"AGGATTGAGTCGCAAT-1","Stress"
"AGGATTGAGTCTTGAA-1","nonNE1"
"AGGATTGAGTTAGCTA-2","Generalist nonNE"
"AGGCAATCAATCTCTC-2","Generalist NE"
"AGGCAATCACCGGTAT-1","Generalist NE"
"AGGCAATCAGGCTACT-1","Generalist NE"
"AGGCAATCATGACTAT-1","Generalist NE"
"AGGCAATCATGTTGGC-1","Generalist nonNE"
"AGGCAGGTCAGTGAAG-1","nonNE1"
"AGGCAGGTCCGCCAAA-1","Generalist NE"
"AGGCAGGTCGATATTG-2","Generalist NE"
"AGGCCCAGTTCCGCAC-2","Neuroendocrine1"
"AGGCCCAGTTTCAGGA-1","Stress"
"AGGCGGATCAAACACC-1","Generalist NE"
"AGGCGGATCATGGCTG-1","Generalist nonNE"
"AGGCGGATCGCAACAT-2","Generalist NE"
"AGGCGGATCGTTATAG-1","Generalist nonNE"
"AGGCGGATCTAAGGTC-2","Generalist nonNE"
"AGGCGGATCTTCAATC-1","Generalist nonNE"
"AGGCTAAAGTAGCCAT-2","Generalist NE"
"AGGCTAGCACCCTCAC-2","Generalist NE"
"AGGCTAGCACTAAGTT-2","Generalist NE"
"AGGCTAGCAGGTATTT-1","Generalist NE"
"AGGCTAGCATGCTATG-2","Generalist NE"
"AGGGCCTTCACGCCAA-1","Generalist NE"
"AGGGCCTTCAGCAAAG-1","Generalist nonNE"
"AGGGCCTTCCTGATTT-1","Generalist nonNE"
"AGGGCCTTCCTGGCTT-1","Generalist nonNE"
"AGGGCCTTCCTTAGGG-2","Generalist NE"
"AGGGCTACAATGCGCT-2","Neuroendocrine2"
"AGGGCTACAGAATGAC-2","Generalist NE"
"AGGGCTACATCCCGCT-1","Generalist NE"
"AGGGTTGCAATCCTAG-2","Neuroendocrine2"
"AGGGTTGCACCTGTAA-2","Generalist NE"
"AGGGTTGCACGTGCTG-1","nonNE1"
"AGGTAACCAAGACTCC-1","Neuroendocrine2"
"AGGTAACCATGGAGGC-1","Generalist NE"
"AGGTAACCATTGCGAC-1","Generalist nonNE"
"AGGTAACCATTGTCCT-1","Generalist NE"
"AGGTACGCAACAGCCT-1","Generalist NE"
"AGGTACGCAATTAACC-1","Generalist nonNE"
"AGGTACGCACCTCACC-1","Generalist NE"
"AGGTACGCACGAACAG-1","Generalist NE"
"AGGTACGCATCGCTTT-1","Generalist nonNE"
"AGGTACGCATTGGGAG-2","Generalist NE"
"AGGTATTGTCCTAACT-1","Generalist NE"
"AGGTATTGTGTGTCCC-2","Generalist NE"
"AGGTATTGTTAACGAT-2","nonNE1"
"AGGTATTGTTAATGAC-1","Generalist NE"
"AGGTATTGTTCACCAT-2","Generalist nonNE"
"AGGTCAAAGAGAGGAG-1","nonNE1"
"AGGTCAAAGCCGCTTT-1","Generalist NE"
"AGGTCAAAGCCTCTGT-2","Generalist nonNE"
"AGGTCAAAGTGAGGTA-1","Generalist nonNE"
"AGGTCATTCCATAAGC-2","Generalist nonNE"
"AGGTCATTCCCTCAGT-1","Generalist NE"
"AGGTCATTCGCACAAT-2","Generalist NE"
"AGGTCATTCGCAGGCT-2","Generalist NE"
"AGGTCATTCTTAGTCT-1","nonNE1"
"AGGTCCGGTACTGATG-2","Neuroendocrine1"
"AGGTCCGGTAGGTTGC-1","Neuroendocrine2"
"AGGTCCGGTATCTGGA-2","Generalist NE"
"AGGTCCGGTCCTTAGT-2","Intermediate"
"AGGTCCGGTTTAGCGA-2","Neuroendocrine2"
"AGGTCTTAGAGAAGGG-1","Generalist NE"
"AGGTCTTAGAGAGGAG-2","Neuroendocrine2"
"AGGTCTTAGCAAACCT-1","Generalist NE"
"AGGTCTTAGCTGTAAC-2","Generalist NE"
"AGGTCTTAGGTTTGAC-2","Generalist NE"
"AGGTCTTAGTATTGCA-1","Generalist nonNE"
"AGGTCTTAGTCAGTAC-1","Generalist NE"
"AGGTCTTAGTTTGAGC-2","Generalist NE"
"AGGTGAATCAAGTGAG-2","Generalist nonNE"
"AGGTGAATCAGGATGA-1","Generalist NE"
"AGGTGAATCGAGGTGG-1","Neuroendocrine1"
"AGGTGAGGTGTGCAAC-1","nonNE1"
"AGGTGAGGTTTGTCTA-2","nonNE1"
"AGGTTAACAATAGTCT-2","Generalist NE"
"AGGTTAACATAGACCC-1","Generalist nonNE"
"AGGTTAACATAGCAGG-2","Neuroendocrine1"
"AGGTTAACATCAGCAC-2","Stress"
"AGGTTAACATCCGTAA-2","Intermediate"
"AGGTTAACATCTTGAG-2","Generalist NE"
"AGGTTACTCAATGAGG-2","Generalist nonNE"
"AGGTTACTCCCTGGTT-1","Generalist NE"
"AGGTTACTCCGGTTGA-1","Neuroendocrine2"
"AGGTTACTCGCTATAA-1","Generalist nonNE"
"AGGTTACTCTAAGGAG-2","Neuroendocrine2"
"AGGTTACTCTAGCTAA-1","Generalist nonNE"
"AGGTTAGAGAACCTGT-1","Generalist NE"
"AGGTTAGAGCGGATAA-1","Generalist nonNE"
"AGGTTAGAGCTGTCAG-2","Generalist nonNE"
"AGGTTAGAGGACCTTG-1","Generalist NE"
"AGGTTAGAGGCTAAGA-1","Neuroendocrine1"
"AGGTTGCGTAACGTGC-2","Generalist NE"
"AGGTTGCGTAAGCTCA-2","Neuroendocrine2"
"AGGTTGCGTATTGAGT-2","Generalist NE"
"AGGTTGCGTCATGAGC-1","Generalist NE"
"AGGTTGCGTCGCAAAC-1","Generalist NE"
"AGGTTGCGTTGCTGGG-2","Generalist nonNE"
"AGGTTGCGTTTCCGGC-1","Generalist NE"
"AGGTTTATCCTAACGG-1","Generalist NE"
"AGGTTTATCGCGCTAA-1","Generalist NE"
"AGGTTTATCTGGCATG-1","Generalist nonNE"
"AGGTTTATCTTAGGAC-2","Generalist nonNE"
"AGGTTTATCTTGCATT-2","Generalist NE"
"AGGTTTGGTAATGACT-1","Generalist NE"
"AGGTTTGGTGCATTTC-1","Generalist NE"
"AGGTTTGGTTGCGGAT-2","nonNE1"
"AGGTTTGGTTTGTGGA-2","Intermediate"
"AGTAAACAGACAGGCG-1","Generalist nonNE"
"AGTAAACAGCCTCTGT-2","Generalist NE"
"AGTAAACAGGTCTTGG-2","Generalist NE"
"AGTAACACAATAACCT-1","nonNE1"
"AGTAACACAATACTGT-1","Generalist nonNE"
"AGTAACACAGAAACGT-1","Generalist NE"
"AGTAACACAGGTCCTG-1","Generalist NE"
"AGTAACACATCAATCG-2","Generalist NE"
"AGTAACACATCTTGAG-1","Generalist NE"
"AGTAACACATTGTGTG-1","Generalist NE"
"AGTAACCTCATGAGCT-2","Neuroendocrine2"
"AGTAACCTCATGCTCC-1","Generalist NE"
"AGTAACCTCTGGCTTC-2","Generalist NE"
"AGTAACCTCTTTGTAC-1","Generalist NE"
"AGTAACGAGCCTGGTA-1","Generalist NE"
"AGTAACGAGGGTGGAT-2","Generalist NE"
"AGTAACGAGTGAACAG-2","Generalist NE"
"AGTAACGAGTTACCGG-1","Generalist NE"
"AGTAAGTAGAACCTGT-2","Neuroendocrine2"
"AGTAAGTAGACAAAGT-1","nonNE1"
"AGTAAGTAGAGGATAT-1","Neuroendocrine2"
"AGTAAGTAGCTTAGCG-1","Generalist NE"
"AGTAAGTAGTAATCCA-2","Generalist NE"
"AGTAAGTAGTTTCCTG-1","Generalist NE"
"AGTAATCGTAACGTGC-1","nonNE1"
"AGTAATCGTAAGCTTG-2","Intermediate"
"AGTAATCGTTAAATGC-1","Generalist nonNE"
"AGTAATCGTTAGTTGG-1","Generalist nonNE"
"AGTAATCGTTGTTGGA-1","Generalist nonNE"
"AGTAATGCAATATAGG-2","Intermediate"
"AGTAATGCACAGACTC-2","Generalist NE"
"AGTAATGCACCTCAGG-1","Generalist nonNE"
"AGTAATGCAGAGGCTA-1","Neuroendocrine2"
"AGTAATGCAGGCTAGA-1","nonNE1"
"AGTAATGCATCATGGC-2","Generalist NE"
"AGTACGCGTCAATACG-1","Generalist NE"
"AGTACGCGTGGATTAT-2","Generalist NE"
"AGTACGCGTGTGTGGT-2","Generalist NE"
"AGTACGCGTTACGCGG-1","Generalist NE"
"AGTACGCGTTGCACAA-2","Neuroendocrine1"
"AGTACGCGTTTGAGGC-2","Generalist NE"
"AGTAGCTTCCTACCTA-1","Neuroendocrine2"
"AGTAGCTTCCTGAGTG-2","Generalist NE"
"AGTAGGATCTCACTAT-1","Stress"
"AGTAGGATCTGCAAAC-2","Generalist NE"
"AGTAGGATCTTGGATA-1","Generalist NE"
"AGTATAGCAAACTAAG-1","Generalist NE"
"AGTCAAGAGAAAGGAA-1","Generalist NE"
"AGTCAAGAGCTATTGA-1","Generalist nonNE"
"AGTCAAGAGGGACTAA-1","Generalist nonNE"
"AGTCAAGAGTCACTAA-1","Generalist NE"
"AGTCAATGTACTTAGG-2","nonNE1"
"AGTCAATGTGTCCAGG-1","Generalist NE"
"AGTCAATGTGTTAGCA-2","Neuroendocrine2"
"AGTCAATGTTTGCGAA-2","nonNE1"
"AGTCAGGCAAGATTCT-1","nonNE1"
"AGTCAGGCAATTAACC-1","Intermediate"
"AGTCAGGCAGCAGGTA-1","Generalist NE"
"AGTCAGGCAGGATTAA-1","Generalist NE"
"AGTCAGGCATCCCGCT-2","Generalist NE"
"AGTCAGGCATTGTTGG-2","Generalist NE"
"AGTCCTGAGCAGGTTT-2","Generalist NE"
"AGTCCTGAGCCTGACA-2","Generalist nonNE"
"AGTCCTGAGTCGCTAG-2","Generalist NE"
"AGTCCTTGTAGGTTAT-1","nonNE2"
"AGTCCTTGTCCGTAGG-2","Generalist NE"
"AGTCCTTGTCTTGCAT-2","Generalist NE"
"AGTCCTTGTTAAATGC-2","Generalist nonNE"
"AGTCGCATCACTCAAA-2","Generalist NE"
"AGTCGCATCATCACTT-2","Generalist NE"
"AGTCGCATCATGCTTT-1","Generalist nonNE"
"AGTCGCATCCATCAGG-2","Generalist NE"
"AGTCGCATCGCACAAT-2","Intermediate"
"AGTCGCATCGGCTAGC-1","Generalist NE"
"AGTCTTGCAAGACTCC-1","Generalist NE"
"AGTCTTGCAATAGTCT-2","nonNE1"
"AGTCTTGCACAGCCTG-2","Intermediate"
"AGTCTTGCACTAAGTT-1","Generalist nonNE"
"AGTCTTGCAGAAACGT-2","Generalist NE"
"AGTCTTGCAGGTCCTG-2","Neuroendocrine2"
"AGTCTTGCATAGCTGC-2","Generalist NE"
"AGTGAACCAAGTCGCT-2","Generalist NE"
"AGTGAACCAATCCTGA-1","Generalist NE"
"AGTGAACCAGGACCTT-2","Generalist NE"
"AGTGAACCATAGACTT-1","Neuroendocrine2"
"AGTGAGTCAAGGCCAA-1","Generalist NE"
"AGTGAGTCAAGGTAAC-2","Generalist NE"
"AGTGAGTCAATGCCCG-2","Intermediate"
"AGTGAGTCAATTAAGG-2","Neuroendocrine1"
"AGTGAGTCACTATGGC-1","Generalist nonNE"
"AGTGAGTCAGGAAGCC-2","Generalist NE"
"AGTGAGTCAGTTATGT-2","Generalist NE"
"AGTGATGAGAAGCTAG-2","Generalist NE"
"AGTGATGAGCACAGAA-2","Generalist NE"
"AGTGATGAGCCTGATG-1","Generalist NE"
"AGTGCACGTAGCTGCG-2","Generalist NE"
"AGTGCCGGTACTTCAC-2","Generalist NE"
"AGTGCCGGTCAGGCAT-1","Generalist NE"
"AGTGCCGGTGAGCAAG-1","Generalist nonNE"
"AGTGCCGGTGCATCGG-2","Generalist NE"
"AGTGCCGGTTAGGTTG-2","Generalist nonNE"
"AGTGCGGAGAATCGCT-2","Generalist NE"
"AGTGCGGAGGTACCGC-2","Generalist NE"
"AGTGGACAGCATCCAG-2","Generalist NE"
"AGTGGACAGGCATTGT-1","Generalist nonNE"
"AGTGGACAGGTAAGCA-2","Generalist NE"
"AGTGTGGCAAACCTAT-2","Generalist NE"
"AGTGTGGCACTGACCG-1","Generalist nonNE"
"AGTGTGGCAGCAACAG-1","Generalist nonNE"
"AGTGTGGCAGGACCTT-2","Generalist nonNE"
"AGTGTGGCATAATGTC-1","Generalist NE"
"AGTGTTTCAAGCTACC-2","Generalist NE"
"AGTGTTTCAATATACC-2","Generalist NE"
"AGTGTTTCACAGAACG-2","Generalist NE"
"AGTGTTTCACAGGGAC-2","Intermediate"
"AGTGTTTCAGGCCTTG-1","Generalist NE"
"AGTGTTTCAGTTAGCC-1","Generalist NE"
"AGTGTTTCAGTTGCGT-2","Generalist NE"
"AGTTACATCCCTGATC-1","Generalist nonNE"
"AGTTACATCCTCAGCT-1","Generalist nonNE"
"AGTTACTCAACGTGCT-1","nonNE1"
"AGTTACTCACACAATT-2","Generalist NE"
"AGTTACTCAGTTTGTG-2","Intermediate"
"AGTTACTCATTATGCG-1","Generalist nonNE"
"AGTTATGTCCCGTTAC-1","Generalist NE"
"AGTTATGTCCCTGATC-1","Generalist NE"
"AGTTATGTCCCTGGTT-2","Generalist NE"
"AGTTATGTCTAAATCG-2","Generalist nonNE"
"AGTTATGTCTTAAGTG-1","Generalist nonNE"
"AGTTGCAGTAGCTAAT-1","Generalist NE"
"AGTTGCAGTCCGTAGG-2","Neuroendocrine1"
"AGTTGCAGTGCGCGTA-2","Intermediate"
"AGTTGCAGTGTGCACG-2","Generalist NE"
"AGTTGCAGTTTAGCTC-2","Intermediate"
"AGTTGCGTCACGCATG-2","Generalist nonNE"
"AGTTGCGTCGGCTAGC-1","Generalist NE"
"AGTTGGCGTACGCGCA-1","Generalist nonNE"
"AGTTGGCGTTATCGAG-2","Generalist NE"
"AGTTGGCGTTCCGCAC-1","Generalist nonNE"
"AGTTGGCGTTCGGTAA-1","Generalist NE"
"AGTTGTCAGCAAGGAC-2","nonNE1"
"AGTTGTCAGCTGTAAC-1","Generalist NE"
"AGTTGTCAGGATGATG-2","Generalist NE"
"AGTTGTCAGGCTGGCT-2","Stress"
"AGTTTGATCAAGTGTC-2","Generalist NE"
"AGTTTGATCCCTTGCG-1","Generalist nonNE"
"AGTTTGATCGCACACA-1","Generalist NE"
"AGTTTGATCGCCTGTT-1","Generalist nonNE"
"AGTTTGCAGACTAAGG-2","Intermediate"
"AGTTTGCAGAGGAGGA-1","Generalist NE"
"AGTTTGCAGCTCATAA-1","Generalist NE"
"AGTTTGCAGCTGTAAC-1","Generalist nonNE"
"AGTTTGCAGCTTCTCA-2","Generalist NE"
"ATAACGACAAGGATTA-2","Generalist NE"
"ATAACGACACGTTACA-1","Stress"
"ATAACGACAGCAAGGC-1","Generalist NE"
"ATAACGACAGCTTAAT-1","Generalist nonNE"
"ATAACGACAGGAACCA-2","nonNE1"
"ATAACGACAGGATTAA-1","Stress"
"ATAAGCCTCATAGACC-2","Generalist NE"
"ATAAGCCTCATTGCGG-2","Generalist NE"
"ATAAGCCTCATTTGCT-1","Stress"
"ATAAGCCTCCAATTAG-1","Generalist NE"
"ATAAGCCTCCTAAGTA-2","Generalist NE"
"ATAAGCCTCGAAGTGA-2","Generalist nonNE"
"ATAAGCCTCGGGCCAT-2","Generalist NE"
"ATAAGTCGTATTGGTG-2","Neuroendocrine1"
"ATAAGTCGTGAGCAAG-2","Intermediate"
"ATAAGTCGTGTTTGTC-2","Generalist NE"
"ATAATGGCAAACGGGC-2","Generalist NE"
"ATAATGGCAACACCTA-1","Generalist NE"
"ATAATGGCAATAAGCA-1","Generalist nonNE"
"ATAATGGCACAACCTA-2","Neuroendocrine2"
"ATAATGGCAGGATAAC-2","Generalist NE"
"ATAATGGCATTGTTGG-1","Generalist NE"
"ATACCGGTCCTAAGAC-1","Neuroendocrine2"
"ATACCGGTCCTAGTTT-2","Generalist NE"
"ATACCGGTCGCCTGTT-1","Generalist nonNE"
"ATACCGGTCGCTATAA-2","Generalist NE"
"ATACCGGTCGGGCCAT-1","Neuroendocrine2"
"ATACCGGTCGGGCCAT-2","Intermediate"
"ATACCGGTCGTCAAGT-1","Generalist NE"
"ATACCTGCACCAGCAT-1","Generalist NE"
"ATACCTGCAGCAATAA-1","Generalist nonNE"
"ATACCTGCATCGCTCC-1","Generalist NE"
"ATACCTGCATGACTAT-2","Generalist nonNE"
"ATAGATGCAACTAGAA-2","Generalist NE"
"ATAGATGCAAGGTGGC-2","Generalist NE"
"ATAGATGCACCTCACC-2","Generalist nonNE"
"ATAGATGCACTTAACG-2","Generalist nonNE"
"ATAGATGCATAATGTC-2","Generalist NE"
"ATAGATGCATACCCGG-1","Generalist nonNE"
"ATAGATGCATGTCAAT-2","Generalist NE"
"ATAGATGCATTGTCCT-2","Generalist NE"
"ATAGCATGTAATCACG-2","Generalist NE"
"ATAGCATGTACGATTG-2","Generalist NE"
"ATAGCATGTAGGTTAT-2","Generalist NE"
"ATAGCATGTGTAACCA-2","Generalist NE"
"ATAGCATGTTACTTCA-1","Generalist nonNE"
"ATAGCATGTTCATTTG-1","Neuroendocrine2"
"ATAGCATGTTCGCGCT-1","Generalist NE"
"ATAGGTACAAACAACA-2","Generalist NE"
"ATAGGTACAAGTGAAC-2","Generalist NE"
"ATAGGTACACCTGCTC-1","Intermediate"
"ATAGGTACAGAGGCTA-2","Generalist NE"
"ATAGGTACAGCTTAGC-2","Intermediate"
"ATAGGTACAGTTAGCC-1","Generalist NE"
"ATAGGTACATCACAGC-2","Neuroendocrine2"
"ATATAGGCAAGGTGGC-2","Generalist NE"
"ATATAGGCACCCACAG-1","Generalist nonNE"
"ATATAGGCATTGTCAG-2","Generalist NE"
"ATATGCATCGCTCACT-2","Generalist nonNE"
"ATATGCATCTACCTGC-1","Generalist NE"
"ATATGCTCAGTAAGTA-2","Generalist NE"
"ATATGCTCATTAAGCT-2","Generalist NE"
"ATATGGTGTAAGCTCA-1","Neuroendocrine2"
"ATATGGTGTAATCACG-2","Generalist NE"
"ATATGGTGTAGCCATA-2","Generalist NE"
"ATATGGTGTCACAGAC-2","Generalist nonNE"
"ATATGGTGTCAGTAAT-1","Generalist nonNE"
"ATATGGTGTCTCAGCC-2","Neuroendocrine1"
"ATATGGTGTTTACCGT-1","nonNE1"
"ATATGTCCAAACCTAT-2","Generalist NE"
"ATATGTCCAAATTCGT-1","nonNE1"
"ATATGTCCAACTAGCC-1","Generalist nonNE"
"ATATGTCCACCTACGG-2","nonNE1"
"ATATGTCCATCCTGAA-2","Generalist NE"
"ATCAAGACAATTGAAG-2","nonNE1"
"ATCAAGACACCTACGG-2","nonNE2"
"ATCAAGACATAATCGT-1","Generalist NE"
"ATCAAGACATCGTTCT-1","Generalist nonNE"
"ATCAAGCTCATTGCAA-2","Generalist NE"
"ATCAAGCTCGGTCAAT-2","Neuroendocrine1"
"ATCAATCCAATAATCC-2","Generalist nonNE"
"ATCAATCCAGATTCAT-1","Generalist NE"
"ATCACAATCATAACCA-1","Generalist NE"
"ATCACAATCGTTATCT-1","nonNE1"
"ATCACAATCTAGCGTG-2","Generalist NE"
"ATCACAATCTGTGCCT-1","Generalist nonNE"
"ATCACAATCTTAGGAC-2","Generalist NE"
"ATCACACAGGCCTAAT-1","Generalist NE"
"ATCACACAGGTAGCTT-2","Neuroendocrine2"
"ATCACACAGGTTTGAC-2","Generalist nonNE"
"ATCACACAGTTCCTCA-2","Generalist nonNE"
"ATCACCCTCACTAGGT-2","Generalist NE"
"ATCACCCTCCCTCTAA-2","Generalist NE"
"ATCACCCTCCGCAACA-2","Generalist NE"
"ATCACCCTCCGGTTAG-1","Generalist NE"
"ATCACCCTCCTCCATA-1","Generalist NE"
"ATCACCCTCTGGCAAT-1","Generalist NE"
"ATCACCCTCTGTTCAT-1","Generalist NE"
"ATCACCCTCTTAGTCT-1","Generalist NE"
"ATCACTAAGATAGACG-1","Generalist NE"
"ATCACTAAGCTTATGA-2","Intermediate"
"ATCACTAAGGACAACA-1","Generalist nonNE"
"ATCACTAAGGAGGTTA-2","Neuroendocrine2"
"ATCACTAAGGATCCGC-1","Generalist NE"
"ATCACTAAGGCGAAAC-1","Generalist NE"
"ATCACTAAGTTAGACC-1","Generalist NE"
"ATCACTAAGTTGCGTG-1","Generalist NE"
"ATCAGGTTCAATCATG-2","Neuroendocrine2"
"ATCAGGTTCAGGCTAT-2","Generalist nonNE"
"ATCAGGTTCCTTGCGT-1","Generalist nonNE"
"ATCAGGTTCGGCCAGT-2","Intermediate"
"ATCAGGTTCTAGCTTT-2","Generalist NE"
"ATCAGGTTCTTGAGGT-1","nonNE1"
"ATCATCAAGAAACTGG-1","Generalist nonNE"
"ATCATCAAGCACAGCC-1","Generalist NE"
"ATCATCAAGCCGCAGT-2","Generalist NE"
"ATCATCAAGCTCATAA-2","Generalist NE"
"ATCATCAAGGACAACA-1","Generalist NE"
"ATCATCAAGTAAAGGT-1","nonNE1"
"ATCATGTCAAACTAAG-2","Generalist NE"
"ATCATGTCAACCTAAT-2","Generalist NE"
"ATCATGTCAAGACTCC-1","Generalist NE"
"ATCATGTCAGCAACCT-1","Generalist nonNE"
"ATCATGTCAGCCAGAA-2","Generalist NE"
"ATCATGTCATGAGCAG-1","Neuroendocrine2"
"ATCCAACAGACACTTA-1","Generalist NE"
"ATCCAACAGGAACACA-1","Generalist NE"
"ATCCAACAGGACCTTG-2","Generalist NE"
"ATCCAACAGGAGGTTA-2","Intermediate"
"ATCCACCTCACAGCCA-2","Neuroendocrine2"
"ATCCACCTCATTTGCT-1","Generalist nonNE"
"ATCCACCTCGGTCAAT-2","Neuroendocrine2"
"ATCCACCTCGTGCTAG-1","Neuroendocrine2"
"ATCCACCTCTAGCTTT-2","Generalist NE"
"ATCCACCTCTGTTGCC-1","nonNE1"
"ATCCATAAGACTTACA-2","Generalist NE"
"ATCCATAAGCATTATG-2","Generalist NE"
"ATCCATAAGCCTGAGC-2","Generalist nonNE"
"ATCCATAAGTCCTTCA-2","Generalist NE"
"ATCCATAAGTTAGGCT-1","Generalist NE"
"ATCCATAAGTTATCTC-2","Generalist NE"
"ATCCCGCGTGAGCGAA-2","Generalist NE"
"ATCCCGCGTGCACGCA-2","Generalist nonNE"
"ATCCCGCGTGTAATAC-2","Generalist NE"
"ATCCCGCGTGTCCAGG-2","Generalist NE"
"ATCCCGCGTTAGTTGG-1","Generalist NE"
"ATCCCGCGTTCAAGAT-2","Generalist NE"
"ATCCCGCGTTGAAGCC-2","Intermediate"
"ATCCCGCGTTGAGCCG-2","Generalist NE"
"ATCCCGCGTTGGATCA-1","Generalist nonNE"
"ATCCCGCGTTTCCTCC-1","Generalist NE"
"ATCCGTGAGCAGGCCT-2","nonNE1"
"ATCCGTGAGCATCCAG-2","Generalist NE"
"ATCCGTGAGCTCCCTG-1","Generalist NE"
"ATCCGTGAGTGAACCT-2","Generalist NE"
"ATCCTCATCATTGTCT-1","nonNE2"
"ATCCTCATCCAAGTGT-2","nonNE1"
"ATCCTCATCGGTTTGG-1","Generalist NE"
"ATCCTCATCTCACACC-2","Generalist NE"
"ATCCTGACAACCTAAT-1","Generalist NE"
"ATCCTGACAATTAGGA-2","Generalist NE"
"ATCCTGACACTTCACT-1","Generalist nonNE"
"ATCCTGACAGGACACA-1","nonNE1"
"ATCCTGACAGGCTGTT-1","Generalist nonNE"
"ATCCTTAGTGATGATT-1","Generalist nonNE"
"ATCCTTAGTGTTTGCT-2","Neuroendocrine2"
"ATCCTTAGTTAACACG-1","Generalist NE"
"ATCCTTAGTTAGAGCC-1","Generalist nonNE"
"ATCCTTAGTTCTTTAG-2","Generalist NE"
"ATCCTTAGTTGTCATC-2","Generalist NE"
"ATCGAGGCAAATGCCC-2","Generalist NE"
"ATCGAGGCACAAAGGT-1","Generalist NE"
"ATCGAGGCATGGAGGC-1","Generalist NE"
"ATCGCCCGTATTACCC-1","Generalist nonNE"
"ATCGCCCGTCACAGAC-1","Intermediate"
"ATCGCCCGTCATGCAA-1","Generalist NE"
"ATCGCCCGTGTGTCCC-2","Generalist NE"
"ATCGCCCGTTCATCTA-1","Neuroendocrine1"
"ATCGCCCGTTGCTGGG-1","Generalist NE"
"ATCGCCCGTTTACTTG-1","Generalist NE"
"ATCGCCCGTTTAGCGA-1","Generalist NE"
"ATCGCTTGTGTCCTGC-1","Generalist nonNE"
"ATCGGCCAGCTCATAA-2","Neuroendocrine1"
"ATCTATGAGCCAGTAT-1","Generalist NE"
"ATCTATGAGCTATATG-2","Generalist NE"
"ATCTATGAGCTATTGA-2","Generalist NE"
"ATCTATGAGGAAGCAC-1","Generalist nonNE"
"ATCTATGAGGAGGCAT-2","Generalist NE"
"ATCTTTGGTCCTAATC-1","nonNE1"
"ATCTTTGGTGTTGTAG-1","Generalist NE"
"ATCTTTGGTTAGTACG-1","Generalist NE"
"ATGAAGCCAATTGAGA-2","Stress"
"ATGAAGCCACCCACCT-1","Generalist NE"
"ATGAAGCCACTTAGGC-1","nonNE1"
"ATGAAGCCAGGCGATA-2","Neuroendocrine1"
"ATGAAGTAGCCTAATA-1","nonNE1"
"ATGAAGTAGCCTGAGC-2","Generalist NE"
"ATGAAGTAGTAGCGCC-2","Neuroendocrine2"
"ATGAAGTAGTCGCTAG-1","nonNE1"
"ATGAAGTAGTTCCTCA-2","Generalist NE"
"ATGAATGCACAAAGAC-1","Generalist nonNE"
"ATGAATGCACATTAAC-1","Intermediate"
"ATGAATGCACTAAGAA-2","Generalist NE"
"ATGAATGCACTAGGTC-1","Generalist NE"
"ATGAATGCAGCACGTT-1","nonNE1"
"ATGAATGCAGGTTAAA-2","Generalist NE"
"ATGAATGCATGACTAT-2","Generalist NE"
"ATGAATGCATGAGTTT-2","Neuroendocrine1"
"ATGACAACAACTAGGG-1","nonNE1"
"ATGACAACAATATACC-1","Stress"
"ATGACAACATGCTTAG-1","Generalist NE"
"ATGACAACATGCTTAG-2","nonNE1"
"ATGACAACATGTCAAT-2","Generalist nonNE"
"ATGACCAGTCAAGTAT-2","Generalist nonNE"
"ATGACCAGTCCTAACT-1","Generalist nonNE"
"ATGACCAGTTCCTGTG-2","Generalist NE"
"ATGACGAAGCAATAGG-2","Generalist NE"
"ATGACGAAGCACGATT-1","Generalist NE"
"ATGACGAAGCCAGGTC-1","Generalist NE"
"ATGACGAAGCCTGTGA-2","Generalist NE"
"ATGACGAAGGACCTGC-2","Generalist NE"
"ATGACGAAGGCCTAAT-2","Generalist nonNE"
"ATGACGAAGGGACGCA-1","Generalist nonNE"
"ATGACTCAGAGAAGGG-2","Generalist NE"
"ATGACTCAGATAGACG-1","Generalist nonNE"
"ATGACTCAGGCCAATT-2","Generalist nonNE"
"ATGACTCAGTCACCTC-1","Intermediate"
"ATGAGCCGTAACTACG-1","Generalist NE"
"ATGATGACAAAGCGCA-2","Intermediate"
"ATGATGACACGGTACT-2","Neuroendocrine1"
"ATGATGACAGCAACAG-1","Generalist NE"
"ATGATGACAGCACGAA-2","nonNE1"
"ATGATGGAGCATGTCG-2","Neuroendocrine1"
"ATGATGGAGCCGCAAC-2","Generalist nonNE"
"ATGATGGAGCTCGCTT-2","nonNE1"
"ATGATGGAGCTGGACC-2","Stress"
"ATGATGGAGGGTGAGT-1","Generalist nonNE"
"ATGCAAACAAGCTACC-1","Generalist NE"
"ATGCAAACACATTAAC-2","Intermediate"
"ATGCAAACAGGAATCG-2","Generalist NE"
"ATGCAAACATGTGGGA-1","Generalist nonNE"
"ATGCAGGCACTAGCGT-1","Generalist nonNE"
"ATGCAGGCACTCAACA-1","nonNE1"
"ATGCAGGCAGCAGGTA-1","Stress"
"ATGCAGGCAGCCAGAA-2","Generalist NE"
"ATGCAGGCAGTAGGAT-1","Generalist NE"
"ATGCAGGCATTAAAGG-2","Generalist NE"
"ATGCATTCACACTAAT-1","Generalist nonNE"
"ATGCATTCACATTGCA-1","Generalist NE"
"ATGCATTCACCTCACC-2","Generalist nonNE"
"ATGCATTCAGGCGAGT-1","nonNE1"
"ATGCATTCAGGTTATT-1","Generalist NE"
"ATGCATTCAGTTAAAG-1","Generalist nonNE"
"ATGCCTGAGCCATCAG-1","Generalist nonNE"
"ATGCCTGAGCGGCTGT-2","Generalist NE"
"ATGCCTGAGCTGCACA-2","Neuroendocrine2"
"ATGCGATTCATTTAGG-1","Generalist NE"
"ATGCGATTCGCTATAA-2","nonNE1"
"ATGCGATTCGGGCCAT-1","Generalist NE"
"ATGCGATTCGTTAAGC-2","Generalist NE"
"ATGCGATTCGTTATCT-1","Generalist NE"
"ATGCGATTCTTAGGAC-2","Neuroendocrine1"
"ATGCGATTCTTAGTCT-1","Generalist NE"
"ATGCTTAAGCGTGCGT-2","Generalist NE"
"ATGCTTAAGCTTTGTT-1","Generalist nonNE"
"ATGCTTAAGGAAGCTA-1","nonNE1"
"ATGCTTAAGGATCACT-2","Generalist NE"
"ATGCTTAAGGCTAATC-2","Neuroendocrine2"
"ATGGACAAGCAGGTTT-1","Generalist nonNE"
"ATGGACAAGGCAAGTA-2","Generalist NE"
"ATGGACAAGGCTGGCT-2","Generalist NE"
"ATGGACAAGTCATTAG-1","Generalist NE"
"ATGGACAAGTTCCCAC-1","Stress"
"ATGGCCCAGACAACGA-2","Generalist NE"
"ATGGCCCAGCGATACT-1","Generalist nonNE"
"ATGGCCCAGCGGCTGT-2","Generalist nonNE"
"ATGGCCCAGCTCAAAC-2","Neuroendocrine2"
"ATGGCCCAGGACTTAC-1","Generalist NE"
"ATGGCCCAGGCCATCA-1","Generalist nonNE"
"ATGGCCCAGGCTGTCA-2","Intermediate"
"ATGGCCCAGGTAAGGC-1","Generalist nonNE"
"ATGGCCCAGTTAGGCT-1","Generalist nonNE"
"ATGGCCCAGTTTGCGG-2","Generalist NE"
"ATGGCCGGTAACAGGG-1","Generalist nonNE"
"ATGGCCGGTCACACCC-2","Generalist NE"
"ATGGCCGGTCACGAAC-1","Generalist NE"
"ATGGCCGGTCAGGCAT-1","Generalist NE"
"ATGGCCGGTGGGAACA-1","Generalist NE"
"ATGGCCGGTTCACCCA-1","nonNE1"
"ATGGCTAGTACCGTTT-2","Generalist NE"
"ATGGCTAGTAGGTTAT-1","Generalist nonNE"
"ATGGCTAGTTATAGCG-1","Generalist nonNE"
"ATGGCTGTCACTAATG-1","Neuroendocrine2"
"ATGGCTGTCCAGCACA-2","Generalist NE"
"ATGGCTGTCGTTAGTA-1","nonNE1"
"ATGGCTGTCTCGCCTG-2","Generalist NE"
"ATGGCTGTCTTAGTGA-1","nonNE1"
"ATGGCTTAGCAGCTAT-1","Generalist nonNE"
"ATGGCTTAGCTATTGA-1","Generalist NE"
"ATGGCTTAGGTCATTA-2","Generalist NE"
"ATGGCTTAGTTAGCCG-1","nonNE1"
"ATGGTCTAGCATCCAG-2","Generalist NE"
"ATGGTCTAGCTTCCCG-1","Generalist NE"
"ATGGTCTAGGAGGTTA-2","Generalist NE"
"ATGGTCTAGGCGGATG-2","Generalist NE"
"ATGGTGCGTCATTGTC-1","Generalist NE"
"ATGGTGCGTGCTCCAC-1","Generalist NE"
"ATGGTGCGTTAGAGCC-1","Generalist nonNE"
"ATGGTGCGTTGCATCT-1","Generalist nonNE"
"ATGGTTATCCCATAAA-2","Intermediate"
"ATGGTTATCCCGCATT-2","Generalist NE"
"ATGGTTATCGATAACC-1","Generalist NE"
"ATGTAACGTCATTGTC-1","Generalist NE"
"ATGTAACGTGCACGCA-1","Generalist NE"
"ATGTAACGTTCACCCA-2","Generalist NE"
"ATGTAACGTTGGTGAC-1","Generalist nonNE"
"ATGTAACGTTTGACCT-2","Generalist NE"
"ATGTAAGCAAGTTATC-2","Generalist NE"
"ATGTAAGCATAAACCT-1","Generalist NE"
"ATGTAAGCATAATGTC-1","Generalist NE"
"ATGTAAGCATGTTGGC-1","Generalist NE"
"ATGTCAATCAAGCGCC-1","Generalist nonNE"
"ATGTCAATCCAGGTTG-1","Generalist NE"
"ATGTCATCAACGTGCT-1","Generalist NE"
"ATGTCATCAAGGTAAC-2","Generalist NE"
"ATGTCATCAAGTCGCT-1","Generalist NE"
"ATGTCATCACTTCATC-2","nonNE1"
"ATGTCATCATAAGCAA-1","Generalist nonNE"
"ATGTCCACAGTTTGGC-2","Generalist NE"
"ATGTCCACATAAGTTC-1","Generalist NE"
"ATGTCCACATAGCTGC-2","Generalist NE"
"ATGTCCACATCCCTCA-2","Neuroendocrine1"
"ATGTCCACATCCTAGA-1","Generalist nonNE"
"ATGTGAGAGGCGAAAC-1","Generalist nonNE"
"ATGTGAGAGGTGAAGC-1","Generalist nonNE"
"ATGTGAGAGTGAGAGC-1","Generalist NE"
"ATGTGAGAGTGTTGCG-2","Generalist NE"
"ATGTTCAAGCCGCTTT-1","Generalist NE"
"ATGTTCAAGCCTGATG-1","Generalist NE"
"ATGTTCAAGGCGCTAC-2","Generalist NE"
"ATGTTCAAGTCCTTCA-2","Generalist nonNE"
"ATGTTCAAGTGAGGTA-1","Generalist NE"
"ATGTTCAAGTTGTCCC-2","Intermediate"
"ATGTTGTCAATCCCTT-2","nonNE1"
"ATGTTGTCAATGCCCG-1","Generalist NE"
"ATGTTGTCACATTAAC-1","Generalist NE"
"ATGTTGTCACTTCACT-2","Generalist NE"
"ATGTTGTCAGTCTAAT-2","Generalist NE"
"ATGTTGTCATCCTGAA-1","Generalist NE"
"ATGTTTGAGAATCGCT-2","Generalist NE"
"ATGTTTGAGCCGCTAA-2","Generalist NE"
"ATGTTTGAGCTAAAGG-1","Generalist nonNE"
"ATGTTTGAGCTCAATA-2","nonNE1"
"ATGTTTGAGCTTAGTA-2","Intermediate"
"ATGTTTGAGGACCTTG-2","Generalist NE"
"ATGTTTGAGGCTTAGT-1","Neuroendocrine2"
"ATGTTTGAGGGCCACT-2","Generalist NE"
"ATGTTTGAGTCACCAG-2","Generalist NE"
"ATTAACCCAAGCCAGA-2","Neuroendocrine1"
"ATTACCCGTACCAGGT-2","Generalist NE"
"ATTACCCGTACGCGCA-1","Generalist nonNE"
"ATTACCCGTTGAGGTC-2","Neuroendocrine2"
"ATTACCCGTTGGCCGA-2","nonNE1"
"ATTACCGCAATAAGCA-2","nonNE1"
"ATTACGTCAATTAAGG-1","Generalist NE"
"ATTACGTCACCTACTT-2","Generalist NE"
"ATTACGTCACCTGCTC-2","Generalist NE"
"ATTACGTCAGGCTTGT-2","Generalist NE"
"ATTACGTCAGTAGCCT-1","nonNE1"
"ATTACGTCATCAATCG-1","Neuroendocrine2"
"ATTACGTCATCACAGC-2","Generalist NE"
"ATTACGTCATTAAGCT-1","nonNE1"
"ATTACTGAGACAACAG-2","Generalist NE"
"ATTACTGAGCAGCTAT-2","Generalist NE"
"ATTACTGAGCCTGACA-2","Neuroendocrine2"
"ATTACTGAGCCTTAAA-2","Generalist NE"
"ATTACTGAGTAGCGCC-2","Generalist nonNE"
"ATTACTGAGTTATCTC-1","Generalist NE"
"ATTAGCGGTACCAGGT-1","Neuroendocrine1"
"ATTAGCGGTACTTAGG-1","Generalist nonNE"
"ATTAGCGGTGCATTTC-1","Neuroendocrine2"
"ATTAGCGGTGTGAGAG-2","Generalist NE"
"ATTAGCGGTTAATGAC-1","Generalist NE"
"ATTAGCGGTTCCTGAT-1","Generalist NE"
"ATTAGCGGTTTATCTG-2","Neuroendocrine1"
"ATTAGCGGTTTCCGGC-1","Generalist NE"
"ATTAGCTCAACAGGAT-2","Generalist nonNE"
"ATTAGCTCACGTAAGG-2","Neuroendocrine1"
"ATTAGCTCAGAGGCTA-2","Neuroendocrine2"
"ATTAGCTCATGTGGGA-1","Generalist NE"
"ATTAGGTGTAATCGTG-2","Generalist NE"
"ATTAGGTGTAATTAGC-1","Generalist NE"
"ATTAGGTGTATTTGGG-2","Generalist NE"
"ATTAGGTGTCACAGAC-2","Generalist NE"
"ATTAGGTGTTAGGCGT-1","Generalist nonNE"
"ATTAGGTGTTCACCCA-2","nonNE1"
"ATTAGTCCACAGAAAC-2","Generalist nonNE"
"ATTAGTCCACAGAACG-2","Neuroendocrine2"
"ATTAGTCCACAGCCAT-2","Generalist NE"
"ATTAGTCCAGCAGGTA-2","Stress"
"ATTAGTCCAGGTATTT-1","nonNE1"
"ATTAGTCCAGTAGCCT-1","Generalist NE"
"ATTAGTCCAGTTAAAG-2","Generalist NE"
"ATTAGTCCATGCATAT-2","Generalist NE"
"ATTAGTCCATTTGCTC-2","Generalist nonNE"
"ATTATCCTCCAGCACA-2","Neuroendocrine2"
"ATTATCCTCGTTATAG-1","Generalist NE"
"ATTATGGTCCTTGTTG-2","Generalist NE"
"ATTATGGTCGCTCACT-2","Generalist NE"
"ATTCAACCAAATTGCT-2","Generalist NE"
"ATTCAACCAATTGACT-2","Generalist NE"
"ATTCAACCACAACAAA-2","Generalist nonNE"
"ATTCAACCACTAAGTT-2","Generalist NE"
"ATTCAACCAGCCGCTA-2","nonNE1"
"ATTCAACCATCCATCT-1","Generalist nonNE"
"ATTCACTTCACCGGTA-1","Generalist NE"
"ATTCACTTCCAGGGAG-2","Generalist NE"
"ATTCACTTCCCTGATC-2","Generalist NE"
"ATTCACTTCCTTGCGT-1","Generalist nonNE"
"ATTCACTTCGCCTGTT-1","Generalist nonNE"
"ATTCATGAGGATCACT-2","Generalist NE"
"ATTCCGGAGGAAGCTA-2","Generalist NE"
"ATTCCGGAGGTCAAAG-1","Generalist nonNE"
"ATTCCGGAGTTGTCAA-2","Generalist NE"
"ATTCCTAGTCAGGAAG-1","Generalist nonNE"
"ATTCCTAGTGACCTGG-1","Intermediate"
"ATTCCTAGTGTTTCAC-1","Generalist NE"
"ATTCCTAGTTAGCAGC-1","Generalist NE"
"ATTCCTAGTTGGCCGA-1","Generalist NE"
"ATTCCTCCAGGTTATT-2","Generalist NE"
"ATTCCTCCATACTCCT-1","Generalist NE"
"ATTCCTCCATAGGCGA-2","Intermediate"
"ATTCGTTTCCCTCGCA-1","Generalist NE"
"ATTCGTTTCTCATCAT-2","Generalist NE"
"ATTGAAGCAAAGCTAA-2","Generalist NE"
"ATTGAAGCAAATTGCT-2","Generalist NE"
"ATTGAAGCAAGCTAAA-2","Generalist nonNE"
"ATTGAAGCAAGGAATC-1","Generalist NE"
"ATTGAAGCAAGGTACG-2","Generalist nonNE"
"ATTGAAGCACTGACTA-1","nonNE1"
"ATTGAAGCAGCAACAG-2","Generalist nonNE"
"ATTGAAGCAGGTTATT-2","nonNE1"
"ATTGACTCAATAGCAA-1","Generalist NE"
"ATTGACTCAATTATGC-1","Stress"
"ATTGACTCAATTGCGC-2","Generalist nonNE"
"ATTGACTCACCTAATG-2","nonNE1"
"ATTGACTCACTAGGTC-2","Neuroendocrine1"
"ATTGCACAGCACAGCC-2","Generalist NE"
"ATTGCACAGGGTTATC-2","Generalist nonNE"
"ATTGCACAGTCACCAG-2","Generalist nonNE"
"ATTGCAGGTGAGCAAG-1","Generalist NE"
"ATTGCAGGTTGAAGCC-1","Generalist NE"
"ATTGCAGGTTGTGATG-2","Generalist nonNE"
"ATTGCGCCAAGGTATA-2","nonNE1"
"ATTGCGCCAATCCTGA-1","Neuroendocrine2"
"ATTGCGCCACAATACT-1","Generalist nonNE"
"ATTGCGCCACAGGAAT-2","Generalist NE"
"ATTGCGCCACATAACT-2","Neuroendocrine2"
"ATTGCGCCACCTAATG-1","Generalist NE"
"ATTGCGCCAGAGGCTA-2","Generalist NE"
"ATTGCGCCAGCCAGAA-1","Generalist nonNE"
"ATTGCGCCAGCCTAAC-1","Generalist NE"
"ATTGCGCCAGTAGGAT-2","Generalist nonNE"
"ATTGCGCCATCCCGCT-1","Generalist nonNE"
"ATTGCGCCATCTAGCA-1","Generalist NE"
"ATTGCGCCATTGTCAG-1","Generalist nonNE"
"ATTGCTCGTTAGAGCC-2","Generalist NE"
"ATTGCTCGTTCCTGTG-2","Neuroendocrine1"
"ATTGGCTAGGAACACA-1","Generalist NE"
"ATTGGTTCAATCATGT-1","Generalist NE"
"ATTGGTTCAATGCCCG-2","Generalist nonNE"
"ATTGGTTCACGAATTT-1","Generalist NE"
"ATTGTCCGTATTGCAG-2","Intermediate"
"ATTGTCCGTCAGGAAG-1","Generalist NE"
"ATTGTCCGTCTTTGAC-2","Generalist NE"
"ATTGTCCGTGGCTTCC-2","Generalist NE"
"ATTGTCCGTTACTAGG-1","Generalist nonNE"
"ATTGTCCGTTATAGCG-2","nonNE1"
"ATTGTGATCCAAATCA-1","Generalist nonNE"
"ATTGTGATCCTAATGA-2","Generalist nonNE"
"ATTGTGATCGCTCACT-2","Neuroendocrine2"
"ATTTAGCCAAATACCT-2","Neuroendocrine2"
"ATTTAGCCAACCCTCC-1","Generalist nonNE"
"ATTTAGCCAAGCCACT-2","Neuroendocrine2"
"ATTTAGCCACATAGCC-2","Generalist NE"
"ATTTAGGTCATTAGCA-1","Intermediate"
"ATTTAGGTCCTACCTA-1","Generalist nonNE"
"ATTTGCAAGCAGGCCT-1","Stress"
"ATTTGCAAGGAACGCG-2","Intermediate"
"ATTTGCAAGGCTACAT-2","Stress"
"ATTTGCAAGGTTTGAC-1","nonNE1"
"ATTTGCGCAACCTAAT-1","nonNE1"
"ATTTGCGCAATAAGCA-2","nonNE1"
"ATTTGCGCAGCTCATA-2","Generalist nonNE"
"ATTTGCGCAGTTTGTG-2","Neuroendocrine1"
"ATTTGCGCATTCCTCG-1","Generalist nonNE"
"ATTTGTGAGCTGCACA-2","nonNE1"
"ATTTGTGAGTAGCTTA-1","Generalist NE"
"ATTTGTGAGTGAACCT-2","Stress"
"CAAACAACAAATACCT-2","nonNE1"
"CAAACAACAAATATCC-1","Generalist nonNE"
"CAAACAACACAATGTT-2","nonNE1"
"CAAACAACAGCTCAAC-1","Generalist nonNE"
"CAAACAACATGTCGCG-1","Generalist NE"
"CAAACACTCACTTTAC-1","Generalist NE"
"CAAACACTCAGCACCA-1","Generalist NE"
"CAAACACTCAGTATTG-2","nonNE1"
"CAAACACTCCCATAGG-2","Generalist NE"
"CAAACACTCCTCATCA-2","Generalist NE"
"CAAACACTCGATAACC-1","Generalist NE"
"CAAACACTCGGTTTCC-1","Generalist NE"
"CAAACACTCTCCTCTT-1","Intermediate"
"CAAACACTCTCGCCCA-1","nonNE1"
"CAAACACTCTCGCCTG-2","Generalist NE"
"CAAACATGTAACCAGC-2","Generalist NE"
"CAAACATGTTAAGCTG-2","nonNE1"
"CAAACATGTTACAAAC-2","Generalist NE"
"CAAACCGTCACAGCGC-2","Generalist NE"
"CAAACCGTCATTTGTC-1","Generalist nonNE"
"CAAACGCGTAGCAGCT-1","Generalist nonNE"
"CAAACGCGTAGGTGTC-2","Neuroendocrine2"
"CAAACGCGTCCTTAGT-2","Generalist NE"
"CAAACGCGTCGCAATA-2","Generalist nonNE"
"CAAACTGGTAAAGCGG-2","Generalist NE"
"CAAACTGGTCACACCC-1","nonNE2"
"CAAACTGGTGGATTGC-2","Generalist NE"
"CAAAGCGCAATCCTAG-2","Generalist NE"
"CAAAGCGCACTAGGTC-1","Generalist NE"
"CAAAGCGCAGCACGTT-1","Intermediate"
"CAAAGCGCATCGCTCC-1","Generalist nonNE"
"CAAAGGATCAAGCCTG-1","Generalist NE"
"CAAAGGATCGATTCTT-1","Generalist NE"
"CAAAGTGAGACAGGTA-1","nonNE1"
"CAAAGTGAGCAACATC-2","Generalist NE"
"CAAAGTGAGCTTTGGG-2","Generalist NE"
"CAAAGTGAGGAAGCAC-2","Generalist nonNE"
"CAAAGTGAGGGCTTAT-2","Generalist NE"
"CAAAGTGAGTCATTAG-1","Generalist NE"
"CAAATCATCTGTTCAT-2","nonNE1"
"CAACAATGTAACGGGA-1","Generalist NE"
"CAACAATGTAGGTTAT-1","Generalist NE"
"CAACAATGTTCCGGGA-1","Generalist NE"
"CAACAGGCAAGTTATC-1","Generalist NE"
"CAACAGGCACACAATT-2","Generalist NE"
"CAACAGGCACCTCGCT-2","Neuroendocrine2"
"CAACAGGCAGAGGGAG-2","Neuroendocrine2"
"CAACAGGCAGCGCTTG-2","Generalist NE"
"CAACAGGCATCAATCG-2","Intermediate"
"CAACCCGCAACAACAA-1","Generalist NE"
"CAACCCGCACTAAGAA-1","Generalist NE"
"CAACCCGCAGCAACCT-1","Generalist NE"
"CAACCCGCATCACTTC-1","Generalist NE"
"CAACCCTTCCTCACTA-2","Generalist NE"
"CAACCCTTCTGGCAAT-1","Generalist NE"
"CAACTAATCCAATTAG-1","Generalist nonNE"
"CAACTAATCCCGTTGT-1","Generalist NE"
"CAACTAATCTTACTCG-2","Generalist NE"
"CAACTAATCTTGATGA-1","nonNE1"
"CAACTAGGTTAGGACC-2","Generalist NE"
"CAAGAACCAAGTGTCC-1","Generalist NE"
"CAAGAACCAAGTGTTT-2","Generalist NE"
"CAAGAACCAATTTAGC-1","nonNE1"
"CAAGAACCACTATGGC-1","Generalist NE"
"CAAGAACCAGCTCATA-1","Generalist NE"
"CAAGAACCATAGGCGA-1","nonNE1"
"CAAGAACCATTAAAGG-1","Generalist NE"
"CAAGACAAGGAGCATA-2","Generalist NE"
"CAAGACAAGGCTACTG-2","Neuroendocrine2"
"CAAGACAAGTAACCAC-2","Neuroendocrine1"
"CAAGCTAGTAAACAAG-1","Generalist nonNE"
"CAAGCTAGTACTTAGG-2","Generalist NE"
"CAAGCTAGTCATTACC-1","nonNE1"
"CAAGCTAGTCGTTACT-2","Generalist NE"
"CAAGCTAGTGTTTGCT-2","Generalist nonNE"
"CAAGCTAGTTAGACCA-2","Generalist NE"
"CAAGCTAGTTCCTGTG-2","Generalist NE"
"CAAGGCCTCAATAGCC-2","Generalist nonNE"
"CAAGGCCTCGCAAACT-1","Generalist nonNE"
"CAAGGCCTCGTTAAGC-1","Generalist NE"
"CAAGGCTGTACAATGT-1","Generalist NE"
"CAAGGCTGTCAACAAT-1","Generalist nonNE"
"CAAGGCTGTTAGCCAA-2","Generalist NE"
"CAAGGCTGTTATCCGT-2","Generalist NE"
"CAAGGCTGTTTACGTC-2","Generalist nonNE"
"CAAGGCTGTTTATCGC-2","Intermediate"
"CAAGGGAGTAAAGCGG-2","Generalist nonNE"
"CAAGGGAGTAATCCCT-1","Generalist NE"
"CAAGGGAGTGCTCACC-1","Generalist NE"
"CAAGGTAAGCTCAAAC-2","Intermediate"
"CAAGGTAAGCTTAACA-1","nonNE2"
"CAAGGTAAGGATTGAG-1","Generalist NE"
"CAAGGTAAGGCTACAT-2","Generalist nonNE"
"CAAGGTAAGGCTATGT-1","nonNE1"
"CAAGGTAAGGGACCTC-2","nonNE1"
"CAAGGTAAGGTGTTAC-1","Generalist NE"
"CAAGGTAAGTGAACCT-1","Generalist NE"
"CAAGGTTTCAGCATTA-2","Generalist NE"
"CAAGGTTTCCGGTTAG-2","Generalist NE"
"CAAGTAACACGAATCC-1","Generalist NE"
"CAAGTAACACTGACCG-1","Generalist NE"
"CAAGTAACATAATCCG-1","nonNE2"
"CAAGTAACATAATCCG-2","Intermediate"
"CAAGTAACATAATTGC-1","nonNE1"
"CAAGTAACATGAATCT-2","Neuroendocrine1"
"CAAGTAACATGTCGCG-1","Generalist NE"
"CAAGTATGTAGGTTGC-2","Generalist NE"
"CAAGTATGTGATGAAA-2","Generalist NE"
"CAAGTATGTGTCACGG-1","Generalist NE"
"CAAGTATGTTACCTGT-1","Generalist NE"
"CAAGTATGTTCCGCAC-2","Generalist nonNE"
"CAAGTATGTTGTTGTC-1","Generalist NE"
"CAAGTGAAGATTGAGG-2","nonNE1"
"CAAGTGAAGGCGCTTA-1","Generalist NE"
"CAAGTGAAGGCTGGCT-2","Stress"
"CAAGTGAAGTTCCTGC-2","Generalist NE"
"CAAGTTATCATGCTTT-1","Generalist NE"
"CAAGTTATCATGTTTC-2","Neuroendocrine2"
"CAAGTTATCCGCAAAT-2","Generalist NE"
"CAAGTTATCGTTTCCA-1","Generalist NE"
"CAATAAGCAAACCTAT-2","Intermediate"
"CAATAAGCACAGGGAC-2","Generalist NE"
"CAATAAGCAGTACCGT-2","Generalist NE"
"CAATAAGCAGTTAGCC-1","Generalist NE"
"CAATAAGCAGTTTGTG-2","Generalist NE"
"CAATAGCTCACCTGCT-1","Generalist NE"
"CAATAGCTCCAACTGG-1","Generalist NE"
"CAATAGCTCCAGGTTG-2","Intermediate"
"CAATAGCTCCTTGAGG-2","Generalist NE"
"CAATAGCTCGTTACTT-1","Generalist NE"
"CAATAGCTCGTTTCCA-1","nonNE1"
"CAATAGCTCTAGCTAA-2","Generalist NE"
"CAATATGTCATTCATC-1","Neuroendocrine2"
"CAATATGTCCAGGTCA-2","Generalist nonNE"
"CAATCCCTCAGGCCTA-1","Generalist NE"
"CAATCCCTCGCACACA-1","Generalist nonNE"
"CAATCCCTCTAAGTGC-2","nonNE1"
"CAATCCTGTCATCATC-1","Neuroendocrine1"
"CAATCCTGTGAGCAAG-2","nonNE1"
"CAATCCTGTGGAAACG-1","Generalist NE"
"CAATCCTGTTTGTGGA-1","Generalist nonNE"
"CAATCGCCACCAACCG-1","Generalist NE"
"CAATCGCCAGGCTAGA-1","Generalist nonNE"
"CAATCGCCATAGCTTG-1","Generalist NE"
"CAATCGCCATTAAGTC-2","Neuroendocrine2"
"CAATCTAAGCGGATTT-2","Generalist NE"
"CAATCTAAGCTAATTG-2","Generalist NE"
"CAATCTAAGGATAAAC-2","nonNE1"
"CAATCTAAGGCGCTTA-2","Generalist NE"
"CAATCTAAGGGACCTC-2","Generalist NE"
"CAATGAACAATTAGGA-1","Generalist NE"
"CAATGAACACCAACCG-2","Generalist NE"
"CAATGAACAGCATGTC-1","Generalist NE"
"CAATGAACAGGCGATA-2","Generalist NE"
"CAATGAACAGGCTTCG-2","Generalist NE"
"CAATGAACAGGTTATT-1","nonNE1"
"CAATGAACAGTTAGCC-2","Neuroendocrine2"
"CAATGAACATGCATAT-1","Intermediate"
"CAATGACTCGTTTCCA-2","Generalist nonNE"
"CAATGACTCTTAGCCC-1","Generalist nonNE"
"CAATGCCCAAGCCACT-1","Generalist NE"
"CAATGCCCAATAAGCA-1","Generalist NE"
"CAATGCCCAGCTAACC-2","Generalist NE"
"CAATGCCCATGTCAGC-2","Neuroendocrine2"
"CAATGTCAGATAACCC-1","Neuroendocrine1"
"CAATGTCAGCCTAATA-2","Generalist nonNE"
"CAATGTCAGTCATCCC-1","Generalist nonNE"
"CAATGTCAGTGAACAG-2","Generalist NE"
"CAATGTCAGTTTGTCT-1","Generalist nonNE"
"CAATGTGGTAATAGCT-1","Generalist NE"
"CAATGTGGTAATTAGC-1","Generalist NE"
"CAATGTGGTATTGTCC-1","nonNE1"
"CAATGTGGTCATAACG-2","Generalist NE"
"CAATGTGGTCATGCAA-1","Generalist NE"
"CAATGTGGTTAACGGC-2","Generalist NE"
"CACAAGCGTCACAGCG-2","Intermediate"
"CACAAGCGTGATTACG-1","Generalist NE"
"CACAAGCGTGCTCCGT-2","Neuroendocrine1"
"CACAAGCGTTAGCCAA-1","Generalist nonNE"
"CACAATATCAAACCGT-1","Generalist NE"
"CACAATATCAAACTCA-1","Generalist NE"
"CACAATATCCTAAGTA-2","Generalist NE"
"CACAATATCGTTATAG-1","Intermediate"
"CACAATATCTAGCGTG-2","Generalist NE"
"CACAATATCTCGCCTG-1","Generalist nonNE"
"CACAATATCTGCAACG-1","Generalist nonNE"
"CACAGGCTCACTAAGC-2","Generalist NE"
"CACAGGCTCATTTGCT-2","Intermediate"
"CACAGGCTCGTTTCGC-1","Generalist NE"
"CACAGGCTCTACCTGC-2","Neuroendocrine1"
"CACAGGGAGCTTCTCA-1","Generalist NE"
"CACATAATCGCATTAA-2","Generalist NE"
"CACATAATCGGTTTGG-1","Generalist nonNE"
"CACATACAGCAAGGTA-2","Generalist NE"
"CACATACAGGCACAGG-2","nonNE1"
"CACATACAGGTACCGC-1","Generalist NE"
"CACATACAGTTAGCCG-1","Generalist NE"
"CACATTAAGCCTGACA-1","Generalist nonNE"
"CACATTAAGCTGGACC-2","Generalist NE"
"CACATTAAGGCTACAT-1","Generalist NE"
"CACATTAAGTAAGTCC-1","Generalist NE"
"CACCAACCAAATTCGT-1","Generalist NE"
"CACCAACCAAGCCACT-1","Generalist nonNE"
"CACCAACCAAGGTCGA-2","Neuroendocrine2"
"CACCAACCACATTGCA-1","Generalist NE"
"CACCAACCACGTTACA-2","Generalist NE"
"CACCAACCACTGGCCA-1","Generalist NE"
"CACCAACCAGCATGGA-2","Neuroendocrine1"
"CACCGGTAGCAGGTGG-2","Generalist NE"
"CACCGGTAGTCATTTC-1","Neuroendocrine2"
"CACCGGTAGTGGACAA-2","Generalist nonNE"
"CACCTCAGTAACCAGC-1","Generalist NE"
"CACCTCAGTCACAAAT-1","nonNE1"
"CACCTCAGTGCAATAT-1","Generalist NE"
"CACCTCAGTGGGAACA-2","Generalist NE"
"CACCTCAGTGTTTGCT-2","Generalist NE"
"CACCTCAGTTTAGCGA-2","Intermediate"
"CACCTCAGTTTGCTGT-2","Generalist NE"
"CACCTGTTCATAATCG-1","Generalist NE"
"CACCTGTTCCTCAGCT-2","Generalist NE"
"CACCTGTTCCTTAGTT-2","Generalist NE"
"CACCTGTTCGAGCTAT-2","Generalist NE"
"CACCTGTTCGCATTAA-1","Generalist NE"
"CACCTGTTCGCTAAGT-1","Generalist NE"
"CACCTGTTCTAATCTC-1","Generalist nonNE"
"CACGCAATCATGCTCC-1","Neuroendocrine2"
"CACGCAATCCCTGGAA-2","Neuroendocrine2"
"CACGCAATCCTTGTTG-2","Neuroendocrine2"
"CACGCAATCTGTGCAG-2","Generalist nonNE"
"CACGCTAAGGCCTAAT-1","Generalist NE"
"CACGCTAAGGCGCACT-2","Generalist nonNE"
"CACGCTAAGGCTACAT-2","Generalist NE"
"CACTAAGGTACTGATG-1","Neuroendocrine2"
"CACTAAGGTAGCCTAA-1","Generalist NE"
"CACTAAGGTATGGTGC-1","Neuroendocrine2"
"CACTAAGGTGCTTAGA-1","Stress"
"CACTAAGGTTCAAGCA-2","nonNE1"
"CACTAAGGTTTCGCCA-1","Generalist NE"
"CACTAGCCACCCACCT-2","Generalist NE"
"CACTAGCCAGGCATCT-1","Generalist NE"
"CACTAGCCATGTCAAT-1","Generalist NE"
"CACTGACCAAACCTTG-2","Neuroendocrine1"
"CACTGACCAACAGCCT-2","Neuroendocrine1"
"CACTGACCAACTAGGG-2","Generalist NE"
"CACTGACCAAGCCACT-2","Generalist NE"
"CACTGACCATCATGTG-2","Generalist NE"
"CACTGACCATCTAGCA-1","Generalist NE"
"CACTGACCATTATGAC-2","Neuroendocrine1"
"CACTTAAAGATTCCTT-1","Generalist nonNE"
"CACTTAAAGCAAGGGT-2","Generalist NE"
"CACTTAAAGCTTATGA-1","Generalist nonNE"
"CACTTAAAGGTTTACA-1","Generalist NE"
"CACTTAAAGTAACAGG-2","Neuroendocrine2"
"CACTTAAAGTCATTAG-2","nonNE1"
"CACTTAAAGTGATTCA-2","nonNE2"
"CACTTAAAGTGCACGC-2","Neuroendocrine2"
"CACTTTGTCAAACCGT-1","Generalist NE"
"CACTTTGTCAAGCCTG-2","nonNE1"
"CACTTTGTCGCAAACT-1","Neuroendocrine2"
"CACTTTGTCTTAATGG-2","Generalist NE"
"CACTTTGTCTTAGGAC-1","Generalist nonNE"
"CAGAACCGTCCGGTTC-1","Stress"
"CAGAACCGTCTAACCT-2","nonNE1"
"CAGAACCGTCTTACTA-2","Intermediate"
"CAGAACCGTGATCAGC-2","Generalist NE"
"CAGAATCTCCGTCCAT-2","Intermediate"
"CAGAATCTCCTGGCTT-1","nonNE1"
"CAGAATCTCTAAATCG-2","Generalist nonNE"
"CAGAATCTCTTGCAGG-2","Generalist NE"
"CAGATTCAGCGCCTTT-1","Generalist NE"
"CAGATTCAGGACACTT-1","Generalist NE"
"CAGATTCAGGTCCAAT-1","Generalist NE"
"CAGATTCAGGTCCGTA-2","Generalist NE"
"CAGATTCAGGTGCGGA-2","Generalist NE"
"CAGATTCAGTTAGACC-1","Generalist nonNE"
"CAGCAAGCAATGAGGT-1","Generalist NE"
"CAGCAAGCATGAATAG-1","nonNE1"
"CAGCATGTCCTCACTA-1","Stress"
"CAGCATGTCCTTGCGT-1","Generalist NE"
"CAGCATGTCGTTAAGC-1","Generalist NE"
"CAGCATGTCTCCATAT-1","Generalist NE"
"CAGCATGTCTTGGACG-1","Generalist NE"
"CAGCATTAGCAGCTAT-2","nonNE1"
"CAGCATTAGCCTGTTC-1","Generalist nonNE"
"CAGCATTAGCTCGCTT-2","Generalist NE"
"CAGCATTAGGACGTAA-1","Generalist nonNE"
"CAGCATTAGGTTACAC-2","nonNE1"
"CAGCATTAGTTTGGTA-1","Neuroendocrine2"
"CAGCCAATCAGTGAAG-1","Neuroendocrine2"
"CAGCCAATCGTTAAGC-1","Neuroendocrine2"
"CAGCCAATCTAAGGAG-2","Generalist NE"
"CAGCCAATCTGTAAGC-1","Generalist NE"
"CAGCCTAAGAATCGCT-1","Generalist NE"
"CAGCCTAAGCCTGGTA-1","Generalist NE"
"CAGCCTAAGGACGTAA-1","Generalist NE"
"CAGCCTAAGGAGCATA-1","Generalist NE"
"CAGCCTTTCCTAGTTT-1","Neuroendocrine2"
"CAGCCTTTCTTAGCCC-2","Neuroendocrine2"
"CAGCTAAGTGTCCAAA-1","nonNE1"
"CAGCTAAGTTGACTTC-2","Neuroendocrine2"
"CAGCTATAGGACCTCA-2","Generalist NE"
"CAGCTATAGGATTGAG-2","Intermediate"
"CAGCTATAGGGCCATC-1","Generalist NE"
"CAGCTATAGGTAAGGC-1","Generalist NE"
"CAGCTATAGTAACGAG-1","nonNE2"
"CAGCTCAAGACAAAGT-2","Stress"
"CAGCTCAAGCATGTTA-1","Generalist NE"
"CAGCTCAAGCCTTAAA-1","Generalist nonNE"
"CAGCTCAAGCTAATTG-2","Generalist NE"
"CAGCTCAAGGCTAATC-1","Generalist NE"
"CAGCTCAAGTGAGCAA-1","Intermediate"
"CAGCTCAAGTTAGCTA-1","Generalist NE"
"CAGGAAGGTATTGTCC-1","Generalist nonNE"
"CAGGAAGGTCACGAAC-2","nonNE1"
"CAGGAAGGTCAGTAAT-2","Generalist NE"
"CAGGAAGGTGACATGC-2","Generalist nonNE"
"CAGGAAGGTTAGGCGT-2","Generalist nonNE"
"CAGGAAGGTTAGGCTA-2","Generalist NE"
"CAGGACACAAGGATTA-2","Generalist NE"
"CAGGACACACAGCCAT-1","Intermediate"
"CAGGACACACTGACCG-2","Generalist nonNE"
"CAGGACACAGAAATGC-2","Generalist NE"
"CAGGACACATAGCGGA-2","Generalist nonNE"
"CAGGACACATTATGGT-1","nonNE1"
"CAGGACCTCCAACTGG-2","Generalist nonNE"
"CAGGACCTCCTGATGG-1","Generalist NE"
"CAGGACCTCGAAGTGA-2","Generalist NE"
"CAGGACCTCTGTGAGT-1","Generalist NE"
"CAGGATGCAACACCTA-1","Generalist NE"
"CAGGATGCAATTTGGT-2","Generalist NE"
"CAGGATGCACCAAAGG-1","Generalist NE"
"CAGGCTATCCATAATG-2","Neuroendocrine1"
"CAGGCTATCCTCCATA-1","Generalist NE"
"CAGGCTGGTCAACAAT-1","Generalist NE"
"CAGGCTGGTCAATAGT-1","Generalist NE"
"CAGGGCTTCAAGCTTA-1","Generalist NE"
"CAGGGCTTCCTTTACG-1","Stress"
"CAGGGCTTCGTTAACA-1","Generalist nonNE"
"CAGGGCTTCTTTGACT-1","nonNE1"
"CAGGGTGAGCAAGGGT-2","Generalist NE"
"CAGGGTGAGCAGCTAT-2","Generalist NE"
"CAGGGTGAGGTCATTA-1","nonNE1"
"CAGGGTGAGTAAGTGG-1","Generalist NE"
"CAGGGTGAGTAGCGGG-2","Generalist NE"
"CAGGGTGAGTCACCAG-1","Generalist nonNE"
"CAGGTCCAGCTTAGCG-1","Generalist NE"
"CAGGTCCAGGATTGAG-1","Generalist NE"
"CAGGTCCAGGCTACAT-1","Generalist NE"
"CAGGTCCAGTAGCGGG-2","Generalist NE"
"CAGGTCCAGTGAACCT-1","Generalist NE"
"CAGGTCCAGTTTGTCT-2","Generalist NE"
"CAGGTGGAGTAATCCA-2","Generalist NE"
"CAGGTGGAGTATCGCG-2","Generalist NE"
"CAGGTGGAGTCCTTCA-2","Generalist NE"
"CAGGTGGAGTTATCCT-2","Generalist NE"
"CAGGTGGAGTTTGCGG-1","Generalist nonNE"
"CAGGTTAGTCACAGCG-2","Generalist nonNE"
"CAGGTTAGTGACATGC-2","Intermediate"
"CAGGTTTAGACTAAGG-1","nonNE1"
"CAGGTTTAGTGGACAA-1","Generalist nonNE"
"CAGGTTTAGTTAGAGG-2","Generalist NE"
"CAGGTTTAGTTGTCTT-2","Generalist NE"
"CAGTACCCAACTAACT-1","Generalist nonNE"
"CAGTACCCACCAACCG-1","Generalist nonNE"
"CAGTACCCACTAAGAA-1","Generalist nonNE"
"CAGTACCCAGCTTAAT-2","Generalist nonNE"
"CAGTACCCATCCTGAA-1","Generalist NE"
"CAGTATGGTCCTAACT-1","Generalist NE"
"CAGTATGGTCTAACAG-2","Intermediate"
"CAGTATGGTTGCACGG-2","Generalist NE"
"CATAACGGTAACGGGA-2","Generalist NE"
"CATAACGGTCTTGCAT-1","Generalist nonNE"
"CATAACGGTTCGCTTG-2","Generalist NE"
"CATAACGGTTGCAATG-2","Generalist NE"
"CATAAGCTCATTACAG-1","Generalist NE"
"CATAAGCTCCAAGTTA-1","Generalist NE"
"CATAAGCTCCCGAACA-1","nonNE1"
"CATAAGCTCTGGCAAT-2","Generalist NE"
"CATAATCCAAAGCGCA-2","Generalist nonNE"
"CATAATCCAACAGGTG-1","Generalist nonNE"
"CATAATCCAAGTGAAC-1","Generalist NE"
"CATAATGTCATAAGCC-1","Generalist NE"
"CATAATGTCATCCACC-1","Generalist NE"
"CATAATGTCATGGCTG-2","Generalist NE"
"CATAATGTCATTGCGG-2","Generalist NE"
"CATAATGTCGAAGTGA-1","Generalist NE"
"CATAATGTCGGCTATG-1","Generalist NE"
"CATAATGTCGTTAAGC-2","Generalist NE"
"CATAGACTCCCTCGCA-2","Generalist NE"
"CATAGACTCCGTCCAT-2","Neuroendocrine1"
"CATAGACTCTAAGTCA-1","Generalist nonNE"
"CATAGACTCTTGTCTG-2","Neuroendocrine2"
"CATAGCTAGAAGGTGC-1","Generalist NE"
"CATAGCTAGACAAGTG-2","Generalist nonNE"
"CATAGCTAGAGAGGCT-1","Generalist NE"
"CATAGCTAGAGAGGCT-2","Generalist NE"
"CATAGCTAGGGACCTC-2","nonNE1"
"CATAGGTTCATTATGG-2","Neuroendocrine2"
"CATAGGTTCCGCCTCA-2","Generalist NE"
"CATAGTCAGAGGATAT-2","Generalist NE"
"CATAGTCAGCTCCCTG-2","Generalist nonNE"
"CATAGTCAGGGACGCA-1","Generalist NE"
"CATAGTCAGGTGAAAT-1","Generalist NE"
"CATAGTCAGTCACTCC-1","Generalist NE"
"CATAGTCAGTTTAACG-2","Generalist nonNE"
"CATATCGCAACTGGGA-1","Generalist NE"
"CATATCGCACCGGTAT-2","nonNE1"
"CATATCGCAGCTACGT-2","nonNE1"
"CATATCGCAGGATGGC-2","Neuroendocrine2"
"CATATCGCAGGTATTT-2","Generalist NE"
"CATATCGCATGTTGGC-2","Generalist NE"
"CATCAATCAAACAACA-1","Generalist nonNE"
"CATCAATCAACTGGCT-2","Generalist NE"
"CATCAATCAGAGGCTA-2","Generalist NE"
"CATCAATCAGCATGGA-1","Generalist NE"
"CATCAATCAGGCATGA-2","Generalist nonNE"
"CATCAATCATGCAACC-1","Generalist NE"
"CATCACACAATAACGA-1","Generalist nonNE"
"CATCACACAATCTCTC-1","Intermediate"
"CATCACACACCTCGCT-2","nonNE1"
"CATCACACAGAGGCTA-1","nonNE1"
"CATCACACAGTTGCGT-1","Intermediate"
"CATCACACATGGCCCA-1","Generalist nonNE"
"CATCACACATTATGAC-2","Neuroendocrine2"
"CATCACACATTGCGGT-2","Generalist NE"
"CATCAGCCAAACTCAT-1","nonNE1"
"CATCAGCCAACCGCCA-1","Generalist NE"
"CATCAGCCACTGACCG-1","Generalist NE"
"CATCATAAGCAGCTCA-1","Generalist NE"
"CATCATAAGCCTGGTA-1","Generalist NE"
"CATCATAAGCTGCACA-2","Generalist NE"
"CATCATAAGGGCCACT-1","Generalist nonNE"
"CATCATGCAACAACAA-1","Generalist nonNE"
"CATCATGCATAAACCT-1","Generalist NE"
"CATCATGCATAATCGT-1","Generalist NE"
"CATCATGCATGCATAT-2","Generalist NE"
"CATCCCAGTCTTGCAT-1","Generalist NE"
"CATCCCAGTTAGAGCC-1","Generalist NE"
"CATCCCAGTTAGAGGG-2","Generalist NE"
"CATCCCAGTTTCAGGA-2","nonNE1"
"CATCCTCAGACTAAGG-2","Generalist NE"
"CATCCTCAGCAAACCT-1","Generalist NE"
"CATCCTCAGGACCTCA-2","Generalist NE"
"CATCCTCAGGAGTAAT-1","Generalist nonNE"
"CATCCTCAGGTGCTGC-2","Generalist NE"
"CATCCTGGTCACGGAT-2","Generalist NE"
"CATCCTGGTGCTAGAC-2","nonNE1"
"CATCCTGGTTAATGAC-2","nonNE1"
"CATCGCTTCCAGGAAA-1","Neuroendocrine2"
"CATGAGGCAAGCCAGA-1","Generalist NE"
"CATGAGGCAGGCGAGT-2","Generalist NE"
"CATGCAAGTAAATTGC-1","Generalist nonNE"
"CATGCAAGTAGGTTTG-2","Neuroendocrine2"
"CATGCAAGTTAACACG-1","Generalist NE"
"CATGCAAGTTTGCGAA-2","Generalist NE"
"CATGCATAGACAGGCG-1","Generalist NE"
"CATGCATAGAGCCGCT-2","Intermediate"
"CATGCATAGGTACCGC-2","Generalist NE"
"CATGCATAGTGAGGGT-2","Generalist nonNE"
"CATGCATAGTTTCCTG-2","Generalist nonNE"
"CATGCGCAGCCGCAAC-1","Generalist NE"
"CATGCGCAGCTCCCTG-1","Generalist NE"
"CATGCGCAGGACCTGC-1","Stress"
"CATGCGCAGTTAGGCT-2","Generalist NE"
"CATGCGGGTGACATAT-2","Generalist nonNE"
"CATGCGGGTGCTCACC-1","Generalist nonNE"
"CATGCGGGTTCGCTTG-1","Generalist nonNE"
"CATGGATTCAGTTCCC-2","Generalist NE"
"CATGGATTCATCCTAT-2","Neuroendocrine2"
"CATGGATTCCAGGTCA-1","Generalist NE"
"CATGGATTCCCGAAGC-1","nonNE2"
"CATGGATTCCTTGTTG-1","Generalist NE"
"CATGGATTCTGTAAGC-1","nonNE2"
"CATGGCGGTAACGTGC-1","nonNE1"
"CATGGCGGTACCGTAA-2","Intermediate"
"CATTATCTCACTCAAA-2","Generalist NE"
"CATTATCTCAGGCTAT-2","Generalist NE"
"CATTATCTCAGGTCCA-1","Generalist NE"
"CATTATCTCTCAATGA-2","Generalist nonNE"
"CATTATGAGACCATAC-2","nonNE1"
"CATTATGAGCACAGGG-1","nonNE1"
"CATTATGAGCAGGTTT-1","Generalist nonNE"
"CATTATGAGCTTAGTA-2","Generalist NE"
"CATTATGAGGAACGCG-1","Generalist NE"
"CATTATGAGGCATTGT-2","Generalist NE"
"CATTATGAGGTCCTAG-1","Neuroendocrine2"
"CATTATGAGGTTAGCT-1","Generalist nonNE"
"CATTCATTCCCGAAGC-2","Generalist NE"
"CATTCATTCCTAACGG-1","Generalist NE"
"CATTCATTCGATTTGA-2","Generalist NE"
"CATTCATTCGTCAAGT-2","Generalist NE"
"CATTCATTCTGCAAAC-2","Generalist NE"
"CATTCCTCAAAGCGCA-2","Neuroendocrine2"
"CATTCCTCAAGGCCAA-2","Neuroendocrine1"
"CATTCCTCAAGTCGCT-2","Generalist nonNE"
"CATTCCTCACAATGTT-1","Generalist NE"
"CATTCCTCACATTGCA-1","Generalist nonNE"
"CATTCCTCACGGTACT-1","Generalist NE"
"CATTCCTCAGTTAAAG-2","Generalist NE"
"CATTCCTCATAAGTCT-2","Neuroendocrine2"
"CATTCCTCATCCAGGT-2","Neuroendocrine2"
"CATTGCGAGAATCTCA-2","Generalist NE"
"CATTGCGAGCACTTGG-2","Generalist NE"
"CATTGCGAGGACGTAA-2","Generalist NE"
"CATTGCGAGTATTGGC-1","Generalist NE"
"CATTGTAAGAGAGGCT-1","Generalist NE"
"CATTGTAAGCACAGCC-2","Neuroendocrine1"
"CATTGTAAGGGTTAGA-1","nonNE1"
"CATTGTGCAGTCTAAT-2","nonNE1"
"CATTGTGCATAACGGG-1","Generalist NE"
"CATTTGTTCACTAGGT-2","Generalist nonNE"
"CATTTGTTCGAGGAAC-2","Neuroendocrine2"
"CATTTGTTCGTTACTT-2","Neuroendocrine2"
"CCAAACCCAAGCTAAA-1","Generalist NE"
"CCAAACCCAATTGAGA-1","Generalist nonNE"
"CCAAACCCACAATTAC-1","Generalist NE"
"CCAAACCCAGGACCTT-2","Generalist nonNE"
"CCAAACCCAGGCAAGC-1","Generalist NE"
"CCAAACCCAGGCGAGT-2","Generalist nonNE"
"CCAAACTAGACTTATG-1","Generalist nonNE"
"CCAAACTAGCACGTTG-1","Generalist NE"
"CCAAACTAGCTAAAGG-1","Generalist nonNE"
"CCAAACTAGCTTTGGG-2","Generalist NE"
"CCAAACTAGTCTTGAA-2","Generalist NE"
"CCAAATCAGACAACGA-2","Generalist NE"
"CCAAATCAGAGAAGGG-1","nonNE1"
"CCAAATCAGCTCCTTA-2","Generalist NE"
"CCAACATAGCTGAGGG-2","Neuroendocrine1"
"CCAACATAGTGATTCA-1","nonNE2"
"CCAACCAAGAGAAGGG-2","Generalist NE"
"CCAACCAAGAGGGACT-1","Generalist NE"
"CCAACCAAGGCGCACT-1","Generalist NE"
"CCAACCAAGGTAACGA-1","Generalist NE"
"CCAACCCGTAGCTAGC-1","Generalist nonNE"
"CCAACCCGTCACGGAT-1","Generalist NE"
"CCAACCCGTCATAAGT-1","Generalist NE"
"CCAACCCGTGCTCCGT-2","Generalist nonNE"
"CCAACCCGTTCCGGGA-2","Generalist NE"
"CCAACCCGTTGTGACA-2","Generalist NE"
"CCAACCCGTTTGAGGC-2","Generalist NE"
"CCAACCCGTTTGGCTT-2","Generalist nonNE"
"CCAAGGCTCAACCAAC-2","nonNE1"
"CCAAGGCTCACCAATA-2","Neuroendocrine1"
"CCAAGGCTCAGTATTG-1","Generalist NE"
"CCAAGGCTCCACCCTG-2","Generalist nonNE"
"CCAAGGCTCTTACTCG-1","Generalist NE"
"CCAAGGCTCTTAGCCC-1","Generalist NE"
"CCAAGTTAGACAACAG-1","Generalist NE"
"CCAAGTTAGCTCCTTA-2","nonNE1"
"CCAAGTTAGGTCCAAT-2","Generalist NE"
"CCAAGTTAGTTCCCAC-1","Generalist NE"
"CCAATATCAATGAGGT-2","Generalist NE"
"CCAATATCAGTTAAAG-1","nonNE1"
"CCAATATCATCATGTG-2","Generalist NE"
"CCAATATCATGATTGT-1","Generalist nonNE"
"CCACAATAGCAGGCCT-1","Generalist nonNE"
"CCACAATAGCATTATG-2","Neuroendocrine2"
"CCACAATAGCCACATG-2","nonNE1"
"CCACAATAGGGTCTAT-1","Generalist nonNE"
"CCACAATAGTATTGCA-2","Generalist NE"
"CCACAATAGTTGTCCC-1","Generalist NE"
"CCACACAAGGAGCAAC-1","Generalist NE"
"CCACAGGGTACAAAGA-2","Intermediate"
"CCACAGGGTGGATGTC-1","Generalist nonNE"
"CCACAGGGTGGATTCA-2","Generalist NE"
"CCACAGGGTTAAGTGT-2","Generalist NE"
"CCACATTGTAGCCATA-1","Generalist NE"
"CCACATTGTATTGGAT-2","Neuroendocrine1"
"CCACATTGTTTAAAGC-1","Generalist NE"
"CCACTTGGTATTGTCC-1","Neuroendocrine2"
"CCACTTGGTCCTTCTC-2","Generalist NE"
"CCACTTGGTCGCATAA-1","nonNE1"
"CCACTTGGTCGTAAAT-2","Generalist NE"
"CCACTTGGTGAGGTGA-1","Stress"
"CCACTTGGTGTCACGG-2","Neuroendocrine2"
"CCACTTGGTGTTTGTC-2","Generalist NE"
"CCACTTGGTTATTGCC-2","Generalist NE"
"CCACTTGGTTCCGGCT-1","Generalist NE"
"CCACTTGGTTGAGGTC-2","Generalist nonNE"
"CCAGACTCACTAAGAA-1","Generalist NE"
"CCAGACTCAGGAACAT-1","Generalist NE"
"CCAGCCTGTAAATTGC-1","Generalist nonNE"
"CCAGCCTGTGCTGTAA-1","Generalist nonNE"
"CCAGCCTGTGGATTAT-1","Generalist NE"
"CCAGCTAAGCTCAATA-2","nonNE1"
"CCAGCTAAGGCAAGTA-1","Generalist NE"
"CCAGCTAAGGGACCTC-2","Generalist NE"
"CCAGCTAAGTTATGGC-1","Generalist nonNE"
"CCAGCTGCAAGGGTTG-1","Generalist NE"
"CCAGCTGCAAGTTATC-2","Generalist nonNE"
"CCAGCTGCACAATGTT-1","Generalist NE"
"CCAGCTGCACTTCACT-2","Intermediate"
"CCAGCTGCAGCATGTC-2","Generalist nonNE"
"CCAGCTGCAGGACCTT-2","Generalist NE"
"CCAGCTGCATAGCTGC-2","Generalist NE"
"CCAGCTGCATCCAGGT-1","Generalist NE"
"CCAGCTGCATTGTGGC-1","Generalist nonNE"
"CCAGGAACAGGCTGTT-2","nonNE1"
"CCAGGAACAGGTTAAA-1","Generalist NE"
"CCAGGAACATCCCTCA-1","Generalist NE"
"CCAGGAACATCGCTTT-1","Neuroendocrine2"
"CCAGGAACATGATTGT-2","Generalist NE"
"CCAGGAACATTAAACC-1","Generalist NE"
"CCAGGATGTAACAGGG-1","Generalist NE"
"CCAGGATGTATGGTGC-2","Generalist NE"
"CCAGGATGTGATGAAA-1","nonNE1"
"CCAGGATGTGCGCAAT-2","Generalist NE"
"CCAGGATGTTAGGACC-1","Generalist NE"
"CCAGGATGTTCCTCCT-2","Generalist NE"
"CCAGTTTGTAACCTAG-2","nonNE1"
"CCAGTTTGTCAATGTG-1","Generalist nonNE"
"CCAGTTTGTCATTGAG-1","Generalist nonNE"
"CCAGTTTGTTAACAGT-1","Generalist nonNE"
"CCAGTTTGTTGCGGAT-2","Generalist nonNE"
"CCATAAATCACACAGT-2","Generalist nonNE"
"CCATAAATCAGGCCTA-2","Generalist NE"
"CCATAAATCCCATAAA-2","Generalist NE"
"CCATAAATCCTCATCA-2","Generalist NE"
"CCATAAATCGACCTGA-2","Generalist NE"
"CCATAAATCGGTTAGT-1","Generalist nonNE"
"CCATAAATCTAGCGAT-1","Generalist NE"
"CCATAAGGTCACGAAC-2","Generalist NE"
"CCATAAGGTCCGGTTC-1","Generalist nonNE"
"CCATAAGGTGACATAT-2","Neuroendocrine2"
"CCATAAGGTGGAAACG-2","Generalist nonNE"
"CCATAAGGTGGTGAGA-2","Generalist NE"
"CCATAAGGTGTCCAAA-1","Generalist NE"
"CCATAAGGTTAAGGTT-2","Neuroendocrine2"
"CCATAAGGTTGCTGGG-2","Generalist NE"
"CCATAATCAATAGTCT-1","nonNE1"
"CCATAATCACAAAGAC-1","Generalist NE"
"CCATAATCACCTAATG-2","Generalist NE"
"CCATAATCATTAAACC-2","Generalist nonNE"
"CCATAGCCACTGGCTG-1","Generalist nonNE"
"CCATAGCCAGTAAGTA-2","Neuroendocrine2"
"CCATAGCCATTCAGCA-2","Neuroendocrine2"
"CCATATTTCATTAGTG-2","Generalist NE"
"CCATATTTCTACTAAG-2","Generalist NE"
"CCATATTTCTTTGAGA-1","Generalist NE"
"CCATCACTCACGAATC-1","Generalist NE"
"CCATCACTCACTAATG-2","Intermediate"
"CCATCACTCACTCAAA-1","Generalist NE"
"CCATCACTCAGGAAGC-2","Intermediate"
"CCATCACTCCTAGTTT-2","nonNE1"
"CCATCACTCGCTATAA-2","Generalist NE"
"CCATCACTCGGCCAGT-2","Neuroendocrine2"
"CCATCACTCGGTTACG-1","Generalist NE"
"CCATCACTCGTTCACC-1","Generalist NE"
"CCATCACTCTCAATTC-2","Generalist NE"
"CCATCATGTAAGCTCA-1","Neuroendocrine1"
"CCATCATGTATTGGAT-2","Generalist NE"
"CCATCATGTCTATCGT-1","Generalist nonNE"
"CCATCATGTTCGGTAA-1","nonNE1"
"CCATCATGTTTAACGG-1","Stress"
"CCATTATTCGCTAGTG-2","Generalist NE"
"CCATTGTGTGTTCCCA-1","Generalist nonNE"
"CCATTGTGTTGTCATC-2","Generalist NE"
"CCCAAACCAGCTTACA-2","Generalist NE"
"CCCAAATAGCCTTAAA-1","Generalist NE"
"CCCAAATAGTCCTGAG-2","Generalist NE"
"CCCAACCGTAGCCTCC-2","Generalist NE"
"CCCAACCGTCAGGCAT-2","Generalist NE"
"CCCAACCGTGAGCAAG-2","Generalist NE"
"CCCAACCGTTATCCTA-2","Generalist NE"
"CCCAACCGTTCACCAT-1","Neuroendocrine1"
"CCCAACCGTTCATCTA-1","Generalist NE"
"CCCAATTGTAATGACT-1","Generalist nonNE"
"CCCAATTGTACCCACC-2","Generalist nonNE"
"CCCAATTGTCCGTAGG-1","Generalist NE"
"CCCAATTGTGAGCACT-1","Generalist NE"
"CCCAATTGTGCATCGG-1","Generalist nonNE"
"CCCAATTGTGGTTCTT-1","Generalist NE"
"CCCAGCACAATACTGT-2","Generalist NE"
"CCCAGCACATCAGTAT-2","Neuroendocrine1"
"CCCAGCACATGTCAGC-1","Generalist NE"
"CCCAGTTTCAATGACC-2","Generalist NE"
"CCCAGTTTCATCCTCA-1","Generalist NE"
"CCCAGTTTCATCGTTT-1","Generalist nonNE"
"CCCAGTTTCCGCAAAT-2","Generalist NE"
"CCCAGTTTCCGGCTAA-1","Generalist nonNE"
"CCCAGTTTCGGCCAGT-2","Neuroendocrine1"
"CCCAGTTTCTCTAGCC-2","Intermediate"
"CCCATAACACCAACCG-1","Neuroendocrine2"
"CCCATAACAGGCGATA-2","Generalist NE"
"CCCGCAACAAGCTTTG-1","Generalist nonNE"
"CCCGCAACAAGGCCAA-1","Generalist nonNE"
"CCCGCAACAGGTTAAA-1","Generalist NE"
"CCCGCTTCAAGGAATC-1","Generalist nonNE"
"CCCGCTTCACATGCTA-1","Generalist nonNE"
"CCCGCTTCACTCGCTC-1","Generalist NE"
"CCCGCTTCATACCCGG-1","Generalist NE"
"CCCGTAAAGAACAAGT-1","Generalist NE"
"CCCGTAAAGAGGCTAA-1","Generalist NE"
"CCCGTAAAGCTAATTG-2","Generalist NE"
"CCCGTAAAGGTCCTGA-2","Neuroendocrine2"
"CCCGTTGTCATAATCG-1","Generalist NE"
"CCCGTTGTCCACCTTA-1","Generalist NE"
"CCCGTTGTCCTTAATC-2","Generalist NE"
"CCCGTTGTCGAAGTGA-2","Generalist nonNE"
"CCCGTTGTCTCACACC-1","Generalist NE"
"CCCTAATGTAATCACG-1","Generalist NE"
"CCCTAATGTGATTTGG-2","Generalist NE"
"CCCTAATGTGGACCTG-2","Generalist NE"
"CCCTCACCAAGTCGCT-1","Generalist NE"
"CCCTCACCAATAGCCC-1","Generalist NE"
"CCCTCACCACATAGCC-2","Generalist NE"
"CCCTCACCAGCATTAT-1","Stress"
"CCCTCACCAGGCATCT-1","Generalist NE"
"CCCTCACCATCTAGCA-2","Generalist NE"
"CCCTCAGTCATAACCA-1","Generalist NE"
"CCCTCAGTCATGCATA-2","nonNE1"
"CCCTCAGTCATGTTTC-1","Generalist NE"
"CCCTCAGTCATTAGGC-2","nonNE1"
"CCCTCAGTCTCATCAT-2","Neuroendocrine1"
"CCCTCATAGCACTTGG-1","Generalist NE"
"CCCTCATAGCTCATAA-2","Neuroendocrine2"
"CCCTCATAGGATGATG-2","Generalist nonNE"
"CCCTGGACAATTGCGC-2","nonNE1"
"CCCTGGACACTAGCGT-2","Generalist nonNE"
"CCCTGGACAGAGGGAG-1","Intermediate"
"CCCTGGACAGGAAGCC-1","Generalist nonNE"
"CCCTGGACAGGCTAAG-2","Generalist NE"
"CCCTGGACAGTAAGTA-1","Generalist NE"
"CCCTGGACAGTTGCGT-1","Generalist nonNE"
"CCCTGGACATAAGCAA-1","Generalist NE"
"CCCTGGACATATAACC-1","Generalist NE"
"CCCTGTTAGCAATAGG-1","Generalist NE"
"CCCTGTTAGGTGTTAC-2","Generalist NE"
"CCCTTAATCACGCCAA-2","Generalist NE"
"CCCTTAATCCATCAGG-1","nonNE1"
"CCCTTAATCGGTTTCC-2","Generalist NE"
"CCGACAGGTCGCGCAA-2","Generalist NE"
"CCGACAGGTTAACGAT-1","Generalist NE"
"CCGACAGGTTACCTGT-1","nonNE1"
"CCGACAGGTTTACGTC-2","Neuroendocrine2"
"CCGATGCAGATAGACG-2","Generalist NE"
"CCGATGCAGCAAGACA-1","nonNE1"
"CCGATGCAGCCACATG-1","Generalist NE"
"CCGATGCAGCCTCTGT-2","Generalist nonNE"
"CCGATGCAGGAACACA-1","Generalist NE"
"CCGATGCAGGCACAGG-2","Neuroendocrine2"
"CCGATGCAGTAACCCG-1","nonNE2"
"CCGATGCAGTAAGTGG-1","Generalist NE"
"CCGATGCAGTAGGATG-1","Generalist NE"
"CCGATGCAGTGAAGTG-2","Generalist NE"
"CCGATGCAGTGATTCA-1","Generalist nonNE"
"CCGCAAATCATTTGCT-1","Generalist NE"
"CCGCAAATCGCTATAA-2","Generalist NE"
"CCGCAAATCGGTCAAT-2","nonNE1"
"CCGCAAATCTCACATT-1","Generalist nonNE"
"CCGCAAGGTACTGATG-1","Generalist NE"
"CCGCAAGGTCACAGCG-2","Neuroendocrine1"
"CCGCAAGGTCTTGCAT-2","Generalist NE"
"CCGCAAGGTGTAATAC-1","Generalist nonNE"
"CCGCAAGGTTAGTACG-1","Generalist nonNE"
"CCGCAAGGTTATTGCC-1","Generalist NE"
"CCGCAAGGTTGACTTC-1","Generalist NE"
"CCGCAAGGTTTACGTC-2","Intermediate"
"CCGCAAGGTTTGGGTA-1","Stress"
"CCGCACACAATCTCTC-1","Neuroendocrine2"
"CCGCACACAATCTCTC-2","nonNE1"
"CCGCACACAATGCCCG-1","Generalist NE"
"CCGCACACACAAGCCT-1","Generalist NE"
"CCGCACACACACTAAT-1","Generalist NE"
"CCGCACACAGCAAGAT-2","Generalist NE"
"CCGCACACAGCTCAAC-2","Intermediate"
"CCGCACACATTGTCAG-2","Neuroendocrine2"
"CCGCACACATTGTGGC-1","Generalist NE"
"CCGCACACATTTGCTC-2","Generalist NE"
"CCGCCAACAACAGCCT-1","Generalist NE"
"CCGCCAACACAGGAAT-2","Generalist NE"
"CCGCCAACACTGGCTG-1","Generalist NE"
"CCGCTAAAGACAAAGT-2","Neuroendocrine1"
"CCGCTAAAGACAGGTA-1","nonNE1"
"CCGCTAAAGCAAGATG-1","Stress"
"CCGCTAAAGCTCATAA-2","Generalist NE"
"CCGCTAAAGGACAATG-1","Generalist NE"
"CCGCTAAAGGACCTGC-1","Generalist NE"
"CCGCTAAAGGCACAGG-2","Generalist NE"
"CCGCTAAAGGCCTGGT-2","Generalist NE"
"CCGCTAAAGTCATTAG-1","Generalist nonNE"
"CCGCTAAAGTGCACGC-1","Generalist NE"
"CCGCTTAGTAGGATCC-2","Generalist NE"
"CCGCTTAGTTCACCCA-1","Generalist NE"
"CCGGTAGGTAATCGGC-1","Generalist NE"
"CCGGTAGGTAATCGTG-2","Generalist NE"
"CCGGTAGGTTCCGGGA-1","Generalist NE"
"CCGGTTAAGCATTAGC-2","Generalist NE"
"CCGGTTAAGGATCCGC-1","Generalist nonNE"
"CCGGTTAAGGATTGAG-1","Stress"
"CCGGTTAAGGCGAATA-1","Generalist NE"
"CCGTGCTGTAGTTGGC-1","Generalist NE"
"CCGTGCTGTATTGTGG-2","Generalist NE"
"CCGTGCTGTCTAGCTT-1","Generalist NE"
"CCGTGCTGTGCACGCA-1","nonNE1"
"CCGTGCTGTGCCGCAA-1","Generalist nonNE"
"CCGTGCTGTGTCCAAA-2","Generalist NE"
"CCGTGCTGTTCACCCA-1","Generalist NE"
"CCGTGCTGTTCCAGGG-1","Generalist NE"
"CCGTTAACAAAGCGGC-2","Generalist NE"
"CCGTTAACAAGGTGGC-2","Generalist NE"
"CCGTTAACAGTTATCG-2","Generalist NE"
"CCGTTAACATAGGCGA-1","nonNE1"
"CCGTTAACATCCAGGT-2","Generalist NE"
"CCGTTAACATGAGTTT-2","Generalist nonNE"
"CCGTTAACATTAGCCA-1","nonNE1"
"CCGTTACTCCGTCCAT-1","Generalist nonNE"
"CCGTTACTCTCATCAT-1","Generalist NE"
"CCGTTATGTCAAGTGC-1","Generalist nonNE"
"CCGTTATGTCACTCGC-2","nonNE1"
"CCGTTATGTTATCCTA-1","Intermediate"
"CCGTTATGTTGGCCGA-1","Generalist nonNE"
"CCGTTATGTTGTGATG-1","Generalist nonNE"
"CCGTTATGTTTGGGTA-1","Generalist NE"
"CCGTTGCGTAAGCTTG-2","Generalist nonNE"
"CCGTTGCGTGGGTGAA-2","Generalist NE"
"CCGTTGCGTTAGTACG-2","Neuroendocrine1"
"CCGTTTGGTGCGCATG-2","Generalist NE"
"CCGTTTGGTGGTTCTT-2","Generalist NE"
"CCGTTTGGTTAACGAT-2","Generalist NE"
"CCTAAAGGTAAGGTCC-1","Generalist NE"
"CCTAAAGGTAATGGCC-2","Generalist nonNE"
"CCTAAAGGTCATCCTG-1","Generalist NE"
"CCTAAAGGTGCCGCAA-2","Generalist nonNE"
"CCTAAAGGTGGTTCTT-1","Generalist NE"
"CCTAAATCACAGGATG-2","Generalist nonNE"
"CCTAAATCAGCAATAA-2","Generalist nonNE"
"CCTAAATCAGTTTGGC-2","Generalist nonNE"
"CCTAAATCATTGCGTA-1","Generalist nonNE"
"CCTAAATCATTGCGTA-2","Generalist NE"
"CCTAAGCCAAGCCACT-2","Generalist NE"
"CCTAAGCCAAGGATTA-1","Generalist NE"
"CCTAAGCCACAGGGAC-1","Generalist NE"
"CCTAAGCCAGAATGAC-1","Generalist NE"
"CCTAAGCCATTATGGT-2","Generalist NE"
"CCTAAGGTCACAGCGC-1","nonNE1"
"CCTAAGGTCAGTTCCC-1","Neuroendocrine2"
"CCTAAGGTCATCAGTA-2","Generalist NE"
"CCTAAGGTCCACCCTG-1","Generalist nonNE"
"CCTAAGTAGACAAGTG-1","Generalist NE"
"CCTAAGTAGCTAATTG-2","Neuroendocrine2"
"CCTAAGTAGTTAGGCT-2","Generalist NE"
"CCTAATAAGCTTTGTT-1","Generalist NE"
"CCTAATAAGGGTTATC-1","Generalist nonNE"
"CCTAATAAGTTTCCTG-2","Generalist NE"
"CCTAATCGTAATAGCT-2","Generalist NE"
"CCTAATCGTAGCTGGT-2","Generalist NE"
"CCTAATCGTCATAAGT-1","Generalist nonNE"
"CCTAATCGTCCTCCAA-2","Generalist NE"
"CCTAATCGTTATTGCC-1","Generalist NE"
"CCTACTGGTAATAGCT-1","Neuroendocrine2"
"CCTACTGGTAGGTTAT-2","Generalist NE"
"CCTACTGGTCCTTCAG-1","Generalist NE"
"CCTACTGGTCTTACTA-2","Neuroendocrine1"
"CCTACTGGTTAGCAGC-1","Generalist nonNE"
"CCTACTTCAAGTTATC-2","nonNE1"
"CCTACTTCACTGACCG-1","nonNE1"
"CCTACTTCAGCATGGA-1","Intermediate"
"CCTACTTCATAGGCGA-1","Generalist nonNE"
"CCTAGTTGTATTGAGT-2","Generalist NE"
"CCTAGTTGTGGAAACG-1","Generalist nonNE"
"CCTAGTTGTGGGTGAA-2","Intermediate"
"CCTAGTTGTTAGAGCC-2","Generalist NE"
"CCTATAGCAGCGCTTG-1","Generalist NE"
"CCTATAGCAGTAATAG-1","Generalist NE"
"CCTATAGCATAATGTC-1","Generalist NE"
"CCTATATTCACCAATA-1","Generalist NE"
"CCTATATTCATGCGTG-1","Generalist NE"
"CCTATATTCCAGGTTG-2","Neuroendocrine2"
"CCTATATTCCTAACGG-1","Neuroendocrine2"
"CCTATATTCCTAAGTA-2","Generalist NE"
"CCTATATTCTGCAAGT-1","Generalist nonNE"
"CCTATATTCTGTTCAT-1","Generalist NE"
"CCTATATTCTTAGTCT-2","Generalist NE"
"CCTATTGTCAAGCGCC-1","nonNE1"
"CCTATTGTCCCTTGCG-1","Generalist nonNE"
"CCTATTGTCCGCTAGA-1","Generalist nonNE"
"CCTATTGTCCTTTACG-1","nonNE1"
"CCTATTGTCTAGCGTG-1","Intermediate"
"CCTATTGTCTCAATGA-2","Generalist NE"
"CCTATTTAGAAGCTAG-2","Generalist nonNE"
"CCTATTTAGGACTTAC-1","nonNE1"
"CCTATTTAGGCCGGAA-1","Generalist NE"
"CCTATTTAGGCGGATG-2","nonNE1"
"CCTATTTAGGTCCTGA-2","Generalist NE"
"CCTATTTAGGTCGATT-1","Generalist NE"
"CCTATTTAGTTAGCCG-1","Generalist NE"
"CCTCAAACAAATTGCT-1","nonNE1"
"CCTCAAACAACTAGAA-1","Generalist NE"
"CCTCAAACACGTAATT-1","Generalist NE"
"CCTCAAACAGCTAATT-1","Generalist NE"
"CCTCAATGTACGCGCA-1","Generalist NE"
"CCTCAATGTACGGTAC-1","Intermediate"
"CCTCAATGTGTGAGAG-1","Generalist NE"
"CCTCAATGTTACTTGC-1","Generalist NE"
"CCTCAGTTCCATTACT-2","Generalist NE"
"CCTCAGTTCCCGCAAA-1","Generalist NE"
"CCTCCTCTCATCAGTA-2","Neuroendocrine2"
"CCTCCTCTCATGCATA-1","nonNE2"
"CCTCCTCTCATTGCAA-2","Generalist NE"
"CCTCCTCTCCGTAAAC-1","Generalist NE"
"CCTCCTCTCTAAATCG-2","Generalist NE"
"CCTCCTCTCTCAATGA-2","Generalist NE"
"CCTCCTCTCTTGCTAT-1","Neuroendocrine2"
"CCTCCTGAGAACCTAC-2","Neuroendocrine2"
"CCTCCTGAGCGAGCGA-1","nonNE1"
"CCTCCTGAGCTTACTT-2","Generalist nonNE"
"CCTCCTGAGGCTTAGT-1","Generalist NE"
"CCTCCTGAGTCATTGA-1","Generalist NE"
"CCTCCTGAGTCCTTCA-1","Generalist NE"
"CCTGAATAGCCTGAGC-1","Generalist NE"
"CCTGAATAGCGATAAG-2","Generalist nonNE"
"CCTGAATAGCTCAATA-1","Generalist nonNE"
"CCTGAATAGGAGGGTT-2","Generalist NE"
"CCTGAATAGGCAGGTG-1","Generalist nonNE"
"CCTGAATAGGCGCTTA-2","Generalist NE"
"CCTGAATAGGCGTAAA-1","Generalist NE"
"CCTGAATAGTAAACCC-2","Intermediate"
"CCTGAATAGTCAGGCC-2","nonNE1"
"CCTGAATAGTGAACGA-2","nonNE1"
"CCTGAATAGTGAAGTG-2","Generalist NE"
"CCTGAATAGTGCACGC-1","Generalist NE"
"CCTGAATAGTTAGTTG-1","Generalist nonNE"
"CCTGACTTCATCACTT-1","Intermediate"
"CCTGACTTCATTAGGC-1","Generalist NE"
"CCTGACTTCCAAATCA-2","Intermediate"
"CCTGACTTCGGTACGC-2","nonNE1"
"CCTGACTTCTCGACCT-1","Generalist NE"
"CCTGACTTCTTGAGGT-2","nonNE1"
"CCTGAGTCAATTGAAG-2","Generalist NE"
"CCTGAGTCATTTAAGC-1","Generalist nonNE"
"CCTGATGAGGCCTAAT-2","Neuroendocrine2"
"CCTGATGAGGTTTGAC-1","Generalist nonNE"
"CCTGATGAGTGTTGTA-1","Generalist NE"
"CCTGATGAGTTCCCAC-1","Generalist NE"
"CCTGCTCCAACTAGAA-2","Neuroendocrine1"
"CCTGCTCCAGGCTTCG-1","Generalist NE"
"CCTGCTCCATGTTGCA-1","Generalist NE"
"CCTGGATCAAACTGTT-1","nonNE1"
"CCTGGATCAAAGGCCA-1","Generalist nonNE"
"CCTGGATCACCAAAGG-1","Generalist NE"
"CCTGGATCAGGCTAGA-2","Generalist NE"
"CCTGGTAAGCTGCACA-1","Generalist NE"
"CCTGGTAAGGGATGAC-2","Generalist NE"
"CCTGGTAAGTCCTTCA-2","Neuroendocrine1"
"CCTGTAACAACCCTAA-2","Generalist NE"
"CCTGTAACAATAACGA-1","Generalist NE"
"CCTGTAACAATTAGCT-1","Generalist nonNE"
"CCTGTAACACCCACCT-2","Generalist NE"
"CCTGTAACAGCAATAA-2","Generalist NE"
"CCTGTAACATAAGCAA-2","Generalist NE"
"CCTGTAACATCCATCT-1","Generalist nonNE"
"CCTGTATGTAAAGCGG-2","Neuroendocrine2"
"CCTGTATGTCCAAGAC-1","Generalist NE"
"CCTGTATGTGTGAGGA-2","Generalist NE"
"CCTGTATGTTAAGCTG-2","Intermediate"
"CCTGTATGTTGGCGTG-1","Generalist NE"
"CCTGTATGTTGTCCAT-1","Generalist NE"
"CCTGTTGGTACCCACC-1","Generalist NE"
"CCTGTTGGTGTAACCA-1","Generalist NE"
"CCTTAACGTAATGACT-1","Generalist NE"
"CCTTAACGTGATTACG-1","Stress"
"CCTTAACGTTTCCTCC-1","Generalist NE"
"CCTTACTCAAACAACA-1","Generalist NE"
"CCTTACTCAAGCTAAA-1","Generalist nonNE"
"CCTTACTCAAGGTATA-1","Generalist nonNE"
"CCTTACTCAATGCCCG-1","Stress"
"CCTTACTCACGTAATT-2","Generalist NE"
"CCTTACTCAGGGAGCT-1","Generalist NE"
"CCTTAGTGTATTACCC-2","Intermediate"
"CCTTAGTGTTTACTTG-2","Neuroendocrine1"
"CCTTAGTGTTTGCGAA-2","nonNE1"
"CCTTATGTCAATCATG-1","Generalist NE"
"CCTTATGTCACAAGCT-1","Generalist NE"
"CCTTATGTCCCTCGCA-1","Generalist NE"
"CCTTATGTCGCTAGAT-1","Generalist NE"
"CCTTATGTCGGTTTGG-2","Generalist NE"
"CCTTATGTCGTTTCGC-1","Generalist NE"
"CCTTATGTCTTGATGA-2","Neuroendocrine1"
"CCTTCAATCAAACCGT-1","Generalist NE"
"CCTTCAATCATGCAAC-2","Generalist nonNE"
"CCTTCAATCCATAAGC-2","Neuroendocrine2"
"CCTTCAATCGCTATAA-2","Generalist NE"
"CCTTCAATCGTTAGTA-1","Generalist nonNE"
"CCTTCAATCGTTCACC-1","nonNE1"
"CCTTCAATCTCCATGC-1","Generalist NE"
"CCTTCAGGTAATGGAA-1","Generalist NE"
"CCTTCAGGTCATAACG-1","Generalist NE"
"CCTTCAGGTTCCATTA-1","Generalist nonNE"
"CCTTCGGTCAACAAGG-2","Neuroendocrine1"
"CCTTCGGTCCGCATGA-1","Generalist NE"
"CCTTCGGTCGAGGAAC-2","Generalist nonNE"
"CCTTCGGTCGATTTGA-2","nonNE1"
"CCTTCGGTCTTGCATT-1","Generalist nonNE"
"CCTTCGTAGAGAGGCT-1","Generalist NE"
"CCTTCGTAGGACCTCA-2","Generalist nonNE"
"CCTTCGTAGGTAAGCA-2","nonNE1"
"CCTTCGTAGTAACCAC-1","Generalist NE"
"CCTTCGTAGTAACCCG-1","Generalist NE"
"CCTTGCGTCATGCTTT-1","Generalist NE"
"CCTTGCGTCATTAGCA-2","Generalist nonNE"
"CCTTGCGTCTCACACC-1","Neuroendocrine1"
"CCTTGCGTCTGCAACG-1","Generalist nonNE"
"CCTTGTTCAAGCGAGC-1","Generalist nonNE"
"CCTTGTTCAATGAAGC-1","Generalist nonNE"
"CCTTGTTCACAATACT-1","Stress"
"CCTTGTTCAGCCAGTT-2","Generalist nonNE"
"CCTTGTTCAGGACCAA-2","Generalist NE"
"CCTTGTTCAGGCATGA-1","Generalist NE"
"CCTTGTTCATCAGTAT-1","Generalist NE"
"CCTTTAGTCACGAATC-2","Generalist NE"
"CCTTTAGTCATTTGCT-1","nonNE1"
"CCTTTAGTCCTTCGTA-2","Generalist NE"
"CCTTTAGTCGCCTGTT-1","nonNE1"
"CGAAATGAGTCATTTC-2","Intermediate"
"CGAACAAAGTCACCTC-1","Generalist NE"
"CGAACAAAGTTTAACG-1","nonNE1"
"CGAACCGGTAGCTAAT-1","Generalist NE"
"CGAACCGGTCCTTTAA-1","Generalist NE"
"CGAACCGGTCGTAAAT-1","Generalist NE"
"CGAACCGGTGTAACCA-1","Generalist NE"
"CGAACCGGTTAGGTGC-1","Generalist nonNE"
"CGAACCGGTTCGCTCA-2","nonNE2"
"CGAACCGGTTTGCGCC-2","nonNE1"
"CGAAGAATCATCACTT-2","Neuroendocrine1"
"CGAAGAATCCTCACAC-2","Generalist NE"
"CGAAGAATCCTCACTA-1","Generalist NE"
"CGAAGAATCTAAGTCA-1","Generalist NE"
"CGAAGAATCTTGTCCA-2","Generalist NE"
"CGAAGCCTCACTAATG-2","Generalist NE"
"CGAAGCCTCAGGAAGC-1","Generalist NE"
"CGAAGCCTCCCTGGTT-1","Generalist NE"
"CGAAGCCTCTAAGTGC-2","Generalist NE"
"CGAAGCCTCTCACTAT-2","Generalist NE"
"CGAAGCGAGCCTCTGT-1","Generalist nonNE"
"CGAAGCGAGGCGAAAC-2","Generalist nonNE"
"CGAAGCGAGTCATGCG-2","Generalist NE"
"CGAAGGCCAAGCCACT-2","Generalist NE"
"CGAAGGCCACCCACAG-1","Generalist NE"
"CGAAGGCCATTGTGGC-2","Generalist nonNE"
"CGAAGTAAGACTTATG-1","Generalist nonNE"
"CGAATATGTCAAGTAT-2","Generalist NE"
"CGAATATGTGCTAGCG-2","Neuroendocrine2"
"CGAATATGTTAAGCCA-1","nonNE1"
"CGAATATGTTACTTGC-2","Generalist NE"
"CGAATCTAGCGAGTAA-2","Generalist NE"
"CGAATCTAGGCGCACT-2","Generalist nonNE"
"CGACAAGCAACGTGCT-2","Intermediate"
"CGACAAGCAATTTGGT-2","Generalist NE"
"CGACAAGCACAGACTC-1","Generalist nonNE"
"CGACAAGCACCTATAG-2","Generalist NE"
"CGACAAGCAGCAAGAT-2","Neuroendocrine2"
"CGACAAGCATAGTCAT-1","nonNE1"
"CGACAAGCATCAGTAT-2","Generalist NE"
"CGACCTGCAAATACCT-2","Generalist NE"
"CGACCTGCACCCTCAC-2","Generalist nonNE"
"CGACCTGCACTCGCTC-1","Intermediate"
"CGACCTGCATTAGGTT-1","Generalist NE"
"CGACTAAGTATTTGCC-1","Generalist NE"
"CGACTAAGTCAACAAT-2","Generalist nonNE"
"CGACTAAGTCATCCTG-2","Generalist NE"
"CGACTAAGTGCAACTA-1","Neuroendocrine2"
"CGACTAAGTGGTTATG-1","Stress"
"CGACTAAGTTACATCC-1","Generalist NE"
"CGACTAAGTTTCAGGA-2","Generalist nonNE"
"CGAGCGAAGCGATACT-1","Generalist NE"
"CGAGCGAAGCTATGAC-2","Generalist NE"
"CGAGCGAAGCTGAGGG-2","Intermediate"
"CGAGCGAAGGCTCATG-1","Generalist nonNE"
"CGAGCGAAGTTATTCC-2","Generalist NE"
"CGAGCTGGTAGACAAA-1","Generalist nonNE"
"CGAGCTGGTCCTTCTC-1","Generalist NE"
"CGAGCTGGTGGTTATG-1","Generalist NE"
"CGAGCTGGTTAGAGGG-1","Generalist NE"
"CGAGCTGGTTAGCAGC-2","Generalist NE"
"CGAGCTGGTTTAACGG-1","Generalist NE"
"CGAGCTGGTTTATCTG-1","Generalist NE"
"CGAGGAAGTCATTAGG-2","Generalist NE"
"CGAGGAAGTCCTAAGA-2","Generalist NE"
"CGAGGAAGTGGAAGGC-2","Generalist NE"
"CGAGGCAAGCGTGCGT-1","Stress"
"CGAGGCAAGCTTAACA-2","nonNE1"
"CGAGGCAAGGGACTAA-1","Intermediate"
"CGAGGCAAGGTGAAGC-1","nonNE1"
"CGAGGCAAGGTGCTGC-2","Generalist NE"
"CGAGGCAAGTAAGGGC-1","Generalist NE"
"CGAGGCAAGTTATCCT-2","Generalist NE"
"CGAGGTGAGCATTTCT-1","Generalist NE"
"CGAGGTGAGCTTTGGG-2","Neuroendocrine2"
"CGAGTCGGTATTCGCT-1","Generalist NE"
"CGAGTCGGTCACAGAC-1","Generalist nonNE"
"CGAGTCGGTTCCAGGG-1","nonNE1"
"CGAGTCGGTTGCTTCG-1","Generalist NE"
"CGAGTCGGTTGGTGAC-2","Generalist nonNE"
"CGAGTCGGTTGTTGGA-2","Generalist NE"
"CGAGTCGGTTTATTCG-1","Generalist NE"
"CGATATTCAACGTGCT-2","Generalist NE"
"CGATATTCAATACTGT-1","Neuroendocrine2"
"CGATATTCACTTACAG-2","Generalist NE"
"CGATATTCAGCAAGGC-1","Generalist NE"
"CGATATTCATAGGCGA-2","Generalist NE"
"CGATATTCATCTTGAG-2","Generalist NE"
"CGATATTCATGCTTAG-1","Generalist NE"
"CGATCCTTCATTCATC-2","Neuroendocrine2"
"CGATCCTTCCTTAGGG-1","nonNE1"
"CGATCCTTCTTGAGCG-2","Generalist nonNE"
"CGATCCTTCTTGCATT-1","Generalist NE"
"CGATGTCCAAGCCACT-2","Neuroendocrine1"
"CGATGTCCACAAAGCG-2","Generalist NE"
"CGATGTCCACAATTAC-2","Generalist NE"
"CGATGTCCACGGTTTA-2","Neuroendocrine2"
"CGATGTCCAGGGAGGA-2","Generalist NE"
"CGATGTCCATATTGAC-1","Generalist NE"
"CGATGTCCATCCGTAA-2","nonNE1"
"CGATGTCCATGACTAT-1","nonNE1"
"CGATGTCCATTGTCCT-2","Generalist nonNE"
"CGATTATCAAACTGTT-2","Generalist NE"
"CGATTATCAACCTAAT-2","Intermediate"
"CGATTCCTCAATCTCT-1","Generalist NE"
"CGATTCCTCATTAGCA-1","Neuroendocrine2"
"CGATTCCTCATTGCAA-1","nonNE1"
"CGATTCCTCCATAATG-1","Generalist NE"
"CGATTCCTCCCGCAAA-1","Generalist nonNE"
"CGATTCCTCCTAGTCC-1","Generalist NE"
"CGATTCCTCTAGCGAT-2","Generalist NE"
"CGATTCCTCTATCGCC-2","Generalist NE"
"CGATTCCTCTCGCCTG-2","Generalist NE"
"CGATTCCTCTTGCATT-1","Generalist NE"
"CGATTGAGTACCCACC-2","nonNE1"
"CGATTGAGTCACGGAT-1","Generalist NE"
"CGATTGAGTCATCCTG-1","Generalist NE"
"CGATTGAGTTTGCTGT-2","Generalist NE"
"CGATTTGCAAAGCGCA-1","Generalist NE"
"CGATTTGCAACAACAA-2","Neuroendocrine2"
"CGATTTGCAATTGCGC-2","Generalist NE"
"CGATTTGCAGTATGTT-2","Generalist NE"
"CGCAAATTCATAATCG-2","Generalist NE"
"CGCAAATTCCGCAACA-1","Generalist NE"
"CGCAAATTCCGGTTAG-2","Generalist NE"
"CGCAAATTCCTTCGTA-1","Generalist NE"
"CGCAATAGTAACTACG-1","Generalist nonNE"
"CGCAATAGTCTATCGT-1","Generalist nonNE"
"CGCAATAGTGGATGTC-2","Generalist nonNE"
"CGCAATAGTGGATTAT-2","Neuroendocrine2"
"CGCAATAGTTCGGTAA-2","nonNE1"
"CGCAATCCAAACTGTT-2","Generalist NE"
"CGCAATCCAACTAGCC-2","Neuroendocrine1"
"CGCAATCCACCTAATG-1","Generalist NE"
"CGCAATCCAGCCAGAA-2","Neuroendocrine1"
"CGCAATCCATGACTAT-1","Generalist NE"
"CGCAATGTCATAACGC-1","Generalist NE"
"CGCAATGTCATTATGG-2","nonNE1"
"CGCAATGTCTGTAAGC-1","Generalist NE"
"CGCAATTAGAGGGACT-2","nonNE1"
"CGCAATTAGCAAGGTA-1","Neuroendocrine2"
"CGCAATTAGTTTAACG-2","Generalist nonNE"
"CGCACAATCAAGTGTC-2","nonNE1"
"CGCACAATCAGCATTA-1","Generalist NE"
"CGCACAATCATCCTGC-1","nonNE1"
"CGCACAATCCACCTTA-2","Generalist NE"
"CGCACAATCTGTGCCT-2","Neuroendocrine2"
"CGCACAATCTTGGACG-1","Generalist nonNE"
"CGCACACAGATGCCTG-1","Stress"
"CGCACACAGCGAGTAA-2","nonNE1"
"CGCACACAGCTATTGA-2","Generalist NE"
"CGCACACAGCTTACTT-2","Neuroendocrine1"
"CGCACACAGTGAACGA-2","Generalist nonNE"
"CGCACACAGTTGCGTG-2","Neuroendocrine2"
"CGCACCACACATTAAC-1","Generalist NE"
"CGCACCACAGAGAGCC-2","Generalist NE"
"CGCACCACAGGACCAA-1","Generalist NE"
"CGCACCACATAAGTCT-2","Intermediate"
"CGCACCACATGGCCTG-2","nonNE1"
"CGCACCACATTAAGTC-1","Generalist NE"
"CGCATATAGCAGCTAT-2","Generalist nonNE"
"CGCATATAGCTGTAAC-2","Neuroendocrine1"
"CGCATATAGGTCGATT-1","Generalist NE"
"CGCATATAGGTTTGCG-2","Intermediate"
"CGCATATAGTCATTAG-2","Generalist NE"
"CGCATATAGTGGACAA-1","Generalist NE"
"CGCATGATCACAGCGC-2","Generalist NE"
"CGCATGATCCTTAAGA-1","Generalist nonNE"
"CGCATGATCGCTAAGT-2","Generalist nonNE"
"CGCATGATCGCTAGCA-2","Generalist NE"
"CGCATGATCGGTTAGT-1","nonNE1"
"CGCATGATCGTTACAA-2","Generalist NE"
"CGCATTACAATAAGCA-1","Generalist NE"
"CGCATTACAATTTGGT-2","Neuroendocrine2"
"CGCATTACAGGTTACC-1","Generalist NE"
"CGCATTACATGTCAGC-2","Intermediate"
"CGCATTTGTAACCACA-1","Generalist nonNE"
"CGCATTTGTGTAATAC-2","Generalist NE"
"CGCATTTGTGTCCAAA-1","Generalist NE"
"CGCATTTGTTACAACG-1","Generalist nonNE"
"CGCATTTGTTAGTACG-1","Generalist nonNE"
"CGCATTTGTTATCGAG-1","Generalist NE"
"CGCATTTGTTTAGCGA-2","Generalist nonNE"
"CGCCAAATCAAGCTTA-2","Generalist NE"
"CGCCAAATCTAGCTAA-1","Generalist NE"
"CGCCAAATCTGTAATG-1","Neuroendocrine2"
"CGCCACACAACTAGAA-2","nonNE1"
"CGCCACACAATAACGA-1","nonNE1"
"CGCCACACAATTAGGA-1","Generalist NE"
"CGCCACACACAGAACG-1","Generalist nonNE"
"CGCCACACACAGCCAT-1","Generalist NE"
"CGCCACACACTCGCTC-1","Generalist NE"
"CGCCACACATAAGCAA-1","Generalist NE"
"CGCCACACATAGACTT-2","Generalist nonNE"
"CGCCACACATGGCCCA-2","Intermediate"
"CGCCACACATTATGGT-1","Generalist NE"
"CGCCACACATTGTGGC-2","Generalist nonNE"
"CGCCTCATCATGCCTC-2","Generalist NE"
"CGCCTCATCTTAAGTG-1","Generalist NE"
"CGCCTGTGTAACGTGC-2","Generalist NE"
"CGCCTGTGTATCTGGA-1","Generalist nonNE"
"CGCCTGTGTCCGGTTC-2","Generalist NE"
"CGCCTGTGTGAACAAA-1","Generalist NE"
"CGCCTGTGTGTTTGTC-1","Neuroendocrine2"
"CGCCTGTGTTAACAGT-1","Generalist NE"
"CGCCTGTGTTACGCGG-1","Generalist NE"
"CGCCTGTGTTAGGATT-1","Generalist NE"
"CGCCTGTGTTATAGCG-2","Generalist NE"
"CGCCTGTGTTGGATAT-2","Generalist NE"
"CGCCTGTGTTTAACGG-1","Neuroendocrine2"
"CGCGATTCACAGAAAC-1","Generalist NE"
"CGCGATTCACCTGGTG-1","Generalist NE"
"CGCGATTCAGCAGGTA-2","Generalist NE"
"CGCGATTCAGTCTAAT-2","Generalist NE"
"CGCGATTCATAGACCC-1","Generalist nonNE"
"CGCGATTCATGTCAGC-2","nonNE1"
"CGCGGATTCATGCATA-1","Generalist nonNE"
"CGCGGATTCATGCTCC-1","Generalist nonNE"
"CGCGGATTCCCTGGTT-2","Neuroendocrine1"
"CGCGGATTCGGGACTC-2","nonNE1"
"CGCTAACCAGCTACGT-1","nonNE1"
"CGCTAATAGCGCATTG-2","Generalist NE"
"CGCTAATAGCTAATCA-1","Generalist nonNE"
"CGCTAATAGGAGGCAT-2","nonNE1"
"CGCTAATAGGGATGCG-2","Generalist NE"
"CGCTAATAGGTTAGAG-2","Generalist NE"
"CGCTAATAGTAGCCAT-2","Generalist NE"
"CGCTAATAGTTTCCGC-1","Generalist NE"
"CGCTACTTCAAGCGCC-1","Generalist NE"
"CGCTACTTCATAATCG-2","Generalist NE"
"CGCTACTTCCGGAACC-2","Generalist NE"
"CGCTACTTCCTGATGG-2","Generalist NE"
"CGCTACTTCGTTAGCG-2","Neuroendocrine2"
"CGCTACTTCTAAATCG-1","Generalist NE"
"CGCTACTTCTACTAAG-2","Generalist NE"
"CGCTACTTCTTAGGAC-1","Generalist NE"
"CGCTATGAGCGATAGA-2","Generalist NE"
"CGCTATGAGTATCGCG-1","Generalist NE"
"CGCTATGAGTTCCTGC-1","Generalist NE"
"CGCTCAGCAAAGCTCC-1","Generalist NE"
"CGCTCAGCAACTAACT-2","Neuroendocrine1"
"CGCTCAGCAATCGCAC-1","Generalist NE"
"CGCTCAGCAATTAGGA-1","Generalist NE"
"CGCTCAGCACAGAAAC-2","Generalist NE"
"CGCTCAGCACTAAGCC-1","Generalist nonNE"
"CGCTCAGCAGCTTAGC-1","Generalist nonNE"
"CGCTCAGCATCGTTCT-2","Generalist NE"
"CGCTCAGCATCTAGCA-2","Stress"
"CGCTCCATCAAAGGCA-1","Stress"
"CGCTCCATCAAGCGCC-1","Generalist NE"
"CGCTCCATCACTAATG-1","nonNE2"
"CGCTCCATCATTACGA-2","Generalist NE"
"CGCTCCATCATTGTTC-1","Generalist NE"
"CGCTCCATCCCTGATC-1","Stress"
"CGCTCCATCTGGCTTC-1","Generalist NE"
"CGCTCCATCTTCAATC-1","Intermediate"
"CGCTCCATCTTGCAGG-2","nonNE1"
"CGCTGTGCAACTAACT-1","Neuroendocrine2"
"CGCTGTGCAACTAGCC-2","Generalist NE"
"CGCTGTGCAGCTTAGC-2","Generalist NE"
"CGCTGTGCAGGACCAA-2","Generalist NE"
"CGCTTAACAATAATCC-1","Generalist nonNE"
"CGCTTAACACAAAGAC-2","Neuroendocrine1"
"CGCTTAACACGTTACA-2","Generalist NE"
"CGCTTACTCACCATTT-1","Generalist NE"
"CGCTTACTCCAGGAAA-1","Neuroendocrine2"
"CGCTTACTCGAAGCGG-1","nonNE1"
"CGCTTACTCGGCCATA-1","Stress"
"CGCTTACTCTGTGCCT-2","Neuroendocrine1"
"CGCTTACTCTTGCAGG-1","Neuroendocrine2"
"CGCTTCTAGAACCTGT-1","Generalist nonNE"
"CGCTTCTAGCACCACA-1","Generalist nonNE"
"CGCTTCTAGCGGATAA-2","Generalist NE"
"CGCTTCTAGCTCCTTA-1","Generalist NE"
"CGCTTCTAGGTCCTGA-2","Generalist NE"
"CGCTTCTAGGTGAAAT-1","nonNE1"
"CGCTTCTAGTCATTAG-1","Generalist nonNE"
"CGCTTGCGTAGCCATA-2","Generalist NE"
"CGCTTGCGTATTGGAT-2","Generalist nonNE"
"CGCTTGCGTGACCTGG-2","Generalist NE"
"CGCTTGCGTGAGCGAA-1","nonNE1"
"CGCTTGCGTGGAGCAA-1","Generalist nonNE"
"CGGAATCGTCGCAATA-1","nonNE1"
"CGGAATCGTGCATCGG-2","nonNE1"
"CGGAATCGTTTAACCC-2","Generalist nonNE"
"CGGAATCGTTTAACGG-2","Generalist NE"
"CGGAATCGTTTAGTCC-2","Generalist NE"
"CGGAATCGTTTATGGG-1","nonNE1"
"CGGAATCGTTTGGCTT-2","Generalist NE"
"CGGACAACAACCTGGT-1","Stress"
"CGGACAACAAGCTAAA-2","Neuroendocrine1"
"CGGACAACACTCGCTC-2","Generalist nonNE"
"CGGACAACAGGACCAA-1","Generalist NE"
"CGGACAACATGAGTTT-1","Generalist nonNE"
"CGGACAACATGCAACC-2","Neuroendocrine2"
"CGGACCTAGCCGCAAC-1","Generalist NE"
"CGGACCTAGCGGTTAT-1","Generalist NE"
"CGGACCTAGTTTCCGC-1","Generalist NE"
"CGGAGCAAGCGGATAA-1","Generalist NE"
"CGGAGCAAGGAGCAAC-1","Generalist NE"
"CGGAGCAAGGAGGGTT-2","Generalist nonNE"
"CGGAGCAAGGCGTAAA-2","Generalist NE"
"CGGAGCAAGGTGAAGC-1","Generalist NE"
"CGGAGCAAGTCAATCA-1","Generalist NE"
"CGGAGTCTCACTCGCT-1","Generalist NE"
"CGGAGTCTCATGAAGG-2","Neuroendocrine2"
"CGGATAAAGACAGGTA-2","Generalist NE"
"CGGATAAAGGACGTAA-1","Generalist NE"
"CGGATAAAGGAGGCAT-2","Generalist NE"
"CGGATAAAGTAGGCGG-1","Generalist NE"
"CGGATAAAGTTTAACG-1","Generalist nonNE"
"CGGATTAGTAGGTTTG-2","Generalist NE"
"CGGATTAGTGAATCGC-2","Generalist NE"
"CGGATTAGTGGTGAGA-1","Generalist NE"
"CGGCAATGTATTGTCC-2","Intermediate"
"CGGCAATGTCAAGTGC-2","Generalist NE"
"CGGCAATGTCACGGAT-1","Generalist NE"
"CGGCAATGTGAATCGC-2","Generalist NE"
"CGGCAATGTGCACGCA-2","Generalist NE"
"CGGCAATGTGTGAGAG-2","nonNE1"
"CGGCAATGTTGCAATG-2","Generalist NE"
"CGGCAATGTTGGTTGA-2","Generalist NE"
"CGGCAATGTTTAACGG-1","Generalist NE"
"CGGCCATAGCCATCAG-1","Generalist nonNE"
"CGGCCATAGCCGCAGT-2","Generalist NE"
"CGGCCATAGGACCTCA-2","Generalist NE"
"CGGCCATAGGCATTAC-1","Generalist NE"
"CGGCCATAGGCATTGT-2","nonNE1"
"CGGCCATAGGTTTACA-2","nonNE1"
"CGGCTAATCATCCACC-2","Generalist NE"
"CGGCTAATCGGTCAGC-1","nonNE1"
"CGGCTAATCTGGCATG-1","Generalist NE"
"CGGCTCACAACCTAAT-1","Generalist NE"
"CGGCTCACAATAACGA-2","Generalist NE"
"CGGCTCACAATGAAGC-1","Generalist NE"
"CGGCTCACACCTGTAA-1","Generalist nonNE"
"CGGCTCACACTTGTTC-2","Generalist NE"
"CGGCTCACAGCCTGCA-1","Generalist nonNE"
"CGGCTCACAGCTCATA-2","Generalist NE"
"CGGCTCACAGGCTACT-2","Neuroendocrine2"
"CGGCTCACATGTGGGA-1","Generalist NE"
"CGGCTCACATTGGGAG-2","Generalist NE"
"CGGCTCACATTGTGCA-2","Generalist NE"
"CGGGACAAGCATGTTA-1","Generalist NE"
"CGGGACAAGGCGGATG-2","Neuroendocrine1"
"CGGGACAAGGTAACGA-1","nonNE1"
"CGGGACAAGGTGTCCA-2","Generalist nonNE"
"CGGGCTTAGAAGGTGC-2","Generalist NE"
"CGGGCTTAGCTACTGG-1","Generalist nonNE"
"CGGGCTTAGGGACGCA-2","Generalist NE"
"CGGGTATGTCACGGAT-1","Generalist NE"
"CGGGTATGTTTAACGG-2","Generalist nonNE"
"CGGGTCTAGAACAAGT-2","nonNE1"
"CGGGTCTAGCCTAACG-1","Neuroendocrine1"
"CGGGTCTAGGCTAATC-2","nonNE1"
"CGGGTCTAGGCTTAGT-1","Generalist NE"
"CGGGTCTAGGGTGAAC-2","Generalist nonNE"
"CGGGTCTAGTTGCCTC-1","Generalist NE"
"CGGTAACGTGGAGCAA-2","Stress"
"CGGTAACGTGTCCTGC-1","Generalist NE"
"CGGTAACGTTCACTGT-2","Generalist nonNE"
"CGGTGAACAATTTAGC-2","Generalist nonNE"
"CGGTGAACACAAAGAC-1","Generalist NE"
"CGGTGAACACATAGCC-2","Generalist NE"
"CGGTGAACACCGGCTA-1","Generalist nonNE"
"CGGTGAACAGCTCATA-2","Generalist NE"
"CGGTGAACATCAGTAT-2","Neuroendocrine2"
"CGGTGAACATTGTGTG-2","Neuroendocrine1"
"CGGTGAGAGATACTTG-2","Generalist NE"
"CGGTGAGAGCACTTGG-1","Generalist NE"
"CGGTGAGAGCATTATG-1","Generalist NE"
"CGGTGAGAGTCAGGCC-2","Generalist NE"
"CGGTGAGAGTGAACCT-2","Neuroendocrine1"
"CGGTGAGAGTTCCCAC-2","Intermediate"
"CGGTTATAGACACTTA-1","Generalist NE"
"CGGTTATAGGACCGCT-1","Generalist nonNE"
"CGGTTATAGGCATGTT-1","Generalist nonNE"
"CGGTTATAGGCTAGAA-2","Generalist nonNE"
"CGGTTATAGTAACAGG-1","Neuroendocrine2"
"CGGTTATAGTCAGGCC-1","Generalist NE"
"CGGTTATAGTTAGAGG-1","Generalist NE"
"CGGTTATAGTTATGTG-2","Generalist nonNE"
"CGGTTCCGTCCTAACT-1","Generalist NE"
"CGGTTCCGTGATTACG-1","Generalist NE"
"CGGTTGGGTACCAGGT-2","Neuroendocrine2"
"CGGTTGGGTACCTTAC-1","Generalist NE"
"CGGTTTCTCAACCAAC-1","Generalist nonNE"
"CGGTTTCTCAAGCCTG-1","Generalist nonNE"
"CGGTTTCTCAATTACG-1","Generalist NE"
"CGGTTTCTCAGCATTA-2","Generalist NE"
"CGGTTTCTCATCCTGC-1","Generalist NE"
"CGGTTTCTCTTGAGGT-1","nonNE1"
"CGGTTTGAGGCCAATT-1","Generalist NE"
"CGTAACCCAACACCTA-2","Generalist NE"
"CGTAACCCAATTTGGT-1","Generalist NE"
"CGTAACCCACCGTTCC-1","Generalist NE"
"CGTAACCCACTTCACT-1","Generalist NE"
"CGTAACCCAGCCTGCA-2","Generalist NE"
"CGTAACCCATAAGCAA-2","Generalist NE"
"CGTAACCCATGACTAT-2","Generalist NE"
"CGTAACTAGAATCGCT-2","Intermediate"
"CGTAACTAGCCTTAAA-1","Generalist NE"
"CGTAACTAGGAGGACT-2","Generalist NE"
"CGTAACTAGGGCTTTG-1","Generalist nonNE"
"CGTAACTAGTTGGATC-1","Generalist NE"
"CGTAACTAGTTTCCGC-2","Neuroendocrine1"
"CGTAATGGTAGCCTAA-1","Stress"
"CGTAATGGTAGGTGTC-2","Generalist NE"
"CGTAATGGTCAAAGAA-2","Generalist NE"
"CGTAATGGTGTTTCAC-2","Generalist nonNE"
"CGTAATGGTTAGTACG-2","Generalist NE"
"CGTAATGGTTTCGCCA-2","Generalist NE"
"CGTACGGGTCATAACG-2","Generalist NE"
"CGTACGGGTTCCTGTG-2","Generalist NE"
"CGTAGCGGTAGTTAAC-2","nonNE1"
"CGTAGCGGTCATCAAG-2","Generalist NE"
"CGTAGCGGTTGTCCAT-2","Generalist nonNE"
"CGTAGTTAGATGGACA-1","Generalist nonNE"
"CGTAGTTAGGTCCACA-2","Generalist NE"
"CGTAGTTAGTAAGAAC-1","Neuroendocrine1"
"CGTAGTTAGTACTGGT-1","Generalist nonNE"
"CGTAGTTAGTCAATCA-1","Generalist NE"
"CGTATTGCAACTCGCG-2","Generalist NE"
"CGTATTGCAATCGCAC-1","Generalist NE"
"CGTATTGCAATGAAGC-1","Generalist NE"
"CGTATTGCACAATACT-2","nonNE1"
"CGTATTGCACCAAAGG-1","Generalist NE"
"CGTATTGCACTCGCTC-2","nonNE1"
"CGTATTGCAGGCATCT-2","Generalist NE"
"CGTCAATAGACTCGCA-2","Generalist NE"
"CGTCAATAGCTCATAA-2","Generalist NE"
"CGTCAATAGCTTAGCG-1","Generalist NE"
"CGTCAATAGTAAACCC-1","Generalist NE"
"CGTCAATAGTGTTGTA-1","Generalist NE"
"CGTCATTGTAGTTGGC-2","Intermediate"
"CGTCATTGTCCTCCAA-1","Stress"
"CGTCATTGTGAGCGAA-1","Generalist NE"
"CGTCATTGTGCACGCA-2","Generalist NE"
"CGTCATTGTTAGAGCC-1","Generalist NE"
"CGTCATTGTTAGTTGG-2","Generalist nonNE"
"CGTCATTGTTTCGCGC-2","Intermediate"
"CGTCCTAGTAATCGGC-1","Generalist NE"
"CGTCCTAGTCAAAGGG-2","Neuroendocrine1"
"CGTCCTAGTGTCCAAA-2","Generalist NE"
"CGTGACATCTCATCAT-1","Generalist NE"
"CGTGACATCTTAGCCC-1","Generalist NE"
"CGTGACATCTTGAGCG-2","Generalist NE"
"CGTGAGGAGAAACTGG-2","Intermediate"
"CGTGAGGAGCCTGGTA-1","Intermediate"
"CGTGAGGAGCCTGTTC-2","Generalist NE"
"CGTGAGGAGGCATGAA-2","Generalist NE"
"CGTGAGGAGGCGGGTA-2","Generalist NE"
"CGTGAGGAGGCTAATC-2","Generalist nonNE"
"CGTGCACAGCATCCAG-2","Generalist NE"
"CGTGCACAGCGTGCGT-2","Generalist NE"
"CGTGCACAGCTCGCTT-1","Stress"
"CGTGCACAGGTGTCCA-1","Generalist nonNE"
"CGTGCACAGTGTGATC-2","Generalist NE"
"CGTGCACAGTTATCTC-1","Generalist NE"
"CGTGCTGCAACAGGAT-2","Generalist nonNE"
"CGTGCTGCAACCTGGT-1","Generalist NE"
"CGTGCTGCACATTAAC-2","Generalist NE"
"CGTGCTGCATACCCGG-2","Generalist NE"
"CGTGCTGCATTAGCGC-2","Generalist NE"
"CGTGCTTTCAGCAAAG-1","Neuroendocrine2"
"CGTGCTTTCCGTGACA-1","Generalist nonNE"
"CGTGCTTTCCTTGTTG-1","Generalist NE"
"CGTGCTTTCGGTTCCT-2","Neuroendocrine2"
"CGTGGTTCACATAACT-2","Generalist nonNE"
"CGTGGTTCACATTGCA-1","Intermediate"
"CGTGGTTCACCCTCAC-2","Generalist NE"
"CGTGGTTCACTCGCTC-2","Generalist nonNE"
"CGTGGTTCAGCCAGAA-2","Generalist nonNE"
"CGTGGTTCAGGAACTG-1","Generalist NE"
"CGTGGTTCATTGTGAT-2","Generalist NE"
"CGTGTGTCAATAACGA-2","Intermediate"
"CGTGTGTCAATCATGT-1","Generalist NE"
"CGTGTGTCACTCAACA-2","Generalist NE"
"CGTGTGTCAGCGCTTG-2","Generalist NE"
"CGTGTGTCATAAAGCA-2","Generalist NE"
"CGTGTGTCATAATCAC-1","nonNE1"
"CGTGTGTCATCCCGCT-1","Generalist NE"
"CGTGTTACAAATTCGT-2","Generalist NE"
"CGTGTTACATAGCTGC-1","Generalist NE"
"CGTTAAATCAAACTCA-2","Generalist NE"
"CGTTAAATCAATGTGC-1","Generalist NE"
"CGTTAAATCATCACTT-1","Generalist nonNE"
"CGTTAAATCCAATTAG-1","Stress"
"CGTTAAATCCCTCGCA-2","Generalist nonNE"
"CGTTAAATCTTTAGGA-2","Intermediate"
"CGTTAACAGCTAATCA-1","Generalist NE"
"CGTTAACAGCTAATTG-1","Generalist NE"
"CGTTAACAGGCTATGT-2","Neuroendocrine1"
"CGTTAACAGTAAACCC-1","Generalist nonNE"
"CGTTAGGTCGGTCATG-2","Generalist NE"
"CGTTAGGTCTACTAAG-2","Generalist nonNE"
"CGTTAGGTCTCTAGCC-2","Generalist nonNE"
"CGTTAGGTCTTCAATC-1","Generalist NE"
"CGTTAGTAGATGCCTG-2","nonNE1"
"CGTTAGTAGCCGGTAC-1","Generalist NE"
"CGTTAGTAGCCTGATG-1","Generalist NE"
"CGTTAGTAGCGAGGTG-1","Generalist NE"
"CGTTAGTAGCTCGCTT-1","Generalist NE"
"CGTTAGTAGGGCTTTG-2","Neuroendocrine2"
"CGTTAGTAGGGTCCAC-2","Neuroendocrine2"
"CGTTAGTAGTCGCTAG-1","Generalist nonNE"
"CGTTAGTAGTTGCCTC-1","Generalist NE"
"CGTTATCGTCTTTGAC-1","Intermediate"
"CGTTATCGTGTTAAAC-2","Neuroendocrine2"
"CGTTATTTCCAAGTTA-1","Intermediate"
"CGTTATTTCCCGAAGC-1","Generalist nonNE"
"CGTTATTTCTTGATGA-1","Generalist nonNE"
"CGTTGCAAGAAAGGAA-1","Generalist NE"
"CGTTGCAAGCGAGGTG-2","Generalist nonNE"
"CGTTGCAAGGAACGCG-2","Generalist NE"
"CGTTGCAAGTAGAGGC-2","nonNE1"
"CGTTGCAAGTCAGTAC-2","Generalist NE"
"CGTTGCGCAAAGCGCA-1","Generalist nonNE"
"CGTTGCGCAAGGGTTG-2","Generalist NE"
"CGTTGCGCAATTAACC-1","Generalist NE"
"CGTTGCGCAGGTTATT-2","Generalist NE"
"CGTTTCTCAAGCTAAA-1","Generalist NE"
"CGTTTCTCAAGGTCCT-2","Generalist nonNE"
"CGTTTCTCACGGTACT-2","Neuroendocrine2"
"CGTTTCTCAGGCAAGC-1","Stress"
"CGTTTGGAGACACTTA-2","Generalist NE"
"CGTTTGGAGCAGCTAT-2","nonNE1"
"CGTTTGGAGCTGCACA-2","Neuroendocrine1"
"CGTTTGGAGCTTTGGG-2","Generalist NE"
"CGTTTGGAGGACACTT-2","nonNE2"
"CGTTTGGAGGCATGTT-2","Generalist NE"
"CGTTTGGAGTTTGGGT-2","Generalist NE"
"CTAAAGCTCCAAGTTA-2","Generalist NE"
"CTAAAGCTCCGCAACA-2","Neuroendocrine1"
"CTAAAGCTCTCACTAT-1","nonNE1"
"CTAAAGCTCTTGTCTG-2","Generalist NE"
"CTAAAGCTCTTTAAGG-1","Generalist NE"
"CTAAATGTCAAATCGC-1","Generalist NE"
"CTAAATGTCAATGACC-1","Generalist NE"
"CTAAATGTCGCAATCG-1","Generalist NE"
"CTAAATGTCGTTAGCG-2","Generalist NE"
"CTAACCACAAGCCAGA-1","Generalist NE"
"CTAACCACAATCGCAC-1","Generalist NE"
"CTAACCACACAACCTA-1","Generalist NE"
"CTAACCACACCGGTAT-2","Generalist NE"
"CTAACCACACTTGTTC-2","Generalist NE"
"CTAACCACAGCAAGAT-2","Intermediate"
"CTAACCACAGGCCATT-1","Generalist nonNE"
"CTAACCACAGGCCATT-2","Generalist NE"
"CTAACCACATAGACCC-1","Generalist NE"
"CTAACCCTCAGGGCCT-1","Generalist NE"
"CTAACCCTCGCTCACT-2","Intermediate"
"CTAACCCTCGTTAGTA-1","nonNE2"
"CTAACCCTCTCACTAT-2","Intermediate"
"CTAACCTGTCCTTTAA-1","Generalist nonNE"
"CTAACCTGTGGGTACT-1","Generalist NE"
"CTAACCTGTGGGTGAA-1","Generalist nonNE"
"CTAACCTGTTAACGGC-2","Generalist NE"
"CTAAGGTTCAGGCTAT-1","Generalist nonNE"
"CTAAGGTTCATGCTCC-2","Generalist NE"
"CTAAGGTTCTAAGTGC-2","Neuroendocrine2"
"CTAAGGTTCTGCAAAC-2","Generalist nonNE"
"CTAAGTCAGGGACTAA-1","Generalist nonNE"
"CTAAGTCAGTAATCCA-2","Generalist NE"
"CTAAGTCAGTCACTAA-1","Generalist NE"
"CTAATAGTCAATGTCA-1","Generalist NE"
"CTAATAGTCACCGGTA-2","Generalist NE"
"CTAATAGTCAGGATGA-2","Neuroendocrine2"
"CTAATAGTCGCTAAGT-1","Generalist nonNE"
"CTAATAGTCGCTATGG-2","Neuroendocrine2"
"CTAATCGCAACTAACT-1","Neuroendocrine2"
"CTAATCGCACGTTACA-1","Generalist NE"
"CTAATCGCAGTTGCGT-2","Generalist NE"
"CTAATCTTCCGGAACC-2","Generalist nonNE"
"CTAATGTCAATAACCT-2","Generalist NE"
"CTAATGTCATTGTGGC-1","Generalist NE"
"CTAATTGAGAGAGCCG-2","Generalist NE"
"CTAATTGAGCAAGGGT-2","Generalist nonNE"
"CTAATTGAGCATTATG-2","Generalist NE"
"CTACAACAGACAGGCG-1","Generalist NE"
"CTACAACAGCTTAGCG-2","Generalist NE"
"CTACAACAGGGTGAAC-2","Generalist NE"
"CTACAACAGGTCCACA-2","Generalist NE"
"CTACAACAGTTTGCGG-2","Generalist NE"
"CTACCGGCACCACAAC-1","Intermediate"
"CTACCGGCATGCAACC-2","Generalist NE"
"CTACCTCAGCCTAACG-2","Generalist NE"
"CTACCTCAGGAACCAA-2","Generalist nonNE"
"CTACCTCAGGGCCACT-2","Generalist NE"
"CTACCTCAGTTCCCGT-1","Generalist nonNE"
"CTACGAAGTCCTTAGT-2","Generalist nonNE"
"CTACGAAGTTACTTGC-2","Intermediate"
"CTACGAAGTTCATTTG-1","Generalist NE"
"CTACGAAGTTTATGGG-2","Generalist NE"
"CTACGAAGTTTGAGGC-2","Intermediate"
"CTACGAAGTTTGTGGA-1","nonNE1"
"CTACTAAAGAGGGACT-2","Generalist NE"
"CTACTAAAGCCTGGTA-1","nonNE1"
"CTACTAAAGCCTGTGA-2","Generalist nonNE"
"CTACTAAAGGCTGGCT-1","Generalist nonNE"
"CTACTAAAGGTCCAAT-2","Generalist nonNE"
"CTACTAAAGTAGCCAT-2","nonNE1"
"CTACTAAAGTTTGCGG-1","Generalist NE"
"CTACTTAGTAATGGCC-1","Generalist NE"
"CTACTTAGTCAGTAAT-1","Generalist nonNE"
"CTACTTAGTTCACCCA-1","Generalist NE"
"CTAGATTCAAACGCGA-2","Neuroendocrine1"
"CTAGATTCAACTGGCT-2","Stress"
"CTAGATTCAATGAAGC-1","Generalist NE"
"CTAGATTCACCTCACC-2","Generalist nonNE"
"CTAGATTCAGCATGAG-1","Generalist NE"
"CTAGCGGGTATTACCC-2","Generalist NE"
"CTAGCGGGTCAAAGGG-1","Generalist NE"
"CTAGCGGGTTGTCATC-1","Neuroendocrine2"
"CTAGCGGGTTTCGCGC-2","nonNE2"
"CTAGCGGGTTTGCAGA-2","Generalist NE"
"CTAGCTGAGCTAAAGG-2","nonNE1"
"CTAGCTGAGGATCCGC-1","Generalist NE"
"CTAGCTTGTAACCAGC-1","Generalist NE"
"CTAGCTTGTCCCGAAG-2","Generalist NE"
"CTAGCTTGTGAGACTC-1","Generalist nonNE"
"CTAGCTTGTTAAGGTT-1","Generalist NE"
"CTAGCTTGTTACATCC-2","Neuroendocrine2"
"CTAGCTTGTTGCAATG-1","Neuroendocrine2"
"CTAGCTTGTTTAGCTC-1","Generalist NE"
"CTAGGACGTACCCACC-1","nonNE1"
"CTAGGACGTCCAAGAC-2","Generalist NE"
"CTAGGACGTCTTACTA-1","Generalist NE"
"CTAGGACGTGGAAACG-2","nonNE2"
"CTAGGCGGTGGTTCTT-2","Generalist NE"
"CTAGGCGGTTGCACAA-2","Intermediate"
"CTAGGCGGTTGTGATG-2","Generalist NE"
"CTAGTAATCAATGTCA-1","nonNE1"
"CTAGTAATCACGCATG-2","Generalist NE"
"CTAGTAATCCAGCACA-2","nonNE1"
"CTAGTAATCCTTTACG-1","Generalist NE"
"CTAGTAATCGCTTGCT-1","Generalist NE"
"CTAGTAATCTTGCAGG-2","Generalist NE"
"CTAGTAGGTAAGGTTT-2","Generalist NE"
"CTAGTAGGTCAAGTGC-1","Generalist nonNE"
"CTAGTAGGTCATGAGC-2","Generalist NE"
"CTAGTAGGTGCAATAT-1","Generalist NE"
"CTAGTAGGTTACGCGG-1","Generalist nonNE"
"CTAGTAGGTTCACCCA-2","Generalist NE"
"CTAGTCGAGCAACATC-2","Generalist NE"
"CTAGTCGAGCCTAACG-1","Generalist NE"
"CTAGTCGAGCTCCTTA-2","Generalist NE"
"CTAGTCGAGTAAGAAC-1","Stress"
"CTAGTGAGTGCGCAAT-1","Generalist NE"
"CTAGTGAGTGCTGGTG-1","Generalist NE"
"CTAGTGAGTTACTTCA-2","Generalist NE"
"CTAGTGAGTTGTCATC-1","Generalist nonNE"
"CTAGTTGCATACTCCT-2","Generalist NE"
"CTATAACCAATTAGGA-1","Generalist NE"
"CTATAACCACCTCAGG-2","Neuroendocrine2"
"CTATAACCACTCAACA-2","Neuroendocrine2"
"CTATAACCAGAAATTG-1","Generalist NE"
"CTATAACCAGGGAGCT-2","Generalist NE"
"CTATAACCATTAGGCC-2","Generalist NE"
"CTATGACAGAGCCGCT-1","Generalist NE"
"CTATGACAGATAAAGC-1","nonNE1"
"CTATGACAGCGCCTAA-1","Generalist NE"
"CTATGACAGGGACTAA-2","Generalist NE"
"CTATGACAGTAAGAAC-1","Generalist NE"
"CTATGACAGTAGCGGG-1","Generalist NE"
"CTATGACAGTCCTGAG-2","Intermediate"
"CTATGAGGTAACCTAG-2","Generalist nonNE"
"CTATGAGGTACCTTAC-1","Generalist NE"
"CTATGAGGTGAACAAA-1","Generalist NE"
"CTATGAGGTTGCTGGG-2","Generalist NE"
"CTATGAGGTTTACCGT-1","Generalist nonNE"
"CTATGAGGTTTACCGT-2","Generalist NE"
"CTATGATCACTTACAG-2","Neuroendocrine1"
"CTATGATCAGGCTACT-1","Generalist NE"
"CTATGATCAGTTTACG-1","Generalist nonNE"
"CTATGGCCAATAGTCT-2","Generalist NE"
"CTATGGCCAGCACGTT-1","Generalist nonNE"
"CTATGGCCAGGCTACT-2","Generalist nonNE"
"CTATGGCCAGTAATAG-2","Generalist NE"
"CTATGTTTCATGGTTA-2","Generalist NE"
"CTATGTTTCATTGTCT-2","Generalist NE"
"CTATGTTTCCAGCACA-2","Generalist NE"
"CTATGTTTCCATTACT-1","Intermediate"
"CTATGTTTCTCACTAT-2","Generalist NE"
"CTATGTTTCTGGCAAT-1","Generalist NE"
"CTATGTTTCTTGCAAA-1","Generalist NE"
"CTATTACTCAAGCCTG-1","Generalist NE"
"CTATTACTCATAACGC-1","nonNE1"
"CTATTACTCATTGACA-2","Generalist NE"
"CTATTACTCGTTAAGC-2","Neuroendocrine2"
"CTATTACTCGTTTCTG-2","Generalist NE"
"CTATTACTCTAATCAG-2","Generalist NE"
"CTATTCAGTGCTCACC-1","Stress"
"CTATTCAGTTCCTGTG-1","Neuroendocrine2"
"CTATTCAGTTTGGCTT-2","Generalist NE"
"CTATTGAAGCAAGGAC-1","Neuroendocrine2"
"CTATTGAAGCCTGAGC-1","Generalist nonNE"
"CTATTGAAGCTCAAAC-2","Generalist nonNE"
"CTATTGAAGCTCAATA-2","Generalist nonNE"
"CTATTGAAGCTTCCCG-2","Generalist NE"
"CTATTGAAGGGTGGAT-1","nonNE1"
"CTATTGAAGTAAGAAC-1","Generalist NE"
"CTCAATAAGGCCTAAT-1","Generalist NE"
"CTCAATAAGTAATCCA-2","Generalist NE"
"CTCAATAAGTCACGAT-1","Generalist NE"
"CTCAATAAGTGACCTG-2","Neuroendocrine2"
"CTCAATAAGTTAGGCT-2","Generalist NE"
"CTCACAACAACAACAA-1","Generalist NE"
"CTCACAACAACCGCCA-1","Generalist NE"
"CTCACAACACATAGCC-1","Generalist nonNE"
"CTCACAACACTTCACT-2","Intermediate"
"CTCACAACAGCACCAT-2","Generalist nonNE"
"CTCACACTCATTTGCT-1","nonNE1"
"CTCACACTCGCCTGTT-2","nonNE1"
"CTCACACTCGCTAAGT-1","Intermediate"
"CTCACTCAGACACTTA-1","Generalist NE"
"CTCACTCAGCAAGACA-1","Generalist nonNE"
"CTCACTCAGCTGGAAA-2","Generalist NE"
"CTCACTCAGCTTCCCG-1","Generalist NE"
"CTCACTCAGGAACGCG-1","Generalist NE"
"CTCAGGATCATAAGCC-2","nonNE1"
"CTCAGGATCCGCAACA-1","Generalist NE"
"CTCAGGATCTAATCCT-2","Neuroendocrine1"
"CTCATCATCGGTTTCC-2","Generalist NE"
"CTCATCATCGTGCCTT-2","Generalist nonNE"
"CTCATCATCTAAGTGC-1","Generalist NE"
"CTCATGACAAGGTGGC-1","Generalist NE"
"CTCATGACACAGGAAT-2","Generalist NE"
"CTCATGACACAGGGAC-1","Generalist nonNE"
"CTCATGACACTTGTTC-1","Generalist nonNE"
"CTCATGACAGATTCAT-2","Generalist NE"
"CTCATGACATGATTGT-1","Generalist nonNE"
"CTCATGACATTGACAT-1","nonNE2"
"CTCATGCTCATTGACA-1","Generalist NE"
"CTCATGCTCTCAATTC-2","Generalist NE"
"CTCATTAGTGCCGCAA-1","Generalist NE"
"CTCATTAGTTCCAGGG-2","Generalist NE"
"CTCATTAGTTTAACGG-2","Intermediate"
"CTCATTGTCCGTAAAC-1","nonNE1"
"CTCATTGTCTATTGTC-1","nonNE1"
"CTCATTTAGTTTGGTA-1","nonNE2"
"CTCCAAACAATTGACT-1","Intermediate"
"CTCCAAACATGCAACC-2","Generalist NE"
"CTCCAAACATGTCAGC-2","Generalist NE"
"CTCCAACTCAAGCGCC-2","Generalist NE"
"CTCCAACTCCCAGTAG-2","Generalist NE"
"CTCCAACTCCCTGATC-1","Generalist nonNE"
"CTCCAACTCGGCCATA-1","Generalist NE"
"CTCCAACTCGGTTCCT-1","Neuroendocrine2"
"CTCCAACTCGTACCGA-2","Generalist NE"
"CTCCAACTCTAAGGAG-1","Generalist nonNE"
"CTCCAACTCTTGAGCG-2","Generalist NE"
"CTCCATCAGCAGCTCA-1","Generalist NE"
"CTCCATCAGCTGGACC-2","Generalist NE"
"CTCCATCAGTATCGCG-2","Generalist NE"
"CTCCCTGAGAACCTAC-2","Generalist NE"
"CTCCCTGAGAAGGTGC-2","Generalist NE"
"CTCCCTGAGATTGAGG-2","Generalist NE"
"CTCCCTGAGGACCTGC-2","Generalist NE"
"CTCCCTGAGGTCGAGG-2","Generalist NE"
"CTCCGGACAAAGCGGC-2","Generalist NE"
"CTCCGGACAAAGCTCC-1","Generalist NE"
"CTCCGGACAAGTAAGC-1","nonNE1"
"CTCCGGACAATTGAAG-2","Neuroendocrine2"
"CTCCGGACACATAACT-2","Neuroendocrine2"
"CTCCGGACATCTAGCA-1","Generalist NE"
"CTCCGGACATGCTCCC-2","Generalist NE"
"CTCCGTCCAAGGCCAA-1","Intermediate"
"CTCCGTCCAATTAGCT-1","Generalist nonNE"
"CTCCGTCCACCGGCTA-1","Generalist nonNE"
"CTCCGTCCACCTGTAA-2","Generalist NE"
"CTCCGTCCAGGCCAAA-1","Generalist NE"
"CTCCGTCCATAATCCG-1","Generalist NE"
"CTCCGTCCATTATGGT-1","Intermediate"
"CTCCTAATCAAACACC-1","Intermediate"
"CTCCTAATCACAGCGC-1","Generalist nonNE"
"CTCCTAATCATTCATC-1","Neuroendocrine2"
"CTCCTAATCCCTGGTT-1","Generalist NE"
"CTCCTCACAATTGAAG-1","Generalist NE"
"CTCCTCACACCTGTAA-1","Generalist NE"
"CTCCTCACAGCTTAAT-1","Generalist nonNE"
"CTCCTCACATGACTAT-1","Generalist nonNE"
"CTCCTCACATTAAGCT-1","Generalist NE"
"CTCCTCACATTTGCTC-1","Generalist NE"
"CTCCTGAGTCAAAGAA-1","Generalist NE"
"CTCCTGAGTCAAGTAT-1","Generalist NE"
"CTCCTGAGTGCTCCGT-2","Generalist NE"
"CTCCTGAGTTAGTGAT-1","Generalist nonNE"
"CTCCTGAGTTTGGCTT-2","Generalist NE"
"CTCGACAAGACTAAGG-2","nonNE1"
"CTCGACAAGAGAGCCG-1","Generalist NE"
"CTCGACAAGCACTAAC-1","Generalist nonNE"
"CTCGACAAGCATTTCT-1","Generalist NE"
"CTCGACAAGCGGATAA-1","Generalist NE"
"CTCGACAAGGAAGCTA-2","Neuroendocrine2"
"CTCGACAAGGACAATG-1","Generalist NE"
"CTCGACAAGGCCTGGT-1","Generalist NE"
"CTCGACAAGGCTAGAA-1","Generalist NE"
"CTCGACAAGTCACTCC-1","nonNE1"
"CTCGCTAGTTCCTGTG-2","Generalist NE"
"CTCGCTCCAAACTGTT-1","Generalist nonNE"
"CTCGCTCCAGTTTACG-1","Generalist NE"
"CTCGTTATCAGCAAAG-2","Generalist NE"
"CTCGTTATCCTTGAGG-1","Generalist nonNE"
"CTCGTTATCGGTTAGT-1","Generalist NE"
"CTCGTTATCTTGCAGG-2","Generalist NE"
"CTCTAAGCAAACGCGA-2","Generalist NE"
"CTCTAAGCAATAGTCT-1","Generalist nonNE"
"CTCTAAGCACACTAAT-1","Generalist NE"
"CTCTAAGCACGTAATT-2","Generalist NE"
"CTCTAAGCACTAGCGT-1","Generalist nonNE"
"CTCTAAGCAGCAACCT-1","Generalist NE"
"CTCTAAGCATGGTTAT-2","Generalist NE"
"CTCTAAGCATTGTGAT-2","Generalist NE"
"CTCTAGCTCAATGAGG-2","Generalist nonNE"
"CTCTAGCTCAATTACG-1","Generalist NE"
"CTCTAGCTCAGGCTAT-1","Generalist NE"
"CTCTAGCTCCACCTGT-2","Neuroendocrine2"
"CTCTAGCTCCCATAGG-2","Generalist nonNE"
"CTCTAGCTCCCTGACT-1","nonNE1"
"CTCTAGCTCGATATTG-1","Generalist nonNE"
"CTCTAGCTCTCCTCAA-1","Intermediate"
"CTCTAGCTCTTGAGGT-2","Generalist NE"
"CTCTATGTCACGTTAA-2","Generalist nonNE"
"CTCTATGTCATGTGGT-1","Generalist NE"
"CTCTATGTCCAGCACA-1","Generalist nonNE"
"CTCTATGTCCTAGTAA-2","Neuroendocrine2"
"CTCTATGTCTAGCTAA-1","Generalist nonNE"
"CTCTATGTCTCGCCTG-2","Generalist NE"
"CTCTATGTCTGGCAAT-1","Generalist nonNE"
"CTCTCACAGCTGGACC-2","Generalist nonNE"
"CTCTCACAGGACCTTG-1","nonNE1"
"CTCTCACAGTAAGTCC-1","Generalist NE"
"CTCTCACAGTCACGAT-1","Generalist NE"
"CTCTCACAGTGAGGGT-2","Generalist NE"
"CTCTCACAGTTAACCA-2","Neuroendocrine2"
"CTCTGTTCACAATGTT-2","Generalist NE"
"CTCTGTTCACCGGTAT-1","Neuroendocrine2"
"CTCTGTTCAGCAACAG-2","Generalist nonNE"
"CTCTTGATCAGGGCCT-1","nonNE1"
"CTCTTGATCCCGCCTA-2","nonNE1"
"CTCTTGATCGCAATCG-2","Intermediate"
"CTCTTGATCGCATCCT-2","Generalist nonNE"
"CTGAAACTCAGTATTG-1","Generalist nonNE"
"CTGAAACTCCATCAGG-2","Generalist NE"
"CTGAAACTCCTCACAC-2","Neuroendocrine2"
"CTGAAACTCGTTAGCG-2","Generalist nonNE"
"CTGAATATCGATATTG-1","Generalist NE"
"CTGAATATCTGTGCCT-2","Generalist NE"
"CTGACATAGGATTGCT-2","Generalist NE"
"CTGACATAGGTTTGCG-2","Neuroendocrine1"
"CTGACATAGTGAGAGC-1","Generalist NE"
"CTGACCAAGATACTTG-1","Generalist NE"
"CTGACCAAGGACAACA-2","Generalist nonNE"
"CTGACCAAGGACCGCT-2","Generalist nonNE"
"CTGACCAAGGGTGAAC-1","Generalist NE"
"CTGACCAAGTTAGAGG-2","Neuroendocrine2"
"CTGATCACAGTTAGCC-1","Generalist NE"
"CTGATCACATAATCAC-2","Generalist NE"
"CTGCAATAGCAGCTCA-1","Generalist NE"
"CTGCAATAGCTGGCTA-2","Intermediate"
"CTGCAATAGGAGCATA-1","Generalist NE"
"CTGCAATAGGCGCATC-1","Generalist NE"
"CTGCAATAGGGACGCA-2","Generalist NE"
"CTGCAATAGGTCGATT-1","Intermediate"
"CTGCTACTCATTTGTC-2","nonNE1"
"CTGCTACTCCATAAGC-1","Intermediate"
"CTGCTACTCCCTCATA-1","nonNE1"
"CTGCTACTCCTCCATA-1","Generalist NE"
"CTGCTACTCGCATCCT-2","Generalist NE"
"CTGCTACTCTCGCCTG-1","Generalist NE"
"CTGCTATGTCCGTAGG-1","Generalist NE"
"CTGCTATGTGCATTTC-2","Generalist NE"
"CTGCTATGTGCCTCAC-2","nonNE1"
"CTGCTATGTTAGCCAA-2","Generalist nonNE"
"CTGCTATGTTGCCTCA-1","Generalist nonNE"
"CTGCTCCCAAAGGTAC-1","Generalist NE"
"CTGCTCCCAACTGGGA-2","Generalist NE"
"CTGCTCCCAAGGTCCT-1","Generalist nonNE"
"CTGCTCCCACAAGCCT-1","Generalist NE"
"CTGCTCCCACCTACGG-1","Generalist NE"
"CTGCTCCCATAGACTT-1","Generalist NE"
"CTGCTCCCATGTTGTG-1","Generalist nonNE"
"CTGGACCAGCTCCTTA-2","Generalist nonNE"
"CTGGACCAGGAACCGG-1","Generalist NE"
"CTGGACCAGTTGCCTC-2","Neuroendocrine2"
"CTGGATGTCATGCCTC-2","nonNE1"
"CTGGATGTCCCTCACG-1","Generalist NE"
"CTGGATGTCCGCTAGA-2","Generalist NE"
"CTGGATGTCCGTCCAT-1","Generalist NE"
"CTGGATGTCCTGGTGA-2","Generalist NE"
"CTGGATGTCGCTATGG-2","Intermediate"
"CTGGATGTCGGTCAAT-2","Generalist NE"
"CTGGCTAAGACTTACA-2","nonNE1"
"CTGGCTAAGAGAGGCT-2","Generalist NE"
"CTGGCTAAGCATGTTA-2","Neuroendocrine2"
"CTGGCTAAGCGGATAA-2","Generalist NE"
"CTGGCTAAGCTCCCTG-1","nonNE1"
"CTGGCTAAGTATCGCG-1","nonNE1"
"CTGGCTAAGTTAGGCT-2","Generalist NE"
"CTGGCTAAGTTGTCCC-2","Generalist NE"
"CTGGTAAGTAGTTAAC-1","Generalist NE"
"CTGGTAAGTGCAATGC-1","Generalist NE"
"CTGGTAAGTTGTTCAC-1","Generalist NE"
"CTGGTCAAGGCATGAA-1","Generalist nonNE"
"CTGGTCAAGGTCCTGA-2","nonNE1"
"CTGGTCAAGTTAGTGC-2","Generalist NE"
"CTGGTTACAATTGAAG-1","Generalist nonNE"
"CTGGTTACACCAAAGG-2","Intermediate"
"CTGGTTACATGCAACC-2","Generalist NE"
"CTGGTTTGTAATAGCT-1","Generalist NE"
"CTGGTTTGTGGACATC-2","nonNE1"
"CTGTAACAGACTTACA-1","Generalist NE"
"CTGTAACAGCAGCTAT-2","Generalist NE"
"CTGTAACAGCTATTGA-2","Neuroendocrine2"
"CTGTAACAGGTCCTGA-2","Neuroendocrine1"
"CTGTAACAGTTGTCTT-1","Generalist NE"
"CTGTACCTCCAACTGG-1","Generalist NE"
"CTGTACCTCCCGCCTA-2","Neuroendocrine2"
"CTGTACCTCCCTTGCG-2","Generalist NE"
"CTGTACCTCCTCATGC-2","Generalist nonNE"
"CTGTACCTCCTTAGTT-1","nonNE1"
"CTGTACCTCGCGCTAA-1","Generalist NE"
"CTGTACCTCGGTCAAT-2","Neuroendocrine2"
"CTGTACCTCGTTAACA-1","Generalist NE"
"CTGTACCTCTTGACCC-1","Generalist NE"
"CTGTATTTCATAGACC-2","Generalist NE"
"CTGTATTTCGCAAACT-1","Generalist NE"
"CTGTATTTCGGGACCT-1","Generalist NE"
"CTGTATTTCTGGTCCT-1","Generalist nonNE"
"CTGTGTGAGACAGGCG-2","Generalist NE"
"CTGTGTGAGCTGAGGG-1","Neuroendocrine2"
"CTGTGTGAGCTGGCTA-2","nonNE2"
"CTGTGTGAGGCGCATC-2","Generalist nonNE"
"CTGTGTGAGGGACTAA-1","Generalist nonNE"
"CTGTGTGAGGGTCCAC-1","nonNE1"
"CTGTGTGAGGTAACGA-2","Generalist nonNE"
"CTGTGTGAGGTCCGTA-2","Generalist NE"
"CTGTTAAAGACCATAC-1","Generalist nonNE"
"CTGTTAAAGCGAGCGA-1","Generalist NE"
"CTGTTAAAGCTCGCTT-1","nonNE1"
"CTGTTAAAGGACCTTG-2","Neuroendocrine1"
"CTGTTAAAGGCTACAT-2","Generalist NE"
"CTGTTCATCAATGTGC-1","Generalist NE"
"CTGTTCATCACGTTAA-1","nonNE1"
"CTGTTCATCCAGGGAG-2","Generalist NE"
"CTGTTCATCCGGTTGA-2","Generalist NE"
"CTGTTCATCCTTCGTA-1","Generalist NE"
"CTGTTGGAGACAACAG-1","Generalist NE"
"CTGTTGGAGCACAGCC-1","Generalist NE"
"CTGTTGGAGGCTGTCA-2","Neuroendocrine1"
"CTGTTGGAGTAACGAG-1","Generalist NE"
"CTGTTGGAGTAGGCGG-2","Generalist nonNE"
"CTGTTTAGTACGTTTC-1","Generalist NE"
"CTGTTTAGTATTGTCC-2","Generalist NE"
"CTGTTTAGTGAATCGC-2","Neuroendocrine2"
"CTGTTTAGTTACTTCA-1","Generalist nonNE"
"CTGTTTAGTTTGGCTT-2","Generalist NE"
"CTTAACAAGCTCCCTG-2","Generalist NE"
"CTTAACAAGGAGTCGG-1","Generalist NE"
"CTTAACAAGGGCTTAT-1","Generalist nonNE"
"CTTAAGATCAACCAAC-2","Generalist NE"
"CTTAAGATCCAACTGG-2","Generalist NE"
"CTTAAGATCTCACTCA-2","Generalist NE"
"CTTAAGGGTAGCCTCC-2","Generalist NE"
"CTTAAGGGTAGTAAGA-1","Generalist nonNE"
"CTTAAGGGTCATGCCC-2","Generalist NE"
"CTTAAGGGTGGATTAT-2","Generalist NE"
"CTTAAGGGTTGTTCAC-2","Generalist nonNE"
"CTTAAGGGTTTCAGGA-2","Generalist NE"
"CTTAATGAGAACCTAC-2","Generalist NE"
"CTTAATGAGACAAGTG-2","Generalist nonNE"
"CTTAATGAGGGATGCG-2","Generalist NE"
"CTTAATGAGTTGTCTT-2","nonNE2"
"CTTACCGGTATTGTCC-1","Generalist NE"
"CTTACCGGTCATAGAT-2","Generalist NE"
"CTTACCGGTCTTACTA-2","Generalist NE"
"CTTACCGGTGCGCAAT-2","Generalist NE"
"CTTACCGGTTCAAGCA-1","Generalist NE"
"CTTACCGGTTCCGCAC-1","Generalist NE"
"CTTACCGGTTCGCTCA-1","Generalist NE"
"CTTACCGGTTGTCATC-1","Generalist nonNE"
"CTTACCGGTTTGTGGA-1","Generalist NE"
"CTTACCTCACGGTACT-2","Generalist nonNE"
"CTTACCTCAGAAACGT-1","Generalist NE"
"CTTACCTCAGTTAAAG-1","Neuroendocrine2"
"CTTACCTCATCACTTC-1","Generalist nonNE"
"CTTACCTCATCGCTTT-2","Generalist NE"
"CTTACCTCATGTCAGC-1","Generalist NE"
"CTTACCTCATGTCAGC-2","nonNE1"
"CTTACTAGTAAAGCGG-2","Generalist NE"
"CTTACTAGTGTTGCTT-1","Neuroendocrine2"
"CTTACTAGTTCCATTA-1","Generalist NE"
"CTTAGGAGTCGACTAA-1","Stress"
"CTTAGGAGTCTCACTG-2","Generalist NE"
"CTTAGGAGTTGGCCGA-1","Generalist nonNE"
"CTTAGTTTCAATGTGC-2","nonNE1"
"CTTAGTTTCATTAGTG-1","Generalist NE"
"CTTAGTTTCCAAGTTA-2","Intermediate"
"CTTAGTTTCCGCCAAA-2","nonNE1"
"CTTAGTTTCGCTCCAT-2","Generalist NE"
"CTTAGTTTCTCGCCCA-2","Generalist NE"
"CTTAGTTTCTGGTCCT-1","Generalist NE"
"CTTAGTTTCTTGACCC-2","Generalist NE"
"CTTAGTTTCTTGCTAT-2","Intermediate"
"CTTATGTTCCCGCCTA-2","Generalist NE"
"CTTATGTTCCCGTTAC-1","Generalist nonNE"
"CTTATGTTCCGTTAAA-1","Generalist NE"
"CTTATGTTCCTAATAG-1","Generalist NE"
"CTTATGTTCCTTTACG-1","Generalist NE"
"CTTATGTTCGTTATCT-1","Generalist NE"
"CTTATGTTCGTTCACC-1","Generalist nonNE"
"CTTATGTTCTACCTGC-2","Generalist NE"
"CTTATGTTCTCGACCT-1","Generalist NE"
"CTTATTGGTGACATAT-2","Generalist nonNE"
"CTTATTGGTGAGCACT-2","Generalist NE"
"CTTATTGGTTAATGAC-1","Generalist NE"
"CTTCAAGCAAACCCTA-1","Generalist NE"
"CTTCAAGCACAGGGAC-2","Generalist NE"
"CTTCAAGCAGGCTAGA-1","Generalist NE"
"CTTCAAGCATGTTGTG-2","Generalist NE"
"CTTCAATTCAAACACC-2","Generalist NE"
"CTTCAATTCAGCATTA-2","Neuroendocrine2"
"CTTCAATTCCTCAGTC-2","Generalist NE"
"CTTCAATTCGTAATCA-2","Neuroendocrine1"
"CTTCAATTCGTTAAGC-1","Generalist NE"
"CTTCAATTCTCAATAG-2","Generalist NE"
"CTTCAATTCTTACTCG-1","Generalist NE"
"CTTCACTCAATAACGA-2","Generalist NE"
"CTTCACTCAATTATGC-1","Generalist nonNE"
"CTTCACTCAGTTATGT-2","Generalist NE"
"CTTCACTCATAATCCG-1","Generalist nonNE"
"CTTCACTCATAGACTT-2","Generalist NE"
"CTTCACTCATTGGGAG-2","Generalist nonNE"
"CTTCACTCATTGTGTG-1","Generalist NE"
"CTTCAGGAGCGAAGTA-2","Generalist NE"
"CTTCAGGAGCTACTGG-1","Generalist NE"
"CTTCAGGAGGCCAATT-1","Neuroendocrine2"
"CTTCAGGAGTACTGGT-1","Generalist nonNE"
"CTTCATCCAGCTAATT-1","Generalist NE"
"CTTCATCCAGTTAAAG-1","Generalist nonNE"
"CTTCATCCATTGACAT-1","Generalist NE"
"CTTCGCGTCAAGTGAG-1","Generalist nonNE"
"CTTCGCGTCACAAGCT-1","Stress"
"CTTCGCGTCTTAATGG-2","Generalist NE"
"CTTCTAAGTACTGAAT-1","Generalist NE"
"CTTCTAAGTATTCGTC-2","Neuroendocrine1"
"CTTCTAAGTTACAAAC-1","Generalist NE"
"CTTCTAAGTTAGCATG-2","Neuroendocrine2"
"CTTCTAAGTTAGCGTA-1","Generalist nonNE"
"CTTCTAAGTTTATCTG-1","Generalist NE"
"CTTCTAAGTTTCCGGC-2","Generalist NE"
"CTTCTCAAGAAGGTGC-2","Generalist NE"
"CTTCTCAAGACTTATG-2","Generalist NE"
"CTTCTCAAGTTACCGG-2","Generalist NE"
"CTTCTCAAGTTGGATC-2","Generalist NE"
"CTTGAACAGAAACTGG-2","Generalist NE"
"CTTGAACAGCTATTGA-2","Generalist nonNE"
"CTTGAACAGGTACCGC-2","Neuroendocrine2"
"CTTGAACAGTCATTTC-2","Generalist NE"
"CTTGAACAGTGAAGTG-2","Generalist NE"
"CTTGAATCAAATATCC-2","Generalist nonNE"
"CTTGAATCACATTAAC-2","Generalist NE"
"CTTGAATCACGAACAG-1","Generalist NE"
"CTTGCAACAAAGCGGC-2","Generalist NE"
"CTTGCAACAACGTGCT-2","Generalist NE"
"CTTGCAACAATAATGG-1","Generalist NE"
"CTTGCAACACAAAGAC-2","Neuroendocrine2"
"CTTGCAACACTAAATC-2","Neuroendocrine1"
"CTTGCAACAGCTAATT-1","Generalist NE"
"CTTGCAACAGTTTGGC-2","Generalist NE"
"CTTGCAACATTAGCCA-1","Generalist NE"
"CTTGCATGTAGGATTT-1","nonNE1"
"CTTGCATGTGCGCGTA-2","Generalist NE"
"CTTGCATGTGTAACCA-2","Generalist NE"
"CTTGCATGTTGAGGTC-2","Generalist nonNE"
"CTTGCATGTTGTCCAT-1","Intermediate"
"CTTGCGCGTAGGTTGC-1","nonNE1"
"CTTGCGCGTCATAGAT-2","Generalist NE"
"CTTGCGCGTGGGTGAA-1","Generalist NE"
"CTTGCTCAGACTATTG-2","nonNE1"
"CTTGCTCAGCTTTGGG-2","Generalist NE"
"CTTGCTCAGGCTGTGC-1","Intermediate"
"CTTGCTCAGTAAGTGG-1","Generalist NE"
"CTTGCTCAGTTAGGCT-2","Generalist NE"
"CTTGGACCAAACCCTA-2","Generalist NE"
"CTTGGACCAAGGACCA-2","Generalist nonNE"
"CTTGGACCACCAGGTT-1","nonNE2"
"CTTGGACCAGGTTATT-2","nonNE1"
"CTTGGACCAGTTTCTC-2","nonNE1"
"CTTGGACCATGTTGCA-2","nonNE1"
"CTTGTAAAGAAGGTGC-2","Generalist NE"
"CTTGTAAAGCACAGGG-2","Generalist NE"
"CTTGTAAAGCTGGAAA-1","Generalist NE"
"CTTGTAAAGGCTATGT-1","Generalist NE"
"CTTGTAAAGTAAAGGT-1","Generalist nonNE"
"CTTGTAAAGTACCGCA-1","Generalist NE"
"CTTGTAAAGTGATTCA-2","Generalist NE"
"CTTGTCCAGATGGAGC-2","Generalist NE"
"CTTGTCCAGATTGAGG-2","Neuroendocrine1"
"CTTGTCCAGCCTGAGC-1","Generalist nonNE"
"CTTGTCCAGCGCCTAA-2","Generalist NE"
"CTTGTCCAGCGCTCAA-2","Generalist NE"
"CTTGTCCAGGCTTAAC-2","Generalist NE"
"CTTGTCCAGGTCGATT-1","Generalist NE"
"CTTGTCCAGTAACCAC-1","Generalist NE"
"CTTGTCCAGTCGCTAG-1","Neuroendocrine2"
"CTTGTCCAGTCTGGGC-1","Generalist NE"
"CTTGTCCAGTGGCGGA-2","Generalist nonNE"
"CTTGTTCCAGTATGTT-2","Neuroendocrine1"
"CTTGTTCCAGTTAGCC-1","Stress"
"CTTGTTCCATAATGTC-1","Intermediate"
"CTTGTTCCATAGGCGA-2","Generalist nonNE"
"CTTGTTTAGCACGTTG-2","Generalist NE"
"CTTGTTTAGCAGGCCT-1","Generalist NE"
"CTTGTTTAGCAGGTGG-2","Generalist NE"
"CTTGTTTAGCTAAAGG-1","Generalist NE"
"CTTGTTTAGGAACCGG-2","Generalist NE"
"CTTTAGGCAACCCTAA-2","Generalist NE"
"CTTTAGGCACAAAGCG-1","Generalist nonNE"
"CTTTAGGCACACCAAC-2","Generalist NE"
"CTTTAGGCACAGAACG-2","Generalist NE"
"CTTTAGGCACCTCACC-1","nonNE1"
"CTTTAGGCAGCACCAT-2","nonNE1"
"CTTTAGGCATTAGCGC-1","Generalist NE"
"CTTTAGGCATTAGGTT-1","Generalist nonNE"
"CTTTAGTTCACTAAGC-2","Generalist NE"
"CTTTAGTTCCCTGACT-2","Neuroendocrine1"
"CTTTAGTTCCCTGATC-2","Generalist NE"
"CTTTAGTTCCTAATGA-2","Generalist NE"
"CTTTAGTTCGGGCCAT-1","Generalist NE"
"CTTTATCAGATGGACA-1","Generalist nonNE"
"CTTTATCAGGAGTCTT-1","Generalist NE"
"CTTTATGGTCGCAATA-2","Generalist NE"
"CTTTCTTGTAGTTACG-2","Generalist NE"
"CTTTCTTGTGCAACTA-1","Neuroendocrine1"
"CTTTCTTGTTGGTTCT-2","Generalist NE"
"CTTTGAGCAATAACCT-1","Generalist nonNE"
"CTTTGAGCAGCATGGA-1","Generalist nonNE"
"CTTTGAGCAGCCGCTA-2","nonNE1"
"CTTTGAGCAGGCTTGT-1","Generalist NE"
"CTTTGAGCAGGGAGCT-1","Generalist NE"
"CTTTGAGCATCTTGAG-1","Generalist nonNE"
"CTTTGGGAGCCTAATA-2","Neuroendocrine2"
"CTTTGGGAGCTAATTG-2","Intermediate"
"CTTTGGGAGTTATGGC-1","Generalist NE"
"CTTTGGTGTAAGCTTG-2","Neuroendocrine2"
"CTTTGGTGTATTACCC-2","Neuroendocrine2"
"CTTTGGTGTCATTGTC-1","Generalist nonNE"
"CTTTGGTGTTCCTGTG-1","Generalist NE"
"CTTTGGTGTTTAGCTC-2","Generalist NE"
"CTTTGTCCAGGCATGA-2","Generalist NE"
"CTTTGTCCATAATCGT-2","Generalist NE"
"CTTTGTCCATGAAATG-1","nonNE1"
"CTTTGTCCATTCAGCA-2","Generalist NE"
"CTTTGTCCATTTAAGC-1","Generalist NE"
"GAAACCCGTCATGCCC-1","Generalist NE"
"GAAACCCGTTGGTTCT-2","nonNE1"
"GAAACTGAGGAAGTAT-2","Generalist nonNE"
"GAAACTGAGTTGCGTG-2","Intermediate"
"GAAAGCCAGCTATGAC-2","Generalist NE"
"GAAAGCCAGGCCATCA-1","nonNE1"
"GAAAGCCAGTGGACAA-2","Generalist NE"
"GAAAGGCTCCAACTGG-1","Generalist nonNE"
"GAAAGGCTCCATTACT-1","Intermediate"
"GAAAGGCTCCTCATGC-2","nonNE1"
"GAAAGGCTCGATTCTT-1","Generalist NE"
"GAAAGGCTCTTGATGA-2","Generalist nonNE"
"GAACACAAGAGCAAGC-1","Neuroendocrine2"
"GAACACAAGCCATCAG-1","Neuroendocrine2"
"GAACACAAGGAATAAC-2","Generalist NE"
"GAACACAAGGGCTTAT-1","Generalist NE"
"GAACACAAGTCCTGAG-1","Generalist NE"
"GAACACAAGTGAACCT-2","Neuroendocrine1"
"GAACCAAAGAGAAGGG-2","nonNE1"
"GAACCAAAGTCCTTCA-1","Generalist NE"
"GAACCAAAGTGAAGTG-2","Generalist NE"
"GAACCAGCAAACTGTT-1","nonNE1"
"GAACCAGCAGTTATCG-1","Generalist nonNE"
"GAACCAGCATAGACCC-1","Generalist NE"
"GAACCAGCATGTCAGC-2","Generalist nonNE"
"GAACCAGCATTAAACC-2","nonNE1"
"GAACCAGCATTATGGT-1","Generalist NE"
"GAACCAGCATTGTGGC-1","Generalist nonNE"
"GAACCAGCATTGTGTG-2","Generalist nonNE"
"GAACCGCTCACAGCGC-2","Generalist nonNE"
"GAACCGCTCACCAATA-1","Generalist NE"
"GAACCGCTCAGGTTTA-2","Generalist NE"
"GAACCGCTCCAAGTTA-2","Generalist NE"
"GAACCGCTCCCGTTGT-1","nonNE1"
"GAACCGCTCGACCTGA-1","Generalist NE"
"GAACCGCTCTCAATGA-2","Neuroendocrine1"
"GAACCTGTCACTTCAT-1","Neuroendocrine2"
"GAACCTGTCATTAGTG-1","Generalist NE"
"GAACCTGTCCTAACGG-1","Generalist NE"
"GAACCTGTCGATATTG-1","Generalist NE"
"GAACCTGTCGATCAGT-2","Generalist NE"
"GAACCTGTCTAAATCG-1","Generalist NE"
"GAACCTGTCTGGCTTC-1","Generalist NE"
"GAACCTTAGCATGACT-2","Generalist NE"
"GAACCTTAGGAGTCGG-2","Generalist nonNE"
"GAACGAATCAATTACG-2","Generalist NE"
"GAACGAATCCCGCCTA-2","Generalist NE"
"GAACGAATCGAAGTGA-2","Generalist NE"
"GAACGAATCTAATCAG-2","Neuroendocrine2"
"GAACTTATCACTCGCT-1","Generalist NE"
"GAACTTATCCCGTTAC-1","Generalist NE"
"GAACTTATCCTGTTCA-2","Generalist NE"
"GAACTTATCTTTGAGA-2","Generalist NE"
"GAAGCCTGTCGCAAAC-2","Generalist NE"
"GAAGCCTGTGAATCGC-2","Neuroendocrine1"
"GAAGCCTGTGCATTTC-2","Generalist NE"
"GAAGCCTGTTAGCATG-2","Generalist NE"
"GAAGCCTGTTGGATAT-2","Generalist nonNE"
"GAAGCTAAGGCTGGCT-2","Generalist NE"
"GAAGCTAAGGGACTAA-2","Generalist NE"
"GAAGGAACAACTAGCC-2","Generalist NE"
"GAAGGAACATCATGGC-2","Generalist NE"
"GAAGGATGTAAGCTCA-2","Generalist NE"
"GAAGGATGTTAGACCA-2","Generalist NE"
"GAAGGATGTTGGCCGA-2","nonNE1"
"GAAGGCCCACAATGTT-1","Generalist nonNE"
"GAAGGCTAGACAAAGT-1","Generalist NE"
"GAAGGCTAGAGCCGGA-2","Generalist NE"
"GAAGGCTAGCGGTTAT-1","nonNE1"
"GAAGGCTAGGAAACTG-1","Generalist NE"
"GAAGGCTAGGCTGGCT-1","Generalist nonNE"
"GAAGTAAGTCCTAACT-2","Generalist NE"
"GAAGTAAGTTACTTGC-2","Generalist NE"
"GAAGTAAGTTTAACGG-2","Neuroendocrine2"
"GAAGTATAGACAGGTA-2","Generalist NE"
"GAAGTATAGACTCGCA-1","Generalist NE"
"GAAGTATAGCTGTACG-1","Generalist NE"
"GAAGTATAGTAGCGGG-2","Generalist nonNE"
"GAAGTATAGTAGGCGG-2","Intermediate"
"GAAGTATAGTGTTGCG-2","Neuroendocrine2"
"GAAGTCAAGAAAGGAA-1","Generalist nonNE"
"GAAGTCAAGCACAGGG-2","Generalist NE"
"GAAGTCAAGCAGCTAT-2","Generalist nonNE"
"GAAGTGATCCGCAAGC-1","Generalist nonNE"
"GAAGTGATCGGTTTGG-1","nonNE1"
"GAATTTGTCGTCAAGT-1","Generalist nonNE"
"GACACCGGTAAAGCGG-1","Generalist nonNE"
"GACACCGGTAAGCTTG-1","Generalist nonNE"
"GACACCGGTACCGTAA-1","Generalist NE"
"GACACCGGTAGGTTTG-2","Generalist NE"
"GACACCGGTGCGCAAT-1","Generalist NE"
"GACACCGGTGCTGTAA-1","Generalist nonNE"
"GACACCGGTGGGTGAA-1","Generalist nonNE"
"GACACCGGTGGTGAGA-2","Generalist nonNE"
"GACACCGGTGTAACCA-1","Generalist NE"
"GACACCGGTGTCACGG-1","nonNE1"
"GACACCGGTGTTAGCA-1","Generalist NE"
"GACACCGGTTGCATCT-1","Generalist nonNE"
"GACACCGGTTGTTGGA-1","Intermediate"
"GACATAGAGCCACATG-1","nonNE1"
"GACATAGAGGCTACAT-2","Generalist NE"
"GACATTATCATTTGCT-1","Generalist NE"
"GACATTATCGAGGAAC-1","Generalist NE"
"GACATTATCGATATTG-2","Generalist NE"
"GACATTATCTAGCTAA-1","Generalist NE"
"GACATTATCTTGGACG-2","Generalist NE"
"GACCGAACAACACTTG-2","Generalist NE"
"GACCGAACACAATGTT-1","Stress"
"GACCGAACACCATATG-1","Generalist NE"
"GACCGAACAGCATTAT-1","Generalist NE"
"GACCGAACAGTAGCCT-2","Neuroendocrine1"
"GACCGAACAGTATGTT-1","Generalist NE"
"GACCGAACAGTTATGT-1","Generalist NE"
"GACCGAACATAATTGC-2","Generalist nonNE"
"GACCGTTCAAGTGTTT-1","Generalist NE"
"GACCGTTCATTGTGTG-1","Generalist NE"
"GACCTAAGTGCATTAG-2","Generalist NE"
"GACCTAAGTGGATTGC-2","Generalist NE"
"GACCTAGTCATTGTCT-1","Generalist NE"
"GACCTAGTCCTTAATC-1","nonNE1"
"GACCTAGTCGTTTCGC-1","Generalist NE"
"GACCTCAAGCAGCTCA-2","Generalist NE"
"GACCTGATCCATAATG-1","Generalist NE"
"GACCTGATCCCTGGAA-1","Generalist NE"
"GACCTGATCCGCCTAT-1","Generalist nonNE"
"GACCTGATCCTACCTA-2","Generalist NE"
"GACCTGATCGTTAGCG-2","Generalist NE"
"GACCTGCAGCATGTTA-1","Intermediate"
"GACCTGCAGGAAACTG-1","Generalist NE"
"GACCTGCAGGAGTCGG-2","Generalist NE"
"GACCTGCAGGTTACAC-1","Generalist NE"
"GACCTGCAGTGAACGA-2","Generalist NE"
"GACCTGCAGTGACCTG-2","Generalist NE"
"GACCTTTGTAAGGTCC-2","nonNE1"
"GACCTTTGTGATTACG-1","Generalist nonNE"
"GACCTTTGTGCTGTAA-1","Generalist nonNE"
"GACCTTTGTTAGCCAA-2","Generalist NE"
"GACCTTTGTTGTGATG-1","Neuroendocrine2"
"GACGCAACAACTGGCT-2","Generalist NE"
"GACGCAACACAAAGAC-1","Generalist nonNE"
"GACGCAACACAGAAAC-2","Neuroendocrine2"
"GACGCAACACATTAAC-2","Generalist NE"
"GACGCAACACCTGGTG-2","Generalist NE"
"GACGCAACAGCATGTC-1","Generalist NE"
"GACGCAACAGGCATGA-1","Generalist NE"
"GACGCAACATTGACAT-1","Generalist NE"
"GACGCCTAGCACTTGG-1","Generalist NE"
"GACGCCTAGCTAATTG-1","Generalist nonNE"
"GACGCCTAGGAAACTG-2","Neuroendocrine1"
"GACGCCTAGGCCTTAG-2","Generalist NE"
"GACGCCTAGTCAATTG-2","Generalist NE"
"GACGTAAAGGAGCACG-2","Generalist NE"
"GACGTAAAGGCATTAC-1","Generalist nonNE"
"GACGTAAAGGTTAGCT-1","Generalist NE"
"GACGTAAAGGTTAGCT-2","Generalist NE"
"GACGTAAAGTTTCCTG-2","Generalist NE"
"GACTAATGTTACCTGT-1","Generalist NE"
"GACTAATGTTAGCAGC-2","Generalist NE"
"GACTAATGTTTGAGCA-2","Generalist NE"
"GACTATTCAACTAGCC-2","Intermediate"
"GACTATTCAAGGTAAC-2","Generalist NE"
"GACTATTCAAGTTATC-2","Generalist NE"
"GACTATTCAATGCGCT-2","Neuroendocrine1"
"GACTATTCACTTACAG-2","Generalist NE"
"GACTATTCAGCAACCT-1","Generalist NE"
"GACTATTCATGTCAGC-2","Generalist NE"
"GACTCACCACCTAAGC-1","Generalist NE"
"GACTCACCAGCCGCTA-2","Generalist NE"
"GACTCACCAGCTTAGC-1","Generalist nonNE"
"GACTCACCAGGAATCG-1","Generalist NE"
"GACTCACCAGGCAAGC-1","Stress"
"GACTCACCAGGTTAAA-1","nonNE2"
"GACTCACCATAGCTTG-2","Generalist NE"
"GACTTACAGCCTAATA-1","Generalist NE"
"GACTTACAGTGACCTG-1","nonNE2"
"GACTTACAGTTAGTTG-1","Generalist NE"
"GACTTACAGTTCCCGT-1","Generalist nonNE"
"GACTTAGGTAGCAGCT-2","Generalist NE"
"GACTTAGGTCAGTAAT-2","Intermediate"
"GACTTAGGTCTTACTA-1","Generalist NE"
"GACTTAGGTGCTCACC-2","Generalist NE"
"GACTTAGGTTACCGGG-2","Intermediate"
"GACTTGGTCAGGAACA-2","Generalist NE"
"GACTTGGTCATGTTTC-2","Neuroendocrine2"
"GACTTGGTCGTCATTT-1","Generalist NE"
"GAGAAACGTACCGAAC-2","Generalist NE"
"GAGAAACGTTACAACG-1","Generalist NE"
"GAGAAACGTTCACCAT-1","nonNE1"
"GAGAAACGTTCCAGGG-2","Generalist NE"
"GAGAAACGTTGCGGAT-2","Neuroendocrine2"
"GAGAACCAGACACTTA-2","Generalist NE"
"GAGAACCAGATAACCC-1","Generalist NE"
"GAGAACCAGCATCCAG-2","Generalist NE"
"GAGAACCAGCCGCTAA-2","Generalist NE"
"GAGAACCAGCTGGACC-1","Neuroendocrine1"
"GAGAACCAGGGTGAGT-2","Generalist NE"
"GAGAACCAGTAGCCAT-2","Generalist NE"
"GAGAACCAGTGTTGTA-1","Generalist NE"
"GAGAGGCGTCTAGCTT-1","Generalist NE"
"GAGAGGCGTTACATCC-2","Generalist nonNE"
"GAGAGGCGTTCCGCAC-1","Generalist nonNE"
"GAGAGGCGTTTAACGG-2","Generalist NE"
"GAGATAAGTAGCAGCT-2","Generalist NE"
"GAGATAAGTCATGCCC-1","Intermediate"
"GAGATAAGTGAACAAA-2","nonNE1"
"GAGATAAGTGCCTCAC-1","Neuroendocrine2"
"GAGATAAGTGTGCAAC-2","Generalist NE"
"GAGCAAATCAGTTCCC-1","Generalist NE"
"GAGCAAATCATCCTCA-2","Neuroendocrine2"
"GAGCAAATCATGGTTA-1","Generalist NE"
"GAGCAAATCATTGTCT-1","Generalist NE"
"GAGCAAATCCCGAACA-1","Generalist NE"
"GAGCAAATCCCTTGCG-2","Neuroendocrine1"
"GAGCAAATCCGCAACA-1","Generalist nonNE"
"GAGCAAATCGCTTCTA-1","Generalist NE"
"GAGCATGCAATAAGCA-1","Generalist NE"
"GAGCATGCACAAAGGT-2","nonNE1"
"GAGCCACTCATTGCAA-2","Neuroendocrine2"
"GAGCCACTCCTAATGA-1","Neuroendocrine2"
"GAGCCACTCCTTGCGT-2","Generalist NE"
"GAGCCACTCGCGACAC-2","Neuroendocrine2"
"GAGCCACTCGGGCCAT-1","Neuroendocrine2"
"GAGCCACTCGGTACGC-2","Generalist NE"
"GAGCCTTCAGCCAGTT-1","Generalist NE"
"GAGCCTTCATACTCCT-1","Generalist nonNE"
"GAGCGAAGTCAGTAAT-1","Generalist nonNE"
"GAGCGAAGTCATGAGC-1","Generalist NE"
"GAGCGAAGTGCATTAG-2","Generalist NE"
"GAGCGAAGTTGTAAAC-1","Generalist NE"
"GAGCGATAGAACAAGT-1","Generalist nonNE"
"GAGCGATAGCGCAATT-1","Generalist NE"
"GAGCGATAGTCACTAA-2","Generalist NE"
"GAGCGGTCAAAGGCCA-1","Generalist NE"
"GAGCGGTCAAAGGCCA-2","Stress"
"GAGCTAGCAATACTGT-1","Neuroendocrine2"
"GAGCTAGCAATGAATG-1","Generalist nonNE"
"GAGCTAGCAGCTACGT-1","Stress"
"GAGCTAGCATAAGCAA-1","Generalist NE"
"GAGCTAGCATGCATAT-1","nonNE1"
"GAGCTAGCATTAAGCT-2","Generalist nonNE"
"GAGCTAGCATTCAGCA-1","Generalist NE"
"GAGCTGCTCCAGCACA-2","Generalist NE"
"GAGCTGCTCTCTAGCC-2","Generalist NE"
"GAGCTTAGTAGGTTGC-1","Generalist NE"
"GAGCTTAGTCCAAGAC-2","Generalist NE"
"GAGCTTAGTGCTCCGT-1","Generalist nonNE"
"GAGCTTAGTTCCGGGA-1","Generalist NE"
"GAGCTTAGTTTCGCGC-1","nonNE1"
"GAGCTTGTCCGTTATT-2","Generalist NE"
"GAGCTTGTCGCTTCTA-2","Generalist NE"
"GAGCTTGTCTACTAAG-2","Generalist nonNE"
"GAGCTTGTCTCACTAT-1","Generalist nonNE"
"GAGGACTAGTAACGAG-2","Generalist NE"
"GAGGACTAGTAGCTTA-1","Generalist NE"
"GAGGAGGCAAAGGTAC-1","Generalist NE"
"GAGGAGGCAAGTGTTT-1","Generalist nonNE"
"GAGGAGGCAATTGAAG-2","Generalist NE"
"GAGGAGGCACCTCAGG-2","Generalist NE"
"GAGGAGGCACTAAGCC-2","Generalist NE"
"GAGGAGGCAGAATGAC-1","nonNE1"
"GAGGAGGCATGAATCT-1","Neuroendocrine2"
"GAGGAGGCATTATGCG-2","Generalist nonNE"
"GAGGCAAGTGGATGTC-1","Generalist NE"
"GAGGCAAGTGGTTATG-2","Neuroendocrine1"
"GAGGCAAGTGTAATAC-1","Generalist nonNE"
"GAGGCAAGTTGTTGCT-2","Generalist NE"
"GAGGCAAGTTTATGGG-2","Generalist NE"
"GAGGCCTTCAAGCTTA-1","Generalist NE"
"GAGGCCTTCACACAGT-1","Generalist nonNE"
"GAGGCCTTCACGCCAA-1","Generalist nonNE"
"GAGGCCTTCCACCTGT-2","Generalist NE"
"GAGGCCTTCCAGGTTG-2","Generalist NE"
"GAGGCCTTCCCTCGCA-2","Generalist NE"
"GAGGCCTTCCGCAACA-2","Intermediate"
"GAGGCCTTCCTGATGG-2","Neuroendocrine1"
"GAGGCTACAACAGGTG-1","Generalist nonNE"
"GAGGCTACAACTAGGG-1","nonNE1"
"GAGGCTACAAGTAAGC-2","nonNE1"
"GAGGCTACATCGTTCT-1","Generalist NE"
"GAGGCTTGTCATAACG-1","Generalist nonNE"
"GAGGCTTGTGGGTACT-2","Generalist NE"
"GAGGCTTGTTGCTGGG-2","Generalist nonNE"
"GAGGGAGCAACCCTAA-1","Generalist nonNE"
"GAGGGAGCAATACTGT-2","Generalist NE"
"GAGGGAGCAGTAGGTG-2","Generalist NE"
"GAGGTACAGAAGGTGC-1","Generalist nonNE"
"GAGGTACAGAATCTCA-2","Generalist NE"
"GAGGTACAGACTAAGG-2","Generalist NE"
"GAGGTACAGCCGCAAC-1","Generalist NE"
"GAGGTACAGGCCGGAA-2","Generalist NE"
"GAGGTAGGTCATGAGC-2","Generalist nonNE"
"GAGGTAGGTTTGCTGT-1","Intermediate"
"GAGGTGAGTATTGTCC-2","Generalist NE"
"GAGGTGAGTATTTGGG-1","Generalist nonNE"
"GAGGTGAGTCCAAGAC-1","Generalist NE"
"GAGGTGAGTTTGGGCG-2","Generalist NE"
"GAGGTTAAGATAGACG-1","Generalist NE"
"GAGGTTAAGGTTTGCG-1","nonNE1"
"GAGGTTAAGGTTTGCG-2","Generalist NE"
"GAGTAACCAAACGCGA-1","Neuroendocrine2"
"GAGTAACCAAACTAAG-2","Intermediate"
"GAGTAACCAAACTGTT-1","Generalist NE"
"GAGTAACCAACTAGCC-1","Generalist NE"
"GAGTAACCAATCCCTT-1","Generalist NE"
"GAGTAACCAATTTGGT-1","Generalist NE"
"GAGTAACCACCTGGTG-1","Generalist NE"
"GAGTAACCAGCTACGT-2","Generalist NE"
"GAGTAACCAGCTTACA-1","Generalist NE"
"GAGTAACCAGGTATTT-2","Generalist NE"
"GAGTAACCAGGTTACC-1","Neuroendocrine2"
"GAGTAACCAGGTTCAC-2","nonNE1"
"GAGTAACCATTGTCAG-1","Generalist NE"
"GAGTAATAGAAAGGAA-1","Generalist NE"
"GAGTAATAGCAACAAG-1","Generalist NE"
"GAGTAATAGCACTTGG-1","Stress"
"GAGTAATAGGACGTAA-1","Generalist nonNE"
"GAGTAATAGGTCGATT-2","Generalist NE"
"GAGTAATAGTGAACCT-1","Generalist NE"
"GAGTATCTCAATGTGC-2","Neuroendocrine2"
"GAGTATCTCCCTCTAA-1","Generalist NE"
"GAGTATCTCCTCAGTC-2","Generalist NE"
"GAGTATCTCCTGGTGA-1","Generalist nonNE"
"GAGTATCTCGCAGGCT-2","Generalist NE"
"GAGTATCTCTAATCCT-2","Neuroendocrine2"
"GAGTATCTCTTTGACT-2","Generalist NE"
"GAGTCAAAGAATGACG-2","Generalist NE"
"GAGTCAAAGACTATTG-1","Generalist nonNE"
"GAGTCAAAGCCTGTTC-2","Neuroendocrine2"
"GAGTCAAAGTGCACGC-2","Generalist NE"
"GAGTCATTCAGAAACG-2","Intermediate"
"GAGTCATTCATGCGTG-2","Stress"
"GAGTCATTCCGCACAA-2","Generalist NE"
"GAGTCATTCCGGCTAA-1","Intermediate"
"GAGTCATTCCTAACGG-2","Generalist NE"
"GAGTCATTCCTGGTGA-2","Intermediate"
"GAGTCATTCGCAACAT-2","Neuroendocrine2"
"GAGTCATTCTTGCATT-2","Neuroendocrine2"
"GAGTCATTCTTGTCCA-2","Intermediate"
"GAGTGAGGTCAATACG-1","Generalist NE"
"GAGTGAGGTCATGCAA-1","Generalist NE"
"GAGTGAGGTTGCGGAT-2","Generalist nonNE"
"GAGTGAGGTTGGTTCT-2","Neuroendocrine2"
"GAGTGATCAAATACCT-2","nonNE1"
"GAGTGATCAAGGTGGC-1","Generalist nonNE"
"GAGTGATCACACAATT-2","Generalist NE"
"GAGTGATCATAGTCAT-2","Generalist NE"
"GAGTGATCATTAGGCC-2","Generalist NE"
"GAGTGTTTCAAACCGT-2","Generalist NE"
"GAGTGTTTCAATGAGG-2","Generalist NE"
"GAGTGTTTCCACCCTG-1","nonNE1"
"GAGTGTTTCCTAGTTT-2","nonNE1"
"GAGTGTTTCCTTAATC-1","Generalist nonNE"
"GAGTTACTCCTCAGTC-2","Generalist NE"
"GAGTTGCGTCCGCTGT-2","Generalist nonNE"
"GAGTTGCGTCCGTGAG-2","Generalist NE"
"GAGTTGCGTTAACACG-1","Generalist nonNE"
"GAGTTGCGTTAGAGCC-1","Neuroendocrine1"
"GAGTTTGGTTACGCGG-1","Generalist NE"
"GAGTTTGGTTATTGCC-1","Generalist nonNE"
"GAGTTTGGTTGCAATG-2","Generalist nonNE"
"GATAAAGGTAAGGTCC-1","Neuroendocrine2"
"GATAAAGGTGATGGCT-2","Generalist nonNE"
"GATAAAGGTGCATTAG-1","Generalist NE"
"GATAAAGGTGTCACGG-1","Generalist NE"
"GATAAAGGTTTCCGGC-2","Generalist NE"
"GATAACGAGTTGCCTC-1","Generalist NE"
"GATAACGAGTTTCCGC-1","Intermediate"
"GATAAGCCAACCTGGT-2","Generalist NE"
"GATAAGCCAAGGATTA-1","Generalist nonNE"
"GATAAGCCAATTGAAG-2","Neuroendocrine1"
"GATAAGCCAGTTTACG-1","Generalist NE"
"GATAAGCCATTTAAGC-1","Generalist NE"
"GATAATCGTCGTAATG-2","Generalist NE"
"GATAATCGTTGCACAA-1","Neuroendocrine2"
"GATAATCGTTTACCGT-1","Generalist nonNE"
"GATAGACCAACACCTA-1","Generalist nonNE"
"GATAGACCAAGGACCA-1","Generalist NE"
"GATAGACCACAAACTT-2","Generalist NE"
"GATCAAGAGCGAGCGA-1","nonNE1"
"GATCAAGAGGGTTAGA-1","Generalist NE"
"GATCAAGAGTAACAGG-2","Generalist nonNE"
"GATCAAGAGTATCGCG-2","Generalist NE"
"GATCACTAGAAGGTGC-1","Neuroendocrine2"
"GATCACTAGACAGGCG-1","Generalist nonNE"
"GATCACTAGAGGAGTC-2","Generalist NE"
"GATCACTAGCAGCTCA-2","Generalist NE"
"GATCAGGCAAGGATTA-1","Generalist NE"
"GATCAGGCAATCCCTT-1","Generalist NE"
"GATCAGGCATAATTGC-2","nonNE1"
"GATCAGTTCATAGCCG-2","Generalist nonNE"
"GATCAGTTCATTGCAA-1","Neuroendocrine2"
"GATCAGTTCATTTGTC-2","Neuroendocrine1"
"GATCAGTTCCCTCAAC-2","Neuroendocrine2"
"GATCAGTTCCTAAATG-2","nonNE1"
"GATCAGTTCGTTCACC-1","Generalist nonNE"
"GATCCGTCAACCTAAT-1","Generalist nonNE"
"GATCCGTCAACCTGGT-2","Generalist NE"
"GATCCGTCAAGTGTCC-1","Generalist NE"
"GATCCGTCAATTAACC-1","Generalist NE"
"GATCCGTCACAAACTT-2","Generalist NE"
"GATCCGTCACCCACCT-1","Intermediate"
"GATCCGTCACTGACCG-1","Generalist nonNE"
"GATCGAGCAAGGTGGC-1","Generalist NE"
"GATCGAGCAAGGTGGC-2","Generalist NE"
"GATCGAGCACCTACGG-2","Generalist nonNE"
"GATCGAGCACCTCACC-2","Neuroendocrine2"
"GATCGATTCAAACCGT-2","Neuroendocrine2"
"GATCGATTCACTAATG-2","Generalist NE"
"GATCGCTCAACAGCCT-2","Generalist NE"
"GATCGCTCAAGGTCGA-2","nonNE1"
"GATCGCTCAATTGAGA-2","Neuroendocrine2"
"GATCGCTCACGAACAG-1","Generalist NE"
"GATCGCTCAGGATAAC-1","Generalist nonNE"
"GATCGCTCAGGTTATT-1","Generalist NE"
"GATCGCTCAGTTTACG-2","Generalist nonNE"
"GATCGCTCAGTTTCTC-1","Neuroendocrine2"
"GATCGCTCATGTTGGC-2","Generalist NE"
"GATGACTTCAAACACC-1","Intermediate"
"GATGACTTCAATACGC-2","Stress"
"GATGACTTCAATGTCA-2","Neuroendocrine2"
"GATGACTTCATTCATC-2","Generalist NE"
"GATGACTTCGTTAGTA-2","Generalist NE"
"GATGACTTCTAAATCG-2","Generalist NE"
"GATGAGGGTACGCGCA-1","Generalist NE"
"GATGAGGGTATTTGGG-2","Generalist NE"
"GATGCAGCACTTCATC-1","Generalist nonNE"
"GATGCAGCAGCAGGTA-1","Generalist NE"
"GATGCAGCAGGAACCA-2","Generalist NE"
"GATGCATTCCGCCTAT-1","nonNE1"
"GATGCATTCCTTGAGG-2","Generalist NE"
"GATGCGACACCTGGTG-1","Stress"
"GATGCGACACTTACAG-2","Generalist NE"
"GATGCGACAGTGAACG-1","Generalist NE"
"GATGCGACATATAACC-1","Generalist NE"
"GATGCTTAGGAACCAA-1","nonNE1"
"GATGCTTAGGACGTAA-2","Generalist NE"
"GATGCTTAGTCATGCG-2","Generalist NE"
"GATGCTTAGTGAGAGC-2","Generalist NE"
"GATGGACAGGACGTAA-2","nonNE1"
"GATGGACAGTTGCCTC-1","nonNE1"
"GATGGCTGTAACGGGA-1","Generalist nonNE"
"GATGGCTGTATCTGGA-1","Generalist nonNE"
"GATGGCTGTCTATCGT-2","Generalist NE"
"GATTAAGCAACCCTAA-1","nonNE1"
"GATTAAGCACCTGGTG-2","Generalist NE"
"GATTAAGCAGCTTAAT-2","Neuroendocrine1"
"GATTAAGCAGGTTATT-1","Generalist nonNE"
"GATTAAGCAGTCTATG-1","Generalist nonNE"
"GATTAAGCATTCAGCA-2","Generalist NE"
"GATTAAGCATTTGCTC-2","Generalist nonNE"
"GATTACGGTACTTCAC-1","Generalist NE"
"GATTACGGTCACAGAC-2","Generalist NE"
"GATTACGGTGACATGC-2","Neuroendocrine1"
"GATTACTCACAGCCTG-1","Generalist NE"
"GATTACTCAGGTTTGC-1","Generalist NE"
"GATTACTCATCGTTCT-2","nonNE1"
"GATTAGCTCCGGTTAG-2","Generalist nonNE"
"GATTAGTGTCACCAAA-1","nonNE1"
"GATTAGTGTCCGGTTC-2","Generalist nonNE"
"GATTAGTGTTAAGGTT-1","Generalist nonNE"
"GATTATGTCACCTGTC-2","nonNE1"
"GATTATGTCCATCAGG-1","Generalist NE"
"GATTATGTCCGTCCAT-1","Generalist NE"
"GATTATGTCCTTGTTG-1","Generalist NE"
"GATTATGTCGCGACAC-1","Generalist NE"
"GATTATGTCGGGACCT-1","Generalist NE"
"GATTATGTCTCACTCA-1","Generalist NE"
"GATTATGTCTTACTCG-1","Generalist nonNE"
"GATTCAATCATAGCCG-2","Generalist nonNE"
"GATTCAATCCCGAAGC-2","nonNE2"
"GATTCAATCCTGTTCA-2","Generalist NE"
"GATTCAATCGAAGTAG-1","Generalist NE"
"GATTCAATCTTAAGTG-2","Generalist nonNE"
"GATTCAATCTTGATGA-1","Generalist NE"
"GATTCAGGTACGCGCA-2","Intermediate"
"GATTCATCAACACCTA-1","Generalist nonNE"
"GATTCATCAACGTGCT-2","Generalist nonNE"
"GATTCATCAATACTGT-2","Generalist NE"
"GATTCATCACATGCTA-1","Generalist nonNE"
"GATTCATCATAAGTTC-1","Generalist NE"
"GATTCATCATGGTTAT-2","Neuroendocrine1"
"GATTCATCATGTCAAT-1","Generalist NE"
"GATTCATCATTAAGTC-2","nonNE1"
"GATTCCTGTAAACAAG-1","Generalist NE"
"GATTCCTGTAGACAAA-2","Generalist NE"
"GATTCCTGTAGGTGTC-2","Generalist NE"
"GATTCCTGTATTACCC-2","Neuroendocrine1"
"GATTCCTGTCCTTTAA-2","Generalist nonNE"
"GATTCCTGTGAGGTAG-2","Generalist nonNE"
"GATTCCTGTGCTCCGT-2","Generalist NE"
"GATTCCTGTGTCACGG-2","nonNE1"
"GATTCCTGTTCCTGTG-2","Neuroendocrine1"
"GATTCCTGTTGAGCCG-1","Generalist NE"
"GATTCGCCAAAGCGCA-2","Generalist NE"
"GATTCGCCAACTAGAA-2","Generalist NE"
"GATTCGCCAATTAAGG-1","Generalist nonNE"
"GATTCGCCACCTCACC-1","Generalist NE"
"GATTCGCCAGCCGCTA-2","Neuroendocrine1"
"GATTCGCCAGGCATGA-2","Neuroendocrine2"
"GATTCGCCAGGTATTT-2","Generalist NE"
"GATTCGCCAGTCTAGC-1","Generalist nonNE"
"GATTCGCCATAAGTTC-1","Generalist NE"
"GATTGATGTAACGAGG-2","Generalist nonNE"
"GATTGATGTCATTAGG-1","Generalist nonNE"
"GATTGATGTTAGTACG-2","Generalist nonNE"
"GATTGATGTTCCAGGG-2","Intermediate"
"GATTGATGTTGGTTGA-1","Generalist NE"
"GATTGCAGTCAACAAT-1","nonNE1"
"GATTGCAGTTACCTGT-2","Generalist NE"
"GATTGCAGTTGGTTAG-2","Generalist nonNE"
"GATTGCGTCACAGACT-1","Generalist NE"
"GATTGCGTCACAGCCA-1","Generalist nonNE"
"GATTGCGTCAGAAACG-2","Generalist NE"
"GATTGCGTCTAGCGTG-2","Generalist NE"
"GATTGGCGTACAAAGA-1","Generalist nonNE"
"GATTGGCGTACAATGT-2","Generalist NE"
"GATTGGCGTAGTTAAC-1","Stress"
"GATTGGCGTCACTCGC-2","Generalist NE"
"GATTGGCGTCCTCCAA-2","Generalist NE"
"GATTGGCGTGAGAAAC-1","Generalist NE"
"GATTGGCGTTGCGCGA-1","Neuroendocrine2"
"GATTGGTTCAAGGACA-1","Generalist NE"
"GATTGGTTCCTCATCA-1","Generalist nonNE"
"GATTGTTCAACAGCCT-1","Generalist NE"
"GATTGTTCAACCGCCA-1","Generalist NE"
"GATTGTTCAAGTTATC-2","Generalist NE"
"GATTGTTCAGCAGGTA-2","Intermediate"
"GATTGTTCAGGCCATT-2","nonNE1"
"GATTGTTCAGTTATCG-2","Neuroendocrine2"
"GATTGTTCATAAGGAC-1","Generalist nonNE"
"GATTTGCAGAAACTGG-2","Generalist NE"
"GATTTGCAGCTCCCTG-2","Generalist NE"
"GCAAACAAGCTGGAAA-1","Generalist nonNE"
"GCAAACAAGGAGTAAT-1","Generalist NE"
"GCAAACAAGGGATGAC-2","Generalist nonNE"
"GCAAACAAGGTCGAGG-2","Generalist NE"
"GCAAACAAGTAACTCA-1","Generalist NE"
"GCAAACAAGTACTGGT-1","Generalist NE"
"GCAAACAAGTTAGAGG-2","Generalist NE"
"GCAAACCGTAGGTTTG-1","Generalist NE"
"GCAAACCGTGATGAGG-1","nonNE1"
"GCAAACCGTGATGATT-2","Generalist NE"
"GCAAACCGTGTGCAAC-1","Generalist nonNE"
"GCAAACCGTTAGGACC-2","Generalist NE"
"GCAAACCGTTAGGTTG-1","Generalist NE"
"GCAAACCGTTGCATCT-2","Generalist nonNE"
"GCAAACCGTTGGATAT-2","Generalist NE"
"GCAAACTTCCAAACAC-1","Generalist NE"
"GCAAACTTCGATTTGA-1","Generalist NE"
"GCAACAGCACAAAGGT-1","Neuroendocrine2"
"GCAAGCCTCAATACGC-2","Generalist NE"
"GCAAGCCTCACCAATA-2","Generalist NE"
"GCAAGCCTCATTAGCA-2","Neuroendocrine2"
"GCAAGTCGTCCTAACT-2","Neuroendocrine1"
"GCAAGTCGTCGTTACT-1","Generalist NE"
"GCAAGTCGTGTCCAGG-1","Generalist NE"
"GCAAGTCGTGTCCTGC-1","Generalist NE"
"GCAAGTCGTTCCTGAT-1","Generalist NE"
"GCAAGTCGTTGCTTCG-2","Generalist NE"
"GCAAGTCGTTTGTGGA-2","Intermediate"
"GCAAGTGCAAGGTGGC-2","Generalist NE"
"GCAAGTGCACACAATT-1","Generalist nonNE"
"GCAAGTGCACCTGCCT-2","Generalist NE"
"GCAAGTGCACTAGCGT-2","Generalist NE"
"GCAAGTGCACTTGTTC-1","Generalist nonNE"
"GCAAGTGCAGCAAGAT-1","nonNE1"
"GCAATAGAGCACAGAA-1","Generalist NE"
"GCAATAGAGCCTAATA-1","nonNE1"
"GCAATAGAGCGGATAA-1","Generalist NE"
"GCAATAGAGGAACCAA-2","Generalist NE"
"GCAATAGAGGATGATG-1","Neuroendocrine1"
"GCAATAGAGGATTGCT-2","Generalist NE"
"GCAATAGAGTCAGTAC-2","Generalist NE"
"GCAATAGAGTTATGGC-2","Generalist NE"
"GCAATATGTGCGCAAT-2","Generalist NE"
"GCAATATGTTAACGGC-2","Generalist NE"
"GCAATATGTTAGCAGC-2","Generalist NE"
"GCAATATGTTGAGCCG-1","Generalist NE"
"GCAATCTAGCCGCTAA-2","Generalist NE"
"GCAATCTAGGAATAAC-2","Generalist NE"
"GCAATGTTCAGCAAAG-2","Intermediate"
"GCAATGTTCTGTAAGC-1","Generalist nonNE"
"GCACATTAGCACCACA-2","Generalist nonNE"
"GCACATTAGCCAAATC-2","Generalist nonNE"
"GCACATTAGTACCGCA-2","Generalist nonNE"
"GCACATTAGTGAACCT-1","Generalist NE"
"GCACATTAGTTATTCC-1","Generalist NE"
"GCACCTAAGCAAGACA-1","Generalist nonNE"
"GCACCTAAGCGTGCGT-2","Generalist NE"
"GCACCTAAGGCCCAGT-1","Generalist NE"
"GCACCTAAGTGAGCGG-2","Generalist NE"
"GCACGAACAAGGTGGC-2","Generalist NE"
"GCACGAACAATTGAAG-2","Generalist NE"
"GCACGAACATTGTGCA-1","Generalist NE"
"GCACGCTAGCATCCAG-2","Generalist nonNE"
"GCACGCTAGCTCCTTA-1","Generalist NE"
"GCACGCTAGGTCCTGA-2","Generalist NE"
"GCACGCTAGTAACAGG-2","Generalist NE"
"GCACGCTAGTGCACGC-1","Generalist NE"
"GCACGGTTCAGCAAAG-2","Neuroendocrine1"
"GCACGGTTCCTGCGAA-1","Generalist NE"
"GCACGGTTCGGCCAGT-2","Generalist nonNE"
"GCACGGTTCGGTACGC-2","Generalist NE"
"GCACTAAGTCAAAGAA-1","Generalist NE"
"GCACTAAGTGAGCAAG-2","Generalist NE"
"GCACTAAGTTAGGACC-2","Generalist NE"
"GCACTAAGTTATGTGG-1","nonNE1"
"GCACTTACACAGAAAC-1","Generalist NE"
"GCACTTACACCAGCAT-1","Generalist nonNE"
"GCACTTACAGAGAGCC-2","Generalist NE"
"GCACTTACAGTCTATG-2","Generalist NE"
"GCACTTACATGAGTTT-2","Generalist NE"
"GCACTTACATTGCGGT-2","Generalist NE"
"GCAGCCAGTAGGATCC-1","Generalist NE"
"GCAGCCAGTGGGTGAA-1","Generalist NE"
"GCAGCCAGTGTCACGG-2","Generalist NE"
"GCAGCCAGTTGAAGCC-2","Neuroendocrine1"
"GCAGCTATCACTCAAA-1","Generalist NE"
"GCAGCTATCAGGTCCA-1","Generalist NE"
"GCAGCTATCCCTTGCG-2","Neuroendocrine2"
"GCAGCTATCGGTACGC-2","Generalist NE"
"GCAGCTATCTATGACA-1","nonNE1"
"GCAGCTATCTCACTCA-2","Generalist NE"
"GCAGCTATCTTGTCCA-2","Neuroendocrine2"
"GCAGGAAGTACTTAGG-1","nonNE1"
"GCAGGAAGTCACAGAC-2","Generalist NE"
"GCAGGAAGTTAAGCGC-1","Generalist NE"
"GCAGGAAGTTGGCGTG-1","Generalist NE"
"GCAGGACCAATCCTAG-2","Generalist NE"
"GCAGGACCACCTCACC-1","Neuroendocrine1"
"GCAGGACCACTTAACG-2","Generalist nonNE"
"GCAGGACCAGTTATCG-2","Generalist NE"
"GCAGGATAGAGGATAT-1","Generalist NE"
"GCAGGATAGGGTGAGT-1","Generalist NE"
"GCAGGATAGTAAACCC-1","Generalist NE"
"GCAGGCAAGAACCTAC-1","Generalist nonNE"
"GCAGGCAAGTCACTCC-1","Generalist nonNE"
"GCAGGCTTCCCAGTAG-1","Generalist NE"
"GCAGGCTTCCTAATGA-2","Generalist nonNE"
"GCAGGCTTCCTTGTTG-2","Generalist NE"
"GCAGGCTTCGAGGAGT-2","Generalist NE"
"GCAGGTGAGACTTACA-2","Generalist NE"
"GCAGGTGAGCAGGTGG-1","Generalist NE"
"GCAGGTTGTCATTACC-2","nonNE1"
"GCAGGTTGTCTAACCT-2","Generalist NE"
"GCAGGTTGTTACCGGG-2","Generalist NE"
"GCATATATCAAGGACA-1","Generalist nonNE"
"GCATATATCCGGTATG-1","Generalist nonNE"
"GCATATATCGATATTG-2","Generalist NE"
"GCATCCTTCCATCAGG-1","Generalist nonNE"
"GCATCCTTCCTAAGGT-1","Generalist nonNE"
"GCATCCTTCGGTAACT-2","Stress"
"GCATCCTTCTAAGGTC-1","Generalist NE"
"GCATCCTTCTCACTAT-2","Generalist NE"
"GCATCCTTCTGTGAGT-2","Generalist nonNE"
"GCATGAAAGCCGCAAC-2","Neuroendocrine2"
"GCATGAAAGCCTGGTA-2","Generalist NE"
"GCATGAAAGGACCTGC-1","Generalist NE"
"GCATGAAAGGATCACT-2","Generalist NE"
"GCATGAAAGGTTTGAC-1","Generalist NE"
"GCATGAAAGTTATGTG-2","Generalist NE"
"GCATGAGCACACAATT-1","nonNE2"
"GCATGAGCAGGGAGCT-1","Generalist NE"
"GCATTAGGTCCCGAAG-2","Generalist NE"
"GCATTAGGTGAATCGC-2","Generalist NE"
"GCATTAGGTGGATTGC-1","Generalist NE"
"GCATTAGGTGTTGCAA-1","Neuroendocrine2"
"GCATTAGGTTGTTGTC-1","nonNE1"
"GCATTGCCAACCCTAA-2","Generalist NE"
"GCATTGCCAATTAAGG-2","Generalist NE"
"GCATTGCCACAATACT-2","Neuroendocrine2"
"GCATTGCCACCTCACC-2","Generalist NE"
"GCATTGCCACCTCGCT-2","Intermediate"
"GCATTGCCAGCACGAA-2","Generalist NE"
"GCATTGCCAGGCATGA-2","Generalist NE"
"GCATTGCCATTAGGTT-1","Generalist NE"
"GCCAACATCAAACCTA-1","Generalist nonNE"
"GCCAACATCACCAATA-2","Intermediate"
"GCCAACATCAGGTCCA-1","Generalist nonNE"
"GCCAACATCAGGTTTA-1","Generalist NE"
"GCCAACATCGTTAACA-1","Generalist NE"
"GCCAACATCTGGTCCT-2","Generalist nonNE"
"GCCAACATCTTAGCCC-1","Neuroendocrine2"
"GCCAACATCTTAGTGA-2","Generalist NE"
"GCCAATAGTAATGACT-1","Generalist NE"
"GCCAATAGTCCTTCTC-1","Generalist NE"
"GCCAATAGTGATGAGG-1","Generalist NE"
"GCCAATTAGACAACGA-1","Generalist NE"
"GCCACAATCACATTGA-2","nonNE1"
"GCCACAATCATGCTCC-1","Generalist NE"
"GCCACAATCCCGAAGC-1","Generalist NE"
"GCCACAATCCGTCCAT-2","Neuroendocrine2"
"GCCACAATCTAAATCG-2","Generalist NE"
"GCCACAATCTATGACA-1","Generalist NE"
"GCCACAATCTGTTCAT-1","nonNE1"
"GCCACACAGCCGCTTT-1","Generalist NE"
"GCCACACAGCCTGGTA-1","Generalist NE"
"GCCACACAGCCTGTTC-1","Generalist NE"
"GCCACACAGCGATAAG-1","nonNE1"
"GCCACACAGGCTTAGT-1","Generalist NE"
"GCCACACAGTCATTTC-1","nonNE2"
"GCCACACAGTTAGAGG-2","Generalist nonNE"
"GCCACTAAGAGAGCCG-1","Generalist NE"
"GCCACTAAGCAAGGTA-1","Generalist NE"
"GCCACTAAGGGTTATC-1","Generalist NE"
"GCCACTAAGTAGCGGG-1","nonNE2"
"GCCAGGAAGCATGCAT-2","Generalist NE"
"GCCAGGAAGCGATAGA-1","Generalist nonNE"
"GCCAGGAAGGCGGATG-1","Generalist NE"
"GCCAGGAAGTTATGGC-2","Generalist NE"
"GCCAGGAAGTTTGGTA-2","Generalist NE"
"GCCAGGTTCAACAAGG-1","Generalist NE"
"GCCAGGTTCACCAATA-2","nonNE1"
"GCCAGGTTCATGTTTC-2","Generalist NE"
"GCCAGGTTCATTACGA-1","Generalist NE"
"GCCAGGTTCCGCCTCA-2","Neuroendocrine2"
"GCCATGATCAATGTGC-2","Generalist NE"
"GCCATGATCACGTTAA-1","Intermediate"
"GCCATGATCATGCTCC-1","Generalist nonNE"
"GCCATTACAAAGCTAA-1","Generalist NE"
"GCCATTACAAAGGTAC-1","Generalist NE"
"GCCATTACAAGACTCC-2","Intermediate"
"GCCATTACAATTATGC-1","Generalist nonNE"
"GCCATTACAATTGCGC-2","Generalist NE"
"GCCATTACACGGTACT-1","Generalist NE"
"GCCATTACAGAATGAC-1","Generalist NE"
"GCCATTACAGCATTAT-1","Generalist nonNE"
"GCCATTACAGTTTGGC-1","Generalist nonNE"
"GCCCAAATCAGCCAAT-1","Generalist NE"
"GCCCAAATCATGCATA-2","Generalist nonNE"
"GCCCAAATCCGCAACA-1","Generalist NE"
"GCCCAAATCCTGAATA-1","Generalist nonNE"
"GCCCAAATCGGGATTT-1","Generalist NE"
"GCCCAAATCTGGCTTC-2","Generalist NE"
"GCCCATAAGCTTAACA-1","Generalist nonNE"
"GCCCATAAGGTCCAAT-1","Generalist NE"
"GCCCGTTGTCATCCTG-1","Generalist NE"
"GCCCGTTGTCATTAGG-1","Generalist NE"
"GCCCGTTGTTAGCTGA-2","Generalist NE"
"GCCCGTTGTTAGTGAT-2","Generalist NE"
"GCCCGTTGTTTCGCGC-2","Generalist NE"
"GCCGTGAGTCATCCTG-2","Generalist NE"
"GCCGTGAGTCTAACAG-2","Generalist NE"
"GCCGTGAGTGACCTGG-2","Neuroendocrine1"
"GCCGTGAGTTAGACCA-1","Generalist nonNE"
"GCCGTGAGTTAGAGGG-2","Generalist NE"
"GCCTAATAGGATTTGC-2","Generalist NE"
"GCCTAATAGGCTGTGC-2","Generalist NE"
"GCCTAATAGGTCCTAG-2","Generalist NE"
"GCCTAATAGGTTACGT-2","nonNE2"
"GCCTACTTCAAGCTAC-1","nonNE1"
"GCCTACTTCAATACGC-1","Generalist NE"
"GCCTACTTCAATTACG-1","Generalist NE"
"GCCTACTTCATAACGC-1","Generalist NE"
"GCCTACTTCCGTTAAA-2","nonNE1"
"GCCTACTTCCTTAGGG-1","nonNE2"
"GCCTACTTCGCAAACT-1","Generalist nonNE"
"GCCTACTTCGGGCCAT-1","Generalist NE"
"GCCTACTTCGTAACGT-1","Generalist nonNE"
"GCCTATTGTTCAAGAT-2","Neuroendocrine2"
"GCCTCAAAGACAAGTG-1","Generalist NE"
"GCCTCAAAGACTTACA-1","Generalist nonNE"
"GCCTCAAAGCTTTGGG-2","nonNE1"
"GCCTCAAAGTGAGAGC-1","Generalist NE"
"GCCTCCATCATAATCG-2","Stress"
"GCCTCCATCCTGCGAA-2","Generalist NE"
"GCCTCCATCCTTGAGG-1","Generalist NE"
"GCCTCCATCGTTAAGC-2","Generalist NE"
"GCCTCCATCTGGCAAT-2","Generalist NE"
"GCCTCCATCTTAGGAC-2","Generalist nonNE"
"GCCTCGACAATAATCC-1","Generalist nonNE"
"GCCTCGACACATTGCA-1","Generalist NE"
"GCCTCGACACTTCATC-2","Generalist NE"
"GCCTCGACAGCACCAT-2","Generalist NE"
"GCCTCGACATCCCTCA-1","Generalist nonNE"
"GCCTCGACATGCTTAG-2","Generalist NE"
"GCCTCGACATGGTTAT-1","Generalist NE"
"GCCTGACAGAAACTGG-2","Generalist NE"
"GCCTGACAGAACAAGT-2","nonNE1"
"GCCTGACAGATGCCTG-1","Generalist NE"
"GCCTGACAGTGAGGGT-2","Neuroendocrine2"
"GCCTGACAGTTAGACC-2","Neuroendocrine2"
"GCCTGAGGTAATCCCT-1","Generalist NE"
"GCCTGAGGTAATCGGC-2","Stress"
"GCCTGAGGTAGCCATA-2","Generalist NE"
"GCCTGAGGTAGCTAGC-1","Generalist NE"
"GCCTGCTGTAACCTAG-2","Generalist nonNE"
"GCCTGTGCAGGCCATT-1","Generalist nonNE"
"GCCTGTGCATCACAGC-1","nonNE1"
"GCCTGTGCATCCCGCT-1","Generalist nonNE"
"GCCTGTGCATTAGCGC-1","Generalist nonNE"
"GCCTTAACAACCCTAA-1","Neuroendocrine2"
"GCCTTAACAAGTCGCT-2","Generalist nonNE"
"GCCTTAACAGCAATAA-1","Generalist nonNE"
"GCCTTAACAGGTTTGC-2","nonNE1"
"GCCTTAACATGACTAT-1","Stress"
"GCCTTACTCAATGTCA-2","Generalist NE"
"GCCTTACTCCAGGTCA-1","Generalist NE"
"GCCTTACTCCATTACT-1","Generalist NE"
"GCCTTACTCGTTAAGC-2","Generalist NE"
"GCCTTAGAGATACTTG-2","nonNE1"
"GCCTTAGAGCTCATAA-1","Generalist NE"
"GCCTTAGAGGCTACTG-1","Generalist NE"
"GCCTTAGAGGTGAAAT-2","Neuroendocrine2"
"GCCTTAGAGTCTTGAA-1","Generalist nonNE"
"GCCTTGCGTAAGCTTG-1","Generalist NE"
"GCCTTGCGTAATGACT-2","nonNE1"
"GCCTTGCGTCCTTTAA-2","Generalist NE"
"GCCTTGCGTTAGCTGA-2","Generalist NE"
"GCCTTGCGTTGACTTC-2","Generalist NE"
"GCCTTTATCCTTAAGA-2","Generalist NE"
"GCCTTTATCGATCAGT-2","Intermediate"
"GCCTTTATCGTTAGTA-1","Generalist nonNE"
"GCCTTTATCTAGCGTG-1","Generalist NE"
"GCCTTTGGTCACAGCG-2","Neuroendocrine2"
"GCCTTTGGTCACGAAC-2","Generalist NE"
"GCCTTTGGTTGAGGTC-2","Generalist nonNE"
"GCCTTTGGTTGTAAAC-2","Generalist NE"
"GCGAAGCCAATTAACC-1","Generalist NE"
"GCGAAGCCACCTACGG-2","Generalist NE"
"GCGAAGCCACTAAGTT-2","Generalist NE"
"GCGAAGCCATCCCTCA-1","Generalist NE"
"GCGAAGCCATTGGGAG-2","Generalist NE"
"GCGAAGTAGAAAGCAT-2","Generalist NE"
"GCGAAGTAGCTGGCTA-1","nonNE1"
"GCGAAGTAGCTGTACG-2","Stress"
"GCGAAGTAGTAGCGGG-1","Generalist NE"
"GCGAGTGAGAAAGCAT-2","Generalist NE"
"GCGAGTGAGCCTGATG-2","Generalist NE"
"GCGAGTGAGCGATAGA-1","Generalist NE"
"GCGAGTGAGGCATTGT-1","Generalist nonNE"
"GCGATATTCAGCTAAC-2","Neuroendocrine2"
"GCGATATTCATAACTG-1","Generalist nonNE"
"GCGATATTCATTTGCT-2","Generalist NE"
"GCGATATTCCAAATCA-2","Generalist NE"
"GCGATATTCCATTACT-1","Neuroendocrine2"
"GCGATATTCCGCTAGA-2","Generalist NE"
"GCGATATTCCTAGTAA-2","Generalist NE"
"GCGATATTCCTGAGTG-2","nonNE1"
"GCGATATTCGCCTGTT-2","Generalist NE"
"GCGATATTCTAATTGG-1","Generalist NE"
"GCGATTAGTCATTGTC-2","Generalist NE"
"GCGATTAGTGTTAAAC-1","Generalist nonNE"
"GCGATTAGTGTTGCTT-2","Generalist NE"
"GCGATTAGTGTTTGCT-1","Generalist NE"
"GCGATTAGTTAGCCAA-1","Generalist nonNE"
"GCGATTTAGGCCTTAG-1","Generalist nonNE"
"GCGATTTAGGGCTTAT-2","Generalist NE"
"GCGATTTAGGGCTTTG-2","Generalist nonNE"
"GCGATTTAGGTACCGC-2","Neuroendocrine1"
"GCGATTTAGTCATCCC-1","Neuroendocrine1"
"GCGATTTAGTTAACCA-1","Generalist nonNE"
"GCGCAAACAATGCCCG-1","nonNE1"
"GCGCAAACACGGTACT-2","Generalist NE"
"GCGCAAACAGCTAATT-2","Generalist nonNE"
"GCGCAAACAGGTTCAC-2","Generalist NE"
"GCGCAATGTAGGTTTG-2","Generalist NE"
"GCGCAATGTTTGACCT-2","Generalist NE"
"GCGCCTTGTCCTTCTC-1","Generalist nonNE"
"GCGCCTTGTGGATTAT-1","Generalist NE"
"GCGCCTTGTTAGCATG-2","Generalist NE"
"GCGCCTTGTTGTTGCT-1","Neuroendocrine2"
"GCGCGATTCAGCACGC-1","Generalist NE"
"GCGCGATTCATTGCAA-1","Generalist NE"
"GCGCGATTCATTGCAA-2","Neuroendocrine1"
"GCGCGATTCATTGTTC-2","Generalist NE"
"GCGCGATTCCGTGACA-1","Generalist NE"
"GCGCGATTCCTCATGC-2","Neuroendocrine2"
"GCGCGATTCGGTTCCT-2","Neuroendocrine2"
"GCGCTAGGTAGCCTAA-1","Generalist NE"
"GCGCTAGGTCACGAAC-2","Neuroendocrine1"
"GCGCTAGGTCATGCAA-2","Neuroendocrine2"
"GCGCTAGGTTTGTTGC-1","Intermediate"
"GCGCTTAAGCAGCTCA-1","Generalist NE"
"GCGCTTAAGCCTGAGC-1","Generalist NE"
"GCGCTTAAGCGAAGTA-1","Generalist NE"
"GCGCTTAAGCGATACT-2","Generalist nonNE"
"GCGCTTAAGGAGCAAC-2","nonNE1"
"GCGCTTAAGTATTGCA-1","Generalist NE"
"GCGCTTAAGTCTGGGC-2","nonNE1"
"GCGCTTAAGTTGTCTT-1","Generalist nonNE"
"GCGCTTGCAACAGGAT-1","Generalist NE"
"GCGCTTGCAACCTGGT-2","Generalist NE"
"GCGCTTGCAACTAGCC-1","Neuroendocrine2"
"GCGCTTGCACCTACTT-1","Generalist NE"
"GCGCTTGCAGCAAGTG-2","Neuroendocrine1"
"GCGCTTGCAGCGCTTG-1","nonNE1"
"GCGCTTGCAGGCGAGT-1","Generalist NE"
"GCGCTTGCAGGCTGTT-1","Stress"
"GCGCTTGCAGGGAGCT-1","Generalist NE"
"GCGCTTGCAGTCTAGC-1","Generalist NE"
"GCGGAACCAAATTGCT-2","Generalist nonNE"
"GCGGAACCAACAGGTG-1","nonNE2"
"GCGGAACCAAGATTCT-1","Neuroendocrine2"
"GCGGAACCACAAGCCT-2","Neuroendocrine2"
"GCGGAACCACGTAATT-2","Generalist NE"
"GCGGATACAAGCGATG-1","Generalist NE"
"GCGGATACACAGGGAC-2","Generalist NE"
"GCGGATACACCACAAC-1","Generalist NE"
"GCGGATACACCTAAGC-1","Generalist NE"
"GCGGATACATAGACCC-1","Generalist NE"
"GCGGATACATGGCCTG-2","Generalist NE"
"GCGGGTTTCCAAGTGT-1","Generalist NE"
"GCGGGTTTCGACCTGA-2","Generalist NE"
"GCGGGTTTCGCAATCG-2","Stress"
"GCGGGTTTCGCACAAT-1","Generalist NE"
"GCGGGTTTCGCCTGTT-1","Generalist nonNE"
"GCGGTTATCATGGTGT-1","Generalist nonNE"
"GCGGTTATCCTGCGAA-2","Generalist NE"
"GCGGTTATCTTGCAGG-2","Generalist NE"
"GCGGTTGGTACGCGCA-2","nonNE1"
"GCGGTTGGTCATGCCC-1","Generalist NE"
"GCGGTTGGTCATTACC-1","Intermediate"
"GCGGTTGGTGCTGGTG-2","Generalist NE"
"GCGGTTGGTTAGCTGA-2","Generalist NE"
"GCGTAACGTAATTAGC-1","Generalist NE"
"GCGTAACGTTAAGCGC-2","Neuroendocrine1"
"GCGTGCTAGAGGATAT-2","Generalist NE"
"GCGTGCTAGATGCCTG-2","Generalist NE"
"GCGTTTCTCATTACTC-2","Generalist NE"
"GCGTTTCTCCAAGTGT-2","Generalist NE"
"GCGTTTCTCCCATAAA-1","Generalist NE"
"GCGTTTCTCCTTAGTT-1","Generalist NE"
"GCGTTTCTCGCTATAA-1","Generalist NE"
"GCGTTTCTCTAAATCG-2","Generalist NE"
"GCGTTTCTCTCCTCTT-2","Intermediate"
"GCTAACAGTAATAGCT-2","Generalist NE"
"GCTAACAGTATTTGCC-1","Generalist NE"
"GCTAACAGTCACCAAA-1","Generalist NE"
"GCTAACAGTGGATGTC-2","Neuroendocrine1"
"GCTAACAGTGTCCTGC-1","Generalist NE"
"GCTAACAGTTATTGCC-2","nonNE1"
"GCTAACAGTTTGGGCG-2","Intermediate"
"GCTAACCCACATAGCC-1","Generalist NE"
"GCTAACCCAGCAAGAT-1","Generalist NE"
"GCTAACCCAGCATGTC-1","Generalist NE"
"GCTAACCCATGAGTTT-1","Generalist NE"
"GCTAAGAAGCAGGCCT-1","Generalist NE"
"GCTAAGAAGGAAGCTA-2","Generalist NE"
"GCTAAGAAGTCAGGCC-1","Generalist NE"
"GCTAAGAAGTTGGATC-2","Generalist NE"
"GCTAAGCGTACAAAGA-2","Generalist NE"
"GCTAAGCGTTACTTCA-1","Generalist NE"
"GCTAAGCGTTATAGCG-2","Generalist NE"
"GCTAAGTTCAATCATG-2","Neuroendocrine2"
"GCTAAGTTCCTTGCAC-2","nonNE1"
"GCTAAGTTCTATTGTC-2","Generalist NE"
"GCTAATATCCGGCTAA-2","Generalist NE"
"GCTAATATCGAGCAAA-2","Generalist NE"
"GCTAATATCGCAATCG-2","Generalist NE"
"GCTAATATCTGTTGCC-2","Neuroendocrine2"
"GCTAGCGGTATTACCC-2","Generalist NE"
"GCTAGCGGTTTGACCT-2","Generalist NE"
"GCTAGCTCAACTAGCC-2","Stress"
"GCTAGCTCAATTGAAG-2","Generalist NE"
"GCTAGCTCAGAACCGA-1","Generalist NE"
"GCTAGCTCAGGTTCAC-1","Generalist nonNE"
"GCTAGCTCATGGCCCA-2","Generalist nonNE"
"GCTAGTGTCACAGACT-2","Generalist nonNE"
"GCTAGTGTCATGGTTA-1","Generalist NE"
"GCTAGTGTCATTTGCT-2","Generalist NE"
"GCTAGTGTCGGGACTC-1","Generalist NE"
"GCTAGTGTCTGTAAGC-2","Generalist NE"
"GCTATAGGTCGACTAA-2","Generalist NE"
"GCTATAGGTGTCCAAA-1","Generalist nonNE"
"GCTATAGGTTTATGGG-2","nonNE1"
"GCTATCCTCAAGCGCC-1","Generalist NE"
"GCTATCCTCACCGGTA-2","Intermediate"
"GCTATCCTCATAACTG-1","Generalist NE"
"GCTATCCTCTTGTTCG-1","Generalist NE"
"GCTATTGCAACGTGCT-2","Neuroendocrine1"
"GCTATTGCAATGAGGT-2","Generalist nonNE"
"GCTATTGCACATAGCC-2","Generalist NE"
"GCTATTGCAGCATGAG-1","Generalist NE"
"GCTATTGCAGGAATCG-1","Generalist NE"
"GCTATTGCATTAGCCA-2","Generalist NE"
"GCTATTGCATTCAGCA-2","Generalist nonNE"
"GCTCAACCACCGGTAT-1","Stress"
"GCTCAACCACGAATTT-2","nonNE2"
"GCTCAACCATCACTTC-1","Generalist NE"
"GCTCACAAGACAAAGT-2","Neuroendocrine2"
"GCTCACAAGCTTCCCG-1","Generalist NE"
"GCTCACAAGGGCTTAT-1","Generalist NE"
"GCTCACAAGTAGAGGC-2","Generalist NE"
"GCTCATTGTACGATTG-2","Generalist NE"
"GCTCATTGTACTGAAT-1","nonNE2"
"GCTCATTGTAGCTAAT-1","Generalist NE"
"GCTCATTGTGATTACG-1","Generalist NE"
"GCTCCTTAGCTTACTT-2","nonNE1"
"GCTCCTTAGGACCTTG-1","Generalist NE"
"GCTCCTTAGGCTACAT-1","nonNE2"
"GCTCCTTAGGGCCATC-1","Generalist nonNE"
"GCTCCTTAGGGTGGAT-2","nonNE1"
"GCTCCTTAGGTTACAC-2","Generalist NE"
"GCTCCTTAGTAACCAC-2","Generalist NE"
"GCTCCTTAGTTTGCGG-2","Intermediate"
"GCTCGATCAACCCTCC-1","nonNE1"
"GCTCGATCAAGCGAGC-1","Generalist nonNE"
"GCTCGATCAGAAATTG-1","Generalist nonNE"
"GCTCGATCAGGCTAGA-1","Generalist nonNE"
"GCTCTGGCAACAACAA-1","Generalist NE"
"GCTCTGGCACACTAAT-2","Generalist nonNE"
"GCTCTGTTCCTTTACG-1","Intermediate"
"GCTCTGTTCGCAATCG-2","Generalist NE"
"GCTCTGTTCGCACAAT-2","Generalist NE"
"GCTCTGTTCTTGCAGG-1","Generalist NE"
"GCTGACATCCATAATG-2","Generalist NE"
"GCTGACATCCATCAGG-1","Generalist nonNE"
"GCTGACATCCTCATCA-1","Generalist NE"
"GCTGACATCTAAGTCA-1","Generalist nonNE"
"GCTGACCAGCATGTTA-1","Generalist NE"
"GCTGACCAGGGCCATC-1","Intermediate"
"GCTGACCAGGGTCTAT-2","nonNE1"
"GCTGACCAGGTCATTA-1","Generalist NE"
"GCTGACCAGTGAACGA-1","Generalist NE"
"GCTGAGGAGGAGCATA-1","nonNE1"
"GCTGAGGAGGCTACAT-1","Generalist nonNE"
"GCTGAGGAGGCTGGCT-2","Generalist NE"
"GCTGAGGAGGTGCTGC-2","Generalist nonNE"
"GCTGAGGAGTATTGTG-2","Neuroendocrine2"
"GCTGATCCAAGGATTA-1","Stress"
"GCTGATCCAATAAGCA-2","Generalist NE"
"GCTGATCCAATATACC-2","Generalist nonNE"
"GCTGATCCAATGAAGC-1","Generalist NE"
"GCTGATCCAATTGACT-1","Generalist NE"
"GCTGATCCAGGCTTGT-2","Generalist nonNE"
"GCTGATCCAGTCTAAT-2","nonNE1"
"GCTGATCCATGGCCCA-2","Intermediate"
"GCTGCAATCCGTGACA-1","Stress"
"GCTGCAATCCTAATGA-1","Generalist nonNE"
"GCTGCAATCCTGTTCA-1","Intermediate"
"GCTGCACAGGAACGGT-2","Generalist nonNE"
"GCTGCACAGGGTGAAC-2","Generalist NE"
"GCTGCACAGGTTACGT-1","nonNE1"
"GCTGCACAGTGCACGC-1","Generalist NE"
"GCTGCACAGTTATTCC-2","Generalist NE"
"GCTGCACAGTTCCTCA-2","Intermediate"
"GCTGCATCAATGCGCT-1","Generalist NE"
"GCTGCATCAGCAAGGC-1","nonNE1"
"GCTGCATCAGCCAGAA-2","Neuroendocrine1"
"GCTGCATCAGGTTACC-1","Generalist NE"
"GCTGGATGTACCTTAC-2","Generalist NE"
"GCTGGATGTCCTTCTC-1","Generalist nonNE"
"GCTGGATGTTGCATCT-2","Generalist NE"
"GCTGGATGTTTAGTCC-2","Generalist NE"
"GCTGGTTCAATCTCTC-2","Generalist NE"
"GCTGGTTCAATTAACC-2","Neuroendocrine2"
"GCTGGTTCATATTGAC-2","Neuroendocrine1"
"GCTGTAAGTAAACAAG-1","Generalist NE"
"GCTGTAAGTAGTCAAT-2","Generalist NE"
"GCTGTAAGTCACTCGC-1","Generalist nonNE"
"GCTGTAAGTGGCTTCC-2","Generalist NE"
"GCTGTAAGTGGGAACA-1","Generalist NE"
"GCTGTAAGTTGGATAT-2","Generalist NE"
"GCTGTACCAACCTAAT-2","Generalist NE"
"GCTGTACCAACTAACT-1","Stress"
"GCTGTACCAGTCTAGC-1","Generalist nonNE"
"GCTGTGATCCAGGTTG-2","nonNE2"
"GCTGTGATCGATCAGT-2","Neuroendocrine1"
"GCTGTGATCTATCGCC-1","Generalist NE"
"GCTGTGATCTCCTCAA-2","Neuroendocrine1"
"GCTGTGCAGATAACCC-2","Generalist NE"
"GCTGTGCAGGAGTCGG-1","Generalist NE"
"GCTGTGCAGGATGATG-1","Generalist NE"
"GCTGTGCAGGGACTAA-2","Neuroendocrine2"
"GCTGTGCAGTGCTGTG-2","Neuroendocrine2"
"GCTTAAATCATCCTGC-1","Generalist nonNE"
"GCTTAAATCATGAAGG-1","Generalist NE"
"GCTTAAATCATGCTAA-1","nonNE1"
"GCTTAAATCCATAAGC-2","Generalist NE"
"GCTTAAATCCCGAAGC-2","Generalist NE"
"GCTTAAATCCCTGGAA-2","Generalist NE"
"GCTTAAATCCGTCCAT-1","nonNE1"
"GCTTAAATCGAAGTAG-2","Generalist nonNE"
"GCTTAAATCGATCAGT-2","nonNE1"
"GCTTAAATCTAAGGAG-2","Intermediate"
"GCTTAAATCTGTAATG-1","Generalist NE"
"GCTTAACAGAAACTGG-2","Generalist NE"
"GCTTAACAGTTCCTCA-1","Generalist nonNE"
"GCTTACCTCAATGTCA-2","Generalist nonNE"
"GCTTACCTCCAATTAG-1","Generalist NE"
"GCTTACCTCCACCTGT-1","Generalist NE"
"GCTTACCTCCCTCAGT-1","Generalist NE"
"GCTTACCTCCTCACAC-1","Intermediate"
"GCTTACCTCCTGATGG-2","Generalist NE"
"GCTTACCTCGGCCAGT-1","nonNE1"
"GCTTAGTAGGCCAATT-2","Generalist NE"
"GCTTAGTAGTCATTTC-1","nonNE1"
"GCTTAGTAGTTTGCGG-2","Generalist NE"
"GCTTATCGTAACTACG-2","Neuroendocrine2"
"GCTTATCGTATTCGTC-2","Neuroendocrine2"
"GCTTATCGTCGTTATC-1","Generalist NE"
"GCTTATCGTTACTTCA-2","Generalist nonNE"
"GCTTATCGTTAGGTTG-2","Generalist NE"
"GCTTATCGTTCTTTAG-1","Generalist NE"
"GCTTCGCGTCCGTAGG-2","Generalist NE"
"GCTTCGCGTGTTTGCT-2","Generalist nonNE"
"GCTTGACCACCTGGTG-2","Neuroendocrine1"
"GCTTGTTGTCACAGAC-1","Generalist nonNE"
"GCTTGTTGTCCTTAGT-1","Generalist NE"
"GCTTGTTGTGAGCACT-1","Neuroendocrine2"
"GCTTGTTGTTAAGGTT-1","Generalist NE"
"GCTTTACGTACTGAAT-2","Generalist NE"
"GCTTTACGTGATGAAA-1","Generalist NE"
"GCTTTACGTTATGTGG-2","Neuroendocrine2"
"GCTTTACGTTTCCTCC-1","Neuroendocrine2"
"GCTTTATTCATCCTGC-1","Generalist nonNE"
"GCTTTATTCATTTAGG-1","Generalist nonNE"
"GCTTTATTCCTAAGTA-1","Generalist nonNE"
"GCTTTATTCTAAGTCA-2","Generalist nonNE"
"GCTTTATTCTATGACA-2","nonNE2"
"GCTTTATTCTTACTCG-1","Generalist NE"
"GCTTTATTCTTTAAGG-2","Generalist NE"
"GCTTTCATCAACAAGG-2","Generalist NE"
"GCTTTCATCACAGCCA-1","Generalist NE"
"GCTTTCATCATCCTCA-2","Neuroendocrine2"
"GCTTTCATCATGGCCA-2","Generalist NE"
"GCTTTCATCATTAGGC-2","Generalist nonNE"
"GCTTTCATCGCACACA-1","Generalist NE"
"GCTTTCATCGGGACCT-2","Neuroendocrine1"
"GCTTTCATCGTTACAA-2","Neuroendocrine1"
"GCTTTCATCGTTAGTA-2","Generalist NE"
"GCTTTCATCTTAGGGT-2","Generalist NE"
"GCTTTGTGTGGATTAT-1","nonNE1"
"GCTTTGTGTTGACTTC-2","Neuroendocrine2"
"GCTTTGTGTTTGTGGA-2","Neuroendocrine1"
"GGAAACTCAACTGGGA-1","Generalist nonNE"
"GGAAACTCAATATGGA-1","Generalist NE"
"GGAAACTCACTTGTTC-1","Generalist nonNE"
"GGAAACTCAGTATGTT-1","Generalist NE"
"GGAACAATCACTTCAT-2","nonNE1"
"GGAACAATCATTAGCA-1","Generalist nonNE"
"GGAACAATCCCTCACG-1","Generalist NE"
"GGAACAATCCGCATGA-2","Generalist NE"
"GGAACAATCGTTATCT-1","Generalist NE"
"GGAACAATCTCACATT-1","Generalist nonNE"
"GGAACCACACAGACTC-1","Generalist NE"
"GGAACCACACTAAGTT-2","Intermediate"
"GGAACCACAGCCTAAC-1","Generalist NE"
"GGAACCACATCCCGCT-1","Generalist nonNE"
"GGAACCACATCCTAGA-1","Generalist NE"
"GGAACCACATGTTGCA-2","Generalist NE"
"GGAACCTGTAGCCTCC-2","Neuroendocrine1"
"GGAACCTGTCAGGAAG-2","Neuroendocrine1"
"GGAACCTGTCCTAACT-1","nonNE1"
"GGAACCTGTCCTTAGT-1","Generalist NE"
"GGAACCTGTGTCCAAA-1","Generalist nonNE"
"GGAACGGTCATTACTC-1","Generalist NE"
"GGAACGGTCCGCCAAA-1","Generalist NE"
"GGAACGGTCCTGAGTG-2","Generalist NE"
"GGAACGGTCGAAGTGA-2","Generalist NE"
"GGAACGGTCGATATTG-1","nonNE1"
"GGAACGGTCGCCTGTT-1","Generalist NE"
"GGAACGGTCTGGCATG-1","Generalist NE"
"GGAACTAAGACAACAG-1","Generalist NE"
"GGAACTAAGCCGGTAC-2","Generalist NE"
"GGAACTAAGCGAAGTA-2","Generalist nonNE"
"GGAACTAAGCGAGGTG-1","Generalist nonNE"
"GGAACTAAGTGAGGGT-1","Generalist NE"
"GGAACTAAGTTGGGCC-1","Generalist NE"
"GGAAGCTAGCGTGCGT-2","Generalist NE"
"GGAAGCTAGTGTTGTA-2","Generalist NE"
"GGAAGTATCACTCAAA-1","Generalist NE"
"GGAAGTATCATAACCA-2","Generalist nonNE"
"GGAAGTATCATGGCCA-2","Generalist nonNE"
"GGAAGTATCCCGTTGT-2","Generalist NE"
"GGAAGTATCTAGCTTT-2","nonNE1"
"GGAATCTTCAGTGAAG-2","Stress"
"GGAATCTTCATGCTAA-2","Generalist NE"
"GGAATCTTCCACCCTG-1","nonNE1"
"GGAATCTTCCCGTTAC-1","Generalist NE"
"GGAATCTTCGATTTAG-2","Generalist NE"
"GGACAGCCAATAACCT-1","Generalist nonNE"
"GGACAGCCACCCACCT-1","Generalist nonNE"
"GGACAGCCAGCTTAAT-1","Neuroendocrine2"
"GGACATAAGACTTACA-1","Generalist NE"
"GGACATAAGCGCTCAA-2","nonNE1"
"GGACATAAGGGCTTTG-2","Neuroendocrine2"
"GGACATAAGTAATCCA-1","nonNE1"
"GGACATAAGTTGTCTT-2","nonNE1"
"GGACCGAAGAACCTGT-1","Generalist NE"
"GGACCGAAGCAACATC-1","Generalist nonNE"
"GGACCGAAGCCTGATG-1","nonNE1"
"GGACCGAAGGGCTTAT-1","Generalist NE"
"GGACCGAAGTAAGAAC-1","nonNE2"
"GGACCTCAGCAAGGAC-2","Generalist NE"
"GGACCTCAGCCTAATA-1","Intermediate"
"GGACCTCAGCCTGACA-1","Generalist NE"
"GGACCTCAGGCCATCA-2","Neuroendocrine2"
"GGACCTCAGGTGCTGC-1","Stress"
"GGACGAAGTCAATAGT-1","Generalist NE"
"GGACGAAGTGAAACAA-2","Generalist NE"
"GGACGAAGTGAAGCCT-1","Generalist NE"
"GGACGAAGTGGTGAGA-2","Generalist NE"
"GGACGGATCATAGACC-1","Neuroendocrine2"
"GGACGGATCCCTCGCA-1","Generalist nonNE"
"GGACGGATCTGTGAGT-2","nonNE2"
"GGACGGATCTTTAGGA-2","Neuroendocrine2"
"GGACTAAAGCATGGTT-2","Generalist NE"
"GGACTAAAGGTTTACA-2","Intermediate"
"GGACTAAAGTAAGAAC-2","Generalist NE"
"GGAGCAAGTAGGTGTC-2","Generalist nonNE"
"GGAGCAAGTGTTAAAC-1","Generalist NE"
"GGAGCAAGTTCCTCCT-2","Stress"
"GGAGCAAGTTGTAACG-2","Generalist NE"
"GGAGCATAGACAAGTG-2","Generalist NE"
"GGAGCATAGCTGTACG-2","nonNE1"
"GGAGCATAGGAGTCGG-2","Generalist NE"
"GGAGCATAGTTTAACG-1","Generalist nonNE"
"GGAGCGATCACAGCGC-2","Generalist NE"
"GGAGCGATCCTGTTCA-1","Generalist NE"
"GGAGGTTAGCTTTGGG-2","Intermediate"
"GGAGTCTGTAACGAGG-1","Generalist nonNE"
"GGAGTCTGTAATCACG-1","Generalist NE"
"GGAGTCTGTGTTTGTC-2","Generalist NE"
"GGAGTCTGTTGGCCGA-1","Generalist NE"
"GGAGTCTGTTGGTTCT-2","Generalist NE"
"GGAGTCTGTTGTCCAT-2","Generalist nonNE"
"GGAGTGAGTCCAAGAC-2","nonNE1"
"GGAGTGAGTTGAGCCG-1","Generalist nonNE"
"GGATAACCACGGTACT-1","Generalist NE"
"GGATAACCACGTAATT-1","Generalist NE"
"GGATAACCACTAAGCC-2","Generalist NE"
"GGATAACCAGGCATGA-2","Generalist NE"
"GGATACTTCACAGGAA-1","Generalist NE"
"GGATACTTCAGGTCCA-1","Generalist nonNE"
"GGATACTTCCGCAACA-2","Generalist NE"
"GGATACTTCCTGATTT-1","Generalist nonNE"
"GGATACTTCGCCTAAG-2","Generalist NE"
"GGATATTGTCACCTAT-2","Generalist NE"
"GGATATTGTCCGTAGG-1","Generalist NE"
"GGATATTGTCCTTAGT-2","Intermediate"
"GGATATTGTGAATCGC-2","Generalist NE"
"GGATATTGTGATTTGG-2","Intermediate"
"GGATATTGTGCATTTC-1","Generalist NE"
"GGATATTGTTAGGCGT-2","Neuroendocrine2"
"GGATGAATCACAGACT-2","Generalist NE"
"GGATGAATCGCCTGTT-2","Generalist NE"
"GGATGAATCGTTACTT-1","Generalist NE"
"GGATGAATCGTTACTT-2","Generalist NE"
"GGATGAATCTCCTCAA-1","Generalist NE"
"GGATGAATCTGGTCCT-2","Generalist NE"
"GGATGAATCTTAGCGG-1","Generalist nonNE"
"GGATGGCCACAAGCCT-1","Generalist NE"
"GGATGGCCACTATGGC-1","nonNE1"
"GGATGGCCAGGATGGC-1","Generalist NE"
"GGATGGCCATGTCGCG-2","Generalist NE"
"GGATGTAAGCACAGGG-1","Generalist nonNE"
"GGATGTAAGCCACAAT-2","Generalist NE"
"GGATGTAAGCTATTAG-2","Neuroendocrine2"
"GGATGTAAGGCAAGTA-2","Generalist NE"
"GGATGTAAGGGTGGAT-1","Generalist NE"
"GGATGTAAGGTGAAGC-2","Neuroendocrine1"
"GGATGTAAGTTCCTCA-2","Generalist nonNE"
"GGATTATGTGCTTTAC-2","nonNE1"
"GGATTATGTTGGATAT-1","Stress"
"GGATTATGTTTGAGCA-2","Generalist nonNE"
"GGATTCAGTCAGGCAT-2","Generalist NE"
"GGATTCAGTGAGGTGA-2","Generalist NE"
"GGATTCAGTTATTGCC-1","Generalist NE"
"GGATTGCGTCGACTAA-1","Generalist NE"
"GGATTGCGTGAATCGC-1","Generalist nonNE"
"GGATTTATCGGTTTCC-1","Neuroendocrine2"
"GGCAAATCAAACGCGA-1","Generalist NE"
"GGCAAATCACCACAAC-1","Generalist NE"
"GGCAAATCATTAGCGC-2","Generalist NE"
"GGCAAGCCACCTCGCT-1","Generalist NE"
"GGCAAGCCACGGTTTA-2","Generalist NE"
"GGCAAGCCAGGAATCG-1","Generalist nonNE"
"GGCAAGCCAGGCTACT-2","Neuroendocrine2"
"GGCAAGCCATCATGTG-1","Generalist NE"
"GGCAAGCCATGACTAT-1","Generalist nonNE"
"GGCAATCGTAGACAAA-2","nonNE1"
"GGCAATCGTAGCTGGT-1","Generalist NE"
"GGCAATCGTATCTGGA-2","nonNE1"
"GGCAATCGTTGGCGTG-2","Generalist NE"
"GGCAATCGTTTAACGG-2","Generalist nonNE"
"GGCAGGATCATCCTAT-1","Generalist NE"
"GGCAGGATCCTTGAGG-2","Neuroendocrine2"
"GGCAGGATCTTTGTAC-2","Generalist NE"
"GGCATGGAGAAAGCAT-1","Generalist NE"
"GGCATGGAGTAAGTGG-2","nonNE1"
"GGCATGGAGTAGCTTA-1","Generalist NE"
"GGCATGGAGTTTCCTG-1","Generalist nonNE"
"GGCATTAGTCACACCC-1","Generalist nonNE"
"GGCATTAGTCATCAAG-2","Generalist NE"
"GGCATTAGTCCGGTTC-1","Generalist NE"
"GGCATTAGTTGTCCAT-1","Generalist NE"
"GGCATTAGTTTACGTC-2","nonNE1"
"GGCATTGTCACCGGTA-1","Generalist nonNE"
"GGCATTGTCCAGCACA-1","nonNE1"
"GGCATTGTCTCACACC-2","Generalist NE"
"GGCATTGTCTCACTCA-2","Generalist NE"
"GGCCAACTCACCTGTC-2","nonNE1"
"GGCCAACTCAGGAACA-1","Generalist NE"
"GGCCAACTCCTAGTCC-1","Stress"
"GGCCAACTCGTCATTT-2","Generalist NE"
"GGCCATCAGACAACAG-1","Generalist nonNE"
"GGCCATCAGTTAGTTG-1","Generalist nonNE"
"GGCCGTTAGCTTAGCG-1","Generalist NE"
"GGCCGTTAGCTTGCTC-2","Generalist NE"
"GGCCGTTAGTAAGTGG-2","Generalist NE"
"GGCCGTTAGTACCGCA-1","nonNE1"
"GGCCTAATCCTTGCGT-2","Generalist NE"
"GGCCTAATCGCTAGAT-1","Generalist NE"
"GGCCTAATCTAGCTAA-1","Intermediate"
"GGCCTCTGTAGCTAAT-2","Neuroendocrine1"
"GGCCTCTGTGCTCCAC-1","Intermediate"
"GGCCTCTGTTAAGGCC-1","Generalist NE"
"GGCCTCTGTTAGCATG-2","Generalist NE"
"GGCCTCTGTTCCGGCT-1","Generalist NE"
"GGCCTCTGTTGCATCT-2","Neuroendocrine1"
"GGCCTCTGTTGCCTCA-2","nonNE1"
"GGCCTCTGTTGTTGCT-1","Generalist nonNE"
"GGCCTCTGTTTATCGC-1","Generalist NE"
"GGCCTTAAGCAAGGTA-2","Generalist NE"
"GGCCTTAAGGCACAGG-1","Generalist NE"
"GGCCTTAAGGCCATCA-1","Generalist NE"
"GGCCTTAAGGTAAGCA-1","Neuroendocrine2"
"GGCCTTAAGTAACGAG-1","nonNE1"
"GGCCTTAAGTAACTCA-2","Generalist NE"
"GGCCTTAAGTGAGCGG-2","Generalist nonNE"
"GGCCTTCGTAGTTAAC-1","Generalist NE"
"GGCCTTCGTCGTAAAT-1","Generalist NE"
"GGCCTTCGTGCCTCAC-1","Generalist NE"
"GGCCTTCGTTCCTGTG-1","Intermediate"
"GGCCTTCGTTTGGCTT-1","Generalist nonNE"
"GGCGATACAAACCCTA-2","Generalist NE"
"GGCGATACACCAAAGG-2","Intermediate"
"GGCGATACAGCAACAG-1","Generalist NE"
"GGCGATACATAGCGAG-2","Generalist NE"
"GGCGCTAGTAATAGCT-2","Generalist NE"
"GGCGCTAGTTGGATCA-2","Intermediate"
"GGCGGTAAGCCTGTGA-2","Stress"
"GGCGGTAAGGGCTTAT-2","Generalist NE"
"GGCGGTTTCAAACTCA-2","nonNE1"
"GGCGGTTTCCGGTTAG-2","Generalist NE"
"GGCGGTTTCGAGGTGG-1","nonNE2"
"GGCGGTTTCGCTAAAC-1","Generalist NE"
"GGCGGTTTCGGTACGC-2","nonNE1"
"GGCGGTTTCTCCATGC-2","Neuroendocrine2"
"GGCGTTATCAGGGCCT-2","Generalist NE"
"GGCGTTATCCTGTTCA-1","Generalist nonNE"
"GGCGTTATCGGTTACG-2","Generalist NE"
"GGCGTTATCTTTAAGG-2","Generalist NE"
"GGCGTTATCTTTGACT-1","Generalist nonNE"
"GGCTAGACAACCTGGT-2","nonNE1"
"GGCTAGACATCAGTAT-1","Generalist nonNE"
"GGCTAGTGTGAAGCCT-2","Generalist NE"
"GGCTAGTGTGCTGGTG-2","Generalist NE"
"GGCTAGTGTTAGAGCC-2","Generalist NE"
"GGCTAGTGTTTGAGCA-1","Stress"
"GGCTAGTGTTTGAGGC-2","Generalist NE"
"GGCTAGTGTTTGCGCC-2","Generalist NE"
"GGCTATGTCACTCAAA-1","Generalist NE"
"GGCTATGTCAGGAACA-2","Generalist nonNE"
"GGCTATGTCCATAATG-1","nonNE1"
"GGCTATGTCTGCAAAC-1","Generalist NE"
"GGCTATTAGCAACATC-1","Generalist NE"
"GGCTATTAGCCGCAGT-1","Generalist nonNE"
"GGCTATTAGCTAATTG-2","Neuroendocrine2"
"GGCTCAATCAATTACG-2","Generalist NE"
"GGCTCAATCAGTTCCC-2","Generalist nonNE"
"GGCTCAATCCACCCTG-2","Generalist NE"
"GGCTCAATCCCGCATT-2","Neuroendocrine1"
"GGCTCAATCCTGATTT-1","Generalist NE"
"GGCTCAATCGCTAGCA-1","Generalist NE"
"GGCTCACAGCACTAGT-1","Generalist nonNE"
"GGCTCACAGGACTTAC-1","Generalist NE"
"GGCTCACAGTCCTGAG-1","Generalist NE"
"GGCTGAGAGGGCTTAT-1","Generalist NE"
"GGCTGAGAGTTCCCAC-2","Generalist NE"
"GGCTGGTTCAAACCGT-2","Generalist NE"
"GGCTGGTTCCTAATGA-2","Generalist NE"
"GGCTGTCAGCACCACA-1","Generalist NE"
"GGCTGTCAGCCTGAGC-1","nonNE2"
"GGCTGTCAGCTATGAC-1","Generalist NE"
"GGCTTAAGTATTCGTC-2","Neuroendocrine1"
"GGCTTAAGTATTGAGT-2","Generalist NE"
"GGCTTAAGTGACCTGG-1","Neuroendocrine2"
"GGCTTAAGTTTGGCGG-2","Generalist NE"
"GGCTTCAAGAATCTCA-2","Generalist NE"
"GGCTTCAAGCAGGCCT-1","Generalist NE"
"GGCTTCAAGGACCTGC-1","Generalist NE"
"GGCTTCAAGGTAAGGC-1","Generalist NE"
"GGGAATATCCTCCATA-1","Generalist NE"
"GGGAGTAGTGACATGC-2","Generalist NE"
"GGGAGTAGTTTAGTCC-2","Intermediate"
"GGGATTAAGACTATTG-2","Generalist NE"
"GGGATTAAGCATGAAG-2","Generalist NE"
"GGGATTAAGCGGATAA-1","Generalist NE"
"GGGATTAAGTCTCACC-2","Generalist nonNE"
"GGGATTAAGTGTTGTA-2","nonNE1"
"GGGCAATAGAGGATAT-2","Generalist NE"
"GGGCAATAGCCACATG-1","nonNE1"
"GGGCAATAGCGCAATT-1","Generalist NE"
"GGGCAATAGGACAATG-1","Generalist NE"
"GGGCAATAGGAGCATA-2","Generalist NE"
"GGGCAATAGTGATTCA-1","Generalist NE"
"GGGCATGAGGCTAAGA-1","Stress"
"GGGCATGAGTCTCACC-1","Generalist nonNE"
"GGGCATGAGTTAGCTA-1","Generalist NE"
"GGGCATTGTAGACAAA-1","nonNE1"
"GGGCATTGTAGTAAGA-1","Generalist NE"
"GGGCATTGTCAACAAT-2","Generalist NE"
"GGGCATTGTCTCAGCC-1","Generalist NE"
"GGGCATTGTGATTACG-2","Generalist NE"
"GGGCATTGTTAACACG-1","Generalist nonNE"
"GGGCCTAGTTTAGCGA-2","Generalist NE"
"GGGCCTAGTTTATTCG-1","Generalist nonNE"
"GGGCGAATCATAATCG-2","Generalist NE"
"GGGCGAATCCTTAGGG-1","Generalist NE"
"GGGCGAATCGTTCACC-2","Generalist NE"
"GGGCTAACAAACGGGC-2","Generalist NE"
"GGGCTAACACCATATG-2","Generalist nonNE"
"GGGCTAACATAATTGC-1","Generalist nonNE"
"GGGCTAACATTAGCCA-1","Generalist NE"
"GGGTATTTCGAAGTAG-2","Neuroendocrine1"
"GGGTATTTCGCCTAAG-1","Generalist NE"
"GGGTATTTCGGTTTCC-1","Generalist NE"
"GGGTCAACAACCCTAA-1","Generalist NE"
"GGGTCAACAAGGTGGC-2","Generalist NE"
"GGGTCAACAGCCAGAA-1","nonNE1"
"GGGTCAACATAGCGAG-2","Generalist NE"
"GGGTCAACATCTTGAG-1","Generalist nonNE"
"GGGTCACTCCGCACAA-2","Generalist nonNE"
"GGGTCACTCCTGGCTT-2","Generalist NE"
"GGGTCACTCGTTAAGC-1","nonNE1"
"GGGTCACTCGTTATCT-2","Generalist nonNE"
"GGGTGAAGTCACAAAT-2","Generalist NE"
"GGGTGAAGTTCTTTAG-1","Neuroendocrine2"
"GGGTGTTGTTACGCAA-1","Generalist nonNE"
"GGGTTACGTAATGACT-2","Generalist NE"
"GGGTTACGTCCCGAAG-1","Generalist NE"
"GGGTTACGTCTATCGT-1","Generalist NE"
"GGGTTACGTGCTCCAC-2","Generalist NE"
"GGGTTACGTGGTTAGC-1","Generalist NE"
"GGGTTACGTTATAGCG-1","Generalist NE"
"GGGTTACGTTTATTCG-1","Generalist NE"
"GGGTTATTCAAACACC-2","Generalist NE"
"GGGTTATTCATGCAAC-2","Generalist NE"
"GGGTTATTCCAAGTTA-2","Intermediate"
"GGGTTATTCGACAAAG-1","Generalist nonNE"
"GGGTTATTCGGTTTGG-1","Generalist NE"
"GGGTTTCCAAGGTACG-1","Generalist NE"
"GGGTTTCCAATACTGT-1","Generalist NE"
"GGGTTTCCAGAACCGA-1","Generalist nonNE"
"GGGTTTCCAGGAAGCC-1","Generalist NE"
"GGGTTTCCATTGCGTA-2","Generalist NE"
"GGGTTTGTCACGAATC-2","Generalist NE"
"GGGTTTGTCCCGTTAC-2","Generalist NE"
"GGGTTTGTCTAATTGG-1","Generalist nonNE"
"GGTAAACCAACTGGCT-1","Generalist nonNE"
"GGTAAACCACAATGCC-1","Generalist NE"
"GGTAAACCACCCACCT-2","Intermediate"
"GGTAAACCAGCATGAG-1","nonNE1"
"GGTAAACCAGTGAACG-2","Generalist NE"
"GGTAAACCATGCATAT-1","nonNE1"
"GGTAACCGTGGTTAGC-1","Generalist NE"
"GGTAACCGTTAATGCG-2","Neuroendocrine2"
"GGTAACCGTTACAAAC-2","Stress"
"GGTAACCGTTACCTGT-2","Generalist NE"
"GGTAACTTCACTAATG-1","Generalist nonNE"
"GGTAACTTCAGGCCTA-1","Generalist NE"
"GGTAACTTCCGGTATG-1","Intermediate"
"GGTAACTTCTAAGGAG-1","Generalist NE"
"GGTAACTTCTTTGACT-2","Generalist NE"
"GGTAAGGGTCACGAAC-2","Generalist nonNE"
"GGTAAGGGTGAGACTC-2","nonNE1"
"GGTAAGGGTGGACCTG-1","Generalist NE"
"GGTAAGGGTGGTTAGC-1","nonNE1"
"GGTAAGGGTTAGGACC-2","Intermediate"
"GGTAATTGTAGTTAAC-2","Generalist nonNE"
"GGTAATTGTTAATGAC-2","Neuroendocrine1"
"GGTAATTGTTAGTGAT-2","Intermediate"
"GGTACAAAGCACCACA-2","Neuroendocrine1"
"GGTACAAAGCATTTCT-1","nonNE1"
"GGTACAAAGCGATAGA-2","Neuroendocrine2"
"GGTACAAAGGAATAAC-2","nonNE1"
"GGTACAAAGGCGCTTA-1","Generalist NE"
"GGTACAAAGTAGCTTA-1","Generalist nonNE"
"GGTACAAAGTCACTAA-2","Generalist NE"
"GGTACAAAGTCATGCG-2","Generalist NE"
"GGTACAAAGTTAGACC-1","Generalist NE"
"GGTACCGGTCCAAGAC-1","Generalist NE"
"GGTACCGGTTGCGTAA-2","Generalist NE"
"GGTACCGGTTTGGTTC-1","Neuroendocrine2"
"GGTACTAGTAAGCTCA-2","Generalist NE"
"GGTACTAGTAGGTTAT-2","nonNE2"
"GGTACTAGTCAAGTAT-2","nonNE1"
"GGTACTAGTCTAACCT-2","Generalist NE"
"GGTACTTAGACCATAC-1","Generalist NE"
"GGTACTTAGCAGGCCT-2","Generalist NE"
"GGTACTTAGCATTAGC-2","Generalist NE"
"GGTACTTAGCGATAAG-2","Generalist NE"
"GGTACTTAGGCTAATC-1","Generalist NE"
"GGTACTTAGGGATGAC-2","Generalist nonNE"
"GGTACTTAGTTATCTC-1","Neuroendocrine2"
"GGTACTTAGTTATTCC-1","Generalist nonNE"
"GGTAGGAGTAATCCCT-2","Generalist NE"
"GGTAGGAGTCTTACTA-1","Generalist nonNE"
"GGTAGGAGTGCTAGAC-1","Generalist nonNE"
"GGTAGGAGTTGGCCGA-2","Generalist NE"
"GGTATGTTCATTAGGC-2","Generalist nonNE"
"GGTATGTTCGGTTAGT-1","Generalist nonNE"
"GGTATGTTCGTTAGTA-2","Generalist NE"
"GGTATGTTCTTACTCG-1","Generalist nonNE"
"GGTATTGGTATTTGGG-1","Generalist NE"
"GGTATTGGTCCTTTAA-2","Generalist NE"
"GGTATTGGTCGTAAAT-1","Generalist NE"
"GGTATTGGTTAGTGAT-1","Generalist NE"
"GGTATTGGTTTAACGG-1","Generalist NE"
"GGTATTTCAAACAACA-1","nonNE1"
"GGTATTTCAACAGGAT-1","Generalist NE"
"GGTATTTCAATCCCTT-1","Generalist nonNE"
"GGTATTTCAATTTGGT-2","Generalist NE"
"GGTATTTCACTGACTA-1","nonNE1"
"GGTATTTCAGGCATCT-1","Neuroendocrine2"
"GGTATTTCATAAAGCA-1","Generalist NE"
"GGTCAAGCACCATATG-2","Generalist NE"
"GGTCAAGCAGGCGATA-2","Neuroendocrine2"
"GGTCAAGCATTAAGTC-2","Neuroendocrine2"
"GGTCAATTCGCAAACT-2","nonNE1"
"GGTCAATTCGCACACA-1","nonNE1"
"GGTCAATTCGCGACAC-1","Generalist NE"
"GGTCAATTCGCTTGCT-2","Generalist NE"
"GGTCAGGAGATACTTG-1","nonNE1"
"GGTCAGGAGGACCTCA-1","Generalist NE"
"GGTCAGGAGGCTTAGT-2","Generalist NE"
"GGTCAGGAGGGACTAA-1","Generalist nonNE"
"GGTCAGGAGGTAGCTT-1","nonNE1"
"GGTCAGGAGGTCCAAT-2","Neuroendocrine2"
"GGTCATTAGTCACTCC-1","Generalist nonNE"
"GGTCCATCAAACCTAT-1","Generalist NE"
"GGTCCATCAAAGGTAC-1","Neuroendocrine2"
"GGTCCATCAAGCTTTG-1","Generalist NE"
"GGTCCATCAATTAGGA-2","Generalist NE"
"GGTCCATCAGCATGGA-1","Generalist nonNE"
"GGTCCATCATCCGTAA-2","Generalist NE"
"GGTCCGTAGACTTATG-1","Generalist NE"
"GGTCCGTAGCAGGCCT-1","nonNE1"
"GGTCCGTAGCGAGGTG-1","Generalist NE"
"GGTCCGTAGGTCGAGG-2","Generalist NE"
"GGTCCGTAGGTCGATT-2","nonNE1"
"GGTCCTGCACACCAAC-2","Generalist nonNE"
"GGTCCTGCAGCAAGGC-1","nonNE1"
"GGTCCTGCAGGCGATA-1","Neuroendocrine2"
"GGTCCTGCATAATCCG-2","Generalist NE"
"GGTCCTGCATTGCGGT-1","Generalist nonNE"
"GGTCGGTTCATCCACC-1","Intermediate"
"GGTCGGTTCCAAGTGT-2","Generalist NE"
"GGTCGGTTCCCGAACA-2","Generalist NE"
"GGTCGGTTCGCTAAGT-1","Generalist nonNE"
"GGTCTTGAGCCGCTTT-1","Generalist NE"
"GGTCTTGAGGAAGTAT-2","Generalist NE"
"GGTCTTGAGGCTGGCT-2","nonNE2"
"GGTCTTTGTGCTGTAA-2","Generalist nonNE"
"GGTCTTTGTTTGTTGC-1","Generalist nonNE"
"GGTGAGCCAATTGAGA-2","nonNE1"
"GGTGAGCCAGAATGAC-1","Generalist nonNE"
"GGTGAGCCAGCAACAG-1","Generalist NE"
"GGTGAGCCAGCCTGCA-1","Generalist NE"
"GGTGAGCCATGCTCCC-2","Generalist NE"
"GGTGAGCCATTGTTGG-1","Neuroendocrine2"
"GGTGAGGTCAATTACG-2","Neuroendocrine2"
"GGTGAGGTCCTGTTCA-1","Generalist nonNE"
"GGTGAGGTCGTAACGT-2","Generalist NE"
"GGTGAGGTCTAACTGA-2","Generalist NE"
"GGTGAGGTCTGCAAGT-2","Generalist NE"
"GGTGAGTAGAGCCGGA-2","Generalist NE"
"GGTGAGTAGGTCTTGG-1","Generalist NE"
"GGTGATTTCACTTCAT-2","nonNE1"
"GGTGATTTCAGGAAGC-2","Intermediate"
"GGTGATTTCGTGCTTC-2","Generalist nonNE"
"GGTGCTGGTATTGTGG-1","nonNE1"
"GGTGCTGGTCATTGTC-2","Generalist NE"
"GGTGCTGGTCTAACCT-2","Generalist NE"
"GGTGCTGGTCTTTGAC-2","Generalist NE"
"GGTGCTGGTTACGCAA-2","Generalist NE"
"GGTGCTTCAACAACAA-2","Generalist NE"
"GGTGCTTCACATTAAC-1","Generalist nonNE"
"GGTGCTTCAGGTTATT-1","Generalist NE"
"GGTGCTTCAGTTAAAG-2","Intermediate"
"GGTGCTTCATTAGCCA-1","Generalist NE"
"GGTGCTTCATTATGAC-1","Generalist NE"
"GGTGCTTCATTCCTCG-1","Generalist NE"
"GGTGCTTCATTGTGTG-2","Generalist nonNE"
"GGTGTCCAGAGGAAGG-1","Generalist NE"
"GGTGTCCAGCTTAGTA-2","Generalist NE"
"GGTGTCCAGGTCCTGA-2","Generalist nonNE"
"GGTGTCCAGTACCGCA-2","Stress"
"GGTGTCCAGTGACCTG-1","Generalist nonNE"
"GGTGTGACAATAGCAA-2","nonNE1"
"GGTGTGACAATAGCCC-1","Generalist NE"
"GGTGTGACAATGCCTA-1","nonNE1"
"GGTGTGACACAGGAAT-1","Generalist nonNE"
"GGTGTGACACAGGATG-2","Generalist NE"
"GGTGTGACAGAACCGA-1","Neuroendocrine2"
"GGTGTGACATTGCAGC-2","Generalist NE"
"GGTGTTGTCAATGTGC-2","Neuroendocrine2"
"GGTGTTGTCCCGAAGC-1","Generalist NE"
"GGTGTTGTCCCTGTTA-2","Generalist NE"
"GGTGTTGTCTGGCATG-2","Generalist NE"
"GGTTAATGTCGTAATG-2","Generalist NE"
"GGTTAATGTTACCTGT-2","Generalist NE"
"GGTTAATGTTCCGCAC-2","nonNE1"
"GGTTACCCAGCATGAG-2","nonNE1"
"GGTTACCCATTGTGAT-1","Generalist nonNE"
"GGTTACTAGCTGAGGG-2","Generalist NE"
"GGTTACTAGTGAAGTG-1","nonNE1"
"GGTTACTAGTTAACCA-1","nonNE1"
"GGTTACTAGTTTAACG-1","Generalist nonNE"
"GGTTAGCGTGTGTGGT-2","Generalist nonNE"
"GGTTAGCGTTTCCTCC-1","nonNE1"
"GGTTATATCGTTAAGC-1","Stress"
"GGTTATATCGTTATCT-1","Generalist NE"
"GGTTATATCGTTTCCA-1","Generalist NE"
"GGTTATGGTAGGATCC-2","Generalist NE"
"GGTTATGGTATTTGCC-2","nonNE1"
"GGTTATGGTTAACGAT-2","Generalist NE"
"GGTTATGGTTACCTGT-1","Generalist NE"
"GGTTCCCGTTCATTTG-1","Generalist NE"
"GGTTCCCGTTGCTTCG-2","Generalist nonNE"
"GGTTCTTGTCGTTACT-1","Generalist NE"
"GGTTCTTGTGAGCAAG-2","Generalist NE"
"GGTTCTTGTTACTAGG-1","Generalist nonNE"
"GGTTCTTGTTATCCGT-1","Generalist NE"
"GGTTGACGTAATCGTG-2","Generalist NE"
"GGTTGAGCACTATGGC-1","Generalist NE"
"GGTTGAGCAGGAAGCC-2","Generalist NE"
"GGTTGAGCAGGCCTTG-2","Neuroendocrine2"
"GGTTGAGCATGATTGT-2","Generalist NE"
"GGTTGCATCAAGTGAG-2","Generalist NE"
"GGTTGCATCACAGCCA-1","Neuroendocrine2"
"GGTTGCATCACTAATG-1","nonNE1"
"GGTTGCATCCCTCACG-2","Generalist NE"
"GGTTGCATCCTAATAG-1","Generalist nonNE"
"GGTTGCATCTTGTCTG-1","Generalist NE"
"GGTTGCGGTAACCTAG-2","nonNE1"
"GGTTGCGGTACCCACC-1","Generalist NE"
"GGTTGCGGTGACATAT-2","Generalist NE"
"GGTTGCGGTTTGGGCG-2","Generalist NE"
"GGTTGCTCAACACCTA-1","Neuroendocrine1"
"GGTTGCTCAACTAACT-2","Generalist NE"
"GGTTGCTCACAATTAC-1","Generalist NE"
"GGTTGCTCAGCACCAT-2","Generalist nonNE"
"GGTTGCTCAGGTTACC-1","Generalist NE"
"GGTTGCTCATACTCCT-2","Generalist NE"
"GGTTGCTCATCGCTTT-1","Intermediate"
"GGTTGCTCATCTTGAG-2","Neuroendocrine2"
"GGTTGCTCATTGCGAC-2","Generalist NE"
"GGTTGCTCATTGTGGC-1","Generalist NE"
"GGTTGGTGTAAGGTTT-2","Generalist NE"
"GGTTGGTGTAATCGTG-1","Generalist NE"
"GGTTGGTGTCACGGAT-2","Intermediate"
"GGTTGGTGTCATGCAA-1","Generalist NE"
"GGTTGGTGTTAGCAGC-1","Generalist NE"
"GGTTGGTGTTATCCTA-2","Neuroendocrine2"
"GGTTGGTGTTCCTGTG-1","Stress"
"GGTTGGTGTTCGGGAT-2","Intermediate"
"GGTTGGTGTTGCACAA-2","Generalist NE"
"GGTTTAATCATTGACA-1","Generalist nonNE"
"GGTTTAATCTCCATGC-1","Generalist nonNE"
"GGTTTCCTCAAGCGCC-2","Generalist NE"
"GGTTTCCTCATTACTC-2","Generalist NE"
"GGTTTCCTCCAATTAG-2","Intermediate"
"GGTTTCCTCCTAAGGT-1","Generalist NE"
"GGTTTCCTCGGTTTGG-2","Generalist NE"
"GGTTTCCTCTAGCTAA-2","Neuroendocrine1"
"GGTTTCCTCTTGTCTG-1","Generalist NE"
"GGTTTCCTCTTTGACT-2","Intermediate"
"GGTTTCTGTTACTTCA-1","Generalist NE"
"GGTTTCTGTTGTGATG-1","Generalist NE"
"GGTTTGTAGCCGCAAC-2","Generalist NE"
"GGTTTGTAGTGAAGTG-2","Generalist nonNE"
"GGTTTGTAGTGAGCGG-2","Neuroendocrine1"
"GGTTTGTAGTGCACGC-2","Neuroendocrine1"
"GTAAAGCCAAGGGTTG-2","Generalist nonNE"
"GTAAAGCCAGCCGCTA-1","Generalist NE"
"GTAAAGCCAGGAAGCC-2","Generalist NE"
"GTAAAGCCATACTCCT-1","Generalist NE"
"GTAAAGCCATTGTGCA-1","Stress"
"GTAAGCAAGACAAGTG-1","Generalist nonNE"
"GTAAGCAAGTGAACAG-1","Generalist NE"
"GTAAGCAAGTGGCGGA-2","Generalist nonNE"
"GTAAGCGCAACACTTG-1","Generalist nonNE"
"GTAAGCGCACAAAGGT-2","nonNE1"
"GTAAGCGCACAATGCC-1","Generalist nonNE"
"GTAAGCGCATCCCGCT-2","Generalist NE"
"GTAAGCGCATGGCCTG-2","Generalist NE"
"GTAAGCGCATTAGCCA-2","Generalist NE"
"GTAAGCTTCAACCAAC-2","Generalist NE"
"GTAAGCTTCCAAGTGT-2","Generalist NE"
"GTAAGCTTCCTAATTC-2","Generalist NE"
"GTAAGCTTCTAACCTT-1","Intermediate"
"GTAAGCTTCTCAATAG-1","Generalist NE"
"GTAAGCTTCTGCAACG-1","Generalist NE"
"GTAAGCTTCTTAGCCC-1","Generalist NE"
"GTAAGGTCAATATAGG-1","Generalist nonNE"
"GTAAGGTCATACTCCT-1","Generalist NE"
"GTAATAGCAAAGGCCA-1","Generalist nonNE"
"GTAATAGCAAGTGTCC-2","Generalist nonNE"
"GTAATAGCAGTTATGT-1","Generalist NE"
"GTAATAGCATGCAACC-2","nonNE1"
"GTACAATGTAAGCACC-1","Generalist nonNE"
"GTACAATGTTACATCC-2","Generalist NE"
"GTACACCCAGGACCAA-1","Generalist nonNE"
"GTACACCCAGGCGAGT-1","Generalist NE"
"GTACACCCATCAGCAC-2","Generalist NE"
"GTACACCCATGGCCTG-2","Generalist NE"
"GTACCGGGTAGGATTT-2","Generalist NE"
"GTACCGGGTGAGAAAC-1","Generalist NE"
"GTACCGGGTGTGTCCC-2","Generalist NE"
"GTACCGGGTTTAGCGA-1","Generalist NE"
"GTACCTTGTAGCCTCC-2","Neuroendocrine2"
"GTACCTTGTAGCTGGT-1","nonNE1"
"GTACCTTGTGCATCGG-1","Generalist NE"
"GTACCTTGTGTGCACG-2","Neuroendocrine2"
"GTACCTTGTTCAAGCA-2","Generalist NE"
"GTACGTAGTCAGGAAG-1","Generalist NE"
"GTACGTAGTGATGAAA-1","Generalist NE"
"GTACGTAGTGATGATT-1","Generalist nonNE"
"GTACGTAGTTGCCTCA-2","Generalist NE"
"GTACGTAGTTTAAAGC-2","nonNE1"
"GTACTAATCACGCATG-1","Generalist nonNE"
"GTACTAATCACTCGCT-1","Generalist nonNE"
"GTACTAATCTAGCGTG-2","Generalist NE"
"GTACTAGGTAATGGCC-1","nonNE1"
"GTACTAGGTGACATAT-1","Generalist NE"
"GTACTAGGTGGAAGGC-2","Generalist NE"
"GTACTGGTCATGTCAA-2","Generalist NE"
"GTACTGGTCCGTTATT-1","Generalist NE"
"GTACTGGTCCTAGTAA-2","Generalist NE"
"GTACTGGTCCTAGTCC-1","nonNE2"
"GTACTGGTCTGTTGCC-1","Generalist NE"
"GTACTTAAGCAAACCT-2","Generalist NE"
"GTACTTAAGCGCTCAA-2","nonNE1"
"GTACTTCGTAATCGGC-1","Generalist NE"
"GTACTTCGTGGTTAGC-1","Generalist NE"
"GTAGCGCTCACCTGTC-2","Generalist NE"
"GTAGCGCTCATGAGCT-2","Neuroendocrine2"
"GTAGCGCTCATTGTTC-2","Generalist NE"
"GTAGCGCTCCAGCACA-1","Generalist NE"
"GTAGCGCTCCTTGTTG-2","Intermediate"
"GTAGCTGTCAAACCTA-2","Generalist NE"
"GTAGCTGTCGGTTCCT-1","Generalist nonNE"
"GTAGGAGGTACAAAGA-1","Generalist NE"
"GTAGGAGGTACTGAAT-1","Generalist NE"
"GTAGGAGGTCTCACTG-1","nonNE1"
"GTAGGAGGTCTTGCAT-2","Neuroendocrine1"
"GTAGGAGGTGTAACCA-2","nonNE1"
"GTAGGAGGTGTTTGCT-1","nonNE1"
"GTAGGAGGTTACCGGG-2","Neuroendocrine2"
"GTAGGAGGTTGCTTCG-2","Generalist nonNE"
"GTAGGATCAACCCTCC-2","Generalist NE"
"GTAGGATCAAGGTACG-1","Generalist NE"
"GTAGGATCAAGTTATC-1","Generalist nonNE"
"GTAGGATCATAGACCC-2","Generalist nonNE"
"GTAGGCGAGAACCTAC-1","nonNE1"
"GTAGGCGAGCCGCTAA-1","Intermediate"
"GTAGGCGAGCTAAGTC-1","Generalist NE"
"GTAGGCGAGGCAAGTA-1","Generalist nonNE"
"GTAGGCGAGGCTTAAC-2","Generalist nonNE"
"GTAGGTGCAAACAACA-1","Generalist NE"
"GTAGGTGCAAACCCTA-1","nonNE2"
"GTAGGTGCAACTAGGG-2","Generalist NE"
"GTAGGTGCAAGGTAAC-1","Generalist NE"
"GTAGGTGCACATTGCA-2","nonNE1"
"GTAGGTGCACGTTACA-2","Generalist NE"
"GTAGGTGCAGGGAGGA-2","Generalist NE"
"GTAGGTGCATACTCCT-1","Generalist NE"
"GTAGTTATCGCTCACT-2","nonNE1"
"GTAGTTATCTAGCTTT-1","Generalist NE"
"GTAGTTTCAAAGCTCC-1","Generalist NE"
"GTAGTTTCAAGTGAAC-1","nonNE1"
"GTAGTTTCAGAAATGC-2","Generalist NE"
"GTAGTTTCATTAAACC-1","nonNE1"
"GTAGTTTCATTCAGCA-1","Generalist nonNE"
"GTATCGCCATGGCCTG-1","Generalist NE"
"GTATGTGGTAATAGCT-2","Generalist NE"
"GTATGTGGTGCCGCAA-1","Generalist NE"
"GTATGTGGTTAAGCGC-2","Generalist NE"
"GTATGTTCAACAACAA-2","Generalist NE"
"GTATGTTCAAGACTCC-1","Generalist NE"
"GTATGTTCAAGCGAGC-2","nonNE1"
"GTATGTTCAAGGACCA-1","Generalist NE"
"GTATGTTCAAGGTGCA-2","Generalist NE"
"GTATGTTCAGCCAGAA-2","Intermediate"
"GTATGTTCATAAGGAC-2","Intermediate"
"GTATGTTCATAGACCC-1","Generalist NE"
"GTATGTTCATGCTCCC-1","Generalist nonNE"
"GTATGTTCATGGTTAT-1","nonNE1"
"GTATTCAAGCAGGCCT-2","nonNE2"
"GTATTCAAGCTTCTCA-1","nonNE1"
"GTATTGATCATCACTT-1","Generalist nonNE"
"GTATTGATCATGCTTT-2","Generalist nonNE"
"GTATTGATCGTACCGA-1","Generalist NE"
"GTATTGATCGTCATTT-1","Generalist NE"
"GTATTGCAGCCTGACA-2","Intermediate"
"GTATTGCAGTCAATTG-1","Generalist NE"
"GTATTGCAGTTGGCCA-2","Generalist NE"
"GTATTGTCAAATGCCC-1","Generalist NE"
"GTATTGTCAAGACTCC-1","Generalist nonNE"
"GTATTGTCAATAATGG-2","Neuroendocrine2"
"GTATTGTCAATTAGGA-1","Generalist nonNE"
"GTATTGTCACGAATCC-2","Generalist NE"
"GTATTGTCATTATGAC-1","Generalist NE"
"GTCAAACTCACCGGTA-1","Generalist nonNE"
"GTCAAACTCCTCACTA-1","Generalist nonNE"
"GTCAAACTCCTTGCGT-1","Generalist nonNE"
"GTCAATATCCTGATGG-1","Generalist NE"
"GTCAATATCGAGGAAC-2","Neuroendocrine1"
"GTCAATATCGCTAGAT-2","Generalist NE"
"GTCAATATCGCTAGCA-2","Neuroendocrine2"
"GTCAATATCTAAGTCA-1","Generalist NE"
"GTCAATATCTCAATGA-1","Generalist NE"
"GTCAATATCTCCATAT-2","Generalist NE"
"GTCAGGCTCAGTTCCC-1","Generalist NE"
"GTCAGGCTCATAAGCC-1","Generalist NE"
"GTCAGGCTCATTGTCT-1","nonNE1"
"GTCATCACAAATGCCC-2","Neuroendocrine1"
"GTCATCACACCTCGCT-2","Neuroendocrine1"
"GTCATCACACTGGCTG-1","Generalist NE"
"GTCATCACAGGTTACC-1","Generalist nonNE"
"GTCATCACAGTAGCCT-1","Generalist nonNE"
"GTCATCCTCATAACTG-1","nonNE1"
"GTCATCCTCCAACTGG-1","Generalist NE"
"GTCATCCTCCCATAGG-2","Generalist NE"
"GTCATCCTCTTGACCC-1","Generalist nonNE"
"GTCATGAGTAAGGTCC-2","Neuroendocrine2"
"GTCATGAGTTTAACGG-1","Generalist NE"
"GTCATGCCAAGCTTTG-1","Generalist NE"
"GTCATGCCAAGGACCA-2","Generalist NE"
"GTCATGCCACCTGGTG-2","Generalist NE"
"GTCATGCCAGCCTAAC-1","Generalist NE"
"GTCATGCCAGCTTACA-2","Generalist NE"
"GTCATGCCAGGAACTG-2","Generalist NE"
"GTCATGCCAGGTTAAA-2","Generalist NE"
"GTCATGCCATGAGTTT-1","Generalist NE"
"GTCATTAAGACAGGCG-1","nonNE1"
"GTCATTAAGATGCCTG-2","Generalist NE"
"GTCATTAAGCCTCTGT-1","Intermediate"
"GTCATTAAGCCTCTGT-2","Stress"
"GTCCAAGTCCCTGGAA-2","Generalist NE"
"GTCCAAGTCCTCCCTC-1","Neuroendocrine2"
"GTCCAAGTCGAAGTGA-2","Generalist NE"
"GTCCAAGTCGTCAAGT-1","Generalist NE"
"GTCCAAGTCTTGAGCG-1","Generalist NE"
"GTCCAAGTCTTTGTAC-1","Generalist NE"
"GTCCAGGGTAAGCTCA-2","Generalist NE"
"GTCCAGGGTAGGTGTC-2","Generalist NE"
"GTCCAGGGTGAGCGAA-1","Generalist NE"
"GTCCAGGGTGCGCGTA-1","Generalist NE"
"GTCCAGGGTGGGTGAA-2","Stress"
"GTCCAGGGTTAATGCG-2","Generalist NE"
"GTCCAGGGTTGCACAA-2","Generalist NE"
"GTCCAGGGTTTAACGG-2","Generalist NE"
"GTCCATTGTCCTAACT-2","Generalist NE"
"GTCCATTGTGCTAGAC-1","Generalist NE"
"GTCCATTGTGTGCAAC-1","Generalist nonNE"
"GTCCGTAAGCTATGAC-1","Generalist NE"
"GTCCGTAAGGACCTTG-2","Generalist NE"
"GTCCGTAAGGTCATTA-2","Generalist nonNE"
"GTCCGTAAGTAAACCC-2","nonNE1"
"GTCCGTAAGTCAATCA-1","Generalist NE"
"GTCCGTAAGTTGCGTG-1","Generalist nonNE"
"GTCCTAGAGCGCCTTT-2","Generalist NE"
"GTCCTAGAGGAACGCG-2","Intermediate"
"GTCCTAGAGTCAATTG-2","Generalist NE"
"GTCCTAGAGTTGCGTG-2","Intermediate"
"GTCCTCAGTACAAAGA-1","Generalist NE"
"GTCCTCAGTAGGTTAT-2","Generalist NE"
"GTCCTCAGTATCTGGA-1","Neuroendocrine1"
"GTCCTCAGTCCGGTTC-2","Generalist nonNE"
"GTCCTCCCAAGGAATC-2","Generalist NE"
"GTCCTCCCAGTCTAAT-2","Generalist NE"
"GTCCTCCCATGAGTTT-2","Generalist NE"
"GTCGAAGCAACAACAA-2","Neuroendocrine1"
"GTCGAAGCAACACTTG-1","Generalist NE"
"GTCGAAGCACCTGGTG-2","Generalist nonNE"
"GTCGAAGCATCCCGCT-1","Generalist NE"
"GTCGAGGAGTGCTGTG-2","Generalist NE"
"GTCGCAATCCGTTAAA-2","Generalist nonNE"
"GTCGCAATCGATTTAG-2","Generalist NE"
"GTCGCAATCGCTTGCT-2","Generalist NE"
"GTCGGTTCAAACCTAT-1","Generalist NE"
"GTCGGTTCAACCCTCC-1","Generalist NE"
"GTCGGTTCACAACCTA-2","Generalist NE"
"GTCGGTTCACATTGCA-2","Generalist NE"
"GTCGGTTCAGCTTAAT-1","Generalist NE"
"GTCTAACAGCAGCTCA-1","Generalist nonNE"
"GTCTAACAGCATGGTT-2","Stress"
"GTCTAACAGCGCATTG-2","Neuroendocrine2"
"GTCTAACAGGACACTT-1","Generalist NE"
"GTCTAACAGGGTCTAT-1","Generalist NE"
"GTCTAACAGTAACCAC-2","Neuroendocrine1"
"GTCTAACAGTATCGCG-1","nonNE1"
"GTCTAATCACTATGGC-1","Generalist NE"
"GTCTAATCACTATGGC-2","Intermediate"
"GTCTAATCAGCTCATA-2","Generalist NE"
"GTCTAATCATTAGGCC-2","Neuroendocrine1"
"GTCTAGCCAATGCCCG-2","nonNE1"
"GTCTAGCCAGCAACCT-1","Generalist nonNE"
"GTCTAGCCAGCCGCTA-2","Neuroendocrine1"
"GTCTAGCCATTCCTCG-1","Generalist NE"
"GTCTATCGTCAATAGT-1","nonNE1"
"GTCTATCGTGTTAGCA-1","Generalist nonNE"
"GTCTATCGTTTCCTCC-2","nonNE1"
"GTCTATGCAAACCCTA-2","Intermediate"
"GTCTATGCAATCCCTT-1","Generalist NE"
"GTCTATGCAATTATGC-2","Neuroendocrine2"
"GTCTATGCACACTAAT-1","nonNE1"
"GTCTATGCACTGACCG-1","nonNE1"
"GTCTATGCACTTGTTC-1","Generalist nonNE"
"GTCTATGCAGTAGCCT-1","Generalist NE"
"GTCTCACTCAAACCGT-1","nonNE1"
"GTCTCACTCATTTGTC-2","Generalist NE"
"GTCTCACTCCAAGTTA-1","Neuroendocrine2"
"GTCTCACTCGATTTGA-2","Generalist NE"
"GTCTTGCTCAATGTCA-2","Generalist NE"
"GTCTTGCTCATTATGG-1","Generalist NE"
"GTCTTGCTCCTTTACG-1","Generalist NE"
"GTCTTTAGTCACAGAC-1","Generalist NE"
"GTCTTTAGTCTATCGT-1","Generalist nonNE"
"GTCTTTAGTGCCGCAA-2","nonNE1"
"GTCTTTAGTTATAGCG-2","Generalist NE"
"GTCTTTAGTTGCAATG-2","Neuroendocrine2"
"GTCTTTGTCACCATTT-1","Generalist NE"
"GTCTTTGTCAGTATTG-2","Generalist NE"
"GTCTTTGTCCCTGGAA-2","nonNE1"
"GTGAATCTCAAGACTC-2","Generalist NE"
"GTGAATCTCAATTACG-2","Generalist NE"
"GTGAATCTCCAAGTGT-1","nonNE1"
"GTGAATCTCCCGTTGT-2","Generalist NE"
"GTGAATCTCCGCCTAT-2","Generalist nonNE"
"GTGAATCTCGTAACGT-1","Generalist NE"
"GTGAATCTCGTCAAGT-2","nonNE1"
"GTGAATCTCTACCTAT-1","Stress"
"GTGAGCGAGGTAAGGC-2","Neuroendocrine2"
"GTGAGCGAGGTCTTGG-2","Generalist NE"
"GTGAGCGAGTGTGATC-1","nonNE1"
"GTGAGCGAGTGTGATC-2","Generalist NE"
"GTGAGGAGTCCTCCAA-2","nonNE1"
"GTGAGGAGTTACATCC-1","Generalist NE"
"GTGAGGAGTTCGCGCT-2","nonNE1"
"GTGAGGAGTTGAGGTC-2","Generalist NE"
"GTGATCAGTAGGTTGC-2","Intermediate"
"GTGATCAGTCGACTAA-1","Neuroendocrine2"
"GTGATCAGTTTATCGC-1","Generalist NE"
"GTGATGAAGCCAAATC-1","Generalist nonNE"
"GTGATGAAGCCTGGTA-1","nonNE2"
"GTGATGAAGGCTAATC-1","Generalist nonNE"
"GTGCAAGCACTTAACG-1","Generalist NE"
"GTGCAAGCAGAAACGT-2","Generalist NE"
"GTGCAAGCATAAGCAA-1","Generalist nonNE"
"GTGCAAGCATTAGCGC-2","Generalist NE"
"GTGCACGGTATTGCAG-1","Intermediate"
"GTGCACGGTGATCAGC-2","Neuroendocrine1"
"GTGCACGGTTCCGGCT-2","Generalist NE"
"GTGCATTAGACAACGA-1","Generalist NE"
"GTGCATTAGCGAGCGA-1","Generalist NE"
"GTGCATTAGGACCGCT-2","Intermediate"
"GTGCATTAGGACCTTG-1","Generalist NE"
"GTGCATTAGGTACCGC-2","nonNE2"
"GTGCCTTTCAATCATG-1","Generalist NE"
"GTGCCTTTCTCCTCTT-2","Generalist NE"
"GTGCGCAGTAACGTGC-2","nonNE1"
"GTGCGCAGTAATCACG-1","Intermediate"
"GTGCGCAGTGGGAACA-2","Generalist nonNE"
"GTGCGCAGTGTGTGGT-2","Generalist NE"
"GTGCGCAGTTCGGTAA-1","nonNE1"
"GTGCGCAGTTGCCTCA-2","Generalist NE"
"GTGCGCAGTTTACCGT-2","Neuroendocrine2"
"GTGCGCAGTTTATTCG-1","Generalist NE"
"GTGCGGTTCAATGTGC-2","Generalist NE"
"GTGCGGTTCACAGCCA-1","Generalist NE"
"GTGCGGTTCACGAATC-1","Generalist NE"
"GTGCGGTTCATCCTCA-2","Neuroendocrine2"
"GTGCTCAAGGCGAATA-1","Generalist NE"
"GTGCTCAAGGTCCGTA-2","Generalist nonNE"
"GTGCTCAAGTTGGGCC-2","Generalist NE"
"GTGCTCCGTAAGCTCA-1","Generalist NE"
"GTGCTCCGTCCTTAGT-2","Neuroendocrine2"
"GTGCTCCGTTAACGAT-1","Generalist nonNE"
"GTGCTGATCACCTGCT-1","Generalist NE"
"GTGCTGATCACGAATC-2","nonNE1"
"GTGCTGATCAGCTAAC-1","Generalist NE"
"GTGCTGATCAGGTCCA-2","Generalist NE"
"GTGCTGATCCGTTAAA-2","Neuroendocrine1"
"GTGCTGATCCTAATAG-1","Generalist nonNE"
"GTGCTGATCGCTCCAT-1","nonNE1"
"GTGCTGGGTACCCACC-1","Generalist NE"
"GTGCTGGGTCATCCTG-1","Generalist NE"
"GTGCTGGGTGGAAGGC-1","Generalist nonNE"
"GTGCTGGGTGTCACGG-1","nonNE1"
"GTGCTGGGTTAGCGTA-1","Generalist NE"
"GTGCTTACAATATGGA-1","Generalist NE"
"GTGCTTACAATGAATG-1","Generalist NE"
"GTGCTTACACACTAAT-1","Generalist NE"
"GTGCTTACACTAGGTC-2","Generalist NE"
"GTGCTTACAGCAAATA-1","Generalist NE"
"GTGCTTACATAATCAC-2","nonNE1"
"GTGCTTCTCAAGTGAG-1","Generalist NE"
"GTGCTTCTCCCGCCTA-1","Intermediate"
"GTGCTTCTCGGTCAGC-1","Generalist NE"
"GTGCTTCTCTGTTGCC-2","Neuroendocrine1"
"GTGCTTCTCTTAGGAC-1","Generalist NE"
"GTGCTTCTCTTTGACT-1","nonNE1"
"GTGCTTCTCTTTGACT-2","Generalist NE"
"GTGGACACACCACAAC-2","Neuroendocrine1"
"GTGGACACATCTAGCA-2","Generalist NE"
"GTGGATGCAAGACTCC-1","nonNE1"
"GTGGATGCACGGTACT-1","nonNE1"
"GTGGATGCAGGTTAAA-2","Generalist NE"
"GTGGATGCATGCTATG-2","Generalist NE"
"GTGGCTTCAATATACC-1","Generalist NE"
"GTGGCTTCAGGAAGCC-1","Generalist NE"
"GTGGCTTCATAGACTT-1","Generalist NE"
"GTGGCTTCATATTGAC-1","Generalist nonNE"
"GTGGTTAGTAATCACG-2","Generalist NE"
"GTGGTTAGTGAGCGAA-2","Generalist NE"
"GTGGTTAGTGAGGTAG-1","nonNE1"
"GTGGTTAGTTGGATCA-1","Generalist nonNE"
"GTGGTTAGTTTCAGGA-2","Generalist NE"
"GTGGTTAGTTTCGCCA-2","Generalist NE"
"GTGTAACTCCCGTTGT-2","Generalist NE"
"GTGTAACTCCGTTAAA-1","Generalist NE"
"GTGTAACTCTGTAATG-2","Generalist NE"
"GTGTCCAAGGACCTTG-1","Generalist NE"
"GTGTCCAAGTTGCGTG-2","Generalist NE"
"GTGTGAGCAAACAACA-1","Generalist nonNE"
"GTGTGAGCAGCAATAA-1","Generalist nonNE"
"GTGTGAGCATCCCGCT-1","nonNE1"
"GTGTGCGGTAAATTGC-1","Generalist NE"
"GTGTGCGGTAGCTGCG-1","Generalist NE"
"GTGTGCGGTATTGCAG-1","nonNE1"
"GTGTGCGGTCTAACAG-1","Generalist nonNE"
"GTGTGCGGTGTTTCAC-2","Generalist NE"
"GTGTGCGGTTAAGGTT-1","Generalist NE"
"GTGTGCGGTTGGTTCT-2","Neuroendocrine2"
"GTGTGTTAGCTCAATA-2","Generalist NE"
"GTGTGTTAGTAAACCC-1","Generalist NE"
"GTGTGTTAGTCCTGAG-2","Generalist NE"
"GTGTGTTAGTGAACAG-1","Generalist nonNE"
"GTGTTACAGCACGATT-1","nonNE1"
"GTGTTACAGCACTAAC-1","Stress"
"GTGTTACAGGGACTAA-2","Generalist NE"
"GTGTTACAGGTCCGTA-2","Generalist NE"
"GTGTTCCTCAAGTGTC-2","Generalist NE"
"GTGTTCCTCAATGTGC-2","Generalist NE"
"GTGTTCCTCCATAATG-2","Generalist nonNE"
"GTGTTCCTCTTAAGTG-1","Generalist NE"
"GTGTTCCTCTTGGATA-2","Generalist NE"
"GTTAAACGTTGGATCA-1","Generalist NE"
"GTTAACCAGACCATAC-1","Generalist NE"
"GTTAACCAGTCATTAG-1","nonNE1"
"GTTAACCAGTTGGCCA-2","Neuroendocrine2"
"GTTAACGGTGCTCCAC-2","Generalist NE"
"GTTAACGGTTTACTTG-2","Generalist NE"
"GTTAAGCTCAATCTCT-2","Neuroendocrine2"
"GTTAAGCTCAGGCCTA-2","Generalist nonNE"
"GTTAAGCTCATGGTGT-2","Neuroendocrine1"
"GTTAAGCTCATTGTTC-1","Generalist NE"
"GTTAAGCTCCTAAGAC-2","nonNE1"
"GTTAAGCTCTTAGTCT-1","nonNE1"
"GTTAAGTGTACGCGCA-1","Generalist nonNE"
"GTTAAGTGTCCAAATG-1","Generalist NE"
"GTTAAGTGTTCTTTAG-1","nonNE1"
"GTTAAGTGTTGGCCGA-2","Neuroendocrine2"
"GTTAATGTCCGCCTAT-2","Neuroendocrine2"
"GTTAATGTCTCCATAT-1","Generalist nonNE"
"GTTAATGTCTGGCATG-1","Generalist NE"
"GTTACAGGTATACTGG-2","Generalist NE"
"GTTACAGGTTAGGCGT-2","Generalist nonNE"
"GTTACCTGTGCAATGC-2","Generalist NE"
"GTTACCTGTGTTTGTC-1","Generalist NE"
"GTTACCTGTTCCAGGG-2","nonNE1"
"GTTACGCCAAAGCTAA-2","Generalist nonNE"
"GTTACGCCAACAGGTG-2","Generalist NE"
"GTTACGCCAATCATGT-1","Generalist NE"
"GTTACGCCACAATGTT-2","Generalist nonNE"
"GTTACGCCACAGGGAC-1","Generalist nonNE"
"GTTACGCCACATTGCA-2","Stress"
"GTTACGCCACCTATAG-2","Neuroendocrine2"
"GTTACGCCAGGCCAAA-2","Generalist NE"
"GTTACGCCAGTTTACG-2","Generalist NE"
"GTTACGCCATCTAGCA-2","nonNE1"
"GTTACGTAGGACTTAC-1","Generalist nonNE"
"GTTACGTAGGATGATG-2","Generalist NE"
"GTTACGTAGGCCCAGT-2","Generalist NE"
"GTTACGTAGGCGCACT-2","Generalist NE"
"GTTACGTAGGGTGAAC-1","Generalist NE"
"GTTACGTAGTTAGCCG-2","Generalist NE"
"GTTACGTAGTTGCCTC-1","Generalist nonNE"
"GTTACTAAGCTAAAGG-1","Generalist nonNE"
"GTTACTAAGGCCCAGT-2","Generalist NE"
"GTTACTCGTTTCGCGC-2","Neuroendocrine2"
"GTTACTCGTTTGTCTA-2","Neuroendocrine2"
"GTTAGACTCAAACCGT-1","Generalist nonNE"
"GTTAGACTCACACAGT-2","Generalist NE"
"GTTAGACTCATGCAAC-1","Generalist nonNE"
"GTTAGACTCCATAATG-2","Generalist NE"
"GTTAGACTCCCTCAAC-2","Generalist NE"
"GTTAGACTCTACTAAG-2","Generalist NE"
"GTTAGACTCTCAATTC-2","Generalist NE"
"GTTAGACTCTCCATGC-1","Generalist nonNE"
"GTTAGACTCTGGCATG-2","Generalist nonNE"
"GTTAGACTCTTTAAGG-1","nonNE1"
"GTTAGGCGTACCCACC-2","Intermediate"
"GTTAGGCGTGATGATT-1","Neuroendocrine2"
"GTTAGGCGTGCCTCAC-1","nonNE1"
"GTTAGGCGTGTCCTGC-2","Generalist NE"
"GTTAGGCGTTAACGGC-2","nonNE1"
"GTTCACCTCAAAGGCA-2","Intermediate"
"GTTCACCTCAAGTGTC-1","nonNE1"
"GTTCACCTCATTATGG-1","nonNE1"
"GTTCACCTCCCTCTAA-1","Generalist NE"
"GTTCACCTCTAACTGA-2","Intermediate"
"GTTCACCTCTAAGTGC-2","nonNE1"
"GTTCACCTCTACTAAG-1","Generalist NE"
"GTTCATTTCAGGCTAT-2","Generalist NE"
"GTTCATTTCATCACTT-1","Neuroendocrine2"
"GTTCATTTCCTACCTA-1","Generalist NE"
"GTTCATTTCTAACCTT-2","Generalist NE"
"GTTCATTTCTAATTGG-1","Generalist NE"
"GTTCATTTCTTGAGCG-1","Generalist nonNE"
"GTTCCCAGTAAAGCAA-2","Generalist nonNE"
"GTTCCCAGTAGCAGCT-1","nonNE1"
"GTTCCCAGTTAAATGC-2","Generalist NE"
"GTTCCCAGTTGCACGG-1","Generalist NE"
"GTTCCCAGTTTGAGGC-2","Generalist NE"
"GTTCCTGGTCATGCCC-2","Neuroendocrine2"
"GTTCCTTCAAACATAG-2","Neuroendocrine1"
"GTTCCTTCAATCCCTT-1","Generalist NE"
"GTTCCTTCATGCATAT-2","Generalist NE"
"GTTCGCGCACATAACT-1","Generalist nonNE"
"GTTCGCGCAGATAGAC-2","Generalist NE"
"GTTCGCGCAGGCATCT-2","Generalist nonNE"
"GTTCGCGCATCGCTCC-2","Generalist NE"
"GTTCGCTTCCGCCTCA-1","nonNE1"
"GTTCGCTTCCGGCTAA-2","Generalist NE"
"GTTCGCTTCGGTCAGC-2","Generalist NE"
"GTTCTCATCAATGTGC-2","Generalist NE"
"GTTCTCATCCACCTGT-1","nonNE1"
"GTTCTCATCCTTGAGG-2","Neuroendocrine2"
"GTTCTCATCCTTGCAC-2","Neuroendocrine2"
"GTTCTCATCGGTCAAT-1","Generalist NE"
"GTTCTCATCTTGCAAA-2","Neuroendocrine2"
"GTTCTCATCTTGCATT-1","nonNE1"
"GTTCTTAGTGATTTGG-1","Generalist NE"
"GTTCTTAGTGCTAGCG-2","Generalist NE"
"GTTCTTAGTTCCTGTG-1","Generalist nonNE"
"GTTCTTAGTTTAGCTC-2","nonNE1"
"GTTCTTAGTTTCCACG-1","Intermediate"
"GTTCTTGTCAAACACC-2","Generalist nonNE"
"GTTCTTGTCACCTGTC-2","nonNE1"
"GTTCTTGTCCCTCGCA-2","Generalist NE"
"GTTCTTGTCCTAAGGT-1","Generalist NE"
"GTTCTTGTCGTGCTTC-1","Generalist NE"
"GTTCTTGTCTAATCCT-1","Generalist nonNE"
"GTTGCATAGGAAGCTA-2","Neuroendocrine2"
"GTTGCATAGGCTAAGA-1","Generalist NE"
"GTTGCATAGGGTCTAT-2","nonNE1"
"GTTGCATAGTAGCGGG-2","Generalist NE"
"GTTGCATAGTTATTCC-1","Generalist NE"
"GTTGCGGGTAAGGTCC-2","Generalist NE"
"GTTGCGGGTCACCTAT-2","nonNE1"
"GTTGCGGGTCACTCGC-1","Generalist NE"
"GTTGCGGGTCATTGTC-2","Generalist NE"
"GTTGCGGGTCCACAAA-1","Generalist nonNE"
"GTTGCGGGTGTGTCCC-1","Neuroendocrine2"
"GTTGCGGGTTAGGATT-1","nonNE1"
"GTTGCGGGTTCCGGGA-1","Neuroendocrine2"
"GTTGCTGAGCAAGACA-2","Generalist NE"
"GTTGCTGAGGCCTTAG-1","nonNE1"
"GTTGGAGCATACCCGG-1","nonNE1"
"GTTGGAGCATGCTATG-1","Generalist NE"
"GTTGGAGCATTAGGTT-2","Generalist NE"
"GTTGGCCAGAATCTCA-1","Generalist NE"
"GTTGGCCAGCTTTGGG-2","Intermediate"
"GTTGGCCAGGATCCGC-2","Generalist NE"
"GTTGGCCAGTCATGCG-1","Intermediate"
"GTTGGCGGTACCGGAT-2","Neuroendocrine1"
"GTTGGCGGTATACTGG-2","Neuroendocrine2"
"GTTGGCGGTCCTCCAA-1","Generalist NE"
"GTTGGCGGTGCTGGTG-1","Generalist NE"
"GTTGGCGGTGGAAACG-2","Generalist NE"
"GTTGGCGGTTACGCAA-1","Generalist nonNE"
"GTTGGCGGTTAGTACG-1","Generalist NE"
"GTTGGCGGTTCCATTA-1","Generalist nonNE"
"GTTGGCGGTTGGATAT-2","Generalist NE"
"GTTGTGAGTGCAATGC-2","Generalist nonNE"
"GTTGTGAGTTAGCAGC-2","Stress"
"GTTGTGAGTTAGCATG-1","nonNE1"
"GTTGTTGCAAGGCCAA-1","Generalist NE"
"GTTGTTGCAAGGTCCT-2","Neuroendocrine1"
"GTTGTTGCACAGAAAC-2","Generalist NE"
"GTTGTTGCACAGAACG-1","Generalist NE"
"GTTGTTGCACTGGCTG-1","Generalist nonNE"
"GTTGTTGCAGAATGAC-1","Generalist NE"
"GTTGTTGCAGGAAGCC-1","Generalist NE"
"GTTGTTGCAGGAAGCC-2","Generalist nonNE"
"GTTGTTGCAGTAGGTG-2","Generalist NE"
"GTTGTTGCATGTTGGC-1","Generalist NE"
"GTTTAACCACACCAAC-1","Generalist nonNE"
"GTTTAACCAGTTATGT-2","nonNE1"
"GTTTAACCATGGCCCA-2","Generalist nonNE"
"GTTTACCGTAACAGGG-1","Generalist NE"
"GTTTACCGTCACAAAT-2","Generalist NE"
"GTTTACCGTCCGCTGT-1","Generalist NE"
"GTTTACCGTGCTGGTG-1","Intermediate"
"GTTTAGCAGCATTTCT-1","Neuroendocrine2"
"GTTTAGCAGCCGCTAA-1","Generalist nonNE"
"GTTTAGCAGCGAAGTA-1","Generalist NE"
"GTTTAGCAGGAGGACT-2","Generalist NE"
"GTTTAGCAGGTAAGGC-2","Neuroendocrine1"
"GTTTAGCAGTTGGGCC-1","Generalist NE"
"GTTTATCTCACATTGA-2","Generalist NE"
"GTTTATCTCACGAATC-2","Stress"
"GTTTATCTCATCCTAT-2","Generalist NE"
"GTTTATCTCCCTCGCA-2","Generalist NE"
"GTTTATCTCCCTGTTA-1","Neuroendocrine2"
"GTTTATCTCCTCACTA-1","Generalist NE"
"GTTTATCTCGGTTAGT-1","Generalist NE"
"GTTTATCTCGTTTCCA-1","Generalist NE"
"GTTTATCTCGTTTCTG-2","Intermediate"
"GTTTATCTCTCACACC-2","Intermediate"
"GTTTATCTCTTACTCG-2","nonNE1"
"GTTTCAGCACCGGCTA-2","nonNE1"
"GTTTCAGCATAATCCG-1","nonNE1"
"GTTTCAGCATTATGCG-1","Generalist nonNE"
"GTTTCCTCAGCATGAG-2","Generalist NE"
"GTTTCCTCAGTCTATG-2","Generalist NE"
"GTTTCCTCATAGCAGG-2","Stress"
"GTTTCCTCATAGCGAG-2","Generalist NE"
"GTTTCTAGTCATTACC-2","Generalist NE"
"GTTTCTAGTCGCAAAC-2","Generalist NE"
"GTTTCTAGTGATGAAA-1","Generalist nonNE"
"GTTTCTAGTTGGCCGA-1","Generalist NE"
"GTTTCTAGTTTAGCGA-2","Generalist nonNE"
"GTTTGCTGTCACAAAT-2","Neuroendocrine1"
"GTTTGCTGTGGGTACT-2","Generalist NE"
"GTTTGCTGTGGTTCTT-2","Generalist nonNE"
"GTTTGCTGTGTCCAGG-2","Generalist NE"
"GTTTGCTGTGTTTCAC-1","Generalist nonNE"
"GTTTGCTGTTAAGGTT-1","Generalist NE"
"GTTTGCTGTTAGCGTA-2","Neuroendocrine2"
"GTTTGCTGTTGCGCGA-2","Neuroendocrine1"
"GTTTGTAAGACTTACA-1","Generalist NE"
"GTTTGTAAGAGGATAT-1","Generalist NE"
"GTTTGTAAGCTGCACA-2","Generalist nonNE"
"GTTTGTCGTCCTTAGT-2","Generalist nonNE"
"GTTTGTCGTTGGTTCT-2","Generalist nonNE"
"GTTTGTTTCACGCATG-1","Generalist NE"
"GTTTGTTTCATAATCG-2","Generalist NE"
"GTTTGTTTCGCTAGTG-1","Generalist NE"
"TAAACAGCAAGGTACG-1","nonNE2"
"TAAACAGCAATAATCC-2","Generalist nonNE"
"TAAACAGCATGGCCCA-1","Generalist NE"
"TAAACAGCATGTCAGC-2","Generalist NE"
"TAAAGCCTCAGCAAAG-1","nonNE1"
"TAAAGCCTCATAGCCG-1","Generalist nonNE"
"TAAAGCCTCATGCTAA-1","Generalist NE"
"TAAAGCCTCCCTGGAA-1","Generalist NE"
"TAAAGCCTCGAGCTAT-1","Generalist NE"
"TAAAGCCTCGAGCTAT-2","nonNE1"
"TAAAGCCTCGGTTACG-2","nonNE1"
"TAAAGCCTCTTCAATC-1","Generalist NE"
"TAAAGCCTCTTGAGCG-2","Generalist NE"
"TAAAGCCTCTTTAAGG-2","Generalist NE"
"TAACAAGCAACGTGCT-2","Generalist NE"
"TAACAAGCAATCGCAC-1","Generalist nonNE"
"TAACAAGCACAATGCC-2","Generalist nonNE"
"TAACAAGCACCCACCT-1","Generalist NE"
"TAACAAGCACCTAAGC-2","Generalist NE"
"TAACAAGCAGCACCAT-2","Generalist NE"
"TAACAAGCATATTGAC-1","Generalist NE"
"TAACAAGCATTAGGCC-1","Generalist NE"
"TAACCAGGTCATTACC-1","nonNE1"
"TAACCAGGTTGAGGTC-1","Generalist NE"
"TAACCAGGTTGGTTAG-1","nonNE1"
"TAACCGGTCATGTGGT-1","Generalist nonNE"
"TAACCGGTCCTAAGAC-1","Generalist NE"
"TAACCGGTCTCAATTC-2","Generalist NE"
"TAACCGGTCTCCTCAA-2","Generalist nonNE"
"TAACCTAAGCACAGCC-2","Generalist NE"
"TAACCTAAGCTTGCTC-1","Generalist NE"
"TAACCTAAGGCGCTAC-1","Generalist NE"
"TAACCTAAGGTCCTGA-2","Neuroendocrine2"
"TAAGCCAGTCAGTAAT-2","Generalist NE"
"TAAGCCAGTTGGTGAC-1","Generalist NE"
"TAAGCCTAGTAAGGGC-1","Generalist NE"
"TAAGCCTAGTGGACAA-1","nonNE2"
"TAAGCTATCAAACTCA-1","Generalist nonNE"
"TAAGCTATCATTAGGC-1","Generalist NE"
"TAAGCTATCCGTTAAA-2","Generalist NE"
"TAAGCTATCGATTATG-2","Generalist NE"
"TAAGCTATCGGCTAGC-1","Neuroendocrine2"
"TAAGCTGGTAATAGCT-2","Stress"
"TAAGCTGGTCACGAAC-1","Generalist NE"
"TAAGGACCAAAGGCCA-1","Generalist nonNE"
"TAAGGACCAAGTCGCT-2","Generalist NE"
"TAAGGACCAATTAACC-1","Generalist NE"
"TAAGGACCAATTAGGA-1","Generalist nonNE"
"TAAGGACCACAATGCC-2","nonNE1"
"TAAGGACCACATGCTA-1","Generalist NE"
"TAAGGACCACCCACCT-2","Neuroendocrine1"
"TAAGGACCAGTAAGTA-2","Generalist NE"
"TAAGGACCATCTTGAG-2","Generalist NE"
"TAAGGCTTCAACCAAC-2","Generalist NE"
"TAAGGCTTCCCGAAGC-1","Neuroendocrine2"
"TAAGGCTTCCTCGATC-2","Generalist NE"
"TAAGGCTTCCTGGCTT-2","Generalist NE"
"TAAGGCTTCTTCAATC-2","Generalist NE"
"TAAGTAGCAATCGCAC-2","Generalist NE"
"TAAGTAGCAATCTCTC-1","Generalist NE"
"TAAGTAGCACATAGCC-2","nonNE1"
"TAAGTAGCAGCAAGAT-1","Generalist NE"
"TAAGTAGCAGGCAAGC-2","Generalist NE"
"TAAGTAGCAGTTTGGC-1","Generalist nonNE"
"TAAGTAGCATCATGTG-2","Generalist NE"
"TAAGTAGCATGGCCTG-1","Generalist NE"
"TAAGTGCTCACGCGGT-2","Generalist NE"
"TAAGTGCTCCTGGCTT-1","Generalist nonNE"
"TAAGTGCTCTAATCAG-1","nonNE1"
"TAAGTGCTCTTGAGCG-1","Generalist NE"
"TAATCACCAAACTCAT-1","Generalist NE"
"TAATCACCAACAGGAT-1","nonNE1"
"TAATCACCAATAACCT-2","Intermediate"
"TAATCACCAATAGCCC-2","nonNE1"
"TAATCACCAATGCCTA-1","Generalist NE"
"TAATCACCAATTAGCT-1","Intermediate"
"TAATCACCACCAGGTT-1","Generalist NE"
"TAATCACCAGGCATCT-1","Generalist NE"
"TAATCACCAGTAGGTG-1","nonNE1"
"TAATCACCATATAACC-1","nonNE1"
"TAATCACCATTGCGGT-2","Generalist nonNE"
"TAATCCGCAAACGGGC-1","Generalist NE"
"TAATCCGCAAGTAAGC-1","Generalist NE"
"TAATCCGCAATCATGT-2","Generalist NE"
"TAATCCGCAATTGAGA-1","Generalist NE"
"TAATCCGCACCGTTCC-1","Generalist nonNE"
"TAATCCGCACGTAAGG-1","Generalist NE"
"TAATCCGCAGTACCGT-2","Generalist NE"
"TAATCCGCATAAAGCA-1","Generalist nonNE"
"TAATCCGCATTCCTCG-1","Generalist NE"
"TAATGCATCATAAGCC-1","Generalist NE"
"TAATGCATCCAGCACA-2","Intermediate"
"TAATGCATCCTAGTTT-2","Generalist NE"
"TAATGCATCCTGGCTT-1","Intermediate"
"TAATGCATCGACCTGA-2","nonNE1"
"TAATGCATCGATTATG-1","Generalist NE"
"TAATGCATCGGTTAGT-1","Generalist NE"
"TAATGCATCTGTGCCT-2","Generalist NE"
"TAATGGACACGTAAGG-2","Intermediate"
"TAATGGACACGTTACA-1","Generalist nonNE"
"TAATGGACAGCATGGA-2","Generalist nonNE"
"TAATGGTGTCAACAAT-2","Generalist NE"
"TAATGGTGTTGCACAA-1","nonNE1"
"TAATGGTGTTTGACCT-2","Generalist nonNE"
"TAATTGCCAACTGGCT-1","Generalist NE"
"TAATTGCCACACCAAC-1","Generalist NE"
"TAATTGCCAGCTAACC-1","Generalist NE"
"TAATTGCCAGGACACA-1","Neuroendocrine1"
"TAATTGCCATAGCGGA-2","Generalist NE"
"TAATTGCCATTCAGCA-2","Generalist NE"
"TACAACATCATTGCGG-2","Generalist NE"
"TACAACATCCAGGTTG-2","nonNE1"
"TACAACATCGTCAAGT-1","Generalist nonNE"
"TACAAGCTCACTTCAT-1","Generalist NE"
"TACAAGCTCCGTAAAC-1","Generalist nonNE"
"TACAAGCTCGCTATAA-1","Intermediate"
"TACAAGCTCTCACTCA-1","Generalist NE"
"TACAATGTCCGCCTCA-1","Intermediate"
"TACAATGTCCTAATAG-1","Generalist nonNE"
"TACAATGTCCTGGTCT-2","Generalist NE"
"TACAATGTCGCAACAT-2","Generalist NE"
"TACAATGTCTAAGGAG-2","Generalist nonNE"
"TACAGCTAGGCTGGCT-1","Generalist NE"
"TACAGCTAGTGGCGGA-1","Generalist NE"
"TACAGGTTCCCTCTAA-2","Generalist NE"
"TACATCAAGAGGAGGA-2","Generalist NE"
"TACATCAAGCCTGAGC-1","Stress"
"TACATCAAGCGAGGTG-2","Intermediate"
"TACATCAAGTCACTAA-1","Generalist nonNE"
"TACATCAAGTGAGAGC-2","Neuroendocrine2"
"TACATCAAGTTAACCA-1","Generalist NE"
"TACATCAAGTTATGGC-2","Generalist NE"
"TACCAAATCAAGCTAC-2","Generalist NE"
"TACCAAATCAATGTGC-2","nonNE1"
"TACCAAATCACAGACT-2","nonNE1"
"TACCAAATCATAATCG-2","Generalist NE"
"TACCAAATCGTCATTT-2","Generalist NE"
"TACCAGGTCCAATTAG-1","Generalist nonNE"
"TACCAGGTCCATAAGC-1","Generalist NE"
"TACCAGGTCGTACCGA-2","Generalist NE"
"TACCAGGTCTCGACCT-2","Generalist NE"
"TACCAGGTCTTACTCG-1","Neuroendocrine2"
"TACCCGGCAAAGCTAA-1","Generalist nonNE"
"TACCCGGCACACTAAT-1","Generalist NE"
"TACCCGGCAGCAACCT-1","Generalist NE"
"TACCCGGCAGCTCATA-1","Generalist NE"
"TACCCGGCATAATTGC-1","Generalist NE"
"TACCGAAGTCACACCC-1","Generalist NE"
"TACCGAAGTGAGAAAC-2","Generalist NE"
"TACCGAAGTTAGGTTG-1","Generalist nonNE"
"TACCGCAAGAGGCTAA-1","Generalist nonNE"
"TACCGCAAGCTCGCTT-1","Generalist NE"
"TACCGCAAGGCGCATC-2","Generalist NE"
"TACCGTTGTTGACTTC-2","nonNE1"
"TACCGTTGTTTAAAGC-1","Generalist NE"
"TACCTCATCACAGGAA-2","Generalist nonNE"
"TACCTCATCATTTAGG-1","Generalist NE"
"TACCTCATCCATAATG-2","nonNE1"
"TACCTCATCCGCACAA-2","Generalist NE"
"TACCTCATCGGTTTGG-1","nonNE1"
"TACCTGCTCAATGAGG-1","Generalist NE"
"TACCTGCTCCTAAATG-2","Generalist NE"
"TACCTGCTCCTGATGG-1","Generalist nonNE"
"TACCTGCTCCTTCGTA-2","Generalist NE"
"TACCTGCTCGAGGAGT-1","Generalist NE"
"TACCTGCTCTAAGGAG-2","Generalist NE"
"TACCTGCTCTAATTGG-1","Generalist NE"
"TACCTGCTCTTAGCGG-2","Generalist NE"
"TACCTGCTCTTGCATT-1","Generalist NE"
"TACCTTAGTAAGTCGC-1","Generalist nonNE"
"TACCTTAGTACCGTTT-2","Generalist NE"
"TACCTTAGTGCTGTAA-2","Generalist NE"
"TACCTTAGTGTTCCCA-1","Generalist nonNE"
"TACCTTTAGCGCTAAT-1","Generalist NE"
"TACCTTTAGCTCATAA-2","Generalist nonNE"
"TACCTTTAGCTTCCCG-1","nonNE1"
"TACGCACCAAACTAAG-1","Generalist nonNE"
"TACGCTTGTATTGCAG-1","Generalist NE"
"TACGCTTGTCACAGAC-2","Generalist NE"
"TACGCTTGTCACGAAC-1","Generalist nonNE"
"TACGCTTGTGCATTTC-2","Intermediate"
"TACGGATTCAAACCGT-1","Generalist nonNE"
"TACGGATTCACCATTT-2","Generalist NE"
"TACGGATTCCGCAACA-1","Intermediate"
"TACGGATTCCTTTACG-2","Generalist NE"
"TACGGATTCTTGTTCG-2","nonNE1"
"TACGGTTAGACAGGTA-1","nonNE2"
"TACGGTTAGCATGACT-1","Generalist NE"
"TACGGTTAGGCGCATC-1","Generalist NE"
"TACGGTTAGGGCTTAT-1","nonNE1"
"TACGGTTAGGGTCCAC-2","Generalist NE"
"TACGGTTAGTCCTTTG-1","Generalist NE"
"TACGGTTAGTGTGATC-2","Generalist nonNE"
"TACGTAATCGTACCGA-1","Generalist NE"
"TACGTAATCTAACCTT-1","Generalist NE"
"TACGTAATCTCAATAG-2","Neuroendocrine2"
"TACGTACAGAGGGACT-2","Generalist NE"
"TACGTACAGCACAGGG-1","Generalist NE"
"TACGTACAGGGTCTAT-2","Generalist NE"
"TACGTACAGTAACCCG-1","Generalist nonNE"
"TACGTACAGTAGCCAT-1","Generalist NE"
"TACGTTAAGCAGGTTT-2","Generalist NE"
"TACGTTAAGCATGCAT-1","Generalist NE"
"TACGTTAAGCTGGACC-1","Generalist nonNE"
"TACGTTAAGGCTAAGA-2","Generalist nonNE"
"TACGTTAAGTAACCCG-2","Intermediate"
"TACGTTAAGTGCTGTG-2","Generalist NE"
"TACGTTAAGTTTGGGT-2","Neuroendocrine1"
"TACTAAGTCCACCTGT-1","Generalist NE"
"TACTAAGTCTAGCGAT-1","Generalist NE"
"TACTCAAAGAGAGGAG-1","Generalist NE"
"TACTCAAAGCATGGTT-2","Generalist NE"
"TACTCAAAGGGCCATC-1","Generalist NE"
"TACTCAAAGGTCCTGA-2","Generalist NE"
"TACTCGCTCCTAGTCC-2","Generalist NE"
"TACTGACAGACAAAGT-2","Generalist NE"
"TACTGACAGAGAGCCG-2","Generalist NE"
"TACTGACAGATGGACA-1","Generalist NE"
"TACTGACAGCATTTCT-1","Intermediate"
"TACTGACAGCTAATTG-1","Generalist NE"
"TACTGACAGTCATCCC-2","Neuroendocrine1"
"TACTGAGGTAACCAGC-1","Neuroendocrine2"
"TACTGAGGTAGCTGGT-2","Generalist NE"
"TACTGAGGTTTGGTTC-2","Neuroendocrine2"
"TACTGCACAACCCTCC-1","Generalist nonNE"
"TACTGCACACACAATT-2","Generalist NE"
"TACTGCACACGAACAG-1","Generalist NE"
"TACTGCACAGGCTGTT-1","Generalist nonNE"
"TACTGCACAGGGAGCT-2","nonNE2"
"TACTGCACATAAAGCA-1","Generalist NE"
"TACTGCACATACCCGG-1","Intermediate"
"TACTGCACATCATGGC-2","Generalist NE"
"TACTGGCCACGAATCC-1","Generalist NE"
"TACTGGCCACTAGCGT-2","Generalist NE"
"TACTGGCCACTCAACA-1","Stress"
"TACTGGCCACTTAACG-1","Generalist NE"
"TACTGGCCATAGCGGA-2","Generalist NE"
"TACTTCGTCACCATTT-1","Neuroendocrine1"
"TACTTCGTCCTCACTA-2","Neuroendocrine1"
"TACTTCGTCCTTAGGG-1","nonNE1"
"TACTTCGTCGGGACCT-2","Generalist NE"
"TACTTCGTCTACCTGC-2","Neuroendocrine2"
"TACTTCGTCTCTAGCC-1","Generalist NE"
"TACTTGTTCATCAGTA-2","Neuroendocrine1"
"TACTTGTTCGTTAGTA-1","Generalist NE"
"TAGACCAGTAATCGTG-1","Generalist nonNE"
"TAGACCAGTACAATGT-2","Intermediate"
"TAGACCAGTCGCAATA-2","Neuroendocrine2"
"TAGACCAGTTCGGTAA-2","nonNE1"
"TAGACCAGTTGTGATG-1","Generalist nonNE"
"TAGAGCCGTAGCTAAT-1","Generalist nonNE"
"TAGAGCCGTAGCTAAT-2","Generalist NE"
"TAGAGCCGTCAAGTGC-2","Generalist NE"
"TAGAGCCGTCATTGTC-1","Neuroendocrine2"
"TAGAGCCGTTCAAGAT-2","Stress"
"TAGAGCCGTTGGTTCT-2","Generalist nonNE"
"TAGCAGGCACGAATTT-2","Neuroendocrine2"
"TAGCAGGCAGAGGGAG-2","Generalist nonNE"
"TAGCAGGCAGTAGCCT-2","Generalist NE"
"TAGCAGGCATTAGCGC-2","Generalist nonNE"
"TAGCATATCAGTATTG-1","Generalist NE"
"TAGCATATCATGCTAA-1","Neuroendocrine2"
"TAGCATATCCTAATAG-1","Generalist NE"
"TAGCATATCGCTAGAT-2","Generalist NE"
"TAGCCGGGTAGCAGCT-2","Generalist NE"
"TAGCCGGGTAGGTTTG-1","nonNE2"
"TAGCCGGGTCAATAGT-2","Generalist NE"
"TAGCCGGGTGTGTGGT-2","Generalist NE"
"TAGCCGGGTTTGGGCG-2","Generalist NE"
"TAGCCTCTCAAAGGCA-2","Generalist NE"
"TAGCCTCTCAATTGGC-1","Generalist NE"
"TAGCCTCTCATGCATA-2","Generalist NE"
"TAGCCTCTCCCTGACT-1","Neuroendocrine2"
"TAGCCTCTCTTGTTCG-1","Generalist NE"
"TAGCCTGAGGACCAGG-2","Generalist NE"
"TAGCCTGAGTCAGGCC-1","Generalist NE"
"TAGCCTGAGTTAACCA-1","Stress"
"TAGCCTTGTGGGTACT-2","Intermediate"
"TAGCCTTGTGTAACCA-1","Generalist NE"
"TAGCCTTGTGTGCACG-1","Generalist NE"
"TAGCCTTGTTTGCTGT-1","Generalist NE"
"TAGCGCGGTATTCGTC-2","Generalist NE"
"TAGCGCGGTCGACTCC-2","Generalist NE"
"TAGCGCGGTCGCGCAA-2","Generalist nonNE"
"TAGCGCGGTGCAACTA-2","Generalist nonNE"
"TAGCGGACAACTAGCC-2","Generalist NE"
"TAGCGGACAGGAACAT-1","Generalist NE"
"TAGCGGACAGGCATCT-2","Generalist NE"
"TAGCGGACATATAACC-2","Intermediate"
"TAGCGGCTCATCCTCA-2","Generalist nonNE"
"TAGCGGCTCATGCAAC-2","Generalist NE"
"TAGCGGCTCGATTTGA-2","Stress"
"TAGCGGCTCGGTAACT-2","Generalist nonNE"
"TAGCGGCTCTTCAATC-2","Generalist NE"
"TAGCTAATCCTTAGTT-1","Generalist NE"
"TAGCTAATCTAAGTGC-2","Generalist NE"
"TAGCTTAAGACAGGTA-2","nonNE1"
"TAGCTTAAGACTAAGG-1","Generalist nonNE"
"TAGCTTAAGGAAGTAT-1","Generalist NE"
"TAGCTTAAGGGATGAC-1","Generalist NE"
"TAGCTTAAGGTGAAAT-2","nonNE1"
"TAGCTTAAGTAACGAG-1","Generalist NE"
"TAGCTTGCAACATAAG-2","nonNE2"
"TAGCTTGCAAGGTATA-2","Generalist NE"
"TAGCTTGCAAGGTCCT-1","Generalist nonNE"
"TAGCTTGCACCTGCTC-1","Generalist NE"
"TAGCTTGCACTCAACA-2","Generalist NE"
"TAGCTTGCACTTACAG-2","Generalist NE"
"TAGCTTGCAGACAAAC-2","Generalist NE"
"TAGCTTGCAGTTTGTG-1","Generalist NE"
"TAGGAACCAACCCTCC-1","Neuroendocrine2"
"TAGGAACCAACTGGCT-1","Generalist NE"
"TAGGAACCAATCCCTT-2","Generalist nonNE"
"TAGGAACCACAAAGAC-1","Generalist NE"
"TAGGAACCACCACAAC-2","Generalist nonNE"
"TAGGAACCAGGCCAAA-2","Generalist NE"
"TAGGAACCAGGCTTCG-2","Intermediate"
"TAGGAACCATAATCAC-2","Generalist NE"
"TAGGAACCATATTGAC-1","Generalist NE"
"TAGGAGGGTACCGTTT-2","Generalist NE"
"TAGGAGGGTCGCAATA-2","Generalist NE"
"TAGGAGGGTTAGCAGC-2","Generalist NE"
"TAGGAGTCAATCATGT-2","Neuroendocrine2"
"TAGGAGTCATAACGGG-1","Stress"
"TAGGAGTCATCTAGCA-2","Generalist NE"
"TAGGAGTCATGCAACC-1","nonNE1"
"TAGGCTAGTTTATCGC-2","Generalist nonNE"
"TAGGCTGTCATCACTT-2","Generalist NE"
"TAGGCTGTCCCGAAGC-1","Generalist nonNE"
"TAGGCTGTCTCACATT-2","Generalist NE"
"TAGGCTTAGCATGACT-1","Intermediate"
"TAGGCTTAGCGGATAA-1","Generalist NE"
"TAGGCTTAGCTCAAAC-1","Generalist nonNE"
"TAGGCTTAGGATAAAC-2","Neuroendocrine2"
"TAGGCTTAGGCCTTAG-1","Generalist nonNE"
"TAGGCTTAGGCGAAAC-2","nonNE1"
"TAGGCTTAGGGTGGAT-1","Neuroendocrine2"
"TAGGCTTAGGTCAAAG-1","Generalist NE"
"TAGGCTTAGGTTACGT-2","Generalist NE"
"TAGGCTTAGTCAATCA-1","Generalist NE"
"TAGGCTTAGTCCTGAG-2","nonNE1"
"TAGGGTTTCACGCATG-1","Generalist NE"
"TAGGGTTTCCGCCAAA-1","Neuroendocrine2"
"TAGGGTTTCGCAACAT-2","Generalist nonNE"
"TAGGGTTTCGTAATCA-1","Generalist nonNE"
"TAGGGTTTCTAGCTAA-2","Generalist NE"
"TAGGGTTTCTGCAAGT-1","Generalist nonNE"
"TAGGGTTTCTTGTTCG-2","Generalist NE"
"TAGGGTTTCTTTAAGG-1","Generalist NE"
"TAGGTGCGTTTGAGGC-1","Generalist nonNE"
"TAGGTTATCACGTTAA-2","Generalist NE"
"TAGGTTATCCGCAAGC-2","Generalist NE"
"TAGGTTATCCGGAACC-1","Generalist NE"
"TAGGTTATCTAATTGG-2","Generalist NE"
"TAGGTTATCTTGCAGG-2","Generalist NE"
"TAGGTTATCTTTGACT-1","Generalist NE"
"TAGGTTGGTAATGACT-2","Generalist NE"
"TAGGTTGGTATCTGGA-2","Neuroendocrine1"
"TAGGTTGGTGCAACTA-1","Generalist NE"
"TAGGTTGGTGTTAAAC-2","Generalist NE"
"TAGGTTGGTTCGGTAA-1","nonNE1"
"TAGGTTGGTTTACCGT-2","Generalist NE"
"TAGTAACGTGTCCAGG-2","Generalist NE"
"TAGTAACGTTTGGGCG-2","Generalist nonNE"
"TAGTAAGCAAGGAATC-1","nonNE2"
"TAGTAAGCAATAGTCT-1","Generalist NE"
"TAGTAAGCACGGTACT-2","Generalist NE"
"TAGTAAGCAGGTTCAC-1","Neuroendocrine2"
"TAGTAAGCAGTTAGCC-2","Generalist nonNE"
"TAGTAAGCATGTTGGC-2","Generalist NE"
"TAGTAAGCATTAGGTT-1","Generalist nonNE"
"TAGTACGGTGATTACG-2","Neuroendocrine1"
"TAGTACGGTGCTCCGT-2","Stress"
"TAGTACGGTGTGCACG-2","Generalist NE"
"TAGTACGGTTAGGACC-1","Generalist nonNE"
"TAGTAGGAGTCATCCC-2","Generalist NE"
"TAGTAGGAGTGAACAG-2","Generalist NE"
"TAGTCAATCAATCTCT-1","Generalist nonNE"
"TAGTCAATCAGGAACA-1","Generalist NE"
"TAGTCAATCCAGGAAA-2","nonNE1"
"TAGTCAATCGTGCTTC-2","nonNE1"
"TAGTCAATCTTGAGGT-2","Generalist NE"
"TAGTGAGAGCCTCTCG-1","Generalist nonNE"
"TAGTGAGAGCGATACT-2","Generalist nonNE"
"TAGTGAGAGTTTCCTG-1","nonNE1"
"TAGTGGCGTAATCGGC-1","Generalist NE"
"TAGTGGCGTTAGTTGG-2","Generalist NE"
"TAGTGGCGTTGAAGCC-1","Generalist nonNE"
"TAGTGTGGTGTCCAGG-1","nonNE2"
"TAGTGTGGTTAGAGCC-1","nonNE1"
"TAGTGTGGTTTGTTGC-1","Generalist NE"
"TAGTTGTCACATTAAC-2","nonNE1"
"TAGTTGTCACCTATAG-2","Generalist NE"
"TAGTTGTCACCTGCCT-2","Generalist nonNE"
"TAGTTGTCACTCAACA-2","Generalist NE"
"TAGTTGTCAGCATGTC-2","Generalist NE"
"TAGTTGTCATTAAACC-2","Generalist nonNE"
"TAGTTTGAGCCGCAAC-1","Generalist NE"
"TAGTTTGAGCCTCTCG-1","Neuroendocrine2"
"TATAACCCACAAACTT-2","Generalist NE"
"TATAACCCAGCTCATA-1","Intermediate"
"TATAACCCAGCTTAAT-1","Generalist nonNE"
"TATAACCCATGCTATG-2","Generalist NE"
"TATAACCCATTGTGTG-2","Generalist NE"
"TATAGCCAGCCGCTTT-2","Neuroendocrine1"
"TATAGCCAGGGTTATC-1","Generalist NE"
"TATAGCCAGGTTTGCG-1","Generalist nonNE"
"TATAGCTCAAGCCAGA-2","Generalist nonNE"
"TATAGCTCAATATACC-1","Generalist NE"
"TATAGCTCAGGACACA-2","nonNE1"
"TATAGGTGTAAAGCGG-1","Generalist nonNE"
"TATAGGTGTACCCACC-1","Generalist NE"
"TATAGGTGTCACACCC-2","nonNE1"
"TATAGGTGTCATCCTG-2","Generalist NE"
"TATAGGTGTCATTGAG-2","Generalist NE"
"TATAGGTGTCTTTGAC-1","nonNE1"
"TATAGGTGTTCGCTTG-1","Generalist NE"
"TATATCCTCAGGCCTA-2","Generalist NE"
"TATATCCTCCCTCATA-1","Generalist NE"
"TATATCCTCCTTAGGG-2","Generalist nonNE"
"TATATCCTCGGTACGC-1","Generalist nonNE"
"TATATCCTCGTTACTT-2","nonNE1"
"TATATCCTCTGTAAGC-2","Generalist NE"
"TATCACAAGACTTACA-2","Generalist NE"
"TATCACAAGAGGGACT-2","Generalist NE"
"TATCACAAGCATGCAT-1","Generalist NE"
"TATCACAAGCCGCTTT-2","Generalist NE"
"TATCACAAGCGATACT-1","Generalist NE"
"TATCACAAGGGTTATC-1","Generalist nonNE"
"TATCACAAGTGCACGC-2","nonNE1"
"TATCACAAGTTAGCCG-2","Generalist NE"
"TATCACGCAATAACCT-2","Generalist NE"
"TATCACGCACTGACTA-2","Neuroendocrine2"
"TATCACGCAGCAGGTA-2","Generalist NE"
"TATCACGCAGGCGAGT-1","Generalist NE"
"TATCACGCAGTTAAAG-1","Generalist NE"
"TATCACGCAGTTGCGT-2","Generalist NE"
"TATCACGCATACTCCT-2","Generalist NE"
"TATCACGCATCCTAGA-2","Generalist NE"
"TATCCAGCAAAGCGGC-1","nonNE1"
"TATCCAGCAAATTGCT-2","Neuroendocrine1"
"TATCCAGCAATAATCC-2","Generalist NE"
"TATCCAGCACAAGCCT-1","Generalist NE"
"TATCCAGCACATACTG-1","Generalist NE"
"TATCCAGCAGCTCAAC-1","nonNE1"
"TATCCAGCATAATGAG-2","Generalist NE"
"TATCCAGCATGTTGTG-2","Generalist NE"
"TATCCGGAGACAGGTA-2","Generalist NE"
"TATCCGGAGGGCTAAA-2","Generalist NE"
"TATCCGGAGTTGCGTG-1","Generalist NE"
"TATCCGGAGTTGGCCA-1","Generalist NE"
"TATCCGGAGTTTGGTA-2","Generalist NE"
"TATCGAGGTCTATCGT-1","Generalist NE"
"TATCGAGGTGTTGTGA-2","Intermediate"
"TATCGAGGTTGAATCG-2","Generalist NE"
"TATCGCACAACGTGCT-1","Generalist nonNE"
"TATCGCACACAGGATG-2","Neuroendocrine1"
"TATCGCACACCTGTAA-2","Generalist NE"
"TATCGCACAGGCTAAG-2","Generalist NE"
"TATCGCACAGTAAGTA-1","Generalist NE"
"TATCGCACAGTAGGTG-2","Generalist NE"
"TATCGCACATAATCAC-2","Generalist nonNE"
"TATCGCGAGAGAAGGG-1","Generalist NE"
"TATCGCGAGCATGACT-1","Generalist nonNE"
"TATCGCGAGTTTGAGC-2","Generalist NE"
"TATCGCGAGTTTGGTA-2","Intermediate"
"TATGAAGCAAGCCAGA-1","Generalist NE"
"TATGAAGCACCCTCAC-1","Generalist NE"
"TATGAAGCACTAGCGT-1","Generalist NE"
"TATGAAGCAGCTTACA-2","Neuroendocrine2"
"TATGAAGCAGTGAACG-2","Generalist NE"
"TATGACATCAAACCGT-2","Generalist NE"
"TATGACATCAATTGGC-1","Intermediate"
"TATGACATCCCTGGTT-1","Generalist NE"
"TATGACATCCTTCTAG-1","nonNE2"
"TATGACATCGATCAGT-2","Generalist NE"
"TATGACATCTAACCAA-2","Generalist NE"
"TATGACATCTTGCTAT-1","Stress"
"TATGACATCTTGTCCA-1","Generalist nonNE"
"TATGACTCAACACCTA-2","Generalist NE"
"TATGACTCAATAGCCC-2","Generalist nonNE"
"TATGACTCATAATTGC-1","Generalist NE"
"TATGACTCATCACAGC-2","Neuroendocrine2"
"TATGACTCATCTTGAG-1","Generalist NE"
"TATGCATCAAACTGTT-1","Generalist NE"
"TATGCATCACAATACT-1","Generalist NE"
"TATGCATCACCTCACC-2","Generalist NE"
"TATGCATCAGCAAGTG-2","Generalist NE"
"TATGCATCAGCCTGCA-1","Generalist NE"
"TATGCATCAGGCTGTT-2","Generalist NE"
"TATGGATGTAAGGTTT-2","Generalist NE"
"TATGGATGTCAGTAAT-1","Generalist NE"
"TATGGATGTGCGCATG-2","Generalist NE"
"TATGGATGTTAACGGC-1","Generalist nonNE"
"TATGGATGTTGGTTCT-1","Generalist nonNE"
"TATGGCCCAAATACCT-1","Generalist nonNE"
"TATGGCCCAAGTGAAC-2","Generalist nonNE"
"TATGGCCCAATCATGT-2","Generalist NE"
"TATGGCCCACTGACTA-2","Generalist NE"
"TATGGCCCAGCAAATA-2","nonNE1"
"TATGGGCGTACCAGGT-2","Generalist NE"
"TATGGGCGTTTAGCTC-2","Generalist NE"
"TATGGTCAGCAAGGAC-1","Generalist nonNE"
"TATGGTCAGCGGATTT-2","Generalist nonNE"
"TATGGTCAGTGAACGA-2","Generalist NE"
"TATGGTCAGTTGCCTC-2","nonNE1"
"TATGTGATCCATCAGG-2","Generalist NE"
"TATGTGATCCTGTTCA-1","Generalist NE"
"TATTACCTCCGGTTGA-1","Generalist NE"
"TATTACCTCGAGGTGG-2","Generalist NE"
"TATTAGCCAATTGAGA-1","Generalist nonNE"
"TATTAGCCAGCACGTT-2","Generalist NE"
"TATTAGGTCACAAGCT-1","Generalist NE"
"TATTAGGTCACGAATC-1","Generalist NE"
"TATTAGGTCATTACAG-1","Generalist NE"
"TATTAGGTCCCGCAAA-2","Generalist NE"
"TATTAGGTCCTGAGTG-2","Generalist NE"
"TATTAGGTCGTAATCA-2","Generalist NE"
"TATTCGTTCAAGCGCC-1","Generalist NE"
"TATTCGTTCATGCTCC-1","Generalist NE"
"TATTCGTTCTAGCTAA-1","Generalist NE"
"TATTCGTTCTCACATT-1","Generalist NE"
"TATTGACCAATTTGGT-2","Neuroendocrine2"
"TATTGACCAGCAAGTG-1","nonNE1"
"TATTGACCAGGAACAT-2","Generalist NE"
"TATTGACCATCCTAGA-1","Intermediate"
"TATTGACCATCCTGAA-1","Generalist NE"
"TATTGACCATGTCAGC-2","nonNE1"
"TATTTGCTCATGTTTC-1","nonNE2"
"TATTTGCTCCTTAGGG-2","Generalist NE"
"TATTTGCTCGAAGTAG-1","Generalist NE"
"TATTTGCTCGCCTGTT-1","Generalist nonNE"
"TATTTGCTCTAAATCG-2","Generalist NE"
"TATTTGGAGACACTTA-1","Generalist NE"
"TATTTGGAGACTATTG-1","Generalist nonNE"
"TATTTGGAGGCATGAA-2","Generalist NE"
"TATTTGGAGGCTCATG-1","Neuroendocrine2"
"TCAAACCAGGACAATG-1","Neuroendocrine2"
"TCAACAATCAAGCTTA-1","Generalist NE"
"TCAACAATCACATTGA-2","Generalist NE"
"TCAACAATCACTTTAC-1","Generalist NE"
"TCAACAATCATTACTC-1","Generalist NE"
"TCAACAATCCCGAAGC-1","Generalist nonNE"
"TCAACAATCCCTTGCG-1","Generalist NE"
"TCAACAATCTTGACCC-1","Generalist nonNE"
"TCAAGAACAAACGGGC-2","Intermediate"
"TCAAGAACACACCAAC-2","nonNE1"
"TCAAGAACACATACTG-2","nonNE1"
"TCAAGACTCAATCTAG-1","Generalist nonNE"
"TCAAGACTCATAAGCC-1","Generalist NE"
"TCAAGACTCATGCCTC-1","Generalist nonNE"
"TCAAGACTCGCTAAGT-2","Neuroendocrine1"
"TCAAGACTCTAATCTC-2","Neuroendocrine2"
"TCAAGACTCTGTAATG-2","Neuroendocrine1"
"TCAAGCTAGCCTGTTC-2","Generalist NE"
"TCAAGCTAGCTCAAAC-2","Generalist NE"
"TCAAGCTAGGAGCAAC-1","Generalist nonNE"
"TCAAGCTAGGCTGTGC-1","Generalist NE"
"TCAAGCTAGGCTTAAC-1","nonNE1"
"TCAAGCTAGTTGGCCA-1","Generalist nonNE"
"TCAAGCTAGTTTCCTG-1","Generalist nonNE"
"TCAAGGAAGTAGAGGC-2","Generalist nonNE"
"TCAAGGAAGTCATTGA-1","Generalist nonNE"
"TCAAGGAAGTTAGCCG-1","Generalist nonNE"
"TCAAGGAAGTTTGGTA-1","Generalist NE"
"TCAAGGTTCACGAATC-2","Neuroendocrine2"
"TCAAGGTTCCGCATGA-2","Generalist NE"
"TCAAGGTTCGACAAAG-2","Generalist nonNE"
"TCAAGGTTCGAGGAAC-1","Generalist nonNE"
"TCAAGTATCACAAGCT-1","Generalist nonNE"
"TCAAGTATCATGAGCT-2","Generalist NE"
"TCAAGTATCTATCGCC-1","Generalist nonNE"
"TCAAGTATCTTAGGAC-2","Generalist NE"
"TCAAGTATCTTGGACG-1","Generalist nonNE"
"TCAATCGCAAACATAG-2","Generalist NE"
"TCAATCGCAATCGCAC-1","Generalist NE"
"TCAATCGCAATGCCCG-1","Generalist nonNE"
"TCAATCGCAATGCGCT-2","Neuroendocrine2"
"TCAATCGCACCTCACC-1","Neuroendocrine2"
"TCAATCGCATAGACTT-2","Generalist NE"
"TCAATCGCATGACTAT-1","Stress"
"TCACATAAGCAAGGTA-2","nonNE1"
"TCACATAAGCTTACTT-1","Generalist NE"
"TCACATAAGGAAGCAC-2","Neuroendocrine2"
"TCACATAAGGAGGACT-1","nonNE1"
"TCACATAAGGAGGCAT-2","Generalist NE"
"TCACCGGCAACTGGCT-1","Generalist NE"
"TCACCGGCAAGGTGGC-2","Generalist nonNE"
"TCACCGGCAAGTAAGC-1","Generalist nonNE"
"TCACCGGCACATTGCA-2","Generalist NE"
"TCACCGGCACCTAAGC-2","Neuroendocrine2"
"TCACCTCAGCACTAAC-1","Generalist NE"
"TCACCTCAGCTTTGGG-1","Generalist NE"
"TCACCTGGTACCGTAA-2","Generalist NE"
"TCACCTGGTATTGGTG-2","Generalist NE"
"TCACGGATCCGCATGA-2","Generalist NE"
"TCACGGATCTCACTAT-1","Intermediate"
"TCACTGACAACTAACT-2","nonNE2"
"TCACTGACAAGGCCAA-1","Generalist NE"
"TCACTGACAATAGCCC-1","Generalist nonNE"
"TCACTGACAATGAAGC-1","Generalist NE"
"TCACTGACAATTATGC-1","nonNE1"
"TCACTGACAGCAAGTG-2","Generalist NE"
"TCACTGACAGCATGAG-2","Intermediate"
"TCAGCAAGTAATCCCT-1","Generalist NE"
"TCAGCAAGTACGTTTC-2","Generalist NE"
"TCAGCAAGTTACTTGC-1","Generalist NE"
"TCAGCAAGTTGAAGCC-2","Neuroendocrine2"
"TCAGCCTTCACAGCGC-2","Neuroendocrine1"
"TCAGCCTTCATTAGGC-1","Generalist NE"
"TCAGCCTTCCCTGACT-2","Generalist NE"
"TCAGCCTTCTTGAGGT-1","Generalist NE"
"TCAGCCTTCTTGCTAT-2","Generalist NE"
"TCAGCGATCAGGTTTA-1","Generalist nonNE"
"TCAGCGATCATGCGTG-2","Generalist nonNE"
"TCAGCGATCATGTTTC-2","nonNE1"
"TCAGCGATCATTTGCT-1","Stress"
"TCAGCGATCCGCCAAA-1","nonNE1"
"TCAGCGATCCTAAGTA-1","Neuroendocrine2"
"TCAGCGATCGATTATG-2","Generalist nonNE"
"TCAGCGATCGCACAAT-2","Generalist NE"
"TCAGCGATCGTGCTTC-2","Intermediate"
"TCAGCGATCTCACATT-1","Generalist NE"
"TCAGGAGCACCTAATG-2","Generalist NE"
"TCAGGAGCAGCCTAAC-2","Generalist NE"
"TCAGGAGCATGACTAT-1","Generalist nonNE"
"TCAGGAGCATTAGCGC-2","Intermediate"
"TCAGGAGCATTGTGCA-2","Generalist NE"
"TCAGGTCCAATATGGA-2","Generalist nonNE"
"TCAGGTCCAGCATGTC-1","Generalist NE"
"TCAGGTCCAGGCCATT-2","Intermediate"
"TCAGGTCCATAAGGAC-2","Generalist NE"
"TCAGGTCCATTGCGGT-2","Neuroendocrine1"
"TCAGGTCCATTGTGGC-1","Generalist NE"
"TCAGGTTAGACAACAG-2","Generalist NE"
"TCAGGTTAGACTAAGG-2","Neuroendocrine2"
"TCAGGTTAGCAACATC-2","nonNE1"
"TCAGGTTAGCATCCAG-1","Generalist NE"
"TCAGGTTAGGGTTAGA-1","Generalist NE"
"TCAGGTTAGGTCGAGG-2","Neuroendocrine2"
"TCAGGTTAGTAGGCGG-1","Generalist NE"
"TCAGTAATCAATGAGG-2","Generalist NE"
"TCAGTAATCACGCCAA-1","Generalist NE"
"TCAGTAGGTATACTGG-2","Generalist NE"
"TCAGTAGGTCGCATAA-2","Generalist NE"
"TCAGTAGGTTACTAGG-2","Generalist NE"
"TCAGTGAGTAAACAAG-2","Generalist NE"
"TCAGTGAGTCATGCCC-1","Generalist nonNE"
"TCAGTGAGTCCTTAGT-1","Generalist NE"
"TCAGTGAGTGGACATC-1","nonNE1"
"TCAGTGAGTGTAACCA-2","Generalist NE"
"TCAGTGAGTTCCTGTG-2","Generalist NE"
"TCATAACCAACACCTA-2","Generalist NE"
"TCATAACCAATAATGG-1","Stress"
"TCATAACCAATTAGCT-2","Generalist NE"
"TCATAACCACAGCCTG-2","Intermediate"
"TCATAACCACATAACT-2","Intermediate"
"TCATAACCAGCAACCT-2","Generalist NE"
"TCATAACCAGCCTAAC-2","Neuroendocrine1"
"TCATAACCAGGAACAT-1","Generalist nonNE"
"TCATAACCATAGGCGA-2","Generalist nonNE"
"TCATACTTCACACAGT-1","Generalist nonNE"
"TCATACTTCACAGCGC-2","Generalist NE"
"TCATACTTCCAAGTGT-1","Generalist nonNE"
"TCATACTTCCGCATGA-2","Generalist nonNE"
"TCATACTTCCTTGAGG-1","Generalist NE"
"TCATACTTCGCTCCAT-1","Generalist NE"
"TCATACTTCGTTATCT-2","Stress"
"TCATCCATCAGGTCCA-2","Generalist NE"
"TCATCCATCCACCTGT-1","Generalist NE"
"TCATCCATCGCTAGAT-1","Generalist NE"
"TCATCCATCGTAACGT-1","Stress"
"TCATCCATCTAAGTCA-2","Generalist NE"
"TCATCCATCTGCAACG-1","Generalist nonNE"
"TCATCCATCTGTAATG-2","Neuroendocrine2"
"TCATGAGGTGCTAGCG-2","Generalist NE"
"TCATGAGGTGTAATAC-2","Generalist nonNE"
"TCATGAGGTGTCCTGC-1","Generalist nonNE"
"TCATGAGGTGTTGTAG-1","Generalist NE"
"TCATGAGGTTTGTGGA-2","Generalist NE"
"TCATGCCTCACAGCGC-2","Generalist NE"
"TCATGCCTCGCTAGAT-2","Neuroendocrine1"
"TCATGCCTCGCTAGCA-1","Generalist nonNE"
"TCATGCCTCGGCCATA-1","Generalist NE"
"TCATGTTTCATGAAGG-2","Generalist nonNE"
"TCATGTTTCCATAATG-1","Generalist NE"
"TCATGTTTCCCGCCTA-2","Generalist NE"
"TCATGTTTCCCTTGCG-1","Generalist nonNE"
"TCATGTTTCGCTAGTG-1","Generalist NE"
"TCATGTTTCTCACATT-2","Generalist NE"
"TCATTACTCGGTAACT-1","Generalist nonNE"
"TCATTACTCGTTCACC-1","Generalist NE"
"TCATTACTCGTTTCTG-2","Generalist NE"
"TCATTACTCTCCATGC-1","Generalist nonNE"
"TCATTGCGTCAATAGT-1","Generalist nonNE"
"TCATTGCGTCATGCAA-2","Generalist NE"
"TCATTGCGTGGATGTC-2","Generalist nonNE"
"TCATTGCGTTAGCAGC-2","Generalist NE"
"TCATTGCGTTATTGCC-1","Generalist NE"
"TCATTGCGTTCAAGCA-1","Generalist NE"
"TCATTGCGTTGCAATG-2","Generalist NE"
"TCATTGCGTTGCATCT-2","Generalist nonNE"
"TCATTGTTCATGGCCA-2","Generalist NE"
"TCATTGTTCCAGCACA-1","Generalist NE"
"TCATTGTTCCTTAGTT-1","Generalist NE"
"TCATTGTTCTCCTCAA-1","Generalist nonNE"
"TCATTGTTCTTGATGA-2","Generalist NE"
"TCATTTGGTACCGAAC-2","Generalist NE"
"TCATTTGGTCAAGTGC-2","Generalist NE"
"TCATTTGGTCCTAATC-2","Generalist NE"
"TCATTTGGTCTATCGT-2","nonNE1"
"TCATTTGGTCTTGCAT-2","Generalist nonNE"
"TCATTTGGTGGTGAGA-2","Generalist NE"
"TCCACAACAAGCGAGC-2","Neuroendocrine2"
"TCCACAACAGGCCAAA-2","Intermediate"
"TCCACAACATAGACCC-1","Generalist NE"
"TCCACAACATAGCGGA-1","Generalist nonNE"
"TCCACAACATTAAAGG-1","Generalist NE"
"TCCACAACATTGTTGG-1","Generalist nonNE"
"TCCAGCAAGACAGGTA-2","Generalist NE"
"TCCAGCAAGGTGAAAT-2","Generalist NE"
"TCCAGGATCCCTCAGT-2","Generalist NE"
"TCCAGGATCTATTGTC-2","Generalist nonNE"
"TCCAGGTCAAACCCTA-1","Generalist NE"
"TCCAGGTCAATCCTAG-2","nonNE1"
"TCCAGGTCAATTATGC-1","Neuroendocrine2"
"TCCAGGTCACAATGCC-1","Generalist NE"
"TCCAGGTCACATTGCA-1","Generalist NE"
"TCCAGGTCACATTGCA-2","Generalist NE"
"TCCAGGTCAGCAATAA-1","Generalist NE"
"TCCAGGTCAGCTTAGC-1","Generalist nonNE"
"TCCAGGTCAGGATAAC-1","Generalist NE"
"TCCAGGTCAGGCTTCG-2","Neuroendocrine2"
"TCCAGGTCATCCTGAA-1","Generalist nonNE"
"TCCAGGTCATTAGCCA-2","Stress"
"TCCATAAAGACTTACA-2","Generalist NE"
"TCCATAAAGGGCCACT-2","Neuroendocrine1"
"TCCATAAAGTCGCAAT-1","Generalist NE"
"TCCATAAAGTTAGCTA-2","Generalist NE"
"TCCATATTCATTACTC-2","Generalist NE"
"TCCATATTCCCTCATA-1","Generalist NE"
"TCCATATTCGACCTGA-1","Generalist NE"
"TCCATATTCGCTAGCA-2","Generalist NE"
"TCCATATTCTAACCAA-1","Generalist nonNE"
"TCCATATTCTATCGCC-2","Neuroendocrine2"
"TCCATCATCACACAGT-1","Generalist NE"
"TCCATCATCACTCAAA-1","Generalist NE"
"TCCATCATCCTGCGAA-2","Generalist NE"
"TCCATCATCGAGGAAC-1","Generalist NE"
"TCCATGCTCACAAGCT-1","Generalist nonNE"
"TCCATGCTCAGGTTTA-1","Generalist NE"
"TCCATGCTCCTGCGAA-1","Generalist nonNE"
"TCCATGCTCCTGCGAA-2","Generalist NE"
"TCCATGCTCTACTAAG-1","Generalist NE"
"TCCATGCTCTTAGCCC-1","Generalist NE"
"TCCATTGTCGATATTG-2","Generalist NE"
"TCCATTGTCTGTTCAT-2","Neuroendocrine2"
"TCCCGGACAAGGCCAA-1","Generalist NE"
"TCCCGGACAAGGTGGC-1","Generalist nonNE"
"TCCCGGACAGGTTACC-1","nonNE1"
"TCCCGTTAGCATCCAG-1","Generalist NE"
"TCCCGTTAGCGCATTG-1","Generalist nonNE"
"TCCCGTTAGGTAGCTT-2","nonNE1"
"TCCCGTTAGTAATCCA-2","Generalist nonNE"
"TCCCTCACAATAACCT-1","Generalist NE"
"TCCCTCACACCTCAGG-1","Generalist NE"
"TCCCTCACATGTGGGA-1","Generalist NE"
"TCCCTCACATTGCGGT-2","Generalist nonNE"
"TCCCTGGTCCACCCTG-1","Generalist NE"
"TCCCTGGTCCACCTTA-1","Generalist nonNE"
"TCCCTGGTCCTCGATC-1","Neuroendocrine2"
"TCCGCCATCAATCTAG-1","Generalist NE"
"TCCGCCATCTGGTCCT-2","Generalist NE"
"TCCGGAATCCGTTATT-1","Generalist NE"
"TCCGGAATCGATTATG-2","Generalist NE"
"TCCGGTAAGAAGGTGC-1","Generalist nonNE"
"TCCGGTAAGCAAGATG-2","Generalist NE"
"TCCGGTAAGCTTAGTA-1","Generalist NE"
"TCCGGTAAGGCCATCA-1","nonNE1"
"TCCGGTAAGGCTGTGC-2","nonNE1"
"TCCGGTAAGTAGGATG-2","Generalist NE"
"TCCGGTAAGTATTGCA-2","nonNE1"
"TCCGGTTTCACGTTAA-1","Intermediate"
"TCCTAGTGTAAGGTCC-2","Generalist NE"
"TCCTAGTGTCATGCAA-1","Generalist NE"
"TCCTAGTGTGCGCAAT-1","nonNE1"
"TCCTAGTGTGTCCAAA-1","Generalist NE"
"TCCTAGTGTTTGTGGA-2","Intermediate"
"TCCTCAATCCGGCTAA-2","nonNE1"
"TCCTCAATCGCCTAAG-1","Generalist NE"
"TCCTCAATCGCTAGAT-2","Generalist NE"
"TCCTCAATCTTGTCCA-1","Generalist NE"
"TCCTCACAGGCCTGGT-1","Neuroendocrine1"
"TCCTCACAGGCGGATG-1","nonNE1"
"TCCTCACAGGGACGCA-2","Generalist NE"
"TCCTCACAGGGCTAAA-1","Generalist NE"
"TCCTCACAGGTAGCTT-2","Generalist NE"
"TCCTCACAGTTAACCA-1","Generalist nonNE"
"TCCTCACAGTTGTCTT-1","Generalist NE"
"TCCTCTAAGCCGGTAC-2","Generalist NE"
"TCCTCTAAGCCTTAAA-1","nonNE1"
"TCCTCTAAGCTCAATA-1","Intermediate"
"TCCTCTAAGGGTGAGT-2","nonNE1"
"TCCTCTAAGTTTCCGC-1","Generalist NE"
"TCCTGGTTCAATACGC-1","Generalist NE"
"TCCTGGTTCAGGATGA-1","Generalist nonNE"
"TCCTGGTTCCACCCTG-1","nonNE1"
"TCCTGGTTCGTAACGT-1","nonNE1"
"TCCTGGTTCTCAATTC-2","Intermediate"
"TCCTGGTTCTTCAATC-2","Generalist NE"
"TCCTGTTCAAGTGTTT-2","Intermediate"
"TCCTGTTCACTTCATC-1","Generalist NE"
"TCCTTAGTCACAGACT-1","Generalist nonNE"
"TCCTTAGTCTAATCCT-2","Generalist NE"
"TCCTTAGTCTCGCCTG-1","Generalist NE"
"TCCTTAGTCTGCAAGT-2","Neuroendocrine2"
"TCCTTCAAGCTTCTCA-2","Neuroendocrine2"
"TCCTTCAAGGAGCAAC-1","nonNE1"
"TCCTTCAAGGCATGAA-2","Intermediate"
"TCCTTCAAGGCGAATA-1","Generalist NE"
"TCCTTCAAGGTCGAGG-1","Generalist NE"
"TCCTTCAAGTCATTAG-1","Generalist NE"
"TCCTTCAAGTTATCTC-1","Generalist nonNE"
"TCCTTGCAGCAGCTAT-1","Generalist NE"
"TCCTTGCAGCGCCTTT-2","Generalist NE"
"TCCTTGCAGCGGGCAA-1","Intermediate"
"TCCTTGCAGGTGAAGC-1","Generalist NE"
"TCCTTGCAGTTCCTCA-2","nonNE1"
"TCCTTTACAACGTGCT-1","Generalist nonNE"
"TCCTTTACAAGATTCT-2","nonNE1"
"TCCTTTACACAATGCC-1","Intermediate"
"TCCTTTACACTAGCGT-2","Generalist NE"
"TCCTTTACAGCAGGTA-2","Generalist NE"
"TCCTTTACAGGACACA-2","nonNE1"
"TCCTTTACAGGCTACT-2","Generalist nonNE"
"TCCTTTACATAAGCAA-2","Neuroendocrine2"
"TCCTTTACATTGTCCT-2","Generalist NE"
"TCGACAAGTACCCACC-1","Generalist NE"
"TCGACAAGTATTCGTC-2","Generalist NE"
"TCGACAAGTCAAGACC-1","Generalist NE"
"TCGACAAGTGTTTGAG-2","Generalist NE"
"TCGACAAGTGTTTGCT-2","Generalist NE"
"TCGATTAAGAATGACG-1","Generalist NE"
"TCGATTAAGACAACAG-2","Generalist NE"
"TCGCATTGTACCCACC-1","Generalist NE"
"TCGCATTGTAGGATCC-1","Generalist NE"
"TCGCATTGTATTGTGG-2","Generalist NE"
"TCGCATTGTCAGGCAT-1","Generalist nonNE"
"TCGCATTGTGTGAGGA-1","Generalist NE"
"TCGCATTGTTACGCGG-1","Generalist NE"
"TCGCATTGTTTAGTCC-1","Generalist nonNE"
"TCGCCCATCAATGTGC-1","Generalist NE"
"TCGCCCATCAGCTAAC-1","Generalist NE"
"TCGCCCATCAGCTAAC-2","nonNE1"
"TCGCCCATCATTAGTG-1","Generalist nonNE"
"TCGCCCATCCCGAAGC-2","Generalist nonNE"
"TCGCCCATCCTAATTC-1","Generalist NE"
"TCGCCCATCGTGCCTT-1","Generalist NE"
"TCGCCCATCTCAATGA-1","Generalist NE"
"TCGCCCATCTTAGTCT-1","Generalist NE"
"TCGCCCATCTTGCATT-1","Generalist NE"
"TCGCGAGGTCTTGCAT-1","Generalist NE"
"TCGCGAGGTTGAGCCG-2","Generalist nonNE"
"TCGCGCACAAAGGCCA-2","Generalist nonNE"
"TCGCGCACAAGGACCA-1","Generalist NE"
"TCGCGCACAATAAGCA-1","Generalist nonNE"
"TCGCGCACAGTTTGTG-1","Generalist nonNE"
"TCGCGCACATAAGTTC-1","Generalist NE"
"TCGCGCACATACTCCT-1","Generalist NE"
"TCGCTAACAATAGCCC-1","Generalist NE"
"TCGCTAACACCATATG-1","Stress"
"TCGCTAACACTGACTA-1","Generalist NE"
"TCGCTAACAGGCGATA-1","Neuroendocrine2"
"TCGGTAAGTATTTGGG-2","Generalist NE"
"TCGGTAAGTGCGCATG-1","Generalist NE"
"TCGGTAAGTGTCACGG-2","Generalist NE"
"TCGGTAAGTGTGTGGT-2","Generalist NE"
"TCGGTAAGTTAGAGCC-2","Generalist NE"
"TCGGTTACAAGGGTTG-2","Generalist nonNE"
"TCGGTTACAATACTGT-1","Generalist NE"
"TCGGTTACAGAGGGAG-1","Neuroendocrine1"
"TCGGTTACATACCCGG-1","Generalist nonNE"
"TCGGTTCTCACGCATG-1","Generalist NE"
"TCGGTTCTCATCCTCA-2","Generalist NE"
"TCGGTTCTCCCTTGCG-1","nonNE1"
"TCGGTTCTCCTCAGTC-2","Generalist NE"
"TCGGTTCTCGGTTTCC-1","Generalist NE"
"TCGGTTTGTACTGAAT-1","Generalist NE"
"TCGGTTTGTCAGGCAT-1","Generalist NE"
"TCGGTTTGTGAGCACT-1","Generalist NE"
"TCGGTTTGTTATCCGT-1","Generalist nonNE"
"TCGTAATCAACTAACT-1","Generalist nonNE"
"TCGTAATCACACCAAC-1","Generalist NE"
"TCGTAATCACGGTACT-1","nonNE1"
"TCGTAATCAGGCGATA-1","nonNE1"
"TCGTCAACAAATGCCC-1","Generalist nonNE"
"TCGTCAACACATTAAC-2","Neuroendocrine1"
"TCGTCAACAGTTTGGC-2","nonNE1"
"TCGTGCTTCATAATCG-2","Generalist NE"
"TCGTGCTTCCTACCTA-1","Generalist NE"
"TCGTGCTTCTGGTCCT-2","Generalist nonNE"
"TCGTTAAAGAGGAGTC-2","Generalist NE"
"TCGTTAAAGATAGACG-2","Generalist NE"
"TCGTTAAAGCCAGTAT-2","Generalist NE"
"TCGTTAAAGGATTGAG-2","Generalist NE"
"TCGTTAAAGGGATTAG-1","Generalist nonNE"
"TCGTTAAAGGGCCACT-2","Generalist nonNE"
"TCGTTAAAGGTACCGC-2","Generalist nonNE"
"TCGTTAAAGTAGGATG-2","Generalist NE"
"TCGTTAAAGTGAACAG-1","Generalist NE"
"TCGTTAAAGTTATCCT-1","Generalist NE"
"TCGTTACGTAGTTAAC-2","Generalist nonNE"
"TCGTTACGTGACCTGG-1","Neuroendocrine2"
"TCGTTACGTGGTTCTT-2","Generalist NE"
"TCGTTACGTTAGCCAA-2","Neuroendocrine2"
"TCGTTACGTTAGCTGA-1","Generalist NE"
"TCGTTACGTTGAAGCC-2","Generalist NE"
"TCGTTAGCACTAAGTT-1","nonNE1"
"TCGTTAGCAGCTCATA-1","Generalist NE"
"TCGTTATTCCCGAACA-2","Generalist NE"
"TCGTTATTCTACTAAG-2","Generalist NE"
"TCGTTTCCAACTCGCG-1","Generalist NE"
"TCGTTTCCATTATGCG-1","Generalist NE"
"TCTAACCGTACTTAGG-2","Generalist NE"
"TCTAACCGTCAAGTAT-1","Intermediate"
"TCTAACCGTGAGGTAG-2","Generalist NE"
"TCTAACCGTTATCGAG-1","Generalist NE"
"TCTAACTTCCTAATGA-1","Generalist nonNE"
"TCTAACTTCGCATTAA-2","Generalist NE"
"TCTAAGGGTCGCAAAC-1","Generalist NE"
"TCTAAGGGTTGCAATG-2","Generalist NE"
"TCTAATCTCATGAAGG-2","Generalist NE"
"TCTAATCTCCCGTTGT-2","nonNE1"
"TCTAATCTCGAAGTGA-2","Generalist NE"
"TCTAATCTCGAGCTAT-1","nonNE1"
"TCTAATCTCGATTCTT-2","Generalist NE"
"TCTAATCTCGTCAAGT-2","nonNE1"
"TCTACCTCAAATACCT-1","Generalist nonNE"
"TCTACCTCAAATTCGT-1","Generalist NE"
"TCTACCTCAAGTTATC-1","Generalist NE"
"TCTACCTCACCTGCCT-2","Neuroendocrine2"
"TCTACCTCACCTGTAA-2","Neuroendocrine2"
"TCTACCTCAGCTACGT-2","Generalist NE"
"TCTACCTCAGGAACAT-2","Generalist NE"
"TCTACCTCAGGGAGCT-2","nonNE1"
"TCTACCTCATAATCAC-2","Intermediate"
"TCTACCTCATAGCAGG-2","Generalist NE"
"TCTACCTCATTAGGCC-1","Generalist NE"
"TCTACTAGTAAGGTTT-2","Generalist NE"
"TCTACTAGTCACCTAT-2","Generalist NE"
"TCTACTAGTTCCGGCT-1","Generalist NE"
"TCTAGCACAATGCCTA-1","Intermediate"
"TCTAGCACATAGCGGA-2","Generalist NE"
"TCTAGCCTCGCGACAC-2","Generalist NE"
"TCTAGCCTCGTTAACA-1","Intermediate"
"TCTAGCCTCTCAATAG-1","Generalist NE"
"TCTAGCCTCTTGTCTG-1","Generalist NE"
"TCTAGCGAGACTTATG-1","Generalist NE"
"TCTAGCGAGCAATAGG-2","Generalist NE"
"TCTAGCGAGGACACTT-2","Neuroendocrine2"
"TCTAGCGAGGGACCTC-2","Generalist NE"
"TCTAGCGAGTAGCGGG-2","Generalist NE"
"TCTAGCGAGTTAGCTA-1","Generalist nonNE"
"TCTATGTTCCTGTTCA-1","Generalist NE"
"TCTCAAGCAACTGGGA-1","Generalist NE"
"TCTCAAGCAAGGCCAA-2","Generalist NE"
"TCTCAAGCAAGTGAAC-1","Generalist NE"
"TCTCAAGCAATATAGG-1","Generalist NE"
"TCTCAAGCACCTACTT-1","Neuroendocrine2"
"TCTCAAGCACTAAATC-2","Generalist NE"
"TCTCAAGCAGGTTCAC-1","Generalist nonNE"
"TCTCAAGCATTCCTGT-1","Generalist NE"
"TCTCAATTCCTAAGTA-1","Generalist NE"
"TCTCAATTCGCTAAAC-2","Intermediate"
"TCTCAATTCGTGCTTC-2","Neuroendocrine2"
"TCTCAATTCTCCATAT-2","Neuroendocrine2"
"TCTCAATTCTGGTCCT-2","Generalist NE"
"TCTCACCAGACAACGA-2","Generalist NE"
"TCTCACCAGAGAGGAG-2","Generalist NE"
"TCTCACCAGCGAGGTG-2","Generalist NE"
"TCTCACCAGCTTTGGG-1","nonNE1"
"TCTCACCAGGAGGTTA-1","Generalist NE"
"TCTCACCAGTGAACGA-2","Neuroendocrine2"
"TCTCCTCGTCACAGCG-1","Generalist NE"
"TCTCCTCGTGAGCGAA-2","Generalist NE"
"TCTCCTCGTTTGACCT-1","Generalist NE"
"TCTCGCCCAGGCTACT-2","Neuroendocrine2"
"TCTCGCCCATACTCCT-1","Generalist nonNE"
"TCTCGCCCATCACTTC-2","Generalist nonNE"
"TCTGGCTTCAGCTAAC-1","Generalist NE"
"TCTGGCTTCCCGCATT-2","Generalist nonNE"
"TCTGGCTTCGCAACAT-2","Neuroendocrine2"
"TCTGGCTTCTAAGTGC-1","Generalist nonNE"
"TCTGTGACAACAGCCT-2","Generalist NE"
"TCTGTGACAATTAAGG-1","Generalist nonNE"
"TCTGTGACACAAAGGT-1","Generalist NE"
"TCTGTGACAGGAAGCC-2","Generalist NE"
"TCTGTGACAGGTTCAC-1","Generalist NE"
"TCTGTGACATAAAGCA-1","Generalist NE"
"TCTTAGCGTGTAATAC-2","Intermediate"
"TCTTAGCGTGTTGCTT-1","Generalist nonNE"
"TCTTAGCGTGTTGCTT-2","Generalist nonNE"
"TCTTAGCGTGTTGTGA-2","Generalist NE"
"TCTTAGTTCAGCCAAT-2","Generalist NE"
"TCTTAGTTCCCGTTTA-1","Generalist NE"
"TCTTAGTTCGGTACGC-2","Intermediate"
"TCTTAGTTCTAGCGTG-1","Neuroendocrine2"
"TCTTCAAGTCAAAGAA-1","Generalist NE"
"TCTTCAAGTCGTAAAT-2","Generalist NE"
"TCTTCAAGTCTTTGAC-1","nonNE1"
"TCTTCAAGTGATGAGG-1","nonNE1"
"TCTTCAAGTGTTAGCA-1","Generalist nonNE"
"TCTTGACGTAAGCACC-1","nonNE1"
"TCTTGACGTAATCGTG-2","Generalist NE"
"TCTTGACGTACGGTAC-1","nonNE1"
"TCTTGACGTGCTGTAA-1","Generalist NE"
"TCTTGACGTTTCCGGC-1","Generalist nonNE"
"TCTTGTCCAATCTCTC-2","Generalist nonNE"
"TCTTGTCCACAACCTA-1","Generalist NE"
"TCTTGTCCAGCACGTT-2","Neuroendocrine1"
"TCTTGTCCAGTAGCCT-1","Generalist nonNE"
"TCTTGTCCATCCCTCA-2","nonNE1"
"TCTTGTCCATGGCCTG-2","Generalist NE"
"TCTTGTCCATTGCAGC-1","Generalist NE"
"TCTTTGTAGCGAAGTA-2","Generalist NE"
"TCTTTGTAGCTTTGTT-1","Generalist NE"
"TCTTTGTAGGTAAGGC-2","Generalist NE"
"TCTTTGTAGGTGCGGA-1","Generalist NE"
"TGAAACTGTAAGGTCC-2","Generalist NE"
"TGAAACTGTCCTCCAA-1","Generalist NE"
"TGAAACTGTGCAATGC-2","Intermediate"
"TGAAACTGTGCATTAG-1","nonNE1"
"TGAACAACACAGGGAC-1","Generalist NE"
"TGAACAACACCCTCAC-1","Stress"
"TGAACAACACTGACCG-1","Stress"
"TGAACAACAGTAATAG-1","Generalist nonNE"
"TGAACAACAGTAGCCT-2","nonNE1"
"TGAACAACAGTTTGTG-1","Generalist NE"
"TGAACAACATTGTGAT-2","Generalist NE"
"TGAACAGAGAGGAGGA-2","Generalist NE"
"TGAACAGAGCTCATAA-2","Generalist nonNE"
"TGAACAGAGGTAACGA-2","Generalist NE"
"TGAACAGAGGTCAAAG-2","Generalist NE"
"TGAACAGAGGTGTTAC-2","Generalist NE"
"TGAACAGAGGTTTGAC-2","nonNE2"
"TGAACAGAGTAACAGG-2","Intermediate"
"TGAACAGAGTATCGCG-2","Generalist NE"
"TGAAGCAAGCACAGAA-2","Generalist nonNE"
"TGAAGCAAGCGATAGA-1","Generalist nonNE"
"TGAAGCAAGCTGGCTA-1","nonNE1"
"TGAAGCAAGGCGCACT-2","Generalist NE"
"TGAAGCAAGGTTACAC-1","Generalist NE"
"TGAAGCAAGTCATTAG-1","Generalist nonNE"
"TGAAGCAAGTTATCCT-2","Generalist nonNE"
"TGAAGGATCAATTGGC-2","Generalist nonNE"
"TGAAGGATCATGACCG-2","Generalist NE"
"TGAAGGATCCCTCAGT-2","Generalist NE"
"TGAAGGATCCTGTTCA-2","Generalist nonNE"
"TGAAGGATCCTTCTAG-1","Generalist NE"
"TGAAGGATCCTTGCAC-1","Generalist NE"
"TGAAGGATCGGTTCCT-1","Generalist nonNE"
"TGAAGGATCTAACTGA-2","nonNE1"
"TGAAGGATCTTGAGCG-1","Generalist nonNE"
"TGAAGTGAGCTGTCAG-1","Generalist nonNE"
"TGAAGTGAGGTCCAAT-2","Generalist NE"
"TGAAGTGAGTTATGGC-2","Generalist nonNE"
"TGACCAAGTAGCAGCT-2","Generalist NE"
"TGACCAAGTGAATCGC-1","Stress"
"TGACCAAGTGATGGCT-1","Generalist NE"
"TGACCAAGTGCCGCAA-1","Generalist NE"
"TGACCAAGTGCGCAAT-1","Generalist NE"
"TGACCAAGTTCATTTG-2","Neuroendocrine1"
"TGACCAAGTTTAACCC-2","Generalist NE"
"TGACCTTGTAATCGTG-2","Generalist NE"
"TGACCTTGTGCGCAAT-1","Generalist NE"
"TGACCTTGTTAGGATT-2","Generalist nonNE"
"TGACTCCTCAGCTAAC-1","Generalist NE"
"TGACTCCTCCGCCTAT-1","Generalist NE"
"TGACTCCTCCTTAAGA-1","Generalist NE"
"TGACTCCTCTCACTAT-2","nonNE1"
"TGACTTAAGCTAAAGG-2","Generalist nonNE"
"TGACTTAAGCTTCCCG-1","Generalist nonNE"
"TGACTTAAGGCGCATC-1","Generalist NE"
"TGACTTAAGGTAACGA-2","Intermediate"
"TGACTTCGTAGTTGGC-2","nonNE1"
"TGACTTCGTGAAACAA-1","Generalist nonNE"
"TGACTTCGTGGAGCAA-2","Generalist NE"
"TGACTTCGTTAGGCGT-2","Generalist NE"
"TGACTTCGTTAGGTGC-2","Generalist nonNE"
"TGACTTCGTTGAGCCG-2","Neuroendocrine2"
"TGACTTCGTTTGGGTA-2","Generalist NE"
"TGAGAACCAATAATCC-2","Generalist NE"
"TGAGAACCACTTCATC-1","nonNE1"
"TGAGAACCATTAAGCT-2","Generalist NE"
"TGAGCAAAGCACTAAC-2","Generalist NE"
"TGAGCAAAGGAACCAA-1","Generalist NE"
"TGAGCAAAGGTGAGAC-1","Generalist nonNE"
"TGAGCAAAGTGGCGGA-1","Generalist nonNE"
"TGAGCAAAGTTGGGCC-1","Generalist NE"
"TGAGCACGTCTTACTA-2","nonNE1"
"TGAGCACGTGAGCGAA-2","Generalist NE"
"TGAGCACGTTGCGCGA-1","nonNE1"
"TGAGCCGGTAACGAGG-1","Generalist nonNE"
"TGAGCCGGTTACTAGG-1","Generalist NE"
"TGAGCTTAGGCAATAG-1","Intermediate"
"TGAGCTTAGTAAGGGC-2","Generalist NE"
"TGAGCTTAGTATTGGC-1","Generalist nonNE"
"TGAGCTTAGTCTCACC-2","Neuroendocrine2"
"TGAGCTTAGTGAACCT-1","Generalist NE"
"TGAGCTTAGTGAGAGC-2","Generalist NE"
"TGAGGAGGTACCCACC-1","Generalist nonNE"
"TGAGGAGGTGATCATG-2","Intermediate"
"TGAGGAGGTGCTAGAC-2","Intermediate"
"TGAGGAGGTGCTAGCG-2","Generalist nonNE"
"TGAGGAGGTGGAAGGC-2","Intermediate"
"TGAGGAGGTGGTTAGC-1","Intermediate"
"TGAGGAGGTTAAGCGC-1","Generalist NE"
"TGAGGAGGTTGCACGG-2","Generalist NE"
"TGAGGAGGTTTGGGTA-1","Generalist nonNE"
"TGAGGCACAAGGAATC-1","Generalist nonNE"
"TGAGGCACAAGGTCGA-2","Generalist NE"
"TGAGGCACAATAGCAA-2","Generalist NE"
"TGAGGCACAGGCCTTG-2","Generalist NE"
"TGAGGCACAGTTTGGC-1","Generalist nonNE"
"TGAGGGAGTATTTGGG-1","Generalist NE"
"TGAGGGCCAAGGTGCA-1","Generalist NE"
"TGAGGGCCAATATGGA-1","nonNE2"
"TGAGGGCCAATTGAGA-2","Generalist NE"
"TGAGGGCCACTAAGAA-1","Intermediate"
"TGAGGGCCATAGCTGC-2","Generalist NE"
"TGAGGGCCATCAGTAT-2","Generalist NE"
"TGAGGGCCATCCTGAA-1","nonNE1"
"TGAGGGCCATTGCAGC-1","Neuroendocrine2"
"TGAGGGCCATTGTGAT-2","Stress"
"TGAGGTGCAAGGAATC-2","Neuroendocrine2"
"TGAGGTGCACCAACCG-1","Generalist NE"
"TGAGGTGCACTTCACT-1","Neuroendocrine2"
"TGAGGTGCAGGATTAA-1","Generalist NE"
"TGAGGTGCATGAAATG-1","Generalist NE"
"TGAGGTGCATTGACAT-1","Neuroendocrine2"
"TGAGTGAAGCAAGATG-1","Generalist nonNE"
"TGAGTGAAGCACAGAA-2","Generalist nonNE"
"TGAGTGAAGCCTGTGA-2","Intermediate"
"TGAGTGAAGCTTAGCG-2","Generalist NE"
"TGAGTGAAGCTTTGGG-2","Generalist NE"
"TGAGTGAAGGAACCGG-1","Generalist nonNE"
"TGAGTGAAGGCCCAGT-2","Generalist nonNE"
"TGAGTGAAGTTCCTCA-1","Generalist NE"
"TGAGTTTCAACACCTA-2","Generalist nonNE"
"TGAGTTTCAACTAGAA-2","Generalist NE"
"TGAGTTTCACAAAGAC-1","Generalist NE"
"TGAGTTTCACAATGCC-2","Generalist NE"
"TGAGTTTCAGTTATGT-2","Generalist NE"
"TGAGTTTCATTGCGAC-1","Generalist NE"
"TGATCAATCAATGTGC-2","Generalist nonNE"
"TGATCAATCGCAAACT-2","Generalist NE"
"TGATCAATCGTTACTT-2","Generalist NE"
"TGATCACAGCGATACT-1","Generalist NE"
"TGATCACAGCTTACTT-1","Generalist nonNE"
"TGATCACAGGCCAATT-1","Generalist NE"
"TGATCACAGTAACAGG-2","Neuroendocrine1"
"TGATCACAGTAAGGGC-1","Neuroendocrine2"
"TGATCAGGTCCCGGAA-2","Generalist NE"
"TGATCAGGTCCTCCAA-2","Generalist NE"
"TGATCAGGTGCTTAGA-1","nonNE1"
"TGATCAGGTGGTGAGA-2","Neuroendocrine1"
"TGATCAGGTGTTGCTT-2","Intermediate"
"TGATCCTGTGGGAACA-1","Generalist NE"
"TGATCGAGTAAAGCAA-1","Generalist NE"
"TGATCGAGTCCCGGAA-2","Generalist nonNE"
"TGATCGAGTGGTTAGC-1","Generalist NE"
"TGATCGAGTTAATGAC-1","Intermediate"
"TGATCGAGTTCGCTTG-2","Generalist NE"
"TGATCGAGTTTCGCGC-1","Generalist NE"
"TGATGAACAGAACCGA-1","Generalist NE"
"TGATGAACAGGTTTGC-2","Generalist NE"
"TGATGAACATAATTGC-2","Generalist NE"
"TGATGAACATGGTTAT-2","Generalist NE"
"TGATGACTCAGGATGA-2","Generalist NE"
"TGATGACTCAGTGAAG-2","Generalist NE"
"TGATGACTCCGGTTGA-2","nonNE2"
"TGATGACTCCTACCTA-2","Generalist NE"
"TGATGACTCGGGCCAT-2","Generalist NE"
"TGATGACTCTTAGTCT-1","Generalist nonNE"
"TGATGACTCTTTGACT-1","nonNE1"
"TGATGATGTATTGCAG-1","Intermediate"
"TGATGATGTTACTTGC-2","Neuroendocrine1"
"TGATGATGTTGCACAA-1","Generalist nonNE"
"TGATTAGTCATGGTTA-2","Generalist NE"
"TGATTAGTCCAGGAAA-1","Generalist NE"
"TGATTAGTCCGCCAAA-1","Generalist NE"
"TGATTAGTCGAAGTGA-1","Generalist nonNE"
"TGATTAGTCGACAAAG-2","Generalist NE"
"TGATTAGTCGGGCCAT-2","nonNE2"
"TGATTAGTCGGTTTCC-1","Generalist nonNE"
"TGATTAGTCTCACTCA-2","nonNE1"
"TGATTCAAGTAACGGA-2","Generalist NE"
"TGATTGCAGACTATTG-2","Generalist NE"
"TGATTGCAGCGATACT-1","Generalist nonNE"
"TGATTGCAGTAACTCA-2","Generalist nonNE"
"TGCAAGCGTAATTAGC-2","Generalist NE"
"TGCAAGCGTAGCTAAT-1","Generalist NE"
"TGCAAGCGTTATTGCC-1","nonNE1"
"TGCAAGCGTTCAAGCA-1","Neuroendocrine2"
"TGCAAGCGTTCTTTAG-1","nonNE1"
"TGCAATATCATGCATA-2","Generalist NE"
"TGCAATATCCAGGTCA-2","nonNE1"
"TGCAATATCGAGCAAA-1","Generalist NE"
"TGCAATATCGTTATAG-1","Intermediate"
"TGCAATATCTAAGTGC-1","Generalist nonNE"
"TGCAATATCTGTAAGC-1","Generalist NE"
"TGCACACCAACATAAG-1","Generalist NE"
"TGCACACCAATGCGCT-2","Generalist NE"
"TGCACACCACAATGTT-1","Generalist nonNE"
"TGCACACCATAAAGCA-1","Generalist NE"
"TGCACCTTCCCTGTTA-2","Generalist NE"
"TGCACCTTCCTAAGGT-2","Generalist NE"
"TGCACCTTCGACCTGA-1","Generalist nonNE"
"TGCACCTTCGCATTAA-1","Generalist nonNE"
"TGCACCTTCTTAGGAC-1","Generalist NE"
"TGCACTTGTGTTAAAC-2","Generalist NE"
"TGCACTTGTTATCCGT-2","Generalist NE"
"TGCACTTGTTCATCTA-1","Generalist NE"
"TGCAGGCTCACAGGAA-2","Neuroendocrine1"
"TGCAGGCTCCAAGTTA-2","Stress"
"TGCAGGCTCGATTTGA-2","nonNE1"
"TGCAGGCTCTAACTGA-2","Intermediate"
"TGCAGGCTCTAGCTTT-1","Generalist nonNE"
"TGCAGGCTCTTAGGGT-1","Generalist NE"
"TGCATCCTCACAGCGC-2","Generalist NE"
"TGCATCCTCCGCAAGC-1","Generalist NE"
"TGCATCCTCCTAATTC-2","Neuroendocrine2"
"TGCATCCTCCTGATTT-1","Generalist NE"
"TGCATCCTCGGCCAGT-1","Generalist NE"
"TGCATGAGTAAGCACC-2","Generalist nonNE"
"TGCATGAGTCTAGCTT-1","Generalist NE"
"TGCATGAGTGTTCCCA-2","Intermediate"
"TGCATGAGTTATGTGG-1","Neuroendocrine2"
"TGCATTAAGCGGGCAA-1","Generalist NE"
"TGCATTAAGCTATTAG-1","Generalist NE"
"TGCCATTGTAATCGCA-2","Generalist NE"
"TGCCATTGTCCGCTGT-2","Generalist NE"
"TGCCATTGTGATGAAA-2","nonNE1"
"TGCCATTGTTAAATGC-2","Generalist NE"
"TGCCATTGTTGGCCGA-1","Generalist NE"
"TGCCGGTAGCCAGTAT-1","Generalist nonNE"
"TGCCGGTAGGTTTACA-1","Generalist nonNE"
"TGCCGGTAGTCACCAG-2","Generalist NE"
"TGCCTGTTCATCAGTA-1","Generalist nonNE"
"TGCCTGTTCATTGCGG-1","Generalist nonNE"
"TGCCTGTTCCAGGAAA-1","nonNE1"
"TGCCTGTTCGGGCCAT-2","Generalist NE"
"TGCGATTAGTAAGGGC-1","Generalist nonNE"
"TGCGATTAGTTTGGTA-2","Generalist NE"
"TGCGCAGGTCAATACG-2","Intermediate"
"TGCGCAGGTTAATCGG-1","Neuroendocrine2"
"TGCGCAGGTTCCGGCT-1","Generalist NE"
"TGCGCAGGTTGCAATG-1","Generalist NE"
"TGCGCGAGTTTGAGCA-2","Generalist nonNE"
"TGCGGTTCAAGTGTCC-1","nonNE1"
"TGCGGTTCACCTCAGG-1","Generalist NE"
"TGCGGTTCAGGAAGCC-1","Generalist nonNE"
"TGCGGTTCAGGTTAAA-1","Neuroendocrine1"
"TGCGGTTCAGTTATGT-2","Generalist NE"
"TGCGGTTCATCCATCT-2","Generalist NE"
"TGCTAACAGACAACAG-2","Generalist NE"
"TGCTAACAGCATGGTT-1","nonNE1"
"TGCTAACAGCTGTCAG-2","Neuroendocrine2"
"TGCTAACAGGAGGTTA-2","Generalist NE"
"TGCTAACAGGCCTGGT-2","Intermediate"
"TGCTAACAGGGTCCAC-1","Generalist nonNE"
"TGCTAACAGTCGCAAT-1","nonNE1"
"TGCTAACAGTTTCCTG-1","Generalist NE"
"TGCTAGCCAATATGGA-1","Stress"
"TGCTAGCCACAATACT-1","Generalist nonNE"
"TGCTAGCCACCTCAGG-1","nonNE1"
"TGCTAGCCACGTAATT-1","Generalist nonNE"
"TGCTAGCCAGGAAGCC-1","Generalist nonNE"
"TGCTAGCCATCGCTCC-1","Generalist NE"
"TGCTAGCCATTGGGAG-1","nonNE2"
"TGCTATGCAACATAAG-1","Generalist NE"
"TGCTATGCAATGAAGC-2","Neuroendocrine2"
"TGCTATGCAATTAGGA-2","Generalist NE"
"TGCTATGCACAGAAAC-1","Generalist nonNE"
"TGCTATGCACCTGCTC-1","Generalist NE"
"TGCTATGCAGTCTATG-1","Generalist NE"
"TGCTCAACAAGGTGCA-2","Generalist NE"
"TGCTCAACAGATAGAC-1","Generalist NE"
"TGCTCAACATCAGTAT-1","nonNE1"
"TGCTCACTCAGGTTTA-1","Neuroendocrine2"
"TGCTCACTCCAGGAAA-1","Generalist NE"
"TGCTCACTCCATTACT-2","Generalist NE"
"TGCTCACTCTAGCTTT-2","nonNE1"
"TGCTCACTCTGTAATG-1","Generalist NE"
"TGCTCACTCTGTTGCC-1","Generalist nonNE"
"TGCTCCGTCACGAATC-1","Generalist NE"
"TGCTCCGTCATAATCG-1","Generalist NE"
"TGCTCCGTCCATAAGC-1","Generalist NE"
"TGCTCCGTCCTAAGGT-1","Generalist NE"
"TGCTCCGTCCTCCCTC-1","Generalist NE"
"TGCTCCGTCCTTAGGG-1","Generalist NE"
"TGCTCCGTCGCACACA-2","Generalist NE"
"TGCTCCGTCGCTAAGT-1","Generalist NE"
"TGCTCCGTCGGGACCT-2","Generalist NE"
"TGCTCCGTCGGTCAAT-1","Generalist nonNE"
"TGCTCCGTCTGTGCCT-2","Generalist NE"
"TGCTCCGTCTTAAGTG-1","Generalist NE"
"TGCTCTCAGATAACCC-1","Generalist nonNE"
"TGCTCTCAGCACAGCC-1","Generalist NE"
"TGCTCTCAGCCTCTCG-2","Generalist NE"
"TGCTGGATCCTTAGGG-1","Generalist NE"
"TGCTGGATCCTTGTTG-1","nonNE1"
"TGCTGGATCTCAATGA-1","nonNE2"
"TGCTGGATCTCACAAA-2","Neuroendocrine2"
"TGCTGGATCTGTAAGC-2","Generalist NE"
"TGCTTAAAGACAACAG-1","nonNE1"
"TGCTTAAAGCAAGGGT-2","Generalist NE"
"TGCTTCATCCAATTAG-2","Generalist nonNE"
"TGCTTCATCCTTAGGG-2","Generalist NE"
"TGCTTCATCGCTCCAT-1","Intermediate"
"TGCTTCATCGGTTTCC-1","Generalist NE"
"TGCTTCATCGTCCTTA-1","Generalist nonNE"
"TGCTTCCAGCAATAGG-2","Generalist nonNE"
"TGCTTCCAGGACCTCA-2","Neuroendocrine2"
"TGCTTGCTCACGAATC-2","Generalist NE"
"TGCTTGCTCATCCTAT-2","Neuroendocrine1"
"TGCTTGCTCGGGATTT-2","nonNE1"
"TGCTTGCTCTTCAATC-1","Generalist NE"
"TGCTTGTGTAATTAGC-2","Generalist nonNE"
"TGCTTGTGTACGGTAC-2","Generalist NE"
"TGCTTGTGTGAGGTGA-2","Neuroendocrine1"
"TGCTTTAGTATTGTGG-1","nonNE2"
"TGCTTTAGTGACATGC-2","Generalist nonNE"
"TGCTTTAGTTAACAGT-1","Generalist NE"
"TGCTTTAGTTTATCGC-1","Generalist NE"
"TGGAACAAGCGCATTG-1","Generalist NE"
"TGGAACAAGCGGTTAT-1","Generalist NE"
"TGGAACAAGGACGTAA-2","Generalist NE"
"TGGAACAAGGCCGGAA-1","Generalist NE"
"TGGAACAAGTAAGAAC-1","nonNE1"
"TGGAACAAGTGTTGCG-2","Generalist NE"
"TGGACAAAGACAACGA-2","Generalist NE"
"TGGACAAAGCGTGCGT-2","nonNE2"
"TGGACAAAGGATCACT-1","Generalist NE"
"TGGACAAAGGCATGAA-2","Neuroendocrine2"
"TGGACAAAGGTTAGCT-1","Stress"
"TGGACAAAGTATTGCA-2","Generalist NE"
"TGGACCGGTCACCAAA-2","Generalist NE"
"TGGACCGGTGATCATG-2","Generalist NE"
"TGGACCGGTTAGTACG-2","Generalist NE"
"TGGACCGGTTGTTGGA-1","Generalist NE"
"TGGACGGAGAGGCTAA-2","Generalist NE"
"TGGACGGAGTCATGCG-2","nonNE1"
"TGGACTAGTACTTAGG-1","Generalist nonNE"
"TGGACTAGTCCTTCTC-1","Generalist nonNE"
"TGGACTAGTCGCAATA-1","Generalist NE"
"TGGACTAGTCTATCGT-2","Generalist NE"
"TGGACTAGTGAGGTGA-2","Generalist NE"
"TGGACTAGTTAATGAC-1","nonNE1"
"TGGACTAGTTACATCC-2","Generalist NE"
"TGGATTCAGAGGAAGG-1","Neuroendocrine1"
"TGGATTCAGTAACTCA-2","Neuroendocrine2"
"TGGATTGGTAACCTAG-1","Generalist nonNE"
"TGGATTGGTAGCTGCG-2","Intermediate"
"TGGATTGGTCACCAAA-2","Neuroendocrine1"
"TGGATTGGTTAAGCGC-1","Generalist nonNE"
"TGGATTGGTTGTTGGA-1","nonNE1"
"TGGCCAATCATGCAAC-2","Stress"
"TGGCCAATCCAGGGAG-1","Generalist nonNE"
"TGGCCAATCTAAATCG-2","Neuroendocrine2"
"TGGCCATCAAACTCAT-2","Stress"
"TGGCCATCAAAGCTAA-2","Generalist nonNE"
"TGGCCATCAAATACCT-2","Generalist NE"
"TGGCCATCAATGCCTA-2","Generalist NE"
"TGGCCTGCACGTAAGG-2","Generalist NE"
"TGGCCTTTCACCTGCT-1","Generalist NE"
"TGGCCTTTCCGTCCAT-2","Generalist NE"
"TGGCCTTTCCTAGTAA-2","Generalist NE"
"TGGCCTTTCCTCACAC-1","Generalist NE"
"TGGCCTTTCCTCACTA-1","Generalist NE"
"TGGCCTTTCTAATCTC-2","Generalist NE"
"TGGCCTTTCTACTAAG-2","Generalist NE"
"TGGCCTTTCTCTAGCC-2","Generalist NE"
"TGGCGGTTCATTAGCA-1","nonNE2"
"TGGCGGTTCGTTTCTG-1","Generalist nonNE"
"TGGCGGTTCTTAGTCT-1","nonNE1"
"TGGCTAAGTAGGATTT-2","Generalist NE"
"TGGCTAAGTTAAGCGC-2","Intermediate"
"TGGCTAAGTTTGGCTT-2","Generalist NE"
"TGGCTATAGCAGGTTT-2","Generalist nonNE"
"TGGCTATAGCCGCTTT-2","Generalist nonNE"
"TGGCTATAGGCTAATC-1","Generalist NE"
"TGGCTATAGTCAGTAC-2","nonNE1"
"TGGCTATAGTCCTTCA-1","Generalist nonNE"
"TGGCTATAGTTAACCA-1","Generalist nonNE"
"TGGGCATGTATTACCC-2","Generalist NE"
"TGGGCATGTGGGTGAA-2","Generalist NE"
"TGGGCATGTTAGTTGG-2","Generalist NE"
"TGGGCCTAGAAGGTGC-2","Neuroendocrine2"
"TGGGCCTAGGAGTCTT-2","Generalist NE"
"TGGGCCTAGGCCAATT-2","Neuroendocrine2"
"TGGTAAACAACCCTCC-1","Generalist NE"
"TGGTAAACAATAATCC-1","Neuroendocrine2"
"TGGTCAAGTGCTCCGT-2","Generalist NE"
"TGGTCAAGTTCGCTCA-2","Generalist NE"
"TGGTCAAGTTTACGTC-1","Generalist NE"
"TGGTCAGTCACAGCCA-1","Generalist NE"
"TGGTCAGTCACAGGAA-2","nonNE1"
"TGGTCAGTCACGCCAA-2","Neuroendocrine1"
"TGGTCAGTCACTTTAC-1","Generalist nonNE"
"TGGTCAGTCATCACTT-1","Generalist NE"
"TGGTCAGTCATTGTTC-1","Generalist NE"
"TGGTCAGTCCTAATTC-1","Generalist NE"
"TGGTCAGTCCTAGTCC-1","Generalist NE"
"TGGTCAGTCGCCTGTT-2","nonNE1"
"TGGTCAGTCGTACCGA-1","Generalist NE"
"TGGTCATAGCTTTGGG-1","Generalist NE"
"TGGTCATAGGAGCATA-2","Generalist NE"
"TGGTCCTTCTCACTCA-1","Generalist NE"
"TGGTGATTCCACCTTA-2","Generalist NE"
"TGGTGATTCCATAATG-2","Generalist NE"
"TGGTGATTCGGCTAGC-2","Generalist NE"
"TGGTGATTCGGTTTCC-1","nonNE1"
"TGGTGATTCTAACCTT-1","Generalist NE"
"TGGTGATTCTTAGGAC-1","Generalist NE"
"TGGTGCATCAAACTCA-2","Generalist nonNE"
"TGGTGCATCGCCTAAG-2","Generalist NE"
"TGGTGCATCTATGACA-2","Generalist NE"
"TGGTGCATCTTAATGG-1","nonNE1"
"TGGTTAATCACTTTAC-2","Generalist NE"
"TGGTTAATCATTCATC-2","Stress"
"TGGTTAATCCTCCATA-1","Generalist nonNE"
"TGGTTAATCGGTTTGG-1","Generalist nonNE"
"TGGTTAATCTCACTCA-1","Generalist NE"
"TGGTTAATCTTGAGCG-2","Generalist NE"
"TGGTTCCTCCGGAACC-2","Generalist NE"
"TGGTTCCTCCTAATGA-2","Neuroendocrine2"
"TGGTTCCTCGCTAGCA-1","Generalist NE"
"TGGTTCCTCTTTAGGA-2","Neuroendocrine2"
"TGGTTCTGTAATGGCC-2","Generalist NE"
"TGGTTCTGTATGGTGC-1","Generalist NE"
"TGGTTCTGTATTCGTC-1","Generalist NE"
"TGGTTCTGTGACCTGG-1","Generalist NE"
"TGGTTCTGTGTGTCCC-1","Generalist nonNE"
"TGGTTCTGTTAATCGG-1","Generalist nonNE"
"TGGTTCTGTTCCAGGG-2","Generalist NE"
"TGGTTGAGTCAAGTGC-2","Generalist NE"
"TGGTTGAGTCTCACTG-2","Generalist NE"
"TGGTTGAGTTGCTTCG-1","Generalist NE"
"TGTAAAGCACCGGTAT-2","Generalist nonNE"
"TGTAAAGCAGAAATGC-1","nonNE1"
"TGTAAAGCAGTGAACG-2","Generalist NE"
"TGTAAAGCATGTTGGC-1","Generalist NE"
"TGTAACTCAACAGCCT-1","Generalist nonNE"
"TGTAACTCAAGCCACT-2","Generalist NE"
"TGTAACTCACTTACAG-2","Generalist NE"
"TGTAACTCAGAGGGAG-2","Neuroendocrine1"
"TGTAACTCAGTAAAGC-1","Generalist NE"
"TGTAACTCAGTTAGCC-2","Generalist NE"
"TGTAACTCATGGCCCA-2","Generalist NE"
"TGTAAGCTCACGCATG-2","Intermediate"
"TGTAAGCTCATGCCTC-2","Generalist NE"
"TGTAAGCTCGGTTTCC-2","Generalist NE"
"TGTAAGTGTACCAGGT-2","Generalist NE"
"TGTAAGTGTAGCAGCT-1","Generalist nonNE"
"TGTAAGTGTCCGTGAG-2","Generalist NE"
"TGTAAGTGTGGAGCAA-2","Generalist NE"
"TGTAAGTGTGGTTCTT-2","Neuroendocrine1"
"TGTAAGTGTGTGCACG-1","Neuroendocrine2"
"TGTAAGTGTTTGGTTC-1","Generalist NE"
"TGTAATGTCCTCACAC-2","Generalist NE"
"TGTAATGTCGTTTCGC-1","Generalist NE"
"TGTAATGTCTCCATGC-2","nonNE1"
"TGTAATGTCTGCAAAC-1","Generalist NE"
"TGTATCCGTAACCACA-1","nonNE1"
"TGTATCCGTCAGGAAG-2","nonNE1"
"TGTATCCGTCCAAGAC-2","Generalist NE"
"TGTATCCGTGGAAACG-2","Generalist NE"
"TGTATCCGTTAGGCTA-1","Generalist nonNE"
"TGTATCGCAATAAGCA-2","Generalist nonNE"
"TGTATCGCAATACTGT-1","Generalist nonNE"
"TGTATCGCACAGAACG-2","Neuroendocrine2"
"TGTATCGCAGGATTAA-1","Generalist NE"
"TGTATCGCAGGCAAGC-1","Generalist nonNE"
"TGTCAATCAATAAGCA-1","Generalist NE"
"TGTCAATCACTGACCG-1","Generalist nonNE"
"TGTCAGTAGATGGAGC-1","Generalist NE"
"TGTCAGTAGGCTACAT-2","Generalist NE"
"TGTCAGTAGGTGCGGA-2","Stress"
"TGTCATAAGCTTACTT-2","Neuroendocrine2"
"TGTCATAAGGCATGTT-1","Generalist nonNE"
"TGTCATAAGGCGAATA-2","Neuroendocrine1"
"TGTCATAAGGGATGAC-1","Generalist NE"
"TGTCATAAGTGAACGA-2","Generalist NE"
"TGTCATAAGTGACCTG-2","Generalist NE"
"TGTCATAAGTGGCGGA-2","Intermediate"
"TGTCCTGGTAACGGGA-2","Generalist NE"
"TGTCCTGGTCATCATC-1","Generalist NE"
"TGTCCTGGTCATGCAA-2","Generalist nonNE"
"TGTCCTGGTCTCAGCC-2","Generalist NE"
"TGTCCTGGTGAAACAA-1","Generalist nonNE"
"TGTCCTGGTGAGACTC-1","Generalist NE"
"TGTCCTGGTGGACATC-2","Generalist NE"
"TGTCCTGGTTAGTTGG-2","nonNE1"
"TGTCCTGGTTCCTCCT-1","Generalist NE"
"TGTCCTTCAGGGAGGA-2","Generalist NE"
"TGTCCTTCATCGCTTT-2","Generalist NE"
"TGTGAAACAAGGATTA-2","Generalist NE"
"TGTGAAACACTATGGC-2","Generalist NE"
"TGTGAAACAGAACCGA-2","Neuroendocrine2"
"TGTGAAACATTGTCCT-2","nonNE1"
"TGTGATCAGTCATGCG-1","Generalist nonNE"
"TGTGATCAGTTAGTTG-1","Generalist NE"
"TGTGCAAGTACCGTTT-2","Generalist nonNE"
"TGTGCAAGTGTGAGAG-1","nonNE1"
"TGTGCAAGTTGTGATG-2","Intermediate"
"TGTGCAAGTTTGGGCG-2","Generalist NE"
"TGTGCGCAGGCCAATT-2","Neuroendocrine2"
"TGTGCGGGTAACAGGG-1","Neuroendocrine2"
"TGTGCGGGTCTAACAG-1","Generalist NE"
"TGTGCTGAGAACAAGT-1","nonNE1"
"TGTGCTGAGCACGTTG-2","Generalist nonNE"
"TGTGCTGAGTAGCGCC-2","Generalist NE"
"TGTGCTGAGTCCTGAG-1","Generalist NE"
"TGTGGAGCACAACCTA-2","Generalist NE"
"TGTGGAGCATTAGCCA-1","Generalist NE"
"TGTGGCCAGTCATCCC-1","Generalist NE"
"TGTGGCGGTCACAAAT-2","Generalist NE"
"TGTGGCGGTCTAACCT-2","Intermediate"
"TGTGGCTCAATAATCC-1","Generalist NE"
"TGTGGCTCAATTAACC-2","Generalist NE"
"TGTGGCTCACATTAAC-2","Generalist NE"
"TGTGGCTCACGTGCTG-2","nonNE2"
"TGTGGCTCACTTCACT-2","Generalist NE"
"TGTGGCTCAGGAAGCC-2","Generalist nonNE"
"TGTGGCTCAGTTAAAG-2","Generalist NE"
"TGTGGCTCATCGCTTT-1","Generalist NE"
"TGTGGCTCATGATTGT-1","nonNE1"
"TGTGTGAGTCCCGGAA-2","Stress"
"TGTGTGAGTCCTAACT-2","Generalist NE"
"TGTGTGAGTGATTACG-2","Generalist nonNE"
"TGTGTGAGTGCTGGTG-2","Generalist nonNE"
"TGTGTGAGTGTTGTAG-2","Generalist nonNE"
"TGTGTGAGTTAGGCTA-1","nonNE1"
"TGTGTTAAGAACCTAC-2","Generalist NE"
"TGTGTTAAGCTTTGGG-1","Generalist nonNE"
"TGTGTTAAGGAACACA-2","Generalist NE"
"TGTGTTAAGTAACCCG-2","Generalist NE"
"TGTTACTTCAATTGGC-2","Generalist NE"
"TGTTACTTCACATTGA-1","Generalist nonNE"
"TGTTACTTCACTAAGC-1","Generalist NE"
"TGTTACTTCATGAGCT-2","Intermediate"
"TGTTACTTCATGGTGT-2","Generalist NE"
"TGTTACTTCCACCCTG-1","Generalist NE"
"TGTTACTTCCGTTATT-1","Generalist nonNE"
"TGTTACTTCGCCTGTT-2","Generalist NE"
"TGTTACTTCTCAATAG-2","Generalist nonNE"
"TGTTAGCAGACAACAG-2","Neuroendocrine2"
"TGTTAGCAGACTTATG-2","Generalist NE"
"TGTTAGCAGGATTGAG-1","Generalist NE"
"TGTTAGCAGGCAATAG-2","nonNE1"
"TGTTAGCAGTTATTCC-1","Generalist nonNE"
"TGTTATGAGCCTAACG-2","Generalist NE"
"TGTTATGAGCGCCTTT-1","Generalist NE"
"TGTTATGAGTGAACAG-1","Generalist NE"
"TGTTCATTCAGCAAGA-1","Generalist NE"
"TGTTCATTCCCAGTAG-1","Neuroendocrine2"
"TGTTCATTCCTCAGCT-2","Generalist NE"
"TGTTCCTCAATTAGCT-2","Generalist NE"
"TGTTCCTCACAGAAAC-2","Generalist NE"
"TGTTCCTCATGGAGGC-2","nonNE1"
"TGTTGCACAAATGCCC-2","nonNE1"
"TGTTGCACAAGTGAAC-1","Generalist NE"
"TGTTGCACACCTAAGC-2","nonNE1"
"TGTTGCACATGATTGT-1","Generalist NE"
"TGTTGCACATGCATAT-2","Generalist NE"
"TGTTGCACATGGCCTG-1","Generalist nonNE"
"TGTTGCACATGTCGCG-2","Generalist NE"
"TGTTGGCCAAGTAAGC-2","Generalist NE"
"TGTTGGCCAATGCCTA-1","Generalist NE"
"TGTTGGCCACAACAAA-1","nonNE1"
"TGTTGGCCAGGACCAA-2","Intermediate"
"TGTTGGCCATAGACCC-1","Generalist NE"
"TGTTGGCCATCGCTTT-1","Generalist NE"
"TGTTGTAAGGGTCTAT-2","Generalist NE"
"TGTTGTAAGGGTGGAT-2","Generalist NE"
"TGTTGTGCAAAGCTCC-1","Generalist NE"
"TGTTGTGCAATAGTCT-1","Generalist NE"
"TGTTGTGCACAGGGAC-1","Generalist NE"
"TGTTGTTTCAAACTCA-1","Generalist nonNE"
"TGTTGTTTCAGGTTTA-1","Generalist NE"
"TGTTGTTTCATAAGCC-2","Generalist NE"
"TGTTGTTTCGCTAAAC-2","Generalist NE"
"TGTTGTTTCGCTATAA-2","Generalist NE"
"TGTTGTTTCTTGGATA-1","Generalist NE"
"TGTTTGTTCAGTGAAG-2","Generalist nonNE"
"TGTTTGTTCTCAATTC-2","nonNE1"
"TGTTTGTTCTTCAATC-2","Generalist NE"
"TTAAAGGCAATATACC-2","nonNE1"
"TTAAAGGCAATGCCCG-1","Generalist NE"
"TTAAAGGCACCTGCTC-2","Neuroendocrine1"
"TTAAAGGCAGTAATAG-2","Generalist NE"
"TTAACCAAGAGAAGGG-1","Generalist NE"
"TTAACCAAGGCTAATC-2","Generalist NE"
"TTAACCAAGGCTATGT-2","Generalist NE"
"TTAACCAAGTATCGCG-1","Generalist NE"
"TTAACCAAGTGGCGGA-2","Generalist NE"
"TTAACCAAGTTATCCT-2","Generalist nonNE"
"TTAACCAAGTTGGGCC-1","Generalist nonNE"
"TTAACTGAGCTCCCTG-1","Generalist nonNE"
"TTAACTGAGGAGTCGG-2","Generalist NE"
"TTAACTGAGGGATGAC-2","Generalist nonNE"
"TTAACTGAGGTCCTAG-2","Intermediate"
"TTAACTGAGTCTTGAA-1","nonNE1"
"TTAAGCCAGAAAGCAT-1","Generalist NE"
"TTAAGCCAGCACCACA-1","Stress"
"TTAAGCCAGCAGGTGG-2","Generalist NE"
"TTAAGCCAGGAGGCAT-1","nonNE1"
"TTAAGCCAGGCCTAAT-1","nonNE1"
"TTAAGCCAGGGTCCAC-2","Generalist NE"
"TTAAGCCAGTGAAGTG-2","Generalist NE"
"TTAAGGACAAACCTTG-2","Generalist NE"
"TTAAGGACACCTGCTC-1","Generalist NE"
"TTAAGGACAGCTCATA-2","Generalist NE"
"TTAAGGACATGACTAT-2","Generalist NE"
"TTAAGGACATGCATAT-1","Generalist nonNE"
"TTAAGGACATGGCCTG-1","Generalist NE"
"TTAAGGTGTAGCTAGC-2","Generalist nonNE"
"TTAAGGTGTATTGTCC-2","Generalist NE"
"TTAAGGTGTGCAATGC-2","Generalist NE"
"TTAAGGTGTTACAAAC-1","Generalist NE"
"TTAAGTGTCACAAGCT-2","nonNE1"
"TTAAGTGTCATGCTCC-2","Intermediate"
"TTAAGTGTCCTGGTGA-1","nonNE1"
"TTAAGTGTCCTTGCGT-2","Generalist NE"
"TTAAGTGTCTACCTGC-1","Generalist NE"
"TTAATCGAGGCCAATT-2","Generalist nonNE"
"TTAATCGAGTGAACGA-2","Generalist NE"
"TTACACCGTCACACCC-2","Generalist NE"
"TTACACCGTGATCATG-1","Generalist nonNE"
"TTACACCGTTCACCAT-1","Generalist NE"
"TTACACCGTTCTTTAG-1","Generalist NE"
"TTACACCGTTGTTGTC-1","Generalist nonNE"
"TTACACCGTTTGAGCA-1","Generalist NE"
"TTACAGCAGACAAAGT-2","Stress"
"TTACAGCAGACTTATG-1","nonNE1"
"TTACAGCAGCGCCTTT-1","Generalist nonNE"
"TTACAGCAGGTTTGCG-1","Neuroendocrine2"
"TTACAGCAGTCACTCC-1","Generalist NE"
"TTACAGCAGTTACCGG-2","Generalist NE"
"TTACAGCAGTTCCCGT-1","Generalist NE"
"TTACCGTGTCAAAGGG-2","Generalist NE"
"TTACCGTGTGACCTGG-2","Generalist NE"
"TTACCGTGTTGCATCT-1","Generalist NE"
"TTACCGTGTTTCAGGA-1","Generalist nonNE"
"TTACCGTGTTTGACCT-1","Generalist NE"
"TTACCTGTCCTTTACG-2","Generalist NE"
"TTACCTGTCGCACAAT-2","Generalist NE"
"TTACCTGTCTAGCGTG-2","Generalist NE"
"TTACGTTTCATAACGC-2","Intermediate"
"TTACGTTTCATTGACA-1","Generalist NE"
"TTACGTTTCGAAGTAG-2","Intermediate"
"TTACGTTTCGGTTCCT-2","Neuroendocrine2"
"TTACGTTTCGTCCTTA-2","Generalist NE"
"TTAGAAGCACAATGCC-1","Generalist NE"
"TTAGAAGCACGGTTTA-2","Generalist NE"
"TTAGAAGCACTGGCCA-1","Generalist NE"
"TTAGAAGCAGAGAGCC-1","Generalist NE"
"TTAGAAGCAGCTACGT-2","Generalist NE"
"TTAGAAGCATCCAGGT-1","Generalist nonNE"
"TTAGACTCAAGCCACT-1","Neuroendocrine2"
"TTAGACTCAGGTTACC-2","Generalist NE"
"TTAGCAATCCACCTTA-2","Generalist NE"
"TTAGCAATCCGCACAA-2","Generalist NE"
"TTAGCAATCGCTCCAT-1","Generalist NE"
"TTAGCAATCGGCCAGT-1","nonNE1"
"TTAGCAGGTCCTTCTC-1","Generalist NE"
"TTAGCAGGTTCAAGCA-1","Generalist NE"
"TTAGCAGGTTGCAATG-1","nonNE2"
"TTAGCCTGTCATAAGT-1","Generalist NE"
"TTAGCGGTCAATTACG-2","Generalist nonNE"
"TTAGCGGTCCAAACAC-2","Generalist NE"
"TTAGCGGTCCAGGGAG-2","Intermediate"
"TTAGCGGTCCATTACT-2","Generalist NE"
"TTAGCGGTCCCTGACT-1","Generalist NE"
"TTAGCGGTCGCACAAT-2","Generalist NE"
"TTAGCGGTCTCCATGC-2","Neuroendocrine1"
"TTAGCGGTCTGTGCCT-1","Generalist NE"
"TTAGCTGCAAGGCCAA-1","Generalist nonNE"
"TTAGCTGCACATGCTA-2","Generalist nonNE"
"TTAGGAACACTTCATC-1","Generalist NE"
"TTAGGAACAGGCATGA-2","Generalist NE"
"TTAGGAACAGTCTATG-1","Generalist NE"
"TTAGGAACATAGCGAG-1","Generalist NE"
"TTAGGATGTCCAAATG-1","Generalist NE"
"TTAGGATGTCCCGGAA-1","Stress"
"TTAGGATGTCCTTCAG-1","Generalist nonNE"
"TTAGGATGTGCGCGTA-2","Generalist NE"
"TTAGGATGTTAGCGTA-2","Generalist NE"
"TTAGGCCCAACAGGAT-2","Generalist NE"
"TTAGGCCCAATGAAGC-1","Generalist NE"
"TTAGGCCCACGGTTTA-2","Generalist NE"
"TTAGGCCCAGGAACAT-1","Generalist NE"
"TTAGGCCCAGTCTATG-2","Generalist NE"
"TTAGGCGTCATTGCAA-1","Generalist NE"
"TTAGGCGTCTAATCTC-1","nonNE1"
"TTAGGCGTCTTTGACT-2","Generalist NE"
"TTAGGCTAGACTATTG-2","Generalist NE"
"TTAGGCTAGCAGCTCA-2","Generalist NE"
"TTAGGCTAGCATGCAT-1","Generalist NE"
"TTAGGCTAGCTTACTT-2","Generalist NE"
"TTAGGCTAGTAACCAC-1","Generalist NE"
"TTAGGCTAGTCAGGCC-1","Generalist nonNE"
"TTAGTCAAGAACCTGT-1","Intermediate"
"TTAGTCAAGTCATCCC-1","nonNE1"
"TTATAGCCAACTAGAA-1","Generalist NE"
"TTATAGCCACCGGTAT-2","Generalist NE"
"TTATAGCCAGTTTCTC-2","Generalist NE"
"TTATAGCCATCTTGAG-2","Generalist nonNE"
"TTATCCGTCCTCCATA-1","Neuroendocrine2"
"TTATCCGTCGGCTATG-2","Generalist NE"
"TTATCCGTCTTGTCTG-2","Neuroendocrine2"
"TTATCCTAGCTTCTCA-1","Generalist nonNE"
"TTATCCTAGGTCATTA-1","nonNE1"
"TTATCCTAGTGCACGC-1","Neuroendocrine2"
"TTATCCTAGTTATGTG-2","Generalist nonNE"
"TTATGACCAAACTAAG-1","Intermediate"
"TTATGACCACCGGTAT-1","Generalist NE"
"TTATGACCAGATAGAC-1","Generalist NE"
"TTATGACCATGCTCCC-1","Generalist NE"
"TTATGCGCAAATGCCC-2","Neuroendocrine1"
"TTATTGCTCACAGCGC-1","nonNE1"
"TTATTGCTCCAGCACA-2","Generalist NE"
"TTATTGCTCGGCTAGC-1","Generalist NE"
"TTCAACCGTCATCCTG-1","Generalist NE"
"TTCAACCGTCATGAGC-2","Generalist NE"
"TTCAACCGTCCTTCTC-2","Generalist NE"
"TTCAACCGTGATCATG-1","nonNE1"
"TTCAACCGTTCCTGAT-1","Generalist NE"
"TTCAACCGTTTGCGCC-2","Neuroendocrine1"
"TTCACTGTCAAACCGT-2","Generalist NE"
"TTCACTGTCAAACTCA-2","nonNE1"
"TTCACTGTCAATCTAG-2","Generalist NE"
"TTCACTGTCAGGCTAT-1","Generalist NE"
"TTCACTGTCCAATTAG-1","Generalist NE"
"TTCACTGTCCCGTTGT-1","nonNE1"
"TTCACTGTCGATAACC-1","nonNE2"
"TTCACTGTCGGCCATA-2","Intermediate"
"TTCACTGTCGTAATCA-2","Generalist NE"
"TTCACTGTCTCGCCTG-2","Generalist NE"
"TTCAGCACACAATACT-2","Generalist NE"
"TTCAGCACATAATCCG-1","Generalist nonNE"
"TTCAGCACATAGCTGC-2","Generalist nonNE"
"TTCAGCACATCGCTCC-1","Intermediate"
"TTCAGCACATGCAACC-1","Generalist NE"
"TTCAGCACATGGCCTG-1","Generalist NE"
"TTCAGGTAGCTCCTTA-1","Generalist NE"
"TTCAGGTAGGAACCAA-2","nonNE1"
"TTCAGGTAGTCTATGA-2","Generalist NE"
"TTCAGGTAGTGAGCAA-1","Generalist NE"
"TTCAGTTTCAGCACCA-1","Generalist NE"
"TTCAGTTTCCCTCTAA-2","nonNE1"
"TTCAGTTTCCTAGTTT-1","Generalist NE"
"TTCAGTTTCGCAGGCT-2","Generalist NE"
"TTCAGTTTCGTTACAA-2","Generalist NE"
"TTCATCCCAAATACCT-1","Intermediate"
"TTCATCCCAATCGCAC-1","Intermediate"
"TTCATCCCAGCAAGAT-2","Generalist NE"
"TTCATCCCAGGATAAC-1","Generalist NE"
"TTCATCCCAGGATTAA-2","nonNE1"
"TTCATCCCATAGACTT-1","nonNE1"
"TTCATCCCATGGAGGC-1","nonNE1"
"TTCATTCAGACAGGCG-2","Generalist nonNE"
"TTCATTCAGGCTAAGA-1","Intermediate"
"TTCATTCAGTATTGCA-2","Generalist NE"
"TTCATTCAGTTGTCAA-2","Generalist NE"
"TTCCACGGTAACGTGC-1","Generalist NE"
"TTCCACGGTACCTTAC-1","Generalist nonNE"
"TTCCACGGTTTCGCCA-1","Generalist nonNE"
"TTCCCACAGCCTGTTC-2","Neuroendocrine2"
"TTCCCACAGTTGCGTG-1","Generalist NE"
"TTCCCGCCAGCTCATA-1","Generalist NE"
"TTCCCGCCATTGTGAT-1","Intermediate"
"TTCCTCAAGACTAAGG-2","Generalist NE"
"TTCCTCAAGCCTGATG-2","Neuroendocrine2"
"TTCCTCAAGCCTGTGA-1","nonNE1"
"TTCCTCAAGGAATAAC-1","Generalist nonNE"
"TTCCTCAAGGTCCTGA-1","Generalist nonNE"
"TTCCTCAAGTCTTGAA-2","Generalist NE"
"TTCCTCAAGTTTAACG-2","Neuroendocrine1"
"TTCCTTCTCCCGTTGT-1","Generalist nonNE"
"TTCCTTCTCCTAAGTA-1","Generalist NE"
"TTCCTTCTCCTCACAC-1","Intermediate"
"TTCCTTCTCCTGAATA-2","Generalist NE"
"TTCCTTCTCCTTTACG-1","Generalist NE"
"TTCCTTCTCGAGCTAT-2","Generalist NE"
"TTCCTTCTCTAAATCG-1","Generalist NE"
"TTCCTTGAGCACCACA-1","Generalist nonNE"
"TTCCTTGAGGACCGCT-1","Intermediate"
"TTCCTTGAGGCGCACT-1","Generalist nonNE"
"TTCCTTGAGGGTTAGA-1","Generalist NE"
"TTCCTTGAGGTCAAAG-2","Generalist NE"
"TTCCTTGAGGTTACAC-1","Generalist NE"
"TTCCTTGAGTAACAGG-2","Intermediate"
"TTCCTTGAGTATTGGC-2","Generalist NE"
"TTCCTTGAGTCAGGCC-1","Generalist nonNE"
"TTCCTTGAGTTAGCTA-2","Generalist NE"
"TTCGCAACACCTCAGG-1","Generalist NE"
"TTCGCAACACCTCAGG-2","nonNE1"
"TTCGCAACAGGACCTT-1","Intermediate"
"TTCGCAACAGGCCATT-1","Generalist NE"
"TTCGCAACATAATCAC-1","Generalist nonNE"
"TTCGCAACATCAGTAT-1","Generalist NE"
"TTCGCAACATGTGGGA-1","Generalist NE"
"TTCGGTACAACCTGGT-1","Generalist nonNE"
"TTCGGTACAGCATGTC-1","Generalist NE"
"TTCGGTACAGGAACAT-2","nonNE1"
"TTCGGTACATAAGTCT-1","Generalist NE"
"TTCGGTACATCCATCT-1","Generalist nonNE"
"TTCGGTACATCCTGAA-2","Neuroendocrine2"
"TTCGTGCTCACAGGAA-1","Stress"
"TTCGTGCTCCGGTATG-1","Generalist NE"
"TTCGTGCTCCTACCTA-2","Generalist NE"
"TTCGTGCTCCTCCTAA-1","Intermediate"
"TTCGTGCTCCTGAGTG-1","nonNE1"
"TTCGTGCTCGGTCATG-2","Generalist NE"
"TTCGTGCTCGGTTTCC-1","Generalist nonNE"
"TTCGTGCTCTTGGACG-2","Neuroendocrine1"
"TTCGTTAGTAGGTTGC-1","Generalist NE"
"TTCGTTAGTCCTCCAA-2","Generalist NE"
"TTCGTTAGTTAGCTGA-2","Generalist nonNE"
"TTCGTTAGTTAGGACC-1","Generalist nonNE"
"TTCGTTAGTTTGAGGC-1","Generalist NE"
"TTCTTAGGTACCAGGT-1","Generalist nonNE"
"TTCTTAGGTCAGGAAG-2","Generalist NE"
"TTCTTAGGTTTAGCGA-2","Generalist NE"
"TTGACATCAATTTGGT-2","Generalist NE"
"TTGACATCACAGCCTG-1","Generalist nonNE"
"TTGACATCACAGGAAT-2","Intermediate"
"TTGACATCACCTAAGC-1","Generalist nonNE"
"TTGACATCAGCATTAT-1","Generalist NE"
"TTGACATCATGCTTAG-2","Generalist nonNE"
"TTGACGTAGCGTGCGT-1","Stress"
"TTGACGTAGGGTCTAT-1","Generalist NE"
"TTGACGTAGTGAGGTA-1","Generalist nonNE"
"TTGACGTAGTTTGTCT-1","Generalist NE"
"TTGACTAAGCCGCAAC-1","Generalist nonNE"
"TTGACTAAGGCCATCA-2","Generalist NE"
"TTGACTAAGGCCCAGT-1","Generalist nonNE"
"TTGACTAAGGTGAAGC-1","Generalist NE"
"TTGAGCTAGAAAGCAT-1","nonNE1"
"TTGAGCTAGCGATAGA-1","Generalist NE"
"TTGAGCTAGGAGGCAT-2","Generalist NE"
"TTGAGGCGTCTTACTA-2","Generalist NE"
"TTGAGGCGTTACTAGG-1","Generalist nonNE"
"TTGAGGCGTTAGAGGG-2","Generalist NE"
"TTGAGGCGTTTAGCTC-2","Generalist NE"
"TTGATGTCAAAGCGCA-2","Generalist NE"
"TTGATGTCAACACTTG-1","Generalist nonNE"
"TTGATGTCACTGGCTG-2","Generalist NE"
"TTGATGTCAGATTCAT-1","Generalist NE"
"TTGATGTCAGCCAGAA-1","Generalist nonNE"
"TTGCAACAGACAACGA-2","Generalist NE"
"TTGCAACAGCTATTGA-2","nonNE1"
"TTGCAACAGGCTAGAA-1","Generalist NE"
"TTGCAACAGGTCCTGA-2","Generalist NE"
"TTGCAAGGTGAGGTAG-1","Generalist nonNE"
"TTGCAAGGTGAGGTGA-2","Generalist NE"
"TTGCAAGGTGTGAGGA-2","Generalist NE"
"TTGCAATCACTAAGTT-1","Generalist nonNE"
"TTGCAATCACTTCACT-2","nonNE2"
"TTGCAATCAGAGGGAG-1","Generalist NE"
"TTGCAATCAGTTTCTC-2","Generalist NE"
"TTGCACACAAACTAAG-1","Generalist NE"
"TTGCACACAATCCTGA-2","Generalist nonNE"
"TTGCACACATTAAGTC-1","Stress"
"TTGCACACATTCCTGT-1","Intermediate"
"TTGCAGCCAAATATCC-1","Generalist NE"
"TTGCAGCCACCCACAG-2","Neuroendocrine1"
"TTGCAGCCAGCAAGTG-2","Generalist NE"
"TTGCAGCCAGGAACTG-2","Generalist NE"
"TTGCATTTCAAACCGT-2","Neuroendocrine2"
"TTGCATTTCATAGACC-1","nonNE1"
"TTGCATTTCCTGGTCT-2","Generalist nonNE"
"TTGCATTTCCTTTACG-2","Generalist NE"
"TTGCATTTCTATTGTC-1","Generalist NE"
"TTGCATTTCTGTGCCT-2","Generalist NE"
"TTGCCCGTCACGAATC-1","Generalist NE"
"TTGCCCGTCATAACGC-1","Generalist NE"
"TTGCCCGTCATGCTCC-1","Generalist NE"
"TTGCCCGTCATTAGCA-2","nonNE1"
"TTGCCCGTCCCTCAGT-2","nonNE1"
"TTGCCCGTCCCTCGCA-1","Generalist NE"
"TTGCCCGTCCTAATAG-2","Neuroendocrine2"
"TTGCCCGTCTGCAAGT-2","Generalist NE"
"TTGCCCGTCTTAGCCC-1","Generalist NE"
"TTGCGAGTCAATCTAG-1","Generalist nonNE"
"TTGCGAGTCATGCAAC-2","Generalist NE"
"TTGCTCTCAAACCCTA-2","Neuroendocrine1"
"TTGCTCTCAACTGGGA-2","Generalist nonNE"
"TTGCTCTCACTTAGGC-2","Neuroendocrine2"
"TTGCTCTCAGGCGATA-1","Generalist nonNE"
"TTGCTCTCATAGCGGA-2","nonNE1"
"TTGCTTAGTACTTAGG-1","Generalist NE"
"TTGCTTAGTCATGCAA-1","Generalist NE"
"TTGCTTAGTCGAAGTC-1","Generalist NE"
"TTGCTTAGTCTCAGCC-1","Generalist NE"
"TTGCTTAGTTGGTTAG-2","Generalist NE"
"TTGCTTTAGACTTACA-2","Intermediate"
"TTGCTTTAGGGTCCAC-2","Generalist NE"
"TTGCTTTAGGTAGCTT-2","Generalist NE"
"TTGCTTTAGTCTATGA-1","Generalist NE"
"TTGGAGGCAACATAAG-2","nonNE2"
"TTGGAGGCAAGTTATC-2","Intermediate"
"TTGGAGGCACCGGCTA-2","Generalist NE"
"TTGGAGGCATCCTGAA-2","Generalist NE"
"TTGGAGGCATTAGGTT-2","Neuroendocrine1"
"TTGGATATCACAGGAA-1","Generalist nonNE"
"TTGGATATCTCAATGA-2","Generalist nonNE"
"TTGGATCAGACAAACG-1","Generalist NE"
"TTGGATCAGTCATTTC-2","nonNE1"
"TTGGATTCAATATGGA-2","Generalist NE"
"TTGGATTCACCACAAC-1","Generalist NE"
"TTGGATTCACTTCATC-2","Neuroendocrine2"
"TTGGATTCAGCAACAG-2","Neuroendocrine2"
"TTGGATTCATAGCTGC-2","Neuroendocrine2"
"TTGGCGGGTGCTGTAA-2","Generalist NE"
"TTGGCGGGTGTAACCA-2","nonNE1"
"TTGGCTACAACCGCCA-2","Generalist nonNE"
"TTGGCTACAGTAGCCT-2","Neuroendocrine2"
"TTGGCTACATATAACC-2","Neuroendocrine2"
"TTGGCTACATCAGTAT-2","Neuroendocrine2"
"TTGGCTACATTATGAC-1","Generalist nonNE"
"TTGGCTACATTGTGTG-1","Generalist NE"
"TTGGCTGAGGGCCATC-1","Generalist NE"
"TTGGCTTGTTAACGAT-2","Generalist NE"
"TTGGCTTGTTACAAAC-2","Generalist NE"
"TTGGCTTGTTGAAGCC-2","Generalist NE"
"TTGGGCCAGCACAGGG-1","Generalist NE"
"TTGGGCCAGCCTGTGA-2","Generalist NE"
"TTGGGCCAGGAGCACG-2","Generalist NE"
"TTGGGCCAGGCATTAC-1","Generalist NE"
"TTGGGCCAGTCACTAA-2","Generalist NE"
"TTGGGCCAGTTGGGCC-2","Generalist NE"
"TTGGGCGGTAGGATCC-2","Generalist NE"
"TTGGGCGGTTACGCGG-2","nonNE1"
"TTGGGCGGTTCAAGAT-2","Intermediate"
"TTGGGCGGTTCCGGGA-1","Generalist NE"
"TTGGGCGGTTGCAGTA-2","Generalist NE"
"TTGGGCGGTTGGTTGA-2","Generalist nonNE"
"TTGGGTTAGGAAGTAT-1","nonNE1"
"TTGGGTTAGGACAATG-2","Generalist nonNE"
"TTGGGTTAGGCATGAA-1","Generalist NE"
"TTGGGTTAGGCGCACT-2","Generalist NE"
"TTGGTGAGTCGTAATG-2","Generalist NE"
"TTGGTGAGTGACATAT-1","Generalist nonNE"
"TTGGTGAGTGCCGCAA-1","Neuroendocrine2"
"TTGGTGAGTTCCTGAT-2","Generalist NE"
"TTGGTGAGTTGCTGGG-1","Generalist NE"
"TTGGTGAGTTGTTCAC-2","Neuroendocrine2"
"TTGGTGAGTTTATCTG-1","Generalist NE"
"TTGTAAGTCCAAATCA-2","nonNE1"
"TTGTAAGTCTCGCCTG-1","Generalist NE"
"TTGTCAAAGAACCTGT-1","Generalist nonNE"
"TTGTCAAAGAGGAGGA-1","Generalist NE"
"TTGTCAAAGCGGATTT-2","Generalist NE"
"TTGTCAAAGGTCCTGA-2","Generalist NE"
"TTGTCAAAGGTCGAGG-1","Generalist nonNE"
"TTGTCCATCATGCTCC-1","Generalist NE"
"TTGTCCATCCGCCTCA-1","nonNE2"
"TTGTCCATCGCACACA-2","Generalist NE"
"TTGTCCATCTCCTCAA-1","Generalist NE"
"TTGTCCCAGATGCCTG-1","Generalist NE"
"TTGTCCCAGCAAACCT-1","Generalist NE"
"TTGTCCCAGCTACTGG-2","Intermediate"
"TTGTCCCAGGCTAGAA-2","Generalist NE"
"TTGTCCCAGGCTATGT-2","Neuroendocrine1"
"TTGTCCCAGGGATGCG-2","Neuroendocrine1"
"TTGTCCCAGTCATTTC-2","Generalist NE"
"TTGTCCCAGTTATCCT-1","Generalist nonNE"
"TTGTCCGGTAAGGTCC-2","Generalist NE"
"TTGTCCGGTAATCGTG-2","nonNE1"
"TTGTCCGGTCGTAAAT-1","Stress"
"TTGTCCGGTTCGCGCT-1","Generalist NE"
"TTGTGAGGTATTGAGT-1","nonNE1"
"TTGTGAGGTGCATTTC-1","Generalist NE"
"TTGTGAGGTGCGCATG-1","Generalist nonNE"
"TTGTGAGGTTATCCGT-1","Generalist nonNE"
"TTGTGAGGTTGACTTC-1","nonNE1"
"TTGTGAGGTTTAACCC-1","Generalist NE"
"TTGTGCCTCCTAAATG-2","Generalist NE"
"TTGTGCCTCGACAAAG-2","nonNE1"
"TTGTGCGAGAGAGCCG-2","Neuroendocrine1"
"TTGTGCGAGATAACCC-1","Generalist NE"
"TTGTGCGAGCCTGTTC-1","Generalist NE"
"TTGTGCGAGCGGATTT-1","Generalist NE"
"TTGTGCGAGCTATGAC-1","Generalist NE"
"TTGTGCGAGGCATTGT-2","Neuroendocrine2"
"TTGTGCGAGGTTAGAG-2","Generalist NE"
"TTGTGTGCAGATTCAT-2","nonNE1"
"TTGTGTGCATGAATCT-1","Generalist nonNE"
"TTGTGTGCATTATGAC-1","Generalist NE"
"TTGTTCCCAAAGCTCC-2","Generalist nonNE"
"TTGTTCCCAATTGACT-2","Generalist NE"
"TTGTTCCCACAGAAAC-2","Intermediate"
"TTGTTCCCACTGACTA-1","Generalist NE"
"TTGTTCCCAGCAACCT-2","Generalist NE"
"TTGTTGCGTTAACGGC-1","Generalist NE"
"TTGTTGCGTTACAACG-2","Neuroendocrine2"
"TTGTTGCGTTTATCTG-1","Generalist NE"
"TTGTTGCGTTTGCTGT-1","Generalist NE"
"TTGTTGTTCAATAGCC-2","Neuroendocrine2"
"TTGTTGTTCCAACTGG-2","Generalist NE"
"TTGTTGTTCTACTAAG-1","Neuroendocrine2"
"TTGTTGTTCTATCGCC-2","Generalist NE"
"TTGTTGTTCTCCATGC-1","nonNE1"
"TTGTTGTTCTGGCATG-1","Neuroendocrine1"
"TTGTTTGGTCAGGAAG-2","Generalist NE"
"TTGTTTGGTCGCAATA-1","Generalist NE"
"TTGTTTGGTCTTACTA-2","Neuroendocrine1"
"TTGTTTGGTGTGTGGT-2","nonNE1"
"TTGTTTGGTGTTTGCT-2","Neuroendocrine2"
"TTGTTTGGTTAGCATG-1","Generalist NE"
"TTGTTTGGTTCATTTG-1","Generalist nonNE"
"TTGTTTGGTTGCACAA-2","Generalist NE"
"TTGTTTGGTTGCTGGG-1","Generalist NE"
"TTTAACCTCATTAGCA-2","Generalist NE"
"TTTAACCTCGATATTG-1","Neuroendocrine2"
"TTTAACGAGCAATAGG-2","nonNE1"
"TTTAACGAGGAAGCTA-2","Generalist NE"
"TTTAACGAGGCAATAG-1","Generalist NE"
"TTTAACGAGGCAATAG-2","Neuroendocrine2"
"TTTAACGAGTCCTTCA-2","Generalist NE"
"TTTAACGAGTTCCTGC-2","Generalist NE"
"TTTAAGCCAAACCCTA-1","Generalist nonNE"
"TTTAAGCCAAAGCGCA-2","Generalist NE"
"TTTAAGCCAATGCCCG-1","Generalist nonNE"
"TTTAAGCCATCAGTAT-1","Generalist nonNE"
"TTTAAGCCATTAGCGC-1","Generalist nonNE"
"TTTAAGGTCAATGAGG-2","Generalist nonNE"
"TTTAAGGTCAGGTCCA-2","Neuroendocrine2"
"TTTAAGGTCATCCACC-1","Generalist NE"
"TTTAAGGTCCCATAAA-2","Generalist NE"
"TTTAAGGTCCTAATTC-2","Generalist NE"
"TTTAAGGTCGCGACAC-2","Generalist nonNE"
"TTTACGAAGCGGATTT-1","Neuroendocrine1"
"TTTACGAAGGACCTTG-2","Generalist nonNE"
"TTTACGAAGGAGCACG-1","Generalist nonNE"
"TTTACGAAGTAACGGA-2","Generalist NE"
"TTTACGAAGTGGACAA-1","Generalist NE"
"TTTACGCGTAGCTGGT-1","Generalist nonNE"
"TTTACGCGTATTGAGT-1","Generalist NE"
"TTTACGCGTCACCTAT-2","Generalist NE"
"TTTACGCGTCTAACCT-2","Generalist NE"
"TTTACGCGTTAACACG-2","Generalist NE"
"TTTACGCGTTGGTTAG-2","Generalist NE"
"TTTAGCAAGAAAGCAT-2","Neuroendocrine1"
"TTTAGCAAGACAAGTG-1","Generalist NE"
"TTTAGCAAGAGAGCCG-1","Generalist NE"
"TTTAGCAAGATTGAGG-2","Neuroendocrine1"
"TTTAGCAAGCAAACCT-2","Generalist NE"
"TTTAGCAAGCGATAAG-2","nonNE1"
"TTTAGCAAGGCATGTT-1","Generalist NE"
"TTTAGCAAGTAGCGCC-2","Generalist NE"
"TTTAGCTTCAGCACGC-2","Generalist nonNE"
"TTTAGCTTCAGGCTAT-1","Generalist NE"
"TTTAGCTTCATCCTAT-2","Generalist NE"
"TTTAGCTTCATTTGTC-1","Generalist NE"
"TTTAGCTTCCCTGTTA-1","Stress"
"TTTAGCTTCCTAATGA-1","Intermediate"
"TTTAGCTTCCTTTACG-2","Neuroendocrine2"
"TTTAGCTTCTCAATAG-1","Generalist NE"
"TTTAGCTTCTGTAATG-2","Intermediate"
"TTTAGGATCGATTTAG-1","Generalist NE"
"TTTAGGATCGTGCTTC-1","Generalist NE"
"TTTAGGATCTAATCTC-1","Generalist nonNE"
"TTTAGGATCTCGCCTG-2","Generalist nonNE"
"TTTAGGATCTTTGTAC-1","Generalist NE"
"TTTATGGAGATAGACG-1","Generalist nonNE"
"TTTATGGAGCAAGGGT-1","Neuroendocrine2"
"TTTATGGAGCCGCAGT-1","Generalist nonNE"
"TTTATGGAGGACCGCT-2","Intermediate"
"TTTATGGAGGCAGGTG-2","Generalist NE"
"TTTCACCCACAACAGG-1","Generalist NE"
"TTTCACCCAGTCTAGC-2","Neuroendocrine2"
"TTTCACCCATAGCTTG-1","nonNE1"
"TTTCACCCATGATTGT-1","Generalist NE"
"TTTCAGTTCCAAGTGT-1","Generalist nonNE"
"TTTCAGTTCCTAAATG-2","Generalist nonNE"
"TTTCAGTTCTCATCAT-1","Generalist NE"
"TTTCATCAGAGAGGAG-2","Neuroendocrine1"
"TTTCATCAGCGGATTT-1","Stress"
"TTTCCACCAACATAAG-2","Generalist NE"
"TTTCCACCACAGCCAT-2","Neuroendocrine2"
"TTTCCACCAGAAATGC-2","Generalist NE"
"TTTCCACCAGGCGATA-2","Generalist NE"
"TTTCCACCATCTTGAG-2","Generalist NE"
"TTTCCGGGTAGCTGCG-1","Generalist NE"
"TTTCCGGGTCGTAAAT-2","Generalist NE"
"TTTCCGGGTGATTTGG-1","Generalist NE"
"TTTCCGGGTGGTTATG-1","Generalist NE"
"TTTCCTGAGAAAGCAT-2","Generalist NE"
"TTTCCTGAGCAGCTCA-2","Generalist NE"
"TTTCCTGAGGCTAGAA-1","Neuroendocrine2"
"TTTCCTGAGTTTCCGC-2","Generalist NE"
"TTTCGTCCAACATAAG-1","Neuroendocrine2"
"TTTCGTCCAAGCTAAA-2","Neuroendocrine1"
"TTTCGTCCAAGCTTAT-1","Generalist NE"
"TTTCGTCCAAGGTACG-2","Neuroendocrine1"
"TTTCGTCCACAGCCTG-2","Generalist NE"
"TTTCGTCCACTAGCGT-2","Generalist NE"
"TTTCGTCCACTGACCG-1","Generalist NE"
"TTTCGTCCAGGAATCG-2","Generalist NE"
"TTTCGTCCAGTAGGTG-2","Generalist NE"
"TTTCGTCCATGCTTAG-1","Generalist NE"
"TTTCTCACACCAGGTT-2","Generalist NE"
"TTTCTTGCAAGCTTTG-1","Generalist NE"
"TTTCTTGCAATATACC-2","Generalist NE"
"TTTCTTGCAGGCCATT-2","Generalist NE"
"TTTCTTGCAGGTTCAC-2","Generalist NE"
"TTTCTTGCATTTAAGC-1","Generalist NE"
"TTTGACCGTAGCTAGC-2","Intermediate"
"TTTGACCGTATTGAGT-2","Generalist NE"
"TTTGACCGTGATTACG-2","Neuroendocrine1"
"TTTGACCGTTGGTTCT-2","Generalist NE"
"TTTGACCGTTGTCATC-1","Generalist nonNE"
"TTTGACTTCATAGCCG-1","Generalist NE"
"TTTGACTTCATTACAG-2","Generalist NE"
"TTTGACTTCATTACTC-2","Generalist NE"
"TTTGACTTCCTAGTAA-1","Generalist NE"
"TTTGACTTCGCGCTAA-1","Generalist NE"
"TTTGAGTCACTATGGC-2","Intermediate"
"TTTGAGTCAGGCTTCG-2","Generalist NE"
"TTTGAGTCATTGTGCA-2","Intermediate"
"TTTGCATTCACTTCAT-2","Stress"
"TTTGCATTCATTTGTC-1","Generalist NE"
"TTTGCATTCCCATAAA-2","Generalist nonNE"
"TTTGCATTCGCCTAAG-2","Generalist NE"
"TTTGCATTCGGCCATA-1","Generalist nonNE"
"TTTGCATTCGGTCAAT-1","Generalist nonNE"
"TTTGCATTCTTAAGTG-1","Generalist NE"
"TTTGCGACAAGTGAAC-2","Neuroendocrine2"
"TTTGCGACAATGAGGT-2","Neuroendocrine2"
"TTTGCGGAGCAGCTAT-2","Generalist NE"
"TTTGCGGAGGTCGATT-2","Generalist nonNE"
"TTTGCGGAGGTTAGAG-1","Generalist NE"
"TTTGCGGAGTTTGAGC-2","Generalist NE"
"TTTGCGGAGTTTGTCT-1","Generalist NE"
"TTTGGCTGTAATCGTG-1","nonNE1"
"TTTGGCTGTCCTAATC-2","Neuroendocrine1"
"TTTGGCTGTTAATGAC-1","Generalist NE"
"TTTGGCTGTTAGCGTA-1","nonNE1"
"TTTGGTAAGCAAACCT-1","Generalist nonNE"
"TTTGGTAAGGTAAGGC-1","Generalist NE"
"TTTGGTAAGGTCCAAT-2","Neuroendocrine1"
"TTTGGTAAGGTCCACA-2","Stress"
"TTTGGTAAGTTCCTGC-2","nonNE1"
"TTTGGTGCACAATGTT-2","Generalist NE"
"TTTGGTGCACTAAATC-2","nonNE1"
"TTTGGTGCAGGCTAAG-2","Generalist NE"
"TTTGGTGCATGCTATG-1","Generalist NE"
"TTTGGTGCATTCAGCA-2","Neuroendocrine1"
"TTTGTCCCAACAACAA-2","Generalist nonNE"
"TTTGTCCCAATCGCAC-1","Generalist nonNE"
"TTTGTCCCAGACAAAC-2","Generalist nonNE"
"TTTGTCCCATCCCGCT-1","Generalist NE"
"TTTGTCCCATTAAGCT-2","Generalist NE"
"TTTGTCCCATTAGGTT-2","Neuroendocrine2"
"TTTGTCCCATTGCGAC-1","Generalist NE"
"TTTGTCCCATTGCGGT-2","Generalist NE"
"TTTGTCTAGCCGCTAA-1","Generalist NE"
"TTTGTCTAGGAGCAAC-1","Generalist NE"
"TTTGTCTAGTAGCCAT-2","Neuroendocrine2"
"TTTGTCTAGTATTGCA-1","nonNE1"
"TTTGTCTAGTCATCCC-1","Stress"
"TTTGTCTAGTTATCCT-1","Generalist NE"
"TTTGTGAAGCCAGGTC-2","Generalist NE"
"TTTGTGAAGCTGGACC-2","nonNE1"
"TTTGTGAAGGTAGCTT-2","Neuroendocrine2"
"TTTGTGAAGGTCCTAG-1","nonNE1"
"TTTGTGAAGGTCGAGG-1","Generalist nonNE"
"TTTGTGAAGGTTTGAC-1","nonNE1"
"TTTGTGAAGTAAACCC-2","Generalist NE"
"TTTGTGAAGTCATCCC-1","nonNE1"
"TTTGTGGCAGAAACGT-1","Generalist NE"
"TTTGTGGCATGGCCCA-2","Generalist NE"
"TTTGTGTTCCCGTTGT-1","Generalist NE"
"TTTGTGTTCCTTAGGG-2","Generalist NE"
"TTTGTGTTCGGCCATA-2","Generalist NE"
"TTTGTTGGTCAAAGAA-2","Generalist NE"
