CellID,class
CTATGGCCATAACGGG-1-s1d1,CD14+ Mono
ACCACATAGGTGTCCA-1-s1d1,CD16+ Mono
AGCGCCTAGATGGACA-1-s1d1,Erythroblast
TGCCGGTAGTCGCAAT-1-s1d1,CD14+ Mono
CCTGAATAGCTTGCTC-1-s1d1,Erythroblast
CATCCCAGTCTTTATG-1-s1d1,CD14+ Mono
TAGTGAGAGCTGCACA-1-s1d1,CD14+ Mono
CCTGTTGGTTATAGCG-1-s1d1,CD16+ Mono
TTTAGCTTCTGGCTTC-1-s1d1,CD14+ Mono
AGTTATGTCTCACTCA-1-s1d1,Normoblast
GTTTGTCGTGAATCGC-1-s1d1,Erythroblast
TGTGAAACAGGATTAA-1-s1d1,CD14+ Mono
CGCAAATTCTACTAAG-1-s1d1,Erythroblast
GGTTTCCTCTTGGACG-1-s1d1,Erythroblast
ACCAGGCTCTTGGATA-1-s1d1,CD14+ Mono
AATCAGGAGCTGAGGG-1-s1d1,Normoblast
TGAGTGAAGTTAGTGC-1-s1d1,Normoblast
CTTAGTTTCCTTGCGT-1-s1d1,Erythroblast
GCATCCTTCGCTATGG-1-s1d1,CD14+ Mono
GTTAACCAGTTATTCC-1-s1d1,Normoblast
CCCGCAACAAAGCGCA-1-s1d1,CD14+ Mono
GTTTCAGCAGCACGTT-1-s1d1,Normoblast
TTGTCCATCATTAGGC-1-s1d1,CD14+ Mono
AATAACCGTCATTGAG-1-s1d1,Erythroblast
TCCAGGATCCTAACGG-1-s1d1,CD14+ Mono
CTTCGCGTCGAGCAAA-1-s1d1,Erythroblast
GGTATGTTCTAACCAA-1-s1d1,CD14+ Mono
TCAGGTCCAAACTCAT-1-s1d1,Normoblast
ATTTGCAAGGCATTAC-1-s1d1,Erythroblast
CTGGATGTCATAACTG-1-s1d1,Erythroblast
TCATCCATCCTCATCA-1-s1d1,Erythroblast
TGGATTCAGTTTCCGC-1-s1d1,G/M prog
TGCTTGCTCAATCTCT-1-s1d1,CD14+ Mono
CGATGTCCATACCCGG-1-s1d1,CD16+ Mono
CAGCCTTTCCTGTTCA-1-s1d1,Normoblast
ACGACTTAGCTACTGG-1-s1d1,Erythroblast
AGAGATTAGTGTTGCG-1-s1d1,MK/E prog
GCTTGTTGTGCGCGTA-1-s1d1,HSC
CCAGCCTGTTAGGACC-1-s1d1,Erythroblast
CTCTGTTCAAACTGTT-1-s1d1,Erythroblast
CGGGCTTAGTTGGGCC-1-s1d1,pDC
GAGTAATAGCTTAACA-1-s1d1,CD14+ Mono
ATTGGCTAGGGACCTC-1-s1d1,G/M prog
GTTTCTAGTCATCATC-1-s1d1,Erythroblast
TGATGATGTGCAACTA-1-s1d1,Normoblast
GCGCTTGCAATCCCTT-1-s1d1,Erythroblast
AGATGAAGTGAGGTGA-1-s1d1,CD14+ Mono
CAGCAAGCAATGAATG-1-s1d1,Erythroblast
ATGTAAGCAATTAAGG-1-s1d1,Normoblast
GTTAACGGTAGCTGGT-1-s1d1,CD14+ Mono
GAACACAAGTAACCAC-1-s1d1,CD14+ Mono
GGTGCTGGTACTTCAC-1-s1d1,CD14+ Mono
AGCTGCTCATTGTTGG-1-s1d1,ID2-hi myeloid prog
TAAGTGCTCTGTGAGT-1-s1d1,Erythroblast
TCCAGGATCAACAAGG-1-s1d1,CD14+ Mono
CTAAGTCAGGCTGTGC-1-s1d1,Erythroblast
GCAGGACCAAAGCGGC-1-s1d1,CD14+ Mono
AGGCAGGTCCCTCATA-1-s1d1,CD14+ Mono
CTAATAGTCCTAATAG-1-s1d1,CD14+ Mono
CGAGCGAAGCTGTACG-1-s1d1,CD14+ Mono
CAAACTGGTTCACTGT-1-s1d1,ID2-hi myeloid prog
TTACCGTGTTAGGACC-1-s1d1,CD14+ Mono
GGCTTAAGTGGTTATG-1-s1d1,Erythroblast
GGCTTAAGTACTGAAT-1-s1d1,CD14+ Mono
GGTTGCGGTTGCTTCG-1-s1d1,Proerythroblast
ACCAAGCGTGTTTGTC-1-s1d1,CD14+ Mono
CCAACCAAGGCGAATA-1-s1d1,Erythroblast
CTCACTCAGTAACCAC-1-s1d1,CD14+ Mono
AATGTCATCCAATTAG-1-s1d1,ID2-hi myeloid prog
TAAAGCCTCTAATCTC-1-s1d1,CD14+ Mono
ATGAATGCAGCAACCT-1-s1d1,CD14+ Mono
AATTGACGTTAGACCA-1-s1d1,G/M prog
CTGTTAAAGGTCCAAT-1-s1d1,Erythroblast
TAGTCAATCGGCTAGC-1-s1d1,Erythroblast
CCATAAGGTAACGAGG-1-s1d1,CD14+ Mono
GCAGCAACAGTTATCG-1-s1d1,Normoblast
AGCTATATCCTAATGA-1-s1d1,Normoblast
AATGCGCGTGGTTAGC-1-s1d1,Erythroblast
AGAAACTAGTTAGTTG-1-s1d1,CD14+ Mono
CCGCACACAACTAGCC-1-s1d1,CD14+ Mono
ATCAAGACATAAGTTC-1-s1d1,CD14+ Mono
AAGTTAGCATCGCTCC-1-s1d1,CD14+ Mono
GCGCCTTGTGCATTAG-1-s1d1,pDC
ACCAGGACACCTGGTG-1-s1d1,ID2-hi myeloid prog
CTGGACCAGCACCACA-1-s1d1,Normoblast
ATCACCCTCTGTGCAG-1-s1d1,Erythroblast
GGTCCGTAGTTGCGTG-1-s1d1,G/M prog
CGCTATGAGGCTCATG-1-s1d1,Erythroblast
GGTTCTTGTCCTTAGT-1-s1d1,CD14+ Mono
CGATTTGCACAGGATG-1-s1d1,CD14+ Mono
CAGTACCCAAAGGTAC-1-s1d1,MK/E prog
CCTTCAATCACCTGCT-1-s1d1,Proerythroblast
GCTTTGTGTTGGTTGA-1-s1d1,MK/E prog
CTAGATTCAGGAACAT-1-s1d1,ID2-hi myeloid prog
TTTGCGGAGCATGTTA-1-s1d1,CD14+ Mono
CATGCGCAGGTCCACA-1-s1d1,CD14+ Mono
CTACGAAGTTACGCGG-1-s1d1,Erythroblast
CCAGCTAAGTTTAACG-1-s1d1,CD14+ Mono
TTTGAGTCACTGGCTG-1-s1d1,HSC
TGTGCAAGTTTGAGCA-1-s1d1,Erythroblast
AACCGGCTCAACCAAC-1-s1d1,pDC
CATCCTGGTCCGCTGT-1-s1d1,CD14+ Mono
ACCAATATCTCGACCT-1-s1d1,Erythroblast
TAGCGGCTCCCGAAGC-1-s1d1,Erythroblast
GGATTCAGTGATCATG-1-s1d1,CD14+ Mono
GACTTGGTCGCGCTAA-1-s1d1,CD14+ Mono
AGCAAGGGTTTACCGT-1-s1d1,CD14+ Mono
CACAAGCGTGAGAAAC-1-s1d1,Erythroblast
TGATTCAAGGAAGTAT-1-s1d1,Erythroblast
AAGCTCCCAAGCTTTG-1-s1d1,Erythroblast
AGTAATGCAGCTAACC-1-s1d1,G/M prog
CTAGCTTGTATTGCAG-1-s1d1,Normoblast
AGCTAACTCTGTGCAG-1-s1d1,Erythroblast
GTGCTTCTCCGTCCAT-1-s1d1,CD14+ Mono
ACATAGCTCTTTAAGG-1-s1d1,Erythroblast
AGTTGCAGTACCGAAC-1-s1d1,Erythroblast
AGCTACGTCGCTCCAT-1-s1d1,Erythroblast
CGTGACATCGCTAAAC-1-s1d1,Normoblast
GGCCGTTAGTTGCGTG-1-s1d1,CD16+ Mono
CACGCAATCACGCGGT-1-s1d1,CD14+ Mono
CAGGATGCACCTCACC-1-s1d1,CD14+ Mono
TGTTGTTTCCTCACAC-1-s1d1,Normoblast
AGCTACTAGTTTGAGC-1-s1d1,Erythroblast
CTAAAGCTCATTACTC-1-s1d1,CD14+ Mono
GTAGGCGAGTCACCTC-1-s1d1,Erythroblast
TTTCAGTTCCCGAACA-1-s1d1,Normoblast
GATGGACAGGGACCTC-1-s1d1,CD16+ Mono
GGAGCATAGTAACTCA-1-s1d1,CD14+ Mono
AACGCTAGTTAGCATG-1-s1d1,CD14+ Mono
AGAGGATGTGCGCAAT-1-s1d1,Erythroblast
ACACTAATCGCATTAA-1-s1d1,CD14+ Mono
GCAAGCCTCCAATTAG-1-s1d1,Normoblast
CCTGTATGTCCCGAAG-1-s1d1,CD14+ Mono
TAACCTAAGTTTGGTA-1-s1d1,CD14+ Mono
AAGCAAGTCTAACTGA-1-s1d1,Erythroblast
TACGTAATCTCACATT-1-s1d1,Erythroblast
TCCAGCAAGGCAAGTA-1-s1d1,CD14+ Mono
ACCAGCTCATTGTGCA-1-s1d1,Erythroblast
GTGTTACAGTACTGGT-1-s1d1,CD14+ Mono
TACAGGTTCTTGACCC-1-s1d1,CD14+ Mono
TCAGCCTTCCTTAGTT-1-s1d1,Erythroblast
GCCCTCATCCGGAACC-1-s1d1,CD14+ Mono
GATGGCTGTGCTCCAC-1-s1d1,ID2-hi myeloid prog
TACCTCATCCTTTACG-1-s1d1,Erythroblast
CCCGCTTCAGCCTTGG-1-s1d1,CD14+ Mono
CACGCTAAGCAGGTGG-1-s1d1,Erythroblast
CTTACCGGTTAATGCG-1-s1d1,CD14+ Mono
TAGGAACCAATTAGCT-1-s1d1,CD14+ Mono
GGTGTGACAACACCTA-1-s1d1,HSC
GCACTTACAGTAGGAT-1-s1d1,CD14+ Mono
CACCTCAGTGCTCCGT-1-s1d1,CD14+ Mono
TAATCACCAAGGGTTG-1-s1d1,Erythroblast
CGTAACCCATCGCTTT-1-s1d1,Normoblast
GATAATCGTGCTGTAA-1-s1d1,CD14+ Mono
TGGACAAAGAAGGTGC-1-s1d1,Erythroblast
GTGCTGGGTTAGGCTA-1-s1d1,Normoblast
CTTACCTCATGTCAGC-1-s1d1,Erythroblast
TCAGTGAGTTAGGTTG-1-s1d1,Normoblast
CGACCTGCAGGCGAGT-1-s1d1,CD14+ Mono
GCGAAGCCAATCATGT-1-s1d1,Erythroblast
AAGTTAGCAATAGTCT-1-s1d1,ID2-hi myeloid prog
CGCTACTTCATGGCTG-1-s1d1,Erythroblast
AACCTAATCCTGCGAA-1-s1d1,CD14+ Mono
GATGCGACAGCTTAGC-1-s1d1,CD14+ Mono
ACCCAACCATGCAACC-1-s1d1,CD14+ Mono
ACCACATAGTTAGTTG-1-s1d1,Erythroblast
GTTGCCCGTAAGTCGC-1-s1d1,CD14+ Mono
CAGCTCAAGGCGCTTA-1-s1d1,Normoblast
TGCTAACAGGTCCGTA-1-s1d1,MK/E prog
ATGCGATTCCCTCAAC-1-s1d1,CD14+ Mono
ATGGCTGTCCTCACAC-1-s1d1,Erythroblast
ATCCCGCGTTGGTTAG-1-s1d1,CD14+ Mono
TCCATGCTCCGGAACC-1-s1d1,CD14+ Mono
GCCTGACAGCCGGTAC-1-s1d1,Erythroblast
ATGGACAAGTTGTCAA-1-s1d1,CD14+ Mono
TAAGTAGCAAGGTGCA-1-s1d1,CD14+ Mono
CCGATGCAGGTTACGT-1-s1d1,Erythroblast
TCGTTTCCACAAGCCT-1-s1d1,Normoblast
TATGACATCGTTACTT-1-s1d1,Proerythroblast
AGTCTTGCATGAAGTA-1-s1d1,Erythroblast
ATATGCATCAACAAGG-1-s1d1,CD14+ Mono
GATGCGACAATCCTAG-1-s1d1,Erythroblast
GGTTAATGTTTGCAGA-1-s1d1,CD14+ Mono
TGGGCATGTTAGGCGT-1-s1d1,CD14+ Mono
GCTCTGTTCTTGTCTG-1-s1d1,cDC2
ACGACAAAGTTAACCA-1-s1d1,Erythroblast
AGGTCCGGTTAACACG-1-s1d1,CD14+ Mono
AGCTTTAAGTCAGTAC-1-s1d1,Normoblast
CACATTAAGTATTGTG-1-s1d1,CD14+ Mono
GTCTAACAGTCAATCA-1-s1d1,HSC
GTAGGAGGTTGCATCT-1-s1d1,Erythroblast
TAGGAACCACAAACTT-1-s1d1,HSC
AAAGCTTGTGCGCAAT-1-s1d1,MK/E prog
CGCTTAACAACCTGGT-1-s1d1,ID2-hi myeloid prog
TCCTTCAAGGCGCACT-1-s1d1,CD14+ Mono
ATGAGCCGTGCTGGTG-1-s1d1,Proerythroblast
CCTAAGCCAATAATGG-1-s1d1,Erythroblast
CGCACCACAAGGTCCT-1-s1d1,CD14+ Mono
GGTCTTGAGGTGCTGC-1-s1d1,Normoblast
CGGTTTCTCCAGGTTG-1-s1d1,Erythroblast
CATCCTGGTTTGGGCG-1-s1d1,MK/E prog
TTGTCCCAGTTAGTGC-1-s1d1,Erythroblast
GCCTCCATCTCAATTC-1-s1d1,Erythroblast
CAACTAGGTTGTGACA-1-s1d1,Normoblast
CTCATTAGTGAGGTGA-1-s1d1,Proerythroblast
TTGACATCACTAGGTC-1-s1d1,CD14+ Mono
TCGACAAGTTGTTGGA-1-s1d1,Normoblast
GCCAGGAAGCATTATG-1-s1d1,Erythroblast
CGTAACTAGAGAGGAG-1-s1d1,CD14+ Mono
AGACAATAGTGACCTG-1-s1d1,CD14+ Mono
GGGAGTAGTAGGATCC-1-s1d1,Normoblast
TGTGCGGGTAATGACT-1-s1d1,Normoblast
ACAACAACATGAGCAG-1-s1d1,Erythroblast
GCCTGCTGTGCTTACT-1-s1d1,Erythroblast
TTGGATCAGTCCTGAG-1-s1d1,CD14+ Mono
AGTAATGCACAGACTC-1-s1d1,MK/E prog
TTGCATTTCATCCTGC-1-s1d1,HSC
TACTCGCTCCGCCTAT-1-s1d1,CD14+ Mono
GTGTAACTCCGTAAAC-1-s1d1,Normoblast
GTGGACACATAATGAG-1-s1d1,Erythroblast
TATCCAGCACCGGTAT-1-s1d1,G/M prog
AATGCATGTTGTTGGA-1-s1d1,CD14+ Mono
CTAGTAGGTCGTTACT-1-s1d1,CD14+ Mono
GAATTTGTCTTGAGCG-1-s1d1,CD14+ Mono
ACACTTGCATGAGTTT-1-s1d1,CD14+ Mono
GATTAGTGTAACCACA-1-s1d1,Normoblast
CCTAAGTAGAGCCGGA-1-s1d1,Normoblast
GATAACGAGATGCCTG-1-s1d1,CD14+ Mono
CGGTAACGTAACGAGG-1-s1d1,Erythroblast
CCCGTTGTCCGGAACC-1-s1d1,Normoblast
CATAGCTAGTGCTGTG-1-s1d1,Erythroblast
ACTTACTTCGCAAACT-1-s1d1,Erythroblast
GGTACTAGTGATCATG-1-s1d1,CD16+ Mono
GTGTGTTAGGCAGGTG-1-s1d1,CD14+ Mono
TCCATCATCAGCACGC-1-s1d1,Normoblast
TATTGACCAGGCCAAA-1-s1d1,G/M prog
TCGGTTACACCAGGTT-1-s1d1,Erythroblast
ATTACCCGTATCTGGA-1-s1d1,Normoblast
GCTGTACCAGGTTACC-1-s1d1,Normoblast
ACGTTGTAGCGAGTAA-1-s1d1,Erythroblast
GCAGGACCATCATGGC-1-s1d1,Normoblast
TGGACGGAGGCATGTT-1-s1d1,Erythroblast
AACCTAATCGAAGCGG-1-s1d1,Erythroblast
GGGCATGAGGACTTAC-1-s1d1,Proerythroblast
TGAGGGAGTTATGTGG-1-s1d1,CD14+ Mono
GCTTCGCGTTATAGCG-1-s1d1,Normoblast
TTAATCGAGGTCCGTA-1-s1d1,CD14+ Mono
TTATGACCAATGAGGT-1-s1d1,Erythroblast
GTAAGGTCAAGCTTAT-1-s1d1,Erythroblast
ATCCATAAGGTAAGCA-1-s1d1,Normoblast
CAATCGCCATCTTGAG-1-s1d1,CD14+ Mono
TACCTGCTCCCTCAAC-1-s1d1,Normoblast
CGCTTCTAGGGTGAAC-1-s1d1,CD14+ Mono
ATTAACCCAAAGCTCC-1-s1d1,Normoblast
GTAGCTGTCACGCATG-1-s1d1,Erythroblast
TGATTAGTCACGAATC-1-s1d1,G/M prog
CAAGTGAAGCAAGACA-1-s1d1,Erythroblast
TCCAGGTCATCAGTAT-1-s1d1,CD14+ Mono
ATCACACAGCATTTCT-1-s1d1,Erythroblast
GGAGGTTAGCACAGAA-1-s1d1,CD14+ Mono
TCATACTTCCATAAGC-1-s1d1,Erythroblast
TTTGGCTGTTGCAATG-1-s1d1,Normoblast
TCTACTAGTAACGTGC-1-s1d1,CD16+ Mono
GCCTACTTCCTAATGA-1-s1d1,Erythroblast
CGTGCTTTCGCATTAA-1-s1d1,Erythroblast
TCGTTTCCAACTGGGA-1-s1d1,CD16+ Mono
TGAGTTTCATAATCGT-1-s1d1,Erythroblast
TGATTCAAGTTCCCGT-1-s1d1,CD14+ Mono
GTCATTAAGTGGACAA-1-s1d1,Erythroblast
GATAATCGTGAGCAAG-1-s1d1,Proerythroblast
ACTCACCTCTCACATT-1-s1d1,CD14+ Mono
TCGGTTCTCCGTTAAA-1-s1d1,Erythroblast
AGTTACATCTAAGTCA-1-s1d1,CD14+ Mono
AATCTTGAGCAGCTCA-1-s1d1,Normoblast
GTAGTTTCATTGACAT-1-s1d1,CD14+ Mono
CGCTCCATCGCCTGTT-1-s1d1,cDC2
TGTGCAAGTGTGTGGT-1-s1d1,Normoblast
CCATAAATCTAAGGAG-1-s1d1,Erythroblast
AGTGATGAGGTAAGGC-1-s1d1,CD14+ Mono
GCTCTGTTCGAAGTGA-1-s1d1,Erythroblast
GACCTTTGTTAGTGAT-1-s1d1,Normoblast
GAGTTGCGTTAGGACC-1-s1d1,Erythroblast
CGATTTGCACTGGCTG-1-s1d1,pDC
ATACCTGCAGAGGGAG-1-s1d1,CD14+ Mono
GGATATTGTCACGAAC-1-s1d1,Erythroblast
CTAGTAATCAATGTCA-1-s1d1,CD14+ Mono
TTACACCGTTGTAAAC-1-s1d1,Erythroblast
GTTTCCTCATGAGCAG-1-s1d1,Erythroblast
AGTGCCGGTACCCACC-1-s1d1,Erythroblast
CGAAGAATCTGCAACG-1-s1d1,Erythroblast
GTACACCCAGCATTAT-1-s1d1,Proerythroblast
CGTTGCGCATTAAGTC-1-s1d1,CD14+ Mono
GGCTCACAGTACCGCA-1-s1d1,Normoblast
AATCCGTAGGTCCAAT-1-s1d1,Erythroblast
GGATAACCATTGCGTA-1-s1d1,Erythroblast
ATTCACTTCGACAAAG-1-s1d1,cDC2
ATGCGATTCGCTAAGT-1-s1d1,Normoblast
AAGTGAAGTTGTTGGA-1-s1d1,Erythroblast
AAGCCTTAGTCATTAG-1-s1d1,CD14+ Mono
TTGCTCTCAGCTAACC-1-s1d1,Normoblast
TACCCGGCACGAATCC-1-s1d1,CD14+ Mono
CAGCATTAGCTTCTCA-1-s1d1,CD14+ Mono
CTGTGTGAGAATGACG-1-s1d1,Normoblast
GTGGACACATAATCAC-1-s1d1,Erythroblast
CGATTATCATAGCTGC-1-s1d1,CD14+ Mono
GTTGGAGCACGGTACT-1-s1d1,Erythroblast
GCGCAATGTGTTAAAC-1-s1d1,MK/E prog
GTACTAATCGGGACCT-1-s1d1,CD14+ Mono
ACTAATCCAGCATGGA-1-s1d1,CD14+ Mono
TGAGGTGCAGCAATAA-1-s1d1,CD14+ Mono
CGATCCTTCAGGATGA-1-s1d1,CD14+ Mono
AACTCACAGTGACCTG-1-s1d1,Erythroblast
CGCAAATTCTTTGACT-1-s1d1,Erythroblast
GGTTGCATCACTTCAT-1-s1d1,CD14+ Mono
CTTCTAAGTGCAACTA-1-s1d1,ID2-hi myeloid prog
GATGACTTCGGGACCT-1-s1d1,Normoblast
ATAATGGCAGCCTAAC-1-s1d1,MK/E prog
ATTGCTCGTCAGGCCA-1-s1d1,CD14+ Mono
TTCAACCGTTACCGGG-1-s1d1,ID2-hi myeloid prog
TAGCCTCTCATGCCTC-1-s1d1,CD14+ Mono
GTTAGGCGTTAGCGTA-1-s1d1,Proerythroblast
CATGCGCAGCACTTGG-1-s1d1,Erythroblast
AAACCGGCATATTGAC-1-s1d1,HSC
TCCAGGATCGGTCAAT-1-s1d1,ID2-hi myeloid prog
ACCTGGTCAAATTCGT-1-s1d1,cDC2
CCGATGCAGCGCTAAT-1-s1d1,CD14+ Mono
TAATTGCCAAAGCTAA-1-s1d1,G/M prog
TGATTCAAGGAGGCAT-1-s1d1,ID2-hi myeloid prog
GGGTGAAGTCGCGCAA-1-s1d1,G/M prog
TATAGCCAGTAACAGG-1-s1d1,Erythroblast
CCGCAAGGTCAGGAAG-1-s1d1,CD14+ Mono
GAAAGGCTCCTCCATA-1-s1d1,Normoblast
CCGTTACTCAACAAGG-1-s1d1,Normoblast
CTAAGTCAGGAACGCG-1-s1d1,Erythroblast
CTCATTTAGGAGCATA-1-s1d1,Erythroblast
ACACCTTGTTGGTTGA-1-s1d1,Erythroblast
TTTGCGGAGAACCTAC-1-s1d1,CD14+ Mono
CGCACACAGCTTTGTT-1-s1d1,Erythroblast
TTACGTTTCAAGTGAG-1-s1d1,Normoblast
CTACTAAAGGCGCTTA-1-s1d1,Normoblast
GAGCTGCTCCGTGACA-1-s1d1,Erythroblast
ACGCTTGAGGATGATG-1-s1d1,Erythroblast
TTGACTAAGCCACAAT-1-s1d1,CD14+ Mono
TCACGGATCACACAGT-1-s1d1,Erythroblast
AGGCAATCAGTAATAG-1-s1d1,CD14+ Mono
CTGCTCCCATCCATCT-1-s1d1,pDC
ATAACGACATAGTCAT-1-s1d1,Erythroblast
ACGAACAAGCTATATG-1-s1d1,Erythroblast
CATTATGAGGACCAGG-1-s1d1,G/M prog
GGTCATTAGAATGACG-1-s1d1,CD16+ Mono
CTAGCTGAGGATTGCT-1-s1d1,Erythroblast
CGCTTCTAGTAACGAG-1-s1d1,CD14+ Mono
CTAAATGTCGCTAAGT-1-s1d1,CD16+ Mono
GATAACGAGGCAAGTA-1-s1d1,Erythroblast
TAAGGACCAATCCTGA-1-s1d1,MK/E prog
TAGCCTGAGTTTCCGC-1-s1d1,Normoblast
GACTCACCATATTGAC-1-s1d1,MK/E prog
ATCAGGTTCAATGAGG-1-s1d1,CD14+ Mono
ACCAGGACACAAAGCG-1-s1d1,CD14+ Mono
TGGTTCTGTCACAGCG-1-s1d1,HSC
ATGAAGCCATGCTCCC-1-s1d1,Erythroblast
CAAACATGTGCGCGTA-1-s1d1,CD14+ Mono
ACCTAAATCGCTTGCT-1-s1d1,ID2-hi myeloid prog
TTTCCACCAAATACCT-1-s1d1,CD14+ Mono
AACCGCTCATGTCAAT-1-s1d1,pDC
AAACGCGCATGCTCCC-1-s1d1,CD14+ Mono
TGGTCAAGTTTGCGCC-1-s1d1,Normoblast
GCCTGACAGCCAAATC-1-s1d1,Normoblast
GTACAATGTCGTAATG-1-s1d1,pDC
ACTCCTCAGGGCCACT-1-s1d1,CD14+ Mono
AAAGGAGCATTGTGAT-1-s1d1,CD14+ Mono
AGCGGATAGGCGAATA-1-s1d1,cDC2
ACTAATCCACAGGAAT-1-s1d1,CD14+ Mono
CCGCACACATGCTCCC-1-s1d1,CD14+ Mono
GCAATGTTCGTTAAGC-1-s1d1,CD14+ Mono
GACCTGCAGCCTTAAA-1-s1d1,Erythroblast
CGCCTCATCGATTCTT-1-s1d1,CD14+ Mono
TAAGGCTTCTCAATAG-1-s1d1,HSC
ATATGGTGTTAGGCGT-1-s1d1,CD16+ Mono
AGAGGAACAAGACTCC-1-s1d1,CD14+ Mono
TTAGCAGGTAATCCCT-1-s1d1,HSC
CTAATCCGTCTTGCAT-1-s1d1,CD14+ Mono
CGCGGATTCTTTAAGG-1-s1d1,Erythroblast
CGGTTGGGTACCAGGT-1-s1d1,Erythroblast
TGTTGTTTCAGCATTA-1-s1d1,CD14+ Mono
TCAAGGTTCGACCTGA-1-s1d1,CD14+ Mono
GACGCAACAGTAGCCT-1-s1d1,CD14+ Mono
GGTCAGGAGAAGGTGC-1-s1d1,pDC
GTGCTGGGTAACGGGA-1-s1d1,CD14+ Mono
CCTGCTCCAGCTACGT-1-s1d1,MK/E prog
CGACTAAGTTAGGCTA-1-s1d1,Normoblast
GGACATAAGGTTTACA-1-s1d1,Proerythroblast
CTCCCTGAGGCTACTG-1-s1d1,CD14+ Mono
GAATTTGTCGCTTCTA-1-s1d1,CD16+ Mono
TTATGACCAAACGGGC-1-s1d1,ID2-hi myeloid prog
ATGGTGCGTTAACAGT-1-s1d1,G/M prog
TGAGGGAGTGAACAAA-1-s1d1,Erythroblast
GAGATAAGTTAGACCA-1-s1d1,Erythroblast
CCTAAATCATCCTGAA-1-s1d1,Normoblast
ACTTTGTTCCTCCTAA-1-s1d1,CD14+ Mono
TGGCTATAGAAGCTAG-1-s1d1,cDC2
GCTTAAATCCGCCAAA-1-s1d1,cDC2
CCATAGCCATCAGTAT-1-s1d1,CD14+ Mono
GCTATCCTCCTTGCAC-1-s1d1,Erythroblast
AAAGGACGTTGCATCT-1-s1d1,Normoblast
CAAGGCTGTCAGGCCA-1-s1d1,G/M prog
GCCTGCTGTCAAGTAT-1-s1d1,CD14+ Mono
TATTCGTTCGCCTGTT-1-s1d1,Erythroblast
GCACTAAGTCATCAAG-1-s1d1,CD14+ Mono
CTAGTTGCAATTAGGA-1-s1d1,CD14+ Mono
CAAACCGTCTTGAGGT-1-s1d1,Erythroblast
TTTGAGTCAACTAACT-1-s1d1,CD14+ Mono
CGTTGCGCACCCACAG-1-s1d1,Normoblast
GTGAACAAGCAAGATG-1-s1d1,Erythroblast
TGCACACCATAAAGCA-1-s1d1,Erythroblast
GACGCAACAATAACCT-1-s1d1,CD14+ Mono
ATTAGTCCACTGGCCA-1-s1d1,Erythroblast
GTGCTCAAGAATGACG-1-s1d1,pDC
GTCTTGCTCGCCTGTT-1-s1d1,Erythroblast
TCTAGCGAGTTACCGG-1-s1d1,Erythroblast
AGCCGCTAGGGCCATC-1-s1d1,Erythroblast
AGTGTGGCAACTAACT-1-s1d1,CD14+ Mono
GGAACTAAGGACAATG-1-s1d1,CD14+ Mono
TTGACGTAGCCTTAAA-1-s1d1,Normoblast
CAAAGCGCAATAATGG-1-s1d1,G/M prog
GAAGCCTGTTTATCGC-1-s1d1,Normoblast
AGTAAGTAGGATTTGC-1-s1d1,Normoblast
AAACGCGCAGTAAAGC-1-s1d1,CD14+ Mono
CCGTTGCGTCTCAGCC-1-s1d1,G/M prog
GCAGCTATCTCCATAT-1-s1d1,ID2-hi myeloid prog
GATCCGTCATGAATAG-1-s1d1,MK/E prog
GTGCTCAAGCCGCTAA-1-s1d1,Erythroblast
ATGTGAGAGGATTGAG-1-s1d1,Erythroblast
TACCGTTGTTGTTGGA-1-s1d1,CD14+ Mono
ACAACATGTGAGCGAA-1-s1d1,Erythroblast
ATTGGCTAGCTTAGTA-1-s1d1,CD14+ Mono
GAGGGAGCATGTCAAT-1-s1d1,CD14+ Mono
GCAGCCAGTTGCAATG-1-s1d1,Normoblast
ATTTGCAAGGAGGCAT-1-s1d1,CD14+ Mono
GAGGAGGCATGGCCTG-1-s1d1,pDC
GGAACCACACAAAGGT-1-s1d1,Erythroblast
GGCGATACAAAGCGGC-1-s1d1,CD14+ Mono
ACCTAAATCTTGCTAT-1-s1d1,Erythroblast
TAGCTTAAGCCTGTTC-1-s1d1,Erythroblast
GCCAATAGTTGACTTC-1-s1d1,CD14+ Mono
CGTATTGCAACAGCCT-1-s1d1,CD14+ Mono
ATGTAAGCATTCCTGT-1-s1d1,CD14+ Mono
CAGAATCTCAATCTCT-1-s1d1,CD14+ Mono
AGCTGCTCATGTCGCG-1-s1d1,CD14+ Mono
AGTTTGATCGAGGAAC-1-s1d1,CD14+ Mono
GGCTTAAGTTTCCGGC-1-s1d1,ID2-hi myeloid prog
GGTCAATTCTGCAAAC-1-s1d1,MK/E prog
GTACGTAGTGTTAAAC-1-s1d1,CD14+ Mono
AGAAGGTGTGGACCTG-1-s1d1,Erythroblast
AGAAACTAGTAACTCA-1-s1d1,Normoblast
AGCAATACAATATACC-1-s1d1,Erythroblast
CATTGTAAGGAACCAA-1-s1d1,CD14+ Mono
TTTAAGGTCATGCTCC-1-s1d1,CD14+ Mono
GAGTCAAAGATAACCC-1-s1d1,CD14+ Mono
TGTCATAAGGCATTGT-1-s1d1,Erythroblast
GCTGGTTCATAGCGGA-1-s1d1,Erythroblast
TATCACGCAAGTGTTT-1-s1d1,Normoblast
CATCGCTTCAATCATG-1-s1d1,Erythroblast
ATTTGCAAGTGAACGA-1-s1d1,Proerythroblast
GGAAGCTAGGATCACT-1-s1d1,Erythroblast
AGCTATATCATAAGCC-1-s1d1,Normoblast
GCTGTACCAACTCGCG-1-s1d1,Erythroblast
GCAAGTGCAGTAAGTA-1-s1d1,Normoblast
GTGTTACAGCTGAGGG-1-s1d1,CD14+ Mono
TGTAAGTGTCAGGAAG-1-s1d1,Normoblast
GCGAAGCCAATATAGG-1-s1d1,CD14+ Mono
AAGCCTCCAGTTTACG-1-s1d1,Normoblast
GCAGGACCAAGACTCC-1-s1d1,Erythroblast
GCCACAATCCTAGTTT-1-s1d1,CD14+ Mono
GCCTGACAGGCGGGTA-1-s1d1,CD14+ Mono
GTCGAAGCATTTGCTC-1-s1d1,Erythroblast
TGGTGATTCCTCACAC-1-s1d1,Erythroblast
TGTAAGCTCCGCCTCA-1-s1d1,CD14+ Mono
TCAAGGTTCGATTCTT-1-s1d1,CD14+ Mono
GTTGCCCGTGTTTGCT-1-s1d1,Erythroblast
CGCACACAGTCAGTAC-1-s1d1,Erythroblast
CCGATGCAGAGAGCCG-1-s1d1,G/M prog
CGGCCATAGCGAAGTA-1-s1d1,CD14+ Mono
GCAAACAAGTAGAGGC-1-s1d1,ID2-hi myeloid prog
AAGACATAGACAAACG-1-s1d1,CD14+ Mono
CTTCACTCAAGCTTAT-1-s1d1,cDC2
CCTAAGGTCGCTATGG-1-s1d1,Normoblast
GCCAGGTTCAGGAACA-1-s1d1,Normoblast
GGCATGGAGGGCTAAA-1-s1d1,Erythroblast
TCGGTTTGTGGTTCTT-1-s1d1,Erythroblast
AGGTTTGGTAACCAGC-1-s1d1,CD14+ Mono
GGTCCGTAGTTAGGCT-1-s1d1,Normoblast
GTACTAGGTAGCTGCG-1-s1d1,Erythroblast
CGGTTGGGTTCCTGTG-1-s1d1,Normoblast
TAGTTTGAGTCATTGA-1-s1d1,CD14+ Mono
AACCTTAAGGCGCATC-1-s1d1,CD14+ Mono
TATGTGATCCCTCAAC-1-s1d1,HSC
TGGACCGGTGCAACTA-1-s1d1,CD14+ Mono
AGCACTAGTTTCCACG-1-s1d1,Erythroblast
TACTGGCCACTTGTTC-1-s1d1,Erythroblast
TCGGTTCTCACTCGCT-1-s1d1,Erythroblast
ATCTATGAGGCTACTG-1-s1d1,CD14+ Mono
AATGAAGGTTCCTCCT-1-s1d1,Erythroblast
AGTATAGCAATCCCTT-1-s1d1,ID2-hi myeloid prog
ACCATTAAGGCCTTAG-1-s1d1,Erythroblast
CTGTTCATCCTTGAGG-1-s1d1,G/M prog
CAATAGCTCCTCCTAA-1-s1d1,CD14+ Mono
GTGATCAGTTAGTTGG-1-s1d1,Normoblast
CCAAATCAGGCTAGAA-1-s1d1,CD14+ Mono
GAGCAAGGTAATGGCC-1-s1d1,Normoblast
CCGCAAGGTTAGAGGG-1-s1d1,MK/E prog
AACAGCAAGGCACAGG-1-s1d1,G/M prog
TTTGTCTAGCCGCAGT-1-s1d1,CD14+ Mono
GGAAGCTAGTCATGCG-1-s1d1,CD14+ Mono
TGTGTTAAGGCGGATG-1-s1d1,Erythroblast
TTGGCTGAGACTAAGG-1-s1d1,MK/E prog
GGTGAGTAGGTCCGTA-1-s1d1,pDC
TCAAGCTAGCCTGTGA-1-s1d1,Erythroblast
CCAAACTAGGCGGATG-1-s1d1,Erythroblast
TTCGTTAGTGTCACGG-1-s1d1,Erythroblast
TCAGCAAGTAGGTTGC-1-s1d1,CD16+ Mono
AGAGGATGTTGCACGG-1-s1d1,Erythroblast
AAGAATCAGGCATGTT-1-s1d1,CD14+ Mono
ACGTTACAGGGTTATC-1-s1d1,Erythroblast
CAAGGGAGTAGTTGGC-1-s1d1,Erythroblast
TATGAAGCACAGAAAC-1-s1d1,CD14+ Mono
CTGGTTTGTTTATGGG-1-s1d1,CD14+ Mono
ATATGGTGTAAACAAG-1-s1d1,Erythroblast
TTGTCAAAGCCACAAT-1-s1d1,Normoblast
GACCTTTGTATGGTGC-1-s1d1,Normoblast
ATTGACTCACTGGCTG-1-s1d1,Erythroblast
TGCTTGCTCAATCTAG-1-s1d1,CD14+ Mono
GGCTATTAGGTCCGTA-1-s1d1,CD14+ Mono
TACGTTAAGACAACAG-1-s1d1,pDC
ACAGTATGTGAGACTC-1-s1d1,G/M prog
TGTGAAACACCTGCTC-1-s1d1,Erythroblast
ACGGTACGTTTGAGGC-1-s1d1,Erythroblast
TGTGCTGAGGCAAGTA-1-s1d1,CD14+ Mono
TGTGATCAGTAAGTCC-1-s1d1,Normoblast
GCTAAGAAGGAGTCTT-1-s1d1,CD14+ Mono
GCATCCTTCGCTCACT-1-s1d1,pDC
ATGTCAATCCTCAGCT-1-s1d1,ID2-hi myeloid prog
TTAAGGACAACCGCCA-1-s1d1,CD14+ Mono
CGTCAATAGTTCCCGT-1-s1d1,pDC
GGGCATGAGCTCGCTT-1-s1d1,CD14+ Mono
TGCTCTCAGCACTAAC-1-s1d1,Normoblast
TAAGTGCTCGTTTCGC-1-s1d1,Erythroblast
TACTGACAGTGAGGGT-1-s1d1,Proerythroblast
CACAATATCGGCCATA-1-s1d1,ID2-hi myeloid prog
TGCCATTGTGGGTGAA-1-s1d1,CD14+ Mono
CGGAGTCTCAAAGGCA-1-s1d1,Normoblast
GATGCTTAGGATAAAC-1-s1d1,cDC2
TATTTGGAGCTTTGGG-1-s1d1,CD14+ Mono
CTCCGGACAGTTTCTC-1-s1d1,CD14+ Mono
GCGCTTGCAACACTTG-1-s1d1,CD14+ Mono
GGAAGTATCACACAGT-1-s1d1,Normoblast
GCGTGCTAGTGAGGGT-1-s1d1,Erythroblast
ATTGTGATCTTTGTAC-1-s1d1,Erythroblast
CCGCCAACACCTCAGG-1-s1d1,Erythroblast
GGGTTTCCAAGCTTTG-1-s1d1,CD14+ Mono
AGGTTAGAGTATTGGC-1-s1d1,Erythroblast
TGCATCCTCACAGACT-1-s1d1,Erythroblast
TTAGGCGTCCGCCTAT-1-s1d1,CD14+ Mono
AGGATGCAGTTTGCGG-1-s1d1,Erythroblast
GTGTGAGCAACCTAAT-1-s1d1,Erythroblast
AGATGAAGTGCATTTC-1-s1d1,CD14+ Mono
GCACGCTAGAACCTAC-1-s1d1,Normoblast
GGATTGCGTACCGTTT-1-s1d1,CD14+ Mono
CCTGTATGTTAAGCCA-1-s1d1,Erythroblast
GAGAACCAGGAGGGTT-1-s1d1,Erythroblast
AGTCCTTGTATTCGCT-1-s1d1,Erythroblast
CATAGCTAGCCTAACG-1-s1d1,Erythroblast
ACCCAACCAATGCCTA-1-s1d1,Normoblast
TATATCCTCACTAAGC-1-s1d1,CD14+ Mono
GCAGGAAGTTTCCACG-1-s1d1,HSC
GCTCACAAGGATTGAG-1-s1d1,CD14+ Mono
CTCGCTAGTATTTGGG-1-s1d1,Erythroblast
CAACAATGTTGGTGAC-1-s1d1,Erythroblast
GAGTGATCAATGCCCG-1-s1d1,Normoblast
TTTGGTGCACATAGCC-1-s1d1,Normoblast
TGGCCAATCAGCAAAG-1-s1d1,CD14+ Mono
GAAGGAACACAGAACG-1-s1d1,Erythroblast
TGTGGCGGTCGTAATG-1-s1d1,cDC2
TCTTTGTAGTTGGATC-1-s1d1,ID2-hi myeloid prog
TCAAACCAGGAAACTG-1-s1d1,CD14+ Mono
CTGTTAAAGTTTCCTG-1-s1d1,CD16+ Mono
CTAGATTCAGTCTAAT-1-s1d1,CD14+ Mono
TCCTTAGTCGGTTAGT-1-s1d1,Erythroblast
GTAGGATCAAGCCACT-1-s1d1,CD14+ Mono
TGATCCTGTAACAGGG-1-s1d1,CD14+ Mono
GTTTCAGCAGGATGGC-1-s1d1,Erythroblast
GAGAAACGTTATAGCG-1-s1d1,CD16+ Mono
ATAATGGCAATAAGCA-1-s1d1,Erythroblast
GCAATCTAGGCAGGTG-1-s1d1,CD14+ Mono
GAGTTACTCCGCAAGC-1-s1d1,Erythroblast
CGGTTTGAGTTAGAGG-1-s1d1,CD14+ Mono
GAAGGAACACCATATG-1-s1d1,CD14+ Mono
TTAGACTCACTTCATC-1-s1d1,CD14+ Mono
GGTACTTAGTCATCCC-1-s1d1,Normoblast
GTTTAGCAGCTTCTCA-1-s1d1,Erythroblast
AAATCCGGTCATTAGG-1-s1d1,G/M prog
CCCTTAATCATGGCTG-1-s1d1,MK/E prog
AATGTCCAGTAGAGGC-1-s1d1,ID2-hi myeloid prog
ACGTCCAAGTTGGGCC-1-s1d1,Erythroblast
ATTCCGGAGTCATTTC-1-s1d1,CD14+ Mono
GCTAAGCGTTCCGGCT-1-s1d1,MK/E prog
GCTCACAAGGTCTTGG-1-s1d1,G/M prog
AAAGCCCGTAGTAAGA-1-s1d1,Erythroblast
CGATTGAGTGCTTACT-1-s1d1,G/M prog
TCCCGGACAGTCTAGC-1-s1d1,Proerythroblast
CCTTCAGGTGCAACTA-1-s1d1,CD14+ Mono
GAGCAAATCCAGCACA-1-s1d1,Erythroblast
TACATCAAGTTTGCGG-1-s1d1,Normoblast
GTGGTTAGTCAGGCAT-1-s1d1,Normoblast
TGGCTATAGTGAACAG-1-s1d1,CD14+ Mono
TTGGATTCACCCACCT-1-s1d1,CD14+ Mono
ATGTGAGAGGATTGCT-1-s1d1,Erythroblast
CGCTAACCAAATTCGT-1-s1d1,CD14+ Mono
TGTAAGTGTCTATCGT-1-s1d1,Erythroblast
GTGGTTAGTTGCATCT-1-s1d1,CD14+ Mono
TCTCAAGCATGAATAG-1-s1d1,CD14+ Mono
CCTACTGGTCTCACTG-1-s1d1,Normoblast
AAGTCTATCATAACTG-1-s1d1,Erythroblast
ATTCAACCACTTCACT-1-s1d1,Erythroblast
GCAATCTAGATGGACA-1-s1d1,CD14+ Mono
GATCAAGAGTAACGAG-1-s1d1,Erythroblast
CTAGGCGGTAGCCTAA-1-s1d1,Erythroblast
GTCGAGGAGGCGGATG-1-s1d1,CD14+ Mono
CGAAGCGAGGCTAATC-1-s1d1,cDC2
TTAGGCGTCTTGCAGG-1-s1d1,Erythroblast
CCACAATAGTTAGACC-1-s1d1,Normoblast
TATTTGGAGGTCCAAT-1-s1d1,MK/E prog
GCTATCCTCACGAATC-1-s1d1,Erythroblast
GGGTTACGTGTTAAAC-1-s1d1,Erythroblast
GCCAATAGTTAATGAC-1-s1d1,CD14+ Mono
GTACAATGTTTATTCG-1-s1d1,Proerythroblast
GCCTCGACATTGTTGG-1-s1d1,Normoblast
CTCACAACATTGCAGC-1-s1d1,pDC
TTGGGCCAGTCCTTTG-1-s1d1,CD14+ Mono
GTTAGGCGTCTTGCAT-1-s1d1,CD14+ Mono
AGGCGGATCGCATTAA-1-s1d1,CD14+ Mono
TAACCTAAGGCATTAC-1-s1d1,CD14+ Mono
CGTAATGGTCGCGCAA-1-s1d1,CD14+ Mono
CATAGTCAGACAGGTA-1-s1d1,Erythroblast
GACGCCTAGTTTGCGG-1-s1d1,CD14+ Mono
TAAGCTGGTTCGCGCT-1-s1d1,Proerythroblast
GTATTCAAGTTAGTGC-1-s1d1,MK/E prog
GATTCATCACCTATAG-1-s1d1,Normoblast
GGTTACTAGTTATGTG-1-s1d1,Normoblast
GTTACTCGTTAGCAGC-1-s1d1,CD14+ Mono
TCCGGAATCGGTCAAT-1-s1d1,CD14+ Mono
AGCTACGTCTTAATGG-1-s1d1,CD14+ Mono
CGACCTGCAGCTCATA-1-s1d1,CD14+ Mono
GTTAAGCTCTCGCCTG-1-s1d1,CD16+ Mono
CGGAGCAAGTCATTAG-1-s1d1,Normoblast
AGTACGCGTTAGCAGC-1-s1d1,Normoblast
AGGTTGCGTTGGTTCT-1-s1d1,Erythroblast
GGTGTCCAGTTGTCAA-1-s1d1,Normoblast
CGTAGCGGTGCCTCAC-1-s1d1,CD14+ Mono
GCAAACTTCCCGAACA-1-s1d1,Erythroblast
GTTAAGCTCTTAATGG-1-s1d1,CD14+ Mono
AGTTGTCAGGACAACA-1-s1d1,Normoblast
GGTTATATCGGTCAGC-1-s1d1,CD16+ Mono
AAGTTAGCAGGTTAAA-1-s1d1,CD14+ Mono
CGCAATTAGGGACTAA-1-s1d1,Erythroblast
TTGCTCTCAACTGGGA-1-s1d1,ID2-hi myeloid prog
ACCAAGTTCCCGCAAA-1-s1d1,ID2-hi myeloid prog
AAGGATCCATAGACCC-1-s1d1,cDC2
TGCTTGTGTGATTACG-1-s1d1,Erythroblast
ACCAAGTTCCCATAGG-1-s1d1,Normoblast
CAATGTCAGGATTGCT-1-s1d1,cDC2
CGTCCTAGTGCATTTC-1-s1d1,CD14+ Mono
AATTGTGTCGAGGAAC-1-s1d1,CD14+ Mono
GGATGAATCATGAGCT-1-s1d1,Erythroblast
CCGTTATGTCCGTGAG-1-s1d1,Proerythroblast
CTTCGCGTCCTAGTTT-1-s1d1,CD14+ Mono
TGAACAGAGAGCCGCT-1-s1d1,CD14+ Mono
TGATGATGTCCTAACT-1-s1d1,Erythroblast
AAGTGAAGTGAGAAAC-1-s1d1,CD14+ Mono
CATGAGGCAGCATGTC-1-s1d1,G/M prog
AGTTTGCAGGGCTAAA-1-s1d1,Normoblast
CCACACAAGCTGGCTA-1-s1d1,Erythroblast
GACAATACATGACTAT-1-s1d1,pDC
CTGTTTAGTTCCGGCT-1-s1d1,Erythroblast
GATCGAGCAAGCCACT-1-s1d1,CD14+ Mono
CTGTTTAGTTAAGCGC-1-s1d1,CD14+ Mono
GTGAACAAGGCTACAT-1-s1d1,Erythroblast
ATTTAGGTCAGGTTTA-1-s1d1,Erythroblast
CCCAAACCAGGCATCT-1-s1d1,pDC
TTAGCAGGTCCCGAAG-1-s1d1,CD14+ Mono
GGAATCTTCACATTGA-1-s1d1,Erythroblast
TTAGGCTAGCTTATGA-1-s1d1,Normoblast
GCGCTTAAGTTGTCTT-1-s1d1,Erythroblast
GAGCCTTCAAACATAG-1-s1d1,CD14+ Mono
GCATGAGCACACAATT-1-s1d1,CD14+ Mono
GTACACCCACTCGCTC-1-s1d1,Normoblast
CTTGCGCGTCATAAGT-1-s1d1,CD14+ Mono
CAAAGCGCAAGGTCGA-1-s1d1,Erythroblast
TATGGTCAGAAGGTGC-1-s1d1,Normoblast
CGTTTCTCACAAGCCT-1-s1d1,CD14+ Mono
ACGCCACAGTCATTAG-1-s1d1,Normoblast
TGCATTAAGGCATTAC-1-s1d1,CD14+ Mono
CTAACCACAACCCTAA-1-s1d1,Erythroblast
CTAATCCGTCAAGTGC-1-s1d1,Erythroblast
AGGTTGCGTTATCGAG-1-s1d1,CD14+ Mono
AGTAGGATCCATAAGC-1-s1d1,MK/E prog
CTGGTTACAGTTTACG-1-s1d1,CD14+ Mono
ACTAAAGCATCAATCG-1-s1d1,Erythroblast
GCCTGTGCATTGTGGC-1-s1d1,Normoblast
TATTAGCCATTGTGAT-1-s1d1,CD14+ Mono
ATTGCTCGTTGCAGTA-1-s1d1,G/M prog
GCCAGGTTCCTTGCGT-1-s1d1,Normoblast
CGGTTTGAGCTCAAAC-1-s1d1,Erythroblast
GCCCTCATCATGCTTT-1-s1d1,CD14+ Mono
CCTATATTCCAAGTGT-1-s1d1,Normoblast
TATGACTCACAATTAC-1-s1d1,Erythroblast
CCCAGTTTCGAGGAAC-1-s1d1,CD14+ Mono
CTAGATTCAGTTAGCC-1-s1d1,G/M prog
ACTAAAGCAACAGCCT-1-s1d1,CD14+ Mono
CTGGATGTCCCTCAAC-1-s1d1,Erythroblast
GTATTGTCAGTAAGTA-1-s1d1,Normoblast
CGCTGTGCATTAAGTC-1-s1d1,Erythroblast
CGCATTACAGCAAGTG-1-s1d1,MK/E prog
GTTGGAGCAAGCGATG-1-s1d1,Erythroblast
GGCGGTTTCTTGCAGG-1-s1d1,CD14+ Mono
AATCGCCCAAATACCT-1-s1d1,CD14+ Mono
GCCTCGACAGTTGCGT-1-s1d1,Erythroblast
GTCATTAAGCGGCTGT-1-s1d1,Erythroblast
CGCACACAGCCGCAGT-1-s1d1,Erythroblast
GCTTTCATCCGCCAAA-1-s1d1,Normoblast
AACATCATCTACCTCA-1-s1d1,CD14+ Mono
GAAGCTAAGTCAATTG-1-s1d1,CD14+ Mono
GCTGACATCGGTCAGC-1-s1d1,G/M prog
CCATTATTCTGGCAAT-1-s1d1,CD14+ Mono
AGTCAGGCAAACGGGC-1-s1d1,CD14+ Mono
GTGCATTAGTATCGCG-1-s1d1,Erythroblast
TTAAGTGTCTGGTCCT-1-s1d1,CD14+ Mono
GCTGCAATCTCCATGC-1-s1d1,Erythroblast
GGCCTTCGTTAAGTGT-1-s1d1,CD14+ Mono
TGTATCGCATAATGTC-1-s1d1,Erythroblast
GAAGTCAAGCTGTCAG-1-s1d1,Erythroblast
TGAGGCACAGCCTGCA-1-s1d1,CD14+ Mono
GGCGTTATCGAGGAGT-1-s1d1,Erythroblast
AATTCGTCACAGACTC-1-s1d1,MK/E prog
ACAGCCGGTACTGAAT-1-s1d1,Erythroblast
GGCAATCGTCCACAAA-1-s1d1,Erythroblast
GCTGTGCAGCTAAGTC-1-s1d1,Normoblast
GCCCGTTGTAATAACC-1-s1d1,Erythroblast
AATCATGTCAACAAGG-1-s1d1,CD14+ Mono
TAGCTAGGTAAAGCGG-1-s1d1,Erythroblast
TCGTCAACAAAGCCTC-1-s1d1,Erythroblast
ATCAATCCAGCATGTC-1-s1d1,Erythroblast
GTTTATCTCGTGCCTT-1-s1d1,cDC2
TATTAGGTCAAGTGAG-1-s1d1,Normoblast
GCCAATAGTCGTAATG-1-s1d1,Erythroblast
AGTTACTCACCCTCAC-1-s1d1,CD14+ Mono
AAACCGGCATTGGGAG-1-s1d1,Erythroblast
CAGTACCCATAAGTTC-1-s1d1,Erythroblast
CAAACATGTCCTAAGA-1-s1d1,Normoblast
TACCGAAGTTCGCTCA-1-s1d1,Proerythroblast
GGTATGTTCGATTCTT-1-s1d1,Normoblast
TGCAATATCCGTAAAC-1-s1d1,CD14+ Mono
GGGCGAATCTCAATGA-1-s1d1,Erythroblast
AATTGACGTCATAACG-1-s1d1,Erythroblast
TGGTCATAGGCTGTCA-1-s1d1,Proerythroblast
AGGACGTAGAATCTCA-1-s1d1,Erythroblast
ACCATTAAGAACCTGT-1-s1d1,Proerythroblast
GAGCGGTCAAGGTGCA-1-s1d1,CD14+ Mono
AAAGGTTAGTTTAACG-1-s1d1,CD14+ Mono
CATCCTGGTTTAACGG-1-s1d1,Normoblast
GATTCAGGTACGCGCA-1-s1d1,CD14+ Mono
CGCCACACAACACTTG-1-s1d1,ID2-hi myeloid prog
TGGTGCATCAAAGGCA-1-s1d1,CD14+ Mono
AGCATTTCATAGCGGA-1-s1d1,CD14+ Mono
CCCAATTGTAAGGTCC-1-s1d1,Erythroblast
CCTGTAACAGTTTGGC-1-s1d1,CD14+ Mono
AACATTGTCGCTAAGT-1-s1d1,Erythroblast
TACGTACAGGTTTGCG-1-s1d1,HSC
CTACAACAGCTCAATA-1-s1d1,CD14+ Mono
CGAAGTAAGGGACCTC-1-s1d1,Erythroblast
GTCATGAGTTGCGGAT-1-s1d1,Erythroblast
ACCTTGTGTGATCAGC-1-s1d1,Normoblast
CAAGGCTGTTGTGATG-1-s1d1,CD14+ Mono
CTTGTTCCAACTGGGA-1-s1d1,G/M prog
AACTACTCAAGCTTAT-1-s1d1,Erythroblast
TCCTGTTCAAATATCC-1-s1d1,CD14+ Mono
GGTTCCCGTCGTAAAT-1-s1d1,pDC
AGTGAACCATTCCTGT-1-s1d1,Erythroblast
GTGCGGTTCATAGACC-1-s1d1,CD14+ Mono
GCTTAACAGGTGCTGC-1-s1d1,G/M prog
GTGGATGCATAGGCGA-1-s1d1,Erythroblast
TGATGAACAGTAATAG-1-s1d1,Erythroblast
TAGCCGGGTTTGACCT-1-s1d1,Erythroblast
CTTTATGGTCACGAAC-1-s1d1,CD14+ Mono
ATTTGCGCAAGGCCAA-1-s1d1,HSC
GATGACTTCCAGGTCA-1-s1d1,Erythroblast
GGTGCTGGTCAAACTG-1-s1d1,CD14+ Mono
GTAGTTATCCGTTATT-1-s1d1,Erythroblast
GCAGCAACAGGGAGGA-1-s1d1,Erythroblast
GGCTAGTGTTCCATTA-1-s1d1,CD14+ Mono
AACAGGATCCTCCATA-1-s1d1,ID2-hi myeloid prog
ATGGCTGTCATAGCCG-1-s1d1,pDC
GCGAGTGAGTAGCGGG-1-s1d1,Erythroblast
TACAATGTCCTTAGTT-1-s1d1,CD14+ Mono
TTGCTTAGTGACCTGG-1-s1d1,CD14+ Mono
CATAATCCATGGTTAT-1-s1d1,CD14+ Mono
TCCTCACAGGTGCGGA-1-s1d1,Erythroblast
ATTACTGAGGAACACA-1-s1d1,CD14+ Mono
GGATTGCGTCGTTATC-1-s1d1,CD14+ Mono
TGAGGAGGTGTAACCA-1-s1d1,Erythroblast
CCCTCATAGCTTATGA-1-s1d1,Erythroblast
GAGCTGCTCACAGGAA-1-s1d1,Normoblast
TACTGGCCAACTGGCT-1-s1d1,CD14+ Mono
AGTAGCTTCGTTATCT-1-s1d1,Normoblast
GACCTAAGTTGGATAT-1-s1d1,Erythroblast
AGGCAGGTCAGGATGA-1-s1d1,Erythroblast
GGGTCAACAGGATGGC-1-s1d1,pDC
GTGATCAGTTAGACCA-1-s1d1,CD14+ Mono
TGGCTAAGTAAGCACC-1-s1d1,ID2-hi myeloid prog
ATAGATGCACTTACAG-1-s1d1,Normoblast
GCTTTACGTACCAGGT-1-s1d1,Erythroblast
TGTTCATTCCAACTGG-1-s1d1,CD14+ Mono
TTTGACTTCTCCATGC-1-s1d1,Erythroblast
GGATTATGTGAGCAAG-1-s1d1,G/M prog
GTCATCCTCCGCCTAT-1-s1d1,Normoblast
TAGGAGGGTCTCACTG-1-s1d1,cDC2
GGAGGTTAGCGCTCAA-1-s1d1,Normoblast
GCCCGTTGTCCACAAA-1-s1d1,CD14+ Mono
GGTGAGGTCATGGTGT-1-s1d1,Erythroblast
CCTATTGTCCTAAGGT-1-s1d1,Normoblast
GAGGTGAGTTGCTGGG-1-s1d1,CD14+ Mono
CGCAAATTCAAATCGC-1-s1d1,CD14+ Mono
GACCTGCAGCCTGGTA-1-s1d1,Erythroblast
GTGGCTTCAAGTTATC-1-s1d1,Erythroblast
CGGTGAGAGCAGGTGG-1-s1d1,CD14+ Mono
CTAACCTGTGAGAAAC-1-s1d1,Erythroblast
CATCCTCAGCGATACT-1-s1d1,CD14+ Mono
CGTCCTAGTCAAGTAT-1-s1d1,Erythroblast
AATTAGGCACAACAAA-1-s1d1,CD14+ Mono
GCGTTTCTCTTGAGCG-1-s1d1,CD14+ Mono
GAAGTATAGGCACAGG-1-s1d1,CD14+ Mono
AATGGCGCAAACTAAG-1-s1d1,ID2-hi myeloid prog
GAGGTTAAGTTTCCGC-1-s1d1,CD14+ Mono
AGCATTTCACAATGTT-1-s1d1,Erythroblast
AAGCAAGTCCCTCAAC-1-s1d1,Normoblast
GTAGGTGCATAAGCAA-1-s1d1,CD14+ Mono
GCAGCAACACCAGCAT-1-s1d1,Normoblast
ACACCTTGTGCTCACC-1-s1d1,MK/E prog
CTCTAAGCAGAAATGC-1-s1d1,Erythroblast
CCAGCTGCAAGTGAAC-1-s1d1,Erythroblast
ATTGTCCGTTGCGCGA-1-s1d1,CD14+ Mono
AGGAACGGTTGCACAA-1-s1d1,CD14+ Mono
TGGACAAAGCTTAGCG-1-s1d1,CD14+ Mono
CTTGTTTAGTGCACGC-1-s1d1,CD14+ Mono
TCCATCATCCTGTTCA-1-s1d1,Erythroblast
ACGTTGTAGCTAAGTC-1-s1d1,Erythroblast
GTTGCATAGCCTGAGC-1-s1d1,Erythroblast
CGTAATGGTAAAGCGG-1-s1d1,ID2-hi myeloid prog
AGTGATGAGCTGTACG-1-s1d1,CD14+ Mono
GTTGCATAGGAACGGT-1-s1d1,CD14+ Mono
TCGACAAGTAGGTTTG-1-s1d1,CD14+ Mono
TGCGATTAGGAACACA-1-s1d1,Erythroblast
TGATCAGGTCCTTCTC-1-s1d1,CD16+ Mono
TGGCCATCAGGCCAAA-1-s1d1,CD14+ Mono
ACCTACCTCGGTTCCT-1-s1d1,CD14+ Mono
TAAGTGCTCCACAATA-1-s1d1,Normoblast
CGTGTTACATCATGGC-1-s1d1,CD14+ Mono
ACACTTGCACCTGCCT-1-s1d1,G/M prog
GAGTGTTTCCCTTGCG-1-s1d1,Erythroblast
CCCAGTTTCCGTAAAC-1-s1d1,Erythroblast
GAGCCACTCGCTAAGT-1-s1d1,CD14+ Mono
TCTAACCGTAAACAAG-1-s1d1,Erythroblast
TGAGAACCAGCAATAA-1-s1d1,Erythroblast
ACACTAGGTGGACATC-1-s1d1,CD14+ Mono
AAACGTACACCTACTT-1-s1d1,CD14+ Mono
GTAGCTGTCAAGCCTG-1-s1d1,Normoblast
GAGTGAGGTGCATTAG-1-s1d1,Erythroblast
GTTACTAAGGCTAGAA-1-s1d1,Erythroblast
CTTGCATGTGATCAGC-1-s1d1,CD14+ Mono
GCAGGCTTCCTTAAGA-1-s1d1,CD14+ Mono
GCCTTTGGTCATCCTG-1-s1d1,Erythroblast
GTCTAACAGTCCTTTG-1-s1d1,CD14+ Mono
CGAACCGGTTAATGCG-1-s1d1,Erythroblast
CATCCTGGTCATCCTG-1-s1d1,Erythroblast
TCATTGCGTCGTAAAT-1-s1d1,CD14+ Mono
ACTCACTGTAAATTGC-1-s1d1,CD14+ Mono
AACTCACAGGACTTAC-1-s1d1,Erythroblast
GAGCCTTCACGAATCC-1-s1d1,CD14+ Mono
GCAAGTCGTATTCGTC-1-s1d1,Erythroblast
AATGTCCAGGAGCACG-1-s1d1,Erythroblast
AAGACCAAGGCTACAT-1-s1d1,CD14+ Mono
GATGACTTCGGTTAGT-1-s1d1,CD14+ Mono
TTGTTCCCACCTACGG-1-s1d1,CD14+ Mono
TGCTTGTGTTATAGCG-1-s1d1,Erythroblast
GGTTATGGTAGCTAAT-1-s1d1,CD14+ Mono
GTTGGCCAGTTATGTG-1-s1d1,pDC
TTGTCCGGTCCTAATC-1-s1d1,Normoblast
AACCGCTCATTAGGTT-1-s1d1,CD14+ Mono
CTTAACAAGCGCAATT-1-s1d1,Erythroblast
CAAGTATGTTTCCACG-1-s1d1,Normoblast
GAGGCAAGTTTGCTGT-1-s1d1,CD14+ Mono
CGGTAACGTAAAGCGG-1-s1d1,CD14+ Mono
GCTTCGCGTTGCTTCG-1-s1d1,CD14+ Mono
AAAGGACGTTTCCGGC-1-s1d1,CD14+ Mono
GCTATTGCAACAGGTG-1-s1d1,CD14+ Mono
AATGCAACAGGCTGTT-1-s1d1,CD14+ Mono
CAAGGTAAGCATTATG-1-s1d1,Normoblast
TGTTCCTCAGGCTTGT-1-s1d1,Normoblast
GTTTAACCAATAGCAA-1-s1d1,Erythroblast
GAGTGATCAGGTCCTG-1-s1d1,Proerythroblast
GTGCGGTTCAGTGAAG-1-s1d1,Erythroblast
ACACCTTGTTGTCATC-1-s1d1,G/M prog
GCTCTGTTCCCTCAGT-1-s1d1,ID2-hi myeloid prog
TAGCTTGCACCACAAC-1-s1d1,CD14+ Mono
ATGAATGCAGCTTAGC-1-s1d1,Erythroblast
CACATTAAGGGCCATC-1-s1d1,Erythroblast
CCGCAAATCTCACAAA-1-s1d1,Erythroblast
GCGCAATGTTAGGTGC-1-s1d1,Erythroblast
GTTACTAAGCGAAGTA-1-s1d1,CD14+ Mono
CTCCGGACAGCAAGGC-1-s1d1,CD14+ Mono
GCAAACAAGGGATGCG-1-s1d1,Erythroblast
GGCGGTTTCCTAAATG-1-s1d1,CD14+ Mono
GTGAACAAGGCCGGAA-1-s1d1,Erythroblast
CCTAGTTGTCGTAATG-1-s1d1,CD14+ Mono
AGTAATCGTTCCGGGA-1-s1d1,Normoblast
ATCGCCCGTATACTGG-1-s1d1,Normoblast
CGAATCTAGCTTCCCG-1-s1d1,Normoblast
GGGCGAATCGGTCAGC-1-s1d1,CD14+ Mono
TGTGGCCAGTTAGTGC-1-s1d1,CD14+ Mono
TGGACTAGTCCGCTGT-1-s1d1,Erythroblast
AGCGATTTCAAATCGC-1-s1d1,CD14+ Mono
GGATTTATCTCAATTC-1-s1d1,Erythroblast
CCGTTATGTGGGTGAA-1-s1d1,Normoblast
CCATAATCATGACTAT-1-s1d1,Normoblast
AGGCGGATCCTGAATA-1-s1d1,CD14+ Mono
AGGACGTAGGAGTAAT-1-s1d1,CD14+ Mono
CTAATCGCAATGAAGC-1-s1d1,Erythroblast
CGAAATGAGCTTGCTC-1-s1d1,CD14+ Mono
ATGTAACGTGACATGC-1-s1d1,CD14+ Mono
ATGACCAGTGTCACGG-1-s1d1,Erythroblast
AAGTAGCCACCTGCCT-1-s1d1,Normoblast
CCAAGTTAGGTAGCTT-1-s1d1,Normoblast
TACAAGCTCCCATAAA-1-s1d1,CD14+ Mono
CCGGTTAAGTAGAGGC-1-s1d1,Erythroblast
CGAGCGAAGCCTGGTA-1-s1d1,CD14+ Mono
ATAGATGCAGCCAGTT-1-s1d1,G/M prog
GATGAGGGTTGGTTAG-1-s1d1,pDC
GCAATCTAGCTTCCCG-1-s1d1,cDC2
GCCTTTATCTTAGGAC-1-s1d1,CD14+ Mono
TCATGTTTCTGTGCAG-1-s1d1,Erythroblast
GCAGGAAGTAATGGAA-1-s1d1,G/M prog
TATGACATCCCTGGTT-1-s1d1,CD14+ Mono
ATTAGGTGTCAACAAT-1-s1d1,Erythroblast
CCTGGATCAGGCTAGA-1-s1d1,Erythroblast
TTGACATCAACCTAAT-1-s1d1,Erythroblast
CCCGTTGTCATTGACA-1-s1d1,CD14+ Mono
TGCATCCTCAGCTAAC-1-s1d1,MK/E prog
CTCATTTAGACTCGCA-1-s1d1,CD14+ Mono
TGTCCTGGTACTTCAC-1-s1d1,Normoblast
GGATTGCGTGAGAAAC-1-s1d1,MK/E prog
GAGGCAAGTAATGGAA-1-s1d1,CD14+ Mono
CGATTTGCAGGATAAC-1-s1d1,CD14+ Mono
GAGTTGCGTTTATGGG-1-s1d1,CD14+ Mono
GATGCAGCACCTCAGG-1-s1d1,CD14+ Mono
CTTCAGGAGGCGCATC-1-s1d1,CD14+ Mono
ATTTAGCCACAACCTA-1-s1d1,Erythroblast
ATCCCGCGTGTTAAAC-1-s1d1,HSC
AAGCGCTGTAACTACG-1-s1d1,Erythroblast
CTAACCACATCTAGCA-1-s1d1,Erythroblast
GAGTTGCGTAGCCTAA-1-s1d1,CD14+ Mono
TGCGATTAGTGGACAA-1-s1d1,Normoblast
TTGTGTGCATTGTGCA-1-s1d1,CD16+ Mono
CCATAATCACAGGAAT-1-s1d1,Erythroblast
TTGCTTAGTAGTAAGA-1-s1d1,CD14+ Mono
GCTGAGGAGCCTCTCG-1-s1d1,Normoblast
TTGTGAGGTCCTAATC-1-s1d1,CD14+ Mono
GTAGTTATCTCGACCT-1-s1d1,Erythroblast
CAACTAGGTTCAAGAT-1-s1d1,CD14+ Mono
TGCTTGTGTATTACCC-1-s1d1,Normoblast
GAGTGAGGTAGTCAAT-1-s1d1,G/M prog
AAGCCACGTTAGCGTA-1-s1d1,CD14+ Mono
ACGACAAAGAACCTGT-1-s1d1,CD14+ Mono
CTTGTAAAGATGCCTG-1-s1d1,CD14+ Mono
AAGCTATGTAATGGAA-1-s1d1,Normoblast
CACCTGTTCAGCAAAG-1-s1d1,Erythroblast
CAAACGCGTATTGGTG-1-s1d1,G/M prog
CTATTCAGTGCAACTA-1-s1d1,Normoblast
AGCTACGTCTACCTCA-1-s1d1,CD14+ Mono
CCAGCCTGTACCGGAT-1-s1d1,Normoblast
CTGCTATGTTTAGTCC-1-s1d1,Erythroblast
ACTAACGGTTATGTGG-1-s1d1,CD14+ Mono
AGCAATACAGCGCTTG-1-s1d1,G/M prog
CTCACACTCCGTTAAA-1-s1d1,CD14+ Mono
ATAAGCCTCTTGGATA-1-s1d1,CD14+ Mono
CTGCTCCCAAGCTAAA-1-s1d1,CD14+ Mono
CCTTATGTCATTACTC-1-s1d1,Normoblast
ATTCAACCATCCTAGA-1-s1d1,CD14+ Mono
TGTAACTCACAAACTT-1-s1d1,pDC
GTTCCTGGTCTAACAG-1-s1d1,Erythroblast
CTCACACTCTTAGTGA-1-s1d1,Erythroblast
TGGACTAGTTGTGACA-1-s1d1,HSC
CAAGTGAAGGCCTAAT-1-s1d1,CD14+ Mono
GAGAAACGTTGAAGCC-1-s1d1,CD14+ Mono
TAGTTGTCAACCGCCA-1-s1d1,G/M prog
AGTTGCAGTAATAACC-1-s1d1,Normoblast
TCCAGCAAGTTGCCTC-1-s1d1,CD14+ Mono
GTTGCGGGTCAATGTG-1-s1d1,ID2-hi myeloid prog
CGCTATGAGGTTACAC-1-s1d1,MK/E prog
CTACTTAGTGACCTGG-1-s1d1,Erythroblast
GTGCCTTTCAAACACC-1-s1d1,Normoblast
CGTCCTAGTTCAAGAT-1-s1d1,CD14+ Mono
TCAGGTTAGAACCTAC-1-s1d1,Normoblast
GGCAGGATCCTTAGTT-1-s1d1,CD14+ Mono
AGCGTGCTCTGTAAGC-1-s1d1,Erythroblast
TCTAGCCTCCTTTACG-1-s1d1,CD14+ Mono
TAGTGTGGTTCATCTA-1-s1d1,Erythroblast
AGGTTAGAGGACCTGC-1-s1d1,Erythroblast
TTAGGCGTCTTCAATC-1-s1d1,Erythroblast
GATCAGGCATTAGGTT-1-s1d1,CD14+ Mono
GCAAACCGTTAGACCA-1-s1d1,CD14+ Mono
ATGGCCGGTCAGTAAT-1-s1d1,Erythroblast
GGTGAGTAGGACCTTG-1-s1d1,Erythroblast
AGATGCTTCTCAATAG-1-s1d1,Erythroblast
CCTAAGGTCCACCTTA-1-s1d1,Erythroblast
ACAGGAATCTCAATTC-1-s1d1,CD14+ Mono
ACGCCACAGCCGCAGT-1-s1d1,Normoblast
AGCTAGTTCGACCTGA-1-s1d1,Erythroblast
GAGCCACTCACCAATA-1-s1d1,Erythroblast
AGCAAGGGTTAACGGC-1-s1d1,CD14+ Mono
TTTAGGATCCTCACAC-1-s1d1,CD14+ Mono
TCGCTAACACAGACTC-1-s1d1,G/M prog
GTCTTGCTCTTGCATT-1-s1d1,G/M prog
CCGTTTGGTTCCTGAT-1-s1d1,Erythroblast
CTCTAGCTCCTAATTC-1-s1d1,Normoblast
ACTTACAAGTGAACAG-1-s1d1,CD14+ Mono
GCGCTTGCAGGAACTG-1-s1d1,CD14+ Mono
TCTATGTTCAATCATG-1-s1d1,CD14+ Mono
GTCTATCGTAGACAAA-1-s1d1,CD14+ Mono
TTTCACCCACTAGGTC-1-s1d1,ID2-hi myeloid prog
AATGTCCAGGCGCTTA-1-s1d1,Erythroblast
CTCTAGCTCCTTCAAT-1-s1d1,CD14+ Mono
CTTGTTTAGCCGCAGT-1-s1d1,Normoblast
GTTCCCAGTTCCGGCT-1-s1d1,Proerythroblast
GGTGAGTAGACTTATG-1-s1d1,CD14+ Mono
CGAGCTGGTGCAATGC-1-s1d1,HSC
CGCATGATCTAAGTCA-1-s1d1,CD14+ Mono
GTGCTTACACATAGCC-1-s1d1,CD14+ Mono
TGCTTCCAGTAGCCAT-1-s1d1,Erythroblast
AAAGGAGCATGTCGCG-1-s1d1,CD14+ Mono
AAGTTACGTTACTAGG-1-s1d1,Normoblast
TCCATATTCGCTCCAT-1-s1d1,CD14+ Mono
GTGTTACAGTCTGGGC-1-s1d1,Erythroblast
TGTAAGCTCGTCCTTA-1-s1d1,CD14+ Mono
TCAAGCTAGGTAAGCA-1-s1d1,CD16+ Mono
CTATGATCAAACGGGC-1-s1d1,Erythroblast
GATTGGTTCCGCAACA-1-s1d1,CD14+ Mono
TGATCAATCAAGCTAC-1-s1d1,MK/E prog
GAAGGCCCATTCAGCA-1-s1d1,Erythroblast
GTGGACACACGTAATT-1-s1d1,Normoblast
TTACGTTTCATGAAGG-1-s1d1,Erythroblast
GCGAGTGAGCCTGACA-1-s1d1,CD14+ Mono
CGTAGCGGTAACGTGC-1-s1d1,Erythroblast
CCCGTAAAGGCGCTTA-1-s1d1,Erythroblast
CACCTCAGTCCGGTTC-1-s1d1,Normoblast
AACCTTAAGAGAGGCT-1-s1d1,CD14+ Mono
GCAAACTTCAATTGGC-1-s1d1,pDC
AACAGCAAGATAGACG-1-s1d1,CD14+ Mono
GAGGTTAAGCGCTCAA-1-s1d1,Erythroblast
TGTGCTGAGCATCCAG-1-s1d1,CD14+ Mono
TCGGTTTGTTTGTTGC-1-s1d1,CD14+ Mono
ACGCAAGCATCAGTAT-1-s1d1,CD14+ Mono
GTTAACCAGCAACATC-1-s1d1,Normoblast
GATAAAGGTTGGCCGA-1-s1d1,Erythroblast
ACTTATGAGCTGCACA-1-s1d1,Erythroblast
GGAAGCTAGGGACTAA-1-s1d1,CD14+ Mono
CTATGATCATTATGCG-1-s1d1,Proerythroblast
GGTGTCCAGTGAAGTG-1-s1d1,Normoblast
GCAGGCAAGGCGAATA-1-s1d1,CD14+ Mono
GTTCTTGTCTATGACA-1-s1d1,pDC
TCAAGTATCTAGCTAA-1-s1d1,Normoblast
TTCCTTCTCGTTATCT-1-s1d1,ID2-hi myeloid prog
GTCCAAGTCTTTGACT-1-s1d1,pDC
ACGCCTAAGCAAGGGT-1-s1d1,Erythroblast
GGATTGCGTTACCGGG-1-s1d1,CD14+ Mono
GCTTAAATCTGTGCCT-1-s1d1,Erythroblast
GGTAATTGTAATCGGC-1-s1d1,Erythroblast
GAGGGAGCACCTACGG-1-s1d1,Proerythroblast
TTCCCACAGGAGCACG-1-s1d1,CD16+ Mono
CATCATAAGGCTGGCT-1-s1d1,CD16+ Mono
CTAATCCGTCTTTGAC-1-s1d1,CD14+ Mono
GGCTTCAAGCAGGTTT-1-s1d1,CD14+ Mono
TACCCGGCAGAGGGAG-1-s1d1,Erythroblast
AACGGTAAGGCGCTTA-1-s1d1,CD16+ Mono
CTTACTAGTTGAGGTC-1-s1d1,Erythroblast
TGCTTCATCATGTTTC-1-s1d1,CD14+ Mono
CCCAAATAGTCTATGA-1-s1d1,CD14+ Mono
CGTCCTAGTGGATTGC-1-s1d1,pDC
TGGTTGAGTTTGTGGA-1-s1d1,CD14+ Mono
TCCCTGGTCGATATTG-1-s1d1,CD14+ Mono
TGATCAATCTAAGGAG-1-s1d1,Normoblast
GTTGCATAGCAAGGAC-1-s1d1,MK/E prog
GACCTAGTCATTTAGG-1-s1d1,Normoblast
ATCCAACAGTTCCCGT-1-s1d1,pDC
CATATCGCAACTCGCG-1-s1d1,Normoblast
GGTGTGACACACTAAT-1-s1d1,Erythroblast
AGTTGCGTCCCTCATA-1-s1d1,Erythroblast
GGAGTGAGTGGATTGC-1-s1d1,CD16+ Mono
CCTATTGTCATGTTTC-1-s1d1,Erythroblast
CTGTTAAAGGTGAAGC-1-s1d1,Normoblast
ATGCCTGAGGACTAAG-1-s1d1,CD14+ Mono
ACATTAGTCGCATTAA-1-s1d1,CD14+ Mono
AGCCAGTGTACTTAGG-1-s1d1,Erythroblast
AAGAATCAGTATTGCA-1-s1d1,CD14+ Mono
ACCCGGTAGGAGCATA-1-s1d1,Erythroblast
TAGCAGGCAAAGCTAA-1-s1d1,CD14+ Mono
TGGTTCTGTGAGGTGA-1-s1d1,Normoblast
CCAGGAACAGCACGAA-1-s1d1,pDC
TCCAGGTCATAGACCC-1-s1d1,CD14+ Mono
CACCGGTAGGCCTAAT-1-s1d1,CD14+ Mono
TCCACAACAGTCTATG-1-s1d1,Normoblast
CGGTTTCTCCCGCAAA-1-s1d1,Erythroblast
ACACCTTGTTGCCTCA-1-s1d1,ID2-hi myeloid prog
TCTCCTCGTTCCGCAC-1-s1d1,Normoblast
AGTGTGGCATGAATAG-1-s1d1,CD14+ Mono
TTTAAGGTCATTAGGC-1-s1d1,Normoblast
TTGTGAGGTCGTAAAT-1-s1d1,CD14+ Mono
TTATCCTAGGCTTAAC-1-s1d1,CD14+ Mono
GAACCAGCAACCCTCC-1-s1d1,Erythroblast
GTTGCGGGTTGTGATG-1-s1d1,Erythroblast
TGCTTCATCTCACTAT-1-s1d1,Erythroblast
CGGTTTGAGAGGAGTC-1-s1d1,CD14+ Mono
GTCATGAGTCTCAGCC-1-s1d1,Erythroblast
TGACCTTGTTAGACCA-1-s1d1,CD14+ Mono
TACGCTTGTTCGGTAA-1-s1d1,CD16+ Mono
TTTGACTTCAGCCAAT-1-s1d1,CD14+ Mono
CTATGGCCAGCCTAAC-1-s1d1,G/M prog
AGCTTCCTCACCGGTA-1-s1d1,CD14+ Mono
GTAAGCTTCGCTATGG-1-s1d1,Erythroblast
GTGCGCAGTTCACTGT-1-s1d1,CD14+ Mono
AAGACCAAGGGACGCA-1-s1d1,CD14+ Mono
AGCCTGGGTCATTGTC-1-s1d1,Erythroblast
ATTATCCTCCCTCGCA-1-s1d1,Erythroblast
CCAAACTAGTCATTAG-1-s1d1,Erythroblast
GTCGAGGAGGTTTGCG-1-s1d1,CD14+ Mono
TGAGTTTCAGGTTATT-1-s1d1,ID2-hi myeloid prog
GTCGAGGAGCTCAATA-1-s1d1,CD14+ Mono
CTACCTCAGTTCCCGT-1-s1d1,CD14+ Mono
AGCGCTCAGAGAGGCT-1-s1d1,Erythroblast
AGTGAGTCATTCAGCA-1-s1d1,CD14+ Mono
TACGGTTAGCATTTCT-1-s1d1,G/M prog
TGCTTCCAGCGTGCAC-1-s1d1,Erythroblast
CAATGACTCTCCATAT-1-s1d1,Erythroblast
CCAACATAGGAGGTTA-1-s1d1,Erythroblast
GTGTGCGGTGCTAGAC-1-s1d1,cDC2
CCTAAGTAGTTTGCGG-1-s1d1,Erythroblast
TGTTCCTCAATAACGA-1-s1d1,Erythroblast
CCACATTGTTTGTCTA-1-s1d1,CD14+ Mono
CAGGCTATCAATGTCA-1-s1d1,CD14+ Mono
CGAGGAAGTGGGTACT-1-s1d1,Erythroblast
AATCGCCCAATACTGT-1-s1d1,Erythroblast
CCTGATGAGTATTGTG-1-s1d1,CD14+ Mono
TACTCAAAGCAGCTAT-1-s1d1,Erythroblast
ACTCGCGCAGCATGAG-1-s1d1,CD14+ Mono
AAACCGGCAGGCCATT-1-s1d1,Erythroblast
CCTAAATCATGGTTAT-1-s1d1,Erythroblast
ACGGTTAGTTGCGCGA-1-s1d1,Erythroblast
TATGACTCATGAATCT-1-s1d1,Erythroblast
GCGCTTGCATAGACCC-1-s1d1,Erythroblast
TACAGGTTCTCAATTC-1-s1d1,CD14+ Mono
GTCTAATCAGCATGAG-1-s1d1,Erythroblast
AAGCCACGTGCGCATG-1-s1d1,CD14+ Mono
GTCGAAGCAGTTGCGT-1-s1d1,Erythroblast
CTACCGGCATGTTGTG-1-s1d1,cDC2
AATTGGGAGCTTACTT-1-s1d1,CD14+ Mono
AATTGTGTCATGGTTA-1-s1d1,Erythroblast
CCCTCATAGGTAACGA-1-s1d1,CD14+ Mono
GATCGCTCAAACTGCC-1-s1d1,Normoblast
CCAAGTTAGCACCACA-1-s1d1,cDC2
TCCTTTACAGACAAAC-1-s1d1,CD14+ Mono
GCTAGCTCATTGTCAG-1-s1d1,Normoblast
AATATCCCATTGTGTG-1-s1d1,Erythroblast
GTGGTTAGTTCCTCCT-1-s1d1,Normoblast
AAGCGTTTCCTAAGTA-1-s1d1,CD14+ Mono
CTACCGGCAATTAACC-1-s1d1,Erythroblast
CTACTTAGTACTGAAT-1-s1d1,CD14+ Mono
AACAGGATCATAACGC-1-s1d1,CD14+ Mono
TAGCTAATCTGTAATG-1-s1d1,CD14+ Mono
TGCCTGTTCGCTAAGT-1-s1d1,CD14+ Mono
GCCTACTTCCTTGCAC-1-s1d1,Normoblast
CATAGACTCACCGGTA-1-s1d1,Erythroblast
GATCCGTCAGTCTAAT-1-s1d1,Erythroblast
GTACCTTGTTATAGCG-1-s1d1,CD16+ Mono
GTAGGCGAGCCTGATG-1-s1d1,Normoblast
CTAATCCGTCATAACG-1-s1d1,Normoblast
CGGGCTTAGCCTGACA-1-s1d1,CD14+ Mono
TACATCAAGCATGGTT-1-s1d1,CD14+ Mono
TGGACGGAGTCACGAT-1-s1d1,Normoblast
CGAATCTAGCATCCAG-1-s1d1,CD14+ Mono
GATTAGCTCCTTCGTA-1-s1d1,Normoblast
TAGCAGGCAGATAGAC-1-s1d1,CD14+ Mono
GGTCAGGAGGTCCTGA-1-s1d1,Normoblast
ACTAACTCAAATGCCC-1-s1d1,CD14+ Mono
GCTCCTTAGTTGCGTG-1-s1d1,Normoblast
TATGGCCCATGAATCT-1-s1d1,Normoblast
ATCGCTTGTCACCAAA-1-s1d1,Erythroblast
CAGGCTATCCCATAGG-1-s1d1,Erythroblast
TCCGGTTTCCTTAAGA-1-s1d1,CD14+ Mono
CGAAGAATCTCGCCTG-1-s1d1,CD14+ Mono
CGTTGCGCATCACAGC-1-s1d1,CD14+ Mono
AATGTCCAGGCTCATG-1-s1d1,CD14+ Mono
AGGGTTGCATCGCTCC-1-s1d1,Erythroblast
AGAACCAAGCGTGCGT-1-s1d1,CD14+ Mono
TTTACGAAGTGAACCT-1-s1d1,Erythroblast
ACATCAATCATTACGA-1-s1d1,Normoblast
GTGCTCAAGGCATGTT-1-s1d1,CD14+ Mono
TAGCCTCTCCTGAATA-1-s1d1,G/M prog
GGCATTGTCCTCATCA-1-s1d1,Erythroblast
GTCGAAGCAGTAGGAT-1-s1d1,Erythroblast
TAAGCCTAGCCGCAAC-1-s1d1,CD16+ Mono
CCTTAGTGTAACCACA-1-s1d1,pDC
TACCGTTGTAACGGGA-1-s1d1,Erythroblast
AGAAACCCAAAGGCCA-1-s1d1,Erythroblast
TGACCAAGTAAGCACC-1-s1d1,Normoblast
TGCGCAGGTTGAGGTC-1-s1d1,MK/E prog
GACCTTTGTAGCTGGT-1-s1d1,Normoblast
TAGCGGACATGCAACC-1-s1d1,Normoblast
GATTAGTGTCATGAGC-1-s1d1,Erythroblast
TACTTCGTCAAGTGAG-1-s1d1,Erythroblast
ATAGATGCAATAGCAA-1-s1d1,Erythroblast
CGAAGCCTCATAAGCC-1-s1d1,CD14+ Mono
CCTTACTCAAGGTGGC-1-s1d1,ID2-hi myeloid prog
ACGTACCCACCAGGTT-1-s1d1,Erythroblast
GTCTCACTCGTCAAGT-1-s1d1,Erythroblast
GATCCGTCATGCTCCC-1-s1d1,CD16+ Mono
GTCATCCTCCTAAGGT-1-s1d1,CD14+ Mono
CCAAACTAGTTTAACG-1-s1d1,CD14+ Mono
GATGACTTCGCCTAAG-1-s1d1,Erythroblast
GTTTCCTCATTTAAGC-1-s1d1,CD14+ Mono
CTGTTAAAGTAACAGG-1-s1d1,CD14+ Mono
CCGATGCAGGTTACAC-1-s1d1,Erythroblast
CTAAAGCTCCCTGGAA-1-s1d1,CD14+ Mono
CTGGATGTCTTGGACG-1-s1d1,CD14+ Mono
AAACGGATCTTGTCCA-1-s1d1,pDC
GATTAGTGTCAGTAAT-1-s1d1,Erythroblast
AGATGAAGTCCAAATG-1-s1d1,Erythroblast
GATAACGAGAGAAGGG-1-s1d1,CD14+ Mono
GCAGGCAAGCCGCTAA-1-s1d1,Erythroblast
CCTTTAGTCCCTGTTA-1-s1d1,Erythroblast
TTAATCGAGGTGAAGC-1-s1d1,CD14+ Mono
GGTATTGGTGCAACTA-1-s1d1,Normoblast
TGCTCTCAGGTGAAGC-1-s1d1,CD14+ Mono
ACCAAGTTCTTTGACT-1-s1d1,CD14+ Mono
AATGGCGCATTGCGTA-1-s1d1,CD14+ Mono
CAACTAGGTCAATAGT-1-s1d1,Erythroblast
TACTGACAGTCTATGA-1-s1d1,G/M prog
TACCAAATCACTCAAA-1-s1d1,Erythroblast
GTTAAGCTCATCCTGC-1-s1d1,G/M prog
TGTTCATTCTAGCGAT-1-s1d1,Erythroblast
AAAGCGGGTTAGAGGG-1-s1d1,CD16+ Mono
GAAGCTAAGGACCTCA-1-s1d1,CD14+ Mono
GATGCGACATGCAACC-1-s1d1,Erythroblast
CCGTTGCGTTGCCTCA-1-s1d1,CD14+ Mono
ACAACAACAAAGGCCA-1-s1d1,pDC
GACATTATCCATCAGG-1-s1d1,CD14+ Mono
TGGGCATGTTGTTGCT-1-s1d1,Normoblast
GCAATAGAGCCGCTTT-1-s1d1,Erythroblast
CATGCGCAGGAGCACG-1-s1d1,CD14+ Mono
GGTTTCCTCTCGCCTG-1-s1d1,Normoblast
ATGGTGCGTTCGCGCT-1-s1d1,Erythroblast
CGGTTTCTCGTTAGCG-1-s1d1,Erythroblast
GTGAATCTCCTCCTAA-1-s1d1,CD14+ Mono
AAGTTTGTCCTTAGGG-1-s1d1,Erythroblast
GTGTGAGCATTATGCG-1-s1d1,G/M prog
CACTGACCAAAGCTCC-1-s1d1,Proerythroblast
CAATCGCCATGCATAT-1-s1d1,CD14+ Mono
CAATCTAAGTTATGGC-1-s1d1,Normoblast
AACGACAAGGACCGCT-1-s1d1,Normoblast
GTGCTGATCAAATCGC-1-s1d1,CD14+ Mono
GTCCGTAAGTTGCGTG-1-s1d1,Erythroblast
ACCAAGCGTGCTTTAC-1-s1d1,Erythroblast
GATAATCGTCATTGAG-1-s1d1,G/M prog
AAGGATCCATTCCTGT-1-s1d1,Normoblast
AATTTCCTCGCCTGTT-1-s1d1,Normoblast
CTGAATATCGAAGCGG-1-s1d1,Normoblast
GCTGCAATCACTTTAC-1-s1d1,G/M prog
GCAGGAAGTTTGGGTA-1-s1d1,CD14+ Mono
GCTGTAAGTGGTTCTT-1-s1d1,CD14+ Mono
CTAGTTGCAAACAACA-1-s1d1,cDC2
GGTATGTTCATTACTC-1-s1d1,Erythroblast
TGTGATCAGCTGAGGG-1-s1d1,Erythroblast
GTTGTGAGTAGGATTT-1-s1d1,Erythroblast
GATAAGCCACTTGTTC-1-s1d1,Proerythroblast
ACTTCGCTCACGTTAA-1-s1d1,Erythroblast
TGCATGAGTTACGCAA-1-s1d1,CD14+ Mono
GGCCTTCGTTTCCGGC-1-s1d1,Erythroblast
ACCCAACCAGTTGCGT-1-s1d1,Erythroblast
GTCCATTGTTATTGCC-1-s1d1,HSC
TCGGTTTGTATTGCAG-1-s1d1,CD14+ Mono
CTAGTAATCAATCTCT-1-s1d1,Erythroblast
AACCGGCTCGGGACTC-1-s1d1,Proerythroblast
GCTGATCCACCCACCT-1-s1d1,CD14+ Mono
GTTACGTAGGCCAATT-1-s1d1,MK/E prog
ACCCAGGGTTATTGCC-1-s1d1,cDC2
ACTTAGTCAGAAATTG-1-s1d1,Normoblast
CAGATTCAGCGGATAA-1-s1d1,Normoblast
ATCAATCCATCCATCT-1-s1d1,Erythroblast
GCCGTGAGTGAGAAAC-1-s1d1,pDC
TAAGGACCAAACCCTA-1-s1d1,Normoblast
TACTGAGGTAGCCATA-1-s1d1,Erythroblast
CGTAACCCATTAAACC-1-s1d1,Erythroblast
CTCCTGAGTGCTCCAC-1-s1d1,Erythroblast
GATTGTTCATACCCGG-1-s1d1,CD16+ Mono
GTGGACACAACTAGCC-1-s1d1,pDC
GTTAACGGTCTCAGCC-1-s1d1,Erythroblast
TCAGGTTAGGATCCGC-1-s1d1,CD14+ Mono
CGGACAACAGGCAAGC-1-s1d1,CD14+ Mono
AATTGGGAGAGAGGCT-1-s1d1,Normoblast
CGAGTCGGTGATTTGG-1-s1d1,Erythroblast
TCGCTAACAACAGGAT-1-s1d1,Erythroblast
GGTCGGTTCCCGAAGC-1-s1d1,CD14+ Mono
ATCACACAGAGGATAT-1-s1d1,Normoblast
TTGTCAAAGGGTTATC-1-s1d1,Normoblast
AACTGTTCATAATCGT-1-s1d1,cDC2
GTCGAAGCATAAGGAC-1-s1d1,Erythroblast
CCTTCGGTCCTAGTTT-1-s1d1,CD14+ Mono
CTGTAACAGTGCTGTG-1-s1d1,Erythroblast
CGTGCTTTCGTTATAG-1-s1d1,CD14+ Mono
TGATCCTGTGCGCAAT-1-s1d1,ID2-hi myeloid prog
GCACCTAAGCTAAGTC-1-s1d1,MK/E prog
CAGTATGGTCCTTCAG-1-s1d1,CD14+ Mono
AGGTTTATCACTCAAA-1-s1d1,Proerythroblast
CTAATCTTCGGTCAAT-1-s1d1,Erythroblast
AATTAGCGTTCATTTG-1-s1d1,Erythroblast
CCGTTGCGTTTATGGG-1-s1d1,G/M prog
GGTTGCTCAGCAACAG-1-s1d1,CD14+ Mono
ACAACAACAAATATCC-1-s1d1,Proerythroblast
GCTAACCCAAATATCC-1-s1d1,pDC
TTCGGTACAATAACCT-1-s1d1,Erythroblast
AAGTTAGCATGCTATG-1-s1d1,CD14+ Mono
TAATGGACATAGCTGC-1-s1d1,Erythroblast
CCTAAGGTCTATGACA-1-s1d1,Erythroblast
CGCACAATCGTAATCA-1-s1d1,Normoblast
GATGACTTCAGCCAAT-1-s1d1,CD14+ Mono
AACGCTAGTTTATTCG-1-s1d1,Normoblast
AGACAATAGAGGAGTC-1-s1d1,Erythroblast
AGCATTTCAAGCTTTG-1-s1d1,CD16+ Mono
GCTAGTGTCTAATTGG-1-s1d1,Erythroblast
ACATCATCACTTAACG-1-s1d1,G/M prog
GCCTTGCGTTTACGTC-1-s1d1,Normoblast
ATGTGAGAGGTTAGCT-1-s1d1,pDC
TATCACGCAATTGACT-1-s1d1,Erythroblast
CCTGTATGTATTTGCC-1-s1d1,CD16+ Mono
ACCGGCTAGTAACTCA-1-s1d1,ID2-hi myeloid prog
GCGCTTAAGTTATCCT-1-s1d1,Normoblast
GCCACACAGTAAGGGC-1-s1d1,CD14+ Mono
CGAAGGCCACCTACGG-1-s1d1,CD14+ Mono
TTTGGTAAGGCACAGG-1-s1d1,Normoblast
GATGGACAGCATTATG-1-s1d1,Normoblast
TTGTGCGAGACACTTA-1-s1d1,CD14+ Mono
AGTCAATGTCCTTAGT-1-s1d1,CD14+ Mono
GCTATCCTCCACCCTG-1-s1d1,Normoblast
TCCATGCTCATGACCG-1-s1d1,G/M prog
ACCTGTTGTGCTGGTG-1-s1d1,Normoblast
TGAAGTGAGCAAGATG-1-s1d1,Erythroblast
CCTAAGCCACAATGTT-1-s1d1,CD14+ Mono
GTCATTAAGTTTGGGT-1-s1d1,Normoblast
GCTTGTTGTGGATTAT-1-s1d1,HSC
CGTTGCAAGTCAATCA-1-s1d1,Erythroblast
TGGATTGGTTACGCGG-1-s1d1,pDC
AAAGCAAGTTATGTGG-1-s1d1,G/M prog
TCTAATCTCCAGGTCA-1-s1d1,CD14+ Mono
CTAATCTTCATCCACC-1-s1d1,Proerythroblast
TAGCAGGCACTAGCGT-1-s1d1,Proerythroblast
GGTTCCCGTTTGCAGA-1-s1d1,G/M prog
GTTTCCTCATGTTGCA-1-s1d1,Normoblast
TTAAAGGCAAGGTATA-1-s1d1,pDC
GGGCGAATCTGGCATG-1-s1d1,Normoblast
CGAATATGTGTAACCA-1-s1d1,Erythroblast
TTGTCAAAGCTATTGA-1-s1d1,Normoblast
CGTAGTTAGGGACTAA-1-s1d1,Proerythroblast
GCTTTACGTACGCGCA-1-s1d1,HSC
TGCATCCTCTTGGATA-1-s1d1,Erythroblast
CGGAGTCTCCCGAACA-1-s1d1,CD14+ Mono
CTTTGAGCACATACTG-1-s1d1,Erythroblast
CCTTCGTAGGATTGCT-1-s1d1,Normoblast
CATCATGCAGCTACGT-1-s1d1,pDC
AGTGTGGCAAACGGGC-1-s1d1,CD14+ Mono
GAAGTATAGGTCCACA-1-s1d1,Normoblast
TTTAACGAGCAAGACA-1-s1d1,CD14+ Mono
GAGTATCTCACTAATG-1-s1d1,Erythroblast
TCAGCCTTCACTAGGT-1-s1d1,G/M prog
AGTAACGAGCATGTCG-1-s1d1,CD14+ Mono
ATGACCAGTGAGGTAG-1-s1d1,CD14+ Mono
TGGTTCTGTGCATTAG-1-s1d1,Normoblast
ACTAACCAGGGTTATC-1-s1d1,CD14+ Mono
GAAACCCGTTGGCCGA-1-s1d1,CD14+ Mono
TAGCCTTGTTTACTTG-1-s1d1,Erythroblast
CAAACGCGTCAGGCCA-1-s1d1,CD14+ Mono
AACGCCCAGGTCAAAG-1-s1d1,G/M prog
GGCCTTAAGTATTGTG-1-s1d1,CD14+ Mono
TGTGGCCAGGCTGGCT-1-s1d1,HSC
AACATAGCACCTGCTC-1-s1d1,CD14+ Mono
AGTCTTGCAAGGCCAA-1-s1d1,CD14+ Mono
CCTGTATGTAATAACC-1-s1d1,Erythroblast
GCTAACCCAGCCGCTA-1-s1d1,Erythroblast
CTATTCAGTGTGCAAC-1-s1d1,CD14+ Mono
AAGTAGCCAAGGTCCT-1-s1d1,CD14+ Mono
GGTCTTTGTGTCCAAA-1-s1d1,G/M prog
ACAACAACAATAAGCA-1-s1d1,CD14+ Mono
TCCTCACAGGGCTAAA-1-s1d1,Erythroblast
TGCCGGTAGGCCGGAA-1-s1d1,Erythroblast
GATCACTAGTCAATCA-1-s1d1,Erythroblast
ACCCGTAAGTTTCCGC-1-s1d1,CD14+ Mono
CTTTGGGAGCACTAGT-1-s1d1,HSC
CCGCAAATCATAGCCG-1-s1d1,CD14+ Mono
AATTACCCATGTTGTG-1-s1d1,Erythroblast
TAGCCGGGTATTGCAG-1-s1d1,Proerythroblast
ATGCGATTCTAGCGTG-1-s1d1,Erythroblast
GCTATTGCACTGACTA-1-s1d1,Erythroblast
TGATTGCAGTTTAACG-1-s1d1,Erythroblast
GGTTATATCGCAATCG-1-s1d1,CD16+ Mono
GGGTGAAGTATCTGGA-1-s1d1,ID2-hi myeloid prog
TGTGGCCAGCGCTAAT-1-s1d1,Erythroblast
TTAAGCCAGCTCAAAC-1-s1d1,Erythroblast
AGGATTGAGTGACCTG-1-s1d1,MK/E prog
GCGATTTAGATTCCTT-1-s1d1,Erythroblast
GTACAATGTGCTTACT-1-s1d1,CD14+ Mono
CAACAGGCACCTGGTG-1-s1d1,Erythroblast
GCGAAGTAGTTGCGTG-1-s1d1,Erythroblast
GAAAGGCTCATTGTCT-1-s1d1,CD14+ Mono
TGAGCACGTTGCGGAT-1-s1d1,CD14+ Mono
GGACCTCAGGCGAATA-1-s1d1,Erythroblast
TTAGTCAAGAACCTAC-1-s1d1,ID2-hi myeloid prog
AAGCCTGTCCTCACAC-1-s1d1,MK/E prog
TATTAGCCAGGACACA-1-s1d1,Erythroblast
GAGCCTTCATCCCTCA-1-s1d1,Proerythroblast
TGGGCATGTACCGTTT-1-s1d1,CD14+ Mono
AGAAACTAGCTGTACG-1-s1d1,CD14+ Mono
CCCTAATGTCACGGAT-1-s1d1,Erythroblast
CTCACACTCCTCACTA-1-s1d1,Normoblast
GTCCTCCCATTGTTGG-1-s1d1,CD14+ Mono
TATCCAGCATAAGGAC-1-s1d1,Erythroblast
ACGAACAAGCCTAATA-1-s1d1,Erythroblast
GAGAACCAGGTCCACA-1-s1d1,Normoblast
CTATGACAGGTAGCTT-1-s1d1,Normoblast
TCCGGAATCCATAAGC-1-s1d1,CD14+ Mono
GCATCCTTCGATCAGT-1-s1d1,Erythroblast
GTTGGCCAGGCTGTCA-1-s1d1,CD14+ Mono
ATTAGCGGTATTTGGG-1-s1d1,Erythroblast
TTGGCTTGTGTTCCCA-1-s1d1,CD16+ Mono
TGGTTGAGTTTGGTTC-1-s1d1,CD14+ Mono
AGGATGTCACACCAAC-1-s1d1,Erythroblast
CGTTTCTCAATGCGCT-1-s1d1,CD14+ Mono
CATGAGGCAGCTAACC-1-s1d1,Erythroblast
GTAGTTTCATCATGTG-1-s1d1,Normoblast
ATGTCCACATAAAGCA-1-s1d1,G/M prog
TCCTGTTCAGGACCTT-1-s1d1,CD14+ Mono
CTCACACTCACCTGTC-1-s1d1,CD14+ Mono
AGGATTGAGAGGAGGA-1-s1d1,CD14+ Mono
ACTTCGCTCAATTACG-1-s1d1,Normoblast
TGGTGCATCGATTCTT-1-s1d1,Proerythroblast
GAACCGCTCCCGAAGC-1-s1d1,Normoblast
CTGCTCCCATCCCGCT-1-s1d1,CD14+ Mono
AATCCATCAGTAATAG-1-s1d1,ID2-hi myeloid prog
TGAAGTGAGTGAACCT-1-s1d1,CD14+ Mono
AGCCTAAGTTCCTCCT-1-s1d1,CD16+ Mono
ACACTAGGTTGTCCAT-1-s1d1,Normoblast
CGGATAAAGGGCTTAT-1-s1d1,CD14+ Mono
GACTTAGGTTAGCCAA-1-s1d1,Erythroblast
AAGCTCCCATCCGTAA-1-s1d1,CD14+ Mono
CAAGCTAGTTCAAGCA-1-s1d1,Normoblast
TACCGCAAGGAACCGG-1-s1d1,CD14+ Mono
TACTGAGGTATTTGCC-1-s1d1,pDC
TTTAGCAAGAAAGCAT-1-s1d1,CD14+ Mono
GCGAAGTAGCTCATAA-1-s1d1,Erythroblast
CATGCGGGTTTGTTGC-1-s1d1,Erythroblast
CGTGTTACAGTCTATG-1-s1d1,Normoblast
ACACTAATCCTTAATC-1-s1d1,Erythroblast
TCTTAGTTCCAAGTTA-1-s1d1,CD14+ Mono
TTTGTGAAGTAGCGGG-1-s1d1,Erythroblast
AATTAGCGTTATTGCC-1-s1d1,Erythroblast
TGACTTAAGCAGGTTT-1-s1d1,Normoblast
AAAGGTTAGTACCGCA-1-s1d1,CD14+ Mono
AGAAACCCATGAATAG-1-s1d1,Normoblast
TGCTTGCTCGTTACAA-1-s1d1,Erythroblast
GACATAGAGCCTCTGT-1-s1d1,CD14+ Mono
TCGTAATCACCTCGCT-1-s1d1,Erythroblast
AAATCCGGTTAGTACG-1-s1d1,Erythroblast
GATTACTCAGTTAAAG-1-s1d1,CD16+ Mono
CATGCATAGTTAGCTA-1-s1d1,Normoblast
GGTTACTAGTGAGGTA-1-s1d1,CD14+ Mono
ATGTAAGCAGCACCAT-1-s1d1,Normoblast
CTGCTATGTGCTCCAC-1-s1d1,CD14+ Mono
ATTGCACAGTATTGGC-1-s1d1,CD14+ Mono
CCCTGTTAGATAGACG-1-s1d1,Normoblast
ACTATCCGTCATAAGT-1-s1d1,Normoblast
TCATACTTCCTTAGTT-1-s1d1,ID2-hi myeloid prog
AAGACATAGCTCAAAC-1-s1d1,Erythroblast
CGGATTAGTGGTTAGC-1-s1d1,CD16+ Mono
AGGATATAGCATGACT-1-s1d1,Normoblast
TTACCTGTCCCGCCTA-1-s1d1,Normoblast
CCACTTGGTATACTGG-1-s1d1,Erythroblast
GGGTTTCCAAGCTTAT-1-s1d1,MK/E prog
GCGCAAACATTGACAT-1-s1d1,pDC
ATGTAAGCAGTTAAAG-1-s1d1,CD14+ Mono
AAGACCAAGTCTTGAA-1-s1d1,Erythroblast
ATGAGCCGTTCTTTAG-1-s1d1,CD14+ Mono
GATCAAGAGCTCAAAC-1-s1d1,CD14+ Mono
GTGTGAGCAGTTAGCC-1-s1d1,Normoblast
CTCCCTGAGTCACTAA-1-s1d1,CD14+ Mono
TTGTCAAAGGCACAGG-1-s1d1,cDC2
CGTTAAATCCACAATA-1-s1d1,CD14+ Mono
CGTGGTTCACCTAATG-1-s1d1,Normoblast
ACCACATAGCCAGGTC-1-s1d1,CD14+ Mono
AGCATCCCATACCCGG-1-s1d1,CD14+ Mono
AGGCTAGCATAATTGC-1-s1d1,Normoblast
TCGTAATCATCAATCG-1-s1d1,Erythroblast
ATTTAGCCAGCATTAT-1-s1d1,CD14+ Mono
CTCTAGCTCTCCATAT-1-s1d1,Erythroblast
CAAGGGAGTCAGTAAT-1-s1d1,CD14+ Mono
GGCATTAGTGACATAT-1-s1d1,Erythroblast
TTAGCAATCTAAGGAG-1-s1d1,CD14+ Mono
TTAACCAAGGAATAAC-1-s1d1,CD14+ Mono
TTAAGGTGTAGCCATA-1-s1d1,Normoblast
CCTATTGTCTGGCATG-1-s1d1,MK/E prog
CACATAATCCAGGTCA-1-s1d1,CD14+ Mono
GCTAACCCAATGCCTA-1-s1d1,CD14+ Mono
ACTTGAATCTCACATT-1-s1d1,CD14+ Mono
TGCACACCAAGGAATC-1-s1d1,pDC
GTAAGCTTCACTCAAA-1-s1d1,CD14+ Mono
GGTTGAGCAGCAACAG-1-s1d1,Normoblast
TGGACTAGTTTGGTTC-1-s1d1,Proerythroblast
AATTTGCCAAATTCGT-1-s1d1,MK/E prog
AACAAAGGTGCTTACT-1-s1d1,CD14+ Mono
CATGAGGCAGCTCAAC-1-s1d1,Erythroblast
TGTTGGCCAGAGGGAG-1-s1d1,G/M prog
GTCATCCTCCTGAATA-1-s1d1,Erythroblast
TTGCAACAGCTCCCTG-1-s1d1,ID2-hi myeloid prog
GATTAGTGTCACAGAC-1-s1d1,CD14+ Mono
GTTCCTGGTTGTAAAC-1-s1d1,Normoblast
TTAGAAGCATCACTTC-1-s1d1,CD14+ Mono
CCAAACCCATGAATAG-1-s1d1,Erythroblast
CGCATATAGTGTGATC-1-s1d1,Erythroblast
GATCGAGCATCCTGAA-1-s1d1,pDC
CGGACAACAGCTAATT-1-s1d1,ID2-hi myeloid prog
ATTGCAGGTTACCTGT-1-s1d1,HSC
GGCTATTAGGTTAGCT-1-s1d1,CD14+ Mono
AAGCGCTGTTGCATCT-1-s1d1,CD14+ Mono
TATATCCTCAAGCTTA-1-s1d1,Normoblast
ATCCTTAGTATTGGAT-1-s1d1,Erythroblast
TACCAGGTCGGTTTGG-1-s1d1,Normoblast
TTTGCGGAGCCTGTTC-1-s1d1,Erythroblast
GTCGAAGCAACGTGCT-1-s1d1,MK/E prog
ATTGCAGGTATTCGCT-1-s1d1,pDC
TAATTGCCACAAAGGT-1-s1d1,CD16+ Mono
GCAAGCCTCTCAATGA-1-s1d1,CD14+ Mono
ATATGTCCAACCCTAA-1-s1d1,Erythroblast
CCGTTACTCGCTCACT-1-s1d1,CD14+ Mono
TATGCATCATAATGTC-1-s1d1,Erythroblast
TTCCTTCTCATTAGGC-1-s1d1,Erythroblast
CCTGTTGGTGCTTACT-1-s1d1,CD14+ Mono
CTTGTTCCACTGACTA-1-s1d1,CD14+ Mono
CATTGTAAGTAAGGGC-1-s1d1,pDC
GATAACGAGTTAGCCG-1-s1d1,CD14+ Mono
GTCTTTAGTCCCGAAG-1-s1d1,cDC2
ATCACACAGCAAGGGT-1-s1d1,Erythroblast
GAAACTGAGCTTAACA-1-s1d1,Erythroblast
AAAGCCCGTTAACAGT-1-s1d1,Normoblast
TGTAAGTGTGAGGTGA-1-s1d1,Erythroblast
TCAAGGTTCAATTACG-1-s1d1,HSC
GTGCTTACACCTACGG-1-s1d1,CD14+ Mono
GTCTTTAGTCAAGACC-1-s1d1,CD14+ Mono
GTGAGCGAGAGAGCCG-1-s1d1,Erythroblast
CCAGCTAAGCACAGGG-1-s1d1,ID2-hi myeloid prog
TATGGCCCAGATAGAC-1-s1d1,Erythroblast
GTGGCTTCAGGCTAGA-1-s1d1,CD14+ Mono
TCACGGATCTTAGTGA-1-s1d1,Erythroblast
CCGCACACAGCTACGT-1-s1d1,Erythroblast
TCACGGATCCGGTTAG-1-s1d1,CD14+ Mono
GTTAACCAGTAGCGGG-1-s1d1,CD16+ Mono
AGGGCCTTCGGTTACG-1-s1d1,CD14+ Mono
GTGCTGGGTAACGAGG-1-s1d1,CD14+ Mono
TAAACAGCAAGGTATA-1-s1d1,CD14+ Mono
TCTTGTCCATAATGTC-1-s1d1,Erythroblast
AGGAAACGTACCGGAT-1-s1d1,CD14+ Mono
AGAACAAGTGTGCACG-1-s1d1,Erythroblast
TTGCGAGTCTAATCAG-1-s1d1,Erythroblast
ACGTTACAGGTGCTGC-1-s1d1,Erythroblast
TGTGGCTCAATCCCTT-1-s1d1,Normoblast
CCCAAACCAGAACCGA-1-s1d1,Erythroblast
CGCTACTTCCTAATGA-1-s1d1,CD14+ Mono
GAAGCCTGTCACTCGC-1-s1d1,Erythroblast
AGGTTTATCCCATAAA-1-s1d1,Erythroblast
GATAATCGTTGTGACA-1-s1d1,Erythroblast
TACTTGTTCCTAAGAC-1-s1d1,MK/E prog
CCGCCAACAGAACCGA-1-s1d1,CD14+ Mono
TCAGGAGCACCTAAGC-1-s1d1,cDC2
GACCTGCAGCATGACT-1-s1d1,Normoblast
TTTCATCAGCATTTCT-1-s1d1,MK/E prog
CATGGATTCCTTGCAC-1-s1d1,Erythroblast
TTGCAAGGTTCAAGAT-1-s1d1,Erythroblast
AAACATGCAATAACCT-1-s1d1,Erythroblast
TAGCCTGAGGACAACA-1-s1d1,G/M prog
CGGATTAGTTGGTTAG-1-s1d1,Proerythroblast
GTGCTTCTCCTGGCTT-1-s1d1,Erythroblast
TCTACCTCATTTGCTC-1-s1d1,Erythroblast
GTGAGCGAGCGATACT-1-s1d1,Erythroblast
CTTTATGGTGAGCGAA-1-s1d1,Normoblast
TGGATTGGTTGTTGCT-1-s1d1,CD14+ Mono
TTGGTGAGTTTAAAGC-1-s1d1,pDC
CCTAAGCCAAGGATTA-1-s1d1,Erythroblast
GCATGAGCACCATATG-1-s1d1,Erythroblast
AACATCATCGTTTCCA-1-s1d1,HSC
GTGTCCAAGTAAGGGC-1-s1d1,Erythroblast
AAGTTACGTCCTAATC-1-s1d1,Erythroblast
TGCTTGCTCGTAACGT-1-s1d1,CD14+ Mono
GCCATTACATTGTGCA-1-s1d1,pDC
ACCCTCCCATTAGCGC-1-s1d1,CD14+ Mono
CCATTGTGTTACAAAC-1-s1d1,Erythroblast
CATGCGGGTTCCTCCT-1-s1d1,CD14+ Mono
GGGTCAACACCCTCAC-1-s1d1,Normoblast
ACGCCTAAGTCCTGAG-1-s1d1,Erythroblast
AGAAACCCACTTACAG-1-s1d1,Normoblast
GTCATGAGTGTGCAAC-1-s1d1,Erythroblast
TGTGTTAAGCCTGTTC-1-s1d1,G/M prog
GTACACCCAATGAGGT-1-s1d1,Erythroblast
ACACTTGCACGGTTTA-1-s1d1,pDC
CGCTAACCATTGACAT-1-s1d1,Erythroblast
CTGCTACTCAAATCGC-1-s1d1,Erythroblast
GTCCTAGAGGGCCATC-1-s1d1,CD14+ Mono
AGCCGGTTCATCCACC-1-s1d1,CD14+ Mono
CACAATATCATGCAAC-1-s1d1,CD14+ Mono
AGTACGCGTTACTAGG-1-s1d1,CD14+ Mono
CTTTCTTGTGCCTCAC-1-s1d1,CD14+ Mono
CTCCTAATCGGCCATA-1-s1d1,Erythroblast
CTCCTAATCTAACCTT-1-s1d1,Erythroblast
GCGAAGCCAAATTGCT-1-s1d1,Proerythroblast
AATATCCCACAGACTC-1-s1d1,CD14+ Mono
AATTTGCCAGCAACCT-1-s1d1,Proerythroblast
ACGGGAAGTTTACTTG-1-s1d1,CD14+ Mono
TCTACTAGTAGCTGGT-1-s1d1,Erythroblast
AACCTTGCAGTTAAAG-1-s1d1,CD14+ Mono
GTACGTAGTCACCTAT-1-s1d1,CD14+ Mono
CAATGCCCATTAAAGG-1-s1d1,CD14+ Mono
GGACCTCAGCTAAAGG-1-s1d1,Normoblast
GATTCGCCAATCCTGA-1-s1d1,Erythroblast
TGCTCAACAATTTGGT-1-s1d1,CD14+ Mono
CGGAGCAAGGTCCGTA-1-s1d1,pDC
TTTGACCGTAAAGCAA-1-s1d1,CD14+ Mono
CCACTTGGTCACTCGC-1-s1d1,CD14+ Mono
TGCTGGATCGCCTAAG-1-s1d1,CD14+ Mono
ATCACCCTCCGTCCAT-1-s1d1,Normoblast
GAGCTAGCAGCTCAAC-1-s1d1,CD14+ Mono
CTAATCCGTACGTTTC-1-s1d1,Erythroblast
AATGAAGGTCAAAGGG-1-s1d1,Erythroblast
GTAAAGCCATTTGCTC-1-s1d1,CD14+ Mono
TTTGCGGAGCCTGATG-1-s1d1,CD14+ Mono
GGCTATGTCATGTCAA-1-s1d1,Erythroblast
TTGAGGCGTTACAAAC-1-s1d1,Erythroblast
ACAGTATGTTTACGTC-1-s1d1,Erythroblast
CAGGGCTTCGTTATCT-1-s1d1,CD14+ Mono
GCTCGATCAAATTGCT-1-s1d1,CD14+ Mono
CTAGTCGAGCGCTCAA-1-s1d1,HSC
TAGGTTATCAACCAAC-1-s1d1,CD14+ Mono
CTCCTGAGTGAATCGC-1-s1d1,MK/E prog
GCCTGCTGTAATCGCA-1-s1d1,CD14+ Mono
AATTGACGTACAAAGA-1-s1d1,Normoblast
AACTAGCTCTTGATGA-1-s1d1,CD14+ Mono
AGTCTTGCACTAAGCC-1-s1d1,Erythroblast
CTCACAACAGGATGGC-1-s1d1,Normoblast
ACAGGTAAGCCTGGTA-1-s1d1,Normoblast
TCATTTGGTGGCTTCC-1-s1d1,Erythroblast
AATGAAGGTAGGTTAT-1-s1d1,Erythroblast
CATGCATAGAGGAGGA-1-s1d1,Erythroblast
GATGCTTAGGCCTTAG-1-s1d1,CD14+ Mono
TCTTAGCGTCACAGCG-1-s1d1,CD14+ Mono
TGGCGGTTCAATGTCA-1-s1d1,Erythroblast
ACAAAGGTCATAATCG-1-s1d1,G/M prog
GCGATATTCATGCTCC-1-s1d1,Proerythroblast
TGTATCCGTTTAACGG-1-s1d1,CD14+ Mono
AGGTACGCAGGATAAC-1-s1d1,CD14+ Mono
ACAACAACAATTGAGA-1-s1d1,G/M prog
CGATCCTTCATTGACA-1-s1d1,Erythroblast
GTCTATCGTCACACCC-1-s1d1,CD14+ Mono
AGCTAACTCATAGCCG-1-s1d1,Erythroblast
CATTCATTCTCATCAT-1-s1d1,Normoblast
GCATCCTTCCTGGTGA-1-s1d1,CD14+ Mono
GAGCGATAGCAAGGGT-1-s1d1,G/M prog
GATCGCTCACTGGCTG-1-s1d1,CD14+ Mono
ACCAGGACAGGAACAT-1-s1d1,Normoblast
TAAGTGCTCGTAACGT-1-s1d1,Erythroblast
GAACCGCTCAACCAAC-1-s1d1,CD14+ Mono
TGAGCACGTCCTTCAG-1-s1d1,Normoblast
AACGACAAGGCTTAGT-1-s1d1,pDC
GCAGGATAGTAGAGGC-1-s1d1,Erythroblast
CCGCTAAAGGACCAGG-1-s1d1,Erythroblast
CGGCCATAGTTATTCC-1-s1d1,Proerythroblast
AAACCAACATTAAGCT-1-s1d1,CD14+ Mono
TTGGAGGCAACTAACT-1-s1d1,HSC
TTTGTCCCACAACCTA-1-s1d1,Normoblast
GTCGGTTCATATTGAC-1-s1d1,Normoblast
AAGCTTGGTCCTTCTC-1-s1d1,CD14+ Mono
AGTTGCGTCTCACAAA-1-s1d1,CD14+ Mono
GGATAACCAATCCTAG-1-s1d1,CD14+ Mono
CGACAAGCAGGGAGCT-1-s1d1,CD14+ Mono
TGTTGTTTCTTTGTAC-1-s1d1,CD14+ Mono
GACCTGCAGTTAGACC-1-s1d1,Erythroblast
CACCAACCATCACAGC-1-s1d1,Erythroblast
GCTGATCCACCTAATG-1-s1d1,CD14+ Mono
ACGACAAAGTAACGGA-1-s1d1,Erythroblast
CTCATGCTCTGCAACG-1-s1d1,pDC
ATTGTGATCCGGAACC-1-s1d1,Erythroblast
CCTAAAGGTGCAATGC-1-s1d1,pDC
GAGGTAGGTCCGTGAG-1-s1d1,Erythroblast
CCCTAATGTAAGCTCA-1-s1d1,CD14+ Mono
GACCTGATCCCTCAAC-1-s1d1,CD14+ Mono
GCACGAACAAGCTTAT-1-s1d1,MK/E prog
GGTAACCGTGAGAAAC-1-s1d1,Erythroblast
GAAAGCCAGGGCTTTG-1-s1d1,Erythroblast
GGTTCTTGTCGCGCAA-1-s1d1,CD14+ Mono
AGCCGCTAGAGCCGGA-1-s1d1,CD14+ Mono
CTTCTAAGTTGCGCGA-1-s1d1,CD14+ Mono
ATCGCCCGTACCGGAT-1-s1d1,Normoblast
TGGGCATGTGCCTCAC-1-s1d1,ID2-hi myeloid prog
CAATCCCTCTAACCAA-1-s1d1,Normoblast
AGACACGCAATGCGCT-1-s1d1,CD14+ Mono
CACTAAGGTGTGTCCC-1-s1d1,Erythroblast
ACCACACCAATAGCAA-1-s1d1,Erythroblast
CGGTAACGTGCATTTC-1-s1d1,Erythroblast
CGCGGATTCCCTCTAA-1-s1d1,Erythroblast
CCGTTATGTAGTTAAC-1-s1d1,CD14+ Mono
AGCGGACCAGCACCAT-1-s1d1,G/M prog
CTTCAAGCAATAACGA-1-s1d1,CD14+ Mono
CACATTAAGCAATAGG-1-s1d1,CD14+ Mono
TATCGAGGTGTTGCTT-1-s1d1,CD14+ Mono
AACTAGCTCCGGCTAA-1-s1d1,Erythroblast
TCATTGCGTTGACTTC-1-s1d1,Erythroblast
GACGTAAAGAGCCGCT-1-s1d1,CD14+ Mono
GCCTATTGTGGATTCA-1-s1d1,Erythroblast
TTTGTCCCAGTAGGAT-1-s1d1,Normoblast
CGTGTTACAGGATTAA-1-s1d1,CD14+ Mono
AATTTGGTCACGAATC-1-s1d1,Normoblast
GATCAGTTCGATCAGT-1-s1d1,CD14+ Mono
GCCTTTATCGTCATTT-1-s1d1,Erythroblast
CCATATTTCCCAGTAG-1-s1d1,CD14+ Mono
TCAAGAACACGAACAG-1-s1d1,CD14+ Mono
GCGCTAGGTCATCAAG-1-s1d1,Erythroblast
GGCTGAGAGTGAACGA-1-s1d1,Erythroblast
CGCCACACACCTGCCT-1-s1d1,Erythroblast
ATTTGCAAGGCAACAA-1-s1d1,Erythroblast
AATCCATCACCACAAC-1-s1d1,Erythroblast
CACTAAGGTGATTACG-1-s1d1,Erythroblast
CAGCCTAAGCTCATAA-1-s1d1,Erythroblast
TCAGTAGGTACTTCAC-1-s1d1,Erythroblast
CTTATGTTCTAAGGTC-1-s1d1,Normoblast
ATTACCGCATAATCCG-1-s1d1,Erythroblast
TTTACGCGTTTCCACG-1-s1d1,CD14+ Mono
TCCATAAAGGGTGAGT-1-s1d1,CD14+ Mono
CCTAAAGGTTAGCATG-1-s1d1,Erythroblast
ATTGAAGCAATCGCAC-1-s1d1,cDC2
GGTATTGGTCATCATC-1-s1d1,Erythroblast
AGTTGTCAGACACCGC-1-s1d1,Normoblast
ATATGGTGTTAGACCA-1-s1d1,cDC2
TAGGAACCAAGGTAAC-1-s1d1,Erythroblast
CAATGACTCTATTGTC-1-s1d1,CD14+ Mono
GTCGAGGAGCACTAAC-1-s1d1,CD16+ Mono
TAATGGTGTGGCTTCC-1-s1d1,CD14+ Mono
CAAGGTAAGGTGCGGA-1-s1d1,MK/E prog
GGTTATGGTCAATGTG-1-s1d1,CD14+ Mono
GGCCGTTAGTTCCCGT-1-s1d1,CD14+ Mono
AGTCAGGCAAATGCCC-1-s1d1,Normoblast
AGTTACTCATTTAAGC-1-s1d1,Erythroblast
GACTCACCATCATGGC-1-s1d1,ID2-hi myeloid prog
CTTAAGGGTGTTCCCA-1-s1d1,Erythroblast
CTGACCAAGCCAAATC-1-s1d1,CD14+ Mono
GCGATATTCCATAAGC-1-s1d1,G/M prog
AAGTTTGTCATTGACA-1-s1d1,CD14+ Mono
CGAAGAATCAACAAGG-1-s1d1,Erythroblast
CCAACCCGTAGCAGCT-1-s1d1,Erythroblast
GGTCCTGCAGGCTACT-1-s1d1,CD14+ Mono
AACTGTTCATGTGGGA-1-s1d1,Normoblast
CCTATTGTCTTAGGAC-1-s1d1,Erythroblast
TCTTTGTAGTATGTGC-1-s1d1,pDC
CGTATTGCACTTAGGC-1-s1d1,CD14+ Mono
GTGGATGCACTAAGAA-1-s1d1,CD14+ Mono
AAAGGCTCATTAGGTT-1-s1d1,CD14+ Mono
GCCTTAGAGTAACCAC-1-s1d1,Normoblast
TAATTGCCATAAAGCA-1-s1d1,CD16+ Mono
GCGGTTGGTGCCGCAA-1-s1d1,Erythroblast
GGACGAAGTCATTAGG-1-s1d1,Erythroblast
GGTACAAAGGAAGCAC-1-s1d1,CD14+ Mono
GTTTGCTGTAGGTTTG-1-s1d1,CD14+ Mono
GTTACCTGTTGTTGCT-1-s1d1,Erythroblast
GCTGCATCATCTAGCA-1-s1d1,CD16+ Mono
TTGTCCATCACCTGCT-1-s1d1,Erythroblast
GCCTGACAGACACTTA-1-s1d1,HSC
CGGAGTCTCATGGCTG-1-s1d1,Normoblast
GTAGGCGAGCGATACT-1-s1d1,Erythroblast
CGTAACTAGCTTAGCG-1-s1d1,ID2-hi myeloid prog
TGCCTGTTCAGGTTTA-1-s1d1,Normoblast
TCCGGTTTCTAAGTCA-1-s1d1,Erythroblast
TCAGTAATCAAGTGTC-1-s1d1,HSC
ATTCGTTTCTTGTCTG-1-s1d1,ID2-hi myeloid prog
AACCCGCAGCACGATT-1-s1d1,Normoblast
GGGCATGAGTGTGATC-1-s1d1,G/M prog
AGTAAGTAGGCATGAA-1-s1d1,CD14+ Mono
CTAACCCTCAAACCTA-1-s1d1,Normoblast
TAAGCCTAGCCTGTGA-1-s1d1,Normoblast
CGAGGAAGTGAGACTC-1-s1d1,CD14+ Mono
AGAAACTAGGTTTGCG-1-s1d1,CD14+ Mono
AGGGCCTTCAGCATTA-1-s1d1,CD14+ Mono
ATATGCATCCTGATGG-1-s1d1,CD14+ Mono
AGCTTTAAGTAGCCAT-1-s1d1,Erythroblast
CCTCCTCTCAAACTCA-1-s1d1,CD14+ Mono
TGGACCGGTGTTCCCA-1-s1d1,Erythroblast
GAGGCAAGTGTAACCA-1-s1d1,Normoblast
GAACCAGCAATATAGG-1-s1d1,CD14+ Mono
TCAAGTATCGAGGTGG-1-s1d1,CD14+ Mono
GGACATAAGTCACTCC-1-s1d1,CD14+ Mono
CGATGTCCAGCAAATA-1-s1d1,Erythroblast
GGAACTAAGGCGGATG-1-s1d1,Erythroblast
GGTTGAGCAATGCGCT-1-s1d1,pDC
GTTCCTTCATTAGGTT-1-s1d1,Erythroblast
CCCAGCACATCCTAGA-1-s1d1,CD14+ Mono
TGAGAACCACAATGCC-1-s1d1,Normoblast
GAAACTGAGTGAACGA-1-s1d1,CD14+ Mono
CGATATTCATGTCAAT-1-s1d1,Erythroblast
GCAGCAACACAGACTC-1-s1d1,Erythroblast
AGCACTTAGCACTAAC-1-s1d1,CD14+ Mono
CCTCCTGAGTATTGCA-1-s1d1,CD16+ Mono
GTGCCTTTCCCTGGAA-1-s1d1,CD14+ Mono
ATTCCGGAGGTGCGGA-1-s1d1,CD14+ Mono
GGTGATTTCGTCCTTA-1-s1d1,Erythroblast
CATTGTGCAAGTAAGC-1-s1d1,CD14+ Mono
GTAGGTGCAACCGCCA-1-s1d1,Erythroblast
AATCAGGAGCCTCTCG-1-s1d1,CD14+ Mono
GCCTGCTGTTAGGCTA-1-s1d1,CD16+ Mono
GTTCTTGTCACTTCAT-1-s1d1,CD14+ Mono
TGTTACTTCATAGACC-1-s1d1,CD14+ Mono
AGGTCATTCGATATTG-1-s1d1,ID2-hi myeloid prog
ATTCGTTTCTAATCTC-1-s1d1,CD14+ Mono
CGAACCGGTGCACGCA-1-s1d1,Erythroblast
GTCTAATCAGATTCAT-1-s1d1,CD14+ Mono
GATGCATTCTATGACA-1-s1d1,CD14+ Mono
CGTTAGGTCATAACTG-1-s1d1,Normoblast
AGCCGCTAGCAAGGGT-1-s1d1,Erythroblast
GCTCAACCAGCTCAAC-1-s1d1,Erythroblast
CGTCAATAGTTGTCAA-1-s1d1,Erythroblast
GCAAACTTCATTATGG-1-s1d1,ID2-hi myeloid prog
TAGCTAGGTTTCGCCA-1-s1d1,CD14+ Mono
GATGGCTGTTACGCAA-1-s1d1,Erythroblast
GACCGAACATAGACCC-1-s1d1,CD14+ Mono
TACAGGTTCGCTAGAT-1-s1d1,CD14+ Mono
ACCAGGACAACACCTA-1-s1d1,pDC
CTGTATTTCGGGACCT-1-s1d1,CD14+ Mono
TCATGTTTCATAAGCC-1-s1d1,Erythroblast
GCCTTACTCGTTTCTG-1-s1d1,CD14+ Mono
TGTTACTTCTCACAAA-1-s1d1,Erythroblast
AGCGCTCAGTTGTCTT-1-s1d1,CD14+ Mono
TAGGCTAGTGTCCAAA-1-s1d1,MK/E prog
ACCCAACCAGGAACCA-1-s1d1,Erythroblast
TGTATCCGTGTCACGG-1-s1d1,CD14+ Mono
CAACTAATCCAAATCA-1-s1d1,CD14+ Mono
GAGCAAGGTGGTGAGA-1-s1d1,Normoblast
ATCATGTCAATTGAGA-1-s1d1,Normoblast
ACGTACCCACCGGTAT-1-s1d1,Normoblast
AATAACCGTTCGGGAT-1-s1d1,Erythroblast
TTTCAGTTCATTGCGG-1-s1d1,HSC
ACTCGCGCACTTCATC-1-s1d1,Erythroblast
GTGTGTTAGGGCCACT-1-s1d1,pDC
CGGTTTCTCGCTTCTA-1-s1d1,CD14+ Mono
TTAGCGGTCATTTGTC-1-s1d1,Normoblast
AATCCTAAGAAGCTAG-1-s1d1,Erythroblast
GTGAGCGAGGAGGCAT-1-s1d1,ID2-hi myeloid prog
GTAGCTGTCAAGCTTA-1-s1d1,Normoblast
GTAGCTGTCCTCACTA-1-s1d1,CD16+ Mono
CAGTATGGTTCATCTA-1-s1d1,CD14+ Mono
GTACACCCATTCCTGT-1-s1d1,CD14+ Mono
AGGCCCAGTCACTCGC-1-s1d1,Normoblast
CTATGAGGTGAGCGAA-1-s1d1,CD14+ Mono
CCAACCCGTTATCCTA-1-s1d1,Erythroblast
CGTTATTTCATTATGG-1-s1d1,cDC2
AATTACCCACCGGCTA-1-s1d1,Erythroblast
CTTCAATTCATTACGA-1-s1d1,CD14+ Mono
AAGTGAAGTAATCACG-1-s1d1,CD14+ Mono
TGTGCAAGTTAATGAC-1-s1d1,CD14+ Mono
TTGGATTCATAAAGCA-1-s1d1,CD14+ Mono
GATTCATCAACTAGGG-1-s1d1,Erythroblast
GATTCAATCTTAGGGT-1-s1d1,CD14+ Mono
ATCATCAAGGCGCATC-1-s1d1,G/M prog
GCAGGTGAGCGGATTT-1-s1d1,Normoblast
CCTAAGCCAGGCGAGT-1-s1d1,Proerythroblast
TAGCCTCTCGGTTACG-1-s1d1,Normoblast
GCCAATTAGTAGCGGG-1-s1d1,Proerythroblast
TTGTTGTTCATGGCTG-1-s1d1,CD14+ Mono
CGGGACAAGTAACTCA-1-s1d1,Normoblast
ACCAAGCGTGGATTCA-1-s1d1,G/M prog
ACAACACTCGAGCTAT-1-s1d1,Normoblast
AGCATTTCAGTCTAAT-1-s1d1,Normoblast
TTAAGCCAGGCTAATC-1-s1d1,CD14+ Mono
CCTAAATCATAATGTC-1-s1d1,Proerythroblast
GTCATTAAGCATCCAG-1-s1d1,Erythroblast
GAAACTGAGCCGCTTT-1-s1d1,MK/E prog
TACCAAATCCCTCACG-1-s1d1,Erythroblast
CGTTATCGTATTTGCC-1-s1d1,Erythroblast
ATAGGTACAATATGGA-1-s1d1,CD14+ Mono
GATTAGCTCTAGCGAT-1-s1d1,CD14+ Mono
GATAAAGGTGACCTGG-1-s1d1,CD14+ Mono
ACTTACAAGGGACGCA-1-s1d1,G/M prog
GGTGCTTCAATCATGT-1-s1d1,Erythroblast
ACAAACTGTTCATTTG-1-s1d1,Proerythroblast
GACTTAGGTCGCGCAA-1-s1d1,Normoblast
CTCTAAGCATGTCAAT-1-s1d1,CD14+ Mono
CGTTAGTAGGTGAGAC-1-s1d1,Normoblast
AGTTGGCGTGGATTAT-1-s1d1,CD14+ Mono
ATCACTAAGTTACCGG-1-s1d1,CD14+ Mono
TACCTTAGTATTGGAT-1-s1d1,Erythroblast
GAGCGAAGTGTTGTAG-1-s1d1,CD16+ Mono
CGGACAACAGATTCAT-1-s1d1,Erythroblast
TCTGGCTTCTATCGCC-1-s1d1,CD14+ Mono
CCTAAGGTCCTTTACG-1-s1d1,pDC
CGCTGTGCAGGCTAAG-1-s1d1,Normoblast
AAGTCTATCCCGTTAC-1-s1d1,CD14+ Mono
TTGTTCCCAGTAATAG-1-s1d1,Normoblast
ACTTAGTCAAAGCGCA-1-s1d1,Erythroblast
CCACTTGGTAAATTGC-1-s1d1,G/M prog
TTTATGGAGGGTGAAC-1-s1d1,CD14+ Mono
CATCCCAGTCTTGCAT-1-s1d1,Erythroblast
GGTACTTAGGAGTCGG-1-s1d1,CD14+ Mono
GATAAAGGTATTGGTG-1-s1d1,CD14+ Mono
CTCGTTATCACTAAGC-1-s1d1,Normoblast
CCAACCAAGAAAGGAA-1-s1d1,CD14+ Mono
TGACTTAAGCTAAGTC-1-s1d1,pDC
GGAGCAAGTCGCAATA-1-s1d1,Erythroblast
CAGTATGGTGGATTGC-1-s1d1,CD14+ Mono
TCGTTACGTACAAAGA-1-s1d1,Erythroblast
GTACTGGTCTGTGAGT-1-s1d1,pDC
TGTTCCTCAAATGCCC-1-s1d1,Erythroblast
CTGCTCCCATCAATCG-1-s1d1,CD14+ Mono
ACCTGGATCATCCTAT-1-s1d1,Normoblast
GAGTTGCGTTACTTGC-1-s1d1,Proerythroblast
TGTGGCCAGGCCGGAA-1-s1d1,CD14+ Mono
TCAACAATCCCTGTTA-1-s1d1,CD14+ Mono
GGCAGGATCTCACATT-1-s1d1,Erythroblast
CTGGATGTCCTTTACG-1-s1d1,CD14+ Mono
GTGTAACTCTAACCTT-1-s1d1,Normoblast
AGTCTTGCATAGTCAT-1-s1d1,Erythroblast
TATTCGTTCCCTGTTA-1-s1d1,Normoblast
CTAGTTGCAGCATTAT-1-s1d1,CD14+ Mono
CACGCTAAGCTTTGGG-1-s1d1,HSC
CTCCTAATCATCCTAT-1-s1d1,ID2-hi myeloid prog
TGGATTGGTTTGTCTA-1-s1d1,G/M prog
TGTGTTAAGAAGGTGC-1-s1d1,G/M prog
AATCATCCATGAGCAG-1-s1d1,Normoblast
CACCAACCACTAGGTC-1-s1d1,CD14+ Mono
TTAGCCTGTAGTCAAT-1-s1d1,Erythroblast
TTATGACCAAAGCTCC-1-s1d1,CD14+ Mono
ATTGTGATCCTGATGG-1-s1d1,CD14+ Mono
TGAGCAAAGAGGAGGA-1-s1d1,MK/E prog
GTACGTAGTTTACCGT-1-s1d1,CD16+ Mono
GGAGCATAGCTTAGTA-1-s1d1,Normoblast
AATGCAACATGCTATG-1-s1d1,Erythroblast
ATGAAGCCAGTAGCCT-1-s1d1,G/M prog
TTGCAACAGAGGGACT-1-s1d1,CD14+ Mono
GGTTATGGTCGCATAA-1-s1d1,Normoblast
CTTCACTCAAGACTCC-1-s1d1,CD14+ Mono
CTCGCTAGTGTTTGAG-1-s1d1,CD16+ Mono
TGCTATGCAGGACACA-1-s1d1,CD14+ Mono
TTCACTGTCAGCATTA-1-s1d1,Normoblast
CATGGATTCGATAACC-1-s1d1,CD14+ Mono
GTTCACCTCAGGTTTA-1-s1d1,CD14+ Mono
CTCGACAAGTCCTGAG-1-s1d1,Erythroblast
CGTGACATCTAGCGAT-1-s1d1,CD16+ Mono
ATGAAGTAGCTTCCCG-1-s1d1,HSC
ACCAGCTCATGTTTGG-1-s1d1,Normoblast
GCAATGAAGTTTGCGG-1-s1d1,Erythroblast
CCCATAACAGACAAAC-1-s1d1,CD14+ Mono
GGTAAGGGTTAGGACC-1-s1d1,Proerythroblast
CCTCAGTTCTAACCAA-1-s1d1,Normoblast
CGGTTCCGTAGGTGTC-1-s1d1,Erythroblast
AATTACCCAAGTAAGC-1-s1d1,CD14+ Mono
ACCAAGTTCCAGCACA-1-s1d1,Erythroblast
ACTTGTAAGTTTGAGC-1-s1d1,Erythroblast
CAGGAAGGTTTCCTCC-1-s1d1,Normoblast
TGCATCCTCCGCACAA-1-s1d1,ID2-hi myeloid prog
CCTGATGAGCAAACCT-1-s1d1,Erythroblast
GGGAATATCCAATTAG-1-s1d1,G/M prog
TCACGGATCTGGTCCT-1-s1d1,Erythroblast
ATTAGCTCATGAATCT-1-s1d1,Erythroblast
CGTTGCAAGGAAGTAT-1-s1d1,G/M prog
AGAGAAGCAGCAAGTG-1-s1d1,CD14+ Mono
GACCGAACATGCTTAG-1-s1d1,Erythroblast
AGGTACGCAATATAGG-1-s1d1,Normoblast
GCTAACAGTGGGTACT-1-s1d1,Normoblast
TCGTTAGCACGGTACT-1-s1d1,Erythroblast
GGTCAGGAGGATAAAC-1-s1d1,CD14+ Mono
TTGGGCGGTTCGCTCA-1-s1d1,CD14+ Mono
TGCCGGTAGTTTAACG-1-s1d1,CD14+ Mono
GGTCATTAGAGGGACT-1-s1d1,CD14+ Mono
CTTATGTTCAGCAAGA-1-s1d1,Normoblast
TTGTGTGCAAGGTCGA-1-s1d1,Erythroblast
TACGCTTGTGAGACTC-1-s1d1,CD16+ Mono
ATGACGAAGTGAACGA-1-s1d1,CD16+ Mono
AAATCCGGTGACATAT-1-s1d1,Normoblast
AGGTATTGTAAATTGC-1-s1d1,G/M prog
TGGCTATAGAACCTGT-1-s1d1,pDC
ATGTCATCAACCGCCA-1-s1d1,CD14+ Mono
CTATGTTTCATTAGGC-1-s1d1,Erythroblast
GACTCACCATGACTAT-1-s1d1,cDC2
AGGTCTTAGTGGCGGA-1-s1d1,Normoblast
TCCTCTAAGTTGTCAA-1-s1d1,Normoblast
AAGAATCAGTTAGTTG-1-s1d1,CD14+ Mono
ATTCATGAGTCAATCA-1-s1d1,Erythroblast
TCACCTGGTTGACTTC-1-s1d1,Normoblast
CGCACAATCAATCTCT-1-s1d1,CD14+ Mono
GTGTGTTAGTATTGCA-1-s1d1,Normoblast
GGTTTCTGTTGAGCCG-1-s1d1,Erythroblast
GAGGTACAGCAACAAG-1-s1d1,CD16+ Mono
TCGTTACGTAATAGCT-1-s1d1,CD14+ Mono
GTCATCCTCACGAATC-1-s1d1,CD14+ Mono
CGTAGCGGTCCTTTAA-1-s1d1,G/M prog
ACCCGTAAGTCCTGAG-1-s1d1,Erythroblast
CTTCACTCACAACAAA-1-s1d1,Erythroblast
TGTCAGTAGAATGACG-1-s1d1,MK/E prog
CGTGGTTCACTGACCG-1-s1d1,HSC
TCGGTTACAGTCTATG-1-s1d1,G/M prog
GTTGCTGAGACTAAGG-1-s1d1,CD14+ Mono
ACCATAATCGCACACA-1-s1d1,G/M prog
GCTTTGTGTTGAAGCC-1-s1d1,G/M prog
TCCTGGTTCCTAAGAC-1-s1d1,CD14+ Mono
GCGATTTAGCTCGCTT-1-s1d1,pDC
GATCGCTCAAACTAAG-1-s1d1,Erythroblast
GCAATCTAGGAATAAC-1-s1d1,Erythroblast
TGCTTGCTCCCGAACA-1-s1d1,Erythroblast
ATATGGTGTGTTTGTC-1-s1d1,CD14+ Mono
ATGTCATCACCAACCG-1-s1d1,CD14+ Mono
AAGTTACGTTGACTTC-1-s1d1,CD14+ Mono
TTGAGCTAGTTCCCAC-1-s1d1,Normoblast
AAGGATCCAAACTAAG-1-s1d1,CD14+ Mono
GCTGCAATCGTCCTTA-1-s1d1,G/M prog
GGTGAGGTCGTTCACC-1-s1d1,Erythroblast
GACCGAACATGAATAG-1-s1d1,CD14+ Mono
CTCCGTCCAACCGCCA-1-s1d1,CD14+ Mono
TCGATTAAGCGAAGTA-1-s1d1,Erythroblast
GGAACCTGTTAAGCCA-1-s1d1,CD14+ Mono
GCTAATATCTGGTCCT-1-s1d1,Proerythroblast
TAGACCAGTAACGAGG-1-s1d1,MK/E prog
GCTAGTGTCGTTAGCG-1-s1d1,Erythroblast
TATCACGCACATTAAC-1-s1d1,CD14+ Mono
GGCCTCTGTACTAAAC-1-s1d1,CD14+ Mono
GCCTACTTCTCCATGC-1-s1d1,pDC
GTAGTTTCAGACAAAC-1-s1d1,CD14+ Mono
ATAATGGCATTGACAT-1-s1d1,CD14+ Mono
ATGAATGCAAGGTGCA-1-s1d1,CD14+ Mono
GTCGCAATCAAGCGCC-1-s1d1,CD14+ Mono
ATTGGCTAGTAACTCA-1-s1d1,Normoblast
ACTTCGCTCTAATCCT-1-s1d1,CD14+ Mono
GCCTCAAAGGCTTAAC-1-s1d1,Proerythroblast
GCTTAACAGCACTAAC-1-s1d1,CD14+ Mono
ACCGAAGCAGCGCTTG-1-s1d1,CD14+ Mono
GTCTATCGTTGAGCCG-1-s1d1,CD14+ Mono
GTGAACAAGTGCACGC-1-s1d1,Erythroblast
CGGTTCCGTGACATAT-1-s1d1,Erythroblast
AAGAACAGTAGCCTCC-1-s1d1,CD14+ Mono
GCTTGACCAACTGGCT-1-s1d1,pDC
TTTATGGAGAAGGTGC-1-s1d1,CD14+ Mono
GAGTGAGGTGCGCGTA-1-s1d1,CD14+ Mono
TTAGGCGTCTAGCGAT-1-s1d1,Erythroblast
TACAAGCTCCCTGTTA-1-s1d1,MK/E prog
TGTTAGCAGCAAGGAC-1-s1d1,G/M prog
AATTTGCCATCAGTAT-1-s1d1,Erythroblast
TTAGCCTGTCACTCGC-1-s1d1,CD14+ Mono
TCTTTGTAGGACCAGG-1-s1d1,CD14+ Mono
CTCATGCTCAAGTGAG-1-s1d1,Erythroblast
ACAACAGAGCGCAATT-1-s1d1,Proerythroblast
GCGGGTTTCAAGTGAG-1-s1d1,CD14+ Mono
CTTAGGAGTTGAGGTC-1-s1d1,CD14+ Mono
GCACGGTTCCAGGTCA-1-s1d1,G/M prog
GGTAATTGTAGACAAA-1-s1d1,pDC
AAGACAAGTTTGGCGG-1-s1d1,Normoblast
CTCGCTCCAAACTAAG-1-s1d1,CD14+ Mono
TGCACTTGTCCTTTAA-1-s1d1,Erythroblast
GATTGCGTCATTAGTG-1-s1d1,Normoblast
CCCTCATAGTAAAGGT-1-s1d1,Erythroblast
TCCGGAATCTTGCATT-1-s1d1,Erythroblast
GTCCTCAGTTTATCGC-1-s1d1,ID2-hi myeloid prog
GCGATTTAGCTAATCA-1-s1d1,Normoblast
TGGATTCAGCGCCTAA-1-s1d1,CD14+ Mono
TGAGGCACAATTATGC-1-s1d1,Erythroblast
CAACTAGGTTTGGCTT-1-s1d1,CD14+ Mono
ACCAGGACAGTACCGT-1-s1d1,cDC2
TAGCTAATCATGAGCT-1-s1d1,CD14+ Mono
GCACGCTAGCCGCAGT-1-s1d1,CD14+ Mono
CCTCAAACACAATTAC-1-s1d1,CD14+ Mono
TCCCTCACACCAGGTT-1-s1d1,CD14+ Mono
CTCTCACAGCTTAACA-1-s1d1,ID2-hi myeloid prog
CTTATGTTCTTGTCTG-1-s1d1,Erythroblast
CTCACTCAGGGTGGAT-1-s1d1,Normoblast
TTGTTGCGTGGATTAT-1-s1d1,G/M prog
TTTGGTGCAGGCTTCG-1-s1d1,Normoblast
GTTTGTAAGTGATTCA-1-s1d1,G/M prog
TGTAAGCTCATTGCAA-1-s1d1,Erythroblast
GGACTAAAGCTACTGG-1-s1d1,pDC
ATATGCATCCCTGTTA-1-s1d1,CD14+ Mono
ATCCATAAGAGAAGGG-1-s1d1,CD14+ Mono
GGCTAGTGTTTATTCG-1-s1d1,Normoblast
CCGCAAGGTGGAAACG-1-s1d1,Erythroblast
GTGTAACTCCAAACAC-1-s1d1,CD14+ Mono
GACTTAGGTTACATCC-1-s1d1,Erythroblast
CTGGACCAGCGCATTG-1-s1d1,Erythroblast
GTTCTTAGTGCTCCGT-1-s1d1,Erythroblast
TTGTCCATCATCACTT-1-s1d1,Erythroblast
TAGTTGTCAGGACACA-1-s1d1,Erythroblast
CATAATGTCCTTCTAG-1-s1d1,Erythroblast
CGGACAACAGCAACCT-1-s1d1,CD14+ Mono
GACCTAAGTGCCTCAC-1-s1d1,pDC
TACATCAAGTTTAACG-2-s1d2,Normoblast
TCTACTAGTGAAACAA-2-s1d2,CD14+ Mono
AGTCCTGAGCTCAAAC-2-s1d2,cDC2
CACATTAAGATACTTG-2-s1d2,Erythroblast
GTTACGCCAAAGCGCA-2-s1d2,pDC
GATTCATCAAGCGAGC-2-s1d2,CD14+ Mono
GATGCGACACAGACTC-2-s1d2,cDC2
GGCTGAGAGAAACTGG-2-s1d2,MK/E prog
CAAACACTCGCAGGCT-2-s1d2,Erythroblast
CAACTAATCCTAAGAC-2-s1d2,MK/E prog
TCTAACCGTCTATCGT-2-s1d2,pDC
GGAGTCTGTGTTTCAC-2-s1d2,CD14+ Mono
TCTGTGACAACGTGCT-2-s1d2,CD16+ Mono
AGCCGGTTCATAACGC-2-s1d2,CD14+ Mono
GTGCGCAGTGTCCAAA-2-s1d2,Erythroblast
AATTGCCAGTTAGGCT-2-s1d2,CD14+ Mono
AACTAGTGTTTACTTG-2-s1d2,CD14+ Mono
CATCCTTCACTAAGAA-2-s1d2,CD14+ Mono
TGAGGGAGTTAACAGT-2-s1d2,CD16+ Mono
GCGATTAGTAGGTGTC-2-s1d2,Normoblast
GTGCATTAGGGCTTTG-2-s1d2,G/M prog
TTGCGTCTCATGACCG-2-s1d2,MK/E prog
GCAATATGTGCCTCAC-2-s1d2,Erythroblast
GAGCTGCTCAGCACCA-2-s1d2,CD14+ Mono
CTTTAGGCAGGAATCG-2-s1d2,CD14+ Mono
GGAGCATAGATAAAGC-2-s1d2,HSC
GTGCTCAAGGAAGCTA-2-s1d2,pDC
GGCTATGTCCATCAGG-2-s1d2,CD16+ Mono
CTCAATAAGGGTTAGA-2-s1d2,CD14+ Mono
AACCGGCTCAAAGGCA-2-s1d2,CD14+ Mono
CTCCAAACAGCTTAGC-2-s1d2,pDC
TGAAGCAAGTTTCCGC-2-s1d2,ID2-hi myeloid prog
GAAGTATAGCGGTTAT-2-s1d2,CD14+ Mono
TCAAACCAGGATCCGC-2-s1d2,CD14+ Mono
ACATTAGTCCCATAGG-2-s1d2,CD14+ Mono
ATATAGGCACAGCCTG-2-s1d2,CD14+ Mono
GGTAACTTCTAGCTAA-2-s1d2,CD14+ Mono
GGAAACTCAGATTCAT-2-s1d2,CD16+ Mono
CTGTATTTCTTTAAGG-2-s1d2,CD14+ Mono
CTTCATCCATTGACAT-2-s1d2,Erythroblast
CATGGATTCTCAATGA-2-s1d2,Normoblast
GGTAAGGGTAGTTGGC-2-s1d2,Erythroblast
GGAAGCTAGGGACCTC-2-s1d2,CD14+ Mono
CCGCACACAGGCGATA-2-s1d2,cDC2
TTTGTGTTCACAGGAA-2-s1d2,CD14+ Mono
CGGGTCTAGCGGCTGT-2-s1d2,CD14+ Mono
GTCGAGGAGGACCTTG-2-s1d2,CD14+ Mono
GACCGTTCACAAGCCT-2-s1d2,CD14+ Mono
CAGGCTATCCTCAGTC-2-s1d2,Erythroblast
TGTCAATCAAGGATTA-2-s1d2,CD16+ Mono
TCTAGCCTCTAATCCT-2-s1d2,CD16+ Mono
TGAGCAAAGGAACCAA-2-s1d2,CD16+ Mono
ATATGCATCGATTTGA-2-s1d2,Erythroblast
TAGTAGGAGGACCTGC-2-s1d2,CD14+ Mono
CGCGATTCATAACGGG-2-s1d2,Proerythroblast
CATCCCAGTAGCAGCT-2-s1d2,CD14+ Mono
TGGCCTTTCCGCTAGA-2-s1d2,MK/E prog
CTTGCTCAGGAGCAAC-2-s1d2,CD14+ Mono
CAGGATGCAGGTTACC-2-s1d2,Erythroblast
TGCCTGTTCTTACTCG-2-s1d2,CD14+ Mono
GAGTGATCAATATAGG-2-s1d2,CD14+ Mono
GCTAGCGGTCAAGTAT-2-s1d2,CD14+ Mono
CGCCACACATTCCTGT-2-s1d2,CD14+ Mono
ATTATGGTCTTGCAGG-2-s1d2,CD14+ Mono
GAAGTATAGCTGTAAC-2-s1d2,Normoblast
AAACCAACAAAGCTAA-2-s1d2,CD14+ Mono
TCCACAACACCAGGTT-2-s1d2,CD14+ Mono
TAATTGCCAGGAAGCC-2-s1d2,CD14+ Mono
TGTAAGTGTTAGACCA-2-s1d2,CD14+ Mono
GCGCCTTGTCACCTAT-2-s1d2,Erythroblast
TCGTTTCCAACTAGAA-2-s1d2,CD14+ Mono
TGCTTCATCCTGATGG-2-s1d2,cDC2
TAGGGTTTCCTTAATC-2-s1d2,CD14+ Mono
TTAACTGAGGATTTGC-2-s1d2,CD16+ Mono
TAAGGCTTCTAAGTGC-2-s1d2,CD14+ Mono
CGATATTCAGCTCATA-2-s1d2,CD14+ Mono
GCCTGACAGCTTAACA-2-s1d2,CD14+ Mono
CGTACGGGTGTGTGGT-2-s1d2,MK/E prog
ACCTGGATCGTAACGT-2-s1d2,CD16+ Mono
GCTTATCGTATTACCC-2-s1d2,CD14+ Mono
TTCGGTACACGGTACT-2-s1d2,CD16+ Mono
ATGCAAACAATAGTCT-2-s1d2,G/M prog
CCGTTATGTAGGTTAT-2-s1d2,MK/E prog
TCCCGGACAAGGGTTG-2-s1d2,CD16+ Mono
ATGCCTGAGCTTCTCA-2-s1d2,pDC
ACATTAGTCTAACTGA-2-s1d2,CD16+ Mono
GTTACTCGTTTGGCGG-2-s1d2,CD14+ Mono
ATGGCTTAGGCAACAA-2-s1d2,CD14+ Mono
GCGCTTGCAGCGCTTG-2-s1d2,CD14+ Mono
CCGTGCTGTATTGTGG-2-s1d2,CD14+ Mono
AAGTGCAAGTCATTAG-2-s1d2,Proerythroblast
CCTATATTCTTGTCCA-2-s1d2,CD14+ Mono
GGGAATATCCTCAGCT-2-s1d2,CD14+ Mono
GACGCAACATGATTGT-2-s1d2,CD16+ Mono
TCCCTCACAAAGCTAA-2-s1d2,CD14+ Mono
AAGCGAGGTGGATTAT-2-s1d2,CD14+ Mono
ATCCGTGAGGCGGATG-2-s1d2,Erythroblast
TTCGGTACACCTGCCT-2-s1d2,MK/E prog
GATAACGAGTCACGAT-2-s1d2,Erythroblast
AGTAAGTAGGGCTAAA-2-s1d2,CD14+ Mono
CTTGGACCAACCTAAT-2-s1d2,Normoblast
CCTAAGCCATAATCCG-2-s1d2,cDC2
TTGCAACAGTCAGTAC-2-s1d2,CD14+ Mono
TGTGCTGAGTGAGCAA-2-s1d2,CD14+ Mono
ACAACACTCATCCACC-2-s1d2,CD14+ Mono
GGCTGGTTCAATCATG-2-s1d2,CD14+ Mono
TTTCGTCCATTCAGCA-2-s1d2,CD14+ Mono
TGCTAACAGCGAGCGA-2-s1d2,CD14+ Mono
CTTATTGGTCCGTGAG-2-s1d2,CD14+ Mono
GAAGGAACAAATTCGT-2-s1d2,CD14+ Mono
CGCACACAGCGGGCAA-2-s1d2,CD16+ Mono
CAGCAAGCAAGGAATC-2-s1d2,Normoblast
AAAGGTTAGGCAGGTG-2-s1d2,CD14+ Mono
ACAGCGCTCTAAGGTC-2-s1d2,Normoblast
GCACTTACATCCCTCA-2-s1d2,Normoblast
GGCTATGTCGGTTCCT-2-s1d2,Erythroblast
ACTAACGGTGTTGTGA-2-s1d2,Erythroblast
CTACGAAGTTAGGACC-2-s1d2,Normoblast
ATATAGGCAATTATGC-2-s1d2,Erythroblast
GATTGGTTCCTGGTCT-2-s1d2,Proerythroblast
CGCTATGAGTCCTTCA-2-s1d2,CD14+ Mono
CCACACAAGCACTAGT-2-s1d2,CD14+ Mono
TTTAGCAAGGGACTAA-2-s1d2,CD14+ Mono
ACTAACTCACTAGCGT-2-s1d2,cDC2
AGGATATAGCCTAATA-2-s1d2,Normoblast
CAGAATCTCGTTAACA-2-s1d2,Normoblast
AGTAACCTCGAAGTAG-2-s1d2,Normoblast
CGTGAGGAGGTATTGC-2-s1d2,HSC
TTACCTGTCGTCATTT-2-s1d2,CD14+ Mono
GTTCCCAGTCAGGCAT-2-s1d2,cDC2
ATATGTCCAAGACTCC-2-s1d2,Erythroblast
TTGACGTAGTAAAGGT-2-s1d2,CD14+ Mono
TTGTGCGAGCGAGGTG-2-s1d2,Erythroblast
CATTATGAGCGCATTG-2-s1d2,CD14+ Mono
TCTTAGCGTGTGCAAC-2-s1d2,cDC2
TAACAAGCATAAGGAC-2-s1d2,CD14+ Mono
ACCAGGGAGCTGTAAC-2-s1d2,Normoblast
GATTCGCCATTCCTGT-2-s1d2,Proerythroblast
TTGCAACAGCTGGCTA-2-s1d2,G/M prog
TGAACAACAAGCTACC-2-s1d2,cDC2
TTTAGCAAGTTATTCC-2-s1d2,CD14+ Mono
ATGTTTGAGTTCCCGT-2-s1d2,CD14+ Mono
GATTTGCAGCTATTAG-2-s1d2,G/M prog
CTCGTTATCTTGCAGG-2-s1d2,Normoblast
TTGACGTAGGAGGTTA-2-s1d2,CD14+ Mono
CGAGGCAAGACCATAC-2-s1d2,CD14+ Mono
CCCTCAGTCTACCTAT-2-s1d2,CD14+ Mono
AGGAACGGTTGAAGCC-2-s1d2,Normoblast
CCCTTAATCATGCTAA-2-s1d2,CD14+ Mono
CAATAAGCATAGGCGA-2-s1d2,CD14+ Mono
GATTCCTGTAAGCTTG-2-s1d2,HSC
CTTGTTTAGGACCTCA-2-s1d2,MK/E prog
GTAGCGCTCCGTGACA-2-s1d2,CD14+ Mono
TGCTCACTCTAATCAG-2-s1d2,CD14+ Mono
AGATGAAGTGATCAGC-2-s1d2,CD14+ Mono
GATTACTCAGCAATAA-2-s1d2,Normoblast
TAAAGCCTCCTAATAG-2-s1d2,Erythroblast
TTAGGCGTCAGCTAAC-2-s1d2,G/M prog
AACAAGCCAACTGGGA-2-s1d2,CD16+ Mono
TGGACAAAGGTCATTA-2-s1d2,CD14+ Mono
CTGTTGGAGGTGAAGC-2-s1d2,CD14+ Mono
GAAGCCTGTTGCGCGA-2-s1d2,CD14+ Mono
TACTCAAAGAACCTGT-2-s1d2,CD14+ Mono
CGTACGGGTCACAGCG-2-s1d2,CD14+ Mono
GAATTTGTCCCTGATC-2-s1d2,HSC
ACCAGGACATAGCGGA-2-s1d2,MK/E prog
TACGGTTAGCGGGCAA-2-s1d2,CD14+ Mono
ATTCAACCAATCTCTC-2-s1d2,CD14+ Mono
CCCTGGACAAGGGTTG-2-s1d2,G/M prog
GTTGCATAGGTCCTAG-2-s1d2,CD14+ Mono
TTCACTGTCCTTGAGG-2-s1d2,CD16+ Mono
CACCGGTAGGAACACA-2-s1d2,MK/E prog
CCAAGTTAGCTTAGCG-2-s1d2,CD14+ Mono
CATGGCGGTTAACACG-2-s1d2,CD14+ Mono
GTAGTTATCAGTTCCC-2-s1d2,G/M prog
TCGCCCATCGCTTCTA-2-s1d2,CD16+ Mono
TCACCGGCAACCCTCC-2-s1d2,CD16+ Mono
TACAATGTCGCTCCAT-2-s1d2,pDC
AGGTCCGGTTAGTGAT-2-s1d2,CD14+ Mono
TACGGATTCATAACTG-2-s1d2,CD14+ Mono
ATGGCCCAGGGCTTTG-2-s1d2,CD14+ Mono
CCTCAGTTCAATGAGG-2-s1d2,CD16+ Mono
GGCAATCGTTATCGAG-2-s1d2,pDC
AACGACAAGTTTAACG-2-s1d2,CD14+ Mono
AACGGTAAGAAAGGAA-2-s1d2,CD14+ Mono
CCTCCTCTCATAAGCC-2-s1d2,CD14+ Mono
TCACCTCAGGAACCAA-2-s1d2,MK/E prog
TGTGCTGAGTACTGGT-2-s1d2,CD14+ Mono
GCTGTGCAGGCAACAA-2-s1d2,CD14+ Mono
TCAGGTCCATTGACAT-2-s1d2,ID2-hi myeloid prog
GAGGCTACAAGTTATC-2-s1d2,CD16+ Mono
ACCTTGCTCCTGGCTT-2-s1d2,CD14+ Mono
ACTTGAATCGATAACC-2-s1d2,CD14+ Mono
TCTAATCTCACTCAAA-2-s1d2,CD16+ Mono
CTGATCACAGACAAAC-2-s1d2,CD14+ Mono
GAAGTATAGGAGGACT-2-s1d2,CD14+ Mono
CTCACACTCTTGATGA-2-s1d2,CD14+ Mono
CACAGGGAGTTCCCGT-2-s1d2,CD14+ Mono
CCTTGCGTCAAGACTC-2-s1d2,cDC2
TGTATCCGTAGACAAA-2-s1d2,CD14+ Mono
AATGAAGGTCACAGCG-2-s1d2,CD14+ Mono
CTTGCTCAGGTAAGGC-2-s1d2,CD14+ Mono
ACAGGAATCTGCAACG-2-s1d2,Normoblast
ATGATGGAGTCCTTTG-2-s1d2,HSC
CCAGCTGCACCTACGG-2-s1d2,CD14+ Mono
GTACTGGTCGCTATGG-2-s1d2,CD14+ Mono
AGCTATATCTCACACC-2-s1d2,CD14+ Mono
TCGTTACGTTGACTTC-2-s1d2,CD14+ Mono
ATGAATGCACCAGGTT-2-s1d2,Proerythroblast
CGTCCTAGTGATTACG-2-s1d2,CD14+ Mono
CAGGAAGGTTACTTGC-2-s1d2,cDC2
TACAGCTAGGCTGGCT-2-s1d2,cDC2
TATGGTCAGGCGGATG-2-s1d2,CD14+ Mono
CCATAAGGTTCTTTAG-2-s1d2,CD14+ Mono
AGTGATGAGGGCTAAA-2-s1d2,Erythroblast
TTTAGCAAGTGAAGTG-2-s1d2,CD14+ Mono
TTGGCGGGTTCGGTAA-2-s1d2,CD14+ Mono
CCCAGTTTCTTAGTCT-2-s1d2,HSC
CACCTCAGTTTGGCGG-2-s1d2,Proerythroblast
GTACTTCGTAGTTGGC-2-s1d2,CD14+ Mono
ACCTAAGGTGTGTCCC-2-s1d2,G/M prog
GGCGGTAAGCACTAAC-2-s1d2,Proerythroblast
AGCGTGCTCCTTCGTA-2-s1d2,CD14+ Mono
CTCCTGAGTCAAGTAT-2-s1d2,MK/E prog
TAGGAACCACACTAAT-2-s1d2,Proerythroblast
CGCTATGAGTTAGCCG-2-s1d2,CD14+ Mono
TCGCGCACACTAAATC-2-s1d2,cDC2
TAGGAGGGTGATTTGG-2-s1d2,Erythroblast
ATTGGCTAGGCTACAT-2-s1d2,ID2-hi myeloid prog
GTTTACCGTCGACTAA-2-s1d2,CD16+ Mono
GATAACGAGGTGTTAC-2-s1d2,cDC2
TGCTTCATCCTTGCGT-2-s1d2,CD14+ Mono
GCCACACAGAACAAGT-2-s1d2,CD14+ Mono
CCGCTAAAGGCGGATG-2-s1d2,CD16+ Mono
CCTTTAGTCCTTCGTA-2-s1d2,MK/E prog
AAGTCTATCTGTTGCC-2-s1d2,CD14+ Mono
GGTTATATCGCACACA-2-s1d2,CD14+ Mono
TTTGTCCCAATGCCCG-2-s1d2,CD14+ Mono
CCCTGTTAGGTACCGC-2-s1d2,CD14+ Mono
CGTTAGGTCGCACACA-2-s1d2,CD14+ Mono
GGGATTAAGGAGCACG-2-s1d2,CD14+ Mono
AGCATTTCACTAAGCC-2-s1d2,CD14+ Mono
TGTGCAAGTAGCTAAT-2-s1d2,CD14+ Mono
TGAGGCACAAAGGTAC-2-s1d2,CD14+ Mono
CTTGCATGTTGCCTCA-2-s1d2,CD14+ Mono
CCGCAAGGTGTAATAC-2-s1d2,ID2-hi myeloid prog
TATTAGGTCCACCCTG-2-s1d2,CD14+ Mono
AGTACGCGTAGCTGGT-2-s1d2,cDC2
AGTAAACAGTTATGGC-2-s1d2,CD14+ Mono
CGAGGCAAGGGTGAGT-2-s1d2,CD16+ Mono
GCATATATCTGCAACG-2-s1d2,CD16+ Mono
TTAGTCAAGGAGTCGG-2-s1d2,MK/E prog
GAACCTGTCAAGCGCC-2-s1d2,Erythroblast
CAGCATGTCCTAAGGT-2-s1d2,Erythroblast
CCTAATCGTTTGCGAA-2-s1d2,CD14+ Mono
GGCATTAGTGCACGCA-2-s1d2,MK/E prog
AGGATTGAGGCCGGAA-2-s1d2,CD16+ Mono
GCCACAATCCTCCTAA-2-s1d2,CD14+ Mono
TGTCAATCAGCATGTC-2-s1d2,ID2-hi myeloid prog
GTTGCATAGCACGTTG-2-s1d2,CD16+ Mono
TCCTTGCAGAGGAAGG-2-s1d2,CD14+ Mono
ATAAGCCTCATGGTTA-2-s1d2,CD14+ Mono
TAGTCAATCATGCAAC-2-s1d2,pDC
TCGTTTCCATTAAACC-2-s1d2,CD14+ Mono
ACTCGCTTCCGGTATG-2-s1d2,CD14+ Mono
AATCTCAAGTCAGGCC-2-s1d2,MK/E prog
TATCGCGAGTTGGATC-2-s1d2,CD14+ Mono
AAAGCACCATAAGGAC-2-s1d2,CD16+ Mono
CTCAATAAGTTAGTGC-2-s1d2,ID2-hi myeloid prog
TTCCTCAAGATGCCTG-2-s1d2,CD14+ Mono
CGGTTGGGTGACATAT-2-s1d2,CD14+ Mono
TCACCGGCATAATCGT-2-s1d2,ID2-hi myeloid prog
GTTTCTAGTTGCACGG-2-s1d2,CD16+ Mono
TGACCAAGTCATAACG-2-s1d2,CD16+ Mono
CTCGTTATCCATAATG-2-s1d2,CD16+ Mono
TACTGACAGGAGGTTA-2-s1d2,CD14+ Mono
CGTTGCGCAACCTAAT-2-s1d2,cDC2
GCGATATTCCAAACAC-2-s1d2,MK/E prog
AATTGTGTCCTCATGC-2-s1d2,Normoblast
ACGACAAAGCTAAAGG-2-s1d2,CD16+ Mono
TACCCGGCATTAAGCT-2-s1d2,Erythroblast
GATTCAATCAGCATTA-2-s1d2,CD14+ Mono
CGGAGTCTCGGCTAGC-2-s1d2,Erythroblast
GCGATATTCTTGGATA-2-s1d2,Erythroblast
CCTTTAGTCCACCCTG-2-s1d2,CD14+ Mono
AGAATCGAGGCTATGT-2-s1d2,Proerythroblast
TTGATGTCAATTGCGC-2-s1d2,CD14+ Mono
TTTCACCCATTGCGTA-2-s1d2,CD14+ Mono
GGGTGTTGTGCAATAT-2-s1d2,CD14+ Mono
GATGAGGGTACCGGAT-2-s1d2,Normoblast
CTAGTAATCTTGCAGG-2-s1d2,Erythroblast
GCTAAGCGTTTACTTG-2-s1d2,CD14+ Mono
CCTAAAGGTGGCTTCC-2-s1d2,CD16+ Mono
AATAACCGTTAAGCGC-2-s1d2,CD14+ Mono
GGAACCACAGGCTACT-2-s1d2,Normoblast
AGAAAGGCACAGGATG-2-s1d2,CD14+ Mono
TCACCTCAGAGCAAGC-2-s1d2,CD14+ Mono
TGAGTGAAGTCACCTC-2-s1d2,CD14+ Mono
GATTGATGTCAAAGAA-2-s1d2,Normoblast
ACGCCTTTCGGCTATG-2-s1d2,CD14+ Mono
GAGGCAAGTTTGCTGT-2-s1d2,ID2-hi myeloid prog
GTATGTTCACATACTG-2-s1d2,CD16+ Mono
CTTAACAAGCTTTGGG-2-s1d2,Erythroblast
ATTTGCGCACAGGATG-2-s1d2,CD14+ Mono
TTTGACTTCTGTTGCC-2-s1d2,CD16+ Mono
TCGGTAAGTTCACCCA-2-s1d2,Erythroblast
CGGTGAGAGCGGTTAT-2-s1d2,Normoblast
GCTAAGTTCCGTTATT-2-s1d2,CD14+ Mono
GCATTGCCATTTAAGC-2-s1d2,CD14+ Mono
TATTTGGAGGCAATAG-2-s1d2,CD14+ Mono
AACCCGCAGGGACGCA-2-s1d2,Erythroblast
AACGCCCAGCGATACT-2-s1d2,pDC
GTTGCCCGTACCAGGT-2-s1d2,Erythroblast
TGACTCCTCACTTTAC-2-s1d2,CD14+ Mono
TAGCTAATCAATGTCA-2-s1d2,G/M prog
TGCAGGCTCCTTGAGG-2-s1d2,Erythroblast
ATTGGTTCATCTTGAG-2-s1d2,Erythroblast
GTAGCCATCAAGTGAG-2-s1d2,cDC2
TACCCGGCAGTAAAGC-2-s1d2,Erythroblast
TGGCCAATCTTTAAGG-2-s1d2,CD14+ Mono
CGTGCTGCAGTTTACG-2-s1d2,cDC2
AGTGCCGGTCTTTGAC-2-s1d2,CD16+ Mono
TGTTACTTCCCATAGG-2-s1d2,Proerythroblast
CGAAGGCCAGGTTTGC-2-s1d2,ID2-hi myeloid prog
AATTGACGTCATAACG-2-s1d2,CD14+ Mono
CAGGATGCACCAACCG-2-s1d2,CD14+ Mono
CTAGGACGTCAAAGAA-2-s1d2,Proerythroblast
TAGTGTGGTTTCCACG-2-s1d2,CD14+ Mono
GATCGCTCAGCGCTTG-2-s1d2,Erythroblast
CGTTATCGTGCAACTA-2-s1d2,Erythroblast
TTGACGTAGTTCCCGT-2-s1d2,HSC
GTATTGATCTGCAACG-2-s1d2,Erythroblast
GCTCACAAGGCGAATA-2-s1d2,Proerythroblast
AATTCGTCACCTGCTC-2-s1d2,CD16+ Mono
CGTAATGGTCACAGCG-2-s1d2,CD14+ Mono
TGATTCAAGGTGTCCA-2-s1d2,CD14+ Mono
CAGCATGTCAGCAAAG-2-s1d2,CD16+ Mono
AATGCAACACCTCAGG-2-s1d2,CD14+ Mono
CTGTTAAAGGCGAATA-2-s1d2,Erythroblast
GGATAACCAACTCGCG-2-s1d2,CD14+ Mono
GTTCCCAGTCAGGCCA-2-s1d2,cDC2
GGATTGCGTTGCACGG-2-s1d2,Erythroblast
CTTTGGTGTGAAGCCT-2-s1d2,CD14+ Mono
TAGCCTTGTAGCAGCT-2-s1d2,cDC2
TACGTAATCTCACTCA-2-s1d2,CD16+ Mono
CAATAGCTCTTGGATA-2-s1d2,CD14+ Mono
GCCCAAATCCTTAATC-2-s1d2,CD14+ Mono
TGCCTGTTCGTGCTTC-2-s1d2,cDC2
AGGTCAAAGCAGGTTT-2-s1d2,CD16+ Mono
AATGCATGTCAATGTG-2-s1d2,Normoblast
CAGGACACAAGCCAGA-2-s1d2,Proerythroblast
GGGTTACGTTAGCCAA-2-s1d2,Normoblast
AGGCAGGTCAGTTCCC-2-s1d2,Proerythroblast
CCTTAGTGTGCAACTA-2-s1d2,CD14+ Mono
AGGTTAGAGGACGTAA-2-s1d2,CD14+ Mono
TTGGGCCAGCGGGCAA-2-s1d2,CD14+ Mono
CTATGAGGTGCAACTA-2-s1d2,CD14+ Mono
CTTGCATGTTTAGCGA-2-s1d2,CD14+ Mono
GTACAATGTTATCGAG-2-s1d2,Erythroblast
GAACTTATCAATCTAG-2-s1d2,CD14+ Mono
GGACATAAGTTAGGCT-2-s1d2,Normoblast
ACAACATGTGCATTAG-2-s1d2,HSC
TGTTAGCAGAGAGGCT-2-s1d2,CD16+ Mono
AAACCAACAGGCGAGT-2-s1d2,CD14+ Mono
GGCTTCAAGCTCCTAC-2-s1d2,MK/E prog
TACGTACAGATTGAGG-2-s1d2,CD14+ Mono
TCCACAACAAGGCCAA-2-s1d2,HSC
TACGGTTAGCTTATGA-2-s1d2,MK/E prog
AGTATAGCATCCATCT-2-s1d2,CD14+ Mono
GTCAATATCGGTCAGC-2-s1d2,cDC2
TGCATCCTCCAAATCA-2-s1d2,CD14+ Mono
AAAGGAGCAGCATGGA-2-s1d2,Erythroblast
CTCAATAAGGCTACTG-2-s1d2,Normoblast
ATCGCCCGTCATGAGC-2-s1d2,CD14+ Mono
CATAGGTTCCTGATTT-2-s1d2,CD14+ Mono
CTGTAACAGTTGTCAA-2-s1d2,CD14+ Mono
CATCACACAAAGGCCA-2-s1d2,Erythroblast
GCTAAGCGTGTTTGAG-2-s1d2,pDC
ACCTTCATCTTAATGG-2-s1d2,Erythroblast
AGCAATACACCCTCAC-2-s1d2,CD14+ Mono
TATAGCTCATTGTGTG-2-s1d2,pDC
GGATTATGTGCGCGTA-2-s1d2,CD14+ Mono
TCGCGCACACCTGTAA-2-s1d2,CD16+ Mono
CCTACTTCACAAAGCG-2-s1d2,CD14+ Mono
CGTTAGGTCCCTGATC-2-s1d2,CD14+ Mono
TGAACAGAGGAATAAC-2-s1d2,cDC2
TGTGTGAGTTACTAGG-2-s1d2,CD16+ Mono
TCTTGACGTTTGCGCC-2-s1d2,CD14+ Mono
TCAGCGATCCTTAGGG-2-s1d2,CD14+ Mono
TAGGTTATCACAGACT-2-s1d2,CD14+ Mono
CATAAGCTCTAGCGTG-2-s1d2,MK/E prog
GAAACTGAGCTTAACA-2-s1d2,MK/E prog
GCTTTACGTGTTTGCT-2-s1d2,CD16+ Mono
GACCGAACACATGCTA-2-s1d2,CD14+ Mono
TGGATTCAGGCAATAG-2-s1d2,CD14+ Mono
TCAGGTTAGGTCTTGG-2-s1d2,CD14+ Mono
ATATAGGCAACCCTCC-2-s1d2,CD14+ Mono
CTATAACCATAGCTGC-2-s1d2,Erythroblast
AATTGACGTTGAATCG-2-s1d2,Erythroblast
TTCAACCGTGCATCGG-2-s1d2,CD16+ Mono
CTTGCTCAGGCGCATC-2-s1d2,ID2-hi myeloid prog
ATTACGTCAGCAACCT-2-s1d2,Erythroblast
TCATTGCGTTATCGAG-2-s1d2,MK/E prog
TACAATGTCCACCCTG-2-s1d2,CD14+ Mono
ACTTAGTCATTGTGCA-2-s1d2,MK/E prog
TATCACGCACCTATAG-2-s1d2,CD14+ Mono
AGGTATTGTCTATCGT-2-s1d2,CD14+ Mono
CTCGCTAGTTAAGCCA-2-s1d2,CD16+ Mono
GATTCCTGTTAGCATG-2-s1d2,ID2-hi myeloid prog
GTTACCTGTTTGGGTA-2-s1d2,CD14+ Mono
CACGCAATCTTAGGAC-2-s1d2,CD14+ Mono
AAGTGTTGTAAGCTCA-2-s1d2,CD14+ Mono
TGAAACTGTACTGAAT-2-s1d2,CD14+ Mono
CCATAAGGTTCCATTA-2-s1d2,CD14+ Mono
CAAGTTATCGGTCAGC-2-s1d2,CD14+ Mono
GGGCGAATCTCACAAA-2-s1d2,Erythroblast
TGTTCATTCATCAGTA-2-s1d2,CD14+ Mono
ACCTCACTCCCGCAAA-2-s1d2,pDC
CTTTCTTGTCATCCTG-2-s1d2,MK/E prog
CACGCTAAGCTTGCTC-2-s1d2,CD14+ Mono
ATTCCTAGTGCATTTC-2-s1d2,CD14+ Mono
TGATTCAAGGATTGCT-2-s1d2,Erythroblast
CAAGTGAAGCATGTCG-2-s1d2,CD14+ Mono
CCGTGCTGTCCTAGTT-2-s1d2,CD14+ Mono
ACTCCTCAGTAACGGA-2-s1d2,CD14+ Mono
TCCAGCAAGCTACTGG-2-s1d2,CD14+ Mono
CATTTGTTCACCTGTC-2-s1d2,Normoblast
CAGCCTAAGACACTTA-2-s1d2,Normoblast
AGGCAATCAGAAACGT-2-s1d2,G/M prog
GATCAGGCATATAACC-2-s1d2,CD16+ Mono
CATGGCGGTCTTGCAT-2-s1d2,CD14+ Mono
AATCTCAAGATGGACA-2-s1d2,CD14+ Mono
CGTGCTTTCCCTGGTT-2-s1d2,MK/E prog
GGCTAGTGTCGCAAAC-2-s1d2,CD14+ Mono
GCTCTGTTCATTGTCT-2-s1d2,CD14+ Mono
ACAGCCGGTCCACAAA-2-s1d2,CD14+ Mono
CAAGTAACAATTAGCT-2-s1d2,CD14+ Mono
TTGGGTTAGTGAGCGG-2-s1d2,Erythroblast
TATGACATCATTACGA-2-s1d2,CD14+ Mono
TTGTAAGTCACAGGAA-2-s1d2,Erythroblast
TTGGCTACACTAAGCC-2-s1d2,ID2-hi myeloid prog
CCACAGGGTCATAACG-2-s1d2,CD14+ Mono
CTTCAAGCACAACAAA-2-s1d2,CD14+ Mono
GTCATCCTCCGGCTAA-2-s1d2,MK/E prog
CTATAACCACCCACCT-2-s1d2,CD14+ Mono
TCAATCGCACTTCATC-2-s1d2,CD14+ Mono
CATAATCCAGAGGGAG-2-s1d2,pDC
GATCAGTTCGGTTTGG-2-s1d2,CD14+ Mono
CGGTTATAGCTTATGA-2-s1d2,CD16+ Mono
ACGTTACAGTTAGAGG-2-s1d2,CD16+ Mono
GCACTAAGTTAAGCGC-2-s1d2,cDC2
TTGCAGCCACATAACT-2-s1d2,CD16+ Mono
TAAGCCAGTTTGGTTC-2-s1d2,cDC2
CATCATGCAGCTAACC-2-s1d2,cDC2
CCAGACTCACCGGCTA-2-s1d2,CD14+ Mono
CGGTTTGAGCTTCTCA-2-s1d2,CD14+ Mono
GCCAACATCTGCAAAC-2-s1d2,Erythroblast
CGAGCGAAGACACTTA-2-s1d2,HSC
GCTGGTTCAAATACCT-2-s1d2,CD16+ Mono
AGCCGCTAGTCCTGAG-2-s1d2,CD14+ Mono
ATCCAACAGGAAGCTA-2-s1d2,CD14+ Mono
TGCATGAGTTGCTGGG-2-s1d2,pDC
CTAGTAATCGGTCATG-2-s1d2,CD14+ Mono
GCTCCTTAGCAAGACA-2-s1d2,Normoblast
CGTTGCGCAGGTTATT-2-s1d2,CD14+ Mono
GTAAGCGCACTTAGGC-2-s1d2,CD16+ Mono
TTAAGGTGTTTAGCTC-2-s1d2,CD16+ Mono
TTGCGTCTCCGCCTAT-2-s1d2,MK/E prog
GGCGATACAATAAGCA-2-s1d2,CD14+ Mono
AGTGCACGTAGCTGGT-2-s1d2,CD14+ Mono
GAGCGGTCAGTGAACG-2-s1d2,Erythroblast
GCCTGAGGTACGGTAC-2-s1d2,CD14+ Mono
AGTAACGAGAGGAAGG-2-s1d2,CD14+ Mono
TGCCGGTAGGAGGACT-2-s1d2,HSC
GCCTTGCGTGTGTCCC-2-s1d2,Normoblast
CTAACCCTCTAACCAA-2-s1d2,Erythroblast
CGGTTTCTCAAGGACA-2-s1d2,CD14+ Mono
TAATTGCCACCAAAGG-2-s1d2,CD16+ Mono
CATTGTGCATGCTATG-2-s1d2,Erythroblast
AACGGTAAGTAACCAC-2-s1d2,CD16+ Mono
CAATCGCCAGCAAGAT-2-s1d2,Erythroblast
CAGGGCTTCGAGCTAT-2-s1d2,CD14+ Mono
GTAGGCGAGTCCTTCA-2-s1d2,cDC2
CCTGTATGTTGGTTCT-2-s1d2,CD14+ Mono
GCGCAAACAACACCTA-2-s1d2,CD14+ Mono
GTACCGGGTGTGAGGA-2-s1d2,CD14+ Mono
CAAGAACCAATATAGG-2-s1d2,CD14+ Mono
AATTTCCTCCGCAACA-2-s1d2,CD14+ Mono
GTACGTAGTTCGCGCT-2-s1d2,pDC
GCGCTTAAGTCTGGGC-2-s1d2,CD14+ Mono
TGTAATGTCTAAGTCA-2-s1d2,CD14+ Mono
CAAGAACCAAGTCGCT-2-s1d2,CD16+ Mono
ATCATGTCAAAGCTCC-2-s1d2,CD16+ Mono
CAAGAACCACAGGGAC-2-s1d2,CD16+ Mono
TGATGAACACAGCCTG-2-s1d2,CD16+ Mono
AGCCTCCGTTTCGCCA-2-s1d2,Erythroblast
ATTGCTCGTTTAACCC-2-s1d2,CD16+ Mono
TGTTACTTCCACAATA-2-s1d2,CD16+ Mono
TGACCAAGTCACAGCG-2-s1d2,CD14+ Mono
CGGGTCTAGCACTAAC-2-s1d2,MK/E prog
GAGCTAGCATAAGCAA-2-s1d2,CD14+ Mono
TGTAAGTGTTGCACGG-2-s1d2,Erythroblast
TACTCGCTCTTAGCCC-2-s1d2,CD16+ Mono
ACCCAGGGTAGCCATA-2-s1d2,CD16+ Mono
CGTCAATAGTTATGGC-2-s1d2,CD16+ Mono
GAACCTTAGAAACTGG-2-s1d2,CD14+ Mono
CTGTATTTCCATAAGC-2-s1d2,G/M prog
TACAGGTTCCCATAAA-2-s1d2,MK/E prog
AGCAAATAGGCATTGT-2-s1d2,CD16+ Mono
GCTAACAGTTTGTCTA-2-s1d2,CD14+ Mono
GAGTTTGGTAGCCTAA-2-s1d2,ID2-hi myeloid prog
CTCCGTCCATGGCCCA-2-s1d2,CD14+ Mono
GCTTATCGTAGGTTTG-2-s1d2,pDC
GGGCAATAGTTATCTC-2-s1d2,MK/E prog
GCGGTTATCTCCTCTT-2-s1d2,cDC2
GATCAGGCAAAGCGCA-2-s1d2,CD14+ Mono
GATCGATTCCTTAAGA-2-s1d2,CD14+ Mono
ATAAGTCGTTACAACG-2-s1d2,CD14+ Mono
TTCCCGCCATGTCAAT-2-s1d2,CD14+ Mono
CGTTATCGTAGCTAAT-2-s1d2,CD14+ Mono
GGGTCAACATAATGAG-2-s1d2,cDC2
GCATCCTTCGCTAAGT-2-s1d2,CD14+ Mono
AAGCGTTTCCTAAGTA-2-s1d2,CD14+ Mono
CATAGCTAGCCGCAGT-2-s1d2,CD14+ Mono
GTGTCCAAGCAGCTCA-2-s1d2,ID2-hi myeloid prog
AAGTTACGTCGACTCC-2-s1d2,CD14+ Mono
TGCGCGAGTAAGCACC-2-s1d2,Erythroblast
CGGCCATAGGCTACAT-2-s1d2,CD14+ Mono
TTTAAGGTCACACAGT-2-s1d2,CD14+ Mono
AAACATGCACAGGATG-2-s1d2,CD16+ Mono
GTGATCAGTTTCGCCA-2-s1d2,CD14+ Mono
ACGTACCCAAGCTAAA-2-s1d2,CD14+ Mono
TTTCGTCCATTCCTCG-2-s1d2,CD14+ Mono
TCAGGTCCAGGCATCT-2-s1d2,G/M prog
CTCTAGCTCATGGTGT-2-s1d2,cDC2
CCCTCATAGGTCATTA-2-s1d2,CD14+ Mono
CTTACCGGTGTGTGGT-2-s1d2,HSC
TTTGCGACAAGGTCGA-2-s1d2,CD16+ Mono
TAGTAAGCAGCAAGTG-2-s1d2,CD14+ Mono
CTCCAACTCATGCTTT-2-s1d2,CD14+ Mono
GATAAGCCAGTAAAGC-2-s1d2,Erythroblast
ACTTGTAAGCCTGAGC-2-s1d2,CD14+ Mono
GCTAGCGGTAAGGTCC-2-s1d2,CD16+ Mono
ACTAGGCGTTGAGGTC-2-s1d2,CD16+ Mono
GGTTTCTGTTGGTTGA-2-s1d2,CD14+ Mono
ACTGAAACATAGTCAT-2-s1d2,Erythroblast
CTATGACAGGTACCGC-2-s1d2,CD14+ Mono
GGTTGCGGTCACAAAT-2-s1d2,MK/E prog
AGCCGCTAGTGAACAG-2-s1d2,CD14+ Mono
ACCAATATCACAGGAA-2-s1d2,CD14+ Mono
CTTTGTCCAATATGGA-2-s1d2,CD14+ Mono
AGGATGTCAAATTGCT-2-s1d2,Erythroblast
TCATTTGGTTAGTGAT-2-s1d2,CD16+ Mono
AATCCTAAGAGCAAGC-2-s1d2,CD14+ Mono
CGTTAGGTCATGGCCA-2-s1d2,CD14+ Mono
ACGCTTGAGTGCACGC-2-s1d2,CD14+ Mono
CAAGGTTTCCCAGTAG-2-s1d2,CD14+ Mono
TTAGGCTAGGGCTTAT-2-s1d2,Normoblast
CGCGATTCAGCCAGTT-2-s1d2,CD14+ Mono
AGAATCTGTTAATGCG-2-s1d2,CD14+ Mono
GCGGAACCATTATGGT-2-s1d2,CD14+ Mono
CATGCGGGTTCATTTG-2-s1d2,Normoblast
CACTTTGTCCCTTGCG-2-s1d2,G/M prog
CGCTTCTAGTGAGAGC-2-s1d2,cDC2
CTTTGAGCAGCTCATA-2-s1d2,CD16+ Mono
TCTGGCTTCGCTAGCA-2-s1d2,HSC
CTTGAATCAAAGCGCA-2-s1d2,CD14+ Mono
TCTTAGCGTGGATGTC-2-s1d2,MK/E prog
AGGCTAGCAGACAAAC-2-s1d2,CD14+ Mono
CATTGTGCACATAACT-2-s1d2,Erythroblast
GCAAACAAGGTCCTGA-2-s1d2,CD16+ Mono
AATAACCGTACAAAGA-2-s1d2,CD14+ Mono
GTCCGTAAGTTAGCCG-2-s1d2,CD14+ Mono
TCCCGTTAGGCCTGGT-2-s1d2,CD14+ Mono
TACTCAAAGGCGCTTA-2-s1d2,CD14+ Mono
AAGTGTTGTAGACAAA-2-s1d2,CD14+ Mono
TCCTTCAAGGAACACA-2-s1d2,CD14+ Mono
CTAGGCGGTGGATGTC-2-s1d2,Normoblast
TTACCTGTCTTGAGGT-2-s1d2,G/M prog
GTCCTCCCAGGCTAGA-2-s1d2,Erythroblast
CTTGCGCGTGTCACGG-2-s1d2,pDC
ATGGTCTAGTCAGTAC-2-s1d2,Erythroblast
GTTCGCGCAGGCTAGA-2-s1d2,CD14+ Mono
TGGTGCATCGATAACC-2-s1d2,CD16+ Mono
TCAAGCTAGGAACACA-2-s1d2,CD14+ Mono
CGGTGAACAGCATGAG-2-s1d2,pDC
CCGTTACTCTACTAAG-2-s1d2,CD14+ Mono
GTTCCTGGTTGGTTGA-2-s1d2,Normoblast
GCGATTTAGGACCGCT-2-s1d2,pDC
CCGACAGGTGGTGAGA-2-s1d2,CD14+ Mono
GAGGTGAGTAGCTGGT-2-s1d2,pDC
AGCGGACCAATTGACT-2-s1d2,CD16+ Mono
AATAACCGTAGCCTAA-2-s1d2,cDC2
CATAGCTAGAGCAAGC-2-s1d2,HSC
CACTAAGGTTACTAGG-2-s1d2,CD14+ Mono
GTTTCCTCACCCACAG-2-s1d2,CD14+ Mono
TTGGATCAGTGACCTG-2-s1d2,CD16+ Mono
ATTAGCGGTTATCGAG-2-s1d2,CD14+ Mono
ATAAGCCTCAAGGACA-2-s1d2,cDC2
GTTAAACGTACGGGTT-2-s1d2,CD14+ Mono
CCCAGCACAAATGCCC-2-s1d2,CD14+ Mono
CAGGATGCAGCGCTTG-2-s1d2,CD14+ Mono
GGTTGAGCACCTCAGG-2-s1d2,CD14+ Mono
GCGAAGCCAAGGTGGC-2-s1d2,MK/E prog
CTCAATAAGAGCCGCT-2-s1d2,Normoblast
TGTTGTAAGCGCTAAT-2-s1d2,CD14+ Mono
CGGGCTTAGTATTGTG-2-s1d2,CD14+ Mono
GGTTGCTCAACTAGGG-2-s1d2,CD14+ Mono
AAGTTTGTCTCAATTC-2-s1d2,cDC2
ACGCTTGAGGTGCTGC-2-s1d2,CD16+ Mono
CTCATGCTCAATCATG-2-s1d2,MK/E prog
CAATCCTGTTACCGGG-2-s1d2,CD14+ Mono
AGAGATTAGCGATACT-2-s1d2,cDC2
CGGAGCAAGGTCATTA-2-s1d2,CD16+ Mono
ATCAAGCTCAGTGAAG-2-s1d2,CD14+ Mono
GTGTAACTCACGCCAA-2-s1d2,CD14+ Mono
TGCTTCCAGCACTTGG-2-s1d2,CD14+ Mono
CGTTAACAGTGAACCT-2-s1d2,pDC
GGTCATTAGGCGCTAC-2-s1d2,CD14+ Mono
GTTCATTTCATCCTAT-2-s1d2,CD14+ Mono
CTTGGACCACCTGCCT-2-s1d2,CD14+ Mono
GTAGGCGAGCACAGCC-2-s1d2,pDC
CTAAGGTTCGCAATCG-2-s1d2,CD14+ Mono
GTGCATTAGACTATTG-2-s1d2,CD14+ Mono
TTTGTGAAGTTGCCTC-2-s1d2,CD14+ Mono
CGGCTCACAGCTACGT-2-s1d2,CD14+ Mono
CGGCTCACAGGATTAA-2-s1d2,Erythroblast
GCACGAACAGGATGGC-2-s1d2,CD16+ Mono
GCGCTTAAGAGAGGAG-2-s1d2,CD16+ Mono
TTTGACCGTGTTAAAC-2-s1d2,pDC
AGTCTTGCATTGTGCA-2-s1d2,CD14+ Mono
CCAGGAACAGGTTATT-2-s1d2,CD14+ Mono
TCCATATTCATTACAG-2-s1d2,Normoblast
GTAGGCGAGAATGACG-2-s1d2,Erythroblast
AGGCAGGTCCCGCATT-2-s1d2,CD14+ Mono
TGTGCGCAGGATCACT-2-s1d2,MK/E prog
TACAGCTAGGTGAAAT-2-s1d2,CD16+ Mono
TAAGGCTTCCATTACT-2-s1d2,cDC2
TTATGCGCATCTAGCA-2-s1d2,CD14+ Mono
GGATTATGTAATCGGC-2-s1d2,CD14+ Mono
AGAAACTAGGTCCTAG-2-s1d2,CD16+ Mono
AGCTACGTCATGAGCT-2-s1d2,pDC
CATAGACTCGCCTGTT-2-s1d2,CD14+ Mono
GCAGCAACAACCCTCC-2-s1d2,CD16+ Mono
GTATGTGGTCGCAAAC-2-s1d2,Erythroblast
GACGTAAAGTTCCTGC-2-s1d2,CD14+ Mono
GATCGCTCAAAGCGCA-2-s1d2,CD16+ Mono
TAACCGGTCAATCATG-2-s1d2,CD14+ Mono
CGGTTTGAGTTTGTCT-2-s1d2,Erythroblast
CAGTACCCAGGCATCT-2-s1d2,CD14+ Mono
GTCATCACATAATGAG-2-s1d2,CD14+ Mono
CAAGGTTTCCAATAGC-2-s1d2,Erythroblast
GGAACCACAATGCGCT-2-s1d2,CD14+ Mono
GAGGCTTGTAACCACA-2-s1d2,CD14+ Mono
ATGTCAATCCCGCATT-2-s1d2,CD14+ Mono
TGATGACTCTTGATGA-2-s1d2,CD14+ Mono
AAGCCTCCAATAACGA-2-s1d2,cDC2
GTCATTAAGTCCTGAG-2-s1d2,CD14+ Mono
CCTAATAAGCGGTTAT-2-s1d2,cDC2
GATGGCTGTCTTTGAC-2-s1d2,CD14+ Mono
GCCATGATCATTGACA-2-s1d2,CD14+ Mono
CTGTAACAGCGCCTTT-2-s1d2,Normoblast
GAGTATCTCTTAGGGT-2-s1d2,CD14+ Mono
CACCAACCAATTAGGA-2-s1d2,Erythroblast
TTATAGCCAAGGTCGA-2-s1d2,CD16+ Mono
TATCACAAGTGAACGA-2-s1d2,Erythroblast
CTTATTGGTAACCTAG-2-s1d2,CD14+ Mono
GCAGGAAGTTAGAGGG-2-s1d2,CD14+ Mono
GATTATGTCACGAATC-2-s1d2,cDC2
TATCGAGGTGTGTCCC-2-s1d2,MK/E prog
ATTTAGGTCGTCAAGT-2-s1d2,CD14+ Mono
GCCACACAGTCAATCA-2-s1d2,CD16+ Mono
AAGGTATAGCCGCAAC-2-s1d2,HSC
GGCGTTATCTAAGGTC-2-s1d2,Erythroblast
TCTCAATTCTTGGATA-2-s1d2,cDC2
CAATGCCCAAGCGATG-2-s1d2,CD14+ Mono
GTTGGAGCAATAATGG-2-s1d2,CD14+ Mono
AGAGAAGCACCACAAC-2-s1d2,Erythroblast
TCTTAGCGTATTACCC-2-s1d2,CD16+ Mono
GGTTTCCTCACCTGTC-2-s1d2,CD14+ Mono
CATCCTCAGCGCTAAT-2-s1d2,CD14+ Mono
GAGTTTGGTTATCGAG-2-s1d2,ID2-hi myeloid prog
TCCTGGTTCCTGCGAA-2-s1d2,CD14+ Mono
TCCTGGTTCTACTAAG-2-s1d2,CD14+ Mono
CCCTGTTAGGACCAGG-2-s1d2,MK/E prog
CTACCTCAGCCTGTGA-2-s1d2,Normoblast
TGTTGCACATAGACCC-2-s1d2,cDC2
AGTAATCGTTTCCGGC-2-s1d2,cDC2
GCCAATTAGGCTGTGC-2-s1d2,Normoblast
GGCTCAATCACGCGGT-2-s1d2,Erythroblast
GGTCAGGAGGTCCGTA-2-s1d2,CD14+ Mono
CGTATTGCACGTAATT-2-s1d2,CD14+ Mono
ATCTTTGGTTGCTGGG-2-s1d2,CD14+ Mono
TCCCTGGTCATTGTCT-2-s1d2,CD14+ Mono
CCTGTAACAGCATGTC-2-s1d2,Normoblast
TTGATGTCATTATGGT-2-s1d2,CD14+ Mono
GACCTTTGTACCAGGT-2-s1d2,CD14+ Mono
AATTTCCTCAAGCGCC-2-s1d2,CD14+ Mono
AACCGGCTCGCGACAC-2-s1d2,CD14+ Mono
CTAGTAGGTTACAAAC-2-s1d2,Erythroblast
ATTACGTCAGCATGGA-2-s1d2,Erythroblast
TACCGAAGTGGCTTCC-2-s1d2,CD14+ Mono
TGTAACTCATAATCCG-2-s1d2,CD14+ Mono
AGGATTGAGGGTCCAC-2-s1d2,Erythroblast
GGTTGCTCAGGCTAAG-2-s1d2,pDC
CTTGCAACATGTCAAT-2-s1d2,cDC2
GTGTGAGCAGGTATTT-2-s1d2,CD14+ Mono
GTGAACAAGGATTTGC-2-s1d2,CD14+ Mono
AGCATCCCAATCCCTT-2-s1d2,G/M prog
GGAGGTTAGAGAGGCT-2-s1d2,cDC2
GCTGCACAGTTTGGGT-2-s1d2,pDC
TTGGCTGAGGACAACA-2-s1d2,CD14+ Mono
TCGCGAGGTTGCAGTA-2-s1d2,Erythroblast
GGCTGGTTCTTGACCC-2-s1d2,Erythroblast
CAAGTATGTTTGAGCA-2-s1d2,cDC2
TTGGGTTAGGAACCGG-2-s1d2,CD16+ Mono
ATGCGATTCTGGCATG-2-s1d2,cDC2
ACTTAGTCATAATGTC-2-s1d2,CD14+ Mono
CGAATATGTTTGTGGA-2-s1d2,CD14+ Mono
GCTTAACAGGGACGCA-2-s1d2,pDC
TTAGCAATCGCTATGG-2-s1d2,CD14+ Mono
AACCGGCTCCCTCACG-2-s1d2,CD14+ Mono
ATCATGTCACAGACTC-2-s1d2,HSC
AAGGTGCAGAGCCGCT-2-s1d2,G/M prog
TGCGATTAGCGATACT-2-s1d2,ID2-hi myeloid prog
CATAGTCAGCTTCTCA-2-s1d2,CD14+ Mono
TTGCACACACATAGCC-2-s1d2,CD14+ Mono
CCACAGGGTACGATTG-2-s1d2,Erythroblast
CTTTAGTTCCGTTAAA-2-s1d2,CD14+ Mono
TAGCATATCCTCACAC-2-s1d2,CD14+ Mono
GCCGTGAGTTGGATCA-2-s1d2,CD14+ Mono
TTTCCGGGTTGACTTC-2-s1d2,pDC
ACTATCCGTTAGCAGC-2-s1d2,Erythroblast
GCAATGTTCATGGTTA-2-s1d2,CD16+ Mono
TCATTACTCCGGTATG-2-s1d2,cDC2
GGCAGGATCTACCTGC-2-s1d2,CD14+ Mono
CGTCAATAGGTCATTA-2-s1d2,CD14+ Mono
CTAACCCTCATGGTGT-2-s1d2,CD14+ Mono
CATTCCTCATGTCAAT-2-s1d2,cDC2
TAACCTAAGTCATTGA-2-s1d2,CD14+ Mono
AAGTGCAAGGCGCTTA-2-s1d2,MK/E prog
ATCCTGACAATGAATG-2-s1d2,CD14+ Mono
CGTTTCTCATTATGAC-2-s1d2,CD14+ Mono
ACGGGAAGTGCTTAGA-2-s1d2,CD16+ Mono
CAATCCCTCATGCAAC-2-s1d2,CD14+ Mono
AGTATAGCACCTCGCT-2-s1d2,Erythroblast
TGTGGCCAGCAGGCCT-2-s1d2,Normoblast
TGTTAGCAGCACAGCC-2-s1d2,Erythroblast
AGTAACCTCGTAACGT-2-s1d2,HSC
CTGACATAGTAAAGGT-2-s1d2,MK/E prog
GTACTTCGTAAATTGC-2-s1d2,ID2-hi myeloid prog
CTCAGGATCATCCTCA-2-s1d2,Normoblast
ATGACTCAGACTTATG-2-s1d2,cDC2
GGACCTCAGTCCTGAG-2-s1d2,CD16+ Mono
TTAGGCTAGTTGCGTG-2-s1d2,CD14+ Mono
CAGCTCAAGCCTGAGC-2-s1d2,CD14+ Mono
CTCTGTTCATTGTGCA-2-s1d2,CD14+ Mono
CCTGACTTCTAGCGAT-2-s1d2,CD16+ Mono
GTGTTCCTCATTTAGG-2-s1d2,MK/E prog
TCACATAAGGAACCGG-2-s1d2,CD14+ Mono
TAAGTAGCAATGCGCT-2-s1d2,MK/E prog
GGTTGACGTTACCTGT-2-s1d2,cDC2
TGTGCGCAGGGCTTTG-2-s1d2,cDC2
AGCTTAATCGGTACGC-2-s1d2,ID2-hi myeloid prog
TTGGCTACAGTACCGT-2-s1d2,CD14+ Mono
TAAGGACCAGGTTATT-2-s1d2,CD14+ Mono
AAGGTGCAGTCACGAT-2-s1d2,Erythroblast
CGTTTGGAGCACTAAC-2-s1d2,CD14+ Mono
AGTTGGCGTTAGGTTG-2-s1d2,CD14+ Mono
AAGCCTGTCAATACGC-2-s1d2,CD14+ Mono
TTGCATTTCTCACACC-2-s1d2,ID2-hi myeloid prog
CTGTTGGAGCAATAGG-2-s1d2,Normoblast
ACATAGCTCCTAAGTA-2-s1d2,pDC
GGTGTGACAAGCGAGC-2-s1d2,ID2-hi myeloid prog
CTGCAATAGGTCCAAT-2-s1d2,CD16+ Mono
CTTAGGAGTGCACGCA-2-s1d2,cDC2
TATAGCTCAGTTAGCC-2-s1d2,Proerythroblast
ATAGGTACAGTTTACG-2-s1d2,CD14+ Mono
CATCATGCAACCTAAT-2-s1d2,CD14+ Mono
AGTTGCGTCAAATCGC-2-s1d2,CD14+ Mono
AGGGCTACATAGTCAT-2-s1d2,CD14+ Mono
CCGTTTGGTGATGGCT-2-s1d2,Normoblast
AGTACGCGTGCTGGTG-2-s1d2,CD14+ Mono
GTACTAATCGTGCTAG-2-s1d2,CD14+ Mono
AATGCGCGTTTACGTC-2-s1d2,pDC
AATGAAGGTAGACAAA-2-s1d2,CD14+ Mono
CGAACAAAGGATAAAC-2-s1d2,Proerythroblast
TCTAATCTCACAAGCT-2-s1d2,HSC
AGGAACCAGAGAGGAG-2-s1d2,Normoblast
CCCATAACAAGTCGCT-2-s1d2,CD14+ Mono
TGCTTGCTCAAGCTTA-2-s1d2,CD14+ Mono
GGCAATCGTGCTAGCG-2-s1d2,CD14+ Mono
CGCACCACAGGCATGA-2-s1d2,CD14+ Mono
CTAAGGTTCGAGGAAC-2-s1d2,CD14+ Mono
AATAACCGTGTCCAAA-2-s1d2,CD14+ Mono
GCGGATACATCAGTAT-2-s1d2,Erythroblast
CCAGGAACATTATGCG-2-s1d2,G/M prog
GATTGATGTAACGAGG-2-s1d2,CD14+ Mono
CTCCCTGAGCTTTGGG-2-s1d2,CD14+ Mono
TTCATTCAGGTCCGTA-2-s1d2,CD14+ Mono
CAGGAAGGTTATTGCC-2-s1d2,CD16+ Mono
GTTCGCTTCATGTTTC-2-s1d2,CD14+ Mono
GTTACAGGTCCTCCAA-2-s1d2,Normoblast
TACTGCACAATAAGCA-2-s1d2,CD14+ Mono
CCTTCGTAGAATGACG-2-s1d2,Erythroblast
TTGGTGAGTGTGAGGA-2-s1d2,MK/E prog
ATGAAGTAGCTCCTTA-2-s1d2,CD14+ Mono
GGGAATATCTTTAGGA-2-s1d2,pDC
GACATTATCCTAATGA-2-s1d2,CD14+ Mono
ACACTAGGTTAATGCG-2-s1d2,CD14+ Mono
GAGTGAGGTTTAAAGC-2-s1d2,MK/E prog
GTTACTCGTCCGGTTC-2-s1d2,CD14+ Mono
CATCCTCAGCGATAAG-2-s1d2,CD16+ Mono
CTTCTAAGTTCGCTTG-2-s1d2,CD14+ Mono
CCCGTAAAGTAACGAG-2-s1d2,CD14+ Mono
CATATCGCAAATTGCT-2-s1d2,CD14+ Mono
AAGTTAGCAGGTATTT-2-s1d2,CD14+ Mono
AAGCGAATCGATAACC-2-s1d2,CD14+ Mono
AATACCGGTTTGGCTT-2-s1d2,Erythroblast
GACCTAAGTTTGGGCG-2-s1d2,CD14+ Mono
TGCACACCAGCTAATT-2-s1d2,CD14+ Mono
GCTTTGTGTATTTGGG-2-s1d2,CD14+ Mono
TATGGTCAGTTATTCC-2-s1d2,CD16+ Mono
GTAGGAGGTCAGGAAG-2-s1d2,CD14+ Mono
GTTTCAGCAACTGGGA-2-s1d2,HSC
GATGGACAGCTAAGTC-2-s1d2,CD14+ Mono
GCACTAAGTTAGGATT-2-s1d2,CD14+ Mono
GTCCAGGGTAGTTGGC-2-s1d2,CD14+ Mono
GAGGAGGCATTGCGGT-2-s1d2,pDC
CATAATGTCAAACTCA-2-s1d2,CD16+ Mono
GAGGAGGCATAGCGGA-2-s1d2,CD14+ Mono
ACCTAAATCCTAATTC-2-s1d2,ID2-hi myeloid prog
GAGCTGCTCATTGTTC-2-s1d2,ID2-hi myeloid prog
TACAACATCATCACTT-2-s1d2,cDC2
CCGTTTGGTGGTTCCC-2-s1d2,CD14+ Mono
GCGTGCTAGTGTGATC-2-s1d2,CD14+ Mono
GAGTGATCACCTACTT-2-s1d2,CD14+ Mono
AGTAGGATCTTGCAAA-2-s1d2,CD14+ Mono
CACATGCCAGTTGCGT-2-s1d2,Erythroblast
GGAGTCTGTTTCAGGA-2-s1d2,Proerythroblast
ACGTCAAGTCATCAAG-2-s1d2,cDC2
TGCAGGCTCCCTCATA-2-s1d2,CD14+ Mono
GTATTCAAGGCTTAGT-2-s1d2,Erythroblast
AGAACCGCATCCATCT-2-s1d2,MK/E prog
CTCCGGACAGGTTTGC-2-s1d2,CD14+ Mono
ATTGTGATCGGTTACG-2-s1d2,pDC
GCAAGTGCACATGCTA-2-s1d2,CD16+ Mono
TTGGCTGAGCTCCCTG-2-s1d2,CD16+ Mono
GGTACTTAGGTTTGAC-2-s1d2,MK/E prog
CTAATAGTCATGGTTA-2-s1d2,Erythroblast
CATTTGTTCCAACTGG-2-s1d2,CD16+ Mono
TTAAGGACAAGGTATA-2-s1d2,CD16+ Mono
ACCCTCCCACCTGCCT-2-s1d2,HSC
CCAAACTAGGACCTGC-2-s1d2,pDC
CCACAATAGCAATAGG-2-s1d2,MK/E prog
AGTCCTTGTCCCGAAG-2-s1d2,CD14+ Mono
CCATAGCCAAGCTACC-2-s1d2,CD14+ Mono
TTGTAAGTCAGCATTA-2-s1d2,Proerythroblast
TATGACTCAATCCCTT-2-s1d2,cDC2
TAGCGGACAACTAGAA-2-s1d2,CD14+ Mono
AACCCGCAGTGAGAGC-2-s1d2,CD16+ Mono
ACTTGTAAGCTATGAC-2-s1d2,cDC2
TTGTTCCCATGTGGGA-2-s1d2,CD14+ Mono
ACATCATCAACACTTG-2-s1d2,Normoblast
AATGCAACAACCCTCC-2-s1d2,Erythroblast
ATGCCTGAGCAGCTCA-2-s1d2,cDC2
TACTGGCCACAGGATG-2-s1d2,pDC
GGACATAAGGTCATTA-2-s1d2,CD16+ Mono
CTCGCTCCAAGGTCGA-2-s1d2,CD14+ Mono
CCGTGCTGTTACCTGT-2-s1d2,CD16+ Mono
CGTTTCTCAATTAGCT-2-s1d2,CD14+ Mono
GAGCCACTCAATAGCC-2-s1d2,CD14+ Mono
GATCAGTTCACCTGTC-2-s1d2,CD16+ Mono
GTAGTTTCAGTAGGAT-2-s1d2,CD14+ Mono
AACGCTAGTGGATTAT-2-s1d2,CD14+ Mono
GCACGCTAGTAACGGA-2-s1d2,cDC2
TTCGTGCTCCTCATCA-2-s1d2,Erythroblast
AGGATTGAGCCTGATG-2-s1d2,CD14+ Mono
AACTAGCTCTGGCTTC-2-s1d2,Erythroblast
ACCAAGTTCGTTACAA-2-s1d2,CD14+ Mono
CGGATTAGTACGGTAC-2-s1d2,HSC
CAATCTAAGTGAGGTA-2-s1d2,CD16+ Mono
AGTAGGATCTTAGGAC-2-s1d2,CD14+ Mono
CGGATAAAGAACCTGT-2-s1d2,CD14+ Mono
CCTATTTAGACTCGCA-2-s1d2,HSC
TCAGCCTTCGCTAGTG-2-s1d2,CD14+ Mono
CAATGAACAGAATGAC-2-s1d2,Erythroblast
CTCCGTCCACCAGGTT-2-s1d2,CD14+ Mono
CTCAATAAGACAGGCG-2-s1d2,Erythroblast
ACCAGGACATTCCTGT-2-s1d2,CD14+ Mono
GGAACGGTCGGTCATG-2-s1d2,CD16+ Mono
TTTCCGGGTAACGAGG-2-s1d2,ID2-hi myeloid prog
GGCTGGTTCACGCATG-2-s1d2,CD16+ Mono
TGTGTTAAGGGACGCA-2-s1d2,CD16+ Mono
TGTGGCTCATAGCGAG-2-s1d2,CD14+ Mono
TGCTCTCAGCTGCACA-2-s1d2,pDC
TATGACTCAGGTATTT-2-s1d2,CD14+ Mono
ATCACACAGCTAAGTC-2-s1d2,ID2-hi myeloid prog
AAACCAACATGTCGCG-2-s1d2,CD16+ Mono
TATAGCTCATAAGTCT-2-s1d2,CD14+ Mono
CAGCCTTTCATGCTTT-2-s1d2,CD14+ Mono
CAGGTTTAGATGGAGC-2-s1d2,CD14+ Mono
GTTTAACCACGGTACT-2-s1d2,MK/E prog
CTCCATCAGTTTGTCT-2-s1d2,MK/E prog
TATGACATCGGCCATA-2-s1d2,CD14+ Mono
AGCACAGCAATTAACC-2-s1d2,CD14+ Mono
GAGTATCTCTCAATGA-2-s1d2,CD16+ Mono
TTTGTCCCAAACTGTT-2-s1d2,Normoblast
TTCATCCCAACAACAA-2-s1d2,CD14+ Mono
CATCCTTCAACCTAAT-2-s1d2,Normoblast
GGATAACCATTAAGTC-2-s1d2,CD14+ Mono
ATCACACAGGCAATAG-2-s1d2,cDC2
CGGTTGGGTAACCACA-2-s1d2,Proerythroblast
TAACAAGCATCCTGAA-2-s1d2,CD14+ Mono
TGTTGTGCAAGACTCC-2-s1d2,CD14+ Mono
ATAGGTACAGCAACAG-2-s1d2,CD14+ Mono
GCCACAATCGCTAAGT-2-s1d2,CD14+ Mono
CCTTGCGTCCCTGTTA-2-s1d2,CD14+ Mono
GGTGAGGTCCGTAAAC-2-s1d2,Erythroblast
CAATCGCCAGAGAGCC-2-s1d2,CD14+ Mono
TATGTGATCTTAGCCC-2-s1d2,Erythroblast
ATTGTGATCGCTAGCA-2-s1d2,MK/E prog
TAGGCTAGTTCGGGAT-2-s1d2,CD14+ Mono
GCAACAGCATTGCGGT-2-s1d2,CD14+ Mono
GCTCCTTAGCCTGTGA-2-s1d2,CD14+ Mono
GTTAACGGTACTTCAC-2-s1d2,CD14+ Mono
GCTTGACCAGCAAGAT-2-s1d2,pDC
AACCTAATCGTTATCT-2-s1d2,CD14+ Mono
TATAGCTCACAATACT-2-s1d2,CD14+ Mono
CATGAGGCATAGCTGC-2-s1d2,Proerythroblast
GCAGGAAGTGCTTAGA-2-s1d2,CD14+ Mono
AGTGAACCAATATGGA-2-s1d2,CD14+ Mono
TGAGTTTCAAGGTACG-2-s1d2,CD14+ Mono
TTTGGTGCACCTCGCT-2-s1d2,cDC2
TAGTACGGTTACAACG-2-s1d2,Normoblast
CCTGGATCAAACTAAG-2-s1d2,Erythroblast
CGGGTATGTGTAACCA-2-s1d2,CD16+ Mono
GGTTGACGTGTTTGTC-2-s1d2,CD14+ Mono
GAGGGAGCACGTGCTG-2-s1d2,ID2-hi myeloid prog
AACATAGCAAGGTCGA-2-s1d2,cDC2
TTTATGGAGCTTCTCA-2-s1d2,HSC
CCATAGCCAGGCCAAA-2-s1d2,MK/E prog
TCGTAATCAAAGGTAC-2-s1d2,CD14+ Mono
GCATTAGGTACTGAAT-2-s1d2,HSC
GATTAAGCATGTCAAT-2-s1d2,CD14+ Mono
GGCGGTTTCCAAGTGT-2-s1d2,CD16+ Mono
TCCGGTAAGCGAAGTA-2-s1d2,ID2-hi myeloid prog
GCTGTGATCGGGACCT-2-s1d2,CD14+ Mono
GGTCTTGAGTTTAACG-2-s1d2,Erythroblast
CTCTGTTCACACAATT-2-s1d2,Normoblast
GCTAAGAAGGCTAGAA-2-s1d2,Erythroblast
TTCATCCCAAGGGTTG-2-s1d2,CD14+ Mono
TATCACAAGGAGGGTT-2-s1d2,CD14+ Mono
GATTCAGGTATTCGCT-2-s1d2,HSC
CCCAGCACAGTTTGTG-2-s1d2,CD14+ Mono
CGTTAACAGTTCCTCA-2-s1d2,MK/E prog
ATTACCGCAGTTTCTC-2-s1d2,CD14+ Mono
GTATTCAAGAAGGTGC-2-s1d2,CD14+ Mono
GATCAAGAGTTGTCTT-2-s1d2,ID2-hi myeloid prog
CCTAAGGTCCAGGTCA-2-s1d2,Erythroblast
ACCAAACTCTTAGGAC-2-s1d2,CD16+ Mono
GTCATCACATTGCAGC-2-s1d2,Normoblast
CCGGTAGGTGGTGAGA-2-s1d2,CD14+ Mono
ACGTCAAGTGATGATT-2-s1d2,CD14+ Mono
GAGCAAATCGATTTGA-2-s1d2,pDC
GTTACGCCACAACCTA-2-s1d2,CD14+ Mono
CGGTGAGAGTGGCGGA-2-s1d2,CD16+ Mono
ACCACATAGTTCCCGT-2-s1d2,Erythroblast
TCCGGTAAGAGAGCCG-2-s1d2,CD14+ Mono
GCTGTAAGTACTTCAC-2-s1d2,CD14+ Mono
CAAAGTGAGCAACAAG-2-s1d2,Erythroblast
TTAGGCCCACCTACTT-2-s1d2,CD14+ Mono
GTGATGAAGCGCCTAA-2-s1d2,Erythroblast
CAGCATGTCGTCCTTA-2-s1d2,CD14+ Mono
TAGTTTGAGCCAAATC-2-s1d2,CD14+ Mono
CCCAATTGTCCGTGAG-2-s1d2,CD14+ Mono
CCCAAACCACCTAAGC-2-s1d2,CD14+ Mono
TAGGTGCGTGGTTCCC-2-s1d2,MK/E prog
ATATGTCCATTAGGTT-2-s1d2,Erythroblast
GAACTTATCCAAGTTA-2-s1d2,CD14+ Mono
TAGCCTTGTTAACGGC-2-s1d2,CD14+ Mono
TGAGGTGCATGATTGT-2-s1d2,CD16+ Mono
TGACCTTGTTGCTTCG-2-s1d2,CD14+ Mono
GCGGATACATGAGTTT-2-s1d2,CD14+ Mono
TTTGCGACACTGACTA-2-s1d2,CD16+ Mono
TACGCACCAGTTAAAG-2-s1d2,CD14+ Mono
CGTTGCGCAAAGGCCA-2-s1d2,HSC
TACCGAAGTTAGACCA-2-s1d2,CD16+ Mono
CTTTGGGAGATGGAGC-2-s1d2,Normoblast
GTCCTAGAGGTCCTGA-2-s1d2,CD16+ Mono
AATTTGGTCATTAGCA-2-s1d2,CD14+ Mono
CAAGTAACACCTAATG-2-s1d2,CD16+ Mono
ACAGCGCTCGTTTCGC-2-s1d2,CD14+ Mono
GTACTTCGTCCGTAGG-2-s1d2,CD14+ Mono
CTGTTGGAGCCTGAGC-2-s1d2,G/M prog
GAAACCCGTGGGTACT-2-s1d2,cDC2
TGAAGGATCGTTTCGC-2-s1d2,CD14+ Mono
TCTCACCAGGAAACTG-2-s1d2,CD14+ Mono
TAAGTGCTCAATGTGC-2-s1d2,CD14+ Mono
CGCACACAGGTGTTAC-2-s1d2,Proerythroblast
ACAGCCGGTTACTAGG-2-s1d2,CD14+ Mono
TGTGGCGGTTTATCTG-2-s1d2,CD14+ Mono
CAATGAACAATCATGT-2-s1d2,MK/E prog
AACTAGCTCAATACGC-2-s1d2,CD16+ Mono
TACTAAGTCACACAGT-2-s1d2,G/M prog
GGTGTCCAGCTGTACG-2-s1d2,CD14+ Mono
TGATTAGTCCTGAATA-2-s1d2,pDC
CCCAGCACAATGCCTA-2-s1d2,CD16+ Mono
CTGTTGGAGGTTAGCT-2-s1d2,MK/E prog
TGTGAAACAGCAAATA-2-s1d2,Erythroblast
GCTTCGCGTCTAACCT-2-s1d2,CD14+ Mono
AAGCTTGGTGGTTCTT-2-s1d2,CD14+ Mono
GTGGATGCATTAGGTT-2-s1d2,HSC
TAACCAGGTGGGTACT-2-s1d2,CD14+ Mono
ATTAACCCAGCCGCTA-2-s1d2,CD14+ Mono
GTCCTCCCATGCTATG-2-s1d2,Normoblast
AAACATGCACAAAGCG-2-s1d2,Proerythroblast
GATTAGTGTCAAAGAA-2-s1d2,cDC2
ATTGTGATCGCTAGAT-2-s1d2,CD16+ Mono
ACTATCCGTGAGGTAG-2-s1d2,Erythroblast
GCCTGAGGTTTCGCCA-2-s1d2,CD14+ Mono
AGGCAGGTCAGCCAAT-2-s1d2,Proerythroblast
CACCTCAGTACTGATG-2-s1d2,CD16+ Mono
TACTGACAGCACTAAC-2-s1d2,CD14+ Mono
TGCGATTAGGAACGCG-2-s1d2,CD14+ Mono
ACTGAATGTTAATCGG-2-s1d2,CD16+ Mono
AACAGCAAGTGCTGTG-2-s1d2,CD14+ Mono
GCACCTAAGGAGTAAT-2-s1d2,CD14+ Mono
AAACCGAAGGTGAAGC-2-s1d2,CD14+ Mono
GGCATTGTCCTCGATC-2-s1d2,CD14+ Mono
GGCCTAATCCTCACAC-2-s1d2,CD16+ Mono
GGCCGTTAGCATGTCG-2-s1d2,CD14+ Mono
GTCTTGCTCTCACTAT-2-s1d2,CD16+ Mono
TCTCCTCGTTCGCTTG-2-s1d2,CD14+ Mono
CCTAAGGTCTTGCAGG-2-s1d2,CD14+ Mono
TTATCCGTCGCATTAA-2-s1d2,CD14+ Mono
AGCTAACTCCCGCATT-2-s1d2,pDC
CTGACATAGTAACAGG-2-s1d2,Erythroblast
TGAGTTTCATCAATCG-2-s1d2,CD14+ Mono
AAGTGAAGTCACAGAC-2-s1d2,CD14+ Mono
CCTGTAACAAGGTGGC-2-s1d2,CD14+ Mono
CCCTGGACATCACTTC-2-s1d2,CD16+ Mono
TGAGGAGGTCACCAAA-2-s1d2,CD14+ Mono
GATCCGTCAAGTGTTT-2-s1d2,Erythroblast
AGCACTTAGAAGCTAG-2-s1d2,Erythroblast
GATGGACAGGCATTAC-2-s1d2,CD14+ Mono
TTGTCAAAGACCATAC-2-s1d2,CD14+ Mono
CTAGTTGCAAAGCTAA-2-s1d2,cDC2
TGAGTTTCAGCTTAGC-2-s1d2,CD14+ Mono
GCTTTGTGTTCTTTAG-2-s1d2,CD16+ Mono
CTCGTTATCACAGACT-2-s1d2,CD16+ Mono
GAACCTTAGTTAGGCT-2-s1d2,pDC
CTTCTCAAGCTTAACA-2-s1d2,CD14+ Mono
CCAGCCTGTTAACAGT-2-s1d2,CD14+ Mono
GAAGTGATCGCCTAAG-2-s1d2,CD14+ Mono
ATCCAACAGGCGGGTA-2-s1d2,Erythroblast
ACTCACTGTTCATCTA-2-s1d2,CD14+ Mono
ATGTTTGAGTCACGAT-2-s1d2,Erythroblast
AGCAAGGGTTACAAAC-2-s1d2,CD14+ Mono
CAGGAAGGTTCATCTA-2-s1d2,ID2-hi myeloid prog
CAGGGTGAGGGACGCA-2-s1d2,Erythroblast
GGTGAGCCAATATACC-2-s1d2,CD14+ Mono
AATCTTGAGGCCCAGT-2-s1d2,CD16+ Mono
CCAATATCATAAGCAA-2-s1d2,cDC2
GCTGTACCAGCCAGTT-2-s1d2,CD14+ Mono
TGGTAAACAGCAACCT-2-s1d2,CD14+ Mono
TGAGGGCCAGCTTACA-2-s1d2,G/M prog
TGTGGCGGTAAGCTTG-2-s1d2,CD14+ Mono
TACCAAATCTCCTCTT-2-s1d2,CD16+ Mono
ATCCATAAGTTAGGCT-2-s1d2,CD14+ Mono
CGCACAATCTAAGTGC-2-s1d2,CD14+ Mono
GGGCCTAGTTTGCGAA-2-s1d2,CD14+ Mono
AACATAGCATGACTAT-2-s1d2,Normoblast
AACGCCCAGCCTGTTC-2-s1d2,CD14+ Mono
AAAGCTTGTTGGATCA-2-s1d2,Erythroblast
GGTGCTGGTTGGTTCT-2-s1d2,pDC
ACTGAATGTTTCGCCA-2-s1d2,CD14+ Mono
ACCGCAATCACAGGAA-2-s1d2,CD14+ Mono
AACTACTCATTCAGCA-2-s1d2,CD14+ Mono
ACTCACCTCCGGTTAG-2-s1d2,CD14+ Mono
AGGTGAATCTCGCCCA-2-s1d2,CD14+ Mono
GCAAACCGTAGGTTAT-2-s1d2,CD14+ Mono
CGCCTGTGTGAGGTAG-2-s1d2,CD14+ Mono
GGTTACTAGCATTTCT-2-s1d2,CD16+ Mono
CTACGAAGTGCAATGC-2-s1d2,Erythroblast
GGTTTCTGTCCTAATC-2-s1d2,CD14+ Mono
AGGATCCGTTTACCGT-2-s1d2,CD14+ Mono
AAATGGCCAGCTAACC-2-s1d2,CD16+ Mono
TACTCAAAGGACCTCA-2-s1d2,MK/E prog
ATTCCGGAGACAGGTA-2-s1d2,ID2-hi myeloid prog
CCTTCGGTCATAACTG-2-s1d2,CD16+ Mono
CCTATTGTCTACCTGC-2-s1d2,CD14+ Mono
TAGGAGGGTTCGGGAT-2-s1d2,CD14+ Mono
CGGTAACGTTATCCTA-2-s1d2,CD14+ Mono
TTCGTGCTCGCCTGTT-2-s1d2,pDC
GTCTCACTCCTAGTTT-2-s1d2,CD14+ Mono
TAGGAGGGTCTAACCT-2-s1d2,MK/E prog
GTGCGCAGTAGGTGTC-2-s1d2,CD16+ Mono
CGAGGTGAGGCCCAGT-2-s1d2,CD14+ Mono
AGTTTGATCCTGAATA-2-s1d2,CD14+ Mono
CTTGACGAGTTAGACC-2-s1d2,cDC2
TGATCACAGCACCACA-2-s1d2,CD14+ Mono
CTCGCTCCAAGGTATA-2-s1d2,Normoblast
CTCATGCTCGATCAGT-2-s1d2,HSC
GTCTCACTCCAAATCA-2-s1d2,MK/E prog
GAGCCTTCATGAATAG-2-s1d2,CD14+ Mono
GCAATAGAGGGTGAGT-2-s1d2,CD16+ Mono
AACCGGCTCACTAAGC-2-s1d2,CD14+ Mono
GCTTGACCAGCAACCT-2-s1d2,pDC
GACCGTTCAACACTTG-2-s1d2,MK/E prog
TTGCAGCCATTAAGTC-2-s1d2,CD14+ Mono
ATAGCATGTTCAAGCA-2-s1d2,pDC
AGGCAATCAACCGCCA-2-s1d2,CD14+ Mono
CTTTGAGCAAGGTGGC-2-s1d2,CD16+ Mono
GAACGAATCAGGAAGC-2-s1d2,cDC2
CCCTCATAGGGTGAAC-2-s1d2,CD14+ Mono
CCATCATGTCCCGAAG-2-s1d2,G/M prog
AAACATGCAATATGGA-2-s1d2,CD14+ Mono
CCGGTAGGTCATTGTC-2-s1d2,CD14+ Mono
CATCCTCAGGCCTAAT-2-s1d2,CD16+ Mono
AGGGCCTTCTATCGCC-2-s1d2,CD16+ Mono
TAGTAAGCATTGCAGC-2-s1d2,CD14+ Mono
TCGTAATCAATGAATG-2-s1d2,CD14+ Mono
GATTGTTCAAATTCGT-2-s1d2,CD14+ Mono
TTTGGCTGTATTCGTC-2-s1d2,CD16+ Mono
CTCCTCACATGCTCCC-2-s1d2,CD14+ Mono
TTTCTCACAGCTCAAC-2-s1d2,CD14+ Mono
GTGAATCTCAGGAAGC-2-s1d2,CD14+ Mono
TCAAGACTCATTATGG-2-s1d2,CD16+ Mono
AGCCTCCGTTGGATAT-2-s1d2,CD14+ Mono
TGCATCCTCTACCTGC-2-s1d2,CD14+ Mono
ATATGCTCAAGCTAAA-2-s1d2,CD14+ Mono
CCAATATCACTAAGTT-2-s1d2,Proerythroblast
TGACTTCGTTGTTGCT-2-s1d2,CD14+ Mono
GCTTATCGTCCTAAGA-2-s1d2,cDC2
CAGGCTGGTTACTTCA-2-s1d2,CD16+ Mono
CAATGACTCCTGAATA-2-s1d2,CD14+ Mono
GAATTTGTCACCAATA-2-s1d2,Erythroblast
GCGGTTATCACCTGTC-2-s1d2,ID2-hi myeloid prog
GGACCGAAGTGAGGTA-3-s1d3,Erythroblast
AGTGCGGAGTAAGGGC-3-s1d3,Erythroblast
CTTCAATTCACGAATC-3-s1d3,MK/E prog
CCATTGTGTAGACAAA-3-s1d3,MK/E prog
AGTGCCGGTTAATGCG-3-s1d3,Proerythroblast
GCACGCTAGATAGACG-3-s1d3,Erythroblast
ACTAGGCGTTAAGCTG-3-s1d3,Erythroblast
TAGAGCCGTCCCGGAA-3-s1d3,Erythroblast
TCTGTGACATATTGAC-3-s1d3,Erythroblast
TGGTCAGTCCTAATAG-3-s1d3,Erythroblast
TTCGGTACACGTAATT-3-s1d3,cDC2
GTGCGGTTCTTTGACT-3-s1d3,Erythroblast
CCTACTTCACTCGCTC-3-s1d3,pDC
TAGTTTGAGCAAGGGT-3-s1d3,CD14+ Mono
TACCTGCTCAGGCTAT-3-s1d3,Erythroblast
CGGGACAAGGGCCATC-3-s1d3,CD14+ Mono
CAACCCGCAATACTGT-3-s1d3,CD14+ Mono
CTAATCCGTAATGGAA-3-s1d3,Erythroblast
GGCCTTAAGGTCATTA-3-s1d3,Erythroblast
CGTGTTACACTTCACT-3-s1d3,pDC
GAGAGGCGTTAACACG-3-s1d3,CD14+ Mono
GCTCGATCATTAAGCT-3-s1d3,Normoblast
AGCGATTTCCCGAAGC-3-s1d3,cDC2
ACAAACTGTGTTGTAG-3-s1d3,pDC
ATTTAGCCATTGTGGC-3-s1d3,CD14+ Mono
TAGCTTAAGCAGCTAT-3-s1d3,Normoblast
TCCTTTACAGTTATGT-3-s1d3,cDC2
ATCCTTAGTATTACCC-3-s1d3,Erythroblast
TACATCAAGGCCCAGT-3-s1d3,CD14+ Mono
TCTGTGACATAATGAG-3-s1d3,CD14+ Mono
AGATGAAGTTGTTCAC-3-s1d3,cDC2
CGCTTCTAGTTAACCA-3-s1d3,CD14+ Mono
CTGAAACTCTTGGATA-3-s1d3,Erythroblast
ACTAACCAGGTTAGAG-3-s1d3,Proerythroblast
CAAACTGGTAACCACA-3-s1d3,Proerythroblast
CTGGTCAAGTAAGAAC-3-s1d3,cDC2
GATGACTTCTCTAGCC-3-s1d3,Erythroblast
CAATATGTCGCTATAA-3-s1d3,pDC
AGTCCTTGTACAATGT-3-s1d3,CD14+ Mono
CCCGCAACACAGACTC-3-s1d3,cDC2
CTCCGTCCATAGACTT-3-s1d3,Erythroblast
GTGTTCCTCGTTAGTA-3-s1d3,Erythroblast
AAGCGTTTCACTAAGC-3-s1d3,Erythroblast
CAAACACTCGATTTGA-3-s1d3,HSC
TATGAAGCATGTTGGC-3-s1d3,CD14+ Mono
TCCGGAATCGCAACAT-3-s1d3,CD14+ Mono
CGTAATGGTGGAAACG-3-s1d3,CD14+ Mono
CCCAAACCATGGTTAT-3-s1d3,CD14+ Mono
GTGGACACAGTTTGGC-3-s1d3,CD14+ Mono
TGGCTATAGCATTATG-3-s1d3,pDC
GAGAACCAGGAGCAAC-3-s1d3,CD14+ Mono
GATCGCTCATCAATCG-3-s1d3,HSC
AGCGCCTAGCGCATTG-3-s1d3,Proerythroblast
ACAACAACAAATTGCT-3-s1d3,CD14+ Mono
TTGGTGAGTCTAACCT-3-s1d3,CD14+ Mono
CTGACATAGCTTACTT-3-s1d3,Normoblast
AGTTGTCAGCATCCAG-3-s1d3,Normoblast
AAGTGTTGTTAATGCG-3-s1d3,HSC
AAACCGGCACCACAAC-3-s1d3,CD14+ Mono
GTCATTAAGTTGCCTC-3-s1d3,Erythroblast
GTCTAGCCATTAAGTC-3-s1d3,Erythroblast
ATGGCTGTCTAACCTT-3-s1d3,cDC2
GCGAGTGAGCAACAAG-3-s1d3,Erythroblast
GCAGGATAGGCTTAGT-3-s1d3,cDC2
GGCTCACAGCCGCTAA-3-s1d3,Proerythroblast
TTTACGAAGCAACAAG-3-s1d3,cDC2
TCTAATCTCAAATCGC-3-s1d3,CD14+ Mono
ATTGCTCGTTTACCGT-3-s1d3,Proerythroblast
CACAAGCGTATTACCC-3-s1d3,Proerythroblast
AATCATGTCTAAGTCA-3-s1d3,Proerythroblast
AGTTACATCATGCAAC-3-s1d3,Erythroblast
TCCGGTAAGGATTGCT-3-s1d3,cDC2
GCCACACAGGGTGAAC-3-s1d3,cDC2
ATTAGTCCAAGGTCCT-3-s1d3,CD14+ Mono
AGGCAGGTCAAACCTA-3-s1d3,Normoblast
CCAGCCTGTGTAATAC-3-s1d3,Normoblast
AAAGCCGCACTGGCTG-3-s1d3,CD14+ Mono
ACCAGCTCAACCTAAT-3-s1d3,HSC
CTCTTGATCCCGAAGC-3-s1d3,Erythroblast
CGTGCTTTCCTTTACG-3-s1d3,CD14+ Mono
ATTCCTAGTGTGTCCC-3-s1d3,Erythroblast
TGCCATTGTGACATGC-3-s1d3,Normoblast
CGTTTCTCATTAGCGC-3-s1d3,Erythroblast
GTTTGTCGTGATGAAA-3-s1d3,Erythroblast
CTGCTACTCCTGTTCA-3-s1d3,CD16+ Mono
AGCGCTCAGGAACGGT-3-s1d3,Erythroblast
TTTGGCTGTAGGATCC-3-s1d3,pDC
ATCAAGACAGAAATGC-3-s1d3,HSC
TAGGTGCGTTACTAGG-3-s1d3,Erythroblast
TGGAACAAGAGCAAGC-3-s1d3,cDC2
AAACCAACATCTAGCA-3-s1d3,cDC2
CAGGGCTTCATCCACC-3-s1d3,cDC2
ACCTTCCAGCCATCAG-3-s1d3,Proerythroblast
TCCTGGTTCACGTTAA-3-s1d3,CD14+ Mono
TCAATCGCATTGCGAC-3-s1d3,CD14+ Mono
TCAAGAACATTTAAGC-3-s1d3,CD14+ Mono
AACTGTTCAAGGTAAC-3-s1d3,Erythroblast
AATCATGTCTGTAATG-3-s1d3,Proerythroblast
CGTCAATAGCGTGCGT-3-s1d3,Erythroblast
GCCTGTGCATAGCGGA-3-s1d3,Erythroblast
GCGCCTTGTAGTAAGA-3-s1d3,Proerythroblast
GTCATTAAGCTGGAAA-3-s1d3,Erythroblast
CCAGGATGTAATAGCT-3-s1d3,cDC2
GGCCGTTAGTCATGCG-3-s1d3,Erythroblast
GCTCTGTTCAGTTCCC-3-s1d3,Erythroblast
TAGAGCCGTTAACACG-3-s1d3,Erythroblast
ACAGGTAAGCTAAAGG-3-s1d3,Erythroblast
GGTTCTTGTCACGGAT-3-s1d3,Proerythroblast
ACGCCTAAGTAGCGGG-3-s1d3,Erythroblast
TTGCAGCCATAGACCC-3-s1d3,CD14+ Mono
TTCCCGCCAGGCTTGT-3-s1d3,CD14+ Mono
CCTCAGTTCGATATTG-3-s1d3,CD14+ Mono
TAACCAGGTATTGCAG-3-s1d3,Erythroblast
TTTAGGATCAAACCGT-3-s1d3,CD16+ Mono
GGTAATTGTGGTTCTT-3-s1d3,cDC2
GCCACTAAGACAGGCG-3-s1d3,CD14+ Mono
GAGAACCAGGCCGGAA-3-s1d3,pDC
CACGCTAAGCCTAACG-3-s1d3,CD14+ Mono
CAGAACCGTTGCACAA-3-s1d3,Erythroblast
CTTAAGGGTTGCCTCA-3-s1d3,pDC
TTAGCTGCATAGCGAG-3-s1d3,Normoblast
TAGCCTTGTGCGCAAT-3-s1d3,Erythroblast
ATCCACCTCATGGTGT-3-s1d3,CD14+ Mono
CAATCCCTCTGTAAGC-3-s1d3,cDC2
CCCAAACCAGTAATAG-3-s1d3,CD14+ Mono
CGTGTGTCAGCTCATA-3-s1d3,MK/E prog
CGAGGTGAGACTCGCA-3-s1d3,HSC
TTGCAATCAACCGCCA-3-s1d3,Erythroblast
CGTTAAATCATAACCA-3-s1d3,Erythroblast
GGTGAGCCAGGACCTT-3-s1d3,CD14+ Mono
GCCTTTGGTAACCACA-3-s1d3,CD14+ Mono
CCGCAAATCCGTCCAT-3-s1d3,CD14+ Mono
AGGAGCTAGTGAACGA-3-s1d3,Erythroblast
TTGGATCAGGTGTCCA-3-s1d3,CD16+ Mono
AAGCCACGTAACGTGC-3-s1d3,Erythroblast
TATAGCCAGTTTCCTG-3-s1d3,Erythroblast
GATAAGCCACAGGAAT-3-s1d3,CD14+ Mono
CTGTGTGAGGTGTCCA-3-s1d3,Erythroblast
GTCAGGCTCGCTAGAT-3-s1d3,Normoblast
AAGCCTTAGTATTGCA-3-s1d3,Erythroblast
GCAGGTTGTAACTACG-3-s1d3,Erythroblast
GACCTAGTCAGCTAAC-3-s1d3,pDC
CTAATCGCATCGCTCC-3-s1d3,Erythroblast
GGGCCTAGTAAACAAG-3-s1d3,Erythroblast
GGATTGCGTGTGCAAC-3-s1d3,HSC
AATTGCCAGATGCCTG-3-s1d3,Proerythroblast
GAACCAGCAAGCTTAT-3-s1d3,CD14+ Mono
TGTAAAGCAGCTAACC-3-s1d3,Erythroblast
TAGCCTCTCGAAGTAG-3-s1d3,Normoblast
CTATTCAGTTATTGCC-3-s1d3,Normoblast
TACTTGTTCCTCGATC-3-s1d3,Normoblast
CATAATCCATAAGCAA-3-s1d3,Erythroblast
TAACCAGGTGTCCAAA-3-s1d3,CD14+ Mono
CTAACCTGTGCAATGC-3-s1d3,CD16+ Mono
TACATCAAGAGAAGGG-3-s1d3,CD14+ Mono
AAACCGAAGCACCACA-3-s1d3,HSC
GGGTTTCCAGTAAGTA-3-s1d3,CD14+ Mono
CGATGTCCAATGCCCG-3-s1d3,CD14+ Mono
ACTAACCAGCGCTCAA-3-s1d3,HSC
GCAATGTTCCCTGGAA-3-s1d3,CD14+ Mono
TGAGGAGGTTTATCGC-3-s1d3,CD14+ Mono
CATAGGTTCACTAAGC-3-s1d3,Erythroblast
ATCCTCATCGTTACAA-3-s1d3,pDC
TGACTTAAGCACAGAA-3-s1d3,Erythroblast
ACAAAGGTCCGTGACA-3-s1d3,Proerythroblast
AGCGGATAGCTAAGTC-3-s1d3,Proerythroblast
GTCGCAATCCTTGAGG-3-s1d3,Proerythroblast
CCTCAGTTCTCCATGC-3-s1d3,Normoblast
TTAGGCTAGTTTGCGG-3-s1d3,Erythroblast
CAGGCTGGTCACAGCG-3-s1d3,Erythroblast
TTTCTCACACTCGCTC-3-s1d3,Erythroblast
GAAGCCTGTACGGGTT-3-s1d3,CD14+ Mono
CTTTGAGCAGTAGGTG-3-s1d3,Normoblast
TAGAGCCGTTGAGGTC-3-s1d3,pDC
AAGCTATGTAGGTTAT-3-s1d3,cDC2
ATTCACTTCCAATAGC-3-s1d3,MK/E prog
CACTAAGGTCGACTCC-3-s1d3,Erythroblast
TGCCGGTAGGCCTAAT-3-s1d3,Proerythroblast
TAGTGAGAGTCATTGA-3-s1d3,MK/E prog
CCACAGGGTTACTTGC-3-s1d3,Erythroblast
ACCCTGTTCCGGCTAA-3-s1d3,CD14+ Mono
CGTGCTTTCGGTCAGC-3-s1d3,Erythroblast
CACGCTAAGAGGAAGG-3-s1d3,Proerythroblast
GCTTAAATCGCTATGG-3-s1d3,Erythroblast
GTCGCAATCACATTGA-3-s1d3,Erythroblast
TGAGCACGTCCCGAAG-3-s1d3,Erythroblast
TTGCTTTAGGCGCACT-3-s1d3,HSC
AGCACAGCACCACAAC-3-s1d3,Erythroblast
CTTGCAACAGCCAGAA-3-s1d3,Erythroblast
ATCATGTCAACAGGAT-3-s1d3,Proerythroblast
AAGTAGCCAGTTATGT-3-s1d3,pDC
GGCGGTAAGTCAATCA-3-s1d3,Normoblast
CGCTTAACATTGTGTG-3-s1d3,HSC
AAAGCTTGTCCTCCAA-3-s1d3,CD14+ Mono
CACCGGTAGCTTAACA-3-s1d3,Erythroblast
GCGGATACATAGCAGG-3-s1d3,CD14+ Mono
CGCTAACCACACAATT-3-s1d3,pDC
CGTTGCGCAGTCTATG-3-s1d3,CD14+ Mono
ACATTGCAGCAAGATG-3-s1d3,Erythroblast
CAAAGTGAGGCGCTTA-3-s1d3,Normoblast
CCTTGCGTCTCATCAT-3-s1d3,CD14+ Mono
TACGTACAGGCTACAT-3-s1d3,Proerythroblast
CCGCACACACTTAACG-3-s1d3,CD14+ Mono
TATTTGGAGGGATGAC-3-s1d3,Erythroblast
GTTAAACGTAATCGGC-3-s1d3,CD14+ Mono
ATGAATGCATCATGTG-3-s1d3,Erythroblast
GCTTCGCGTGCTGTAA-3-s1d3,cDC2
AACATCATCTGTGAGT-3-s1d3,HSC
ATTAGTCCAATTGACT-3-s1d3,Erythroblast
CTCCGTCCATGTTGGC-3-s1d3,Erythroblast
GATTCCTGTAACGAGG-3-s1d3,Erythroblast
TAATCCGCAAGGAATC-3-s1d3,Erythroblast
TAACCTAAGGACAATG-3-s1d3,Erythroblast
TGTGATCAGGTCCTGA-3-s1d3,Normoblast
ACCAATATCCGTTAAA-3-s1d3,CD14+ Mono
GGATACTTCTAACCAA-3-s1d3,Erythroblast
GTATTCAAGGACTTAC-3-s1d3,Erythroblast
CTACTTAGTAAGCTCA-3-s1d3,Proerythroblast
TTTCCACCAGAGGGAG-3-s1d3,CD14+ Mono
CGCCACACACTCAACA-3-s1d3,Normoblast
AGTGCGGAGTTTGGGT-3-s1d3,cDC2
ACGAACAAGGCGCACT-3-s1d3,Erythroblast
AAACCGCGTTGAATCG-3-s1d3,Normoblast
TATCGCACATCACTTC-3-s1d3,Proerythroblast
GAAGGCCCACATAGCC-3-s1d3,Proerythroblast
TGGTCAGTCATGGCTG-3-s1d3,cDC2
GCGGTTATCCCGTTTA-3-s1d3,Erythroblast
CATTGTGCAGGCTAAG-3-s1d3,Erythroblast
CGAGGCAAGCCTGGTA-3-s1d3,Erythroblast
ATGGACAAGGTAACGA-3-s1d3,Erythroblast
CATCATGCAGCCTGCA-3-s1d3,Proerythroblast
ACACTTGCATTTGCTC-3-s1d3,CD16+ Mono
TGTGAAACAGCTAATT-3-s1d3,Erythroblast
TAGCGCGGTCTCACTG-3-s1d3,Proerythroblast
GGTAACTTCACAGCCA-3-s1d3,Erythroblast
AGGTGAGGTAAACAAG-3-s1d3,CD14+ Mono
CTACCTCAGTTGTCCC-3-s1d3,Erythroblast
GCTAACAGTTACATCC-3-s1d3,Erythroblast
GGATGGCCAGCTCATA-3-s1d3,cDC2
TTAGTCAAGCTGTCAG-3-s1d3,Proerythroblast
GTACGTAGTTGTTCAC-3-s1d3,CD14+ Mono
TTGTCCGGTTCGCTTG-3-s1d3,Erythroblast
CGTGACATCATTGCGG-3-s1d3,Normoblast
AACGACAAGCCTGACA-3-s1d3,CD14+ Mono
AATAGCTGTAACCAGC-3-s1d3,Erythroblast
CATTATGAGGCGCTAC-3-s1d3,Erythroblast
GAAACCCGTTAGGCGT-3-s1d3,Erythroblast
AATCTCAAGCTATGAC-3-s1d3,Proerythroblast
TGGATTGGTCGACTAA-3-s1d3,CD14+ Mono
GCTAACCCAAGCCACT-3-s1d3,Erythroblast
ATAGATGCATAGACTT-3-s1d3,Proerythroblast
GACACCGGTTTGGCTT-3-s1d3,Erythroblast
AGCTTGGTCTTTGAGA-3-s1d3,Normoblast
GCACGAACACCACAAC-3-s1d3,Erythroblast
CATGCGGGTCCGTAGG-3-s1d3,Erythroblast
GGCCTTCGTTGTGACA-3-s1d3,CD14+ Mono
GTACTAATCCCTCTAA-3-s1d3,Erythroblast
GCATGAAAGCGCATTG-3-s1d3,Erythroblast
TTCCTTGAGCAAACCT-3-s1d3,CD14+ Mono
ACCATAATCACCAATA-3-s1d3,pDC
CAAGGTAAGAATGACG-3-s1d3,Erythroblast
CCTCAAACAGCTTAGC-3-s1d3,HSC
GATGCATTCGTTTCGC-3-s1d3,Erythroblast
CGAGCGAAGGGTGGAT-3-s1d3,Erythroblast
CGAGGTGAGGAGGACT-3-s1d3,cDC2
CAAGGCCTCGGCCAGT-3-s1d3,Erythroblast
ATCCTGACATCCATCT-3-s1d3,CD14+ Mono
CTTTGAGCAGGCCTTG-3-s1d3,Normoblast
GAGCTTGTCACCAATA-3-s1d3,Erythroblast
CGGCTCACAAGTAAGC-3-s1d3,CD14+ Mono
GTCATGCCAACTAGCC-3-s1d3,Erythroblast
ATGAATGCACATAGCC-3-s1d3,Proerythroblast
CTGCTATGTTGCATCT-3-s1d3,Erythroblast
GAGAAACGTACCGGAT-3-s1d3,CD16+ Mono
CAAACAACATAATTGC-3-s1d3,Erythroblast
AGCCAGTGTTTGTCTA-3-s1d3,CD14+ Mono
TAGTAGGAGGCATTGT-3-s1d3,MK/E prog
AGCCGCTAGTAACCAC-3-s1d3,CD14+ Mono
AATGTCATCTTTGAGA-3-s1d3,Erythroblast
GGCCATCAGGCTAAGA-3-s1d3,Erythroblast
ATCCCGCGTGCTTAGA-3-s1d3,CD16+ Mono
AATCTTGAGCGGATAA-3-s1d3,Proerythroblast
TGAAGCAAGGGTTAGA-3-s1d3,Erythroblast
CGGCTCACATTGACAT-3-s1d3,CD14+ Mono
GGCCATCAGGTGAAGC-3-s1d3,Normoblast
AAAGCCGCATGATTGT-3-s1d3,Normoblast
CTAGCTGAGCCGCAGT-3-s1d3,Erythroblast
GTCTTGCTCCTTAATC-3-s1d3,CD16+ Mono
CCCGCTTCATTGACAT-3-s1d3,Proerythroblast
AGGTTGCGTTCCGGGA-3-s1d3,Proerythroblast
GGGATAATCCATAATG-3-s1d3,Erythroblast
TGGACCGGTACCGGAT-3-s1d3,MK/E prog
TTGGGCGGTTCACCAT-3-s1d3,CD14+ Mono
TTGTCAAAGTAAGAAC-3-s1d3,Proerythroblast
CTGAATATCTTGTTCG-3-s1d3,Erythroblast
GATTACTCACAGGAAT-3-s1d3,pDC
TCGTTTCCATTAAGTC-3-s1d3,cDC2
GCTCCTTAGTGTGATC-3-s1d3,CD14+ Mono
GTAGTTTCACTGACTA-3-s1d3,CD14+ Mono
CTAATGTCAATTATGC-3-s1d3,Erythroblast
ATCGGCCAGGCTTAGT-3-s1d3,CD14+ Mono
CTTACCGGTTCCATTA-3-s1d3,pDC
GACCGTTCAGTTATCG-3-s1d3,Normoblast
TGACTTCGTCCACAAA-3-s1d3,Erythroblast
CAATCCCTCATGGTTA-3-s1d3,pDC
TGAGGGCCAAAGCGCA-3-s1d3,cDC2
CGGATAAAGTAAGAAC-3-s1d3,Erythroblast
TGATGACTCGGCCAGT-3-s1d3,CD14+ Mono
TCGTTACGTGTGTGGT-3-s1d3,Erythroblast
GTGTCCAAGTAGGATG-3-s1d3,CD14+ Mono
TCTTAGTTCTATCGCC-3-s1d3,Proerythroblast
AGGGCTACAGGCAAGC-3-s1d3,Normoblast
TCTTCAAGTTAGCCAA-3-s1d3,Erythroblast
AGCCTAGTCTTGCATT-3-s1d3,cDC2
TTGGGCGGTGGATTCA-3-s1d3,CD14+ Mono
CCATAAATCGCTTCTA-3-s1d3,cDC2
TCGGTTACAAACTAAG-3-s1d3,Erythroblast
CGGAGTCTCGTAATCA-3-s1d3,MK/E prog
TTGGAGGCAGTTGCGT-3-s1d3,Erythroblast
CTAATCCGTTACTTGC-3-s1d3,Erythroblast
ATCAAGACAGCAAGGC-3-s1d3,Erythroblast
GAAGCCTGTGAATCGC-3-s1d3,Proerythroblast
GATTACTCATTGTCCT-3-s1d3,Erythroblast
GTGGCTTCATCACTTC-3-s1d3,cDC2
GCCATGATCGCCTAAG-3-s1d3,Erythroblast
AAGACATAGCTCCTTA-3-s1d3,CD14+ Mono
GTATCGCCACTAGCGT-3-s1d3,CD14+ Mono
TGTCCTTCATGCAACC-3-s1d3,Erythroblast
AGTAGCTTCGGGATTT-3-s1d3,CD14+ Mono
TCCTGGTTCACGAATC-3-s1d3,MK/E prog
GTCTAGCCATAAAGCA-3-s1d3,Normoblast
TCCTCAATCCTGAATA-3-s1d3,cDC2
CTGGCTAAGTTGGGCC-3-s1d3,cDC2
CGGTAACGTAACGAGG-3-s1d3,Proerythroblast
GACTTACAGCATGTCG-3-s1d3,Erythroblast
TCGACAAGTCGCAATA-3-s1d3,MK/E prog
GTCCAGGGTTACAACG-3-s1d3,CD14+ Mono
GTGGCTTCAGTAATAG-3-s1d3,Erythroblast
ATATGTCCAACTGGGA-3-s1d3,Erythroblast
GGAAGTATCCCTGATC-3-s1d3,Proerythroblast
GGTTTAATCATTGTCT-3-s1d3,Normoblast
CCAGCTGCAATCCTGA-3-s1d3,Normoblast
GGTAATTGTATCTGGA-3-s1d3,Proerythroblast
GGTAAACCAGCAAGTG-3-s1d3,CD14+ Mono
TGTTCATTCCTCGATC-3-s1d3,cDC2
TACTGACAGGAGGCAT-3-s1d3,Erythroblast
CCCTGTTAGTAGCGGG-3-s1d3,Erythroblast
ACAGTATGTCATCAAG-3-s1d3,CD14+ Mono
TAATGGTGTGGGAACA-3-s1d3,Erythroblast
TTTCCTGAGCTATGAC-3-s1d3,Erythroblast
TTACACCGTGTTGTAG-3-s1d3,CD14+ Mono
GTAGTTATCAAACTCA-3-s1d3,Erythroblast
TCCTCTAAGGCCCAGT-3-s1d3,Proerythroblast
AGCGCCTAGGCGCATC-3-s1d3,CD14+ Mono
GATTATGTCGGCCATA-3-s1d3,CD14+ Mono
TGTAAGCTCGTTTCGC-3-s1d3,Proerythroblast
GAGGGAGCACCTCGCT-3-s1d3,Normoblast
GGGTTACGTAAGGTCC-3-s1d3,Erythroblast
CCTTAGTGTTTGGCGG-3-s1d3,MK/E prog
TACCAGGTCTCACATT-3-s1d3,CD14+ Mono
AAGCTTGGTGAATCGC-3-s1d3,Erythroblast
ACAGCGCTCCTCACAC-3-s1d3,CD14+ Mono
CGTTAAATCGAGGTGG-3-s1d3,Erythroblast
GCATATATCCACAATA-3-s1d3,cDC2
AGGAAACGTGTAACCA-3-s1d3,Erythroblast
TAGGGTTTCAGGTTTA-3-s1d3,Erythroblast
TTTGTGGCACTAAGCC-3-s1d3,Erythroblast
TGGTCAAGTTTAGTCC-3-s1d3,CD14+ Mono
AGTCCTGAGAGGAAGG-3-s1d3,Erythroblast
TATCACGCAGGATTAA-3-s1d3,CD14+ Mono
CGTGCTTTCTGTTCAT-3-s1d3,CD16+ Mono
CTCTGTTCACAGAACG-3-s1d3,Proerythroblast
TTATGACCAGTAGCCT-3-s1d3,Erythroblast
ACCACATAGAAGCTAG-3-s1d3,CD14+ Mono
GAGGTACAGGCATTAC-3-s1d3,Proerythroblast
CAGGTGGAGACAACAG-3-s1d3,cDC2
CTTTATCAGAGGAGTC-3-s1d3,Proerythroblast
GTAAGCTTCTAGCGAT-3-s1d3,Normoblast
GTCTCACTCATTACAG-3-s1d3,Erythroblast
AGTAACGAGGCTAAGA-3-s1d3,Proerythroblast
TGGCCTGCACCGGCTA-3-s1d3,CD14+ Mono
GTTTGTCGTTGTAACG-3-s1d3,Proerythroblast
CATTATGAGCGAGTAA-3-s1d3,Normoblast
TGGCCATCACACTAAT-3-s1d3,Normoblast
ATGACGAAGTTGGGCC-3-s1d3,Erythroblast
ATTCCTAGTGTTGTAG-3-s1d3,Erythroblast
AATGAAGGTTTATCGC-3-s1d3,CD14+ Mono
AGTAATCGTGTTGTAG-3-s1d3,cDC2
ATCGCCCGTAGGTTTG-3-s1d3,Erythroblast
GGATTTATCGCTTCTA-3-s1d3,Erythroblast
GATTCAATCATGAAGG-3-s1d3,Erythroblast
GTTGTTGCAATCCTGA-3-s1d3,CD14+ Mono
GAACCGCTCATGCGTG-3-s1d3,pDC
TCCATATTCATTCATC-3-s1d3,Erythroblast
AGGTTTATCGTTTCTG-3-s1d3,cDC2
CTTACTAGTTTGTTGC-3-s1d3,Erythroblast
TTGACATCACCTAAGC-3-s1d3,cDC2
GAGTTACTCATGAGCT-3-s1d3,cDC2
GCCACTAAGGGCCACT-3-s1d3,CD14+ Mono
GGACGAAGTGGTGAGA-3-s1d3,Erythroblast
GACTTGGTCTTGCTAT-3-s1d3,Erythroblast
GAAGGCTAGCTGGAAA-3-s1d3,Erythroblast
GCGATTTAGGAGGCAT-3-s1d3,CD14+ Mono
CTTCAGGAGCAGCTCA-3-s1d3,Erythroblast
AACAAAGGTCCGCTGT-3-s1d3,CD14+ Mono
ATCCATAAGTAACTCA-3-s1d3,Erythroblast
TTTAGGATCAAACACC-3-s1d3,Normoblast
ACACAATGTGCCGCAA-3-s1d3,CD14+ Mono
CGTAGCGGTAACCTAG-3-s1d3,Erythroblast
GTCATGCCACTGGCTG-3-s1d3,CD14+ Mono
TGGTTAATCGTGCTTC-3-s1d3,Erythroblast
CTAATAGTCACAGGAA-3-s1d3,CD16+ Mono
GAGTGATCACAAGCCT-3-s1d3,CD14+ Mono
GATCGCTCAGAATGAC-3-s1d3,CD14+ Mono
GCATATATCAAAGGCA-3-s1d3,Erythroblast
GGTTTCTGTGCATTTC-3-s1d3,pDC
AACAGGATCTAGCTTT-3-s1d3,Erythroblast
GGTTAATGTTCCTCCT-3-s1d3,Erythroblast
GTGCAAGCATTGTCAG-3-s1d3,Normoblast
AACGCCCAGACTTATG-3-s1d3,Erythroblast
ATCGCCCGTATACTGG-3-s1d3,Erythroblast
CGCAATAGTTGTTGGA-3-s1d3,CD14+ Mono
CGGCTCACAAGGTATA-3-s1d3,CD16+ Mono
CAAACATGTGCAACTA-3-s1d3,Erythroblast
ATTAGCTCACTAAGCC-3-s1d3,Erythroblast
ATAGGTACATAATTGC-3-s1d3,Erythroblast
AAAGGACGTGTTTCAC-3-s1d3,CD14+ Mono
TTGCCCGTCCTGCGAA-3-s1d3,cDC2
CCGCCAACAGGCTAGA-3-s1d3,Proerythroblast
GGGCTAACAACCCTAA-3-s1d3,Erythroblast
ACCTACCTCAAGTGAG-3-s1d3,Normoblast
ATTTGCAAGTATCGCG-3-s1d3,CD14+ Mono
TTCGGTACAGTTAGCC-3-s1d3,Erythroblast
CAGGCTATCGAAGTGA-3-s1d3,CD14+ Mono
CTGGTCAAGCCGCAGT-3-s1d3,Erythroblast
GCACCTAAGCCGCAAC-3-s1d3,CD14+ Mono
AAGCAAGTCCAACTGG-3-s1d3,Proerythroblast
GTCCTCAGTGCTAGAC-3-s1d3,CD14+ Mono
CTGTGTGAGCGAAGTA-3-s1d3,CD14+ Mono
TGAAGCAAGATAAAGC-3-s1d3,Normoblast
AATTGCTCAGGATAAC-3-s1d3,Normoblast
ACTTTGTTCAAGGACA-3-s1d3,CD14+ Mono
CGCAAATTCCTCACAC-3-s1d3,Proerythroblast
GAGGCAAGTTTATCGC-3-s1d3,Erythroblast
ATTAACCCACCTATAG-3-s1d3,Erythroblast
GACGCCTAGTGCTGTG-3-s1d3,CD14+ Mono
CCTTCGGTCTACCTCA-3-s1d3,CD16+ Mono
TTTGACTTCAAATCGC-3-s1d3,Erythroblast
ACCCTCCCAATTAACC-3-s1d3,Erythroblast
GAGAAACGTCAGGCAT-3-s1d3,Erythroblast
CCACATTGTGGATTGC-3-s1d3,Proerythroblast
ACCAAGTTCCGCAACA-3-s1d3,Erythroblast
CTAATCGCACAGAACG-3-s1d3,Erythroblast
CTTGCAACAGCAAGTG-3-s1d3,CD16+ Mono
TAAGGACCATAAGTTC-3-s1d3,Erythroblast
GGTGAGCCACGCAACT-3-s1d3,Erythroblast
TACCGAAGTCACAAAT-3-s1d3,Erythroblast
TATGAAGCAGGCTTCG-3-s1d3,Erythroblast
CTGCAATAGTTCCCGT-3-s1d3,Erythroblast
TAAGGACCAGCTCATA-3-s1d3,Erythroblast
TTACCGTGTTGCACAA-3-s1d3,CD14+ Mono
ATGTTGTCAAGCTTAT-3-s1d3,pDC
TCTCCTCGTATACTGG-3-s1d3,Erythroblast
GAGCATGCAGTTAGCC-3-s1d3,CD14+ Mono
CTCGTTATCTACTAAG-3-s1d3,Erythroblast
CCGCTAAAGCCTGAGC-3-s1d3,pDC
CGAAGAATCCTAATTC-3-s1d3,Erythroblast
CCAAACTAGCTCGCTT-3-s1d3,CD14+ Mono
CCCTCAGTCATGCTCC-3-s1d3,Erythroblast
TGCATCCTCTTACTCG-3-s1d3,Erythroblast
TCAAGACTCAATTACG-3-s1d3,Erythroblast
GTGATCAGTGCTAGCG-3-s1d3,cDC2
CGTAACTAGGATGATG-3-s1d3,CD14+ Mono
TGAGGCACATTCCTGT-3-s1d3,CD14+ Mono
GTACAATGTAAACAAG-3-s1d3,Erythroblast
TTTGACCGTTACCGGG-3-s1d3,Erythroblast
GGCAATCGTATCTGGA-3-s1d3,CD14+ Mono
CAAACAACAGAAATGC-3-s1d3,CD14+ Mono
CCCGTAAAGTAACCAC-3-s1d3,CD14+ Mono
TAGTCAATCTGTTGCC-3-s1d3,Erythroblast
TTGTGCGAGGATGATG-3-s1d3,Proerythroblast
GGACCTCAGAACCTGT-3-s1d3,cDC2
CCAACCAAGTTACCGG-3-s1d3,CD14+ Mono
TGAGGGCCAATAGTCT-3-s1d3,CD14+ Mono
TCCGGTTTCTGTAAGC-3-s1d3,CD14+ Mono
ACCGGTTCATCACAGC-3-s1d3,CD14+ Mono
TAAGGACCAAACTGTT-3-s1d3,cDC2
GCAATAGAGAATCTCA-3-s1d3,CD16+ Mono
AGAGATTAGGATAAAC-3-s1d3,Proerythroblast
TGGCCTTTCGATTTAG-3-s1d3,Erythroblast
CTAATGTCACATAACT-3-s1d3,CD14+ Mono
GATTCATCAGTATGTT-3-s1d3,Erythroblast
AAATCCGGTTTCCTCC-3-s1d3,Normoblast
GAACCAGCAGTTGCGT-3-s1d3,Erythroblast
GTAGTTTCAATATACC-3-s1d3,Erythroblast
TATGGGCGTTTGCAGA-3-s1d3,CD14+ Mono
TGTATCCGTTCCGCAC-3-s1d3,cDC2
TGAACAGAGGACCTGC-3-s1d3,CD14+ Mono
TGCTCAACAGCTAACC-3-s1d3,CD14+ Mono
GCACGCTAGCACGATT-3-s1d3,Proerythroblast
CTTGTTCCAATAACCT-3-s1d3,Erythroblast
CCTCCTCTCCGCCTAT-3-s1d3,Erythroblast
CAAGGCCTCTTGCTAT-3-s1d3,CD14+ Mono
ATGAAGTAGCATTAGC-3-s1d3,Erythroblast
TACAAGCTCTCACACC-3-s1d3,Erythroblast
TAGGGTTTCCACCTTA-3-s1d3,MK/E prog
TACTGACAGGTACCGC-3-s1d3,Proerythroblast
TACCAGGTCTAAGGAG-3-s1d3,Erythroblast
ACAGGCTGTCAGGCAT-3-s1d3,Normoblast
ACCACACCATAATGAG-3-s1d3,Normoblast
AAAGCACCAGTAGGAT-3-s1d3,Proerythroblast
AACATAGCAACTCGCG-3-s1d3,CD14+ Mono
CGCATTACAATATGGA-3-s1d3,Normoblast
ACCTCACTCTTCAATC-3-s1d3,Proerythroblast
AGAGAAGCATTCCTCG-3-s1d3,CD14+ Mono
GGATTGCGTATTACCC-3-s1d3,Normoblast
TCTCGCCCATAGGCGA-3-s1d3,Proerythroblast
CAACCCTTCGTAACGT-3-s1d3,Erythroblast
GGACATAAGTTGGGCC-3-s1d3,Erythroblast
GCTGCATCACAGGATG-3-s1d3,CD14+ Mono
TTAACTGAGCAAGGTA-3-s1d3,Proerythroblast
CCGTTAACAATATGGA-3-s1d3,CD14+ Mono
ACCTCACTCGATTTAG-3-s1d3,Erythroblast
GTAAGCGCAAGGTGCA-3-s1d3,CD14+ Mono
AAAGGCTCACCAACCG-3-s1d3,Erythroblast
ACAAAGGTCATTTGTC-3-s1d3,pDC
TTGCGAGTCATAGCCG-3-s1d3,Erythroblast
GTGAGCGAGCCACAAT-3-s1d3,Erythroblast
TGATTCAAGTCATTGA-3-s1d3,Proerythroblast
ATCTATGAGGACACTT-3-s1d3,CD14+ Mono
CTAAGGTTCGCACAAT-3-s1d3,Erythroblast
CATTCCTCATCGCTCC-3-s1d3,CD14+ Mono
TCTTGTCCACAACAAA-3-s1d3,Erythroblast
ATTGCGCCACTAAGCC-3-s1d3,Normoblast
ACATTAGTCCGGAACC-3-s1d3,HSC
CCAAATCAGTCACCTC-3-s1d3,Proerythroblast
CGTAGTTAGTTGGATC-3-s1d3,Normoblast
GCCTCCATCGGTTAGT-3-s1d3,CD16+ Mono
TATGACTCATGAGCAG-3-s1d3,CD14+ Mono
AGGTAACCACTGGCCA-3-s1d3,Erythroblast
ATATGCTCATGAATCT-3-s1d3,cDC2
GCCCTCATCGCATCCT-3-s1d3,CD16+ Mono
GTTGCTGAGCCGCTAA-3-s1d3,Normoblast
GATCCGTCATCCATCT-3-s1d3,Erythroblast
TTGTCAAAGCTATTAG-3-s1d3,Erythroblast
GATTAGTGTGTTGTGA-3-s1d3,cDC2
GAGGACTAGAAGGTGC-3-s1d3,CD16+ Mono
TAAGCCTAGGAAGCAC-3-s1d3,Erythroblast
GGGCATTGTAGCCATA-3-s1d3,Erythroblast
TTCGTTAGTTAATGAC-3-s1d3,Erythroblast
CCTATTGTCGGCTATG-3-s1d3,Proerythroblast
ATCCTCATCGTTATAG-3-s1d3,Erythroblast
TACGTAATCGTTTCCA-3-s1d3,Erythroblast
GGGTTTGTCAAGCGCC-3-s1d3,Normoblast
TGATTAGTCGCTTCTA-3-s1d3,HSC
CTTAGTTTCATTGTTC-3-s1d3,Erythroblast
TGGATTGGTAAGCTTG-3-s1d3,Erythroblast
GCTAATATCCTTCGTA-3-s1d3,Proerythroblast
TTGAGCTAGGAAGTAT-3-s1d3,CD14+ Mono
AAACCGGCATAGGCGA-3-s1d3,Proerythroblast
ACTATGTCAACTAGCC-3-s1d3,Proerythroblast
TCGTTATTCCTCACTA-3-s1d3,Proerythroblast
ATAATGGCAGTTAAAG-3-s1d3,CD14+ Mono
CAGCTAAGTGCTCCGT-3-s1d3,Erythroblast
GTGCTCCGTAACAGGG-3-s1d3,CD14+ Mono
CGCCTGTGTAGCCTCC-3-s1d3,CD14+ Mono
GCATTGCCAATGAATG-3-s1d3,Proerythroblast
AATTGACGTAGGTTAT-3-s1d3,Erythroblast
GATGCGACACGTAAGG-3-s1d3,CD14+ Mono
CAGCATGTCTGTGAGT-3-s1d3,CD14+ Mono
CGCTATGAGTCATTGA-3-s1d3,Erythroblast
CAATAGCTCCTTGAGG-3-s1d3,Normoblast
AGATGCTTCCGCATGA-3-s1d3,Erythroblast
GCTGACATCTAGCGAT-3-s1d3,Erythroblast
CTCATTGTCGGCTAGC-3-s1d3,Normoblast
GTGTTACAGCGCATTG-3-s1d3,cDC2
GATTGGTTCACCGGTA-3-s1d3,cDC2
GAGTAACCATGGCCCA-3-s1d3,cDC2
GTCGAAGCAGTTTGGC-3-s1d3,Normoblast
ATCACCCTCATTCATC-3-s1d3,CD14+ Mono
AAGGTCAAGAAGGTGC-3-s1d3,pDC
AGGCGGATCCTAATTC-3-s1d3,cDC2
GCTTTCATCACAGCCA-3-s1d3,Erythroblast
ACGCCTTTCATGCATA-3-s1d3,CD14+ Mono
CGTTGCGCAATAACCT-3-s1d3,Erythroblast
TGCTGGATCTGCAAAC-3-s1d3,Erythroblast
GATTGCAGTCCTTTAA-3-s1d3,Proerythroblast
CAGGTGGAGTAAACCC-3-s1d3,CD14+ Mono
AAATGCCTCTAAGTGC-3-s1d3,Erythroblast
GTCAAACTCCTGGCTT-3-s1d3,Normoblast
ACCGCAATCATTAGTG-3-s1d3,Erythroblast
CTGTATTTCGAAGTGA-3-s1d3,Erythroblast
CCCTTAATCGCACACA-3-s1d3,Erythroblast
GCTGACCAGCAGCTAT-3-s1d3,CD14+ Mono
TTGTGCCTCTAAGGAG-3-s1d3,Erythroblast
CCCGCAACAAATTGCT-3-s1d3,Proerythroblast
CTCATTGTCCTAGTTT-3-s1d3,Erythroblast
CTTTAGGCAATAAGCA-3-s1d3,CD14+ Mono
CTAATTGAGTAGGCGG-3-s1d3,cDC2
GTGGCTTCAAGGTCCT-3-s1d3,CD14+ Mono
TGGCTTTGTTGTGACA-3-s1d3,Erythroblast
CATAGACTCGACCTGA-3-s1d3,Erythroblast
CTAGTTGCAGGACACA-3-s1d3,Erythroblast
GTTGGCGGTACTGAAT-3-s1d3,Erythroblast
AACCTCACATAAGTCT-3-s1d3,Normoblast
GTTGTTGCAGGACCTT-3-s1d3,Proerythroblast
GTCTATGCAAAGCGCA-3-s1d3,Erythroblast
CCATAAATCAAACCGT-3-s1d3,Proerythroblast
GTCCTAGAGTTGGCCA-3-s1d3,Proerythroblast
GTAAGGTCACATAGCC-3-s1d3,Erythroblast
TACCGAAGTAGCTGGT-3-s1d3,Proerythroblast
TGGCTTTGTTACCTGT-3-s1d3,Erythroblast
AGGTTTATCTAATCTC-3-s1d3,CD14+ Mono
AGAACCAAGGCGTAAA-3-s1d3,Proerythroblast
CTTCAGGAGGAACGCG-3-s1d3,CD14+ Mono
CCCTAATGTTTACCGT-3-s1d3,Erythroblast
TGAGGGCCAACACCTA-3-s1d3,cDC2
GGCCGTTAGCCGCAGT-3-s1d3,CD14+ Mono
TTTAAGCCATGTCAGC-3-s1d3,Erythroblast
TGAGGGCCAGGATTAA-3-s1d3,CD14+ Mono
GAAGTCAAGTGAGAGC-3-s1d3,Erythroblast
GCCAACATCGTTTCCA-3-s1d3,Erythroblast
AAGCTATGTGTCCAGG-3-s1d3,Erythroblast
CTCGCTAGTTCCTGAT-3-s1d3,Erythroblast
GAACCTGTCTTACTCG-3-s1d3,CD14+ Mono
TGTAAGTGTGTAACCA-3-s1d3,CD14+ Mono
ACCAAGTTCACGCCAA-3-s1d3,Normoblast
CGGACCTAGCCAGGTC-3-s1d3,cDC2
GATTTGCAGAGAAGGG-3-s1d3,CD14+ Mono
GGATGTAAGTTATTCC-3-s1d3,CD14+ Mono
CGCAATGTCTTCAATC-3-s1d3,Erythroblast
CTTAAGATCTCAATTC-3-s1d3,Proerythroblast
GGGCAATAGCGTGCAC-3-s1d3,CD14+ Mono
TGTCATAAGTATCGCG-3-s1d3,CD14+ Mono
GGTTGGTGTTTATCGC-3-s1d3,CD14+ Mono
GTGGCTTCAAACCTTG-3-s1d3,Proerythroblast
CGCTCAGCATGAATAG-3-s1d3,CD14+ Mono
GCCAGGAAGAGCCGGA-3-s1d3,Erythroblast
GAGTTACTCGAAGTGA-3-s1d3,MK/E prog
AGTGCGGAGCTTAGCG-3-s1d3,Normoblast
TGATTGCAGCGTGCGT-3-s1d3,CD14+ Mono
GCGCCTTGTGTGAGAG-3-s1d3,Proerythroblast
AGCTTCCTCTTGCATT-3-s1d3,CD14+ Mono
GAGTAATAGTATTGTG-3-s1d3,Erythroblast
CGGAATCGTTAGTACG-3-s1d3,CD14+ Mono
TTCGGTACACCGGTAT-3-s1d3,cDC2
GTCAAACTCATGTGGT-3-s1d3,Erythroblast
GAACCAGCACCATATG-3-s1d3,Normoblast
TCAGCCTTCGTTATCT-3-s1d3,Proerythroblast
ATTCAACCACAATTAC-3-s1d3,MK/E prog
TAGCTTAAGAATCTCA-3-s1d3,Erythroblast
TGAAGGATCAATCTCT-3-s1d3,Erythroblast
AGCACAGCATTAAACC-3-s1d3,Erythroblast
CATCCTGGTCCTAAGA-3-s1d3,Erythroblast
AGTACGCGTAGCCTCC-3-s1d3,Proerythroblast
GGTTATGGTGTGCACG-3-s1d3,Proerythroblast
AATCGCCCAATTTAGC-3-s1d3,Normoblast
GATTAGTGTAACGAGG-3-s1d3,Erythroblast
GTTGCGGGTTGGTTCT-3-s1d3,MK/E prog
ATTTAGGTCGAAGTGA-3-s1d3,Normoblast
AAACGGATCAACAAGG-3-s1d3,Erythroblast
GCTAATATCAAACACC-3-s1d3,Erythroblast
GGTGCTTCACCTAAGC-3-s1d3,Erythroblast
CTCACTCAGTCATGCG-3-s1d3,CD14+ Mono
CGAAGGCCAACGTGCT-3-s1d3,Proerythroblast
AGGTCATTCTCCATGC-3-s1d3,Normoblast
GCATATATCATGTCAA-3-s1d3,Erythroblast
AACTAGTGTGAGGTGA-3-s1d3,Erythroblast
CTCCTCACATGTTGGC-3-s1d3,cDC2
GTGAATCTCCCTCAAC-3-s1d3,CD14+ Mono
CGGACAACATCGTTCT-3-s1d3,Erythroblast
CAGGTGGAGTCACGAT-3-s1d3,CD14+ Mono
TGTGGCCAGTACCGCA-3-s1d3,Erythroblast
AGCAACAAGGGACGCA-3-s1d3,CD14+ Mono
GACCTGATCCTTGCGT-3-s1d3,Erythroblast
TCTTAGTTCTTAATGG-3-s1d3,CD14+ Mono
CTTACTAGTTATCGAG-3-s1d3,CD16+ Mono
TGTGATCAGTGAGCGG-3-s1d3,Erythroblast
CTATGAGGTTGTTGCT-3-s1d3,Normoblast
GTCAGGCTCAGCTAAC-3-s1d3,Proerythroblast
TAAGCCAGTCCAAGAC-3-s1d3,Erythroblast
ACTTGTCGTGGAGCAA-3-s1d3,CD14+ Mono
GGTTCTTGTAATCACG-3-s1d3,Erythroblast
CGGGTCTAGTGGACAA-3-s1d3,Erythroblast
ATATGCTCAGTTATGT-3-s1d3,Erythroblast
ACCACACCACCTACGG-3-s1d3,Normoblast
CCAAACTAGAGAGGAG-3-s1d3,Erythroblast
TGCACTTGTGAGACTC-3-s1d3,Normoblast
CCGCTTAGTTTACTTG-3-s1d3,CD14+ Mono
AGTTACATCCCTCATA-3-s1d3,Erythroblast
GCTAAGCGTTTACGTC-3-s1d3,CD14+ Mono
GCAATAGAGATTCCTT-3-s1d3,Erythroblast
GCAAACTTCACCTGTC-3-s1d3,Normoblast
TAGCTTGCACGTAAGG-3-s1d3,CD14+ Mono
CTACCTCAGTAAGAAC-3-s1d3,Erythroblast
CATCCCAGTTCATTTG-3-s1d3,cDC2
AGGTCTTAGCAGGTGG-3-s1d3,Erythroblast
GAGTGTTTCATTTGTC-3-s1d3,Proerythroblast
CATTCATTCCTTAATC-3-s1d3,Erythroblast
CAATAGCTCGGGCCAT-3-s1d3,Erythroblast
CATGCATAGTAGCGCC-3-s1d3,cDC2
CGACCTGCAGCTTAGC-3-s1d3,CD14+ Mono
GAGTTACTCATTAGGC-3-s1d3,Proerythroblast
CTTTGGTGTAATCGTG-3-s1d3,CD14+ Mono
GTGCTTCTCAGCCAAT-3-s1d3,CD14+ Mono
GCTAAGAAGGTAGCTT-3-s1d3,cDC2
CACATAATCTATGACA-3-s1d3,cDC2
ACACTTAAGGTCGATT-3-s1d3,Erythroblast
AATGCAACAAATACCT-3-s1d3,Erythroblast
TGCTATGCATTGTGAT-3-s1d3,CD14+ Mono
AAGAACAGTATGTGGC-3-s1d3,Proerythroblast
GAACCTGTCTGGTCCT-3-s1d3,Proerythroblast
GCCTCCATCGCTAGCA-3-s1d3,HSC
TTTGAGTCACAGGATG-3-s1d3,Erythroblast
TGAGGTGCATTGCGAC-3-s1d3,MK/E prog
GCACGAACAGTTATCG-3-s1d3,Normoblast
GTTTGTCGTGGACATC-3-s1d3,Erythroblast
CTGCTATGTATTGGTG-3-s1d3,CD16+ Mono
CGGCCATAGGTACCGC-3-s1d3,CD14+ Mono
GCAATGTTCTTGTCCA-3-s1d3,Erythroblast
CCAAGTTAGGGTGGAT-3-s1d3,CD14+ Mono
CTTCTAAGTCGTTACT-3-s1d3,Normoblast
TGGCCTGCACTATGGC-3-s1d3,Erythroblast
CCGCTTAGTTTGCTGT-3-s1d3,CD14+ Mono
AGTGTGGCATGATTGT-3-s1d3,Proerythroblast
GGTTGCGGTGGAGCAA-3-s1d3,HSC
AGTTTGCAGCCTAATA-3-s1d3,Erythroblast
GTACTTAAGCACGTTG-3-s1d3,CD14+ Mono
ATAAGCCTCCCTGACT-3-s1d3,Erythroblast
TCCCGTTAGAGCAAGC-3-s1d3,CD14+ Mono
CGAGGCAAGCTCAATA-3-s1d3,Erythroblast
GCACGAACAATGCCCG-3-s1d3,Erythroblast
CATGAGGCAGCTCATA-3-s1d3,HSC
TTTGCGGAGCTCAAAC-3-s1d3,HSC
GTTACGCCATTGTCAG-3-s1d3,CD14+ Mono
ACCAGGCTCAGCAAGA-3-s1d3,Erythroblast
TACTGACAGAGCAAGC-3-s1d3,CD14+ Mono
AATCTTGAGTGAACCT-3-s1d3,Normoblast
GCTGGATGTTCCATTA-3-s1d3,Erythroblast
AGCAACAAGGTCATTA-3-s1d3,Proerythroblast
TTGCGTCTCACATTGA-3-s1d3,Proerythroblast
ATGGCTAGTTTGTCTA-3-s1d3,CD14+ Mono
AAAGCCCGTTAGCAGC-3-s1d3,Normoblast
AGAATCGAGTTCCCGT-3-s1d3,Normoblast
CATCGCTTCCTGGTGA-3-s1d3,Erythroblast
ACGCCTAAGCTATGAC-3-s1d3,Erythroblast
AGTACGCGTTTACCGT-3-s1d3,Erythroblast
CCCATAACACGAATTT-3-s1d3,CD16+ Mono
CCTTCGTAGTCATTAG-3-s1d3,Erythroblast
GAAAGCCAGCCTGTTC-3-s1d3,Erythroblast
GTCCATTGTCCCGGAA-3-s1d3,CD14+ Mono
TTGGGCCAGTAGCTTA-3-s1d3,Erythroblast
ACACTAGGTATTGTGG-3-s1d3,MK/E prog
GAAGTAAGTAACGGGA-3-s1d3,CD14+ Mono
CACTTTGTCGCTCACT-3-s1d3,Erythroblast
CGGTGAACATGTTTGG-3-s1d3,CD14+ Mono
GTATCGCCACCTGCTC-3-s1d3,Erythroblast
AGCGGACCACAAAGAC-3-s1d3,CD14+ Mono
GTTCTTAGTCGTAAAT-3-s1d3,CD14+ Mono
TGTATCCGTACCGTAA-3-s1d3,CD16+ Mono
ACTCAGTAGACTAAGG-3-s1d3,Erythroblast
GGTATTTCATCAATCG-3-s1d3,pDC
TGGTTGAGTAAGCACC-3-s1d3,Erythroblast
GGCATTGTCCAATAGC-3-s1d3,Proerythroblast
CGCAATCCAGGCCAAA-3-s1d3,MK/E prog
GCTTGTTGTCAAACTG-3-s1d3,Proerythroblast
CTCCAACTCTTTGTAC-3-s1d3,Normoblast
TGTCCTTCACACCAAC-3-s1d3,Proerythroblast
GGCATGGAGGCGCTTA-3-s1d3,CD14+ Mono
AAGTGCAAGAGCCGGA-3-s1d3,CD14+ Mono
CCAAGTTAGCAAGACA-3-s1d3,CD14+ Mono
CGGTTTGAGGCTAATC-3-s1d3,Proerythroblast
GGCAAGCCATCCTGAA-3-s1d3,Proerythroblast
TGCACACCAAGGTGGC-3-s1d3,Erythroblast
CTGTTGGAGGAGCAAC-3-s1d3,Erythroblast
CGACTAAGTTTATCGC-3-s1d3,Normoblast
CCACACAAGCATCCAG-3-s1d3,Erythroblast
GGGTCAACAAGGTGGC-3-s1d3,Erythroblast
CCCAACCGTGTTGTAG-3-s1d3,CD14+ Mono
ATCGCCCGTCACACCC-3-s1d3,CD14+ Mono
CTTAGTTTCACGTTAA-3-s1d3,CD14+ Mono
GACATTATCATGCGTG-3-s1d3,Normoblast
ATTCACTTCTAATCCT-3-s1d3,CD14+ Mono
TTACCGTGTTAGGCTA-3-s1d3,Erythroblast
TTTCATCAGTAGCTTA-3-s1d3,HSC
AATTGACGTGCATTTC-3-s1d3,Erythroblast
ACGCCACAGTTATTCC-3-s1d3,Proerythroblast
TCATTGTTCAGGCTAT-3-s1d3,Normoblast
TTGGCGGGTACAATGT-3-s1d3,CD14+ Mono
CTTGTAAAGGAGGCAT-3-s1d3,Erythroblast
GGTTTCTGTCGACTAA-3-s1d3,Normoblast
ACGTTACAGGCATTAC-4-s2d1,CD16+ Mono
GGTGATTTCGCTAGAT-4-s2d1,Erythroblast
ACAGGATCACTAAGAA-4-s2d1,cDC2
CGCTACTTCATCCACC-4-s2d1,CD14+ Mono
GGTAGGAGTACAAAGA-4-s2d1,Erythroblast
GGAATCTTCCTCAGTC-4-s2d1,CD14+ Mono
ATTCAACCACCACAAC-4-s2d1,Erythroblast
CACTTAAAGGATCACT-4-s2d1,MK/E prog
GCCCGTTGTTGCCTCA-4-s2d1,Normoblast
ATTAGCGGTTAGCGTA-4-s2d1,cDC2
TAGGGTTTCCTAGTCC-4-s2d1,Erythroblast
AGCGGATAGATGCCTG-4-s2d1,Normoblast
TGGCTAAGTTGACTTC-4-s2d1,CD14+ Mono
ATCTATGAGCCAAATC-4-s2d1,Erythroblast
TACCAGGTCCAGCACA-4-s2d1,CD16+ Mono
GGCTCACAGTCCTGAG-4-s2d1,CD16+ Mono
CGTAGTTAGCATGCAT-4-s2d1,CD14+ Mono
AAAGGACGTGTGTGGT-4-s2d1,pDC
GGTTTCTGTCGTAATG-4-s2d1,Erythroblast
GACCTCAAGTTAGTTG-4-s2d1,pDC
AGGTTTATCTTGCTAT-4-s2d1,CD14+ Mono
CTAGGCGGTTCCGCAC-4-s2d1,CD14+ Mono
CTCACACTCTGCAACG-4-s2d1,Erythroblast
CGTAACCCATTGTCAG-4-s2d1,Normoblast
CTCCCTGAGTTAGACC-4-s2d1,pDC
CAGCCTTTCCCTCTAA-4-s2d1,Proerythroblast
ACCCTGTTCGTTCACC-4-s2d1,CD14+ Mono
TCTAACCGTGTTGCTT-4-s2d1,Normoblast
ACGAACAAGCAAGGGT-4-s2d1,Erythroblast
CAGGCTGGTGGTGAGA-4-s2d1,Erythroblast
GGTTATGGTAGCTGGT-4-s2d1,Erythroblast
GGTGCTTCAACACCTA-4-s2d1,CD14+ Mono
GAAGTGATCCATTACT-4-s2d1,Normoblast
GAGCGGTCAGTTATCG-4-s2d1,Erythroblast
TTGGCTTGTTAATGAC-4-s2d1,Erythroblast
CCTTTAGTCTCAATTC-4-s2d1,CD14+ Mono
GACACCGGTAGGTGTC-4-s2d1,CD16+ Mono
GCGCTAGGTTCCGGCT-4-s2d1,Erythroblast
TCAGGTTAGGCATGTT-4-s2d1,CD14+ Mono
GCCTCGACACTGACCG-4-s2d1,Proerythroblast
TCTTAGCGTGAGCACT-4-s2d1,CD14+ Mono
ATTGTCCGTTAGAGGG-4-s2d1,CD14+ Mono
ACTAGGCGTGTTTGAG-4-s2d1,Erythroblast
TTGGATCAGTTTGGTA-4-s2d1,CD14+ Mono
AAAGGCTCATCCCGCT-4-s2d1,CD16+ Mono
GGGCATGAGACAAACG-4-s2d1,CD16+ Mono
AGAACCAAGTGTTGCG-4-s2d1,cDC2
TTAGGCTAGATGGACA-4-s2d1,CD14+ Mono
TACATCAAGGATCCGC-4-s2d1,CD14+ Mono
TAGGAACCAGTGAACG-4-s2d1,Erythroblast
CCATAAATCGTAACGT-4-s2d1,pDC
TATTTGGAGTCACCAG-4-s2d1,CD14+ Mono
GACACCGGTTCGGGAT-4-s2d1,CD14+ Mono
CCTGGTAAGTACTGGT-4-s2d1,CD14+ Mono
CTAGTGAGTTGCGGAT-4-s2d1,CD14+ Mono
ACTCAGTAGCCAGTAT-4-s2d1,CD16+ Mono
AATTGACGTTAAATGC-4-s2d1,CD14+ Mono
TTAGGCGTCTCATCAT-4-s2d1,CD14+ Mono
TTGGATTCAGTATGTT-4-s2d1,CD14+ Mono
CTTCGCGTCCTGGCTT-4-s2d1,CD14+ Mono
CCTGGATCACTCGCTC-4-s2d1,Erythroblast
GCTTAACAGTAAACCC-4-s2d1,Erythroblast
TCTTGTCCAAGACTCC-4-s2d1,Normoblast
TGAGGGCCACACCAAC-4-s2d1,HSC
CGTAGTTAGTGAACGA-4-s2d1,CD14+ Mono
AGGTTAGAGCCGGTAC-4-s2d1,pDC
ATGGTGCGTTGTAACG-4-s2d1,CD14+ Mono
ATGTCCACACCGGCTA-4-s2d1,CD14+ Mono
GCTCTGTTCCAGGTCA-4-s2d1,MK/E prog
ACCCGTAAGGTCTTGG-4-s2d1,CD14+ Mono
TGGCCAATCTAATCTC-4-s2d1,CD14+ Mono
TGCCGGTAGTACTGGT-4-s2d1,Erythroblast
TTAGCAGGTATTACCC-4-s2d1,HSC
TGTAAGCTCATAATCG-4-s2d1,CD14+ Mono
ATGACTCAGGAACCAA-4-s2d1,CD14+ Mono
TTCCCACAGCTCGCTT-4-s2d1,CD14+ Mono
CCTGAGTCACGGTACT-4-s2d1,cDC2
TAAAGCCTCCGTTAAA-4-s2d1,CD14+ Mono
TCTTAGCGTAACAGGG-4-s2d1,CD14+ Mono
GCCATGATCATCCTCA-4-s2d1,CD14+ Mono
GCATGAAAGCCTCTCG-4-s2d1,CD14+ Mono
CATAATGTCTGTAAGC-4-s2d1,CD14+ Mono
TACTTCGTCTAAGTGC-4-s2d1,Erythroblast
AAACGTACATTGTCCT-4-s2d1,MK/E prog
AGCCTAGTCTTGGATA-4-s2d1,CD14+ Mono
GCGGTTGGTGTCCAGG-4-s2d1,Normoblast
TCTTCAAGTGTTAAAC-4-s2d1,CD14+ Mono
AAATGGCCAAGTCGCT-4-s2d1,CD14+ Mono
ACGATTCAGCAAGGGT-4-s2d1,CD14+ Mono
TCCGCCATCGGTTTGG-4-s2d1,Erythroblast
GTGGTTAGTGTTCCCA-4-s2d1,MK/E prog
TACGCACCATAAGTCT-4-s2d1,CD16+ Mono
GTCATGCCATCAATCG-4-s2d1,Erythroblast
AGAACAAGTGCTCCAC-4-s2d1,G/M prog
AAGTGCAAGCACAGCC-4-s2d1,CD16+ Mono
GCAGGCAAGAGCCGCT-4-s2d1,Proerythroblast
TTAAGGTGTTGTTGGA-4-s2d1,CD16+ Mono
AAACGCGCACTTCACT-4-s2d1,MK/E prog
CCCTCATAGACAGGTA-4-s2d1,CD16+ Mono
ACTAAAGCATTGTTGG-4-s2d1,pDC
CATAGGTTCGCATTAA-4-s2d1,Erythroblast
CGCTAACCACAGCCAT-4-s2d1,pDC
GATCACTAGGATTGAG-4-s2d1,Erythroblast
CGTAATGGTTATGTGG-4-s2d1,Normoblast
CCTATTGTCATGCAAC-4-s2d1,Erythroblast
CTCATGCTCTAGCTAA-4-s2d1,CD14+ Mono
TAAGCCTAGATGCCTG-4-s2d1,CD14+ Mono
TCGCTAACATTGTTGG-4-s2d1,Proerythroblast
CTCACTCAGGGCTTTG-4-s2d1,CD14+ Mono
CTATAACCATAAGTTC-4-s2d1,Proerythroblast
CTGTTGGAGAAGCTAG-4-s2d1,CD14+ Mono
AGCAGGTAGGCCTTAG-4-s2d1,CD16+ Mono
TGAACAACAGGAACTG-4-s2d1,CD14+ Mono
CTTCAGGAGTCATTGA-4-s2d1,CD14+ Mono
AGCACTAGTATTGAGT-4-s2d1,MK/E prog
GTGTTCCTCACGCATG-4-s2d1,CD14+ Mono
ACTCGCTTCACACAGT-4-s2d1,Proerythroblast
AGACACGCATAAACCT-4-s2d1,CD14+ Mono
CTATTACTCAGGTCCA-4-s2d1,cDC2
GTTGCGGGTTAGAGCC-4-s2d1,Erythroblast
TAAGTAGCAAACCTTG-4-s2d1,Erythroblast
AAACCGCGTACCGAAC-4-s2d1,CD14+ Mono
ACCATAATCGATCAGT-4-s2d1,MK/E prog
GTCCAAGTCATGAGCT-4-s2d1,CD16+ Mono
TTCGGTACAAGGTCGA-4-s2d1,CD14+ Mono
TGAAGTGAGGTCCAAT-4-s2d1,CD14+ Mono
TGTAATGTCTACCTGC-4-s2d1,CD16+ Mono
ATTTAGGTCAATCATG-4-s2d1,CD16+ Mono
CCTGATGAGTTGTCCC-4-s2d1,Erythroblast
GCTTTCATCCTGATGG-4-s2d1,CD14+ Mono
GTTACTCGTTCCGCAC-4-s2d1,CD14+ Mono
TCCTTTACATTGCGAC-4-s2d1,pDC
GTGAATCTCCCGCATT-4-s2d1,CD14+ Mono
CCCTAATGTCATCAAG-4-s2d1,pDC
CGGACAACAGAATGAC-4-s2d1,pDC
CGCTAATAGATAGACG-4-s2d1,CD14+ Mono
GCTAATATCCCGCATT-4-s2d1,CD14+ Mono
GCTCGATCATTCAGCA-4-s2d1,CD16+ Mono
TCCATAAAGGTTACGT-4-s2d1,CD14+ Mono
AGCATCCCAGGGAGGA-4-s2d1,CD14+ Mono
CACCTCAGTGAACAAA-4-s2d1,CD14+ Mono
GCACGAACAAAGCTAA-4-s2d1,CD14+ Mono
AATACCGGTCCTAATC-4-s2d1,Erythroblast
TATGGATGTTAAGTGT-4-s2d1,CD16+ Mono
CAATATGTCCTCCTAA-4-s2d1,CD14+ Mono
GAGTCAAAGAACCTGT-4-s2d1,CD14+ Mono
CGGAGTCTCTTGAGCG-4-s2d1,Erythroblast
ACGCCACAGGTTTGAC-4-s2d1,CD14+ Mono
CTTCAATTCCTAGTCC-4-s2d1,CD14+ Mono
CGAGCGAAGGTCTTGG-4-s2d1,Erythroblast
GCAGGCAAGGACAACA-4-s2d1,CD14+ Mono
GCGCGATTCTAGCGAT-4-s2d1,Normoblast
TCCGGTAAGTTATCCT-4-s2d1,Erythroblast
GGTTCCCGTTGGTTAG-4-s2d1,CD14+ Mono
GCCTTGCGTGGTTATG-4-s2d1,Normoblast
GTACACCCATGTCGCG-4-s2d1,CD14+ Mono
AAAGGTTAGCTATTGA-4-s2d1,Erythroblast
CCCTGTTAGCAAGGGT-4-s2d1,pDC
CAAGTAACAAGGTCCT-4-s2d1,CD14+ Mono
GGGATTAAGTAAGAAC-4-s2d1,Normoblast
ATGTTTGAGGCTAAGA-4-s2d1,CD14+ Mono
GAAGGCCCATGAATCT-4-s2d1,CD14+ Mono
TGAAGGATCTTGCAGG-4-s2d1,Erythroblast
CGCAATGTCAGCTAAC-4-s2d1,CD14+ Mono
CGTTTGGAGGAGCAAC-4-s2d1,CD14+ Mono
GTAGGTGCATTCAGCA-4-s2d1,CD16+ Mono
GTGGTTAGTCATTGAG-4-s2d1,CD14+ Mono
CTGTATTTCGCTCACT-4-s2d1,CD14+ Mono
GGTAAGGGTCTCACTG-4-s2d1,G/M prog
CTTTGGTGTCAGGAAG-4-s2d1,CD14+ Mono
AACTGTTCACAGCCTG-4-s2d1,CD14+ Mono
CACAAGCGTCCTTTAA-4-s2d1,CD14+ Mono
CTACCTCAGTAGGATG-4-s2d1,CD14+ Mono
AATATCCCACCTACTT-4-s2d1,pDC
TAGCTAATCGCTAGCA-4-s2d1,CD14+ Mono
GTCGAAGCATCCAGGT-4-s2d1,Erythroblast
GCGCCTTGTTCCAGGG-4-s2d1,CD14+ Mono
GATTCATCAGCGCTTG-4-s2d1,Erythroblast
CGAACCGGTAATTAGC-4-s2d1,CD14+ Mono
CAAGGCTGTTAATGAC-4-s2d1,CD14+ Mono
TAATCCGCACGGTTTA-4-s2d1,Erythroblast
CTTTGAGCAAGGAATC-4-s2d1,Normoblast
CTTCACTCAGCCGCTA-4-s2d1,Erythroblast
TAAGCTATCATTGACA-4-s2d1,CD14+ Mono
AGTAAGTAGACACTTA-4-s2d1,Erythroblast
CTCATTTAGGTGCGGA-4-s2d1,CD14+ Mono
AAGGCCCTCGGGACTC-4-s2d1,Erythroblast
CCTAATAAGCAAGATG-4-s2d1,CD14+ Mono
TGTGATCAGTCATTAG-4-s2d1,CD16+ Mono
TGTTCCTCATGAAATG-4-s2d1,CD14+ Mono
TGGTTCTGTGTCACGG-4-s2d1,G/M prog
ACCTAAATCGATTTAG-4-s2d1,CD14+ Mono
TGCTGGATCATTGCGG-4-s2d1,Normoblast
GGTACCGGTGATGATT-4-s2d1,CD14+ Mono
AAGAACAGTTGTGACA-4-s2d1,Erythroblast
GATCGAGCACCTACGG-4-s2d1,CD14+ Mono
TTGTTCCCATCTAGCA-4-s2d1,CD14+ Mono
GGGTTTGTCCCGTTTA-4-s2d1,CD14+ Mono
AAAGGAGCATAATGTC-4-s2d1,CD16+ Mono
TTGGGCGGTCCGTGAG-4-s2d1,CD14+ Mono
TCACATAAGCTGGCTA-4-s2d1,CD14+ Mono
TCACCTGGTTGCACAA-4-s2d1,Erythroblast
ATATGCATCACGTTAA-4-s2d1,CD14+ Mono
TTTACGCGTTTAGCGA-4-s2d1,CD16+ Mono
ACCGAAGCACAACCTA-4-s2d1,CD14+ Mono
ATGCAGGCAATTGACT-4-s2d1,CD16+ Mono
GGAACAATCAAACACC-4-s2d1,CD16+ Mono
ATAACGACAAGTGTCC-4-s2d1,CD14+ Mono
AGCAGGTAGTGAGGTA-4-s2d1,Proerythroblast
GTCATCACATGTTTGG-4-s2d1,CD16+ Mono
GTCAGGCTCACATTGA-4-s2d1,Erythroblast
ACAGGTAAGGCGGATG-4-s2d1,pDC
ACCCGGTAGGGTCTAT-4-s2d1,cDC2
CTATTCAGTGAACAAA-4-s2d1,Erythroblast
TATAACCCATCAATCG-4-s2d1,HSC
TTTGTCTAGAAAGGAA-4-s2d1,CD14+ Mono
CCCAGCACAAGGTCGA-4-s2d1,CD14+ Mono
ATCAAGACATGGTTAT-4-s2d1,CD14+ Mono
GGAGCAAGTAAGGTCC-4-s2d1,CD14+ Mono
CTTGTAAAGCCTGACA-4-s2d1,Normoblast
ATCATCAAGTTAGGCT-4-s2d1,CD16+ Mono
AGTACGCGTAAGTCGC-4-s2d1,CD14+ Mono
ACGCTTGAGGCATTGT-4-s2d1,Erythroblast
GGTTTAATCCCGCCTA-4-s2d1,CD14+ Mono
AGAGAAGCAGGCCAAA-4-s2d1,G/M prog
GGCCTTCGTTACTTGC-4-s2d1,CD14+ Mono
CGGACAACACCTCGCT-4-s2d1,Erythroblast
GGGTTATTCCTAACGG-4-s2d1,Erythroblast
TCTAGCACACCAGGTT-4-s2d1,CD14+ Mono
GAGTCATTCGCTAAAC-4-s2d1,CD14+ Mono
CCTTAACGTTCATTTG-4-s2d1,Erythroblast
CAGGTCCAGGCCGGAA-4-s2d1,CD14+ Mono
TAGTGGCGTACAATGT-4-s2d1,Erythroblast
GGTTATGGTTACAAAC-4-s2d1,Normoblast
GTTCACCTCATAACTG-4-s2d1,CD14+ Mono
AGGTTACTCAGCAAGA-4-s2d1,CD16+ Mono
ATGGCCGGTTAATCGG-4-s2d1,CD14+ Mono
GAGTAACCATGAGCAG-4-s2d1,Erythroblast
TCTCCTCGTCACACCC-4-s2d1,CD16+ Mono
TGGTCCTTCTTAGCGG-4-s2d1,pDC
GCCTAATAGCAGGTTT-4-s2d1,Erythroblast
TAGCCTCTCGGGACCT-4-s2d1,Erythroblast
CACTTTGTCTTAGTGA-4-s2d1,CD14+ Mono
GGAAGCTAGTTAGACC-4-s2d1,CD14+ Mono
TGCAAGCGTCGTTACT-4-s2d1,CD14+ Mono
ACTCAGTAGACAAGTG-4-s2d1,CD14+ Mono
ACGACAAAGGTCCGTA-4-s2d1,CD16+ Mono
AGAACCAAGGTGAAGC-4-s2d1,Proerythroblast
GGCGATACACTAAGTT-4-s2d1,Normoblast
GCTCGATCAGCTTACA-4-s2d1,CD14+ Mono
GGGCTAACAAATTGCT-4-s2d1,CD16+ Mono
ACCTTGCTCCCGCAAA-4-s2d1,CD14+ Mono
TGCACTTGTGAGCAAG-4-s2d1,CD14+ Mono
CTGTACCTCCTGATGG-4-s2d1,CD16+ Mono
GCGCGATTCACTCGCT-4-s2d1,CD14+ Mono
GTTCACCTCGTTATCT-4-s2d1,G/M prog
TCACGGATCCCTGACT-4-s2d1,CD16+ Mono
GGTGAGTAGCCACAAT-4-s2d1,CD14+ Mono
AGAGAAGCAGGCTTCG-4-s2d1,CD14+ Mono
CTCCCTGAGCACAGGG-4-s2d1,CD14+ Mono
TGGCTAAGTTGGTTCT-4-s2d1,HSC
CTCTAAGCAACTCGCG-4-s2d1,CD14+ Mono
TGATCGAGTCATGAGC-4-s2d1,CD14+ Mono
ATATGCATCAGGGCCT-4-s2d1,CD14+ Mono
GGCTTCAAGTCATTTC-4-s2d1,Normoblast
CTCGCTAGTTTATGGG-4-s2d1,CD14+ Mono
CCAGGAACATTATGGT-4-s2d1,Erythroblast
CGGAGTCTCTAAGTCA-4-s2d1,CD14+ Mono
CTGATCACATAATCCG-4-s2d1,pDC
CACTAGCCATTGCAGC-4-s2d1,Normoblast
ACAGGATCAAGGTAAC-4-s2d1,HSC
TCCTCAATCTGTTGCC-4-s2d1,CD14+ Mono
AGTTGGCGTAATAGCT-4-s2d1,Erythroblast
ATACCGGTCTAACCTT-4-s2d1,CD14+ Mono
TGGAACAAGTTGCGTG-4-s2d1,CD14+ Mono
CAAGCTAGTTAGCAGC-4-s2d1,Erythroblast
GCCCATAAGTTTGAGC-4-s2d1,CD14+ Mono
CGTGCTTTCTTTAAGG-4-s2d1,G/M prog
TTGCGAGTCAAGTGTC-4-s2d1,CD14+ Mono
GTGTTCCTCGCTAGTG-4-s2d1,CD14+ Mono
TAGGCTAGTCATCCTG-4-s2d1,pDC
TGGCTTTGTAAGCACC-4-s2d1,HSC
AGCTTCCTCAGGGCCT-4-s2d1,CD16+ Mono
TTTAACGAGACTCGCA-4-s2d1,CD14+ Mono
GCACCTAAGGCGAATA-4-s2d1,CD14+ Mono
CCTATTGTCGCTTGCT-4-s2d1,CD14+ Mono
TTGTTGCGTTAAGTGT-4-s2d1,CD14+ Mono
GGTAAACCAACCTAAT-4-s2d1,CD14+ Mono
TCCTGTTCAAACAACA-4-s2d1,G/M prog
ACAGGCTGTTTAGCGA-4-s2d1,CD14+ Mono
AACCGCTCAGCAGGTA-4-s2d1,Erythroblast
GGACCGAAGCTAATTG-4-s2d1,CD16+ Mono
GCCCAAATCGGTACGC-4-s2d1,CD14+ Mono
TCATGCCTCCGGCTAA-4-s2d1,pDC
TTTAACCTCATTAGGC-4-s2d1,CD14+ Mono
GTAGGCGAGCCAGTAT-4-s2d1,CD14+ Mono
TGGACTAGTCATTAGG-4-s2d1,CD14+ Mono
AAACCGGCATTCAGCA-4-s2d1,CD14+ Mono
TGCATGAGTTGTAAAC-4-s2d1,Erythroblast
TGGCTAAGTTAGAGGG-4-s2d1,CD14+ Mono
TCATCCATCGGCCAGT-4-s2d1,CD14+ Mono
ACTGAAACATCCTGAA-4-s2d1,G/M prog
GTGGCTTCACCCACAG-4-s2d1,CD14+ Mono
GTGCCTTTCGTTACTT-4-s2d1,CD14+ Mono
CAATGACTCAAACTCA-4-s2d1,CD14+ Mono
TTACACCGTTAACGAT-4-s2d1,Erythroblast
GATTGGTTCATTAGCA-4-s2d1,Proerythroblast
CCGCAAGGTGCCTCAC-4-s2d1,CD14+ Mono
ACATCAATCTTAGGGT-4-s2d1,CD14+ Mono
AGGTTAGAGGGTCTAT-4-s2d1,Erythroblast
GGTGTCCAGCTGTACG-4-s2d1,CD14+ Mono
CAGGTGGAGGAGGACT-4-s2d1,Normoblast
GTCGCAATCTGGCATG-4-s2d1,Erythroblast
TGCAAGCGTATACTGG-4-s2d1,Proerythroblast
GATGCATTCAATGAGG-4-s2d1,pDC
TAGCCGGGTAAGGTTT-4-s2d1,Erythroblast
GATCAGTTCTTAGCGG-4-s2d1,Normoblast
GCCTTACTCGCGACAC-4-s2d1,Normoblast
GTTAAGCTCCTCCTAA-4-s2d1,CD14+ Mono
GTTTAGCAGGCGAAAC-4-s2d1,Erythroblast
GATAACGAGGCTGGCT-4-s2d1,G/M prog
TGAAGTGAGCCAGTAT-4-s2d1,CD14+ Mono
GCTGATCCAGTAGGAT-4-s2d1,Normoblast
GTTTCCTCATTAAAGG-4-s2d1,CD14+ Mono
ACTCACCTCCTGTTCA-4-s2d1,CD14+ Mono
ACTTAGGGTAAAGCGG-4-s2d1,Erythroblast
TCCTTAGTCCGGAACC-4-s2d1,CD14+ Mono
CTTTAGTTCAAGCCTG-4-s2d1,CD14+ Mono
CGAACCGGTGAGCACT-4-s2d1,CD14+ Mono
GTTGGAGCAAGTGTCC-4-s2d1,CD14+ Mono
TATGACTCAAGATTCT-4-s2d1,CD14+ Mono
TCGTAATCATGGCCTG-4-s2d1,CD14+ Mono
GCCTTTATCATGACCG-4-s2d1,CD14+ Mono
CAATCTAAGCAGGCCT-4-s2d1,CD14+ Mono
AGCGCTCAGTTAGGCT-4-s2d1,Erythroblast
GGTGTCCAGTGTTGTA-4-s2d1,CD14+ Mono
TGGTTCTGTAAGCACC-4-s2d1,CD14+ Mono
CACTTAAAGGGACCTC-4-s2d1,Normoblast
ACCACATAGACAGGCG-4-s2d1,Erythroblast
GATCGAGCAGCTTAGC-4-s2d1,CD16+ Mono
TCCATGCTCCTGGTCT-4-s2d1,Erythroblast
AAGGATGTCTTGGATA-4-s2d1,pDC
ATATGCATCAATGTCA-4-s2d1,Erythroblast
CAAATCATCAGCACGC-4-s2d1,Normoblast
GTCGCAATCAAGCCTG-4-s2d1,CD14+ Mono
GCCTACTTCATGTCAA-4-s2d1,HSC
GTGTTCCTCCCTCAGT-4-s2d1,CD16+ Mono
ATGACGAAGTTGGCCA-4-s2d1,Proerythroblast
CAAGGCCTCAAGTGTC-4-s2d1,CD14+ Mono
TGTTGCACAAGCTTTG-4-s2d1,CD14+ Mono
CATAGGTTCCGTCCAT-4-s2d1,CD14+ Mono
CCTAAGTAGTTATGGC-4-s2d1,CD16+ Mono
AACCTCACAAACTAAG-4-s2d1,pDC
ACAACAGAGGCTAATC-4-s2d1,CD14+ Mono
TTATTGCTCGGGCCAT-4-s2d1,CD14+ Mono
GGTGTCCAGCACAGAA-4-s2d1,CD14+ Mono
AGGATATAGTCACTCC-4-s2d1,Erythroblast
TACTGGCCAAGTGTCC-4-s2d1,CD14+ Mono
CTATTGAAGTTCCCAC-4-s2d1,Erythroblast
CACAGGGAGCGTGCGT-4-s2d1,CD14+ Mono
TCCCTCACAAGCGATG-4-s2d1,pDC
AATTAGCGTTAGTTGG-4-s2d1,CD14+ Mono
AGTTGCAGTCACAAAT-4-s2d1,CD14+ Mono
GAAGCTAAGACACCGC-4-s2d1,CD16+ Mono
GGACCGAAGGGCTTAT-4-s2d1,Normoblast
TATCGAGGTGCGCATG-4-s2d1,Proerythroblast
GTTCTTAGTTAAGGTT-4-s2d1,CD14+ Mono
CATCATAAGTATTGTG-4-s2d1,Erythroblast
TTGGAGGCAGGCCTTG-4-s2d1,CD14+ Mono
CGGTTCCGTATTGAGT-4-s2d1,CD14+ Mono
CTGTATTTCCCGAAGC-4-s2d1,CD14+ Mono
ATGTTTGAGCGCTCAA-4-s2d1,Erythroblast
GTTGTGAGTACTGAAT-4-s2d1,CD14+ Mono
CCACAATAGTAGGATG-4-s2d1,CD14+ Mono
ACCCGGTAGCTATGAC-4-s2d1,Erythroblast
CAAGGTTTCCCTGATC-4-s2d1,Normoblast
TTTGTCCCATGTTGGC-4-s2d1,CD16+ Mono
GATTAAGCAATCCTAG-4-s2d1,pDC
GTTTGTCGTACGGTAC-4-s2d1,MK/E prog
ATAGGTACAGGCAAGC-4-s2d1,CD14+ Mono
AGTACGCGTGGGTACT-4-s2d1,Erythroblast
TGCACTTGTCTTGCAT-4-s2d1,Erythroblast
GCGTAACGTGCAATGC-4-s2d1,CD14+ Mono
TCTAACCGTCCGTAGG-4-s2d1,cDC2
GGCGATACAGCAACAG-4-s2d1,CD16+ Mono
TTAAGTGTCGTACCGA-4-s2d1,Erythroblast
GTAGGCGAGCACTTGG-4-s2d1,Erythroblast
CAATGACTCTGGTCCT-4-s2d1,HSC
ACCCTCCCACCAAAGG-4-s2d1,Proerythroblast
TCAGTGAGTGTAATAC-4-s2d1,Erythroblast
CTTACTAGTAGGTTGC-4-s2d1,CD14+ Mono
GTCAAACTCATCCTGC-4-s2d1,Erythroblast
GAGGCTACATGTTGGC-4-s2d1,Erythroblast
TCCAGGATCTTGATGA-4-s2d1,Normoblast
ACACTTAAGCATTTCT-4-s2d1,CD14+ Mono
TCAAGACTCATAAGCC-4-s2d1,HSC
AGTAATGCAGCAATAA-4-s2d1,CD16+ Mono
AGTGTTTCATGTGGGA-4-s2d1,CD14+ Mono
TATGACATCACGTTAA-4-s2d1,Normoblast
TGGCCATCATAATTGC-4-s2d1,CD14+ Mono
GCTGCAATCCCTGATC-4-s2d1,CD16+ Mono
CGAAATGAGACTCGCA-4-s2d1,CD14+ Mono
TATTAGCCAAGTAAGC-4-s2d1,CD14+ Mono
CCTAGTTGTGATGGCT-4-s2d1,CD14+ Mono
ATTGCAGGTACGGGTT-4-s2d1,CD14+ Mono
GATAGACCATAATCGT-4-s2d1,CD14+ Mono
CCAAATCAGGAACCAA-4-s2d1,CD14+ Mono
GGAAGTATCCGGTTGA-4-s2d1,Erythroblast
AAGCGAGGTTGGTTAG-4-s2d1,CD14+ Mono
CCGCTAAAGGTTTACA-4-s2d1,CD14+ Mono
CGTTATCGTAGCTGCG-4-s2d1,CD14+ Mono
AATCTTGAGTAAGTCC-4-s2d1,CD14+ Mono
TGAACAACACCCACCT-4-s2d1,MK/E prog
GCAAGTGCATGCTTAG-4-s2d1,CD14+ Mono
AAAGGACGTTAATGCG-4-s2d1,Normoblast
CTTTAGGCAGGTTATT-4-s2d1,CD14+ Mono
GCCAGGTTCCTAATTC-4-s2d1,Proerythroblast
CTCCCTGAGTAACGGA-4-s2d1,Normoblast
TGTGATCAGCTCATAA-4-s2d1,CD14+ Mono
TTCCCACAGAGAGGAG-4-s2d1,CD14+ Mono
CAAACCGTCGACAAAG-4-s2d1,CD14+ Mono
AGACCCGGTAGCTGGT-4-s2d1,Normoblast
TGATGACTCCAAACAC-4-s2d1,CD14+ Mono
AACCTCCTCAAGCTTA-4-s2d1,CD14+ Mono
GGATGTAAGGCCGGAA-4-s2d1,CD16+ Mono
TGAGCCGGTTGGCCGA-4-s2d1,Normoblast
GAGATAAGTTTATGGG-4-s2d1,CD14+ Mono
TAAAGCCTCAAGACTC-4-s2d1,CD14+ Mono
GGCAAGCCAATTGAAG-4-s2d1,CD16+ Mono
AGCGCTCAGTAGCGGG-4-s2d1,CD14+ Mono
GAACCTTAGCCGCTAA-4-s2d1,Erythroblast
GAGCTAGCAGGACCTT-4-s2d1,G/M prog
CGGTTATAGGAGCACG-4-s2d1,CD14+ Mono
CAGGGTGAGGCGGATG-4-s2d1,Normoblast
AGAGAAGCACAGAACG-4-s2d1,Erythroblast
CTCCTGAGTCATGCCC-4-s2d1,Erythroblast
CGCTAATAGGACAATG-4-s2d1,Erythroblast
CGCCTCATCAGGAAGC-4-s2d1,Erythroblast
TGCCTGTTCTTAATGG-4-s2d1,HSC
TTTGCATTCGTGCTTC-4-s2d1,Erythroblast
CCGTTAACATTAAGTC-4-s2d1,CD16+ Mono
AGCTTCCTCCCGCATT-4-s2d1,CD14+ Mono
GTCATGAGTCATTGAG-4-s2d1,CD14+ Mono
TTCCCGCCAATATGGA-4-s2d1,CD14+ Mono
GCGGTTATCCGGTATG-4-s2d1,CD14+ Mono
CCAAGGCTCTAAGTGC-4-s2d1,CD14+ Mono
CTTATGTTCTTAGGGT-4-s2d1,CD14+ Mono
CGGCAATGTTGGTTAG-4-s2d1,CD14+ Mono
GAGTTTGGTTCACCCA-4-s2d1,Erythroblast
TAAGCTATCGTTTCGC-4-s2d1,CD14+ Mono
TGTTTGTTCCCTTGCG-4-s2d1,Proerythroblast
CTTTGGGAGGAATAAC-4-s2d1,MK/E prog
GAAGGCCCACCCACAG-4-s2d1,Erythroblast
TAGGCTAGTTAGCAGC-4-s2d1,Erythroblast
TGCTTGTGTTAACGAT-4-s2d1,CD14+ Mono
ATGATGACAGTAAGTA-4-s2d1,CD14+ Mono
GATCACTAGGATAAAC-4-s2d1,CD14+ Mono
TACCGAAGTGGTTATG-4-s2d1,Erythroblast
TACTGCACACATTGCA-4-s2d1,CD16+ Mono
TTCCTTCTCCACCCTG-4-s2d1,CD14+ Mono
ACGGGAAGTTTGGCGG-4-s2d1,Erythroblast
TGTATCGCACCTGGTG-4-s2d1,CD14+ Mono
AGGATTGAGGTACCGC-4-s2d1,CD14+ Mono
CAGGCTGGTGATGGCT-4-s2d1,Erythroblast
TGAGGCACAGTCTATG-4-s2d1,cDC2
AGAAGGTGTTGGTTAG-4-s2d1,Proerythroblast
CGGATAAAGCACTAAC-4-s2d1,Normoblast
ACAACATGTCATAACG-4-s2d1,CD14+ Mono
GAGCCACTCTTACTCG-4-s2d1,CD14+ Mono
GTCATTAAGTCAGGCC-4-s2d1,CD14+ Mono
TGCATCCTCCATAATG-4-s2d1,CD14+ Mono
CCTATAGCATAATCAC-4-s2d1,CD16+ Mono
GGTAACCGTTGGATCA-4-s2d1,CD14+ Mono
AGGTCAAAGCCACAAT-4-s2d1,CD14+ Mono
ACCCGCTGTGCTTACT-4-s2d1,Erythroblast
GGAACAATCAGTGAAG-4-s2d1,CD14+ Mono
ACGGTTTAGCAAGACA-4-s2d1,CD14+ Mono
TACCGCAAGGCATGTT-4-s2d1,CD14+ Mono
TTGATGTCATGCAACC-4-s2d1,CD14+ Mono
ATAAGCCTCATTGCAA-4-s2d1,Erythroblast
TAGGAACCACTGGCTG-4-s2d1,Erythroblast
TTGTTGCGTTACGCAA-4-s2d1,CD14+ Mono
ATTGCTCGTTAGAGCC-4-s2d1,CD14+ Mono
GTATTCAAGGGTGAAC-4-s2d1,Erythroblast
CTTTCTTGTGAGACTC-4-s2d1,CD14+ Mono
GCAAGTCGTGTGAGAG-4-s2d1,MK/E prog
GCCAGGAAGCACGATT-4-s2d1,Normoblast
CTCCAAACATTGTGCA-4-s2d1,CD14+ Mono
ATTCAACCAGTAATAG-4-s2d1,CD16+ Mono
GATGGACAGATGCCTG-4-s2d1,Proerythroblast
TACTCGCTCGTTTCGC-4-s2d1,CD14+ Mono
AACGACAAGCTCAATA-4-s2d1,CD14+ Mono
TGAAGTGAGCCTGGTA-4-s2d1,Normoblast
TGAGGAGGTAGACAAA-4-s2d1,Erythroblast
AGCCGGTTCAAGTGAG-4-s2d1,Erythroblast
TGCATGAGTACGTTTC-4-s2d1,HSC
CTTTGTCCATAGTCAT-4-s2d1,Proerythroblast
TGCATGAGTAAACAAG-4-s2d1,CD14+ Mono
TTGACGTAGCGGCTGT-4-s2d1,CD14+ Mono
GATTGCAGTTCCTGAT-4-s2d1,Normoblast
TGGATTCAGAAAGCAT-4-s2d1,HSC
ATGCCTGAGCGTGCGT-4-s2d1,pDC
CGTCAATAGGCTGTCA-4-s2d1,CD14+ Mono
GATGGACAGGCTAATC-4-s2d1,CD14+ Mono
TAGCGGACAGGCGAGT-4-s2d1,CD14+ Mono
TAGGAGGGTACTTCAC-4-s2d1,CD14+ Mono
CACAGGCTCTTAATGG-4-s2d1,pDC
ACTCGCTTCCTAACGG-4-s2d1,Normoblast
AACATCATCCGTTAAA-4-s2d1,Erythroblast
GATTAGCTCCTTGCAC-4-s2d1,CD14+ Mono
TGCTTCATCCACAATA-4-s2d1,MK/E prog
TAGTAACGTTGGTTAG-4-s2d1,CD16+ Mono
CTACTTAGTCACAAAT-4-s2d1,Proerythroblast
GTACTGGTCTCAATTC-4-s2d1,CD14+ Mono
GCAGGACCAGAGGGAG-4-s2d1,Erythroblast
CGGTAACGTTGAGCCG-4-s2d1,CD14+ Mono
CCCATAACAGTTTGGC-4-s2d1,CD14+ Mono
GTTAATGTCGCTATGG-4-s2d1,Erythroblast
CCTAAGCCAGGCGATA-4-s2d1,CD14+ Mono
TCTGTGACAGAACCGA-4-s2d1,Erythroblast
ACGCCACAGGGTCCAC-4-s2d1,Erythroblast
GAGGTGAGTAAGCTTG-4-s2d1,CD14+ Mono
GCCAGGTTCTGGTCCT-4-s2d1,Erythroblast
TGGTCAGTCTGTAAGC-4-s2d1,Erythroblast
ACCCGTAAGGATTGAG-4-s2d1,CD14+ Mono
CTAGATTCAAGCTTAT-4-s2d1,CD16+ Mono
ATGACTCAGCATGTTA-4-s2d1,CD14+ Mono
GATGCATTCCACCCTG-4-s2d1,CD14+ Mono
GTTCCTTCAATTGACT-4-s2d1,CD16+ Mono
TCAAGCTAGAACAAGT-4-s2d1,CD14+ Mono
TCATACTTCGCACACA-4-s2d1,CD14+ Mono
GCTTAACAGGAAGTAT-4-s2d1,pDC
GGTTACCCACAGGATG-4-s2d1,CD14+ Mono
GGTCAATTCACACAGT-4-s2d1,CD14+ Mono
GTACCTTGTAGTTAAC-4-s2d1,CD14+ Mono
CCAACATAGCCGCTTT-4-s2d1,CD14+ Mono
TCATTGTTCATTTGCT-4-s2d1,Erythroblast
GGTCATTAGTTGCGTG-4-s2d1,Erythroblast
CGCTTCTAGTCCTGAG-4-s2d1,CD14+ Mono
TTTAGCTTCCAACTGG-4-s2d1,Erythroblast
TGAGCAAAGCATGTCG-4-s2d1,Erythroblast
TTAATCGAGGGCTAAA-4-s2d1,CD14+ Mono
AAGGATGTCCGCATGA-4-s2d1,MK/E prog
CCTATTTAGTTTCCTG-4-s2d1,Proerythroblast
AACGCTAGTGCTTTAC-4-s2d1,CD16+ Mono
ATTCACTTCTTCAATC-4-s2d1,CD14+ Mono
TCATGTTTCCGCATGA-4-s2d1,Erythroblast
TGAGGGAGTGAAGCCT-4-s2d1,CD14+ Mono
ACACTAGGTCTTACTA-4-s2d1,CD14+ Mono
CTAGCGGGTTCACTGT-4-s2d1,Erythroblast
ACCCAGGGTTGGTTCT-4-s2d1,CD14+ Mono
GTAATAGCAATTTGGT-4-s2d1,CD14+ Mono
CAATCCCTCTAAATCG-4-s2d1,Erythroblast
TGGACTAGTGGAAGGC-4-s2d1,Erythroblast
ACGATTCAGCGCAATT-4-s2d1,Erythroblast
CTATAACCAGAAATGC-4-s2d1,pDC
TGGGCATGTTGTAACG-4-s2d1,Proerythroblast
GGACCGAAGGAGTCGG-4-s2d1,CD14+ Mono
TGTTGGCCAAGGGTTG-4-s2d1,CD14+ Mono
AATGAAGGTGCTCACC-4-s2d1,CD14+ Mono
GGAACGGTCCCTCTAA-4-s2d1,CD16+ Mono
CAACTAGGTCACACCC-4-s2d1,CD14+ Mono
GTGGATGCAGTTTGGC-4-s2d1,CD14+ Mono
CTCATGACAGGATGGC-4-s2d1,Erythroblast
GATTAAGCATCGCTTT-4-s2d1,Normoblast
GCTGTGATCATGCAAC-4-s2d1,CD16+ Mono
GCGGTTATCGCTCACT-4-s2d1,CD14+ Mono
GATTTGCAGTAGCGGG-4-s2d1,Erythroblast
CCTGAATAGGCATGTT-4-s2d1,CD14+ Mono
CCTTGTTCACATTGCA-4-s2d1,CD16+ Mono
GGGTCACTCACGAATC-4-s2d1,Erythroblast
TGATGAACATCACAGC-4-s2d1,Erythroblast
GCAGGAAGTTAAATGC-4-s2d1,Normoblast
CTTTAGTTCGTTTCTG-4-s2d1,CD16+ Mono
GGCTTAAGTGGGTGAA-4-s2d1,CD14+ Mono
GGCCAACTCGTTAAGC-4-s2d1,CD14+ Mono
GCATATATCATAATCG-4-s2d1,CD14+ Mono
GGAGTCTGTACCGTTT-4-s2d1,CD14+ Mono
CAGTATGGTAGTTGGC-4-s2d1,Erythroblast
GATTCCTGTATACTGG-4-s2d1,CD14+ Mono
AGCTATATCTTGGATA-4-s2d1,Proerythroblast
ATGGTTATCCCTCACG-4-s2d1,CD14+ Mono
TTTGGTGCAAACTCAT-4-s2d1,Normoblast
GTGCGGTTCAAGTGAG-4-s2d1,pDC
AGCTAAACAGGAACAT-4-s2d1,Erythroblast
CGATTGAGTTTGAGCA-4-s2d1,CD16+ Mono
CAAGTGAAGCGTGCGT-4-s2d1,Normoblast
CAACTAATCGCCTAAG-4-s2d1,CD14+ Mono
ACTAACTCATTGCGTA-4-s2d1,CD14+ Mono
CTGGTCAAGGATTTGC-4-s2d1,CD14+ Mono
AAACCGCGTAACGAGG-4-s2d1,cDC2
CCTAAGTAGTAACGAG-4-s2d1,CD14+ Mono
AGCAATACATTGACAT-4-s2d1,G/M prog
CTAGATTCACGTAATT-4-s2d1,CD14+ Mono
AACATCATCCTGTTCA-4-s2d1,Erythroblast
GTTACTCGTTATCCGT-4-s2d1,G/M prog
TAAGGACCACCTAAGC-4-s2d1,CD16+ Mono
TAGCTAGGTCGCAATA-4-s2d1,pDC
TTCTTAGGTTAACGAT-4-s2d1,Proerythroblast
TGAGCACGTGATTTGG-4-s2d1,CD16+ Mono
GATAAGCCATGTTGTG-4-s2d1,Erythroblast
AGGTTAGAGTAACGGA-4-s2d1,CD14+ Mono
GTATTGATCCACCTGT-4-s2d1,CD14+ Mono
TTTGCATTCGCATTAA-4-s2d1,Erythroblast
ATAGGTACAGTAGGAT-4-s2d1,CD14+ Mono
AGTAACACAGCTTAAT-4-s2d1,Erythroblast
ACCTTGCTCGTTTCGC-4-s2d1,CD14+ Mono
CGATTCCTCTGTTGCC-4-s2d1,CD14+ Mono
GGACCTCAGCTCGCTT-4-s2d1,Erythroblast
CATAGTCAGCCGCAGT-4-s2d1,CD14+ Mono
GAGTAATAGCGCATTG-4-s2d1,HSC
GATCCGTCAGCGCTTG-4-s2d1,CD14+ Mono
AATTACCCAGATTCAT-4-s2d1,CD14+ Mono
GGCATTGTCGGTACGC-4-s2d1,CD14+ Mono
TCAAGTATCGATATTG-4-s2d1,Erythroblast
ACAGGAATCCTCATCA-4-s2d1,CD14+ Mono
GGTTACCCAACAGGAT-4-s2d1,CD14+ Mono
AGTACGCGTATTGAGT-4-s2d1,CD14+ Mono
CTTTGTCCAGGCTAGA-4-s2d1,CD14+ Mono
GAGCGATAGGATGATG-4-s2d1,CD14+ Mono
GGTTACCCATCACTTC-4-s2d1,MK/E prog
GGTATGTTCAATGTCA-4-s2d1,CD14+ Mono
TACCTCATCGCCTGTT-4-s2d1,CD14+ Mono
AATGCGCGTCATAGAT-4-s2d1,CD14+ Mono
ATTCCGGAGACAACGA-4-s2d1,CD16+ Mono
AGGTCCGGTCAGGCAT-4-s2d1,pDC
CATCCTCAGGCGGGTA-4-s2d1,cDC2
CTAACCCTCGCTAGCA-4-s2d1,CD14+ Mono
TCCATGCTCTTGAGCG-4-s2d1,CD16+ Mono
CATAAGCTCCATAAGC-4-s2d1,CD14+ Mono
AGTTGCAGTTGTTCAC-4-s2d1,CD14+ Mono
ATAGCATGTCAAAGAA-4-s2d1,pDC
TGAGTGAAGCGAAGTA-4-s2d1,Proerythroblast
AGAGGAACATAGTCAT-4-s2d1,CD14+ Mono
CTATTGAAGTTTGTCT-4-s2d1,Erythroblast
GTTTAACCACTGGCTG-4-s2d1,CD14+ Mono
ACCTTGCTCCTGGTGA-4-s2d1,CD14+ Mono
CGCCTCATCAGGTTTA-4-s2d1,CD14+ Mono
TCACCGGCAACACCTA-4-s2d1,Erythroblast
TGTTCATTCAGGCCTA-4-s2d1,Normoblast
AAACGCGCAGGAATCG-4-s2d1,CD16+ Mono
CAGGTCCAGACAACGA-4-s2d1,CD14+ Mono
AGCCTAAGTGTTTGAG-4-s2d1,Proerythroblast
CGCTAATAGGGATGCG-4-s2d1,CD14+ Mono
ATCATGTCACTAAGCC-4-s2d1,CD14+ Mono
GCTGAGGAGGCATGAA-4-s2d1,pDC
TGTCCTTCACAATGTT-4-s2d1,CD14+ Mono
AACAGATAGAACAAGT-4-s2d1,CD14+ Mono
AATTAGGCACCAGGTT-4-s2d1,Normoblast
GTGTTCCTCATTGACA-4-s2d1,CD14+ Mono
CTAATCGCAGGCTACT-4-s2d1,Proerythroblast
GTTACGTAGACTCGCA-4-s2d1,CD16+ Mono
GTATGTGGTCAGTAAT-4-s2d1,CD14+ Mono
CCGCTAAAGTTTGTCT-4-s2d1,CD16+ Mono
GATTAAGCATTTAAGC-4-s2d1,CD14+ Mono
TAGTGGCGTGCTTAGA-4-s2d1,pDC
CAATCCCTCCTAATTC-4-s2d1,CD14+ Mono
GCCTGACAGCACAGAA-4-s2d1,CD14+ Mono
TTGACTAAGAAAGGAA-4-s2d1,CD14+ Mono
GAATTTGTCATTGTTC-4-s2d1,Normoblast
GAGCAAGGTAGGATCC-4-s2d1,CD14+ Mono
TTTCCACCAAGGTACG-4-s2d1,Erythroblast
ACTAAAGCAAGGAATC-4-s2d1,pDC
AACTACTCACAGAACG-4-s2d1,CD14+ Mono
AAGTTAGCAATCGCAC-4-s2d1,Erythroblast
CTGAAACTCAGTTCCC-4-s2d1,CD14+ Mono
GCTAGCTCAGCCAGAA-4-s2d1,CD14+ Mono
TGCTTTAGTATACTGG-4-s2d1,CD14+ Mono
GTTCTTGTCAAGCCTG-4-s2d1,Erythroblast
TTAGCTGCATGAATCT-4-s2d1,Erythroblast
GGCTGTCAGTCTCACC-4-s2d1,CD14+ Mono
TCAAGACTCATTACTC-4-s2d1,HSC
AACGCTAGTGATTACG-4-s2d1,Erythroblast
GTGAATCTCGGTAACT-4-s2d1,CD14+ Mono
ATGGCTTAGTTCCCAC-4-s2d1,CD14+ Mono
CAGGATGCAGCATTAT-4-s2d1,Erythroblast
GCATGAGCAATCTCTC-4-s2d1,CD14+ Mono
CAATCCCTCATTGTTC-4-s2d1,CD14+ Mono
AATCCATCAGCAAGGC-4-s2d1,CD14+ Mono
ATCCTCATCAGCAAAG-4-s2d1,Erythroblast
CTCGACAAGGCACAGG-4-s2d1,CD14+ Mono
GAGCCTTCACTTGTTC-4-s2d1,Proerythroblast
TTGTAAGTCAAACTCA-4-s2d1,Proerythroblast
GGGTTTGTCTAACCAA-4-s2d1,CD14+ Mono
TAGGCTTAGCAAGATG-4-s2d1,CD16+ Mono
ATGCAAACAACAGGTG-4-s2d1,CD14+ Mono
TCGTTATTCCTAATGA-4-s2d1,CD14+ Mono
CTTCAGGAGCCGCTAA-4-s2d1,CD14+ Mono
CTATGGCCAGCATGAG-4-s2d1,CD14+ Mono
GCACTAAGTCATTGAG-4-s2d1,CD14+ Mono
TTAGACTCAGGAACCA-4-s2d1,Proerythroblast
CGCTCCATCTCTAGCC-4-s2d1,Normoblast
GCTTAGTAGTTCCCAC-4-s2d1,Erythroblast
GAGATAAGTTTCAGGA-4-s2d1,Erythroblast
AGTTACTCATTATGCG-4-s2d1,G/M prog
GCGAGTGAGACTTACA-4-s2d1,CD14+ Mono
AGACAATAGAACCTAC-4-s2d1,CD14+ Mono
ACCAGGGAGCCAAATC-4-s2d1,CD14+ Mono
CGGCAATGTTATCCGT-4-s2d1,CD16+ Mono
ACTCAGTAGTCTATGA-4-s2d1,G/M prog
CTCTAGCTCCCATAGG-4-s2d1,CD16+ Mono
GCACCTAAGTCGCTAG-4-s2d1,CD16+ Mono
AATCCCTGTCAAAGAA-4-s2d1,CD14+ Mono
CGTGCTGCATAATCAC-4-s2d1,Proerythroblast
ATGGACAAGAGAAGGG-4-s2d1,CD14+ Mono
AGGGTTGCAGCCAGTT-4-s2d1,CD14+ Mono
TAAGCCTAGAAAGCAT-4-s2d1,CD14+ Mono
CTCATGACACCGGCTA-4-s2d1,CD14+ Mono
TTGCTTTAGTCACCTC-4-s2d1,Normoblast
CACGCTAAGTAAGTGG-4-s2d1,Erythroblast
TCAGCAAGTCGCAAAC-4-s2d1,CD14+ Mono
AGCACTTAGTGAGAGC-4-s2d1,CD14+ Mono
GAGCAAATCGAAGTAG-4-s2d1,CD14+ Mono
TGGCCATCATTAGGCC-4-s2d1,CD14+ Mono
TTGGATCAGAACCTAC-4-s2d1,CD14+ Mono
TCAGTAATCTCCTCAA-4-s2d1,Normoblast
TGTCAATCATGTTGTG-4-s2d1,CD14+ Mono
AGGTTTATCCTGATGG-4-s2d1,CD16+ Mono
AAACATGCATTAGCCA-4-s2d1,Normoblast
TGCACTTGTTTGGGCG-4-s2d1,CD14+ Mono
CTGCTATGTCACGGAT-4-s2d1,Erythroblast
TTGCTTAGTGCATTAG-4-s2d1,CD14+ Mono
GATGCATTCATGTTTC-4-s2d1,CD16+ Mono
ACTAACCAGAGCCGCT-4-s2d1,CD16+ Mono
GGTCTTGAGCACAGAA-4-s2d1,Normoblast
TCATACTTCAAGACTC-4-s2d1,CD14+ Mono
GGTCGGTTCTAACCAA-4-s2d1,CD14+ Mono
CGCAATGTCGGTAACT-4-s2d1,CD16+ Mono
GGATATTGTTAAGCCA-4-s2d1,CD14+ Mono
CTATAACCAAACCCTA-4-s2d1,Erythroblast
TACCAAATCAACCAAC-4-s2d1,CD14+ Mono
AGCTAACTCGAAGCGG-4-s2d1,CD14+ Mono
TTCACTGTCCGGAACC-4-s2d1,Normoblast
TTTAGCAAGTGAAGTG-4-s2d1,CD14+ Mono
CGTTATTTCCTCAGCT-4-s2d1,CD14+ Mono
AAGGCCCTCTAAGGAG-4-s2d1,CD14+ Mono
TACCGCAAGTCCTTCA-4-s2d1,CD14+ Mono
TGATCGAGTTAAGCGC-4-s2d1,CD14+ Mono
TGTAATGTCCTACCTA-4-s2d1,G/M prog
GGAACGGTCGTCCTTA-4-s2d1,Erythroblast
TGCTATGCACCGTTCC-4-s2d1,CD14+ Mono
GCTAAGTTCAAACCTA-4-s2d1,CD16+ Mono
TAAAGCCTCCATCAGG-4-s2d1,CD14+ Mono
GCACTTACACCAACCG-4-s2d1,Erythroblast
TTGACATCAAACTCAT-4-s2d1,Erythroblast
TCGCGCACAGGCTGTT-4-s2d1,CD14+ Mono
CAAGTATGTTAGGATT-4-s2d1,CD14+ Mono
CCATTGTGTCAATACG-4-s2d1,CD14+ Mono
GCTAACCCAAGGTGGC-4-s2d1,CD14+ Mono
AAAGGACGTGGATTGC-4-s2d1,CD14+ Mono
GAGATAAGTTTGAGGC-4-s2d1,Normoblast
AGGAAACGTGTGCAAC-4-s2d1,CD14+ Mono
CATCGCTTCTAACCAA-4-s2d1,CD14+ Mono
GTGTTACAGGGTGAAC-4-s2d1,CD14+ Mono
CCGTTGCGTAAGGTCC-4-s2d1,CD14+ Mono
CATCATAAGTCTGGGC-4-s2d1,CD14+ Mono
CTTGTTCCAAATTCGT-4-s2d1,Erythroblast
GGTTCCCGTCATGCCC-4-s2d1,pDC
GATTCGCCAGGAACAT-4-s2d1,Erythroblast
CCCGCAACATACTCCT-4-s2d1,Normoblast
TTTAGCTTCCTCGATC-4-s2d1,CD14+ Mono
TGTGAAACACTAAGTT-4-s2d1,Proerythroblast
CATGCAAGTTGGCGTG-4-s2d1,CD14+ Mono
AGTATAGCACCCACCT-4-s2d1,CD14+ Mono
CAATCTAAGTGATTCA-4-s2d1,Erythroblast
AGTAGCTTCTAGCTTT-4-s2d1,CD16+ Mono
GCCTCCATCCTCCTAA-4-s2d1,CD14+ Mono
TAGTAAGCATAAGTCT-4-s2d1,CD14+ Mono
AACAAGCCATAAGTTC-4-s2d1,CD14+ Mono
GAGTAATAGTAAAGGT-4-s2d1,CD14+ Mono
TTTCCGGGTCTAACAG-4-s2d1,CD14+ Mono
GTTACTAAGTTATCCT-4-s2d1,Proerythroblast
TGATCACAGGAGTCTT-4-s2d1,Erythroblast
TTGACTAAGTGAGCAA-4-s2d1,CD14+ Mono
TCGTTAAAGGAGCACG-4-s2d1,CD14+ Mono
TTGGGCGGTCATTAGG-4-s2d1,CD14+ Mono
CGAAATGAGCATGTCG-4-s2d1,CD14+ Mono
CGTGTGTCAGAGGCTA-4-s2d1,CD16+ Mono
GTTCGCGCAGTTATCG-4-s2d1,CD14+ Mono
TGAGGTGCAGGCCTTG-4-s2d1,CD14+ Mono
GCTTTGTGTCCAAATG-4-s2d1,Erythroblast
ACCATTAAGTGAACCT-4-s2d1,CD14+ Mono
GTTACTAAGTAGGCGG-4-s2d1,CD14+ Mono
GGATGGCCATAATTGC-4-s2d1,CD14+ Mono
CAACCCGCAGTCTAGC-4-s2d1,CD16+ Mono
ACAGCGCTCCCGAACA-4-s2d1,CD14+ Mono
ACTGAATGTTAGGTTG-4-s2d1,Erythroblast
GATAACGAGGTCCGTA-4-s2d1,pDC
TGCGGTTCAGCCGCTA-4-s2d1,CD14+ Mono
GCAACAGCAGGGAGGA-4-s2d1,Erythroblast
CTTCAGGAGCTTAACA-4-s2d1,Erythroblast
TGTGCAAGTTAGACCA-4-s2d1,CD14+ Mono
TTCAGTTTCTAATCAG-4-s2d1,Normoblast
AGCTAAACACATAACT-4-s2d1,CD14+ Mono
CGTGTTACAGTATGTT-4-s2d1,MK/E prog
GGACAGCCAATAGCCC-4-s2d1,CD14+ Mono
CACTTTGTCCTTTACG-4-s2d1,CD16+ Mono
GACTTGGTCCTGGTGA-4-s2d1,CD16+ Mono
GCCTTAGAGGTTAGCT-4-s2d1,G/M prog
TCGCGAGGTGTAATAC-4-s2d1,CD14+ Mono
GTTTGTCGTACCGGAT-4-s2d1,Erythroblast
GTCGAGGAGGCGGGTA-4-s2d1,Normoblast
ATTCACTTCGTAATCA-4-s2d1,Erythroblast
CTCACAACAGGTCCTG-4-s2d1,Erythroblast
CAGTATGGTCCTTTAA-4-s2d1,Proerythroblast
GCCTGAGGTTGGTTGA-4-s2d1,CD16+ Mono
CTGGACCAGGCTTAGT-4-s2d1,Erythroblast
TTAGGAACACCCACAG-4-s2d1,CD14+ Mono
TTAGGCTAGTTCCCGT-4-s2d1,CD14+ Mono
CGCTCCATCTAGCTAA-4-s2d1,Erythroblast
GGAGCATAGGTGCGGA-4-s2d1,pDC
TACTAAGTCCACCTTA-4-s2d1,Normoblast
TTGGAGGCAGGAATCG-4-s2d1,Normoblast
AACCTCACAGGTTAAA-4-s2d1,HSC
GGATGTAAGCTCCTTA-4-s2d1,CD14+ Mono
CCAGACTCATCGCTCC-4-s2d1,CD14+ Mono
AAGTGAAGTAAGCTCA-4-s2d1,G/M prog
CAACTAATCTGCAAAC-4-s2d1,Erythroblast
AGTTATGTCATTACAG-4-s2d1,Proerythroblast
CTACTAAAGTCATGCG-4-s2d1,cDC2
AAACATGCAGTCTAGC-4-s2d1,CD14+ Mono
AAGTTACGTAGCTGGT-4-s2d1,Normoblast
TTGGATCAGCACTAAC-4-s2d1,CD14+ Mono
GAGGCTACAAGGTGGC-4-s2d1,CD16+ Mono
CTAACCTGTCCTAGTT-4-s2d1,CD14+ Mono
CATAGGTTCGAGCTAT-4-s2d1,CD14+ Mono
AATCTCAAGGCCAATT-4-s2d1,CD14+ Mono
ATGGCCCAGTCAGTAC-4-s2d1,CD14+ Mono
GCACCTAAGGGATTAG-4-s2d1,CD14+ Mono
TGGTCATAGCTTATGA-4-s2d1,Normoblast
CGGATAAAGCTGAGGG-4-s2d1,Erythroblast
CTTAGGAGTTTACTTG-4-s2d1,CD14+ Mono
TAATGGTGTAATCGGC-4-s2d1,Erythroblast
CGTTTGGAGGTACCGC-4-s2d1,CD14+ Mono
GCCTCAAAGACAAACG-4-s2d1,CD14+ Mono
TTTAGCTTCTTAGCCC-4-s2d1,CD14+ Mono
TAGGTTATCAATCTCT-4-s2d1,CD14+ Mono
GCCACTAAGTAACAGG-4-s2d1,Erythroblast
TGGCTAAGTTATCCTA-4-s2d1,pDC
TGGCGGTTCGCTAGTG-4-s2d1,CD14+ Mono
AATAGAGGTCCTAACT-4-s2d1,Erythroblast
AATCCATCAAGGGTTG-4-s2d1,CD16+ Mono
GGTTCCCGTCCTAACT-4-s2d1,CD14+ Mono
TGCACTTGTGCATTTC-4-s2d1,CD14+ Mono
CAATGAACAACAACAA-4-s2d1,Erythroblast
TGCTAACAGCACTTGG-4-s2d1,CD14+ Mono
ACCAGGCTCCTCCTAA-4-s2d1,CD14+ Mono
GTCTATCGTTTGCTGT-4-s2d1,CD14+ Mono
TCAGTAGGTTATGTGG-4-s2d1,CD14+ Mono
CGTAATGGTCATTACC-4-s2d1,CD14+ Mono
AGTTTGATCATCACTT-4-s2d1,CD14+ Mono
GGTACCGGTTCATCTA-4-s2d1,CD14+ Mono
CTCCGGACATAATGTC-4-s2d1,CD14+ Mono
GACATTATCCAAGTTA-4-s2d1,CD14+ Mono
GGACCTCAGTGCACGC-4-s2d1,Erythroblast
AGTTACTCAGGCCAAA-4-s2d1,Normoblast
CGCAATAGTGCCGCAA-4-s2d1,Proerythroblast
AGGCAGGTCTCGCCTG-4-s2d1,CD14+ Mono
AGGATCCGTTGGTGAC-4-s2d1,CD14+ Mono
CCATAATCAGGCTTGT-4-s2d1,CD14+ Mono
AGTGTGGCACAACCTA-4-s2d1,CD14+ Mono
TACAATGTCCTAATGA-4-s2d1,CD14+ Mono
AACCCGCAGACAGGTA-4-s2d1,Proerythroblast
CAAACACTCCCTCTAA-4-s2d1,Erythroblast
TCCACAACACGGTTTA-4-s2d1,Erythroblast
GAGCCACTCTGTGAGT-4-s2d1,CD14+ Mono
TCTCAATTCGCTAGAT-4-s2d1,cDC2
AGGCTAGCAGTCTAAT-4-s2d1,CD14+ Mono
TCAGCGATCGAGGAGT-4-s2d1,CD16+ Mono
GGCCTTAAGCAGGTTT-4-s2d1,CD14+ Mono
TGTATCGCAAACAACA-4-s2d1,Erythroblast
GGTAACTTCTTGATGA-4-s2d1,CD14+ Mono
TAGTGGCGTTCATTTG-4-s2d1,Erythroblast
CTATGATCACCAAAGG-4-s2d1,Erythroblast
CCTGACTTCCTGATTT-4-s2d1,CD14+ Mono
GATTACGGTTCTTTAG-4-s2d1,CD14+ Mono
GTCTAGCCATTGTCAG-4-s2d1,CD14+ Mono
GCCTTGCGTCCTTAGT-4-s2d1,MK/E prog
AGTTACATCAATTACG-4-s2d1,CD14+ Mono
GGGTCACTCTAACTGA-4-s2d1,Erythroblast
TTGGCTGAGCCGCAGT-4-s2d1,pDC
GCTCGATCATGAAATG-4-s2d1,pDC
CCTCAGTTCATAGCCG-4-s2d1,CD14+ Mono
ATCAGGTTCATTAGTG-4-s2d1,CD14+ Mono
GAGATAAGTTTCGCGC-4-s2d1,Erythroblast
TTAGACTCATGCATAT-4-s2d1,Normoblast
CAATAAGCATAGTCAT-4-s2d1,CD14+ Mono
AATCTCAAGTTTCCTG-4-s2d1,CD14+ Mono
CGACTAAGTGCATTAG-4-s2d1,Erythroblast
AGGCCCAGTGACATAT-4-s2d1,CD14+ Mono
GCTAATATCGCTCACT-4-s2d1,pDC
AATAGAGGTCCGCTGT-4-s2d1,CD16+ Mono
GTAGGTGCATGCTCCC-4-s2d1,CD14+ Mono
TAAGCCAGTTACTTGC-4-s2d1,CD14+ Mono
GCCATGATCCCTCGCA-4-s2d1,pDC
GAGCCACTCAATCTAG-4-s2d1,CD14+ Mono
GGCGGTAAGTAACGGA-4-s2d1,CD14+ Mono
GAAGTGATCGGGACCT-4-s2d1,Erythroblast
GAGGGAGCATGAATAG-4-s2d1,CD14+ Mono
AGCTAACTCCTCAGTC-4-s2d1,CD14+ Mono
CAAATCATCGTTAAGC-4-s2d1,Normoblast
TGAAGGATCCTTGCAC-4-s2d1,Erythroblast
TGATCCTGTTACATCC-4-s2d1,CD14+ Mono
TTGCCCGTCCTAAATG-4-s2d1,CD14+ Mono
GATGCGACAGGCCATT-4-s2d1,CD14+ Mono
ACAACACTCGCTTGCT-4-s2d1,Normoblast
AACCCGCAGTCTGGGC-4-s2d1,Erythroblast
ACGACAAAGCAAGGGT-4-s2d1,G/M prog
TTCATCCCACTGGCCA-4-s2d1,Normoblast
GGCAAGCCATCAGCAC-4-s2d1,CD16+ Mono
TCACCTCAGTTCCTGC-4-s2d1,Proerythroblast
ATCCAACAGGCAAGTA-4-s2d1,CD14+ Mono
GGGATTAAGCCATCAG-4-s2d1,CD14+ Mono
TCAGGAGCAGCAATAA-4-s2d1,CD14+ Mono
CAATGCCCAGGGAGCT-4-s2d1,CD14+ Mono
AGAGAGGAGATAGACG-4-s2d1,Erythroblast
TCACTGACAGCATTAT-4-s2d1,Erythroblast
AATAGCTGTAGCTGGT-4-s2d1,Erythroblast
CGTGCTTTCCGGGACT-4-s2d1,CD14+ Mono
TCAAGACTCATGCTAA-4-s2d1,CD14+ Mono
CAGGCTGGTATACTGG-4-s2d1,CD14+ Mono
GTGCTCCGTTTGACCT-4-s2d1,CD14+ Mono
AATTGACGTTCACTGT-4-s2d1,Erythroblast
AGGTGAGGTTTGGGTA-4-s2d1,CD14+ Mono
CCATAAATCTTAGTGA-4-s2d1,CD14+ Mono
CGCTACTTCAAACCTA-4-s2d1,CD14+ Mono
CGTCATTGTACCCACC-4-s2d1,CD14+ Mono
TAGCGCGGTCCCGGAA-4-s2d1,MK/E prog
TCGATTAAGCACAGAA-4-s2d1,CD14+ Mono
ACGCACGGTCGCGCAA-4-s2d1,pDC
GTAAGCAAGGCGGATG-4-s2d1,Erythroblast
AAGCTAGAGGTGAAGC-4-s2d1,Proerythroblast
ATCCACCTCCACCTGT-4-s2d1,Erythroblast
GCCTGTGCAACACTTG-4-s2d1,CD14+ Mono
ATGAATGCAATCATGT-4-s2d1,CD16+ Mono
AGAATCGAGACAGGTA-4-s2d1,CD16+ Mono
GCAGGAAGTGCTAGAC-4-s2d1,CD16+ Mono
TGACTTCGTGTCCAAA-4-s2d1,Erythroblast
AATCCATCAATTGAGA-4-s2d1,Erythroblast
TAGGCTAGTGCAACTA-4-s2d1,Erythroblast
AGCACTTAGAATCTCA-4-s2d1,CD14+ Mono
CCAGGAACACTAAGTT-4-s2d1,CD14+ Mono
CTACCGGCAAGTCGCT-4-s2d1,CD14+ Mono
ACCAGGGAGTCACTAA-4-s2d1,Erythroblast
TAGTGAGAGAGGAGTC-4-s2d1,CD14+ Mono
CACCTGTTCGGTTACG-4-s2d1,MK/E prog
TGCTCTCAGGAGGTTA-4-s2d1,CD14+ Mono
TTTAGGATCCATTACT-4-s2d1,CD14+ Mono
CAATGTGGTGTCCAAA-4-s2d1,CD14+ Mono
TACGTACAGCTGGACC-4-s2d1,CD14+ Mono
TCGCGAGGTAAGCACC-4-s2d1,CD14+ Mono
GTTAAACGTGGCTTCC-4-s2d1,CD14+ Mono
ACTCACTGTTTGGGTA-4-s2d1,Proerythroblast
TTTGGTGCATGTTGCA-4-s2d1,CD14+ Mono
CCTGAATAGTGAGCAA-4-s2d1,Proerythroblast
AGCCTGGGTAATCACG-4-s2d1,Normoblast
GTATGTGGTAGTTGGC-4-s2d1,CD14+ Mono
CAGAACCGTGATCAGC-4-s2d1,Erythroblast
GCAATATGTAATCGCA-4-s2d1,CD14+ Mono
TCAGCCTTCATAACCA-4-s2d1,CD14+ Mono
GCAGGACCACAACCTA-4-s2d1,Erythroblast
ACATAGCTCTAAGTCA-4-s2d1,Erythroblast
TTGCAGCCAAGCGATG-4-s2d1,HSC
TGTTGGCCAGGCTAAG-4-s2d1,Erythroblast
TATCACGCAGTAAAGC-4-s2d1,Erythroblast
AATAGCTGTGGTTCTT-4-s2d1,CD14+ Mono
GGATATTGTCCTCCAA-4-s2d1,cDC2
TATAGCTCACAACAAA-4-s2d1,MK/E prog
CAAGAACCACAAAGCG-4-s2d1,Erythroblast
CCTTCGTAGACAGGTA-4-s2d1,Erythroblast
CTCTGTTCACCTCGCT-4-s2d1,CD14+ Mono
TCTATGTTCGGTTTCC-4-s2d1,CD16+ Mono
CCCAATTGTTGTAACG-4-s2d1,Erythroblast
ATCAAGACATTGTGAT-4-s2d1,CD14+ Mono
GCTGTACCAAGTTATC-4-s2d1,Erythroblast
CAACTAATCTGTGCAG-4-s2d1,CD14+ Mono
AGCTTTAAGCTGGCTA-4-s2d1,CD14+ Mono
GTAGCTGTCTAAGTGC-4-s2d1,Erythroblast
AGCTAACTCGATTATG-4-s2d1,Normoblast
CACCTCAGTGATGAAA-4-s2d1,Erythroblast
GATCCGTCATAATGTC-4-s2d1,CD14+ Mono
TAGGTGCGTGAGCGAA-4-s2d1,Erythroblast
AATCATCCAGTTGCGT-4-s2d1,cDC2
TCCTCTAAGGTGAGAC-4-s2d1,CD14+ Mono
GTTAAGTGTATTCGTC-4-s2d1,CD14+ Mono
TAGTGTGGTTAGCAGC-4-s2d1,CD14+ Mono
CTCCAAACATGAGTTT-4-s2d1,Normoblast
ACAGGAATCCTCACAC-4-s2d1,CD14+ Mono
TAGTAAGCACAACAAA-4-s2d1,Erythroblast
TTAAGCCAGCAAGGTA-4-s2d1,pDC
TCTCAATTCTTGTTCG-4-s2d1,Erythroblast
CCAGACTCAAGGTGGC-4-s2d1,CD14+ Mono
AGCCTAAGTCAAGTGC-4-s2d1,CD14+ Mono
GCGATATTCGATTCTT-4-s2d1,CD14+ Mono
GAGTTGCGTCACCTAT-4-s2d1,CD14+ Mono
ATGTTTGAGCACAGGG-4-s2d1,CD14+ Mono
GATTGCAGTGGGAACA-4-s2d1,Erythroblast
GCTTTCATCATCAGTA-4-s2d1,CD14+ Mono
TATTCGTTCGCTAGCA-4-s2d1,CD14+ Mono
AAGCGAGGTTGCACAA-4-s2d1,CD14+ Mono
CAGTACCCAATGAGGT-4-s2d1,CD14+ Mono
GAACTTATCAGTATTG-4-s2d1,CD14+ Mono
GTTTCTAGTTTGGCTT-4-s2d1,CD14+ Mono
TAATCACCAACTCGCG-4-s2d1,CD14+ Mono
CTCGCTAGTTTACGTC-4-s2d1,Proerythroblast
CCAAACCCACCTATAG-4-s2d1,CD14+ Mono
GACCTCAAGCCTCTGT-4-s2d1,CD14+ Mono
GACCGTTCAGCAAGAT-4-s2d1,CD14+ Mono
CCCAAATAGCTTAGTA-4-s2d1,Erythroblast
AGTTATGTCTCACAAA-4-s2d1,CD14+ Mono
CATGGCGGTGATCAGC-4-s2d1,HSC
TGGCCTGCATAAAGCA-4-s2d1,pDC
CCCAATTGTTTGCAGA-4-s2d1,CD16+ Mono
TGTGGCCAGCAGCTCA-4-s2d1,CD14+ Mono
GCATGAAAGCATTATG-4-s2d1,CD16+ Mono
TACTAAGTCAAATCGC-4-s2d1,CD14+ Mono
GTGGACACAATTTAGC-4-s2d1,CD14+ Mono
GGAGGTTAGCTATATG-4-s2d1,Erythroblast
TTGACTAAGCACTTGG-4-s2d1,Proerythroblast
TATAGCTCAGGGAGGA-4-s2d1,CD14+ Mono
CCCGCTTCACAGAACG-4-s2d1,Erythroblast
ACGTACCCAGTCTAGC-4-s2d1,CD14+ Mono
TCAGCAAGTTTGGGCG-4-s2d1,CD14+ Mono
GTACCTTGTTATTGCC-4-s2d1,Erythroblast
ATTTGTGAGCGCATTG-4-s2d1,CD16+ Mono
GATAATCGTTTCCGGC-4-s2d1,CD14+ Mono
GGAAGTATCAAGCCTG-4-s2d1,CD14+ Mono
CTGCAATAGCTAAAGG-4-s2d1,Erythroblast
TTGGATTCAATGCCTA-4-s2d1,CD14+ Mono
CGAGGCAAGATAAAGC-4-s2d1,CD14+ Mono
CGGCTAATCAGGAACA-4-s2d1,pDC
TAGTTGTCAAACTGTT-4-s2d1,CD14+ Mono
GTTCCCAGTGTTCCCA-4-s2d1,CD16+ Mono
GCAAGTGCAGGGAGGA-4-s2d1,CD14+ Mono
GAGTCAAAGGACCGCT-4-s2d1,Erythroblast
TCAATCGCAGTTTGGC-4-s2d1,CD14+ Mono
ATGAATGCAAGTAAGC-4-s2d1,CD14+ Mono
CTCCGTCCATAGTCAT-4-s2d1,CD14+ Mono
CTCGCTAGTATTTGGG-4-s2d1,CD14+ Mono
ACAACAGAGGCTACAT-4-s2d1,Erythroblast
ATTTGCAAGGCCAATT-4-s2d1,CD14+ Mono
CGAAGGCCACTAAGCC-4-s2d1,CD16+ Mono
GCTAGCCAGTTCCTCA-4-s2d1,CD14+ Mono
CAATCCCTCCTAGTAA-4-s2d1,CD14+ Mono
ATTCCTCCAGCTTAAT-4-s2d1,CD14+ Mono
CGGACAACAGCAACAG-4-s2d1,Normoblast
TAAGTGCTCTCTAGCC-4-s2d1,CD14+ Mono
CTCATTGTCCAGGTCA-4-s2d1,CD14+ Mono
GGCGGTAAGAGGAGGA-4-s2d1,CD14+ Mono
GTAGGCGAGTGACCTG-4-s2d1,Erythroblast
CTGTTTAGTTAAATGC-4-s2d1,G/M prog
TATATCCTCAATGTCA-4-s2d1,CD14+ Mono
TAATGCATCTTTAAGG-4-s2d1,CD14+ Mono
GGGCCTAGTTATCGAG-4-s2d1,Normoblast
GAAAGGCTCCGTGACA-4-s2d1,Erythroblast
TATGCATCACGGTTTA-4-s2d1,CD14+ Mono
AATTTGGTCCTCAGTC-4-s2d1,CD14+ Mono
GTAGCCATCGCTCCAT-4-s2d1,CD14+ Mono
GTACTAATCGATTATG-4-s2d1,CD16+ Mono
CTCCAACTCATTGCAA-4-s2d1,CD14+ Mono
ATGATGGAGCACAGCC-4-s2d1,Erythroblast
CTTGAACAGAGGAGGA-4-s2d1,G/M prog
CCGCCAACATAAGCAA-4-s2d1,Erythroblast
GTACTTCGTTAGAGCC-4-s2d1,CD14+ Mono
TTTCATCAGGCGAAAC-4-s2d1,Erythroblast
AGTTACATCTTTAAGG-4-s2d1,HSC
GCTTGTTGTTGTCCAT-4-s2d1,Erythroblast
GTGGTTAGTTTAACGG-4-s2d1,HSC
GTGATCAGTCCGTGAG-4-s2d1,Erythroblast
TAGTGGCGTCCAAGAC-4-s2d1,CD14+ Mono
TAAGGACCACAAACTT-4-s2d1,Erythroblast
AGATGCTTCTAATCTC-4-s2d1,CD14+ Mono
GTTAGACTCGCACAAT-4-s2d1,CD14+ Mono
GGAAACTCAAGGTACG-4-s2d1,CD14+ Mono
GGTTGGTGTCATGAGC-4-s2d1,Erythroblast
TGAGCACGTTACTTGC-4-s2d1,Erythroblast
CATCCTTCAGGAACAT-4-s2d1,CD14+ Mono
TCCTTGCAGGGCTAAA-4-s2d1,CD14+ Mono
CATTCCTCAAGTTATC-4-s2d1,CD14+ Mono
GTTACTAAGGACAATG-4-s2d1,CD14+ Mono
CTACAACAGCCTAATA-4-s2d1,CD14+ Mono
TTTAAGCCAGAAATTG-4-s2d1,CD16+ Mono
TACTGCACATAATCCG-4-s2d1,Erythroblast
GTTGCATAGGCGCTAC-4-s2d1,Erythroblast
TATCGCACAATGCGCT-4-s2d1,Erythroblast
ACGAATCTCATGACCG-4-s2d1,CD14+ Mono
AGTGGACAGTCAGTAC-4-s2d1,CD14+ Mono
TGCATTAAGTTAGCCG-4-s2d1,CD16+ Mono
GGACATAAGTCAGGCC-4-s2d1,pDC
ATGATGGAGCAAACCT-4-s2d1,CD14+ Mono
ATTGCAGGTTGCTGGG-4-s2d1,CD14+ Mono
ACCAGGGAGGCGCATC-4-s2d1,G/M prog
AGTAATGCAGGTTAAA-4-s2d1,CD14+ Mono
TACTTCGTCGCATCCT-4-s2d1,G/M prog
TTAGCAATCCCGTTGT-4-s2d1,CD14+ Mono
GGGTCAACAATATAGG-4-s2d1,pDC
CGAATATGTTTCCGGC-4-s2d1,CD16+ Mono
TCAGGTCCACCTACTT-4-s2d1,pDC
TTTCATCAGTGACCTG-4-s2d1,CD14+ Mono
TGGTAAACAAGCGAGC-4-s2d1,CD14+ Mono
GCTCAACCAACCCTCC-4-s2d1,CD14+ Mono
ATTCCTCCAATCTCTC-4-s2d1,CD16+ Mono
CTTTGTCCAACATAAG-4-s2d1,CD16+ Mono
TATCACAAGCCTGTGA-4-s2d1,Erythroblast
TTGGATTCAACTCGCG-4-s2d1,CD14+ Mono
GGCTGGTTCCTAAGAC-4-s2d1,Erythroblast
TCGATTAAGGTAAGCA-4-s2d1,MK/E prog
GTTTCAGCATCACAGC-4-s2d1,Erythroblast
AACTAGTGTTCCAGGG-4-s2d1,Erythroblast
CCCATAACAAACCTAT-4-s2d1,CD14+ Mono
CCCTTAATCCGTAAAC-4-s2d1,CD14+ Mono
CTTTGAGCATAGCAGG-4-s2d1,Erythroblast
ACTCCTCAGTGACCTG-4-s2d1,Erythroblast
GATCAGGCAGCTCAAC-4-s2d1,CD16+ Mono
GTACTTCGTTGGTTCT-4-s2d1,G/M prog
ACTTGTAAGTCATTGA-4-s2d1,CD14+ Mono
AAGCCTTAGCTCCTTA-4-s2d1,CD14+ Mono
AGCCTGGGTCTTTGAC-4-s2d1,CD14+ Mono
GGTCATTAGTCTCACC-4-s2d1,CD14+ Mono
TTGCATTTCGTGCTTC-4-s2d1,CD14+ Mono
GGTACCGGTCGCAATA-4-s2d1,Proerythroblast
CTTCGCGTCTCCATAT-4-s2d1,CD14+ Mono
TTATGCGCATAGCGAG-4-s2d1,G/M prog
CCGCCAACAGTAATAG-4-s2d1,pDC
GGCTTCAAGGAGTCGG-4-s2d1,CD14+ Mono
GCCTGCTGTTTGGTTC-4-s2d1,CD14+ Mono
GCCAGGTTCCCGCAAA-4-s2d1,HSC
ACATTGCAGGCAATAG-4-s2d1,CD14+ Mono
TTAGGATGTTTATCGC-4-s2d1,Erythroblast
TTTAACGAGTTTGGTA-4-s2d1,cDC2
ACCTGGATCATTAGGC-4-s2d1,CD14+ Mono
CCGTTAACAGTTTACG-4-s2d1,Normoblast
CGGTAACGTTGTTGGA-4-s2d1,MK/E prog
GATTAGTGTAGGTTAT-4-s2d1,Erythroblast
CCTTACTCAGGTATTT-4-s2d1,Erythroblast
GGTCCGTAGGCAATAG-4-s2d1,pDC
ATGGCTAGTCTTACTA-4-s2d1,Normoblast
CTTAGGAGTGCGCGTA-4-s2d1,Erythroblast
TGACTTAAGCGGGCAA-4-s2d1,CD14+ Mono
GCAAGCCTCCTAATAG-4-s2d1,CD14+ Mono
GTGTGTTAGTGTGATC-4-s2d1,G/M prog
TTGCTTTAGCTTATGA-4-s2d1,CD14+ Mono
CGTGTTACAATTGCGC-4-s2d1,CD14+ Mono
CAAGGCCTCACAGCCA-4-s2d1,CD14+ Mono
GCCTGCTGTTCCTCCT-4-s2d1,Erythroblast
ATCATGTCAGCATGTC-4-s2d1,CD14+ Mono
TTGCAATCAGCTAATT-4-s2d1,Proerythroblast
GCGATTAGTAACGGGA-4-s2d1,CD14+ Mono
ACACCTTGTAGCCTAA-4-s2d1,Proerythroblast
TACGTTAAGCTTAACA-4-s2d1,CD14+ Mono
GGCATTGTCGCTAGCA-4-s2d1,CD14+ Mono
ATGGTTATCAAACACC-4-s2d1,CD14+ Mono
CGTACGGGTTACATCC-4-s2d1,CD14+ Mono
TTTGTGTTCGTTATAG-4-s2d1,CD14+ Mono
TTGTGCGAGCTGGCTA-4-s2d1,CD14+ Mono
AACAGGATCACTTTAC-4-s2d1,CD14+ Mono
TGGTAAACATAATCGT-4-s2d1,Normoblast
ACAGCGCTCCGCCTCA-4-s2d1,CD14+ Mono
TAAGTAGCAACCCTCC-4-s2d1,CD14+ Mono
TGTAAGTGTGTGTGGT-4-s2d1,CD16+ Mono
CGCCAAATCGTTAGCG-4-s2d1,CD14+ Mono
TGTCAGTAGGTGCTGC-4-s2d1,CD14+ Mono
GATTGGTTCTAAGGAG-4-s2d1,Erythroblast
CGGTGAGAGCTAAAGG-4-s2d1,Erythroblast
CTCACAACACAACAGG-4-s2d1,CD14+ Mono
AACTACTCAGCTAATT-4-s2d1,CD14+ Mono
GCTCTGGCAGCACGAA-4-s2d1,CD14+ Mono
GACTCACCAATAACGA-4-s2d1,Erythroblast
CATAATGTCGCAATCG-4-s2d1,CD14+ Mono
GACCTGCAGGAACGGT-4-s2d1,CD14+ Mono
TGGCCTTTCTTAGTCT-4-s2d1,CD14+ Mono
TTATCCTAGACTCGCA-4-s2d1,CD14+ Mono
GATGGACAGAACAAGT-4-s2d1,CD14+ Mono
GACTTAGGTAGGTTAT-4-s2d1,CD14+ Mono
AATTGTGTCATCCTAT-4-s2d1,CD14+ Mono
CAAGTAACATGGTTAT-4-s2d1,CD14+ Mono
ACTTAGGGTAGGTTAT-4-s2d1,Erythroblast
ACTAACCAGTCATTAG-4-s2d1,CD14+ Mono
ATTGGCTAGGTGCGGA-4-s2d1,Erythroblast
CTTCACTCAACCTGGT-4-s2d1,CD14+ Mono
TAATCCGCAACTAGGG-4-s2d1,pDC
AACATAGCAATTTGGT-4-s2d1,CD14+ Mono
AGTTTGCAGTTTGGGT-4-s2d1,CD16+ Mono
AAGCTAGAGGTCGAGG-4-s2d1,pDC
AGCGATTTCGTAATCA-4-s2d1,CD14+ Mono
CGTTAACAGGACAACA-4-s2d1,CD14+ Mono
GGTGCTGGTCATAAGT-4-s2d1,Erythroblast
CGCTTACTCGTTATCT-4-s2d1,Erythroblast
GTTAAGTGTCCTTCTC-4-s2d1,CD14+ Mono
GATCCGTCAAGGTACG-4-s2d1,CD16+ Mono
CTGCTATGTCATCCTG-4-s2d1,CD14+ Mono
CGCTTAACATGAGCAG-4-s2d1,Erythroblast
CTTTAGTTCGGTCATG-4-s2d1,CD14+ Mono
AGATGAAGTTCCGCAC-4-s2d1,Normoblast
CCTGAGTCAAGTCGCT-4-s2d1,Normoblast
CTTGCATGTAAGCTCA-4-s2d1,CD14+ Mono
CGCTTACTCTTGAGCG-4-s2d1,CD14+ Mono
GACGTAAAGGTTACGT-4-s2d1,CD14+ Mono
ACTTGTAAGCCACATG-4-s2d1,CD14+ Mono
TGCTCCGTCGAGCTAT-4-s2d1,CD14+ Mono
AATCTTGAGGGTTATC-4-s2d1,CD14+ Mono
TACTCAAAGTTAGAGG-4-s2d1,CD14+ Mono
AGTCCTGAGGTCGATT-4-s2d1,CD14+ Mono
CCCAAATAGCATGAAG-4-s2d1,CD14+ Mono
AACTGTTCATGTCAGC-4-s2d1,Erythroblast
AGGATGCAGTTATGTG-4-s2d1,pDC
CCATCACTCGTTATAG-4-s2d1,CD14+ Mono
CCGCTAGCAGGCTTGT-4-s2d1,CD14+ Mono
CCCTAATGTGCGCGTA-4-s2d1,CD14+ Mono
GGAGGTTAGTCAGGCC-4-s2d1,CD14+ Mono
CTGTGTGAGCCGCAAC-4-s2d1,CD14+ Mono
AGTTGCAGTGTGTGGT-4-s2d1,Proerythroblast
AGGGTTGCATAGCTTG-4-s2d1,CD16+ Mono
ACTTCGCTCTAAGGTC-4-s2d1,HSC
TGCTAACAGCTTAACA-4-s2d1,Erythroblast
GGGTTTCCAAAGCTAA-4-s2d1,CD16+ Mono
TAGTGTGGTGAGAAAC-4-s2d1,CD14+ Mono
GGTGCTTCAGAGAGCC-4-s2d1,CD14+ Mono
GTGAACAAGACTAAGG-4-s2d1,CD14+ Mono
CACTTAAAGTTTGAGC-4-s2d1,CD14+ Mono
TTAGGCCCATCAGCAC-4-s2d1,CD16+ Mono
AATCCATCATTCCTGT-4-s2d1,HSC
CGGTTGGGTTAGCATG-4-s2d1,CD14+ Mono
GCCTGACAGCCATCAG-4-s2d1,CD14+ Mono
AGGATTGAGGAGGCAT-4-s2d1,CD14+ Mono
GTTAATGTCCTAAATG-4-s2d1,CD14+ Mono
TGGCCAATCACAGCGC-4-s2d1,CD14+ Mono
GATTGTTCAGCAGGTA-4-s2d1,CD14+ Mono
TTTGCGACAGGCCAAA-4-s2d1,CD14+ Mono
ACGTCCAAGGAGTCGG-4-s2d1,CD14+ Mono
CTAACCACACTTACAG-4-s2d1,Erythroblast
CTGACATAGTCAATTG-4-s2d1,CD14+ Mono
CTACTTAGTAATCGGC-4-s2d1,G/M prog
CAAAGGATCATTGTCT-4-s2d1,Erythroblast
TCAAACCAGGCAAGTA-4-s2d1,CD14+ Mono
TTTGCATTCTCACTAT-4-s2d1,Erythroblast
TAGCTAATCACGCGGT-4-s2d1,CD14+ Mono
GCCTGAGGTAGGTTAT-4-s2d1,CD14+ Mono
AGCTACGTCAGCACGC-4-s2d1,CD14+ Mono
CGGATAAAGCCTGTTC-4-s2d1,CD14+ Mono
AAGTTTGTCGCTCACT-4-s2d1,CD14+ Mono
TTACCGTGTTAACGAT-4-s2d1,CD16+ Mono
CCTATATTCAAGTGAG-4-s2d1,CD16+ Mono
CCTGTAACATTGTGAT-4-s2d1,CD14+ Mono
AATCAGGAGATGGAGC-4-s2d1,Erythroblast
GGTGAGTAGCCTAACG-4-s2d1,CD14+ Mono
ATATGCATCCGCAAGC-4-s2d1,CD14+ Mono
AATGCAACAGCCAGAA-4-s2d1,CD16+ Mono
ATATAGGCAGGCCAAA-4-s2d1,MK/E prog
AAGTGTTGTTAAATGC-4-s2d1,CD14+ Mono
TTACCTGTCACAGCCA-4-s2d1,pDC
TGGATTGGTTCCTCCT-4-s2d1,CD14+ Mono
CCTGTATGTATTGCAG-4-s2d1,CD14+ Mono
CTATTACTCACGAATC-4-s2d1,Erythroblast
CTCACTCAGACAAACG-4-s2d1,CD14+ Mono
GTCTATCGTAGCCTAA-4-s2d1,CD14+ Mono
AAGCGCTGTGTCACGG-4-s2d1,Erythroblast
ATGTAAGCACAATGCC-4-s2d1,CD14+ Mono
GATTGCGTCACGCGGT-4-s2d1,CD14+ Mono
CTAACCCTCTAAGGAG-4-s2d1,Normoblast
TCTAAGGGTAATAGCT-4-s2d1,CD16+ Mono
ATCCAACAGTTAGTGC-4-s2d1,CD14+ Mono
GCAGCAACAGGCTGTT-4-s2d1,Normoblast
GCAATGAAGTTATCCT-4-s2d1,CD14+ Mono
TGTGGCGGTCATGCAA-4-s2d1,Normoblast
CAGGCTGGTTAGGACC-4-s2d1,HSC
AGCTACTAGTCAATCA-4-s2d1,CD14+ Mono
AGTTGGCGTGTTTGTC-4-s2d1,Erythroblast
TGGACGGAGCTTCCCG-4-s2d1,CD16+ Mono
TGCACTTGTGAGCGAA-4-s2d1,pDC
AATTAGCGTCGACTAA-4-s2d1,Erythroblast
GCCACAATCATAAGCC-4-s2d1,G/M prog
TGCGATTAGACAACAG-4-s2d1,Normoblast
AGGATTGAGGAACCGG-4-s2d1,Erythroblast
CGAGCTGGTGAGCAAG-4-s2d1,CD14+ Mono
TACCAGGTCCTGCGAA-4-s2d1,CD14+ Mono
CAATCCTGTGCGCATG-4-s2d1,CD14+ Mono
AGGTGAGGTCCTTCTC-4-s2d1,CD14+ Mono
ATGTCATCATCATGTG-4-s2d1,pDC
CAGCATGTCCGCAAGC-4-s2d1,CD14+ Mono
CTGTACCTCGTTCACC-4-s2d1,CD14+ Mono
GAGGTTAAGGCTCATG-4-s2d1,CD14+ Mono
AATCCATCATGACTAT-4-s2d1,Proerythroblast
CGCCACACAAGCTTAT-4-s2d1,pDC
ATGGCCGGTCCCGAAG-4-s2d1,Normoblast
AGTCTTGCAGCTCATA-4-s2d1,CD14+ Mono
TCTAGCACATCTAGCA-4-s2d1,G/M prog
TGCCGGTAGTTTGCGG-4-s2d1,CD14+ Mono
CACTGACCATTGGGAG-4-s2d1,CD16+ Mono
CCTAAGCCAGGACCTT-4-s2d1,CD14+ Mono
GTTACGCCAGGAACCA-4-s2d1,CD16+ Mono
GCTTACCTCTCGACCT-4-s2d1,CD14+ Mono
TCAGCGATCGCAACAT-4-s2d1,CD14+ Mono
GCTATTGCACAGGATG-4-s2d1,Erythroblast
AAGTTACGTTAGGTTG-4-s2d1,CD14+ Mono
GTGCACGGTGTTAAAC-4-s2d1,CD14+ Mono
ATGGACAAGCCATCAG-4-s2d1,CD14+ Mono
GTGTCCAAGGTTTGCG-4-s2d1,pDC
AAGTAGCCACATGCTA-4-s2d1,Erythroblast
CTGGTAAGTGAGGTGA-4-s2d1,pDC
TTTAGCTTCATTACGA-4-s2d1,Erythroblast
TGGATTGGTGAATCGC-4-s2d1,CD14+ Mono
GAGTGAGGTGGATTAT-4-s2d1,Erythroblast
TCAGTAATCTCACTCA-4-s2d1,CD14+ Mono
TGATCAATCCACCTGT-4-s2d1,CD14+ Mono
CCATAAGGTCACAGAC-4-s2d1,CD14+ Mono
CGTTTGGAGTAACAGG-4-s2d1,CD14+ Mono
GCAAGCCTCTTGTCTG-4-s2d1,Erythroblast
GCGGATACATTTGCTC-4-s2d1,Erythroblast
TAGTTGTCAGTAGCCT-4-s2d1,Erythroblast
GAGGTGAGTGTTGTAG-4-s2d1,Erythroblast
GTTGGAGCAGAAACGT-4-s2d1,CD14+ Mono
CACTGACCAAACTCAT-4-s2d1,Erythroblast
CCCTAATGTTAGGTGC-4-s2d1,Erythroblast
ATTGCAGGTTTGCGCC-4-s2d1,CD14+ Mono
TTATTGCTCCACCTGT-4-s2d1,Erythroblast
CTCATCATCGCTAAGT-4-s2d1,cDC2
TTCCTTCTCGGCCAGT-4-s2d1,CD14+ Mono
CGTAACTAGTAGGATG-4-s2d1,CD14+ Mono
AACTGTTCAGGACCTT-4-s2d1,CD14+ Mono
ACTCAGTAGGAACGGT-4-s2d1,Erythroblast
CCTGGATCATGAGCAG-4-s2d1,CD14+ Mono
GAAGCCTGTAGCTGGT-4-s2d1,CD14+ Mono
GAGCTTGTCCAAACAC-4-s2d1,Normoblast
GGGCGAATCTTGCTAT-4-s2d1,CD14+ Mono
TTAGGATGTATTGTCC-4-s2d1,Erythroblast
GACGTAAAGCACCACA-4-s2d1,Erythroblast
AATCCATCACAATGCC-4-s2d1,Erythroblast
CGAGGTGAGCGATAGA-4-s2d1,Proerythroblast
AGGGCCTTCACAGCCA-4-s2d1,Erythroblast
ACTTTGTTCTCGACCT-4-s2d1,CD14+ Mono
GAGTAACCATCGCTCC-4-s2d1,cDC2
CTACAACAGGAGCATA-4-s2d1,CD14+ Mono
GACCTAAGTGCTAGAC-4-s2d1,CD14+ Mono
TACGTACAGGAGTCGG-4-s2d1,CD14+ Mono
CGTAACCCATGTTTGG-4-s2d1,CD14+ Mono
TTTGCGGAGTAAAGGT-4-s2d1,CD16+ Mono
TGGTTAATCCTCAGTC-4-s2d1,CD14+ Mono
AAATCCGGTTTAACGG-4-s2d1,CD14+ Mono
ATCATCAAGTTTGAGC-4-s2d1,CD14+ Mono
CTATGACAGCCGCTTT-4-s2d1,cDC2
GTTACTCGTCCTTTAA-4-s2d1,CD14+ Mono
GGATGTAAGAGGAAGG-4-s2d1,Erythroblast
AGCACAGCATTGTGGC-4-s2d1,CD14+ Mono
CGGTTGGGTGCTTAGA-4-s2d1,pDC
ATGGACAAGGCGCTTA-4-s2d1,CD14+ Mono
AAAGCCCGTTTCGCCA-4-s2d1,CD14+ Mono
GGCAAATCACGTTACA-4-s2d1,CD14+ Mono
TGGTCCTTCCTAACGG-4-s2d1,Erythroblast
CAAAGTGAGTAAAGGT-4-s2d1,Erythroblast
CCGCTAAAGCATTTCT-4-s2d1,CD14+ Mono
TGGTCATAGATACTTG-4-s2d1,Erythroblast
GCAAGCCTCAATCTAG-4-s2d1,CD14+ Mono
AGAATCGAGCTATGAC-4-s2d1,Erythroblast
CTTAACAAGGCCTAAT-4-s2d1,CD14+ Mono
AGCACAGCAAACTGTT-4-s2d1,CD14+ Mono
TAGTAGGAGTGAACCT-4-s2d1,Proerythroblast
ATTGCACAGCAAGGGT-4-s2d1,CD14+ Mono
CCCAGCACAGAGAGCC-4-s2d1,CD14+ Mono
CGGCTCACAATTGCGC-4-s2d1,CD14+ Mono
GAGCTTAGTTAGGCTA-4-s2d1,CD14+ Mono
TGCATCCTCTAAGTGC-4-s2d1,CD14+ Mono
CATAAGCTCAATCTCT-4-s2d1,CD14+ Mono
CTTTGGGAGTTCCCAC-4-s2d1,CD16+ Mono
GTAGCTGTCGGCCATA-4-s2d1,Proerythroblast
ACTAATCCATTGTTGG-4-s2d1,cDC2
TAGGTTGGTCCTAAGA-4-s2d1,CD14+ Mono
GGCCTCTGTCCTTAGT-4-s2d1,G/M prog
GTGATGAAGCGGGCAA-4-s2d1,CD14+ Mono
AGCGATTTCAATGTCA-4-s2d1,CD14+ Mono
TCGTAATCAATAGCAA-4-s2d1,CD14+ Mono
GAGCCACTCATTGCGG-4-s2d1,Normoblast
TTAGGCTAGCTCATAA-4-s2d1,HSC
CTCACAACAAGGTCCT-4-s2d1,Proerythroblast
TATTTGGAGCTAAGTC-4-s2d1,CD14+ Mono
TTGACGTAGGAGTCGG-4-s2d1,CD14+ Mono
ACATAGCTCATCCTCA-4-s2d1,CD14+ Mono
AGAGGATGTGGACCTG-4-s2d1,cDC2
GAACCGCTCCCGTTAC-4-s2d1,CD14+ Mono
TTGGCGGGTTCGGGAT-4-s2d1,CD16+ Mono
AAGCGCTGTTAGCTGA-4-s2d1,CD14+ Mono
AGGCGGATCAATCTAG-4-s2d1,CD14+ Mono
GTCATCACAAGTGTCC-4-s2d1,Proerythroblast
ACGACAAAGACTTACA-4-s2d1,pDC
AACAGATAGGTCAAAG-4-s2d1,CD14+ Mono
CATGCGGGTCCCGGAA-4-s2d1,CD14+ Mono
TTATAGCCATAAGTCT-4-s2d1,CD14+ Mono
TTGCACACAAACATAG-4-s2d1,CD14+ Mono
GCGATTTAGGGCTTAT-4-s2d1,CD14+ Mono
AATTGTGTCATTATGG-4-s2d1,CD14+ Mono
CTCCCTGAGGATAAAC-4-s2d1,CD14+ Mono
TACTTCGTCCGGTATG-4-s2d1,CD14+ Mono
TTGGCTACACCGGTAT-4-s2d1,pDC
AGCATCCCAACTAGCC-4-s2d1,Erythroblast
TGGACTAGTGTTTGCT-4-s2d1,CD14+ Mono
AATCAGGAGCGGATAA-4-s2d1,CD14+ Mono
CTCATCATCATCCTCA-4-s2d1,pDC
CTCCTGAGTTTGCGCC-4-s2d1,Erythroblast
AGCATCCCACCTGTAA-4-s2d1,Normoblast
TTAGCTGCAAGCTTAT-4-s2d1,Normoblast
GCAGGACCAATGCGCT-4-s2d1,MK/E prog
GCTTCGCGTTGTTGTC-4-s2d1,CD14+ Mono
TTACACCGTTTAACCC-4-s2d1,MK/E prog
GGATTGCGTTTGCTGT-4-s2d1,CD14+ Mono
CTACCTCAGGTCCTAG-4-s2d1,Erythroblast
ATGGTCTAGCCTAATA-4-s2d1,CD14+ Mono
GCGTGCTAGTAATCCA-4-s2d1,Erythroblast
CCGTTATGTACGGGTT-4-s2d1,CD14+ Mono
TTGCCCGTCCGGCTAA-4-s2d1,CD16+ Mono
AGTTGTCAGGATTTGC-4-s2d1,CD14+ Mono
CCCAAACCAGAGGCTA-4-s2d1,CD14+ Mono
TCAGTGAGTGAAGCCT-4-s2d1,Erythroblast
TTTGACTTCGGTTCCT-4-s2d1,G/M prog
GCCATGATCAAGCTTA-4-s2d1,CD14+ Mono
GTTTACCGTGGACATC-4-s2d1,CD16+ Mono
CCCTGGACATCATGTG-4-s2d1,CD14+ Mono
GTCATCACAAGGTCGA-4-s2d1,Erythroblast
GGTTGACGTCATTAGG-4-s2d1,CD14+ Mono
GTGCTTACAGCTAACC-4-s2d1,pDC
CCTAATAAGGAGGTTA-4-s2d1,Erythroblast
CTAAATGTCATGCTTT-4-s2d1,CD14+ Mono
GAGCCACTCGTTAAGC-4-s2d1,CD16+ Mono
GGCTGTCAGGTGAAAT-4-s2d1,CD16+ Mono
GTCTTTGTCCTAAATG-4-s2d1,CD14+ Mono
TGAGTTTCATGGAGGC-4-s2d1,pDC
GCTATAGGTTACTAGG-4-s2d1,CD14+ Mono
TGCAGGCTCGTTCACC-4-s2d1,CD14+ Mono
AAAGCAAGTCATTACC-4-s2d1,Erythroblast
GATTCGCCATGCTTAG-4-s2d1,CD14+ Mono
TAACCTAAGTTGTCTT-4-s2d1,CD14+ Mono
ACTGAAACAAACTAAG-4-s2d1,CD14+ Mono
TGCATCCTCCTTAGTT-4-s2d1,CD14+ Mono
CCCGCTTCATGTTTGG-4-s2d1,CD14+ Mono
ACGAAGTCACAGAAAC-4-s2d1,CD14+ Mono
GGTCTTGAGGCGCATC-4-s2d1,Normoblast
ATCTATGAGGCGAAAC-4-s2d1,CD14+ Mono
GATTGATGTTCAAGAT-4-s2d1,CD16+ Mono
CGATGTCCACAAAGCG-4-s2d1,CD14+ Mono
TTCGTGCTCTCACACC-4-s2d1,CD14+ Mono
GCGGTTATCAATCATG-4-s2d1,Erythroblast
TTTGCGACAAATTCGT-4-s2d1,CD14+ Mono
TCAGGTCCATGAGTTT-4-s2d1,CD16+ Mono
CAAGGCCTCGTTCACC-4-s2d1,CD14+ Mono
ACGCCTAAGGTGTCCA-4-s2d1,CD16+ Mono
TTTGACCGTTGGCGTG-4-s2d1,Erythroblast
AGCATTTCAGCTTACA-4-s2d1,CD14+ Mono
GTGGACACAGTAATAG-4-s2d1,HSC
TTACCTGTCCTAAGTA-4-s2d1,CD14+ Mono
ACGGTACGTTTGCGCC-4-s2d1,CD14+ Mono
CTGGATGTCCTTGAGG-4-s2d1,CD14+ Mono
TCGGTAAGTTAACAGT-4-s2d1,CD14+ Mono
GGCCTCTGTTTGCGCC-4-s2d1,CD14+ Mono
CATTCCTCAGTTATGT-4-s2d1,CD14+ Mono
CGTAACCCAAACAACA-4-s2d1,Erythroblast
TGCCTGTTCCAAGTTA-4-s2d1,G/M prog
CGACCTGCAATTGAGA-4-s2d1,Erythroblast
GACTTGGTCATGTCAA-4-s2d1,CD14+ Mono
TTTGTGAAGTGAGCAA-4-s2d1,CD14+ Mono
AACCTTAAGCGAGCGA-4-s2d1,Erythroblast
ACGAACAAGCGTGCGT-4-s2d1,Erythroblast
ATCATCAAGGAGCACG-4-s2d1,CD14+ Mono
TGCACTTGTTCGCTTG-4-s2d1,CD14+ Mono
ATCATGTCATTAAGCT-4-s2d1,G/M prog
CCGCAAATCTTGGACG-4-s2d1,CD14+ Mono
ATGTTCAAGCAAGACA-4-s2d1,CD14+ Mono
ATCACTAAGCTATGAC-4-s2d1,Erythroblast
CATAATCCATTGACAT-4-s2d1,Erythroblast
AGGATCCGTCATGCCC-4-s2d1,Erythroblast
GGTTATGGTCCCGAAG-4-s2d1,CD16+ Mono
TTGGCTGAGTAAGTCC-4-s2d1,CD14+ Mono
ATCGAGGCATTAGCGC-4-s2d1,CD14+ Mono
CTATTACTCTGGCATG-4-s2d1,CD16+ Mono
GTGATCAGTTGCACAA-4-s2d1,CD14+ Mono
TTAAAGGCAATTGAGA-4-s2d1,Erythroblast
AGGGTTGCAGGGAGCT-4-s2d1,CD14+ Mono
GACTTGGTCTTTGTAC-4-s2d1,Erythroblast
CCGGTTAAGTTTGGTA-4-s2d1,Normoblast
GTCCAGGGTGAGCGAA-4-s2d1,CD14+ Mono
TTTAAGCCATAAGTCT-4-s2d1,Normoblast
CAAACTGGTATTGCAG-4-s2d1,CD14+ Mono
GCTTGACCAGCTTACA-4-s2d1,CD14+ Mono
TTTGTGAAGCAAGGAC-4-s2d1,CD14+ Mono
GTCCAAGTCGGTTAGT-4-s2d1,CD14+ Mono
TAGCTTGCAGCTTACA-4-s2d1,pDC
GTCCAGGGTCATCAAG-4-s2d1,Normoblast
CCTACTTCACGAATTT-4-s2d1,CD14+ Mono
GATTGGCGTCACACCC-4-s2d1,CD14+ Mono
ACTAGGCGTCAAGTGC-4-s2d1,CD14+ Mono
TCATACTTCGTCCTTA-4-s2d1,CD14+ Mono
GCCACACAGTCAATTG-4-s2d1,CD14+ Mono
ACTCGCTTCTAATTGG-4-s2d1,CD14+ Mono
CATCAATCAGCACGTT-4-s2d1,CD14+ Mono
CTCCTGAGTAAACAAG-4-s2d1,Erythroblast
AGGTGAATCCTAAGTA-4-s2d1,CD14+ Mono
TAAGCCAGTCAAGTGC-4-s2d1,CD14+ Mono
AGCTAGTTCGCTATGG-4-s2d1,CD14+ Mono
CCAAACCCAGGCAAGC-4-s2d1,CD14+ Mono
ATGAGCCGTCAATAGT-4-s2d1,pDC
CCACACAAGCACGTTG-4-s2d1,CD14+ Mono
AGCCAGTGTGCTTTAC-4-s2d1,HSC
GTCTTTGTCACTCGCT-4-s2d1,Erythroblast
TAGCATATCACCGGTA-4-s2d1,Erythroblast
GTAGGATCATCCCTCA-4-s2d1,CD14+ Mono
CCCGTAAAGGGTTATC-4-s2d1,CD16+ Mono
TTGCTTTAGGCGCATC-4-s2d1,Erythroblast
TTGCATTTCAATCTCT-4-s2d1,CD16+ Mono
GCATTAGGTTAGTACG-4-s2d1,Normoblast
TTGAGGCGTGAGACTC-4-s2d1,G/M prog
TTGGCTACAGCCAGAA-4-s2d1,CD14+ Mono
GCCTTTATCATTGACA-4-s2d1,Erythroblast
TATGTGATCATGGCCA-4-s2d1,CD14+ Mono
TTAATCGAGGACGTAA-4-s2d1,CD14+ Mono
CTAATAGTCGATTCTT-4-s2d1,cDC2
ATGTCCACAGGATTAA-4-s2d1,HSC
TTGGCGGGTTGTGACA-4-s2d1,G/M prog
GAGTTTGGTGATGATT-4-s2d1,CD14+ Mono
TGCTAGCCAAGCTACC-4-s2d1,Erythroblast
AGCAAGGGTGTTGCTT-4-s2d1,CD16+ Mono
CATCAATCATGAGTTT-4-s2d1,CD14+ Mono
CGAGTCGGTCCTAAGA-4-s2d1,CD14+ Mono
CATGGCGGTTAGCGTA-4-s2d1,Erythroblast
ATGTCCACATTAAAGG-4-s2d1,Normoblast
AACTGTTCATGACTAT-4-s2d1,CD16+ Mono
TTCATTCAGTTTCCGC-4-s2d1,CD14+ Mono
TATGTGATCCTAGTCC-4-s2d1,CD14+ Mono
GTCGCAATCAGTGAAG-4-s2d1,Normoblast
AAGCTCCCAAACATAG-4-s2d1,CD14+ Mono
CTCCTCACACTAAGCC-4-s2d1,CD14+ Mono
GAGGTACAGCAAGATG-4-s2d1,CD14+ Mono
CTCACAACAATGCCCG-4-s2d1,Erythroblast
ATTCCGGAGCATTAGC-4-s2d1,CD14+ Mono
GTCCGTAAGGAGGTTA-4-s2d1,pDC
CAATAGCTCATCCACC-4-s2d1,CD14+ Mono
TAATCCGCAAGGGTTG-4-s2d1,Normoblast
CTAGTAATCCGCAAGC-4-s2d1,CD14+ Mono
GTCGCAATCGGTTTGG-4-s2d1,CD16+ Mono
CCTGGTAAGGGCTAAA-4-s2d1,Erythroblast
TACAATGTCTTTGTAC-4-s2d1,CD14+ Mono
CCTTCGTAGGTCATTA-4-s2d1,pDC
ACTAACCAGTGAGGTA-4-s2d1,CD14+ Mono
AATCAGGAGACTATTG-4-s2d1,Erythroblast
CAATCTAAGGCTGTCA-4-s2d1,Erythroblast
CCTATAGCACCTCGCT-4-s2d1,Normoblast
AGGTTAGAGGCAATAG-4-s2d1,CD14+ Mono
CCTTTAGTCCGTTAAA-4-s2d1,CD14+ Mono
TCTAAGGGTTCGCTTG-4-s2d1,CD14+ Mono
ATGAAGTAGTGTTGTA-4-s2d1,Normoblast
GATTGCAGTTAGCTGA-4-s2d1,CD14+ Mono
CTGCAATAGGTAAGGC-4-s2d1,CD14+ Mono
CGGAATCGTTAGCCAA-4-s2d1,CD14+ Mono
GCTCTGGCATCCTGAA-4-s2d1,CD14+ Mono
CTTGACGAGTTGTCTT-4-s2d1,CD14+ Mono
AGTAACACATTGGGAG-4-s2d1,CD14+ Mono
GCATCCTTCTCAATGA-4-s2d1,CD14+ Mono
AGCTAGTTCGACAAAG-4-s2d1,CD14+ Mono
GTGCTCAAGCGCATTG-4-s2d1,CD14+ Mono
GCACTTACAACCTGGT-4-s2d1,CD14+ Mono
TGGCTATAGGGCCACT-4-s2d1,G/M prog
GGGTCACTCCTAATGA-4-s2d1,Erythroblast
GAGCTGCTCGCACAAT-4-s2d1,pDC
GAGGTGAGTGTCCAGG-4-s2d1,CD16+ Mono
GCAATGTTCGGTCAGC-4-s2d1,CD14+ Mono
GTGCTGATCCGCTAGA-4-s2d1,CD14+ Mono
TAAGGCTTCCACAATA-4-s2d1,CD14+ Mono
GTTTCAGCATCCCTCA-4-s2d1,pDC
TATGGTCAGGGCCATC-4-s2d1,CD14+ Mono
AGGATGTCAAACTCAT-4-s2d1,CD16+ Mono
ATACCTGCATGCAACC-4-s2d1,CD16+ Mono
GCTAAGCGTCAATAGT-4-s2d1,CD14+ Mono
CCTCAAACAGGTTATT-4-s2d1,CD14+ Mono
CTCGTTATCTGTAAGC-4-s2d1,CD14+ Mono
GACGTAAAGCAACATC-4-s2d1,CD14+ Mono
CATCCTCAGGATCCGC-4-s2d1,Erythroblast
TGGCGGTTCCTTAATC-4-s2d1,CD14+ Mono
CACTGACCAGGAATCG-4-s2d1,Proerythroblast
CATAATCCAGAGGCTA-4-s2d1,CD14+ Mono
ATCAATCCACCAGCAT-4-s2d1,CD14+ Mono
ATGATGACATAAGTCT-4-s2d1,CD14+ Mono
GAACCAAAGGCGCTAC-4-s2d1,Erythroblast
CAATAGCTCCCTCATA-4-s2d1,CD14+ Mono
CTCGCTCCAGGATAAC-4-s2d1,Erythroblast
CTGCAATAGGAAGCTA-4-s2d1,Erythroblast
TAATTGCCACCTAAGC-4-s2d1,Erythroblast
AGCTACGTCTCCTCAA-4-s2d1,HSC
TCTAGCCTCTATGACA-4-s2d1,CD14+ Mono
TAGCGGACACATGCTA-4-s2d1,CD14+ Mono
CGTGGTTCACCGGCTA-4-s2d1,CD14+ Mono
CTACTAAAGAACCTAC-4-s2d1,CD14+ Mono
CGATGTCCATCCTGAA-4-s2d1,Normoblast
ATGCAGGCAGGTCCTG-4-s2d1,Erythroblast
CTTGAACAGGTTACAC-4-s2d1,CD16+ Mono
TTTGCGGAGAGAGGCT-4-s2d1,CD14+ Mono
AGAGGATGTGTTGCAA-4-s2d1,CD14+ Mono
ACGGTACGTCACACCC-4-s2d1,CD14+ Mono
AGCGGATAGGTCGATT-4-s2d1,CD14+ Mono
GCTTTATTCTGCAAAC-4-s2d1,CD14+ Mono
CAGGACCTCCCGAAGC-4-s2d1,CD14+ Mono
CGAGCGAAGGTTTACA-4-s2d1,CD14+ Mono
GCTCATTGTAAGCTCA-4-s2d1,CD14+ Mono
TTACAGCAGCGATAGA-4-s2d1,Erythroblast
AAAGGCTCAGCAACAG-4-s2d1,CD14+ Mono
GAACGAATCAAACTCA-4-s2d1,CD14+ Mono
ACCTGGTCACCTCACC-4-s2d1,CD14+ Mono
CTTCATCCAACTAGAA-4-s2d1,G/M prog
ATGGCTGTCATCCACC-4-s2d1,HSC
TCTACCTCAGGCGATA-4-s2d1,CD14+ Mono
ATTGTCCGTGACCTGG-4-s2d1,CD14+ Mono
ACTAACCAGCACAGGG-4-s2d1,CD14+ Mono
ATAGCATGTAGGATCC-4-s2d1,CD16+ Mono
GCTAACAGTAACCACA-4-s2d1,Proerythroblast
GAAAGGCTCTTGTCCA-4-s2d1,CD14+ Mono
GTGCATTAGTTTGGTA-4-s2d1,CD14+ Mono
GTTCGCTTCATGGCTG-4-s2d1,CD14+ Mono
TGCGCGAGTATTTGGG-4-s2d1,Normoblast
AGTCAAGAGGTCCTAG-4-s2d1,CD14+ Mono
ATGAGCCGTTAATCGG-4-s2d1,Erythroblast
CCGTTTGGTTCGGTAA-4-s2d1,MK/E prog
TACTAAGTCGATCAGT-4-s2d1,CD16+ Mono
GTAGCTGTCTCCTCTT-4-s2d1,CD14+ Mono
AAACGCGCACAAAGAC-4-s2d1,Erythroblast
CCACATTGTGCTGTAA-4-s2d1,Normoblast
TTGGGCGGTTCGGGAT-4-s2d1,CD14+ Mono
ACCACATAGTTAGAGG-4-s2d1,CD14+ Mono
TTTAACGAGTGTTGCG-4-s2d1,Erythroblast
GCTAGTGTCGCAAACT-4-s2d1,CD16+ Mono
GTTACAGGTACCGTTT-4-s2d1,CD16+ Mono
TAGCTTAAGCGATACT-4-s2d1,Erythroblast
AAACATGCATAGCTGC-4-s2d1,Erythroblast
TGAGGTGCATCCCTCA-4-s2d1,CD14+ Mono
CATTGCGAGGCAGGTG-4-s2d1,Erythroblast
AGCAAATAGCTTAGCG-4-s2d1,Normoblast
GGCCAACTCATCACTT-4-s2d1,Proerythroblast
TGGGCCTAGCTGTACG-4-s2d1,Erythroblast
GGTGTTGTCCTCCTAA-4-s2d1,CD14+ Mono
CGGACAACAAATGCCC-4-s2d1,Erythroblast
CGCTCCATCTCACATT-4-s2d1,CD14+ Mono
TTACCTGTCGGTTACG-4-s2d1,CD14+ Mono
GAGTAATAGCGCCTAA-4-s2d1,CD14+ Mono
CTTCTAAGTGTAACCA-4-s2d1,G/M prog
GTGAATCTCGGCCAGT-4-s2d1,CD14+ Mono
TAACCAGGTATTGGTG-4-s2d1,CD14+ Mono
AATGAAGGTTCCAGGG-4-s2d1,Normoblast
GCAGGATAGCGGATAA-4-s2d1,CD14+ Mono
CACTAGCCAGGTATTT-4-s2d1,CD14+ Mono
TGCATCCTCATTAGTG-4-s2d1,Normoblast
ACGCCACAGACTAAGG-4-s2d1,CD14+ Mono
TACGGATTCCGGAACC-4-s2d1,CD14+ Mono
CGACAAGCAGGCATCT-4-s2d1,CD14+ Mono
AATTACCCAACTAGAA-4-s2d1,pDC
GGGATTAAGATGGAGC-4-s2d1,CD14+ Mono
CCCTTAATCACAGCGC-4-s2d1,CD14+ Mono
CAATGAACACTTCACT-4-s2d1,CD14+ Mono
AATGCAACATCGCTTT-4-s2d1,CD14+ Mono
GATGCATTCCAGGTCA-4-s2d1,Erythroblast
TATAACCCATGAATAG-4-s2d1,CD14+ Mono
CAGGGTGAGTCAATCA-4-s2d1,HSC
CGGATTAGTCAAAGGG-4-s2d1,CD14+ Mono
CGGTTGGGTCACAGAC-4-s2d1,CD14+ Mono
ACTTAGTCAATCGCAC-4-s2d1,CD14+ Mono
AGCATTTCACAATGCC-4-s2d1,Erythroblast
TTTCGTCCATTGGGAG-4-s2d1,CD14+ Mono
ATTGCGCCAGGACCAA-4-s2d1,Normoblast
GTCAGGCTCATGCGTG-4-s2d1,Erythroblast
TGCATCCTCATTAGCA-4-s2d1,Erythroblast
AGCTTAATCACTAATG-4-s2d1,CD14+ Mono
TTGTTGTTCTTAAGTG-4-s2d1,CD14+ Mono
CTTTGTCCAATAGTCT-4-s2d1,Normoblast
TTGCGTCTCCTGGTCT-4-s2d1,CD14+ Mono
GGTCATTAGATGGACA-4-s2d1,CD16+ Mono
TAACCAGGTAATCGTG-4-s2d1,Erythroblast
GATGACTTCTTGACCC-4-s2d1,Erythroblast
CTGTAACAGGAGCACG-4-s2d1,Erythroblast
GCGTGCTAGGAGGTTA-4-s2d1,CD14+ Mono
AGGCAGGTCTCCATAT-4-s2d1,G/M prog
TTGGGTTAGTGAACAG-4-s2d1,Erythroblast
GCCCATAAGGAATAAC-4-s2d1,CD16+ Mono
AATGCAACATAATCCG-4-s2d1,CD16+ Mono
ACAGGTAAGGATGATG-4-s2d1,CD14+ Mono
GTATGTGGTGGATTAT-4-s2d1,CD14+ Mono
GAGCAAGGTTAGGTGC-4-s2d1,CD14+ Mono
GGCTGAGAGCGATAGA-4-s2d1,CD14+ Mono
CCTACTGGTATTGGAT-4-s2d1,CD16+ Mono
GCTTACCTCCCGCCTA-4-s2d1,CD14+ Mono
AATAGAGGTTACCGGG-4-s2d1,Erythroblast
CGAATATGTTTACGTC-4-s2d1,CD14+ Mono
AGTGAACCAGCAAGTG-4-s2d1,MK/E prog
TGAAGCAAGCCACATG-4-s2d1,G/M prog
CGAGCGAAGCTAATCA-4-s2d1,Normoblast
ATCACACAGTAGCCAT-4-s2d1,MK/E prog
TTCGTGCTCTGGTCCT-4-s2d1,CD14+ Mono
GACCTCAAGCTCCTAC-4-s2d1,Normoblast
CGACCTGCAAGGACCA-4-s2d1,Erythroblast
CTCGACAAGGGACCTC-4-s2d1,CD14+ Mono
GCTTTACGTACCGAAC-4-s2d1,CD14+ Mono
TAGCCTGAGGCTGTCA-4-s2d1,CD14+ Mono
AGCCGGTTCGACCTGA-4-s2d1,HSC
TGCATCCTCCGTCCAT-4-s2d1,CD14+ Mono
TGCGATTAGCTCATAA-4-s2d1,Proerythroblast
TATGAAGCAACTAGCC-4-s2d1,CD14+ Mono
ACTAACGGTTTCGCCA-4-s2d1,CD16+ Mono
TAAGTGCTCATGCTCC-4-s2d1,Erythroblast
CCTTCAATCAAGACTC-4-s2d1,CD14+ Mono
GCCTTAACAGCCAGAA-4-s2d1,G/M prog
CAGCCTAAGCTCCTTA-4-s2d1,CD14+ Mono
GGGTCACTCCTTGCAC-4-s2d1,CD14+ Mono
TTGACTAAGTTTGAGC-4-s2d1,Erythroblast
TCGATTAAGGGCTTAT-4-s2d1,Erythroblast
CAATGTCAGGTCAAAG-4-s2d1,CD14+ Mono
AGCGCCTAGCGATAGA-4-s2d1,Erythroblast
TCACTGACATTGTGAT-4-s2d1,HSC
ACTAATCCATCTTGAG-4-s2d1,CD16+ Mono
TTGCTTAGTGAGACTC-4-s2d1,Erythroblast
GGATTATGTTAGCTGA-4-s2d1,Erythroblast
AGCCTAAGTCAATACG-4-s2d1,CD14+ Mono
CTTGCTCAGCGGATAA-4-s2d1,CD14+ Mono
CGTCAATAGCTTAGTA-4-s2d1,HSC
CCCTTAATCCAAACAC-4-s2d1,CD14+ Mono
GAGCGGTCATTGTTGG-4-s2d1,CD14+ Mono
CAGCATTAGGGCTAAA-4-s2d1,CD14+ Mono
GGGTTTCCATCCAGGT-4-s2d1,CD16+ Mono
TCGATTAAGTGAGGGT-4-s2d1,CD14+ Mono
CTTAGTTTCCTAACGG-4-s2d1,CD14+ Mono
CTGGTTACAGCATTAT-4-s2d1,CD14+ Mono
GTCTTTGTCAATAGCC-4-s2d1,CD14+ Mono
AAGCTTGGTTTATCTG-4-s2d1,Erythroblast
CGCCAAATCCTTCTAG-4-s2d1,CD16+ Mono
GTCTAACAGGTTACAC-4-s2d1,CD16+ Mono
CTATGAGGTATACTGG-4-s2d1,CD14+ Mono
CGTAGTTAGCACAGCC-4-s2d1,CD14+ Mono
TCCCGTTAGTAACTCA-4-s2d1,CD14+ Mono
TATGAAGCAAACATAG-4-s2d1,Erythroblast
CCTAATAAGAAACTGG-4-s2d1,CD16+ Mono
CTGTGTGAGCTATTGA-4-s2d1,CD14+ Mono
TATCCGGAGGCTATGT-4-s2d1,Erythroblast
TACTGACAGCACTAAC-4-s2d1,Normoblast
TTCACTGTCTAGCGAT-4-s2d1,Erythroblast
CTACTAAAGGAACGCG-4-s2d1,CD14+ Mono
CCCAAACCAAGTCGCT-4-s2d1,CD14+ Mono
ACCAGGACAAATACCT-4-s2d1,Erythroblast
GGTGTGACAGATAGAC-4-s2d1,cDC2
GAAACCCGTGATGATT-4-s2d1,HSC
GTTTGCTGTTGTAACG-4-s2d1,Erythroblast
TGCACTTGTTGTTGCT-4-s2d1,CD14+ Mono
GAAGCCTGTGGTTCTT-4-s2d1,CD14+ Mono
CATCCCAGTTATCCGT-4-s2d1,CD14+ Mono
CGGAGCAAGCTATTGA-4-s2d1,G/M prog
CCTGAGTCACCATATG-4-s2d1,CD14+ Mono
ATAAGTCGTCTTACTA-4-s2d1,CD16+ Mono
AGAGAAGCACTGACCG-4-s2d1,CD14+ Mono
CGGTGAGAGGGCTAAA-4-s2d1,CD14+ Mono
ATGACAACACCCACCT-4-s2d1,CD14+ Mono
GGAAGTATCTTGTTCG-4-s2d1,Erythroblast
CATGCATAGGTGTCCA-4-s2d1,CD14+ Mono
CCATAAATCCGGTATG-4-s2d1,CD14+ Mono
CTTGAATCAAGATTCT-4-s2d1,CD14+ Mono
GATCGCTCAATAATCC-4-s2d1,CD14+ Mono
CGTAGTTAGGCTAAGA-4-s2d1,Erythroblast
GCAAACCGTACTGAAT-4-s2d1,CD14+ Mono
GGAGCAAGTCATAACG-4-s2d1,CD14+ Mono
TTGGGCCAGCTATGAC-4-s2d1,Erythroblast
GGACATAAGTTAACCA-4-s2d1,CD14+ Mono
GTTGCCCGTGATTACG-4-s2d1,CD14+ Mono
TTCATCCCAAAGCCTC-4-s2d1,CD14+ Mono
GATCCGTCATGAATAG-4-s2d1,G/M prog
TTGGATCAGACTAAGG-4-s2d1,HSC
TTGCTTAGTATTCGCT-4-s2d1,CD14+ Mono
TTTAACGAGTATCGCG-4-s2d1,CD14+ Mono
GCGATATTCGGTTACG-4-s2d1,HSC
AGTTTGATCTCCTCAA-4-s2d1,CD16+ Mono
CTCACAACACACTAAT-4-s2d1,CD14+ Mono
TCACCTGGTTGTTGCT-4-s2d1,Erythroblast
TGTGCTGAGTCACTCC-4-s2d1,Erythroblast
AAGAATCAGGGTGGAT-4-s2d1,G/M prog
GGGTCACTCTACTAAG-4-s2d1,CD14+ Mono
AGACCCGGTTCTTTAG-4-s2d1,Normoblast
CCCGTTGTCTTGCATT-4-s2d1,cDC2
CTATGTTTCTATTGTC-4-s2d1,CD14+ Mono
GACCTAGTCTTAGGGT-4-s2d1,CD14+ Mono
CATTCCTCAATTAAGG-4-s2d1,Erythroblast
GGCCTTAAGTTATCCT-4-s2d1,CD14+ Mono
GCTAAGTTCACCGGTA-4-s2d1,CD14+ Mono
CCTAAGTAGCGAAGTA-4-s2d1,CD16+ Mono
TAATCCGCAACTCGCG-4-s2d1,Erythroblast
CTGTGTGAGCTATGAC-4-s2d1,CD14+ Mono
AAGCTTGGTCCTCCAA-4-s2d1,CD14+ Mono
TACGCTTGTGCTAGAC-4-s2d1,CD14+ Mono
TTAGGCTAGGTCTTGG-4-s2d1,cDC2
TAACCGGTCTGTGCCT-4-s2d1,Proerythroblast
AAGTGCAAGTAAGAAC-4-s2d1,CD14+ Mono
GTTACGTAGCATGCAT-4-s2d1,CD14+ Mono
CCATCATGTCATAACG-4-s2d1,Normoblast
CCCAGCACAGAGGCTA-4-s2d1,CD14+ Mono
GCGAAGCCATAAACCT-4-s2d1,Proerythroblast
TGTGATCAGGCATGTT-4-s2d1,MK/E prog
TCTAGCACAGCACCAT-4-s2d1,HSC
TATAACCCATGGCCTG-4-s2d1,CD14+ Mono
GCCAGGTTCATTGTTC-4-s2d1,Erythroblast
TAGCCTGAGTAAGTCC-4-s2d1,CD16+ Mono
TAATGGTGTTGTTGTC-4-s2d1,CD14+ Mono
CTTAAGATCATCGTTT-4-s2d1,Erythroblast
CTCACAACAAGCCACT-4-s2d1,CD14+ Mono
TAGCTAATCATTGACA-4-s2d1,Proerythroblast
TTGTAAGTCATCCTAT-4-s2d1,CD14+ Mono
ACCTTGCTCCGTAAAC-4-s2d1,Normoblast
TTTCACCCAGCATGGA-4-s2d1,G/M prog
GCCTTGCGTAATGGAA-4-s2d1,CD14+ Mono
CCTGGATCATGTTGCA-4-s2d1,CD14+ Mono
GATGACTTCCTGGCTT-4-s2d1,CD14+ Mono
ATGTTGTCATGTTTGG-4-s2d1,Erythroblast
TAGGCTAGTTATCCGT-4-s2d1,CD14+ Mono
GTTTAACCAATAATGG-4-s2d1,CD16+ Mono
TAGTGTGGTACTGAAT-4-s2d1,Proerythroblast
GATTGCGTCTTCAATC-4-s2d1,CD14+ Mono
GTGATCAGTTATGTGG-4-s2d1,CD16+ Mono
ACCACACCATGAATAG-4-s2d1,CD14+ Mono
TGTCATAAGGTGAAAT-4-s2d1,CD14+ Mono
AACGACAAGTATTGTG-4-s2d1,CD14+ Mono
GCCTGAGGTTCTTTAG-4-s2d1,CD14+ Mono
GGCATTGTCATAACTG-4-s2d1,CD14+ Mono
CTTGACGAGTCAATTG-4-s2d1,CD14+ Mono
TGTGGAGCATTGTGAT-4-s2d1,CD14+ Mono
CGTCAATAGGACTAAG-4-s2d1,G/M prog
AGCCTCCGTCCTAAGA-4-s2d1,CD14+ Mono
GATTCAGGTATACTGG-4-s2d1,CD14+ Mono
AACTAGCTCCACCCTG-4-s2d1,Erythroblast
GAAGCTAAGAAAGGAA-4-s2d1,CD14+ Mono
CATGCATAGAGGATAT-4-s2d1,CD14+ Mono
TGGCTAAGTAGGTTAT-4-s2d1,CD14+ Mono
ATACCGGTCCTCCTAA-4-s2d1,HSC
AATAGCTGTCGCAAAC-4-s2d1,CD14+ Mono
AATCCGTAGCCGGTAC-4-s2d1,CD14+ Mono
CGAACCGGTTTCCGGC-4-s2d1,CD14+ Mono
GTTTAACCATAAGCAA-4-s2d1,CD14+ Mono
TTGGATTCAGTCTATG-4-s2d1,CD14+ Mono
CTTGCTCAGACTATTG-4-s2d1,Normoblast
TATGCATCAATGAATG-4-s2d1,Normoblast
ATACCGGTCCTAAGAC-4-s2d1,pDC
CCGCTTAGTGGTGAGA-4-s2d1,CD14+ Mono
ATGTTCAAGGACACTT-4-s2d1,CD14+ Mono
CGTAATGGTCAGGCCA-4-s2d1,CD14+ Mono
GCTCTGGCAGGCTAAG-4-s2d1,CD14+ Mono
TGATCACAGACAACAG-4-s2d1,Erythroblast
AAGGATGTCCTTAAGA-4-s2d1,Erythroblast
ACATTAGTCGCGCTAA-4-s2d1,CD14+ Mono
ATCAATCCATTCAGCA-4-s2d1,G/M prog
ACCGCAATCTCAATAG-4-s2d1,CD14+ Mono
AGGTCAAAGGACTTAC-4-s2d1,CD14+ Mono
TGCTGGATCCGCAACA-4-s2d1,pDC
CAAGGGAGTAACGTGC-4-s2d1,Erythroblast
TGACTCCTCATTACTC-4-s2d1,cDC2
CATCCTGGTCATTAGG-4-s2d1,CD14+ Mono
CCAGCTGCAATGCCCG-4-s2d1,CD14+ Mono
ACATTAGTCCAGGTCA-4-s2d1,Erythroblast
GATGGCTGTGCTAGCG-4-s2d1,CD14+ Mono
GTTTGTAAGAAAGCAT-4-s2d1,CD16+ Mono
TAGTTTGAGTATTGGC-4-s2d1,CD14+ Mono
CGTCAATAGGTCCGTA-4-s2d1,CD14+ Mono
TAAGCTGGTAGGTTAT-4-s2d1,CD14+ Mono
GATAACGAGTGGACAA-4-s2d1,CD14+ Mono
GTTCTTGTCGGGACCT-4-s2d1,CD14+ Mono
GGCTCAATCTGTTCAT-4-s2d1,CD14+ Mono
TTATAGCCACAGAACG-4-s2d1,CD14+ Mono
ACGATTCAGGCATGAA-4-s2d1,Erythroblast
GAACCTTAGACAAACG-4-s2d1,CD14+ Mono
GGACAGCCAGTCTATG-4-s2d1,Erythroblast
CGAAGCCTCTAATCTC-4-s2d1,Proerythroblast
TGTTGTGCACACAATT-4-s2d1,CD14+ Mono
GTTCCTTCAGATTCAT-4-s2d1,CD16+ Mono
CCTCAAACAACATAAG-4-s2d1,Normoblast
GCCTTAACAAGCCAGA-4-s2d1,Erythroblast
TCGCCCATCTTGTCTG-4-s2d1,pDC
TCGTTATTCTAAGTCA-4-s2d1,Erythroblast
CCGCACACACAGGATG-4-s2d1,CD16+ Mono
TTGGATATCAAGCGCC-4-s2d1,Erythroblast
GGTCAATTCTCGCCTG-4-s2d1,CD14+ Mono
CAGCTATAGAGGAGGA-4-s2d1,Erythroblast
CGAATCTAGCATTTCT-4-s2d1,CD14+ Mono
GCTAACCCACTAAGTT-4-s2d1,CD14+ Mono
GATTCGCCACAACCTA-4-s2d1,CD16+ Mono
TCGGTTCTCGTTTCTG-4-s2d1,CD14+ Mono
GCTTAAATCGCCTAAG-4-s2d1,Erythroblast
GCCAATTAGCATGACT-4-s2d1,CD14+ Mono
TGTTGTGCAAAGCGGC-4-s2d1,CD16+ Mono
AGGTGAGGTTAGCATG-4-s2d1,CD16+ Mono
TTGCAGCCAAACCCTA-4-s2d1,Erythroblast
GTTAACGGTACAAAGA-4-s2d1,Erythroblast
GAGCAAGGTTGTCATC-4-s2d1,CD14+ Mono
TTGCAAGGTTTACGTC-4-s2d1,Erythroblast
GCCACTAAGCAAACCT-4-s2d1,MK/E prog
CCGCCAACACTCAACA-4-s2d1,CD14+ Mono
CGTGACATCCCTCAAC-4-s2d1,Erythroblast
GGATGTAAGTCATCCC-4-s2d1,Normoblast
CTTTCTTGTCCGGTTC-4-s2d1,CD14+ Mono
AAAGCCGCACAACCTA-4-s2d1,HSC
GTATTGATCAATTACG-4-s2d1,CD16+ Mono
CTCAGGATCGAGCTAT-4-s2d1,CD14+ Mono
GGATGGCCAAGCTTAT-4-s2d1,CD14+ Mono
CGACTAAGTCATTGTC-4-s2d1,CD14+ Mono
CACCGGTAGGGACTAA-4-s2d1,Erythroblast
ACTGAATGTGGATTCA-4-s2d1,CD16+ Mono
CAACCCGCAATCCTAG-4-s2d1,G/M prog
TGTGCGCAGGAGGACT-4-s2d1,CD14+ Mono
TTGCAACAGTTTGAGC-4-s2d1,CD14+ Mono
AATGCGCGTCAGGAAG-4-s2d1,Erythroblast
GTCGGTTCAAAGCGGC-4-s2d1,CD14+ Mono
CTTCGCGTCTGCAACG-4-s2d1,CD14+ Mono
CCTTCGGTCAAGTGTC-4-s2d1,CD14+ Mono
TCTCCTCGTTATCCTA-4-s2d1,CD14+ Mono
GCTCTGGCATTGCGTA-4-s2d1,CD14+ Mono
ACTTTGTTCGTACCGA-4-s2d1,CD16+ Mono
GTAAGCAAGCGGGCAA-4-s2d1,Erythroblast
ATTGTCCGTCCGTGAG-4-s2d1,CD14+ Mono
TTGTCCATCGCCTGTT-4-s2d1,CD14+ Mono
TAGCGGCTCCCGCAAA-4-s2d1,Erythroblast
GAAGGCTAGTTGTCTT-4-s2d1,CD14+ Mono
AAGCTTGGTGTGAGAG-4-s2d1,CD14+ Mono
CCGCACACACCAGGTT-4-s2d1,CD16+ Mono
TTTCTTGCAAGCTTAT-4-s2d1,CD14+ Mono
GATTACGGTAATAACC-4-s2d1,CD14+ Mono
TGATCACAGGGCTTTG-4-s2d1,CD14+ Mono
TAGCAGGCATCCATCT-4-s2d1,CD14+ Mono
ATCCTTAGTGGTTATG-4-s2d1,CD14+ Mono
TGCTAGCCAGCTCAAC-4-s2d1,CD14+ Mono
ATATGCATCTAAGGAG-4-s2d1,Normoblast
CTGTACCTCTTACTCG-4-s2d1,CD16+ Mono
TCAAGAACACCAAAGG-4-s2d1,CD14+ Mono
CTGTAACAGCCACATG-4-s2d1,CD14+ Mono
TAGCGCGGTAAGCTTG-4-s2d1,CD14+ Mono
GACCTGCAGCACTAAC-4-s2d1,CD14+ Mono
CACTAAGGTTTAACGG-4-s2d1,CD16+ Mono
TGCGCGAGTGAAGCCT-4-s2d1,Proerythroblast
CACTAGCCAGTAAAGC-4-s2d1,CD16+ Mono
GAGCGGTCATGGCCTG-4-s2d1,CD14+ Mono
CGAGGCAAGGCTAGAA-4-s2d1,Erythroblast
CTCATGCTCGTAACGT-4-s2d1,Proerythroblast
AAGCCTGTCCTCCTAA-4-s2d1,Erythroblast
CGATATTCATCATGGC-4-s2d1,CD16+ Mono
TAAACAGCATAGCAGG-4-s2d1,CD14+ Mono
GGCTGTCAGCGCATTG-4-s2d1,CD14+ Mono
AGCAACAAGCCTGAGC-4-s2d1,Proerythroblast
AGCAATTGTAACGTGC-4-s2d1,CD14+ Mono
CTGCAATAGTATTGGC-4-s2d1,CD14+ Mono
ACTTACAAGCTTAGTA-4-s2d1,Erythroblast
CACCGGTAGGCGCACT-4-s2d1,CD14+ Mono
GTTGGCGGTTGACTTC-4-s2d1,CD14+ Mono
AAAGCTTGTAATCGGC-4-s2d1,CD16+ Mono
GCAATGTTCGCAACAT-4-s2d1,CD14+ Mono
CTGGTTTGTCCTAACT-4-s2d1,CD14+ Mono
TCTCAATTCCGTCCAT-4-s2d1,MK/E prog
TGTTCATTCATTACAG-4-s2d1,MK/E prog
AGCATTTCATAATCGT-4-s2d1,CD14+ Mono
TTGGAGGCAGTTTACG-4-s2d1,CD14+ Mono
CGGTGAGAGTCACGAT-4-s2d1,CD14+ Mono
GCCCAAATCACTCAAA-4-s2d1,CD14+ Mono
GGAAACTCAGCTTACA-4-s2d1,CD14+ Mono
GCGTGCTAGAGAGGCT-4-s2d1,CD14+ Mono
CGCTTAACATTAAACC-4-s2d1,CD16+ Mono
GGATGGCCACGAATCC-4-s2d1,CD16+ Mono
CCCAAACCACATTGCA-4-s2d1,Normoblast
TGGGCATGTAAATTGC-4-s2d1,HSC
TTGTGAGGTATTCGCT-4-s2d1,CD16+ Mono
GTGCAAGCAGGCTACT-4-s2d1,Proerythroblast
TCAGGTCCAGTTAGCC-4-s2d1,CD14+ Mono
ATTAGCGGTTGTTGCT-4-s2d1,cDC2
CCCTTAATCCCGAAGC-4-s2d1,CD14+ Mono
GCTCGATCAGGAATCG-4-s2d1,CD14+ Mono
GGATACTTCATAGACC-4-s2d1,Erythroblast
CTTAAGGGTTAATGCG-4-s2d1,CD14+ Mono
CAGGGTGAGGCAGGTG-4-s2d1,CD16+ Mono
GCAATGTTCTATCGCC-4-s2d1,Erythroblast
CCTGTAACACATGCTA-4-s2d1,CD14+ Mono
GGTCAATTCGGTCAGC-4-s2d1,CD14+ Mono
TGACTTCGTGTGCACG-4-s2d1,CD14+ Mono
GTGCGCAGTGTGTGGT-4-s2d1,G/M prog
CTTACCGGTTTATCGC-4-s2d1,pDC
GAGTAATAGGCATGAA-4-s2d1,CD14+ Mono
AATTTGGTCCTTTACG-4-s2d1,CD14+ Mono
TAATGGTGTTAGCGTA-s2d4,pDC
GCCTTAACAAACCTAT-s2d4,Normoblast
TCTCACCAGGCGCTTA-s2d4,Erythroblast
ACTTATGAGTGTTGTA-s2d4,CD14+ Mono
GGTAAACCAGGCTTGT-s2d4,Normoblast
TTAGTCAAGGCATGTT-s2d4,Normoblast
AGGTAACCAGTAGGAT-s2d4,pDC
CAATCCTGTGTAACCA-s2d4,Erythroblast
TCTAGCCTCGCTATGG-s2d4,Erythroblast
GGCTGAGAGAATCTCA-s2d4,CD14+ Mono
AGGTGAGGTCCGTAGG-s2d4,CD14+ Mono
GATTGCAGTTCCTGAT-s2d4,Normoblast
GGCCTTAAGGAGCACG-s2d4,CD14+ Mono
GTTAGGCGTAGTTAAC-s2d4,HSC
CCTACTGGTCTTTGAC-s2d4,Erythroblast
ACAACAGAGGACTTAC-s2d4,CD14+ Mono
AGAGAAGCAGCAACCT-s2d4,CD16+ Mono
AACCTTGCAGTAATAG-s2d4,Proerythroblast
AGTGTGGCAGGAATCG-s2d4,Erythroblast
GCCTGACAGCTTTGTT-s2d4,CD14+ Mono
CGAAGCCTCACGCATG-s2d4,CD14+ Mono
CGGCTAATCCGCCTCA-s2d4,Erythroblast
GGTTATGGTCCTTAGT-s2d4,CD14+ Mono
AAACATGCAGGGAGCT-s2d4,Normoblast
GAACCAGCATAAGTCT-s2d4,Erythroblast
ATGACCAGTCACAGAC-s2d4,CD14+ Mono
GCAGGTGAGAAGGTGC-s2d4,CD14+ Mono
GTAGCGCTCAGGTTTA-s2d4,CD16+ Mono
TTTACGCGTACCGAAC-s2d4,Normoblast
AACTGTTCACTAGGTC-s2d4,G/M prog
TAATTGCCAGCTTAAT-s2d4,pDC
ATGATGGAGGGCTTTG-s2d4,Erythroblast
CACATTAAGCCGCAAC-s2d4,Proerythroblast
GCGAAGCCAACTAACT-s2d4,CD14+ Mono
CGGTGAACATGGCCCA-s2d4,Erythroblast
GCCTGTGCAGTTTCTC-s2d4,MK/E prog
CAGCCAATCCAGCACA-s2d4,cDC2
ACAGGCTGTTTAACCC-s2d4,CD14+ Mono
TTTGTGTTCATAATCG-s2d4,Proerythroblast
TCTAGCGAGCGCTCAA-s2d4,Normoblast
AAGCAAGTCGGGACCT-s2d4,Erythroblast
GATTCATCATCCCTCA-s2d4,Erythroblast
ACGAATCTCACAGGAA-s2d4,MK/E prog
CTGCAATAGTCTTGAA-s2d4,CD14+ Mono
GCCTATTGTAAGCTCA-s2d4,Erythroblast
CGAGTCGGTTAACAGT-s2d4,Normoblast
GTTGGCGGTAAGGTCC-s2d4,CD14+ Mono
CCTTAACGTACTTAGG-s2d4,MK/E prog
GCGCTAGGTTGAGGTC-s2d4,CD14+ Mono
CCAACATAGATACTTG-s2d4,CD14+ Mono
CAACTAATCATGGCTG-s2d4,CD14+ Mono
AAATGCCTCTTTAAGG-s2d4,Erythroblast
TAGGCTAGTCACCTAT-s2d4,Erythroblast
GGTGCTGGTGATCATG-s2d4,Normoblast
TTGCATTTCATTGTCT-s2d4,Erythroblast
AATGCATGTAGCTGGT-s2d4,CD14+ Mono
AGCGGACCACTGGCCA-s2d4,pDC
AGCTACTAGCCGCTAA-s2d4,Erythroblast
AGGCAGGTCTTAGGGT-s2d4,Normoblast
GGAGCATAGGTGAAGC-s2d4,Proerythroblast
TCAAGCTAGGTTACAC-s2d4,CD14+ Mono
GATTAAGCAATAGCCC-s2d4,CD14+ Mono
TTAGCAATCCCGTTGT-s2d4,Erythroblast
CTATAACCAGCTAACC-s2d4,CD14+ Mono
GTTACGTAGTGTGATC-s2d4,CD14+ Mono
GTTACAGGTTAGTTGG-s2d4,Erythroblast
GATGGACAGCCTGTGA-s2d4,CD14+ Mono
ACATCAATCCATTACT-s2d4,HSC
CTTCATCCACCCACAG-s2d4,Erythroblast
TGGGCATGTTGCATCT-s2d4,G/M prog
CGTCCTAGTAGCCTCC-s2d4,Proerythroblast
AATAACCGTCCGCTGT-s2d4,CD14+ Mono
CGTTAGGTCTGTGCCT-s2d4,Normoblast
TAAGGACCATCGTTCT-s2d4,MK/E prog
CGATGTCCATTCCTGT-s2d4,cDC2
TTAGGCGTCTAAGTCA-s2d4,CD16+ Mono
CAAGTATGTTTAGTCC-s2d4,Erythroblast
GGGTATTTCATTAGTG-s2d4,CD16+ Mono
GACTTAGGTTAAGGTT-s2d4,Erythroblast
AAGCCTCCAATGAGGT-s2d4,Erythroblast
GTTCTCATCTTAGGGT-s2d4,Proerythroblast
CTTGTTCCACCTATAG-s2d4,CD16+ Mono
GACATTATCACAGGAA-s2d4,CD14+ Mono
ATATGGTGTTGAGGTC-s2d4,Erythroblast
CCTGGATCAACACTTG-s2d4,CD14+ Mono
GCTATCCTCATGCTCC-s2d4,CD14+ Mono
TCAGCAAGTTTGCTGT-s2d4,HSC
AGAGAGGAGCTGGAAA-s2d4,Normoblast
GGTATTTCATAGCGGA-s2d4,Erythroblast
GCAATCTAGGGCCATC-s2d4,Proerythroblast
AGTCCTGAGTTAGCCG-s2d4,CD14+ Mono
GAGCATGCATGAATCT-s2d4,CD14+ Mono
ATGACAACAGCAACAG-s2d4,CD14+ Mono
ATTGGTTCACGAACAG-s2d4,CD14+ Mono
CGGAATCGTTTGGTTC-s2d4,CD14+ Mono
TGAGTGAAGGTGAAGC-s2d4,Erythroblast
CTTAAGATCCCTCGCA-s2d4,CD14+ Mono
CGAACCGGTGTTTGTC-s2d4,Normoblast
CGGTTGGGTCATTAGG-s2d4,Erythroblast
CTTTGGGAGTTAGTTG-s2d4,CD14+ Mono
CGCACAATCATGTGGT-s2d4,Erythroblast
AGGAGCTAGTGAACAG-s2d4,G/M prog
GGTGTCCAGTCAGGCC-s2d4,Erythroblast
TATGACATCCTCCATA-s2d4,Normoblast
GGTTTCCTCTTTAAGG-s2d4,Erythroblast
ACTAACGGTGCACGCA-s2d4,Erythroblast
GAGCTAGCAGAATGAC-s2d4,Erythroblast
CAATGCCCAGGACCTT-s2d4,CD14+ Mono
TTTCATCAGCACTAAC-s2d4,CD14+ Mono
CTGTATTTCCGTCCAT-s2d4,CD16+ Mono
CGAACCGGTTGGTTCT-s2d4,Erythroblast
GAGTAATAGGTTTACA-s2d4,CD16+ Mono
CCATCATGTCCGGTTC-s2d4,Normoblast
AGGTTACTCCTAAGAC-s2d4,Proerythroblast
TTTGCATTCCAGGGAG-s2d4,Normoblast
GGTACTAGTGCTCCAC-s2d4,Erythroblast
AGCTTTAAGTAACAGG-s2d4,Erythroblast
TGCTTAAAGTTCCTGC-s2d4,Erythroblast
AGCTACGTCCTTGCAC-s2d4,CD14+ Mono
GTCTAGCCACCTAAGC-s2d4,Erythroblast
AACAGCAAGGCCAATT-s2d4,Proerythroblast
CATCATGCACCTAAGC-s2d4,G/M prog
GGACTAAAGGGCCATC-s2d4,Erythroblast
GCTGACATCCGGTATG-s2d4,Erythroblast
AGTGAACCACGCAACT-s2d4,Erythroblast
GGACGAAGTAATTAGC-s2d4,Proerythroblast
ATGTTCAAGGTCCTAG-s2d4,CD14+ Mono
GATTGGCGTTAGGACC-s2d4,Erythroblast
CATCGCTTCACCATTT-s2d4,Erythroblast
TCGTTAAAGGAACCAA-s2d4,Erythroblast
ACGAAGTCATAAGCAA-s2d4,Erythroblast
GTAAGCAAGTCTGGGC-s2d4,CD14+ Mono
CGCTACTTCACAGCGC-s2d4,CD14+ Mono
GGAACCACAGTTAGCC-s2d4,Normoblast
TTAGCGGTCGCTAGTG-s2d4,Proerythroblast
TGGTCATAGACAGGTA-s2d4,MK/E prog
GTGAACAAGCAAGACA-s2d4,G/M prog
CAGGACCTCCGCAAGC-s2d4,Normoblast
CTCAATAAGCAGGCCT-s2d4,CD14+ Mono
CTGGTCAAGAGGAGTC-s2d4,Erythroblast
CTCATTGTCTCACAAA-s2d4,CD14+ Mono
AACCGCTCATAGGCGA-s2d4,CD14+ Mono
GCTGACCAGGTTACAC-s2d4,CD14+ Mono
AGTGTGGCAGGCTTCG-s2d4,Normoblast
CCAGGATGTCACCTAT-s2d4,Erythroblast
AACTCACAGGTGCTGC-s2d4,CD14+ Mono
AATCTTGAGGAGTCGG-s2d4,Proerythroblast
AGGAAACGTAATCGTG-s2d4,Erythroblast
TTAATCGAGTAGCGCC-s2d4,Erythroblast
ATGGTCTAGCAAGGTA-s2d4,Erythroblast
CAAGTAACATTGTCCT-s2d4,Normoblast
CTAATGTCAGTTATCG-s2d4,CD14+ Mono
CTACCGGCAATATGGA-s2d4,CD14+ Mono
TAGCGGACATCGCTTT-s2d4,CD14+ Mono
TCCATTGTCATTAGCA-s2d4,Proerythroblast
GGCCAACTCTGGTCCT-s2d4,Erythroblast
TCCGGAATCTAGCGTG-s2d4,Erythroblast
GCCCGTTGTTCGCTTG-s2d4,Normoblast
GCTCCTTAGTGAGAGC-s2d4,Erythroblast
GTATTCAAGCCATCAG-s2d4,Normoblast
TTATCCGTCGGTTTGG-s2d4,CD14+ Mono
ACCCAGGGTCACACCC-s2d4,Erythroblast
TGATGATGTTACATCC-s2d4,Proerythroblast
GCCTCAAAGCGTGCGT-s2d4,Erythroblast
GTCAATATCCAGGGAG-s2d4,Erythroblast
GGTCTTTGTTAGCTGA-s2d4,Erythroblast
CTTACTAGTGCGCATG-s2d4,Erythroblast
TGGCTATAGTAGCGCC-s2d4,Proerythroblast
TGTAAGTGTGGAAACG-s2d4,CD14+ Mono
CCATCATGTGGCTTCC-s2d4,Erythroblast
ATTACGTCAACTGGCT-s2d4,Proerythroblast
AGGGCTACACAATACT-s2d4,CD14+ Mono
CCTGAATAGTTATGTG-s2d4,Erythroblast
GCTAACAGTAATCACG-s2d4,Erythroblast
CAGCCAATCGACAAAG-s2d4,CD14+ Mono
ACTAACGGTAAGGTTT-s2d4,Erythroblast
GAGCCTTCAGCAATAA-s2d4,Erythroblast
GATCAGTTCCTTTACG-s2d4,Erythroblast
CTAGTTGCAACATAAG-s2d4,Normoblast
GGAACCACAATGCCCG-s2d4,CD14+ Mono
CCACAATAGCCGCAAC-s2d4,CD14+ Mono
ACTTGTAAGTTCCCAC-s2d4,Normoblast
TCAGTAGGTTGTCCAT-s2d4,Proerythroblast
CTTCAGGAGCAAACCT-s2d4,Erythroblast
ATTTGCAAGCACAGAA-s2d4,Erythroblast
GGAGTCTGTTGTTGTC-s2d4,Normoblast
GGCTGTCAGGCTATGT-s2d4,Normoblast
CGCAATCCATACTCCT-s2d4,Erythroblast
GAGTCAAAGTCATTAG-s2d4,Erythroblast
CCTCAAACAGTTAAAG-s2d4,Normoblast
CAGGACACAAAGCTCC-s2d4,CD14+ Mono
TACCGTTGTTCACTGT-s2d4,CD14+ Mono
ACCCAACCAAGCGATG-s2d4,CD14+ Mono
GGTCAGGAGTTTGGGT-s2d4,CD14+ Mono
GTTAGACTCAATGTCA-s2d4,Erythroblast
CTCTCACAGGCTGTGC-s2d4,CD16+ Mono
CGCAATGTCACTTCAT-s2d4,CD14+ Mono
TAGGCTTAGGCCTTAG-s2d4,Normoblast
TTTAACGAGGGTGAGT-s2d4,Erythroblast
TTAGGCGTCATTACGA-s2d4,CD14+ Mono
ATGTGAGAGACAACAG-s2d4,Normoblast
AATGTCATCCAAATCA-s2d4,Erythroblast
GCCTCGACACCTGCTC-s2d4,Erythroblast
GGACCTCAGACAAACG-s2d4,Erythroblast
AGTAACCTCAGCTAAC-s2d4,Erythroblast
GGGTGAAGTTTAGTCC-s2d4,Normoblast
CTCTGTTCATAAACCT-s2d4,Proerythroblast
CTTTATGGTTATCCGT-s2d4,HSC
TTTCGTCCAAACTGTT-s2d4,HSC
AGTAATGCACATAGCC-s2d4,Erythroblast
AAGTAGCCAAAGCTAA-s2d4,Erythroblast
CACGCTAAGCGAGTAA-s2d4,G/M prog
GGCTGGTTCATGGCTG-s2d4,Erythroblast
ACCAGGCTCAGGAACA-s2d4,CD14+ Mono
AGTCAAGAGGCGGATG-s2d4,Erythroblast
CTCCTAATCTAATTGG-s2d4,Erythroblast
ACGGTTAGTCGCAAAC-s2d4,Normoblast
ACACTAGGTTCCGCAC-s2d4,Proerythroblast
TATGACTCAATCGCAC-s2d4,Normoblast
ACCTACCTCGTAATCA-s2d4,Erythroblast
GCAATAGAGCCGGTAC-s2d4,Erythroblast
GCGGTTGGTCTTACTA-s2d4,CD14+ Mono
CTGTTGGAGTCAGTAC-s2d4,Normoblast
CCTTCAGGTTCCTCCT-s2d4,Erythroblast
CTTCGCGTCACATTGA-s2d4,Erythroblast
TTAAGGTGTGCTCACC-s2d4,CD16+ Mono
CATGCATAGCTTGCTC-s2d4,MK/E prog
GGTCTTGAGTGTTGCG-s2d4,Erythroblast
GAGCTTAGTGGCTTCC-s2d4,Erythroblast
TGGTTCTGTTTGCAGA-s2d4,Normoblast
GGGTTTCCATGTCAGC-s2d4,cDC2
AGCGATTTCATAGACC-s2d4,CD14+ Mono
CGCAATAGTACCGGAT-s2d4,Proerythroblast
TTAGGCCCAAACGGGC-s2d4,Normoblast
CTAATAGTCCTAAGGT-s2d4,CD14+ Mono
TTATTGCTCTTGTTCG-s2d4,Proerythroblast
TAAGTGCTCTAGCGTG-s2d4,Erythroblast
GTGCGGTTCCTTCGTA-s2d4,CD14+ Mono
CGGAGTCTCTCCTCTT-s2d4,Proerythroblast
CAAGGTTTCCCTCTAA-s2d4,Erythroblast
TGCGATTAGCCAAATC-s2d4,Erythroblast
ACATTGCAGCATGGTT-s2d4,CD14+ Mono
AACATAGCACCCACCT-s2d4,Proerythroblast
TAAGCTATCCTAGTTT-s2d4,CD14+ Mono
GCATGAAAGTACCGCA-s2d4,Erythroblast
GGATTTATCGTTAAGC-s2d4,pDC
TCTAGCCTCACAAGCT-s2d4,Erythroblast
AGGATATAGCTATTAG-s2d4,CD14+ Mono
TGGTTCCTCCGGTATG-s2d4,Erythroblast
TTAGGCCCATAGACCC-s2d4,CD14+ Mono
CTACAACAGTAACGGA-s2d4,Erythroblast
GCTGCATCAGATAGAC-s2d4,CD14+ Mono
AATGTCCAGAAAGGAA-s2d4,Erythroblast
TAAGCCAGTGCATTAG-s2d4,Normoblast
TGGATTCAGTTTGGGT-s2d4,Proerythroblast
GCCCAAATCAAGGACA-s2d4,Erythroblast
GAGTGAGGTCGCAAAC-s2d4,Normoblast
AAGTGTTGTTGAGGTC-s2d4,CD16+ Mono
GATCGCTCAATAACGA-s2d4,Normoblast
TTAGGCTAGCTTAGTA-s2d4,CD14+ Mono
CGTAATGGTATTCGCT-s2d4,CD14+ Mono
TATGGGCGTTTAGCTC-s2d4,Erythroblast
ACTTCGCTCAGGAAGC-s2d4,Erythroblast
ACAACAGAGTCACTAA-s2d4,Erythroblast
TCGGTTACATAAGTCT-s2d4,Erythroblast
TAGCTAGGTTGTTGGA-s2d4,MK/E prog
TTGCAACAGCCGCTTT-s2d4,Normoblast
CTAGTGAGTGCATTTC-s2d4,Proerythroblast
GGTACAAAGGCTAAGA-s2d4,Erythroblast
CTCTAAGCAGGGAGCT-s2d4,Normoblast
GTCCTAGAGGCCTAAT-s2d4,CD14+ Mono
TGTCCTTCAAGGATTA-s2d4,Erythroblast
ACATTGCAGGTCGATT-s2d4,Normoblast
GTGGACACAGTCTATG-s2d4,pDC
AGTATAGCACGTAATT-s2d4,Erythroblast
AGAACCGCAGCCGCTA-s2d4,Erythroblast
GCGGGTTTCTATGACA-s2d4,Normoblast
CAGGCTGGTTAACGAT-s2d4,Normoblast
AAGCGCTGTATTGTCC-s2d4,CD14+ Mono
TTACGTTTCTAATCTC-s2d4,Erythroblast
TTATTGCTCATGCTTT-s2d4,Erythroblast
AGATGCTTCTGGTCCT-s2d4,Normoblast
TCGCGCACACTAGGTC-s2d4,Erythroblast
TATGACATCGCTCACT-s2d4,Erythroblast
TTGGGTTAGCACTTGG-s2d4,Erythroblast
AAGTCTATCTTGTCTG-s2d4,Erythroblast
CGTTAACAGACTCGCA-s2d4,CD14+ Mono
ATTGCTCGTCACCTAT-s2d4,Erythroblast
TACCGTTGTAGGTTTG-s2d4,G/M prog
AGTAGCTTCCGGTTAG-s2d4,Erythroblast
AAGCGTTTCGCTAGTG-s2d4,Erythroblast
CGCGGATTCTTGAGCG-s2d4,CD14+ Mono
CGGTTTGAGTATGTGC-s2d4,Proerythroblast
GTAAGCGCAATCCCTT-s2d4,G/M prog
GCTTTGTGTTCGGTAA-s2d4,Erythroblast
AAACCGCGTACTGAAT-s2d4,Erythroblast
GCTAAGCGTTCGCTCA-s2d4,CD16+ Mono
GGTTACCCAGGTCCTG-s2d4,Erythroblast
GACCGAACAGGAACAT-s2d4,CD14+ Mono
CCTATAGCAGCTTACA-s2d4,CD16+ Mono
GTAGGCGAGTTAGAGG-s2d4,CD14+ Mono
TGCGATTAGACAACAG-s2d4,G/M prog
GCAAGCCTCAATGTGC-s2d4,Proerythroblast
TGGGCATGTGGATTCA-s2d4,G/M prog
ATTAGCTCAGGGAGGA-s2d4,Erythroblast
ACGCCACAGATAGACG-s2d4,Erythroblast
CGGTAACGTTGCAATG-s2d4,Erythroblast
TAGGCTTAGGCCTAAT-s2d4,CD14+ Mono
GCCTCGACAGAATGAC-s2d4,CD14+ Mono
TTAAGGTGTCAGGCCA-s2d4,Erythroblast
CAAAGCGCACTATGGC-s2d4,Erythroblast
CTAGTAATCAACCAAC-s2d4,Erythroblast
CTATGTTTCAGTATTG-s2d4,HSC
TGTTCCTCACCCACAG-s2d4,CD14+ Mono
GTTTGCTGTCCCGAAG-s2d4,HSC
CATAGCTAGTAAGTCC-s2d4,Proerythroblast
TTTGCGACAGCAGGTA-s2d4,Erythroblast
ACCCAACCAAGGATTA-s2d4,Erythroblast
GCCCGTTGTGCAACTA-s2d4,Normoblast
TGTTGTTTCTTGCATT-s2d4,Normoblast
TAGTCAATCCTAAGAC-s2d4,HSC
CTCCTGAGTTTATTCG-s2d4,CD14+ Mono
AGCGATTTCCCTCTAA-s2d4,pDC
TCTCAATTCGTGCTTC-s2d4,G/M prog
AGTAAGTAGGAAGCTA-s2d4,Erythroblast
CGGCTAATCCATCAGG-s2d4,CD14+ Mono
TAATGGTGTCACAGAC-s2d4,Erythroblast
AGATGAAGTGTTAAAC-s2d4,CD14+ Mono
GAACCAGCACAGCCTG-s2d4,CD14+ Mono
CTCACTCAGCGGATAA-s2d4,Normoblast
AGATGAAGTTCATCTA-s2d4,Erythroblast
AACGCTAGTCACGAAC-s2d4,Erythroblast
GTCGAAGCAGCATGAG-s2d4,CD16+ Mono
AGCGGACCAATGAGGT-s2d4,CD14+ Mono
ACAGCGCTCCAGGTCA-s2d4,Erythroblast
GTTGGCGGTACCGGAT-s2d4,Erythroblast
ATCGCCCGTACAAAGA-s2d4,CD14+ Mono
CACGCAATCGGTTTCC-s2d4,cDC2
GGCTAGTGTATTTGGG-s2d4,Normoblast
TAGGTTATCTCGACCT-s2d4,Normoblast
TAGCGCGGTACGCGCA-s2d4,CD16+ Mono
GGACAGCCATAGTCAT-s2d4,CD14+ Mono
AATTGCCAGGTCTTGG-s2d4,CD14+ Mono
ACCCGCTGTCACCAAA-s2d4,Erythroblast
TCAAGACTCACAGACT-s2d4,CD14+ Mono
TTAAGGTGTGCATCGG-s2d4,Proerythroblast
CCTGACTTCTTGGATA-s2d4,Erythroblast
TATGAAGCATGGTTAT-s2d4,Erythroblast
AGCAATTGTACGCGCA-s2d4,Erythroblast
GCTTAACAGGCAATAG-s2d4,Erythroblast
CGACCTGCATAAGCAA-s2d4,Erythroblast
AGTAATGCATAATGAG-s2d4,cDC2
TTAAGCCAGCCAGGTC-s2d4,Normoblast
CGTGACATCTCACATT-s2d4,Proerythroblast
CATCCTGGTTAGGACC-s2d4,CD14+ Mono
ACCGAAGCACCTGCCT-s2d4,CD14+ Mono
CTTCACTCATGTTGTG-s2d4,Erythroblast
TCAGCCTTCCTAGTAA-s2d4,Erythroblast
CTTACCTCACTGACTA-s2d4,Erythroblast
CCTAAGCCACGGTTTA-s2d4,Normoblast
GGCAATCGTCATTGTC-s2d4,G/M prog
GAGGCTACACATGCTA-s2d4,CD16+ Mono
GTTCGCGCAACTAGCC-s2d4,Erythroblast
ATTCGTTTCCGCAACA-s2d4,Erythroblast
CAGTACCCACTTCACT-s2d4,Normoblast
GCATCCTTCACAGCCA-s2d4,Normoblast
GTCTATCGTTAAGCCA-s2d4,Erythroblast
CTCACACTCCAGGTTG-s2d4,CD14+ Mono
CTGCTATGTAGGTTAT-s2d4,Normoblast
ACACTAATCCGCAACA-s2d4,cDC2
TTCAGCACATGTTGCA-s2d4,CD14+ Mono
GTGCAAGCAGTGAACG-s2d4,Erythroblast
ATCAATCCACAAACTT-s2d4,Erythroblast
TAGCCTGAGCTGAGGG-s2d4,CD14+ Mono
GCTGTACCACAAAGGT-s2d4,Erythroblast
TAGCCTGAGTGAGAGC-s2d4,G/M prog
TGAACAACATTGGGAG-s2d4,Normoblast
GCTTTACGTCATAAGT-s2d4,Normoblast
CGGCTAATCCAAACAC-s2d4,CD16+ Mono
TAGGAGGGTAACTACG-s2d4,Normoblast
ATTGCACAGCCAGTAT-s2d4,CD14+ Mono
ACTAGGCGTAGGTTTG-s2d4,CD16+ Mono
ATTACTGAGTATTGCA-s2d4,MK/E prog
CGCTAACCATAGACTT-s2d4,Erythroblast
GGATATTGTAAGCTTG-s2d4,CD14+ Mono
CTTGCAACATATAACC-s2d4,Proerythroblast
CCTGTTGGTTAACGAT-s2d4,Erythroblast
TTGGGCGGTACTGATG-s2d4,Erythroblast
AGGTGAATCCTAGTCC-s2d4,HSC
GCCTTAACACAAAGGT-s2d4,Erythroblast
TGTGGCTCAGTTATGT-s2d4,G/M prog
AGGTTAGAGACAGGCG-s2d4,Normoblast
TCATTGTTCAGGCCTA-s2d4,Proerythroblast
CGCTAATAGTAAGAAC-s2d4,Erythroblast
GGTTGCATCAAGTGTC-s2d4,CD14+ Mono
ACTGAAACAGTATGTT-s2d4,Erythroblast
ATGCATTCAGCATGTC-s2d4,Erythroblast
TTCTTAGGTTCATTTG-s2d4,Proerythroblast
GGTATTGGTTGTGATG-s2d4,Erythroblast
CGAGCTGGTGATGGCT-s2d4,Proerythroblast
GGTGTGACATCCGTAA-s2d4,G/M prog
AACATTGTCCAAATCA-s2d4,Erythroblast
ATGGTTATCCAGGGAG-s2d4,Normoblast
GGTTCCCGTTTATCGC-s2d4,CD14+ Mono
GTCATTAAGTTCCCGT-s2d4,Proerythroblast
TAGTGGCGTTGCCTCA-s2d4,Erythroblast
GTACGTAGTCCTAAGA-s2d4,CD14+ Mono
TACCAGGTCATAACTG-s2d4,Erythroblast
GACATTATCCTTGAGG-s2d4,Erythroblast
CAATAAGCAAGTTATC-s2d4,CD14+ Mono
AAAGCACCACTTGTTC-s2d4,Erythroblast
AATTGGGAGTATTGTG-s2d4,Erythroblast
GCTTTGTGTCGTTACT-s2d4,Erythroblast
CCTTTAGTCATTACTC-s2d4,G/M prog
GTCGAAGCAATGAATG-s2d4,Normoblast
TCGTTAGCAGAACCGA-s2d4,CD14+ Mono
GAGCTTAGTTAGGACC-s2d4,CD14+ Mono
ACACTAATCAGTGAAG-s2d4,Normoblast
AAGCGGGTCTACTAAG-s2d4,Normoblast
GGTCAATTCCGCAAAT-s2d4,Erythroblast
ATGTTTGAGGATCCGC-s2d4,Erythroblast
GGTGCTGGTTACCGGG-s2d4,Proerythroblast
GATGCAGCAGTTAAAG-s2d4,Normoblast
ATTATCCTCATGACCG-s2d4,Normoblast
CGTGTTACACCTCACC-s2d4,G/M prog
GACCTAAGTCCACAAA-s2d4,Normoblast
TCGTTAAAGGTAACGA-s2d4,Erythroblast
GTTCTTAGTACCTTAC-s2d4,Erythroblast
TCAGGTCCAGCTAACC-s2d4,Erythroblast
CCCTTAATCTATTGTC-s2d4,cDC2
ATGTCCACAAGACTCC-s2d4,Erythroblast
TGGACCGGTAAGCACC-s2d4,Normoblast
TGTTGTGCAAGATTCT-s2d4,Erythroblast
GGTTACTAGACAGGTA-s2d4,CD14+ Mono
ACCTAAATCATGGCTG-s2d4,CD14+ Mono
AATTGGGAGTCATGCG-s2d4,G/M prog
GATCGCTCACATAACT-s2d4,Erythroblast
ACCCAGGGTCTTTGAC-s2d4,CD14+ Mono
TGGTGATTCCTTAAGA-s2d4,CD14+ Mono
TTTGTCTAGATACTTG-s2d4,Erythroblast
AGCCAGTGTTGTGACA-s2d4,Erythroblast
TGTGATCAGGCAATAG-s2d4,CD14+ Mono
TTGTGAGGTGTGAGGA-s2d4,HSC
GTGATGAAGCATTATG-s2d4,Erythroblast
AAACGGATCTTAATGG-s2d4,CD16+ Mono
TCCTTTACATTGACAT-s2d4,Erythroblast
TTAAGGACACCTGCCT-s2d4,Normoblast
TGTGGCCAGACACTTA-s2d4,Erythroblast
ATGCAAACACCGGCTA-s2d4,Erythroblast
TCGTCAACAATTGAGA-s2d4,Erythroblast
ACGAATCTCATTATGG-s2d4,CD14+ Mono
ATGGCCGGTGTAATAC-s2d4,Erythroblast
TTTAGGATCGCTCACT-s2d4,CD14+ Mono
TATGCATCAGCCTAAC-s2d4,CD16+ Mono
CCATAGCCATCCTAGA-s2d4,CD14+ Mono
AATATCCCACCAAAGG-s2d4,Erythroblast
TTTATGGAGGCCGGAA-s2d4,G/M prog
GACTAATGTAAGCACC-s2d4,Erythroblast
AGTCCTTGTACCGAAC-s2d4,HSC
AAAGCAAGTTTAGCGA-s2d4,CD14+ Mono
CCATTGTGTGAGCAAG-s2d4,Normoblast
AGTCAAGAGTAGCCAT-s2d4,Normoblast
ACCGAAGCACATACTG-s2d4,Normoblast
GGGTTACGTTGGATAT-s2d4,CD14+ Mono
TTAAGGACAAGCGATG-s2d4,Erythroblast
GTTCCCAGTGAGGTAG-s2d4,Normoblast
AAGCGAATCCTTGAGG-s2d4,Erythroblast
GGCGATACATTAGCCA-s2d4,CD14+ Mono
AAAGCCCGTTTAAAGC-s2d4,Proerythroblast
TTGTCAAAGTCAGGCC-s2d4,G/M prog
CGGACAACACTCAACA-s2d4,Normoblast
GATGAGGGTTGTTGGA-s2d4,CD16+ Mono
AACTCACAGCTCAAAC-s2d4,Erythroblast
TTGTTGTTCAATCATG-s2d4,Erythroblast
GTCCAAGTCCCGAACA-s2d4,CD14+ Mono
GCTGACATCGTTACAA-s2d4,CD14+ Mono
CCCGTTGTCTTAGTCT-s2d4,CD14+ Mono
CTTGGACCAACCGCCA-s2d4,Normoblast
CGGAATCGTCTCAGCC-s2d4,CD14+ Mono
GGTAACTTCCGGTTAG-s2d4,CD14+ Mono
CGAAGCCTCTACCTAT-s2d4,Normoblast
GGCGTTATCGATATTG-s2d4,Normoblast
CAACCCTTCGATTTGA-s2d4,Proerythroblast
TTATCCGTCATAGACC-s2d4,Erythroblast
AATCCTAAGTAGCTTA-s2d4,Erythroblast
GGTGATTTCCGCTAGA-s2d4,CD14+ Mono
TAGCCTGAGTAACGGA-s2d4,cDC2
ATTAGCGGTTTGAGCA-s2d4,CD14+ Mono
GCCTTTATCAATCTAG-s2d4,CD14+ Mono
GGGTGAAGTCTATCGT-s2d4,CD14+ Mono
CGTTTGGAGGGACTAA-s2d4,CD14+ Mono
TGAAGGATCCTAAGTA-s2d4,CD16+ Mono
AATGCAACACTCAACA-s2d4,CD14+ Mono
CAACCCTTCATGGCCA-s2d4,Erythroblast
TATGGTCAGACCATAC-s2d4,Normoblast
TATAGCTCAGTTGCGT-s2d4,CD14+ Mono
AAGGATCCAAACCTAT-s2d4,Erythroblast
AATTGCCAGTCCTGAG-s2d4,CD14+ Mono
CCTGAGTCAGCCAGTT-s2d4,Normoblast
GCTCCTTAGGACCTTG-s2d4,Erythroblast
AATGCATGTATTCGTC-s2d4,HSC
AGCTTAATCACAAGCT-s2d4,Normoblast
CTTCGCGTCGCACAAT-s2d4,CD14+ Mono
AGCAATACAATGCCTA-s2d4,Erythroblast
CACAGGGAGGTTTACA-s2d4,MK/E prog
AGGTCATTCTTGGATA-s2d4,Erythroblast
CAGCTCAAGCATGCAT-s2d4,Normoblast
TGTGTGAGTGGGAACA-s2d4,Normoblast
CATTATCTCCTGGTGA-s2d4,Erythroblast
AGTCCTTGTTTGCTGT-s2d4,CD14+ Mono
TTAATCGAGGCTCATG-s2d4,Erythroblast
GTCTTTGTCATCCACC-s2d4,Erythroblast
AGTATAGCACTAAATC-s2d4,Normoblast
AAAGCACCAGCACGTT-s2d4,Proerythroblast
TAGTGAGAGTCTCACC-s2d4,Erythroblast
CATGCATAGGTAGCTT-s2d4,Erythroblast
TGGTCAAGTGGATTAT-s2d4,Normoblast
AGCGGACCAAACGGGC-s2d4,CD16+ Mono
CGCTTCTAGTTGGATC-s2d4,Proerythroblast
GGGCTAACATTATGCG-s2d4,CD14+ Mono
CTCACACTCCCTTGCG-s2d4,Erythroblast
ATAAGCCTCATGCAAC-s2d4,Erythroblast
TCACTGACACAGCCAT-s2d4,Proerythroblast
GATTCAGGTGATCAGC-s2d4,Normoblast
AAAGCGGGTTAGGACC-s2d4,Normoblast
GCAGCCAGTGGCTTCC-s2d4,CD14+ Mono
ACTCAGTAGGAACACA-s2d4,Erythroblast
CTAGCGGGTTGTGATG-s2d4,Erythroblast
GTTCCCAGTACCGGAT-s2d4,Erythroblast
GTAGGCGAGGAGTCGG-s2d4,cDC2
GGCAGGATCAAGTGTC-s2d4,HSC
ACTTGAATCCAGGAAA-s2d4,CD14+ Mono
CTACTTAGTAGGATCC-s2d4,HSC
TACTGACAGCAACATC-s2d4,CD14+ Mono
GACTCACCATTGTGCA-s2d4,CD14+ Mono
TCATGTTTCTTAAGTG-s2d4,Normoblast
AATTGGACAAGTGAAC-s2d4,Erythroblast
CCTATTTAGCATGTCG-s2d4,Normoblast
CTTGACGAGTCAATTG-s2d4,Normoblast
GGTCCGTAGCAGCTCA-s2d4,CD14+ Mono
TTTAAGCCAAGGATTA-s2d4,Erythroblast
AAGGATGTCTTGTCCA-s2d4,Erythroblast
TGTGGCCAGTAACCCG-s2d4,CD16+ Mono
GGAACAATCCGCACAA-s2d4,Normoblast
GGAACAATCGGTACGC-s2d4,Erythroblast
CAAACATGTTAACAGT-s2d4,CD14+ Mono
AGTCAAGAGCGGATTT-s2d4,Proerythroblast
CTTCGCGTCTCCATAT-s2d4,Erythroblast
CCAGACTCAGTAGGTG-s2d4,HSC
TGCTTCATCATAATCG-s2d4,G/M prog
CTTATGTTCAATGTGC-s2d4,Proerythroblast
GCGCGATTCCTACCTA-s2d4,Erythroblast
CCAAATCAGGAGGTTA-s2d4,CD14+ Mono
CAACCCTTCGGTTCCT-s2d4,Erythroblast
CTCTATGTCACGTTAA-s2d4,Erythroblast
CAAGTTATCGCCTAAG-s2d4,Proerythroblast
GGTAAGGGTGCTCCAC-s2d4,Proerythroblast
TCAACAATCTCACATT-s2d4,Normoblast
AGCACAGCACCGGCTA-s2d4,CD14+ Mono
CCTTCGTAGCTCAAAC-s2d4,CD14+ Mono
TATGGGCGTATTGCAG-s2d4,CD14+ Mono
CAACAATGTTACCGGG-s2d4,Erythroblast
CAGGGTGAGCAAGGGT-s2d4,Proerythroblast
GTCATGAGTGTCCTGC-s2d4,Normoblast
AATGGCGCAGCAAGGC-s2d4,Erythroblast
CCAGCTGCACAACAGG-s2d4,CD14+ Mono
AGTGCACGTCCTCCAA-s2d4,Normoblast
AAACGGATCCTTGCAC-s2d4,Erythroblast
AACTGTTCAATACTGT-s2d4,Erythroblast
GCAGGATAGCACCACA-s2d4,Erythroblast
AGGCGGATCAAACCTA-s2d4,CD16+ Mono
TACGTTAAGGACTTAC-s2d4,Erythroblast
AGTTTGCAGAGAGGCT-s2d4,CD14+ Mono
GGTCATTAGGCCGGAA-s2d4,Erythroblast
ATCCACCTCTTAGTGA-s2d4,Normoblast
GAGGGAGCAAAGGCCA-s2d4,pDC
AATACCGGTCAGTAAT-s2d4,Erythroblast
GTAGCCATCGATTTGA-s2d4,CD14+ Mono
GGTCATTAGAGGAAGG-s2d4,CD14+ Mono
GCCACACAGGGTGGAT-s2d4,Erythroblast
GTTCACCTCATGCTCC-s2d4,Erythroblast
GGCGTTATCGGTTTCC-s2d4,Erythroblast
AACATCATCACCTGTC-s2d4,CD14+ Mono
CGCTCCATCTACCTGC-s2d4,Erythroblast
CAGGTTTAGGGACGCA-s2d4,CD16+ Mono
TAAGCTATCAGGAACA-s2d4,Erythroblast
GGAAGTATCGGTTTCC-s2d4,CD14+ Mono
GGCATTAGTACCTTAC-s2d4,Normoblast
GGTCAGGAGTTGTCTT-s2d4,Normoblast
AGTTGCGTCCACCTTA-s2d4,Erythroblast
GGTTGGTGTGTAATAC-s2d4,HSC
TAGCTAGGTGTTTGTC-s2d4,Normoblast
TGATTAGTCAGAAACG-s2d4,CD14+ Mono
GCTAAGCGTTTGGGCG-s2d4,CD14+ Mono
TTCAGTTTCCCTTGCG-s2d4,Erythroblast
CCTATAGCATAGTCAT-s2d4,Proerythroblast
CCTGACTTCCGCATGA-s2d4,Normoblast
ATGTCCACAGGACACA-s2d4,CD16+ Mono
AAGTTACGTCCTTTAA-s2d4,CD16+ Mono
TATCACGCATTAGGCC-s2d4,Erythroblast
CCTTCGGTCTTGACCC-s2d4,Erythroblast
CTGGATGTCGGTTTGG-s2d4,Erythroblast
TCAATCGCATAACGGG-s2d4,CD14+ Mono
AACAGATAGGATAAAC-s2d4,Erythroblast
GCAGCAACATGAATCT-s2d4,pDC
TTTCGTCCAGTATGTT-s2d4,CD16+ Mono
GCAACAGCAGCAAGGC-s2d4,CD16+ Mono
TCACGGATCACTTCAT-s2d4,CD14+ Mono
CTTGACGAGACTATTG-s2d4,Erythroblast
CTATGATCAACCCTCC-s2d4,CD14+ Mono
GCACGAACATCCATCT-s2d4,Erythroblast
ACTGAAACATTAAAGG-s2d4,Erythroblast
GCTGGATGTTGCAATG-s2d4,Erythroblast
AAATCCGGTTCCGCAC-s2d4,Erythroblast
TAATGGACACTCAACA-s2d4,G/M prog
ATGTTGTCATGGTTAT-s2d4,CD14+ Mono
AACTTAGTCCTCGATC-s2d4,CD14+ Mono
CTCGCTCCAGAACCGA-s2d4,Normoblast
CCTTGTTCAGGCATCT-s2d4,Normoblast
TCTATGTTCGAAGTGA-s2d4,Normoblast
TCAGTAGGTGCAATAT-s2d4,CD14+ Mono
AGGTCTTAGAGGCTAA-s2d4,Erythroblast
CTTGTAAAGCTGTCAG-s2d4,Proerythroblast
GGTTGAGCATTTGCTC-s2d4,Erythroblast
CGGTGAACAAGACTCC-s2d4,CD14+ Mono
CGTGGTTCAATTATGC-s2d4,Proerythroblast
GCTCACAAGTTTAACG-s2d4,CD14+ Mono
CTTAGGAGTCATGAGC-s2d4,CD14+ Mono
CGCATATAGCGCCTTT-s2d4,Normoblast
TTAGCCTGTTAACAGT-s2d4,Erythroblast
GCGATATTCTAATCTC-s2d4,CD14+ Mono
TGGATTGGTGATGATT-s2d4,Erythroblast
TAGGGTTTCGATTTAG-s2d4,Proerythroblast
CTCATCATCTTGAGGT-s2d4,Normoblast
ATGCGATTCAATAGCC-s2d4,Erythroblast
TTCCTTCTCGTACCGA-s2d4,G/M prog
GTCTAGCCAGACAAAC-s2d4,Erythroblast
CCTTAGTGTTGGATAT-s2d4,Erythroblast
TGGATTGGTGGTTCTT-s2d4,CD14+ Mono
CCTGTTGGTATTCGCT-s2d4,cDC2
AATTAGCGTAGGTTTG-s2d4,Normoblast
AAGACAAGTGTCACGG-s2d4,Proerythroblast
GTAATAGCAACTGGCT-s2d4,Erythroblast
GAGGTGAGTACTTAGG-s2d4,Erythroblast
GGTTTAATCTAGCTTT-s2d4,Normoblast
GAGAAACGTAACTACG-s2d4,Normoblast
AGGTTTGGTAATGACT-s2d4,HSC
ACCCTGTTCAAACTCA-s2d4,Proerythroblast
CACTTAAAGTTTGTCT-s2d4,Erythroblast
GCAGGATAGACAAGTG-s2d4,Erythroblast
CCCAAATAGGTCGAGG-s2d4,Normoblast
GCCCATAAGTTGTCTT-s2d4,Normoblast
TGAACAACAAGCTAAA-s2d4,CD14+ Mono
GACCGTTCAATGAGGT-s2d4,CD14+ Mono
TTCCCGCCACAGAACG-s2d4,CD14+ Mono
GGCTCAATCTGTTGCC-s2d4,CD14+ Mono
ACACTAGGTAATGGCC-s2d4,Erythroblast
AATTCGTCACAACAAA-s2d4,CD14+ Mono
GGAGTGAGTTACTTCA-s2d4,Erythroblast
CCGATGCAGGCTAAGA-s2d4,Proerythroblast
GGCAGGATCCCGTTAC-s2d4,Normoblast
CCCTCAGTCCGCAACA-s2d4,Normoblast
ACAAACTGTCGCGCAA-s2d4,Erythroblast
CATTGCGAGTTACCGG-s2d4,Proerythroblast
CGTTATCGTCATCATC-s2d4,Normoblast
TTGCGTCTCTCGCCTG-s2d4,CD14+ Mono
GATTGGTTCCTCACAC-s2d4,Erythroblast
CGTTAGTAGCAAGATG-s2d4,Erythroblast
GAGGTACAGGCCTAAT-s2d4,CD14+ Mono
AAGACCAAGATACTTG-s2d4,HSC
GCTAGCTCAATAACCT-s2d4,CD14+ Mono
AGGCAATCAGATAGAC-s2d4,Erythroblast
GGTGCTTCACGTTACA-s2d4,Proerythroblast
TGATGAACAGTCTAAT-s2d4,Erythroblast
GCCTCGACAATAACGA-s2d4,Proerythroblast
CTTGGACCACAGGAAT-s2d4,Erythroblast
TCAGGTCCACGAACAG-s2d4,Erythroblast
TTACCGTGTTAATGCG-s2d4,CD14+ Mono
GTTAAGCTCTCCATAT-s2d4,Normoblast
ATCAAGCTCTTGGATA-s2d4,Erythroblast
GTTTAACCAATAATGG-s2d4,Erythroblast
TGCTCAACAATTAGGA-s2d4,Erythroblast
CTGGTTACACCTAATG-s2d4,Normoblast
GCTTACCTCACGCATG-s2d4,Erythroblast
CAGAATCTCCTTCGTA-s2d4,CD14+ Mono
AAGCGAATCGTTAACA-s2d4,Normoblast
AGTCAGGCAATAGCAA-s2d4,Proerythroblast
CCCGTTGTCGATATTG-s2d4,CD14+ Mono
ACCTGGTCATGTTTGG-s2d4,Erythroblast
CTGTAACAGCCAGGTC-s2d4,Proerythroblast
TGCATGAGTGCCGCAA-s2d4,cDC2
CAGGTTAGTGTCCAGG-s2d4,Erythroblast
GGCTAGACAAAGGTAC-s2d4,Erythroblast
CACCGGTAGCTCCCTG-s2d4,CD14+ Mono
GGTGTGACACTCGCTC-s2d4,HSC
TTCAGCACAGGAACCA-s2d4,G/M prog
CTCATCATCACGAATC-s2d4,Erythroblast
AGTAGGATCAGCACGC-s2d4,Proerythroblast
TACAGCTAGCACAGGG-s2d4,Normoblast
ATGTTTGAGGTTTACA-s2d4,Erythroblast
AGGTTACTCCGGTTAG-s2d4,CD14+ Mono
TTAGTCAAGGGCTTTG-s2d4,CD14+ Mono
GAAGTAAGTCCTTCTC-s2d4,CD14+ Mono
CATCCTGGTTGGCCGA-s2d4,CD14+ Mono
ATTGCACAGTGAGCAA-s2d4,CD14+ Mono
GTTCTTAGTTAAGCCA-s2d4,Normoblast
TTTAACCTCCCTCACG-s2d4,Normoblast
ACAGGAATCAATGAGG-s2d4,Normoblast
ACCTAAGGTGATGAAA-s2d4,Proerythroblast
TACAGGTTCATGGTGT-s2d4,CD14+ Mono
CTATGAGGTGTGCACG-s2d4,Erythroblast
AGAGATTAGAAGGTGC-s2d4,CD14+ Mono
GCCTAATAGGCGCACT-s2d4,Proerythroblast
AGGTAACCATAGCAGG-s2d4,Erythroblast
AACTAGTGTGAGGTAG-s2d4,CD14+ Mono
GGTTAATGTGGATGTC-s2d4,Erythroblast
AGTAACACATGACTAT-s2d4,CD16+ Mono
CACCAACCATAGCTGC-s2d4,Erythroblast
ATACCGGTCGGTACGC-s2d4,G/M prog
TCTGTGACAGGTTAAA-s2d4,CD14+ Mono
GAAGTCAAGCACTAAC-s2d4,CD14+ Mono
CAGCTCAAGAACCTAC-s2d4,Erythroblast
ACGCTTGAGTCATTAG-s2d4,Erythroblast
CGATTGAGTGCGCATG-s2d4,Proerythroblast
GCCAACATCTGTGCCT-s2d4,Proerythroblast
GTGCTCAAGTTGTCTT-s2d4,Normoblast
TTAGAAGCAGGTATTT-s2d4,Erythroblast
AATAGAGGTAGCAGCT-s2d4,Normoblast
TCTAATCTCCGTAAAC-s2d4,Normoblast
ATTATCCTCAATGTGC-s2d4,CD14+ Mono
TATTACCTCTTGTCTG-s2d4,CD14+ Mono
AGGCAGGTCATAGCCG-s2d4,CD14+ Mono
TTGCTCTCATGAGCAG-s2d4,Erythroblast
CTCTATGTCCATTACT-s2d4,Erythroblast
TGGCCTGCATTGCAGC-s2d4,Normoblast
TAAAGCCTCTTACTCG-s2d4,Erythroblast
GCCTCGACAGCCTGCA-s2d4,CD14+ Mono
ATTTGCGCACCGGTAT-s2d4,MK/E prog
CGTTATTTCACTTCAT-s2d4,Proerythroblast
TTTCACCCACGTAAGG-s2d4,Normoblast
AAGGTATAGCTTACTT-s2d4,Erythroblast
GTCAAACTCGGTAACT-s2d4,Normoblast
AACAGATAGGTTAGCT-s2d4,CD14+ Mono
GGTGTCCAGCACGTTG-s2d4,Erythroblast
AATCAGGAGAAAGGAA-s2d4,pDC
TAGTTTGAGAGGGACT-s2d4,Erythroblast
ATTACCGCATTAAACC-s2d4,G/M prog
GCTCTGTTCGTTTCTG-s2d4,Erythroblast
TAGGCTAGTGATTACG-s2d4,CD14+ Mono
AATCAGGAGGAAGTAT-s2d4,CD14+ Mono
GGCATTAGTCACAGAC-s2d4,CD14+ Mono
GAACCGCTCACTAATG-s2d4,Normoblast
CAATGTGGTGCTCACC-s2d4,Proerythroblast
TGTGCTGAGGCCCAGT-s2d4,Erythroblast
GTATTGATCCTAAGGT-s2d4,Erythroblast
GGGTTATTCCTCACTA-s2d4,Erythroblast
TACGTACAGCAAGGGT-s2d4,CD14+ Mono
TCTCGCCCAACTGGCT-s2d4,Erythroblast
GGGTGTTGTGGACCTG-s2d4,Erythroblast
TCTTAGTTCATGGCTG-s2d4,Erythroblast
AAGCGCTGTTGAGGTC-s2d4,Erythroblast
AAGTCTATCTGTGCAG-s2d4,CD14+ Mono
TCAGGAGCACAAACTT-s2d4,CD14+ Mono
GCCGTGAGTGTGCACG-s2d4,Erythroblast
GCCAATAGTATTGAGT-s2d4,CD14+ Mono
GTATTGATCATCAGTA-s2d4,CD14+ Mono
TGTGTGAGTTTGCAGA-s2d4,CD14+ Mono
CTCGACAAGTAAGAAC-s2d4,Erythroblast
GCTCACAAGTCCTGAG-s2d4,Erythroblast
CAAAGTGAGGTAAGCA-s2d4,Erythroblast
AAACCGGCAGGACACA-s2d4,CD14+ Mono
GTCATGCCAGTTTCTC-s2d4,Erythroblast
CTCACAACACAGGATG-s2d4,Normoblast
GAGGTTAAGCACTAAC-s2d4,CD14+ Mono
CCAACATAGTAGCGGG-s2d4,CD14+ Mono
CGGATAAAGGGTGAGT-s2d4,Normoblast
GGGTGTTGTTAGGTTG-s2d4,Normoblast
ATGGACAAGTTTGGTA-s2d4,Normoblast
GCCAGGTTCCTTGAGG-s2d4,CD14+ Mono
ACTCGCGCAAACTAAG-s2d4,Normoblast
TTGGCTACAATAGTCT-s2d4,Erythroblast
TGTTGTAAGGGACGCA-s2d4,Erythroblast
TGCTATGCAAACCCTA-s2d4,Normoblast
ACCCGTAAGTAAGAAC-s2d4,CD14+ Mono
TCCATGCTCACTAAGC-s2d4,Erythroblast
CTTCATCCATTCCTCG-s2d4,Erythroblast
AGTAACGAGACAGGTA-s2d4,Proerythroblast
GTTAATGTCACAGCCA-s2d4,Erythroblast
CTCAGGATCAGGGCCT-s2d4,G/M prog
GAGTGTTTCCCGTTAC-s2d4,MK/E prog
GGCTGTCAGTAAGTCC-s2d4,CD14+ Mono
TGACCAAGTTGTTGTC-s2d4,Proerythroblast
CACTAAGGTTTCGCGC-s2d4,Normoblast
CGAGTCGGTTGCAATG-s2d4,Erythroblast
CGGGACAAGCACGATT-s2d4,Erythroblast
AGAACAAGTCCTAATC-s2d4,Erythroblast
TTGGATTCAAGGTCGA-s2d4,CD14+ Mono
ACTCACTGTAATCCCT-s2d4,CD14+ Mono
CATGCATAGGCATGTT-s2d4,CD14+ Mono
TGGCGGTTCGGCCAGT-s2d4,cDC2
AAGCGCTGTGATCAGC-s2d4,Erythroblast
GGGCTAACAGCCAGTT-s2d4,CD14+ Mono
CCCAAATAGCAGCTCA-s2d4,Erythroblast
CGCTACTTCACGCATG-s2d4,Proerythroblast
TGCACTTGTTCAAGCA-s2d4,Erythroblast
AGAGAAGCACCAACCG-s2d4,Erythroblast
TCATCCATCCCGAAGC-s2d4,CD14+ Mono
TTGATGTCACTGGCTG-s2d4,CD14+ Mono
ATTGCGCCACCTAATG-s2d4,Proerythroblast
GGGCATGAGGTCGATT-s2d4,Erythroblast
ATGGTTATCATCCACC-s2d4,CD16+ Mono
ACTAACCAGATGGACA-s2d4,Erythroblast
TATTAGCCACTCAACA-s2d4,Erythroblast
GCATGAAAGCACTAAC-s2d4,CD14+ Mono
TATGGTCAGATGCCTG-s2d4,CD14+ Mono
ACTAGGCGTAAATTGC-s2d4,Erythroblast
GATTCGCCACCTAAGC-s2d4,Erythroblast
CTAACCCTCCCGCAAA-s2d4,Erythroblast
ACCAAACTCTAAGTGC-s2d4,Erythroblast
CACGCTAAGCACCACA-s2d4,Erythroblast
CCAACCAAGGAAGTAT-s2d4,CD14+ Mono
GGCTGGTTCGATATTG-s2d4,Erythroblast
TTACCGTGTCATAACG-s2d4,CD14+ Mono
GGGCAATAGTTTGGTA-s2d4,Erythroblast
AGCAAATAGCGGATAA-s2d4,Normoblast
CCCTTAATCCGCCTCA-s2d4,CD16+ Mono
CCTTTAGTCTCATCAT-s2d4,Normoblast
ACACTTAAGTAAGTCC-s2d4,CD14+ Mono
TTTAACCTCAGTTCCC-s2d4,CD14+ Mono
GTGTGTTAGATAGACG-s2d4,Erythroblast
GATTGATGTTTGGTTC-s2d4,G/M prog
GATTGCAGTGGACATC-s2d4,Normoblast
AAAGCTTGTCACACCC-s2d4,Normoblast
GCTAATATCACCATTT-s2d4,Erythroblast
CGCTAATAGGGACTAA-s2d4,Erythroblast
TCGCGCACAGGTTCAC-s2d4,Erythroblast
ACGCAAGCACTCAACA-s2d4,CD14+ Mono
GTCAAACTCTAAGTGC-s2d4,CD14+ Mono
TTTCTTGCAGGCCAAA-s2d4,Erythroblast
AAGACCAAGGAGGTTA-s2d4,CD16+ Mono
GATGCGACAGGTATTT-s2d4,G/M prog
GTGCGCAGTTTCAGGA-s2d4,CD14+ Mono
GGTGTTGTCACGCATG-s2d4,Normoblast
AAACGCGCACACTAAT-s2d4,Erythroblast
GGAGCAAGTCTATCGT-s2d4,HSC
CGGTTCCGTAATGGCC-s2d4,Erythroblast
GGGTGAAGTACGGTAC-s2d4,CD14+ Mono
CTATTACTCATCCTCA-s2d4,CD14+ Mono
TTGTGTGCAGCCAGAA-s2d4,Erythroblast
AGCCTGGGTGTGCAAC-s2d4,CD16+ Mono
CTCCAACTCGTTAGTA-s2d4,CD16+ Mono
CAAGTAACACAAAGAC-s2d4,pDC
CATAACGGTAATTAGC-s2d4,CD14+ Mono
TTCCCACAGGATTGAG-s2d4,CD16+ Mono
TCTAACTTCATCAGTA-s2d4,Erythroblast
GTTTACCGTGGCTTCC-s2d4,Erythroblast
CATAAGCTCCTTGAGG-s2d4,CD14+ Mono
TATAGCCAGAAGGTGC-s2d4,Normoblast
CATTCCTCAATGAGGT-s2d4,CD14+ Mono
GCGGATACATAGGCGA-s2d4,Erythroblast
GCCCAAATCAAGCTTA-s2d4,Erythroblast
TTGGATCAGTAGGCGG-s2d4,CD14+ Mono
TCAGGTTAGGTGCTGC-s2d4,Erythroblast
CCGCACACATAGCTGC-s2d4,Proerythroblast
TGGACGGAGAGGGACT-s2d4,pDC
AAACGGATCATTACTC-s2d4,HSC
TCACGGATCGGGATTT-s2d4,Normoblast
TGATTAGTCACGCATG-s2d4,Erythroblast
GATTTGCAGGTGCTGC-s2d4,Normoblast
GTGGATGCACAGGGAC-s2d4,Erythroblast
AAGCTTGGTACGGTAC-s2d4,G/M prog
TTTGTGTTCACAAGCT-s2d4,CD14+ Mono
ATCTATGAGCACGATT-s2d4,CD14+ Mono
TGTAAAGCACCTGCTC-s2d4,CD14+ Mono
TACCTGCTCCAGCACA-s2d4,CD14+ Mono
CGTCATTGTGTGTGGT-s2d4,HSC
TAACCGGTCTAAGGTC-s2d4,Erythroblast
TGACCAAGTCTCAGCC-s2d4,Erythroblast
CGGTGAGAGGCGCATC-s2d4,Erythroblast
AGGATCCGTCCCGGAA-s2d4,Normoblast
GTCGCAATCATTACAG-s2d4,Erythroblast
CTCAATAAGGCATTAC-s2d4,CD14+ Mono
ACTCAGTAGATGCCTG-s2d4,pDC
TGTGAAACAAGGACCA-s2d4,Erythroblast
CCTACTTCAGCTAACC-s2d4,Erythroblast
ACTAAAGCATAATCGT-s2d4,Normoblast
TTGTTTGGTGTCCAGG-s2d4,Erythroblast
ACTAAAGCATAAGCAA-s2d4,CD14+ Mono
CTTGCATGTCTTGCAT-s2d4,CD14+ Mono
GTATGTTCATCAGTAT-s2d4,CD14+ Mono
CTCATTTAGGTCTTGG-s2d4,CD14+ Mono
GTTACTCGTCACAGCG-s2d4,CD14+ Mono
CCTAGTTGTCACCTAT-s2d4,CD14+ Mono
CAAGGTTTCATGCTTT-s2d4,Proerythroblast
TTAAGGTGTTTAGCTC-s2d4,Proerythroblast
CTATGGCCAGGTTAAA-s2d4,Proerythroblast
GGTTTAATCTTGACCC-s2d4,Erythroblast
TATTAGGTCTCGACCT-s2d4,G/M prog
CGTTGCGCAATTAGGA-s2d4,Erythroblast
GCAGGATAGCTCAAAC-s2d4,CD14+ Mono
GCAATGTTCTATCGCC-s2d4,CD14+ Mono
GGATGGCCAAGGGTTG-s2d4,Normoblast
TGTGCTGAGTGCTGTG-s2d4,Proerythroblast
GAAGTGATCGCAAACT-s2d4,Erythroblast
GAAGGATGTATTGAGT-s2d4,CD14+ Mono
CCAACATAGCTCCTAC-s2d4,CD14+ Mono
CGCTCAGCATCCGTAA-s2d4,HSC
GAGCCTTCATTGTGGC-s2d4,Erythroblast
GCGCTTGCACTGACTA-s2d4,Normoblast
TTGACTAAGGGATGCG-s2d4,CD16+ Mono
CTCATTTAGTTTGCGG-s2d4,CD14+ Mono
AGTGTTTCAGCAAGTG-s2d4,CD14+ Mono
TTGACGTAGCGCCTTT-s2d4,G/M prog
ATCCAACAGCAAACCT-s2d4,CD16+ Mono
GCGCAAACAGGTATTT-s2d4,CD14+ Mono
GAAAGCCAGTCATTAG-s2d4,CD14+ Mono
TGAACAGAGCAGGTTT-s2d4,CD14+ Mono
CCGCACACAGCATGTC-s2d4,Erythroblast
CGAGGTGAGGTCGAGG-s2d4,CD14+ Mono
AGCCAGTGTCACACCC-s2d4,Erythroblast
CATGAGGCACAAAGAC-s2d4,Erythroblast
CACAGGGAGTGAACGA-s2d4,CD14+ Mono
GTCCTCAGTACCGTTT-s2d4,Erythroblast
TAATCACCAAAGCTAA-s2d4,CD14+ Mono
CATATCGCAATAACCT-s2d4,Erythroblast
GTATTGCAGCTAATTG-s2d4,CD16+ Mono
AGGCTAGCAGAGGCTA-s2d4,HSC
GCAATGTTCATTGTCT-s2d4,Proerythroblast
CCGGTAGGTTACGCGG-s2d4,Erythroblast
TGCTTAAAGTTAGCCG-s2d4,Proerythroblast
GCCTCGACAAGGTGCA-s2d4,Proerythroblast
CCTATATTCTTGTTCG-s2d4,cDC2
TATCGAGGTGGGTGAA-s2d4,Proerythroblast
CCAAGGCTCGCAAACT-s2d4,HSC
AGTTGCAGTCCAAATG-s2d4,Erythroblast
GTATTCAAGCGCATTG-s2d4,CD14+ Mono
CTATTCAGTAACTACG-s2d4,Erythroblast
TTGTCCGGTTACATCC-s2d4,CD14+ Mono
GTTTACCGTTATCGAG-s2d4,Erythroblast
GAGCTTAGTGCTCCAC-s2d4,CD16+ Mono
GGCGTTATCGCTAAAC-s2d4,Erythroblast
TTAGGATGTTTGCTGT-s2d4,Normoblast
ATGTAACGTTAAGGTT-s2d4,Erythroblast
AGCAAGGGTTAAGGTT-s2d4,cDC2
AGAGATTAGGCTTAGT-s2d4,Normoblast
GAGCTAGCATAGCAGG-s2d4,CD14+ Mono
TTGCAATCACAGAACG-s2d4,Normoblast
CGTAACTAGGATAAAC-s2d4,CD14+ Mono
GCCTAATAGTGAACAG-s2d4,Proerythroblast
GCTGACATCTGCAAAC-s2d4,Erythroblast
GGACATAAGAGAGCCG-s2d4,Erythroblast
AGTTGCAGTAACCTAG-s2d4,Normoblast
CCCGCAACAGGCCTTG-s2d4,MK/E prog
CGTGCTGCATGTGGGA-s2d4,CD14+ Mono
TTTGGTGCATGAATAG-s2d4,CD14+ Mono
AGGCAGGTCACAAGCT-s2d4,CD14+ Mono
CGGAGTCTCCATTACT-s2d4,CD14+ Mono
GGCAGGATCACCAATA-s2d4,Normoblast
GTGCTGGGTTAAGTGT-s2d4,Normoblast
TAGTTTGAGCCTGACA-s2d4,Proerythroblast
ATTCAACCATCGCTTT-s2d4,CD14+ Mono
CTCATGACACAACAGG-s2d4,CD14+ Mono
GCATATATCGCAACAT-s2d4,Erythroblast
TCGCTAACAATAATCC-s2d4,Normoblast
ATTAACCCAACTAGGG-s2d4,Erythroblast
AAGACAAGTTGTTCAC-s2d4,Erythroblast
TATTTGGAGATTCCTT-s2d4,CD14+ Mono
ACGCCTAAGGCTGGCT-s2d4,Erythroblast
CATAGCTAGACAACGA-s2d4,CD14+ Mono
AAAGGCTCATCGTTCT-s2d4,Normoblast
GCCAACATCACAGACT-s2d4,Erythroblast
CCATCATGTCAAAGGG-s2d4,CD14+ Mono
CAGATTCAGGGACTAA-s2d4,Erythroblast
TCTATGTTCCTTTACG-s2d4,Erythroblast
AGCTATATCCTGATTT-s2d4,CD14+ Mono
GGCAAATCAAACATAG-s2d4,CD16+ Mono
CCTATTGTCATGCGTG-s2d4,Normoblast
ACCTCACTCCAATTAG-s2d4,Erythroblast
GTACTTAAGATGGACA-s2d4,Erythroblast
CCGTTATGTGGGTACT-s2d4,CD14+ Mono
ATTGTCCGTAACGTGC-s2d4,CD14+ Mono
ATGTTGTCACCCACCT-s2d4,Normoblast
CACCAACCATTGTCCT-s2d4,Normoblast
TATCGCGAGTAACCCG-s2d4,Erythroblast
AGTGTTTCAAATATCC-s2d4,CD14+ Mono
GCCATTACAGCAGGTA-s2d4,CD14+ Mono
CGTAACCCAATCGCAC-s2d4,Normoblast
CCTTAGTGTTCCGGCT-s2d4,Erythroblast
CTCACTCAGGCAATAG-s2d4,Erythroblast
ACCGCAATCATTGCAA-s2d4,Erythroblast
CTGGTCAAGTATTGGC-s2d4,G/M prog
CAACCCTTCGCTTGCT-s2d4,Erythroblast
TTTGTCTAGACTAAGG-s2d4,Normoblast
CGGTAACGTTGGTTGA-s2d4,Proerythroblast
CCTTAACGTAAGCTCA-s2d4,Normoblast
GACCTCAAGGTTTGCG-s2d4,pDC
TAAGTGCTCTTGCTAT-s2d4,Erythroblast
AAGCGAGGTCTCAGCC-s2d4,Proerythroblast
TGACCAAGTTTATGGG-s2d4,Normoblast
TAATGGTGTCATGCAA-s2d4,CD14+ Mono
GGATTGCGTTAACGAT-s2d4,CD14+ Mono
TTTATGGAGGCACAGG-s2d4,Erythroblast
GGCCTTAAGCTTCTCA-s2d4,CD14+ Mono
GAGCTAGCAGCAGGTA-s2d4,CD14+ Mono
TGTAAGCTCCTTCTAG-s2d4,cDC2
GAACTTATCTCACTCA-s2d4,Erythroblast
GTGCCTTTCTTGTCCA-s2d4,Erythroblast
TGGCCTTTCTTGGACG-s2d4,pDC
GGCAATCGTGGCTTCC-s2d4,Erythroblast
AGTGCACGTTATCGAG-s2d4,G/M prog
GATAACGAGCATTAGC-s2d4,Erythroblast
CGAAGCGAGCTTAACA-s2d4,Normoblast
ATATGTCCATCCCGCT-s2d4,Erythroblast
ATAAGTCGTTAGACCA-s2d4,Proerythroblast
CCCGTAAAGCTATTAG-s2d4,Normoblast
GGTGTTGTCAGTATTG-s2d4,CD14+ Mono
ATTGCTCGTCATCAAG-s2d4,Normoblast
CTGTTAAAGACTCGCA-s2d4,Proerythroblast
GGATACTTCATTGTTC-s2d4,Erythroblast
AACCGGCTCGCTAGCA-s2d4,Normoblast
GATTGTTCATTAAACC-s2d4,CD14+ Mono
ATGGTTATCCTCATGC-s2d4,Normoblast
TCAAGTATCAATCTCT-s2d4,CD14+ Mono
GATCAGTTCATCCTAT-s2d4,Normoblast
AGGGCTACACAGCCAT-s2d4,CD14+ Mono
TGAGGGCCATACCCGG-s2d4,Erythroblast
AGGCTAGCACTAAGTT-s2d4,CD14+ Mono
CGGACCTAGTCTTGAA-s2d4,Erythroblast
TCACGGATCATTATGG-s2d4,CD14+ Mono
CTTGTTCCATGAAGTA-s2d4,Erythroblast
AACTGTTCAGGACACA-s2d4,CD14+ Mono
TGTAAAGCATGTTGCA-s2d4,Normoblast
TAATCACCAAAGGTAC-s2d4,Erythroblast
GTATTCAAGACAGGCG-s2d4,CD14+ Mono
GGAAGTATCCCTGGAA-s2d4,CD14+ Mono
CCACAATAGTTTCCGC-s2d4,Normoblast
CGGTTATAGCTGGCTA-s2d4,CD14+ Mono
TACTCAAAGTTTCCTG-s2d4,Erythroblast
TGAGGGCCAAGGTACG-s2d4,Proerythroblast
AGGCAGGTCAATCTAG-s2d4,CD14+ Mono
CCTTCGTAGCACTTGG-s2d4,Erythroblast
TTGGATCAGTGACCTG-s2d4,HSC
GCGTAACGTCAAACTG-s2d4,HSC
AGCTTTAAGCTGCACA-s2d4,Erythroblast
ACTTGTAAGGAATAAC-s2d4,CD14+ Mono
CATCATGCAGGTCCTG-s2d4,Erythroblast
GCTAAGCGTCAAGTGC-s2d4,Erythroblast
GGGTTTGTCATCAGTA-s2d4,Erythroblast
TCAAGGAAGTCACGAT-s2d4,HSC
GTAGTTTCATAGTCAT-s2d4,CD14+ Mono
CCCTAATGTGATTACG-s2d4,CD14+ Mono
GTTCTTGTCCGGAACC-s2d4,Proerythroblast
TCGGTTACATAGACTT-s2d4,Proerythroblast
CAAGAACCATAAGGAC-s2d4,CD14+ Mono
TCTTTGTAGCTTAACA-s2d4,Erythroblast
TCAGTAATCGTACCGA-s2d4,CD14+ Mono
TGTGTGAGTCATTGTC-s2d4,Erythroblast
GGATTGCGTCATTACC-s2d4,CD14+ Mono
TCCCGGACAAGGTGGC-s2d4,Erythroblast
GCTGAGGAGCCATCAG-s2d4,CD16+ Mono
AGAACAAGTGATCATG-s2d4,CD14+ Mono
TCTTCAAGTGAGCAAG-s2d4,Erythroblast
CATAGGTTCAGGAACA-s2d4,CD14+ Mono
TGCTAACAGGGTGAAC-s2d4,G/M prog
GCGAAGTAGGTTTGCG-s2d4,CD14+ Mono
CAGAATCTCAGGATGA-s2d4,CD14+ Mono
CAGGCTGGTTTAGCTC-s2d4,Erythroblast
CTTCTAAGTCACACCC-s2d4,Normoblast
ACCTGGATCTTGTCCA-s2d4,Erythroblast
CTTGTAAAGTTTAACG-s2d4,Erythroblast
TTGCAACAGCGAAGTA-s2d4,Erythroblast
TCAGTGAGTGCTTAGA-s2d4,Erythroblast
CCTATAGCAAGTCGCT-s2d4,Erythroblast
TGAACAACAGATTCAT-s2d4,Normoblast
GGAAGTATCAGGTCCA-s2d4,Erythroblast
GCAAGTGCACCTCACC-s2d4,Erythroblast
CAAAGTGAGTGAGCAA-s2d4,CD14+ Mono
CTGACATAGCTGTCAG-s2d4,Normoblast
TGAAGGATCTTAGTCT-s2d4,Erythroblast
GATAATCGTTTGTCTA-s2d4,CD14+ Mono
ACTCGCTTCGTTTCCA-s2d4,G/M prog
ACGGTACGTAAGGTTT-s2d4,CD14+ Mono
AACTAGTGTAAAGCGG-s2d4,Normoblast
GTCGCAATCCTTAGGG-s2d4,Erythroblast
CGGTTTGAGGATCCGC-s2d4,Normoblast
GGCCTCTGTCCAAGAC-s2d4,CD14+ Mono
GTCTTTAGTGATGAAA-s2d4,Normoblast
TCATTTGGTTAATGCG-s2d4,CD14+ Mono
TGAACAACAAGGTCCT-s2d4,CD14+ Mono
GTAGCTGTCCGTCCAT-s2d4,Erythroblast
ATAGCATGTCATGAGC-s2d4,Erythroblast
GATTAGCTCTGTTCAT-s2d4,Normoblast
CATTATCTCATTGCGG-s2d4,Erythroblast
GCCTCGACATGCTTAG-s2d4,Normoblast
GCTTAAATCAAGACTC-s2d4,pDC
GCTTACCTCCTTGAGG-s2d4,Erythroblast
GGCTCAATCACTCGCT-s2d4,Erythroblast
TGCTTGCTCCGGAACC-s2d4,Erythroblast
AATTACCCAGTTATGT-s2d4,CD14+ Mono
TATGAAGCAATAGCAA-s2d4,CD16+ Mono
GTTCCTGGTTTGCTGT-s2d4,HSC
ACTATGTCAATATAGG-s2d4,Normoblast
GGGTTATTCATTGCGG-s2d4,Erythroblast
CCAGGAACATCGCTTT-s2d4,Erythroblast
TATCACAAGTCATCCC-s2d4,Proerythroblast
GCCATTACAAGGACCA-s2d4,MK/E prog
TCAATCGCAGGCCTTG-s2d4,CD14+ Mono
AGCTTAATCAATGAGG-s2d4,Proerythroblast
GGTTAGCGTGAGCAAG-s2d4,Normoblast
TTCGTGCTCCCTTGCG-s2d4,Erythroblast
GGATTTATCCTGTTCA-s2d4,Normoblast
GTTACTCGTCTTACTA-s2d4,CD14+ Mono
CACGCTAAGCTCATAA-s2d4,Normoblast
AACCTAATCATCCTCA-s2d4,CD16+ Mono
AGCAACAAGCCTGTGA-s2d4,pDC
ACTAACTCAGCATGGA-s2d4,Normoblast
TTTAAGGTCCACCCTG-s2d4,CD14+ Mono
AAGCGAGGTGCATTTC-s2d4,CD14+ Mono
CTGCTACTCCTTCTAG-s2d4,CD14+ Mono
GCTTGTTGTTTGGCTT-s2d4,CD14+ Mono
GATCGAGCAAATGCCC-s2d4,Erythroblast
CATAGTCAGTGTTGTA-s2d4,Normoblast
TATCGCACACAATGCC-s2d4,Proerythroblast
ATTGCACAGATGGAGC-s2d4,Erythroblast
ATAGATGCATACCCGG-s2d4,Erythroblast
CTAATCGCATATAACC-s2d4,HSC
TCCTCACAGTCCTTCA-s2d4,CD14+ Mono
TTATTGCTCCCTCAGT-s2d4,Erythroblast
TACATCAAGCGCAATT-s2d4,CD14+ Mono
ATTGTGATCCTTCTAG-s2d4,Proerythroblast
GCACGGTTCAGGAACA-s2d4,CD14+ Mono
CAATCCTGTCCGTGAG-s2d4,Normoblast
CTGGTCAAGCTAATCA-s2d4,CD14+ Mono
GCCAGGTTCTGTGCAG-s2d4,CD14+ Mono
GACAATACACAACAAA-s2d4,CD14+ Mono
CCGTGCTGTAATTAGC-s2d4,Proerythroblast
ATGACCAGTTTGGCGG-s2d4,CD14+ Mono
GTTCCTGGTTAATGCG-s2d4,G/M prog
CGTCCTAGTTGGCGTG-s2d4,Erythroblast
CCGTTATGTGTTGCTT-s2d4,Normoblast
CTCATGCTCCTTAGGG-s2d4,CD14+ Mono
TTGCGAGTCATAACTG-s2d4,Erythroblast
CGTTGCAAGGAAGCAC-s2d4,Erythroblast
CTAACCTGTGGAAACG-s2d4,Normoblast
TTCCACGGTTAGGTTG-s2d4,Erythroblast
ACTGAATGTGGTTAGC-s2d4,Normoblast
TGGACAAAGCACTAGT-s2d4,CD14+ Mono
TTATCCGTCATAACCA-s2d4,CD14+ Mono
ATATGCATCCTTGCGT-s2d4,CD14+ Mono
AGGTCATTCGAGGAAC-s2d4,CD14+ Mono
CATGGATTCTTGTCTG-s2d4,Normoblast
CCTTAGTGTTACTTGC-s2d4,Proerythroblast
ATTATCCTCGGTCATG-s2d4,CD14+ Mono
GTAGGCGAGAGAAGGG-s2d4,Erythroblast
GGAACCTGTGCTCCGT-s2d4,Erythroblast
TACTTGTTCAAACACC-s2d4,Normoblast
GCGAAGTAGCGCAATT-s2d4,Erythroblast
GTAAGCAAGCATTATG-s2d4,Erythroblast
CAGTACCCACAATACT-s2d4,Erythroblast
GTGCTTACAATTAGCT-s2d4,cDC2
ACCTAAATCCCTGGTT-s2d4,Erythroblast
CCAAATCAGGCGAAAC-s2d4,Normoblast
GAGCAAATCTGTGCCT-s2d4,Normoblast
TATCGCGAGTTTGAGC-s2d4,CD14+ Mono
AACTTAGTCTATTGTC-s2d4,Normoblast
GAGAGGCGTTAAGCGC-s2d4,HSC
GAGCCACTCGGCTATG-s2d4,Erythroblast
ACACAATGTTAAGGTT-s2d4,Normoblast
TTGTGCCTCGGTTTCC-s2d4,Erythroblast
TACTTGTTCACTAAGC-s2d4,Erythroblast
CTAAAGCTCCTTAATC-s2d4,Erythroblast
TGGACGGAGCATTTCT-s2d4,Erythroblast
TACTTGTTCGAAGCGG-s2d4,Normoblast
GTCTTTGTCTTGCAAA-s2d4,Erythroblast
TCTTTGTAGCAAGACA-s2d4,CD16+ Mono
GAACCAAAGTAATCCA-s2d4,CD16+ Mono
AAGCCTCCAGCACCAT-s2d4,Erythroblast
GCAGGAAGTACTGATG-s2d4,Proerythroblast
CTCCTCACACTAGGTC-s2d4,Erythroblast
ACGGTTTAGTACCGCA-s2d4,Erythroblast
TACCTTAGTTGCTTCG-s2d4,CD14+ Mono
TCCCTCACAGGCTGTT-s2d4,Erythroblast
CGGTAACGTGGACCTG-s2d4,MK/E prog
TCAAGCTAGATGCCTG-s2d4,CD14+ Mono
AGCGTGCTCGGTCAGC-s2d4,CD14+ Mono
GAGCTTAGTAGGTGTC-s2d4,cDC2
CCCAGTTTCCTGTTCA-s2d4,CD14+ Mono
ATTACGTCATTGTCAG-s2d4,Proerythroblast
TCACCTCAGAGAGGAG-s2d4,HSC
GGGTTATTCCAGGTCA-s2d4,Proerythroblast
GTAGTTTCAGTAAGTA-s2d4,Erythroblast
TTACCTGTCAAACCTA-s2d4,CD14+ Mono
GCAGGAAGTGAGCACT-s2d4,CD14+ Mono
TAATCACCACTAAATC-s2d4,CD14+ Mono
ACTTACAAGTTGCGTG-s2d4,cDC2
GCACGCTAGTCATGCG-s2d4,Normoblast
AGGCTAGCAATCCCTT-s2d4,Erythroblast
AGTTGCGTCTCAATAG-s2d4,Erythroblast
GCAGCAACACTAAGCC-s2d4,Normoblast
GGTGTTGTCTAGCGTG-s2d4,Proerythroblast
CGAAGCCTCGCGCTAA-s2d4,CD14+ Mono
ACCAGGGAGTAAGAAC-s2d4,Erythroblast
CTTAGTTTCGAAGTAG-s2d4,CD14+ Mono
CTTATTGGTAGGTGTC-s2d4,CD14+ Mono
AAATGCCTCCGCTAGA-s2d4,Erythroblast
AAGTGAAGTGGATGTC-s2d4,Erythroblast
CACTTAAAGCAGGTTT-s2d4,CD14+ Mono
AAGTTAGCACCGGTAT-s2d4,CD14+ Mono
CGTGTTACATAATGAG-s2d4,Erythroblast
AAACGCGCAAGTGTTT-s2d4,Erythroblast
CCTATTTAGTCATTTC-s2d4,Normoblast
AGGTTAACATAACGGG-s2d4,Normoblast
TAACAAGCAGTAAAGC-s2d4,CD14+ Mono
GATTGCGTCCGCCTCA-s2d4,MK/E prog
GGTGAGCCACAACCTA-s2d4,Erythroblast
GCCTTGCGTCATTGAG-s2d4,Erythroblast
TTAGCTGCAGTTATGT-s2d4,Proerythroblast
GTAAGGTCAGCTCATA-s2d4,Erythroblast
AAGCTATGTCATAACG-s2d4,G/M prog
ACAGGTAAGTCATTGA-s2d4,CD14+ Mono
GTCTTGCTCATTGCAA-s2d4,Erythroblast
TAGCGGCTCTCACTCA-s2d4,Proerythroblast
GGTCTTGAGTCATTGA-s2d4,CD14+ Mono
CACATAATCTAAATCG-s2d4,CD16+ Mono
CTTTGAGCATTATGCG-s2d4,CD14+ Mono
GTTAGACTCACAAGCT-s2d4,Erythroblast
ACTGAAACAGGCTAAG-s2d4,CD14+ Mono
TCATTTGGTTAAGGTT-s2d4,Proerythroblast
TACGCACCAGGCCAAA-s2d4,CD14+ Mono
TTTGTCCCACTTGTTC-s2d4,Erythroblast
TTTCCTGAGAGAGCCG-s2d4,Normoblast
GATCAGTTCATGCTCC-s2d4,Proerythroblast
TTTGACTTCCTCCCTC-s2d4,Proerythroblast
CGAGGCAAGGTTAGAG-s2d4,Normoblast
TCACCTGGTCAATGTG-s2d4,CD14+ Mono
CAATCCTGTTCGCTTG-s2d4,CD14+ Mono
TGCTCAACAAGTCGCT-s2d4,CD14+ Mono
GTATGTGGTCATAACG-s2d4,Erythroblast
TTGTCAAAGGCGAATA-s2d4,Erythroblast
CGTAACCCAATTAACC-s2d4,Normoblast
CCCTCACCACCTATAG-s2d4,Erythroblast
ACAAAGGTCAGCAAGA-s2d4,Erythroblast
TTAAGTGTCAGCAAAG-s2d4,Erythroblast
ACAACAGAGCCTGAGC-s2d4,Normoblast
GGACGGATCGCGCTAA-s2d4,CD14+ Mono
TATAGGTGTAATGACT-s2d4,CD16+ Mono
GACTCACCATATTGAC-s2d4,CD14+ Mono
TGTGGCGGTGACATGC-s2d4,CD14+ Mono
GGATATTGTATCTGGA-s2d4,CD16+ Mono
TACCTTAGTTAAGGTT-s2d4,CD14+ Mono
AGGTCATTCAGGTTTA-s2d4,Normoblast
GAACCAAAGCGGCTGT-s2d4,CD16+ Mono
TAGGAACCAATACTGT-s2d4,Erythroblast
GGCCATCAGCAAGATG-s2d4,Erythroblast
ATACCGGTCCTTAAGA-s2d4,Normoblast
AAACCGAAGTCATTGA-s2d4,CD14+ Mono
GAGTAACCAATCCCTT-s2d4,Erythroblast
ACTTGTCGTTAAGGTT-s2d4,CD14+ Mono
TCCCTGGTCTGTGCAG-s2d4,Normoblast
GCACGCTAGCAGCTCA-s2d4,Proerythroblast
GACCTGATCGAGCAAA-s2d4,CD14+ Mono
CCGTTATGTTAGGCGT-s2d4,G/M prog
TAATGCATCGTACCGA-s2d4,CD14+ Mono
GATAAAGGTGAGACTC-s2d4,Normoblast
TACCGTTGTTCATCTA-s2d4,CD14+ Mono
CCTTGTTCAATGCCTA-s2d4,CD14+ Mono
AGGTTTGGTGAGCACT-s2d4,Erythroblast
AGCAAGGGTGCTCCAC-s2d4,CD14+ Mono
AGCAACAAGGGCCACT-s2d4,Erythroblast
CAACAATGTCAAGACC-s2d4,pDC
GCACTTACAGCAAGAT-s2d4,G/M prog
GTTGCGGGTGCTGTAA-s2d4,Erythroblast
AATTGGACAGCTCATA-s2d4,Erythroblast
AGGCAGGTCAGCAAAG-s2d4,CD14+ Mono
TGAGGTGCATTGCGTA-s2d4,Erythroblast
CTATGGCCACCGGTAT-s2d4,Erythroblast
ATGGCTGTCAAGCTAC-s2d4,Normoblast
AGACCCGGTTTGACCT-s2d4,HSC
CCTTATGTCTAGCTTT-s2d4,Normoblast
CCGTTAACAGGTATTT-s2d4,Erythroblast
CGTTGCGCAGGTTCAC-s2d4,Erythroblast
AATTGGGAGTTAGACC-s2d4,Normoblast
GGCTGTCAGTCCTTCA-s2d4,Normoblast
TAGCGGCTCAATCTAG-s2d4,CD14+ Mono
CCCAAATAGTTTGGGT-s2d4,Proerythroblast
AGTTGCGTCGTTATAG-s2d4,HSC
ATTAACCCATAGGCGA-s2d4,CD16+ Mono
GATTAAGCAGGCCAAA-s2d4,CD14+ Mono
GGAGTGAGTATTGCAG-s2d4,Erythroblast
TTAACCAAGTTTGTCT-s2d4,CD16+ Mono
AGCTAGTTCTGTAAGC-s2d4,Erythroblast
CGAATCTAGGTGCGGA-s2d4,CD16+ Mono
CCCTCAGTCTCCTCTT-s2d4,Erythroblast
GTTAAACGTTGCAATG-s2d4,cDC2
TTGTGAGGTTCCTCCT-s2d4,CD14+ Mono
ACCTAAATCGTTTCCA-s2d4,Erythroblast
TCTACCTCATTCCTCG-s2d4,Erythroblast
TTAAAGGCACTGACCG-s2d4,CD14+ Mono
TCGTTACGTAACAGGG-s2d4,G/M prog
TACTAAGTCAATGAGG-s2d4,Normoblast
TTAAGGACACAGAAAC-s2d4,Erythroblast
CTTGTAAAGGACGTAA-s2d4,Erythroblast
CCAGGAACAAGTCGCT-s2d4,Normoblast
GTCCTCCCAGCTTACA-s2d4,Normoblast
CACAGGCTCCTCATCA-s2d4,Erythroblast
CGGCCATAGCGGCTGT-s2d4,Erythroblast
GACTCACCACGGTACT-s2d4,CD14+ Mono
TGGTGCATCGAGCAAA-s2d4,HSC
ATTTGCGCATGAGTTT-s2d4,CD14+ Mono
AATAGAGGTTATTGCC-s2d4,Erythroblast
TATTTGGAGAAAGGAA-s2d4,CD14+ Mono
CCCGCAACATTAGCGC-s2d4,Erythroblast
ACGACAAAGGTGAAGC-s2d4,Erythroblast
GTTACAGGTCCTTCAG-s2d4,Erythroblast
AGCAATACACGTGCTG-s2d4,G/M prog
GAGTAACCAGCATGTC-s2d4,G/M prog
TCACTGACACAAGCCT-s2d4,CD14+ Mono
GAGCATGCAGCACCAT-s2d4,Erythroblast
GGCCTAATCGTGCCTT-s2d4,Erythroblast
CACAAGCGTCCTTCAG-s2d4,CD14+ Mono
TTTGTTGGTTTGGTTC-s2d4,cDC2
TCCTAGTGTCAAGTGC-s2d4,Normoblast
TTTAGCTTCCTCATCA-s2d4,Normoblast
CGTGACATCCTAATTC-s2d4,CD14+ Mono
TTCTTAGGTTCCTGTG-s2d4,CD16+ Mono
GACTTGGTCCATTACT-s2d4,Normoblast
CTTTAGGCAATTAACC-s2d4,Erythroblast
CCAACCAAGTTCCCGT-s2d4,Erythroblast
CTTACCGGTATTTGGG-s2d4,Erythroblast
CACGCTAAGGGCTAAA-s2d4,Normoblast
GGATATTGTCAAAGAA-s2d4,Erythroblast
CGATTTGCACCGGCTA-s2d4,Erythroblast
GTCGAAGCAAGGCCAA-s2d4,cDC2
ACAGCCGGTGCATCGG-s2d4,CD16+ Mono
CGAGGTGAGATGGAGC-s2d4,Normoblast
AGTAACGAGTAAAGGT-s2d4,Proerythroblast
GGCGGTAAGCGTGCGT-s2d4,CD14+ Mono
TGGTGCATCAGGAACA-s2d4,Erythroblast
GTCATCACACTAAGCC-s2d4,Normoblast
ATGACAACAGGCTTGT-s2d4,Normoblast
GATTCCTGTCCGGTTC-s2d4,Erythroblast
TAATGGTGTGACATAT-s2d4,Proerythroblast
ACGGTACGTTAAGGTT-s2d4,Erythroblast
CTCACTCAGGGCCATC-s2d4,CD14+ Mono
GTTGCGGGTCCTCCAA-s2d4,Erythroblast
CCACAGGGTCATCAAG-s2d4,Erythroblast
TCAGTAATCCGTAAAC-s2d4,Erythroblast
CCCAACCGTTAACAGT-s2d4,Erythroblast
TGGTTCCTCCTGGTCT-s2d4,CD14+ Mono
GCTTAAATCATTAGTG-s2d4,Erythroblast
TGGCGGTTCGATATTG-s2d4,Erythroblast
CTTAACAAGCTGGACC-s2d4,Erythroblast
GGCCAACTCACTAAGC-s2d4,CD14+ Mono
ATCGCCCGTGGAAGGC-s2d4,Erythroblast
ATTACCCGTGCGCATG-s2d4,Erythroblast
CTCCGTCCAATATAGG-s2d4,HSC
CGAACCGGTTTCGCGC-s2d4,Erythroblast
TCGGTTACAATAACCT-s2d4,Proerythroblast
GTCATCACATACCCGG-s2d4,Normoblast
ATGGCCCAGCGGATTT-s2d4,Normoblast
CACGCTAAGGAAGTAT-s2d4,CD14+ Mono
GCCTTTATCATTAGTG-s2d4,CD14+ Mono
TTACAGCAGTATTGGC-s2d4,Normoblast
AGCCTGGGTCAGTAAT-s2d4,CD14+ Mono
TTCAGCACATTAGCGC-s2d4,G/M prog
AACAAGCCACGAATCC-s2d4,CD14+ Mono
AAAGGACGTAATGGCC-s2d4,HSC
TGAAACTGTCATCATC-s2d4,Normoblast
TCCTAGTGTTCCAGGG-s2d4,Erythroblast
TACAGGTTCAGCTAAC-s2d4,Normoblast
AAGTGTTGTTCAAGCA-s2d4,Erythroblast
AACTCACAGAGAGGCT-s2d4,Erythroblast
ACTGAATGTCAACAAT-s2d4,CD14+ Mono
GATGGACAGCGCCTTT-s2d4,Normoblast
TTGGGCGGTAATAACC-s2d4,Erythroblast
TATTTGGAGCAGGTTT-s2d4,CD14+ Mono
AAAGCGGGTAATCCCT-s2d4,Normoblast
CTATGATCACTATGGC-s2d4,Erythroblast
CGCATTACAAGCTTAT-s2d4,Normoblast
AACATCATCATTACTC-s2d4,CD14+ Mono
CTGGACCAGGACCTTG-s2d4,Erythroblast
TGACCAAGTTGCATCT-s2d4,Erythroblast
CGCTACTTCGATTTGA-s2d4,Proerythroblast
GCCATTACAATTAACC-s2d4,Normoblast
TCAGTAGGTAAGGTTT-s2d4,Erythroblast
GCGAAGCCATCCTGAA-s2d4,Erythroblast
AACTAGCTCCGCATGA-s2d4,Erythroblast
CTTGTAAAGTTTGCGG-s2d4,CD14+ Mono
CGGATTAGTTGCACGG-s2d4,Normoblast
TTGATGTCAGCTCATA-s2d4,Erythroblast
CTGCTCCCAGGACCAA-s2d4,Erythroblast
AGGCTAGCAGTTAGCC-s2d4,Erythroblast
CGCTTCTAGAAAGGAA-s2d4,CD14+ Mono
TCGATTAAGGGTGAGT-s2d4,Erythroblast
GGGCGAATCATGGCCA-s2d4,CD14+ Mono
GGTTTGTAGTCTGGGC-s2d4,CD14+ Mono
TCTAACTTCCTACCTA-s2d4,CD14+ Mono
TGTGGCGGTTAATGAC-s2d4,Erythroblast
TAGCAGGCATTGTTGG-s2d4,Erythroblast
ACAGGATCATAGCGGA-s2d4,Normoblast
GCGAAGCCAATTATGC-s2d4,Erythroblast
CCTATATTCAGGCTAT-s2d4,CD14+ Mono
GCGTGCTAGTTAGACC-s2d4,Erythroblast
GCTAATATCAGGAACA-s2d4,CD14+ Mono
GATGACTTCACGCATG-s2d4,Erythroblast
AATGCGCGTAGGTTGC-s2d4,CD14+ Mono
CCTTCGGTCTTTGTAC-s2d4,CD14+ Mono
ACCTTGTGTGCTTTAC-s2d4,Erythroblast
CCTAAGTAGGTTTGAC-s2d4,Erythroblast
ATAAGCCTCTCGCCTG-s2d4,CD14+ Mono
TTCAGCACAACTGGCT-s2d4,Erythroblast
CAGGAAGGTTAACGGC-s2d4,cDC2
TGTGCGCAGGATCACT-s2d4,CD14+ Mono
TCGTGCTTCACAGCCA-s2d4,Erythroblast
AGACCCGGTTGTAACG-s2d4,CD14+ Mono
ACAGCGCTCCTTCTAG-s2d4,Erythroblast
GGTAATTGTTTAGTCC-s2d4,Erythroblast
ACAGGTAAGCTTAACA-s2d4,pDC
CTGAAACTCCTCAGCT-s2d4,CD14+ Mono
TGACCAAGTAATGGCC-s2d4,Normoblast
CACCGGTAGTTATGGC-s2d4,Normoblast
TGAGGGCCACAGGATG-s2d4,Erythroblast
ATTGCACAGACTATTG-s2d4,CD14+ Mono
CTAGTGAGTTTGGCTT-s2d4,CD14+ Mono
GGCTGTCAGCGATAAG-s2d4,Erythroblast
GTTTCAGCAATTAACC-s2d4,CD14+ Mono
AAAGCCCGTATGGTGC-s2d4,Erythroblast
CTATGATCATCAGTAT-s2d4,CD14+ Mono
TGATTCAAGTTCCCAC-s2d4,CD14+ Mono
GGCTTCAAGGTCTTGG-s2d4,CD14+ Mono
AACGCTAGTCATTACC-s2d4,Erythroblast
TTGTGAGGTTTGGCTT-s2d4,Erythroblast
AATGAAGGTGCTCCAC-s2d4,Erythroblast
CTAATGTCAAGGTACG-s2d4,CD14+ Mono
CCCAGCACATGTTGCA-s2d4,cDC2
AGGAACGGTTGGCGTG-s2d4,CD14+ Mono
ATTACCGCAATGAATG-s2d4,Erythroblast
CTTGCTCAGGCGCATC-s2d4,Normoblast
GGCGATACATTGTGGC-s2d4,Erythroblast
GCTAACAGTCCTTTAA-s2d4,CD14+ Mono
ACCCGGTAGACACTTA-s2d4,Erythroblast
TAAGGCTTCTAGCTTT-s2d4,Proerythroblast
TACAAGCTCTTTGACT-s2d4,Erythroblast
CCCGCAACAACACTTG-s2d4,Normoblast
TCAAGTATCCTAAATG-s2d4,CD14+ Mono
AGAAGGTGTCTCACTG-s2d4,Erythroblast
GGGCATTGTAAGGTTT-s2d4,HSC
GATGGACAGCCGCTTT-s2d4,CD14+ Mono
GGAATCTTCGCGCTAA-s2d4,CD14+ Mono
CATAACGGTCATGCAA-s2d4,Erythroblast
CAATGTGGTAACGGGA-s2d4,CD16+ Mono
GGCTGTCAGAAGGTGC-s2d4,Erythroblast
CTGACCAAGCCGCTAA-s2d4,CD14+ Mono
TGCACCTTCATTTGCT-s2d4,Normoblast
GTGCGGTTCATTTGTC-s2d4,Normoblast
GCTGCAATCCAATTAG-s2d4,Erythroblast
GTACCGGGTCGCAAAC-s2d4,CD14+ Mono
ATAACGACACCGGTAT-s2d4,Erythroblast
CCTTGCGTCAATCTCT-s2d4,CD14+ Mono
GCTCACAAGGAAGTAT-s2d4,Erythroblast
GGCTTAAGTCATAACG-s2d4,CD14+ Mono
TTAGAAGCATCGCTTT-s2d4,CD14+ Mono
AGAAGGTGTTAATCGG-s2d4,HSC
TGTGGCCAGGTCGAGG-s2d4,Erythroblast
ATGGACAAGCCTCTCG-s2d4,Erythroblast
ATGCGATTCACGCATG-s2d4,Erythroblast
CAAAGTGAGCCGCTAA-s2d4,Erythroblast
GCAAACCGTTGTCCAT-s2d4,CD14+ Mono
GGCTCAATCAGGAACA-s2d4,Erythroblast
GGAACAATCACGCATG-s2d4,Proerythroblast
AGTTATGTCTTAGTCT-s2d4,CD14+ Mono
GCCTTTGGTCTATCGT-s2d4,Erythroblast
GCTTTACGTATACTGG-s2d4,Erythroblast
ACCTGGATCATTCATC-s2d4,Normoblast
GGACATAAGCTCAAAC-s2d4,Normoblast
AATCGCCCACCTAAGC-s2d4,Erythroblast
TTGACATCATGTTGCA-s2d4,CD14+ Mono
TGGTGATTCTAAGGAG-s2d4,Erythroblast
CTTTATCAGGTCCTAG-s2d4,Erythroblast
TTGCACACATTGGGAG-s2d4,Normoblast
AACAGGATCAATGTCA-s2d4,Erythroblast
ACAACAACACAGCCTG-s2d4,CD14+ Mono
TTTCGTCCATTGTTGG-s2d4,CD14+ Mono
AGATGAAGTCCTAATC-s2d4,Erythroblast
TTGCCCGTCTCCTCAA-s2d4,CD14+ Mono
TTGACGTAGGGTCCAC-s2d4,Normoblast
GTGAATCTCCGCACAA-s2d4,Erythroblast
CCGCAAATCGGCTAGC-s2d4,CD14+ Mono
GGTTACCCAGGAACAT-s2d4,Erythroblast
ATCTATGAGGCGTAAA-s2d4,HSC
GGCTATGTCCGCAAGC-s2d4,Erythroblast
CTGTGTGAGGACCTCA-s2d4,Erythroblast
CGAACCGGTTTGAGGC-s2d4,Erythroblast
TGTATCGCATAATCGT-s2d4,Proerythroblast
AGGACTAAGGCTTAAC-s2d4,Erythroblast
TTACACCGTGCTCCAC-s2d4,Normoblast
TGATCAATCAAGCTTA-s2d4,CD14+ Mono
TAAGCCAGTACCGGAT-s2d4,Normoblast
CTTCAGGAGTAGGCGG-s2d4,CD14+ Mono
GACACCGGTTAGGCTA-s2d4,CD16+ Mono
GTCGAGGAGCTGGAAA-s2d4,G/M prog
AAAGGAGCAACCGCCA-s2d4,CD14+ Mono
AGCAAATAGGTTACAC-s2d4,Erythroblast
CTAATTGAGGTCAAAG-s2d4,Erythroblast
GATAATCGTTCGGTAA-s2d4,CD16+ Mono
GGTGAGCCATTCAGCA-s2d4,Normoblast
CAAACATGTAACCACA-s2d4,Erythroblast
GTCATCCTCGCCTGTT-s2d4,Erythroblast
CTAAGTCAGCAAGGAC-s2d4,Erythroblast
TCAACAATCCACCTTA-s2d4,Erythroblast
GTTGGCCAGTTATTCC-s2d4,Proerythroblast
CACGCTAAGTAACAGG-s2d4,Erythroblast
TTATCCTAGCAACATC-s2d4,Erythroblast
CGAACCGGTGTTGTGA-s2d4,Normoblast
TGAAGCAAGTGTTGCG-s2d4,Erythroblast
ACGACAAAGTAACGAG-s2d4,CD14+ Mono
CAAACCGTCCAGGGAG-s2d4,Normoblast
TCAAGCTAGCGAAGTA-s2d4,Normoblast
AAGGAAGCATTTGCTC-s2d4,CD14+ Mono
GCAATAGAGAACCTAC-s2d4,Erythroblast
CATAGCTAGAAACTGG-s2d4,CD14+ Mono
TAGGGTTTCACAGCGC-s2d4,Erythroblast
TCGGTAAGTTTGGGCG-s2d4,Proerythroblast
TTGCTCTCACCTCACC-s2d4,Erythroblast
GGTATTGGTACCGTTT-s2d4,Normoblast
AAGAACAGTTAAGTGT-s2d4,Erythroblast
AACTACTCAATCCTGA-s2d4,Erythroblast
ATCGGCCAGCGGATTT-s2d4,Erythroblast
CCCAGCACATGCTCCC-s2d4,CD14+ Mono
GACCTGATCCTAAGAC-s2d4,Erythroblast
CGTTAGTAGCACAGCC-s2d4,Normoblast
AGCTTTAAGAGAAGGG-s2d4,CD14+ Mono
TGTATCCGTTACATCC-s2d4,HSC
CTAATTGAGACAACAG-s2d4,CD14+ Mono
TCTGTGACATTAAGTC-s2d4,Proerythroblast
AAGCGCTGTACTGATG-s2d4,Erythroblast
AAGCCTGTCAGTGAAG-s2d4,Normoblast
GAGCAAATCGGTCAGC-s2d4,Erythroblast
TGTGGCCAGGAAGCTA-s2d4,Proerythroblast
ACCTTCCAGGCCGGAA-s2d4,Erythroblast
ATGATGGAGCTATTGA-s2d4,CD14+ Mono
ATATGCTCATAAGCAA-s2d4,Normoblast
GATCAGTTCATTAGCA-s2d4,CD16+ Mono
TATAGGTGTTGCACGG-s2d4,Erythroblast
TCTAACTTCCGCCAAA-s2d4,CD14+ Mono
AGCCTAAGTCTAACAG-s2d4,Erythroblast
GAACCAGCAGCATGTC-s2d4,Normoblast
CGATTATCAGGTATTT-s2d4,pDC
CCGTTATGTCCCGAAG-s2d4,CD14+ Mono
TGGATTCAGTTATGGC-s2d4,Erythroblast
GCTGGATGTAGGTTAT-s2d4,CD14+ Mono
AGCTAAACAAGGAATC-s2d4,Erythroblast
GATCAAGAGTTGGCCA-s2d4,Erythroblast
CCTATTTAGGACAATG-s2d4,Erythroblast
GAAGGAACAGCATTAT-s2d4,Proerythroblast
CAACTAGGTTAAGTGT-s2d4,CD14+ Mono
CTTAGGAGTCTCAGCC-s2d4,Erythroblast
CTCGCTAGTATTCGCT-s2d4,CD14+ Mono
ATTGACTCAATTAACC-s2d4,Erythroblast
AAGTTTGTCCTAAATG-s2d4,Erythroblast
GTAGGATCAAGGACCA-s2d4,pDC
CTACAACAGGGATGCG-s2d4,G/M prog
CGACTAAGTTAGAGGG-s2d4,Normoblast
GAAACTGAGTTCCTCA-s2d4,Erythroblast
TCAGTGAGTCACAAAT-s2d4,Erythroblast
GAGCCACTCTGTGAGT-s2d4,Erythroblast
TGCGGTTCATGTCAAT-s2d4,Erythroblast
AAGCTAGAGGCCTAAT-s2d4,Erythroblast
AGGGCTACATTAGGCC-s2d4,CD14+ Mono
CTCGCTCCATAAGTTC-s2d4,CD16+ Mono
ATCCTGACAATAGCAA-s2d4,Normoblast
CACAGGGAGTAGCTTA-s2d4,Erythroblast
AATTTGCCAGCCTGCA-s2d4,Erythroblast
GGCGCTAGTTGACTTC-s2d4,Normoblast
TGTATCGCACCTAAGC-s2d4,Normoblast
CAGCCTAAGGACACTT-s2d4,CD14+ Mono
TCCGCCATCAAGACTC-s2d4,CD14+ Mono
TAGACCAGTTAAGCGC-s2d4,Normoblast
AGAAAGGCATCAGCAC-s2d4,CD16+ Mono
TCCTTAGTCCTAGTAA-s2d4,CD16+ Mono
GGTGAGCCAGCATGGA-s2d4,CD14+ Mono
TAGCGGACACCTATAG-s2d4,CD14+ Mono
CAACCCGCAACATAAG-s2d4,CD16+ Mono
GAGGTGAGTTTGGCTT-s2d4,Proerythroblast
AGTTACTCATGAAATG-s2d4,Proerythroblast
CAAGTAACAATGAGGT-s2d4,CD14+ Mono
TCGTTACGTCCTCCAA-s2d4,Erythroblast
AGCACTAGTCACACCC-s2d4,CD14+ Mono
GCTTTATTCCTGGTGA-s2d4,CD14+ Mono
TGGCTATAGGTCGAGG-s2d4,CD14+ Mono
CGGTGAGAGTGACCTG-s2d4,CD14+ Mono
TTCAGGTAGACTTATG-s2d4,Erythroblast
CGTGTTACATAGCGGA-s2d4,Proerythroblast
TTTGTCCCACAATACT-s2d4,CD14+ Mono
ACCTGGTCAACACCTA-s2d4,CD14+ Mono
ACATTGCAGCTTCCCG-s2d4,Normoblast
CAATGAACACATTGCA-s2d4,Erythroblast
AAGCTATGTGAGGTAG-s2d4,CD14+ Mono
AAGAACAGTTCCGGGA-s2d4,Erythroblast
CAGGATGCATAAGTTC-s2d4,Erythroblast
GCCAGGTTCAGGAAGC-s2d4,CD14+ Mono
TTAAAGGCATGAATCT-s2d4,Erythroblast
TACTTGTTCTTGCTAT-s2d4,Erythroblast
ATGGCTTAGAGCCGCT-s2d4,Erythroblast
CGCTTAACACAGGATG-s2d4,pDC
CTCGCTCCAGCAAGTG-s2d4,CD14+ Mono
GTTTACCGTCATAGAT-s2d4,CD14+ Mono
GATTGCAGTTACTTGC-s2d4,Normoblast
GGTAACTTCAGCACGC-s2d4,Erythroblast
CTTGCGCGTATTGTGG-s2d4,Erythroblast
CTTCACTCAGGATGGC-s2d4,Normoblast
ACGATTCAGCTCATAA-s2d4,Normoblast
CGTGCTGCAGCTACGT-s2d4,CD14+ Mono
CAAACTGGTTAGGCTA-s2d4,Normoblast
GGTTTCCTCGCAATCG-s2d4,CD14+ Mono
GACACCGGTGGACATC-s2d4,G/M prog
CCGCACACACCTACGG-s2d4,CD16+ Mono
CACCTCAGTTAACGAT-s2d4,Erythroblast
TGGCCAATCTCCTCAA-s2d4,Proerythroblast
ACGCTTGAGTCGCTAG-s2d4,Erythroblast
TGAGCTTAGCCGCTAA-s2d4,Erythroblast
TAATGCATCACACAGT-s2d4,Erythroblast
GCTAAGAAGGCTACAT-s2d4,CD14+ Mono
CCTTAGTGTCTCAGCC-s2d4,Normoblast
TGGCCTTTCACCATTT-s2d4,Normoblast
GTTGCTGAGAATCTCA-s2d4,Proerythroblast
TGGCGGTTCTCAATGA-s2d4,Erythroblast
GACACCGGTATTTGGG-s2d4,Erythroblast
GCAATAGAGTGAACAG-s2d4,Erythroblast
GTGTGTTAGAGAGCCG-s2d4,CD14+ Mono
ACGAATCTCAGGGCCT-s2d4,Erythroblast
CGCACACAGACAACAG-s2d4,CD16+ Mono
GGTACTAGTAGGTTTG-s2d4,CD14+ Mono
GGGTTTGTCGCTAGCA-s2d4,Normoblast
CCGTTATGTTCCATTA-s2d4,Erythroblast
ATGTCAATCTTTAAGG-s2d4,CD14+ Mono
GGCATTAGTTCACCAT-s2d4,HSC
CGCTATGAGAATGACG-s2d4,Erythroblast
TGAGGTGCATCACTTC-s2d4,Erythroblast
TTGGCTACAGCGCTTG-s2d4,Erythroblast
GGTGTCCAGCAGGTGG-s2d4,CD14+ Mono
GAGCTTGTCATAACCA-s2d4,CD14+ Mono
TCGACAAGTGTCCAAA-s2d4,CD14+ Mono
TGCTTGCTCCTAATAG-s2d4,Normoblast
TGTCAGTAGCCGCAGT-s2d4,Normoblast
CTAGTCGAGTTTGGGT-s2d4,Erythroblast
ACAGCCGGTAACCAGC-s2d4,HSC
ATGCAGGCAGTCTAGC-s2d4,Erythroblast
AAACAGCCATTGCAGC-s2d4,Proerythroblast
TGAAGTGAGGGACGCA-s2d4,CD16+ Mono
CACCTCAGTCCAAATG-s2d4,Proerythroblast
CGTTTCTCATGCTTAG-s2d4,Proerythroblast
GTAAAGCCAACAGCCT-s2d4,Erythroblast
CGATTCCTCAACCAAC-s2d4,Erythroblast
TAAGCTATCCAGGTCA-s2d4,Normoblast
CTAGTTGCAAACTAAG-s2d4,Proerythroblast
GCGCGATTCCTCCTAA-s2d4,Erythroblast
GGTCAATTCATTACTC-s2d4,CD14+ Mono
AGCAATTGTAGGTTAT-s2d4,Erythroblast
CGATATTCAGGCTAAG-s2d4,Normoblast
AGTCAATGTGATTACG-s2d4,CD14+ Mono
ATATGCTCACTCGCTC-s2d4,Normoblast
GAAGGAACACTAGCGT-s2d4,Erythroblast
CAAACATGTAACGAGG-s2d4,Proerythroblast
GTGCTTCTCAAACTCA-s2d4,G/M prog
CTCCTCACAGTTTGTG-s2d4,Normoblast
GTCCTAGAGGTCGAGG-s2d4,Erythroblast
GTTCCTTCATTATGCG-s2d4,CD14+ Mono
GTCGCAATCGGTCAGC-s2d4,CD14+ Mono
TTAGTCAAGCGCAATT-s2d4,Proerythroblast
ACCTTGCTCGATTTAG-s2d4,Normoblast
GGGTTACGTTAATGAC-s2d4,CD16+ Mono
GGCCTAATCTAGCTAA-s2d4,Erythroblast
GCGATTTAGCCTGGTA-s2d4,Erythroblast
CTCCTCACACCCACCT-s2d4,Erythroblast
TTAATCGAGTTACCGG-s2d4,CD14+ Mono
TGCACCTTCTTAGCGG-s2d4,Erythroblast
GGACAGCCATGAATAG-s2d4,Erythroblast
AGTGATGAGGCATTGT-s2d4,CD14+ Mono
AAAGCCCGTAAGGTCC-s2d4,Normoblast
GTATTCAAGTCACTAA-s2d4,Proerythroblast
CCCAGTTTCTCAATGA-s2d4,CD16+ Mono
GCATATATCAGGATGA-s2d4,CD16+ Mono
GATTCGCCAACTCGCG-s2d4,CD14+ Mono
CAAGGCTGTTCAAGCA-s2d4,CD14+ Mono
ACATAGCTCAATAGCC-s2d4,CD14+ Mono
GTTACTCGTTGTTGCT-s2d4,Erythroblast
GGTGAGGTCACCATTT-s2d4,CD16+ Mono
GTAGTTTCAGCAAGAT-s2d4,Erythroblast
GCCACAATCAAGCCTG-s2d4,Erythroblast
GTTACGCCAGGCCTTG-s2d4,Erythroblast
GACCGTTCATAAACCT-s2d4,CD14+ Mono
TCCATAAAGAGGAGTC-s2d4,G/M prog
GTACTAGGTTGTAAAC-s2d4,Erythroblast
TGGCTATAGCAACATC-s2d4,CD14+ Mono
GCCTGACAGGAGTCTT-s2d4,CD14+ Mono
TCATGCCTCGCTTCTA-s2d4,CD14+ Mono
CGACCTGCAAGGTAAC-s2d4,HSC
GATGACTTCAAAGGCA-s2d4,CD14+ Mono
TAGCAGGCAATGCCTA-s2d4,CD14+ Mono
CAGGACACACTGACTA-s2d4,Erythroblast
CTAAATGTCGGTTAGT-s2d4,CD16+ Mono
TTACACCGTTGGTTAG-s2d4,Proerythroblast
GCTCGATCAGTTGCGT-s2d4,Normoblast
GATAAAGGTTTCAGGA-s2d4,CD14+ Mono
GGTTCCCGTTAGGCTA-s2d4,Erythroblast
GCATTAGGTTTGTCTA-s2d4,Normoblast
CGCACCACATCGCTCC-s2d4,Normoblast
CCCGTAAAGCCGCTAA-s2d4,Normoblast
AGCTACTAGTGGCGGA-s2d4,CD14+ Mono
TACCTGCTCCATAATG-s2d4,CD16+ Mono
ATTAGTCCAATCCTAG-s2d4,Normoblast
AATGTCCAGCTTACTT-s2d4,Proerythroblast
CCCAAACCACATTAAC-s2d4,CD14+ Mono
AGTGGACAGAAGGTGC-s2d4,CD14+ Mono
AGTTACTCAGTAGCCT-s2d4,CD14+ Mono
TTGCAGCCACGTAATT-s2d4,G/M prog
GTTGCTGAGTTCCTCA-s2d4,Erythroblast
TCGGTTTGTTCCATTA-s2d4,Normoblast
TGCTAACAGTTTCCTG-s2d4,G/M prog
TTGCCCGTCACAGACT-s2d4,Erythroblast
GACCGTTCATGTTTGG-s2d4,Erythroblast
AGCAGGTAGTATTGGC-s2d4,Erythroblast
AATCATGTCTTGCAAA-s2d4,Erythroblast
TTAGGAACATAATCGT-s2d4,Normoblast
TTGGATATCCTGAATA-s2d4,Erythroblast
AGGTTACTCCCGAACA-s2d4,Normoblast
TCCCTCACAAGGTCGA-s2d4,Erythroblast
TTTAACCTCAAGTGAG-s2d4,CD16+ Mono
CCTAATCGTATTGTCC-s2d4,Erythroblast
CTGTTTAGTTTGGGCG-s2d4,CD14+ Mono
TATGACATCTCGACCT-s2d4,Erythroblast
AATCCGTAGGATAAAC-s2d4,CD14+ Mono
AGATGAAGTGAGGTAG-s2d4,Proerythroblast
TAGGCTGTCCGCTAGA-s2d4,Erythroblast
CCTCAAACATTGACAT-s2d4,Erythroblast
GTTCACCTCGATTTAG-s2d4,G/M prog
TGTTGCACATAGGCGA-s2d4,CD14+ Mono
CATTGCGAGCACGATT-s2d4,Erythroblast
CACATAATCACAGCCA-s2d4,Proerythroblast
GTGTTCCTCTAACCAA-s2d4,HSC
TGATCGAGTTAAGGTT-s2d4,Erythroblast
CGCTCAGCATAACGGG-s2d4,Erythroblast
TCAGGTCCAACAGGTG-s2d4,CD14+ Mono
ATTACGTCACATAGCC-s2d4,Erythroblast
TTTGACCGTTCCATTA-s2d4,Erythroblast
GCTTGTTGTCGACTAA-s2d4,Proerythroblast
CGTGTGTCAAGGGTTG-s2d4,CD14+ Mono
CGTTAGTAGTCATCCC-s2d4,CD14+ Mono
ATCACAATCGGTTAGT-s2d4,Normoblast
ACCAAACTCGTCAAGT-s2d4,Proerythroblast
TGCCTGTTCTAACTGA-s2d4,Erythroblast
TGCGATTAGTAACGGA-s2d4,Proerythroblast
GTGCATTAGCTGTACG-s2d4,CD14+ Mono
AAGCGAGGTCACAGCG-s2d4,Erythroblast
GACGCAACAGCACCAT-s2d4,CD14+ Mono
CTGTTTAGTAAGGTTT-s2d4,Normoblast
GATAAAGGTCACAGAC-s2d4,Proerythroblast
AGAAACCCATTAAGCT-s2d4,Erythroblast
ACGAACAAGGTACCGC-s2d4,CD14+ Mono
AACATAGCAAGATTCT-s2d4,Proerythroblast
CTTGTCCAGACAAAGT-s2d4,Normoblast
AATGTCCAGTATCGCG-s2d4,Erythroblast
CTTTGTCCAGCCAGAA-s2d4,Normoblast
ACACGGACAACCCTAA-s2d4,Erythroblast
GGCTAGTGTGTCACGG-s2d4,Erythroblast
AACTAGCTCCTGAATA-s2d4,Erythroblast
ATCATCAAGAATCTCA-s2d4,Erythroblast
ACCCGGTAGGAGCATA-s2d4,Normoblast
CTTATTGGTAATGGCC-s2d4,CD14+ Mono
TCCCTCACACAACAAA-s2d4,CD14+ Mono
GGTATTGGTTAGCTGA-s2d4,Erythroblast
GATAATCGTCTTACTA-s2d4,Erythroblast
GTTTCAGCAGATAGAC-s2d4,Erythroblast
ATAATGGCATGGCCCA-s2d4,Erythroblast
GGGTTATTCCCTCGCA-s2d4,Proerythroblast
CCCAGTTTCACTAAGC-s2d4,Erythroblast
GCTGACATCTTACTCG-s2d4,Erythroblast
TGAGCCGGTTGTTCAC-s2d4,Normoblast
GCCCATAAGCGCAATT-s2d4,Erythroblast
CATCCCAGTTCCAGGG-s2d4,Erythroblast
GCGCAAACAGTTTCTC-s2d4,CD14+ Mono
TATGACATCATCAGTA-s2d4,Normoblast
TAAACAGCATCCGTAA-s2d4,HSC
TTAGCTGCAGGCTAGA-s2d4,CD14+ Mono
GACTCACCATTGGGAG-s2d4,CD14+ Mono
AAGTAGCCAACCCTAA-s2d4,Proerythroblast
CGGGACAAGCTACTGG-s2d4,Erythroblast
TGACTCCTCATTAGCA-s2d4,Normoblast
AGCTAAACACAATGCC-s2d4,CD14+ Mono
GTACCGGGTAATTAGC-s2d4,Erythroblast
TTGACGTAGTGTGATC-s2d4,Erythroblast
CTTGCTCAGCCTGACA-s2d4,Normoblast
AGGCCCAGTTGGCGTG-s2d4,Erythroblast
GATCGCTCATGCAACC-s2d4,CD14+ Mono
ATGGTTATCTGCAAGT-s2d4,CD14+ Mono
CAACTAATCAGGAAGC-s2d4,CD16+ Mono
GCTTCGCGTCACGAAC-s2d4,Proerythroblast
CATGCGGGTTCCGCAC-s2d4,CD14+ Mono
GGACCGAAGCGGCTGT-s2d4,Normoblast
CTTAGGAGTGTTGTGA-s2d4,Erythroblast
TTGCAGCCACAATTAC-s2d4,Normoblast
GGAGGTTAGCGGATTT-s2d4,CD14+ Mono
GTTTCCTCAATCCTGA-s2d4,CD14+ Mono
GTTAAACGTAACGAGG-s2d4,Erythroblast
CCTTCAGGTTACAAAC-s2d4,Normoblast
ATGGTTATCCGGTTGA-s2d4,Erythroblast
CACCTCAGTAGCCTCC-s2d4,Normoblast
TGCTCCGTCCGCCTAT-s2d4,Normoblast
CTGTGTGAGATAAAGC-s2d4,CD14+ Mono
CCACATTGTTACCTGT-s2d4,Erythroblast
TACTTGTTCAGCCAAT-s2d4,Erythroblast
TATTACCTCGTGCCTT-s2d4,Erythroblast
TTTGCGACACCGGTAT-s2d4,CD14+ Mono
GCTGGATGTACGTTTC-s2d4,Normoblast
TACTCAAAGTTATGGC-s2d4,G/M prog
TATGCATCAATTAACC-s2d4,MK/E prog
CCTGTATGTGGGTGAA-s2d4,CD14+ Mono
AGGAACGGTTACTTCA-s2d4,CD14+ Mono
ACATCATCAGGACCTT-s2d4,CD16+ Mono
GCATATATCCTAATAG-s2d4,Normoblast
TCTATGTTCGCAATCG-s2d4,CD14+ Mono
TTAGCTGCAATCCTGA-s2d4,Normoblast
TCCTTTACAGCATGGA-s2d4,CD14+ Mono
GCAGGACCATCAGCAC-s2d4,Normoblast
AGAATCTGTTCCGGGA-s2d4,Erythroblast
TCTCCTCGTTGGTTCT-s2d4,HSC
ACCATAATCAATGTGC-s2d4,Erythroblast
GCTATTGCAATTAGCT-s2d4,Erythroblast
TATGAAGCAAAGCGGC-s2d4,Erythroblast
AGCGCTCAGGGCCATC-s2d4,Erythroblast
GCCTGCTGTGTGCACG-s2d4,Erythroblast
TTTCCACCAATTTGGT-s2d4,Erythroblast
AAGGATCCAGTAAGTA-s2d4,G/M prog
GATGGCTGTGGGTACT-s2d4,Erythroblast
GTTCTTGTCGTTAACA-s2d4,CD14+ Mono
GATTGCGTCTAATCCT-s2d4,Erythroblast
GCCTACTTCTGTGAGT-s2d4,Proerythroblast
TGGATTCAGTTGGATC-s2d4,Erythroblast
AAACCGGCAATTGAAG-s2d4,CD14+ Mono
AGGATGCAGTAACCAC-s2d4,Erythroblast
TGGCCATCAAGTCGCT-s2d4,CD14+ Mono
CAAGCTAGTCCCGAAG-s2d4,Erythroblast
GATTATGTCGCATTAA-s2d4,Normoblast
GAGGAGGCACGGTACT-s2d4,HSC
GAGCCACTCAATGAGG-s2d4,Erythroblast
CCCAGTTTCATGCCTC-s2d4,Normoblast
AGGCCCAGTGGAGCAA-s2d4,Erythroblast
ACCCGCTGTTATCCGT-s2d4,Normoblast
CGAACAAAGTACCGCA-s2d4,Normoblast
TAAGGCTTCGCAATCG-s2d4,pDC
TTAGGCCCAGTTTGGC-s2d4,Erythroblast
CTTACCTCAAGCTAAA-s2d4,Normoblast
AATCGCCCAGGTTCAC-s2d4,Erythroblast
CTAATCGCAATACTGT-s2d4,CD14+ Mono
CCTTCAGGTGCTTTAC-s2d4,CD14+ Mono
TACTGGCCAGGGAGGA-s2d4,CD14+ Mono
GTGTGTTAGTAGCTTA-s2d4,Erythroblast
CACCTGTTCTAACCAA-s2d4,Normoblast
TACCTTAGTTATGTGG-s2d4,Erythroblast
CTCCCTGAGTTGGCCA-s2d4,CD14+ Mono
GCTCGATCATCCTAGA-s2d4,Proerythroblast
AAGCCTCCAGCATGAG-s2d4,Proerythroblast
CGCGATTCAGGGAGGA-s2d4,G/M prog
CAAGTATGTTGTGATG-s2d4,Normoblast
CAAGACAAGATGGACA-s2d4,Erythroblast
CCCTCATAGAGGAGTC-s2d4,Proerythroblast
CTAGTAGGTGTTTCAC-s2d4,Proerythroblast
CCTGTAACATAGCTTG-s2d4,CD14+ Mono
GGCGTTATCCCGCAAA-s2d4,Proerythroblast
TTGGCTGAGCGATAAG-s2d4,Erythroblast
CTCAATAAGTGCACGC-s2d4,Normoblast
TCAAGTATCAGGTCCA-s2d4,Normoblast
GACCGTTCAGTTTGGC-s2d4,CD14+ Mono
ATCCACCTCTCCTCAA-s2d4,cDC2
AGCACTTAGAATCTCA-s2d4,Erythroblast
CCGTTTGGTCAATGTG-s2d4,Proerythroblast
CGGTTTCTCTGGCAAT-s2d4,CD14+ Mono
ACGAGTAAGTCCTGAG-s2d4,Erythroblast
AACTAGCTCGTTAACA-s2d4,Erythroblast
TCCAGCAAGGCGAATA-s2d4,Normoblast
CCAGGATGTAATCCCT-s2d4,Erythroblast
GTGGATGCACAGCCTG-s2d4,Erythroblast
CGTTATTTCCTTAGGG-s2d4,Normoblast
TTGCGAGTCCTCAGTC-s2d4,CD14+ Mono
CTAAGTCAGGTTACAC-s2d4,Proerythroblast
AAGAATCAGGGACCTC-s2d4,CD16+ Mono
CAAGACAAGGTCTTGG-s2d4,Erythroblast
GGTGTCCAGTTCCCAC-s2d4,CD14+ Mono
TAGCGCGGTCGCAATA-s2d4,Erythroblast
CCGGTAGGTTAGGTGC-s2d4,CD14+ Mono
AATCCCTGTAGCTGCG-s2d4,Erythroblast
CGACAAGCAGCTAATT-s2d4,Erythroblast
GGTTAATGTCCTTAGT-s2d4,Normoblast
AATTGACGTAAACAAG-s2d4,Normoblast
GATGGCTGTGAGACTC-s2d4,Normoblast
GCACCTAAGCTATTAG-s2d4,Erythroblast
CATAGCTAGAGAGGCT-s2d4,HSC
GATCAGGCATCGCTCC-s2d4,Erythroblast
ATGGTCTAGGGTTATC-s2d4,Proerythroblast
ATGACCAGTCATAGAT-s2d4,MK/E prog
TGAGCAAAGCTTAACA-s2d4,CD14+ Mono
GCTAGCGGTCCTAATC-s2d4,Erythroblast
CATGGCGGTCCTTTAA-s2d4,Proerythroblast
CCGCACACATCCCGCT-s2d4,Erythroblast
TGATGATGTTAGGTGC-s2d4,CD14+ Mono
GTTTCTAGTGTCCAAA-s2d4,Proerythroblast
CGTAACCCAGTTATCG-s2d4,Normoblast
CGGAATCGTTGCAATG-s2d4,CD14+ Mono
GGTGAGCCACGTGCTG-s2d4,Normoblast
ATTAGGTGTGTGTGGT-s2d4,Normoblast
CTAGTTGCAAGTGTTT-s2d4,Erythroblast
CTTCTCAAGCTATTGA-s2d4,CD14+ Mono
AGCAATTGTTAGAGCC-s2d4,Normoblast
TTAGCAATCGCTAAGT-s2d4,Erythroblast
ATGCAGGCACGTAAGG-s2d4,CD16+ Mono
TCGTTATTCACAAGCT-s2d4,Erythroblast
CTCCTCACAAACTAAG-s2d4,CD14+ Mono
AAGCTTGGTTACTTCA-s2d4,G/M prog
CAATAGCTCGTTATCT-s2d4,Erythroblast
GCCTTTGGTGATGGCT-s2d4,MK/E prog
TACAATGTCATTACTC-s2d4,CD14+ Mono
GGGAATATCAAGTGTC-s2d4,Proerythroblast
ACGGTTTAGGCAGGTG-s2d4,Proerythroblast
TTAGGCTAGCCTAATA-s2d4,Erythroblast
AGGGTTGCAACTAGAA-s2d4,CD16+ Mono
CAGTATGGTTGCTTCG-s2d4,Erythroblast
ATGTTGTCAGTAGCCT-s2d4,CD14+ Mono
CTGAATATCCTTGTTG-s2d4,Erythroblast
ATCAATCCAGCTTAGC-s2d4,CD14+ Mono
TGATGATGTATTGCAG-s2d4,CD14+ Mono
TTGGTGAGTTCTTTAG-s2d4,Normoblast
CCTTAACGTTGGATAT-s2d4,CD14+ Mono
GTGGCTTCATTAAACC-s2d4,CD16+ Mono
GGCCATCAGAAGGTGC-s2d4,Erythroblast
AGTCCTGAGTGAACGA-s2d4,Erythroblast
CAGCCTAAGGTCCGTA-s2d4,Erythroblast
CATAAGCTCATGGCCA-s2d4,Erythroblast
TAAGCCAGTGGTGAGA-s2d4,CD14+ Mono
TGATGACTCCTTGCGT-s2d4,Normoblast
TCGTTATTCACTAAGC-s2d4,CD14+ Mono
CTGCAATAGGGTCCAC-s2d4,Erythroblast
GTATTCAAGGTACCGC-s2d4,Normoblast
CGGATAAAGCGAGGTG-s2d4,HSC
GCTTGTTGTTGGTTAG-s2d4,Normoblast
CATAACGGTAATAGCT-s2d4,CD14+ Mono
GTTCTTGTCGGCCATA-s2d4,Erythroblast
AGGTATTGTGTAACCA-s2d4,Normoblast
TGAGGGAGTATGGTGC-s2d4,Normoblast
ACGCAAGCATGAAATG-s2d4,Erythroblast
ATTTAGGTCTTGCTAT-s2d4,Proerythroblast
TGGCCATCACGTAATT-s2d4,MK/E prog
AATTGCTCAGGCATCT-s2d4,CD14+ Mono
GGCTATTAGCACTAAC-s2d4,Normoblast
CTGGCTAAGCTCAAAC-s2d4,Erythroblast
TGCTATGCAGCAACAG-s2d4,Normoblast
ACTGAAACAATAGCCC-s2d4,CD14+ Mono
ATATGCTCATCAGTAT-s2d4,Erythroblast
ACCACACCAATTGCGC-s2d4,Normoblast
GCCAATAGTTTAGCGA-s2d4,Normoblast
AGGCAGGTCCACCTGT-s2d4,Normoblast
CTTGCGCGTTAGACCA-s2d4,CD14+ Mono
GTCTAACAGCTGTAAC-s2d4,Erythroblast
AATGGCGCAGGCCATT-s2d4,Normoblast
GTTTAACCACAAAGAC-s2d4,Erythroblast
GACGCAACACAATGCC-s2d4,Erythroblast
CTAGATTCAGGAATCG-s2d4,Normoblast
AATGCGCGTGTTTGCT-s2d4,Erythroblast
CGGTTCCGTACTGAAT-s2d4,CD14+ Mono
TGGACCGGTTAGCCAA-s2d4,Erythroblast
AGACACGCAGTAGGTG-s2d4,Erythroblast
CAAGAACCATTAAACC-s2d4,Erythroblast
GACCTTTGTTAGCGTA-s2d4,CD14+ Mono
TGGGCCTAGTCATCCC-s2d4,Erythroblast
ATTCCTAGTGTGCACG-s2d4,CD14+ Mono
CGAAATGAGGCATGAA-s2d4,Erythroblast
GAGTTTGGTAATCGCA-s2d4,Erythroblast
CCTCCTCTCATTATGG-s2d4,Normoblast
AGCAATTGTTAGCCAA-s2d4,Erythroblast
GCTGTAAGTACCGGAT-s2d4,Erythroblast
CGCTCCATCCTCCATA-s2d4,CD14+ Mono
GGGAGTAGTATTGCAG-s2d4,HSC
CGGATAAAGGCATTGT-s2d4,Erythroblast
TACTAAGTCGTTAGCG-s2d4,HSC
GGCCGTTAGGAGCACG-s2d4,Proerythroblast
GCTGCATCAGGTCCTG-s2d4,Erythroblast
CCATAAGGTTAATGCG-s2d4,CD14+ Mono
TTGAGGCGTGGGTACT-s2d4,CD14+ Mono
CGGGTCTAGGCAAGTA-s2d4,G/M prog
GAACTTATCCCTTGCG-s2d4,Erythroblast
AGTAACGAGGAAGCAC-s2d4,Normoblast
CTGTTCATCATTACGA-s2d4,Erythroblast
TGTTACTTCGATCAGT-s2d4,CD14+ Mono
AGAATCTGTGGATTCA-s2d4,Erythroblast
CACAATATCATTAGTG-s2d4,Normoblast
GGTAGGAGTTTACTTG-s2d4,Erythroblast
CTCTGTTCATTGTGCA-s2d4,CD14+ Mono
GGGTCACTCTGTGAGT-s2d4,Erythroblast
GATGCTTAGGACACTT-s2d4,Normoblast
CGGAATCGTGCATTTC-s2d4,CD14+ Mono
TATGGCCCACAGGAAT-s2d4,CD14+ Mono
TTGATGTCAGATAGAC-s2d4,Erythroblast
GTGTCCAAGCATTAGC-s2d4,Erythroblast
GAGTCAAAGCCAAATC-s2d4,Erythroblast
TTGCCCGTCAGGAAGC-s2d4,Proerythroblast
GCACGAACAGGACACA-s2d4,Erythroblast
CAGGTTTAGGCGCATC-s2d4,Erythroblast
CTGGACCAGTAACGAG-s2d4,CD14+ Mono
TTGACATCAGTAATAG-s2d4,Erythroblast
CCCTGGACACTAGGTC-s2d4,Proerythroblast
CCTGAATAGACTATTG-s2d4,Proerythroblast
CGTAACCCAGGAAGCC-s2d4,Erythroblast
GACCTGATCTTGCTAT-s2d4,Erythroblast
GTTAGACTCGGTCAGC-s2d4,Proerythroblast
CGATTGAGTACTTCAC-s2d4,Erythroblast
GATTGATGTACGGTAC-s2d4,Erythroblast
AACCTTAAGCCAGGTC-s2d4,CD14+ Mono
CACGCTAAGGCCCAGT-s2d4,MK/E prog
GCGCAATGTGTTGCTT-s2d4,Proerythroblast
GCTAATATCCCTCAGT-s2d4,Erythroblast
CCGTTATGTAATGGAA-s2d4,Erythroblast
CGTTAGTAGAGGATAT-s2d4,Normoblast
CAGGAAGGTGCTAGAC-s2d4,Erythroblast
TGATCAGGTAAGTCGC-s2d4,CD16+ Mono
TGTTGTGCAAAGCTCC-s2d4,Normoblast
CCAGGATGTGCATTTC-s2d4,G/M prog
TAACCAGGTTACCGGG-s2d4,Erythroblast
ACGATTCAGTTTGTCT-s2d4,Normoblast
CCCTCATAGGCTCATG-s2d4,Erythroblast
GCTATAGGTCACAAAT-s2d4,CD14+ Mono
ACAGGTAAGAGAAGGG-s2d4,Proerythroblast
GTCAATATCACCGGTA-s2d4,Erythroblast
ACCGGCTAGTCACTAA-s2d4,CD16+ Mono
CTGACCAAGGTAAGGC-s2d4,Erythroblast
GATCAGGCAAGGTATA-s2d4,Proerythroblast
CCTCAGTTCCTGGTGA-s2d4,Erythroblast
GGCTGAGAGAGGAGGA-s2d4,CD16+ Mono
TGAGGGCCATAAACCT-s2d4,Erythroblast
GATTTGCAGAGCCGGA-s2d4,CD14+ Mono
AGAGAAGCATGCATAT-s2d4,Erythroblast
CTGGATGTCATTTGTC-s2d4,Erythroblast
TAGCTAGGTTCCGGGA-s2d4,Normoblast
TGCATGAGTTAATGAC-s2d4,Erythroblast
CAATAGCTCCAGGTCA-s2d4,Normoblast
CAGCCAATCTAGCTTT-s2d4,CD14+ Mono
CACAATATCCTTGTTG-s2d4,Erythroblast
GTTTCAGCATTGTCAG-s2d4,CD16+ Mono
TCGTGCTTCAATGAGG-s2d4,CD14+ Mono
TCCATGCTCATAGCCG-s2d4,Normoblast
TGTATCCGTGTCCAGG-s2d4,CD14+ Mono
CTTTAGGCATGGCCCA-s2d4,Erythroblast
CCTGTTGGTTCCGCAC-s2d4,CD14+ Mono
TTTGTGAAGCTGTAAC-s2d4,CD14+ Mono
AGCTACTAGTCAATCA-s2d4,Normoblast
AAAGGTTAGATACTTG-s2d4,Erythroblast
TCGACAAGTAACGAGG-s2d4,Erythroblast
CTTGAACAGCTGTCAG-s2d4,Normoblast
GGTGAGGTCCATCAGG-s2d4,cDC2
GGCGGTAAGCATCCAG-s2d4,Normoblast
ATAACGACACGGTACT-s2d4,Erythroblast
GTAGCTGTCCAGCACA-s2d4,Erythroblast
CATTATGAGGGTCCAC-s2d4,Erythroblast
GCTAAGTTCGGGACTC-s2d4,Erythroblast
CACTGACCAAGGAATC-s2d4,CD14+ Mono
AGACCCGGTGAATCGC-s2d4,CD14+ Mono
ACAGCGCTCAAGTGTC-s2d4,CD14+ Mono
CCCTTAATCATAACCA-s2d4,pDC
TACCTTTAGCATTATG-s2d4,Erythroblast
TACGGTTAGGGTGGAT-s2d4,CD16+ Mono
TTGTTTGGTTACTTCA-s2d4,CD14+ Mono
ACATCAATCTCGACCT-s2d4,Erythroblast
GTAAAGCCAGGCAAGC-s2d4,Erythroblast
GATTGCAGTAATGGAA-s2d4,CD14+ Mono
GCCTACTTCGTACCGA-s2d4,CD14+ Mono
CCGTTGCGTTGCAATG-s2d4,Normoblast
TCGTGCTTCCTCACAC-s2d4,CD14+ Mono
CGAGGTGAGGCTAATC-s2d4,HSC
GCTGCACAGTTAGACC-s2d4,Normoblast
GGGCAATAGTCACGAT-s2d4,Erythroblast
ATTGGCTAGGATAAAC-s2d4,Normoblast
AATGCGCGTTTGACCT-s2d4,HSC
GGGCTAACAAACGCGA-s2d4,Normoblast
TGCGATTAGTGCACGC-s2d4,Erythroblast
TGGTTCCTCCCGAACA-s2d4,CD14+ Mono
GCTAAGCGTGACATAT-s2d4,Normoblast
GACCGAACAGGCAAGC-s2d4,Erythroblast
GTTGCGGGTGAACAAA-s2d4,Erythroblast
AAGCCTCCACAAAGAC-s2d4,Erythroblast
TGCTCTCAGGGACTAA-s2d4,Erythroblast
GAAAGCCAGCAGGCCT-s2d4,CD14+ Mono
ACCATTAAGTAACCCG-s2d4,Normoblast
CCATCACTCTCAATGA-s2d4,Erythroblast
TTACCTGTCTACTAAG-s2d4,Erythroblast
CGGTTATAGTTTAACG-s2d4,CD14+ Mono
ACCTTGCTCCGCAAAT-s2d4,Erythroblast
TCGGTAAGTTCCGGGA-s2d4,Erythroblast
CTTCAAGCATTGTGTG-s2d4,Normoblast
TGAAGTGAGTTATTCC-s2d4,Proerythroblast
CAACAGGCATCACTTC-s2d4,CD16+ Mono
CAATCTAAGTAGAGGC-s2d4,Erythroblast
CTTACCGGTGTTTCAC-s2d4,Normoblast
CAATAAGCATCCTGAA-s2d4,Erythroblast
GGTGCTGGTCACGAAC-s2d4,Proerythroblast
TGCTAGCCAGCTTAGC-s2d4,CD14+ Mono
TGATGAACATGCTCCC-s2d4,Erythroblast
AAGGATCCACAAGCCT-s2d4,Erythroblast
ACGAACAAGTAAACCC-s2d4,Normoblast
TCATTTGGTGTTTGCT-s2d4,Normoblast
GGACGGATCAATCATG-s2d4,Proerythroblast
GTTAACGGTAACGTGC-s2d4,CD14+ Mono
AATATCCCACCTGTAA-s2d4,Normoblast
TTGCTTTAGCGATAGA-s2d4,Erythroblast
TCTCAATTCACTAATG-s2d4,Erythroblast
ACAGTATGTAGTAAGA-s2d4,CD14+ Mono
GCAATGTTCTTTAAGG-s2d4,pDC
GGAGGTTAGTAGGCGG-s2d4,Erythroblast
TCCTCAATCTCATCAT-s2d4,Erythroblast
TAATCACCAAGGTGGC-s2d4,Normoblast
GAAACTGAGGTGAAAT-s2d4,Erythroblast
GCTGTAAGTTCCGCAC-s2d4,Erythroblast
ACGAACAAGCAAGGAC-s2d4,CD14+ Mono
AGGATGTCAGGTTCAC-s2d4,Proerythroblast
CTACCTCAGCCACATG-s2d4,Normoblast
CTCATTGTCGTTTCGC-s2d4,Erythroblast
AGGTATTGTATACTGG-s2d4,Erythroblast
AAGACCAAGGCCATCA-s2d4,CD16+ Mono
ATAACGACAAACCCTA-s2d4,Normoblast
TGTTGTGCAGGCCTTG-s2d4,CD14+ Mono
GGATTCAGTGGAAGGC-s2d4,Erythroblast
ATGGCCCAGGTAAGGC-s2d4,CD14+ Mono
AGTGAACCACCTCGCT-s2d4,Erythroblast
ATGAAGTAGTCACCAG-s2d4,Proerythroblast
TTGTTCCCAATAGTCT-s2d4,CD14+ Mono
TCCAGCAAGGCGCTTA-s2d4,MK/E prog
TTGGATCAGTCAATCA-s2d4,G/M prog
TACCCGGCAGTTGCGT-s2d4,CD14+ Mono
CCCGCAACAATTGACT-s2d4,Erythroblast
AGAAACCCAAGGTAAC-s2d4,G/M prog
GCAACAGCAGCAATAA-s2d4,HSC
TGGTAAACATAGCGAG-s2d4,HSC
GTCCAAGTCTAAATCG-s2d4,CD14+ Mono
GCGATTAGTGATCAGC-s2d4,Normoblast
AGGGTTGCAAACTGTT-s2d4,Erythroblast
TAGTTTGAGGACTTAC-s2d4,CD14+ Mono
CTATGATCAACAGGTG-s2d4,CD14+ Mono
TGCTATGCAATATAGG-s2d4,Erythroblast
AGTAAGTAGTGGCGGA-s2d4,Normoblast
AAGGATTAGGCCATCA-s2d4,Erythroblast
AACCCGCAGTTGCGTG-s2d4,Normoblast
AATCATCCAACCCTAA-s2d4,CD14+ Mono
TCTTAGTTCGTACCGA-s2d4,Erythroblast
TGTGGCCAGTCTTGAA-s2d4,MK/E prog
TTCATCCCAAGGTAAC-s2d4,Erythroblast
TTATTGCTCGGTAACT-s2d4,Erythroblast
ACTTATCTCATTAGGC-s2d4,CD16+ Mono
TAGGCTAGTCAAGTGC-s2d4,CD16+ Mono
CACCAACCATGAATCT-s2d4,Erythroblast
TCAGTGAGTACGGTAC-s2d4,CD14+ Mono
CGGTTTGAGTTTGTCT-s2d4,CD14+ Mono
GCACATTAGAGGAGTC-s2d4,G/M prog
CAGTACCCATCACAGC-s2d4,Normoblast
GCTTAGTAGGGACGCA-s2d4,CD14+ Mono
GCTGACATCAGGAAGC-s2d4,CD14+ Mono
CGGCTCACAACCTGGT-s2d4,CD14+ Mono
CGACCTGCAATCCTGA-s2d4,Erythroblast
TCAAACCAGCTGGACC-s2d4,Erythroblast
CGCTATGAGTGCACGC-s2d4,Erythroblast
AACAAGCCAGTCTATG-s2d4,CD14+ Mono
TTTGTCTAGCTTCTCA-s2d4,Erythroblast
AAGCGCTGTTAAGCCA-s2d4,Proerythroblast
GTATTGTCACCTGTAA-s2d4,Normoblast
CAATCCTGTGGCTTCC-s2d4,Normoblast
AAGCTATGTGTTTCAC-s2d4,HSC
GCTAGTGTCATCCTGC-s2d4,Normoblast
GCTTTCATCTCAATGA-s2d4,Erythroblast
CGAAGCCTCGCTAGCA-s2d4,Erythroblast
AATGTCATCGGTTTCC-s2d4,Erythroblast
GTCCGTAAGTGAACCT-s2d4,Erythroblast
AGTCAAGAGGAGCACG-s2d4,Proerythroblast
TGCTTCCAGTAGCGGG-s2d4,Erythroblast
ATCGCCCGTCCGCTGT-s2d4,Erythroblast
GAGCGATAGGATCCGC-s2d4,Erythroblast
GACCTGCAGTTTGGGT-s2d4,Erythroblast
AAACGGATCACGCCAA-s2d4,Erythroblast
GACCTCAAGGCGCACT-s2d4,Normoblast
ACGAGTAAGTAAAGGT-s2d4,cDC2
CCTTCAGGTCATAGAT-s2d4,Normoblast
GCATTAGGTTAGAGCC-s2d4,Erythroblast
CAGCTAAGTACTGATG-s2d4,Erythroblast
GATCCGTCAAGGGTTG-s2d4,Erythroblast
ATAAGTCGTTACAAAC-s2d4,CD14+ Mono
TACGTACAGTTATTCC-s2d4,Proerythroblast
ACTCACCTCTTAGGAC-s2d4,Normoblast
GGAATCTTCAATTACG-s2d4,Proerythroblast
TCCATCATCCTCGATC-s2d4,Proerythroblast
AACAGATAGTAGGCGG-s2d4,Normoblast
CCTGATGAGCCGCTAA-s2d4,CD14+ Mono
TGGCTATAGTTTGAGC-s2d4,Normoblast
GTCCTCCCAGCTCATA-s2d4,Erythroblast
AGTGCGGAGCATTAGC-s2d4,Erythroblast
TGATCACAGGTCGATT-s2d4,Erythroblast
ATCAAGACAACAACAA-s2d4,MK/E prog
TTGTAAGTCCTGATTT-s2d4,Proerythroblast
CCTATATTCCGTGACA-s2d4,Erythroblast
GCACGCTAGTAGCGCC-s2d4,Erythroblast
TCGCCCATCAACCAAC-s2d4,Erythroblast
CATGGATTCCTCCCTC-s2d4,Erythroblast
TCCACAACAATATACC-s2d4,CD14+ Mono
CGAGCGAAGTGGCGGA-s2d4,CD14+ Mono
ACTTAGGGTTGTTGGA-s2d4,Erythroblast
ACCTAAGGTTCCTGTG-s2d4,Normoblast
AGTAACCTCACAGGAA-s2d4,CD14+ Mono
TTGACGTAGCTGGCTA-s2d4,CD14+ Mono
ACGACTTAGGTGAAGC-s2d4,CD14+ Mono
ATCCAACAGGCATGAA-s2d4,Erythroblast
GAGTTGCGTGTGCAAC-s2d4,Erythroblast
GTACACCCAACAGCCT-s2d4,Normoblast
GTGCTTCTCATGCTTT-s2d4,CD14+ Mono
AAAGCCGCACTGGCCA-s2d4,CD16+ Mono
CTTGCATGTTTATCTG-s2d4,CD16+ Mono
CGCCTCATCACAGACT-s2d4,CD14+ Mono
GGTCCTGCAGGGAGCT-s2d4,Normoblast
TAATGGACAAAGCGCA-s2d4,CD14+ Mono
AACAGATAGAGCAAGC-s2d4,Erythroblast
CATTGCGAGGAGGGTT-s2d4,CD16+ Mono
TAGCTTGCAGGCAAGC-s2d4,CD14+ Mono
ATGGCTTAGGCGGATG-s2d4,CD14+ Mono
TGTTGGCCACTCAACA-s2d4,CD14+ Mono
GGCCGTTAGTTCCCAC-s2d4,CD16+ Mono
CGCAATGTCATTGTTC-s2d4,CD14+ Mono
GGATGAATCCCTGGTT-s2d4,CD14+ Mono
AGGGCTACACTAAGCC-s2d4,CD14+ Mono
TGTATCGCAGCAAGGC-s2d4,CD14+ Mono
GAGCGATAGACAGGTA-s2d4,CD16+ Mono
GTTAAGCTCAGCACGC-s2d4,CD14+ Mono
ACGGTTTAGCAGGCCT-s2d4,Erythroblast
TGTTAGCAGAACCTGT-s2d4,Proerythroblast
CTCATTGTCCTCATGC-s2d4,CD14+ Mono
GCACTTACATCGTTCT-s2d4,Proerythroblast
TGCGGTTCATGGTTAT-s2d4,Proerythroblast
TGCTCCGTCCTAACGG-s2d4,Normoblast
AGAAAGGCACAGCCAT-s2d4,Proerythroblast
TGATCAATCGTTTCGC-s2d4,Erythroblast
AAGGTATAGGGACTAA-s2d4,Normoblast
CTAAGGTTCAGCAAAG-s2d4,Proerythroblast
CAATCGCCATAGCGGA-s2d4,CD16+ Mono
AGTAACCTCCACCTGT-s2d4,CD14+ Mono
GACGTAAAGCTCCTTA-s2d4,Erythroblast
GAGAACCAGGCATGTT-s2d4,Normoblast
GATTGGCGTTTCGCGC-s2d4,cDC2
TAACCTAAGTATTGGC-s2d4,CD14+ Mono
GTTTGTAAGTTGTCTT-s2d4,CD14+ Mono
CGGTGAACACCAGCAT-s2d4,Erythroblast
ATGTTTGAGCTTAGTA-s2d4,Erythroblast
AAGCGAATCATTGCGG-s2d4,CD14+ Mono
TCAGGTTAGTCAGGCC-s2d4,Erythroblast
AAGCGCTGTAGGTTAT-s2d4,CD14+ Mono
ACTGAAACACAAACTT-s2d4,CD14+ Mono
TCATAACCAGTAGCCT-s2d4,Normoblast
GTTAACGGTGATCATG-s2d4,CD14+ Mono
GAGGCTACAACTGGGA-s2d4,Erythroblast
TAGTTGTCAGGTTAAA-s2d4,Erythroblast
GTGTTCCTCTAAGTCA-s2d4,Erythroblast
AGCTACGTCGCTAAAC-s2d4,CD14+ Mono
CGAAGCCTCACAGCCA-s2d4,CD14+ Mono
CACTAGCCACTGGCCA-s2d4,CD14+ Mono
CAGGACACATTGCGTA-s2d4,Normoblast
GCGCTTAAGAGCCGCT-s2d4,CD16+ Mono
CCTATATTCGGCTATG-s2d4,Erythroblast
ACAACAACATGTTGCA-s2d4,CD14+ Mono
CATTATGAGCACTTGG-s2d4,Erythroblast
GCAAGTGCATGCATAT-s2d4,Erythroblast
ATTTAGGTCCTAGTTT-s2d4,Erythroblast
TTGCTCTCATTCCTCG-s2d4,G/M prog
CTTCACTCATGTTGGC-s2d4,CD14+ Mono
CTGATCACAATAGTCT-s2d4,CD16+ Mono
ACCACATAGGCGGGTA-s2d4,Erythroblast
TAGTAACGTCAAGTGC-s2d4,Normoblast
TAGGAGGGTCATTGTC-s2d4,Erythroblast
GGAAGCTAGCCAAATC-s2d4,Erythroblast
TCATTGCGTGAAACAA-s2d4,G/M prog
TCCACAACATGTTGGC-s2d4,Normoblast
CGTGCTGCATAGACCC-s2d4,CD14+ Mono
GGCGCTAGTGACATAT-s2d4,cDC2
AGTGCCGGTTGTAACG-s2d4,CD14+ Mono
GATGAGGGTTCACCCA-s2d4,G/M prog
TTGGGTTAGCTAAGTC-s2d4,Normoblast
TCAGGTCCAGCACGAA-s2d4,Normoblast
CCAACCAAGGATAAAC-s2d4,CD14+ Mono
AAAGCAAGTGCTAGCG-s2d4,CD14+ Mono
CAGCCTTTCCTCATCA-s2d4,Erythroblast
TTGTCCGGTCCGCTGT-s2d4,MK/E prog
TCTACCTCAAGTGTTT-s2d4,Normoblast
GTTAAGTGTCGACTCC-s2d4,Erythroblast
TACCTTTAGCAGGCCT-s2d4,Erythroblast
CTTTGGTGTTTACTTG-s2d4,CD14+ Mono
TGCCGGTAGTTATGGC-s2d4,Erythroblast
TGAAGGATCTGGCAAT-s2d4,cDC2
TTCCTCAAGCACCACA-s2d4,Proerythroblast
AACATCATCCCATAGG-s2d4,CD14+ Mono
CTCTATGTCGGTTACG-s2d4,Erythroblast
GTGTTACAGTTTGTCT-s2d4,Erythroblast
ACGGTACGTGTTAAAC-s2d4,Erythroblast
GACTTGGTCCCGCCTA-s2d4,Proerythroblast
TCCGGAATCGGCCAGT-s2d4,Erythroblast
GCCTACTTCGAGCAAA-s2d4,CD14+ Mono
ATGACCAGTTTAGCGA-s2d4,CD16+ Mono
GGTAAACCAGGGAGGA-s2d4,CD14+ Mono
GTTTACCGTGCTGTAA-s2d4,CD14+ Mono
CGTGACATCTTAGTGA-s2d4,CD14+ Mono
GTTAACCAGGTGTCCA-s2d4,Erythroblast
TATTCGTTCATGCTTT-s2d4,pDC
GTAAGCTTCCGTAAAC-s2d4,Erythroblast
GATTCAGGTAGTAAGA-s2d4,CD14+ Mono
GCTAGCTCAATTGACT-s2d4,G/M prog
TCCATATTCATTGTCT-s2d4,Normoblast
GCTGCACAGTCACTCC-s2d4,Normoblast
TAGTTGTCAACCGCCA-s2d4,Erythroblast
CCCAAATAGGAGCAAC-s2d4,Erythroblast
CTGGTAAGTATACTGG-s2d4,Erythroblast
GATTTGCAGGTTACGT-s2d4,CD16+ Mono
AAGTGAAGTGTGCACG-s2d4,Normoblast
AGAATCTGTGTGTGGT-s2d4,Erythroblast
CATAACGGTTACTTCA-s2d4,Proerythroblast
GGTTGGTGTTCCTCCT-s2d4,CD14+ Mono
GCAGGCAAGCCAGTAT-s2d4,CD14+ Mono
TCATAACCAATTGCGC-s2d4,pDC
CTCGCTCCAGGTATTT-s2d4,pDC
TCACCTCAGCGTGCGT-s2d4,Proerythroblast
GCTGTGCAGGAACCGG-s2d4,CD14+ Mono
TCTCCTCGTCTCAGCC-s2d4,Erythroblast
CGTCAATAGGGATGAC-s2d4,Normoblast
CTCCTGAGTTTATCTG-s2d4,Erythroblast
GAGCTAGCATTAAAGG-s2d4,CD14+ Mono
CTCTGTTCAGAAATGC-s2d4,CD14+ Mono
GACTTAGGTAATAGCT-s2d4,Normoblast
GTAGTTTCAATATAGG-s2d4,CD14+ Mono
ACCTGTTGTAAACAAG-s2d4,CD16+ Mono
TCTAACCGTAATCCCT-s2d4,Erythroblast
GAGTAACCACCTAAGC-s2d4,CD14+ Mono
TAAGGCTTCTTGACCC-s2d4,CD14+ Mono
TCGATTAAGGACCTTG-s2d4,Erythroblast
ACTGAATGTTTGCTGT-s2d4,Erythroblast
ATTAGGTGTTCACTGT-s2d4,Erythroblast
CCTATTTAGCAAGACA-s2d4,Erythroblast
CCTAATAAGTCCTTCA-s2d4,Normoblast
TACTGCACACCTGCCT-s2d4,CD14+ Mono
AGCAGGTAGGAGGCAT-s2d4,Normoblast
CTTTGGTGTGCTCACC-s2d4,Erythroblast
GAGCAAGGTTAGGTGC-s2d4,Erythroblast
CCACACAAGGCGTAAA-s2d4,Erythroblast
GGGTGAAGTGCTCCAC-s2d4,G/M prog
TTGTGCCTCGAGGTGG-s2d4,Proerythroblast
GCACATTAGCACAGCC-s2d4,CD14+ Mono
ACAGGTAAGGACCTGC-s2d4,HSC
CCGGTAGGTTCGCTCA-s2d4,Erythroblast
CGCTCAGCATGGCCCA-s2d4,CD14+ Mono
TTTAGCTTCACGCCAA-s2d4,CD14+ Mono
ATGAAGCCAAGCGATG-s2d4,Erythroblast
TGTGCGGGTAGGTTGC-s2d4,Erythroblast
CAGTACCCAGGCTAAG-s2d4,Normoblast
GAGTGATCAAGTTATC-s2d4,Normoblast
GAGTTACTCCGTTAAA-s2d4,Erythroblast
AAGCGTTTCGCTATAA-s2d4,MK/E prog
TCAAGGTTCATTATGG-s2d4,CD14+ Mono
TGATCACAGCTGTCAG-s2d4,Proerythroblast
CATGCATAGGCCCAGT-s2d4,CD14+ Mono
CGTAACTAGTTGGGCC-s2d4,Normoblast
TGTAAAGCAATACTGT-s2d4,CD16+ Mono
TCTGTGACAACCGCCA-s2d4,Erythroblast
ATATGGTGTTAGCTGA-s2d4,Erythroblast
GTGATCAGTAACGAGG-s2d4,Erythroblast
TTGGCTTGTATCTGGA-s2d4,Erythroblast
GGTTGCATCAAACCTA-s2d4,Normoblast
TAGGGTTTCCTCCATA-s2d4,CD14+ Mono
AGTTACATCCGTTAAA-s2d4,CD14+ Mono
GTGCACGGTTTACTTG-s2d4,Erythroblast
AGTAAGTAGTACCGCA-s2d4,CD14+ Mono
TGCTTCATCCTGTTCA-s2d4,Proerythroblast
AAACCGGCACAAAGCG-s2d4,HSC
CGAAGTAAGGTCTTGG-s2d4,Erythroblast
CTGCTACTCTTACTCG-s2d4,CD14+ Mono
ACATTAGTCTTGCAGG-s2d4,CD14+ Mono
AAGCGGGTCCCAGTAG-s2d4,CD14+ Mono
ATGGCCCAGAGAGCCG-s2d4,Erythroblast
CGAGGCAAGGCTGGCT-s2d4,HSC
ATTAGTCCACTTCATC-s2d4,CD14+ Mono
TTCCTCAAGCTTGCTC-s2d4,Erythroblast
TCGACAAGTGATGAGG-s2d4,CD14+ Mono
GCGATTAGTCACCTAT-s2d4,Erythroblast
GCAAGTCGTAATTAGC-s2d4,Erythroblast
TTTGACTTCCCTCACG-s2d4,Erythroblast
CCGCACACATTGTTGG-s2d4,Normoblast
CACTTTGTCACGCGGT-s2d4,CD14+ Mono
AGCGATTTCCGTTAAA-s2d4,Proerythroblast
TGAACAGAGTCAGTAC-s2d4,CD14+ Mono
TCAGTAGGTATTGGTG-s2d4,CD14+ Mono
TTGTCCCAGACTATTG-s2d4,Erythroblast
CTACTTAGTAAGCTCA-s2d4,Erythroblast
ATGCTTAAGAGGATAT-s2d4,Normoblast
AAACGGATCTCACTAT-s2d4,Erythroblast
TGTATCGCAGGCATCT-s2d4,CD14+ Mono
ACAAAGGTCCTCAGCT-s2d4,pDC
CACTGACCACCAGCAT-s2d4,CD14+ Mono
GCAAACTTCTTAGGAC-s2d4,HSC
GGCTATTAGCGAAGTA-s2d4,CD14+ Mono
GCGTAACGTGATTACG-s2d4,CD14+ Mono
AGGAACGGTGAGCACT-s2d4,pDC
AGGCTAGCAAATGCCC-s2d4,CD14+ Mono
ACTAATCCAGTCTAAT-s2d4,Proerythroblast
AAGCTAGAGTAGAGGC-s2d4,Normoblast
TACCGAAGTTGGTTCT-s2d4,CD16+ Mono
CATAAGCTCATCACTT-s2d4,Erythroblast
ACATCATCAGTAAGTA-s2d4,CD14+ Mono
TCTAGCACACTATGGC-s2d4,CD14+ Mono
GCCACTAAGGCTTAAC-s2d4,Normoblast
CATTCATTCCTGGTGA-s2d4,HSC
CGGTTCCGTAGGTTAT-s2d4,CD14+ Mono
GTTCCTGGTGCTAGAC-s2d4,CD14+ Mono
AAGTGCAAGCTCCTTA-s2d4,CD14+ Mono
GGTTCTTGTGTGTGGT-s2d4,Normoblast
CCTAATAAGCTGTCAG-s2d4,Normoblast
CGAAATGAGGGATTAG-s2d4,Erythroblast
CTTATTGGTTTGTGGA-s2d4,Proerythroblast
GTTGGAGCATGTCAAT-s2d4,CD16+ Mono
TTAATCGAGGTCCACA-s2d4,Erythroblast
GAAGCCTGTTGGATCA-s2d4,Proerythroblast
AATCCCTGTGATTTGG-s2d4,CD14+ Mono
TGAGAACCATTGCGTA-s2d4,Proerythroblast
GTTCCCAGTTGGCCGA-s2d4,CD14+ Mono
TGGAACAAGCTCGCTT-s2d4,Erythroblast
GTCCATTGTCTAACCT-s2d4,CD14+ Mono
GTACAATGTCCGCTGT-s2d4,Proerythroblast
ACTAACGGTTGGATAT-s2d4,Erythroblast
TGATCACAGCACAGCC-s2d4,Normoblast
GCGCTTGCACGAATTT-s2d4,Erythroblast
CCATAAGGTACCAGGT-s2d4,Proerythroblast
CAAACCGTCACCGGTA-s2d4,Erythroblast
GGAGCAAGTTCACTGT-s2d4,Erythroblast
GTTAAGCTCAAGCTAC-s2d4,CD14+ Mono
TGAGCCGGTTTATGGG-s2d4,HSC
ATTCAACCAGGCTGTT-s2d4,cDC2
GGTTGCTCACACCAAC-s2d4,CD14+ Mono
GGTCTTGAGAGCAAGC-s2d4,CD14+ Mono
CAATCCCTCGAGCTAT-s2d4,pDC
TGCGGTTCAGCCTGCA-s2d4,Erythroblast
TTATTGCTCCCTGGAA-s2d4,CD14+ Mono
GTCAAACTCCTACCTA-s2d4,Proerythroblast
TGTTTGTTCTTTAAGG-s2d4,Proerythroblast
GCTAGCCAGACAAACG-s2d4,G/M prog
TTGGGTTAGACTCGCA-s2d4,CD14+ Mono
AGCTACTAGTCTTGAA-s2d4,CD14+ Mono
GCCACAATCTGCAAGT-s2d4,Normoblast
GCTGACATCCCTCGCA-s2d4,CD16+ Mono
GATGCATTCATTTGCT-s2d4,CD14+ Mono
TCCCTCACAGGTTATT-s2d4,CD14+ Mono
GGTTAGCGTGATCATG-s2d4,Erythroblast
ACTTCGCTCGATCAGT-s2d4,Erythroblast
GTTCGCTTCCCTTGCG-s2d4,Normoblast
ACATCATCAACTGGGA-s2d4,Normoblast
AGCTTTAAGGCCAATT-s2d4,Erythroblast
CCGCTTAGTGTCCAGG-s2d4,Normoblast
GTCATTAAGTCACCAG-s2d4,CD14+ Mono
ATTCATGAGTTTCCTG-s2d4,CD14+ Mono
GCGGAACCAATTAACC-s2d4,CD14+ Mono
GAACTTATCATGGCCA-s2d4,Erythroblast
CCTATAGCATGAGCAG-s2d4,Erythroblast
CGCATTTGTCAGTAAT-s2d4,pDC
GTTTCTAGTCATTACC-s2d4,Proerythroblast
ACAGGAATCACAGGAA-s2d4,Erythroblast
CCTATTGTCTTGTTCG-s2d4,Erythroblast
AAGACCAAGTCGCTAG-s2d4,Normoblast
ACCCGCTGTGCTGTAA-s2d4,CD14+ Mono
CGCAATAGTTACTAGG-s2d4,Normoblast
CTTGCATGTCAAAGAA-s2d4,CD14+ Mono
ACCTTCCAGCTTAACA-s2d4,Erythroblast
GTCTTGCTCTCCTCAA-s2d4,CD14+ Mono
AGAATCGAGGAAGTAT-s2d4,CD16+ Mono
CCCTTAATCAATGAGG-s2d4,Erythroblast
CAATAAGCACTGACCG-s2d4,CD14+ Mono
CTTGTAAAGGCTAGAA-s2d4,Erythroblast
TGATGAACAATAGTCT-s2d4,Erythroblast
TTGCATTTCAAGCGCC-s2d4,CD14+ Mono
GTTAAGCTCACGTTAA-s2d4,CD14+ Mono
TCAGTGAGTTCATCTA-s2d4,Erythroblast
GCTAGCCAGTTGTCCC-s2d4,Erythroblast
AGGGTTGCAGGCTTCG-s2d4,HSC
CTCATGACAGTGAACG-s2d4,Erythroblast
CGCATGATCCCATAAA-s2d4,CD14+ Mono
GGTATTGGTAGCCATA-s2d4,Erythroblast
TCATAACCATTAGCGC-s2d4,CD14+ Mono
AGCGCCTAGCTCCCTG-s2d4,Proerythroblast
ACCTACCTCCGCAAAT-s2d4,cDC2
CTTGCATGTGGAGCAA-s2d4,Erythroblast
GGAACCACAAGGCCAA-s2d4,G/M prog
ATTACCCGTCATCAAG-s2d4,Erythroblast
CAGGACACAGCCGCTA-s2d4,Proerythroblast
ACAGCCGGTCCTTCAG-s2d4,Erythroblast
AGCCTAGTCACGCATG-s2d4,Normoblast
ATCCTTAGTGAGGTAG-s2d4,CD14+ Mono
CCCAGCACACAATGTT-s2d4,CD14+ Mono
AGAACAAGTTATGTGG-s2d4,Erythroblast
TGCTCAACAATAACCT-s2d4,Normoblast
TTTCACCCACATTGCA-s2d4,Erythroblast
AATCGCCCAGTTTGGC-s2d4,CD14+ Mono
CTTTAGGCACTTAACG-s2d4,Normoblast
CTATGAGGTGCACGCA-s2d4,Erythroblast
TTGGAGGCATTAGCCA-s2d4,Normoblast
TTGGAGGCAGGTTAAA-s2d4,Proerythroblast
CCGCTAAAGTCTTGAA-s2d4,CD14+ Mono
ACCGGTTCAAGCCAGA-s2d4,Erythroblast
CCTGTAACATTGCAGC-s2d4,G/M prog
AATTGGACAAAGCGCA-s2d4,CD16+ Mono
GCAGGTTGTTCCAGGG-s2d4,Normoblast
AATCCATCATAGCGAG-s2d4,Proerythroblast
CCTCCTGAGCGGGCAA-s2d4,Erythroblast
CTGTATTTCTTTAAGG-s2d4,Erythroblast
TATTAGGTCGTAACGT-s2d4,CD16+ Mono
TATGGTCAGCTAATCA-s2d4,Proerythroblast
AATGGCGCATAATTGC-s2d4,Normoblast
CCAGCTGCAAACTAAG-s2d4,Normoblast
ATGTGAGAGGCTAGAA-s2d4,Erythroblast
TCTCAAGCAAAGCGGC-s2d4,Proerythroblast
AGTAGCTTCCTCCTAA-s2d4,Erythroblast
CGGTTCCGTAGCTGGT-s2d4,Erythroblast
CAAACTGGTAATCGCA-s2d4,Proerythroblast
TTAGAAGCAATGAAGC-s2d4,G/M prog
TGACTTCGTGGTTAGC-s2d4,Erythroblast
GAGCTTAGTTTACCGT-s2d4,CD14+ Mono
ACCAAGCGTATTCGCT-s2d4,CD14+ Mono
CCGCTAGCACCCTCAC-s2d4,cDC2
CTTACCGGTGAGCAAG-s2d4,CD14+ Mono
TTGTCAAAGCCGCTTT-s2d4,Erythroblast
ATTGCTCGTAATGGCC-s2d4,Erythroblast
AAATGCCTCGTAATCA-s2d4,Normoblast
GTGCCTTTCGCAGGCT-s2d4,Proerythroblast
ACCCTCCCAGGATTAA-s2d4,Proerythroblast
TACTGAGGTCACACCC-s2d4,CD14+ Mono
GGTGAGGTCAATGTGC-s2d4,Erythroblast
AATATCCCATATAACC-s2d4,Erythroblast
GTCTTTGTCCTTGAGG-s2d4,Proerythroblast
AATCGCCCATTAGCGC-s2d4,CD16+ Mono
GGCTGAGAGTCCTTCA-s2d4,Proerythroblast
TTAGCGGTCGTCAAGT-s2d4,CD16+ Mono
CCGCTAAAGCCTGGTA-s2d4,Erythroblast
CATAGTCAGGATGATG-s2d4,CD14+ Mono
TCAGTAATCTTGGACG-s2d4,Erythroblast
AGTTGCGTCCGTTAAA-s2d4,Erythroblast
ATCCAACAGTTTCCTG-s2d4,Erythroblast
ACCCAACCAAAGCGCA-s2d4,CD14+ Mono
TTGACGTAGTCACTAA-s2d4,CD16+ Mono
CCGCACACAAACTAAG-s2d4,Erythroblast
TTCCTCAAGTTGGGCC-s2d4,Erythroblast
ACTAAAGCACAATTAC-s2d4,Erythroblast
GATCAGGCATCCTAGA-s2d4,CD14+ Mono
CAATCTAAGGCCATCA-s2d4,CD14+ Mono
CTTACCTCAGATAGAC-s2d4,Erythroblast
ACATCAATCACTTTAC-s2d4,Normoblast
GAGGTACAGCAAGGGT-s2d4,Normoblast
CGGCCATAGGGTCCAC-s2d4,Proerythroblast
ACACTAATCAAGTGTC-s2d4,Erythroblast
GTTGCCCGTTTACGTC-s2d4,Proerythroblast
CGAAGTAAGGTAACGA-s2d4,Normoblast
CGGTTTCTCCAGCACA-s2d4,CD14+ Mono
GGATATTGTGTTGTGA-s2d4,Proerythroblast
ATGAAGTAGGAAGTAT-s2d4,Proerythroblast
AAAGCACCACAATTAC-s2d4,Erythroblast
TGTCATAAGACAAGTG-s2d4,CD14+ Mono
CAAGGTAAGTTATGTG-s2d4,Erythroblast
GGATGTAAGACAACGA-s2d4,Erythroblast
AATCCTAAGCGCTCAA-s2d4,Erythroblast
GAGTAACCAAGTAAGC-s2d4,Proerythroblast
GCACGCTAGAAAGCAT-s2d4,CD14+ Mono
CCGCCAACATTGTCAG-s2d4,Erythroblast
GAGGCTTGTGCTTAGA-s2d4,HSC
ATTGGCTAGGCCATCA-s2d4,CD14+ Mono
GCGTGCTAGCGAGGTG-s2d4,CD16+ Mono
CCGTTGCGTTCAAGCA-s2d4,CD14+ Mono
TCTTTGTAGCAAGGGT-s2d4,Erythroblast
CTGTTCATCAAGGACA-s2d4,CD14+ Mono
TTTCTCACAATCATGT-s2d4,CD14+ Mono
CTGGCTAAGTTAGTGC-s2d4,Proerythroblast
CCAGGATGTAGCTGGT-s2d4,Proerythroblast
AGTCAAGAGGACGTAA-s2d4,Proerythroblast
TAACCAGGTGCCGCAA-s2d4,cDC2
TACAATGTCTGTAATG-s2d4,Erythroblast
CCCGTTGTCGTCAAGT-s2d4,Normoblast
TGAAGCAAGCATGCAT-s2d4,CD14+ Mono
TAAGTAGCACCAGCAT-s2d4,Erythroblast
CGCTTACTCATTGTCT-s2d4,CD14+ Mono
TCGTTACGTGGAGCAA-s2d4,HSC
TGGTTCTGTTATCCGT-s2d4,CD14+ Mono
CGTCATTGTGGTTCTT-s2d4,Erythroblast
TTATGACCAATAATCC-s2d4,CD14+ Mono
CCAGCTAAGGGATGAC-s2d4,Erythroblast
GTGGACACACGGTACT-s2d4,CD14+ Mono
AGGACTAAGACAAGTG-s2d4,CD14+ Mono
CATCAGCCAATACTGT-s2d4,CD14+ Mono
CAGGACCTCCAGGAAA-s2d4,Erythroblast
ATTGAAGCACCTAATG-s2d4,Erythroblast
CGTGAGGAGGCTAGAA-s2d4,Erythroblast
TTAGAAGCAAGCTACC-s2d4,Erythroblast
ACGATTCAGGCATTAC-s2d4,Erythroblast
CTCCCTGAGCAAACCT-s2d4,CD14+ Mono
TCAGGTTAGGCGTAAA-s2d4,cDC2
TGGATTGGTTCCGGCT-s2d4,CD14+ Mono
ATCGCTTGTTCCTCCT-s2d4,G/M prog
TACGGTTAGGCTAATC-s2d4,Erythroblast
CCAGGATGTAATCGTG-s2d4,cDC2
GGTTGGTGTGTTTCAC-s2d4,Erythroblast
CCCTCAGTCATGTGGT-s2d4,CD16+ Mono
TTGTAAGTCCATAAGC-s2d4,Erythroblast
ACAGGATCAGCCAGTT-s2d4,Erythroblast
GGATTGCGTTAGCTGA-s2d4,Erythroblast
CTTTATGGTACGGTAC-s2d4,CD14+ Mono
GATTCGCCATCAGTAT-s2d4,Erythroblast
GGATGAATCGCTTGCT-s2d4,Erythroblast
GTTTGTCGTTTACCGT-s2d4,Normoblast
CGTAACCCATTGTCCT-s2d4,Normoblast
GGAATCTTCTAGCTTT-s2d4,CD14+ Mono
TAGCCTTGTAAGCTCA-s2d4,Erythroblast
CATTCATTCAAACCGT-s2d4,Erythroblast
CTCTAAGCAGGCTGTT-s2d4,CD14+ Mono
AGGTTAGAGCACAGGG-s2d4,CD14+ Mono
GAGGACTAGACTCGCA-s2d4,HSC
GTAAGCTTCTTGATGA-s2d4,Erythroblast
GACCTAAGTTTATGGG-s2d4,CD14+ Mono
TAGGCTTAGTAGGCGG-s2d4,Erythroblast
GTCTATGCAACAACAA-s2d4,Erythroblast
TTTCTCACAGCCAGTT-s2d4,Erythroblast
CCTGGTAAGTGTTGTA-s2d4,Erythroblast
GTGGTTAGTGCGCATG-s2d4,Erythroblast
CAACTAATCTAATCAG-s2d4,CD16+ Mono
GGCGGTTTCCCTCATA-s2d4,CD14+ Mono
GCTTATCGTGGTTAGC-s2d4,CD14+ Mono
TGTCCTTCATTCCTGT-s2d4,HSC
ACAACACTCCTAAGGT-s2d4,G/M prog
GGACGGATCATGCTCC-s2d4,Normoblast
GCCAGGAAGATAAAGC-s2d4,Proerythroblast
ACAAAGGTCAGGTCCA-s2d4,Erythroblast
CAGGGTGAGTTAGGCT-s2d4,CD14+ Mono
GAACCAAAGCGCCTAA-s2d4,Erythroblast
GCTGACCAGCGGGCAA-s2d4,Erythroblast
TCCTCACAGCCGCAGT-s2d4,Normoblast
TGTTGTAAGCCACAAT-s2d4,Erythroblast
CGTAACTAGGTCGAGG-s2d4,Erythroblast
CTTGTTCCATACCCGG-s2d4,CD16+ Mono
TGTTGTAAGAGAAGGG-s2d4,Proerythroblast
CTAGGCGGTTCATTTG-s2d4,CD14+ Mono
CCTACTTCAATTTGGT-s2d4,Normoblast
GTTAACGGTTTGGGTA-s2d4,CD14+ Mono
CGAGGTGAGGATGATG-s2d4,CD14+ Mono
GGTGCTTCAGTTTGTG-s2d4,Proerythroblast
AGGCGGATCGGTTAGT-s2d4,Erythroblast
TGGTTGAGTTGCATCT-s2d4,Erythroblast
TGTGCGGGTTCCTGTG-s2d4,Normoblast
GCCTGACAGCCTTAAA-s2d4,Erythroblast
GGGTGAAGTACTTAGG-s2d4,CD14+ Mono
TCTTAGTTCCGTGACA-s2d4,Erythroblast
CTTGTTTAGTAACGGA-s2d4,CD16+ Mono
CCGGTTAAGTCATTAG-s2d4,Erythroblast
GGTTTAATCCTAGTTT-s2d4,Erythroblast
CGCTTAACATGAATCT-s2d4,CD14+ Mono
ATATGCTCAAAGGTAC-s2d4,Normoblast
CAGGCTGGTGTGAGAG-s2d4,Proerythroblast
CTGTAACAGTTAGTGC-s2d4,Normoblast
GAGCATGCATAGCAGG-s2d4,Erythroblast
TAGCTTGCACCAACCG-s2d4,Erythroblast
CTGGACCAGCACTAAC-s2d4,Normoblast
AATGCGCGTTAGGTTG-s2d4,Normoblast
TCCTAGTGTTAACGAT-s2d4,CD14+ Mono
CGATTTGCATGATTGT-s2d4,HSC
TTAGCGGTCAAACCTA-s2d4,Erythroblast
CTGCTACTCCCTGGAA-s2d4,G/M prog
CTGAAACTCTAATCAG-s2d4,Erythroblast
GCAAACCGTCAGTAAT-s2d4,Erythroblast
ACAGCCGGTGTTTCAC-s2d4,Erythroblast
ATCATGTCATGACTAT-s2d4,Erythroblast
AAGGTGCAGTGAGAGC-s2d4,Normoblast
ACTTAGTCATCACAGC-s2d4,Erythroblast
TTCGTTAGTTACAAAC-s2d4,Erythroblast
AGTGAACCACCTGCCT-s2d4,CD14+ Mono
CGGAGCAAGCCAAATC-s2d4,Normoblast
CCTTCAGGTGCCGCAA-s2d4,Proerythroblast
CGCTCCATCCCGCATT-s2d4,Erythroblast
ACGTCAAGTGATGAGG-s2d4,CD14+ Mono
ATTAGCGGTCTATCGT-s2d4,CD14+ Mono
TTGCACACATGTCAGC-s2d4,Erythroblast
CGTGCACAGGGATGCG-s2d4,Proerythroblast
TAACAAGCAGGCTTCG-s2d4,Normoblast
AGTGCACGTTAGCGTA-s2d4,Erythroblast
TTTCTCACATCATGTG-s2d4,CD14+ Mono
ACTTGTAAGTCCTTCA-s2d4,CD14+ Mono
ATTACCCGTTATTGCC-s2d4,Erythroblast
TCCCTGGTCGCAAACT-s2d4,CD14+ Mono
TTAAGTGTCGGTTACG-s2d4,CD16+ Mono
AGCGGACCACAAAGGT-s2d4,Normoblast
GCGATTTAGTGAGGGT-s2d4,G/M prog
AAACCGCGTCAGGAAG-s2d4,HSC
TACTTGTTCGCTATGG-s2d4,CD14+ Mono
TAATGCATCCATCAGG-s2d4,Erythroblast
CGTTATCGTGTGTGGT-s2d4,CD14+ Mono
CTGCTATGTGGAGCAA-s2d4,CD16+ Mono
ATATGCATCAGAAACG-s2d4,cDC2
CAAACAACATAAACCT-s2d4,Erythroblast
GTTCGCGCAAGACTCC-s2d4,HSC
TTGGGCCAGCAAGGTA-s2d4,Erythroblast
TTGCACACAGTTGCGT-s2d4,Erythroblast
CACAAGCGTTTGGGCG-s2d4,CD14+ Mono
AAGTTTGTCACCAATA-s2d4,Erythroblast
CACAGGGAGAAAGGAA-s2d4,CD14+ Mono
GTTAGGCGTTCATTTG-s2d4,Erythroblast
GAACCTTAGGTTTGAC-s2d4,MK/E prog
TAGTTGTCATGTTGCA-s2d4,Erythroblast
TGTGCGGGTTATCGAG-s2d4,Erythroblast
TGATCGAGTCTTTGAC-s2d4,Erythroblast
CAAGTTATCATAGACC-s2d4,G/M prog
ATTGACTCATCCCTCA-s2d4,CD14+ Mono
TTGTGCCTCATGACCG-s2d4,Erythroblast
GCACGAACAGAGAGCC-s2d4,CD16+ Mono
GAACCTGTCATTAGCA-s2d4,Erythroblast
GTCCGTAAGTAGCTTA-s2d4,Normoblast
ACCAGGGAGTTAGTTG-s2d4,Erythroblast
AGCAAATAGGACAATG-s2d4,CD14+ Mono
AGCAAATAGTAAGTGG-s2d4,Erythroblast
CTATGGCCATTGTCCT-s2d4,CD14+ Mono
CATCCCAGTAACAGGG-s2d4,Proerythroblast
TCAACAATCCTCACTA-s2d4,Erythroblast
TCAAGCTAGCGAGGTG-s2d4,Erythroblast
GAGCGATAGGTGCGGA-s2d4,CD14+ Mono
TGGATTGGTTAACACG-s2d4,Erythroblast
AGGACTAAGGCGAAAC-s2d4,CD14+ Mono
TCCTTAGTCACCTGTC-s2d4,Normoblast
GCCTCAAAGGCCTTAG-s2d4,Erythroblast
GTTTCTAGTGTAATAC-s2d4,CD14+ Mono
AGGATATAGGCTATGT-s2d4,Erythroblast
TGGTGATTCTTTAAGG-s2d4,Normoblast
AAAGGTTAGCACTTGG-s2d4,Normoblast
GTACCTTGTTAGAGGG-s2d4,CD14+ Mono
GTATTGATCCGCAAGC-s2d4,CD14+ Mono
GAGTAACCAAGGTAAC-s2d4,Erythroblast
AAGTTTGTCGATTCTT-s2d4,CD14+ Mono
ATTGAAGCAGTTATCG-s2d4,CD14+ Mono
TAGCCTCTCCGCATGA-s2d4,Erythroblast
GACCGAACAGAATGAC-s2d4,Erythroblast
GCAAACTTCAGGCCTA-s2d4,CD16+ Mono
GCCCATAAGTGAACCT-s2d4,CD14+ Mono
CTCATTTAGTTAGAGG-s2d4,Erythroblast
GCCTTAACAAGCGAGC-s2d4,Erythroblast
GGTTTCCTCCCGTTTA-s2d4,Erythroblast
GATGCAGCATGTTGTG-s2d4,Erythroblast
CGCCTCATCATGCTAA-s2d4,CD14+ Mono
ACAACAGAGGTTTGAC-s2d4,Erythroblast
TGCGCGAGTTTGGGCG-s2d4,cDC2
CTGGTTACACTTCACT-s2d4,CD14+ Mono
GCTAGCTCAAACTAAG-s2d4,CD14+ Mono
GATGAGGGTTCCAGGG-s2d4,CD14+ Mono
CTACGAAGTTCGCGCT-s2d4,Proerythroblast
ATTTGCAAGACAAGTG-s2d4,Proerythroblast
GCTTTATTCTTGTTCG-s2d4,Proerythroblast
AGTAGGATCGGTTACG-s2d4,Erythroblast
ACGACAAAGTTATTCC-s2d4,Normoblast
TCTTCAAGTTGTCATC-s2d4,Proerythroblast
AAGCGAATCCAGGTCA-s2d4,Erythroblast
CTATGGCCATAGCGGA-s2d4,HSC
AGTCCTGAGCCTAATA-s2d4,CD14+ Mono
CCCGCAACAGCTTACA-s2d4,Erythroblast
CGCTAACCAACTGGCT-s2d4,Erythroblast
AAGCTTGGTACCGTTT-s2d4,Erythroblast
GATTATGTCTTGTTCG-s2d4,Erythroblast
TAACCTAAGTCACCAG-s2d4,Erythroblast
TGCAAGCGTCCTAATC-s2d4,CD14+ Mono
GCTGTGATCGTAACGT-s2d4,CD14+ Mono
TCCTTTACAGGGAGCT-s2d4,CD14+ Mono
TACCAAATCATGCTCC-s2d4,CD14+ Mono
TGAACAACAATTTAGC-s2d4,CD14+ Mono
CGAGTCGGTGTGTGGT-s2d4,CD14+ Mono
ATGGTGCGTTACATCC-s2d4,Normoblast
CTCACACTCCCTCAAC-s2d4,Erythroblast
GCGGGTTTCATGTCAA-s2d4,Normoblast
TATGCATCATCATGGC-s2d4,Erythroblast
GGATGGCCAGGTTAAA-s2d4,Erythroblast
TCTAGCGAGTCATCCC-s2d4,Erythroblast
TCGGTTTGTTAGCCAA-s2d4,HSC
CTTGTAAAGGAAGTAT-s2d4,Normoblast
GCCTCGACAATATACC-s2d4,CD14+ Mono
GTAAGCTTCTAATCCT-s2d4,MK/E prog
CATGCGCAGCGAGCGA-s2d4,Erythroblast
GGCATTGTCATAAGCC-s2d4,Erythroblast
TGACTCCTCAATAGCC-s2d4,CD14+ Mono
TGATGACTCGCTAAAC-s2d4,Erythroblast
ATAGCATGTCAATGTG-s2d4,Proerythroblast
AATTGTGTCTAATTGG-s2d4,Erythroblast
TGTATCGCATCAATCG-s2d4,CD14+ Mono
CAAAGTGAGTCACTAA-s2d4,Erythroblast
ACCATTAAGAGGATAT-s2d4,CD14+ Mono
ACGACTTAGCAAGGAC-s2d4,Erythroblast
ATCCAACAGTAACCCG-s2d4,Erythroblast
ATTAGCTCATGTTGGC-s2d4,Erythroblast
AAGGATTAGAATGACG-s2d4,CD14+ Mono
CAATGCCCAATTTGGT-s2d4,Erythroblast
GGTTTCCTCATTGTCT-s2d4,CD14+ Mono
GAACCTGTCATGCATA-s2d4,Erythroblast
ACCAAACTCCACCCTG-s2d4,CD14+ Mono
TGCTAGCCATAGCTGC-s2d4,Erythroblast
AAGTGAAGTAGCTAAT-s2d4,Erythroblast
CGTAGCGGTTGCGGAT-s2d4,CD16+ Mono
GCAGGTTGTAACTACG-s2d4,CD14+ Mono
CTACCTCAGCTGTCAG-s2d4,Erythroblast
ATGCCTGAGGGCTAAA-s2d4,Normoblast
ATCATGTCAGCCTGCA-s2d4,CD16+ Mono
CCTTAGTGTATTGTGG-s2d4,CD14+ Mono
TGAAACTGTCCCGAAG-s2d4,Proerythroblast
GGACCTCAGGTGAAAT-s2d4,Normoblast
AAGCGGGTCAATTACG-s2d4,CD14+ Mono
GCCATGATCTTGCAAA-s2d4,CD14+ Mono
GGTAAACCACCTGCCT-s2d4,Erythroblast
TGAACAACAACCGCCA-s2d4,Normoblast
GCATTGCCAGGGAGGA-s2d4,CD16+ Mono
GCCTGCTGTTAACGGC-s2d4,Normoblast
CTGATCACAGTTTCTC-s2d4,Erythroblast
GAGCTTAGTGTGTGGT-s2d4,CD16+ Mono
GCCTGACAGGACTTAC-s2d4,Erythroblast
GATTATGTCAAAGGCA-s2d4,Erythroblast
AAGCTATGTCCTTAGT-s2d4,CD14+ Mono
TGATTCAAGTAGCTTA-s2d4,CD14+ Mono
GGGATTAAGTGTGATC-s2d4,Normoblast
CCCTGGACACTAGCGT-s2d4,CD14+ Mono
AAATCCGGTAGCTGGT-s2d4,Normoblast
TAGTGGCGTTAATCGG-s2d4,Erythroblast
AAGCGTTTCTGTAAGC-s2d4,Erythroblast
AGGATTGAGGAGCATA-s2d4,CD14+ Mono
CGGCCATAGGCTACAT-s2d4,CD14+ Mono
TGCACTTGTCGCGCAA-s2d4,CD14+ Mono
ATGAGCCGTTAAGCGC-s2d4,Normoblast
AAACCGGCATTTGCTC-s2d4,Proerythroblast
ACCAGGACATCCAGGT-s2d4,CD16+ Mono
TGACCTTGTAATCCCT-s2d4,pDC
GGTGTGACAACTCGCG-s2d4,Erythroblast
TACGGATTCACGCCAA-s2d4,Proerythroblast
ATTCACTTCCAAATCA-s2d4,Normoblast
GTAGGAGGTTCAAGCA-s2d4,CD14+ Mono
CTAGGCGGTTGTCATC-s2d4,CD14+ Mono
TCCGGTTTCGTTTCCA-s2d4,Erythroblast
AATGTCATCTACTAAG-s2d4,Erythroblast
GGCTGGTTCCGGTTGA-s2d4,Erythroblast
GTATGTTCAGCTTAAT-s2d4,Normoblast
CTAAAGCTCTCAATTC-s2d4,Normoblast
GGCTTCAAGGACAACA-s2d4,CD14+ Mono
TTATCCTAGGTTACAC-s2d4,Normoblast
CCTTAGTGTTGTTCAC-s2d4,CD14+ Mono
TATCCAGCACCGGTAT-s2d4,CD14+ Mono
GCAAGCCTCGGTCATG-s2d4,HSC
GCACGCTAGGGACGCA-s2d4,Normoblast
GGAGTCTGTTTGACCT-s2d4,Erythroblast
CGCTCAGCATCTAGCA-s2d4,CD14+ Mono
TAACCAGGTTAAGGCC-s2d4,CD14+ Mono
GTACTTCGTTATTGCC-s2d4,Erythroblast
ACGCCACAGCGCAATT-s2d4,Erythroblast
TTAGCTGCAAGGTACG-s2d4,pDC
CAAGAACCATGTCAAT-s2d4,G/M prog
CTTTCTTGTCTTACTA-s2d4,CD14+ Mono
ACTTAGGGTGTCCTGC-s2d4,CD14+ Mono
TCACTGACATCCATCT-s2d4,Proerythroblast
TGTGTTAAGGAACGCG-s2d4,Erythroblast
AAGCCTGTCATGACCG-s2d4,Erythroblast
TGTGGCCAGTCATGCG-s2d4,Erythroblast
GCAAGTGCATGTCAAT-s2d4,Erythroblast
AAAGGCTCAAAGGTAC-s2d4,CD16+ Mono
TAGCGGCTCGTTTCTG-s2d4,Erythroblast
TGCACCTTCCTTCGTA-s2d4,Erythroblast
TGGACGGAGCTGTAAC-s2d4,Normoblast
TGGTTAATCTTGTCCA-s2d4,CD14+ Mono
CATAACGGTTGTGACA-s2d4,CD14+ Mono
AATTGACGTAGGTTAT-s2d4,Proerythroblast
AAGCAAGTCTTAGGAC-s2d4,CD14+ Mono
GATCGCTCACTAGCGT-s2d4,Erythroblast
CTTATTGGTACTTCAC-s2d4,CD14+ Mono
GCTGACCAGGATTGAG-s2d4,CD14+ Mono
GAGTAACCAAGACTCC-s2d4,Erythroblast
TACTGCACACAGGGAC-s2d4,CD14+ Mono
ACTTATGAGGTAAGGC-s2d4,Normoblast
CAGATTCAGGAGGCAT-s2d4,Erythroblast
AATGCGCGTGAGGTGA-s2d4,Erythroblast
AAGCCTGTCATTGTCT-s2d4,Erythroblast
ATAATGGCAATAGTCT-s2d4,CD16+ Mono
AGCTTAATCATGTGGT-s2d4,cDC2
TCTCAAGCAATTAGGA-s2d4,CD14+ Mono
CCTACTGGTAAAGCAA-s2d4,CD14+ Mono
GTTTAGCAGTCACTCC-s2d4,CD14+ Mono
CTTAGGAGTGGATTCA-s2d4,CD14+ Mono
CCTTCGGTCATCCTAT-s2d4,CD14+ Mono
CTACGAAGTTATCCTA-s2d4,CD14+ Mono
GGCCTTAAGTCCTTCA-s2d4,Erythroblast
TTCCCGCCAAGACTCC-s2d4,CD14+ Mono
ATTAGCGGTTAAGCGC-s2d4,Normoblast
AGGTTTGGTTGGATCA-s2d4,Erythroblast
GTATTGTCAATTTAGC-s2d4,pDC
ACTTATGAGATAACCC-s2d4,Normoblast
TCCAGCAAGGTCGATT-s2d4,CD14+ Mono
CCGTTATGTGATGAAA-s2d4,Erythroblast
ATGACAACAGGACACA-s2d4,Erythroblast
CAATGCCCATGCTATG-s2d4,Erythroblast
AGTAACGAGCTACTGG-s2d4,Erythroblast
TCTAACCGTTACTTGC-s2d4,Erythroblast
CCATAATCAATTTGGT-s2d4,CD14+ Mono
GTAGGATCAATGAAGC-s2d4,Proerythroblast
AAGTTACGTGCTAGCG-s2d4,CD14+ Mono
GCTCTGGCAGTAGCCT-s2d4,Erythroblast
CAGGAAGGTGTTGTGA-s2d4,Erythroblast
GTTCATTTCAACCAAC-s2d4,CD14+ Mono
GCATGAGCACAGCCTG-s2d4,pDC
AATGTCCAGGACGTAA-s2d4,CD14+ Mono
GTCTATGCATGAGCAG-s2d4,Normoblast
TTGCACACAGGGAGCT-s2d4,CD14+ Mono
AGGTCATTCGATATTG-s2d4,Erythroblast
GGTTACCCATTGTGCA-s2d4,CD14+ Mono
CGAGGAAGTCATTGAG-s2d4,Erythroblast
ACTGAATGTTACTTCA-s2d4,Erythroblast
CCACTTGGTAACAGGG-s2d4,Erythroblast
GAGTAACCAGTAGGAT-s2d4,CD14+ Mono
TTGTCCGGTTTATCTG-s2d4,Normoblast
GAGAACCAGCCAGTAT-s2d4,CD14+ Mono
TAGCGCGGTTAAGCCA-s2d4,CD14+ Mono
ACAGCCGGTGAGCGAA-s2d4,CD14+ Mono
TCTTGACGTTCCGGGA-s2d4,Erythroblast
GCAGCTATCTTAGGGT-s2d4,Normoblast
CAATAGCTCACACAGT-s2d4,CD16+ Mono
GCCTTTGGTAGGTTGC-s2d4,Proerythroblast
TGCTCTCAGGAGCAAC-s2d4,Erythroblast
CCTCCTCTCCGCCTCA-s2d4,pDC
GCTTGTTGTAACGTGC-s2d4,G/M prog
AGGTATTGTTGTAACG-s2d4,Erythroblast
TCAAGGAAGCTTACTT-s2d4,Normoblast
TGGCTAAGTTCGCGCT-s2d4,Normoblast
GGGTGAAGTATTGAGT-s2d4,Erythroblast
GTGGACACAGTCTAGC-s2d4,CD14+ Mono
CATGCATAGTCACGAT-s2d4,CD14+ Mono
TGAGTGAAGGCATTAC-s2d4,Erythroblast
AGGTTTGGTTAGCGTA-s2d4,Erythroblast
ACCTGGTCAACAGGAT-s2d4,CD14+ Mono
GATCGATTCATTATGG-s2d4,CD14+ Mono
GTTACTCGTCACCAAA-s2d4,CD14+ Mono
CCACAGGGTTATCCGT-s2d4,Normoblast
GCAAACCGTCACACCC-s2d4,cDC2
TCCAGCAAGGATCACT-s2d4,Erythroblast
CATCCTCAGCCTCTCG-s2d4,Erythroblast
ATTACCCGTACGCGCA-s2d4,Erythroblast
AGTCAAGAGACAGGCG-s2d4,Proerythroblast
CTTTGGGAGCCTAACG-s2d4,Normoblast
AATCGCCCATAGACCC-s2d4,CD14+ Mono
CTCCAAACAAGGTATA-s2d4,Normoblast
TCTATGTTCCCAGTAG-s2d4,Erythroblast
TCTATGTTCCAGGAAA-s2d4,Normoblast
AAGAACAGTAATCGGC-s2d4,Erythroblast
AGGAGCTAGACTTATG-s2d4,Normoblast
AGTGCACGTCTTTGAC-s2d4,Erythroblast
CGTAGTTAGGCATGTT-s2d4,G/M prog
ACGAATCTCCTAAATG-s2d4,CD14+ Mono
AGTCAAGAGCGCCTAA-s2d4,Normoblast
AACCTCACAGCTCATA-s2d4,Erythroblast
CCTTCAGGTCAATGTG-s2d4,Erythroblast
ACGCCACAGGCAATAG-s2d4,CD14+ Mono
AAAGGACGTTGTGACA-s2d4,CD14+ Mono
AAATCCGGTTTCGCCA-s2d4,CD14+ Mono
CCACATTGTTGTTCAC-s2d4,CD16+ Mono
GTACTAATCCTGATGG-s2d4,CD16+ Mono
CCACAATAGGTCCGTA-s2d4,Erythroblast
ATTCCGGAGGTTAGCT-s2d4,Normoblast
GATAAAGGTGGATTCA-s2d4,CD14+ Mono
GCGCCTTGTAGCTAGC-s2d4,Erythroblast
ATTACTGAGGTCGAGG-s2d4,CD14+ Mono
CATGCGGGTAGTAAGA-s2d4,Erythroblast
ATGCATTCAAGACTCC-s2d4,Normoblast
TTGTTGCGTACTAAAC-s2d4,Normoblast
ATTACCGCATAGCTGC-s2d4,Erythroblast
CAAGTGAAGGTTACAC-s2d4,Normoblast
GTAAGCTTCCCTGTTA-s2d4,Erythroblast
CTCCGGACAGCAACAG-s2d4,Erythroblast
TTTGTCTAGGTGTTAC-s2d4,CD14+ Mono
GCCTTAGAGCATGAAG-s2d4,CD14+ Mono
CGATATTCACCATATG-s2d4,CD14+ Mono
AGCAATTGTCCTTCTC-s2d4,CD14+ Mono
TCCGGTTTCCTTGTTG-s2d4,Erythroblast
GGTCCTGCACCAGGTT-s2d4,CD14+ Mono
CTCTAAGCAACTGGGA-s2d4,Erythroblast
TTCGTGCTCCGCCTAT-s2d4,G/M prog
CCGCTAAAGGTTAGAG-s2d4,Erythroblast
GAGGCAAGTGCCGCAA-s2d4,Erythroblast
ATCCGTGAGCATGTTA-s2d4,CD14+ Mono
ACTTACAAGCAGGTGG-s2d4,Erythroblast
GGCCAACTCATTGACA-s2d4,HSC
TCCTTGCAGCTTAGTA-s2d4,Normoblast
CTAATTGAGACAACGA-s2d4,Normoblast
CGCAATCCATGTTTGG-s2d4,Erythroblast
AGGAAACGTACTTAGG-s2d4,Proerythroblast
ACAACACTCTAACCTT-s2d4,Erythroblast
GATGCGACACCAGGTT-s2d4,CD14+ Mono
AAGGTCAAGACAGGCG-s2d4,Proerythroblast
CCAGCTGCAATTAGGA-s2d4,Erythroblast
GCTAGCTCAATAATGG-s2d4,CD14+ Mono
TTTGACCGTGGAGCAA-s2d4,Normoblast
CCGTTATGTTTGCAGA-s2d4,CD14+ Mono
AATGCGCGTAACAGGG-s2d4,CD14+ Mono
TGAGTTTCAAGCCACT-s2d4,Erythroblast
ATTGCACAGGAGTCTT-s2d4,CD14+ Mono
AGGCGGATCGGTTTGG-s2d4,CD14+ Mono
AATACCGGTTTAACCC-s2d4,Erythroblast
ACTATCCGTTCGCTCA-s2d4,CD16+ Mono
GAAACTGAGCGGTTAT-s2d4,CD14+ Mono
GAACCTTAGTGCTGTG-s2d4,CD14+ Mono
AAAGCGGGTATTGTCC-s2d4,Erythroblast
GGGCATTGTGGATGTC-s2d4,CD14+ Mono
CTAGTAATCGTTATCT-s2d4,CD14+ Mono
GGAACCACATAATCGT-s2d4,Normoblast
TTCCTTCTCACTAAGC-s2d4,CD14+ Mono
GATGACTTCGTCATTT-s2d4,CD14+ Mono
TGTGAAACAAGCCACT-s2d4,Erythroblast
AGTAGGATCTTGTCCA-s2d4,Normoblast
ATTACGTCAAGGTCCT-s2d4,Erythroblast
GGGAGTAGTCTATCGT-s2d4,Erythroblast
GACTTAGGTACCTTAC-s2d4,CD16+ Mono
CACATACAGTTCCTGC-s2d4,CD16+ Mono
TTAAGTGTCTACCTGC-s2d4,Erythroblast
GGATATTGTGAGGTGA-s2d4,Erythroblast
TAGCTTAAGCCTGATG-s2d4,pDC
TGCTCTCAGCGAAGTA-s2d4,Proerythroblast
CCCGTAAAGAGGATAT-s2d4,Normoblast
CAAGAACCATTAGCCA-s2d4,CD14+ Mono
CCTGTAACAGCAAGTG-s2d4,CD16+ Mono
GCAAACAAGGTTACGT-s2d4,Erythroblast
CATCCTCAGCTGTCAG-s2d4,CD14+ Mono
GGGCATGAGTTGCCTC-s2d4,CD14+ Mono
CGTTAGGTCATGCTTT-s2d4,Erythroblast
CACTAAGGTGCTGTAA-s2d4,Normoblast
AGCAAGGGTCATAACG-s2d4,Erythroblast
GTTTCTAGTTAGGTTG-s2d4,Erythroblast
GCGCTAGGTTTCCGGC-s2d4,Proerythroblast
GATAAGCCATAGGCGA-s2d4,Erythroblast
ATTGTGATCGCACAAT-s2d4,Erythroblast
ACACTAGGTCCCGAAG-s2d4,Normoblast
CAAGGTAAGGGTGAGT-s2d4,Proerythroblast
GTAGTTTCAATGAGGT-s2d4,CD14+ Mono
GACCGTTCAGCTAACC-s2d4,Erythroblast
GGAGCAAGTTTGCTGT-s2d4,CD16+ Mono
GCCTGCTGTTGAGGTC-s2d4,Erythroblast
CGCTAACCAGTCTAGC-s2d4,CD14+ Mono
CATTCATTCGAGGAAC-s2d4,Normoblast
TCCCTGGTCCTACCTA-s2d4,CD14+ Mono
ACCGGTTCAGGAAGCC-s2d4,CD16+ Mono
ACGCCTAAGACAAAGT-s2d4,Erythroblast
TTTAGGATCTTAATGG-s2d4,Normoblast
TATATCCTCCTCACAC-s2d4,CD14+ Mono
ATTCATGAGGAGGTTA-s2d4,Proerythroblast
CGAGTCGGTAGTTAAC-s2d4,Normoblast
GTTACGTAGTAGCGGG-s2d4,CD14+ Mono
GGCGGTTTCATTACTC-s2d4,CD14+ Mono
TGTAAGTGTCATCATC-s2d4,CD14+ Mono
AGCAATACAGGTTATT-s2d4,Erythroblast
GGGTCACTCCATCAGG-s2d4,CD16+ Mono
GGCGGTTTCTAGCGAT-s2d4,CD14+ Mono
TAGGGTTTCCATCAGG-s2d4,CD14+ Mono
GGATACTTCCTAGTAA-s2d4,Proerythroblast
TTAGTCAAGCATGCAT-s2d4,CD14+ Mono
AACTGTTCATCCAGGT-s2d4,CD14+ Mono
AGCAAGGGTTGCTGGG-s2d4,CD14+ Mono
CGCACCACATCAGTAT-s2d4,CD16+ Mono
GCTAGTGTCAAGCGCC-s2d4,Proerythroblast
CTGCTATGTCCCGAAG-s2d4,CD14+ Mono
GCTAAGAAGTTATGTG-s2d4,Normoblast
TCAGGTTAGCGGCTGT-s2d4,CD14+ Mono
TCAGCAAGTCCAAGAC-s2d4,CD14+ Mono
TTGCTTTAGCGAGTAA-s2d4,CD14+ Mono
GCAAACTTCCGCATGA-s2d4,Erythroblast
TCAAGTATCTCACTCA-s2d4,CD14+ Mono
TGCTTCATCATTGTTC-s2d4,Erythroblast
CACATACAGGAAGCAC-s2d4,Normoblast
CAATGAACAATTGACT-s2d4,Normoblast
TGGATTCAGTTTCCGC-s2d4,Normoblast
AGCTCATAGAATCGCT-s2d4,Normoblast
CATAATCCATATAACC-s2d4,CD14+ Mono
CTTGAACAGTGCTGTG-s2d4,Erythroblast
GGCTTCAAGGTAAGCA-s2d4,CD14+ Mono
CCTGACTTCCTGTTCA-s2d4,CD14+ Mono
TTTGGTAAGGTAAGGC-s2d4,CD14+ Mono
TCAAGTATCATTGACA-s2d4,Erythroblast
GCAGGTGAGCGAGTAA-s2d4,Normoblast
CGCGGATTCATGCCTC-s2d4,Erythroblast
CCCAATTGTCCTTCAG-s2d4,Erythroblast
TTAGCAATCCGTGACA-s2d4,Erythroblast
TCTAATCTCGGTTTGG-s2d4,Normoblast
GGCTTAAGTTAGTGAT-s2d4,Erythroblast
GGTATTTCACAATACT-s2d4,CD14+ Mono
TATAGGTGTTGTTGGA-s2d4,cDC2
GAGCTTGTCTGGTCCT-s2d4,CD14+ Mono
CATTTGTTCTAAGTCA-s2d4,CD16+ Mono
TTTACGCGTATTGGAT-s2d4,CD14+ Mono
TTAGGCTAGTGATTCA-s2d4,Erythroblast
ACTCACTGTTGAGGTC-s2d4,Erythroblast
GGTAGGAGTGTCCTGC-s2d4,CD14+ Mono
CCGTTACTCCCTGGAA-s2d4,MK/E prog
GCGTGCTAGTTTGCGG-s2d4,Erythroblast
AGAATCTGTGCTGGTG-s2d4,CD14+ Mono
GCTGTGCAGTAACCAC-s2d4,Normoblast
AACCCGCAGGGTGGAT-s2d4,CD14+ Mono
GTAAAGCCAAGGATTA-s2d4,Normoblast
GTAGGATCAGCCAGAA-s2d4,Normoblast
CTCCGTCCACAACAGG-s2d4,Erythroblast
CTAAGTCAGTCACCAG-s2d4,Normoblast
CGTTGCAAGTTGCCTC-s2d4,G/M prog
TTTGGCTGTTGAGCCG-s2d4,CD14+ Mono
ACCTGGATCCTTGCAC-s2d4,Proerythroblast
GCACTTACAATGAGGT-s2d4,CD14+ Mono
CGAATATGTTAATGCG-s2d4,Erythroblast
ACACTAATCAGTATTG-s2d4,CD14+ Mono
TGTCAGTAGGCTAGAA-s2d4,Erythroblast
TTCAGTTTCTTAGCCC-s2d4,CD16+ Mono
ATTAGTCCATAGCTGC-s2d4,Normoblast
CAGGGTGAGTTATCTC-s2d4,Erythroblast
ATTAGGTGTGTCCAAA-s2d4,Erythroblast
CCATAGCCATAAACCT-s2d4,Erythroblast
CAGTATGGTGTGTGGT-s2d4,CD14+ Mono
GCTGTACCAATCGCAC-s2d4,CD14+ Mono
TGTTTGTTCCATAATG-s2d4,CD14+ Mono
CGGAATCGTCAAAGGG-s2d4,Erythroblast
AAGCCACGTCCGGTTC-s2d4,CD14+ Mono
GCTGAGGAGTAGAGGC-s2d4,CD14+ Mono
GAAGCCTGTGCTAGCG-s2d4,Normoblast
CTATTACTCACGCCAA-s2d4,Erythroblast
CGAATATGTTGTTGCT-s2d4,Proerythroblast
GCTAGCGGTGTAATAC-s2d4,CD14+ Mono
CATTCCTCATAAACCT-s2d4,CD14+ Mono
GTTTACCGTTGGATCA-s2d4,Erythroblast
GCAGCTATCATTGTCT-s2d4,CD14+ Mono
AGCAATACAAGCGAGC-s2d4,Normoblast
GAACCTTAGTAGGCGG-s2d4,CD14+ Mono
GCCTACTTCGATCAGT-s2d4,CD14+ Mono
TGTTGCACACATGCTA-s2d4,Erythroblast
TGCTTAAAGCTTTGTT-s2d4,Erythroblast
AAGCTCCCACTAAGTT-s2d4,CD14+ Mono
CCCGTAAAGGGACGCA-s2d4,Proerythroblast
TCCTTAGTCAATCTAG-s2d4,CD14+ Mono
TAGTCAATCTTGACCC-s2d4,CD14+ Mono
CCTAAGCCAAGGTCCT-s2d4,Normoblast
CCCGCTTCAGTTATCG-s2d4,Erythroblast
CGAGGCAAGGCGGGTA-s2d4,Proerythroblast
GCTAGCCAGCTCCTTA-s2d4,Erythroblast
CGGGTCTAGGAGCAAC-s2d4,Erythroblast
CTTACCTCAGGCCAAA-s2d4,CD14+ Mono
AAAGGTTAGTTAGACC-s2d4,Erythroblast
GCTGCATCAGGCTAGA-s2d4,Normoblast
GTTCTTAGTCCAAATG-s2d4,Normoblast
CTAATGTCAATAACGA-s2d4,CD14+ Mono
AAACGCGCAATGCGCT-s2d4,Proerythroblast
TTATCCGTCAGTATTG-s2d4,Erythroblast
AACGGTAAGTAGGATG-s2d4,Erythroblast
TCAGGTTAGCAGGTTT-s2d4,Normoblast
GCCAATTAGCCAAATC-s2d4,Proerythroblast
GTACACCCAGCAACCT-s2d4,Erythroblast
AACAGATAGGGACCTC-s2d4,Normoblast
GCGCTAGGTAACGAGG-s2d4,CD14+ Mono
GGTTGCATCACAGACT-s2d4,Erythroblast
CAGTACCCAGCTAACC-s2d4,Erythroblast
ACGACAAAGGGACTAA-s2d4,CD14+ Mono
ACTTAGTCAGTAATAG-s2d4,Proerythroblast
TATGGGCGTTTACGTC-s2d4,CD14+ Mono
TGATCAGGTAACCTAG-s2d4,Erythroblast
CAGAATCTCACAGCCA-s2d4,Erythroblast
ACCCTCCCAGTTAAAG-s2d4,Erythroblast
TGATTAGTCTCCTCAA-s2d4,HSC
TGCTCACTCACTAATG-s2d4,CD14+ Mono
GGCCAACTCATCCACC-s2d4,CD14+ Mono
TCATTGTTCCCGTTGT-s2d4,CD14+ Mono
TATAACCCAAGATTCT-s2d4,Erythroblast
ATCCTGACAGGCATGA-s2d4,Normoblast
CGCAAATTCATTACAG-s2d4,Proerythroblast
ACTTGAATCCATAAGC-s2d4,Erythroblast
GCTGCATCATTGTGGC-s2d4,CD16+ Mono
TGTGATCAGCTGAGGG-s2d4,G/M prog
CAATGTCAGTATTGCA-s2d4,Erythroblast
TAGTGTGGTTCGCGCT-s2d4,Erythroblast
AATTAGGCAATATGGA-s2d4,G/M prog
TCAAGCTAGTCACCAG-s2d4,Proerythroblast
CAAACAACACCTGTAA-s2d4,G/M prog
CTTACCGGTATGGTGC-s2d4,CD14+ Mono
GGTTAGCGTTCAAGCA-s2d4,pDC
GTATTGCAGCAAGGTA-s2d4,Normoblast
CTAATCGCAGCTAACC-s2d4,HSC
TCACATAAGTGAGGGT-s2d4,Erythroblast
GGATACTTCATAGCCG-s2d4,CD14+ Mono
ACTGAATGTAGCCTCC-s2d4,Normoblast
CACAGGGAGAGGAAGG-s2d4,Erythroblast
TTATGCGCAGAGGGAG-s2d4,Proerythroblast
TTGTTGCGTGTTAGCA-s2d4,CD14+ Mono
TGCTCTCAGTTTGAGC-s2d4,Normoblast
CGCTAACCATGGTTAT-s2d4,Normoblast
TGCTGGATCAAACACC-s2d4,CD14+ Mono
CGATTGAGTCAACAAT-s2d4,Proerythroblast
AAGCGTTTCATGCTTT-s2d4,CD14+ Mono
ATGTCAATCTAATCTC-s2d4,Erythroblast
CATGAGGCAGTCTAGC-s2d4,CD14+ Mono
GTGCTGGGTAGGATCC-s2d4,Normoblast
GAACCTGTCGTTAAGC-s2d4,Erythroblast
GTTTAACCAATCTCTC-s2d4,CD14+ Mono
CTCCTGAGTTAGCATG-s2d4,Proerythroblast
TGCTATGCACTTAACG-s2d4,Normoblast
GTAATAGCATTAGCGC-s2d4,CD16+ Mono
GGTACCGGTCCTTAGT-s2d4,Erythroblast
CAGCCTTTCATGGCTG-s2d4,CD14+ Mono
CATAGCTAGGGCTTTG-s2d4,CD14+ Mono
CACATACAGGAACGCG-s2d4,Erythroblast
GGTGAGGTCCCTCAGT-s2d4,CD14+ Mono
GCGCTTAAGTAAAGGT-s2d4,Proerythroblast
ATGAATGCAACCCTCC-s2d4,Normoblast
GAACACAAGGCTTAAC-s2d4,Erythroblast
TGTATCCGTACGTTTC-s2d4,CD14+ Mono
CACTTAAAGTAAACCC-s2d4,Proerythroblast
GTTAGGCGTTGTGACA-s2d4,Proerythroblast
GATGCATTCACAGACT-s2d4,Erythroblast
TGATGATGTCCTAAGA-s2d4,Erythroblast
AGTTTGCAGTCAATCA-s2d4,Erythroblast
CTAGATTCAGGAACTG-s2d4,Erythroblast
ATGTAACGTCAAAGAA-s2d4,Normoblast
CGAACCGGTTACAACG-s2d4,Erythroblast
ACCAGGACAATGCCTA-s2d4,CD14+ Mono
CCCTCAGTCGTGCTTC-s2d4,Erythroblast
GGTCATTAGTGACCTG-s2d4,Proerythroblast
GTCCTAGAGCTTAGTA-s2d4,CD14+ Mono
GCTGTGATCGCTAAGT-s2d4,CD14+ Mono
GGAGCAAGTGCGCATG-s2d4,CD14+ Mono
TCTAGCACAACTGGCT-s2d4,CD14+ Mono
CTCTGTTCAACAACAA-s2d4,Erythroblast
GCTTAACAGCATCCAG-s2d4,HSC
CGGTGAACATAAAGCA-s2d4,Erythroblast
ATTGCGCCATGACTAT-s2d4,CD14+ Mono
AATCCTAAGTTATGTG-s2d4,Erythroblast
GGATAACCACCAAAGG-s2d4,CD14+ Mono
CCCTCACCAGGAACAT-s2d4,CD16+ Mono
TAAGGACCAGGTTTGC-s2d4,CD14+ Mono
TGGTTGAGTGTAATAC-s2d4,Normoblast
GAACCGCTCAAGCGCC-s2d4,Erythroblast
GCTTTCATCAATGAGG-s2d4,CD14+ Mono
CTATGAGGTTCATTTG-s2d4,Erythroblast
TTGCTCTCATTAGGTT-s2d4,CD14+ Mono
ACCAGCTCAATTTGGT-s2d4,CD14+ Mono
CCAGGAACATGAATCT-s2d4,CD14+ Mono
ATGTTGTCAAGTCGCT-s2d4,CD14+ Mono
ATTGGTTCAGGACCTT-s2d4,Normoblast
AGAGAGGAGAGCAAGC-s2d4,CD16+ Mono
TTGCACACAATCCTAG-s2d4,CD14+ Mono
CCTGTTGGTTGCGCGA-s2d4,CD14+ Mono
ACGGTTTAGTCAGGCC-s2d4,CD14+ Mono
TCAGCGATCTCGACCT-s2d4,CD14+ Mono
CTTTATGGTTAGTGAT-s2d4,Normoblast
TATAGGTGTACTGAAT-s2d4,Erythroblast
TGCTAACAGCAAGGAC-s2d4,Erythroblast
GCTAACAGTTGCACAA-s2d4,Erythroblast
TCTCAAGCACAACCTA-s2d4,Erythroblast
AGCGGACCATTGCAGC-s2d4,Erythroblast
GGCCTCTGTTGTCATC-s2d4,Proerythroblast
TTTGCGACAGGAACCA-s2d4,CD14+ Mono
TCTACCTCAGTCTATG-s2d4,CD14+ Mono
AAGCCTTAGGGTTAGA-s2d4,CD14+ Mono
TCGATTAAGGCTAGAA-s2d4,Erythroblast
TTCCCACAGCACAGCC-s2d4,HSC
AGCCTAAGTTTCAGGA-s2d4,CD14+ Mono
AATGTCATCAATCTAG-s2d4,Erythroblast
CAACTAGGTTGGTTCT-s2d4,Normoblast
CTGTACCTCGCTAAAC-s2d4,Erythroblast
GGTAACCGTCCGGTTC-s2d4,CD14+ Mono
TATCACGCAACTCGCG-s2d4,CD16+ Mono
TGCTAACAGTTGTCCC-s2d4,Erythroblast
TGTTATGAGATTGAGG-s2d4,Normoblast
CTAGTAGGTTGGTTCT-s2d4,Proerythroblast
GTCCTAGAGCGCAATT-s2d4,Erythroblast
AAAGCACCAGAAACGT-s2d4,Normoblast
AGCGGATAGCTATGAC-s2d4,CD14+ Mono
ACCGGTTCACCGGCTA-s2d4,CD14+ Mono
TAAGTGCTCGGTACGC-s2d4,Proerythroblast
AAGCTCCCAGCATGGA-s2d4,CD14+ Mono
TCCTTGCAGCTAAAGG-s2d4,CD14+ Mono
TGTAACTCATCGCTTT-s2d4,Erythroblast
AAACCGAAGGACAATG-s2d4,Normoblast
TAGTAAGCACAAAGCG-s2d4,Erythroblast
GTTGCCCGTCCAAGAC-s2d4,Erythroblast
AGTCTTGCATAAACCT-s2d4,CD14+ Mono
AGCAATTGTGGTGAGA-s2d4,CD14+ Mono
AGCGTGCTCATTGCAA-6-s2d5,pDC
AGTGAACCAGGCTTGT-6-s2d5,CD16+ Mono
TGCGGTTCAACAACAA-6-s2d5,CD14+ Mono
GGTTAGCGTCAATACG-6-s2d5,CD14+ Mono
TATTTGGAGCGGCTGT-6-s2d5,CD14+ Mono
GATAAAGGTGGATTAT-6-s2d5,CD14+ Mono
CATGCGGGTAAGGTCC-6-s2d5,Erythroblast
CTGCAATAGCTTAGCG-6-s2d5,CD14+ Mono
TTTGTTGGTACCAGGT-6-s2d5,CD14+ Mono
GCTTATCGTGATGGCT-6-s2d5,CD16+ Mono
GCTTTACGTGAGGTGA-6-s2d5,CD14+ Mono
AAGAATCAGAAGGTGC-6-s2d5,CD14+ Mono
AACAGGATCATAATCG-6-s2d5,CD14+ Mono
ATGCAGGCACCTACGG-6-s2d5,CD14+ Mono
TCCCGGACAAGTTATC-6-s2d5,CD14+ Mono
CAATGTCAGTAACCCG-6-s2d5,Erythroblast
TCTGGCTTCGCCTGTT-6-s2d5,CD14+ Mono
GTGCTTACACGGTTTA-6-s2d5,CD14+ Mono
AGTAGCTTCCATAAGC-6-s2d5,CD14+ Mono
CAAAGTGAGTGAACGA-6-s2d5,pDC
TTCTTAGGTTTATCGC-6-s2d5,CD14+ Mono
CCTGAATAGAGGCTAA-6-s2d5,CD16+ Mono
GACGCCTAGGATCACT-6-s2d5,CD14+ Mono
GGGCCTAGTGCGCATG-6-s2d5,CD16+ Mono
TAGAGCCGTAGGATCC-6-s2d5,CD14+ Mono
CAATCCTGTCCTTTAA-6-s2d5,CD16+ Mono
CACCGGTAGGTGCTGC-6-s2d5,Proerythroblast
ACTTATCTCTGCAACG-6-s2d5,CD14+ Mono
CATCATAAGTCATTGA-6-s2d5,CD14+ Mono
ATATAGGCAATCATGT-6-s2d5,CD16+ Mono
TGTGCGCAGCCGCTTT-6-s2d5,CD14+ Mono
CGTAACCCATCCTAGA-6-s2d5,CD14+ Mono
AGTAAACAGGCCTTAG-6-s2d5,CD14+ Mono
TGCTTTAGTGCGCAAT-6-s2d5,CD14+ Mono
ATCCTCATCCGGTTGA-6-s2d5,CD14+ Mono
GTTGTGAGTGCGCGTA-6-s2d5,CD14+ Mono
TGGATTCAGTAACGAG-6-s2d5,CD14+ Mono
CGTACGGGTGTTTGCT-6-s2d5,CD16+ Mono
TCAAGCTAGACTAAGG-6-s2d5,CD14+ Mono
TATGGTCAGTTTCCTG-6-s2d5,CD14+ Mono
ACATCATCATCCCGCT-6-s2d5,CD16+ Mono
TGTAAGCTCTGTGCAG-6-s2d5,Proerythroblast
CTGGTAAGTTTATCGC-6-s2d5,Proerythroblast
GGATTTATCTCGCCTG-6-s2d5,CD14+ Mono
ATGACGAAGTTTGGGT-6-s2d5,CD14+ Mono
GCCGTGAGTGCGCAAT-6-s2d5,CD14+ Mono
CGACAAGCAACAACAA-6-s2d5,CD14+ Mono
AGTAACACAATCCCTT-6-s2d5,CD14+ Mono
GATTACGGTGGATTGC-6-s2d5,CD14+ Mono
CCTATTGTCCCTCTAA-6-s2d5,CD14+ Mono
GTTGGCGGTCATCAAG-6-s2d5,CD14+ Mono
TTAACTGAGTAAGTCC-6-s2d5,CD14+ Mono
AGGCGGATCATTTGTC-6-s2d5,CD14+ Mono
GTTCTCATCAGGCTAT-6-s2d5,CD14+ Mono
AATCATGTCATTCATC-6-s2d5,HSC
ATGGCTTAGTAACGGA-6-s2d5,CD14+ Mono
ATTCCTAGTCATAGAT-6-s2d5,CD16+ Mono
CGAGCGAAGCACTAGT-6-s2d5,CD16+ Mono
AGTTGGCGTGGAAGGC-6-s2d5,Normoblast
CTCAGGATCTTTAGGA-6-s2d5,CD16+ Mono
GCACGCTAGGTAGCTT-6-s2d5,CD14+ Mono
GACTCACCACATGCTA-6-s2d5,CD14+ Mono
ATGACTCAGCAGGCCT-6-s2d5,CD16+ Mono
TCTTGTCCAAGGGTTG-6-s2d5,CD14+ Mono
TCAAGAACAATTGAGA-6-s2d5,CD14+ Mono
CGCTGTGCACAACAAA-6-s2d5,CD14+ Mono
TGTATCGCAAGCTACC-6-s2d5,CD16+ Mono
AGAAAGGCAACCTGGT-6-s2d5,CD14+ Mono
CGATTGAGTGGACATC-6-s2d5,pDC
CGAATATGTTAATGCG-6-s2d5,CD14+ Mono
GCTGTGATCTTCAATC-6-s2d5,CD14+ Mono
CTTGTCCAGACTTATG-6-s2d5,Erythroblast
CAGGTGGAGACTATTG-6-s2d5,cDC2
CTCGTTATCACTAGGT-6-s2d5,Erythroblast
AGCGTGCTCGCTAGCA-6-s2d5,CD14+ Mono
ATGCCTGAGTCATTTC-6-s2d5,Erythroblast
GCTTAACAGCCAGGTC-6-s2d5,CD14+ Mono
AACGGTAAGCGTGCAC-6-s2d5,CD16+ Mono
AAAGGCTCAAACGGGC-6-s2d5,CD14+ Mono
CCCAGTTTCGTTACAA-6-s2d5,CD14+ Mono
GCCATGATCCTTAAGA-6-s2d5,CD14+ Mono
CGGCAATGTCGACTAA-6-s2d5,pDC
GTTAGACTCGTCCTTA-6-s2d5,CD14+ Mono
CTTCAATTCCCGAACA-6-s2d5,CD14+ Mono
AAGGTATAGCCTGGTA-6-s2d5,CD16+ Mono
AGCACTAGTGCGCAAT-6-s2d5,CD14+ Mono
AAGCGAATCAATCTCT-6-s2d5,CD14+ Mono
TTATGACCAGTAAGTA-6-s2d5,CD14+ Mono
GTCATGCCAGTTTCTC-6-s2d5,CD14+ Mono
CATATCGCATAACGGG-6-s2d5,CD16+ Mono
TTCCACGGTTAGCCAA-6-s2d5,CD14+ Mono
AAGCATGAGGAACACA-6-s2d5,CD14+ Mono
ACTTGTAAGGCGCACT-6-s2d5,CD14+ Mono
GAGGGAGCATAGGCGA-6-s2d5,Normoblast
TCCTTGCAGGTTACAC-6-s2d5,CD14+ Mono
GCCTCAAAGTAATCCA-6-s2d5,CD14+ Mono
ACGAAGTCACCGGCTA-6-s2d5,CD14+ Mono
TGCTCACTCAAGACTC-6-s2d5,CD14+ Mono
AATCAGGAGTGAACGA-6-s2d5,CD14+ Mono
ATAGGTACATGCATAT-6-s2d5,CD14+ Mono
AACAAAGGTAATCGCA-6-s2d5,CD14+ Mono
AGGTCAAAGTGAACCT-6-s2d5,CD14+ Mono
GACAATACAACCCTCC-6-s2d5,Erythroblast
CGCATTTGTGTTAGCA-6-s2d5,CD14+ Mono
AGGTTAGAGCATTTCT-6-s2d5,CD16+ Mono
GACGCCTAGCCGCTAA-6-s2d5,CD14+ Mono
AACTAGCTCCTGAGTG-6-s2d5,CD14+ Mono
TTGCGTCTCCCTCTAA-6-s2d5,CD14+ Mono
TCAGTGAGTACGCGCA-6-s2d5,CD16+ Mono
AGGCGGATCACAGCCA-6-s2d5,CD14+ Mono
CCAACATAGCCACAAT-6-s2d5,CD16+ Mono
TTAGCTGCAAACATAG-6-s2d5,CD16+ Mono
ACTAACTCAATGCCTA-6-s2d5,CD16+ Mono
ACCCAACCATCATGTG-6-s2d5,CD14+ Mono
CCTGACTTCTTGCAAA-6-s2d5,cDC2
GAAGGAACAAATTCGT-6-s2d5,CD14+ Mono
CGCAATGTCCTTAGGG-6-s2d5,CD14+ Mono
CCTGTTGGTCGTAAAT-6-s2d5,CD14+ Mono
GCCAGGTTCATGTGGT-6-s2d5,CD16+ Mono
GTGGTTAGTCAAGTAT-6-s2d5,CD14+ Mono
GTGCATTAGTTGCCTC-6-s2d5,CD14+ Mono
CGTTGCGCACTTCACT-6-s2d5,CD14+ Mono
CCCTCATAGCGAGCGA-6-s2d5,CD14+ Mono
ACGCCACAGCTCATAA-6-s2d5,CD14+ Mono
CAACTAATCCCTCACG-6-s2d5,Erythroblast
TGCATGAGTGCAATGC-6-s2d5,CD14+ Mono
CGTAGTTAGTTTGTCT-6-s2d5,CD16+ Mono
AGGAACGGTATCTGGA-6-s2d5,HSC
GGATTTATCACCTGCT-6-s2d5,CD14+ Mono
CGATTGAGTGATGAGG-6-s2d5,CD16+ Mono
AGCCTGGGTCGAAGTC-6-s2d5,CD14+ Mono
AACGGTAAGCGGTTAT-6-s2d5,CD14+ Mono
AGTTATGTCATTAGTG-6-s2d5,HSC
CTTGAACAGTAACAGG-6-s2d5,CD14+ Mono
GCGAAGCCAAGCCAGA-6-s2d5,CD14+ Mono
GGTCCATCATGTCAAT-6-s2d5,CD14+ Mono
TGCATGAGTATTTGCC-6-s2d5,CD14+ Mono
CTTGCAACACGCAACT-6-s2d5,CD16+ Mono
ATTGTGATCGGTACGC-6-s2d5,CD16+ Mono
ACCGGCTAGCAACATC-6-s2d5,CD14+ Mono
GGACCTCAGCCATCAG-6-s2d5,CD14+ Mono
TCGCGCACAATAGTCT-6-s2d5,CD14+ Mono
GCCTTTGGTTAATGCG-6-s2d5,CD14+ Mono
AACCTTAAGCGGATAA-6-s2d5,CD16+ Mono
TAATTGCCATCAATCG-6-s2d5,CD14+ Mono
GAGTATCTCCGTTATT-6-s2d5,CD16+ Mono
AACGCTAGTCATCATC-6-s2d5,CD16+ Mono
CTATGGCCACTGACTA-6-s2d5,CD14+ Mono
TCACCTGGTGCATTAG-6-s2d5,CD14+ Mono
CAAGGCTGTACGTTTC-6-s2d5,CD14+ Mono
GAGTAATAGTTTCCTG-6-s2d5,CD14+ Mono
GGCGATACAATGCGCT-6-s2d5,CD14+ Mono
TGCACACCACTGGCTG-6-s2d5,CD14+ Mono
AGTGGACAGTGGACAA-6-s2d5,CD14+ Mono
GGTCTTGAGGCCATCA-6-s2d5,CD14+ Mono
TGAGCCGGTGAGCAAG-6-s2d5,CD14+ Mono
GTTAACCAGCGATAGA-6-s2d5,CD14+ Mono
GACTCACCAAAGGCCA-6-s2d5,CD14+ Mono
GTTAAGCTCGGGACTC-6-s2d5,CD14+ Mono
CACAGGGAGCAAGGAC-6-s2d5,CD16+ Mono
TTTGCATTCCTCCATA-6-s2d5,CD14+ Mono
ACTCACTGTTAGGACC-6-s2d5,CD16+ Mono
TTTGCATTCGATTTGA-6-s2d5,CD16+ Mono
AGCAATACATCCCTCA-6-s2d5,CD14+ Mono
TTGTAAGTCCCTGGTT-6-s2d5,CD14+ Mono
TTCATTCAGGACAACA-6-s2d5,CD14+ Mono
AATTAGGCATCTTGAG-6-s2d5,CD14+ Mono
GTGTTCCTCGGGACTC-6-s2d5,CD14+ Mono
CATTCCTCACACCAAC-6-s2d5,pDC
TTTACGCGTCATTGAG-6-s2d5,CD14+ Mono
AAGACATAGTTAACCA-6-s2d5,CD16+ Mono
AGGTTAACAATACTGT-6-s2d5,CD14+ Mono
CACCTCAGTTCATTTG-6-s2d5,CD14+ Mono
CGTGCACAGTATGTGC-6-s2d5,CD14+ Mono
CCGGTAGGTAATCGTG-6-s2d5,CD14+ Mono
ATCCATAAGTTCCCGT-6-s2d5,CD14+ Mono
TTTAGGATCAGCACGC-6-s2d5,CD14+ Mono
CCGTTAACAATGCCTA-6-s2d5,CD14+ Mono
GTTAGACTCGCAACAT-6-s2d5,CD14+ Mono
TAGCCTTGTGATTACG-6-s2d5,CD14+ Mono
ATGCGATTCGAGGTGG-6-s2d5,CD16+ Mono
TTCAACCGTACCGAAC-6-s2d5,CD14+ Mono
CTACTAAAGTCATGCG-6-s2d5,Normoblast
TTGCATTTCCTAGTTT-6-s2d5,CD14+ Mono
AGTCGCATCTCTAGCC-6-s2d5,CD14+ Mono
TCAAGGAAGCACTTGG-6-s2d5,CD14+ Mono
CGACAAGCACGGTTTA-6-s2d5,CD14+ Mono
AGTGATGAGAAACTGG-6-s2d5,CD14+ Mono
AGCTGCTCATCCTGAA-6-s2d5,CD14+ Mono
CAGGTTTAGGAAGTAT-6-s2d5,CD14+ Mono
GCAGGAAGTTTGAGCA-6-s2d5,CD16+ Mono
ATGGACAAGCTGTAAC-6-s2d5,Erythroblast
CGAAGCGAGCACTAAC-6-s2d5,CD14+ Mono
GCTGCACAGGGACGCA-6-s2d5,CD14+ Mono
TGACTTAAGTTTGGGT-6-s2d5,CD16+ Mono
CTACTTAGTCGCAATA-6-s2d5,CD16+ Mono
TAGACCAGTTGCCTCA-6-s2d5,CD14+ Mono
ATCATGTCACGTTACA-6-s2d5,CD14+ Mono
CGCTGTGCAATAATGG-6-s2d5,CD14+ Mono
GTTCGCGCATTGTTGG-6-s2d5,CD14+ Mono
GCGATTAGTTACAACG-6-s2d5,CD14+ Mono
GGCAAATCATGTCAGC-6-s2d5,CD14+ Mono
GAGTGATCAGCATTAT-6-s2d5,CD14+ Mono
ACAGTATGTTAGCGTA-6-s2d5,CD14+ Mono
TCAAGGTTCCGGTTAG-6-s2d5,CD14+ Mono
GCTAGCGGTGTTAAAC-6-s2d5,CD14+ Mono
TGACTCCTCAAGCTAC-6-s2d5,CD14+ Mono
CCTAAATCATGCTCCC-6-s2d5,CD14+ Mono
TAGCGCGGTTGGTTAG-6-s2d5,CD14+ Mono
GTACACCCAAGCGAGC-6-s2d5,CD16+ Mono
AGGGTTGCAGCCAGTT-6-s2d5,CD14+ Mono
GGTTATATCCAAGTTA-6-s2d5,CD14+ Mono
ACTTATCTCTTGAGGT-6-s2d5,CD14+ Mono
GGAGTGAGTTTAACGG-6-s2d5,CD14+ Mono
AAGGATCCACGGTTTA-6-s2d5,CD14+ Mono
CAGGATGCAAGTCGCT-6-s2d5,CD14+ Mono
TTGGATTCACCTAAGC-6-s2d5,CD14+ Mono
AAATGGCCAATAGTCT-6-s2d5,CD14+ Mono
ATTATCCTCCGTGACA-6-s2d5,CD14+ Mono
ATGTCAATCCGGTTGA-6-s2d5,CD16+ Mono
AAGCGAATCCTAATTC-6-s2d5,CD14+ Mono
AATCATGTCTTGTTCG-6-s2d5,CD14+ Mono
ATAGGTACATTAGCCA-6-s2d5,CD14+ Mono
GGTCAGGAGAAGGTGC-6-s2d5,CD14+ Mono
TTCATCCCAGGTTCAC-6-s2d5,pDC
CTACGAAGTCACACCC-6-s2d5,CD14+ Mono
ACCTTCATCCGGAACC-6-s2d5,CD14+ Mono
AAGTTACGTTGTGATG-6-s2d5,CD16+ Mono
GTTAGACTCGTAATCA-6-s2d5,cDC2
GTGATGAAGGGCTTAT-6-s2d5,CD14+ Mono
GAGTATCTCATTGACA-6-s2d5,CD14+ Mono
TAAGCCAGTTAAGGTT-6-s2d5,CD14+ Mono
TCCGGAATCGCAGGCT-6-s2d5,CD14+ Mono
AGTAGCTTCCTCATGC-6-s2d5,CD14+ Mono
GCAGGCAAGGTTACGT-6-s2d5,CD14+ Mono
AACTCACAGCCGGTAC-6-s2d5,CD14+ Mono
AATGCGCGTGGCTTCC-6-s2d5,CD16+ Mono
TCCTTCAAGCTAATCA-6-s2d5,CD14+ Mono
AGGAGCTAGCAAACCT-6-s2d5,CD16+ Mono
GGTAGGAGTAATGGCC-6-s2d5,CD14+ Mono
CTGGCTAAGTTAGGCT-6-s2d5,CD14+ Mono
ATGATGACACGTAAGG-6-s2d5,CD14+ Mono
TCAGCCTTCGCAATCG-6-s2d5,CD14+ Mono
TTACCTGTCGTTAGCG-6-s2d5,CD14+ Mono
TGCGATTAGTTCCCGT-6-s2d5,CD14+ Mono
GATTGTTCATGTCGCG-6-s2d5,CD14+ Mono
AGGTCTTAGGTTACAC-6-s2d5,CD14+ Mono
CTCACAACATTGCGTA-6-s2d5,CD14+ Mono
TCCTTAGTCCTTGAGG-6-s2d5,CD14+ Mono
TGAGGGCCAACAGGTG-6-s2d5,CD14+ Mono
CTACTAAAGGTGAGAC-6-s2d5,CD14+ Mono
CGCATTTGTGGCTTCC-6-s2d5,CD14+ Mono
GTATGTTCATTAGGTT-6-s2d5,CD14+ Mono
GCTTGTTGTACTGATG-6-s2d5,CD16+ Mono
ATGTAAGCAATGCCTA-6-s2d5,CD14+ Mono
ACCTGTTGTGTTGTGA-6-s2d5,CD14+ Mono
GTAAAGCCAATATGGA-6-s2d5,CD14+ Mono
GCGCTTGCACCAAAGG-6-s2d5,CD14+ Mono
TTGCTTAGTTAAGCCA-6-s2d5,CD14+ Mono
TTCCTTCTCCGGTTGA-6-s2d5,CD14+ Mono
GGTACTAGTTCCGGGA-6-s2d5,CD14+ Mono
GTACTTCGTTACCGGG-6-s2d5,CD16+ Mono
TTGGATTCAGGAAGCC-6-s2d5,CD14+ Mono
ATGAATGCATGGTTAT-6-s2d5,CD14+ Mono
TAATCACCACCTAAGC-6-s2d5,HSC
ACCTGGATCCAAACAC-6-s2d5,CD14+ Mono
CCTTCAGGTCTTACTA-6-s2d5,CD14+ Mono
AGGCAGGTCGTCAAGT-6-s2d5,CD16+ Mono
CTCTAGCTCATTTGTC-6-s2d5,CD14+ Mono
AGATGCTTCCAGGTCA-6-s2d5,CD16+ Mono
CGAAGAATCGCAATCG-6-s2d5,CD14+ Mono
GCTTAGTAGTTGTCAA-6-s2d5,CD14+ Mono
GCCAGGAAGTCACTCC-6-s2d5,CD14+ Mono
TTTGTCTAGCTAAAGG-6-s2d5,CD16+ Mono
CTATGATCATGCTATG-6-s2d5,CD14+ Mono
ATTAGCTCAGGCGATA-6-s2d5,CD14+ Mono
CTAGCTTGTGGTTATG-6-s2d5,CD14+ Mono
GTTGGCCAGCACGTTG-6-s2d5,CD14+ Mono
CTTAGGAGTTGCGCGA-6-s2d5,CD16+ Mono
TTAGGAACAAGGTGGC-6-s2d5,CD14+ Mono
ATGACTCAGCACTAGT-6-s2d5,CD14+ Mono
TTGTTGTTCTGCAACG-6-s2d5,CD14+ Mono
GCAGGCTTCAGGTCCA-6-s2d5,CD16+ Mono
GGCTAGTGTTATAGCG-6-s2d5,CD14+ Mono
AAGGTGCAGTTTGGTA-6-s2d5,CD14+ Mono
ACCACATAGCTCCTTA-6-s2d5,CD16+ Mono
AGACAATAGGCTTAGT-6-s2d5,CD14+ Mono
TTATGCGCACTAAGAA-6-s2d5,CD14+ Mono
GCCACAATCATCACTT-6-s2d5,CD16+ Mono
AATTGCTCAATAACCT-6-s2d5,CD14+ Mono
TTTAACGAGTAGGATG-6-s2d5,CD16+ Mono
TGTCAGTAGGCTGTGC-6-s2d5,CD14+ Mono
CCTGACTTCCTGAGTG-6-s2d5,CD16+ Mono
AGCAATACAGGCTAGA-6-s2d5,CD14+ Mono
AGGTTACTCTGCAAGT-6-s2d5,CD14+ Mono
AGGTAACCAGAGGCTA-6-s2d5,CD14+ Mono
TTATGACCAATTGAAG-6-s2d5,CD14+ Mono
GTGGCTTCACTAAATC-6-s2d5,CD14+ Mono
TGCGATTAGTTGTCCC-6-s2d5,CD14+ Mono
TAGGTGCGTCACGGAT-6-s2d5,CD14+ Mono
CGTTAAATCCGGAACC-6-s2d5,CD14+ Mono
GTCTAGCCAGCGCTTG-6-s2d5,CD14+ Mono
GGCTAGTGTTGGTTCT-6-s2d5,CD14+ Mono
TGGAACAAGGCCTAAT-6-s2d5,CD16+ Mono
TTATCCGTCAATAGCC-6-s2d5,CD14+ Mono
AGACTATGTCACAGCG-6-s2d5,CD14+ Mono
GCTTATCGTCGAAGTC-6-s2d5,CD14+ Mono
GACTTGGTCCGCCTCA-6-s2d5,CD14+ Mono
GATTAAGCATGGCCCA-6-s2d5,CD14+ Mono
TATGACTCAGGCAAGC-6-s2d5,CD14+ Mono
AGTTGCGTCGAAGTGA-6-s2d5,CD16+ Mono
GTGATGAAGGCGAAAC-6-s2d5,CD14+ Mono
CATCAATCATAATGTC-6-s2d5,CD14+ Mono
ATGTGAGAGGCTACAT-6-s2d5,CD14+ Mono
CCCAACCGTTGTTGGA-6-s2d5,CD14+ Mono
GCCTTACTCCAAGTTA-6-s2d5,CD14+ Mono
ACGACAAAGGCACAGG-6-s2d5,CD14+ Mono
AAGTTAGCACTAGCGT-6-s2d5,CD16+ Mono
CACATAATCGGGACCT-6-s2d5,CD14+ Mono
ATCGAGGCATCCTAGA-6-s2d5,pDC
TAATTGCCAATTTGGT-6-s2d5,CD14+ Mono
GTACTTCGTTCCGGGA-6-s2d5,CD14+ Mono
CACCGGTAGCTCCTTA-6-s2d5,CD14+ Mono
TCAATCGCAACTAGGG-6-s2d5,CD14+ Mono
CGTAGCGGTGCTTAGA-6-s2d5,CD16+ Mono
CAGAATCTCCTACCTA-6-s2d5,CD14+ Mono
CGCTACTTCGGTACGC-6-s2d5,CD14+ Mono
CAAAGGATCATGCTTT-6-s2d5,CD14+ Mono
CCTAATCGTTCGCTCA-6-s2d5,CD14+ Mono
TGTGGCTCAGCTCATA-6-s2d5,pDC
TTGTGTGCAACACTTG-6-s2d5,CD14+ Mono
GCATCCTTCTCAATAG-6-s2d5,CD14+ Mono
TATAGCCAGGCTTAGT-6-s2d5,CD14+ Mono
GAACTTATCAGCAAAG-6-s2d5,CD16+ Mono
GCTGGTTCAGGCCATT-6-s2d5,CD14+ Mono
GGACCGAAGCCGCTAA-6-s2d5,CD14+ Mono
TAGGAGTCAGGGAGCT-6-s2d5,CD14+ Mono
TTTCGTCCAGCACGAA-6-s2d5,CD16+ Mono
TAGGAGTCAGCAATAA-6-s2d5,CD14+ Mono
CGCTATGAGAATGACG-6-s2d5,CD14+ Mono
AGCAAATAGTCTTGAA-6-s2d5,CD14+ Mono
CTGCAATAGGGACTAA-6-s2d5,CD14+ Mono
ACCCAACCACAACAAA-6-s2d5,CD14+ Mono
CGGACCTAGCAACATC-6-s2d5,CD14+ Mono
TTCAGTTTCTTGACCC-6-s2d5,CD14+ Mono
AGCGCTCAGCTTTGTT-6-s2d5,CD14+ Mono
GTTAGGCGTAGGTGTC-6-s2d5,CD16+ Mono
CCACACAAGGATCACT-6-s2d5,CD14+ Mono
TTCACTGTCTTGGACG-6-s2d5,CD14+ Mono
GTTCATTTCGTTACAA-6-s2d5,CD14+ Mono
TTTGTGAAGGGACTAA-6-s2d5,CD14+ Mono
GGTTATATCCCTCAAC-6-s2d5,CD14+ Mono
CTAGTTGCACCGGTAT-6-s2d5,CD14+ Mono
AATCAGGAGTACCGCA-6-s2d5,CD16+ Mono
GCCTTAACACCAAAGG-6-s2d5,CD14+ Mono
TAGGTTGGTGTTTGCT-6-s2d5,Normoblast
AGCAAGGGTTTGGCTT-6-s2d5,Erythroblast
GTTCGCGCACCTGGTG-6-s2d5,CD14+ Mono
TGATTAGTCAATGAGG-6-s2d5,CD14+ Mono
AACCTCACATAAACCT-6-s2d5,CD14+ Mono
CAGGAAGGTTAGCCAA-6-s2d5,CD14+ Mono
CCTATTGTCATCCTGC-6-s2d5,CD14+ Mono
CATTCCTCATGACTAT-6-s2d5,CD14+ Mono
AGAAACTAGGGCCACT-6-s2d5,CD16+ Mono
TGTTACTTCACAGGAA-6-s2d5,CD14+ Mono
CGCAATCCAAGGATTA-6-s2d5,CD14+ Mono
TCGACAAGTTTATCTG-6-s2d5,CD14+ Mono
CCTCCTCTCCTAATGA-6-s2d5,CD14+ Mono
TCCATAAAGCTATATG-6-s2d5,CD14+ Mono
GCCTGACAGTGAGGGT-6-s2d5,CD14+ Mono
GTCAATATCTATCGCC-6-s2d5,CD16+ Mono
AAACGTACAAGACTCC-6-s2d5,pDC
GCGCCTTGTTTGTCTA-6-s2d5,CD14+ Mono
GGGTCAACAAACCCTA-6-s2d5,CD14+ Mono
TCATTTGGTATTGCAG-6-s2d5,CD14+ Mono
CACATACAGGACAATG-6-s2d5,CD14+ Mono
CTCCAACTCGGTTAGT-6-s2d5,Normoblast
CCTAAAGGTGTAACCA-6-s2d5,CD16+ Mono
CGCGGATTCGTAACGT-6-s2d5,CD14+ Mono
GGTCATTAGTCACGAT-6-s2d5,CD14+ Mono
GGCTGAGAGGAACACA-6-s2d5,CD14+ Mono
TGATCGAGTAGCTGGT-6-s2d5,pDC
CATATCGCACATGCTA-6-s2d5,CD14+ Mono
TTTGCATTCATGCATA-6-s2d5,CD14+ Mono
CTTACCTCAGTATGTT-6-s2d5,CD16+ Mono
CGACTAAGTCAACAAT-6-s2d5,CD14+ Mono
GCCTGCTGTATTGGAT-6-s2d5,CD14+ Mono
AACCCGCAGTTATGTG-6-s2d5,CD14+ Mono
GAGTTGCGTTCCGCAC-6-s2d5,pDC
ACTTAGTCATAATGTC-6-s2d5,CD14+ Mono
CTCATCATCATCCACC-6-s2d5,CD14+ Mono
AGGATCCGTTAGGACC-6-s2d5,CD14+ Mono
AGCAACAAGCTGCACA-6-s2d5,CD14+ Mono
TCCTTAGTCATAACTG-6-s2d5,CD14+ Mono
CTCTATGTCCTAAGTA-6-s2d5,CD14+ Mono
GCTAGCCAGCGAGGTG-6-s2d5,cDC2
TGGTTCTGTTCCGGCT-6-s2d5,CD14+ Mono
CTCCAAACAGGCCTTG-6-s2d5,CD14+ Mono
GGGCTAACAGGCCAAA-6-s2d5,CD14+ Mono
GCTAAGCGTGATCATG-6-s2d5,cDC2
TACGGTTAGGAGCATA-6-s2d5,CD14+ Mono
CGTTTGGAGGCTGTGC-6-s2d5,CD16+ Mono
ACTGAATGTCCTCCAA-6-s2d5,CD14+ Mono
GTTTGTCGTTCCATTA-6-s2d5,CD14+ Mono
TCAGCGATCTTGCAGG-6-s2d5,CD14+ Mono
TCGTGCTTCTTTGTAC-6-s2d5,CD14+ Mono
GTTTCTAGTAGGTTTG-6-s2d5,CD14+ Mono
AATTAGCGTGTCCAAA-6-s2d5,CD16+ Mono
AAGCAAGTCACATTGA-6-s2d5,Normoblast
CTCCTCACAACATAAG-6-s2d5,CD14+ Mono
CTCACTCAGGAAACTG-6-s2d5,CD14+ Mono
GATCGATTCCCAGTAG-6-s2d5,CD16+ Mono
GAGCGAAGTTAGGACC-6-s2d5,CD16+ Mono
TGCCATTGTGGAAGGC-6-s2d5,CD14+ Mono
GGTGAGTAGCTACTGG-6-s2d5,CD14+ Mono
GCTCTGTTCATTAGTG-6-s2d5,CD14+ Mono
CCTAGTTGTGCTCCAC-6-s2d5,CD14+ Mono
TGGCTATAGTGACCTG-6-s2d5,CD14+ Mono
CGCCAAATCGGCCAGT-6-s2d5,CD14+ Mono
GGAATCTTCGAAGTGA-6-s2d5,CD14+ Mono
CCACATTGTTTCAGGA-6-s2d5,CD14+ Mono
GCTCATTGTCACAGAC-6-s2d5,CD14+ Mono
ATGACAACAAGCCACT-6-s2d5,Erythroblast
ATTCATGAGGACCTTG-6-s2d5,CD14+ Mono
TTAGCAATCGGTCAGC-6-s2d5,CD16+ Mono
GCTGTGATCTAGCGAT-6-s2d5,CD16+ Mono
GCAAGTGCACAAGCCT-6-s2d5,CD14+ Mono
AGGATGTCAACTAGCC-6-s2d5,cDC2
CCTGTATGTGATTTGG-6-s2d5,CD14+ Mono
TGGTCAGTCACAGGAA-6-s2d5,CD14+ Mono
CTTCTCAAGACTTACA-6-s2d5,CD14+ Mono
GAGTTACTCCTGAATA-6-s2d5,HSC
AGAATCTGTTGTGATG-6-s2d5,CD14+ Mono
CGCACCACATCCCTCA-6-s2d5,CD14+ Mono
CCTAAGTAGGCTTAGT-6-s2d5,CD14+ Mono
GAAGCCTGTGCAATGC-6-s2d5,CD16+ Mono
GCACTTACACCTCGCT-6-s2d5,CD16+ Mono
AATCATCCAACTAGGG-6-s2d5,cDC2
CTAGTTGCAGCCAGAA-6-s2d5,CD14+ Mono
TGACTCCTCCACCCTG-6-s2d5,CD14+ Mono
ATTAGCGGTCAAGACC-6-s2d5,CD14+ Mono
TAAGGACCACAAAGCG-6-s2d5,CD16+ Mono
GTACTAATCATTATGG-6-s2d5,CD14+ Mono
ACAACAACATGCTCCC-6-s2d5,CD14+ Mono
GTCGGTTCAGGATGGC-6-s2d5,CD14+ Mono
TGCTTCATCCAGGTTG-6-s2d5,CD16+ Mono
TTGGCTACATGTTTGG-6-s2d5,CD16+ Mono
GCGGATACAACCCTCC-6-s2d5,CD14+ Mono
CCTTCAGGTGTTGCAA-6-s2d5,CD14+ Mono
TCCTCTAAGACACTTA-6-s2d5,CD14+ Mono
TGATGACTCCGTCCAT-6-s2d5,CD14+ Mono
CGAAATGAGGTACCGC-6-s2d5,CD16+ Mono
CGGTTATAGCTGGCTA-6-s2d5,CD16+ Mono
TTCAGGTAGTCACTCC-6-s2d5,CD14+ Mono
AGTGCGGAGTTGTCAA-6-s2d5,CD14+ Mono
CCTTATGTCCAAACAC-6-s2d5,CD14+ Mono
TACCTTTAGGGACGCA-6-s2d5,CD14+ Mono
TTAGCAATCTTAGCCC-6-s2d5,CD14+ Mono
TACGTACAGCGTGCGT-6-s2d5,CD14+ Mono
ACCAAGTTCCAGGGAG-6-s2d5,CD14+ Mono
GCAATGTTCATGAAGG-6-s2d5,CD14+ Mono
TACCAAATCTCATCAT-6-s2d5,CD14+ Mono
AGCTTTAAGTTAGGCT-6-s2d5,CD14+ Mono
CGATATTCAACTCGCG-6-s2d5,CD14+ Mono
ACACGGACACAGCCAT-6-s2d5,CD14+ Mono
CAGGACCTCAGCATTA-6-s2d5,CD14+ Mono
TCGGTTTGTTGCACGG-6-s2d5,CD14+ Mono
GTAAAGCCAGCAGGTA-6-s2d5,CD16+ Mono
ACTTGAATCTGGCATG-6-s2d5,CD14+ Mono
GTTCCTTCACAGCCAT-6-s2d5,CD14+ Mono
AGTAAACAGGAACGGT-6-s2d5,CD16+ Mono
GTTACAGGTAGCCTAA-6-s2d5,CD16+ Mono
CAAAGCGCACCAGGTT-6-s2d5,CD16+ Mono
TCCTGGTTCTAAGGTC-6-s2d5,CD14+ Mono
GTGGATGCATTGACAT-6-s2d5,CD14+ Mono
GTTTCCTCACAGCCAT-6-s2d5,CD14+ Mono
GAAAGCCAGCAGGTTT-6-s2d5,CD16+ Mono
TAGTGGCGTTGTTGTC-6-s2d5,CD14+ Mono
ACGAATCTCGCCTGTT-6-s2d5,CD16+ Mono
TACCGAAGTGATGATT-6-s2d5,CD16+ Mono
CTGGTTTGTTGACTTC-6-s2d5,CD14+ Mono
TTCCTTGAGGTAAGCA-6-s2d5,CD14+ Mono
ACGGTACGTGTTGCAA-6-s2d5,CD14+ Mono
AGTAACCTCACTAATG-6-s2d5,CD14+ Mono
GGTATGTTCCTAAGAC-6-s2d5,CD14+ Mono
AGTAACGAGCAGGCCT-6-s2d5,CD14+ Mono
CGCTAACCAGCAATAA-6-s2d5,CD14+ Mono
TATTTGCTCAAAGGCA-6-s2d5,cDC2
AGTTACTCAGCAAGGC-6-s2d5,CD14+ Mono
TCATGCCTCTAAGTGC-6-s2d5,CD14+ Mono
ATTCAACCAGGCCATT-6-s2d5,CD14+ Mono
AGAAAGGCAGTAAGTA-6-s2d5,CD14+ Mono
GGAACTAAGCTTCCCG-6-s2d5,Proerythroblast
AAGCCTTAGCAGGTGG-6-s2d5,CD14+ Mono
TTCGGTACAGCACCAT-6-s2d5,CD14+ Mono
AACTAGTGTTGGATAT-6-s2d5,CD14+ Mono
TTAAGTGTCATAAGCC-6-s2d5,CD16+ Mono
CAGCTCAAGACAACAG-6-s2d5,CD14+ Mono
GGTCAAGCACTGACTA-6-s2d5,CD14+ Mono
TCCCTCACATCCTAGA-6-s2d5,CD14+ Mono
CGGCAATGTATGGTGC-6-s2d5,CD16+ Mono
ATCCGTGAGACAACGA-6-s2d5,CD14+ Mono
ATATGGTGTCGAAGTC-6-s2d5,CD14+ Mono
ATTGGTTCAGCATGGA-6-s2d5,pDC
TTGGGCGGTCATTGTC-6-s2d5,CD14+ Mono
GTCATGAGTTAGCAGC-6-s2d5,CD16+ Mono
TGTTGTGCATTAGGCC-6-s2d5,CD14+ Mono
GAAGGCTAGTGCACGC-6-s2d5,CD14+ Mono
GCGCAAACAGCCTAAC-6-s2d5,CD14+ Mono
ATTACTGAGGTCCTAG-6-s2d5,CD16+ Mono
GCCTACTTCCTTCTAG-6-s2d5,CD16+ Mono
TATTCGTTCACAGCCA-6-s2d5,CD16+ Mono
TGGCCTGCACTTAGGC-6-s2d5,CD14+ Mono
GTGCATTAGCATGCAT-6-s2d5,CD14+ Mono
AGGTAACCACTGGCCA-6-s2d5,CD16+ Mono
GAGGCAAGTCCTTTAA-6-s2d5,CD14+ Mono
AACCTTAAGTCTCACC-6-s2d5,CD14+ Mono
TCCATATTCGCTATAA-6-s2d5,CD14+ Mono
ATGAAGCCAATTAGCT-6-s2d5,CD16+ Mono
TTGGTGAGTACTGAAT-6-s2d5,CD14+ Mono
GTTAACGGTATGGTGC-6-s2d5,CD14+ Mono
TACTGGCCAAAGCTAA-6-s2d5,CD14+ Mono
ACACTAATCCTCAGTC-6-s2d5,CD16+ Mono
GTTACTCGTGCATCGG-6-s2d5,cDC2
GCTCACAAGCCTGACA-6-s2d5,CD14+ Mono
CAAACCGTCATTCATC-6-s2d5,CD16+ Mono
CCTAAATCAGGAACTG-6-s2d5,CD14+ Mono
ACCCGCTGTTAGGATT-6-s2d5,CD14+ Mono
GAGAAACGTTACAAAC-6-s2d5,CD16+ Mono
GTAGGTGCATAACGGG-6-s2d5,CD14+ Mono
CACTTAAAGTCTATGA-6-s2d5,CD14+ Mono
ATGAGCCGTATTGAGT-6-s2d5,CD14+ Mono
GGTTGAGCATGTTGGC-6-s2d5,CD14+ Mono
TTGCGAGTCGAAGTAG-6-s2d5,CD14+ Mono
AGTATAGCAATTAACC-6-s2d5,CD14+ Mono
ATGCTTAAGTTTCCTG-6-s2d5,CD14+ Mono
CGCTTAACACCAGCAT-6-s2d5,CD16+ Mono
CTGGATGTCACAGCCA-6-s2d5,CD14+ Mono
GACCGAACATCAATCG-6-s2d5,CD14+ Mono
TTGCACACATCAATCG-6-s2d5,CD14+ Mono
TTCCTTCTCTGTAAGC-6-s2d5,CD14+ Mono
AAGCCTCCAGGAACAT-6-s2d5,CD14+ Mono
CATGCAAGTACCAGGT-6-s2d5,CD14+ Mono
CTAAATGTCCGCACAA-6-s2d5,CD14+ Mono
GCTAGCTCAATAATCC-6-s2d5,cDC2
TGAGGAGGTGTCCTGC-6-s2d5,CD14+ Mono
ATCCAACAGTCTTGAA-6-s2d5,CD14+ Mono
ATAATGGCATGTTGCA-6-s2d5,CD14+ Mono
GAAGGAACAGCACCAT-6-s2d5,CD14+ Mono
GTACTGGTCCGGAACC-6-s2d5,CD14+ Mono
TACGGTTAGGACCTCA-6-s2d5,CD14+ Mono
ACCATTAAGGACCTCA-6-s2d5,CD14+ Mono
AGGACGTAGATAAAGC-6-s2d5,CD14+ Mono
TTAAGTGTCACGCATG-6-s2d5,CD14+ Mono
GCACGGTTCCGCACAA-6-s2d5,CD14+ Mono
CGCAATTAGTCACTAA-6-s2d5,CD16+ Mono
CCAACCAAGCTTTGTT-6-s2d5,CD14+ Mono
GGGCGAATCGGGACCT-6-s2d5,CD16+ Mono
CTCACACTCATCCTGC-6-s2d5,CD14+ Mono
GCATTGCCATGCTTAG-6-s2d5,CD14+ Mono
AAACCGGCAAAGCGGC-6-s2d5,CD14+ Mono
ACGCACGGTCCGTGAG-6-s2d5,CD14+ Mono
TGGTAAACATAGCAGG-6-s2d5,CD14+ Mono
CCCGTTGTCGCACAAT-6-s2d5,CD16+ Mono
CATCATGCAACAACAA-6-s2d5,CD14+ Mono
GTACTTCGTAATGACT-6-s2d5,CD14+ Mono
CGAGCGAAGGAACCAA-6-s2d5,CD16+ Mono
CGAACAAAGCAATAGG-6-s2d5,CD14+ Mono
ACCCTCCCAGGAACCA-6-s2d5,CD14+ Mono
ATTGGTTCATAAGTTC-6-s2d5,CD14+ Mono
GTCATTAAGCGCCTTT-6-s2d5,CD14+ Mono
TCGTTAAAGCTTTGGG-6-s2d5,CD14+ Mono
AGTTTGATCTAGCTAA-6-s2d5,Erythroblast
AAGTGAAGTACCGGAT-6-s2d5,Proerythroblast
TTTATGGAGCGATAAG-6-s2d5,CD14+ Mono
CCTGGATCACCTGCCT-6-s2d5,HSC
GGAGGTTAGTAACGGA-6-s2d5,CD14+ Mono
TGTCCTTCAAGGTCGA-6-s2d5,CD14+ Mono
AGGTATTGTTAAGGTT-6-s2d5,CD14+ Mono
ACGGGAAGTGAGACTC-6-s2d5,CD14+ Mono
CTAGTCGAGGTTTGCG-6-s2d5,CD14+ Mono
GTGAACAAGTAAGTGG-6-s2d5,CD16+ Mono
TGACTCCTCGCCTAAG-6-s2d5,CD14+ Mono
TAGCCTGAGCAAGGTA-6-s2d5,CD14+ Mono
CATGCGGGTACGGGTT-6-s2d5,CD14+ Mono
GTACTGGTCGATTTAG-6-s2d5,CD14+ Mono
CGTTAACAGCTATTAG-6-s2d5,CD14+ Mono
GCCTGACAGGCTGTCA-6-s2d5,CD16+ Mono
CTTTGTCCAGGCAAGC-6-s2d5,CD14+ Mono
AAGCTCCCATTAGCGC-6-s2d5,CD14+ Mono
ATGTTGTCATGTCAAT-6-s2d5,CD14+ Mono
CAAGAACCAATCCCTT-6-s2d5,CD14+ Mono
CGCCTGTGTTATGTGG-6-s2d5,CD14+ Mono
AGCACTAGTCATGCAA-6-s2d5,CD14+ Mono
TCTTAGCGTGTGCAAC-6-s2d5,CD14+ Mono
CCATCATGTCAATACG-6-s2d5,CD14+ Mono
CGTGCTTTCAGTGAAG-6-s2d5,CD14+ Mono
CTCCTAATCCGGTATG-6-s2d5,pDC
GACTCACCAACTGGCT-6-s2d5,CD14+ Mono
CAATCCCTCCTTAGGG-6-s2d5,CD14+ Mono
CCGGTTAAGTTTGGTA-6-s2d5,CD14+ Mono
TCGGTTTGTGGATTCA-6-s2d5,CD14+ Mono
TAAGCCAGTCGTAATG-6-s2d5,CD14+ Mono
GATTGCAGTTTCCACG-6-s2d5,Erythroblast
TAGCCTCTCCCGTTTA-6-s2d5,CD14+ Mono
TGCGGTTCAAATACCT-6-s2d5,CD14+ Mono
TAAGGACCAATATAGG-6-s2d5,CD16+ Mono
AGGTTAGAGCCTGATG-6-s2d5,CD14+ Mono
CAAGCTAGTTTAGCGA-6-s2d5,CD14+ Mono
TCAAGGAAGTCACCTC-6-s2d5,Proerythroblast
AATTAGGCAACTAGAA-6-s2d5,CD14+ Mono
TTTGTGAAGTCGCTAG-6-s2d5,CD16+ Mono
GTCTCACTCTTGGACG-6-s2d5,CD14+ Mono
CCTGCTCCACTTAGGC-6-s2d5,CD16+ Mono
CTAGCTTGTGGATTAT-6-s2d5,CD16+ Mono
AGGTCCGGTACCAGGT-6-s2d5,CD14+ Mono
TTCGGTACAATGCCTA-6-s2d5,CD16+ Mono
GGTCATTAGCACAGCC-6-s2d5,CD16+ Mono
AAGTTAGCAGGATAAC-6-s2d5,HSC
GGTAGGAGTGCTGTAA-6-s2d5,CD14+ Mono
GTCATCCTCGGCCAGT-6-s2d5,CD14+ Mono
AGACCCGGTGAAGCCT-6-s2d5,CD14+ Mono
CGGAATCGTTGGCCGA-6-s2d5,CD14+ Mono
GCGGAACCAGGTTATT-6-s2d5,CD16+ Mono
CCTCCTCTCGATTATG-6-s2d5,CD14+ Mono
AATTGACGTAGTTGGC-6-s2d5,CD14+ Mono
TATTTGGAGTCGCTAG-6-s2d5,CD14+ Mono
AACCCGCAGGAAGTAT-6-s2d5,CD14+ Mono
GGAGCATAGTTATTCC-6-s2d5,CD14+ Mono
AAGCTAGAGGCCTAAT-6-s2d5,CD16+ Mono
GGTCTTTGTTGCTTCG-6-s2d5,cDC2
TGGTCAAGTTCAAGAT-6-s2d5,CD14+ Mono
CGAACCGGTATTCGTC-6-s2d5,CD14+ Mono
ATGCCTGAGTGAGAGC-6-s2d5,CD14+ Mono
AGGTTAACAGCTAATT-6-s2d5,CD14+ Mono
GCACTAAGTCCCGGAA-6-s2d5,CD14+ Mono
CGTGAGGAGGGTGAAC-6-s2d5,pDC
ACTCCTCAGGTCATTA-6-s2d5,HSC
AAATCCGGTTACCTGT-6-s2d5,CD14+ Mono
CCAGTTTGTGTGCAAC-6-s2d5,CD14+ Mono
ATCAGGTTCATAGCCG-6-s2d5,Erythroblast
TTTGTGGCAGGCTTGT-6-s2d5,CD16+ Mono
CAGATTCAGCGGTTAT-6-s2d5,CD14+ Mono
CCATTGTGTTTGGTTC-6-s2d5,CD14+ Mono
AGGAGCTAGGAACACA-6-s2d5,CD14+ Mono
CCAGGAACAAGGTCCT-6-s2d5,CD14+ Mono
CTCTGTTCATACTCCT-6-s2d5,CD14+ Mono
TTTGGCTGTCTTGCAT-6-s2d5,CD14+ Mono
CTCCTGAGTCGTTATC-6-s2d5,CD14+ Mono
TTGCTTAGTCACACCC-6-s2d5,CD14+ Mono
ACTCGCGCAGGAACCA-6-s2d5,CD14+ Mono
TCAGGTCCAACCCTCC-6-s2d5,pDC
ACCCTCCCAGGCTAGA-6-s2d5,CD14+ Mono
ACTCGCGCACCAGCAT-6-s2d5,CD14+ Mono
ACCCGGTAGGGTGGAT-6-s2d5,CD14+ Mono
AATACCGGTGTGCACG-6-s2d5,CD14+ Mono
ATTGAAGCAGAGAGCC-6-s2d5,CD14+ Mono
TGCTTCATCATGGCCA-6-s2d5,CD14+ Mono
CTCCTCACAGGACACA-6-s2d5,CD14+ Mono
CTAGCTGAGTCATCCC-6-s2d5,CD14+ Mono
ATGGCTTAGAATCGCT-6-s2d5,CD14+ Mono
TGTGCTGAGACAAGTG-6-s2d5,CD14+ Mono
TGTATCGCATTGCGGT-6-s2d5,CD14+ Mono
TTCAGGTAGTAGGATG-6-s2d5,Proerythroblast
CGTTAACAGTTTGGTA-6-s2d5,CD14+ Mono
TGTGGCGGTTTGGTTC-6-s2d5,CD14+ Mono
TCACCTCAGTAAGGGC-6-s2d5,CD16+ Mono
GCTGTGATCCTCATCA-6-s2d5,CD14+ Mono
GTTACGCCAATCCCTT-6-s2d5,pDC
AGCCTAAGTTAGCGTA-6-s2d5,CD14+ Mono
ATTCACTTCTGTGCAG-6-s2d5,CD14+ Mono
AATCCTAAGGAGCATA-6-s2d5,HSC
GTCCTCAGTTCGCTTG-6-s2d5,CD14+ Mono
GCAAGTCGTAGCCTAA-6-s2d5,CD14+ Mono
GAGTGAGGTCGTTACT-6-s2d5,CD14+ Mono
TTTCATCAGTTACCGG-6-s2d5,CD14+ Mono
CCTGTAACAGAATGAC-6-s2d5,CD14+ Mono
GCTAGCCAGGTGTTAC-6-s2d5,CD14+ Mono
GTTAACCAGTTTCCTG-6-s2d5,CD14+ Mono
CCTTCAGGTAACCTAG-6-s2d5,pDC
CTAGTAGGTATGGTGC-6-s2d5,CD14+ Mono
AGCGGACCAGAACCGA-6-s2d5,CD14+ Mono
CTGGTTACAGTAGGAT-6-s2d5,CD14+ Mono
GCTAAGAAGAAAGGAA-6-s2d5,CD16+ Mono
GAGGTTAAGTTGCGTG-6-s2d5,CD14+ Mono
CATAGGTTCTATGACA-6-s2d5,CD14+ Mono
TGATGAACACGAACAG-6-s2d5,CD14+ Mono
CCAAATCAGATAACCC-6-s2d5,Erythroblast
TTGCCCGTCTAGCTTT-6-s2d5,CD14+ Mono
TGATCAATCTTGGACG-6-s2d5,CD14+ Mono
CAAACTGGTGGTTCTT-6-s2d5,CD14+ Mono
ACCCGCTGTGAGGTAG-6-s2d5,CD14+ Mono
TTACGTTTCAATCTAG-6-s2d5,CD14+ Mono
ATATGCTCACCAGGTT-6-s2d5,CD14+ Mono
TTGACGTAGGCGCTAC-6-s2d5,CD14+ Mono
TATGACTCATGAATAG-6-s2d5,CD14+ Mono
TGAGAACCATCACAGC-6-s2d5,CD16+ Mono
TAGGTTATCTCACATT-6-s2d5,CD16+ Mono
AGATGCTTCGTCCTTA-6-s2d5,CD14+ Mono
GGCATTGTCTAGCTAA-6-s2d5,pDC
GAGAAACGTGTCCTGC-6-s2d5,CD14+ Mono
ATTAGCGGTTCCGGCT-6-s2d5,CD16+ Mono
ATTCATGAGCTAATTG-6-s2d5,CD14+ Mono
AGCTTGGTCGCTTGCT-6-s2d5,CD14+ Mono
TTGTTCCCAGGCGATA-6-s2d5,CD16+ Mono
AAGAATCAGGTTTACA-6-s2d5,CD14+ Mono
TGCCGGTAGGCAAGTA-6-s2d5,CD14+ Mono
TTGAGGCGTTCCTGTG-6-s2d5,CD16+ Mono
TGGGCATGTGCACGCA-6-s2d5,pDC
TAAAGCCTCATAACCA-6-s2d5,CD14+ Mono
GTACAATGTCTTACTA-6-s2d5,CD14+ Mono
CTACCTCAGGTCCTGA-6-s2d5,CD14+ Mono
AATTTGGTCGTTACTT-6-s2d5,CD14+ Mono
TTAATCGAGCATGACT-6-s2d5,CD14+ Mono
AATCCCTGTCATAACG-6-s2d5,CD14+ Mono
CGATTGAGTAACGTGC-6-s2d5,CD14+ Mono
GTGCTCCGTTATTGCC-6-s2d5,CD14+ Mono
AGAAGGTGTAGTTGGC-6-s2d5,CD14+ Mono
TTTCCTGAGGCCGGAA-6-s2d5,CD16+ Mono
CTAACCCTCAGGTCCA-6-s2d5,CD14+ Mono
CTAGTAGGTCTAACCT-6-s2d5,CD16+ Mono
CCAATATCACGTAATT-6-s2d5,HSC
CCTAAATCACTGGCCA-6-s2d5,CD16+ Mono
CTCATTAGTAGGATCC-6-s2d5,CD14+ Mono
AGAATCTGTTGGGTTA-6-s2d5,CD14+ Mono
TCACCGGCAGTAATAG-6-s2d5,pDC
CGCAAATTCTTTGTAC-6-s2d5,CD14+ Mono
TGCTAGCCAGGAACCA-6-s2d5,CD14+ Mono
ACAACAACATTGTCAG-6-s2d5,CD16+ Mono
TTCTTAGGTTCCAGGG-6-s2d5,CD14+ Mono
TGCTGGATCTTAGCCC-6-s2d5,CD14+ Mono
TCCTGGTTCCCTCTAA-6-s2d5,CD14+ Mono
TAGGCTAGTATTGAGT-6-s2d5,CD14+ Mono
GCAGCTATCGCCTGTT-6-s2d5,CD16+ Mono
TGGTCAAGTGAGGTAG-6-s2d5,CD16+ Mono
CGTGTTACACTTAGGC-6-s2d5,CD14+ Mono
ACGACTTAGTCCTTCA-6-s2d5,CD14+ Mono
GACCTAGTCTAAGTGC-6-s2d5,CD14+ Mono
GGACGAAGTCTTACTA-6-s2d5,CD14+ Mono
AGCCTGGGTGAGCAAG-6-s2d5,CD16+ Mono
AAGCAAGTCTGCAACG-6-s2d5,CD14+ Mono
CGCTAACCAACTGGCT-6-s2d5,CD16+ Mono
GCTTTCATCAAACCGT-6-s2d5,CD14+ Mono
GGCAAGCCAGTTTACG-6-s2d5,CD14+ Mono
TGCTCTCAGTTTGTCT-6-s2d5,CD14+ Mono
AAGCGCTGTGTGCAAC-6-s2d5,CD14+ Mono
ATCACTAAGATAACCC-6-s2d5,CD14+ Mono
GCTCCTTAGTATGTGC-6-s2d5,CD14+ Mono
CGTTTCTCATTAGGCC-6-s2d5,CD14+ Mono
TTGCCCGTCGGTTACG-6-s2d5,CD14+ Mono
TATGGCCCAGCATTAT-6-s2d5,CD14+ Mono
CGAAGAATCTTGACCC-6-s2d5,CD14+ Mono
GCCTAATAGCCTAACG-6-s2d5,CD14+ Mono
TATCCGGAGCGCCTTT-6-s2d5,CD14+ Mono
ATTAACCCAGTTAAAG-6-s2d5,pDC
GTTCCCAGTATGGTGC-6-s2d5,CD14+ Mono
TCACCTCAGCGCTCAA-6-s2d5,CD14+ Mono
TATAGCCAGGTCCAAT-6-s2d5,CD16+ Mono
AAACCGAAGTGAGCAA-6-s2d5,CD16+ Mono
AGGACTAAGTTAACCA-6-s2d5,CD16+ Mono
GGAAGCTAGTCTATGA-6-s2d5,CD14+ Mono
AGGCGGATCGCAAACT-6-s2d5,CD14+ Mono
TTAGAAGCAGCAAGGC-6-s2d5,CD14+ Mono
AGTCGCATCATCAGTA-6-s2d5,CD14+ Mono
TGCTCTCAGGCCATCA-6-s2d5,CD14+ Mono
CAATGAACATGCTTAG-6-s2d5,CD14+ Mono
GGGCATTGTGTTGTAG-6-s2d5,CD14+ Mono
GACCGAACAAGGTACG-6-s2d5,CD16+ Mono
CATAGCTAGTAACTCA-6-s2d5,CD16+ Mono
CGCGGATTCCGGTATG-6-s2d5,Erythroblast
TGCACCTTCTGTAAGC-6-s2d5,CD14+ Mono
GATTAAGCATTAAGCT-6-s2d5,CD16+ Mono
CTAAGGTTCACCGGTA-6-s2d5,CD14+ Mono
GTACACCCATAATCGT-6-s2d5,CD14+ Mono
CTGGCTAAGGCGTAAA-6-s2d5,CD14+ Mono
CGACTAAGTGTGAGAG-6-s2d5,Normoblast
TAACAAGCATTAGGCC-6-s2d5,CD14+ Mono
TTTAAGGTCGTTTCGC-6-s2d5,CD14+ Mono
TGTAATGTCTCACTCA-6-s2d5,CD14+ Mono
ACAGCGCTCTCAATTC-6-s2d5,Normoblast
AGGCAATCATTGGGAG-6-s2d5,CD14+ Mono
GTAGCCATCTCACATT-6-s2d5,CD14+ Mono
GGATGTAAGCGTGCGT-6-s2d5,CD14+ Mono
TCTTCAAGTGCATTTC-6-s2d5,CD14+ Mono
CGAAGAATCAAGCTTA-6-s2d5,CD14+ Mono
GTCCTCAGTTCGCTCA-6-s2d5,CD14+ Mono
TGCTCACTCGCTTCTA-6-s2d5,CD14+ Mono
GTGAGGAGTTGTGATG-6-s2d5,CD16+ Mono
GGTGAGGTCCGCCTAT-6-s2d5,CD14+ Mono
GCGAGTGAGGGCTAAA-6-s2d5,Erythroblast
CTTGTCCAGTGAACCT-6-s2d5,CD14+ Mono
TCTATGTTCACATTGA-6-s2d5,CD14+ Mono
TGGTTCTGTTAGTTGG-6-s2d5,CD14+ Mono
TTGGTGAGTGAAGCCT-6-s2d5,CD14+ Mono
TACTTCGTCTGTGAGT-6-s2d5,CD16+ Mono
GCTCAACCACTTCATC-6-s2d5,CD16+ Mono
ATAGATGCAGCCTAAC-6-s2d5,CD14+ Mono
TGCTTAAAGGTCCGTA-6-s2d5,CD14+ Mono
TGTTGTTTCTTTGTAC-6-s2d5,CD14+ Mono
GCAGGACCATCTAGCA-6-s2d5,CD14+ Mono
GCAAGCCTCGAGGTGG-6-s2d5,CD14+ Mono
AGTCAAGAGCGATAAG-6-s2d5,CD14+ Mono
GAGCGGTCAACTAGGG-6-s2d5,CD14+ Mono
AGCTTCCTCAAACTCA-6-s2d5,CD14+ Mono
GGGTCAACAAAGGTAC-6-s2d5,HSC
CACTTTGTCATGCATA-6-s2d5,CD14+ Mono
ATCACAATCCCTGTTA-6-s2d5,CD14+ Mono
GCTATAGGTCCTTCTC-6-s2d5,Erythroblast
GCTTGTTGTGCTTTAC-6-s2d5,pDC
GGAACCACATCGCTCC-6-s2d5,CD14+ Mono
ACCAGGACATGAGCAG-6-s2d5,CD14+ Mono
TATATCCTCTCACATT-6-s2d5,CD14+ Mono
TCATTGCGTCAATACG-6-s2d5,CD14+ Mono
TCAGCCTTCCCTCGCA-6-s2d5,CD14+ Mono
GTGCAAGCACCAACCG-6-s2d5,CD14+ Mono
AGGAACCAGGTGAAAT-6-s2d5,CD14+ Mono
CGCGGATTCTGTGCCT-6-s2d5,CD14+ Mono
CGTTAACAGGGTGGAT-6-s2d5,CD14+ Mono
TTTGTGAAGGTTAGAG-6-s2d5,CD16+ Mono
GTTACCTGTCAAAGGG-6-s2d5,cDC2
GCGCTAGGTATGGTGC-6-s2d5,CD14+ Mono
ATATGGTGTAATTAGC-6-s2d5,CD14+ Mono
AATGCATGTCCAAATG-6-s2d5,CD14+ Mono
TTCCCACAGATAGACG-6-s2d5,CD14+ Mono
GCCTGACAGCCTCTGT-6-s2d5,CD14+ Mono
TTTAGCTTCCACCTGT-6-s2d5,CD16+ Mono
ACTTAGTCAGCAACCT-6-s2d5,CD14+ Mono
TGGAACAAGCTCATAA-6-s2d5,CD16+ Mono
CATGCGCAGTTTGCGG-6-s2d5,CD14+ Mono
ACTTTGTTCGGCTAGC-6-s2d5,CD14+ Mono
CAGCTATAGCGCATTG-6-s2d5,CD14+ Mono
TCTAGCGAGAATGACG-6-s2d5,CD14+ Mono
GGACCTCAGCAGCTAT-6-s2d5,CD14+ Mono
AGGTCAAAGGTCCTAG-6-s2d5,cDC2
CCTAAATCACTTAACG-6-s2d5,CD14+ Mono
TTCCTTGAGCGCCTAA-6-s2d5,CD14+ Mono
ACCTAAGGTACTGATG-6-s2d5,CD14+ Mono
CAGGCTATCGGTTTGG-6-s2d5,CD14+ Mono
CCAAACTAGCATCCAG-6-s2d5,CD14+ Mono
GCCTGCTGTAATCGGC-6-s2d5,CD14+ Mono
TCAAGTATCTAATCAG-6-s2d5,CD14+ Mono
TAGCATATCATCCTGC-6-s2d5,CD16+ Mono
CTCTAAGCAGGCTACT-6-s2d5,CD14+ Mono
TGTATCCGTTAGGCTA-6-s2d5,CD14+ Mono
CTCGTTATCATAGACC-6-s2d5,CD16+ Mono
ACGTCCTTCCACCTTA-6-s2d5,CD16+ Mono
GGCTTAAGTGTCCTGC-6-s2d5,CD16+ Mono
AACTTAGTCGTAATCA-6-s2d5,CD14+ Mono
TTACAGCAGTCATTGA-6-s2d5,CD14+ Mono
ACCTAAGGTGAATCGC-6-s2d5,CD14+ Mono
AGAAGGTGTAAGCACC-6-s2d5,CD14+ Mono
GCATATATCCCTCGCA-6-s2d5,CD16+ Mono
GGGCATTGTTAGACCA-6-s2d5,CD14+ Mono
ACTTGAATCGCTAGCA-6-s2d5,CD14+ Mono
TCGGTAAGTCTAACAG-6-s2d5,pDC
TGTGCGCAGGAGCACG-6-s2d5,CD14+ Mono
GATTGCGTCCTCCATA-6-s2d5,CD14+ Mono
GACCTGATCCGCCTCA-6-s2d5,CD14+ Mono
ATTGAAGCAACTGGCT-6-s2d5,CD14+ Mono
ATTTGTGAGCACGTTG-6-s2d5,CD14+ Mono
ACCTACCTCCTAATTC-6-s2d5,CD14+ Mono
GCTGTAAGTAGCCTCC-6-s2d5,CD14+ Mono
TCAATCGCAGAAACGT-6-s2d5,CD14+ Mono
GTCCAGGGTTAATGCG-6-s2d5,CD14+ Mono
TATTCGTTCGTTAAGC-6-s2d5,CD14+ Mono
CTCGTTATCCCAGTAG-6-s2d5,Erythroblast
CGTTTCTCACATAACT-6-s2d5,CD14+ Mono
GACTCACCATCAGCAC-6-s2d5,CD16+ Mono
TAATGGTGTTAACGGC-6-s2d5,CD14+ Mono
TGCTTTAGTTTCCTCC-6-s2d5,CD14+ Mono
AATGGCGCATTGCGTA-6-s2d5,CD14+ Mono
AGGATATAGCGCCTTT-6-s2d5,CD14+ Mono
AATCCATCAGGTCCTG-6-s2d5,CD14+ Mono
CTGCTATGTCAGGCAT-6-s2d5,CD14+ Mono
CATTGCGAGGTTTGAC-6-s2d5,CD14+ Mono
AGGACTAAGTATTGGC-6-s2d5,CD14+ Mono
TCACCGGCAAGCGATG-6-s2d5,CD16+ Mono
ACAACAGAGCTTAGCG-6-s2d5,CD16+ Mono
TATAGCCAGTCAGTAC-6-s2d5,CD14+ Mono
CAATAAGCAGCATGTC-6-s2d5,CD14+ Mono
TTTCTCACATAGCGAG-6-s2d5,CD14+ Mono
AATCCATCAGCAAGGC-6-s2d5,CD14+ Mono
TTTGACTTCATTAGTG-6-s2d5,CD14+ Mono
TGCTTTAGTACTTAGG-6-s2d5,CD14+ Mono
GAGGAGGCAGGCTAGA-6-s2d5,CD14+ Mono
TGTAAAGCAGCACGAA-6-s2d5,CD14+ Mono
CGAACAAAGCCTGAGC-6-s2d5,CD14+ Mono
TATCGCGAGGCAACAA-6-s2d5,CD14+ Mono
TTGGCTTGTCTCAGCC-6-s2d5,CD16+ Mono
AATGCGCGTTAGCAGC-6-s2d5,CD14+ Mono
CTATGACAGCTGCACA-6-s2d5,CD14+ Mono
GTTTATCTCCTGGTCT-6-s2d5,CD14+ Mono
GTGAATCTCCTGAGTG-6-s2d5,CD14+ Mono
CTAAATGTCCACCTGT-6-s2d5,CD14+ Mono
ATGAGCCGTTCGCGCT-6-s2d5,CD14+ Mono
CGTGCTTTCGGTTTGG-6-s2d5,CD16+ Mono
GCAGGAAGTCAGGCCA-6-s2d5,CD14+ Mono
TTACGTTTCTCACATT-6-s2d5,CD14+ Mono
TTCCCGCCACTTCACT-6-s2d5,CD14+ Mono
TTTAGGATCCTTGCAC-6-s2d5,cDC2
CGTAACCCAGTAGCCT-6-s2d5,CD14+ Mono
ATGGCTGTCAGCTAAC-6-s2d5,CD14+ Mono
ATGTAACGTATTTGGG-6-s2d5,CD16+ Mono
AGCCAGTGTTGGTTCT-6-s2d5,CD14+ Mono
AGCAATTGTTGGGTTA-6-s2d5,CD14+ Mono
GATCAAGAGATGGAGC-6-s2d5,CD14+ Mono
TGAGGCACAGAACCGA-6-s2d5,CD16+ Mono
TTTCCTGAGTTAGACC-6-s2d5,CD14+ Mono
CTTAAGATCCGCCTCA-6-s2d5,CD14+ Mono
TACTGGCCATAACGGG-6-s2d5,pDC
TTTAAGCCAAGGTCCT-6-s2d5,CD14+ Mono
GATCGCTCAGCCTAAC-6-s2d5,CD14+ Mono
ACACTTGCAGCATGGA-6-s2d5,CD14+ Mono
GATTGTTCATAAGTTC-6-s2d5,CD14+ Mono
GGGTTACGTCCGCTGT-6-s2d5,CD14+ Mono
CAAACCGTCACCAATA-6-s2d5,CD14+ Mono
ACCCTCCCAAGCTTAT-6-s2d5,CD14+ Mono
GAACCTTAGCTTAACA-6-s2d5,CD14+ Mono
GCCCGTTGTTGAGCCG-6-s2d5,CD16+ Mono
AGAGATTAGTTTGCGG-6-s2d5,CD14+ Mono
ATTAGTCCAAGGTAAC-6-s2d5,CD14+ Mono
TGGCTTTGTGAAACAA-6-s2d5,CD16+ Mono
GATTACGGTTGTAACG-6-s2d5,CD14+ Mono
GGCTGAGAGACCATAC-6-s2d5,pDC
CAATCTAAGTAGGATG-6-s2d5,CD14+ Mono
GATTCCTGTGAGGTGA-6-s2d5,CD14+ Mono
TTCATCCCAAGCGATG-6-s2d5,CD16+ Mono
AATTGCTCACAGCCAT-6-s2d5,CD16+ Mono
CCTTACTCACAAAGGT-6-s2d5,CD14+ Mono
GCTAGCCAGGCAATAG-6-s2d5,CD16+ Mono
TGATTGCAGTTGGCCA-6-s2d5,Proerythroblast
GTGGTTAGTCTCACTG-6-s2d5,CD14+ Mono
CTATGAGGTTGAGGTC-6-s2d5,CD16+ Mono
GTTCACCTCAGTGAAG-6-s2d5,CD14+ Mono
ACGACAAAGGCAGGTG-6-s2d5,CD14+ Mono
TGGACGGAGTATTGTG-6-s2d5,CD14+ Mono
TCAGTAATCATGGTTA-6-s2d5,CD16+ Mono
GTGGTTAGTACTTAGG-6-s2d5,CD14+ Mono
CTAGTTGCAGGCTTCG-6-s2d5,CD14+ Mono
TTATAGCCAAGGTAAC-6-s2d5,CD14+ Mono
GTAGTTATCACCATTT-6-s2d5,CD14+ Mono
TTTCTCACAGGTCCTG-6-s2d5,CD14+ Mono
TACGGTTAGCTATTGA-6-s2d5,CD14+ Mono
CACCTCAGTCCTAAGA-6-s2d5,CD14+ Mono
GTAAGCTTCATAATCG-6-s2d5,CD16+ Mono
ATTATCCTCGCTAGTG-6-s2d5,CD16+ Mono
GTGGATGCAGCATGAG-6-s2d5,CD14+ Mono
GGACCGAAGTGTGATC-6-s2d5,CD14+ Mono
GTACAATGTTTCGCCA-6-s2d5,cDC2
TTAAAGGCATGGCCTG-6-s2d5,CD14+ Mono
TGGCTAAGTTGTTCAC-6-s2d5,CD14+ Mono
AGCTCATAGGTCCGTA-6-s2d5,CD16+ Mono
CTTGTTCCAGCATGAG-6-s2d5,CD16+ Mono
CAAATCATCGGTTTGG-6-s2d5,CD14+ Mono
CATGCAAGTTCACCCA-6-s2d5,CD14+ Mono
ATTAGGTGTCAGTAAT-6-s2d5,CD14+ Mono
CCTTTAGTCATCGTTT-6-s2d5,CD14+ Mono
TGGTGCATCATCACTT-6-s2d5,CD16+ Mono
CTACCTCAGTAAAGGT-6-s2d5,CD14+ Mono
TGTGTTAAGATAACCC-6-s2d5,CD14+ Mono
CGCTCCATCCAGGGAG-6-s2d5,CD16+ Mono
GAGGTACAGCACGATT-6-s2d5,CD14+ Mono
TCAAGCTAGTGAACAG-6-s2d5,CD14+ Mono
CTGTTGGAGCACGATT-6-s2d5,CD14+ Mono
AATTAGGCAGATTCAT-6-s2d5,CD14+ Mono
GCACGGTTCCTGGCTT-6-s2d5,CD14+ Mono
CGAAGCGAGTCATTTC-6-s2d5,Erythroblast
CCTTAGTGTAAGCTCA-6-s2d5,CD16+ Mono
CAAGTGAAGCCTGGTA-6-s2d5,CD14+ Mono
ACGAATCTCGTTACAA-6-s2d5,CD14+ Mono
GCGATTTAGTTTGGGT-6-s2d5,CD14+ Mono
TCTCAATTCCAAGTGT-6-s2d5,CD16+ Mono
GAAGGAACAAGCGAGC-6-s2d5,CD14+ Mono
GGCGTTATCTTGCATT-6-s2d5,CD14+ Mono
AAACGGATCAGCACGC-6-s2d5,CD14+ Mono
TATAGGTGTAGTAAGA-6-s2d5,CD14+ Mono
TCAGGAGCACAATGTT-6-s2d5,CD14+ Mono
GAGTGATCAGCCTGCA-6-s2d5,CD14+ Mono
CTAAGTCAGTCAGTAC-6-s2d5,CD14+ Mono
GTAGGTGCAAGCGATG-6-s2d5,CD14+ Mono
TCCATCATCGGCCAGT-6-s2d5,CD14+ Mono
CTCATTTAGTAAGGGC-6-s2d5,CD14+ Mono
TTCCTTGAGTGTTGCG-6-s2d5,CD14+ Mono
CTATGGCCATGGTTAT-6-s2d5,CD16+ Mono
ACAGGAATCCTCAGCT-6-s2d5,pDC
GTCCAAGTCTTGCATT-6-s2d5,CD14+ Mono
TCGTTACGTGAGGTGA-6-s2d5,Proerythroblast
TCCGCCATCCGTCCAT-6-s2d5,CD14+ Mono
TACGCACCAACTAGGG-6-s2d5,CD14+ Mono
ACCTTGCTCCTTGAGG-6-s2d5,CD16+ Mono
CGCGGATTCAACCAAC-6-s2d5,CD14+ Mono
GTGCTCAAGCACTAAC-6-s2d5,cDC2
GCAGGACCATTGCGTA-6-s2d5,CD16+ Mono
GTAGTTTCAAACTGTT-6-s2d5,CD16+ Mono
CGTAACCCAACATAAG-6-s2d5,CD14+ Mono
CGAACCGGTTACTTCA-6-s2d5,CD14+ Mono
GTAAGCTTCCTTGCGT-6-s2d5,CD16+ Mono
GGACATAAGGCTACAT-6-s2d5,cDC2
AGGTTGCGTATTGGAT-6-s2d5,CD16+ Mono
TTAGCGGTCTTAATGG-6-s2d5,CD14+ Mono
TGATCGAGTTTAGTCC-6-s2d5,pDC
GCTAGCTCACCGTTCC-6-s2d5,CD14+ Mono
AATTGGGAGTAGAGGC-6-s2d5,CD14+ Mono
TGACCAAGTGATTTGG-6-s2d5,CD14+ Mono
TTAGGCGTCCCGAACA-6-s2d5,CD14+ Mono
TGGCCTTTCTTGCAGG-6-s2d5,CD14+ Mono
CTTATTGGTGCATCGG-6-s2d5,CD14+ Mono
GTTACGCCATAAAGCA-6-s2d5,CD14+ Mono
GCGAGTGAGCGAGCGA-6-s2d5,CD14+ Mono
GCGGTTGGTCAGGCAT-6-s2d5,CD16+ Mono
CAATCCCTCTTGTCCA-6-s2d5,CD14+ Mono
TCAAGAACACTCAACA-6-s2d5,Erythroblast
TAGCCTGAGGAGTCGG-6-s2d5,CD14+ Mono
CCTACTTCATGCTTAG-6-s2d5,CD14+ Mono
GCTATAGGTGATGAGG-6-s2d5,CD14+ Mono
AGGAACGGTCCGGTTC-6-s2d5,CD14+ Mono
GTCTAATCACTGACCG-6-s2d5,CD14+ Mono
GCTTGACCAACAACAA-6-s2d5,CD14+ Mono
AGCCTGGGTGCTTTAC-6-s2d5,CD14+ Mono
TTGCTTTAGAGCCGCT-6-s2d5,CD14+ Mono
TAAGCCTAGCCTCTCG-6-s2d5,CD14+ Mono
CCTAGTTGTTCCAGGG-6-s2d5,CD14+ Mono
TATGACTCAGGTTCAC-6-s2d5,CD14+ Mono
GCCTCAAAGGCGAAAC-6-s2d5,Erythroblast
CTTAAGATCCTTAGTT-6-s2d5,CD14+ Mono
TTAAAGGCAATCCTAG-6-s2d5,CD14+ Mono
TCAGGTCCAAATTCGT-6-s2d5,CD14+ Mono
GGAGCATAGCTTAGCG-6-s2d5,cDC2
CTTATTGGTTTAGCGA-6-s2d5,CD14+ Mono
TCATGCCTCACACAGT-6-s2d5,CD14+ Mono
TCGGTAAGTTTGTTGC-6-s2d5,CD14+ Mono
CGGAGTCTCCTGAGTG-6-s2d5,CD14+ Mono
ATGTAAGCAGCCTGCA-6-s2d5,CD14+ Mono
TACGTTAAGGAGGTTA-6-s2d5,CD16+ Mono
AAGAACAGTTTCGCCA-6-s2d5,CD16+ Mono
AGGATGTCATTAAAGG-6-s2d5,CD14+ Mono
TGAGCAAAGGACACTT-6-s2d5,CD14+ Mono
TTAGCCTGTGCATCGG-6-s2d5,CD14+ Mono
GGCCTCTGTTCACCCA-6-s2d5,CD16+ Mono
AACCTCCTCATAATCG-6-s2d5,CD14+ Mono
GACTTGGTCGACAAAG-6-s2d5,CD14+ Mono
TCTTGACGTGTGCACG-6-s2d5,CD14+ Mono
GCCTAATAGTGTGATC-6-s2d5,CD14+ Mono
GGTCAAGCAAGCGAGC-6-s2d5,CD14+ Mono
GATTGCGTCTTGGACG-6-s2d5,CD16+ Mono
AGCCTAAGTTCAAGAT-6-s2d5,CD14+ Mono
GCTAGCTCAGCTTACA-6-s2d5,CD16+ Mono
CTAGCTGAGCGGGCAA-6-s2d5,CD16+ Mono
GGTGCTTCAAGTTATC-6-s2d5,CD16+ Mono
CGGCCATAGTCTTGAA-6-s2d5,CD14+ Mono
GGTTGCTCAGGTATTT-6-s2d5,CD14+ Mono
GGGTTTGTCGCACAAT-6-s2d5,CD14+ Mono
AGTAAACAGGCAAGTA-6-s2d5,CD14+ Mono
ACTAATCCACTGGCCA-6-s2d5,CD14+ Mono
TATAGCTCAGCAAGGC-6-s2d5,CD14+ Mono
TGAGCTTAGCCTGTTC-6-s2d5,CD14+ Mono
GAGTGATCAACAGGTG-6-s2d5,CD14+ Mono
GAAAGCCAGTCATTAG-6-s2d5,CD14+ Mono
TAACCGGTCGATAACC-6-s2d5,CD14+ Mono
CATAATCCAGCATGTC-6-s2d5,CD16+ Mono
TTTCCACCACTTCATC-6-s2d5,CD14+ Mono
TGCATGAGTTTCCGGC-6-s2d5,CD14+ Mono
GTTAAACGTTTCCGGC-6-s2d5,CD14+ Mono
AACAAAGGTTGTCCAT-6-s2d5,CD14+ Mono
TTTAACCTCAATGACC-6-s2d5,CD16+ Mono
CGAGCTGGTACGTTTC-6-s2d5,CD14+ Mono
ATTGGCTAGAGAGGAG-6-s2d5,CD16+ Mono
AAAGCCCGTGGGTGAA-6-s2d5,CD14+ Mono
GATTAGTGTACGTTTC-6-s2d5,CD14+ Mono
GATAAGCCAAATGCCC-6-s2d5,CD16+ Mono
CGCACACAGGTCGATT-6-s2d5,CD14+ Mono
AAACCGGCAGTACCGT-6-s2d5,CD14+ Mono
CAGCATGTCGCTTGCT-6-s2d5,CD14+ Mono
CTTGAATCAGGCTAGA-6-s2d5,CD16+ Mono
CAATGTCAGGCCTTAG-6-s2d5,CD16+ Mono
TTGTCCATCGATTCTT-6-s2d5,CD14+ Mono
ACCAAACTCGGTCAGC-6-s2d5,Erythroblast
AGTCAAGAGACAGGTA-6-s2d5,pDC
CAGGAAGGTTCGGTAA-6-s2d5,CD14+ Mono
GTGCTTACAGGAATCG-6-s2d5,CD16+ Mono
TCTGGCTTCTAATTGG-6-s2d5,CD14+ Mono
ATGTTGTCACCCTCAC-6-s2d5,CD16+ Mono
ACACTTGCAAGTCGCT-6-s2d5,CD14+ Mono
TCGTTAAAGAGCCGCT-6-s2d5,CD14+ Mono
GGCGTTATCCTTGCGT-6-s2d5,pDC
TCACGGATCCAAGTTA-6-s2d5,CD14+ Mono
AGGTCTTAGCTCCTTA-6-s2d5,CD16+ Mono
AGTAATCGTTACTTCA-6-s2d5,CD16+ Mono
AAAGCTTGTTAGGCGT-6-s2d5,CD14+ Mono
TTAGCGGTCGCTATAA-6-s2d5,CD16+ Mono
GGTAAGGGTATGGTGC-6-s2d5,CD14+ Mono
GTCTCACTCAGCTAAC-6-s2d5,CD14+ Mono
AGTCTTGCAGGATGGC-6-s2d5,Normoblast
ACGATTCAGCTTACTT-6-s2d5,CD14+ Mono
GGATGGCCAATAACCT-6-s2d5,CD14+ Mono
AGCGGATAGTTATCCT-6-s2d5,CD14+ Mono
AATTGGACACCCACCT-6-s2d5,HSC
CTATGATCATTGCGAC-6-s2d5,CD14+ Mono
AAAGGACGTCGTTACT-6-s2d5,CD14+ Mono
TGATTAGTCCCTCATA-6-s2d5,CD14+ Mono
AGCAACAAGTAGCGGG-6-s2d5,CD14+ Mono
GAACGAATCTTACTCG-6-s2d5,CD14+ Mono
AGGGCTACAACAACAA-6-s2d5,CD14+ Mono
GATTGCAGTTGTAACG-6-s2d5,CD14+ Mono
GTCAATATCAGGTTTA-6-s2d5,Erythroblast
TAATCACCATGTTTGG-6-s2d5,CD14+ Mono
GTGAGCGAGCAGGTTT-6-s2d5,CD14+ Mono
ATGGTGCGTTCCTCCT-6-s2d5,CD16+ Mono
CGCTCCATCCGCAACA-6-s2d5,CD14+ Mono
TATAGGTGTGCATCGG-6-s2d5,CD14+ Mono
TACCCGGCATTCCTCG-6-s2d5,Erythroblast
TGCCTGTTCAATGAGG-6-s2d5,HSC
GCCAGGAAGTCAATCA-6-s2d5,CD14+ Mono
AGAACCGCACTTCATC-6-s2d5,CD14+ Mono
GCCTATTGTAACCTAG-6-s2d5,CD14+ Mono
CTGTAACAGCTGGACC-6-s2d5,CD14+ Mono
GATCGCTCAGTTGCGT-6-s2d5,CD14+ Mono
GCTCATTGTGAGCGAA-6-s2d5,CD14+ Mono
CTCATGCTCTTGTTCG-6-s2d5,CD14+ Mono
CGGCTAATCATGCTAA-6-s2d5,CD14+ Mono
TGTTGTAAGAGGGACT-6-s2d5,HSC
CTTAATGAGCACCACA-6-s2d5,CD14+ Mono
GATTACGGTACGTTTC-6-s2d5,CD14+ Mono
TTAATCGAGGGTCCAC-6-s2d5,CD14+ Mono
AACGGTAAGGAGGTTA-6-s2d5,CD16+ Mono
TTCGTTAGTTGCAATG-6-s2d5,CD14+ Mono
CTCATGCTCGCAACAT-6-s2d5,CD14+ Mono
GCCTTGCGTTCACTGT-6-s2d5,CD14+ Mono
CAATGACTCCTAGTTT-6-s2d5,CD14+ Mono
GATAAGCCACATGCTA-6-s2d5,CD14+ Mono
CAGGATGCATAGGCGA-6-s2d5,CD14+ Mono
TACTGACAGGAGGTTA-6-s2d5,CD14+ Mono
AGGGCCTTCCAGGAAA-6-s2d5,CD14+ Mono
TCTAAGGGTGTTTCAC-6-s2d5,CD14+ Mono
GTTCCTTCACGTTACA-6-s2d5,CD14+ Mono
GATTCAATCTTCAATC-6-s2d5,CD14+ Mono
CCTAATCGTCATGAGC-6-s2d5,CD14+ Mono
TAACCAGGTCCTAGTT-6-s2d5,CD14+ Mono
TGATTCAAGCCAGGTC-6-s2d5,CD14+ Mono
GCATTAGGTGTTTGAG-6-s2d5,CD14+ Mono
CAGGACCTCCCTCGCA-6-s2d5,CD14+ Mono
TTTCATCAGCCTTAAA-6-s2d5,CD14+ Mono
GCCTTACTCTTTGAGA-6-s2d5,CD16+ Mono
ACTTGTAAGGACTTAC-6-s2d5,CD14+ Mono
GGACGGATCAAACTCA-6-s2d5,CD14+ Mono
GCTTGACCAACTAACT-6-s2d5,Erythroblast
CTCCTCACAGCAAATA-6-s2d5,pDC
CTTGAATCATAGACTT-6-s2d5,CD14+ Mono
TTGCTCTCAGGAATCG-6-s2d5,CD14+ Mono
CTTTGAGCAGAAACGT-6-s2d5,CD14+ Mono
TTAAAGGCAATGCCTA-6-s2d5,CD14+ Mono
CCACACAAGCTCAATA-6-s2d5,CD14+ Mono
TGGCCATCACCTGGTG-6-s2d5,CD14+ Mono
ATGGTTATCTCAATGA-6-s2d5,CD14+ Mono
GATTGCGTCAGCACGC-6-s2d5,CD16+ Mono
CCCAAATAGTCATGCG-6-s2d5,CD14+ Mono
ACGTTGTAGGGTTATC-6-s2d5,CD14+ Mono
TGCATGAGTTCACTGT-6-s2d5,CD14+ Mono
GCCTTAACAACTGGGA-6-s2d5,CD14+ Mono
CGTAGCGGTTCCTGAT-6-s2d5,CD14+ Mono
TCCAGGTCATGAAGTA-6-s2d5,CD14+ Mono
CAAACACTCTAATCCT-6-s2d5,CD14+ Mono
AGTCAGGCAGGGAGCT-6-s2d5,CD14+ Mono
AATTACCCAATGCCTA-6-s2d5,CD14+ Mono
TGGTTAATCCTTAGGG-6-s2d5,CD14+ Mono
TCAAGGAAGGATGATG-6-s2d5,CD14+ Mono
CATGCATAGGGCCACT-6-s2d5,CD14+ Mono
CATTATCTCCTGCGAA-6-s2d5,CD14+ Mono
CAAGGTAAGAGCCGGA-6-s2d5,CD14+ Mono
AGGTACGCATAATGTC-6-s2d5,CD16+ Mono
TGATCACAGGGTCTAT-6-s2d5,CD16+ Mono
TGCTTAAAGCGATAGA-6-s2d5,Erythroblast
CATCAGCCACTGACCG-6-s2d5,CD14+ Mono
TACTCGCTCAAGGACA-6-s2d5,CD14+ Mono
GGTACCGGTGATTTGG-6-s2d5,CD14+ Mono
CAAGAACCAGCTTACA-6-s2d5,CD14+ Mono
TCGCGAGGTTCTTTAG-6-s2d5,CD16+ Mono
GCGATTAGTTCAAGAT-6-s2d5,CD14+ Mono
ATCAATCCAAGCTACC-6-s2d5,CD16+ Mono
GGCATTGTCGGGACTC-6-s2d5,Proerythroblast
CTCATGCTCACCAATA-6-s2d5,CD14+ Mono
CCTTACTCAGTTAAAG-6-s2d5,CD14+ Mono
CCTGACTTCATGTGGT-6-s2d5,Erythroblast
GCTTTGTGTCACGAAC-6-s2d5,CD14+ Mono
AAGTGAAGTCATGCCC-6-s2d5,CD16+ Mono
GTTAACCAGGCGTAAA-6-s2d5,CD14+ Mono
TTTCGTCCATTAAACC-6-s2d5,CD14+ Mono
GAGCATGCAAGTCGCT-6-s2d5,CD14+ Mono
GATAACGAGTCTTGAA-6-s2d5,CD14+ Mono
GTGATGAAGGACAACA-6-s2d5,CD14+ Mono
CGAAGCGAGTCTGGGC-6-s2d5,CD14+ Mono
TGAGAACCAATTAGGA-6-s2d5,CD14+ Mono
CTAGTCGAGTGAGGTA-6-s2d5,CD16+ Mono
GTAGTTTCACGTAATT-6-s2d5,CD14+ Mono
AACAAAGGTTTGAGCA-6-s2d5,CD16+ Mono
AAGCGAATCAGCCAAT-6-s2d5,CD14+ Mono
AACGCCCAGTCAATCA-6-s2d5,CD14+ Mono
ACCATTAAGGACCTTG-6-s2d5,CD14+ Mono
CGCAATTAGCTCCTTA-6-s2d5,CD14+ Mono
TGGCCATCAATTGCGC-6-s2d5,CD16+ Mono
TCGATTAAGCTAAGTC-6-s2d5,CD14+ Mono
AACAAAGGTCGAAGTC-6-s2d5,CD14+ Mono
TTTGCGGAGGGTCCAC-6-s2d5,CD16+ Mono
ATACCGGTCTCGCCCA-6-s2d5,CD14+ Mono
TTTGTCCCAATTTAGC-6-s2d5,Normoblast
GGTAGGAGTTTGTGGA-6-s2d5,CD14+ Mono
AGAAGGTGTTGGATAT-6-s2d5,CD16+ Mono
TATGACATCCTGAATA-6-s2d5,Erythroblast
GTAGCGCTCCAGGGAG-6-s2d5,CD14+ Mono
TAGGAGTCAAGTTATC-6-s2d5,CD14+ Mono
TCTAACCGTATTCGCT-6-s2d5,CD14+ Mono
CCTGGATCAATCATGT-6-s2d5,CD14+ Mono
AACATCATCTGCAAAC-6-s2d5,CD14+ Mono
GATGGACAGCACAGAA-6-s2d5,CD14+ Mono
GCAGCAACACTAAGTT-6-s2d5,CD14+ Mono
TGCTTCATCACAGACT-6-s2d5,HSC
CGCTAATAGGTACCGC-6-s2d5,CD14+ Mono
CAACTAGGTTCCGCAC-6-s2d5,CD14+ Mono
ACCAGGACAGAGGGAG-6-s2d5,CD14+ Mono
TATTAGGTCAATCTCT-6-s2d5,CD14+ Mono
GTTACGTAGCATCCAG-6-s2d5,pDC
GTTCCTTCAACTCGCG-6-s2d5,CD14+ Mono
GACGCAACACCAGGTT-6-s2d5,CD14+ Mono
CATCCTGGTTAGGCTA-6-s2d5,CD14+ Mono
TTTAAGCCAGAACCGA-6-s2d5,CD14+ Mono
CAATGTGGTGCAACTA-6-s2d5,CD14+ Mono
TCGCATTGTCAAGACC-6-s2d5,CD14+ Mono
GAGTGTTTCCTAGTAA-6-s2d5,CD14+ Mono
TAATGGTGTTTGGCGG-6-s2d5,Erythroblast
GCGATTAGTTCCAGGG-6-s2d5,cDC2
ATGCAAACAGCTTAGC-6-s2d5,CD14+ Mono
CACTTAAAGTATTGGC-6-s2d5,CD14+ Mono
TTGGAGGCAAATTCGT-6-s2d5,CD14+ Mono
TGTCATAAGGATAAAC-6-s2d5,CD16+ Mono
TCACTGACAGTATGTT-6-s2d5,CD14+ Mono
TAGCGCGGTGAGAAAC-6-s2d5,CD14+ Mono
AACCTAATCCTCATCA-6-s2d5,CD14+ Mono
GCGATATTCAATGTCA-6-s2d5,CD14+ Mono
GAGGACTAGTGCACGC-6-s2d5,CD14+ Mono
TCACCTCAGTTATTCC-6-s2d5,CD14+ Mono
CACGCTAAGTTCCTCA-6-s2d5,CD16+ Mono
ATGCAAACATTAAACC-6-s2d5,CD16+ Mono
ACTTGTAAGAATCTCA-6-s2d5,cDC2
AAGACATAGCGCATTG-6-s2d5,CD14+ Mono
GTAGCTGTCGGCCATA-6-s2d5,CD14+ Mono
TGCATCCTCCCTCTAA-6-s2d5,CD14+ Mono
TAGCATATCATTACTC-6-s2d5,CD14+ Mono
TTTACGCGTTACTTCA-6-s2d5,CD14+ Mono
ATGAAGTAGCTGTAAC-6-s2d5,CD14+ Mono
CTCACACTCCTACCTA-6-s2d5,CD14+ Mono
TGTTGGCCATAATTGC-6-s2d5,CD14+ Mono
CCTCCTCTCATCGTTT-6-s2d5,CD14+ Mono
GCGAAGTAGCGGGCAA-6-s2d5,CD16+ Mono
TCCAGGATCAGCAAAG-6-s2d5,Erythroblast
CGTTATTTCTAAATCG-6-s2d5,CD14+ Mono
CCATATTTCGAGCTAT-6-s2d5,CD14+ Mono
GCCACACAGGAACGCG-6-s2d5,CD14+ Mono
TTTGTCTAGGGCCATC-6-s2d5,CD14+ Mono
AATGAAGGTACTGAAT-6-s2d5,pDC
GCCTGACAGGCCAATT-6-s2d5,CD14+ Mono
GGTTGACGTTACAAAC-6-s2d5,CD14+ Mono
GGCCTAATCATAACGC-6-s2d5,CD14+ Mono
CAAGGCTGTGCTGGTG-6-s2d5,CD14+ Mono
GCTAGCTCATGTTGCA-6-s2d5,CD14+ Mono
AACAGCAAGCTATGAC-6-s2d5,CD14+ Mono
AAAGGCTCAGTAATAG-6-s2d5,CD16+ Mono
TCAGCAAGTTAAGGTT-6-s2d5,CD14+ Mono
AGCCGCTAGCAACATC-6-s2d5,CD14+ Mono
AACCCGCAGATGGAGC-6-s2d5,CD16+ Mono
CAAAGGATCTCACACC-6-s2d5,CD16+ Mono
ATATGTCCAAGCCACT-6-s2d5,CD16+ Mono
CTGCTCCCAGAGGCTA-6-s2d5,CD14+ Mono
GTTAAGTGTCCCGGAA-6-s2d5,CD14+ Mono
CTAAGTCAGTGCACGC-6-s2d5,CD14+ Mono
GTGCACGGTCGTAATG-6-s2d5,CD14+ Mono
AGGCAATCACCTAATG-6-s2d5,CD14+ Mono
AGCTTCCTCGGCCATA-6-s2d5,CD14+ Mono
TCCGGAATCTCACTCA-6-s2d5,CD14+ Mono
TATTGACCAGGCTTGT-6-s2d5,CD14+ Mono
AGAACCAAGTCATTGA-6-s2d5,CD14+ Mono
GCTTGTTGTAACCACA-6-s2d5,CD14+ Mono
GAGCGGTCACCCTCAC-6-s2d5,CD14+ Mono
GTGATGAAGCGGGCAA-6-s2d5,CD14+ Mono
TAGGCTTAGCTTCCCG-6-s2d5,CD16+ Mono
CCGCCAACATTGTGGC-6-s2d5,CD14+ Mono
TGGTGATTCGTTAGCG-6-s2d5,CD14+ Mono
GGTCAATTCCTTAGGG-6-s2d5,Normoblast
CTCATCATCCGGAACC-6-s2d5,CD16+ Mono
ACAAACTGTATACTGG-6-s2d5,CD14+ Mono
TGTAAGCTCGTTTCCA-6-s2d5,CD14+ Mono
CTCCGTCCATTGCGTA-6-s2d5,CD14+ Mono
GGGCAATAGCTTCCCG-6-s2d5,CD14+ Mono
CCGTTTGGTAATCACG-6-s2d5,CD14+ Mono
CCTGCTCCAATTAGCT-6-s2d5,CD14+ Mono
ACGTCAAGTGGATTGC-6-s2d5,CD14+ Mono
TTCCTTGAGCTAATTG-6-s2d5,CD14+ Mono
TATCACGCACGTTACA-6-s2d5,CD16+ Mono
GTTACCTGTCCAAGAC-6-s2d5,CD14+ Mono
CGGTTGGGTTCCAGGG-6-s2d5,Erythroblast
GATTGCAGTTAAGCCA-6-s2d5,CD14+ Mono
GGTTACCCAACAGGAT-6-s2d5,CD14+ Mono
GGAACCACAACTCGCG-6-s2d5,CD14+ Mono
GGCGTTATCCAGGAAA-6-s2d5,CD14+ Mono
ATATGTCCAATTAGGA-6-s2d5,Erythroblast
ATTCCGGAGCTTCTCA-6-s2d5,CD16+ Mono
TAGGTGCGTGTAATAC-6-s2d5,CD14+ Mono
ATTCGTTTCCCGAAGC-6-s2d5,CD14+ Mono
AGAGAGGAGCTGAGGG-6-s2d5,CD14+ Mono
TATCCGGAGTAACAGG-6-s2d5,CD14+ Mono
CTTTGGGAGCGCCTAA-6-s2d5,CD14+ Mono
CGTGCTGCACCAAAGG-6-s2d5,CD14+ Mono
TGGACGGAGGAAACTG-6-s2d5,CD14+ Mono
GCCAGGAAGCTCAAAC-6-s2d5,CD14+ Mono
GTTCACCTCATCACTT-6-s2d5,Erythroblast
ACTTGAATCCCGTTAC-6-s2d5,CD14+ Mono
GGACCTCAGCTACTGG-6-s2d5,CD14+ Mono
CACTGACCATGGTTAT-6-s2d5,CD16+ Mono
GAACGAATCAGCATTA-6-s2d5,CD14+ Mono
CTGTAACAGGTCCACA-6-s2d5,CD14+ Mono
CGAAATGAGCGGGCAA-6-s2d5,CD14+ Mono
TTTGTGAAGTCTATGA-6-s2d5,CD14+ Mono
TCGCTAACACGTAATT-6-s2d5,CD14+ Mono
TTAAGTGTCCCTGACT-6-s2d5,CD14+ Mono
GTTCGCGCACCAAAGG-6-s2d5,CD16+ Mono
CAGCAAGCAATTGAGA-6-s2d5,CD14+ Mono
AGAAACTAGGTCAAAG-6-s2d5,CD14+ Mono
GAGCTAGCACGTAATT-6-s2d5,CD16+ Mono
CGCCTGTGTTAATCGG-6-s2d5,CD14+ Mono
CCGTGCTGTTCCGCAC-6-s2d5,CD14+ Mono
CAATCTAAGTATTGGC-6-s2d5,CD14+ Mono
AGTGCACGTTGTCATC-6-s2d5,CD14+ Mono
AGCCGCTAGCTTAACA-6-s2d5,CD16+ Mono
CAAGTTATCCTAAGGT-6-s2d5,CD14+ Mono
AGTTGCAGTACGGTAC-6-s2d5,CD14+ Mono
TGCGCGAGTCATCATC-6-s2d5,CD14+ Mono
CCAACATAGGAAGCTA-6-s2d5,CD16+ Mono
CTTGAATCATCGTTCT-6-s2d5,cDC2
TTGACATCACCTCAGG-6-s2d5,CD14+ Mono
GTAAGCTTCCGTGACA-6-s2d5,pDC
CATGCGCAGTTAGAGG-6-s2d5,CD14+ Mono
TTTAACGAGCCTGTGA-6-s2d5,CD14+ Mono
GGAAACTCAGATAGAC-6-s2d5,Proerythroblast
TCCTGTTCAATCCTAG-6-s2d5,CD14+ Mono
AAGTTAGCAGTTAGCC-6-s2d5,CD14+ Mono
TCGTTATTCCTCAGTC-6-s2d5,CD14+ Mono
ATTGCACAGGGTCTAT-6-s2d5,CD14+ Mono
ACTTGTCGTTACCTGT-6-s2d5,CD14+ Mono
CTCTAAGCATAGCGAG-6-s2d5,CD14+ Mono
TGTCAATCAACCCTCC-6-s2d5,CD14+ Mono
TGTCATAAGGCAAGTA-6-s2d5,CD14+ Mono
AGGTCATTCATCCTCA-6-s2d5,CD16+ Mono
GCTCTGTTCCTAAGAC-6-s2d5,CD14+ Mono
GCAATAGAGATGCCTG-6-s2d5,CD14+ Mono
TGTGGCGGTGGATTAT-6-s2d5,CD16+ Mono
GTTAACGGTTAAGCGC-6-s2d5,CD14+ Mono
CGCATTTGTCCGGTTC-6-s2d5,CD14+ Mono
CTGGTAAGTGTCACGG-6-s2d5,CD14+ Mono
GGTTCTTGTTAACGAT-6-s2d5,CD14+ Mono
CGTAGTTAGCCGGTAC-6-s2d5,CD14+ Mono
GCTAAGAAGCTGTACG-6-s2d5,CD14+ Mono
ACTTATGAGGGCCACT-6-s2d5,CD14+ Mono
ACACTTGCAAGTGAAC-6-s2d5,pDC
AATTGTGTCAGAAACG-6-s2d5,CD14+ Mono
ACACTAGGTAACAGGG-6-s2d5,CD14+ Mono
TGTTGCACACGGTTTA-6-s2d5,CD16+ Mono
TGGTAAACATTGACAT-6-s2d5,pDC
ACTCGCGCACATACTG-6-s2d5,CD16+ Mono
CTAATCGCAGGCTACT-6-s2d5,CD14+ Mono
AGAATCTGTCCTAACT-6-s2d5,CD14+ Mono
CAGGTTTAGGATAAAC-6-s2d5,CD14+ Mono
ACCCAGGGTTTGCGCC-6-s2d5,CD16+ Mono
TATGTGATCGTTAACA-6-s2d5,CD14+ Mono
GGCATGGAGTAGCCAT-6-s2d5,CD14+ Mono
CTTTAGGCATTATGGT-6-s2d5,CD14+ Mono
GAGTAATAGTTTGCGG-6-s2d5,Erythroblast
GGGATTAAGGTAAGCA-6-s2d5,CD14+ Mono
CGCCTGTGTGTCCAAA-6-s2d5,CD16+ Mono
TCCCTCACAAGCTACC-6-s2d5,CD14+ Mono
ACCTTCATCTTGTTCG-6-s2d5,CD14+ Mono
GTACTTAAGCTTTGTT-6-s2d5,CD14+ Mono
TTACACCGTTATGTGG-6-s2d5,CD16+ Mono
CGGTGAACAGGCTACT-6-s2d5,CD14+ Mono
GGACAGCCAAACCTAT-6-s2d5,CD16+ Mono
CGATTTGCATGAGCAG-6-s2d5,CD14+ Mono
TGCGGTTCAATTGCGC-6-s2d5,CD14+ Mono
CAAGAACCACGTAATT-6-s2d5,CD16+ Mono
CTTAGGAGTTGTTCAC-6-s2d5,Erythroblast
CATGAGGCATTGACAT-6-s2d5,HSC
GACCTTTGTTTATCTG-6-s2d5,CD14+ Mono
TCATTTGGTCACAGCG-6-s2d5,CD14+ Mono
GAGTTTGGTCAGGAAG-6-s2d5,CD14+ Mono
GATTATGTCACCGGTA-6-s2d5,CD14+ Mono
AAGGCCCTCGGCTATG-6-s2d5,CD14+ Mono
ACGCCTAAGCTTTGTT-6-s2d5,CD14+ Mono
CAAGCTAGTCACAGAC-6-s2d5,CD14+ Mono
GTCATCACACCTGTAA-6-s2d5,CD14+ Mono
TGTGTGAGTGGGTACT-6-s2d5,CD14+ Mono
AACCTTAAGGCCAATT-6-s2d5,CD14+ Mono
AGTAACCTCCTGAGTG-6-s2d5,CD14+ Mono
CCTGGATCAGGACACA-6-s2d5,CD14+ Mono
GTAAGCAAGTTGTCCC-6-s2d5,CD14+ Mono
TTCCCGCCAATTTGGT-6-s2d5,CD16+ Mono
TACCAAATCATCCTCA-6-s2d5,CD14+ Mono
TACGTACAGCTCCTTA-6-s2d5,CD14+ Mono
GAGGTTAAGGAATAAC-6-s2d5,CD14+ Mono
TTGCATTTCCGCAAGC-6-s2d5,CD14+ Mono
GCCAACATCGCCTGTT-6-s2d5,CD14+ Mono
GTACGTAGTTATAGCG-6-s2d5,CD14+ Mono
TTAAAGGCACTTCACT-6-s2d5,CD14+ Mono
CATGCATAGTCAGTAC-6-s2d5,CD14+ Mono
GTAATAGCACAGCCAT-6-s2d5,CD14+ Mono
ATTGGTTCACTTAGGC-6-s2d5,CD14+ Mono
AAAGCACCAAAGGCCA-6-s2d5,CD16+ Mono
CCTTATGTCTAGCTTT-6-s2d5,CD14+ Mono
CATCATGCAGTATGTT-6-s2d5,CD14+ Mono
ATTTGTGAGCTCCCTG-6-s2d5,CD14+ Mono
AGGCGGATCCACCTTA-6-s2d5,CD14+ Mono
GCCGTGAGTTAACGAT-6-s2d5,CD14+ Mono
TTTAGGATCGATCAGT-6-s2d5,CD16+ Mono
ATACCTGCAACCTGGT-6-s2d5,CD16+ Mono
GTGAATCTCGGCTATG-6-s2d5,CD16+ Mono
CCTAGTTGTCATCATC-6-s2d5,pDC
AATTGCCAGCTCCTTA-6-s2d5,CD16+ Mono
ATGATGGAGAGAGGCT-6-s2d5,CD14+ Mono
AAGACCAAGGCATTGT-6-s2d5,CD14+ Mono
TTTATGGAGGCATGTT-6-s2d5,CD14+ Mono
GTTTATCTCCATAAGC-6-s2d5,pDC
ATTGTGATCGGTTACG-6-s2d5,CD14+ Mono
AGCCTAAGTATGGTGC-6-s2d5,CD14+ Mono
AATCTCAAGCGGCTGT-6-s2d5,CD16+ Mono
GCGCCTTGTTTAACGG-6-s2d5,CD14+ Mono
TACCTGCTCACAGCCA-6-s2d5,CD14+ Mono
GAACCTGTCGGCTAGC-6-s2d5,CD14+ Mono
TGTCAATCAGCATGAG-6-s2d5,CD14+ Mono
TCTTCAAGTTAGACCA-6-s2d5,CD16+ Mono
CTCCTAATCAAGGACA-6-s2d5,CD14+ Mono
CCTGTTGGTTTAACCC-6-s2d5,CD14+ Mono
GTCTTGCTCTTGACCC-6-s2d5,CD14+ Mono
TTGCAACAGGCGCATC-6-s2d5,CD14+ Mono
CCTGAGTCACAATTAC-6-s2d5,CD14+ Mono
TGAACAACAATTTAGC-6-s2d5,CD14+ Mono
CTTTGGGAGGAACCGG-6-s2d5,CD16+ Mono
AACATAGCAATAGCCC-6-s2d5,CD14+ Mono
TGAACAACACTGGCCA-6-s2d5,CD14+ Mono
AGAGGAACACAAGCCT-6-s2d5,CD14+ Mono
TGCCATTGTCAGTAAT-6-s2d5,CD14+ Mono
ACCTTGTGTTAATGCG-6-s2d5,CD16+ Mono
AACCTTGCATAGGCGA-6-s2d5,Erythroblast
TACGTACAGTAACGAG-6-s2d5,CD14+ Mono
TCATGCCTCCGCTAGA-6-s2d5,CD16+ Mono
CCCGCTTCAGGCTGTT-6-s2d5,cDC2
ACTATCCGTCATCAAG-6-s2d5,CD14+ Mono
CGCAATTAGCAGCTCA-6-s2d5,CD14+ Mono
CGTCAATAGTATCGCG-6-s2d5,CD14+ Mono
AACAAGCCATAGGCGA-6-s2d5,CD16+ Mono
CCTAATCGTAGCTAGC-6-s2d5,CD14+ Mono
AAACCGAAGCAAGGAC-6-s2d5,CD14+ Mono
ATGTTTGAGGCTGTCA-6-s2d5,CD16+ Mono
CCTGAATAGTGAACGA-6-s2d5,CD14+ Mono
CGTCATTGTGATGGCT-6-s2d5,CD14+ Mono
CGCTAATAGGTCCAAT-6-s2d5,Erythroblast
GTTTGTCGTCAGGCAT-6-s2d5,CD14+ Mono
GCTGAGGAGGGTGAGT-6-s2d5,CD14+ Mono
CATCGCTTCGCACAAT-6-s2d5,CD14+ Mono
ATTCCGGAGTTATGTG-6-s2d5,CD16+ Mono
AAATGCCTCCCGTTTA-6-s2d5,CD16+ Mono
CTCTAGCTCGGCTAGC-6-s2d5,CD14+ Mono
AGAAAGGCAACACTTG-6-s2d5,CD14+ Mono
TTGTAAGTCCTCCATA-6-s2d5,CD14+ Mono
TTGTAAGTCATAAGCC-6-s2d5,CD14+ Mono
TAAGCTATCTTGAGCG-6-s2d5,CD14+ Mono
TTGGGCGGTCACCAAA-6-s2d5,CD14+ Mono
CTAATGTCATCATGGC-6-s2d5,CD16+ Mono
GGTTATATCATGCTCC-6-s2d5,CD14+ Mono
ACGTCCTTCGATATTG-6-s2d5,CD14+ Mono
CCTAAGGTCCACCTGT-6-s2d5,CD14+ Mono
AGCACTAGTGGACCTG-6-s2d5,CD16+ Mono
TACTGAGGTTACCTGT-6-s2d5,CD14+ Mono
ACCATTAAGCCACATG-6-s2d5,CD14+ Mono
TGCTTCCAGACAACAG-6-s2d5,CD14+ Mono
TTTAGCAAGCTTTGTT-6-s2d5,CD14+ Mono
AGGTCCGGTCCGCTGT-6-s2d5,CD14+ Mono
CCCAGTTTCCCGTTTA-6-s2d5,CD14+ Mono
TTGGAGGCACATAACT-6-s2d5,CD14+ Mono
GCCAGGAAGTTGTCTT-6-s2d5,CD14+ Mono
CAAGTATGTAGCTAGC-6-s2d5,CD16+ Mono
AAGCGTTTCCCGCCTA-6-s2d5,CD14+ Mono
GTCAAACTCTACCTAT-6-s2d5,CD14+ Mono
TCATGAGGTCATAAGT-6-s2d5,CD14+ Mono
ACTTGTAAGTTGGGCC-6-s2d5,CD16+ Mono
CAGCATGTCCAGCACA-6-s2d5,Erythroblast
TCAAACCAGTAAACCC-6-s2d5,CD14+ Mono
TTAAGGACACGCAACT-6-s2d5,CD14+ Mono
GCTCTGTTCCAAGTGT-6-s2d5,CD14+ Mono
GGATGTAAGGCGGGTA-6-s2d5,CD14+ Mono
CCAAACTAGAACAAGT-6-s2d5,CD14+ Mono
GGTAACTTCCGGCTAA-6-s2d5,CD14+ Mono
TGTGTTAAGTAAGTGG-6-s2d5,CD16+ Mono
GGGCGAATCTCACATT-6-s2d5,CD14+ Mono
GAGTAATAGGATTGCT-6-s2d5,CD14+ Mono
CTAGGCGGTGAGGTAG-6-s2d5,CD14+ Mono
GCGAGTGAGCTTTGTT-6-s2d5,CD14+ Mono
TAATCCGCACAACAAA-6-s2d5,CD14+ Mono
AGGTTAGAGAACCTGT-6-s2d5,CD14+ Mono
TGAGTGAAGTCAGTAC-6-s2d5,CD14+ Mono
CTTAATGAGAGAAGGG-6-s2d5,CD14+ Mono
CCATTGTGTATTCGTC-6-s2d5,CD16+ Mono
ACGGTACGTTGCTGGG-6-s2d5,CD14+ Mono
ACTTAGGGTGCATTTC-6-s2d5,CD14+ Mono
TTTGACTTCGCACACA-6-s2d5,CD14+ Mono
AGCTACTAGTGAAGTG-6-s2d5,CD14+ Mono
GATAGACCAGGGAGCT-6-s2d5,CD16+ Mono
CGCACCACAGGCATCT-6-s2d5,CD14+ Mono
ACTAACCAGGATGATG-6-s2d5,CD14+ Mono
TAGACCAGTGTTGTGA-6-s2d5,pDC
ACTTATGAGCGAGCGA-6-s2d5,HSC
TTGCAACAGATGGAGC-6-s2d5,CD14+ Mono
CGAAGTAAGCTGCACA-6-s2d5,CD14+ Mono
GCATTAGGTGATGAAA-6-s2d5,CD14+ Mono
ACACCTTGTATCTGGA-6-s2d5,CD14+ Mono
TTTCTCACACTAGGTC-6-s2d5,pDC
AGCAGGTAGCTCCTAC-6-s2d5,CD16+ Mono
AAGGAAGCAATCTCTC-6-s2d5,CD14+ Mono
ACATTAGTCCTCAGTC-6-s2d5,CD14+ Mono
CGTCCTAGTCTAACCT-6-s2d5,CD14+ Mono
GAAACCCGTAGTTAAC-6-s2d5,CD14+ Mono
AGCTAACTCAGCCAAT-6-s2d5,CD14+ Mono
TGCATTAAGCATCCAG-6-s2d5,CD14+ Mono
ATTATGGTCGTTTCGC-6-s2d5,Normoblast
CACGCTAAGCTTACTT-6-s2d5,CD14+ Mono
AAGCTAGAGGCATTGT-6-s2d5,CD14+ Mono
TGCCATTGTGGGAACA-6-s2d5,CD14+ Mono
CGTGTTACATAGACTT-6-s2d5,CD14+ Mono
AATTGTGTCTCACAAA-6-s2d5,Erythroblast
AGGGCTACAATGAATG-6-s2d5,CD16+ Mono
CCAACCCGTTCCAGGG-6-s2d5,CD14+ Mono
CAAACCGTCCACCCTG-6-s2d5,CD14+ Mono
ACAAAGGTCATTAGCA-6-s2d5,CD14+ Mono
CATCCTGGTCAAAGAA-6-s2d5,CD14+ Mono
GAGCCACTCAGGATGA-6-s2d5,CD14+ Mono
CTCATTAGTGGAAGGC-6-s2d5,CD14+ Mono
ATTATGGTCCGCACAA-6-s2d5,CD14+ Mono
CTCCAAACAAGGACCA-6-s2d5,CD14+ Mono
GTTCTTGTCCAATTAG-6-s2d5,CD16+ Mono
GAGGTACAGTGCACGC-6-s2d5,CD14+ Mono
TAGTCAATCGCCTGTT-6-s2d5,CD16+ Mono
CAATCCTGTTGACTTC-6-s2d5,Normoblast
TTGCGTCTCCCGCCTA-6-s2d5,CD14+ Mono
CAGGGCTTCGTGCTAG-6-s2d5,CD14+ Mono
GGGCCTAGTTCACTGT-6-s2d5,CD14+ Mono
AGTTTGATCGTTATAG-6-s2d5,Proerythroblast
TTGCACACATTTAAGC-6-s2d5,CD16+ Mono
AAGCGAGGTAGGTTTG-6-s2d5,CD14+ Mono
GCCTCGACAGTTATCG-6-s2d5,CD14+ Mono
ACCCTGTTCTAACCTT-6-s2d5,CD14+ Mono
TAAGGCTTCAAGCTTA-6-s2d5,CD14+ Mono
CTTCATCCACTGGCCA-6-s2d5,CD14+ Mono
TTGCTTTAGTTAGCTA-6-s2d5,Erythroblast
CTGGTAAGTATTACCC-6-s2d5,CD14+ Mono
CCTAAGTAGTAACCCG-6-s2d5,CD14+ Mono
ACCGAAGCATATTGAC-6-s2d5,CD14+ Mono
GCCATTACATTATGGT-6-s2d5,CD14+ Mono
TGTGATCAGGCCATCA-6-s2d5,CD14+ Mono
AAGCATGAGGACGTAA-6-s2d5,CD14+ Mono
AGTAACGAGCTATATG-6-s2d5,CD14+ Mono
GTAAAGCCACGAATTT-6-s2d5,CD14+ Mono
AATCCGTAGGATTGCT-6-s2d5,CD16+ Mono
GCACTTACATTGTGGC-6-s2d5,CD14+ Mono
GACCGTTCATGTTTGG-6-s2d5,CD14+ Mono
GTGCTGGGTCAGGCCA-6-s2d5,CD14+ Mono
TGATCCTGTTGAGGTC-6-s2d5,CD14+ Mono
TACTTCGTCGGGACCT-6-s2d5,CD14+ Mono
CGTTAGTAGGTCGATT-6-s2d5,CD14+ Mono
ATTGGTTCAAGCTTTG-6-s2d5,CD14+ Mono
ATGCAAACACAACAGG-6-s2d5,CD14+ Mono
GGCGGTAAGGTGCTGC-6-s2d5,CD14+ Mono
CTTAGGAGTTACATCC-6-s2d5,CD16+ Mono
GCGCCTTGTTGAGCCG-6-s2d5,CD14+ Mono
ACGACTTAGACTAAGG-6-s2d5,CD14+ Mono
GATTCAATCATAGCCG-6-s2d5,CD14+ Mono
TGCTAGCCATAAACCT-6-s2d5,CD14+ Mono
CCTGGATCACTAAGAA-6-s2d5,CD14+ Mono
AATCAGGAGTTGTCTT-6-s2d5,CD14+ Mono
TTAAGGTGTGTTAAAC-6-s2d5,CD14+ Mono
GCGCTTAAGTTCCTCA-6-s2d5,CD16+ Mono
GTTGCCCGTACCCACC-6-s2d5,CD14+ Mono
GCTAAGTTCCTAAGAC-6-s2d5,CD14+ Mono
GAAGTAAGTTTGTCTA-6-s2d5,CD14+ Mono
TGTGCTGAGTGAGGGT-6-s2d5,cDC2
CCAGCTAAGTCACTAA-6-s2d5,CD14+ Mono
CACAGGGAGTTGTCTT-6-s2d5,CD14+ Mono
AAGCGTTTCGCTAGTG-6-s2d5,CD14+ Mono
ATGATGACACGGTACT-6-s2d5,CD14+ Mono
AGTCAATGTTAGCGTA-6-s2d5,CD14+ Mono
TTAGCTGCACTAGGTC-6-s2d5,CD16+ Mono
CTAGCGGGTAAGGTCC-6-s2d5,CD14+ Mono
GGTCAAGCAATTGAGA-6-s2d5,CD14+ Mono
TTCGTGCTCGTTTCGC-6-s2d5,CD14+ Mono
ATTGAAGCAATCATGT-6-s2d5,CD14+ Mono
GTCCAGGGTGAGCGAA-6-s2d5,CD14+ Mono
ACCGCAATCGTTTCTG-6-s2d5,CD14+ Mono
CCAGCTAAGGTTTGAC-6-s2d5,cDC2
CTCACTCAGCAAGGAC-6-s2d5,CD14+ Mono
ATCCACCTCATCCTGC-6-s2d5,CD14+ Mono
GTTGGCCAGCACTTGG-6-s2d5,CD14+ Mono
TGTGTGAGTAAGCTCA-6-s2d5,CD14+ Mono
GTTCCTTCACCTAAGC-6-s2d5,CD14+ Mono
TCTGTGACAAGGAATC-6-s2d5,CD14+ Mono
GGTACTAGTGAAACAA-6-s2d5,CD14+ Mono
AGAGGAACAACCCTCC-6-s2d5,CD14+ Mono
TCATACTTCATGTCAA-6-s2d5,CD14+ Mono
CTTGCTCAGCTGCACA-6-s2d5,CD16+ Mono
TACCCGGCAGTTTGGC-6-s2d5,pDC
TTTGCGGAGGGATGAC-6-s2d5,CD14+ Mono
CACTAAGGTCTTGCAT-6-s2d5,CD14+ Mono
GGGATTAAGCGCCTAA-6-s2d5,CD14+ Mono
AATCCGTAGCTTTGTT-6-s2d5,CD14+ Mono
TACCTTTAGTCACCAG-6-s2d5,CD14+ Mono
ATCCCGCGTGGTTAGC-6-s2d5,CD14+ Mono
TTAATCGAGGTGTTAC-6-s2d5,CD14+ Mono
GGTACCGGTACCTTAC-6-s2d5,CD14+ Mono
CCACAATAGGATCCGC-6-s2d5,CD14+ Mono
GTAATAGCAAAGCGGC-6-s2d5,CD14+ Mono
ATGAGCCGTCAAGTAT-6-s2d5,CD16+ Mono
TTGGATCAGTAACAGG-6-s2d5,CD14+ Mono
TCCTAGTGTCATAAGT-6-s2d5,CD16+ Mono
TGCTCCGTCGCTATAA-6-s2d5,CD14+ Mono
ACCCAGGGTGCGCATG-6-s2d5,CD16+ Mono
CGCTTCTAGCCAAATC-6-s2d5,CD14+ Mono
AGCCGGTTCACAGACT-6-s2d5,CD14+ Mono
CGAAGCGAGGGTGAAC-6-s2d5,CD14+ Mono
TTATCCTAGGCAGGTG-6-s2d5,CD14+ Mono
ATATGGTGTGATGATT-6-s2d5,CD14+ Mono
TCAAGGTTCAGGTTTA-6-s2d5,CD14+ Mono
CCTACTTCATGTCGCG-6-s2d5,CD16+ Mono
TTTCCGGGTTTGAGGC-6-s2d5,cDC2
GTCCATTGTGAGCAAG-6-s2d5,CD16+ Mono
TCAAACCAGTAAGTCC-6-s2d5,CD14+ Mono
AGGTTGCGTCACAGCG-6-s2d5,Proerythroblast
CTATTGAAGGTGAAAT-6-s2d5,CD14+ Mono
ATTCCGGAGCACAGAA-6-s2d5,CD16+ Mono
TGATCAGGTCTAACCT-6-s2d5,CD16+ Mono
CTAGCTTGTCCTTAGT-6-s2d5,CD14+ Mono
ACATCATCACCTGCCT-6-s2d5,CD14+ Mono
CGCGGATTCCTAAGTA-6-s2d5,CD16+ Mono
ACTCCTCAGTAGCTTA-6-s2d5,CD14+ Mono
TCCTCACAGTTCCCGT-6-s2d5,CD16+ Mono
AATTGCCAGGGTGGAT-6-s2d5,CD14+ Mono
TCCCGGACACCTGTAA-6-s2d5,pDC
CTAAATGTCCGTTAAA-6-s2d5,CD14+ Mono
TCCACAACATAGCTTG-6-s2d5,CD14+ Mono
CACGCAATCACCTGTC-6-s2d5,CD14+ Mono
TAGTCAATCCCGCAAA-6-s2d5,CD14+ Mono
TGTTCATTCCGTCCAT-6-s2d5,CD16+ Mono
CTCCGTCCAGTTTGGC-6-s2d5,CD14+ Mono
GGCTATGTCACTTCAT-6-s2d5,Proerythroblast
AAGTAGCCACGGTACT-6-s2d5,CD16+ Mono
CGGCCATAGTAGCGGG-6-s2d5,CD14+ Mono
TTATAGCCAAATGCCC-6-s2d5,CD14+ Mono
AGCGCTCAGTTACCGG-6-s2d5,pDC
GTTACGTAGGTTACGT-6-s2d5,CD14+ Mono
GGAACGGTCGGCTATG-6-s2d5,CD14+ Mono
TCATTGCGTTATCGAG-6-s2d5,CD16+ Mono
TGTTGTTTCTTGTCCA-6-s2d5,pDC
CTAACCTGTTAACGAT-6-s2d5,CD14+ Mono
GCCATTACATTCCTCG-6-s2d5,CD14+ Mono
TGGACGGAGGGTGAAC-6-s2d5,CD14+ Mono
GCCACTAAGAGGAGTC-6-s2d5,CD14+ Mono
TACTAAGTCACTTCAT-6-s2d5,CD14+ Mono
CTGCTATGTAAACAAG-6-s2d5,CD14+ Mono
GAGTAATAGCAGGTTT-6-s2d5,CD14+ Mono
TCGGTTCTCACTAGGT-6-s2d5,CD14+ Mono
GTGAATCTCAGCACGC-6-s2d5,CD14+ Mono
AGCGGATAGTCATTAG-6-s2d5,CD14+ Mono
GGCCTTAAGGAGCAAC-6-s2d5,CD14+ Mono
AGTAAGTAGGAGCACG-6-s2d5,CD16+ Mono
AAGCTAGAGCTATTAG-6-s2d5,CD14+ Mono
TAGTGAGAGCACTAGT-6-s2d5,CD14+ Mono
TATTAGCCACCTCACC-6-s2d5,CD16+ Mono
TCACTGACAGCAAGGC-6-s2d5,CD14+ Mono
CTTGCGCGTCACCAAA-6-s2d5,CD14+ Mono
CCTGAGTCACCGTTCC-6-s2d5,CD14+ Mono
TAGTAAGCAGCAATAA-6-s2d5,CD14+ Mono
TCCTGTTCAGCAAGTG-6-s2d5,CD14+ Mono
TGTGTGAGTTCGCTCA-6-s2d5,CD14+ Mono
AGCGGATAGCTTCTCA-6-s2d5,CD14+ Mono
GAAGGAACACGAATCC-6-s2d5,Erythroblast
GCTCCTTAGGTGCGGA-6-s2d5,CD14+ Mono
CAACCCTTCAGTGAAG-6-s2d5,CD14+ Mono
AGTGTTTCATCAGCAC-6-s2d5,CD14+ Mono
AGGTCATTCGCTCCAT-6-s2d5,CD16+ Mono
CCGTTGCGTACTGAAT-6-s2d5,CD14+ Mono
TTTGACTTCGTTAAGC-6-s2d5,CD14+ Mono
GCTGTAAGTTTGGGCG-6-s2d5,CD16+ Mono
ATTGCACAGCCTGACA-6-s2d5,CD14+ Mono
TATGGGCGTTTGGGCG-6-s2d5,CD16+ Mono
AGCACAGCAGTAGCCT-6-s2d5,CD14+ Mono
CTGAATATCATTGTCT-6-s2d5,CD14+ Mono
TGTTATGAGTTATTCC-6-s2d5,CD14+ Mono
GGTGTTGTCACCAATA-6-s2d5,CD14+ Mono
GGTCTTTGTCAACAAT-6-s2d5,CD14+ Mono
TAGTACGGTCACCTAT-6-s2d5,CD16+ Mono
TTGCAGCCATAATCCG-6-s2d5,CD14+ Mono
TGAAGTGAGTTGGGCC-6-s2d5,CD14+ Mono
GCTTTGTGTTGTTCAC-6-s2d5,CD14+ Mono
ATTGCTCGTTGGCCGA-6-s2d5,CD14+ Mono
CCTTCGTAGCTAAAGG-6-s2d5,CD14+ Mono
GTGCGGTTCCCGAAGC-6-s2d5,CD14+ Mono
GTTCGCTTCCCTGATC-6-s2d5,CD14+ Mono
AGTGATGAGCGAGCGA-6-s2d5,CD14+ Mono
TCAGTAATCATGCATA-6-s2d5,cDC2
GGATTGCGTTAGGACC-6-s2d5,CD14+ Mono
GTAGGAGGTGATTACG-6-s2d5,CD14+ Mono
TAGGCTAGTGTTGCAA-6-s2d5,CD14+ Mono
ATTGGCTAGTTAGCTA-6-s2d5,CD14+ Mono
TTTCAGTTCAGTTCCC-6-s2d5,CD16+ Mono
GAGCTTAGTGTTGCAA-6-s2d5,CD16+ Mono
TTGGATTCAATACTGT-6-s2d5,CD14+ Mono
CATCATGCACAGCCTG-6-s2d5,CD16+ Mono
GGCATTGTCTCACACC-6-s2d5,CD14+ Mono
CGAAGTAAGCACTAGT-6-s2d5,CD16+ Mono
GCATTGCCATAATGAG-6-s2d5,CD14+ Mono
TTGGCTGAGCATCCAG-6-s2d5,CD14+ Mono
CCTAATCGTCACACCC-6-s2d5,CD14+ Mono
TAGTGAGAGTATTGCA-6-s2d5,CD14+ Mono
GTACTAGGTGTGTGGT-6-s2d5,CD14+ Mono
AGGTCATTCCCTGATC-6-s2d5,CD14+ Mono
TTAGACTCAGTATGTT-6-s2d5,CD14+ Mono
AAGACATAGCAAGACA-6-s2d5,CD14+ Mono
TCCTCACAGATGCCTG-6-s2d5,CD14+ Mono
GGTTGAGCAAACTAAG-6-s2d5,CD16+ Mono
GTACTTAAGTCAGTAC-6-s2d5,CD14+ Mono
AATCCATCAAACCTTG-6-s2d5,CD16+ Mono
CAAGGTAAGTTAGTTG-6-s2d5,CD16+ Mono
ACTCCTCAGGGTGGAT-6-s2d5,CD14+ Mono
TCAGGTCCAGCCGCTA-6-s2d5,CD14+ Mono
CCATCATGTTCAAGCA-6-s2d5,CD14+ Mono
AACCTTGCACCAGCAT-6-s2d5,CD16+ Mono
CAAGTTATCCCGTTAC-6-s2d5,CD14+ Mono
AGTTACTCACCTCAGG-6-s2d5,CD14+ Mono
CAGGTTAGTGGGTGAA-6-s2d5,CD14+ Mono
GCCAGGTTCATTGTCT-6-s2d5,CD14+ Mono
GCCATTACACCTGGTG-6-s2d5,CD14+ Mono
TGCACTTGTCCTTAGT-6-s2d5,Proerythroblast
TCCGGAATCAGGTCCA-6-s2d5,CD14+ Mono
GCAAGTCGTTACCTGT-6-s2d5,Proerythroblast
TTCGGTACAATGAAGC-6-s2d5,CD14+ Mono
GATGCTTAGGGTGGAT-6-s2d5,CD14+ Mono
TACCTGCTCAATAGCC-6-s2d5,Erythroblast
GACTCACCATAACGGG-6-s2d5,CD16+ Mono
ATACCTGCAGGAACAT-6-s2d5,CD14+ Mono
TGGACCGGTCAATGTG-6-s2d5,CD14+ Mono
CGATATTCAATAGTCT-6-s2d5,CD16+ Mono
CATCAGCCACCTCAGG-6-s2d5,CD14+ Mono
AGCCAGTGTTAGTTGG-6-s2d5,CD14+ Mono
TCTGTGACACGGTTTA-6-s2d5,CD16+ Mono
TCAAACCAGGACACTT-6-s2d5,CD14+ Mono
CATGCATAGCAAGGAC-6-s2d5,CD14+ Mono
ACATTAGTCGGTCATG-6-s2d5,CD14+ Mono
TGAGGCACAGGTCCTG-6-s2d5,Erythroblast
AGCGGACCAGCCGCTA-6-s2d5,CD14+ Mono
AGTGGACAGTTAGAGG-6-s2d5,CD14+ Mono
CCTAAGCCATGCTTAG-6-s2d5,CD16+ Mono
GGATTGCGTATTTGCC-6-s2d5,CD14+ Mono
AAATCCGGTGCGCATG-6-s2d5,CD14+ Mono
CCAACATAGCTGGAAA-6-s2d5,CD14+ Mono
CGCATATAGTCAGTAC-6-s2d5,CD14+ Mono
GATAACGAGTCACTAA-6-s2d5,CD14+ Mono
CTTAAGGGTATTCGTC-6-s2d5,Erythroblast
CCGCACACAAACCTAT-6-s2d5,CD14+ Mono
GCGATTTAGCTTCTCA-6-s2d5,CD14+ Mono
TGTGCTGAGTCTCACC-6-s2d5,CD14+ Mono
TCTTAGCGTCAAGTGC-6-s2d5,CD14+ Mono
TCAAGTATCTTAGCGG-6-s2d5,CD14+ Mono
GGTAACCGTAGTAAGA-6-s2d5,CD16+ Mono
ATTACCCGTGAGACTC-6-s2d5,CD14+ Mono
GTAGGTGCAACCTAAT-6-s2d5,CD14+ Mono
TACCTTTAGGTGCGGA-6-s2d5,CD14+ Mono
AACTACTCAACCGCCA-6-s2d5,CD14+ Mono
CTGTGTGAGTGTTGTA-6-s2d5,CD16+ Mono
TGTTCATTCCTAGTAA-6-s2d5,CD14+ Mono
GCAGGATAGGAGCATA-6-s2d5,CD14+ Mono
GTGAGGAGTACGGGTT-6-s2d5,CD16+ Mono
CTTGGACCAAAGGTAC-6-s2d5,CD14+ Mono
GTTCTTGTCCTCCTAA-6-s2d5,CD14+ Mono
TCAAGCTAGGGCCATC-6-s2d5,CD14+ Mono
TTGCTCTCAGGTTCAC-6-s2d5,Erythroblast
TTCCCGCCAAGGTCCT-6-s2d5,CD14+ Mono
CTCATTGTCGGGACTC-6-s2d5,CD14+ Mono
AGCCTGGGTAATCGGC-6-s2d5,CD14+ Mono
GCGATTAGTAGTTGGC-6-s2d5,CD14+ Mono
ATGGCTTAGACTCGCA-6-s2d5,CD16+ Mono
ATTATGGTCCAACTGG-6-s2d5,CD14+ Mono
TGTCAATCATGGTTAT-6-s2d5,CD14+ Mono
AACTAGCTCCCGAAGC-6-s2d5,CD14+ Mono
GAGAAACGTCCCGAAG-6-s2d5,CD14+ Mono
GGATACTTCGCATCCT-6-s2d5,CD14+ Mono
TAGTGGCGTGCATTAG-6-s2d5,CD14+ Mono
ACTAGGCGTTACAAAC-6-s2d5,CD14+ Mono
GCTATTGCAGATAGAC-6-s2d5,CD16+ Mono
ATAAGTCGTGCTGTAA-6-s2d5,CD14+ Mono
AATCATCCAGTGAACG-6-s2d5,CD14+ Mono
GGAAGTATCTAGCGTG-6-s2d5,CD14+ Mono
CGTGAGGAGCAAGATG-6-s2d5,CD14+ Mono
TCTCAATTCCGCAAAT-6-s2d5,Erythroblast
GGCTATGTCGGTCATG-6-s2d5,CD14+ Mono
ATGACAACAAGCGATG-6-s2d5,CD16+ Mono
TTACCGTGTGTTAGCA-6-s2d5,CD14+ Mono
CCCGCTTCATAATGTC-6-s2d5,CD14+ Mono
TGGAACAAGTTAACCA-6-s2d5,CD14+ Mono
ATAGCATGTTCCTGTG-6-s2d5,CD14+ Mono
GAAGTATAGGCGGGTA-6-s2d5,CD16+ Mono
TGTAACTCAGCACCAT-6-s2d5,Erythroblast
TGTGAAACAAGGACCA-6-s2d5,CD14+ Mono
GCGCCTTGTGGTTCTT-6-s2d5,CD14+ Mono
TGATCAGGTTCCGCAC-6-s2d5,CD14+ Mono
GTTCTTAGTGGAAGGC-6-s2d5,CD14+ Mono
TTGAGCTAGCGATACT-6-s2d5,CD14+ Mono
GGTTCCCGTCACAGCG-6-s2d5,CD14+ Mono
AACATAGCATCCGTAA-6-s2d5,CD16+ Mono
TTAGGCCCATGAGTTT-6-s2d5,Normoblast
CGTAATGGTTTCGCCA-6-s2d5,CD14+ Mono
TTAGCAATCGGTTCCT-6-s2d5,CD14+ Mono
TATCGCACATTGACAT-6-s2d5,CD14+ Mono
ACAACAACATAGACCC-6-s2d5,CD14+ Mono
TGGTTCTGTGGACATC-6-s2d5,CD16+ Mono
AAGCGCTGTTTGGCTT-6-s2d5,CD14+ Mono
CCTACTGGTGCATTTC-6-s2d5,CD14+ Mono
CCTGATGAGCCACATG-6-s2d5,CD14+ Mono
TGTGCGCAGTCTGGGC-6-s2d5,CD14+ Mono
CTTTCTTGTTCATCTA-6-s2d5,CD16+ Mono
TGTGGAGCAGGTTAAA-6-s2d5,CD16+ Mono
CTCACTCAGCCTTAAA-6-s2d5,CD14+ Mono
AGTCGCATCTCACTAT-10-s3d3,CD14+ Mono
ATGTCATCAATCTCTC-10-s3d3,CD14+ Mono
GTTTAACCACCTCAGG-10-s3d3,CD14+ Mono
GAGCTTAGTGCTCACC-10-s3d3,CD14+ Mono
TAATGGACAGGTTACC-10-s3d3,HSC
AGATGAAGTCCCGAAG-10-s3d3,CD14+ Mono
TATTAGCCAATTGACT-10-s3d3,Erythroblast
ACTTAGTCAGTTGCGT-10-s3d3,CD14+ Mono
CTAGTTGCATAAAGCA-10-s3d3,CD14+ Mono
CATAATCCACCTGGTG-10-s3d3,CD14+ Mono
GTTTACCGTCATCATC-10-s3d3,CD14+ Mono
CGCAATCCAATGAGGT-10-s3d3,Proerythroblast
CGCATATAGTTTGGTA-10-s3d3,CD14+ Mono
CTATGATCAGCATGTC-10-s3d3,CD14+ Mono
GACTTGGTCCCTCAAC-10-s3d3,CD14+ Mono
CTCTCACAGACTCGCA-10-s3d3,CD14+ Mono
CATGGATTCCTAAGGT-10-s3d3,CD14+ Mono
GTCGAAGCATGAAATG-10-s3d3,CD14+ Mono
GTAAGGTCAGTTTGTG-10-s3d3,CD14+ Mono
CGGAGCAAGGTCAAAG-10-s3d3,Normoblast
CTAATCTTCGATTTGA-10-s3d3,CD14+ Mono
AGTCCTGAGGCCATCA-10-s3d3,CD14+ Mono
CCATAAATCTAACCAA-10-s3d3,Erythroblast
GAGTCATTCCGCAAGC-10-s3d3,CD14+ Mono
CGACCTGCAGTAGGTG-10-s3d3,CD14+ Mono
AGCCAGTGTCATCCTG-10-s3d3,CD14+ Mono
CGCCAAATCGCACACA-10-s3d3,CD14+ Mono
GAAGTATAGGACCAGG-10-s3d3,Erythroblast
AAGACAAGTGATGATT-10-s3d3,Normoblast
GACGCCTAGTGAACGA-10-s3d3,CD14+ Mono
TGTGCGCAGGATTGAG-10-s3d3,CD14+ Mono
GAGCATGCAGCAGGTA-10-s3d3,Erythroblast
CGCTCCATCACCATTT-10-s3d3,CD14+ Mono
AGCTGCTCAGGTTCAC-10-s3d3,Proerythroblast
AATCTCAAGGCCGGAA-10-s3d3,Proerythroblast
CGTATTGCACAAACTT-10-s3d3,CD14+ Mono
AACATTGTCCCTCAAC-10-s3d3,Normoblast
GTTCCTGGTCGTAAAT-10-s3d3,CD14+ Mono
CAAGGCCTCAGTGAAG-10-s3d3,CD14+ Mono
GGTGTGACAGCACGAA-10-s3d3,Proerythroblast
GGTTAATGTTTGCAGA-10-s3d3,CD14+ Mono
CATTGCGAGCGATACT-10-s3d3,Proerythroblast
CCCAACCGTCAAAGAA-10-s3d3,cDC2
CGGGCTTAGAGAAGGG-10-s3d3,cDC2
TAGAGCCGTTCACTGT-10-s3d3,pDC
TTAGCGGTCCTAATGA-10-s3d3,CD14+ Mono
TGTGGCTCAAATGCCC-10-s3d3,Normoblast
GCATGAAAGCGATAGA-10-s3d3,CD14+ Mono
TGCGCAGGTGGTTAGC-10-s3d3,CD14+ Mono
GCAAGTGCATTGGGAG-10-s3d3,CD14+ Mono
CATAGTCAGTTCCTGC-10-s3d3,CD14+ Mono
GCTAGCGGTGAACAAA-10-s3d3,CD14+ Mono
AGGTAACCATTAGCCA-10-s3d3,CD14+ Mono
CGAAGAATCCATAAGC-10-s3d3,Proerythroblast
GGCTGGTTCTAAATCG-10-s3d3,MK/E prog
CCCTCATAGGCAGGTG-10-s3d3,CD14+ Mono
CGCCTGTGTACAATGT-10-s3d3,Erythroblast
GACCTAAGTCTATCGT-10-s3d3,CD14+ Mono
TTTAACGAGTAGAGGC-10-s3d3,Erythroblast
TGTTCCTCATAGCTGC-10-s3d3,Normoblast
GTGTAACTCTATTGTC-10-s3d3,CD14+ Mono
CCTAAGTAGTAACGAG-10-s3d3,CD14+ Mono
CCTCAGTTCGCTATAA-10-s3d3,Erythroblast
TTAGAAGCACTTACAG-10-s3d3,HSC
CAGCTATAGCTACTGG-10-s3d3,CD14+ Mono
GATTCGCCATCATGTG-10-s3d3,CD14+ Mono
TTGCAACAGGAGGTTA-10-s3d3,cDC2
GCTTGTTGTTTGTTGC-10-s3d3,MK/E prog
AATCATGTCATTAGTG-10-s3d3,Erythroblast
ACATTGCAGGGATGAC-10-s3d3,cDC2
TGCTTAAAGCCTTAAA-10-s3d3,Erythroblast
ACCTAAGGTATTGCAG-10-s3d3,Erythroblast
CTGGACCAGTTGTCAA-10-s3d3,CD14+ Mono
CAAGTATGTCGACTCC-10-s3d3,CD16+ Mono
ATCCTTAGTGTCCAGG-10-s3d3,CD14+ Mono
TCACGGATCGCATCCT-10-s3d3,CD14+ Mono
GCTTTATTCATCCTGC-10-s3d3,CD14+ Mono
AAACGTACAAGCGAGC-10-s3d3,CD14+ Mono
TCATTTGGTGTAATAC-10-s3d3,pDC
TAGGTTATCATAGCCG-10-s3d3,CD14+ Mono
ACTCACTGTTGTAAAC-10-s3d3,CD14+ Mono
TCTCCTCGTAGCCATA-10-s3d3,Proerythroblast
GTTGGAGCATGTTGTG-10-s3d3,CD14+ Mono
CCGCTAGCATCGTTCT-10-s3d3,Proerythroblast
TACAGCTAGGGCTTAT-10-s3d3,CD14+ Mono
GCTGTAAGTTTGCGCC-10-s3d3,Proerythroblast
GTTGCATAGGATCCGC-10-s3d3,CD14+ Mono
AGGATGCAGAGAGCCG-10-s3d3,MK/E prog
CGGACCTAGGTTTACA-10-s3d3,HSC
AGTGTGGCAGGACCTT-10-s3d3,Erythroblast
GGGTTATTCGGCTATG-10-s3d3,Erythroblast
GGAACCTGTTACTAGG-10-s3d3,MK/E prog
GGTACCGGTAGCTGCG-10-s3d3,HSC
CGCTAATAGGCCGGAA-10-s3d3,CD14+ Mono
TTGGCTACACTAGGTC-10-s3d3,Proerythroblast
TATGCATCAGCTAATT-10-s3d3,Normoblast
GTCCGTAAGACAAACG-10-s3d3,MK/E prog
GTCCTAGAGCTGTCAG-10-s3d3,CD14+ Mono
CGGAATCGTCCAAATG-10-s3d3,CD14+ Mono
GAACCTGTCGTAATCA-10-s3d3,Erythroblast
TATGGATGTGGTTCTT-10-s3d3,CD14+ Mono
TCAGGTTAGGACAATG-10-s3d3,Normoblast
GCGATTAGTGTTTGTC-10-s3d3,HSC
AAATCCGGTGTGAGAG-10-s3d3,Proerythroblast
ATCCCGCGTTCCTGTG-10-s3d3,CD14+ Mono
CAGGATGCAAGGTATA-10-s3d3,CD14+ Mono
TTTGGTAAGTATTGGC-10-s3d3,CD14+ Mono
GTCTAGCCATCGCTCC-10-s3d3,CD14+ Mono
CATCCCAGTGCTCACC-10-s3d3,Proerythroblast
AACTCACAGCATGCAT-10-s3d3,CD14+ Mono
CCGGTTAAGGCCTAAT-10-s3d3,CD14+ Mono
AGCCTAAGTTGACTTC-10-s3d3,CD14+ Mono
GCCTTTATCATGCTCC-10-s3d3,CD14+ Mono
AACAGCAAGTAGCCAT-10-s3d3,cDC2
TCAAGTATCACCTGTC-10-s3d3,cDC2
GGCAGGATCATGAAGG-10-s3d3,G/M prog
CCTCAGTTCGATATTG-10-s3d3,CD14+ Mono
ACTATGTCAGGCAAGC-10-s3d3,CD14+ Mono
GTGCTCCGTAAGTCGC-10-s3d3,CD14+ Mono
GCTTTGTGTTTATCTG-10-s3d3,Proerythroblast
TTAAGCCAGCCTGTGA-10-s3d3,CD14+ Mono
CCTATATTCTAATCAG-10-s3d3,CD14+ Mono
CATGGATTCCCTCACG-10-s3d3,MK/E prog
GACCGAACACCTCAGG-10-s3d3,pDC
TATGGGCGTAATCGGC-10-s3d3,CD14+ Mono
AGTTGCAGTGAGACTC-10-s3d3,cDC2
GAGTTACTCACTCGCT-10-s3d3,Erythroblast
CCAGCCTGTTGCATCT-10-s3d3,HSC
CAAACTGGTTTGAGGC-10-s3d3,CD14+ Mono
GAGGTAGGTGGGTGAA-10-s3d3,CD14+ Mono
TTAGGCCCACTAAGCC-10-s3d3,CD14+ Mono
GAACCAGCATTGTCAG-10-s3d3,HSC
GCAGGCTTCGATTTGA-10-s3d3,CD14+ Mono
GCCTGTGCACCTGGTG-10-s3d3,cDC2
GCTGCAATCAGCAAGA-10-s3d3,Erythroblast
AGCTTTAAGCATGTCG-10-s3d3,HSC
AGGATATAGCTTTGGG-10-s3d3,CD14+ Mono
GCGAAGCCAGGTTCAC-10-s3d3,cDC2
AGACAATAGCTGTCAG-10-s3d3,CD14+ Mono
GTACCGGGTTCGGTAA-10-s3d3,Proerythroblast
GAGCGAAGTCCGGTTC-10-s3d3,CD14+ Mono
ATCGCCCGTGTTGCAA-10-s3d3,CD14+ Mono
GCCCAAATCCTTGCAC-10-s3d3,pDC
AGCACTTAGTAAAGGT-10-s3d3,Erythroblast
AAGCGTTTCCTCACTA-10-s3d3,CD14+ Mono
CTTGCTCAGCCGCAAC-10-s3d3,CD14+ Mono
AGCAATTGTCTTACTA-10-s3d3,CD14+ Mono
TACTGACAGTTAGACC-10-s3d3,pDC
TATTTGCTCTTGTCTG-10-s3d3,Proerythroblast
GGCTGGTTCTTGAGGT-10-s3d3,Proerythroblast
GGAAACTCAACTAACT-10-s3d3,HSC
CATGCGGGTACCAGGT-10-s3d3,CD14+ Mono
CTTCACTCAACCGCCA-10-s3d3,cDC2
GTGTAACTCAGGTCCA-10-s3d3,CD14+ Mono
CGCTTAACACGAACAG-10-s3d3,Proerythroblast
AGCCTCCGTCAGGAAG-10-s3d3,CD14+ Mono
TGGTTGAGTTTGGCTT-10-s3d3,MK/E prog
TTGCAACAGCGGATAA-10-s3d3,cDC2
AACCGGCTCCCTGATC-10-s3d3,MK/E prog
ATGTCCACAATAGCCC-10-s3d3,CD14+ Mono
AACCTTGCAACGTGCT-10-s3d3,Proerythroblast
GCGTTTCTCTATTGTC-10-s3d3,CD14+ Mono
CATTTGTTCTAATCCT-10-s3d3,Erythroblast
TTTGCGACATCACAGC-10-s3d3,CD14+ Mono
TTCATCCCAAGTGTTT-10-s3d3,Erythroblast
CAATGTCAGCCACAAT-10-s3d3,CD14+ Mono
GCCTGACAGCTATATG-10-s3d3,CD14+ Mono
GAAACTGAGGGATGCG-10-s3d3,HSC
TAGTAGGAGCAAGGGT-10-s3d3,pDC
AGGATATAGGCGAATA-10-s3d3,Erythroblast
TGTTGCACAGGAACCA-10-s3d3,pDC
CTGTTGGAGTCATTGA-10-s3d3,Erythroblast
CATTCATTCGTTTCGC-10-s3d3,Proerythroblast
CTTAAGATCTGGCAAT-10-s3d3,CD14+ Mono
CCATCACTCATGCCTC-10-s3d3,Normoblast
GAGCGATAGGGCCACT-10-s3d3,HSC
GGTGCTTCAGCTCATA-10-s3d3,HSC
CTTGACGAGTATTGCA-10-s3d3,Normoblast
TTAAGTGTCCTTAAGA-10-s3d3,Proerythroblast
ACAGGATCAGAGAGCC-10-s3d3,CD14+ Mono
CGGGACAAGGTAAGCA-10-s3d3,G/M prog
GCTTAAATCCTCCTAA-10-s3d3,CD14+ Mono
TGTAAAGCAAATGCCC-10-s3d3,CD14+ Mono
CTAAAGCTCACTAGGT-10-s3d3,CD14+ Mono
CGCTAATAGTTAGGCT-10-s3d3,CD14+ Mono
GAGTCAAAGGTAAGGC-10-s3d3,Erythroblast
GCAATAGAGGATTGCT-10-s3d3,CD14+ Mono
AAGGCCCTCAATAGCC-10-s3d3,CD14+ Mono
ATTTGCGCAAGTGTTT-10-s3d3,Erythroblast
AGGTGAATCATTACGA-10-s3d3,Normoblast
ATACCTGCATCCTGAA-10-s3d3,HSC
CGCTCAGCAGTGAACG-10-s3d3,HSC
AGGACGTAGGCATTGT-10-s3d3,G/M prog
CTAATGTCAGTATGTT-10-s3d3,CD14+ Mono
GGTTTCCTCGGTTTCC-10-s3d3,CD14+ Mono
AGGAACGGTGGTTCTT-10-s3d3,HSC
ATATAGGCAGGCGAGT-10-s3d3,cDC2
GCCTACTTCGAAGCGG-10-s3d3,HSC
AGCAACAAGGTCTTGG-10-s3d3,CD14+ Mono
AGGTCCGGTGTAACCA-10-s3d3,cDC2
GGACCGAAGACACTTA-10-s3d3,CD14+ Mono
TCGTTAGCAACTAACT-10-s3d3,CD14+ Mono
CATAGGCGTCATGAGC-10-s3d3,HSC
TAACCGGTCCATCAGG-10-s3d3,cDC2
GCAGCAACACGAATTT-10-s3d3,CD14+ Mono
TTGTGCGAGTAAACCC-10-s3d3,CD14+ Mono
TATGAAGCAAGGACCA-10-s3d3,Erythroblast
AAAGGAGCACTCGCTC-10-s3d3,CD14+ Mono
TGTGGCCAGGTCGATT-10-s3d3,CD14+ Mono
AGTTACTCAGCTAACC-10-s3d3,CD14+ Mono
TGAAGTGAGGATGATG-10-s3d3,CD14+ Mono
ATTCCTCCAACACTTG-10-s3d3,CD14+ Mono
TTGTGAGGTTTGAGCA-10-s3d3,CD14+ Mono
ACATCAATCCTCCTAA-10-s3d3,MK/E prog
TCGCGAGGTCATTGTC-10-s3d3,CD14+ Mono
ACCTAAATCCCTCATA-10-s3d3,Erythroblast
TGGCCAATCTTGCAGG-10-s3d3,CD14+ Mono
TTCATTCAGTTATTCC-10-s3d3,CD14+ Mono
CATCATAAGCTTGCTC-10-s3d3,Erythroblast
TCTGTGACAGGTTCAC-10-s3d3,CD14+ Mono
TTTGAGTCAAGGTATA-10-s3d3,pDC
ACCACATAGCGAGTAA-10-s3d3,Erythroblast
TGGTTAATCTAAATCG-10-s3d3,pDC
CTGGCTAAGCATGTCG-10-s3d3,HSC
GCTTAACAGCTCGCTT-10-s3d3,Erythroblast
CCATAGCCATAAGTCT-10-s3d3,CD14+ Mono
ACGTCAAGTAGCAGCT-10-s3d3,MK/E prog
GAAGCCTGTTCACCCA-10-s3d3,CD14+ Mono
ACGCAAGCAGGTATTT-10-s3d3,CD14+ Mono
CGGTTATAGTTTGGTA-10-s3d3,Erythroblast
CAGGACCTCCTTAGGG-10-s3d3,CD14+ Mono
CGCATATAGCATGAAG-10-s3d3,pDC
GTTTGCTGTGGACATC-10-s3d3,CD14+ Mono
ATTACCGCAGGCATCT-10-s3d3,pDC
CCTTCGTAGTTAGCTA-10-s3d3,CD14+ Mono
CGAATCTAGGTCTTGG-10-s3d3,Proerythroblast
GGTTCCCGTGAGACTC-10-s3d3,cDC2
GTCTAGCCAGATTCAT-10-s3d3,HSC
CAAGGTTTCGGTTAGT-10-s3d3,pDC
CTTAGTTTCCATTACT-10-s3d3,CD14+ Mono
TTCCTTCTCCTGAATA-10-s3d3,HSC
CCGTTAACATCCAGGT-10-s3d3,Proerythroblast
GTCATTAAGCTTAACA-10-s3d3,CD14+ Mono
ATATAGGCACAGGGAC-10-s3d3,MK/E prog
GGCCTAATCAGGTCCA-10-s3d3,Proerythroblast
ACGTCAAGTTGTTCAC-10-s3d3,CD14+ Mono
GCATGAAAGTCATCCC-10-s3d3,Erythroblast
AGTCAATGTTAGTACG-10-s3d3,Proerythroblast
AGAGATTAGCTAATTG-10-s3d3,CD14+ Mono
CATTTGTTCACTCGCT-10-s3d3,CD14+ Mono
CGGTTATAGCGGATAA-10-s3d3,CD14+ Mono
CTGGTTACACAATTAC-10-s3d3,CD16+ Mono
GCATTAGGTAGCTGCG-10-s3d3,Normoblast
TTGTTGTTCCTCATCA-10-s3d3,CD14+ Mono
TTCCCGCCAAACCTTG-10-s3d3,Proerythroblast
TCATCCATCGCTATGG-10-s3d3,Erythroblast
CGCTTCTAGAGCAAGC-10-s3d3,Erythroblast
TTACACCGTCAATACG-10-s3d3,Proerythroblast
AACCCGCAGCTTAGCG-10-s3d3,Proerythroblast
GCGTGCTAGCTACTGG-10-s3d3,pDC
TGAGCACGTATTGTCC-10-s3d3,CD14+ Mono
CCTAAATCACCTACTT-10-s3d3,MK/E prog
GAACCTGTCTCACTCA-10-s3d3,CD14+ Mono
CTAAGTCAGAGGATAT-10-s3d3,Normoblast
AAGCCTCCATTCAGCA-10-s3d3,CD14+ Mono
ACCCGGTAGGCGCTAC-10-s3d3,CD14+ Mono
GCTAACAGTTCGCTCA-10-s3d3,Proerythroblast
TCCTTCAAGTTAGTTG-10-s3d3,CD14+ Mono
CATGAGGCACCTAAGC-10-s3d3,CD14+ Mono
ACGCCTAAGGGCCACT-10-s3d3,CD14+ Mono
ACGAACAAGCACGTTG-10-s3d3,CD14+ Mono
ATCCTTAGTACCTTAC-10-s3d3,CD14+ Mono
GGCCTCTGTTCAAGCA-10-s3d3,HSC
CCTTGCGTCTCACTCA-10-s3d3,CD14+ Mono
CAGGGTGAGTTAGACC-10-s3d3,CD14+ Mono
ATACCTGCAAATTCGT-10-s3d3,CD16+ Mono
TGCTCCGTCATTTAGG-10-s3d3,CD14+ Mono
AGTTTGCAGGAGGCAT-10-s3d3,pDC
ATCATCAAGGCACAGG-10-s3d3,CD14+ Mono
ACTTCGCTCCATAATG-10-s3d3,CD14+ Mono
ACCTTCCAGGGACTAA-10-s3d3,CD14+ Mono
CATAGGTTCCGCTAGA-10-s3d3,CD14+ Mono
TTTAGCAAGTGACCTG-10-s3d3,CD14+ Mono
ACGTCCAAGCTCAAAC-10-s3d3,HSC
GGTTGGTGTCGTAAAT-10-s3d3,CD14+ Mono
CGAGGTGAGGCATGTT-10-s3d3,pDC
GGTCAAGCACTAAGCC-10-s3d3,Erythroblast
GCTTAGTAGAAGGTGC-10-s3d3,Proerythroblast
TTTCCACCAATAAGCA-10-s3d3,MK/E prog
GGGTTACGTGATGAAA-10-s3d3,Proerythroblast
TACGTTAAGCTGAGGG-10-s3d3,CD14+ Mono
GTACCTTGTCAATAGT-10-s3d3,pDC
ATGACCAGTCACTCGC-10-s3d3,Proerythroblast
CAATCGCCATCAGTAT-10-s3d3,cDC2
GCGGTTATCCCATAGG-10-s3d3,CD14+ Mono
GTACTAGGTCAGGAAG-10-s3d3,HSC
ATATGCATCGCATTAA-10-s3d3,CD14+ Mono
AACGGTAAGAGAGGAG-10-s3d3,HSC
CATCACACAGAGGGAG-10-s3d3,CD14+ Mono
AGTAAGTAGCACAGAA-10-s3d3,CD14+ Mono
AGTAACACAGCAAGTG-10-s3d3,HSC
CATTTGTTCCTCCATA-10-s3d3,Proerythroblast
TGTAAGCTCCTGGTGA-10-s3d3,Proerythroblast
CTTAATGAGTGAGGTA-10-s3d3,Erythroblast
AGCCTAGTCGGTTAGT-10-s3d3,Proerythroblast
CAGGTCCAGCCTCTCG-10-s3d3,Proerythroblast
AAGGTATAGTTTAACG-10-s3d3,CD14+ Mono
AGCCTCCGTCCGTAGG-10-s3d3,Proerythroblast
TAACAAGCATGAATCT-10-s3d3,Normoblast
GAGGACTAGGAACCAA-10-s3d3,CD14+ Mono
TTTGTTGGTCACGAAC-10-s3d3,CD14+ Mono
TTACCGTGTTTGGTTC-10-s3d3,pDC
AGTCCTTGTTCATTTG-10-s3d3,Proerythroblast
CGTTAGGTCTTGAGCG-10-s3d3,MK/E prog
ACGCACGGTTAGACCA-10-s3d3,CD14+ Mono
ACTAATCCAGGAACCA-10-s3d3,Normoblast
CGCATATAGATTCCTT-10-s3d3,Proerythroblast
GCTAGCCAGGAATAAC-10-s3d3,Erythroblast
CAAAGCGCATATTGAC-10-s3d3,HSC
ACAAAGGTCTTGCTAT-10-s3d3,Erythroblast
ACAGTATGTTTCGCGC-10-s3d3,HSC
ATGCAAACAAGGTGCA-10-s3d3,CD14+ Mono
ACGTCCAAGGCAACAA-10-s3d3,Proerythroblast
ATCCGTGAGTCATCCC-10-s3d3,Erythroblast
CACTAAGGTCCTTCAG-10-s3d3,Proerythroblast
GACCTGCAGTGAGCGG-10-s3d3,CD14+ Mono
TATGAAGCATCGCTCC-10-s3d3,CD14+ Mono
TTCGGTACATTAGGCC-10-s3d3,cDC2
CAATGCCCAAGGGTTG-10-s3d3,CD14+ Mono
CGGTTTGAGAAGCTAG-10-s3d3,MK/E prog
GAACACAAGCTATTAG-10-s3d3,pDC
ACAGCCGGTTGTTGTC-10-s3d3,CD14+ Mono
TCTGGCTTCGTTCACC-10-s3d3,CD14+ Mono
AGTCAAGAGTGTTGTA-10-s3d3,CD14+ Mono
TTTGTCCCAATTTAGC-10-s3d3,CD14+ Mono
CTTGACGAGGAATAAC-10-s3d3,CD14+ Mono
TTAGCTGCAGGGAGCT-10-s3d3,CD14+ Mono
CGCACAATCCTTAGTT-10-s3d3,Erythroblast
GGTAACTTCTATGACA-10-s3d3,CD14+ Mono
AGTCCTTGTTCCGGGA-10-s3d3,CD14+ Mono
CATAGGTTCAAACTCA-10-s3d3,CD14+ Mono
CGGTGAGAGGTTTACA-10-s3d3,CD14+ Mono
AAAGCAAGTTAAGGTT-10-s3d3,G/M prog
TGATTGCAGGCCATCA-10-s3d3,Erythroblast
GCACATTAGAGCCGGA-10-s3d3,Erythroblast
CCTATTGTCAAACCGT-10-s3d3,Erythroblast
AGTTATGTCGGTCATG-10-s3d3,Proerythroblast
GCGGGTTTCAAGCTTA-10-s3d3,CD14+ Mono
GAGTTACTCTTTAGGA-10-s3d3,CD14+ Mono
GCAGGATAGGGCTTAT-10-s3d3,Normoblast
TGGTCATAGTGAACAG-10-s3d3,CD14+ Mono
TTGTTCCCACTGACTA-10-s3d3,Erythroblast
GATTACGGTGTTGTAG-10-s3d3,Proerythroblast
GATGAGGGTCCACAAA-10-s3d3,CD14+ Mono
AGGTTAACACCACAAC-10-s3d3,CD16+ Mono
GTGTCCAAGCGAGCGA-10-s3d3,Erythroblast
ACACTTAAGTTGTCTT-10-s3d3,Erythroblast
TTCCTCAAGCAAGACA-10-s3d3,Erythroblast
TTAGAAGCATCTTGAG-10-s3d3,Erythroblast
TCATGAGGTAATGGAA-10-s3d3,Erythroblast
ACCAGCTCATGTCGCG-10-s3d3,HSC
CTAACCACATATTGAC-10-s3d3,CD14+ Mono
AATTGCCAGTACCGCA-10-s3d3,Normoblast
CTTGCGCGTCAAAGGG-10-s3d3,cDC2
GCCTCCATCACCTGTC-10-s3d3,MK/E prog
TGAAGCAAGCGAGTAA-10-s3d3,CD14+ Mono
GGGTGAAGTTCCGGCT-10-s3d3,CD14+ Mono
GTGTTACAGCTATTAG-10-s3d3,CD14+ Mono
GTTCTCATCATAACCA-10-s3d3,HSC
ATTAGTCCATTGTGAT-10-s3d3,HSC
TTGTAAGTCTGTTCAT-10-s3d3,CD14+ Mono
GATAAAGGTGCATCGG-10-s3d3,CD14+ Mono
CTATGACAGTAACTCA-10-s3d3,CD14+ Mono
GATTAGTGTCTTACTA-10-s3d3,CD14+ Mono
AGCACTTAGCCAAATC-10-s3d3,Erythroblast
ATGGCTTAGGCTAATC-10-s3d3,Erythroblast
GCCAGGTTCATTATGG-10-s3d3,pDC
CCAATATCACTGGCTG-10-s3d3,CD14+ Mono
TAGGCTAGTCTCACTG-10-s3d3,Proerythroblast
GTATCGCCATGTCGCG-10-s3d3,CD14+ Mono
ACATAGCTCTGGCAAT-10-s3d3,CD14+ Mono
GGGTGTTGTATGGTGC-10-s3d3,Erythroblast
GACTATTCATCGCTCC-10-s3d3,CD14+ Mono
ATCGAGGCAATTAAGG-10-s3d3,CD14+ Mono
CAGCAAGCAGGTTACC-10-s3d3,CD14+ Mono
AGCTTTAAGGACTTAC-10-s3d3,CD14+ Mono
GCTTTACGTAGGATTT-10-s3d3,cDC2
TAGCCTGAGACTCGCA-10-s3d3,Proerythroblast
CTAATTGAGTCTTGAA-10-s3d3,CD16+ Mono
TAGAGCCGTTTCCTCC-10-s3d3,CD14+ Mono
CCGCACACAAATACCT-10-s3d3,Proerythroblast
TCCCGTTAGCATGTCG-10-s3d3,Erythroblast
GTTACGTAGTCATGCG-10-s3d3,HSC
CGGGCTTAGCGCCTAA-10-s3d3,Erythroblast
CTAGTTGCAGGACACA-10-s3d3,CD14+ Mono
GAGATAAGTTTGCGAA-10-s3d3,CD14+ Mono
TAGTGTGGTTGAAGCC-10-s3d3,Erythroblast
CTAGTAATCGTTTCTG-10-s3d3,cDC2
CATATCGCAGCTCAAC-10-s3d3,cDC2
ATGTCATCATCTTGAG-10-s3d3,CD14+ Mono
CGGCTCACAGGCATGA-10-s3d3,HSC
TACCGAAGTGTAACCA-10-s3d3,CD14+ Mono
TACGTAATCCTAGTAA-10-s3d3,CD14+ Mono
TCCTCTAAGCGTGCGT-10-s3d3,CD14+ Mono
GCTGCAATCGGGACCT-10-s3d3,CD14+ Mono
GGCCTTAAGCCGGTAC-10-s3d3,G/M prog
ATATAGGCACGAACAG-10-s3d3,Proerythroblast
CTCATTTAGCTCCCTG-10-s3d3,CD14+ Mono
CCTTTAGTCTTGATGA-10-s3d3,CD14+ Mono
AATCTTGAGCTCAAAC-10-s3d3,CD14+ Mono
CAAACGCGTTTGCAGA-10-s3d3,Erythroblast
CATCGCTTCATAGACC-10-s3d3,Proerythroblast
TACCGTTGTTCCTGAT-10-s3d3,Erythroblast
GAAGTCAAGCTTAGCG-10-s3d3,cDC2
TCGGTTTGTTTCCTCC-10-s3d3,Erythroblast
TTGTGAGGTTTGTTGC-10-s3d3,CD16+ Mono
CTTAAGGGTAATGACT-10-s3d3,Erythroblast
CAGGAAGGTGAACAAA-10-s3d3,pDC
AACCTTAAGCCACAAT-10-s3d3,CD14+ Mono
GAAGTAAGTCAATACG-10-s3d3,Proerythroblast
ACATCAATCGCTATGG-10-s3d3,CD16+ Mono
TTAAGCCAGCTTCCCG-10-s3d3,CD14+ Mono
GACCGTTCAAGGGTTG-10-s3d3,CD14+ Mono
ACTGAATGTTCCATTA-10-s3d3,CD14+ Mono
TCCTGGTTCGTTCACC-10-s3d3,HSC
AACCTCCTCCTTCTAG-10-s3d3,MK/E prog
CAACTAGGTAGCCTCC-10-s3d3,HSC
CCAGCTGCAGAAATGC-10-s3d3,CD14+ Mono
GAACCAGCAACTAGCC-10-s3d3,CD14+ Mono
CTTTGTCCATTAAACC-10-s3d3,Proerythroblast
CGTCCTAGTCACGGAT-10-s3d3,CD14+ Mono
AGAATCGAGTTCCCAC-10-s3d3,CD14+ Mono
GCTAACAGTTGCACAA-10-s3d3,Normoblast
AAACATGCACCTGGTG-10-s3d3,pDC
GTGTGTTAGTTTGGTA-10-s3d3,CD14+ Mono
AGTTGCGTCTGCAAAC-10-s3d3,MK/E prog
TCCACAACAAGTAAGC-10-s3d3,CD14+ Mono
TTGTAAGTCCCTGTTA-10-s3d3,HSC
GAGGCTTGTACCGAAC-10-s3d3,Erythroblast
TCAGCAAGTGATGGCT-10-s3d3,CD14+ Mono
GTCATGAGTGCTTTAC-10-s3d3,CD14+ Mono
TGAAGGATCATGGCCA-10-s3d3,CD14+ Mono
CTACTAAAGCGGTTAT-10-s3d3,CD14+ Mono
CGCACACAGGCGAATA-10-s3d3,Proerythroblast
GCGAAGCCAGCTTAAT-10-s3d3,CD14+ Mono
CATTCATTCAAATCGC-10-s3d3,pDC
GATCAAGAGATTGAGG-10-s3d3,Erythroblast
GAGGTAGGTTAGGTGC-10-s3d3,CD14+ Mono
TATAGCCAGCATTATG-10-s3d3,Erythroblast
GGATTTATCCTGTTCA-10-s3d3,CD14+ Mono
GCTGGATGTGAATCGC-10-s3d3,Erythroblast
TCTCAATTCTTGCTAT-10-s3d3,Normoblast
AGGCCCAGTTTATCGC-10-s3d3,MK/E prog
TCTTTGTAGCGATAGA-10-s3d3,CD14+ Mono
CATGGCGGTAGGTGTC-10-s3d3,CD14+ Mono
TTAGAAGCAATTGACT-10-s3d3,CD14+ Mono
CTAAAGCTCCTAGTAA-10-s3d3,cDC2
CCTCAGTTCCGGTATG-10-s3d3,Erythroblast
GTTGCCCGTCCCGAAG-10-s3d3,CD14+ Mono
AACCTCCTCATGCAAC-10-s3d3,CD14+ Mono
CGAATCTAGTGAACCT-10-s3d3,CD14+ Mono
TGCTATGCATTGACAT-10-s3d3,Normoblast
CGCTAACCAACTAGCC-10-s3d3,cDC2
CTTTATGGTGCTCCGT-10-s3d3,CD14+ Mono
GCAAACAAGGTTAGCT-10-s3d3,CD14+ Mono
GGATTCAGTTTATCGC-10-s3d3,HSC
ATCCGTGAGGCTATGT-10-s3d3,CD14+ Mono
TGCATGAGTCATAAGT-10-s3d3,CD14+ Mono
GCTTTCATCGTAATCA-10-s3d3,cDC2
CTAACCCTCGTAACGT-10-s3d3,cDC2
TTGTTGCGTGCATTAG-10-s3d3,CD14+ Mono
AGTTATGTCAAACCTA-10-s3d3,cDC2
ACACTAGGTTTACCGT-10-s3d3,CD14+ Mono
ACGTACCCATGGCCCA-10-s3d3,pDC
TAACAAGCATCCCTCA-10-s3d3,MK/E prog
ATTAACCCAGTTTGTG-10-s3d3,CD14+ Mono
TTGTTGCGTTTGGGCG-10-s3d3,CD14+ Mono
GTGTAACTCCTAGTAA-10-s3d3,Proerythroblast
GTTAACGGTCGTAAAT-10-s3d3,CD14+ Mono
CTTGCTCAGCAGGCCT-10-s3d3,CD14+ Mono
CGTGAGGAGCTATGAC-10-s3d3,Erythroblast
CTAGTAGGTTTATCGC-10-s3d3,CD14+ Mono
CTGCTATGTTGAGCCG-10-s3d3,CD14+ Mono
ACTCACTGTACCGTTT-10-s3d3,pDC
TGGTTCTGTTGCAATG-10-s3d3,pDC
CCAATATCAACTAGAA-10-s3d3,CD16+ Mono
CATGCGGGTTGCCTCA-10-s3d3,Proerythroblast
ATTTAGCCAATATGGA-10-s3d3,CD14+ Mono
GCAACAGCAATATAGG-10-s3d3,CD14+ Mono
GGCTATTAGTCATGCG-10-s3d3,Proerythroblast
GTAGTTTCAGCAACCT-10-s3d3,Erythroblast
AAACCGCGTTTATTCG-10-s3d3,G/M prog
GCCATGATCTTGATGA-10-s3d3,CD14+ Mono
ACGACTTAGGCTCATG-10-s3d3,Proerythroblast
CTCATGACAGCAACCT-10-s3d3,Erythroblast
CTAGTAATCCCTGACT-10-s3d3,G/M prog
ACCTGGTCAAGTGTTT-10-s3d3,Erythroblast
GCGGATACAATTGAAG-10-s3d3,Proerythroblast
GTTTATCTCATTGTCT-10-s3d3,CD14+ Mono
TATCCAGCAATGCCTA-10-s3d3,pDC
AAATGGCCATGAATAG-10-s3d3,pDC
TGGCCAATCCCGCCTA-10-s3d3,Erythroblast
TCACTGACACTCGCTC-10-s3d3,Proerythroblast
GTTCGCTTCCACCTGT-10-s3d3,HSC
TCCATGCTCTTTGTAC-10-s3d3,MK/E prog
ATGAGCCGTCAGTAAT-10-s3d3,CD14+ Mono
TTTGCGACACAACAGG-10-s3d3,HSC
TTCAGTTTCCTTAAGA-10-s3d3,pDC
GCCACACAGTAGCTTA-10-s3d3,Proerythroblast
TTTGTTGGTGATCATG-10-s3d3,CD14+ Mono
AGTACGCGTGTTGTAG-10-s3d3,CD14+ Mono
TTGCGTCTCAAACTCA-10-s3d3,HSC
AATGCATGTAAAGCAA-10-s3d3,Proerythroblast
GAAGTAAGTGTTGTAG-10-s3d3,Erythroblast
ATATGCATCTCCATAT-10-s3d3,HSC
CTCCTAATCCCGTTGT-10-s3d3,Proerythroblast
TGTTCCTCATGCATAT-10-s3d3,HSC
TTCAGTTTCAGAAACG-10-s3d3,cDC2
CCTGACTTCTCTAGCC-10-s3d3,CD14+ Mono
GTTGCATAGCATGACT-10-s3d3,Erythroblast
GCATTAGGTTAGCATG-10-s3d3,cDC2
CTCATGCTCGCCTAAG-10-s3d3,HSC
CGGCTCACATGCATAT-10-s3d3,cDC2
CATCCTGGTTCATCTA-10-s3d3,pDC
CCCAAACCAAGGTGGC-10-s3d3,cDC2
CCGTTATGTTAACAGT-10-s3d3,cDC2
CAATAGCTCATTAGGC-10-s3d3,CD14+ Mono
CTATGTTTCCTGGTCT-10-s3d3,CD14+ Mono
GACTTAGGTGGTTCCC-10-s3d3,pDC
AGGGCCTTCATAGACC-10-s3d3,CD14+ Mono
AGACACGCACATACTG-10-s3d3,CD14+ Mono
TATTGACCAAATTCGT-10-s3d3,cDC2
ACTAGGCGTTAGTACG-10-s3d3,cDC2
GGGCTAACACCCTCAC-10-s3d3,Erythroblast
CGATATTCACAATGTT-10-s3d3,MK/E prog
TACCTTTAGAGCCGCT-10-s3d3,cDC2
AACTACTCATTGCGTA-10-s3d3,CD14+ Mono
TTCCCACAGGGCCACT-10-s3d3,Proerythroblast
AGCGCTCAGCCAAATC-10-s3d3,pDC
TACCAGGTCGATTTGA-10-s3d3,CD14+ Mono
GGGTTTCCAATAGCCC-10-s3d3,CD14+ Mono
CGAAGTAAGGAAGCTA-10-s3d3,CD14+ Mono
TGTAACTCACAAAGGT-10-s3d3,G/M prog
ATTTAGCCAAGGTCCT-10-s3d3,CD14+ Mono
CCATTGTGTCTTACTA-10-s3d3,Normoblast
TTAGCCTGTTTACCGT-10-s3d3,CD14+ Mono
TAGAGCCGTGAGCGAA-10-s3d3,CD14+ Mono
GGCTGGTTCATTACTC-10-s3d3,Proerythroblast
CAGGACACATCTTGAG-10-s3d3,CD14+ Mono
CTATTGAAGCCTGTTC-10-s3d3,Proerythroblast
TGCACACCACAAAGCG-10-s3d3,CD14+ Mono
CTTAGTTTCAGCACGC-10-s3d3,pDC
CATGCGCAGTACCGCA-10-s3d3,Erythroblast
ACTTACAAGCGGGCAA-10-s3d3,Erythroblast
CGTTATCGTCGCGCAA-10-s3d3,cDC2
TCAGCAAGTTCATCTA-10-s3d3,HSC
TGCTCTCAGTTTCCTG-10-s3d3,CD14+ Mono
TGCTTGTGTTTAAAGC-10-s3d3,CD14+ Mono
AAAGCTTGTTAGGCTA-10-s3d3,CD14+ Mono
CTGTTAAAGGTAAGGC-10-s3d3,CD14+ Mono
AGTCGCATCAGCACGC-10-s3d3,Erythroblast
CGTTAGGTCAGTATTG-10-s3d3,HSC
CAATCCCTCAAGCGCC-10-s3d3,Proerythroblast
TGATTCAAGGCGTAAA-10-s3d3,HSC
AAGCTCCCATGCATAT-10-s3d3,HSC
CCATCATGTATTGTGG-10-s3d3,Proerythroblast
CCTTCAGGTTGTAACG-10-s3d3,pDC
GAAGGCTAGACAGGTA-10-s3d3,CD16+ Mono
CGCTCAGCACAACAAA-10-s3d3,CD14+ Mono
GGTCAAGCAAGTGAAC-10-s3d3,cDC2
GCGATTAGTTGCACAA-10-s3d3,CD14+ Mono
ACGTTACAGCCGCAGT-10-s3d3,Erythroblast
AGTTGGCGTAACCTAG-10-s3d3,pDC
CCATAATCACAATGTT-10-s3d3,CD14+ Mono
TACATCAAGCGCCTTT-10-s3d3,CD14+ Mono
GTATGTTCAGGTTTGC-10-s3d3,pDC
CCGCTAGCAAACCTTG-10-s3d3,CD14+ Mono
CAAGACAAGCTTAGTA-10-s3d3,CD14+ Mono
GACGTAAAGAACCTAC-10-s3d3,CD14+ Mono
CATTTGTTCACGCATG-10-s3d3,pDC
TTGTGTGCAGCGCTTG-10-s3d3,cDC2
TGCGCAGGTTTGTGGA-10-s3d3,CD14+ Mono
TTCTTAGGTATTGGTG-10-s3d3,CD16+ Mono
CGATATTCATTAAAGG-10-s3d3,CD14+ Mono
AGTCTTGCACTTCATC-10-s3d3,Erythroblast
GTTGCTGAGTTACCGG-10-s3d3,Erythroblast
TCAGGTCCAGCATTAT-10-s3d3,CD14+ Mono
ACTTGAATCATGGTGT-10-s3d3,Normoblast
GAACCAAAGTTAACCA-10-s3d3,CD14+ Mono
CCTGGTAAGCCGCTAA-10-s3d3,HSC
GCGAAGCCACCTAATG-10-s3d3,CD14+ Mono
CCCGCTTCACAGAACG-10-s3d3,CD14+ Mono
CGCTAACCATTAAAGG-10-s3d3,pDC
TCAGGTTAGGTCCTAG-10-s3d3,CD14+ Mono
ACCAGCTCACAAACTT-10-s3d3,CD14+ Mono
CTTCACTCAATTGCGC-10-s3d3,CD14+ Mono
TAGAGCCGTAGGATCC-10-s3d3,Erythroblast
GCTGTGCAGCAAGATG-10-s3d3,G/M prog
TAAGTGCTCCCGAAGC-10-s3d3,CD14+ Mono
GCCAACATCCTTGAGG-10-s3d3,CD14+ Mono
TTTGGCTGTATTGCAG-10-s3d3,CD14+ Mono
CGAACAAAGACAGGTA-10-s3d3,Normoblast
GTCTTGCTCCAGGGAG-10-s3d3,CD14+ Mono
AAGCCACGTCGTAAAT-10-s3d3,Proerythroblast
TCGTGCTTCAGCATTA-10-s3d3,CD14+ Mono
TCAGCAAGTGCGCAAT-10-s3d3,cDC2
TAGCGGCTCAATACGC-10-s3d3,cDC2
GCCTATTGTAATCGTG-10-s3d3,G/M prog
TGAAGCAAGCGATAGA-10-s3d3,CD14+ Mono
CAGGAAGGTTTATCTG-10-s3d3,CD14+ Mono
TAAGCCTAGTCTCACC-10-s3d3,Proerythroblast
AGTAACACACGTAAGG-10-s3d3,CD14+ Mono
GGGTGTTGTAAGTCGC-10-s3d3,CD14+ Mono
CGGAATCGTGGAAACG-10-s3d3,pDC
AAGAATCAGCCTGTTC-10-s3d3,HSC
TGATCAATCCTCAGTC-10-s3d3,CD14+ Mono
AGTTGCAGTTAACACG-10-s3d3,CD14+ Mono
ATCAATCCACAAAGAC-10-s3d3,Erythroblast
AGATGAAGTTCCGCAC-10-s3d3,Erythroblast
AGTAGGATCATGACCG-10-s3d3,CD14+ Mono
CGGACAACAACCTGGT-10-s3d3,CD14+ Mono
ACCTCACTCGCTTGCT-10-s3d3,CD14+ Mono
GCTGCAATCAGCAAAG-10-s3d3,HSC
GTTAGGCGTACAAAGA-10-s3d3,CD14+ Mono
GGCATGGAGCGCAATT-10-s3d3,HSC
TTCCCGCCACCTGCTC-10-s3d3,Erythroblast
CAAGGGAGTAATCGGC-10-s3d3,cDC2
GCCCATAAGGTCTTGG-10-s3d3,CD14+ Mono
TGTCATAAGCTCGCTT-10-s3d3,Proerythroblast
TTACGTTTCTGTTCAT-10-s3d3,CD14+ Mono
AAGACATAGCTGCACA-10-s3d3,CD14+ Mono
AGCGTGCTCCAATTAG-10-s3d3,CD14+ Mono
TAGGTTATCGTTAGCG-10-s3d3,Proerythroblast
AGCCTGGGTAGCCATA-10-s3d3,CD14+ Mono
CCTATTGTCCCATAGG-10-s3d3,Erythroblast
GGGCATGAGTTCCTGC-10-s3d3,CD14+ Mono
GTTTCAGCAAGGATTA-10-s3d3,Proerythroblast
TACGTAATCAGTTCCC-10-s3d3,CD14+ Mono
GCGTTTCTCTAGCTTT-10-s3d3,CD14+ Mono
GAGTTTGGTTAGGCTA-10-s3d3,CD14+ Mono
TCGGTTACAGCGCTTG-10-s3d3,CD14+ Mono
GTTCTCATCCTAATAG-10-s3d3,CD14+ Mono
GGATGGCCATTATGAC-10-s3d3,MK/E prog
AAAGCAAGTTTATCGC-10-s3d3,MK/E prog
GTTAACGGTTACGCAA-10-s3d3,cDC2
GAGTTGCGTCAATGTG-10-s3d3,Proerythroblast
GACCTAGTCAGTATTG-10-s3d3,CD16+ Mono
GGAGGTTAGCTAAGTC-10-s3d3,MK/E prog
TCGATTAAGCCGCAGT-10-s3d3,Proerythroblast
TTCCCGCCAATAAGCA-10-s3d3,Erythroblast
AGTACGCGTTGAGGTC-10-s3d3,CD14+ Mono
CGGACCTAGTAGCTTA-10-s3d3,CD14+ Mono
GTGCTTACAACCCTCC-10-s3d3,CD14+ Mono
GAGGCCTTCGTACCGA-10-s3d3,CD14+ Mono
GGTTTAATCCCTCGCA-10-s3d3,CD14+ Mono
GCTTGTTGTGCTCCAC-10-s3d3,CD14+ Mono
GTTAAGTGTTGGTTAG-10-s3d3,CD14+ Mono
GCCTATTGTCAAGTGC-10-s3d3,Normoblast
AGCAAGGGTACTGAAT-10-s3d3,Erythroblast
GTAGCGCTCTATTGTC-10-s3d3,Proerythroblast
GTTGGAGCAGTTAGCC-10-s3d3,cDC2
TGAGTGAAGTACCGCA-10-s3d3,CD14+ Mono
GATAACGAGCACAGGG-10-s3d3,Erythroblast
GGAGCATAGTCATCCC-10-s3d3,CD14+ Mono
CGAAATGAGAGGAGGA-10-s3d3,CD14+ Mono
AGCCTGGGTCCACAAA-10-s3d3,cDC2
GTACACCCATCCAGGT-10-s3d3,CD14+ Mono
CAACAGGCAGCAACCT-10-s3d3,CD14+ Mono
CAAGGCTGTACAATGT-10-s3d3,HSC
TAGGCTAGTTAAATGC-10-s3d3,CD14+ Mono
TCCCTCACAACGTGCT-10-s3d3,CD14+ Mono
TGATTCAAGTAGCGGG-10-s3d3,Proerythroblast
CCACAATAGGCGTAAA-10-s3d3,CD14+ Mono
CTATTGAAGTCGCTAG-10-s3d3,CD14+ Mono
TCATACTTCCTTGCAC-10-s3d3,Erythroblast
ACACAATGTGAGACTC-10-s3d3,CD14+ Mono
ATTACTGAGCCACAAT-10-s3d3,CD14+ Mono
CGCATTTGTGAGACTC-10-s3d3,CD14+ Mono
GGGTCACTCATGCTCC-10-s3d3,CD14+ Mono
CTCAGGATCCTGAGTG-10-s3d3,Erythroblast
GTTTCTAGTTGGTTCT-10-s3d3,Proerythroblast
TGCAATATCAGAAACG-10-s3d3,CD14+ Mono
AGTGAGTCATCCTAGA-10-s3d3,cDC2
AATGTCATCAATCATG-10-s3d3,CD14+ Mono
TAGCGGCTCCTTTACG-10-s3d3,Proerythroblast
TCGGTTTGTACCGTTT-10-s3d3,Proerythroblast
AGTTACATCAATTGGC-10-s3d3,CD14+ Mono
CAGGTGGAGGCTGTCA-10-s3d3,Erythroblast
CACTAGCCAGCAAGTG-10-s3d3,CD14+ Mono
AGGATGTCATTAGGCC-10-s3d3,CD14+ Mono
GCAAACAAGGACCTTG-10-s3d3,Normoblast
CCCGTAAAGCGGATTT-10-s3d3,Proerythroblast
CTTGCATGTGTGTGGT-10-s3d3,pDC
ACATAGCTCTACCTGC-10-s3d3,Proerythroblast
ACACTAGGTGACCTGG-10-s3d3,MK/E prog
GGCTAGACACAATGTT-10-s3d3,MK/E prog
GTACCGGGTACTGATG-10-s3d3,MK/E prog
GCGTTTCTCCTCCATA-10-s3d3,CD14+ Mono
GCCAGGAAGCTACTGG-10-s3d3,Erythroblast
AAAGCTTGTTACCGGG-10-s3d3,CD14+ Mono
CGCTTACTCGCTAGAT-10-s3d3,CD14+ Mono
TATGGGCGTGCATCGG-10-s3d3,CD14+ Mono
GATTACGGTGTTTGCT-10-s3d3,CD14+ Mono
TTGTTCCCACCTGTAA-10-s3d3,CD14+ Mono
TGCTGGATCACAGACT-10-s3d3,Proerythroblast
ATGCTTAAGTTTGTCT-10-s3d3,cDC2
TCCTCTAAGCTTATGA-10-s3d3,Proerythroblast
AGTCAAGAGTGACCTG-10-s3d3,cDC2
CGCTCAGCAGGCTGTT-10-s3d3,CD14+ Mono
CTTAGGAGTGTAACCA-10-s3d3,HSC
TCCTAGTGTAACCACA-10-s3d3,cDC2
GTGAGGAGTTGGATCA-10-s3d3,CD14+ Mono
GTCTTTGTCCCATAAA-10-s3d3,CD14+ Mono
CCGCACACAGTAGGAT-10-s3d3,HSC
GGAGGTTAGGACGTAA-10-s3d3,CD14+ Mono
CCTTAACGTCAGGCCA-10-s3d3,CD14+ Mono
CGAAGCGAGTAGGATG-10-s3d3,Proerythroblast
CTATTCAGTGAATCGC-10-s3d3,Erythroblast
GGCCATCAGCGAAGTA-10-s3d3,Erythroblast
TATAGCTCACAATGCC-10-s3d3,MK/E prog
CTCGCTAGTGTTAAAC-10-s3d3,Proerythroblast
CTAGCGGGTGTTTGAG-10-s3d3,CD14+ Mono
GCCAGGAAGGAACGGT-10-s3d3,CD14+ Mono
TCACCTGGTCACGAAC-10-s3d3,CD14+ Mono
CCTATTTAGTCAATCA-10-s3d3,CD14+ Mono
TATGACTCAGTTAGCC-10-s3d3,Erythroblast
GGAATCTTCCTAGTTT-10-s3d3,Erythroblast
TTTGCGGAGCAAGACA-10-s3d3,Normoblast
AATCAGGAGGATCCGC-10-s3d3,Normoblast
CATCAATCATAAGTCT-10-s3d3,CD14+ Mono
CGGAGCAAGGATTTGC-10-s3d3,CD14+ Mono
CCTTCAATCTAATCCT-10-s3d3,pDC
TACCAGGTCGACCTGA-10-s3d3,MK/E prog
CCAGGAACAGCAACAG-10-s3d3,HSC
CGGCAATGTCAATACG-10-s3d3,CD14+ Mono
AGCGGACCAGCTTAAT-10-s3d3,CD14+ Mono
CCAGCTGCAAACATAG-10-s3d3,CD14+ Mono
TCGCGCACAACACTTG-10-s3d3,Erythroblast
GGTACAAAGCACAGAA-10-s3d3,CD14+ Mono
TATTAGGTCGCAGGCT-10-s3d3,Normoblast
TCCCTCACAAGCCACT-10-s3d3,MK/E prog
ATGGTTATCCGTGACA-10-s3d3,HSC
GGACCTCAGCGATAAG-10-s3d3,Proerythroblast
AGCAAGGGTGATGGCT-10-s3d3,CD14+ Mono
GGCCTAATCAAGCGCC-10-s3d3,Erythroblast
CTGCTATGTAATCGCA-10-s3d3,Erythroblast
TCGTTATTCGTTCACC-10-s3d3,CD14+ Mono
CGGATTAGTTTCGCGC-10-s3d3,cDC2
AATTTGCCATCAGTAT-10-s3d3,Proerythroblast
GTAATAGCAAACGGGC-10-s3d3,Erythroblast
GTGAACAAGTCCTGAG-10-s3d3,Erythroblast
GGTTAGCGTAAGCTCA-10-s3d3,CD16+ Mono
TGTTGTGCAAGGACCA-10-s3d3,pDC
TTAGGCTAGCCATCAG-10-s3d3,Erythroblast
TTAAGGACATGCTATG-10-s3d3,CD14+ Mono
GTTGGCCAGTTAGTGC-10-s3d3,CD14+ Mono
ACCAAACTCGATAACC-10-s3d3,HSC
GCATTAGGTCCTTCAG-10-s3d3,CD14+ Mono
ATCCATAAGCTGGCTA-10-s3d3,CD14+ Mono
GGGCCTAGTCTAACAG-10-s3d3,cDC2
GTGGTTAGTAATGACT-10-s3d3,cDC2
TCAAGGTTCGACAAAG-10-s3d3,Erythroblast
ACTATCCGTCACGAAC-10-s3d3,CD14+ Mono
CGTCCTAGTTGCATCT-10-s3d3,Erythroblast
GTTACGTAGCCTCTGT-10-s3d3,Erythroblast
TCACCTGGTCGCAAAC-10-s3d3,CD14+ Mono
TAGACCAGTTGCGCGA-10-s3d3,pDC
ACTAACTCATTTGCTC-10-s3d3,G/M prog
CTTAGTTTCTGGCAAT-10-s3d3,Normoblast
TATCACGCAATAAGCA-10-s3d3,Erythroblast
TCAGTGAGTTACTTCA-10-s3d3,CD14+ Mono
TGGTCAAGTTGTTGGA-10-s3d3,Proerythroblast
AGGAGCTAGGAGTCGG-10-s3d3,CD14+ Mono
AAGCGAATCAGCAAAG-10-s3d3,Normoblast
GTATTGCAGAAAGGAA-10-s3d3,Erythroblast
TATTGACCAGTAAGTA-10-s3d3,cDC2
TTTAGCAAGCACTAGT-10-s3d3,CD14+ Mono
CTACAACAGTTACCGG-10-s3d3,CD14+ Mono
GTCTATGCACTTAGGC-10-s3d3,CD14+ Mono
CGTATTGCAGCAATAA-10-s3d3,Erythroblast
GGCCGTTAGGCATGAA-10-s3d3,CD16+ Mono
ACAACAACAGTAAGTA-10-s3d3,G/M prog
CGTTAGGTCATCGTTT-10-s3d3,MK/E prog
GATGCATTCTAGCTTT-10-s3d3,CD14+ Mono
GTCCGTAAGAATCTCA-10-s3d3,CD14+ Mono
TCAGTAGGTCCTTAGT-10-s3d3,CD14+ Mono
CGAAGCGAGCACTAGT-10-s3d3,HSC
GAGAACCAGCGGCTGT-10-s3d3,HSC
CCTGACTTCCTAGTAA-10-s3d3,CD14+ Mono
GTAAGCGCATTGGGAG-10-s3d3,CD14+ Mono
CGATTATCAGCTACGT-10-s3d3,CD14+ Mono
TTAGACTCAGGACCTT-10-s3d3,Proerythroblast
CTGGACCAGTTAGAGG-10-s3d3,CD14+ Mono
GCTTTGTGTTACGCGG-10-s3d3,CD14+ Mono
CTACTAAAGAGGAGTC-10-s3d3,CD14+ Mono
ACCGCAATCCTCCTAA-10-s3d3,Normoblast
TGGACAAAGGCGGATG-10-s3d3,MK/E prog
CATGGATTCAGCATTA-10-s3d3,Erythroblast
ACCCAACCAAATACCT-10-s3d3,CD14+ Mono
CAAGGTTTCCTTGAGG-10-s3d3,cDC2
GGTTGGTGTTACGCGG-10-s3d3,CD14+ Mono
CCGTGCTGTTCGCTTG-10-s3d3,CD14+ Mono
GTTACTAAGTTGCCTC-10-s3d3,Proerythroblast
GCTATCCTCGGGCCAT-10-s3d3,CD14+ Mono
AATTTGCCAACAGCCT-10-s3d3,Proerythroblast
GGTACTTAGGGCTAAA-10-s3d3,pDC
GCATGAGCAGGAACTG-10-s3d3,CD14+ Mono
GGCTATGTCCATAATG-10-s3d3,cDC2
TCAAACCAGGCCTTAG-10-s3d3,G/M prog
GTGAGGAGTTGCTTCG-10-s3d3,CD14+ Mono
ATGGCCGGTACTGAAT-10-s3d3,cDC2
GCCTGAGGTCACTCGC-10-s3d3,CD14+ Mono
TTCAGGTAGTAGCCAT-10-s3d3,Proerythroblast
CTCTATGTCTATGACA-10-s3d3,MK/E prog
GCATCCTTCGCTTGCT-10-s3d3,CD14+ Mono
GCGATATTCGGTTCCT-10-s3d3,pDC
CATTGCGAGGTCCTGA-10-s3d3,CD14+ Mono
TGCACTTGTTAATGCG-10-s3d3,CD14+ Mono
AAGGTCAAGCAGCTAT-10-s3d3,Erythroblast
CTTAGTTTCAGCCAAT-10-s3d3,CD14+ Mono
TCCTTAGTCGTTATAG-10-s3d3,Proerythroblast
TCTTGACGTCGTTACT-10-s3d3,CD14+ Mono
CCTGGTAAGTTGGATC-10-s3d3,Normoblast
TGCTAACAGACTTATG-10-s3d3,CD14+ Mono
TAACCGGTCACAGCCA-10-s3d3,G/M prog
AGTTGGCGTTGCGCGA-10-s3d3,CD14+ Mono
TACCGAAGTCCCGGAA-10-s3d3,Erythroblast
CAGCTATAGCTAAAGG-10-s3d3,Normoblast
CTAACCCTCATGAAGG-10-s3d3,Erythroblast
ACAGGCTGTCATGAGC-10-s3d3,HSC
CGCCTCATCCTTGCAC-10-s3d3,Erythroblast
TCCGGTTTCAATGAGG-10-s3d3,CD14+ Mono
TAGGAACCACTCGCTC-10-s3d3,Erythroblast
TCTTAGTTCCAAGTGT-10-s3d3,Proerythroblast
ATGACGAAGGTCAAAG-10-s3d3,CD14+ Mono
TAATGCATCTGTGAGT-10-s3d3,CD14+ Mono
GAAGTATAGGCACAGG-10-s3d3,CD14+ Mono
CGAGTCGGTTGGCGTG-10-s3d3,HSC
CTAACCCTCAGGAAGC-10-s3d3,CD14+ Mono
TTAGCGGTCTTGCAGG-10-s3d3,CD14+ Mono
CGCCTCATCGCCTGTT-10-s3d3,CD14+ Mono
TGTAATGTCACAAGCT-10-s3d3,CD14+ Mono
AAGACCAAGCAATAGG-10-s3d3,Normoblast
GTCCTCCCATAGCTGC-10-s3d3,CD14+ Mono
GTCTAATCAGCTCAAC-10-s3d3,cDC2
TTGACGTAGACCATAC-10-s3d3,CD14+ Mono
GCACTAAGTGGAAGGC-10-s3d3,pDC
CACGCTAAGTGAGCAA-10-s3d3,CD14+ Mono
CCTTCGTAGGCGAAAC-10-s3d3,pDC
GATAAAGGTTTGTGGA-10-s3d3,CD14+ Mono
AGAGGAACACAGAAAC-10-s3d3,Erythroblast
CAGGGCTTCATCAGTA-10-s3d3,cDC2
CGAGCTGGTCTTTATG-10-s3d3,Proerythroblast
GACCTAGTCTGGCTTC-10-s3d3,HSC
GCTGAGGAGCAAGGGT-10-s3d3,CD14+ Mono
TGATTAGTCCGCCTCA-10-s3d3,CD14+ Mono
CGCTGTGCACAGGATG-10-s3d3,CD14+ Mono
GGCTTAAGTACCAGGT-10-s3d3,Erythroblast
AAGTTACGTTGAGCCG-10-s3d3,MK/E prog
TGACCTTGTGAAACAA-10-s3d3,CD14+ Mono
CCTCAGTTCACAAGCT-10-s3d3,CD14+ Mono
TGTCAATCACAATGTT-10-s3d3,Erythroblast
TTACCTGTCATTGTCT-10-s3d3,cDC2
TACTGCACAGTAGGAT-10-s3d3,HSC
AAGCATGAGCACGTTG-10-s3d3,CD14+ Mono
GTCTAATCAGAACCGA-10-s3d3,CD14+ Mono
CGCTTAACAGTAGGAT-10-s3d3,CD14+ Mono
GTCGGTTCAACTGGCT-10-s3d3,CD14+ Mono
GAGTCAAAGTCATTAG-10-s3d3,Proerythroblast
ATATGCTCACGTAAGG-10-s3d3,pDC
AGGACGTAGTTTCCTG-10-s3d3,MK/E prog
GCATGAAAGTTTGAGC-10-s3d3,G/M prog
CATCGCTTCACCAATA-10-s3d3,CD14+ Mono
GCCTTTATCTACCTAT-10-s3d3,Proerythroblast
GCGCCTTGTTAATCGG-10-s3d3,HSC
GCGGAACCAGGATAAC-10-s3d3,CD14+ Mono
CGCATTTGTTAGTGAT-10-s3d3,cDC2
GCTTGACCACCTGCTC-10-s3d3,CD14+ Mono
ATCACAATCCCTCAAC-10-s3d3,CD14+ Mono
TCTGTGACATTAGCCA-10-s3d3,HSC
GATTATGTCTCAATTC-10-s3d3,CD14+ Mono
CTGCTATGTCATTGTC-10-s3d3,Proerythroblast
GTCCTAGAGGATGATG-10-s3d3,CD14+ Mono
CGAAGGCCACAGGATG-10-s3d3,HSC
AACCTCCTCATTACTC-10-s3d3,cDC2
GTCCATTGTTACATCC-10-s3d3,CD14+ Mono
CTAGTAGGTACTGATG-10-s3d3,CD14+ Mono
TACTGCACAATATGGA-10-s3d3,cDC2
GAAGTATAGGAGGGTT-10-s3d3,CD14+ Mono
TTGTGTGCAACTGGGA-10-s3d3,CD14+ Mono
ACTTACAAGCTCGCTT-10-s3d3,CD14+ Mono
AAGCCTGTCAATTACG-10-s3d3,CD14+ Mono
GCCCATAAGTAAAGGT-10-s3d3,CD14+ Mono
TTGTGTGCAGGTCCTG-10-s3d3,MK/E prog
AAGTCTATCGGGACCT-10-s3d3,Proerythroblast
GAGCTTGTCTTAGTGA-10-s3d3,CD14+ Mono
CAAGCTAGTTAGCGTA-10-s3d3,CD14+ Mono
ATGAGCCGTGTGTGGT-10-s3d3,Proerythroblast
TCTCACCAGGTTAGAG-10-s3d3,cDC2
CCCTGTTAGCTGGACC-10-s3d3,CD14+ Mono
GCACTAAGTTCCTGTG-10-s3d3,Proerythroblast
TTAGAAGCAAACCCTA-10-s3d3,CD14+ Mono
ATCGGCCAGGCTGTGC-10-s3d3,CD14+ Mono
AACGGTAAGCCGCAAC-10-s3d3,HSC
CCTGATGAGTTACCGG-10-s3d3,MK/E prog
GTACTAATCTTGTTCG-10-s3d3,CD16+ Mono
TTAAGGACATTGTGAT-10-s3d3,cDC2
ATTCCTCCAGTAAAGC-10-s3d3,CD14+ Mono
CTAATCTTCGGTTCCT-10-s3d3,HSC
TTAGCTGCACAAAGAC-10-s3d3,CD14+ Mono
ACTAACTCAACACTTG-10-s3d3,CD14+ Mono
CTTAAGGGTTCTTTAG-10-s3d3,pDC
GAACACAAGCTTTGTT-10-s3d3,Proerythroblast
GGATACTTCACGTTAA-10-s3d3,Erythroblast
TGCACCTTCGAAGTAG-10-s3d3,Proerythroblast
TTGACATCAACCCTCC-10-s3d3,HSC
GATAAGCCATCACAGC-10-s3d3,CD16+ Mono
ACACTTAAGATAAAGC-10-s3d3,CD14+ Mono
CACTAGCCAAGCTTAT-10-s3d3,CD14+ Mono
AACCGCTCAATGCCCG-10-s3d3,Erythroblast
ATTAACCCAATCATGT-10-s3d3,Erythroblast
TGAGGAGGTCCTAATC-10-s3d3,CD14+ Mono
GAGCGATAGCCGGTAC-10-s3d3,Erythroblast
TCCAGCAAGGCCTGGT-10-s3d3,CD14+ Mono
GTTGGAGCATTGTGGC-10-s3d3,CD14+ Mono
CCCGCAACAAGTGAAC-10-s3d3,CD14+ Mono
AAGCGCTGTCGACTCC-10-s3d3,CD14+ Mono
TAGTTTGAGGGTTAGA-10-s3d3,CD14+ Mono
CAATAGCTCATGACCG-10-s3d3,CD14+ Mono
GATTAAGCATAGACTT-10-s3d3,CD14+ Mono
CATCAATCACCTCAGG-10-s3d3,Erythroblast
CCTAATCGTGACATGC-10-s3d3,CD14+ Mono
CGAATCTAGCAAGACA-10-s3d3,CD14+ Mono
ATGTTTGAGGTTACGT-10-s3d3,CD14+ Mono
CCCAATTGTTAGCGTA-10-s3d3,Proerythroblast
CCTAAATCAAGACTCC-10-s3d3,CD14+ Mono
CCAGTTTGTTTGCGCC-10-s3d3,Erythroblast
AGGGCTACATATAACC-10-s3d3,Proerythroblast
ATCCACCTCTATTGTC-10-s3d3,CD14+ Mono
CAATCCCTCAGTATTG-10-s3d3,CD14+ Mono
AGGCCCAGTCATGAGC-10-s3d3,Erythroblast
GGCGCTAGTTCTTTAG-10-s3d3,Proerythroblast
GCATGAAAGCCAAATC-10-s3d3,HSC
TACCGAAGTTAAGCGC-10-s3d3,Erythroblast
ACACTTGCAAGGTGGC-10-s3d3,CD14+ Mono
GGTCCATCAACTAGAA-10-s3d3,cDC2
GTAGGATCACCTATAG-10-s3d3,pDC
TTTGTCCCACTATGGC-10-s3d3,CD14+ Mono
GGAGCGATCCGGCTAA-10-s3d3,HSC
GGCCTTAAGCGGCTGT-10-s3d3,CD14+ Mono
TGGCTATAGCATTATG-10-s3d3,cDC2
CGGTTTCTCATGCATA-10-s3d3,CD14+ Mono
TTTGTGTTCCATCAGG-10-s3d3,CD14+ Mono
CAATAAGCAGCTCATA-10-s3d3,Proerythroblast
CTACTTAGTAACTACG-10-s3d3,Normoblast
GTTTGTAAGTCCTGAG-10-s3d3,Normoblast
TAAGTAGCATAGACTT-10-s3d3,CD16+ Mono
TGGTTGAGTGCTCCAC-10-s3d3,CD14+ Mono
CAGGGTGAGAGGCTAA-10-s3d3,CD14+ Mono
GCATCCTTCCTTAAGA-10-s3d3,HSC
CTTGCATGTGCATTAG-10-s3d3,CD14+ Mono
GTGTTACAGCAAGATG-10-s3d3,MK/E prog
ACCAAGTTCTTAGCGG-10-s3d3,G/M prog
TCATTGTTCGGTAACT-10-s3d3,cDC2
TTAACCAAGGAACCAA-10-s3d3,HSC
ACCACATAGGCGGATG-10-s3d3,cDC2
TTAGGAACATCCTAGA-10-s3d3,CD14+ Mono
GTTCTCATCAAGCGCC-10-s3d3,CD16+ Mono
TACAATGTCTGCAAAC-10-s3d3,CD14+ Mono
GCTAATATCCGCTAGA-10-s3d3,CD14+ Mono
TTGTCAAAGTTCCTGC-10-s3d3,pDC
GCAGGCAAGTTCCCGT-10-s3d3,CD14+ Mono
CTTACCGGTACTGAAT-10-s3d3,CD14+ Mono
CAATCTAAGGAACCGG-10-s3d3,CD14+ Mono
GCCCAAATCATGCTCC-10-s3d3,Erythroblast
TGAGCTTAGAGCCGGA-10-s3d3,Erythroblast
GGTAACCGTGAGCACT-10-s3d3,CD14+ Mono
TACTGAGGTTTAAAGC-10-s3d3,CD14+ Mono
ATGACCAGTCCCGGAA-10-s3d3,cDC2
ACACTAATCAAGCTAC-10-s3d3,Erythroblast
GGAGCATAGGCTGTGC-10-s3d3,HSC
GTAGGTGCACAGACTC-10-s3d3,cDC2
ACATAGCTCGTGCTTC-10-s3d3,Erythroblast
CTAGCGGGTCCGTGAG-10-s3d3,pDC
TCCAGGATCACCGGTA-10-s3d3,Erythroblast
ACTTAGTCAAAGCTAA-10-s3d3,CD14+ Mono
AGTTGCGTCCAAACAC-10-s3d3,CD14+ Mono
CATTTGTTCAGCACCA-10-s3d3,HSC
TCTTAGCGTAAGCTTG-10-s3d3,HSC
TGTGAAACAAGGTACG-10-s3d3,CD14+ Mono
AGTTTGCAGCCTGTTC-10-s3d3,Erythroblast
CTTAGTTTCATTAGTG-10-s3d3,pDC
GCCCATAAGCTGCACA-10-s3d3,CD14+ Mono
TACGTTAAGGCTATGT-10-s3d3,Erythroblast
GAAAGCCAGGTACCGC-10-s3d3,Normoblast
GTGCTCCGTCACGAAC-10-s3d3,CD14+ Mono
CGACTAAGTGAGACTC-10-s3d3,HSC
TGAACAACATTTGCTC-10-s3d3,CD14+ Mono
TGAGCTTAGGAACCGG-10-s3d3,CD14+ Mono
GTACGTAGTCACTCGC-10-s3d3,CD14+ Mono
TCCCTCACAGATAGAC-10-s3d3,MK/E prog
CCTGTAACAGCACGAA-10-s3d3,CD14+ Mono
AAAGCACCAGGTTATT-10-s3d3,CD14+ Mono
CGTTATTTCTGTTGCC-10-s3d3,Erythroblast
GTTTACCGTAGCTAGC-10-s3d3,CD16+ Mono
CGTTAGTAGGTGCTGC-10-s3d3,pDC
TTGTCCCAGCGTGCAC-10-s3d3,CD14+ Mono
TTTGAGTCAAATACCT-10-s3d3,CD14+ Mono
CACAGGCTCATTGCGG-10-s3d3,CD14+ Mono
CCTATTTAGCTGAGGG-10-s3d3,Normoblast
GAAAGCCAGCTTATGA-10-s3d3,CD14+ Mono
TGTTCCTCAGCATTAT-10-s3d3,CD14+ Mono
CTACCTCAGTTAGTTG-10-s3d3,CD14+ Mono
AGGTCAAAGGAGCATA-10-s3d3,Erythroblast
CATTCCTCACACCAAC-10-s3d3,CD14+ Mono
TTGCCCGTCTAATCTC-10-s3d3,MK/E prog
AAGACATAGCTTATGA-10-s3d3,Proerythroblast
TCAGCGATCACTAGGT-10-s3d3,CD14+ Mono
CTTATTGGTCCACAAA-10-s3d3,Erythroblast
AGGCAATCACCAGCAT-10-s3d3,CD14+ Mono
AGGATGTCAAGGGTTG-10-s3d3,CD14+ Mono
GGACCGAAGGAAGCTA-10-s3d3,CD14+ Mono
AACGCTAGTTTAAAGC-10-s3d3,CD14+ Mono
GTTACAGGTGGATTGC-10-s3d3,CD14+ Mono
AGCGCTCAGGACACTT-10-s3d3,Erythroblast
CGACTAAGTTTAACGG-10-s3d3,CD14+ Mono
TAATCCGCATAGCTTG-10-s3d3,CD14+ Mono
TTCATTCAGGACCTTG-10-s3d3,Erythroblast
AGGATCCGTACGTTTC-10-s3d3,cDC2
ACATTGCAGCTAATTG-10-s3d3,Erythroblast
ATTTGCGCACAGAAAC-10-s3d3,cDC2
GGTTACTAGCCTGACA-10-s3d3,CD14+ Mono
CAATAGCTCTTGACCC-10-s3d3,pDC
GCCCAAATCAATCTAG-10-s3d3,CD14+ Mono
GTAGCTGTCAAAGGCA-10-s3d3,MK/E prog
ACCCTCCCATTGTGCA-10-s3d3,HSC
CCAGACTCAGGAAGCC-10-s3d3,Proerythroblast
CAATCTAAGCGATAGA-10-s3d3,CD14+ Mono
CTATTACTCTTCAATC-10-s3d3,CD14+ Mono
CTGCTATGTAATCCCT-10-s3d3,CD14+ Mono
TGATCGAGTCCGCTGT-10-s3d3,MK/E prog
AGCTACGTCTTACTCG-10-s3d3,CD14+ Mono
TTGTTTGGTAGGTTTG-10-s3d3,MK/E prog
CAAGGGAGTTAATGCG-10-s3d3,pDC
GCCACTAAGTAAACCC-10-s3d3,CD14+ Mono
ACTTGAATCTCTAGCC-10-s3d3,Proerythroblast
CATAACGGTACGCGCA-10-s3d3,pDC
ACCCAGGGTTGCGCGA-10-s3d3,G/M prog
GCAATGTTCTTACTCG-10-s3d3,CD14+ Mono
AGGTTTATCTGTGCCT-10-s3d3,cDC2
CGAAGCCTCGCTATAA-10-s3d3,G/M prog
ACCGGTTCACCTAATG-10-s3d3,CD14+ Mono
AGAACAAGTCAAGACC-10-s3d3,Proerythroblast
TCAAACCAGGCATGAA-10-s3d3,Proerythroblast
GCCTTTGGTGTTTGTC-10-s3d3,CD14+ Mono
ATCCGTGAGTGAACAG-10-s3d3,CD14+ Mono
GCAGGATAGCCAGTAT-10-s3d3,Erythroblast
GTTAATGTCCGCAACA-10-s3d3,HSC
TCTTGTCCAGTATGTT-10-s3d3,Normoblast
ACTAACCAGGACCTGC-10-s3d3,CD14+ Mono
AGGCCCAGTTACTTGC-10-s3d3,Erythroblast
AATTACCCACCTCACC-10-s3d3,CD14+ Mono
CCTCCTGAGCTGCACA-10-s3d3,HSC
CAGAACCGTTATCCTA-10-s3d3,CD14+ Mono
TTGGATCAGTTATGTG-10-s3d3,CD14+ Mono
TGGCTATAGTTGTCAA-10-s3d3,CD14+ Mono
GACCTGCAGCGGATTT-10-s3d3,cDC2
GCTGGATGTCAATACG-10-s3d3,CD14+ Mono
GTCATTAAGTCAGGCC-10-s3d3,Proerythroblast
GGTGCTTCACGTTACA-10-s3d3,pDC
CTACTAAAGCCTGTGA-10-s3d3,Proerythroblast
GAACTTATCCGCACAA-10-s3d3,cDC2
TGCTTAAAGCACGATT-10-s3d3,HSC
AAAGGAGCAGAGAGCC-10-s3d3,CD14+ Mono
TTACAGCAGTTGTCTT-10-s3d3,CD14+ Mono
GTGCGCAGTACCCACC-10-s3d3,CD14+ Mono
TCCATTGTCGCGACAC-10-s3d3,CD14+ Mono
AGGTCAAAGTACCGCA-10-s3d3,CD14+ Mono
TTAGGATGTCATGCAA-10-s3d3,Normoblast
AGCACTAGTTCCGGGA-10-s3d3,CD14+ Mono
GTTAAGCTCAGTGAAG-10-s3d3,HSC
CCGGTAGGTAACTACG-10-s3d3,CD14+ Mono
GGACGGATCACTTCAT-10-s3d3,CD14+ Mono
ACGCAAGCAAGGTCCT-10-s3d3,HSC
CTACCGGCAGACAAAC-10-s3d3,pDC
TAGCGGCTCCAAGTGT-10-s3d3,CD14+ Mono
CCATAAGGTGGACATC-10-s3d3,CD14+ Mono
CTGACCAAGCTCCTAC-10-s3d3,cDC2
GCGCTAGGTCCCGGAA-10-s3d3,Normoblast
ATGTTTGAGTGAAGTG-10-s3d3,Proerythroblast
AATTACCCAACTAGGG-10-s3d3,G/M prog
GTACGTAGTTAAGCCA-10-s3d3,CD14+ Mono
TACTGAGGTGGGTGAA-10-s3d3,CD14+ Mono
CTCCGTCCATAGCTTG-10-s3d3,MK/E prog
AAGCGAATCCGTGACA-10-s3d3,Erythroblast
TGAGTTTCATTTGCTC-10-s3d3,Erythroblast
TCAGGTTAGGCCAATT-10-s3d3,CD14+ Mono
CAGGACCTCGGCCAGT-10-s3d3,Erythroblast
GCCATTACAAGTGTCC-10-s3d3,CD14+ Mono
TCGTTAAAGGCCATCA-10-s3d3,CD14+ Mono
GTAAGCGCAAGGTATA-10-s3d3,Erythroblast
CACATACAGGACAACA-10-s3d3,CD16+ Mono
AATGTCCAGGTGCTGC-10-s3d3,CD14+ Mono
TGAGGGAGTTCAAGCA-10-s3d3,Erythroblast
AGCCAGTGTGCTGTAA-10-s3d3,CD14+ Mono
AGAACCGCAACAGGTG-10-s3d3,G/M prog
CGATTATCATGTTTGG-10-s3d3,CD14+ Mono
GCTTTGTGTTATAGCG-10-s3d3,CD14+ Mono
ACATCAATCGTTTCGC-10-s3d3,CD14+ Mono
TGCGGTTCAGCAAGAT-10-s3d3,CD14+ Mono
TAAGCCTAGCTGTACG-10-s3d3,CD14+ Mono
TTTCAGTTCCGCAAGC-10-s3d3,CD14+ Mono
CCTGGTAAGGTGAAAT-10-s3d3,CD14+ Mono
GGAGGTTAGCTGTCAG-10-s3d3,Erythroblast
GGTGTTGTCCTTCGTA-10-s3d3,CD14+ Mono
TGAGTTTCATAGCGAG-10-s3d3,CD14+ Mono
TTTGCGACAATAGTCT-10-s3d3,CD14+ Mono
AATGTCCAGCTGCACA-10-s3d3,Erythroblast
CACAGGGAGTAGCGCC-10-s3d3,cDC2
CTTGAACAGTTTGTCT-10-s3d3,CD16+ Mono
CGCATATAGTACCGCA-10-s3d3,Erythroblast
CGTGCTGCAGCAAATA-10-s3d3,CD14+ Mono
ACTCCTCAGGACCGCT-10-s3d3,CD14+ Mono
GCGGGTTTCCATTACT-10-s3d3,CD14+ Mono
GCTGACATCCATAATG-10-s3d3,CD14+ Mono
TATAACCCACCTCGCT-10-s3d3,CD14+ Mono
TGCCGGTAGCCATCAG-10-s3d3,Normoblast
AGAATCGAGCCTCTGT-10-s3d3,CD14+ Mono
CGTAACCCATGTCAAT-10-s3d3,pDC
CAAGTAACATTATGGT-10-s3d3,Proerythroblast
GAAACTGAGGTCAAAG-10-s3d3,HSC
GAAAGGCTCCTGGTCT-10-s3d3,Erythroblast
AGTAACGAGTAGGCGG-10-s3d3,CD14+ Mono
GATCAGGCAATTAACC-10-s3d3,cDC2
TCAGGTTAGCTATATG-10-s3d3,CD14+ Mono
TCGCGCACAAGACTCC-10-s3d3,CD14+ Mono
CCAAACTAGGTAACGA-10-s3d3,CD14+ Mono
GGGTTTGTCCCTCACG-10-s3d3,Erythroblast
AGCTAAACACTGGCCA-10-s3d3,Erythroblast
CCTGCTCCAGCTTACA-10-s3d3,pDC
CAGAACCGTCACAAAT-10-s3d3,CD14+ Mono
ATCACTAAGCGATAAG-10-s3d3,CD14+ Mono
CAGCTCAAGCTATATG-10-s3d3,Erythroblast
CTACCGGCATTGTTGG-10-s3d3,HSC
TACCGCAAGCTTGCTC-10-s3d3,CD14+ Mono
ACCAGGGAGCTTCCCG-10-s3d3,CD14+ Mono
GCACATTAGGTGCTGC-10-s3d3,CD14+ Mono
TCACCTGGTTTGTGGA-10-s3d3,cDC2
AGGCTAAAGCGCCTAA-10-s3d3,CD14+ Mono
GATCCGTCAGGCTAGA-10-s3d3,CD14+ Mono
TCCTGGTTCAAGGACA-10-s3d3,Proerythroblast
AAGACAAGTCATGAGC-10-s3d3,pDC
CGGTAACGTGCTAGCG-10-s3d3,CD14+ Mono
TGCTCCGTCAACAAGG-10-s3d3,CD14+ Mono
TGCTTCCAGCTTTGGG-10-s3d3,CD16+ Mono
TGGTAAACAGCCAGAA-10-s3d3,pDC
TGTTGTGCACATGCTA-10-s3d3,Normoblast
TACATCAAGGTTACAC-10-s3d3,CD14+ Mono
TTACCGTGTTGTAACG-10-s3d3,CD14+ Mono
TCAGCAAGTTACTTCA-10-s3d3,G/M prog
CTTGCTCAGCTTCCCG-10-s3d3,CD14+ Mono
CCTATTGTCGCTAGCA-10-s3d3,CD14+ Mono
GTGCTGGGTTTGTCTA-10-s3d3,Erythroblast
GATTCAGGTCGAAGTC-10-s3d3,CD14+ Mono
ATTATGGTCTTGTCTG-10-s3d3,Erythroblast
TTTGGTGCAACTAACT-10-s3d3,HSC
CTGTTTAGTTGTCATC-10-s3d3,Proerythroblast
CTAGTCGAGGCAACAA-10-s3d3,HSC
ACACTTAAGGTTACGT-10-s3d3,CD14+ Mono
TTTAACCTCGCTAGTG-10-s3d3,Erythroblast
CCAACCCGTCCTAAGA-10-s3d3,CD14+ Mono
ACCAGCTCAGTAGCCT-10-s3d3,Proerythroblast
TTTCACCCATAGCGGA-10-s3d3,CD14+ Mono
CAAACCGTCCACCTGT-10-s3d3,CD14+ Mono
GATTCGCCAGCATGGA-10-s3d3,pDC
TTTCCACCAGCTAATT-10-s3d3,Proerythroblast
ATTTGTGAGGCGCTTA-10-s3d3,CD14+ Mono
TACCTCATCGCTTGCT-10-s3d3,Proerythroblast
ATCGGCCAGTATTGCA-10-s3d3,CD14+ Mono
TTAGGCTAGAGGATAT-10-s3d3,CD14+ Mono
GTATGTTCAGGATAAC-10-s3d3,pDC
GATAAAGGTAACCTAG-10-s3d3,CD14+ Mono
CGCATGATCATTGCAA-10-s3d3,Erythroblast
ACTAACGGTAATCCCT-10-s3d3,CD14+ Mono
TACGTTAAGCAGCTCA-10-s3d3,CD14+ Mono
AGGTTGCGTTCGCTTG-10-s3d3,Erythroblast
TCTAGCACAACTAGGG-10-s3d3,CD14+ Mono
TTTCATCAGAACCTAC-10-s3d3,MK/E prog
CGCTACTTCCTGTTCA-10-s3d3,CD14+ Mono
TCCTCACAGTAAGGGC-10-s3d3,CD14+ Mono
TGCATCCTCGGGACCT-10-s3d3,CD14+ Mono
TATAGGTGTAGCTAAT-10-s3d3,CD14+ Mono
TTGCGTCTCGCAACAT-10-s3d3,cDC2
CCAACCAAGTCATTTC-10-s3d3,CD14+ Mono
AGCCTGGGTAAACAAG-10-s3d3,HSC
AACATCATCGTTAACA-10-s3d3,CD14+ Mono
TTAAAGGCACCAGCAT-10-s3d3,Erythroblast
TTTCTTGCAAGGTCCT-10-s3d3,CD14+ Mono
ACAGTATGTGAGGTGA-10-s3d3,CD14+ Mono
GAGGTACAGACACCGC-10-s3d3,cDC2
TGCTTGTGTTGTAAAC-10-s3d3,CD14+ Mono
GTCCAGGGTAGCTGGT-10-s3d3,CD14+ Mono
TAGCTAATCGGTAACT-10-s3d3,CD14+ Mono
AGCACTAGTGCTGTAA-10-s3d3,Proerythroblast
GGTCCATCAGGAAGCC-10-s3d3,Proerythroblast
TGCATGAGTTTCAGGA-10-s3d3,CD14+ Mono
TTGGAGGCAGTTAGCC-10-s3d3,CD14+ Mono
GTAAGGTCATTGTGCA-10-s3d3,pDC
TGCACTTGTAATCCCT-10-s3d3,Erythroblast
TGGACTAGTGTAACCA-10-s3d3,G/M prog
GCCTACTTCGGCCAGT-10-s3d3,pDC
TTTCCTGAGCAAGGAC-10-s3d3,CD14+ Mono
TTCCCGCCAGCTCATA-10-s3d3,Proerythroblast
TGCACCTTCAAGCCTG-10-s3d3,Proerythroblast
CGCTATGAGTGTTGTA-10-s3d3,Normoblast
GTCCGTAAGGATCCGC-10-s3d3,CD14+ Mono
ACCGGCTAGGGACTAA-10-s3d3,CD14+ Mono
ATGGCTGTCTTTGTAC-10-s3d3,Proerythroblast
AATTGCCAGGGTGAGT-10-s3d3,cDC2
TTGCGAGTCGCCTGTT-10-s3d3,pDC
GCTTAAATCTAACTGA-10-s3d3,cDC2
AACTACTCAAGCTTTG-10-s3d3,pDC
GCAGGTGAGACACTTA-10-s3d3,CD14+ Mono
CGCCTGTGTACAAAGA-10-s3d3,cDC2
TTAAGTGTCCTGAGTG-10-s3d3,Erythroblast
TGGACAAAGTACCGCA-10-s3d3,CD14+ Mono
TATCGAGGTTACTAGG-10-s3d3,Proerythroblast
TCGTAATCAATAAGCA-10-s3d3,pDC
TTTAGGATCTCAATGA-10-s3d3,HSC
CTAGATTCACATGCTA-10-s3d3,Erythroblast
TTATCCGTCGTTATAG-10-s3d3,CD14+ Mono
CCGTTAACACCACAAC-10-s3d3,CD14+ Mono
AGCAGGTAGGGTCCAC-10-s3d3,cDC2
TCCATAAAGGAACCAA-10-s3d3,Erythroblast
GGTTTAATCGCTAGAT-10-s3d3,Erythroblast
AGCTCATAGCAGCTAT-10-s3d3,CD14+ Mono
TATGACTCAAACAACA-10-s3d3,CD14+ Mono
TCTTCAAGTGTTGCAA-10-s3d3,CD14+ Mono
AATATCCCACGTAAGG-10-s3d3,CD16+ Mono
TTCGTGCTCGGTTACG-10-s3d3,CD14+ Mono
ATTGACTCATGGAGGC-10-s3d3,MK/E prog
CACATACAGGGTCCAC-10-s3d3,CD14+ Mono
CTTATGTTCTTAGCGG-10-s3d3,G/M prog
TAAGTGCTCCCAGTAG-10-s3d3,CD14+ Mono
AGAACCAAGCAGGTGG-10-s3d3,pDC
CCATCACTCAGCAAGA-10-s3d3,Erythroblast
AGCCAGTGTACTGATG-10-s3d3,CD14+ Mono
GGTATGTTCATGGTTA-10-s3d3,Erythroblast
TTTGGCTGTTCCATTA-10-s3d3,Proerythroblast
CAATAAGCAAGCTAAA-10-s3d3,pDC
ACGGTTTAGTGAACGA-10-s3d3,MK/E prog
TCTTTGTAGTTAGGCT-10-s3d3,CD14+ Mono
GAACCGCTCGTAATCA-10-s3d3,Erythroblast
ACGCACGGTCATTAGG-10-s3d3,CD14+ Mono
GTGCATTAGTGCACGC-10-s3d3,CD14+ Mono
CATGCATAGGGCTAAA-10-s3d3,CD14+ Mono
AGCGTGCTCCCGTTAC-10-s3d3,CD14+ Mono
GGGTTTCCATCGCTCC-10-s3d3,Proerythroblast
TGTTGTAAGCATGGTT-10-s3d3,CD14+ Mono
TGTGCTGAGGCGCTAC-10-s3d3,CD14+ Mono
ATTACTGAGCAGCTCA-10-s3d3,CD14+ Mono
ATCCTGACAGTTTACG-10-s3d3,G/M prog
GTCGAGGAGGAGCAAC-10-s3d3,CD14+ Mono
AGTAACACATTAAGCT-10-s3d3,CD14+ Mono
ACCTTCCAGGCGGGTA-10-s3d3,CD14+ Mono
CTTTAGTTCGGTACGC-10-s3d3,Proerythroblast
GTACGTAGTTATCCTA-10-s3d3,Proerythroblast
AGCTACTAGCGATAAG-10-s3d3,CD14+ Mono
CGGATAAAGACCATAC-10-s3d3,Erythroblast
GGTCCTGCAGCTAATT-10-s3d3,CD14+ Mono
GGGAATATCATCCACC-10-s3d3,CD16+ Mono
CGAGGAAGTGCAACTA-10-s3d3,Erythroblast
GTCTAATCATGCAACC-10-s3d3,Proerythroblast
GGGTTTCCATAAAGCA-10-s3d3,Proerythroblast
TTCGTGCTCCACCCTG-10-s3d3,MK/E prog
CAAAGGATCCTAAGTA-10-s3d3,CD14+ Mono
AAACGGATCGCTATAA-10-s3d3,CD14+ Mono
AATTGCCAGCATGTCG-10-s3d3,CD14+ Mono
ATGTCATCATCCAGGT-10-s3d3,Erythroblast
CTTGCTCAGAGGCTAA-10-s3d3,MK/E prog
CTAATTGAGGCCGGAA-10-s3d3,CD14+ Mono
TATCACGCAGAATGAC-10-s3d3,Erythroblast
GGATTCAGTTCCGGGA-10-s3d3,pDC
GTTCCCAGTTGCGCGA-10-s3d3,CD14+ Mono
AAACGCGCAAGGTAAC-10-s3d3,CD14+ Mono
AAACCGGCAGCAAGTG-10-s3d3,CD14+ Mono
ATTTAGCCAAGTGTTT-10-s3d3,CD14+ Mono
CCTATTGTCAAGGACA-10-s3d3,Proerythroblast
TACTCAAAGGACCTGC-10-s3d3,CD14+ Mono
TTATCCGTCGAGCAAA-10-s3d3,CD14+ Mono
CACAGGGAGCATTTCT-10-s3d3,CD14+ Mono
ATCAATCCATGGAGGC-10-s3d3,CD16+ Mono
TACGCTTGTTCCAGGG-10-s3d3,Proerythroblast
ACGACAAAGCACTTGG-10-s3d3,CD14+ Mono
GTACTTAAGGAGTCTT-10-s3d3,CD14+ Mono
GATGGCTGTCACAGCG-10-s3d3,Erythroblast
CGTTGCGCACAGGATG-10-s3d3,Erythroblast
GGTTCTTGTAGCTAAT-10-s3d3,Erythroblast
TTAAGGTGTAGCTAAT-10-s3d3,CD14+ Mono
GATGCTTAGCGCTCAA-10-s3d3,CD14+ Mono
GAGTGAGGTCTCAGCC-10-s3d3,CD14+ Mono
CCGCTAGCAAAGCCTC-10-s3d3,Proerythroblast
CGCACACAGAAACTGG-10-s3d3,Proerythroblast
TCAGCCTTCTCACAAA-10-s3d3,CD14+ Mono
ATGACCAGTACTTAGG-10-s3d3,CD14+ Mono
TGGGCCTAGACCATAC-10-s3d3,CD14+ Mono
TTTACGAAGAACCTGT-10-s3d3,CD16+ Mono
TACGCTTGTACCGGAT-10-s3d3,CD14+ Mono
GTGAGCGAGTGAAGTG-10-s3d3,cDC2
TATGGATGTAGGTTGC-10-s3d3,CD14+ Mono
GGCCTTCGTTGCTGGG-10-s3d3,CD14+ Mono
ACGCTTGAGAAGCTAG-10-s3d3,CD14+ Mono
TCTAGCACATGTTGCA-10-s3d3,CD16+ Mono
GTCATCACAGTAAAGC-10-s3d3,Proerythroblast
CCAAACCCACAGGGAC-10-s3d3,CD14+ Mono
GAACACAAGGATTTGC-10-s3d3,CD14+ Mono
GGATTTATCTTTAAGG-10-s3d3,Erythroblast
TGTGTGAGTGAAACAA-10-s3d3,Erythroblast
ATCCGTGAGGTCCTGA-10-s3d3,Erythroblast
GCTCTGGCAGTTAGCC-10-s3d3,Proerythroblast
AGGTTTGGTCTCACTG-10-s3d3,CD14+ Mono
AGCATCCCAGAACCGA-10-s3d3,Erythroblast
TGTGTTAAGGGATGAC-10-s3d3,MK/E prog
GGATACTTCGAGCAAA-10-s3d3,cDC2
CAATCCTGTGCACGCA-10-s3d3,CD14+ Mono
TAACAAGCATGAGCAG-10-s3d3,HSC
GGCGGTTTCTGCAAAC-10-s3d3,CD14+ Mono
ATTACTGAGATAAAGC-10-s3d3,CD14+ Mono
GGCTGTCAGCTAGAAG-10-s3d3,Erythroblast
ACGCCTAAGGTGAAAT-10-s3d3,cDC2
CATAACGGTTAGTTGG-10-s3d3,pDC
AGGATCCGTTACGCGG-10-s3d3,CD14+ Mono
AAGCGTTTCTTTAAGG-10-s3d3,Erythroblast
GGCTATGTCCAACTGG-10-s3d3,CD14+ Mono
ATTGAAGCAGTATGTT-10-s3d3,CD14+ Mono
CAAGTTATCGGCCATA-10-s3d3,CD14+ Mono
AGGATATAGGCCCAGT-10-s3d3,HSC
CTTGTAAAGTTAGCCG-10-s3d3,CD14+ Mono
TCGCGAGGTAACGGGA-10-s3d3,CD14+ Mono
GGCTCAATCATGAAGG-10-s3d3,HSC
ATGACTCAGGCACAGG-10-s3d3,CD14+ Mono
AGAAAGGCAATTGCGC-10-s3d3,CD14+ Mono
CCGGTTAAGCCGCTTT-10-s3d3,CD14+ Mono
TGGACTAGTATTACCC-10-s3d3,CD14+ Mono
AAGGTGCAGGTGTCCA-10-s3d3,Erythroblast
GCAGGTTGTTGCTGGG-10-s3d3,CD14+ Mono
TGCACTTGTGCTGGTG-10-s3d3,G/M prog
GCGGAACCAACTAGCC-10-s3d3,CD14+ Mono
CACTAGCCACAAAGCG-10-s3d3,Erythroblast
ATCACACAGCCACAAT-10-s3d3,CD14+ Mono
AAGCCTCCAAACGGGC-10-s3d3,Normoblast
GGATTTATCATTAGTG-10-s3d3,Proerythroblast
TAGCGGCTCGTCAAGT-10-s3d3,Proerythroblast
GATCCGTCACGGTACT-10-s3d3,CD14+ Mono
GCCACAATCTCACACC-10-s3d3,Erythroblast
GAGCTAGCAGGCGAGT-10-s3d3,CD14+ Mono
ACAAAGGTCGCCTGTT-10-s3d3,cDC2
AAGCCTTAGAACCTGT-10-s3d3,HSC
CTAAATGTCTAATCCT-10-s3d3,CD14+ Mono
TTAACTGAGAGAGCCG-10-s3d3,CD14+ Mono
CCTAAGGTCGCACAAT-10-s3d3,pDC
GTTACCTGTCAGGCAT-10-s3d3,Proerythroblast
CGGACCTAGGTTACAC-10-s3d3,HSC
GCTGGTTCATAATTGC-10-s3d3,CD14+ Mono
TCTACCTCATAATCGT-10-s3d3,CD14+ Mono
AATGCGCGTGTCCTGC-10-s3d3,cDC2
CTTATGTTCGGTCAAT-10-s3d3,Erythroblast
TGGACGGAGTGCACGC-10-s3d3,CD16+ Mono
TTCACTGTCAATCTAG-10-s3d3,CD14+ Mono
CGAGCTGGTATTACCC-10-s3d3,Proerythroblast
GACCGAACATAGCAGG-10-s3d3,CD14+ Mono
AAACAGCCAAAGCTCC-10-s3d3,Proerythroblast
GAGGCTACATGTGGGA-10-s3d3,Proerythroblast
CGTTATCGTCCCGGAA-10-s3d3,CD14+ Mono
TATAACCCATCCAGGT-10-s3d3,Erythroblast
ACTCGCGCATGTGGGA-10-s3d3,Proerythroblast
TCTGGCTTCACGAATC-10-s3d3,CD14+ Mono
AGGCTAAAGTGAGGGT-10-s3d3,CD14+ Mono
GAGGGAGCAGTAGGAT-10-s3d3,Proerythroblast
TAAGCCAGTCAAAGAA-10-s3d3,Erythroblast
AGATGAAGTTAAGCCA-10-s3d3,CD14+ Mono
TAGCTAGGTCATAAGT-10-s3d3,Erythroblast
ACCCTGTTCATTCATC-10-s3d3,CD14+ Mono
AAAGCAAGTCATAGAT-10-s3d3,CD14+ Mono
CAGAATCTCCTAACGG-10-s3d3,Proerythroblast
CTCATTGTCACAAGCT-10-s3d3,Proerythroblast
TCGGTAAGTGATCATG-10-s3d3,Erythroblast
TCATACTTCCGCCTCA-10-s3d3,HSC
TGGCTATAGTAGCTTA-10-s3d3,HSC
ACCTTCCAGTCAATTG-10-s3d3,G/M prog
ATCGCCCGTATTACCC-10-s3d3,MK/E prog
TGCGCAGGTGGATTCA-10-s3d3,CD14+ Mono
TCTACTAGTTCGGGAT-10-s3d3,Proerythroblast
TGATGATGTATTGCAG-10-s3d3,cDC2
CTCCTAATCAATCTAG-10-s3d3,cDC2
CTCATCATCTGCAAAC-10-s3d3,Proerythroblast
ACGTACCCACATAACT-10-s3d3,CD14+ Mono
AAGAATCAGGAAGCTA-10-s3d3,cDC2
GGCTTAAGTTCCTCCT-10-s3d3,cDC2
GGATTTATCATGGCTG-10-s3d3,CD14+ Mono
GAGATAAGTTTCAGGA-10-s3d3,CD14+ Mono
TGATCAATCGAAGCGG-10-s3d3,CD14+ Mono
GTACTTCGTTTATTCG-10-s3d3,CD14+ Mono
CATCACACATAGCGAG-10-s3d3,Proerythroblast
ACCACACCAAGGTGGC-10-s3d3,CD14+ Mono
GGGCAATAGTTCCCGT-10-s3d3,Erythroblast
TCTTAGCGTGATCAGC-10-s3d3,Erythroblast
ATGACTCAGCGTGCGT-10-s3d3,CD14+ Mono
TTTGTGAAGAATCGCT-10-s3d3,pDC
GATAATCGTTTACCGT-10-s3d3,pDC
TAACAAGCACATTAAC-10-s3d3,CD14+ Mono
AAACCAACATTTAAGC-10-s3d3,CD14+ Mono
GCTTACCTCGTTACTT-10-s3d3,CD14+ Mono
TAGTCAATCCTCACTA-10-s3d3,Proerythroblast
CAGCTATAGTTCCTCA-10-s3d3,Proerythroblast
TCCTTGCAGTTATCTC-10-s3d3,Erythroblast
AGGATGTCAGTTTGTG-10-s3d3,CD14+ Mono
CTTGCATGTCATGCCC-10-s3d3,cDC2
GAGTGATCACCCTCAC-10-s3d3,pDC
TGATCGAGTCAATAGT-10-s3d3,Erythroblast
TTTAGCAAGGCTACTG-10-s3d3,cDC2
TGGCTATAGTCATTTC-10-s3d3,CD14+ Mono
CAATGTCAGTCAGGCC-10-s3d3,CD14+ Mono
CTTTGTCCATACCCGG-10-s3d3,CD14+ Mono
ATGATGGAGCGAAGTA-10-s3d3,CD14+ Mono
CCTTCGGTCCTGTTCA-10-s3d3,Erythroblast
CTTACCGGTCATTGAG-10-s3d3,cDC2
CCAGCTAAGGCCATCA-10-s3d3,Normoblast
AGTGATGAGATTGAGG-10-s3d3,pDC
GTGCTCCGTAATCGGC-10-s3d3,Proerythroblast
GGCAATCGTTGTAACG-10-s3d3,Normoblast
AAGGATGTCCCGTTAC-10-s3d3,CD14+ Mono
AGTGCGGAGGGACTAA-10-s3d3,Erythroblast
GCTATTGCACAATTAC-10-s3d3,cDC2
TGGTCAGTCCCTGACT-10-s3d3,CD14+ Mono
CGTTAACAGCCAGTAT-10-s3d3,CD14+ Mono
GCCTCAAAGCATTTCT-10-s3d3,CD14+ Mono
GGAGTGAGTTAGACCA-10-s3d3,CD14+ Mono
CGAAATGAGCGCTCAA-10-s3d3,CD14+ Mono
CGCCTGTGTATTGGAT-10-s3d3,Erythroblast
GAAACTGAGCACTAGT-10-s3d3,cDC2
GTACAATGTTCCATTA-8-s3d6,G/M prog
GACCGTTCAATCATGT-8-s3d6,pDC
CAGCTATAGCCTAACG-8-s3d6,Erythroblast
GACGCCTAGTCCTTCA-8-s3d6,G/M prog
CTAGTGAGTCATTACC-8-s3d6,pDC
CCTTGCGTCCTGCGAA-8-s3d6,CD14+ Mono
AGGTTAACACTAAATC-8-s3d6,CD14+ Mono
AGTGCACGTGGATGTC-8-s3d6,Erythroblast
CCTTCGTAGCAGGTGG-8-s3d6,CD14+ Mono
GGATTGCGTTACAAAC-8-s3d6,pDC
TAGGCTTAGCAGGTTT-8-s3d6,G/M prog
CTTGCGCGTTTGTCTA-8-s3d6,CD14+ Mono
TCCGGTAAGCCTCTGT-8-s3d6,Erythroblast
GCTTCGCGTAAGGTTT-8-s3d6,Proerythroblast
CGCCTGTGTTGAATCG-8-s3d6,CD14+ Mono
GAAGGCTAGTAAGAAC-8-s3d6,pDC
CTTCGCGTCTTAAGTG-8-s3d6,MK/E prog
CTCCTGAGTATTTGCC-8-s3d6,pDC
ATAACGACAACACTTG-8-s3d6,G/M prog
GTAGTTTCAGAAACGT-8-s3d6,Normoblast
GCCTATTGTTCCTGAT-8-s3d6,G/M prog
AGCAAATAGGCATTGT-8-s3d6,MK/E prog
GGCATTAGTTAGTGAT-8-s3d6,CD14+ Mono
TTTCAGTTCGTACCGA-8-s3d6,Erythroblast
AATCCGTAGCATGGTT-8-s3d6,G/M prog
GCCTGAGGTCCACAAA-8-s3d6,CD14+ Mono
TTGTAAGTCCCTCTAA-8-s3d6,cDC2
ATCGGCCAGGGCTAAA-8-s3d6,Proerythroblast
TCAGCGATCGTTACAA-8-s3d6,pDC
TCAGGAGCAGGAACAT-8-s3d6,Erythroblast
TTGACATCATAAGGAC-8-s3d6,MK/E prog
ACGTCCAAGAACCTGT-8-s3d6,cDC2
TGATGAACATTGTGTG-8-s3d6,CD14+ Mono
GGTTGAGCATTGCAGC-8-s3d6,CD14+ Mono
GATGCATTCCCGCATT-8-s3d6,G/M prog
ATCAGGTTCAAAGGCA-8-s3d6,G/M prog
CCAGGAACAGGACACA-8-s3d6,Erythroblast
TCCCGTTAGGGACCTC-8-s3d6,CD14+ Mono
TCACCGGCAGCCTTGG-8-s3d6,Erythroblast
GGCTGTCAGCTTAGCG-8-s3d6,CD14+ Mono
TCGTTAGCATAGCGAG-8-s3d6,CD14+ Mono
TTTGCGGAGGGCTAAA-8-s3d6,cDC2
CAATGTCAGCTTCCCG-8-s3d6,Proerythroblast
ACTCGCTTCCCATAGG-8-s3d6,CD14+ Mono
GATCAAGAGAGGCTAA-8-s3d6,CD14+ Mono
GATTGATGTTCCATTA-8-s3d6,Normoblast
GAGTCATTCCGCCAAA-8-s3d6,CD14+ Mono
TGTTCCTCATTGCAGC-8-s3d6,Erythroblast
AAGCGTTTCGCTAAAC-8-s3d6,Erythroblast
TGGTCAGTCAAATCGC-8-s3d6,G/M prog
GAAGTGATCGCGACAC-8-s3d6,Erythroblast
GCTGTGCAGGCTTAGT-8-s3d6,CD14+ Mono
ACGCAAGCAACACCTA-8-s3d6,G/M prog
TTGTCCCAGCAAGACA-8-s3d6,CD14+ Mono
TATAGCTCACCTAATG-8-s3d6,G/M prog
CCTAAAGGTACCCACC-8-s3d6,CD14+ Mono
GGTTACCCAGTAGGAT-8-s3d6,Proerythroblast
CATGGATTCGGCTATG-8-s3d6,pDC
TCCAGGTCATAACGGG-8-s3d6,pDC
GATTACGGTGTTGCAA-8-s3d6,CD14+ Mono
TTAGTCAAGGCCTTAG-8-s3d6,G/M prog
AGGATATAGGAAGCAC-8-s3d6,cDC2
ATCATGTCAATTGAAG-8-s3d6,G/M prog
CATTTGTTCCCGCATT-8-s3d6,MK/E prog
AAGGATCCATTAGGCC-8-s3d6,G/M prog
AGCGATTTCAAGGACA-8-s3d6,CD16+ Mono
TATCGCGAGCAGCTAT-8-s3d6,cDC2
CAATAAGCATAACGGG-8-s3d6,CD14+ Mono
AACATCATCTAATCAG-8-s3d6,G/M prog
AAGACCAAGGACCAGG-8-s3d6,cDC2
CGTGCACAGGCGGATG-8-s3d6,CD14+ Mono
CTACTTAGTAACCACA-8-s3d6,G/M prog
ACTAACGGTTGCGTAA-8-s3d6,Erythroblast
CGTCCTAGTTACAACG-8-s3d6,G/M prog
CACGCAATCATCCACC-8-s3d6,CD14+ Mono
GGTCTTTGTTACCTGT-8-s3d6,CD14+ Mono
GCGGTTGGTGTTGTGA-8-s3d6,G/M prog
CAAACATGTTAATCGG-8-s3d6,MK/E prog
CGTGTTACAGTAATAG-8-s3d6,CD14+ Mono
ACGTCCTTCGGTTACG-8-s3d6,Normoblast
TGGATTCAGTCACTCC-8-s3d6,MK/E prog
CTCACACTCATCCACC-8-s3d6,CD14+ Mono
GTGGCTTCAGCCAGTT-8-s3d6,CD14+ Mono
ACCCAACCAATATAGG-8-s3d6,CD14+ Mono
GTGAGCGAGGTAAGGC-8-s3d6,CD14+ Mono
AGTTACTCATAATTGC-8-s3d6,G/M prog
ATGTTCAAGACTTACA-8-s3d6,Erythroblast
ATTACCCGTACGTTTC-8-s3d6,CD14+ Mono
TAACAAGCAGCACGAA-8-s3d6,CD14+ Mono
GCCAGGAAGCCGCAGT-8-s3d6,CD14+ Mono
GTCTTGCTCCCTCGCA-8-s3d6,G/M prog
GCCTTAGAGGTTAGAG-8-s3d6,CD14+ Mono
TGGTTAATCAATGACC-8-s3d6,pDC
AAACATGCAGAACCGA-8-s3d6,CD16+ Mono
GGCAAATCAGCACCAT-8-s3d6,MK/E prog
AGAAACCCATGAATCT-8-s3d6,G/M prog
TTAGCTGCAATGAAGC-8-s3d6,CD16+ Mono
CCGCAAGGTATCTGGA-8-s3d6,CD14+ Mono
TATCACGCATGATTGT-8-s3d6,G/M prog
GCAGGCAAGGATCACT-8-s3d6,CD16+ Mono
AGTTGGCGTATTGGTG-8-s3d6,G/M prog
TACCTCATCCGCCTAT-8-s3d6,G/M prog
CTTTGTCCATTTGCTC-8-s3d6,Erythroblast
CTCATTTAGGTAACGA-8-s3d6,CD14+ Mono
CCGGTAGGTAAGCACC-8-s3d6,G/M prog
GGCAAGCCATCAGCAC-8-s3d6,CD14+ Mono
TGCTCAACAGGTCCTG-8-s3d6,CD14+ Mono
TCCTTCAAGCTGAGGG-8-s3d6,pDC
GACTAATGTTAGGTTG-8-s3d6,Normoblast
GTAGGATCAGAAATTG-8-s3d6,CD14+ Mono
CAGGGTGAGAAACTGG-8-s3d6,MK/E prog
AAACGTACAAGTGAAC-8-s3d6,HSC
ACGAACAAGCATGAAG-8-s3d6,CD14+ Mono
TATCCAGCATAGTCAT-8-s3d6,G/M prog
GACTCACCAGTGAACG-8-s3d6,CD14+ Mono
GTAAGCTTCCTGCGAA-8-s3d6,CD14+ Mono
CTCTCACAGGACACTT-8-s3d6,Erythroblast
GGGCAATAGCACTAGT-8-s3d6,Erythroblast
TGCGCAGGTTCCATTA-8-s3d6,G/M prog
AGCTAACTCCTGGTGA-8-s3d6,CD14+ Mono
TCGTTACGTTAGCAGC-8-s3d6,G/M prog
CGTCCTAGTGTGCACG-8-s3d6,pDC
TATCACAAGGCCGGAA-8-s3d6,CD14+ Mono
CGTTGCAAGACTTACA-8-s3d6,MK/E prog
CGTGTTACATAGACCC-8-s3d6,G/M prog
CATTCATTCGTTACAA-8-s3d6,CD14+ Mono
GACCTGCAGGGCCACT-8-s3d6,CD14+ Mono
AATTTGCCAACTAGGG-8-s3d6,cDC2
TGGCCTGCACTTGTTC-8-s3d6,G/M prog
GGCCTCTGTCAAAGGG-8-s3d6,CD14+ Mono
CAAGGTAAGTAGGATG-8-s3d6,G/M prog
AATGCGCGTTCAAGCA-8-s3d6,CD14+ Mono
TACTTCGTCCAGGTTG-8-s3d6,Erythroblast
CTAACCCTCCCTTGCG-8-s3d6,CD14+ Mono
CTTGCAACAATAATGG-8-s3d6,Normoblast
GGAACTAAGGAGGCAT-8-s3d6,CD14+ Mono
ACAGCGCTCAAAGGCA-8-s3d6,pDC
GACCTAAGTACTTCAC-8-s3d6,CD14+ Mono
AAGCCTGTCCGGTTAG-8-s3d6,CD14+ Mono
ATATGGTGTCCCGAAG-8-s3d6,MK/E prog
CACGCTAAGTGAGCGG-8-s3d6,G/M prog
GTAAAGCCATAGACCC-8-s3d6,G/M prog
GAGCAAATCACAGCCA-8-s3d6,G/M prog
TAATGGTGTTGAGCCG-8-s3d6,CD14+ Mono
TAGTGTGGTAGCTGGT-8-s3d6,Erythroblast
CAATGAACAACACTTG-8-s3d6,G/M prog
CCATTGTGTGAGCAAG-8-s3d6,CD14+ Mono
TACCGCAAGAGAGCCG-8-s3d6,Proerythroblast
GCCTATTGTCTCAGCC-8-s3d6,Erythroblast
TAAGCTGGTGTTAGCA-8-s3d6,Erythroblast
CGATTCCTCTCCTCTT-8-s3d6,G/M prog
AGGTGAATCGCCTGTT-8-s3d6,CD14+ Mono
CGGTGAACATAGCGGA-8-s3d6,G/M prog
CACTTTGTCTTAAGTG-8-s3d6,G/M prog
CGATTATCATTAGCCA-8-s3d6,HSC
AGGTTGCGTACAATGT-8-s3d6,CD14+ Mono
AGTGCCGGTAAACAAG-8-s3d6,MK/E prog
AGAACAAGTGGTTCTT-8-s3d6,Erythroblast
TATCCGGAGCACAGAA-8-s3d6,G/M prog
CTTTATCAGGGATTAG-8-s3d6,CD14+ Mono
GTCTTTGTCCGGTTAG-8-s3d6,CD14+ Mono
CGCATATAGGAAGTAT-8-s3d6,HSC
GATGCAGCAAAGCGGC-8-s3d6,CD14+ Mono
TGACCTTGTATTGTCC-8-s3d6,CD14+ Mono
ACTTAGGGTTCATTTG-8-s3d6,Erythroblast
CCTTACTCAATAATCC-8-s3d6,pDC
GACTATTCATCTAGCA-8-s3d6,Erythroblast
GTGCTGATCAGTTCCC-8-s3d6,pDC
ATGTAAGCACACCAAC-8-s3d6,Erythroblast
GACCTAGTCTAGCGTG-8-s3d6,G/M prog
CAAGGGAGTGAATCGC-8-s3d6,Normoblast
CTGCTATGTGTCCAGG-8-s3d6,HSC
CAAGTGAAGCACAGAA-8-s3d6,CD14+ Mono
TTGACATCAATTGACT-8-s3d6,G/M prog
GCTCACAAGCCAGTAT-8-s3d6,MK/E prog
CGAATCTAGGATGATG-8-s3d6,CD14+ Mono
ACTTGCACAGCTTAGC-8-s3d6,MK/E prog
TCTAACCGTCATCATC-8-s3d6,CD14+ Mono
AGGTGAGGTTAGGCGT-8-s3d6,MK/E prog
GTCAAACTCACAGCCA-8-s3d6,CD14+ Mono
TCTAGCCTCCTCACTA-8-s3d6,pDC
TGCTCACTCGTTATAG-8-s3d6,CD14+ Mono
AATTGGACATTAGCCA-8-s3d6,HSC
CTGGACCAGAGCCGCT-8-s3d6,cDC2
TGCTCACTCCGCAACA-8-s3d6,HSC
GTTCGCTTCCTAGTAA-8-s3d6,Erythroblast
CGGCCATAGCCTGACA-8-s3d6,CD14+ Mono
GAGCGAAGTTCACTGT-8-s3d6,CD14+ Mono
TATAACCCAGGGAGGA-8-s3d6,Erythroblast
ACTGAATGTTCATCTA-8-s3d6,Erythroblast
AATGCAACACTCGCTC-8-s3d6,Erythroblast
CGCATTACACCAAAGG-8-s3d6,HSC
TTCCACGGTAATAGCT-8-s3d6,Normoblast
GGCTGTCAGTACCGCA-8-s3d6,CD14+ Mono
ACGTACCCACTAAGTT-8-s3d6,CD14+ Mono
AGTAACGAGCAAACCT-8-s3d6,CD14+ Mono
TGTTGTAAGTCATCCC-8-s3d6,Erythroblast
TTGCATTTCAAGCGCC-8-s3d6,Erythroblast
GGTCGGTTCCCGAAGC-8-s3d6,CD14+ Mono
ACCGGTTCAATAGCAA-8-s3d6,Erythroblast
GTAGGAGGTGGAAGGC-8-s3d6,CD14+ Mono
TGCGGTTCACCTACGG-8-s3d6,G/M prog
TGCAGGCTCCTCCCTC-8-s3d6,Proerythroblast
GGCGTTATCCGGCTAA-8-s3d6,HSC
GGACCTCAGGCCATCA-8-s3d6,G/M prog
CGAAGCCTCTAAGGAG-8-s3d6,MK/E prog
AACTTAGTCTCTAGCC-8-s3d6,HSC
AGCGGACCACCACAAC-8-s3d6,pDC
CCAACCAAGTTGTCCC-8-s3d6,G/M prog
TGCGATTAGTTATCCT-8-s3d6,CD16+ Mono
AGAATCTGTGGATGTC-8-s3d6,CD14+ Mono
TACCAGGTCATAGCCG-8-s3d6,CD14+ Mono
TACGTACAGACTTACA-8-s3d6,HSC
TAGGAGGGTTAGCATG-8-s3d6,CD14+ Mono
CTACCTCAGTCGCTAG-8-s3d6,pDC
AAGGAAGCAGCCTTGG-8-s3d6,pDC
CACAAGCGTCACAAAT-8-s3d6,G/M prog
AGCCAGTGTTTAACGG-8-s3d6,Erythroblast
AAATGCCTCCTCAGCT-8-s3d6,Erythroblast
GCTGTGATCACGTTAA-8-s3d6,HSC
TGTGTGAGTTATCCGT-8-s3d6,G/M prog
GAGTGTTTCCTAATAG-8-s3d6,CD14+ Mono
TGGACTAGTTTGGCTT-8-s3d6,CD14+ Mono
AGTTACATCATCCTCA-8-s3d6,Erythroblast
CCAGCCTGTTTGAGGC-8-s3d6,HSC
GTTGTGAGTGGATTCA-8-s3d6,G/M prog
TCAACAATCAGGATGA-8-s3d6,MK/E prog
TCTCCTCGTCGTTACT-8-s3d6,CD14+ Mono
GCTTTACGTTAATGAC-8-s3d6,Erythroblast
GAGGCCTTCGTTAAGC-8-s3d6,CD14+ Mono
CCGCTTAGTGTCACGG-8-s3d6,CD14+ Mono
TTAGCAATCTCAATGA-8-s3d6,cDC2
AACCTCCTCATTACAG-8-s3d6,MK/E prog
GATTGCAGTGGCTTCC-8-s3d6,MK/E prog
CAAACATGTTGGGTTA-8-s3d6,Proerythroblast
TATTAGGTCGTTCACC-8-s3d6,CD14+ Mono
AGGACTAAGGGCCACT-8-s3d6,G/M prog
CATGAGGCAGGAACAT-8-s3d6,MK/E prog
GTCTTTAGTGGCTTCC-8-s3d6,CD14+ Mono
TTTGGCTGTAACCAGC-8-s3d6,CD16+ Mono
AATTCGTCACTCGCTC-8-s3d6,cDC2
TGAGTTTCATGCTATG-8-s3d6,CD14+ Mono
AGACAATAGTGTTGCG-8-s3d6,Erythroblast
ATGTTGTCAGGACCTT-8-s3d6,HSC
CCGTTATGTTTCCGGC-8-s3d6,G/M prog
TGAGGTGCACTAAGAA-8-s3d6,CD14+ Mono
TATGACTCAAAGGCCA-8-s3d6,CD14+ Mono
CACTTAAAGGCAAGTA-8-s3d6,Normoblast
CCGTTACTCTCACTCA-8-s3d6,CD14+ Mono
GGATAACCACGAATCC-8-s3d6,CD14+ Mono
AGTTGTCAGGCCGGAA-8-s3d6,G/M prog
CACCTGTTCCCTGGAA-8-s3d6,MK/E prog
AGCAAATAGTTATCCT-8-s3d6,G/M prog
ATATGGTGTTTGCTGT-8-s3d6,CD14+ Mono
ACGGTTTAGCCTGTTC-8-s3d6,CD14+ Mono
TTGCTTTAGGGTGAGT-8-s3d6,CD14+ Mono
TCAGTGAGTAGGATTT-8-s3d6,G/M prog
CATCCTGGTTATAGCG-8-s3d6,G/M prog
GATGACTTCCGCAAAT-8-s3d6,CD14+ Mono
ACCCAGGGTGAGGTAG-8-s3d6,CD14+ Mono
ACATCAATCATTATGG-8-s3d6,HSC
GAGGCCTTCCTAAGAC-8-s3d6,CD14+ Mono
CACATAATCTCACATT-8-s3d6,HSC
CCTTCGTAGCGGTTAT-8-s3d6,CD14+ Mono
GGATAACCATTAAGCT-8-s3d6,HSC
CCTTACTCACACAATT-8-s3d6,CD14+ Mono
TATAGCTCAGCATGAG-8-s3d6,MK/E prog
CATAATCCAATAACCT-8-s3d6,Proerythroblast
CCGCTTAGTACCGGAT-8-s3d6,Erythroblast
CCAACCAAGGCGAATA-8-s3d6,Proerythroblast
CGGAATCGTTAGGCGT-8-s3d6,G/M prog
ACCAAGTTCAATGACC-8-s3d6,CD14+ Mono
CCCTTAATCGAAGTAG-8-s3d6,cDC2
AGGAACGGTTTCGCGC-8-s3d6,CD14+ Mono
TGTTGGCCAGGCCATT-8-s3d6,G/M prog
GACATAGAGGCTTAGT-8-s3d6,G/M prog
AGGTGAGGTGTTGTAG-8-s3d6,CD14+ Mono
GGTTGCTCAAGGCCAA-8-s3d6,CD14+ Mono
TGACTTCGTTATCGAG-8-s3d6,CD14+ Mono
ATGCAGGCATGCTCCC-8-s3d6,CD14+ Mono
TCCTCACAGCCTGTGA-8-s3d6,CD14+ Mono
TAGTGTGGTCAAGTAT-8-s3d6,Erythroblast
GGCTGAGAGTTGCGTG-8-s3d6,cDC2
GTGCTCCGTATTACCC-8-s3d6,pDC
GTGTGCGGTCGTAAAT-8-s3d6,pDC
TCTCCTCGTTGCAATG-8-s3d6,pDC
GCTTTATTCACACAGT-8-s3d6,Erythroblast
GTAGCTGTCACTAAGC-8-s3d6,HSC
TAGGTTGGTTTAGTCC-8-s3d6,Proerythroblast
ATATGCTCAATGCGCT-8-s3d6,CD16+ Mono
CGTTGCAAGGTCCTGA-8-s3d6,MK/E prog
ATGTGAGAGCATGTTA-8-s3d6,CD14+ Mono
TTTAGGATCATTGTTC-8-s3d6,pDC
GACGCAACATTATGCG-8-s3d6,pDC
GATCGCTCAGCTAATT-8-s3d6,pDC
TCGTAATCAATCCTGA-8-s3d6,CD14+ Mono
GGAACCTGTTCACCCA-8-s3d6,CD14+ Mono
GGATGAATCCGCAAAT-8-s3d6,Erythroblast
GATCAGGCATGTTGGC-8-s3d6,cDC2
CAAAGTGAGTGAACCT-8-s3d6,CD14+ Mono
CTTCTCAAGCCAGTAT-8-s3d6,CD14+ Mono
AAGTTAGCACTTCATC-8-s3d6,Erythroblast
AGGGTTGCAGCCAGTT-8-s3d6,CD14+ Mono
CATTGCGAGGGTCTAT-8-s3d6,CD16+ Mono
TGCAGGCTCGTTACTT-8-s3d6,MK/E prog
AGGTCATTCTCAATGA-8-s3d6,Erythroblast
TCAGCAAGTCAAAGGG-8-s3d6,HSC
CCCAGTTTCATCCTAT-8-s3d6,G/M prog
GATCAGGCATCCCGCT-8-s3d6,CD14+ Mono
GGATTCAGTGTCACGG-8-s3d6,CD14+ Mono
GGACGGATCAGTGAAG-8-s3d6,G/M prog
GGCCTTAAGCTACTGG-8-s3d6,MK/E prog
CCCTGGACATAATTGC-8-s3d6,Erythroblast
GCTCTGTTCTTAAGTG-8-s3d6,CD14+ Mono
CAGAATCTCGGCTAGC-8-s3d6,CD14+ Mono
GATTCCTGTTGGATCA-8-s3d6,Erythroblast
TACAATGTCTTTGTAC-8-s3d6,G/M prog
GATCACTAGGCTGTGC-8-s3d6,Normoblast
TCGGTTCTCTAGCTAA-8-s3d6,G/M prog
TTGTGTGCAGTTTACG-8-s3d6,MK/E prog
GGAAGCTAGTTACCGG-8-s3d6,CD16+ Mono
CAAACACTCCGCAACA-8-s3d6,CD14+ Mono
TCATTACTCCTAGTCC-8-s3d6,Erythroblast
TAGCAGGCATTGTGTG-8-s3d6,HSC
CAATGAACACGGTACT-8-s3d6,HSC
GACTTAGGTTAAGCTG-8-s3d6,G/M prog
AAGGCCCTCCTAAGAC-8-s3d6,Erythroblast
ATATGCTCATAGCAGG-8-s3d6,CD14+ Mono
CACTGACCACAACAAA-8-s3d6,CD14+ Mono
CCTATTGTCAGGCTAT-8-s3d6,G/M prog
GCGCTTAAGTGAGGTA-8-s3d6,CD14+ Mono
TGCATTAAGCACCACA-8-s3d6,Proerythroblast
CATCATAAGACAGGCG-8-s3d6,CD14+ Mono
CTTACCTCAATAACGA-8-s3d6,CD16+ Mono
TCTGGCTTCATAACCA-8-s3d6,G/M prog
CGTCATTGTTTGCGCC-8-s3d6,Erythroblast
AGAACCAAGGTGTCCA-8-s3d6,CD14+ Mono
GCTTAGTAGTTAGTGC-8-s3d6,MK/E prog
GTAAGGTCAAACATAG-8-s3d6,CD14+ Mono
GGGTTTGTCCAAGTTA-8-s3d6,CD14+ Mono
CTTACCGGTTCCATTA-8-s3d6,cDC2
TCACCTCAGTAGGATG-8-s3d6,G/M prog
TGGCTATAGCTAAGTC-8-s3d6,Erythroblast
TGACTTCGTGTGCACG-8-s3d6,Erythroblast
ACGAACAAGTAAGAAC-8-s3d6,CD14+ Mono
GCATATATCCTCAGCT-8-s3d6,MK/E prog
GGTTTGTAGATGGACA-8-s3d6,HSC
CGCACCACAGAATGAC-8-s3d6,Erythroblast
CTCGCTAGTTTAACCC-8-s3d6,CD14+ Mono
AGGATCCGTAAATTGC-8-s3d6,G/M prog
TGACTTCGTCATCCTG-8-s3d6,CD14+ Mono
CTTGCTCAGCACGTTG-8-s3d6,CD14+ Mono
GGTTATGGTTAGGCTA-8-s3d6,CD14+ Mono
TGATTAGTCTCCATGC-8-s3d6,CD14+ Mono
GAGCTTGTCTCATCAT-8-s3d6,Erythroblast
ATGGCTAGTTCTTTAG-8-s3d6,Proerythroblast
GCGCGATTCTTGCATT-8-s3d6,pDC
TTGACTAAGTGTTGCG-8-s3d6,MK/E prog
AGGCTAAAGGACCGCT-8-s3d6,pDC
ACTTACAAGGTTTACA-8-s3d6,Erythroblast
CAAACACTCAGGTTTA-8-s3d6,CD14+ Mono
GTTTACCGTGATGGCT-8-s3d6,HSC
CTGGATGTCATGCTAA-8-s3d6,G/M prog
GGCATTGTCTAATCCT-8-s3d6,Proerythroblast
AAAGCCGCAAGACTCC-8-s3d6,pDC
TAGTAACGTTGCGGAT-8-s3d6,HSC
CAAACATGTAACGAGG-8-s3d6,Proerythroblast
CCTGTATGTTAAGCGC-8-s3d6,Erythroblast
AGCTATATCTACTAAG-8-s3d6,HSC
CTTAGGAGTGTTTGAG-8-s3d6,G/M prog
ACGGTACGTGATGAAA-8-s3d6,G/M prog
GTATTGATCCGCATGA-8-s3d6,G/M prog
CTAACCACAGGTTCAC-8-s3d6,CD14+ Mono
GGGAGTAGTGCTGGTG-8-s3d6,G/M prog
GCTAACAGTATTACCC-8-s3d6,CD14+ Mono
GGTGTGACACGGTACT-8-s3d6,HSC
TACCTTTAGGTCGATT-8-s3d6,Normoblast
TTGTTTGGTTAGCCAA-8-s3d6,G/M prog
CTGGACCAGTAAGTCC-8-s3d6,CD14+ Mono
AGACACGCACATAACT-8-s3d6,Proerythroblast
TAGAGCCGTGAAGCCT-8-s3d6,MK/E prog
GATTCCTGTCACACCC-8-s3d6,G/M prog
CTGATCACATGGCCCA-8-s3d6,HSC
TATCCAGCATCAGTAT-8-s3d6,CD14+ Mono
TCCTTCAAGTCCTTTG-8-s3d6,G/M prog
ATTAGTCCAGTTATCG-8-s3d6,Erythroblast
GGTAACCGTTCGCGCT-8-s3d6,G/M prog
CGCTATGAGTGAACAG-8-s3d6,CD14+ Mono
ACGCCACAGTTAGCCG-8-s3d6,MK/E prog
GCTCACAAGCCACAAT-8-s3d6,Normoblast
CGAGGCAAGGACCAGG-8-s3d6,Proerythroblast
GAAGTCAAGCCTAATA-8-s3d6,CD14+ Mono
CCTCAGTTCCGGCTAA-8-s3d6,cDC2
TCTAGCACACCCACAG-8-s3d6,CD14+ Mono
GCAAGCCTCTCCTCAA-8-s3d6,Erythroblast
TATCGCACAAGCTTAT-8-s3d6,G/M prog
TACAATGTCACAAGCT-8-s3d6,HSC
TACTGGCCATTGCGGT-8-s3d6,CD14+ Mono
CTGAATATCAGTATTG-8-s3d6,G/M prog
GAAAGCCAGTTATCTC-8-s3d6,CD14+ Mono
AAGTGAAGTGCCGCAA-8-s3d6,cDC2
GTTTAACCAAGGTACG-8-s3d6,CD14+ Mono
AACAAGCCATTTAAGC-8-s3d6,Erythroblast
TATCACGCAATAACGA-8-s3d6,pDC
TCTTAGTTCGCTAGCA-8-s3d6,G/M prog
TCACATAAGAATCGCT-8-s3d6,G/M prog
TCCGGTAAGTGAACAG-8-s3d6,Erythroblast
CGTCATTGTGTTAAAC-8-s3d6,CD14+ Mono
TTGTCCATCGCAGGCT-8-s3d6,CD14+ Mono
CCAGTTTGTCCGTAGG-8-s3d6,CD14+ Mono
ATTCATGAGGAAGTAT-8-s3d6,G/M prog
ATTCATGAGGCTTAAC-8-s3d6,Proerythroblast
CATGCATAGCCTAATA-8-s3d6,Erythroblast
AATCCCTGTCATTGTC-8-s3d6,Proerythroblast
GTAGCGCTCGTCCTTA-8-s3d6,Erythroblast
TAATGGTGTTATAGCG-8-s3d6,G/M prog
GGTAACCGTCTCAGCC-8-s3d6,CD14+ Mono
AAGGAAGCATAAGTTC-8-s3d6,CD14+ Mono
ACGCCTTTCGGTTACG-8-s3d6,cDC2
TGGCCTTTCAATGTGC-8-s3d6,cDC2
CGCTTGCGTACCTTAC-8-s3d6,CD14+ Mono
CAATGAACAGCAAGGC-8-s3d6,CD16+ Mono
ATCATGTCACATGCTA-8-s3d6,CD14+ Mono
AATATCCCAATTGCGC-8-s3d6,CD14+ Mono
GTCCTAGAGGTGAAAT-8-s3d6,G/M prog
AATTGCCAGAGGAGTC-8-s3d6,CD14+ Mono
TGTGGCCAGCTGGAAA-8-s3d6,CD14+ Mono
CATAGTCAGGCCTGGT-8-s3d6,G/M prog
CACTTTGTCCTAATGA-8-s3d6,CD14+ Mono
GTTCCTGGTTAACACG-8-s3d6,MK/E prog
CAACCCTTCATAGCCG-8-s3d6,pDC
TGTTGTGCACAGGAAT-8-s3d6,CD14+ Mono
CTCCTAATCACATTGA-8-s3d6,Erythroblast
AAATCCGGTGGGAACA-8-s3d6,G/M prog
CTAAAGCTCATTGCAA-8-s3d6,CD14+ Mono
ATCCATAAGGCAATAG-8-s3d6,MK/E prog
GGCATGGAGGCGCTTA-8-s3d6,G/M prog
CGTTAACAGTTTCCTG-8-s3d6,CD14+ Mono
GAGGCCTTCCAGGTCA-8-s3d6,MK/E prog
GAACCAGCACCCTCAC-8-s3d6,Erythroblast
ACTTGTCGTGCTTAGA-8-s3d6,CD14+ Mono
ATTGGCTAGGCATGTT-8-s3d6,CD14+ Mono
GTATGTGGTCGTTACT-8-s3d6,pDC
CAAGGTAAGCGAGCGA-8-s3d6,MK/E prog
GATAACGAGGCTAGAA-8-s3d6,G/M prog
GAGTGAGGTCAAGTGC-8-s3d6,G/M prog
TCCTCAATCTCCTCTT-8-s3d6,CD14+ Mono
TTTAGGATCCCTCAAC-8-s3d6,Erythroblast
CAAGTAACAGCAGGTA-8-s3d6,Normoblast
ATGGCTGTCTTTAAGG-8-s3d6,HSC
ATACCTGCAGTAATAG-8-s3d6,Proerythroblast
GCCCGTTGTACTTAGG-8-s3d6,G/M prog
CTCATCATCATTTGCT-8-s3d6,CD16+ Mono
CTATGATCAGTAAGTA-8-s3d6,CD14+ Mono
TGTATCGCATACTCCT-8-s3d6,G/M prog
TCTCGCCCATAAGTCT-8-s3d6,CD14+ Mono
CTGGATGTCCGTCCAT-8-s3d6,CD14+ Mono
TGCTAACAGCTTACTT-8-s3d6,CD14+ Mono
AGGCAGGTCCTGAGTG-8-s3d6,CD14+ Mono
TCTAACCGTACGGGTT-8-s3d6,G/M prog
GTTCTTAGTTTAGCTC-8-s3d6,CD14+ Mono
AGGTTTATCGACAAAG-8-s3d6,CD14+ Mono
CTAGCTTGTGAGCAAG-8-s3d6,CD14+ Mono
CAGAATCTCTCCTCTT-8-s3d6,Erythroblast
CGTTGCGCACAGCCAT-8-s3d6,Normoblast
ATGTTCAAGCGAGGTG-8-s3d6,Normoblast
TAGTGAGAGTAAGGGC-8-s3d6,Erythroblast
TCGCATTGTGCTTTAC-8-s3d6,cDC2
AGCGCCTAGCTCCTTA-8-s3d6,CD16+ Mono
CCAAGGCTCCGTAAAC-8-s3d6,CD14+ Mono
CTACCGGCAAAGCGGC-8-s3d6,Erythroblast
GATCGAGCAGTTATGT-8-s3d6,pDC
CCGTTTGGTGGAAGGC-8-s3d6,CD14+ Mono
AAGACATAGAGAGGAG-8-s3d6,HSC
AGTTACATCTGTGAGT-8-s3d6,CD14+ Mono
ACTCACTGTACCGTAA-8-s3d6,Proerythroblast
TACTGCACAAGCCAGA-8-s3d6,cDC2
CAACAGGCAGCCGCTA-8-s3d6,G/M prog
AGGTCCGGTTGTGACA-8-s3d6,Erythroblast
GCTAGCTCATCATGGC-8-s3d6,CD14+ Mono
GAAGTAAGTTTAAAGC-8-s3d6,CD14+ Mono
ACGACAAAGGACAACA-8-s3d6,HSC
CTGGTAAGTAACGTGC-8-s3d6,Erythroblast
TTACAGCAGTTAGGCT-8-s3d6,G/M prog
CCATCATGTAATTAGC-8-s3d6,G/M prog
AGGCAATCATCGCTTT-8-s3d6,G/M prog
AGTTGCAGTCCACAAA-8-s3d6,HSC
TCCTGTTCATAGTCAT-8-s3d6,cDC2
TAGGAACCAAAGGTAC-8-s3d6,MK/E prog
AGCCAGTGTTGACTTC-8-s3d6,G/M prog
ATTCCTAGTTGACTTC-8-s3d6,CD14+ Mono
ATGACCAGTCGAAGTC-8-s3d6,Proerythroblast
TTGTCCATCATGTTTC-8-s3d6,Erythroblast
TCTTGTCCATAGCTGC-8-s3d6,G/M prog
ATCCTGACACTAAGCC-8-s3d6,CD14+ Mono
TATGGTCAGCTGCACA-8-s3d6,CD14+ Mono
TAGCATATCGTTTCTG-8-s3d6,pDC
AACTACTCAAATACCT-8-s3d6,G/M prog
GCTGTAAGTGGGTGAA-8-s3d6,pDC
GTACCGGGTTAGCTGA-8-s3d6,Erythroblast
AATAGAGGTTTGACCT-8-s3d6,CD14+ Mono
ACCTAAATCAGTTCCC-8-s3d6,CD14+ Mono
GTTAGGCGTGTGCAAC-8-s3d6,G/M prog
CCCAGCACAAATGCCC-8-s3d6,Erythroblast
GGTAAGGGTTTATGGG-8-s3d6,MK/E prog
TAGTAAGCAACTAGGG-8-s3d6,HSC
CCAAACCCACTAGCGT-12-s3d7,CD14+ Mono
GGAGCGATCACAGCCA-12-s3d7,CD14+ Mono
GAGTCATTCACAGGAA-12-s3d7,CD14+ Mono
AAGCGTTTCTAATCCT-12-s3d7,pDC
CTTAAGATCTAATCCT-12-s3d7,CD14+ Mono
TCGTGCTTCCGCACAA-12-s3d7,CD14+ Mono
CGGTTATAGCTTAGCG-12-s3d7,CD14+ Mono
TACCTTAGTCATTGTC-12-s3d7,CD16+ Mono
CACAATATCCGTAAAC-12-s3d7,CD14+ Mono
TGTGGCTCAAATACCT-12-s3d7,CD14+ Mono
GGTCAATTCTTAGGAC-12-s3d7,CD14+ Mono
TGCACACCACAGACTC-12-s3d7,CD14+ Mono
GAAGGCCCATAACGGG-12-s3d7,CD14+ Mono
AGCTAGTTCTTTGACT-12-s3d7,CD14+ Mono
GAGCGAAGTTTGGGTA-12-s3d7,CD14+ Mono
GTGCCTTTCATGCTCC-12-s3d7,CD14+ Mono
AGTACGCGTAACGTGC-12-s3d7,Proerythroblast
GATAGACCACCGGCTA-12-s3d7,CD14+ Mono
TACAAGCTCCGCAAGC-12-s3d7,CD14+ Mono
CGATTTGCAGCGCTTG-12-s3d7,CD14+ Mono
TTCATCCCATAAACCT-12-s3d7,cDC2
CGGGTCTAGGGATGCG-12-s3d7,CD14+ Mono
GATTACGGTCCTAAGA-12-s3d7,CD16+ Mono
GCCTATTGTTTGTCTA-12-s3d7,CD14+ Mono
GCTGTGCAGGGACCTC-12-s3d7,CD14+ Mono
AGCTATATCGAGGAAC-12-s3d7,CD16+ Mono
AGGGCTACAAACCTAT-12-s3d7,CD14+ Mono
AGCTAGTTCTTAGCCC-12-s3d7,Erythroblast
CAGCTATAGCCTAACG-12-s3d7,cDC2
TTTGCGGAGGCCAATT-12-s3d7,CD14+ Mono
AGCTACGTCTTAGTGA-12-s3d7,CD14+ Mono
GGACTAAAGCATTTCT-12-s3d7,CD14+ Mono
CAAGGTTTCCGCCTCA-12-s3d7,pDC
TAACCTAAGTGTTGCG-12-s3d7,CD16+ Mono
GGAGGTTAGATTGAGG-12-s3d7,CD14+ Mono
GGTAAACCAACCCTAA-12-s3d7,CD14+ Mono
GGTTGCGGTGGAAACG-12-s3d7,cDC2
GGCCTTCGTGTTTGCT-12-s3d7,CD14+ Mono
TAAGCCAGTGTTGCTT-12-s3d7,CD14+ Mono
CGGGTCTAGTAACAGG-12-s3d7,CD14+ Mono
CTGTAACAGCCTGTGA-12-s3d7,G/M prog
GTTTAGCAGGTAACGA-12-s3d7,CD14+ Mono
GTATGTTCAATTAGCT-12-s3d7,CD14+ Mono
AACCTAATCATGGTGT-12-s3d7,CD14+ Mono
AGTCCTTGTTAACAGT-12-s3d7,CD14+ Mono
TAGCCTTGTGCATTAG-12-s3d7,CD14+ Mono
GAGTTGCGTACGATTG-12-s3d7,CD14+ Mono
AAGACATAGCATGACT-12-s3d7,CD14+ Mono
TTTGGTGCAGCATTAT-12-s3d7,CD14+ Mono
ACTCGCGCAAGGCCAA-12-s3d7,CD16+ Mono
CTCCTCACAAGCTTAT-12-s3d7,CD14+ Mono
ATCTATGAGGGCCATC-12-s3d7,CD14+ Mono
CTCATTGTCGCTTGCT-12-s3d7,CD14+ Mono
TCACTGACAGCTAACC-12-s3d7,pDC
GCTAGCGGTGAGGTGA-12-s3d7,CD14+ Mono
GAGTGTTTCGAGGAGT-12-s3d7,pDC
TACTTGTTCTAAGTCA-12-s3d7,CD14+ Mono
TTGACGTAGCATGTTA-12-s3d7,CD14+ Mono
CGTTGCGCACCTCACC-12-s3d7,CD16+ Mono
GTACTAATCTCACAAA-12-s3d7,pDC
CTTCAGGAGTCTCACC-12-s3d7,CD14+ Mono
GTACTAGGTTTAAAGC-12-s3d7,CD14+ Mono
AGGTGAGGTTGTTGGA-12-s3d7,CD14+ Mono
GCAGGCTTCGTTATCT-12-s3d7,CD14+ Mono
GGCTATTAGGATTGAG-12-s3d7,MK/E prog
TCGGTTACAAATACCT-12-s3d7,CD14+ Mono
ATCAGGTTCGCGCTAA-12-s3d7,pDC
GCGTAACGTACCAGGT-12-s3d7,CD14+ Mono
GATCCGTCAGTAGCCT-12-s3d7,CD14+ Mono
GCCTGACAGGCGAATA-12-s3d7,pDC
TCTATGTTCCTCAGCT-12-s3d7,CD14+ Mono
CAGCCTTTCTCACTAT-12-s3d7,CD14+ Mono
CTGGCTAAGAACCTGT-12-s3d7,cDC2
ACCAGGACATGCTTAG-12-s3d7,CD14+ Mono
CCCTAATGTGAGAAAC-12-s3d7,CD14+ Mono
GTCCTAGAGCAACATC-12-s3d7,CD14+ Mono
GAGTTTGGTCATCATC-12-s3d7,CD14+ Mono
CATCATAAGTAAACCC-12-s3d7,CD14+ Mono
TCCCTGGTCATCCACC-12-s3d7,CD14+ Mono
TTGTGCGAGGAGGGTT-12-s3d7,CD14+ Mono
CAAACGCGTCCTAAGA-12-s3d7,CD14+ Mono
CTTACTAGTCCGTAGG-12-s3d7,CD14+ Mono
GGGCAATAGTGACCTG-12-s3d7,Normoblast
TAATCACCAAGCTTTG-12-s3d7,CD14+ Mono
CATAGCTAGTAGCGGG-12-s3d7,CD14+ Mono
GTTCACCTCACAAGCT-12-s3d7,CD14+ Mono
TGGACCGGTTGCGGAT-12-s3d7,CD14+ Mono
ACTTCGCTCTCGCCTG-12-s3d7,CD14+ Mono
CCCTCAGTCATTCATC-12-s3d7,CD14+ Mono
CTAATAGTCATTACTC-12-s3d7,CD14+ Mono
ATTGACTCAGGAACAT-12-s3d7,CD14+ Mono
TATGAAGCAACCGCCA-12-s3d7,CD14+ Mono
CGGTTTGAGGGACTAA-12-s3d7,Erythroblast
ACATCAATCCTTTACG-12-s3d7,MK/E prog
TTTCTCACAGTTAAAG-12-s3d7,HSC
TGTTGCACATGGCCTG-12-s3d7,HSC
TCTAACCGTTAGGTTG-12-s3d7,CD14+ Mono
CAAACACTCGGCCATA-12-s3d7,CD14+ Mono
GGGTGTTGTAAACAAG-12-s3d7,CD14+ Mono
TATCGCGAGTTGTCAA-12-s3d7,CD14+ Mono
ATGTGAGAGATTGAGG-12-s3d7,CD14+ Mono
CTTAGTTTCCCATAAA-12-s3d7,CD14+ Mono
CCAGACTCAAACATAG-12-s3d7,CD14+ Mono
GGTAAACCAAAGCTCC-12-s3d7,CD14+ Mono
TATATCCTCGCTAAGT-12-s3d7,CD14+ Mono
TCTATGTTCGGGATTT-12-s3d7,Proerythroblast
AGAGAGGAGGCCTAAT-12-s3d7,CD14+ Mono
TGTGTGAGTTGTGATG-12-s3d7,CD14+ Mono
ACCCGCTGTACGTTTC-12-s3d7,CD14+ Mono
GAAGTATAGCTAATCA-12-s3d7,CD14+ Mono
TGATCAGGTTATGTGG-12-s3d7,CD14+ Mono
CGTGGTTCATAGTCAT-12-s3d7,CD14+ Mono
GGTTACTAGCCTCTGT-12-s3d7,CD14+ Mono
GTAGGTGCATAGTCAT-12-s3d7,CD14+ Mono
CTAGTCGAGTTAGCCG-12-s3d7,CD14+ Mono
CGTAACCCACAAACTT-12-s3d7,CD14+ Mono
GCAATAGAGCTTAACA-12-s3d7,CD14+ Mono
CATGCGGGTACTGATG-12-s3d7,CD14+ Mono
AAGGTCAAGCTAAAGG-12-s3d7,pDC
AAACCGCGTGGACCTG-12-s3d7,CD14+ Mono
TAAGGACCAAATGCCC-12-s3d7,CD14+ Mono
GTTAATGTCAACAAGG-12-s3d7,CD14+ Mono
AACCTTGCAGTTTCTC-12-s3d7,CD14+ Mono
CTTCAAGCATTGTGTG-12-s3d7,CD14+ Mono
TAGCTTGCACTCAACA-12-s3d7,CD14+ Mono
TTATGCGCAGCAATAA-12-s3d7,CD14+ Mono
CTGTTCATCGGTCATG-12-s3d7,CD14+ Mono
AGCCGGTTCTCTAGCC-12-s3d7,CD14+ Mono
ACCACACCACAGGATG-12-s3d7,CD14+ Mono
CTCCCTGAGGTAGCTT-12-s3d7,CD14+ Mono
CCCAATTGTTGCGCGA-12-s3d7,CD14+ Mono
TGGCTAAGTGCATTTC-12-s3d7,CD14+ Mono
GAGCATGCACTGACTA-12-s3d7,CD14+ Mono
TCTAGCCTCATCCTCA-12-s3d7,CD14+ Mono
GAACGAATCCTTGAGG-12-s3d7,Erythroblast
ACCAGCTCACTAAGTT-12-s3d7,CD14+ Mono
CCGCTAAAGCGAGCGA-12-s3d7,HSC
ATTACCGCATGCTTAG-12-s3d7,CD14+ Mono
TGTAACTCACCTATAG-12-s3d7,CD14+ Mono
CTGCTATGTGGATTAT-12-s3d7,CD16+ Mono
TTATTGCTCTAGCTTT-12-s3d7,CD14+ Mono
AATCTTGAGGCTACAT-12-s3d7,CD14+ Mono
ATTACTGAGTGTTGTA-12-s3d7,CD14+ Mono
TTAGCTGCAAACCTTG-12-s3d7,CD14+ Mono
GCCTCAAAGGAACCGG-12-s3d7,CD14+ Mono
GAGCTTGTCGAGGAAC-12-s3d7,CD14+ Mono
CGTAGTTAGAACCTAC-12-s3d7,CD14+ Mono
CCTGTTGGTGAGCAAG-12-s3d7,HSC
AAGTGAAGTCACCTAT-12-s3d7,cDC2
ATATGGTGTTACGCGG-12-s3d7,CD14+ Mono
ATCACCCTCGATTTGA-12-s3d7,CD14+ Mono
GCTGTACCAACAGCCT-12-s3d7,CD14+ Mono
TTAGGCGTCATGCATA-12-s3d7,CD14+ Mono
TACCGTTGTCATCCTG-12-s3d7,CD14+ Mono
ACACTTAAGGAAGCTA-12-s3d7,CD14+ Mono
CAGGTTAGTGGTTATG-12-s3d7,CD14+ Mono
CTTGTAAAGCGGCTGT-12-s3d7,CD14+ Mono
GCTTTATTCGGGCCAT-12-s3d7,pDC
TGAGGCACAGCATGAG-12-s3d7,CD14+ Mono
GATTCCTGTAAGGTTT-12-s3d7,CD14+ Mono
CACAGGGAGGGCCACT-12-s3d7,Erythroblast
CCATCATGTGATGAAA-12-s3d7,CD14+ Mono
TAATGCATCATAAGCC-12-s3d7,CD16+ Mono
AGTTTGATCCGTTATT-12-s3d7,CD14+ Mono
CCAGACTCAATAATCC-12-s3d7,CD14+ Mono
TTGCAATCAAAGGCCA-12-s3d7,CD14+ Mono
CTCTGTTCAGAGGGAG-12-s3d7,CD14+ Mono
AGTTTGATCACAAGCT-12-s3d7,Proerythroblast
GCGGAACCACCTACTT-12-s3d7,CD14+ Mono
ACGCTTGAGGATGATG-12-s3d7,G/M prog
GTGCTGATCTCAATTC-12-s3d7,cDC2
TCCTAGTGTGGAAGGC-12-s3d7,CD14+ Mono
GCTTACCTCTTTAAGG-12-s3d7,CD14+ Mono
AGACAATAGGCCAATT-12-s3d7,pDC
TTTCTCACACTTCACT-12-s3d7,MK/E prog
GCAGCAACATGTTGTG-12-s3d7,CD14+ Mono
TTGCAATCAGCACCAT-12-s3d7,Proerythroblast
GCCAATTAGACTTATG-12-s3d7,CD14+ Mono
AGAATCGAGGCGAAAC-12-s3d7,CD14+ Mono
GATTCAGGTCCAAATG-12-s3d7,CD14+ Mono
ACTAAAGCATTTGCTC-12-s3d7,CD14+ Mono
GTCTTTAGTTGGATAT-12-s3d7,Proerythroblast
TTTAGCTTCCAGGGAG-12-s3d7,CD14+ Mono
GAGCAAATCAGGCTAT-12-s3d7,CD14+ Mono
TGCTAACAGCGCCTAA-12-s3d7,CD16+ Mono
ACGAACAAGTCTTGAA-12-s3d7,MK/E prog
TGTCAGTAGGTCCAAT-12-s3d7,CD14+ Mono
GGATGGCCAGCTCAAC-12-s3d7,CD14+ Mono
CCGTTAACATAAGTCT-12-s3d7,CD14+ Mono
GCGATTAGTCAGTAAT-12-s3d7,pDC
CGTGACATCGCAGGCT-12-s3d7,CD14+ Mono
CTAGGCGGTTATCCTA-12-s3d7,CD14+ Mono
ATTATCCTCGGTAACT-12-s3d7,CD14+ Mono
GACCTAGTCGTCATTT-12-s3d7,CD14+ Mono
TGAGGCACAGTACCGT-12-s3d7,CD14+ Mono
AGCTACTAGAGGATAT-12-s3d7,CD14+ Mono
ATGTGAGAGGCCGGAA-12-s3d7,CD14+ Mono
GCACTAAGTTATTGCC-12-s3d7,HSC
ATGGCTAGTAGTTGGC-12-s3d7,CD14+ Mono
GCTGACATCCCTGGTT-12-s3d7,CD14+ Mono
AAGCCTCCACCTGCCT-12-s3d7,pDC
GGCCAACTCAAGACTC-12-s3d7,CD14+ Mono
ATACCTGCAGGCCATT-12-s3d7,G/M prog
GTTTAACCACCCACAG-12-s3d7,CD14+ Mono
TCGTGCTTCCGTTAAA-12-s3d7,CD14+ Mono
GTACAATGTATTGTGG-12-s3d7,CD14+ Mono
CGGTTCCGTCAGTAAT-12-s3d7,CD14+ Mono
TTGGCTGAGGGTTAGA-12-s3d7,Normoblast
GGTCAATTCCCTTGCG-12-s3d7,CD14+ Mono
GGGCATGAGGGTTATC-12-s3d7,CD14+ Mono
CCCTCAGTCGGGCCAT-12-s3d7,CD14+ Mono
ACATTGCAGTGAGCGG-12-s3d7,CD14+ Mono
CTCCATCAGTATTGGC-12-s3d7,CD14+ Mono
GCTTTACGTGCACGCA-12-s3d7,pDC
TCATACTTCACTTCAT-12-s3d7,Erythroblast
AGCTACGTCCTAGTAA-12-s3d7,CD14+ Mono
CATCCTGGTCTAGCTT-12-s3d7,CD16+ Mono
CAATAGCTCCTTGTTG-12-s3d7,CD14+ Mono
CTCCTAATCGATCAGT-12-s3d7,CD14+ Mono
TGTGCGCAGCGATAGA-12-s3d7,CD14+ Mono
ACTATCCGTTCGGGAT-12-s3d7,CD14+ Mono
TGTGGCGGTAATGGAA-12-s3d7,CD14+ Mono
GTGGATGCATCCATCT-12-s3d7,CD14+ Mono
CAGCTAAGTTTGCTGT-12-s3d7,CD14+ Mono
GCCTTTGGTTAACACG-12-s3d7,CD14+ Mono
CGTGAGGAGTCATTTC-12-s3d7,CD14+ Mono
TTAACCAAGTGAACGA-12-s3d7,CD14+ Mono
AAACCGAAGTGTGATC-12-s3d7,CD14+ Mono
CTTGTCCAGCAGGTGG-12-s3d7,pDC
GCGAGTGAGGTCCTAG-12-s3d7,CD14+ Mono
TATCCAGCATAATCAC-12-s3d7,CD14+ Mono
GGTGTGACATTCAGCA-12-s3d7,pDC
CTAGCTTGTCCGGTTC-12-s3d7,CD14+ Mono
CTTCTCAAGCAGCTCA-12-s3d7,CD14+ Mono
GACTAATGTTTGTGGA-12-s3d7,cDC2
AAGAATCAGCCTGACA-12-s3d7,CD14+ Mono
CCATAAATCGATTATG-12-s3d7,CD14+ Mono
GCCACAATCAGCCAAT-12-s3d7,CD14+ Mono
GTTAACCAGTAGCTTA-12-s3d7,pDC
GCTGTAAGTGGCTTCC-12-s3d7,CD14+ Mono
CGTGCTGCAGTTGCGT-12-s3d7,CD14+ Mono
GTGCACGGTAGCTAGC-12-s3d7,HSC
CGTGCACAGCTGGCTA-12-s3d7,CD14+ Mono
CTTTGTCCAGGCTACT-12-s3d7,CD14+ Mono
TCAAGTATCAGGAAGC-12-s3d7,CD14+ Mono
GTCCGTAAGTGAACAG-12-s3d7,CD14+ Mono
TCGTTAGCAAGCGAGC-12-s3d7,CD14+ Mono
TCAGGAGCACAGCCAT-12-s3d7,CD14+ Mono
GTGATGAAGTTTGAGC-12-s3d7,pDC
CTTGACGAGTTAGAGG-12-s3d7,CD14+ Mono
CAATGCCCACGGTTTA-12-s3d7,CD14+ Mono
ATTAGCGGTCTTTGAC-12-s3d7,CD14+ Mono
ATAAGTCGTCACGAAC-12-s3d7,CD14+ Mono
GACTTACAGGCATGAA-12-s3d7,CD14+ Mono
AGGCTAGCAATTAGGA-12-s3d7,CD14+ Mono
AGCGATTTCAGCCAAT-12-s3d7,CD14+ Mono
GGTCTTGAGGCTGTCA-12-s3d7,CD14+ Mono
TTTAGGATCTTAAGTG-12-s3d7,Erythroblast
ACCTTGCTCTTTAGGA-12-s3d7,CD14+ Mono
TCCTGTTCAAGCTTAT-12-s3d7,CD14+ Mono
AGTAAACAGAATCTCA-12-s3d7,CD14+ Mono
ATGCCTGAGGAGGTTA-12-s3d7,CD14+ Mono
TACTGACAGCAAGGTA-12-s3d7,HSC
ATGTAACGTTGTTCAC-12-s3d7,pDC
CATGCAAGTAAGCACC-12-s3d7,CD16+ Mono
ACTTAGGGTTCATCTA-12-s3d7,CD14+ Mono
TTGCTTTAGTAAGTGG-12-s3d7,CD14+ Mono
AGCAAATAGCAAGATG-12-s3d7,CD14+ Mono
TAAGCTATCTCACACC-12-s3d7,CD14+ Mono
TTTCACCCATGTTTGG-12-s3d7,CD14+ Mono
AACCTCCTCAGGTTTA-12-s3d7,CD14+ Mono
TCCTGTTCAATCCCTT-12-s3d7,CD14+ Mono
AGCACAGCATTAGCCA-12-s3d7,CD14+ Mono
CATAGCTAGGCGGGTA-12-s3d7,CD14+ Mono
GTAATAGCAAGGTATA-12-s3d7,CD14+ Mono
ACCTCACTCTTTAAGG-12-s3d7,CD14+ Mono
AACATCATCATCACTT-12-s3d7,HSC
CCATAAATCGTGCTTC-12-s3d7,CD14+ Mono
CTGACATAGCTTAACA-12-s3d7,CD14+ Mono
ATCATGTCATCATGGC-12-s3d7,pDC
TAGTAACGTTTGAGGC-12-s3d7,CD14+ Mono
GAGGACTAGTAAGTCC-12-s3d7,CD14+ Mono
GCTCACAAGCACAGAA-12-s3d7,CD14+ Mono
GAAACTGAGATTGAGG-12-s3d7,CD14+ Mono
TACCGTTGTATTCGTC-12-s3d7,CD14+ Mono
CGCCACACAAGCGAGC-12-s3d7,pDC
GAGAAACGTGGATGTC-12-s3d7,CD14+ Mono
ATATGCATCTAAATCG-12-s3d7,CD14+ Mono
TTAGAAGCATGAAATG-12-s3d7,CD14+ Mono
TTTAACCTCGAGCAAA-12-s3d7,CD14+ Mono
CAATGAACAATGAAGC-12-s3d7,CD14+ Mono
CATAAGCTCTAACTGA-12-s3d7,CD14+ Mono
TACAACATCCAGGAAA-12-s3d7,CD14+ Mono
AAGCTTGGTTCGGGAT-12-s3d7,CD14+ Mono
GATTAGTGTTTGGCTT-12-s3d7,CD14+ Mono
TGTTATGAGTAGGCGG-12-s3d7,CD14+ Mono
TTCCTTCTCAGCACGC-12-s3d7,CD14+ Mono
GGAACAATCGTTTCGC-12-s3d7,Erythroblast
GACTCACCAGTTAGCC-12-s3d7,CD14+ Mono
TTGTGTGCAGTAGGTG-12-s3d7,CD14+ Mono
TGGTTGAGTTCAAGAT-12-s3d7,Erythroblast
TCTGGCTTCGATCAGT-12-s3d7,CD14+ Mono
TATAACCCAATAGCAA-12-s3d7,CD14+ Mono
TGTGGCCAGGCCTAAT-12-s3d7,CD14+ Mono
ATTCACTTCTAACCTT-12-s3d7,CD14+ Mono
TCGACAAGTTGCGGAT-12-s3d7,CD14+ Mono
ACATTGCAGAATCGCT-12-s3d7,CD14+ Mono
CTATTGAAGGAACCAA-12-s3d7,CD14+ Mono
TCGCGAGGTGGAAACG-12-s3d7,CD14+ Mono
TTCATCCCAGCCAGTT-12-s3d7,CD14+ Mono
GGGTATTTCATCCTAT-12-s3d7,HSC
CCGGTTAAGGGACTAA-12-s3d7,pDC
ACCTTCCAGACACTTA-12-s3d7,CD14+ Mono
TTATCCTAGCACTTGG-12-s3d7,CD14+ Mono
CATGCATAGAGAAGGG-12-s3d7,Proerythroblast
TAGCCTGAGTGTTGCG-12-s3d7,CD14+ Mono
TGATGAACAGGTTCAC-12-s3d7,CD14+ Mono
TGGCTTTGTCGACTAA-12-s3d7,CD14+ Mono
CTTGAATCACTCGCTC-12-s3d7,pDC
ACTTTGTTCATTTGCT-12-s3d7,Erythroblast
TGATCACAGGTAAGCA-12-s3d7,CD14+ Mono
CTTAAGATCCGTCCAT-12-s3d7,pDC
GCTAGCGGTGCTAGAC-12-s3d7,CD14+ Mono
ATGAAGCCAGCCTGCA-12-s3d7,CD14+ Mono
TGGTCATAGGATCCGC-12-s3d7,CD14+ Mono
AGCGATTTCATGCTCC-12-s3d7,Erythroblast
CTAATCTTCGGGACTC-12-s3d7,MK/E prog
CCTTCGGTCTCCATAT-12-s3d7,CD14+ Mono
GTTGGCGGTCAAGTGC-12-s3d7,CD14+ Mono
CTGTACCTCCCTGTTA-12-s3d7,Erythroblast
TTCCTCAAGCGATAAG-12-s3d7,CD14+ Mono
TTAAGGACAGGCCATT-12-s3d7,CD14+ Mono
AGTGTGGCAAGTTATC-12-s3d7,CD14+ Mono
CACCGGTAGGACCGCT-12-s3d7,CD14+ Mono
TGGACCGGTGACCTGG-12-s3d7,pDC
AGGGCTACAAGTAAGC-12-s3d7,CD14+ Mono
ACTTACAAGTGTGATC-12-s3d7,CD14+ Mono
GCTATTGCATGAGCAG-12-s3d7,CD14+ Mono
GCAAGTCGTAATCGTG-12-s3d7,CD14+ Mono
CACATGCCAAGGTCGA-12-s3d7,CD14+ Mono
CGTTGCGCAAGCCAGA-12-s3d7,pDC
CTAGGACGTTGGTTCT-12-s3d7,CD14+ Mono
CCCTCACCAGGTTATT-12-s3d7,CD14+ Mono
CGGGCTTAGGAATAAC-12-s3d7,CD14+ Mono
TGTATCCGTTAGTACG-12-s3d7,CD14+ Mono
AGCGTGCTCAACCAAC-12-s3d7,CD14+ Mono
TAGTTGTCACGTTACA-12-s3d7,CD14+ Mono
GGGTTTGTCAGGCCTA-12-s3d7,CD14+ Mono
TGGTCATAGGGATTAG-12-s3d7,CD14+ Mono
CCACACAAGGACACTT-12-s3d7,CD16+ Mono
CGCTAATAGTCACCTC-12-s3d7,Erythroblast
TGACCTTGTTCGCTTG-12-s3d7,CD14+ Mono
CAGCCTTTCGCTAAAC-12-s3d7,CD14+ Mono
TGTATCCGTGGTTCTT-12-s3d7,CD14+ Mono
GGTGCTTCAATGAATG-12-s3d7,CD14+ Mono
CTAATTGAGGTCATTA-12-s3d7,CD14+ Mono
CAGGTGGAGCGCAATT-12-s3d7,CD14+ Mono
GCTCTGGCAGCAAGTG-12-s3d7,CD14+ Mono
TTAAGTGTCCTCGATC-12-s3d7,CD14+ Mono
TGGGCATGTGATCAGC-12-s3d7,pDC
GATTAAGCAAGGGTTG-12-s3d7,CD14+ Mono
GGCATTAGTGGAAACG-12-s3d7,pDC
TTAGACTCATGTTTGG-12-s3d7,CD14+ Mono
GAACGAATCCGCAACA-12-s3d7,CD14+ Mono
TTCACTGTCAGTATTG-12-s3d7,CD14+ Mono
CATAGCTAGATGCCTG-12-s3d7,CD14+ Mono
TGATCACAGTAATCCA-12-s3d7,cDC2
TTTGCATTCTTAGTGA-12-s3d7,HSC
ATATGGTGTTAGGCGT-12-s3d7,CD14+ Mono
CTGAAACTCAATGTCA-12-s3d7,CD14+ Mono
CAAGACAAGCATGTCG-12-s3d7,HSC
AGACTATGTTGGATCA-12-s3d7,CD16+ Mono
GGTGAGGTCGCGACAC-12-s3d7,CD14+ Mono
GGTTACTAGCATGCAT-12-s3d7,cDC2
AAATCCGGTCTAACAG-12-s3d7,cDC2
AAAGGCTCATAGCTTG-12-s3d7,CD14+ Mono
GGTCCTGCAGTTTGGC-12-s3d7,CD14+ Mono
AACTACTCAGTCTATG-12-s3d7,Proerythroblast
AGCCTAAGTGCAATGC-12-s3d7,CD14+ Mono
GAGTATCTCGTTATAG-12-s3d7,CD14+ Mono
TATTAGGTCCTTGTTG-12-s3d7,CD14+ Mono
TGTTCATTCGAGGAAC-12-s3d7,CD14+ Mono
GAGTAACCATCATGTG-12-s3d7,CD14+ Mono
GCCTGAGGTTGTCCAT-12-s3d7,CD14+ Mono
TTGCAAGGTGAAACAA-12-s3d7,Erythroblast
CTAATAGTCGTTATCT-12-s3d7,CD16+ Mono
ACACTTAAGACAACAG-12-s3d7,CD14+ Mono
TCCATGCTCCGCACAA-12-s3d7,CD14+ Mono
ACAGGATCAGGTTATT-12-s3d7,CD14+ Mono
CAGCTCAAGAACAAGT-12-s3d7,Proerythroblast
TTGCATTTCCCTCATA-12-s3d7,CD14+ Mono
CGTTATTTCCTAGTCC-12-s3d7,CD14+ Mono
TGTAATGTCCGTTAAA-12-s3d7,CD14+ Mono
CGCTCCATCAATTACG-12-s3d7,HSC
AGGATGCAGGCCAATT-12-s3d7,CD14+ Mono
ATCCAACAGTTTGTCT-12-s3d7,CD14+ Mono
ACTAACCAGAGCCGGA-12-s3d7,CD14+ Mono
GCAATAGAGCCATCAG-12-s3d7,CD14+ Mono
GCTGCATCAACCGCCA-12-s3d7,CD14+ Mono
AAGCTTGGTTGTGACA-12-s3d7,CD14+ Mono
AATTGCCAGATGGAGC-12-s3d7,CD14+ Mono
TTGTAAGTCTGCAAAC-12-s3d7,Proerythroblast
CCTGATGAGGTGCGGA-12-s3d7,CD14+ Mono
CTTCTAAGTATACTGG-12-s3d7,CD14+ Mono
CGAATATGTGCTAGAC-12-s3d7,CD14+ Mono
ATGGTTATCGTTACAA-12-s3d7,CD14+ Mono
GTGGATGCAAGTGTTT-12-s3d7,CD14+ Mono
TGGTCATAGGTTTGAC-12-s3d7,CD14+ Mono
GTTACGTAGTATCGCG-12-s3d7,CD14+ Mono
ACACTAATCTAATCAG-12-s3d7,CD14+ Mono
CTCCTGAGTGGAAGGC-12-s3d7,CD14+ Mono
AGCCTAGTCATGTGGT-12-s3d7,CD14+ Mono
TCAGGTTAGCTCCCTG-12-s3d7,CD14+ Mono
GAAGGATGTTAGGCTA-12-s3d7,CD14+ Mono
AGCCGCTAGTACTGGT-12-s3d7,CD14+ Mono
TCAGTAGGTTAGCGTA-12-s3d7,CD14+ Mono
TTGTTGTTCTTAGGAC-12-s3d7,HSC
AAGACCAAGGGCCACT-12-s3d7,CD14+ Mono
AGTACGCGTCACACCC-12-s3d7,Proerythroblast
TCAGTAATCTGGTCCT-12-s3d7,Erythroblast
GATAATCGTACTGAAT-12-s3d7,CD14+ Mono
AGACTATGTTGGCGTG-12-s3d7,MK/E prog
GAACCTTAGTTACTTC-12-s3d7,MK/E prog
CGTGACATCTAATCCT-12-s3d7,CD14+ Mono
CAGCATTAGGTATTGC-12-s3d7,Erythroblast
TACTTGTTCAAGCGCC-12-s3d7,CD14+ Mono
TACGCACCAGAAACGT-12-s3d7,CD14+ Mono
GTATCGCCAAACGGGC-12-s3d7,CD16+ Mono
GGCATGGAGTAAGAAC-12-s3d7,CD14+ Mono
CTGATCACAGCTTACA-12-s3d7,CD14+ Mono
CTTGCAACAGGTTCAC-12-s3d7,CD14+ Mono
TATCGAGGTCTATCGT-12-s3d7,CD14+ Mono
TGGCTAAGTGAGCACT-12-s3d7,CD14+ Mono
CTGGTTACACCAGGTT-12-s3d7,CD14+ Mono
GATTCGCCATTGGGAG-12-s3d7,CD14+ Mono
GTTCATTTCTGTGAGT-12-s3d7,pDC
GGTCTTGAGTAGGATG-12-s3d7,CD14+ Mono
TTGGATCAGGAGGGTT-12-s3d7,pDC
CAAAGCGCAGTAGGAT-12-s3d7,CD14+ Mono
TACGTACAGGAAACTG-12-s3d7,cDC2
CCCTGTTAGAGAGGAG-12-s3d7,CD14+ Mono
GGCCATCAGCCTCTGT-12-s3d7,CD14+ Mono
AACAGATAGGCATTAC-12-s3d7,HSC
CCTAATAAGGATCACT-12-s3d7,CD14+ Mono
TTCCCGCCACAATGTT-12-s3d7,CD14+ Mono
GGTTTGTAGGTGAAAT-12-s3d7,CD14+ Mono
GCTAAGTTCGCTAGCA-12-s3d7,CD14+ Mono
TTGGGCGGTTGCACGG-12-s3d7,CD14+ Mono
ACCTTGTGTTTCCTCC-12-s3d7,CD14+ Mono
CCACATTGTAGGTTGC-12-s3d7,CD14+ Mono
ACTTACAAGGTGTTAC-12-s3d7,CD14+ Mono
TGGTTGAGTTAACGAT-12-s3d7,MK/E prog
TTGGCGGGTTGCACGG-12-s3d7,CD14+ Mono
GCTGACCAGCTGAGGG-12-s3d7,CD14+ Mono
ACGCCACAGGACAACA-12-s3d7,CD14+ Mono
AGGCTAGCAGCATGTC-12-s3d7,CD14+ Mono
GTAGCTGTCTTTGAGA-12-s3d7,CD14+ Mono
AGAGGATGTCATTACC-12-s3d7,CD14+ Mono
AGTACGCGTCATCCTG-12-s3d7,cDC2
TACCCGGCAAGCCAGA-12-s3d7,CD14+ Mono
TGGTTAATCCACCCTG-12-s3d7,CD14+ Mono
ACACTAGGTTTGTGGA-12-s3d7,CD14+ Mono
AATGCGCGTACGCGCA-12-s3d7,CD14+ Mono
ATTACCCGTTACATCC-12-s3d7,CD14+ Mono
CCAGCTAAGCCGCTTT-12-s3d7,Proerythroblast
GTTCCTGGTTTATGGG-12-s3d7,CD14+ Mono
GGCCAACTCCGTTAAA-12-s3d7,CD14+ Mono
CCTGGTAAGCGCCTAA-12-s3d7,CD14+ Mono
TTGGATTCACAAAGAC-12-s3d7,CD14+ Mono
TGCTTCCAGGCTGTCA-12-s3d7,CD16+ Mono
GGGTTTGTCTGGCTTC-12-s3d7,pDC
GTAGGCGAGCCATCAG-12-s3d7,CD14+ Mono
CTTAATGAGTAACGAG-12-s3d7,pDC
ATGCAAACATGGCCTG-12-s3d7,CD14+ Mono
CTCATCATCCTAAGGT-12-s3d7,CD14+ Mono
TGGACGGAGTATCGCG-12-s3d7,pDC
AGATGAAGTTATGTGG-12-s3d7,CD14+ Mono
TCCAGCAAGCACAGCC-12-s3d7,CD14+ Mono
AGTAACCTCCACCTGT-12-s3d7,CD16+ Mono
AGTAAACAGCCTTAAA-12-s3d7,CD14+ Mono
AGCTACTAGTAGCCAT-12-s3d7,CD14+ Mono
CGTTGCAAGGAGGCAT-12-s3d7,CD14+ Mono
TTTATGGAGCCTGATG-12-s3d7,CD14+ Mono
CAATGTCAGCATGAAG-12-s3d7,CD14+ Mono
TAGTAAGCAAACGCGA-12-s3d7,CD14+ Mono
GGGTGTTGTTGTTGGA-12-s3d7,CD14+ Mono
CTCATGCTCCGGAACC-12-s3d7,CD14+ Mono
AAGTTTGTCAACCAAC-12-s3d7,HSC
GGCTTCAAGGAACGGT-12-s3d7,CD14+ Mono
GGCTGAGAGCATGACT-12-s3d7,CD14+ Mono
GGTCCGTAGGGCCACT-12-s3d7,CD14+ Mono
CAATGAACAAGGACCA-12-s3d7,CD14+ Mono
AACTACTCAGCCGCTA-12-s3d7,HSC
AGTAATGCATCCAGGT-12-s3d7,CD14+ Mono
CCTCAAACACTAAGAA-12-s3d7,pDC
ACCAAGCGTGGGAACA-12-s3d7,CD14+ Mono
CAGCATGTCCTCAGTC-12-s3d7,CD14+ Mono
TGGCCAATCATCCACC-12-s3d7,CD14+ Mono
TGGTTAATCCTTAGTT-12-s3d7,CD14+ Mono
GCAAACAAGTTTGAGC-12-s3d7,pDC
GGCAGGATCAAACTCA-12-s3d7,CD14+ Mono
TGGCCTGCAAACTAAG-12-s3d7,CD14+ Mono
AGAACAAGTATTGCAG-12-s3d7,CD14+ Mono
GTCTATCGTGGACATC-12-s3d7,CD14+ Mono
GATTCAATCGCGCTAA-12-s3d7,HSC
TGCACTTGTTGAAGCC-12-s3d7,pDC
ACCGAAGCACAGAAAC-12-s3d7,pDC
AGTAAACAGGTCCTGA-12-s3d7,CD16+ Mono
ACCGGCTAGCATTAGC-12-s3d7,CD14+ Mono
AGGACTAAGCGGTTAT-12-s3d7,cDC2
TTAAGGTGTACGCGCA-12-s3d7,CD14+ Mono
TGGTCCTTCCCTCAGT-12-s3d7,HSC
GCTGCACAGTTGCGTG-12-s3d7,CD14+ Mono
GGTCTTTGTCTAACCT-12-s3d7,Proerythroblast
CTAAGTCAGCCTGTTC-12-s3d7,CD14+ Mono
GAGGTACAGCATGAAG-12-s3d7,CD16+ Mono
ATCAGGTTCGATTTAG-12-s3d7,CD14+ Mono
GGATGAATCGGCTATG-12-s3d7,CD14+ Mono
TACTTCGTCGCATCCT-12-s3d7,CD14+ Mono
ACTTGAATCTTAGTCT-12-s3d7,MK/E prog
AGAAACCCAATCTCTC-12-s3d7,CD14+ Mono
CTTTATCAGGATAAAC-12-s3d7,CD14+ Mono
CATCACACACCCTCAC-12-s3d7,CD16+ Mono
GAACTTATCAATGTGC-12-s3d7,CD14+ Mono
GTGTTCCTCGTTATCT-12-s3d7,CD14+ Mono
GAGTATCTCCGGGACT-12-s3d7,pDC
TAGCCTGAGGACCTCA-12-s3d7,CD14+ Mono
AAGGATGTCCAGCACA-12-s3d7,CD14+ Mono
GTTTGTTTCACAGACT-12-s3d7,CD14+ Mono
CCCGTTGTCAGCACGC-12-s3d7,CD14+ Mono
CCTAGTTGTTACAAAC-12-s3d7,CD14+ Mono
CTAGGCGGTCGTTACT-12-s3d7,CD14+ Mono
TCCTAGTGTAATGGCC-12-s3d7,CD14+ Mono
TGGACCGGTCATGCCC-12-s3d7,CD16+ Mono
GTTCCTGGTAGCTGGT-12-s3d7,CD14+ Mono
CGAGCTGGTCCCGGAA-12-s3d7,CD14+ Mono
AATGGCGCACAAACTT-12-s3d7,CD14+ Mono
TGTAAGCTCTTACTCG-12-s3d7,CD14+ Mono
AAGCGTTTCCTTCGTA-12-s3d7,pDC
AGTGAGTCAAATGCCC-12-s3d7,CD16+ Mono
ACTCACTGTCCCGGAA-12-s3d7,Proerythroblast
ACGGGAAGTTTAACGG-12-s3d7,CD14+ Mono
TCGGTTTGTGCATCGG-12-s3d7,CD14+ Mono
AAGTTACGTTACGCGG-12-s3d7,CD14+ Mono
ATGTCCACAAGGATTA-12-s3d7,CD14+ Mono
TCATTGCGTCTATCGT-12-s3d7,CD14+ Mono
TCTTGACGTTAGCTGA-12-s3d7,CD16+ Mono
GGTCTTGAGTTAGGCT-12-s3d7,CD14+ Mono
AGTCGCATCCTTAATC-12-s3d7,Normoblast
CTCATGCTCCTGGTGA-12-s3d7,CD14+ Mono
AGCCTAGTCCAGGTCA-12-s3d7,Normoblast
AGAGAAGCATAGTCAT-12-s3d7,CD14+ Mono
CAATCTAAGGAACCAA-12-s3d7,CD14+ Mono
TAGGTGCGTAATCACG-12-s3d7,CD14+ Mono
CGGAGCAAGGGCTAAA-12-s3d7,CD14+ Mono
AAGCCTTAGTTTCCTG-12-s3d7,CD14+ Mono
TACCGAAGTGTGTGGT-12-s3d7,CD14+ Mono
TGATCACAGCTCCTTA-12-s3d7,HSC
AGTAACGAGGATTGAG-12-s3d7,CD14+ Mono
TTTATGGAGTGTTGCG-12-s3d7,CD14+ Mono
GCTAAGAAGGCGGATG-12-s3d7,CD14+ Mono
AGTAATGCACGGTACT-12-s3d7,CD14+ Mono
TTGCTTAGTAATCACG-12-s3d7,CD14+ Mono
TGCTCCGTCAATGTGC-12-s3d7,CD14+ Mono
AATAACCGTAGCCATA-12-s3d7,CD14+ Mono
TTAGGAACATAATGAG-12-s3d7,CD14+ Mono
AACCTCCTCACTTTAC-12-s3d7,CD14+ Mono
CAATCTAAGTCCTTCA-12-s3d7,CD14+ Mono
CCATAATCAAATATCC-12-s3d7,CD14+ Mono
TCCAGGTCACAGCCAT-12-s3d7,CD14+ Mono
GGTGCTTCATCAATCG-12-s3d7,CD14+ Mono
CTGGTTTGTAATAACC-12-s3d7,CD16+ Mono
CTAATCTTCCTTCGTA-12-s3d7,CD14+ Mono
AAGCAAGTCCAAGTGT-12-s3d7,cDC2
TGCGCGAGTTTGAGGC-12-s3d7,CD14+ Mono
AGTGATGAGCGCTCAA-12-s3d7,CD14+ Mono
TCATCCATCAATTGGC-12-s3d7,CD14+ Mono
TCACCGGCAAACTCAT-12-s3d7,CD14+ Mono
GGATTATGTATTGGTG-12-s3d7,CD14+ Mono
ATGCAGGCATTATGCG-12-s3d7,CD14+ Mono
ACCCAGGGTATTCGCT-12-s3d7,Proerythroblast
ACGACAAAGTGAGCAA-12-s3d7,cDC2
CCAGCTGCATAGCTGC-12-s3d7,Proerythroblast
ATTATCCTCGTTAGCG-12-s3d7,CD14+ Mono
TGTGGCTCACAACCTA-12-s3d7,CD14+ Mono
AGTGCGGAGTCTATGA-12-s3d7,Erythroblast
GTGCTGATCTCTAGCC-12-s3d7,CD14+ Mono
GTCTAGCCAATTATGC-12-s3d7,Erythroblast
GCTTAAATCAGTGAAG-12-s3d7,CD14+ Mono
GATAAGCCAAGCCACT-12-s3d7,Normoblast
ACAAACTGTTGTAAAC-12-s3d7,CD14+ Mono
CTGTTCATCCTGATGG-12-s3d7,HSC
AGGTATTGTTACCTGT-12-s3d7,CD14+ Mono
GGGTTATTCTGCAACG-12-s3d7,CD14+ Mono
TCAAGTATCTTGTCTG-12-s3d7,CD14+ Mono
ATCAAGACAGGCTAGA-12-s3d7,Proerythroblast
AGCTTAATCTGGCAAT-12-s3d7,MK/E prog
GAGGTGAGTCGTTACT-12-s3d7,pDC
TTAATCGAGGAAACTG-12-s3d7,pDC
ACAAAGGTCCTCAGCT-12-s3d7,CD14+ Mono
GATAAAGGTTAATGAC-12-s3d7,CD14+ Mono
CCGTTATGTAGCAGCT-12-s3d7,HSC
GTTAAACGTTTGCAGA-12-s3d7,CD14+ Mono
AGTAAACAGACAACGA-12-s3d7,HSC
TATTCGTTCCCTGTTA-12-s3d7,CD14+ Mono
CTCATCATCCCTCATA-12-s3d7,Erythroblast
ATGGTCTAGGCCTGGT-12-s3d7,CD14+ Mono
CCATAATCACCTACGG-12-s3d7,CD14+ Mono
ATTGTCCGTTGAGCCG-12-s3d7,CD14+ Mono
ATCACAATCGGTTTGG-12-s3d7,CD14+ Mono
GCCCAAATCCTCATCA-12-s3d7,CD14+ Mono
GAAAGCCAGTGAGCAA-12-s3d7,CD14+ Mono
CTAATCGCACAGGGAC-12-s3d7,CD14+ Mono
GGAATCTTCTAAATCG-12-s3d7,pDC
CGGTTCCGTCTTGCAT-12-s3d7,CD14+ Mono
GGGTTTCCATGTTGGC-12-s3d7,CD14+ Mono
TCTTTGTAGGGATGAC-12-s3d7,pDC
CTATTCAGTTAACAGT-12-s3d7,CD14+ Mono
CAATGTGGTGGATTAT-12-s3d7,CD14+ Mono
GTTACTCGTTACATCC-12-s3d7,G/M prog
AGGTTTGGTTAACACG-12-s3d7,Erythroblast
TGCATCCTCGTTAAGC-12-s3d7,cDC2
CCTAATCGTCAATAGT-12-s3d7,pDC
TTCCTTGAGACAGGTA-12-s3d7,CD14+ Mono
CCACACAAGTCAATCA-12-s3d7,CD14+ Mono
CTGGTAAGTACCTTAC-12-s3d7,cDC2
CAGGTGGAGCAATAGG-12-s3d7,MK/E prog
GTTAACCAGGCTGTCA-12-s3d7,CD14+ Mono
TTATCCTAGCTTCCCG-12-s3d7,CD14+ Mono
CCGTTTGGTGCTCACC-12-s3d7,CD14+ Mono
TTTAACCTCAATGTCA-12-s3d7,CD14+ Mono
TTTGGCTGTCCTAACT-12-s3d7,CD14+ Mono
ATTACCCGTAAGGTTT-12-s3d7,CD16+ Mono
CTCATGCTCCAAGTGT-12-s3d7,CD14+ Mono
CGTGCTTTCGATTCTT-12-s3d7,CD14+ Mono
TTCCTTGAGTTATCCT-12-s3d7,CD14+ Mono
GCTGATCCAGCCAGAA-12-s3d7,CD14+ Mono
GCTCACAAGTATGTGC-12-s3d7,Normoblast
ATTAACCCATGTCAAT-12-s3d7,CD14+ Mono
ATGTTTGAGAGGAGGA-12-s3d7,CD14+ Mono
CGTTATTTCCATTACT-12-s3d7,CD14+ Mono
ACGACAAAGCCTGGTA-12-s3d7,CD14+ Mono
CGACCTGCATCAGTAT-12-s3d7,CD14+ Mono
GTTACAGGTGTGTCCC-12-s3d7,CD14+ Mono
ATGACGAAGGCCGGAA-12-s3d7,CD14+ Mono
CACTTAAAGGTGCGGA-12-s3d7,CD14+ Mono
ATGACAACACTGACCG-12-s3d7,Proerythroblast
AATGTCCAGGTCTTGG-12-s3d7,CD14+ Mono
GGATAACCACCCACAG-12-s3d7,CD14+ Mono
TGATGATGTCCTTAGT-12-s3d7,CD14+ Mono
CCAGCTAAGGCTACTG-12-s3d7,CD16+ Mono
CTCAGGATCTTAGCCC-12-s3d7,CD16+ Mono
GAACCGCTCTCCTCAA-12-s3d7,CD14+ Mono
TTTGTGAAGTATTGCA-12-s3d7,CD14+ Mono
AATGTCATCACTCAAA-12-s3d7,CD14+ Mono
CCATAAGGTAACCTAG-12-s3d7,Erythroblast
TTATTGCTCATGTCAA-12-s3d7,CD14+ Mono
ACCCAGGGTGGTTAGC-12-s3d7,HSC
TCAGGAGCAAACCTAT-12-s3d7,CD14+ Mono
GCGGATACACATACTG-12-s3d7,CD14+ Mono
CAGGTTAGTATACTGG-12-s3d7,CD14+ Mono
CTCACTCAGGGCCATC-12-s3d7,CD14+ Mono
TACTTGTTCTGGCAAT-12-s3d7,CD14+ Mono
AATTAGCGTCCTTAGT-12-s3d7,CD14+ Mono
ACCAGCTCATCCTGAA-12-s3d7,G/M prog
GCTGACATCTAAGTCA-12-s3d7,CD14+ Mono
GTAAGGTCATAAAGCA-12-s3d7,CD14+ Mono
GGGATTAAGGAACCAA-12-s3d7,CD14+ Mono
AAGCGTTTCATGTTTC-12-s3d7,CD14+ Mono
TATGGCCCATTTAAGC-12-s3d7,pDC
AGTTGCAGTGTTTGTC-12-s3d7,CD14+ Mono
GCTGAGGAGGCCGGAA-12-s3d7,pDC
ACCTTCATCTAAGTCA-12-s3d7,CD14+ Mono
GCACGGTTCTAAGGAG-12-s3d7,CD14+ Mono
TAGCGCGGTGAAGCCT-12-s3d7,CD14+ Mono
TTTGAGTCAGAAATGC-12-s3d7,CD14+ Mono
CTCCAACTCTTGACCC-12-s3d7,CD14+ Mono
TAGGAGTCAATGCCCG-12-s3d7,CD14+ Mono
GAGGAGGCAGACAAAC-12-s3d7,CD14+ Mono
TACGGTTAGGCTTAAC-12-s3d7,CD14+ Mono
CATCCTCAGCGAGTAA-12-s3d7,CD14+ Mono
AGAATCGAGTAAAGGT-12-s3d7,cDC2
CGAAGCGAGGCAAGTA-12-s3d7,CD14+ Mono
TCAGGAGCACAAACTT-12-s3d7,CD14+ Mono
CCACAGGGTGCAACTA-12-s3d7,CD14+ Mono
GCTTTCATCATCCACC-12-s3d7,CD16+ Mono
TTGGATTCAAGCGAGC-12-s3d7,CD14+ Mono
CCGCAAGGTAGGATCC-12-s3d7,CD14+ Mono
CGTAATGGTTTATGGG-12-s3d7,CD14+ Mono
TCATTGCGTGTGCAAC-12-s3d7,CD14+ Mono
AATTTGGTCCTAGTCC-12-s3d7,CD14+ Mono
TCAAGAACATTAGCGC-12-s3d7,CD14+ Mono
GTTTATCTCCAGGTCA-12-s3d7,CD14+ Mono
CCTAGTTGTGCCTCAC-12-s3d7,CD14+ Mono
TGCATCCTCTTGATGA-12-s3d7,CD14+ Mono
TGCGATTAGAGGATAT-12-s3d7,CD14+ Mono
TGGAACAAGTTAGCCG-12-s3d7,CD14+ Mono
CGTCCTAGTTTAAAGC-12-s3d7,HSC
TGTATCCGTTCATTTG-12-s3d7,HSC
TCAACAATCCTAAATG-12-s3d7,Erythroblast
TCCTTGCAGCGAGCGA-12-s3d7,Normoblast
GAGCTGCTCCGTAAAC-12-s3d7,CD16+ Mono
AGCGGACCATAAGTCT-12-s3d7,HSC
CGTCATTGTTTGGCGG-12-s3d7,CD14+ Mono
CATGGATTCTGCAAGT-12-s3d7,Normoblast
TAGTAAGCAAGGTATA-12-s3d7,CD14+ Mono
GGTCGGTTCTAACCTT-12-s3d7,pDC
CAATGTGGTGCAATGC-12-s3d7,CD14+ Mono
GCCAATTAGTTATGTG-12-s3d7,CD14+ Mono
AACCTTGCATCAGTAT-12-s3d7,CD14+ Mono
ACACAATGTTAGGTTG-12-s3d7,CD14+ Mono
CCGGTAGGTGGAAACG-12-s3d7,CD14+ Mono
TAGTAAGCAAGGATTA-12-s3d7,CD14+ Mono
TTGTCCATCAATTGGC-12-s3d7,CD14+ Mono
GCTTTGTGTCAGGCCA-12-s3d7,HSC
CCTTACTCACAATTAC-12-s3d7,CD14+ Mono
GCCACACAGTAAGTCC-12-s3d7,CD14+ Mono
TGACTCCTCTATTGTC-12-s3d7,CD14+ Mono
GGAACCTGTGCCTCAC-12-s3d7,CD14+ Mono
TCCTAGTGTACGCGCA-12-s3d7,cDC2
CTTGTTTAGGATCACT-12-s3d7,CD14+ Mono
ATTGTGATCACAGCCA-12-s3d7,CD14+ Mono
TTAAGGTGTCCAAATG-12-s3d7,Erythroblast
GGTAGGAGTCCTTCAG-12-s3d7,CD14+ Mono
GAGTAACCACTAGGTC-12-s3d7,CD14+ Mono
GCTGTGATCCAGGGAG-12-s3d7,Erythroblast
TAGCTTAAGTCACTCC-12-s3d7,Proerythroblast
ATGACGAAGGGATTAG-12-s3d7,G/M prog
CAACTAATCGACAAAG-12-s3d7,cDC2
CGGATAAAGCTAAAGG-12-s3d7,cDC2
TGTATCGCAGCACGAA-12-s3d7,CD14+ Mono
ATCCTCATCATGTCAA-12-s3d7,CD14+ Mono
GCGGTTATCAAACCGT-12-s3d7,CD14+ Mono
CGATTTGCAATCCCTT-12-s3d7,CD14+ Mono
TACTGAGGTAACCTAG-12-s3d7,CD14+ Mono
AGGAGCTAGACAAGTG-14-s3d10,Normoblast
GATTCGCCAAATACCT-14-s3d10,Erythroblast
ACTTAGTCATTATGAC-14-s3d10,Proerythroblast
CGAATCTAGACAACGA-14-s3d10,HSC
GATTGGCGTCAATAGT-14-s3d10,CD14+ Mono
GTAGTTATCACTCGCT-14-s3d10,Erythroblast
AGTTACATCAGGATGA-14-s3d10,G/M prog
ACGGTACGTTTATTCG-14-s3d10,G/M prog
CAACAGGCATTATGCG-14-s3d10,CD14+ Mono
GGAGTGAGTCCAAGAC-14-s3d10,cDC2
TCTGTGACAATGAGGT-14-s3d10,pDC
TGGCCTGCAGTTTACG-14-s3d10,CD14+ Mono
TTGGATCAGTAAGAAC-14-s3d10,pDC
GTGCATTAGGTGCTGC-14-s3d10,CD14+ Mono
ACAACAGAGGCTAATC-14-s3d10,CD14+ Mono
TCGCATTGTTAGGCGT-14-s3d10,CD14+ Mono
AGAGAAGCAAGTCGCT-14-s3d10,CD14+ Mono
GTCTTTAGTCAGGAAG-14-s3d10,CD14+ Mono
TACAGCTAGCCACAAT-14-s3d10,CD14+ Mono
ATTAACCCAATCCCTT-14-s3d10,G/M prog
CGGACCTAGGAGCATA-14-s3d10,MK/E prog
AGGATTGAGCGCCTTT-14-s3d10,cDC2
GACCTAGTCGTTTCGC-14-s3d10,HSC
GTTGTTGCAGCTAATT-14-s3d10,G/M prog
AAGGATTAGCACAGGG-14-s3d10,CD14+ Mono
TGGTGATTCAAGCCTG-14-s3d10,Erythroblast
TGTTCCTCAATTGAAG-14-s3d10,CD14+ Mono
TGTGGCTCAAAGGCCA-14-s3d10,CD14+ Mono
GTGCTCAAGCAAGGAC-14-s3d10,CD14+ Mono
AATGAAGGTCTTGCAT-14-s3d10,Erythroblast
CTAACCACATAAGTTC-14-s3d10,CD14+ Mono
GAAGGATGTTTGCGAA-14-s3d10,CD14+ Mono
CCTATTGTCAGGTCCA-14-s3d10,Proerythroblast
CGGCTAATCAATGAGG-14-s3d10,Erythroblast
CTTTCTTGTCACGAAC-14-s3d10,G/M prog
GCAGGACCATGAGTTT-14-s3d10,pDC
TTCCACGGTTACTTGC-14-s3d10,CD14+ Mono
CTCGCTCCAAATTGCT-14-s3d10,HSC
CCTTCAGGTTGGCCGA-14-s3d10,CD14+ Mono
CATTTGTTCCCGCAAA-14-s3d10,G/M prog
GCTAACCCACTAGGTC-14-s3d10,Erythroblast
AGTGAGTCAACCGCCA-14-s3d10,Erythroblast
ATCAATCCAGCCTAAC-14-s3d10,CD14+ Mono
TACTGGCCAATTGAGA-14-s3d10,CD14+ Mono
CTATGATCAGTAGCCT-14-s3d10,Proerythroblast
GGTAAACCACGAATTT-14-s3d10,MK/E prog
GATTCATCATTAGCCA-14-s3d10,CD14+ Mono
AAGTGTTGTGGTTAGC-14-s3d10,Erythroblast
ACCTTCCAGTTCCTCA-14-s3d10,CD16+ Mono
ATTTGCAAGAGGAGGA-14-s3d10,CD14+ Mono
CCTTCGGTCCGGAACC-14-s3d10,Erythroblast
TTGGGTTAGTAGCGCC-14-s3d10,G/M prog
AGTAACACAATCATGT-14-s3d10,Erythroblast
GTTTCCTCACAAGCCT-14-s3d10,CD14+ Mono
GGAGCGATCTAATCCT-14-s3d10,CD14+ Mono
CCTCCTGAGGCGAAAC-14-s3d10,pDC
GGTGATTTCCAATTAG-14-s3d10,CD14+ Mono
GGGTTTCCAACACTTG-14-s3d10,Normoblast
GACATAGAGCCACAAT-14-s3d10,CD14+ Mono
GTTCCTTCAGTTTGGC-14-s3d10,CD16+ Mono
CGCCTGTGTGGGAACA-14-s3d10,CD14+ Mono
CGATTCCTCTAACTGA-14-s3d10,MK/E prog
TGCGATTAGGCTACTG-14-s3d10,CD14+ Mono
ACTTTGTTCTCACTCA-14-s3d10,CD14+ Mono
CTCGCTAGTTTCCTCC-14-s3d10,HSC
ACTCCTCAGCCGCAAC-14-s3d10,CD16+ Mono
GGTTATGGTGCTTTAC-14-s3d10,Erythroblast
ATTGCGCCAACAACAA-14-s3d10,CD14+ Mono
TGATGACTCTTTGTAC-14-s3d10,G/M prog
GCCAACATCACACAGT-14-s3d10,CD14+ Mono
GAGCAAATCCTTAAGA-14-s3d10,CD16+ Mono
GAGTTGCGTGATCAGC-14-s3d10,CD14+ Mono
AGCCGGTTCTACTAAG-14-s3d10,G/M prog
AAGGATTAGTCTCACC-14-s3d10,G/M prog
TGAGCTTAGGCCAATT-14-s3d10,CD14+ Mono
TGCTTAAAGCTTAGCG-14-s3d10,HSC
TGCATTAAGACTATTG-14-s3d10,pDC
CGTGTTACAACTCGCG-14-s3d10,CD14+ Mono
GCATATATCTTAGGGT-14-s3d10,CD14+ Mono
TTTGCGGAGCCGCAGT-14-s3d10,CD14+ Mono
GATAACGAGCTAATCA-14-s3d10,CD14+ Mono
ATTACCGCAGGAACTG-14-s3d10,pDC
GTGCCTTTCCATAATG-14-s3d10,MK/E prog
CAGGTTAGTGTAACCA-14-s3d10,CD16+ Mono
CGAAGAATCGGTTTGG-14-s3d10,MK/E prog
AAACATGCATAGCTGC-14-s3d10,Erythroblast
CCTAAGCCAAGCCACT-14-s3d10,CD14+ Mono
GGCTTCAAGCTGGAAA-14-s3d10,CD14+ Mono
CCAATATCAGCATGAG-14-s3d10,CD16+ Mono
CTGATCACAACCTAAT-14-s3d10,CD14+ Mono
TAATTGCCATGTTGTG-14-s3d10,CD14+ Mono
TACAATGTCGCAAACT-14-s3d10,CD14+ Mono
TACAAGCTCCCGTTGT-14-s3d10,G/M prog
TGTCAATCACCCACAG-14-s3d10,MK/E prog
GTCAAACTCGACAAAG-14-s3d10,CD14+ Mono
CGTTATCGTAAATTGC-14-s3d10,Proerythroblast
TGTTGTAAGACACTTA-14-s3d10,pDC
TAGTTTGAGTGAGAGC-14-s3d10,Proerythroblast
ATGATGGAGGCTACAT-14-s3d10,CD14+ Mono
ATGACTCAGTGGACAA-14-s3d10,CD14+ Mono
AGGGCTACATCGTTCT-14-s3d10,CD14+ Mono
TGTTCCTCAGCAAGGC-14-s3d10,CD14+ Mono
CTTGGACCACTAGCGT-14-s3d10,HSC
ATTACCGCATCCTGAA-14-s3d10,HSC
ACACCTTGTGTGCACG-14-s3d10,CD14+ Mono
TGCACCTTCAGCACGC-14-s3d10,CD14+ Mono
CTGTACCTCATAACCA-14-s3d10,CD14+ Mono
CTCCTGAGTCCTTCAG-14-s3d10,Erythroblast
ATCGCCCGTAATCGCA-14-s3d10,CD14+ Mono
CCTGTTGGTAGACAAA-14-s3d10,Erythroblast
AAATCCGGTTGGTTGA-14-s3d10,CD14+ Mono
CGATTTGCATCACTTC-14-s3d10,CD14+ Mono
GGATAACCATCACAGC-14-s3d10,pDC
GCTGTAAGTCATGAGC-14-s3d10,CD14+ Mono
GTCCTAGAGCTACTGG-14-s3d10,CD14+ Mono
GGTCCGTAGTTGTCAA-14-s3d10,Proerythroblast
GCTTTCATCAATTACG-14-s3d10,CD16+ Mono
TAGGTGCGTACAAAGA-14-s3d10,Normoblast
ACGCTTGAGCTTCCCG-14-s3d10,pDC
GTAAAGCCAGCCTGCA-14-s3d10,pDC
CGAATATGTGGATTAT-14-s3d10,Erythroblast
CATTGCGAGCCAAATC-14-s3d10,Proerythroblast
GTACCTTGTCAATAGT-14-s3d10,MK/E prog
TAGTAAGCATTATCCC-14-s3d10,Erythroblast
TGTGATCAGTCACCAG-14-s3d10,CD14+ Mono
TGGACTAGTATTTGGG-14-s3d10,CD14+ Mono
ATTGTCCGTCAATAGT-14-s3d10,pDC
CAGCCAATCGTTACTT-14-s3d10,Erythroblast
CAAAGCGCACATTAAC-14-s3d10,HSC
GCTGTGATCGTTCACC-14-s3d10,Normoblast
TGTTATGAGGTCGAGG-14-s3d10,CD14+ Mono
CAAGTTATCGGGCCAT-14-s3d10,cDC2
TGATCACAGCGCTCAA-14-s3d10,G/M prog
ACAGTATGTGCTAGCG-14-s3d10,CD14+ Mono
TAGCCGGGTAATGACT-14-s3d10,Erythroblast
TCTCCTCGTTAGGTTG-14-s3d10,CD14+ Mono
GTTTGTAAGGCATTAC-14-s3d10,Proerythroblast
CATTATGAGGTCCGTA-14-s3d10,CD14+ Mono
CGTTAGGTCTTACTCG-14-s3d10,CD14+ Mono
CTATAACCAGCAATAA-14-s3d10,CD14+ Mono
GATTACGGTGCTTAGA-14-s3d10,G/M prog
GCTGCAATCCTGATGG-14-s3d10,CD14+ Mono
GACCGTTCATTGTGGC-14-s3d10,CD14+ Mono
AGAAACCCAGAATGAC-14-s3d10,CD14+ Mono
CGTTGCAAGGCGGGTA-14-s3d10,CD14+ Mono
CGGAGTCTCCTCACAC-14-s3d10,Erythroblast
CCAAGTTAGTCACTAA-14-s3d10,HSC
TTTAGCAAGGCGCATC-14-s3d10,CD14+ Mono
AGGTTTGGTGGCTTCC-14-s3d10,pDC
CACAGGGAGCATGACT-14-s3d10,Erythroblast
ATTGGTTCAAAGCCTC-14-s3d10,CD14+ Mono
TTGCCCGTCACGTTAA-14-s3d10,CD14+ Mono
CTCACTCAGGTCCTGA-14-s3d10,CD14+ Mono
GGTTAGCGTAGGTTTG-14-s3d10,MK/E prog
CGCTCCATCGCAGGCT-14-s3d10,Erythroblast
TCCTTCAAGGCTATGT-14-s3d10,CD14+ Mono
CGTAGCGGTGGAGCAA-14-s3d10,CD14+ Mono
CTAGGCGGTTACGCGG-14-s3d10,G/M prog
CCTGTAACAAGGTGGC-14-s3d10,CD14+ Mono
GTAATAGCAAACTCAT-14-s3d10,CD14+ Mono
TGTTAGCAGGACAACA-14-s3d10,CD14+ Mono
TTATCCGTCCGCCAAA-14-s3d10,Normoblast
GGTTCCCGTTTACGTC-14-s3d10,pDC
TCGTCAACATTTAAGC-14-s3d10,CD16+ Mono
GCTCCTTAGACAAGTG-14-s3d10,CD14+ Mono
CTTACCTCACAGAACG-14-s3d10,MK/E prog
ACTAATCCACTTACAG-14-s3d10,CD14+ Mono
AATCATCCATCATGGC-14-s3d10,CD16+ Mono
ATGTGAGAGACAGGTA-14-s3d10,CD14+ Mono
CATTGCGAGTTATTCC-14-s3d10,HSC
GTAGGAGGTACTGATG-14-s3d10,G/M prog
AGAACCAAGGCTAATC-14-s3d10,CD14+ Mono
TGGTTAATCTGTGAGT-14-s3d10,G/M prog
CTCCTCACAATTGAAG-14-s3d10,CD14+ Mono
CGCACACAGGGCTTTG-14-s3d10,G/M prog
GAACCGCTCCTTGCGT-14-s3d10,pDC
CCGTTAACACTATGGC-14-s3d10,pDC
TTACAGCAGCACAGCC-14-s3d10,CD16+ Mono
ACGACAAAGCCATCAG-14-s3d10,pDC
CGTCAATAGGTTACGT-14-s3d10,CD16+ Mono
TAGTAGGAGCCGGTAC-14-s3d10,Erythroblast
GCTAGCCAGCTTCCCG-14-s3d10,pDC
TTTAACCTCGGGATTT-14-s3d10,CD14+ Mono
AGACCCGGTCCTAGTT-14-s3d10,CD14+ Mono
AGCAAGGGTTACAAAC-14-s3d10,CD16+ Mono
TAAGTGCTCGATTTGA-14-s3d10,CD14+ Mono
CGTGGTTCATCTAGCA-14-s3d10,HSC
AATCTTGAGGGATGAC-14-s3d10,CD14+ Mono
GTTGCCCGTTTAGCTC-14-s3d10,HSC
CGCTACTTCTGTGCCT-14-s3d10,CD14+ Mono
AGCAAATAGTGAAGTG-14-s3d10,CD14+ Mono
TGCTAGCCACAATTAC-14-s3d10,CD14+ Mono
TAGAGCCGTGTTAAAC-14-s3d10,CD14+ Mono
GTGCAAGCATGCTTAG-14-s3d10,CD14+ Mono
TTGGAGGCACTTACAG-14-s3d10,CD14+ Mono
GATGCTTAGCTTAGTA-14-s3d10,CD16+ Mono
TGCGCAGGTGCACGCA-14-s3d10,pDC
CGGAGCAAGCTTACTT-14-s3d10,Erythroblast
GGTCTTGAGCAAGGTA-14-s3d10,HSC
TGAAGGATCGTTACTT-14-s3d10,CD14+ Mono
TAGGCTGTCATGGCCA-14-s3d10,CD14+ Mono
AATCCGTAGTGAGAGC-14-s3d10,CD14+ Mono
AATCCATCAACAGGTG-14-s3d10,pDC
TAGCGGACACCTATAG-14-s3d10,HSC
TCCTCAATCCATCAGG-14-s3d10,pDC
CGGTTGGGTGTTGCTT-14-s3d10,Normoblast
TTAGTCAAGTTTCCTG-14-s3d10,Erythroblast
CTATGGCCAATCCCTT-14-s3d10,pDC
TGAGTGAAGGGCTTAT-14-s3d10,CD14+ Mono
CGTCATTGTCCTAAGA-14-s3d10,pDC
TCCTGTTCAAATGCCC-14-s3d10,G/M prog
AAGGATCCATTTAAGC-14-s3d10,CD14+ Mono
GAGTCAAAGATAACCC-14-s3d10,CD14+ Mono
GTACACCCACCTGCCT-14-s3d10,G/M prog
TACTGCACATCATGTG-14-s3d10,CD14+ Mono
TATCGCACAATATGGA-14-s3d10,Normoblast
ATCCTTAGTTTCAGGA-14-s3d10,MK/E prog
TTTGTTGGTGTGCAAC-14-s3d10,CD16+ Mono
GTGAATCTCATGGTGT-14-s3d10,CD14+ Mono
GGACCTCAGGCGCTAC-14-s3d10,CD14+ Mono
TGTTACTTCTGTGCAG-14-s3d10,CD14+ Mono
GCATATATCGCATCCT-14-s3d10,CD14+ Mono
GACCTTTGTCCTAAGA-14-s3d10,G/M prog
TTGGCGGGTGTGCAAC-14-s3d10,G/M prog
GTAAAGCCATTAAGTC-14-s3d10,CD14+ Mono
TCCTCACAGGGACTAA-14-s3d10,cDC2
TCGTTTCCATGTCAGC-14-s3d10,cDC2
AACCTTAAGGGTGGAT-14-s3d10,CD14+ Mono
GAGTGTTTCTCAATAG-14-s3d10,CD14+ Mono
CAAGTTATCAGAAACG-14-s3d10,CD14+ Mono
CGAGCTGGTGAAGCCT-14-s3d10,CD14+ Mono
CCAACATAGGGACTAA-14-s3d10,Normoblast
GCTGACCAGGCCGGAA-14-s3d10,G/M prog
GGACTAAAGTTCCCAC-14-s3d10,CD14+ Mono
GAGGCTACAAGCCAGA-14-s3d10,pDC
ACCTCACTCCCTCTAA-14-s3d10,Erythroblast
GCTGTGATCATCCTGC-14-s3d10,CD16+ Mono
AGTCCTTGTGTGTGGT-14-s3d10,CD14+ Mono
GCTTTACGTTTAGTCC-14-s3d10,CD14+ Mono
TTGCTTAGTTACATCC-14-s3d10,pDC
GTTTATCTCTTGACCC-14-s3d10,MK/E prog
GACCTTTGTAATGACT-14-s3d10,pDC
ACATCAATCCAATTAG-14-s3d10,CD14+ Mono
AAAGGAGCAGCTCATA-14-s3d10,pDC
TTACACCGTGATCATG-14-s3d10,CD14+ Mono
TACTTCGTCACTAGGT-14-s3d10,G/M prog
GAGGCTTGTCCAAGAC-14-s3d10,G/M prog
AATTGACGTTGGATAT-14-s3d10,CD14+ Mono
CAATCCTGTATTCGTC-14-s3d10,cDC2
TCCATTGTCGAGCAAA-14-s3d10,G/M prog
TGCTAGCCAGAAATTG-14-s3d10,CD14+ Mono
TGAGCACGTTAGGACC-14-s3d10,Proerythroblast
GTACTAATCCAAGTGT-14-s3d10,G/M prog
GTAGCTGTCAGCAAAG-14-s3d10,cDC2
TCCAGGATCATGTCAA-14-s3d10,CD14+ Mono
AAGTGCAAGTAAGTGG-14-s3d10,CD16+ Mono
GTTCATTTCATCAGTA-14-s3d10,cDC2
TCAAGACTCTGTTGCC-14-s3d10,CD14+ Mono
GGTTGGTGTACCAGGT-14-s3d10,CD16+ Mono
GCTGAGGAGTGAAGTG-14-s3d10,G/M prog
TAGGAACCACCAGGTT-14-s3d10,Erythroblast
ACCAAGTTCACAGGAA-14-s3d10,G/M prog
AATGTCCAGCAAGACA-14-s3d10,G/M prog
ATGCATTCAGTAAAGC-14-s3d10,G/M prog
CCTTAGTGTGTTGCTT-14-s3d10,G/M prog
GCTTAAATCTTGAGGT-14-s3d10,Erythroblast
GATTCAGGTTACCTGT-14-s3d10,MK/E prog
GTTACGTAGTTGTCCC-14-s3d10,Erythroblast
TTGACTAAGCTAGAAG-14-s3d10,pDC
GGTAAACCATGGCCTG-14-s3d10,CD14+ Mono
ATTATCCTCGTTAACA-14-s3d10,CD14+ Mono
GGGTGAAGTCAGGAAG-14-s3d10,Erythroblast
TTTAGCAAGTAGGCGG-14-s3d10,Erythroblast
CTAGGCGGTGCATTTC-14-s3d10,CD14+ Mono
AGGTTGCGTGGCTTCC-14-s3d10,cDC2
TATTCGTTCCGCAAAT-14-s3d10,Proerythroblast
ATGTTCAAGGAGGGTT-14-s3d10,cDC2
AGGATATAGGGCTAAA-14-s3d10,CD14+ Mono
TCTTAGCGTACCGGAT-14-s3d10,G/M prog
TGTTCCTCAAACTGTT-14-s3d10,CD16+ Mono
GAAACTGAGCGGATTT-14-s3d10,CD14+ Mono
GGTTCTTGTACAATGT-14-s3d10,CD14+ Mono
TATGACTCACTTAGGC-14-s3d10,Normoblast
GTTTCTAGTTTGACCT-14-s3d10,G/M prog
ACTTGTAAGCAAGGTA-14-s3d10,pDC
CAAGGTAAGGGTCTAT-14-s3d10,HSC
GCATCCTTCGATTATG-14-s3d10,pDC
GTGAACAAGGAACCAA-14-s3d10,CD14+ Mono
AATTAGCGTTGTGACA-14-s3d10,CD16+ Mono
CCAACCAAGGCTACTG-14-s3d10,G/M prog
TGGTCATAGTTACCGG-14-s3d10,Erythroblast
ATCTTTGGTCGAAGTC-14-s3d10,cDC2
CGCATATAGCAGGTGG-14-s3d10,CD14+ Mono
ACTTATGAGACTTATG-14-s3d10,CD16+ Mono
GGTGCTGGTCGTTACT-14-s3d10,HSC
TCCCGTTAGGATCACT-14-s3d10,CD14+ Mono
ATGGTTATCATGCCTC-14-s3d10,MK/E prog
CTGGATGTCTTACTCG-14-s3d10,G/M prog
CAAGACAAGTTAACCA-14-s3d10,CD14+ Mono
AAGACAAGTTAGCGTA-14-s3d10,CD14+ Mono
AAGCCTTAGGTTACAC-14-s3d10,CD14+ Mono
TCCTGGTTCGCCTAAG-14-s3d10,CD14+ Mono
ACGTCCTTCAGCATTA-14-s3d10,CD14+ Mono
ATGGTCTAGGCATGAA-14-s3d10,G/M prog
TGTTCCTCAAACATAG-14-s3d10,MK/E prog
ACCCGCTGTTGCACAA-14-s3d10,CD16+ Mono
TCTCACCAGGTATTGC-14-s3d10,HSC
CAATGAACAGAACCGA-14-s3d10,CD14+ Mono
CCCTGTTAGGCGAAAC-14-s3d10,G/M prog
CCAATATCATGACTAT-14-s3d10,CD16+ Mono
CGAATATGTCCCGAAG-14-s3d10,G/M prog
CGGTGAGAGCGGATAA-14-s3d10,CD14+ Mono
CTTTCTTGTGATCATG-14-s3d10,cDC2
TACCTTTAGCATTAGC-14-s3d10,G/M prog
CCTAATAAGCTTCCCG-14-s3d10,pDC
GTTCTTGTCCTCATGC-14-s3d10,G/M prog
TTGCAGCCACCTGCCT-14-s3d10,G/M prog
GGCGGTTTCATTGCGG-14-s3d10,CD14+ Mono
CTTTAGTTCTAAATCG-14-s3d10,CD14+ Mono
AGAGGATGTTACTAGG-14-s3d10,Normoblast
AGTAAACAGCTTGCTC-14-s3d10,CD14+ Mono
TAATCCGCATCATGTG-14-s3d10,Proerythroblast
TACGTAATCATCCTCA-14-s3d10,CD14+ Mono
CATAGTCAGACACTTA-14-s3d10,Normoblast
CGCTAACCAGGAACTG-14-s3d10,CD14+ Mono
GTCTATCGTCCGCTGT-14-s3d10,cDC2
CACCTGTTCCTCCTAA-14-s3d10,HSC
ACAGGCTGTTATCGAG-14-s3d10,CD14+ Mono
TCGTCAACATAGTCAT-14-s3d10,CD14+ Mono
GTGTAACTCCTTAAGA-14-s3d10,CD14+ Mono
TGTTCATTCCCATAAA-14-s3d10,Proerythroblast
TGCTAGCCACCTCAGG-14-s3d10,G/M prog
CGTGCTGCAGTTATGT-14-s3d10,pDC
GACTTGGTCTAATCAG-14-s3d10,pDC
GAAAGGCTCACGCATG-14-s3d10,CD14+ Mono
AATCTTGAGCATTATG-14-s3d10,G/M prog
TGCTTAAAGCAATAGG-14-s3d10,HSC
CCTTGCGTCCTTTACG-14-s3d10,G/M prog
AATTAGCGTGCTAGCG-14-s3d10,G/M prog
ACACTTAAGCATGTTA-14-s3d10,pDC
GAAACCCGTGTAATAC-14-s3d10,pDC
CGAGGTGAGTAACCCG-14-s3d10,Normoblast
TGCTCCGTCGGCTATG-14-s3d10,G/M prog
CAAGGGAGTTAAGCGC-14-s3d10,CD14+ Mono
AAGGATTAGGTGCTGC-14-s3d10,CD14+ Mono
CGAGGCAAGCTAATCA-14-s3d10,G/M prog
GCAATAGAGAAAGCAT-14-s3d10,CD14+ Mono
ATGTTCAAGGCCTAAT-14-s3d10,CD14+ Mono
GCTGTGATCCTTAATC-14-s3d10,CD14+ Mono
GTGAACAAGGTCGATT-14-s3d10,CD14+ Mono
AATTTCCTCCGTCCAT-14-s3d10,CD14+ Mono
ATTCACTTCCTCAGTC-14-s3d10,G/M prog
TGGTTCCTCCAGGGAG-14-s3d10,Erythroblast
CTCATCATCTCGACCT-14-s3d10,CD14+ Mono
TTTACGAAGCCAGTAT-14-s3d10,CD16+ Mono
GCGTTTCTCATGAAGG-14-s3d10,G/M prog
CCTAATAAGACAGGCG-14-s3d10,CD14+ Mono
TTGTTCCCACAGACTC-14-s3d10,MK/E prog
ATCCCGCGTCCTAAGA-14-s3d10,CD14+ Mono
TGCAGGCTCGTCAAGT-14-s3d10,Erythroblast
GCAATGTTCCAGGTTG-14-s3d10,CD14+ Mono
GTTTGTCGTCATGCCC-14-s3d10,CD14+ Mono
ATGAGCCGTAATCGTG-14-s3d10,Erythroblast
TCACATAAGTAACCCG-14-s3d10,CD14+ Mono
TACGCACCACTTCATC-14-s3d10,pDC
TTTAAGCCATTGCGGT-14-s3d10,pDC
GAACACAAGGGACGCA-14-s3d10,G/M prog
GCTGGTTCATGGCCCA-14-s3d10,G/M prog
GCCTAATAGGTTACAC-14-s3d10,CD14+ Mono
AACATTGTCGCCTAAG-14-s3d10,CD14+ Mono
CGCTTCTAGGAACGGT-14-s3d10,Erythroblast
CGAATCTAGTCAGGCC-14-s3d10,HSC
AACAAGCCAGACAAAC-14-s3d10,Erythroblast
GCCAACATCAGCCAAT-14-s3d10,pDC
TCAGCGATCTCACTAT-14-s3d10,CD14+ Mono
CCTTCAATCCGCATGA-14-s3d10,HSC
TTTGTGAAGTTAGCCG-14-s3d10,CD14+ Mono
GGCTTAAGTTTGTGGA-14-s3d10,Erythroblast
CCTTAACGTTAGTACG-14-s3d10,CD16+ Mono
TGCTCTCAGTTCCCAC-14-s3d10,Erythroblast
TGCTAGCCATCAGTAT-14-s3d10,pDC
TATTAGGTCCGCAAAT-14-s3d10,Proerythroblast
AAACCGGCAAGTAAGC-14-s3d10,G/M prog
GTAAGCTTCTGTGAGT-14-s3d10,G/M prog
CCTGTTGGTCACAGAC-14-s3d10,CD14+ Mono
GGAGGTTAGGAACCAA-14-s3d10,cDC2
GATGCAGCATTATGGT-14-s3d10,Erythroblast
TTAGCAATCGTGCTTC-14-s3d10,CD14+ Mono
GGTCCATCAAGTAAGC-14-s3d10,CD14+ Mono
AATCATCCAGGGAGGA-14-s3d10,G/M prog
CAATATGTCTGTAATG-14-s3d10,pDC
TCACCTCAGCACGATT-14-s3d10,CD14+ Mono
CGAATCTAGTTAGTTG-14-s3d10,CD14+ Mono
TTAAGCCAGACAGGCG-14-s3d10,cDC2
ATCTATGAGCCTAATA-14-s3d10,Erythroblast
TCGTTAAAGTTATGGC-14-s3d10,CD14+ Mono
AGAGAAGCATTATGCG-14-s3d10,MK/E prog
TCGTTAGCAGGGAGGA-14-s3d10,pDC
TATGGCCCAAACTGTT-14-s3d10,G/M prog
GGATTGCGTCTCACTG-14-s3d10,G/M prog
TAAGCTGGTTTGAGCA-14-s3d10,CD14+ Mono
ATGCGATTCTTGCTAT-14-s3d10,HSC
CTTGAACAGGCGCACT-14-s3d10,HSC
GCTAGCGGTACCGGAT-14-s3d10,cDC2
CCTTGCGTCGGTTAGT-14-s3d10,G/M prog
GCAGGCTTCCACCTGT-14-s3d10,cDC2
ATCCTCATCAATGTGC-14-s3d10,CD14+ Mono
ACCAAGTTCCTTGTTG-14-s3d10,Proerythroblast
GGCTTAAGTTAACAGT-14-s3d10,HSC
CCTATTTAGTCACGAT-14-s3d10,CD16+ Mono
GTTTACCGTGGCTTCC-14-s3d10,G/M prog
CCCTGGACATAAGCAA-14-s3d10,CD14+ Mono
GGCTCAATCCGTGACA-14-s3d10,CD14+ Mono
ATGCTTAAGGTAAGGC-14-s3d10,CD14+ Mono
GAGGCTTGTTGGCGTG-14-s3d10,CD14+ Mono
CATCCCAGTTCCTGTG-14-s3d10,pDC
GGCCTAATCCCGCCTA-14-s3d10,G/M prog
TGACTCCTCGCTTCTA-14-s3d10,CD14+ Mono
CCCAATTGTTTGTTGC-14-s3d10,G/M prog
AAATGCCTCGCTAGAT-14-s3d10,G/M prog
TACCTCATCGCAATCG-14-s3d10,CD14+ Mono
TGATCACAGTTAGCCG-14-s3d10,Normoblast
ACCTACCTCGATTATG-14-s3d10,pDC
TTGCATTTCTGGCATG-14-s3d10,HSC
TTCCTTCTCAGGGCCT-14-s3d10,CD16+ Mono
CGTAATGGTGGTTAGC-14-s3d10,Erythroblast
GGATTATGTGTGTCCC-14-s3d10,CD16+ Mono
TCCTTGCAGGTTACAC-14-s3d10,MK/E prog
CGTAGTTAGCGGATAA-14-s3d10,Erythroblast
ACTCGCTTCCTTGTTG-14-s3d10,CD14+ Mono
GAGGCTTGTAACAGGG-14-s3d10,pDC
GTTCTTAGTTAACACG-14-s3d10,Normoblast
AGCTACTAGGCGCATC-14-s3d10,CD14+ Mono
ATGAAGCCACTTGTTC-14-s3d10,CD14+ Mono
ACAGGTAAGCTAAGTC-14-s3d10,CD14+ Mono
ACCGAAGCACCTAAGC-14-s3d10,CD14+ Mono
AACTAGCTCACAGCCA-14-s3d10,pDC
TTGTGTGCAGGCTACT-14-s3d10,CD14+ Mono
CCAAACCCAATTAGCT-14-s3d10,Normoblast
CGATATTCATTGCAGC-14-s3d10,Erythroblast
CAACTAGGTTTAGCTC-14-s3d10,CD14+ Mono
GGCTGAGAGTTTCCGC-14-s3d10,CD14+ Mono
TTGCACACACCTAATG-14-s3d10,CD14+ Mono
TTTCAGTTCCTTCGTA-14-s3d10,CD14+ Mono
CTTGAACAGAAAGCAT-14-s3d10,CD14+ Mono
GTAGGCGAGGTCCACA-14-s3d10,G/M prog
TTGGATCAGTCCTGAG-14-s3d10,CD14+ Mono
ATCAGGTTCGGGCCAT-14-s3d10,Erythroblast
AAGCGAGGTCCTCCAA-14-s3d10,CD14+ Mono
GTCCATTGTTACATCC-14-s3d10,CD14+ Mono
ATGCCTGAGGAGTAAT-14-s3d10,CD14+ Mono
CCAGCTAAGCCTGACA-14-s3d10,CD14+ Mono
TACGCTTGTATTTGGG-14-s3d10,HSC
AAGGAAGCACAACAGG-14-s3d10,CD14+ Mono
TTTGCATTCCCTCAAC-14-s3d10,CD14+ Mono
GGTAACTTCTCAATTC-14-s3d10,Erythroblast
TTGTGAGGTAAGCACC-14-s3d10,cDC2
TTGCTCTCATTTGCTC-14-s3d10,Proerythroblast
GAGTAACCATCAGCAC-14-s3d10,CD14+ Mono
CCATAAGGTAATAGCT-14-s3d10,pDC
AGTCGCATCTGGCTTC-14-s3d10,CD16+ Mono
CTATTACTCGCAGGCT-14-s3d10,Erythroblast
GTTAACCAGCTCATAA-14-s3d10,G/M prog
CCCTCATAGGCTACTG-14-s3d10,MK/E prog
CGCATTTGTGTTGCTT-14-s3d10,Erythroblast
AGTTGCGTCCGTGACA-14-s3d10,CD14+ Mono
TGCTTGTGTTTGGCGG-14-s3d10,G/M prog
TAGTTTGAGCCACAAT-14-s3d10,CD14+ Mono
GATCCGTCATCAGCAC-14-s3d10,MK/E prog
AAGACATAGGCCCAGT-14-s3d10,HSC
TTATGCGCATTGTGGC-14-s3d10,CD16+ Mono
GGGTTACGTATTACCC-14-s3d10,CD16+ Mono
TTCGCAACATTGTCAG-14-s3d10,HSC
AATTTCCTCATGCTAA-14-s3d10,CD14+ Mono
GAGTTTGGTTAGACCA-14-s3d10,CD14+ Mono
GATTCCTGTAAGGTTT-14-s3d10,G/M prog
GGAGTCTGTAACGGGA-14-s3d10,CD14+ Mono
TACTGCACAGGAATCG-14-s3d10,CD14+ Mono
GTTCCTGGTTTAAAGC-14-s3d10,CD14+ Mono
GTCCTCAGTGCAACTA-14-s3d10,HSC
CGGTGAGAGCTTCCCG-14-s3d10,CD14+ Mono
TCTAGCGAGGTCCTGA-14-s3d10,CD14+ Mono
GAGGCTTGTTTATCTG-14-s3d10,Erythroblast
CCCAAATAGCGAGCGA-14-s3d10,G/M prog
TGTCCTGGTAGCTGCG-14-s3d10,CD14+ Mono
AAGCGTTTCCCATAGG-14-s3d10,G/M prog
TACTGACAGCCGCTAA-14-s3d10,CD14+ Mono
AGCACAGCACCAACCG-14-s3d10,G/M prog
CGCATGATCTAACCAA-14-s3d10,Proerythroblast
TGCATGAGTGTTGTGA-14-s3d10,CD16+ Mono
CACTGACCACTTCACT-14-s3d10,CD14+ Mono
ATCCTTAGTTCACTGT-14-s3d10,G/M prog
GAAGGCTAGGGATGAC-14-s3d10,CD14+ Mono
TGATCAGGTTCATTTG-14-s3d10,CD14+ Mono
TATCGAGGTCTTACTA-14-s3d10,Normoblast
GTTCATTTCAAACTCA-14-s3d10,G/M prog
TGTGCGCAGTTTGCGG-14-s3d10,CD14+ Mono
CTGATCACAGCCAGAA-14-s3d10,Erythroblast
AAAGCCGCAACAGGAT-14-s3d10,CD14+ Mono
GCTAAGCGTCACAAAT-14-s3d10,CD14+ Mono
GGCAAGCCACAGGAAT-14-s3d10,CD14+ Mono
GTAGGATCAGAGGCTA-14-s3d10,MK/E prog
GTGCTGATCGTTTCGC-14-s3d10,CD16+ Mono
TGGTTGAGTTTCAGGA-14-s3d10,Erythroblast
TGCATTAAGCCTGGTA-14-s3d10,CD14+ Mono
GTGCAAGCAATTGACT-14-s3d10,CD16+ Mono
AAGTGTTGTAGGATTT-14-s3d10,CD14+ Mono
TTGATGTCAATAAGCA-14-s3d10,cDC2
AGGAGCTAGTAATCCA-14-s3d10,Proerythroblast
CAATGCCCAGGACCAA-14-s3d10,pDC
ACCACATAGTTCCTGC-14-s3d10,Erythroblast
GGGCCTAGTGCTTAGA-14-s3d10,CD14+ Mono
AATCGCCCAAACTAAG-14-s3d10,HSC
TACAGCTAGCTACTGG-14-s3d10,Erythroblast
CATTGTAAGACTTATG-14-s3d10,HSC
TGCTCAACAAGTTATC-14-s3d10,pDC
CCGCTAAAGCTTCTCA-14-s3d10,MK/E prog
ATATGTCCAATAACCT-14-s3d10,CD14+ Mono
ATTTGCGCACAGACTC-14-s3d10,pDC
CCCAACCGTCATCAAG-14-s3d10,CD14+ Mono
TATCCGGAGGCGGATG-14-s3d10,MK/E prog
TGCATCCTCTCACAAA-14-s3d10,Erythroblast
ATTATGGTCGTGCCTT-14-s3d10,Erythroblast
TGGCTTTGTGTTTGCT-14-s3d10,Normoblast
TCCAGGATCCAAGTTA-14-s3d10,pDC
ACTTCGCTCACAGGAA-14-s3d10,G/M prog
GGATGGCCATAGTCAT-14-s3d10,G/M prog
GGTCCGTAGGTGTTAC-14-s3d10,pDC
TAGCGGACAATGAAGC-14-s3d10,CD14+ Mono
CTGCTACTCGAGGAGT-14-s3d10,pDC
TAGGTTGGTCGCAAAC-14-s3d10,CD14+ Mono
GACCGTTCACTGACCG-14-s3d10,MK/E prog
GGGCTAACAGGCTTGT-14-s3d10,CD14+ Mono
GTGCATTAGTCATTTC-14-s3d10,Erythroblast
TCATTGTTCCCTCAAC-14-s3d10,CD14+ Mono
GGCCATCAGGTCCTGA-14-s3d10,CD14+ Mono
AGTCCTGAGGCCAATT-14-s3d10,CD14+ Mono
TTGACGTAGAGAGGCT-14-s3d10,CD14+ Mono
CGCATATAGCCGCTTT-14-s3d10,CD14+ Mono
CCCTAATGTCCTAAGA-14-s3d10,G/M prog
ACTAAAGCAAGGTAAC-14-s3d10,CD14+ Mono
CGAAGCCTCTCACTCA-14-s3d10,CD14+ Mono
GCCTTTATCATGTCAA-14-s3d10,CD14+ Mono
TCGCATTGTTGGTTCT-14-s3d10,CD14+ Mono
GAGGCAAGTGGAGCAA-14-s3d10,pDC
TTCCTTGAGGCCGGAA-14-s3d10,G/M prog
GGTATGTTCGCTAGCA-14-s3d10,Erythroblast
CGCGATTCACTATGGC-14-s3d10,CD14+ Mono
TACTGCACAATCCTGA-14-s3d10,G/M prog
AGCCTCCGTGCTCACC-14-s3d10,MK/E prog
TCACTGACAACAGGTG-14-s3d10,cDC2
TGAGGTGCAATACTGT-14-s3d10,MK/E prog
GAAACTGAGTCACGAT-14-s3d10,Normoblast
ACCAGGCTCCCGCAAA-14-s3d10,CD14+ Mono
GCTAAGCGTGTTTGAG-14-s3d10,G/M prog
GGGCATGAGGCTATGT-14-s3d10,G/M prog
CCATATTTCTTTGTAC-14-s3d10,CD14+ Mono
CAACTAGGTCTTTGAC-14-s3d10,CD16+ Mono
TTTCTTGCACAGGGAC-14-s3d10,Erythroblast
AAACGGATCCACAATA-14-s3d10,Normoblast
AGTTATGTCCCTCTAA-14-s3d10,HSC
TTAAGGTGTCAGGCCA-14-s3d10,Erythroblast
ATGAAGCCACAATACT-14-s3d10,CD14+ Mono
TCGCGAGGTTATGTGG-14-s3d10,CD16+ Mono
TTGGCTACATGTCGCG-14-s3d10,CD14+ Mono
TAAGCCAGTTTGCTGT-14-s3d10,Normoblast
ACATAGCTCGCATTAA-14-s3d10,pDC
TGTCCTTCAATTGACT-14-s3d10,MK/E prog
TTTCACCCAATAAGCA-14-s3d10,Normoblast
ATAAGCCTCTCACTAT-14-s3d10,pDC
GGGTCAACAAGCTAAA-14-s3d10,G/M prog
ACCTACCTCGTTTCCA-14-s3d10,CD14+ Mono
TCATGCCTCTACTAAG-14-s3d10,MK/E prog
AACAGATAGGATCCGC-14-s3d10,G/M prog
AGACACGCATCCTAGA-14-s3d10,CD16+ Mono
CTATGTTTCCTCAGCT-14-s3d10,cDC2
GTAGGATCATGGCCTG-14-s3d10,CD14+ Mono
AATCATCCAAACCTAT-14-s3d10,CD14+ Mono
AGTAGCTTCATTTGTC-14-s3d10,cDC2
CCGACAGGTCATGCCC-14-s3d10,CD14+ Mono
GCTGTACCAGGTATTT-14-s3d10,Erythroblast
ACGATTCAGAAAGCAT-14-s3d10,Proerythroblast
ATTTAGGTCCTAAGAC-14-s3d10,MK/E prog
TTAGGAACAGTTTGGC-14-s3d10,pDC
ACATCATCAGTAGGAT-14-s3d10,CD14+ Mono
ATGAAGCCAGCAGGTA-14-s3d10,CD14+ Mono
GGCGATACATCCCGCT-14-s3d10,HSC
GCTAGCGGTGGAGCAA-14-s3d10,CD14+ Mono
GCAGGTTGTTGTTGGA-14-s3d10,CD14+ Mono
GCTATCCTCGTGCTAG-14-s3d10,pDC
AACATTGTCCGCTAGA-14-s3d10,CD14+ Mono
CTAACCCTCTAAGGTC-14-s3d10,CD14+ Mono
CTAATCTTCCCTCATA-14-s3d10,CD14+ Mono
GATAAGCCAATCATGT-14-s3d10,HSC
AGGTCATTCCTACCTA-14-s3d10,CD14+ Mono
CTAATCTTCGCACAAT-14-s3d10,MK/E prog
CACATTAAGGTCCTGA-14-s3d10,CD14+ Mono
TCCGGTAAGAATCGCT-14-s3d10,pDC
ACCCTGTTCCAAACAC-14-s3d10,CD14+ Mono
CCTTCAATCGTTAAGC-14-s3d10,CD14+ Mono
TTTGGTGCAGCATTAT-14-s3d10,CD14+ Mono
CAAGTATGTGATGAAA-14-s3d10,CD14+ Mono
TGACTTCGTTATCGAG-14-s3d10,CD14+ Mono
ATTATGGTCCTAAGGT-14-s3d10,HSC
GGTCGGTTCTAAGTGC-14-s3d10,CD14+ Mono
TTAATCGAGCTAAGTC-14-s3d10,Erythroblast
TGGAACAAGCACGATT-14-s3d10,pDC
GCTGTACCAAGCGAGC-14-s3d10,MK/E prog
TTGTTGCGTTGTCCAT-14-s3d10,CD14+ Mono
CGGACCTAGCATGCAT-14-s3d10,pDC
TGTGTTAAGAGAGGCT-14-s3d10,CD14+ Mono
ATAGCATGTCGCAATA-14-s3d10,CD14+ Mono
CTGACCAAGCTAATCA-14-s3d10,CD14+ Mono
ATCTATGAGGTTAGAG-14-s3d10,CD14+ Mono
AGGCTAAAGCCACAAT-14-s3d10,G/M prog
CCTACTTCACAAGCCT-14-s3d10,CD14+ Mono
AATTTGCCATAATTGC-14-s3d10,CD14+ Mono
CGGTTGGGTCTAACAG-14-s3d10,CD14+ Mono
GGTCATTAGCATGACT-14-s3d10,G/M prog
GCAAGTGCAATAACCT-14-s3d10,HSC
GGATTTATCGTTTCCA-14-s3d10,CD14+ Mono
ACCATAATCGGTCAGC-14-s3d10,CD14+ Mono
TCTTAGTTCATCAGTA-14-s3d10,CD14+ Mono
GTGCAAGCAACACCTA-14-s3d10,Erythroblast
GGCTAGTGTGGATTAT-14-s3d10,CD14+ Mono
TATCACAAGTAAGTGG-14-s3d10,CD16+ Mono
TAGTAAGCAGTAATAG-14-s3d10,cDC2
GAGCGAAGTCATGCCC-14-s3d10,G/M prog
GGGTCAACACCTACTT-14-s3d10,CD14+ Mono
AATTGCTCAAGCCACT-14-s3d10,G/M prog
TTGGCTTGTAGACAAA-14-s3d10,CD14+ Mono
GTAAGCGCATTGTGAT-14-s3d10,CD14+ Mono
GAGGGAGCACATTAAC-14-s3d10,CD14+ Mono
CTTCTCAAGCGGCTGT-14-s3d10,pDC
AACGACAAGACAGGCG-14-s3d10,CD14+ Mono
CTGAAACTCTCAATGA-14-s3d10,G/M prog
GTGTGAGCAAGGTCCT-14-s3d10,CD16+ Mono
GTGCTGATCGTTAGCG-14-s3d10,G/M prog
GGTTGCATCAAGACTC-14-s3d10,pDC
TGGAACAAGCACAGGG-14-s3d10,Proerythroblast
GCACATTAGCTTGCTC-14-s3d10,CD16+ Mono
TTTCTCACACCTATAG-14-s3d10,G/M prog
TAGCGCGGTGGTTAGC-14-s3d10,Erythroblast
GCGTAACGTGCAATGC-14-s3d10,HSC
GCAATCTAGGAAGCTA-14-s3d10,Erythroblast
GTCAATATCGCACAAT-14-s3d10,Erythroblast
CCTTCGTAGCCTGAGC-14-s3d10,Erythroblast
TAGCTTGCAGTTATCG-14-s3d10,Erythroblast
CTCCTGAGTAAGGTTT-14-s3d10,CD14+ Mono
AATCCCTGTTAGGCTA-14-s3d10,Erythroblast
GCTAAGTTCCGCCTAT-14-s3d10,Normoblast
GGGTTACGTTCACCAT-14-s3d10,G/M prog
TGTAATGTCCTGGCTT-14-s3d10,Erythroblast
TTCGTGCTCCTGAGTG-14-s3d10,Erythroblast
CTAATCTTCATGCAAC-14-s3d10,CD14+ Mono
CAATCCCTCGTTTCCA-14-s3d10,CD14+ Mono
CCTGTATGTGAAGCCT-14-s3d10,CD14+ Mono
AGAACCAAGACAACGA-14-s3d10,CD14+ Mono
GGGTGTTGTAGGTTTG-14-s3d10,CD14+ Mono
TACCGTTGTCACCTAT-14-s3d10,pDC
AATCATCCAGAGGGAG-14-s3d10,G/M prog
CCAAGGCTCCGCCTAT-14-s3d10,G/M prog
TAGCTAGGTCTAACCT-14-s3d10,CD14+ Mono
TCCATGCTCTGTTGCC-14-s3d10,CD14+ Mono
TAGGCTGTCATTAGCA-14-s3d10,CD14+ Mono
AGAACCGCATGGCCCA-14-s3d10,CD14+ Mono
GTTAACGGTCTAACAG-14-s3d10,CD16+ Mono
GTCTAACAGCGAGGTG-14-s3d10,HSC
ATCAAGACACATTGCA-14-s3d10,CD14+ Mono
CCCTCATAGACAACAG-14-s3d10,CD14+ Mono
GTATGTTCAATGAAGC-14-s3d10,Erythroblast
TCAGGTCCAGCCAGAA-14-s3d10,Proerythroblast
CATTATGAGGTTTGCG-14-s3d10,G/M prog
TGTGGCTCAGTTATGT-14-s3d10,pDC
CTTCAGGAGTAAAGGT-14-s3d10,G/M prog
GCATTAGGTTATAGCG-14-s3d10,MK/E prog
CGTTTGGAGGAAGCAC-14-s3d10,Normoblast
TGCTGGATCGGTAACT-14-s3d10,CD14+ Mono
TGGAACAAGTGAAGTG-14-s3d10,CD14+ Mono
TATGTGATCGGCCATA-14-s3d10,Erythroblast
TACCAGGTCAGGAACA-14-s3d10,CD14+ Mono
CGGTTTGAGCGGTTAT-14-s3d10,CD14+ Mono
TCAGCGATCCTGGTGA-14-s3d10,CD14+ Mono
CCCAACCGTTGTAAAC-14-s3d10,CD14+ Mono
TCGCGCACATGAGCAG-14-s3d10,CD14+ Mono
GCAATGAAGCTTAACA-14-s3d10,pDC
TGCAGGCTCTTTAGGA-14-s3d10,CD14+ Mono
TAGGCTTAGCAAGGGT-14-s3d10,Proerythroblast
AGTATAGCAGTTATCG-14-s3d10,CD14+ Mono
ACGAACAAGGACCTTG-14-s3d10,CD14+ Mono
TGAGTGAAGTCATTAG-14-s3d10,CD14+ Mono
CTTTCTTGTCGAAGTC-14-s3d10,HSC
TTACCTGTCCGCCTCA-14-s3d10,pDC
ACCCGTAAGAGGAGGA-14-s3d10,CD14+ Mono
TAGACCAGTAGGATTT-14-s3d10,CD14+ Mono
TGTTGCACATGCATAT-14-s3d10,CD14+ Mono
GAGGAGGCAGCCAGAA-14-s3d10,CD14+ Mono
TACAATGTCATCACTT-14-s3d10,CD14+ Mono
CGGAATCGTCAAGTAT-14-s3d10,CD14+ Mono
AGTTGGCGTGATGATT-14-s3d10,CD14+ Mono
CTTTATGGTTAGCTGA-14-s3d10,CD14+ Mono
GGCCGTTAGCCGGTAC-14-s3d10,HSC
TCTCCTCGTAGCTAGC-14-s3d10,cDC2
TTGGTGAGTTCCGCAC-14-s3d10,G/M prog
CTTGAATCAAGTAAGC-14-s3d10,HSC
ACAGTATGTAGCTGGT-14-s3d10,CD16+ Mono
CCTGAGTCACTAAGAA-14-s3d10,CD14+ Mono
GGAGTCTGTGAACAAA-14-s3d10,Normoblast
TCAATCGCAACTAGGG-14-s3d10,G/M prog
CAATAAGCACCCACAG-14-s3d10,G/M prog
TCGTGCTTCCTCCTAA-14-s3d10,HSC
CTCCAAACAATCATGT-14-s3d10,CD14+ Mono
GTGCATTAGCCACATG-14-s3d10,Erythroblast
AGGTTGCGTAGTTGGC-14-s3d10,HSC
TCATGCCTCCGCTAGA-14-s3d10,Erythroblast
AATGCAACATCCCGCT-14-s3d10,CD14+ Mono
AGGCCCAGTGCTCCGT-14-s3d10,Normoblast
CAAGTATGTTCGCTTG-14-s3d10,Erythroblast
GTAGGCGAGTTTGAGC-14-s3d10,CD14+ Mono
TAGCAGGCACTTCACT-14-s3d10,G/M prog
AACATTGTCGCTTCTA-14-s3d10,CD14+ Mono
CTAGTTGCAAACTAAG-14-s3d10,Normoblast
TATGGTCAGGTCCAAT-14-s3d10,CD14+ Mono
TTCCCACAGACTTATG-14-s3d10,CD14+ Mono
CGGTAACGTCACCAAA-14-s3d10,CD14+ Mono
GAGCATGCAAGCCACT-14-s3d10,CD14+ Mono
GCAAACTTCTTTGTAC-14-s3d10,HSC
CAGCCTAAGACAACAG-14-s3d10,HSC
AGGATGTCAGAATGAC-14-s3d10,CD14+ Mono
GTTTCCTCAAATGCCC-14-s3d10,G/M prog
TAAGTAGCATTTGCTC-14-s3d10,pDC
GCCTGACAGCATGAAG-14-s3d10,CD14+ Mono
TTCCCACAGCTTGCTC-14-s3d10,CD14+ Mono
GTCCTCCCACCTAATG-14-s3d10,CD14+ Mono
TCCTTCAAGTAGCTTA-14-s3d10,CD14+ Mono
TTAGCCTGTCAATAGT-14-s3d10,G/M prog
TCATTTGGTACCGAAC-14-s3d10,HSC
GTGAGCGAGTTCCCAC-14-s3d10,HSC
TCCGCCATCGCCTAAG-14-s3d10,CD14+ Mono
TTCAACCGTCCCGGAA-14-s3d10,CD14+ Mono
CACTTAAAGCTGTCAG-14-s3d10,CD14+ Mono
AGTAACACACCCACAG-14-s3d10,CD14+ Mono
GATGGACAGTTAGCCG-14-s3d10,G/M prog
CTATGAGGTAAGCTCA-14-s3d10,CD16+ Mono
CGCTATGAGCGAAGTA-14-s3d10,CD14+ Mono
TACCAAATCTCCATGC-14-s3d10,pDC
CGCTAACCAGCTCATA-14-s3d10,CD16+ Mono
TGGAACAAGTGAACGA-14-s3d10,HSC
CATTCCTCAATAAGCA-14-s3d10,CD14+ Mono
CCTGGTAAGGCACAGG-14-s3d10,CD14+ Mono
GAGAAACGTTATCGAG-14-s3d10,pDC
AGCACTTAGTATCGCG-14-s3d10,G/M prog
CAGGTCCAGCCGCAAC-14-s3d10,Proerythroblast
TTGCGAGTCGCTATAA-14-s3d10,CD14+ Mono
TGCAGGCTCATTGACA-14-s3d10,CD14+ Mono
ACGGGAAGTCATTACC-14-s3d10,CD14+ Mono
GGGCAATAGGGTGAGT-14-s3d10,G/M prog
ACGCCTTTCCTAAGTA-14-s3d10,HSC
CAATATGTCCTAATTC-14-s3d10,pDC
CGAGTCGGTGATCAGC-14-s3d10,CD14+ Mono
ACGGTTAGTTACCGGG-14-s3d10,CD14+ Mono
TGAACAACAGCCTAAC-14-s3d10,CD14+ Mono
GGCGGTAAGCACAGGG-14-s3d10,Erythroblast
CCTCAGTTCTGCAACG-14-s3d10,pDC
GCTTTACGTTAACGGC-14-s3d10,pDC
ACCCAGGGTTTCGCGC-14-s3d10,Erythroblast
ACCTGGATCCTAACGG-14-s3d10,pDC
TGGTAAACAATAACCT-14-s3d10,pDC
TCGGTTCTCTTGCAAA-14-s3d10,pDC
AATAGAGGTACCAGGT-14-s3d10,CD14+ Mono
TGTTACTTCCCGAACA-14-s3d10,MK/E prog
GCGCAAACAGCAACAG-14-s3d10,CD14+ Mono
TACGTACAGAAAGGAA-14-s3d10,MK/E prog
CTGACCAAGCAAGATG-14-s3d10,CD14+ Mono
ATGGCCGGTACGGTAC-14-s3d10,pDC
CTCACTCAGTACTGGT-14-s3d10,CD16+ Mono
TAATGGTGTAATCGTG-14-s3d10,CD14+ Mono
AATTACCCATCACTTC-14-s3d10,Erythroblast
GCTTTACGTGAAGCCT-14-s3d10,CD14+ Mono
GGTCTTTGTTATCCGT-14-s3d10,CD14+ Mono
CCCTGGACACAGCCAT-14-s3d10,CD14+ Mono
AAGGTATAGAAGCTAG-14-s3d10,CD16+ Mono
ACTAAAGCAATAGCAA-14-s3d10,Normoblast
CCATATTTCGATTTGA-14-s3d10,CD14+ Mono
GCCACAATCCGCTAGA-14-s3d10,pDC
TCCGGTTTCACCAATA-14-s3d10,CD14+ Mono
GTAATAGCATCAATCG-14-s3d10,pDC
CCGTTACTCCTTGCGT-14-s3d10,Erythroblast
TGGTCCTTCTCACTAT-14-s3d10,G/M prog
CTCCATCAGGCCATCA-14-s3d10,pDC
TAACCGGTCGTAATCA-14-s3d10,pDC
AAGCTATGTAATAGCT-14-s3d10,Normoblast
TGCCATTGTCACCAAA-14-s3d10,G/M prog
AGTAATGCATTGCAGC-14-s3d10,CD14+ Mono
CGGACAACACGTAAGG-14-s3d10,G/M prog
GTCTATGCAAGCCAGA-14-s3d10,CD14+ Mono
TTCATTCAGTCACTCC-14-s3d10,Erythroblast
CGCTACTTCACTCGCT-14-s3d10,G/M prog
AGTTGTCAGGTCTTGG-14-s3d10,pDC
CAAGTGAAGTATTGCA-14-s3d10,pDC
GGGCTAACAGTTGCGT-14-s3d10,CD16+ Mono
GCCTGCTGTGAGACTC-14-s3d10,CD16+ Mono
GCACGGTTCCCTCTAA-14-s3d10,CD14+ Mono
AACCTCCTCGCACACA-14-s3d10,CD14+ Mono
TCCCGTTAGGCGAAAC-14-s3d10,HSC
CCAATATCAACGTGCT-14-s3d10,CD14+ Mono
TTTCCTGAGCATGAAG-14-s3d10,cDC2
CACTTTGTCCATAATG-14-s3d10,CD14+ Mono
TTAGTCAAGTAAGTGG-14-s3d10,CD14+ Mono
GATTACTCAGCAAGTG-14-s3d10,cDC2
TTTATGGAGCCAGGTC-14-s3d10,CD14+ Mono
TAGCTAATCTTGTTCG-14-s3d10,Proerythroblast
ACCTTGTGTTACGCAA-14-s3d10,G/M prog
GGCCATCAGCTGTCAG-14-s3d10,G/M prog
ATTGAAGCATAGCGAG-14-s3d10,pDC
CTTTAGGCAGTAATAG-14-s3d10,CD14+ Mono
GGCGATACATCAGCAC-14-s3d10,CD14+ Mono
GGGATTAAGTCATCCC-14-s3d10,pDC
ACCCTGTTCAACAAGG-14-s3d10,CD14+ Mono
CGTGGTTCATGCTATG-14-s3d10,CD14+ Mono
ACCGGTTCAAGTGTTT-14-s3d10,pDC
CTTAAGGGTCCGGTTC-14-s3d10,G/M prog
TTGCATTTCGGTCAAT-14-s3d10,CD14+ Mono
GCTCTGTTCATGAAGG-14-s3d10,CD14+ Mono
TTTGGCTGTACTGATG-14-s3d10,HSC
TTTGTCTAGAGGAAGG-14-s3d10,CD16+ Mono
CAACAATGTATTGTGG-14-s3d10,MK/E prog
GTACCGGGTAGGTGTC-14-s3d10,CD16+ Mono
TGCATGAGTGGGTGAA-14-s3d10,CD14+ Mono
GTCTAGCCATATAACC-14-s3d10,Normoblast
GGTAAGGGTTTAACCC-14-s3d10,CD14+ Mono
ACAAAGGTCGCTAGAT-14-s3d10,pDC
AGCGTGCTCAAACACC-14-s3d10,CD14+ Mono
CACTTAAAGTAGCGGG-14-s3d10,CD14+ Mono
ACCAGGCTCCGCTAGA-14-s3d10,CD16+ Mono
GGGTGTTGTTATTGCC-14-s3d10,CD14+ Mono
GAGGCAAGTGAGGTAG-14-s3d10,CD14+ Mono
AATCCCTGTGGTTATG-14-s3d10,HSC
GACGCAACAATTAAGG-14-s3d10,CD14+ Mono
CACAATATCTAATTGG-14-s3d10,CD14+ Mono
TGCCTGTTCAGGTTTA-14-s3d10,CD14+ Mono
TTCGTGCTCATCAGTA-14-s3d10,cDC2
GAGATAAGTGCACGCA-14-s3d10,CD16+ Mono
CCCGCAACACATACTG-14-s3d10,G/M prog
AGGGCTACACGAATTT-14-s3d10,Proerythroblast
TGCGGTTCACTGACCG-14-s3d10,Normoblast
GATGCATTCTTGTCCA-14-s3d10,CD16+ Mono
ATTGCACAGGACAATG-14-s3d10,CD16+ Mono
CATTATGAGCAGCTCA-14-s3d10,pDC
AAATCCGGTGTTGTGA-14-s3d10,CD14+ Mono
GTGTTCCTCGCAGGCT-14-s3d10,CD14+ Mono
GCTGTGCAGGACTTAC-14-s3d10,pDC
TCGCGCACAGCAAGGC-14-s3d10,HSC
GCACATTAGGAACCAA-14-s3d10,CD14+ Mono
TCACCGGCAATAACGA-14-s3d10,Erythroblast
CCAACCAAGCTCAATA-14-s3d10,CD14+ Mono
TTGATGTCAAGGAATC-14-s3d10,CD16+ Mono
TAGTAAGCATTTGCTC-14-s3d10,CD14+ Mono
ATGGTTATCTCCTCTT-14-s3d10,CD14+ Mono
GAAGTAAGTGGATTCA-14-s3d10,CD14+ Mono
GTTACCTGTTACTTGC-14-s3d10,CD14+ Mono
CGGTTTCTCCTGGTCT-14-s3d10,CD14+ Mono
CGGATTAGTTCATTTG-14-s3d10,HSC
CTAATGTCATCACAGC-14-s3d10,CD16+ Mono
GGTGCTGGTAAGCTTG-14-s3d10,HSC
GTTAACGGTGTTGCAA-14-s3d10,Erythroblast
GTGCATTAGGGTCCAC-14-s3d10,CD14+ Mono
CACATACAGCTATATG-14-s3d10,CD14+ Mono
AAACGTACAGGTATTT-14-s3d10,CD14+ Mono
ACTTTGTTCTTAATGG-14-s3d10,G/M prog
TAGGGTTTCGAAGTGA-14-s3d10,G/M prog
CGGTGAACAGCTTAAT-14-s3d10,CD14+ Mono
GTTAAGTGTATTGGAT-14-s3d10,Erythroblast
CGCTTCTAGTCCTGAG-14-s3d10,pDC
AATGTCCAGTATCGCG-14-s3d10,G/M prog
GGTGTTGTCCGCACAA-14-s3d10,CD16+ Mono
AGTATAGCACAAAGAC-14-s3d10,CD14+ Mono
TATCGCACACTAGCGT-14-s3d10,CD14+ Mono
AGTCCTGAGCATCCAG-14-s3d10,G/M prog
GCGGAACCAAGATTCT-14-s3d10,CD14+ Mono
GGACAGCCATGAGCAG-14-s3d10,CD14+ Mono
CAGCTATAGTTAACCA-14-s3d10,Normoblast
CTTATGTTCTCCTCAA-14-s3d10,Normoblast
TTCCACGGTGCGCGTA-14-s3d10,G/M prog
GAACACAAGCACGTTG-14-s3d10,HSC
GATTAGTGTTCGCTCA-14-s3d10,CD14+ Mono
GCCTAATAGGTGCGGA-14-s3d10,G/M prog
GAAGGAACAAGTGTCC-14-s3d10,CD14+ Mono
TTATAGCCAATTTGGT-14-s3d10,pDC
AGACCCGGTTTGACCT-14-s3d10,Erythroblast
TTCCTTGAGACAGGCG-14-s3d10,CD14+ Mono
AGTCAGGCAATTAGCT-14-s3d10,pDC
TATCGCACACCCACAG-14-s3d10,CD14+ Mono
CTGGTTTGTTCGCTTG-14-s3d10,pDC
TAATCACCAGTAGCCT-14-s3d10,Proerythroblast
CTGTTAAAGTAACAGG-14-s3d10,CD14+ Mono
GGACGGATCCTGTTCA-14-s3d10,CD14+ Mono
AGCCTAGTCACGCATG-14-s3d10,MK/E prog
CACGCAATCTTAGCGG-14-s3d10,CD14+ Mono
CGATTTGCACCGGTAT-14-s3d10,G/M prog
TTGTAAGTCTAATCAG-14-s3d10,G/M prog
AACCTCCTCCCTCATA-14-s3d10,Erythroblast
CCTAGTTGTTGTTGCT-14-s3d10,CD14+ Mono
CTGAAACTCTCCATAT-14-s3d10,CD14+ Mono
GCCTGTGCATAGGCGA-14-s3d10,CD14+ Mono
TACCGTTGTCAAGTAT-14-s3d10,Erythroblast
TTTAGCAAGCCTGTTC-14-s3d10,HSC
GGTTCCCGTAGTAAGA-14-s3d10,pDC
ATATGCTCAGCCGCTA-14-s3d10,Erythroblast
AAGTGAAGTGGATGTC-14-s3d10,Proerythroblast
GTCTTTAGTTAAGTGT-14-s3d10,CD14+ Mono
TGCAATATCGATTATG-14-s3d10,HSC
CTCGCTCCACCAACCG-14-s3d10,Erythroblast
AGGCCCAGTCACCAAA-14-s3d10,HSC
GCCACACAGCTATATG-14-s3d10,CD14+ Mono
GACTAATGTATTGGAT-14-s3d10,pDC
AATGAAGGTTAAGCCA-14-s3d10,CD14+ Mono
CAAAGGATCATCAGTA-14-s3d10,CD16+ Mono
ATGTAACGTCATTACC-14-s3d10,CD16+ Mono
AATTGCCAGCAAGGGT-14-s3d10,Erythroblast
AATCCTAAGGTCCTGA-14-s3d10,CD14+ Mono
AGAATCTGTTTGTCTA-14-s3d10,CD14+ Mono
GACTTAGGTTCCAGGG-14-s3d10,CD14+ Mono
CGGTGAGAGCTAATCA-14-s3d10,CD14+ Mono
CTGGTTACAGCAAGTG-14-s3d10,Erythroblast
TACCGAAGTGATGAGG-14-s3d10,CD14+ Mono
CTGACCAAGGTTAGAG-14-s3d10,CD14+ Mono
CTGTAACAGAGAGCCG-14-s3d10,Erythroblast
TGTGATCAGTGTTGCG-14-s3d10,HSC
TCATTTGGTAGTAAGA-14-s3d10,Proerythroblast
CTCCGGACAGTTAAAG-14-s3d10,pDC
AAACGGATCATTGCAA-14-s3d10,CD16+ Mono
TGTGCGGGTTGGTTGA-14-s3d10,G/M prog
TTGACTAAGCGCATTG-14-s3d10,pDC
CATTATCTCATGCAAC-14-s3d10,CD14+ Mono
ACTAGGCGTCAAGTGC-14-s3d10,G/M prog
CTAGGCGGTACTGATG-14-s3d10,CD14+ Mono
TCCATGCTCCTTGCAC-14-s3d10,Erythroblast
ATGCATTCATGAATCT-14-s3d10,CD14+ Mono
GGGCTAACATAACGGG-14-s3d10,CD14+ Mono
GTTACGCCAGGACCTT-14-s3d10,CD14+ Mono
CAGCCAATCCCATAAA-14-s3d10,CD16+ Mono
ACGAAGTCACTAGGTC-14-s3d10,pDC
CTACAACAGACAAACG-14-s3d10,CD14+ Mono
GCACGCTAGTTATCTC-14-s3d10,CD16+ Mono
GGATTCAGTTAGGTTG-14-s3d10,G/M prog
CTAGGCGGTCCTCCAA-14-s3d10,Erythroblast
ATGACAACAATTAACC-14-s3d10,HSC
GTCATCACAATGAAGC-14-s3d10,CD14+ Mono
GATGCAGCATAGCTGC-14-s3d10,CD14+ Mono
TTGTTTGGTAGCTAAT-14-s3d10,CD14+ Mono
TTTGCGGAGCGCATTG-14-s3d10,CD14+ Mono
GCCAGGAAGTAGCTTA-14-s3d10,CD14+ Mono
GCAGCAACAAGGTATA-14-s3d10,CD16+ Mono
AGAAGGTGTTAAATGC-14-s3d10,CD14+ Mono
ATGCCTGAGGCGTAAA-14-s3d10,Erythroblast
AGGATGTCACAAACTT-14-s3d10,Erythroblast
TGTTGTTTCCCGAACA-14-s3d10,Erythroblast
TGTCCTGGTCATGCAA-14-s3d10,CD14+ Mono
GAAGGCCCAAACTAAG-14-s3d10,G/M prog
ATCCATAAGCACAGCC-14-s3d10,G/M prog
CATCCTCAGGTTTGAC-14-s3d10,G/M prog
CTCACACTCCTTAGGG-14-s3d10,HSC
CAAGTATGTTCCTGAT-14-s3d10,pDC
TTCACTGTCACACAGT-14-s3d10,pDC
GATCAGTTCCAAGTGT-14-s3d10,CD14+ Mono
TAGTAGGAGTTTGAGC-14-s3d10,CD14+ Mono
TTGGCGGGTTAGGTTG-14-s3d10,pDC
TCATTGCGTTCACCCA-14-s3d10,G/M prog
GCAATGTTCTAGCTTT-14-s3d10,CD14+ Mono
TACGTACAGACAAACG-14-s3d10,Erythroblast
AGGATATAGACAGGCG-14-s3d10,CD16+ Mono
CACGCTAAGGATCCGC-14-s3d10,pDC
TGTTGTGCAACCGCCA-14-s3d10,G/M prog
GGCGGTTTCACGCATG-14-s3d10,Erythroblast
ATGTCCACAATAGCCC-14-s3d10,CD14+ Mono
ACGCAAGCACGTAAGG-14-s3d10,Normoblast
AATTACCCATAGCAGG-14-s3d10,G/M prog
GGTTTAATCAGGTTTA-14-s3d10,CD14+ Mono
ACCAAGTTCTTGTCCA-14-s3d10,Erythroblast
ACTTTGTTCCTGGTCT-14-s3d10,CD16+ Mono
TGGTTGAGTCCTTAGT-14-s3d10,pDC
TACAACATCAGAAACG-14-s3d10,pDC
ACGTACCCACAGGGAC-14-s3d10,CD14+ Mono
GCTGATCCAGGCGATA-14-s3d10,CD14+ Mono
CATAGGCGTTAAGCGC-14-s3d10,CD14+ Mono
AGCAATACACAAACTT-14-s3d10,CD14+ Mono
ACCCAACCACTAAGTT-14-s3d10,CD16+ Mono
CATAGTCAGCGGTTAT-14-s3d10,CD14+ Mono
TAAACAGCACAATACT-14-s3d10,HSC
TGTCATAAGTTATTCC-14-s3d10,CD14+ Mono
ATTCCTAGTAAGGTCC-14-s3d10,CD14+ Mono
GAGTATCTCCACCTTA-14-s3d10,pDC
GGGTGAAGTTTATTCG-14-s3d10,CD16+ Mono
CTGTTAAAGCTTCCCG-14-s3d10,Proerythroblast
GTTCGCTTCAATCTAG-14-s3d10,Proerythroblast
CATTCATTCCATAATG-14-s3d10,Erythroblast
CGGTAACGTTAAGCGC-14-s3d10,pDC
ACAGGTAAGGAACGCG-14-s3d10,G/M prog
TGGATTCAGGTGCTGC-14-s3d10,CD16+ Mono
GCTCATTGTGGGAACA-14-s3d10,CD14+ Mono
GCTAGCTCACCTATAG-14-s3d10,CD16+ Mono
GGTGAGCCAAGGTATA-14-s3d10,HSC
CTCTAGCTCCTAATGA-14-s3d10,CD14+ Mono
ACGACTTAGACTCGCA-14-s3d10,Normoblast
ATCCCGCGTTAGGCTA-14-s3d10,Proerythroblast
TGGACTAGTCACCTAT-14-s3d10,HSC
AATTTCCTCGCAAACT-14-s3d10,CD14+ Mono
GCTGCAATCCGCCAAA-14-s3d10,Erythroblast
CTTCTCAAGAGCAAGC-14-s3d10,Proerythroblast
CAACAATGTGGTTATG-14-s3d10,CD14+ Mono
TGTGAAACAACTGGGA-14-s3d10,CD16+ Mono
TCAAGCTAGCAAGATG-14-s3d10,Proerythroblast
CAGCATGTCCTAATGA-14-s3d10,CD16+ Mono
CAGAATCTCCAGGTCA-14-s3d10,pDC
GAACCTGTCACAGCGC-14-s3d10,CD14+ Mono
ATTCCGGAGGTAGCTT-14-s3d10,CD14+ Mono
TCCTAGTGTAACAGGG-14-s3d10,CD14+ Mono
AACGCCCAGGAGGGTT-14-s3d10,pDC
ACAACATGTCTCAGCC-14-s3d10,Erythroblast
AAGCTTGGTGGGTGAA-14-s3d10,Erythroblast
AATTGACGTCAATGTG-14-s3d10,Normoblast
CTAGTAGGTTGCCTCA-14-s3d10,pDC
GGTTGCGGTTCCGGGA-14-s3d10,pDC
TAGCATATCGCAAACT-14-s3d10,Proerythroblast
CAGCAAGCAATCATGT-14-s3d10,HSC
CTCATTTAGTTAACCA-14-s3d10,G/M prog
CCTGGTAAGTTGCGTG-14-s3d10,CD14+ Mono
GGTTGCGGTCATCATC-14-s3d10,Normoblast
GTCCGTAAGGTTTGAC-14-s3d10,Proerythroblast
TTAGCAATCCTAGTCC-14-s3d10,CD16+ Mono
TTGCTTTAGGCGCATC-14-s3d10,pDC
GAGAAACGTAGCTGCG-14-s3d10,G/M prog
CTGACCAAGCCTGTTC-14-s3d10,CD16+ Mono
ATGTTGTCACAGCCAT-14-s3d10,CD14+ Mono
AGGCAGGTCAAAGGCA-14-s3d10,CD14+ Mono
TCAGGTTAGTCCTGAG-14-s3d10,HSC
GCAATATGTAAGCACC-14-s3d10,pDC
TGCAATATCAGCAAGA-14-s3d10,pDC
AAGCTTGGTTTGGGCG-14-s3d10,pDC
TAACCAGGTTGTGACA-14-s3d10,HSC
AACCTAATCCAGGTTG-14-s3d10,CD14+ Mono
CAACCCTTCGCCTGTT-14-s3d10,CD14+ Mono
GGGTGAAGTTGTAAAC-14-s3d10,CD14+ Mono
GTGTGTTAGGTCGAGG-14-s3d10,CD14+ Mono
AGTAGCTTCTCACTAT-14-s3d10,pDC
ATTAGCTCATAGACCC-14-s3d10,pDC
GCTGTACCACTTGTTC-14-s3d10,Normoblast
TCACCTCAGCGGATAA-14-s3d10,G/M prog
ACGCCTAAGGATAAAC-14-s3d10,Erythroblast
TCTCAAGCATAACGGG-14-s3d10,G/M prog
TGATGATGTAAACAAG-14-s3d10,pDC
TGTGCAAGTTATTGCC-14-s3d10,CD14+ Mono
ATAAGTCGTTAGGACC-14-s3d10,CD14+ Mono
ATATGCATCACTAAGC-14-s3d10,CD14+ Mono
GCCAATAGTCCGGTTC-14-s3d10,HSC
TGGACTAGTTTCCGGC-14-s3d10,CD14+ Mono
TCTTGTCCACTTACAG-14-s3d10,CD14+ Mono
GGAGGTTAGTCATTTC-14-s3d10,Erythroblast
GGTCTTTGTTTCCTCC-14-s3d10,CD14+ Mono
TATTACCTCTATTGTC-14-s3d10,HSC
AGCGGACCATTGTCAG-14-s3d10,CD14+ Mono
ATGACTCAGCAATAGG-14-s3d10,CD14+ Mono
AACATAGCATGCTCCC-14-s3d10,MK/E prog
AAGAACAGTCACCAAA-14-s3d10,CD14+ Mono
GTGCGCAGTACCGAAC-14-s3d10,Normoblast
CTCTGTTCACTCGCTC-14-s3d10,pDC
AACCTAATCATTTGCT-14-s3d10,Erythroblast
ATTGCACAGGGCTAAA-14-s3d10,HSC
AATGCGCGTTTATGGG-14-s3d10,Erythroblast
TTCACTGTCATCCACC-14-s3d10,G/M prog
ATCACAATCCCATAAA-14-s3d10,Erythroblast
CTCGCTCCAAAGCTAA-14-s3d10,Normoblast
AGGCAGGTCGAGGAAC-14-s3d10,Erythroblast
GGCTCAATCCGGGACT-14-s3d10,CD14+ Mono
ACTGAAACAATCATGT-14-s3d10,CD14+ Mono
CCACACAAGTCTCACC-14-s3d10,Erythroblast
GCATCCTTCGTTCACC-14-s3d10,CD16+ Mono
GCTGTAAGTTGGATAT-14-s3d10,CD14+ Mono
CGAATCTAGGAACCAA-14-s3d10,pDC
AGGATCCGTACGGTAC-14-s3d10,CD14+ Mono
ACAACAACATGGCCCA-14-s3d10,Normoblast
CGGATAAAGCTTGCTC-14-s3d10,pDC
TTGCAATCAAGTTATC-14-s3d10,MK/E prog
AACTCACAGCTTACTT-14-s3d10,CD14+ Mono
ACCTGGATCGTTCACC-14-s3d10,CD14+ Mono
ACGTCCTTCCTGATGG-14-s3d10,pDC
TCTAGCGAGTAGCTTA-14-s3d10,pDC
CAGGGCTTCCCATAGG-14-s3d10,CD16+ Mono
AGTTACATCCGTTAAA-14-s3d10,HSC
TTGTGCGAGTTCCCAC-14-s3d10,G/M prog
AATTGTGTCATAACTG-14-s3d10,CD16+ Mono
TCAAGGTTCTGGCATG-14-s3d10,HSC
AGGTTAGAGCGAGTAA-14-s3d10,CD14+ Mono
AATCTTGAGCAAGGGT-14-s3d10,G/M prog
GGGTGAAGTGTGCAAC-14-s3d10,CD16+ Mono
CGTTAAATCACGCGGT-14-s3d10,CD14+ Mono
ATGCGATTCAAGTGTC-14-s3d10,G/M prog
CCTAAGGTCACCGGTA-14-s3d10,Erythroblast
GTTCCTTCAGTTTCTC-14-s3d10,CD14+ Mono
AGAACAAGTTAGGTTG-14-s3d10,MK/E prog
ACAACATGTGAGGTGA-14-s3d10,HSC
TCGTTAGCAGTTGCGT-14-s3d10,pDC
GGAGGTTAGGTCAAAG-14-s3d10,CD16+ Mono
AGAACAAGTCCCGAAG-14-s3d10,CD14+ Mono
AAGGAAGCATGCATAT-14-s3d10,CD14+ Mono
ACCCGTAAGAACCTAC-14-s3d10,CD14+ Mono
TCCATTGTCAAAGGCA-14-s3d10,CD14+ Mono
CCTAAATCATAAGTCT-14-s3d10,Proerythroblast
GCTGAGGAGCAAGGTA-14-s3d10,CD16+ Mono
TCTACCTCACTAAGCC-14-s3d10,pDC
CATGCATAGTAAACCC-14-s3d10,CD14+ Mono
CGAGGCAAGTACTGGT-14-s3d10,Erythroblast
TGGAACAAGGCTGTCA-14-s3d10,MK/E prog
AACCGCTCAATCGCAC-14-s3d10,CD14+ Mono
GATAACGAGTTTAACG-14-s3d10,CD14+ Mono
CGAAGAATCCCGAAGC-14-s3d10,Erythroblast
TCCGGTAAGCTGGACC-14-s3d10,CD14+ Mono
GTGGATGCACATACTG-14-s3d10,Erythroblast
TTTGTGGCAAGCTAAA-14-s3d10,CD14+ Mono
ATGACTCAGAGGAGGA-14-s3d10,CD14+ Mono
CATTGTGCATTGTTGG-14-s3d10,CD16+ Mono
CCAGACTCAGTAGGTG-14-s3d10,pDC
TCGATTAAGCACGTTG-14-s3d10,G/M prog
AAGACAAGTTGAAGCC-14-s3d10,pDC
CGTCCTAGTACTTAGG-14-s3d10,Erythroblast
TCCAGGTCAATACTGT-14-s3d10,CD14+ Mono
AGTTGGCGTTGTTGCT-14-s3d10,Proerythroblast
AATTGGACACGGTTTA-14-s3d10,HSC
ATGGCTGTCTTAGCCC-14-s3d10,CD14+ Mono
ATTGCTCGTAAGTCGC-14-s3d10,CD14+ Mono
CAACCCTTCATGGCTG-14-s3d10,pDC
TTAGGCTAGACTCGCA-14-s3d10,cDC2
AGCCTCCGTTGGCCGA-14-s3d10,HSC
CTTGACGAGGCCAATT-14-s3d10,pDC
GCTCAACCACCCACCT-14-s3d10,CD14+ Mono
TTACAGCAGTAGCTTA-14-s3d10,CD14+ Mono
AGATGCTTCGTTATCT-14-s3d10,CD14+ Mono
ACTCGCGCAGTGAACG-14-s3d10,CD16+ Mono
AGCCAGTGTTAACGGC-14-s3d10,Erythroblast
CAAGCTAGTGTGCAAC-14-s3d10,Proerythroblast
CAATCCTGTGATTTGG-14-s3d10,CD14+ Mono
TCACCTGGTGTAACCA-14-s3d10,CD14+ Mono
GACCGAACATCGCTTT-14-s3d10,Normoblast
TTGGGCCAGCCTGAGC-14-s3d10,CD14+ Mono
TAGCGGCTCCGTTAAA-14-s3d10,MK/E prog
TATCCGGAGGCTAGAA-14-s3d10,CD16+ Mono
GGCGGTAAGTTAGGCT-14-s3d10,HSC
CGTTATTTCGATTTGA-14-s3d10,Erythroblast
CGGTTTCTCGATTCTT-14-s3d10,pDC
ACCAAGCGTTACTTGC-14-s3d10,CD16+ Mono
GCTGACATCCGTTATT-14-s3d10,Erythroblast
GCATTAGGTAGGTTGC-14-s3d10,HSC
CGTAGCGGTGCTCCGT-14-s3d10,CD14+ Mono
GGCCTTCGTTGCTTCG-14-s3d10,CD14+ Mono
GGGTTATTCTTGATGA-14-s3d10,Erythroblast
CCTGAATAGGATGATG-14-s3d10,CD14+ Mono
TCAGTAATCAATCATG-14-s3d10,pDC
TTGACTAAGGAACGGT-14-s3d10,CD14+ Mono
GGCTTAAGTTTGTCTA-14-s3d10,G/M prog
TGCGCAGGTAACCTAG-14-s3d10,Proerythroblast
TAGTGTGGTTCCGCAC-14-s3d10,CD14+ Mono
GGAGTGAGTTTAAAGC-14-s3d10,CD14+ Mono
GAACCTGTCCGTGACA-14-s3d10,CD14+ Mono
TGCCGGTAGTAAGTCC-14-s3d10,G/M prog
GGATTGCGTTTATTCG-14-s3d10,CD14+ Mono
TCTACCTCACCTAATG-14-s3d10,pDC
ACACGGACACAATGTT-14-s3d10,CD14+ Mono
CTATGATCACATTGCA-14-s3d10,CD14+ Mono
GTAAGCAAGGCGAATA-14-s3d10,CD14+ Mono
ACCACACCATCATGTG-14-s3d10,CD14+ Mono
TGGTTGAGTCACACCC-14-s3d10,Normoblast
CTTCTAAGTGAATCGC-14-s3d10,Normoblast
GGTAACCGTAAGCACC-14-s3d10,CD14+ Mono
GAGATAAGTGTTAAAC-14-s3d10,CD14+ Mono
AACGCCCAGGCACAGG-14-s3d10,CD14+ Mono
TTGCACACATCCTGAA-14-s3d10,MK/E prog
ACTTGCACAGGACCTT-14-s3d10,HSC
ATTCCGGAGAGAGCCG-14-s3d10,CD14+ Mono
TGGTTGAGTCTCACTG-14-s3d10,pDC
GAGGCCTTCCCGAACA-14-s3d10,CD14+ Mono
ATTCAACCACAGAACG-14-s3d10,pDC
GGGCTAACAGAACCGA-14-s3d10,CD14+ Mono
TTTCTCACACTATGGC-14-s3d10,CD14+ Mono
TTGGGTTAGCTAAGTC-14-s3d10,CD14+ Mono
TACTGACAGGAACGGT-14-s3d10,G/M prog
TCATCCATCACGCATG-14-s3d10,CD14+ Mono
TAGCATATCTGTTCAT-14-s3d10,CD14+ Mono
ATCCAACAGCTCCCTG-14-s3d10,pDC
GGAGTCTGTGAGGTAG-14-s3d10,CD14+ Mono
TTTGGCTGTAATGACT-14-s3d10,CD14+ Mono
GTAGCTGTCCCGTTGT-14-s3d10,CD14+ Mono
TATATCCTCACACAGT-14-s3d10,CD14+ Mono
ACGTCCTTCCGCTAGA-14-s3d10,CD14+ Mono
CCTTGTTCATGAGCAG-14-s3d10,G/M prog
CTCCGGACAATGAAGC-14-s3d10,CD14+ Mono
GGCTAGACACCTGCTC-14-s3d10,Erythroblast
ATGAAGTAGTGAGGTA-14-s3d10,CD14+ Mono
TGAGAACCAACTAGAA-14-s3d10,G/M prog
ACTTAGTCACTGACTA-14-s3d10,CD14+ Mono
CTTCAGGAGTTCCCAC-14-s3d10,CD14+ Mono
GAGAGGCGTTCAAGCA-14-s3d10,G/M prog
AGAATCTGTGCATTAG-14-s3d10,CD16+ Mono
TCATGAGGTCCTCCAA-14-s3d10,CD16+ Mono
ATTGGTTCAAATTCGT-14-s3d10,CD14+ Mono
TCAGTGAGTCATGCAA-14-s3d10,Proerythroblast
CGGTTCCGTGTTGTGA-14-s3d10,Normoblast
TTTGACTTCCTTAGGG-14-s3d10,G/M prog
TGCATTAAGCATGCAT-14-s3d10,Erythroblast
TCATGCCTCTCACTAT-14-s3d10,CD14+ Mono
TACCTGCTCCAGGTCA-14-s3d10,Erythroblast
AGGTTAGAGCAACATC-14-s3d10,pDC
CTCCATCAGCCTCTCG-14-s3d10,HSC
AGCTCATAGGCTTAGT-14-s3d10,CD14+ Mono
TTGTTCCCAACGTGCT-14-s3d10,CD14+ Mono
TACTGACAGGCGCTAC-14-s3d10,CD14+ Mono
GACGTAAAGGCCTGGT-14-s3d10,CD14+ Mono
TCTAACCGTTCGCTCA-14-s3d10,Erythroblast
TGTCAATCAGTCTAGC-14-s3d10,HSC
TATGACTCATGTTGGC-14-s3d10,CD14+ Mono
GTCTAATCAGAAATTG-14-s3d10,Erythroblast
TGGTGCATCATTTGTC-14-s3d10,pDC
GTAGGCGAGCCTGACA-14-s3d10,CD16+ Mono
GGGTTACGTCAATAGT-14-s3d10,Erythroblast
CAGCCAATCCCTGACT-14-s3d10,CD14+ Mono
CTTTAGGCATTAAGTC-14-s3d10,pDC
GAGGCTTGTCAGGCCA-14-s3d10,CD14+ Mono
GCTTAGTAGGTCCGTA-14-s3d10,pDC
ATCCAACAGGGATGAC-14-s3d10,Erythroblast
CAGCAAGCAATGCCTA-14-s3d10,G/M prog
CGTAACCCACAAACTT-14-s3d10,pDC
ACAGCGCTCGACCTGA-14-s3d10,HSC
TGCTAGCCAGGCTGTT-14-s3d10,G/M prog
CGGTTTCTCTAATTGG-14-s3d10,CD14+ Mono
TACAGGTTCCAAATCA-14-s3d10,CD16+ Mono
GCTGTGCAGAGGAGTC-14-s3d10,CD14+ Mono
CATGCAAGTTCACCCA-14-s3d10,Proerythroblast
ACTTGTAAGCGCAATT-14-s3d10,pDC
CTCACTCAGTATTGCA-14-s3d10,CD14+ Mono
TTAGGCGTCTTGTTCG-14-s3d10,CD14+ Mono
CGGTTTCTCTTAGGAC-14-s3d10,CD14+ Mono
GTAAAGCCATTGTGCA-14-s3d10,Erythroblast
AGTAACGAGCTTCTCA-14-s3d10,pDC
GGACCGAAGCGGGCAA-14-s3d10,CD14+ Mono
CAGCCTTTCTAGCTAA-14-s3d10,G/M prog
CTTTCTTGTTAAGCGC-14-s3d10,Erythroblast
TGGTTGAGTATTGAGT-14-s3d10,CD14+ Mono
TAGTGGCGTTCACCAT-14-s3d10,CD14+ Mono
AAGTGAAGTTTGCAGA-14-s3d10,Proerythroblast
GGTGCTGGTGTTAAAC-14-s3d10,CD14+ Mono
TTAGGAACAGTTTGTG-14-s3d10,pDC
GGTTGCTCATGAGCAG-14-s3d10,Erythroblast
GCGCGATTCGATATTG-14-s3d10,CD14+ Mono
TCAAGTATCGGGACCT-14-s3d10,CD14+ Mono
CGCAATGTCTCACTCA-14-s3d10,CD14+ Mono
GGCTGTCAGGAGGGTT-14-s3d10,CD16+ Mono
TCATGAGGTGAAGCCT-14-s3d10,Normoblast
GTGGACACAGCAACAG-14-s3d10,CD14+ Mono
CACGCTAAGTAACCAC-14-s3d10,Erythroblast
CAGGACACAGGCGATA-14-s3d10,G/M prog
ATGCATTCACAAGCCT-14-s3d10,G/M prog
ATTGACTCAATATAGG-14-s3d10,pDC
ACGTACCCAGTCTAGC-14-s3d10,CD16+ Mono
TTTACGCGTTCCTGTG-14-s3d10,CD14+ Mono
GCCTCAAAGATTCCTT-14-s3d10,pDC
ACTGAATGTGATGAGG-14-s3d10,CD16+ Mono
CACCTGTTCCTACCTA-14-s3d10,pDC
GCATGAAAGGTTAGAG-14-s3d10,Erythroblast
TAGCCTCTCACCAATA-14-s3d10,CD14+ Mono
ATAAGCCTCTAGCTTT-14-s3d10,CD14+ Mono
TGCGCAGGTAGTTGGC-14-s3d10,CD16+ Mono
AGCTAAACACAGAACG-14-s3d10,HSC
GCTGGATGTTGACTTC-14-s3d10,CD14+ Mono
TGGAACAAGCTGAGGG-14-s3d10,Erythroblast
TCGGTAAGTAGCTAGC-14-s3d10,MK/E prog
TAGGGTTTCAAGCTTA-14-s3d10,CD14+ Mono
CGTTGCGCAGAGAGCC-14-s3d10,CD14+ Mono
ATGATGGAGTGCTGTG-14-s3d10,CD14+ Mono
GGCATGGAGGGCCATC-14-s3d10,CD14+ Mono
CCTGTTGGTAGCTGGT-14-s3d10,G/M prog
GTCTATCGTTATCCTA-14-s3d10,Erythroblast
GAACTTATCATCGTTT-14-s3d10,CD14+ Mono
CAAATCATCGCTTCTA-14-s3d10,CD16+ Mono
CCCGCAACAAACCCTA-14-s3d10,CD16+ Mono
GGGCTAACATCCAGGT-14-s3d10,CD16+ Mono
AGGAACCAGGCGAAAC-14-s3d10,G/M prog
CAACTAGGTAGTTGGC-14-s3d10,CD14+ Mono
CGATTTGCACTAGGTC-14-s3d10,CD14+ Mono
CCCAACCGTGGATGTC-14-s3d10,CD16+ Mono
AAACCAACAGTAGCCT-14-s3d10,CD14+ Mono
TTGTAAGTCCAGCACA-14-s3d10,CD14+ Mono
AGGAACCAGAACCTGT-14-s3d10,pDC
GCAAGTCGTTTAACGG-14-s3d10,CD14+ Mono
TTGCGAGTCATGCAAC-14-s3d10,HSC
CTAATCTTCCTTTACG-14-s3d10,CD14+ Mono
AGGTCATTCGCACACA-14-s3d10,CD16+ Mono
GCGCAAACATCTTGAG-14-s3d10,Normoblast
GCCTTTATCAATAGCC-14-s3d10,CD14+ Mono
TCCTAGTGTGTTGCTT-14-s3d10,HSC
TTTCCTGAGACAACGA-14-s3d10,MK/E prog
TTGGGCGGTAATGGCC-14-s3d10,CD14+ Mono
GCCACTAAGCAAGACA-14-s3d10,CD14+ Mono
TCCGCCATCAGGAAGC-14-s3d10,HSC
GTGTCCAAGGCTAATC-14-s3d10,pDC
TCGACAAGTGTGAGAG-14-s3d10,CD14+ Mono
ATGTTGTCAGATTCAT-14-s3d10,pDC
CCTTCAATCCAGGTCA-14-s3d10,CD16+ Mono
AGTAATCGTTGGCCGA-14-s3d10,CD14+ Mono
GATGACTTCCTTAATC-14-s3d10,CD14+ Mono
TGTTGCACAGGCGATA-14-s3d10,CD14+ Mono
TCGCGCACAAGCGATG-14-s3d10,CD14+ Mono
CCTAAGGTCACGTTAA-14-s3d10,CD16+ Mono
ACTCACCTCTGGTCCT-14-s3d10,pDC
TGGCCTGCAACTAGGG-14-s3d10,Erythroblast
TTTGTCCCATTGTTGG-14-s3d10,G/M prog
ACGCCACAGCGGGCAA-14-s3d10,Normoblast
TGTCAGTAGCGATAGA-14-s3d10,G/M prog
GTCGCAATCCTCAGTC-14-s3d10,HSC
GGCGGTAAGGACCTCA-14-s3d10,Normoblast
GTTCGCGCAATTAACC-14-s3d10,CD14+ Mono
TCATACTTCACAGGAA-14-s3d10,HSC
GCGGAACCAAACTGTT-14-s3d10,pDC
GCACCTAAGCGCTCAA-14-s3d10,Normoblast
ATGTCATCATCATGGC-14-s3d10,pDC
AGCAACAAGAGGGACT-14-s3d10,CD14+ Mono
AATCTTGAGGACCGCT-14-s3d10,CD14+ Mono
TAATCCGCATGAGCAG-14-s3d10,Erythroblast
TTACGTTTCATAACCA-14-s3d10,CD14+ Mono
CTTGTAAAGGTAAGCA-14-s3d10,CD14+ Mono
TTCCTCAAGTTTCCTG-14-s3d10,CD14+ Mono
CATCATGCAAGGTAAC-14-s3d10,pDC
ACCGAAGCAGGAACAT-14-s3d10,CD14+ Mono
TGCATGAGTTTGGGCG-14-s3d10,pDC
TTTGTGGCACGGTTTA-14-s3d10,CD16+ Mono
ACAACATGTAGGATCC-14-s3d10,CD14+ Mono
TTGTGCCTCATCCTCA-14-s3d10,HSC
CTAACCACAGTTGCGT-14-s3d10,CD16+ Mono
TAGCCGGGTAACCACA-14-s3d10,CD14+ Mono
GGAACTAAGCCTGAGC-14-s3d10,Normoblast
GCAGCAACAATATAGG-14-s3d10,CD14+ Mono
TAATGCATCAGGCTAT-14-s3d10,CD14+ Mono
AGCTAACTCTAATCCT-14-s3d10,CD14+ Mono
GCGGATACAAGGTATA-14-s3d10,G/M prog
CCACATTGTTGACTTC-14-s3d10,CD14+ Mono
GTTACGCCATAGGCGA-14-s3d10,CD14+ Mono
CACCGGTAGGTAACGA-14-s3d10,Erythroblast
TTTAAGCCATTGTCAG-14-s3d10,Erythroblast
TTGGTGAGTTTACCGT-14-s3d10,HSC
TCTAACTTCTAAGTGC-14-s3d10,CD14+ Mono
ATTGTCCGTTCGGTAA-14-s3d10,CD14+ Mono
TTGTTCCCAGATTCAT-14-s3d10,Erythroblast
GATTCCTGTTCCAGGG-14-s3d10,pDC
CGTGCTGCATCACTTC-14-s3d10,CD16+ Mono
CTCCGGACATCCAGGT-14-s3d10,CD14+ Mono
AGTCTTGCAGTAGCCT-14-s3d10,CD14+ Mono
ATTGAAGCATAATGTC-14-s3d10,pDC
TGGCGGTTCATTCATC-14-s3d10,Erythroblast
ATATGTCCAGGTTCAC-14-s3d10,CD16+ Mono
TTGCCCGTCACAGGAA-14-s3d10,pDC
ACGTCCTTCGAGGTGG-14-s3d10,CD14+ Mono
GTACAATGTGGAAACG-14-s3d10,CD16+ Mono
AGCAAATAGTTAGTGC-14-s3d10,HSC
AGTTATGTCTCACTCA-14-s3d10,Normoblast
CAACAGGCATCCAGGT-14-s3d10,cDC2
TACTTGTTCACTAATG-14-s3d10,CD14+ Mono
CTTGCATGTGCATCGG-14-s3d10,G/M prog
CATGGATTCTGTGAGT-14-s3d10,Normoblast
GACATAGAGCTGTACG-14-s3d10,CD14+ Mono
TTTGGTGCAACTCGCG-14-s3d10,CD14+ Mono
ATTACGTCAATTATGC-14-s3d10,CD16+ Mono
GTCATGAGTCGCATAA-14-s3d10,CD14+ Mono
TCCATATTCTCCATAT-14-s3d10,CD14+ Mono
TGTTGTGCAATTGAGA-14-s3d10,CD16+ Mono
TCAGCAAGTGATTTGG-14-s3d10,CD14+ Mono
GGCGGTAAGGGTTATC-14-s3d10,CD14+ Mono
AAGACCAAGACAACAG-14-s3d10,pDC
ACCTCACTCATCACTT-14-s3d10,G/M prog
GTTAACCAGGGTCCAC-14-s3d10,CD16+ Mono
TAATGGTGTGCTAGAC-14-s3d10,G/M prog
GGGATTAAGCCGGTAC-14-s3d10,HSC
CCTTGTTCATGCTATG-14-s3d10,pDC
CCTATTTAGGACGTAA-14-s3d10,pDC
TTATTGCTCTTAGCCC-14-s3d10,CD14+ Mono
CTTAAGATCAGGAAGC-14-s3d10,MK/E prog
ATTCCGGAGGATTTGC-14-s3d10,CD16+ Mono
CAGCCTTTCCTGGTCT-14-s3d10,CD14+ Mono
GGAAGCTAGAGGAGGA-14-s3d10,Normoblast
ACAACAGAGTTATGGC-14-s3d10,Erythroblast
AGTCAAGAGGTGTCCA-14-s3d10,CD14+ Mono
GATTCCTGTACTTCAC-14-s3d10,Erythroblast
TAGCTAATCGATTATG-14-s3d10,Erythroblast
CCTTAGTGTCCTTAGT-14-s3d10,pDC
CCTAGTTGTGTCACGG-14-s3d10,CD14+ Mono
GCTTTACGTGTGCACG-14-s3d10,CD14+ Mono
CATGCAAGTAGCTGCG-14-s3d10,CD14+ Mono
TCACTGACAAATTGCT-14-s3d10,MK/E prog
CACCTGTTCCAGGAAA-14-s3d10,MK/E prog
GTGTTACAGTTGGATC-14-s3d10,CD16+ Mono
GGTCGGTTCCCTCGCA-14-s3d10,cDC2
GCGCTTAAGTGAGCGG-14-s3d10,Erythroblast
CAACTAGGTCACAAAT-14-s3d10,CD14+ Mono
CCACACAAGTAAGAAC-14-s3d10,CD16+ Mono
CGATTATCAACATAAG-14-s3d10,Erythroblast
GCAGGCAAGGACAATG-14-s3d10,Erythroblast
ATTGGCTAGTCATTAG-14-s3d10,pDC
TGCGGTTCAGCAACCT-14-s3d10,CD16+ Mono
ATCCATAAGTCCTTTG-14-s3d10,cDC2
GATTGGCGTTAACGAT-14-s3d10,pDC
GCCTCGACAATGAGGT-14-s3d10,CD14+ Mono
GTTGTTGCACTGGCCA-14-s3d10,G/M prog
CCAAACTAGGAGTCGG-14-s3d10,pDC
TGATCCTGTATCTGGA-14-s3d10,pDC
TATCGAGGTTAGCGTA-14-s3d10,CD14+ Mono
AGAAAGGCAGCCAGTT-14-s3d10,CD14+ Mono
ACGCCACAGCTAATTG-14-s3d10,G/M prog
GGAACCACAGGTATTT-14-s3d10,CD16+ Mono
GTGCTGATCATTAGGC-14-s3d10,pDC
AAGTAGCCATAAAGCA-14-s3d10,pDC
CAGCATTAGTGAGAGC-14-s3d10,pDC
TATAGCCAGGTAGCTT-14-s3d10,pDC
CGAACCGGTCATTGTC-14-s3d10,CD14+ Mono
AATTACCCAGCTAACC-14-s3d10,G/M prog
GACTTACAGTCTTGAA-14-s3d10,CD14+ Mono
CTTTAGGCAGGCAAGC-14-s3d10,Proerythroblast
AACCTTAAGGTCGAGG-14-s3d10,CD14+ Mono
CCGCACACACCGGTAT-14-s3d10,CD14+ Mono
TTTGACCGTTGTTGCT-14-s3d10,G/M prog
ATTCATGAGCTTTGGG-14-s3d10,CD14+ Mono
GGAGTCTGTTCATCTA-14-s3d10,cDC2
GGGTCACTCACTTTAC-14-s3d10,CD14+ Mono
CCTGGTAAGGGACCTC-14-s3d10,CD14+ Mono
TCGGTTCTCCGCAACA-14-s3d10,CD14+ Mono
CGAGCTGGTAAATTGC-14-s3d10,G/M prog
TCAGTGAGTGCTGTAA-14-s3d10,pDC
TTAGCGGTCATTACAG-14-s3d10,CD16+ Mono
GTGCTCAAGTCAGGCC-14-s3d10,G/M prog
ACGTCCTTCCGTTATT-14-s3d10,CD14+ Mono
CGGTTGGGTATTGTCC-14-s3d10,Erythroblast
CGCAATGTCCCTCAGT-14-s3d10,CD14+ Mono
TGTATCGCAGGGAGGA-14-s3d10,CD14+ Mono
TGAGCAAAGTTCCCAC-14-s3d10,HSC
CCTCCTCTCTAGCGTG-14-s3d10,CD14+ Mono
GTTGGCGGTTAGCCAA-14-s3d10,CD14+ Mono
TTTATGGAGCATTTCT-14-s3d10,G/M prog
CGAAGGCCACATAGCC-14-s3d10,Normoblast
TTTAGGATCACTCAAA-14-s3d10,G/M prog
AATGCATGTTAACGAT-14-s3d10,CD14+ Mono
AGACACGCATGCAACC-14-s3d10,pDC
GCTTGTTGTCATTGAG-14-s3d10,Erythroblast
AACAGCAAGGGTGAGT-14-s3d10,Erythroblast
GTACTTCGTAATGGCC-14-s3d10,CD14+ Mono
CCCGCTTCAATTAACC-14-s3d10,CD14+ Mono
GGAGCATAGCGCTCAA-14-s3d10,CD14+ Mono
GTAGGTGCAAGGCCAA-14-s3d10,CD16+ Mono
GTCTTTAGTTCGCGCT-14-s3d10,pDC
AAATGGCCAATTAGGA-14-s3d10,Erythroblast
TCCAGGATCCCAGTAG-14-s3d10,MK/E prog
GCTTAACAGCATTATG-14-s3d10,MK/E prog
TCGACAAGTGAGACTC-14-s3d10,CD14+ Mono
CTGTTAAAGTCAATCA-14-s3d10,G/M prog
GCCAGGAAGTGCTGTG-14-s3d10,CD14+ Mono
CGCTCCATCCGCCTCA-14-s3d10,CD14+ Mono
GGGTTTGTCGTGCCTT-14-s3d10,G/M prog
GGAGCAAGTTATAGCG-14-s3d10,CD14+ Mono
GACGCAACAATGAAGC-14-s3d10,CD14+ Mono
GATGCGACAATTATGC-14-s3d10,CD14+ Mono
CCAATATCAGAGGCTA-14-s3d10,MK/E prog
GAAACTGAGGGCTAAA-14-s3d10,CD14+ Mono
TGGCTATAGGCATTGT-14-s3d10,HSC
GTAAGCTTCCTAAGAC-14-s3d10,CD16+ Mono
CGCTGTGCATTAAACC-14-s3d10,CD14+ Mono
GCGGATACACCAACCG-14-s3d10,CD14+ Mono
CCTCAGTTCGGTTCCT-14-s3d10,CD14+ Mono
CTTAGGAGTTAGGCGT-14-s3d10,CD14+ Mono
GACACCGGTCCTTAGT-14-s3d10,CD14+ Mono
TGAGCAAAGCCTAATA-14-s3d10,Proerythroblast
TTATCCGTCTTTGTAC-14-s3d10,pDC
CCAGCTGCATCACTTC-14-s3d10,CD16+ Mono
TTTGCGGAGCTTAACA-14-s3d10,G/M prog
TACTTCGTCGATTTAG-14-s3d10,pDC
GGAGCGATCACTAAGC-14-s3d10,CD14+ Mono
CAACCCTTCCAATTAG-14-s3d10,CD14+ Mono
TTGCAGCCACCTGTAA-14-s3d10,CD14+ Mono
CATTCATTCGATTATG-14-s3d10,CD14+ Mono
GATTGCGTCATCCTAT-14-s3d10,CD14+ Mono
TCCAGCAAGGAAGTAT-14-s3d10,CD16+ Mono
ACCGAAGCATTGCGGT-14-s3d10,CD14+ Mono
TATGAAGCATCAGTAT-14-s3d10,HSC
ACTAACCAGCCTGAGC-14-s3d10,pDC
GCGCGATTCCTAGTCC-14-s3d10,CD14+ Mono
AATCAGGAGGACCAGG-14-s3d10,Erythroblast
TGCATCCTCAATCTAG-14-s3d10,CD14+ Mono
TTACCGTGTTAACGGC-14-s3d10,CD16+ Mono
GTTACTCGTCGACTAA-14-s3d10,cDC2
TAGCAGGCAAACCTAT-14-s3d10,Erythroblast
AGCAATTGTACTTAGG-14-s3d10,cDC2
TACAAGCTCGGTACGC-14-s3d10,MK/E prog
TTTGACCGTGCATCGG-14-s3d10,CD14+ Mono
ACTATGTCAACTGGGA-14-s3d10,CD14+ Mono
AGTAATCGTCGCGCAA-14-s3d10,CD14+ Mono
GTAGGAGGTAGCTAAT-14-s3d10,CD16+ Mono
CTAATTGAGTTATCTC-14-s3d10,HSC
CGCCAAATCTAAATCG-14-s3d10,HSC
TTGCTTTAGGCTGTGC-14-s3d10,CD14+ Mono
CAGGCTATCGGTTTCC-14-s3d10,HSC
CTCCGGACAGCCTGCA-14-s3d10,CD14+ Mono
CAAAGCGCAGCAAGTG-14-s3d10,pDC
CCCTGGACATGATTGT-14-s3d10,CD14+ Mono
CAATGCCCACTTCACT-14-s3d10,pDC
TCAGGTTAGGACCTTG-14-s3d10,CD14+ Mono
AGTGAGTCAAGTTATC-14-s3d10,Normoblast
AGGTACGCAAACTGTT-14-s3d10,CD14+ Mono
ACTTGTCGTTTCGCGC-14-s3d10,HSC
CTTTGTCCACAGACTC-14-s3d10,CD14+ Mono
AGCTTGGTCTCACATT-14-s3d10,CD14+ Mono
TGCACCTTCATGGCCA-14-s3d10,Erythroblast
GTGTAACTCACGCATG-14-s3d10,CD14+ Mono
AGGATTGAGCGATAGA-14-s3d10,G/M prog
AGCTACGTCCTCAGTC-14-s3d10,pDC
CTGTATTTCACTTCAT-14-s3d10,CD16+ Mono
GAAACTGAGACAACAG-14-s3d10,Normoblast
AAGCCTCCACTATGGC-14-s3d10,CD16+ Mono
TGTAATGTCGATCAGT-14-s3d10,MK/E prog
GCAGCAACATGCTTAG-14-s3d10,pDC
GCAAGTGCAATCCTAG-14-s3d10,Erythroblast
CTCCTCACAAACATAG-14-s3d10,CD14+ Mono
GATTATGTCCCGTTTA-14-s3d10,CD14+ Mono
GAACCGCTCGATTTAG-14-s3d10,Erythroblast
ACGACTTAGGGCTTTG-14-s3d10,CD16+ Mono
GTTTCAGCATTAGCGC-14-s3d10,CD14+ Mono
ATGCATTCAGCTACGT-14-s3d10,CD14+ Mono
GGTCCGTAGTAGAGGC-14-s3d10,CD14+ Mono
GCTCAACCAATTGAAG-14-s3d10,pDC
CGTCATTGTCGCGCAA-14-s3d10,CD14+ Mono
CAGCCTTTCCGGTTGA-14-s3d10,CD14+ Mono
GGCCGTTAGTCAGTAC-14-s3d10,Proerythroblast
ATCACACAGGTTTACA-14-s3d10,G/M prog
GCGTAACGTTTAGTCC-14-s3d10,pDC
CCAGGAACATAGCTTG-14-s3d10,Erythroblast
TTGCTTTAGGTCGATT-14-s3d10,CD14+ Mono
AGGCAGGTCTCCTCTT-14-s3d10,HSC
TACCTCATCACTTTAC-14-s3d10,CD14+ Mono
TTATTGCTCGGTTTGG-14-s3d10,pDC
GAACCGCTCTCGACCT-14-s3d10,MK/E prog
CGTCATTGTACCGAAC-14-s3d10,CD14+ Mono
CAATAGCTCCTTCGTA-14-s3d10,MK/E prog
TCCTGTTCATTTAAGC-14-s3d10,Erythroblast
CGATTCCTCTACTAAG-14-s3d10,MK/E prog
GCAATGTTCCAAATCA-14-s3d10,Erythroblast
CACATACAGGCTGTGC-14-s3d10,pDC
TAGTGTGGTAGGTTTG-14-s3d10,CD14+ Mono
CCAGTTTGTGTTGTAG-14-s3d10,CD14+ Mono
TTTGACCGTACTTAGG-14-s3d10,CD14+ Mono
CCTAAATCAGTTTGGC-14-s3d10,CD14+ Mono
AAACGGATCAGGATGA-14-s3d10,G/M prog
AATGTCCAGCTTATGA-14-s3d10,CD14+ Mono
GATGCGACACAGCCTG-14-s3d10,CD14+ Mono
TATTCGTTCAATCATG-14-s3d10,CD16+ Mono
GTGAACAAGGAGGTTA-14-s3d10,HSC
ACTCACCTCTCACTCA-14-s3d10,CD14+ Mono
GCTCTGTTCAGAAACG-14-s3d10,CD14+ Mono
AGTCTTGCAGCTCAAC-14-s3d10,CD14+ Mono
ACAGGCTGTTACTTGC-14-s3d10,CD14+ Mono
GCAATATGTGTTTCAC-14-s3d10,G/M prog
TGTCCTGGTTGAGGTC-14-s3d10,G/M prog
CTGGTAAGTTTGGTTC-14-s3d10,HSC
GAGAGGCGTTTGGCTT-14-s3d10,pDC
TGTGGCGGTGGATTGC-14-s3d10,cDC2
TGGTGATTCGCTAAGT-14-s3d10,CD14+ Mono
GTAGGCGAGAGGATAT-14-s3d10,G/M prog
CCCAGCACAGCACGAA-14-s3d10,CD16+ Mono
GATAAGCCAGGCTGTT-14-s3d10,HSC
TGATGATGTGTGTCCC-14-s3d10,G/M prog
CTAGGACGTCACAGAC-14-s3d10,CD14+ Mono
GGTTGCGGTTACTTCA-14-s3d10,CD14+ Mono
GGGCATTGTGAATCGC-14-s3d10,Normoblast
GCATTGCCAGATAGAC-14-s3d10,CD14+ Mono
AGCCGGTTCAGTATTG-14-s3d10,CD14+ Mono
CTAGATTCAGCTACGT-14-s3d10,HSC
GCCAACATCGTTACAA-14-s3d10,G/M prog
TGCATTAAGAAGCTAG-14-s3d10,CD14+ Mono
AGCACTAGTGGACATC-14-s3d10,CD14+ Mono
CGAGGTGAGTAAGAAC-14-s3d10,Normoblast
AGGATATAGCGGGCAA-14-s3d10,HSC
AAGGTGCAGTTATCCT-14-s3d10,G/M prog
AGATGAAGTCCAAGAC-14-s3d10,CD14+ Mono
ATCAAGACAGGAACTG-14-s3d10,Erythroblast
CAGGTGGAGTGGCGGA-14-s3d10,CD16+ Mono
CATAAGCTCTACTAAG-14-s3d10,CD16+ Mono
GCCTGAGGTTAAGGTT-14-s3d10,Erythroblast
TTTCTCACATGGTTAT-14-s3d10,HSC
ACATCATCATCAGTAT-14-s3d10,Erythroblast
TTGCGAGTCTTGGACG-14-s3d10,CD14+ Mono
AGTTGGCGTAATCGTG-14-s3d10,HSC
AAGCTCCCAATTAGCT-14-s3d10,HSC
TGGATTGGTCCTCCAA-14-s3d10,CD14+ Mono
GCTGGATGTTCTTTAG-14-s3d10,Erythroblast
CCGTTATGTCCTAACT-14-s3d10,Proerythroblast
AACGGTAAGAGCAAGC-14-s3d10,pDC
CATTGTGCAGGAACTG-14-s3d10,pDC
GTCTATCGTTACTTGC-14-s3d10,CD14+ Mono
TTGCAGCCACAACAGG-14-s3d10,CD14+ Mono
CGATTATCACCTGCCT-14-s3d10,CD14+ Mono
ACCAGGCTCATTAGCA-14-s3d10,Proerythroblast
AGAGAAGCATCACTTC-14-s3d10,G/M prog
TAGTAAGCATGCTATG-14-s3d10,G/M prog
ACTTATGAGTAACGGA-14-s3d10,G/M prog
AGCCTGGGTTGGATCA-14-s3d10,G/M prog
CATCACACACTATGGC-14-s3d10,CD14+ Mono
GCGTTTCTCATGTGGT-14-s3d10,CD14+ Mono
ATGGCTTAGGATTGCT-14-s3d10,G/M prog
TGCGCAGGTTAACACG-14-s3d10,Normoblast
TTGTTTGGTTAGAGGG-14-s3d10,CD14+ Mono
GTGAACAAGTGTTGCG-14-s3d10,pDC
TGTTGCACATGGAGGC-14-s3d10,CD14+ Mono
AACCGCTCAACCGCCA-14-s3d10,Erythroblast
AAGCTCCCAATAGCAA-14-s3d10,pDC
TTTCCTGAGGCTATGT-14-s3d10,G/M prog
AACATCATCCGCAACA-14-s3d10,CD14+ Mono
CCAGCTGCAGAAACGT-14-s3d10,CD14+ Mono
TGACTCCTCATCCTCA-14-s3d10,CD16+ Mono
ACTTTGTTCTCTAGCC-14-s3d10,G/M prog
GGTTGCGGTTGCACGG-14-s3d10,pDC
AGCCTCCGTGATTACG-14-s3d10,CD14+ Mono
GGTCTTGAGGACGTAA-14-s3d10,G/M prog
TCCTAGTGTACAATGT-14-s3d10,pDC
GGGTGTTGTGATTACG-14-s3d10,Normoblast
TTGTCAAAGTGAGCAA-14-s3d10,CD14+ Mono
TTGGAGGCAAGGTGCA-14-s3d10,CD14+ Mono
CATGCAAGTTGTCATC-14-s3d10,CD14+ Mono
ACTATCCGTACGCGCA-14-s3d10,CD14+ Mono
ATGTCAATCATGTTTC-14-s3d10,CD14+ Mono
GCTGACCAGCTAAAGG-14-s3d10,Erythroblast
AGTCAAGAGTGTGATC-14-s3d10,Erythroblast
GTTTCTAGTGAGGTGA-14-s3d10,CD14+ Mono
AACGCCCAGCCTAATA-14-s3d10,CD14+ Mono
CTAGTAGGTCATGAGC-14-s3d10,G/M prog
CAATGTCAGCGATAGA-14-s3d10,CD14+ Mono
TATGGGCGTTAGGCGT-14-s3d10,pDC
GGTAGGAGTTAGCCAA-14-s3d10,CD14+ Mono
GGCTAGACAGCAAGGC-14-s3d10,CD14+ Mono
TTTGGCTGTGGGTGAA-14-s3d10,CD14+ Mono
GGCAAGCCAACTAGCC-14-s3d10,CD14+ Mono
GTTCTTGTCGTTATCT-14-s3d10,MK/E prog
TGATCAGGTTAGGCTA-14-s3d10,Proerythroblast
GTCTAACAGCAAGACA-14-s3d10,HSC
AGGTAACCATAGTCAT-14-s3d10,CD14+ Mono
ATTGTCCGTGGTTAGC-14-s3d10,CD16+ Mono
TTGTTCCCATGTTTGG-14-s3d10,pDC
GTCTTTAGTCCCGGAA-14-s3d10,CD14+ Mono
CCTAGTTGTACGTTTC-14-s3d10,G/M prog
GTTTCAGCATCCTGAA-14-s3d10,G/M prog
TCCATCATCTAATTGG-14-s3d10,G/M prog
TGCATCCTCGGTTCCT-14-s3d10,CD14+ Mono
CTTCACTCAGGTATTT-14-s3d10,CD14+ Mono
ATTCCTAGTCATCAAG-14-s3d10,CD14+ Mono
AAGCGAATCTGTGCAG-14-s3d10,CD14+ Mono
AGTATAGCACCAGGTT-14-s3d10,CD16+ Mono
GTAGTTATCCTTGCAC-14-s3d10,Erythroblast
TTAAGCCAGTTATGTG-14-s3d10,cDC2
CTAGTAATCCCGTTTA-14-s3d10,G/M prog
CGTATTGCAAATGCCC-14-s3d10,Erythroblast
GGTGCTGGTCACCTAT-14-s3d10,MK/E prog
TATGGTCAGGGCCATC-14-s3d10,Proerythroblast
CCACATTGTAGCAGCT-14-s3d10,CD14+ Mono
TTGACGTAGGATTGCT-14-s3d10,HSC
CCAGACTCAACACTTG-14-s3d10,cDC2
ACTTATGAGCTCCTAC-14-s3d10,CD14+ Mono
CATAGTCAGTAGCGGG-14-s3d10,CD14+ Mono
CGATTATCAAGTGTTT-14-s3d10,CD14+ Mono
GTGCTTACAAATATCC-14-s3d10,CD14+ Mono
TGGTAAACACCTACGG-14-s3d10,Normoblast
ATGTTGTCATTGCGTA-14-s3d10,CD14+ Mono
ATCCGTGAGTGAGAGC-14-s3d10,Erythroblast
TGGTCATAGTAGGCGG-14-s3d10,cDC2
TTTGGTGCATGCATAT-14-s3d10,CD14+ Mono
GGCAAGCCAAACGGGC-14-s3d10,G/M prog
AATGCGCGTCTTGCAT-14-s3d10,CD14+ Mono
GGTCCTGCAGCAAGAT-14-s3d10,CD14+ Mono
AGGTTAGAGGCGAAAC-14-s3d10,Erythroblast
GAGTTGCGTTCATCTA-14-s3d10,CD14+ Mono
ATGAAGCCAAACCTTG-14-s3d10,CD14+ Mono
TCAAGGAAGGCTAGAA-14-s3d10,CD14+ Mono
AACCTCCTCACCATTT-14-s3d10,G/M prog
AGTAATCGTTCCTGTG-14-s3d10,G/M prog
CTAGCTGAGCAATAGG-14-s3d10,CD14+ Mono
TTGACATCACAGACTC-14-s3d10,CD14+ Mono
CCCTAATGTACGTTTC-14-s3d10,G/M prog
CTAACCACATCCATCT-14-s3d10,CD14+ Mono
TTGACATCAAGCTTTG-14-s3d10,CD14+ Mono
GGCGGTTTCCAGGTTG-14-s3d10,CD14+ Mono
AGTAGGATCTCCTCAA-14-s3d10,CD14+ Mono
TATAACCCAGGCATGA-14-s3d10,cDC2
GCATCCTTCCAAGTGT-14-s3d10,HSC
AAGTGTTGTTGGCCGA-14-s3d10,MK/E prog
AAGACAAGTAATCGTG-14-s3d10,CD14+ Mono
GGCGGTTTCCTCCCTC-14-s3d10,HSC
TTAGCGGTCTAAGTGC-14-s3d10,G/M prog
CGCTACTTCCTTCGTA-14-s3d10,MK/E prog
AGTAATCGTGCGCGTA-14-s3d10,CD14+ Mono
CTTGCTCAGGAACCGG-14-s3d10,CD14+ Mono
ATGTCATCACAATGTT-14-s3d10,G/M prog
ATTCCTAGTGGAAGGC-14-s3d10,Erythroblast
TGACCAAGTGGACCTG-14-s3d10,CD14+ Mono
ACTAACCAGACAGGTA-14-s3d10,CD14+ Mono
TCGGTTACAGGAACTG-14-s3d10,CD14+ Mono
GCTCCTTAGCCATCAG-14-s3d10,Proerythroblast
AACAAGCCAGCTCATA-14-s3d10,pDC
ATGCATTCATAGCAGG-14-s3d10,G/M prog
CCTACTGGTTTAGCTC-14-s3d10,CD16+ Mono
ACTGAATGTTTACGTC-14-s3d10,CD14+ Mono
CGAAATGAGTCACCTC-14-s3d10,pDC
TCTAATCTCGAGGTGG-14-s3d10,HSC
TTGACATCAGGAAGCC-14-s3d10,CD14+ Mono
TGTCAATCAGCCTAAC-14-s3d10,CD14+ Mono
AATTGGGAGTCCTTTG-14-s3d10,G/M prog
CGAACAAAGCGGCTGT-14-s3d10,CD16+ Mono
TCACCTCAGTTCCTCA-14-s3d10,CD14+ Mono
CCCAAACCACGGTTTA-14-s3d10,CD14+ Mono
TTAGGCTAGTAAGTGG-14-s3d10,Proerythroblast
CTTCGCGTCCCGAAGC-14-s3d10,cDC2
TGCTAGCCACAAGCCT-14-s3d10,Normoblast
CCACATTGTCCAAATG-14-s3d10,CD14+ Mono
GAGGCTACAGTAAGTA-14-s3d10,Normoblast
CAGCAAGCACAGGATG-14-s3d10,Erythroblast
AGGTACGCATAAAGCA-14-s3d10,CD16+ Mono
GCCATGATCCTAAGGT-14-s3d10,CD14+ Mono
GAAGCTAAGTAGCTTA-14-s3d10,CD14+ Mono
GGTAAACCAGTTATCG-14-s3d10,HSC
TTGTCCATCCCATAAA-14-s3d10,Erythroblast
TTTCGTCCACAAAGGT-14-s3d10,CD14+ Mono
GAGAGGCGTGAGCACT-14-s3d10,CD14+ Mono
GCTTAACAGTTGTCAA-14-s3d10,CD14+ Mono
CAGGTTAGTGTGCACG-14-s3d10,CD14+ Mono
ATGACAACAGGCGAGT-14-s3d10,CD14+ Mono
CGGCTAATCAAATCGC-14-s3d10,Erythroblast
GCTTAAATCCTGGTCT-14-s3d10,CD14+ Mono
AGTCCTTGTATCTGGA-14-s3d10,CD14+ Mono
CTTCAGGAGGTGTCCA-14-s3d10,CD14+ Mono
TCCACAACATGAATCT-14-s3d10,CD14+ Mono
ACCTTCATCAAGGACA-14-s3d10,pDC
TATAGCCAGTTAGCCG-14-s3d10,CD14+ Mono
CAGAACCGTTAGGTTG-14-s3d10,CD14+ Mono
GGTATTTCATCATGGC-14-s3d10,pDC
TCAAGGTTCGTTATAG-14-s3d10,MK/E prog
TGCAATATCTATCGCC-14-s3d10,Normoblast
TTAAAGGCATTGCGTA-14-s3d10,MK/E prog
AATCCATCAAACATAG-14-s3d10,CD14+ Mono
TGCACTTGTTAGACCA-14-s3d10,Erythroblast
GTGAACAAGGCCATCA-14-s3d10,Proerythroblast
ATCTATGAGACTTATG-14-s3d10,cDC2
GCTCATTGTGATGGCT-14-s3d10,CD14+ Mono
TATGACATCCGTTATT-14-s3d10,Erythroblast
TCGTTATTCATAAGCC-14-s3d10,Erythroblast
GTAGTTATCGGCCATA-14-s3d10,Normoblast
CTCAGGATCCTGGTGA-14-s3d10,CD14+ Mono
GCGGAACCAGCTTAAT-14-s3d10,Erythroblast
AAGCGAGGTCATTGTC-14-s3d10,Erythroblast
TATTCGTTCCTGATTT-14-s3d10,CD14+ Mono
CGTAACCCATAGGCGA-14-s3d10,G/M prog
TTTCCACCAACTCGCG-14-s3d10,G/M prog
TTCGTGCTCCAAACAC-14-s3d10,CD16+ Mono
TCCCGTTAGTTATCCT-14-s3d10,pDC
GACCTCAAGTCAGTAC-14-s3d10,CD14+ Mono
GGTGTTGTCATAATCG-14-s3d10,HSC
AGTCGCATCATGGCCA-14-s3d10,Erythroblast
TATCCAGCACTGGCTG-14-s3d10,pDC
GTCTTTAGTCGACTAA-14-s3d10,CD14+ Mono
TAAGCTATCAACAAGG-14-s3d10,CD14+ Mono
TTTGTGGCAGGAACCA-14-s3d10,CD14+ Mono
TCAGCCTTCTCGCCTG-14-s3d10,HSC
ATTACCGCAGGCAAGC-14-s3d10,Erythroblast
TCCTTCAAGCGCAATT-14-s3d10,Erythroblast
ATCAATCCATAGGCGA-14-s3d10,G/M prog
CATTGCGAGCTCAAAC-14-s3d10,Erythroblast
ACAAAGGTCATCAGTA-14-s3d10,CD14+ Mono
TAACCGGTCGTTTCGC-14-s3d10,CD14+ Mono
CGTCAATAGTCCTGAG-14-s3d10,CD14+ Mono
TGGCTTTGTACCGTTT-14-s3d10,Erythroblast
CTCGCTCCATGCTATG-14-s3d10,CD14+ Mono
GATCAGGCAGAGGCTA-14-s3d10,CD14+ Mono
TGTGGCTCAATTGCGC-14-s3d10,Erythroblast
TACTCAAAGTAACGAG-14-s3d10,CD16+ Mono
GCCTGACAGCTGGACC-14-s3d10,MK/E prog
AGCTTTAAGGCCTAAT-14-s3d10,Erythroblast
AAAGGCTCATAAGTCT-14-s3d10,CD14+ Mono
ATGTTTGAGCTTGCTC-14-s3d10,HSC
AAAGGAGCATCGCTTT-14-s3d10,G/M prog
TTTGCGACACCTATAG-14-s3d10,pDC
CCTGTTGGTGGATTAT-14-s3d10,MK/E prog
GCAACAGCAATTATGC-14-s3d10,cDC2
CCTCCTCTCAATACGC-14-s3d10,pDC
AACCCGCAGCCGCAAC-14-s3d10,CD14+ Mono
ACCTTCCAGGGTTATC-14-s3d10,CD14+ Mono
CACGCTAAGCCTAACG-14-s3d10,Erythroblast
AGTTGGCGTTAGGACC-14-s3d10,pDC
CAGGCTATCAGTATTG-14-s3d10,Erythroblast
CTTCGCGTCGGTTTCC-14-s3d10,CD14+ Mono
GCTGATCCAATAACGA-14-s3d10,Proerythroblast
GCAGCAACATTGCGGT-14-s3d10,CD14+ Mono
ATTAGGTGTTACGCGG-14-s3d10,HSC
AGAGAGGAGTCGCTAG-14-s3d10,CD14+ Mono
GATAACGAGTAACTCA-14-s3d10,CD14+ Mono
CCGGTAGGTGTTAAAC-14-s3d10,CD14+ Mono
GCGCTTGCATTCCTCG-14-s3d10,CD14+ Mono
CATGCGGGTTAGGTGC-14-s3d10,CD14+ Mono
TGAAGCAAGCAGGTGG-14-s3d10,G/M prog
TTGCAATCACATTAAC-14-s3d10,Erythroblast
GAGCTAGCAGTCTATG-14-s3d10,CD14+ Mono
ATCTATGAGTAACCCG-14-s3d10,CD14+ Mono
CCTACTGGTCCCGGAA-14-s3d10,pDC
TCCTTCAAGTATGTGC-14-s3d10,pDC
CCAGACTCAATTGACT-14-s3d10,CD14+ Mono
CTCATTAGTGATCAGC-14-s3d10,Erythroblast
GATTCGCCAACCCTCC-14-s3d10,Erythroblast
AGTATAGCACCTGCTC-14-s3d10,Erythroblast
TCTAGCACATAAGCAA-14-s3d10,CD14+ Mono
TCCAGCAAGGGACCTC-14-s3d10,CD14+ Mono
GAGCGAAGTGCAATGC-14-s3d10,CD14+ Mono
GCTTGACCAGTAAGTA-14-s3d10,G/M prog
ACATTGCAGCTTAGCG-14-s3d10,CD14+ Mono
GAGAAACGTTAGGATT-14-s3d10,CD14+ Mono
GAACCTGTCCGGTTGA-14-s3d10,CD14+ Mono
GGATACTTCCGCACAA-14-s3d10,CD14+ Mono
TATGGGCGTTAAGCCA-14-s3d10,CD14+ Mono
GTTGCGGGTTGGTTCT-14-s3d10,HSC
ATGCTTAAGCCTGATG-14-s3d10,HSC
GATTATGTCTTGATGA-14-s3d10,HSC
TCTTTGTAGTAAGAAC-14-s3d10,HSC
CTTCTAAGTTGCACGG-14-s3d10,CD14+ Mono
GTGCTGGGTTGGCGTG-14-s3d10,CD14+ Mono
GTAAGCAAGAAGGTGC-14-s3d10,CD14+ Mono
AGGTCATTCTATTGTC-14-s3d10,CD14+ Mono
TCCTTAGTCCTCAGTC-14-s3d10,CD14+ Mono
TTAGGCTAGTCAATTG-14-s3d10,HSC
AGCACAGCATAGACTT-14-s3d10,CD14+ Mono
AGTCCTGAGAGGAAGG-14-s3d10,HSC
CGCGGATTCGGTTCCT-14-s3d10,G/M prog
CTAGATTCACCAAAGG-14-s3d10,G/M prog
CGGTAACGTAACGAGG-14-s3d10,G/M prog
CATAGTCAGGACGTAA-14-s3d10,CD14+ Mono
CTATGAGGTGCTTAGA-14-s3d10,Normoblast
TGACCTTGTCAAGACC-14-s3d10,HSC
CCATAATCATTCAGCA-14-s3d10,Erythroblast
GTATCGCCATAATGTC-14-s3d10,CD14+ Mono
AGGTTACTCACGAATC-14-s3d10,CD14+ Mono
CTGTTCATCCTGATTT-14-s3d10,CD14+ Mono
GTTAGACTCCTGTTCA-14-s3d10,CD14+ Mono
CTAATGTCAAGGATTA-14-s3d10,CD14+ Mono
AGAATCGAGTTATGGC-14-s3d10,CD14+ Mono
CTTAGGAGTACAAAGA-14-s3d10,HSC
CTACTTAGTCTAACCT-14-s3d10,Erythroblast
CGATTCCTCCTACCTA-14-s3d10,Normoblast
GCTCACAAGGGCCATC-14-s3d10,Erythroblast
CTTGCATGTACGCGCA-14-s3d10,Erythroblast
GAGTAACCATAATCCG-14-s3d10,pDC
AGAACAAGTGTTTGTC-14-s3d10,Erythroblast
CTGTGTGAGTTGTCAA-14-s3d10,HSC
TAGCGGACATCTAGCA-14-s3d10,CD14+ Mono
TGCTTCCAGGGTCCAC-14-s3d10,cDC2
GGTGAGCCACACTAAT-14-s3d10,CD16+ Mono
ACCACACCAAGCTTTG-14-s3d10,G/M prog
TAGGCTTAGAGAGCCG-14-s3d10,HSC
AAGTGCAAGGACGTAA-14-s3d10,CD14+ Mono
AGGTTTGGTTACAACG-14-s3d10,CD16+ Mono
CCTACTGGTTTAGCGA-14-s3d10,G/M prog
ATTGCAGGTGAGCAAG-14-s3d10,CD14+ Mono
TAAGCTGGTTATCCGT-14-s3d10,pDC
CTACCTCAGTCATTAG-14-s3d10,CD14+ Mono
GATGCTTAGGTGAAAT-14-s3d10,G/M prog
TGGTCATAGACTTATG-14-s3d10,G/M prog
GATGAGGGTGGGAACA-14-s3d10,Erythroblast
TGATCGAGTTGCACGG-14-s3d10,CD14+ Mono
ATGGTGCGTCAGGAAG-14-s3d10,CD14+ Mono
TTTCCACCAGCAACCT-14-s3d10,CD14+ Mono
GTAATAGCAATACTGT-14-s3d10,MK/E prog
AGCCGCTAGTGTTGTA-14-s3d10,Erythroblast
CGGACCTAGTTCCCAC-14-s3d10,G/M prog
CGGGTCTAGTCAGGCC-14-s3d10,Proerythroblast
GCACGCTAGGTGCGGA-14-s3d10,Normoblast
GGAGTCTGTAGCTGCG-14-s3d10,Erythroblast
AGGTCTTAGACTTACA-14-s3d10,CD14+ Mono
CTTAGGAGTATGGTGC-14-s3d10,G/M prog
TACCGTTGTGCGCATG-14-s3d10,CD14+ Mono
ACCTAAATCCTAAGGT-14-s3d10,CD14+ Mono
GAGATAAGTTTGAGCA-14-s3d10,CD14+ Mono
ATAGCATGTGCTCACC-14-s3d10,CD14+ Mono
GAAGCTAAGGCAAGTA-14-s3d10,MK/E prog
GATTGATGTTGGTTCT-14-s3d10,G/M prog
GTCAGGCTCCTGAGTG-14-s3d10,Erythroblast
TTAGAAGCATGCTCCC-14-s3d10,G/M prog
GTCATCACAGCTAATT-14-s3d10,CD14+ Mono
GGCTTCAAGGAGGACT-14-s3d10,HSC
GGTGTTGTCAATTGGC-14-s3d10,HSC
TTAGTCAAGCTCAAAC-14-s3d10,Erythroblast
ATACCTGCAGAATGAC-14-s3d10,CD14+ Mono
AAACCGCGTTCCGGGA-14-s3d10,CD14+ Mono
GCTCATTGTTCCGCAC-14-s3d10,Erythroblast
ACCCAGGGTTCGCTTG-14-s3d10,CD14+ Mono
GGAACGGTCGGTAACT-14-s3d10,CD14+ Mono
AGGATCCGTTACGCAA-14-s3d10,CD14+ Mono
TTAGCAATCAAGCTAC-14-s3d10,CD14+ Mono
TGCATCCTCGCTTGCT-14-s3d10,CD14+ Mono
TTCCTTCTCCAAGTGT-14-s3d10,pDC
GCCAATAGTGTCACGG-14-s3d10,HSC
CCATCACTCTGGTCCT-14-s3d10,CD14+ Mono
AGTCAATGTAACTACG-14-s3d10,G/M prog
TGAGTGAAGTTGTCAA-14-s3d10,CD14+ Mono
GCGGGTTTCGAGGAGT-14-s3d10,G/M prog
TGCTTAAAGGCCCAGT-14-s3d10,Erythroblast
AAAGCGGGTTATGTGG-14-s3d10,Proerythroblast
CAATCCTGTGCTAGAC-14-s3d10,HSC
TCTAGCCTCCTTAGGG-14-s3d10,CD14+ Mono
GGCTCACAGCCTGGTA-14-s3d10,G/M prog
CGGGTATGTAGTTGGC-14-s3d10,G/M prog
AGGTTAGAGTGCTGTG-14-s3d10,CD14+ Mono
GGTCAGGAGTTTGGGT-14-s3d10,CD14+ Mono
ACCTGTTGTAGCTAGC-14-s3d10,MK/E prog
TAGTAGGAGATAACCC-14-s3d10,CD14+ Mono
GAGCATGCACAACAAA-14-s3d10,HSC
GCGAAGTAGCCGCAAC-14-s3d10,CD14+ Mono
TGTGTTAAGCTTCCCG-14-s3d10,CD14+ Mono
GGACTAAAGGAGTCGG-14-s3d10,pDC
GGGTCACTCAGTATTG-14-s3d10,Proerythroblast
CATCACACAATTAAGG-14-s3d10,G/M prog
GCTCGATCAACCGCCA-14-s3d10,G/M prog
CATTGTAAGTGAGCAA-14-s3d10,Erythroblast
ATTCAACCAGTAAGTA-14-s3d10,G/M prog
CGCCAAATCGGTTCCT-14-s3d10,CD14+ Mono
GTTTATCTCTCCTCTT-14-s3d10,CD14+ Mono
AGAGATTAGAACCTAC-14-s3d10,Erythroblast
AAATGCCTCTGGCAAT-14-s3d10,CD16+ Mono
CGATGTCCAATGAGGT-14-s3d10,G/M prog
AGAGAAGCATCCGTAA-14-s3d10,CD14+ Mono
TAAGTGCTCGCACACA-14-s3d10,Normoblast
GAGCGGTCACAAAGGT-14-s3d10,G/M prog
GTGTGCGGTTATCCGT-14-s3d10,CD14+ Mono
GGTTCCCGTGTTTGCT-14-s3d10,G/M prog
AAGCCTCCAACAGCCT-14-s3d10,CD14+ Mono
CGCTTAACAACTCGCG-14-s3d10,CD14+ Mono
TGACCTTGTTCCAGGG-14-s3d10,CD16+ Mono
GCTAGCGGTCATTGTC-14-s3d10,Erythroblast
AGTCTTGCAATCCCTT-14-s3d10,HSC
GCCTACTTCTTGGACG-14-s3d10,CD14+ Mono
AGTGTGGCAATAGCCC-14-s3d10,CD14+ Mono
CTAGCTTGTTCCTGAT-14-s3d10,cDC2
CACTAGCCAGCATGTC-14-s3d10,CD14+ Mono
TTCCTTGAGTAAGAAC-14-s3d10,CD14+ Mono
CGGTGAACATGTCGCG-14-s3d10,CD14+ Mono
GTACTTCGTTTGTGGA-14-s3d10,CD14+ Mono
AAGCATGAGGTTAGCT-14-s3d10,pDC
CACCTGTTCTTAGCGG-14-s3d10,CD14+ Mono
AAAGCTTGTGCATTAG-14-s3d10,pDC
ATCTATGAGAAGCTAG-14-s3d10,G/M prog
GAGGCCTTCTGTGCCT-14-s3d10,CD14+ Mono
TAGCAGGCACCTCGCT-14-s3d10,CD14+ Mono
TGAGCAAAGCGCAATT-14-s3d10,Proerythroblast
AAAGGTTAGCAAACCT-14-s3d10,CD14+ Mono
GTTTCCTCACCTGCTC-14-s3d10,CD16+ Mono
GTTGGCCAGCATTTCT-14-s3d10,CD14+ Mono
AACCTCACACTTAGGC-14-s3d10,HSC
GATGCTTAGTTGGGCC-14-s3d10,CD16+ Mono
GGAGGTTAGCTTCTCA-14-s3d10,CD14+ Mono
CATTGTAAGACAAACG-14-s3d10,CD14+ Mono
CGCATATAGAGGAGGA-14-s3d10,CD14+ Mono
GACTTAGGTCAAGTAT-14-s3d10,CD14+ Mono
CATGCAAGTAACAGGG-14-s3d10,CD14+ Mono
CTAATCCGTTAGAGGG-14-s3d10,pDC
TTAGACTCATTGTGTG-14-s3d10,CD14+ Mono
GGATACTTCAGGTCCA-14-s3d10,G/M prog
TCCAGCAAGCCAAATC-14-s3d10,HSC
CACGCAATCATCACTT-14-s3d10,CD14+ Mono
CAATGAACACATTGCA-14-s3d10,CD16+ Mono
TTGGGCCAGCATCCAG-14-s3d10,Erythroblast
AGTAGCTTCCCTCAGT-14-s3d10,G/M prog
ATTCATGAGGTAAGGC-14-s3d10,HSC
GCGGATACAATTGACT-14-s3d10,CD14+ Mono
ATCACTAAGTTATGTG-14-s3d10,HSC
CCGTTATGTTCGGTAA-14-s3d10,CD14+ Mono
CACTAAGGTAGGATCC-14-s3d10,CD14+ Mono
TGTTAGCAGCTTCTCA-14-s3d10,CD14+ Mono
GTCCTCCCAAGGCCAA-14-s3d10,G/M prog
CGGATTAGTGAACAAA-14-s3d10,HSC
GTGTGAGCAAAGCGGC-14-s3d10,CD14+ Mono
CATCATAAGTTGTCAA-14-s3d10,CD14+ Mono
ACCTAAATCAATTACG-14-s3d10,CD14+ Mono
CAGGCTATCTAATCTC-14-s3d10,G/M prog
GATTAAGCATCCATCT-14-s3d10,CD14+ Mono
CCTGAGTCACAAAGCG-14-s3d10,HSC
GCCCGTTGTCTCACTG-14-s3d10,pDC
TAGGCTTAGTTACCGG-14-s3d10,CD14+ Mono
TGGGCATGTTGAGCCG-14-s3d10,CD14+ Mono
ATTCATGAGGCATTGT-14-s3d10,Erythroblast
AGACCCGGTCAAAGGG-14-s3d10,cDC2
CAGTACCCAGTAAGTA-14-s3d10,CD14+ Mono
GATCGAGCATAATCCG-14-s3d10,CD14+ Mono
GGACGGATCACGAATC-14-s3d10,CD14+ Mono
CTAACCTGTTGTGATG-14-s3d10,CD14+ Mono
TTATAGCCAGCATGTC-14-s3d10,CD14+ Mono
AAACAGCCACCGGCTA-14-s3d10,CD14+ Mono
CAAGGTTTCAATGTGC-14-s3d10,Erythroblast
GCACTAAGTAATCGTG-14-s3d10,CD14+ Mono
TCTGTGACAAGGTATA-14-s3d10,G/M prog
AGTGCGGAGATACTTG-14-s3d10,Normoblast
ACTTATCTCTGGTCCT-14-s3d10,pDC
AGTAATGCATGAATCT-14-s3d10,CD14+ Mono
GCCAGGTTCTGCAAAC-14-s3d10,CD14+ Mono
TGAAACTGTGAGCACT-14-s3d10,Normoblast
TGAGGTGCACTAGGTC-14-s3d10,cDC2
CAGGCTGGTGCCTCAC-14-s3d10,Erythroblast
GAGGTTAAGTAACAGG-14-s3d10,CD14+ Mono
GTTCGCTTCATGCATA-14-s3d10,pDC
TACGGTTAGCTAAGTC-14-s3d10,CD14+ Mono
ACCTTCCAGGAGCATA-14-s3d10,HSC
AAGCGAGGTTAGGATT-14-s3d10,G/M prog
TTCCTTGAGTAACGGA-14-s3d10,CD14+ Mono
ATAGATGCACCCTCAC-14-s3d10,CD14+ Mono
AGGTACGCACACTAAT-14-s3d10,pDC
CATAGCTAGCACTTGG-14-s3d10,Erythroblast
AGCCAGTGTAACCACA-14-s3d10,MK/E prog
TAATGGTGTGTGTCCC-14-s3d10,CD14+ Mono
GTGTAACTCCCTGGAA-14-s3d10,CD14+ Mono
TGAGCACGTGTCCTGC-14-s3d10,pDC
TGCTCCGTCATTACTC-14-s3d10,CD14+ Mono
CGCTGTGCAGTTTGGC-14-s3d10,pDC
CGTAACTAGGTCTTGG-14-s3d10,CD14+ Mono
TTGCAATCAACTAGCC-14-s3d10,CD14+ Mono
GATTGTTCAATTAGCT-14-s3d10,cDC2
TTGCCCGTCCCTCATA-14-s3d10,Erythroblast
TTTAAGCCACCTACTT-14-s3d10,CD16+ Mono
ATGTCAATCAGCAAAG-14-s3d10,G/M prog
GGTGCTTCAGCAAGTG-14-s3d10,HSC
TTGAGCTAGCCTGTGA-14-s3d10,CD14+ Mono
AGCAGGTAGTAACCCG-14-s3d10,CD14+ Mono
TGGAACAAGACAAACG-14-s3d10,CD14+ Mono
AAGTCTATCGGTTTCC-14-s3d10,Erythroblast
GGAGTCTGTGCTTTAC-14-s3d10,CD14+ Mono
TACCTTTAGTCATTAG-14-s3d10,CD16+ Mono
CGTTAACAGTTGCGTG-14-s3d10,cDC2
AACTAGTGTTGGTTAG-14-s3d10,Normoblast
GAGGTACAGCTGGCTA-14-s3d10,Normoblast
GAGGTTAAGATGGAGC-14-s3d10,CD14+ Mono
CACAGGCTCATAATCG-14-s3d10,CD14+ Mono
ATAGGTACACGAATTT-14-s3d10,CD16+ Mono
AGTTGGCGTTCAAGAT-14-s3d10,CD14+ Mono
TTGGCTTGTTAACGGC-14-s3d10,CD14+ Mono
AGGATATAGTAAAGGT-14-s3d10,Erythroblast
CATTGCGAGCTTCCCG-14-s3d10,G/M prog
CCTATTTAGCGCATTG-14-s3d10,pDC
CCCAGTTTCATGTTTC-14-s3d10,HSC
TGTGGCTCATTAAGCT-14-s3d10,HSC
TCAGGTCCAGGCATGA-14-s3d10,CD14+ Mono
GGACAGCCAGGTTATT-14-s3d10,CD14+ Mono
AGGATATAGGCGCATC-14-s3d10,CD14+ Mono
TTGTGTGCAAAGCTAA-14-s3d10,Erythroblast
CCCGTTGTCATTGACA-14-s3d10,CD14+ Mono
ACCAGCTCAAAGCGGC-14-s3d10,CD14+ Mono
GTAATAGCAGGTTACC-14-s3d10,CD14+ Mono
TAGTCAATCTCACACC-14-s3d10,G/M prog
ACTATCCGTTACAAAC-14-s3d10,CD14+ Mono
CATGCAAGTATTGGAT-14-s3d10,Erythroblast
AGTAGCTTCGGTTACG-14-s3d10,G/M prog
AATTCGTCAGGCTGTT-14-s3d10,CD14+ Mono
TGTCAATCATTAAGCT-14-s3d10,pDC
ATTGAAGCAATGCGCT-14-s3d10,CD14+ Mono
ACCCGCTGTGCAATGC-14-s3d10,Erythroblast
GGTTCCCGTAGGATTT-14-s3d10,CD14+ Mono
ACGTACCCATAGCTGC-14-s3d10,CD14+ Mono
GGGTTTCCACCTAAGC-14-s3d10,MK/E prog
TTGGCGGGTTATCCTA-14-s3d10,HSC
TGGACTAGTGTCACGG-14-s3d10,pDC
GGAGTGAGTAACCACA-14-s3d10,Proerythroblast
AAGGTCAAGCCTGAGC-14-s3d10,CD14+ Mono
GACCTTTGTGCTAGAC-14-s3d10,HSC
ACCCGCTGTCATAACG-14-s3d10,CD14+ Mono
TTCCCGCCATCACAGC-14-s3d10,CD14+ Mono
GCCTGTGCATGCTTAG-14-s3d10,CD14+ Mono
GCGCGATTCGCACAAT-14-s3d10,Normoblast
CTGCTCCCACAATTAC-14-s3d10,Proerythroblast
ATGATGACATCTTGAG-14-s3d10,CD14+ Mono
TTATAGCCATCCAGGT-14-s3d10,Normoblast
CTCTAGCTCGCTAGTG-14-s3d10,CD16+ Mono
CATAAGCTCATTACGA-14-s3d10,Erythroblast
ATGTCAATCTTACTCG-14-s3d10,CD14+ Mono
TGTAACTCAGGGAGCT-14-s3d10,pDC
CCACAGGGTGGATGTC-14-s3d10,CD14+ Mono
GGCCGTTAGAGGCTAA-14-s3d10,CD14+ Mono
CGATATTCATAGGCGA-14-s3d10,G/M prog
CTATTCAGTTAGGACC-14-s3d10,MK/E prog
AGCATCCCAATCCCTT-14-s3d10,CD14+ Mono
GGGTTATTCATGGCTG-14-s3d10,Erythroblast
GTTACCTGTGGATTCA-14-s3d10,CD14+ Mono
AGCTTTAAGTCACGAT-14-s3d10,CD14+ Mono
CCTATTTAGGGATGAC-14-s3d10,CD14+ Mono
GCTGCACAGGCATTGT-14-s3d10,HSC
CAGGACCTCCGGTTAG-14-s3d10,HSC
CTTAGGAGTTGCGCGA-14-s3d10,pDC
ATGTAAGCAGGAACAT-14-s3d10,CD14+ Mono
CATAACGGTAGACAAA-14-s3d10,Erythroblast
CGTCAATAGTTCCCGT-14-s3d10,CD14+ Mono
GAGGTGAGTAGGATCC-14-s3d10,G/M prog
ATGTTGTCACAACCTA-14-s3d10,cDC2
CGTATTGCACTAGCGT-14-s3d10,CD14+ Mono
AATTGTGTCGTTATCT-14-s3d10,Erythroblast
GCCCAAATCTCACTCA-14-s3d10,CD14+ Mono
GAAGTATAGGCCTTAG-14-s3d10,CD14+ Mono
GGTTATGGTCGTTACT-14-s3d10,CD14+ Mono
AGGATGCAGGCCTGGT-14-s3d10,CD14+ Mono
GGCTCACAGACAGGTA-14-s3d10,CD14+ Mono
TGGTCAAGTGTGAGGA-14-s3d10,Erythroblast
TGGCCTTTCGTAATCA-14-s3d10,Proerythroblast
GATGCAGCAGCAACCT-14-s3d10,Proerythroblast
GGAACCACAATAACCT-14-s3d10,CD14+ Mono
ACTCCTCAGACAAAGT-14-s3d10,HSC
ACCTGGATCCCTCATA-14-s3d10,Erythroblast
ACCAAGTTCTAGCTAA-14-s3d10,pDC
CCCTCAGTCTACCTGC-14-s3d10,G/M prog
GCTTTATTCTTGCTAT-14-s3d10,CD14+ Mono
TCGACAAGTTGAAGCC-14-s3d10,CD14+ Mono
TCCATGCTCCACCCTG-14-s3d10,CD14+ Mono
GATTATGTCTGGCAAT-14-s3d10,CD14+ Mono
GTTTCCTCATTGCAGC-14-s3d10,CD14+ Mono
ACAGGCTGTTCCGGCT-14-s3d10,CD14+ Mono
GTGCGGTTCGGCTAGC-14-s3d10,MK/E prog
CGCCTGTGTCCCGAAG-14-s3d10,CD14+ Mono
CTAAAGCTCAGCAAAG-14-s3d10,CD14+ Mono
ATGCTTAAGCCGCTAA-14-s3d10,CD14+ Mono
GCGGGTTTCATGGCTG-14-s3d10,Erythroblast
GTTACGCCAGCATGAG-14-s3d10,CD14+ Mono
GTTTCAGCAATGAAGC-14-s3d10,pDC
CCAAATCAGGACCTGC-14-s3d10,G/M prog
CAAAGTGAGGTGTCCA-14-s3d10,Proerythroblast
GTGATCAGTAAGCTCA-14-s3d10,Erythroblast
AGCGCCTAGTCGCTAG-14-s3d10,CD16+ Mono
TGCTGGATCGACCTGA-14-s3d10,CD14+ Mono
CGGACCTAGCGATACT-14-s3d10,pDC
TCTAGCCTCAAAGGCA-14-s3d10,Erythroblast
GTTCCCAGTAGTAAGA-14-s3d10,G/M prog
CGTGTTACAGAGGCTA-14-s3d10,CD14+ Mono
AGCTAACTCATAGCCG-14-s3d10,Normoblast
AAGACCAAGCAAACCT-14-s3d10,pDC
TGTGATCAGGTCCTAG-14-s3d10,Erythroblast
AATACCGGTTGGTTAG-14-s3d10,CD14+ Mono
ATTTGCGCAGAAACGT-14-s3d10,Proerythroblast
GCGTTTCTCGCTAGAT-14-s3d10,CD16+ Mono
ACCAAGCGTAATCGCA-14-s3d10,CD14+ Mono
CGGTTTGAGTTGGGCC-14-s3d10,G/M prog
TATGTGATCCAGGTCA-14-s3d10,Proerythroblast
GGTATTGGTTTAACGG-14-s3d10,CD14+ Mono
TACGTAATCCCATAGG-14-s3d10,pDC
GGCAGGATCGAGCAAA-14-s3d10,CD14+ Mono
AGGATGTCACGTTACA-14-s3d10,pDC
AGTGTTTCACGAATCC-14-s3d10,CD14+ Mono
GTTACCTGTAACCTAG-14-s3d10,CD14+ Mono
TACGCACCATTGTTGG-14-s3d10,Erythroblast
CTCGCTAGTATACTGG-14-s3d10,CD14+ Mono
CATAGACTCAATGTGC-14-s3d10,CD14+ Mono
GCGTAACGTTGTTGGA-14-s3d10,CD14+ Mono
AATATCCCACTTCATC-14-s3d10,CD14+ Mono
ACGGGAAGTGGATTAT-14-s3d10,CD14+ Mono
ACCAAACTCTTAGCCC-14-s3d10,pDC
TACATCAAGCTGGAAA-14-s3d10,CD14+ Mono
TTGGAGGCAGCTAACC-14-s3d10,CD14+ Mono
AGTCCTGAGCCAAATC-14-s3d10,CD14+ Mono
GGCTGAGAGTCAGGCC-14-s3d10,Erythroblast
TTCAGCACAAAGGCCA-14-s3d10,Erythroblast
AGCGTGCTCCGGGACT-14-s3d10,HSC
GCCAATAGTCCTTCTC-14-s3d10,G/M prog
GGTCAATTCTGTGAGT-14-s3d10,CD14+ Mono
CCGCAAGGTTCATTTG-14-s3d10,CD14+ Mono
CGTTAAATCCTACCTA-14-s3d10,G/M prog
GTCAGGCTCTCAATTC-14-s3d10,CD14+ Mono
TGCACCTTCGCTTGCT-14-s3d10,CD14+ Mono
CCTAAGTAGACCATAC-14-s3d10,pDC
AATCCCTGTTACTTCA-14-s3d10,CD14+ Mono
ATCAAGACATGTTGCA-14-s3d10,CD14+ Mono
TGGATTCAGAGCCGCT-14-s3d10,MK/E prog
GTCTTTAGTTGAGCCG-14-s3d10,CD14+ Mono
ATTCATGAGGTTAGAG-14-s3d10,HSC
TGGTCAAGTGTGTCCC-14-s3d10,CD14+ Mono
AACCTCCTCATGCTCC-14-s3d10,CD14+ Mono
GTTGGCCAGCCTTAAA-14-s3d10,CD14+ Mono
CCGCAAGGTCACACCC-14-s3d10,CD14+ Mono
AGTGCACGTTAGAGGG-14-s3d10,CD14+ Mono
CTTAATGAGACTTACA-14-s3d10,CD16+ Mono
TTCATCCCAAACTCAT-14-s3d10,Erythroblast
AAGTCTATCTAAGTGC-14-s3d10,CD14+ Mono
CTAATAGTCACCAATA-14-s3d10,CD14+ Mono
CTCAGGATCGGGACTC-14-s3d10,CD14+ Mono
GTGCGCAGTGTTAAAC-14-s3d10,pDC
CTGCTCCCACTGGCTG-14-s3d10,Normoblast
ACACAATGTTGAGCCG-14-s3d10,CD14+ Mono
CAAGGCTGTTCACCCA-14-s3d10,G/M prog
TGCTATGCATGTTTGG-14-s3d10,G/M prog
GGTCTTTGTCAGGAAG-14-s3d10,Erythroblast
TCAGTAATCAACAAGG-14-s3d10,Erythroblast
CGTTAGTAGCCTGGTA-14-s3d10,CD14+ Mono
ACGAAGTCACAAACTT-14-s3d10,pDC
TCAGGAGCAGAGGGAG-14-s3d10,CD14+ Mono
AACAAGCCAAGGTACG-14-s3d10,CD14+ Mono
TCCATATTCACAGGAA-14-s3d10,HSC
GGAACCACACGAACAG-14-s3d10,CD14+ Mono
CACTTTGTCGTTAACA-14-s3d10,cDC2
TAGCTAGGTTAGAGGG-14-s3d10,CD14+ Mono
TGTGATCAGTTATCCT-14-s3d10,CD14+ Mono
TGATCACAGACTTATG-14-s3d10,CD14+ Mono
GGTCCGTAGTTTGGTA-14-s3d10,Erythroblast
CTCCGGACAGCAAGAT-14-s3d10,CD14+ Mono
GCAGGTGAGCTATTGA-14-s3d10,pDC
CGGAATCGTTCCTGTG-14-s3d10,CD16+ Mono
AATCCATCAATCGCAC-14-s3d10,CD14+ Mono
TGAGTTTCACTTCATC-14-s3d10,CD14+ Mono
ATGACAACACATTGCA-14-s3d10,CD16+ Mono
ATTGGCTAGCATGGTT-14-s3d10,CD14+ Mono
GGCGATACACAATGTT-14-s3d10,CD16+ Mono
GATGCTTAGCCTGAGC-14-s3d10,G/M prog
GCTTAAATCTAAGTCA-14-s3d10,CD14+ Mono
TTAGTCAAGCATGACT-14-s3d10,pDC
TGTTATGAGTACTGGT-14-s3d10,CD14+ Mono
CGAAGTAAGTCGCTAG-14-s3d10,G/M prog
TAGGCTAGTTGACTTC-14-s3d10,Proerythroblast
GGTTGCTCAATATACC-14-s3d10,CD14+ Mono
AGCTTAATCGAGGAGT-14-s3d10,HSC
TGTAAAGCAAGGGTTG-14-s3d10,Erythroblast
CCGCTAAAGCAAGGTA-14-s3d10,CD14+ Mono
CAATGACTCCTAAGGT-14-s3d10,MK/E prog
TATATCCTCGTTACTT-14-s3d10,pDC
GCAGGTTGTAGTTGGC-14-s3d10,CD16+ Mono
TGTCAGTAGCCTTAAA-14-s3d10,CD14+ Mono
TATTAGCCAATTAACC-14-s3d10,CD16+ Mono
TAAGTAGCACAAACTT-14-s3d10,CD14+ Mono
CGCCTGTGTCTCAGCC-14-s3d10,HSC
GCAACAGCAAACCCTA-14-s3d10,MK/E prog
GCGCGATTCAATCTCT-14-s3d10,CD14+ Mono
CAAACCGTCATGAAGG-14-s3d10,CD14+ Mono
AAACCGCGTAAGCTTG-14-s3d10,CD14+ Mono
TGAAGTGAGGTCATTA-14-s3d10,G/M prog
TATGGGCGTTTGCGCC-14-s3d10,CD14+ Mono
CTCGCTAGTGGTTCTT-14-s3d10,CD14+ Mono
GAGCTAGCAGTTTGTG-14-s3d10,CD14+ Mono
TGTCAGTAGAGGAAGG-14-s3d10,pDC
TTGTCCCAGCAGCTAT-14-s3d10,CD14+ Mono
CGATTCCTCCAACTGG-14-s3d10,Erythroblast
TATAGCCAGAGGAGTC-14-s3d10,HSC
CTTAGGAGTGCTCCAC-14-s3d10,Erythroblast
GAGGTACAGCTAATTG-14-s3d10,G/M prog
GCACATTAGCAACATC-14-s3d10,CD14+ Mono
ACTCGCTTCGGGACTC-14-s3d10,CD16+ Mono
GTCTAACAGACTATTG-14-s3d10,G/M prog
TCGCGCACAGCTCAAC-14-s3d10,CD14+ Mono
GATCCGTCAGGAACTG-14-s3d10,pDC
GTAAAGCCATTGCGGT-14-s3d10,CD16+ Mono
TTCCACGGTAGTAAGA-14-s3d10,CD14+ Mono
TACCTTTAGCGCAATT-14-s3d10,CD14+ Mono
TCCCTCACATCGTTCT-14-s3d10,G/M prog
GCACTTACAGGACCTT-14-s3d10,CD16+ Mono
ATTACTGAGCGCATTG-14-s3d10,G/M prog
ATTGTCCGTTATGTGG-14-s3d10,CD14+ Mono
GCCTCAAAGTTAGACC-14-s3d10,MK/E prog
CGCTATGAGTCAGTAC-14-s3d10,CD14+ Mono
ACGAACAAGGGTCTAT-14-s3d10,HSC
GGACTAAAGGATAAAC-14-s3d10,Erythroblast
AGAACCGCAAAGCGGC-14-s3d10,CD14+ Mono
ATTGACTCACTAAATC-14-s3d10,CD14+ Mono
AGCACAGCAACAGGAT-14-s3d10,pDC
CCATCATGTTAGGTGC-14-s3d10,CD14+ Mono
GGGTTATTCTCACACC-14-s3d10,CD14+ Mono
TCATGCCTCAATCTAG-14-s3d10,CD14+ Mono
AAGACAAGTCAATAGT-14-s3d10,pDC
GCCACACAGGTCAAAG-14-s3d10,G/M prog
CGTTAACAGGCTATGT-14-s3d10,HSC
AGTTGCGTCGGGACCT-14-s3d10,CD14+ Mono
ATGTGAGAGCCTGATG-14-s3d10,G/M prog
ACCTCACTCAGCATTA-14-s3d10,Erythroblast
GATCAGTTCATCGTTT-14-s3d10,Erythroblast
CACTAGCCATCGTTCT-14-s3d10,pDC
CTCCGGACAAATTGCT-14-s3d10,CD14+ Mono
AGTCGCATCGAGCAAA-14-s3d10,Erythroblast
GGACTAAAGCTCAAAC-14-s3d10,CD14+ Mono
TCGCTAACACCAGGTT-14-s3d10,Erythroblast
AGTAACCTCTTAAGTG-14-s3d10,G/M prog
TGTAATGTCCTCACAC-14-s3d10,Erythroblast
AGGTCAAAGTCGCTAG-14-s3d10,CD14+ Mono
TGAAGCAAGGAAACTG-14-s3d10,CD14+ Mono
GTCGCAATCTGGCAAT-14-s3d10,Erythroblast
TGATGAACATCGTTCT-14-s3d10,Proerythroblast
CAAGTGAAGGAGTCGG-14-s3d10,CD14+ Mono
CGCTCCATCTTGACCC-14-s3d10,G/M prog
AAGGTATAGGCCTTAG-14-s3d10,CD14+ Mono
GGCCATCAGTTACCGG-14-s3d10,G/M prog
CGCTTCTAGGCAATAG-14-s3d10,CD14+ Mono
TCCAGGATCGGTTTCC-14-s3d10,G/M prog
CGGTAACGTTGGTTAG-14-s3d10,CD14+ Mono
GTCATGCCAATATGGA-14-s3d10,Erythroblast
TTGTTGTTCTGTTGCC-14-s3d10,CD14+ Mono
GCGGGTTTCCTTAAGA-14-s3d10,HSC
GAGAAACGTTAGTACG-14-s3d10,pDC
ATATGCATCTAATCAG-14-s3d10,G/M prog
GATTGGCGTTAAATGC-14-s3d10,G/M prog
AGGGCTACAGAGGGAG-14-s3d10,G/M prog
GGCTTAAGTTAGTACG-14-s3d10,HSC
CGAAGGCCACGAATTT-14-s3d10,G/M prog
CGACCTGCACCTCACC-14-s3d10,G/M prog
GTCAATATCTGTAAGC-14-s3d10,CD14+ Mono
TAGGTGCGTCAGTAAT-14-s3d10,HSC
TAGGCTAGTCCTAAGA-14-s3d10,G/M prog
AAGCGCTGTTATGTGG-14-s3d10,HSC
GCAAACCGTCAGGCAT-14-s3d10,CD14+ Mono
AAGCGAGGTTCCGGGA-14-s3d10,CD14+ Mono
CGTGCTTTCACCATTT-14-s3d10,CD14+ Mono
CAACTAATCGCTAGTG-14-s3d10,pDC
TATGTGATCCAAACAC-14-s3d10,CD14+ Mono
CTCACACTCTAACCTT-14-s3d10,HSC
GCGAGTGAGCCTGTGA-14-s3d10,Erythroblast
CAGGACACATAAGCAA-14-s3d10,pDC
AAGCTCCCAATATAGG-14-s3d10,Normoblast
AACTACTCAGCCAGAA-14-s3d10,CD14+ Mono
GTCATCCTCGCCTAAG-14-s3d10,G/M prog
TTTGGTAAGCTACTGG-14-s3d10,CD14+ Mono
AGCTAGTTCCCTCGCA-14-s3d10,HSC
GGAAACTCACAGCCTG-14-s3d10,CD16+ Mono
AAACCGAAGACTTATG-14-s3d10,pDC
TAGCTAGGTTAGGTGC-14-s3d10,G/M prog
CCGTTACTCCAAGTGT-14-s3d10,pDC
TACCTTAGTTCGCGCT-14-s3d10,CD16+ Mono
TATGTGATCTCGACCT-14-s3d10,G/M prog
GCTCTGGCAAGCCAGA-14-s3d10,CD14+ Mono
TACTCAAAGGTCCTAG-14-s3d10,Normoblast
GACCTAAGTTGCATCT-14-s3d10,CD14+ Mono
ACTATGTCAATTGACT-14-s3d10,CD14+ Mono
CGCATTACAGGCATGA-14-s3d10,CD14+ Mono
TTTGCGACATGAATAG-14-s3d10,Normoblast
TCCTTAGTCCTACCTA-14-s3d10,Erythroblast
TGTCAGTAGACTCGCA-14-s3d10,Normoblast
TCGTTAAAGCACTAAC-14-s3d10,G/M prog
CTAGCGGGTGATCAGC-14-s3d10,CD14+ Mono
TAGAGCCGTTCACTGT-14-s3d10,CD16+ Mono
TAATGCATCACTCGCT-14-s3d10,HSC
GCTTTGTGTTAGGTGC-14-s3d10,pDC
CTATGAGGTACCCACC-14-s3d10,Normoblast
GCCTGCTGTCAATACG-14-s3d10,pDC
GAGCAAATCCTAAGAC-14-s3d10,CD14+ Mono
GTTGCCCGTTAATGCG-14-s3d10,CD14+ Mono
GTAGGTGCAAGCTACC-14-s3d10,CD14+ Mono
GTCTAGCCAGGCTACT-14-s3d10,CD16+ Mono
GATGCAGCACGTAATT-14-s3d10,Normoblast
TCAGGTCCATTCCTGT-14-s3d10,HSC
CACCTCAGTCAACAAT-14-s3d10,HSC
AGGTTAACAATTGACT-14-s3d10,Erythroblast
GGCTATGTCCAAGTTA-14-s3d10,pDC
TTTGTCCCAAATACCT-14-s3d10,CD14+ Mono
ATTGGTTCATTCCTGT-14-s3d10,CD16+ Mono
GGTGAGTAGGGCTTAT-14-s3d10,CD14+ Mono
CCGCCAACATATTGAC-14-s3d10,HSC
ACGCTTGAGGCAAGTA-14-s3d10,CD14+ Mono
ACTAACGGTGATCAGC-14-s3d10,CD14+ Mono
CTGGTTTGTTAGGACC-14-s3d10,pDC
GGCCTCTGTTTAGCTC-14-s3d10,pDC
GGATGGCCAATATGGA-14-s3d10,HSC
CCGTGCTGTGCGCGTA-14-s3d10,CD14+ Mono
CTATGTTTCATGCTCC-14-s3d10,HSC
AGGTACGCATATAACC-14-s3d10,Erythroblast
TGATTGCAGAATCTCA-14-s3d10,CD14+ Mono
CCATAGCCACGGTACT-14-s3d10,CD14+ Mono
CTAAATGTCAGGTCCA-14-s3d10,pDC
AAACCAACACCTGCTC-14-s3d10,HSC
CAAATCATCTAAATCG-14-s3d10,CD14+ Mono
CCGCAAGGTACCTTAC-14-s3d10,G/M prog
TTAGCAATCAAGCGCC-14-s3d10,G/M prog
GTTTAGCAGCTGTACG-14-s3d10,Normoblast
GCGAAGCCACTGACTA-14-s3d10,CD14+ Mono
CAGCATGTCGAAGTAG-14-s3d10,CD14+ Mono
GTCATCACACAATGCC-14-s3d10,CD14+ Mono
AATATCCCAGGTTAAA-14-s3d10,CD14+ Mono
TGCTTTAGTGTTTGAG-14-s3d10,Erythroblast
TGCTCACTCACGAATC-14-s3d10,CD14+ Mono
GCAATGTTCAATCATG-14-s3d10,HSC
CTCATTTAGTATTGGC-14-s3d10,G/M prog
AGTGAACCAGTTAAAG-14-s3d10,CD14+ Mono
TTTAGCTTCGGTCAGC-14-s3d10,Normoblast
AAACCAACATTGACAT-14-s3d10,HSC
AATAACCGTATTACCC-14-s3d10,Erythroblast
CGAAATGAGGCAAGTA-14-s3d10,cDC2
CTACGAAGTTCCGCAC-14-s3d10,Erythroblast
CCCGCTTCACCTAAGC-14-s3d10,pDC
AGGTCATTCATTGTTC-14-s3d10,CD14+ Mono
GACGCAACATGTCGCG-14-s3d10,CD14+ Mono
ACTTAGTCAATATGGA-14-s3d10,pDC
CTCCTCACATAGCGAG-14-s3d10,G/M prog
GAACACAAGCGAGCGA-14-s3d10,CD14+ Mono
TGTTGCACACAGGATG-14-s3d10,Normoblast
GCCCGTTGTATTGGAT-14-s3d10,CD14+ Mono
AATTAGGCAAGGACCA-14-s3d10,CD16+ Mono
TCATTGCGTGCCTCAC-14-s3d10,G/M prog
ATTGACTCAGGCTACT-14-s3d10,CD14+ Mono
TCCGCCATCGAGGTGG-14-s3d10,CD14+ Mono
TCCGGTTTCGCATCCT-14-s3d10,CD14+ Mono
CTATGATCAACGTGCT-14-s3d10,CD14+ Mono
GGCATTAGTACTTAGG-14-s3d10,Erythroblast
CTTAGTTTCGCTCACT-14-s3d10,pDC
ACGCCTTTCGGCCAGT-14-s3d10,Erythroblast
GTTACAGGTGAGAAAC-14-s3d10,CD14+ Mono
AAAGCCGCAGCAACCT-14-s3d10,Erythroblast
TAAAGCCTCGTTAGTA-14-s3d10,pDC
TTTCCGGGTCACAAAT-14-s3d10,CD16+ Mono
CAGATTCAGGCGAATA-14-s3d10,CD14+ Mono
CTCCGTCCAGTTGCGT-14-s3d10,CD14+ Mono
GCCCATAAGAAAGCAT-14-s3d10,Proerythroblast
CAGGGTGAGCTGGCTA-14-s3d10,HSC
TCAGTAATCCGTGACA-14-s3d10,G/M prog
TTATCCTAGCAAGACA-14-s3d10,CD14+ Mono
GAAAGGCTCAGAAACG-14-s3d10,CD14+ Mono
AAGTTAGCATAGCTGC-14-s3d10,HSC
TCAAGGTTCATGGTTA-14-s3d10,Erythroblast
TCTCAATTCTGTTCAT-14-s3d10,pDC
AACTACTCATAGCAGG-14-s3d10,CD14+ Mono
AGCCAGTGTAGGATCC-14-s3d10,Normoblast
TTGCCCGTCCTAGTAA-14-s3d10,CD14+ Mono
AGTAGGATCTGCAACG-14-s3d10,CD14+ Mono
AGAAACCCATGAGCAG-14-s3d10,Erythroblast
AAGTTTGTCGCCTGTT-14-s3d10,CD14+ Mono
CCTCCTGAGGGCTTTG-14-s3d10,CD14+ Mono
CAACAATGTTAATGCG-14-s3d10,CD16+ Mono
CGAGCTGGTCTTTATG-14-s3d10,pDC
ACAACAGAGAGAGGCT-14-s3d10,CD14+ Mono
ATGAAGCCATGTTTGG-14-s3d10,CD14+ Mono
TGGCCTTTCGATTTAG-14-s3d10,Erythroblast
CCTGAGTCATCCCGCT-14-s3d10,G/M prog
AGTGCACGTTAAGCGC-14-s3d10,CD14+ Mono
GCGCTTAAGCGATAAG-14-s3d10,CD16+ Mono
CTTGCAACAACTCGCG-14-s3d10,CD14+ Mono
CCACTTGGTGCCTCAC-14-s3d10,cDC2
GTGGACACAACTGGGA-14-s3d10,HSC
TGAGCAAAGCCTGGTA-14-s3d10,MK/E prog
GGCGTTATCCGCACAA-14-s3d10,cDC2
GCATGAGCACATTAAC-14-s3d10,MK/E prog
ACGGTTTAGGACCTTG-14-s3d10,CD14+ Mono
CCAACATAGGACCTGC-14-s3d10,G/M prog
TATGGTCAGTTTCCGC-14-s3d10,G/M prog
ACCGGTTCATTCAGCA-14-s3d10,G/M prog
ACGCCACAGTAACCCG-14-s3d10,CD14+ Mono
GTGTTACAGCCGGTAC-14-s3d10,CD14+ Mono
CCACATTGTCAAGTAT-14-s3d10,pDC
GTGGCTTCAAGGTGGC-14-s3d10,HSC
TAGGTTGGTGCGCGTA-14-s3d10,CD14+ Mono
TTGCACACAGGCTAAG-14-s3d10,HSC
GTCTAATCAGGCTAAG-14-s3d10,CD14+ Mono
TCCGCCATCCATAAGC-14-s3d10,CD14+ Mono
ATCATGTCATGCTTAG-14-s3d10,pDC
CTCACTCAGTTGTCTT-14-s3d10,CD14+ Mono
CTCATTAGTCCTTCTC-14-s3d10,CD14+ Mono
GCTATCCTCTTAGTGA-14-s3d10,CD14+ Mono
CCAAACCCAATTGAAG-14-s3d10,G/M prog
TACCCGGCAAACATAG-14-s3d10,MK/E prog
TTTCATCAGCCTTAAA-14-s3d10,HSC
ACAGCCGGTCCAAATG-14-s3d10,pDC
TCAGTGAGTTATAGCG-14-s3d10,G/M prog
ACCAAGCGTTTAGCTC-14-s3d10,G/M prog
CTTCGCGTCCAAATCA-14-s3d10,CD14+ Mono
GTTACGCCATCATGTG-14-s3d10,G/M prog
TTTAACGAGGGATGAC-14-s3d10,G/M prog
CTAGTCGAGTACCGCA-14-s3d10,Erythroblast
GAAGTGATCCCTCTAA-14-s3d10,Proerythroblast
GATCGATTCGATCAGT-14-s3d10,MK/E prog
CCCAACCGTCTAACCT-14-s3d10,CD14+ Mono
CCTACTGGTTACTTCA-14-s3d10,HSC
TGATCACAGCCGCAGT-14-s3d10,pDC
GAGCTTAGTGGTTATG-14-s3d10,pDC
GTGCTCAAGAGAAGGG-14-s3d10,pDC
GGCCTCTGTCATTAGG-14-s3d10,CD14+ Mono
TCCATCATCCTCACAC-14-s3d10,HSC
CATAGGCGTAGTTAAC-14-s3d10,G/M prog
ATAAGTCGTTTATTCG-14-s3d10,CD14+ Mono
TTAACCAAGCTTAGTA-14-s3d10,pDC
AAGTTACGTTCAAGAT-14-s3d10,CD14+ Mono
CCTAATAAGCAACATC-14-s3d10,CD14+ Mono
TCTGTGACACTATGGC-14-s3d10,HSC
GTCCAAGTCCCGCATT-14-s3d10,CD14+ Mono
AGATGCTTCGTCAAGT-14-s3d10,CD14+ Mono
ATGACAACATGAGTTT-14-s3d10,CD14+ Mono
GCTGAGGAGTCGCAAT-14-s3d10,pDC
TCCCGTTAGGCGGATG-14-s3d10,CD16+ Mono
CTACCTCAGGAGGACT-14-s3d10,HSC
CGCACACAGCTTTGTT-14-s3d10,Erythroblast
AGCAATTGTTATTGCC-14-s3d10,Erythroblast
GGCTATGTCCCTCAGT-14-s3d10,pDC
ATCAATCCAATTGAGA-14-s3d10,CD14+ Mono
GCTCACAAGTCACGAT-14-s3d10,CD14+ Mono
GGATGGCCAGTCTATG-14-s3d10,G/M prog
AGGAACCAGCGCCTTT-14-s3d10,CD14+ Mono
TGAGGGAGTTGCGCGA-14-s3d10,CD16+ Mono
ATGGACAAGAGAGCCG-14-s3d10,pDC
AGTAAGTAGGAAGCAC-14-s3d10,CD14+ Mono
GAACTTATCCATTACT-14-s3d10,CD14+ Mono
CAATCTAAGGAGGGTT-14-s3d10,Erythroblast
TCTTTGTAGCTTAGCG-14-s3d10,Erythroblast
TATTTGGAGAGAGGAG-14-s3d10,CD14+ Mono
GATTACGGTTAGGTTG-14-s3d10,Erythroblast
CGATCCTTCCATCAGG-14-s3d10,CD14+ Mono
ACAAAGGTCGCTCCAT-14-s3d10,CD14+ Mono
GTTAGACTCGCTATAA-14-s3d10,Erythroblast
CCTACTTCACATAACT-14-s3d10,CD14+ Mono
ACCACATAGTAGCCAT-14-s3d10,HSC
ATGCGATTCAGGAACA-14-s3d10,pDC
GATGCAGCAGTTTCTC-14-s3d10,CD14+ Mono
CCAAACCCACAGACTC-14-s3d10,CD16+ Mono
GCCGTGAGTGATTACG-14-s3d10,G/M prog
TATCCGGAGTGACCTG-14-s3d10,G/M prog
GAAACCCGTTGTTCAC-14-s3d10,HSC
CTGGCTAAGGAACACA-14-s3d10,HSC
GGGCATGAGCCTGAGC-14-s3d10,G/M prog
AACATCATCAAGTGAG-14-s3d10,MK/E prog
ATGAGCCGTAATCGGC-14-s3d10,CD14+ Mono
GCAGGCTTCTACCTGC-14-s3d10,Erythroblast
AGCGGACCATGTTTGG-14-s3d10,G/M prog
ATTCCTCCACCGGCTA-14-s3d10,Proerythroblast
CGAAGCCTCCTTAGTT-14-s3d10,pDC
GTGAGGAGTCTAACAG-14-s3d10,CD14+ Mono
AAGACCAAGCGGGCAA-14-s3d10,CD14+ Mono
CTAATCGCAATATGGA-14-s3d10,CD14+ Mono
GAAGGCTAGGCCTAAT-14-s3d10,MK/E prog
ATGTTCAAGTAACAGG-14-s3d10,CD14+ Mono
TAGGAGTCAACTAGCC-14-s3d10,pDC
CGAGGTGAGGAGGCAT-14-s3d10,CD14+ Mono
GACCTGATCCTCCCTC-14-s3d10,CD14+ Mono
GTCCTCAGTTTCCTCC-14-s3d10,CD14+ Mono
GAAGGCCCAGTTTGTG-14-s3d10,CD14+ Mono
TCTTAGTTCTGGCATG-14-s3d10,CD14+ Mono
GTATGTTCATTGACAT-14-s3d10,CD16+ Mono
GGAATCTTCGAAGCGG-14-s3d10,G/M prog
GATCAGTTCTAAGTGC-14-s3d10,G/M prog
AAACGTACAAGCTTTG-14-s3d10,CD14+ Mono
TTAGCAATCGCACAAT-14-s3d10,G/M prog
CAGGTTTAGGTGAGAC-14-s3d10,Erythroblast
GTGCTTACAGGACCTT-14-s3d10,HSC
GCTCGATCATTATGAC-14-s3d10,Normoblast
TGATCACAGTATTGTG-14-s3d10,pDC
CGCAATTAGGTTAGAG-14-s3d10,pDC
GGAAACTCAAATATCC-14-s3d10,CD14+ Mono
CGTGTGTCAGTTTGTG-14-s3d10,CD14+ Mono
ACTGAAACAAACCCTA-14-s3d10,Erythroblast
CTCGCTAGTGGGAACA-14-s3d10,CD14+ Mono
GACGCAACAACACTTG-14-s3d10,Proerythroblast
TAAACAGCATAATCGT-14-s3d10,HSC
TCTTTGTAGACAAAGT-14-s3d10,HSC
AGGTAACCAATTAGCT-14-s3d10,pDC
CTATGATCACCTATAG-14-s3d10,CD14+ Mono
CGATTCCTCAGGAAGC-14-s3d10,G/M prog
CGGTTTGAGATAGACG-14-s3d10,CD14+ Mono
GTCTTTGTCTAAATCG-14-s3d10,cDC2
CCAACATAGCCTTAAA-14-s3d10,CD14+ Mono
ATGCTTAAGAAGCTAG-14-s3d10,cDC2
CACTTAAAGGCATTGT-14-s3d10,CD16+ Mono
CCTGTATGTTAATGAC-14-s3d10,CD14+ Mono
CAGCCTTTCGGTTACG-14-s3d10,G/M prog
GATTGCAGTCACACCC-14-s3d10,Erythroblast
GCACGCTAGCGAAGTA-14-s3d10,Erythroblast
AAACATGCATAGACCC-14-s3d10,CD14+ Mono
ATGGACAAGTTCCTGC-14-s3d10,CD14+ Mono
GATTGTTCAATCATGT-14-s3d10,CD14+ Mono
AACTAGCTCCTTAATC-14-s3d10,cDC2
CGAAGAATCTAAGGTC-14-s3d10,CD14+ Mono
CGCACCACATAATCGT-14-s3d10,CD14+ Mono
GGATGGCCAGATAGAC-14-s3d10,cDC2
CACTGACCAATCCTAG-14-s3d10,pDC
CGGATAAAGTTAGGCT-14-s3d10,G/M prog
AGCTTGGTCCTCAGCT-14-s3d10,CD14+ Mono
CCTTCAGGTCGCAATA-14-s3d10,HSC
GTGCATTAGCTATATG-14-s3d10,CD14+ Mono
TGTAAAGCACGTTACA-14-s3d10,G/M prog
GACGCCTAGGACAATG-14-s3d10,CD14+ Mono
GTTCTTGTCGATTCTT-14-s3d10,CD14+ Mono
TTTGCGGAGTGGACAA-14-s3d10,pDC
GGTTGCGGTAGCTGCG-14-s3d10,CD14+ Mono
GTTCCTGGTTGAGGTC-14-s3d10,Erythroblast
GCACGGTTCAATCATG-14-s3d10,Erythroblast
GCTAGTGTCATGCTCC-14-s3d10,CD14+ Mono
GGCTCAATCTGCAAAC-14-s3d10,CD14+ Mono
AACAGCAAGTTGGCCA-14-s3d10,CD14+ Mono
GCCTGACAGTCTCACC-14-s3d10,CD14+ Mono
TGGAACAAGGCTGGCT-14-s3d10,CD14+ Mono
GTCAATATCATTGTTC-14-s3d10,pDC
TGAGGAGGTCAATGTG-14-s3d10,CD14+ Mono
CTATAACCAACAGCCT-14-s3d10,G/M prog
AACTGTTCACAGCCTG-14-s3d10,CD14+ Mono
TGATCAATCGGTAACT-14-s3d10,pDC
AAGCCTTAGTTGGGCC-14-s3d10,CD14+ Mono
GTCATCCTCGTTAACA-14-s3d10,pDC
AACTAGTGTCATAGAT-14-s3d10,Normoblast
CCAACCCGTTAGAGGG-14-s3d10,MK/E prog
CAGGACACAATAGCCC-14-s3d10,Normoblast
GAGGTTAAGCTATATG-14-s3d10,Proerythroblast
TATCACAAGCAAGGGT-14-s3d10,G/M prog
CAAGGCCTCAGCACGC-14-s3d10,CD16+ Mono
ATAGCATGTGGATTAT-14-s3d10,G/M prog
CAACTAGGTGGAAACG-14-s3d10,Erythroblast
GACTCACCATTGTGTG-14-s3d10,Proerythroblast
CTTTGTCCAAAGCTCC-14-s3d10,G/M prog
CTACTAAAGCGAGCGA-14-s3d10,G/M prog
TCGTTATTCCCTCTAA-14-s3d10,CD16+ Mono
AGTTGCGTCCTAAGGT-14-s3d10,CD16+ Mono
CCATCATGTATTGAGT-14-s3d10,CD16+ Mono
GTTCTCATCATCCTCA-14-s3d10,CD14+ Mono
GTCATCACATCGCTCC-14-s3d10,CD14+ Mono
AATTGCTCAAACCTAT-14-s3d10,Proerythroblast
AGGAGCTAGTCACTAA-14-s3d10,CD14+ Mono
ACACTAATCGGTCATG-14-s3d10,CD16+ Mono
GTCAAACTCCACCCTG-14-s3d10,G/M prog
TTCAGTTTCATAACTG-14-s3d10,CD14+ Mono
GAGTGTTTCATGCAAC-14-s3d10,CD14+ Mono
ACACTTAAGGAAGCAC-14-s3d10,pDC
CATCCCAGTTTCAGGA-14-s3d10,HSC
GGTGTCCAGTGTTGCG-14-s3d10,G/M prog
ATTACCGCATTAGGCC-14-s3d10,CD14+ Mono
ACCAAGTTCCCGAACA-14-s3d10,CD16+ Mono
AGCCTGGGTTACTAGG-14-s3d10,Erythroblast
AGGTTTATCACTAGGT-14-s3d10,CD14+ Mono
CTACTAAAGGAGTCGG-14-s3d10,CD14+ Mono
CGAGCGAAGTTCCTGC-14-s3d10,CD14+ Mono
AAGTGAAGTTCTTTAG-14-s3d10,HSC
TTTCTCACAATATGGA-14-s3d10,G/M prog
AGCGTGCTCTTGCAGG-14-s3d10,CD14+ Mono
CAAGAACCAACAGGAT-14-s3d10,cDC2
TTTGCGGAGTTGTCTT-14-s3d10,Erythroblast
GAGCGATAGGATCCGC-14-s3d10,CD14+ Mono
TCGCTAACACTAAATC-14-s3d10,CD16+ Mono
CCTAAATCAGCCAGAA-14-s3d10,CD16+ Mono
GAGGTGAGTTTCAGGA-14-s3d10,Erythroblast
TCCTAGTGTCACAGAC-14-s3d10,CD14+ Mono
TGAAGGATCACGCCAA-14-s3d10,CD14+ Mono
CATCGCTTCCCTCTAA-14-s3d10,CD14+ Mono
GTCATTAAGGCACAGG-14-s3d10,Normoblast
GCCACTAAGGCGGATG-14-s3d10,CD14+ Mono
CTGAATATCTACTAAG-14-s3d10,CD14+ Mono
GCTAAGTTCGACCTGA-14-s3d10,CD14+ Mono
TTGATGTCACAGGGAC-14-s3d10,CD14+ Mono
CCATCATGTTGTCATC-14-s3d10,HSC
TGTTGCACAACTGGGA-14-s3d10,MK/E prog
CTGTACCTCAGCAAAG-14-s3d10,CD14+ Mono
TTCATCCCATTTGCTC-14-s3d10,Proerythroblast
GTGATGAAGTTGCCTC-14-s3d10,pDC
TCTAATCTCCCGCAAA-14-s3d10,Proerythroblast
AGCTAAACAACCCTAA-14-s3d10,CD14+ Mono
ACAGGAATCGTCATTT-14-s3d10,Erythroblast
TAATTGCCAACAGGTG-14-s3d10,G/M prog
GACATTATCCTTGAGG-14-s3d10,cDC2
CCAAACCCACATTAAC-14-s3d10,HSC
CGTTGCGCACCCACAG-14-s3d10,HSC
CCGATGCAGCCACAAT-14-s3d10,Erythroblast
ACTATGTCAAGGACCA-14-s3d10,CD14+ Mono
GAGGCTTGTTAACACG-14-s3d10,G/M prog
ATCCTGACAGGCCAAA-14-s3d10,G/M prog
ACCGCAATCACGCATG-14-s3d10,CD14+ Mono
TCATCCATCCTACCTA-14-s3d10,G/M prog
AAAGCCGCAGAGGGAG-14-s3d10,CD14+ Mono
GGGCGAATCTTAGCCC-14-s3d10,G/M prog
GCAGGTTGTGAGGTGA-14-s3d10,G/M prog
ACTGAATGTGATTACG-14-s3d10,CD14+ Mono
GGGCGAATCGGTTTCC-14-s3d10,HSC
ACCACACCACATACTG-14-s3d10,pDC
CCCAACCGTTCAAGAT-14-s3d10,CD14+ Mono
GGTTGCATCACCATTT-14-s3d10,CD14+ Mono
GTTTGTTTCGTTAGTA-14-s3d10,CD14+ Mono
CGATTGAGTTTATTCG-14-s3d10,CD14+ Mono
TACGCACCATAGCTTG-14-s3d10,CD14+ Mono
TTAAGTGTCAGTGAAG-14-s3d10,CD14+ Mono
CCTATTGTCACCTGTC-14-s3d10,Erythroblast
TCGTTAAAGGACTTAC-14-s3d10,CD14+ Mono
CGAGTCGGTTAGCATG-14-s3d10,CD14+ Mono
CCTTCGGTCGCCTAAG-14-s3d10,Erythroblast
CCTTCAATCCAAGTTA-14-s3d10,CD14+ Mono
AGAGATTAGTTGCCTC-14-s3d10,HSC
TTAGCAATCAATCATG-14-s3d10,pDC
GCTAACAGTCATTACC-14-s3d10,HSC
CTGCTCCCAATTGAAG-14-s3d10,pDC
GCAAACAAGGGCTTTG-14-s3d10,HSC
CTAAAGCTCTAGCTTT-14-s3d10,CD16+ Mono
ACCTTGCTCCTGATTT-14-s3d10,CD14+ Mono
TGTTCCTCAGCTCAAC-14-s3d10,HSC
ATAAGCCTCAGGTCCA-14-s3d10,Proerythroblast
TGACTTAAGCCTCTCG-14-s3d10,CD16+ Mono
GGGCTAACACAATGTT-14-s3d10,CD14+ Mono
GGATTCAGTTACCGGG-14-s3d10,pDC
GTCATGAGTGCATCGG-14-s3d10,CD14+ Mono
GGAAGCTAGGAGGACT-14-s3d10,CD14+ Mono
GTACCGGGTGGGAACA-14-s3d10,G/M prog
ACTTATGAGCCTGTTC-14-s3d10,pDC
GTCGAGGAGCTGAGGG-14-s3d10,CD14+ Mono
GTGGTTAGTTAGGCTA-14-s3d10,CD14+ Mono
GTGCTGGGTTACAAAC-14-s3d10,CD14+ Mono
GTGCGGTTCGTTAAGC-14-s3d10,CD14+ Mono
ACTCGCTTCATCAGTA-14-s3d10,Erythroblast
ATGCGATTCCCAGTAG-14-s3d10,Erythroblast
ACCAGGCTCAGAAACG-14-s3d10,CD16+ Mono
CAAGGCCTCATGGTTA-14-s3d10,pDC
ATGGCCGGTGGTTCTT-14-s3d10,CD14+ Mono
GTAGGAGGTATTACCC-14-s3d10,HSC
ATTACCGCAATTGACT-14-s3d10,pDC
TGAGGGCCACCTGTAA-14-s3d10,pDC
CGCCTCATCAACAAGG-14-s3d10,CD14+ Mono
TGCTCAACATCGTTCT-14-s3d10,MK/E prog
ACCGCAATCCCTCTAA-14-s3d10,CD14+ Mono
CGGAGCAAGTCACCTC-14-s3d10,HSC
TCGTTAAAGCTCGCTT-14-s3d10,Proerythroblast
CTGAATATCCCTGTTA-14-s3d10,CD14+ Mono
AGTAACGAGTATCGCG-14-s3d10,Erythroblast
GAGCTTGTCCGCCAAA-14-s3d10,pDC
GTGTTCCTCGGGACTC-14-s3d10,CD14+ Mono
CATGCGCAGCGATAAG-14-s3d10,pDC
CGGGCTTAGGTCGAGG-14-s3d10,CD14+ Mono
GGACGAAGTGATGATT-14-s3d10,CD14+ Mono
TCGTCAACATCATGGC-14-s3d10,CD14+ Mono
CTAGGCGGTGGGAACA-14-s3d10,CD16+ Mono
GGGCGAATCATAACCA-14-s3d10,CD14+ Mono
CTCTAGCTCGAGCAAA-14-s3d10,G/M prog
TGTGGCGGTTAACGAT-14-s3d10,G/M prog
CGAGCTGGTCTTACTA-14-s3d10,Erythroblast
GTTCGCTTCATCCTGC-14-s3d10,pDC
ATTGAAGCACCCACAG-14-s3d10,CD14+ Mono
AGGTTAGAGCTTAGCG-14-s3d10,pDC
CGTCAATAGTCTGGGC-14-s3d10,pDC
TCTCCTCGTTCCGCAC-14-s3d10,Erythroblast
TGCTCAACAACCTAAT-14-s3d10,CD14+ Mono
AGTCAATGTTAGTGAT-14-s3d10,CD14+ Mono
AGGTATTGTGGGTACT-14-s3d10,CD16+ Mono
TTTACGAAGACAACGA-14-s3d10,pDC
ACGCCTAAGGAGGACT-14-s3d10,CD14+ Mono
ATTTAGCCACGGTTTA-14-s3d10,CD16+ Mono
ATTGCTCGTTCGGTAA-14-s3d10,HSC
TGGCTAAGTTGCTTCG-14-s3d10,MK/E prog
TTAGGCCCAATGAGGT-14-s3d10,CD14+ Mono
GTATCGCCAGCAAATA-14-s3d10,CD14+ Mono
TGGTGATTCAGCTAAC-14-s3d10,pDC
CAATGCCCAGATTCAT-14-s3d10,CD14+ Mono
TTCATTCAGGAGCACG-14-s3d10,Normoblast
GCTATTGCAGGCCATT-14-s3d10,pDC
AAACCGAAGCGAGTAA-14-s3d10,cDC2
AGTTACATCGCCTAAG-14-s3d10,Proerythroblast
ACCAAACTCATTGCAA-14-s3d10,Erythroblast
TGGTTGAGTTGAGCCG-14-s3d10,CD14+ Mono
TTATTGCTCGATTTAG-14-s3d10,CD14+ Mono
AGAGATTAGCCTTAAA-14-s3d10,Normoblast
TATGGGCGTGGCTTCC-14-s3d10,G/M prog
GGCTGTCAGGCGCACT-14-s3d10,CD14+ Mono
CTGTATTTCCAAATCA-14-s3d10,CD14+ Mono
ATGACCAGTTGGTTAG-14-s3d10,CD14+ Mono
CTGCAATAGGACCTGC-14-s3d10,pDC
GTCATCACAACACCTA-14-s3d10,cDC2
CGTTAAATCAGGCCTA-14-s3d10,MK/E prog
CCCGTTGTCCCTCAGT-14-s3d10,Erythroblast
AACAAGCCATGTTGTG-14-s3d10,CD14+ Mono
AGGTAACCATTGTCCT-14-s3d10,G/M prog
CAAGAACCAACCTAAT-14-s3d10,Normoblast
TGGCCATCAATCCTGA-14-s3d10,MK/E prog
CTCCAACTCCCTGGAA-14-s3d10,CD14+ Mono
ACCAAGCGTTAGTACG-14-s3d10,CD14+ Mono
TTGGGTTAGCAGGTTT-14-s3d10,CD14+ Mono
TGTCCTGGTCATTACC-14-s3d10,CD16+ Mono
AATATCCCAAGACTCC-14-s3d10,CD14+ Mono
CCCTTAATCACTTTAC-14-s3d10,CD14+ Mono
ACACGGACAATAACCT-14-s3d10,G/M prog
GTGAATCTCCCTCAGT-14-s3d10,G/M prog
CCTAGTTGTAAGCTTG-14-s3d10,CD14+ Mono
CACTAGCCAACAGGTG-14-s3d10,cDC2
GACCTCAAGTAGGCGG-14-s3d10,pDC
TGACTCCTCACGTTAA-14-s3d10,G/M prog
GTGAATCTCCTCACTA-14-s3d10,CD14+ Mono
CTCACTCAGTTTAACG-14-s3d10,pDC
TTAAGGTGTAAGGTTT-14-s3d10,pDC
GAACCAGCATAATCGT-14-s3d10,G/M prog
GCCTGAGGTAACTACG-14-s3d10,pDC
GGCCTCTGTAGCCTAA-14-s3d10,Erythroblast
ACTCGCTTCATGGTGT-14-s3d10,CD14+ Mono
GACTATTCATGCTATG-14-s3d10,CD14+ Mono
CGGATAAAGTAGAGGC-14-s3d10,pDC
GCAAACAAGTTAGACC-14-s3d10,CD14+ Mono
CTACTAAAGTCATGCG-14-s3d10,CD14+ Mono
ATTACTGAGCAAGGGT-14-s3d10,CD14+ Mono
CTTATTGGTTCCGCAC-14-s3d10,CD16+ Mono
ATTAGCGGTTAACACG-14-s3d10,G/M prog
GTAAGGTCAGTTTGTG-14-s3d10,pDC
GGCGTTATCGCGCTAA-14-s3d10,CD14+ Mono
GTAAGCGCACTTGTTC-14-s3d10,pDC
AAAGCACCAGGGAGCT-14-s3d10,HSC
ATAGGTACACAACAGG-14-s3d10,CD14+ Mono
TCTTGTCCAGTAGGAT-14-s3d10,Proerythroblast
CAACTAGGTTTGGGCG-14-s3d10,Proerythroblast
TTAACTGAGATTGAGG-14-s3d10,CD14+ Mono
TGCTAACAGACACTTA-14-s3d10,CD14+ Mono
GTATGTTCAAGCGAGC-14-s3d10,CD14+ Mono
TGAACAACATTGTGTG-14-s3d10,G/M prog
TTGGATATCCCGTTAC-14-s3d10,CD14+ Mono
TCTCAAGCACAGCCAT-14-s3d10,CD14+ Mono
TCTAGCACACTTGTTC-14-s3d10,pDC
ATCATGTCATTAGGCC-14-s3d10,G/M prog
TTTACGCGTTGTTGTC-14-s3d10,CD14+ Mono
CCCAAATAGGATTGCT-14-s3d10,CD14+ Mono
AGCTACTAGTCATGCG-14-s3d10,HSC
CCACATTGTAATCGTG-14-s3d10,Erythroblast
CAGTACCCATAAGTCT-14-s3d10,CD14+ Mono
ATATGTCCAGCATGGA-14-s3d10,CD14+ Mono
TGAGCTTAGTAAGTGG-14-s3d10,MK/E prog
GAGTTGCGTCAAGTGC-14-s3d10,G/M prog
CTGGACCAGGGATTAG-14-s3d10,pDC
CTGGACCAGGTTAGCT-14-s3d10,CD14+ Mono
TGCTTGTGTAGGTTGC-14-s3d10,CD14+ Mono
TATAGCCAGGACTTAC-14-s3d10,HSC
ATGCCTGAGTTGCCTC-14-s3d10,CD14+ Mono
AAGCTAGAGCTCCTAC-14-s3d10,CD14+ Mono
CACATACAGCTCAAAC-14-s3d10,MK/E prog
TACTAAGTCATTGCGG-14-s3d10,CD14+ Mono
TTGCGAGTCGGGACCT-14-s3d10,CD14+ Mono
AGTAGGATCAACAAGG-14-s3d10,CD14+ Mono
CTAATCGCAGCTTAAT-14-s3d10,Erythroblast
GATTCAATCAGGGCCT-14-s3d10,pDC
TCAAGTATCATAACTG-14-s3d10,CD16+ Mono
CGTTTGGAGTAACAGG-14-s3d10,CD14+ Mono
GATCAGTTCGCAGGCT-14-s3d10,CD16+ Mono
ACACTAATCACAGACT-14-s3d10,CD14+ Mono
GTACTTAAGTTTAACG-14-s3d10,CD14+ Mono
TTGTGTGCAAGTTATC-14-s3d10,CD14+ Mono
ACACTAGGTCATAGAT-14-s3d10,Proerythroblast
TATCACGCAAATTGCT-14-s3d10,G/M prog
CAAGTTATCATGACCG-14-s3d10,CD14+ Mono
AATCCATCACATTGCA-14-s3d10,pDC
CTCCTCACAGCCTAAC-14-s3d10,HSC
ATCTATGAGGCAGGTG-14-s3d10,CD14+ Mono
CTTTAGTTCACGTTAA-14-s3d10,G/M prog
AGTGCGGAGTAGGCGG-14-s3d10,Erythroblast
ATGTTTGAGTTTGTCT-14-s3d10,Normoblast
TGCGATTAGCTAATCA-14-s3d10,CD14+ Mono
GTATTCAAGTAAGGGC-14-s3d10,HSC
AGATGCTTCCAGGTTG-14-s3d10,CD14+ Mono
CGATTATCAACTAGGG-14-s3d10,HSC
GCTGCACAGTTGCGTG-14-s3d10,MK/E prog
CAAAGGATCTAACCTT-14-s3d10,G/M prog
TAAGGCTTCAAAGGCA-14-s3d10,CD14+ Mono
GGATGTAAGGACGTAA-14-s3d10,CD14+ Mono
GGGTATTTCTTTAGGA-14-s3d10,pDC
TCCTCAATCCCATAAA-14-s3d10,Proerythroblast
ATGCTTAAGCCACATG-14-s3d10,CD14+ Mono
ATCGAGGCACAATGCC-14-s3d10,CD14+ Mono
CCCAATTGTTCACTGT-14-s3d10,CD16+ Mono
TGCTTCCAGCACGTTG-14-s3d10,CD16+ Mono
CCTCCTGAGCATGGTT-14-s3d10,pDC
GGTTTAATCCGCATGA-14-s3d10,CD16+ Mono
AGTCTTGCATTGTCAG-14-s3d10,G/M prog
GGAACCACAGTAGGAT-14-s3d10,HSC
AGTCAGGCAGGCTAGA-14-s3d10,CD14+ Mono
TTATGCGCAACTAGCC-14-s3d10,CD14+ Mono
ATCAAGACAATTGAAG-14-s3d10,cDC2
CAGGGTGAGTGAGCGG-14-s3d10,pDC
TGTTATGAGCTAATCA-14-s3d10,CD14+ Mono
TCACCTCAGACACCGC-14-s3d10,Erythroblast
TCCTTCAAGTCATCCC-14-s3d10,CD14+ Mono
TCCTAGTGTATCTGGA-14-s3d10,CD14+ Mono
AATTAGCGTCACCAAA-14-s3d10,CD14+ Mono
AAGACATAGCACTAGT-14-s3d10,CD14+ Mono
TGGTGCATCGTTACTT-14-s3d10,CD14+ Mono
AGTTATGTCTGTGAGT-14-s3d10,CD14+ Mono
AACCGGCTCATGGCCA-14-s3d10,pDC
AGGAGCTAGTCTCACC-14-s3d10,CD14+ Mono
TACTCAAAGTGAGCAA-14-s3d10,CD14+ Mono
ATCAATCCACTAGGTC-14-s3d10,pDC
GTCTATGCACCTGCTC-14-s3d10,CD14+ Mono
AGTCAATGTGCTGGTG-14-s3d10,CD14+ Mono
CAAGGTTTCCATAAGC-14-s3d10,CD14+ Mono
ATCATCAAGATAACCC-14-s3d10,CD14+ Mono
AGCTTCCTCCCATAGG-14-s3d10,G/M prog
GTTAAGCTCTTAGCGG-14-s3d10,CD14+ Mono
GTACAATGTACTGAAT-14-s3d10,CD14+ Mono
CAGCCTAAGGAAGCTA-14-s3d10,G/M prog
AACGCCCAGCGGGCAA-14-s3d10,CD14+ Mono
AATCCGTAGGAGGGTT-14-s3d10,CD14+ Mono
CAATGCCCATGATTGT-14-s3d10,Proerythroblast
TTGCAGCCAATTATGC-14-s3d10,pDC
TTGGATATCTTGGATA-14-s3d10,HSC
TAGCGGACAACTAACT-14-s3d10,pDC
ATGGCTGTCGTGCTTC-14-s3d10,pDC
CGCATATAGTAAGTCC-14-s3d10,CD14+ Mono
GGTCAAGCAAGGCCAA-14-s3d10,Erythroblast
TCAGCGATCTTTAAGG-14-s3d10,CD14+ Mono
TCGCATTGTGTTGTGA-14-s3d10,pDC
GTGTTACAGGAAGTAT-14-s3d10,CD14+ Mono
TTTAACCTCCTAATAG-14-s3d10,Erythroblast
ATGTTGTCAGCTTAGC-14-s3d10,CD14+ Mono
AAGCGCTGTCATAAGT-14-s3d10,CD14+ Mono
AAAGGCTCAGGCTTCG-14-s3d10,HSC
AGTGTTTCAATAGCAA-14-s3d10,pDC
GTCATCCTCGATCAGT-14-s3d10,CD14+ Mono
CAGCTAAGTCTTGCAT-14-s3d10,pDC
AACCTTGCAAAGGCCA-14-s3d10,cDC2
ACTTACAAGCGAGTAA-14-s3d10,CD14+ Mono
GTCAATATCATTGACA-14-s3d10,CD14+ Mono
CCCGTTGTCTACTAAG-14-s3d10,HSC
CTCTCACAGTTCCCGT-14-s3d10,CD16+ Mono
GAGCCACTCAGCACGC-14-s3d10,CD14+ Mono
CGAAGCCTCTTTGTAC-14-s3d10,Proerythroblast
AGAGAAGCAACTGGGA-14-s3d10,G/M prog
GCTAGCTCAATCATGT-14-s3d10,HSC
GTCCTCCCAAGTGAAC-14-s3d10,Erythroblast
CAGTATGGTCTTACTA-14-s3d10,Erythroblast
CTCACACTCTAGCTAA-14-s3d10,pDC
GGCGATACAGCATTAT-14-s3d10,G/M prog
CATTGCGAGCTATGAC-14-s3d10,CD14+ Mono
TTAACCAAGTAGCCAT-14-s3d10,pDC
ATCCTCATCATGGTGT-14-s3d10,CD14+ Mono
GGTATGTTCGCAACAT-14-s3d10,HSC
CTAGCTTGTAAGCTTG-14-s3d10,CD14+ Mono
ATTAGTCCAGTCTAGC-14-s3d10,CD14+ Mono
GACTATTCATAATCCG-14-s3d10,cDC2
GCTAAGAAGCACTAAC-14-s3d10,CD14+ Mono
AGGCTAGCAGGTTCAC-14-s3d10,CD16+ Mono
TTACAGCAGGACCTGC-14-s3d10,CD14+ Mono
GCTATAGGTCACTCGC-14-s3d10,Erythroblast
TCGGTTACACCAACCG-14-s3d10,G/M prog
CGATGTCCATATTGAC-14-s3d10,CD16+ Mono
GGTTAGCGTAGCTAGC-14-s3d10,HSC
GCAGGTTGTACGGGTT-14-s3d10,Normoblast
CTGTGTGAGCCTGACA-14-s3d10,CD14+ Mono
ATTTGCGCATTAGGCC-14-s3d10,Proerythroblast
CAGGTTAGTCAGTAAT-14-s3d10,HSC
AGGACGTAGGCCATCA-14-s3d10,pDC
GTGCATTAGGGCTTTG-14-s3d10,CD14+ Mono
ATCGCCCGTAGCTAAT-14-s3d10,G/M prog
CTCATCATCTTAGTGA-14-s3d10,Erythroblast
ACGAAGTCACAATGTT-14-s3d10,CD16+ Mono
AACCCGCAGCGGTTAT-14-s3d10,Erythroblast
GGTGATTTCTATGACA-14-s3d10,CD14+ Mono
GTGCTCAAGGATAAAC-14-s3d10,CD14+ Mono
TAAGCTATCACGCATG-14-s3d10,CD14+ Mono
GGCAAATCAATGCGCT-14-s3d10,G/M prog
CTTGTAAAGTTATCTC-14-s3d10,Erythroblast
GGAGCATAGGGACTAA-14-s3d10,Proerythroblast
TTCTTAGGTTTATTCG-14-s3d10,Erythroblast
CTTGACGAGACAGGCG-14-s3d10,G/M prog
CTCTCACAGTTAGCCG-14-s3d10,MK/E prog
ACAAAGGTCAAGCCTG-14-s3d10,cDC2
TAGGGTTTCTCACATT-14-s3d10,CD16+ Mono
TTTAGCTTCATGCAAC-14-s3d10,Erythroblast
CGCCTCATCCCATAGG-14-s3d10,pDC
AAGGTGCAGCGATAGA-14-s3d10,CD16+ Mono
AAAGCACCAAATATCC-14-s3d10,pDC
TGGTCATAGGCTATGT-14-s3d10,HSC
CCGTGCTGTAACGAGG-14-s3d10,CD14+ Mono
ACCAAGCGTGATGGCT-14-s3d10,pDC
CTCTAGCTCCTCACTA-14-s3d10,G/M prog
TCCATCATCTACCTGC-14-s3d10,pDC
AAAGGACGTGTTCCCA-14-s3d10,pDC
ATCCTGACAACATAAG-14-s3d10,CD14+ Mono
CTACCTCAGTACCGCA-14-s3d10,CD14+ Mono
TCCCTGGTCAATAGCC-14-s3d10,CD14+ Mono
CGAGCTGGTACAAAGA-14-s3d10,CD14+ Mono
GACAATACATAATCGT-14-s3d10,CD14+ Mono
CTAAGTCAGTCACTAA-14-s3d10,CD16+ Mono
TCACTGACAGGAATCG-14-s3d10,Normoblast
TTGACTAAGGGACGCA-14-s3d10,G/M prog
ACACCTTGTCTTGCAT-14-s3d10,CD14+ Mono
AGGTACGCAGCAACCT-14-s3d10,CD14+ Mono
CCCAATTGTGGGTACT-14-s3d10,Normoblast
GCTATCCTCGCTAAAC-14-s3d10,CD16+ Mono
ATGTGAGAGCTTAGCG-14-s3d10,Proerythroblast
AATTTCCTCGAGGAGT-14-s3d10,CD14+ Mono
AACTAGTGTTACCTGT-14-s3d10,G/M prog
GCAGCCAGTAATGGCC-14-s3d10,CD14+ Mono
TGAACAGAGGTAACGA-14-s3d10,CD16+ Mono
TGATCACAGAAGCTAG-14-s3d10,CD14+ Mono
TGATTCAAGCTAAAGG-14-s3d10,Proerythroblast
AAGCAAGTCTTAGCCC-14-s3d10,pDC
TAGACCAGTCATGAGC-14-s3d10,CD14+ Mono
AAGGTATAGCAAGATG-14-s3d10,Normoblast
ACAGGTAAGTAACCAC-14-s3d10,CD16+ Mono
CTAGTTGCAACTGGCT-14-s3d10,cDC2
TCTCCTCGTGTGAGGA-14-s3d10,pDC
CCTTCGTAGGCGCACT-14-s3d10,Erythroblast
TGACCTTGTCCGTGAG-14-s3d10,pDC
TCCGGTAAGGACCGCT-14-s3d10,CD14+ Mono
GGGTCAACAGCCGCTA-14-s3d10,CD14+ Mono
CTATTCAGTTGCACAA-14-s3d10,pDC
CGGACAACATTGTGAT-14-s3d10,MK/E prog
ACACTAGGTTTAACCC-14-s3d10,pDC
ACCCTGTTCAAACACC-14-s3d10,CD14+ Mono
ATGCAGGCAAGTGTCC-14-s3d10,Normoblast
CAAAGTGAGAGCCGCT-14-s3d10,CD16+ Mono
TTAGCGGTCAGGCTAT-14-s3d10,Normoblast
ATGACAACAATATGGA-14-s3d10,G/M prog
TTCGGTACAAGGTCCT-14-s3d10,Normoblast
ACTGAATGTCCTTTAA-14-s3d10,MK/E prog
TAACCTAAGCGCCTAA-14-s3d10,CD14+ Mono
TGGACCGGTTTATGGG-14-s3d10,CD14+ Mono
GTACTAGGTTTATGGG-14-s3d10,CD14+ Mono
GGCCTTAAGTGACCTG-14-s3d10,pDC
TCATACTTCATTTGCT-14-s3d10,HSC
GCTTAACAGGCGAATA-14-s3d10,HSC
GGTCTTGAGTCACCAG-14-s3d10,pDC
CCGTGCTGTGAGACTC-14-s3d10,HSC
AGTAGCTTCCGGTTGA-14-s3d10,pDC
CAAGTGAAGCTCGCTT-14-s3d10,CD14+ Mono
CTATGGCCACAGCCAT-14-s3d10,G/M prog
CTTGTAAAGGCCGGAA-14-s3d10,G/M prog
TTGCGAGTCCCGAACA-14-s3d10,CD14+ Mono
ATTACCGCATTTGCTC-14-s3d10,Erythroblast
TCCGGTAAGGGCCATC-14-s3d10,G/M prog
TAATGCATCTTGACCC-14-s3d10,Erythroblast
TTAAAGGCAGGCCATT-14-s3d10,CD16+ Mono
TTTAACGAGCCTGAGC-14-s3d10,pDC
AATGCAACATTCCTGT-14-s3d10,CD14+ Mono
CAATGACTCGGTTCCT-14-s3d10,CD14+ Mono
TCACTGACAATTGAGA-14-s3d10,CD14+ Mono
CGCCACACAATCGCAC-14-s3d10,CD16+ Mono
CCGTTACTCTGGTCCT-14-s3d10,HSC
TGGCTAAGTGGAAGGC-14-s3d10,CD14+ Mono
TCCAGCAAGTTAGACC-14-s3d10,CD14+ Mono
GCCATTACATTGTCAG-14-s3d10,Normoblast
CGTTAACAGCAAGGTA-14-s3d10,CD16+ Mono
ATGGCTAGTGTCCTGC-14-s3d10,CD14+ Mono
TGAAGGATCTTAGCCC-14-s3d10,CD14+ Mono
ATCGCCCGTTTGCGCC-14-s3d10,CD14+ Mono
AAGGCCCTCCTCGATC-14-s3d10,CD14+ Mono
AATTTCCTCAGCAAGA-14-s3d10,CD14+ Mono
TACTGCACACAATGCC-14-s3d10,CD14+ Mono
AACCTCACACCTGTAA-14-s3d10,HSC
TCTTAGCGTTAGTACG-14-s3d10,CD14+ Mono
ACCAAACTCCGTCCAT-14-s3d10,cDC2
TTGGCTGAGTCACTCC-14-s3d10,pDC
GCTGGTTCAACTCGCG-14-s3d10,CD14+ Mono
ATTCACTTCCGCAAGC-14-s3d10,pDC
GGAGGTTAGCATTATG-14-s3d10,G/M prog
ACAGTATGTTCCGCAC-14-s3d10,HSC
CGCTAACCATAATCGT-14-s3d10,CD14+ Mono
CGGTTCCGTGAGACTC-14-s3d10,CD14+ Mono
AAAGCTTGTCAGGCCA-14-s3d10,CD14+ Mono
ACGTCCTTCAGGCCTA-14-s3d10,HSC
TGTAAGTGTTAACACG-14-s3d10,G/M prog
TCTACCTCACGGTTTA-14-s3d10,Erythroblast
GACTAATGTAATCGCA-14-s3d10,CD14+ Mono
GTGTAACTCATTGTCT-14-s3d10,pDC
GTTAAGCTCGCTTCTA-14-s3d10,MK/E prog
AAGCGAGGTAACGAGG-14-s3d10,CD14+ Mono
TTTCGTCCATAGACCC-14-s3d10,Proerythroblast
AATTAGGCACATGCTA-14-s3d10,CD16+ Mono
CGGCCATAGTGTTGCG-14-s3d10,CD16+ Mono
TACCTTAGTTTATGGG-14-s3d10,CD16+ Mono
AGCATTTCACATTAAC-14-s3d10,pDC
TGATGATGTGCTGGTG-14-s3d10,Erythroblast
CCTCCTGAGTTCCTCA-14-s3d10,pDC
GTACAATGTTACTTCA-14-s3d10,Normoblast
GCAATGAAGGGACCTC-14-s3d10,pDC
CGCATGATCGCATTAA-14-s3d10,HSC
TCGTTTCCAGTTATCG-14-s3d10,CD14+ Mono
GAATTTGTCCTACCTA-14-s3d10,cDC2
TGCTAACAGTAACGAG-14-s3d10,G/M prog
TGGCCTTTCATGACCG-14-s3d10,CD14+ Mono
ATCATGTCAGCACGTT-14-s3d10,CD14+ Mono
GCTCCTTAGCTGGCTA-14-s3d10,CD14+ Mono
GTAAGGTCACCCACAG-14-s3d10,CD14+ Mono
CATTCATTCCTCACAC-14-s3d10,G/M prog
CCGGTTAAGGATCACT-14-s3d10,HSC
ATCCTCATCAGCTAAC-14-s3d10,pDC
TATGGTCAGGAAACTG-14-s3d10,G/M prog
TCACCGGCACTTCATC-14-s3d10,Proerythroblast
AAACATGCAGAACCGA-14-s3d10,CD14+ Mono
CCCTCATAGGCTTAGT-14-s3d10,cDC2
GCCTTTATCCTTGAGG-14-s3d10,Erythroblast
TGGACCGGTTCCTGTG-14-s3d10,CD14+ Mono
TCCCTGGTCAAACCGT-14-s3d10,CD14+ Mono
CCTGATGAGGCCTTAG-14-s3d10,CD14+ Mono
GGTAGGAGTACTTCAC-14-s3d10,G/M prog
GTGCTGGGTGAGCACT-14-s3d10,Erythroblast
AGTTGCAGTTTCGCGC-14-s3d10,CD16+ Mono
GCATTGCCAGGTATTT-14-s3d10,G/M prog
AAGCCTTAGCTATTAG-14-s3d10,HSC
CTAATCGCATTGTCAG-14-s3d10,CD14+ Mono
CAAGACAAGAGGAGGA-14-s3d10,CD14+ Mono
TCTATGTTCACCTGCT-14-s3d10,CD14+ Mono
TGGTTCTGTTGGTTGA-14-s3d10,pDC
GAGCGGTCACTTCATC-14-s3d10,CD14+ Mono
CCATCACTCTTGTTCG-14-s3d10,G/M prog
ATTCCGGAGGGTCTAT-14-s3d10,Erythroblast
AATCAGGAGGCAATAG-14-s3d10,HSC
GGTGAGCCACAGCCTG-14-s3d10,CD14+ Mono
CAGGGCTTCGTAACGT-14-s3d10,HSC
GCGAAGCCACCCACCT-14-s3d10,CD16+ Mono
GTCATGAGTGAGCACT-14-s3d10,CD14+ Mono
CTCTCACAGGCTGTGC-14-s3d10,Erythroblast
CCGTGCTGTTAAGGTT-14-s3d10,CD14+ Mono
TCCATTGTCTTGTTCG-14-s3d10,CD14+ Mono
CCATCACTCGGTTTCC-14-s3d10,CD14+ Mono
GTGTGTTAGGTCCAAT-14-s3d10,CD14+ Mono
CGCCTGTGTAGGATTT-14-s3d10,CD14+ Mono
GCTGTGCAGTCGCTAG-14-s3d10,pDC
GACCTCAAGTTAGCTA-14-s3d10,HSC
GGCGCTAGTTACTTGC-14-s3d10,MK/E prog
GGTTGACGTCCGTGAG-14-s3d10,CD14+ Mono
TTTCAGTTCCCATAGG-14-s3d10,CD14+ Mono
ACGAAGTCATCATGGC-14-s3d10,HSC
CCGCTAGCAGTAGGAT-14-s3d10,HSC
ATACCTGCAAGATTCT-14-s3d10,CD14+ Mono
GAGTATCTCTTGCATT-14-s3d10,Proerythroblast
CGGACCTAGCATGGTT-14-s3d10,CD14+ Mono
TCGTTATTCATGAAGG-14-s3d10,CD16+ Mono
AGGAAACGTAGCAGCT-14-s3d10,CD16+ Mono
TAAGCCTAGGGACCTC-14-s3d10,Erythroblast
CGCAATAGTTGTGACA-14-s3d10,HSC
GCTCACAAGGACAACA-14-s3d10,Erythroblast
GGCATTAGTTAGTGAT-14-s3d10,HSC
AAACCGGCAGGATAAC-14-s3d10,pDC
GCTCTGTTCTGCAAGT-14-s3d10,G/M prog
TACTGAGGTTCGCTCA-14-s3d10,CD14+ Mono
AGGAACGGTGAGGTGA-13-s4d1,Erythroblast
GGTCTTGAGGCATGTT-13-s4d1,CD14+ Mono
TCGTAATCATCCGTAA-13-s4d1,CD14+ Mono
CGGAATCGTTGAGGTC-13-s4d1,CD14+ Mono
GCTCTGGCAGTTTGGC-13-s4d1,Erythroblast
ACCTTCATCTAACCAA-13-s4d1,Proerythroblast
GGGTTATTCCTAGTAA-13-s4d1,cDC2
GGGTCACTCCAGCACA-13-s4d1,Erythroblast
TTAGGCCCACAAACTT-13-s4d1,CD14+ Mono
AAGTAGCCAGGCCATT-13-s4d1,Erythroblast
GCAGGTGAGCTTGCTC-13-s4d1,Normoblast
GGCCTAATCCTCGATC-13-s4d1,CD14+ Mono
GCCGTGAGTGCTCACC-13-s4d1,CD16+ Mono
TCCGGTTTCGTCCTTA-13-s4d1,CD14+ Mono
TTGCTTTAGCTCGCTT-13-s4d1,MK/E prog
CATATCGCACTAAGCC-13-s4d1,Erythroblast
AGCTTTAAGCTCGCTT-13-s4d1,G/M prog
TCACATAAGCGTGCAC-13-s4d1,MK/E prog
AGCCTCCGTTGTAACG-13-s4d1,CD14+ Mono
CTCGCTCCAAACTAAG-13-s4d1,CD14+ Mono
TGCGATTAGGAGGCAT-13-s4d1,CD14+ Mono
ATAACGACAGGAATCG-13-s4d1,MK/E prog
TAGTTTGAGTTATTCC-13-s4d1,CD14+ Mono
TCATAACCAGGAACAT-13-s4d1,CD14+ Mono
CTTTATGGTACGCGCA-13-s4d1,CD14+ Mono
GTCTCACTCGTTAACA-13-s4d1,Erythroblast
CGTAATGGTGCATCGG-13-s4d1,CD14+ Mono
CCGATGCAGGGCCATC-13-s4d1,CD14+ Mono
TAGTAACGTTGTTGGA-13-s4d1,pDC
CAATCCTGTGCGCAAT-13-s4d1,Erythroblast
GGTCAGGAGGCTAAGA-13-s4d1,CD14+ Mono
CAACCCTTCGATTATG-13-s4d1,CD14+ Mono
CAAGTAACACAGGGAC-13-s4d1,CD14+ Mono
CCGCTAAAGGGACTAA-13-s4d1,HSC
GACCTTTGTCCGCTGT-13-s4d1,CD14+ Mono
TCCTGGTTCATCCTGC-13-s4d1,HSC
ATATGCATCCATAAGC-13-s4d1,Proerythroblast
ACCTTCATCCTGTTCA-13-s4d1,pDC
CGATCCTTCGTTAGCG-13-s4d1,Erythroblast
GCCTTAGAGGGTGAGT-13-s4d1,CD14+ Mono
GGATATTGTTTGAGCA-13-s4d1,CD14+ Mono
GCCATTACAGCACGTT-13-s4d1,HSC
GCACTAAGTGGATGTC-13-s4d1,HSC
AGTAACCTCGATTCTT-13-s4d1,cDC2
ATGTCCACAATATGGA-13-s4d1,Proerythroblast
CGCCACACACAATGCC-13-s4d1,CD16+ Mono
CGAGTCGGTTAAGTGT-13-s4d1,CD14+ Mono
CTGTGTGAGTGAGCAA-13-s4d1,CD16+ Mono
TCAGGAGCAGTTAGCC-13-s4d1,Normoblast
GAGTGTTTCGTAACGT-13-s4d1,CD14+ Mono
TGGTAAACATTAGGTT-13-s4d1,CD14+ Mono
GGATGAATCAATGACC-13-s4d1,Erythroblast
TTGCACACACAACAAA-13-s4d1,CD14+ Mono
GGTAAGGGTCGACTAA-13-s4d1,pDC
AGGTATTGTTTGGGTA-13-s4d1,CD14+ Mono
TGGTAAACAGTTATGT-13-s4d1,Erythroblast
GCAGGATAGGGTGAAC-13-s4d1,cDC2
GGTTCTTGTGATGATT-13-s4d1,Erythroblast
GTTTCCTCAGTTAAAG-13-s4d1,pDC
CTGGTCAAGCATGTCG-13-s4d1,Proerythroblast
TAGTTGTCACCTATAG-13-s4d1,CD14+ Mono
CAATCCCTCGTTTCGC-13-s4d1,Proerythroblast
TACGTAATCGGGCCAT-13-s4d1,Erythroblast
GGTGATTTCTAATCTC-13-s4d1,CD14+ Mono
TGGCGGTTCAAGACTC-13-s4d1,G/M prog
CATTCATTCCAAGTGT-13-s4d1,CD14+ Mono
CTCCTAATCCAATAGC-13-s4d1,G/M prog
TACCAGGTCATGCTAA-13-s4d1,Erythroblast
TCAAGTATCGGCTAGC-13-s4d1,Erythroblast
AAACAGCCAGGAATCG-13-s4d1,G/M prog
CGCTTAACAATGCCCG-13-s4d1,HSC
CCAGTTTGTCGCGCAA-13-s4d1,CD16+ Mono
GAAAGGCTCCGCATGA-13-s4d1,MK/E prog
TTGCAGCCAACCCTCC-13-s4d1,CD16+ Mono
ATCCAACAGGTCAAAG-13-s4d1,Erythroblast
GGGTGTTGTAAGCTTG-13-s4d1,CD14+ Mono
GACGCAACAACAACAA-13-s4d1,CD14+ Mono
TCCATGCTCACTAATG-13-s4d1,Erythroblast
AACTGTTCAGCAAGTG-13-s4d1,HSC
GGTTATATCAAGTGTC-13-s4d1,pDC
CAGGGTGAGCACAGAA-13-s4d1,Erythroblast
GTATCGCCATGATTGT-13-s4d1,CD14+ Mono
GGCCAACTCACAGACT-13-s4d1,CD14+ Mono
CCTCCTGAGGAATAAC-13-s4d1,Proerythroblast
GTGTTACAGTCGCTAG-13-s4d1,CD14+ Mono
TACCGTTGTTACTAGG-13-s4d1,Proerythroblast
ACATAGCTCCCGAACA-13-s4d1,CD14+ Mono
CGAGCTGGTTTGACCT-13-s4d1,Proerythroblast
GGATTTATCACGTTAA-13-s4d1,CD14+ Mono
AAACCGAAGCCTCTGT-13-s4d1,HSC
GCAAACCGTAGTAAGA-13-s4d1,CD14+ Mono
AGGTGAGGTGCTTAGA-13-s4d1,G/M prog
TTAGGATGTATGTGGC-13-s4d1,CD14+ Mono
CTCCTCACACATGCTA-13-s4d1,CD14+ Mono
GACCTGATCGATTTGA-13-s4d1,G/M prog
CATCACACACTTAACG-13-s4d1,CD14+ Mono
CTGGTTACACTAAGTT-13-s4d1,Proerythroblast
GGCCATCAGTAGCGGG-13-s4d1,CD16+ Mono
GGCAAATCAGCTTACA-13-s4d1,pDC
GAAACCCGTGACATAT-13-s4d1,CD14+ Mono
TAGCGGACACAATGTT-13-s4d1,MK/E prog
TTTGTGAAGGCAGGTG-13-s4d1,CD14+ Mono
GTTACGCCATCTAGCA-13-s4d1,pDC
TAATGCATCTGTGAGT-13-s4d1,CD14+ Mono
CCACTTGGTTACTTCA-13-s4d1,CD14+ Mono
TTGGAGGCACCCTCAC-13-s4d1,cDC2
CTTGAACAGCACGTTG-13-s4d1,Erythroblast
CTCATTTAGTAGGATG-13-s4d1,MK/E prog
GTTCGCGCACTAGGTC-13-s4d1,CD14+ Mono
ATCACTAAGTAGCGCC-13-s4d1,CD16+ Mono
ATATAGGCACTCAACA-13-s4d1,Erythroblast
AAATGCCTCGGCTAGC-13-s4d1,G/M prog
GGATTGCGTTGAAGCC-13-s4d1,Erythroblast
GTGTTACAGTTTGTCT-13-s4d1,CD14+ Mono
TGTGTGAGTACTTAGG-13-s4d1,Proerythroblast
GGTCTTTGTCAAACTG-13-s4d1,CD14+ Mono
ACTTAGTCATCCTAGA-13-s4d1,CD14+ Mono
TGCATCCTCACCATTT-13-s4d1,cDC2
TGGCCTTTCGTTAGTA-13-s4d1,CD14+ Mono
TATTGACCAGGCGATA-13-s4d1,CD14+ Mono
GTTAGGCGTTGCCTCA-13-s4d1,CD14+ Mono
CAAGGTTTCATGCTAA-13-s4d1,cDC2
ATGAAGCCAACACCTA-13-s4d1,CD14+ Mono
CGGTTGGGTCTAGCTT-13-s4d1,MK/E prog
CCATAAATCTAGCGTG-13-s4d1,CD14+ Mono
AATGTCATCCTGCGAA-13-s4d1,Erythroblast
GGGATTAAGCAGGTGG-13-s4d1,HSC
CCTGAATAGCTCCTAC-13-s4d1,Proerythroblast
AGACCCGGTTAACGAT-13-s4d1,Erythroblast
GCTGTGATCATGGCTG-13-s4d1,G/M prog
GACCTAGTCTTAGTGA-13-s4d1,MK/E prog
ACATTAGTCCAAACAC-13-s4d1,CD14+ Mono
GTTACTCGTGTCACGG-13-s4d1,CD14+ Mono
AGACACGCACGGTACT-13-s4d1,G/M prog
CCTAATAAGGCGGGTA-13-s4d1,Erythroblast
TCTATGTTCTAACCTT-13-s4d1,Proerythroblast
AGGTTTGGTCCCGAAG-13-s4d1,Erythroblast
CTATGACAGCAGGTTT-13-s4d1,MK/E prog
GCCCGTTGTGCAATGC-13-s4d1,CD14+ Mono
CCATTGTGTGAACAAA-13-s4d1,MK/E prog
GATTCATCACGTAATT-13-s4d1,Normoblast
CTAGCTTGTTTAGCTC-13-s4d1,MK/E prog
ATGAAGCCATTAAGCT-13-s4d1,CD14+ Mono
TCATTGTTCATAGACC-13-s4d1,Normoblast
AAACCGGCATTTAAGC-13-s4d1,CD14+ Mono
AATTGCCAGCCTGAGC-13-s4d1,Proerythroblast
GTTACGCCAAAGGTAC-13-s4d1,CD14+ Mono
CAGGACACAAGGTACG-13-s4d1,CD14+ Mono
CGCAATCCAACTAGAA-13-s4d1,G/M prog
GCTGATCCAGGCGAGT-13-s4d1,Proerythroblast
GATTAAGCACATGCTA-13-s4d1,Normoblast
GGTTACCCATAGGCGA-13-s4d1,cDC2
TTGACATCAGTTTACG-13-s4d1,CD14+ Mono
ACACTTGCACGTGCTG-13-s4d1,HSC
ATTGGTTCAGTTTGTG-13-s4d1,CD14+ Mono
GTTTACCGTAGGATCC-13-s4d1,CD14+ Mono
GCCGTGAGTTGCCTCA-13-s4d1,CD16+ Mono
GTCTTTGTCAGCACGC-13-s4d1,Normoblast
AAGTTTGTCCCGCCTA-13-s4d1,MK/E prog
TAGCGCGGTCGCATAA-13-s4d1,CD14+ Mono
ATGGCCGGTTAAGTGT-13-s4d1,HSC
ACGCCTTTCTTTAAGG-13-s4d1,CD14+ Mono
AGTTGGCGTGACCTGG-13-s4d1,CD16+ Mono
TGCTGGATCCGCACAA-13-s4d1,CD14+ Mono
CAATCTAAGCAGGTGG-13-s4d1,cDC2
CAAAGTGAGTGAGGTA-13-s4d1,CD14+ Mono
ATTAGCGGTTGCCTCA-13-s4d1,CD14+ Mono
CGCCTCATCGCAATCG-13-s4d1,CD14+ Mono
GGCTGGTTCGAGGAAC-13-s4d1,pDC
CTTTGAGCAAAGCTAA-13-s4d1,CD14+ Mono
ACATAGCTCCGCAAAT-13-s4d1,pDC
TATAGCCAGGCTGTGC-13-s4d1,Erythroblast
GTCATGCCAATATACC-13-s4d1,Proerythroblast
GGAGCGATCACTCAAA-13-s4d1,CD14+ Mono
GCTCGATCAGAGGCTA-13-s4d1,cDC2
CTCATCATCGCTAAGT-13-s4d1,Erythroblast
GGTCATTAGGATTGAG-13-s4d1,G/M prog
TTGGGTTAGGAGGCAT-13-s4d1,CD14+ Mono
TTGGGTTAGTTTGGGT-13-s4d1,MK/E prog
TAATGGTGTGTCCAAA-13-s4d1,cDC2
TTTGCGACAGCAACCT-13-s4d1,Erythroblast
AGTTATGTCATGACCG-13-s4d1,G/M prog
ACTAACCAGTGAACGA-13-s4d1,Proerythroblast
CTACAACAGTTGTCTT-13-s4d1,Erythroblast
GGACAGCCACTAAGTT-13-s4d1,cDC2
CTCTATGTCGATTCTT-13-s4d1,CD14+ Mono
TGGAACAAGGATTGAG-13-s4d1,CD16+ Mono
TTGGCGGGTAGTTGGC-13-s4d1,MK/E prog
AGCTAACTCTAAGGAG-13-s4d1,CD14+ Mono
ATATGGTGTGAGAAAC-13-s4d1,Proerythroblast
GTGAGGAGTAATAGCT-13-s4d1,HSC
TTAGCAATCACGCATG-13-s4d1,Proerythroblast
TGCATCCTCACAGACT-13-s4d1,Proerythroblast
CTCCCTGAGGACCGCT-13-s4d1,MK/E prog
CCTCAGTTCAGCAAAG-13-s4d1,Normoblast
CTACTTAGTCGCAAAC-13-s4d1,CD14+ Mono
TTGTCCCAGTCAGTAC-13-s4d1,CD14+ Mono
AGAATCGAGGTGCGGA-13-s4d1,CD16+ Mono
AGTGTTTCAACGTGCT-13-s4d1,Normoblast
AGGACTAAGTCTATGA-13-s4d1,MK/E prog
GCTTTCATCATGGTGT-13-s4d1,HSC
AAGACAAGTCCCGAAG-13-s4d1,MK/E prog
GACCTAAGTGACATGC-13-s4d1,CD16+ Mono
ATGCAAACATTAAAGG-13-s4d1,Proerythroblast
TTGGAGGCACAATACT-13-s4d1,Proerythroblast
GGTAACTTCCTTGCGT-13-s4d1,Erythroblast
CAGCAAGCAGCCTAAC-13-s4d1,CD14+ Mono
ACCAGGGAGTAGGCGG-13-s4d1,Proerythroblast
TCATGAGGTATTGTGG-13-s4d1,Erythroblast
GCCTCGACACCTCGCT-13-s4d1,Erythroblast
TTTGGCTGTATACTGG-13-s4d1,CD14+ Mono
TGCATTAAGCCGGTAC-13-s4d1,Proerythroblast
TGCGATTAGTCTTGAA-13-s4d1,Erythroblast
AGAGGATGTACGGTAC-13-s4d1,HSC
CTCAATAAGGAGCAAC-13-s4d1,Erythroblast
GCCCTCATCGAAGTAG-13-s4d1,Erythroblast
ACTATCCGTTATTGCC-13-s4d1,CD14+ Mono
GATTGCAGTCAACAAT-13-s4d1,pDC
ACCTGGATCATGCTAA-13-s4d1,CD14+ Mono
TATCACAAGTAGCTTA-13-s4d1,CD14+ Mono
TTTGTTGGTTCACCCA-13-s4d1,Proerythroblast
CTTTAGTTCCTCACAC-13-s4d1,MK/E prog
AAAGGCTCACCGGTAT-13-s4d1,CD14+ Mono
GCCAATTAGGCGCTAC-13-s4d1,Erythroblast
AATCCATCATAGACCC-13-s4d1,CD14+ Mono
TGTTCCTCAAGCGAGC-13-s4d1,CD14+ Mono
TGTGTGAGTATGTGGC-13-s4d1,CD14+ Mono
TTAATCGAGTCATTGA-13-s4d1,CD14+ Mono
TTAGTCAAGCTGGAAA-13-s4d1,MK/E prog
CAGCCTAAGGAGCATA-13-s4d1,Erythroblast
GATTCAGGTGGGTACT-13-s4d1,CD16+ Mono
TTACCGTGTTCGGGAT-13-s4d1,CD14+ Mono
GACCGTTCACCTGGTG-13-s4d1,CD14+ Mono
TACTCAAAGCCATCAG-13-s4d1,Normoblast
GTCTTTGTCGGGACTC-13-s4d1,MK/E prog
AACGACAAGAAAGGAA-13-s4d1,Erythroblast
TAATCCGCACCCACAG-13-s4d1,Proerythroblast
CTAACCTGTCCAAATG-13-s4d1,cDC2
ATTGACTCAATCGCAC-13-s4d1,CD16+ Mono
GCCTAATAGCAGGCCT-13-s4d1,Erythroblast
GACCTAAGTCAATACG-13-s4d1,CD14+ Mono
CAGAATCTCAGCATTA-13-s4d1,CD14+ Mono
TATCGAGGTGGGAACA-13-s4d1,CD16+ Mono
AGTGGACAGTGAGCGG-13-s4d1,Erythroblast
ATAACGACACCAACCG-13-s4d1,CD14+ Mono
TTCGGTACAAGCGATG-13-s4d1,Proerythroblast
ACTTATGAGCCAAATC-13-s4d1,Erythroblast
GCCTACTTCTTAGGAC-13-s4d1,CD16+ Mono
TGGCCAATCCACCTGT-13-s4d1,MK/E prog
TTTAAGGTCTAATCAG-13-s4d1,pDC
CAATAAGCATGTCAAT-13-s4d1,Normoblast
GGCTCAATCATGCTAA-13-s4d1,Normoblast
AACTACTCATAAGCAA-13-s4d1,Erythroblast
CCTTAACGTCTAGCTT-13-s4d1,CD14+ Mono
TCAAGCTAGGTGAAAT-13-s4d1,HSC
CCCTCAGTCCTTCGTA-13-s4d1,Erythroblast
TATATCCTCACAGCCA-13-s4d1,CD14+ Mono
GAAGTATAGGACCTCA-13-s4d1,HSC
GCAATAGAGACACTTA-13-s4d1,CD16+ Mono
ACCCTCCCATGTTGCA-13-s4d1,Proerythroblast
CATGCATAGGACCTGC-13-s4d1,CD14+ Mono
TGTTGTAAGTTCCCGT-13-s4d1,CD14+ Mono
GAAGGATGTTTGGTTC-13-s4d1,CD16+ Mono
AACTAGCTCAGGCCTA-13-s4d1,Erythroblast
TGAGCAAAGAGGCTAA-13-s4d1,CD14+ Mono
GCTTAACAGGAGGTTA-13-s4d1,CD14+ Mono
TCCTGTTCAGGCCAAA-13-s4d1,cDC2
CTTTAGTTCATTTGCT-13-s4d1,CD14+ Mono
AATGCATGTTGCTGGG-13-s4d1,Proerythroblast
TCCTTGCAGCTGTAAC-13-s4d1,CD14+ Mono
GGCTATGTCGCTCACT-13-s4d1,Proerythroblast
TTGTTTGGTTCACCCA-13-s4d1,CD14+ Mono
CTCCAACTCCTCGATC-13-s4d1,CD16+ Mono
AGCACTAGTGTGCACG-13-s4d1,CD14+ Mono
CCGATGCAGTGAACCT-13-s4d1,Erythroblast
CTTTAGGCAAGATTCT-13-s4d1,G/M prog
GAGGCCTTCCTAGTTT-13-s4d1,CD16+ Mono
TGTGAAACACAAGCCT-13-s4d1,Proerythroblast
GTTGGCCAGCTTTGGG-13-s4d1,MK/E prog
CGTTAACAGCTTAACA-13-s4d1,cDC2
CAAAGTGAGGTCTTGG-13-s4d1,cDC2
CAGCATGTCGAAGCGG-13-s4d1,Proerythroblast
AAATGCCTCCGCCAAA-13-s4d1,Proerythroblast
GTCGCAATCCCTCTAA-13-s4d1,Proerythroblast
ACTTGCACATCAGCAC-13-s4d1,pDC
CCAAACCCACCGGTAT-13-s4d1,CD14+ Mono
CGGTTTCTCCCGAAGC-13-s4d1,HSC
GCACGGTTCCGTGACA-13-s4d1,CD14+ Mono
TGATGACTCATTGTCT-13-s4d1,Erythroblast
TACGTACAGGCCTGGT-13-s4d1,Proerythroblast
CGGACCTAGGATAAAC-13-s4d1,CD14+ Mono
TACCTTAGTTACAACG-13-s4d1,HSC
TGGCCTGCAATTGACT-13-s4d1,Erythroblast
AAGCTCCCAAGGACCA-13-s4d1,Proerythroblast
ATTAGGTGTACGCGCA-13-s4d1,CD16+ Mono
GATCGAGCAGGCGATA-13-s4d1,pDC
TTGTTCCCATTAAGTC-13-s4d1,CD14+ Mono
TTGTTGTTCATGCTTT-13-s4d1,Proerythroblast
CTCATGACATTAAGTC-13-s4d1,Proerythroblast
ACACGGACAACACCTA-13-s4d1,Erythroblast
AATTCGTCAACAGGAT-13-s4d1,HSC
AGGCAATCAAGGCCAA-13-s4d1,CD14+ Mono
CTGATCACACAGCCTG-13-s4d1,Erythroblast
GTTTCTAGTGACCTGG-13-s4d1,MK/E prog
GGTCTTGAGGTCCACA-13-s4d1,CD14+ Mono
AACCTTAAGTTTCCGC-13-s4d1,MK/E prog
TTATGACCAGGCAAGC-13-s4d1,G/M prog
GAGTTTGGTGCTCCAC-13-s4d1,Erythroblast
GCGCTAGGTTCACCAT-13-s4d1,Proerythroblast
CATCGCTTCCAGGAAA-13-s4d1,CD16+ Mono
GTCAATATCAATACGC-13-s4d1,CD14+ Mono
TCCGGTTTCTTGACCC-13-s4d1,CD16+ Mono
ATCAAGACACATAGCC-13-s4d1,G/M prog
ATCAAGACACCGGTAT-13-s4d1,G/M prog
TTAGAAGCAAACCTAT-13-s4d1,pDC
CTTGCATGTCCAAGAC-13-s4d1,Erythroblast
CGTTAGTAGAATGACG-13-s4d1,CD16+ Mono
TTATTGCTCCGCCTCA-13-s4d1,HSC
GCTGTGATCTTGACCC-13-s4d1,Normoblast
TCTTAGCGTGGGTACT-13-s4d1,CD14+ Mono
CGAATCTAGGCGGATG-13-s4d1,Erythroblast
CGATTGAGTCCGGTTC-13-s4d1,CD14+ Mono
CAACAGGCAGCAACAG-13-s4d1,CD14+ Mono
AGTGAACCACCTGTAA-13-s4d1,MK/E prog
AGGACGTAGCACAGGG-13-s4d1,MK/E prog
TTAACTGAGCTAGAAG-13-s4d1,Erythroblast
AAAGCGGGTGTTCCCA-13-s4d1,G/M prog
CGATATTCATTGTCCT-13-s4d1,CD14+ Mono
CCAACATAGGCTGTGC-13-s4d1,CD14+ Mono
GAAGCTAAGTAACGAG-13-s4d1,CD16+ Mono
CGTAGTTAGGCTGTGC-13-s4d1,Erythroblast
TAGCCGGGTTAACACG-13-s4d1,Erythroblast
CTTTAGGCAGTCTATG-13-s4d1,MK/E prog
GTATGTTCATTATCCC-13-s4d1,Normoblast
CCTCAATGTGGATGTC-13-s4d1,Proerythroblast
GTGCTTCTCCTAATAG-13-s4d1,CD16+ Mono
TAATCACCAACTAGCC-13-s4d1,CD14+ Mono
GTCCTCCCAACAGGTG-13-s4d1,CD14+ Mono
TATGGTCAGGGTCTAT-13-s4d1,CD14+ Mono
GCAATGAAGTAGCCAT-13-s4d1,CD14+ Mono
CACGCTAAGTCCTGAG-13-s4d1,G/M prog
GTATTCAAGCTGGACC-13-s4d1,CD14+ Mono
TTAGGCCCATAAAGCA-13-s4d1,Proerythroblast
CTGTTAAAGGTCATTA-13-s4d1,Erythroblast
GAGTATCTCAATCATG-13-s4d1,MK/E prog
TGTGATCAGGTTACAC-13-s4d1,cDC2
CATGCGCAGTAGGATG-13-s4d1,Proerythroblast
GGTATTTCAAGGTACG-13-s4d1,CD16+ Mono
GAACCTTAGTCCTTCA-13-s4d1,CD14+ Mono
AGGCAATCACCTATAG-13-s4d1,CD14+ Mono
TTCCTTGAGGGTGGAT-13-s4d1,CD14+ Mono
ATAGGTACATGTTGGC-13-s4d1,Proerythroblast
GGTAAACCACTCAACA-13-s4d1,CD14+ Mono
AGGTTAGAGGTCCGTA-13-s4d1,CD14+ Mono
ATGATGGAGCTGTAAC-13-s4d1,Erythroblast
TGAAACTGTTGCACAA-13-s4d1,CD14+ Mono
GCTAGCGGTTTAAAGC-13-s4d1,pDC
CCTTACTCACAACAGG-13-s4d1,CD14+ Mono
GGTCGGTTCAAGCTAC-13-s4d1,CD14+ Mono
CAAGACAAGTAAGAAC-13-s4d1,Proerythroblast
CTGGCTAAGGCCTTAG-13-s4d1,CD14+ Mono
CATTATGAGCATGTTA-13-s4d1,cDC2
AGCAGGTAGTTGTCCC-13-s4d1,MK/E prog
ACACCTTGTGTTGCTT-13-s4d1,pDC
TCATTTGGTTACCGGG-13-s4d1,Proerythroblast
ACTGAAACACAGGGAC-13-s4d1,pDC
TCTAAGGGTAAGCACC-13-s4d1,Proerythroblast
GCCTACTTCTGGCAAT-13-s4d1,CD14+ Mono
CTATGAGGTATTTGGG-13-s4d1,HSC
TCCTCTAAGCTAGAAG-13-s4d1,Proerythroblast
TCCTCACAGTTATGTG-13-s4d1,CD14+ Mono
GGGTTTGTCCTCATGC-13-s4d1,HSC
GGAACCTGTCACGGAT-13-s4d1,CD14+ Mono
GTTACAGGTCCTTCAG-13-s4d1,HSC
GTTTCAGCATGAGTTT-13-s4d1,G/M prog
ACTTATCTCACTAATG-13-s4d1,Proerythroblast
ATGCCTGAGTGTTGCG-13-s4d1,Erythroblast
ATTACTGAGCTGCACA-13-s4d1,Erythroblast
GGCCGTTAGTAACAGG-13-s4d1,CD14+ Mono
TGAAGCAAGCTGTAAC-13-s4d1,CD14+ Mono
CTAGTAGGTAACCTAG-13-s4d1,CD16+ Mono
AGTGTTTCAGCTCAAC-13-s4d1,CD14+ Mono
AAGCTTGGTTCGCTTG-13-s4d1,Erythroblast
CAATGACTCGTTTCTG-13-s4d1,Erythroblast
GGACAGCCAGGTCCTG-13-s4d1,CD14+ Mono
GGTAACTTCCAGGTTG-13-s4d1,Proerythroblast
CAAACAACACATAGCC-13-s4d1,Normoblast
GCAAGTGCAATACTGT-13-s4d1,Erythroblast
CAGGAAGGTATACTGG-13-s4d1,Erythroblast
TAGGCTTAGGAGTCGG-13-s4d1,CD14+ Mono
CCGGTAGGTCACGGAT-13-s4d1,CD14+ Mono
AGTGAACCAATTAACC-13-s4d1,cDC2
GTGCTGATCACTTTAC-13-s4d1,HSC
CAGGAAGGTCGCAATA-13-s4d1,CD14+ Mono
ACCAGCTCAAACCCTA-13-s4d1,cDC2
CGAATCTAGTGAGAGC-13-s4d1,Erythroblast
ACACGGACATTGTGCA-13-s4d1,Proerythroblast
GAGGTTAAGGTCGAGG-13-s4d1,CD16+ Mono
GTAGCGCTCACAGCCA-13-s4d1,HSC
GTTGTGAGTGCATTTC-13-s4d1,CD14+ Mono
CAGCATGTCATGGCTG-13-s4d1,CD14+ Mono
TAAGGACCACCGGTAT-13-s4d1,Normoblast
TTGCAACAGGCTAATC-13-s4d1,Erythroblast
CTCGACAAGCAAGACA-13-s4d1,CD16+ Mono
GCGCTAGGTTTGCGAA-13-s4d1,CD14+ Mono
GGTTCTTGTTAAGGTT-13-s4d1,CD14+ Mono
GCTGTAAGTAAACAAG-13-s4d1,Erythroblast
ATGTCCACACGTTACA-13-s4d1,CD14+ Mono
AGGTCATTCTTTGTAC-13-s4d1,Proerythroblast
CGTGGTTCAAGACTCC-13-s4d1,Normoblast
CTAATTGAGCTCATAA-13-s4d1,CD14+ Mono
GGATTATGTGTGTGGT-13-s4d1,G/M prog
CAAGACAAGTAACGAG-13-s4d1,pDC
GCTATCCTCGGTCATG-13-s4d1,CD14+ Mono
CTTGTTCCACATTGCA-13-s4d1,CD16+ Mono
GTGCAAGCACTTACAG-13-s4d1,Proerythroblast
GGAGCATAGACACCGC-13-s4d1,Proerythroblast
CTGGTCAAGGAAACTG-13-s4d1,CD14+ Mono
AAGCATGAGCTTAACA-13-s4d1,G/M prog
GCGGGTTTCCGGAACC-13-s4d1,MK/E prog
CTGTAACAGGGTTAGA-13-s4d1,CD16+ Mono
TATAACCCATCACTTC-13-s4d1,CD14+ Mono
GTGTGTTAGGCAAGTA-13-s4d1,CD14+ Mono
GGCTCACAGTCACCAG-13-s4d1,CD16+ Mono
CTTCTCAAGGAAGTAT-13-s4d1,CD16+ Mono
TGATGACTCAATTGGC-13-s4d1,HSC
GGTAAGGGTATTTGCC-13-s4d1,Normoblast
ATTAGTCCACCGGTAT-13-s4d1,HSC
TGTATCCGTGCTTAGA-13-s4d1,CD14+ Mono
AACTCACAGCGCCTAA-13-s4d1,Proerythroblast
CTACGAAGTTGCACAA-13-s4d1,HSC
CCTGTATGTAAAGCGG-13-s4d1,MK/E prog
TGTGTTAAGGTATTGC-13-s4d1,HSC
GCTTTACGTGGTTAGC-13-s4d1,G/M prog
AGGATGTCAGGAAGCC-13-s4d1,CD14+ Mono
TTGGCGGGTAATGACT-13-s4d1,CD14+ Mono
GTATTCAAGCCTCTGT-13-s4d1,CD16+ Mono
CGATTCCTCCCTGATC-13-s4d1,Proerythroblast
CCATAAATCTTAGTCT-13-s4d1,CD14+ Mono
ATATGTCCAAAGCGCA-13-s4d1,Erythroblast
GGTGCTTCACCAGGTT-13-s4d1,cDC2
GATTCAGGTAGGTGTC-13-s4d1,CD16+ Mono
TCTGGCTTCCTCACAC-13-s4d1,Erythroblast
GTTCATTTCAGGAACA-13-s4d1,Erythroblast
CTTAGGAGTGCTAGCG-13-s4d1,HSC
GCGCGATTCTGCAACG-13-s4d1,cDC2
CGCTCCATCCTGAATA-13-s4d1,CD14+ Mono
ACGACAAAGCCTGGTA-13-s4d1,CD14+ Mono
GAGTATCTCGGTTAGT-13-s4d1,CD14+ Mono
CCTTAACGTCAAAGAA-13-s4d1,CD16+ Mono
CTGCTCCCACTGACTA-13-s4d1,CD16+ Mono
TGATCAATCTGTTGCC-13-s4d1,CD14+ Mono
CGGTTTCTCTTAGCGG-13-s4d1,CD16+ Mono
AGCTGCTCAAGCTTAT-13-s4d1,CD16+ Mono
TAGTGTGGTGCCGCAA-13-s4d1,CD14+ Mono
GCAAGTCGTTGTCCAT-13-s4d1,MK/E prog
CGCGGATTCCATAAGC-13-s4d1,CD14+ Mono
AGAATCGAGCCTGACA-13-s4d1,CD14+ Mono
AGACAATAGAGAGCCG-13-s4d1,Erythroblast
CACTGACCACAAAGGT-13-s4d1,Proerythroblast
GCGTTTCTCCAGGTTG-13-s4d1,Proerythroblast
GGCCTAATCTAGCTAA-13-s4d1,CD14+ Mono
TAGTTGTCAATCGCAC-13-s4d1,cDC2
TCCGGAATCGCTCACT-13-s4d1,CD16+ Mono
CGTTAGTAGGCTATGT-13-s4d1,Erythroblast
TGATTAGTCTTGGACG-13-s4d1,Normoblast
GCCAGGAAGCCGGTAC-13-s4d1,CD16+ Mono
GCAGGTTGTGTTGTGA-13-s4d1,CD14+ Mono
CTGTTTAGTGGATTAT-13-s4d1,Proerythroblast
AGTTTGCAGGCAGGTG-13-s4d1,HSC
TCACTGACAGCAACAG-13-s4d1,Erythroblast
CATAGCTAGATAGACG-13-s4d1,CD14+ Mono
GCCATTACATAAGTTC-13-s4d1,Proerythroblast
TAGCTTGCATCTTGAG-13-s4d1,Erythroblast
GTTTACCGTTTACCGT-13-s4d1,HSC
AAATGCCTCACAGCCA-13-s4d1,CD14+ Mono
TGACCAAGTTTGTCTA-13-s4d1,CD14+ Mono
ACACGGACATAATGTC-13-s4d1,CD14+ Mono
CCAGCTAAGCCGGTAC-13-s4d1,CD14+ Mono
GGCCGTTAGCCTGAGC-13-s4d1,CD14+ Mono
CCGGTAGGTTTAGTCC-13-s4d1,Proerythroblast
GGTATGTTCATGCTTT-13-s4d1,CD14+ Mono
AGGACGTAGTAAGTCC-13-s4d1,CD14+ Mono
GGTATGTTCATAATCG-13-s4d1,CD14+ Mono
AATTACCCATTGTCAG-13-s4d1,Proerythroblast
ATTGCTCGTTAGCTGA-13-s4d1,Erythroblast
GGAGTGAGTAAACAAG-13-s4d1,CD14+ Mono
TGGACAAAGATTGAGG-13-s4d1,Erythroblast
CTCATTTAGCTGGACC-13-s4d1,cDC2
GATTGCAGTCATCCTG-13-s4d1,Normoblast
TTGTCAAAGAACCTAC-13-s4d1,CD14+ Mono
TTGCAACAGAGCCGCT-13-s4d1,CD14+ Mono
GACTTGGTCATTGCGG-13-s4d1,Proerythroblast
AACCTAATCCTTAGGG-13-s4d1,Proerythroblast
GGGCATGAGTTATCCT-13-s4d1,G/M prog
CGTTAGGTCTAGCGAT-13-s4d1,Erythroblast
TTGTCCATCATGCGTG-13-s4d1,CD14+ Mono
CAGCCAATCTTGCTAT-13-s4d1,Erythroblast
TATGGCCCAGGCTTGT-13-s4d1,Erythroblast
GAAACTGAGGGCTTAT-13-s4d1,MK/E prog
TCCGGAATCCCTCGCA-13-s4d1,cDC2
AGTGAACCACAGCCTG-13-s4d1,Normoblast
CCTACTTCACAGCCTG-13-s4d1,HSC
TAGCGCGGTTGCACGG-13-s4d1,Erythroblast
GTACTAGGTTAACAGT-13-s4d1,Erythroblast
CATAAGCTCCAAGTTA-13-s4d1,Proerythroblast
GCTAGCTCAAATTGCT-13-s4d1,Erythroblast
GATTGCAGTGTTTGTC-13-s4d1,CD14+ Mono
AGGCAATCAACCCTCC-13-s4d1,pDC
ACGCACGGTACCGGAT-13-s4d1,Proerythroblast
TGCTAACAGGTAAGGC-13-s4d1,CD14+ Mono
CCTGTAACAACAGGTG-13-s4d1,CD14+ Mono
TGTCCTTCAGTAAGTA-13-s4d1,CD14+ Mono
GATGCAGCACAGCCAT-13-s4d1,Erythroblast
TCAAGGTTCCTAAATG-13-s4d1,CD14+ Mono
TAATCACCACAGGAAT-13-s4d1,Proerythroblast
AGCCTCCGTTTAGTCC-13-s4d1,Erythroblast
TTAGGCGTCCAAGTTA-13-s4d1,Erythroblast
GTAGGCGAGCGTGCGT-13-s4d1,pDC
GTCGCAATCTTGTTCG-13-s4d1,G/M prog
TACCAGGTCTTGATGA-13-s4d1,Proerythroblast
CTTTGGGAGCACTTGG-13-s4d1,CD16+ Mono
CAAGTGAAGGATTTGC-13-s4d1,MK/E prog
TGAACAACATTAAAGG-13-s4d1,pDC
TGTGCGCAGAAGGTGC-13-s4d1,MK/E prog
CCAGCCTGTCCGTAGG-13-s4d1,Proerythroblast
CTGTAACAGCGCATTG-13-s4d1,pDC
TCCTTCAAGTGAAGTG-13-s4d1,CD14+ Mono
GGTCGGTTCATCCTAT-13-s4d1,Erythroblast
GTGCTGATCGCTAGAT-13-s4d1,CD14+ Mono
TCGTAATCACCTATAG-13-s4d1,CD14+ Mono
GGATTCAGTACGTTTC-13-s4d1,CD16+ Mono
TCTCACCAGGCTACAT-13-s4d1,G/M prog
AGAATCGAGGATTGAG-13-s4d1,CD14+ Mono
CTGACCAAGTCATGCG-13-s4d1,CD14+ Mono
TTACAGCAGGTAACGA-13-s4d1,Proerythroblast
GCTGAGGAGCGTGCGT-13-s4d1,CD16+ Mono
TACCTTTAGGACACTT-13-s4d1,CD14+ Mono
CGAATATGTCCTAAGA-13-s4d1,Erythroblast
TACCCGGCACGAATCC-13-s4d1,CD14+ Mono
ATTGTGATCTGTAAGC-13-s4d1,CD14+ Mono
GACATTATCGGTACGC-13-s4d1,Proerythroblast
GTACCGGGTAGTTAAC-13-s4d1,Proerythroblast
TGGGCCTAGTGAAGTG-13-s4d1,CD16+ Mono
ATCATGTCAATCGCAC-13-s4d1,Erythroblast
AATCTTGAGTCATTTC-13-s4d1,CD14+ Mono
AATTGGGAGTGAACGA-13-s4d1,Erythroblast
TCAGGAGCAACTAGGG-13-s4d1,cDC2
TGCTCCGTCGGTCAGC-13-s4d1,CD14+ Mono
CACTAGCCAAGCTACC-13-s4d1,Erythroblast
GTTGTTGCAGCACGTT-13-s4d1,Proerythroblast
ATGCGATTCGCTAGTG-13-s4d1,Erythroblast
GTCTAACAGGAACCAA-13-s4d1,Proerythroblast
CGACTAAGTGGGTGAA-13-s4d1,CD14+ Mono
ATCCGTGAGTAAGAAC-13-s4d1,Erythroblast
ACCCGTAAGGACCTGC-13-s4d1,MK/E prog
CAAACTGGTCGTTACT-13-s4d1,Proerythroblast
TACCGAAGTATTGGTG-13-s4d1,CD14+ Mono
TGTGGAGCAATTGAGA-13-s4d1,CD14+ Mono
GGAAGCTAGGTTACGT-13-s4d1,Erythroblast
GGTCCATCAGGACCAA-13-s4d1,Erythroblast
ACTTGAATCTTTGAGA-13-s4d1,pDC
CGTCCTAGTTTGGGTA-13-s4d1,MK/E prog
CAGCTCAAGACAGGTA-13-s4d1,CD16+ Mono
TAAGCCAGTTCGGTAA-13-s4d1,CD16+ Mono
GACTAATGTATTTGCC-13-s4d1,CD14+ Mono
TGAACAACAGCTAATT-13-s4d1,Erythroblast
TGCTTCATCACGCGGT-13-s4d1,CD14+ Mono
AATCCGTAGGGTGGAT-13-s4d1,pDC
ACAAAGGTCGATTTAG-13-s4d1,MK/E prog
GTGTGTTAGCGGGCAA-13-s4d1,CD14+ Mono
CCAACCAAGCCGCTTT-13-s4d1,CD16+ Mono
TCCTTAGTCGGTCAGC-13-s4d1,HSC
CGCATATAGAGAGGAG-13-s4d1,CD14+ Mono
TCTGTGACAGCAAGAT-13-s4d1,Erythroblast
TGTGCTGAGCCAGTAT-13-s4d1,CD14+ Mono
ACGCCTTTCAGTATTG-13-s4d1,pDC
AAGTTACGTCCAAATG-13-s4d1,Normoblast
CACGCTAAGACAAGTG-13-s4d1,CD16+ Mono
GTTAATGTCTCACACC-13-s4d1,CD14+ Mono
TCGTAATCATTGCGTA-13-s4d1,Proerythroblast
TAGGAACCACAGACTC-13-s4d1,CD16+ Mono
AATTGCCAGCTTGCTC-13-s4d1,MK/E prog
GCTCATTGTAAGCACC-13-s4d1,CD14+ Mono
CGATTATCAACGTGCT-13-s4d1,Proerythroblast
CTAAGTCAGCAAGACA-13-s4d1,CD14+ Mono
GAACCGCTCTTCAATC-13-s4d1,CD14+ Mono
AGGTAACCAATTGCGC-13-s4d1,CD14+ Mono
TTAAGGACACATTGCA-13-s4d1,CD16+ Mono
TCTAGCACAGCATGAG-13-s4d1,Erythroblast
GGAGCGATCGCTTCTA-13-s4d1,Erythroblast
GTTCCCAGTTTGAGCA-13-s4d1,CD14+ Mono
GATGGACAGCCTCTCG-13-s4d1,Erythroblast
CTGGTAAGTATTGGTG-13-s4d1,CD14+ Mono
ATTCCTCCATAAAGCA-13-s4d1,Proerythroblast
AACTACTCACATAGCC-13-s4d1,Erythroblast
CAGGCTATCGCACACA-13-s4d1,Proerythroblast
GCAGGACCAACTAGAA-13-s4d1,Erythroblast
CGCCAAATCAATGTCA-13-s4d1,CD14+ Mono
GGATGGCCAGAGGGAG-13-s4d1,CD14+ Mono
TACCTCATCACTAGGT-13-s4d1,CD14+ Mono
GCTTATCGTTCTTTAG-13-s4d1,Erythroblast
CCATTGTGTAGACAAA-13-s4d1,CD14+ Mono
GTACTGGTCGTCAAGT-13-s4d1,CD14+ Mono
TGAGGCACAAAGCTAA-13-s4d1,CD14+ Mono
CTATGACAGAACCTAC-13-s4d1,Erythroblast
GTTAAGCTCAATCATG-13-s4d1,CD14+ Mono
GGTGCTTCAATTAGCT-13-s4d1,MK/E prog
TGCTTCATCAAACACC-13-s4d1,CD14+ Mono
CTGTTCATCCTAATTC-13-s4d1,CD14+ Mono
TTGGCTGAGAGGAGTC-13-s4d1,G/M prog
CTGTAACAGCCAAATC-13-s4d1,Erythroblast
GCACTTACATTATGAC-13-s4d1,G/M prog
CGATCCTTCGCTAGCA-13-s4d1,G/M prog
CTCATTTAGTAAAGGT-13-s4d1,G/M prog
GTAAGGTCATGAATCT-13-s4d1,Proerythroblast
GGAATCTTCCGTCCAT-13-s4d1,CD14+ Mono
TATTTGGAGCTATGAC-13-s4d1,Erythroblast
AAGGTATAGTCATCCC-13-s4d1,pDC
GTTGGAGCAATGAATG-13-s4d1,CD14+ Mono
TGCTTCATCCTCAGTC-13-s4d1,CD14+ Mono
CTGGTAAGTAACCTAG-13-s4d1,cDC2
GCACATTAGTTAGTTG-13-s4d1,HSC
CAGAACCGTAATAACC-13-s4d1,Proerythroblast
CACTAGCCATGTCAGC-13-s4d1,pDC
GAGCCTTCAGCCTGCA-13-s4d1,CD14+ Mono
GGTCATTAGTTGGATC-13-s4d1,CD14+ Mono
TACCCGGCATAGCAGG-13-s4d1,CD14+ Mono
GGTACTTAGACCATAC-13-s4d1,CD16+ Mono
GTCGCAATCCTCACAC-13-s4d1,Erythroblast
TTTGTGAAGTAGCTTA-13-s4d1,CD14+ Mono
CAGCATGTCACCTGTC-13-s4d1,Erythroblast
ACGGGAAGTAACCTAG-13-s4d1,CD16+ Mono
CGTGCTGCAGTAAAGC-13-s4d1,CD14+ Mono
AATGCGCGTTAACACG-13-s4d1,CD14+ Mono
CAGCTCAAGTTTGGGT-13-s4d1,G/M prog
GTCTATGCACATGCTA-13-s4d1,CD14+ Mono
AATTTCCTCGCCTAAG-13-s4d1,G/M prog
TTGCTCTCAATAGCCC-13-s4d1,CD14+ Mono
CATAGGTTCTTAGTGA-13-s4d1,Erythroblast
GGAGGTTAGCATGTTA-13-s4d1,CD14+ Mono
ATCCAACAGCGAGTAA-13-s4d1,CD16+ Mono
GCCTCAAAGAGAGCCG-13-s4d1,CD14+ Mono
AATTTCCTCCGCAAAT-13-s4d1,cDC2
ATCAATCCACGAACAG-13-s4d1,CD14+ Mono
GTCTAGCCAAGGTAAC-13-s4d1,MK/E prog
GTATGTTCATGACTAT-13-s4d1,pDC
AAGCGTTTCCTCAGTC-13-s4d1,MK/E prog
TGGTAAACAAACCCTA-13-s4d1,CD14+ Mono
GCCCGTTGTTTAGCGA-13-s4d1,CD14+ Mono
GAGCTAGCAGGCTAGA-13-s4d1,CD16+ Mono
GCGGTTGGTGCAACTA-13-s4d1,Erythroblast
CTACGAAGTGATGAAA-13-s4d1,pDC
CCAATATCATGCTTAG-13-s4d1,Erythroblast
AAGGATGTCTCCTCTT-13-s4d1,CD14+ Mono
AATTGTGTCATGAAGG-13-s4d1,Proerythroblast
TATAGCCAGTGAAGTG-13-s4d1,Erythroblast
CGTAACTAGTTATCTC-13-s4d1,CD14+ Mono
CTATTCAGTGCGCGTA-13-s4d1,CD14+ Mono
ACCCAACCAACCCTCC-13-s4d1,pDC
CATTGTGCACCTGTAA-13-s4d1,CD16+ Mono
GCCAGGTTCTTAGTCT-13-s4d1,G/M prog
CTATTACTCACCAATA-13-s4d1,MK/E prog
CATTCATTCATGACCG-13-s4d1,Erythroblast
AGAAACCCAGGAACCA-13-s4d1,Proerythroblast
TTTAAGCCATGCTTAG-13-s4d1,cDC2
AATTTGGTCACAAGCT-13-s4d1,CD14+ Mono
CAGCATTAGACAGGCG-13-s4d1,CD14+ Mono
ACGCCTAAGGCATTGT-13-s4d1,CD14+ Mono
TCGCGAGGTCCTTTAA-13-s4d1,CD16+ Mono
GATCAAGAGTAGGCGG-13-s4d1,G/M prog
AATTGGACATTGTCAG-13-s4d1,Proerythroblast
TTTAACGAGTTAGTTG-13-s4d1,CD14+ Mono
GTTGCCCGTTATCGAG-13-s4d1,Proerythroblast
TTATCCTAGGAACCAA-13-s4d1,Erythroblast
CGCAATCCAGTAGCCT-13-s4d1,CD16+ Mono
TGCTTCCAGGCGAATA-13-s4d1,Normoblast
CGAACAAAGTACCGCA-13-s4d1,Erythroblast
GTTAGACTCATCCACC-13-s4d1,G/M prog
GGACATAAGTAATCCA-13-s4d1,CD16+ Mono
GAAGTATAGGACTTAC-13-s4d1,Proerythroblast
TAGTACGGTGGACATC-13-s4d1,Erythroblast
GCAATGAAGCTAAAGG-13-s4d1,pDC
ATTCCGGAGAGAAGGG-13-s4d1,Erythroblast
AAGGCCCTCCGCTAGA-13-s4d1,G/M prog
CGATTTGCACAAAGGT-13-s4d1,CD14+ Mono
GCAGGCTTCTAATCCT-13-s4d1,MK/E prog
GTATTGATCCTCACTA-13-s4d1,Normoblast
TACCAAATCGGTTACG-13-s4d1,Erythroblast
CTGGCTAAGCGTGCGT-13-s4d1,CD14+ Mono
CCCAGTTTCAATCATG-13-s4d1,CD14+ Mono
CGGTGAGAGTTAGCCG-13-s4d1,CD16+ Mono
ACCAGGCTCATGCTCC-13-s4d1,HSC
ACGTCAAGTTTCCGGC-13-s4d1,CD16+ Mono
GACTATTCATCCTAGA-13-s4d1,CD14+ Mono
AATCATGTCCTGCGAA-13-s4d1,cDC2
CATCATGCACATTGCA-13-s4d1,CD14+ Mono
TTGGCTGAGTGGCGGA-13-s4d1,CD14+ Mono
TCCATGCTCGCTAAGT-13-s4d1,MK/E prog
TCATGTTTCCCGCATT-13-s4d1,Erythroblast
CGGTGAGAGCGTGCAC-13-s4d1,CD16+ Mono
GCACGGTTCCCTGGTT-13-s4d1,CD14+ Mono
GGCATGGAGTCGCTAG-13-s4d1,cDC2
TCAGTGAGTTGCACGG-13-s4d1,Erythroblast
AGGCGGATCATGGTGT-13-s4d1,Erythroblast
GCCCATAAGCTATTAG-13-s4d1,pDC
CTTTGTCCAGTGAACG-13-s4d1,cDC2
CTCTATGTCATGTCAA-13-s4d1,Erythroblast
CAATCCTGTGCAATGC-13-s4d1,CD14+ Mono
CATAGGCGTGAGGTGA-13-s4d1,Proerythroblast
CCAAATCAGAAAGGAA-13-s4d1,CD14+ Mono
CAAGTAACAACTAGCC-13-s4d1,G/M prog
AGTGTTTCATCCCTCA-13-s4d1,Normoblast
AGGAACGGTGTTTGTC-13-s4d1,MK/E prog
AATTTGGTCTAACCAA-13-s4d1,CD14+ Mono
CTACAACAGGCACAGG-13-s4d1,G/M prog
TGATCAATCCCATAAA-13-s4d1,CD16+ Mono
CACTTAAAGCTGTAAC-13-s4d1,CD14+ Mono
TGGTGATTCGTTACAA-13-s4d1,Erythroblast
ATCAGGTTCGAGCTAT-13-s4d1,CD14+ Mono
ATCAGGTTCCGTGACA-13-s4d1,Erythroblast
GAGGCAAGTAAATTGC-13-s4d1,Erythroblast
AATTAGGCATTTAAGC-13-s4d1,MK/E prog
ACCCGCTGTTCCGGGA-13-s4d1,CD14+ Mono
CAGGCTGGTAATAGCT-13-s4d1,HSC
ATCCATAAGAGGCTAA-13-s4d1,Proerythroblast
TAGGCTTAGGTGTTAC-13-s4d1,CD14+ Mono
GAACCTGTCATGTCAA-13-s4d1,Erythroblast
TTTAGGATCCTTCAAT-13-s4d1,Proerythroblast
CACATACAGCGATAAG-13-s4d1,MK/E prog
GAGTTGCGTTGCGGAT-13-s4d1,CD14+ Mono
ACGATTCAGGAACCGG-13-s4d1,Proerythroblast
AGCACTAGTCCTAGTT-13-s4d1,Proerythroblast
CATTCCTCATTAAGTC-13-s4d1,CD14+ Mono
AGTTTGATCGCTAAAC-13-s4d1,CD14+ Mono
CTGAAACTCAAGCTAC-13-s4d1,Erythroblast
TGGTGATTCGCCTAAG-13-s4d1,CD14+ Mono
TTAGCGGTCCTAAGGT-13-s4d1,Erythroblast
AAACCGGCAACCTGGT-13-s4d1,G/M prog
GTAGCGCTCGGTTCCT-13-s4d1,Proerythroblast
TTGCAAGGTGTTGTAG-13-s4d1,Erythroblast
CGGTTATAGCTGAGGG-13-s4d1,MK/E prog
ATTGAAGCAAGGATTA-13-s4d1,MK/E prog
GATCGCTCAAACTGTT-13-s4d1,cDC2
TCAGTAATCCGCAAGC-13-s4d1,MK/E prog
TATGTGATCTCACACC-13-s4d1,CD14+ Mono
AGCTTGGTCATGGTGT-13-s4d1,Erythroblast
GTTCACCTCCGGTTGA-13-s4d1,CD14+ Mono
GAGTCAAAGCTCAAAC-13-s4d1,CD14+ Mono
AGTAACACAATAATCC-13-s4d1,CD14+ Mono
GTCATGCCAAGCCAGA-13-s4d1,CD16+ Mono
CCGCTAGCACAAAGAC-13-s4d1,Erythroblast
TCGTAATCATCGCTTT-13-s4d1,CD14+ Mono
TAGTGTGGTTTGAGCA-13-s4d1,CD16+ Mono
TACTGCACACAACAGG-13-s4d1,cDC2
ATGGTCTAGTTAGCTA-13-s4d1,CD14+ Mono
ATGCTTAAGGGTCCAC-13-s4d1,Proerythroblast
TGGATTCAGGTAACGA-13-s4d1,CD14+ Mono
ATCCTGACAAGGTGCA-13-s4d1,CD14+ Mono
AATTGGACAAGCGATG-13-s4d1,Proerythroblast
AGCGTGCTCCAGGTCA-13-s4d1,Proerythroblast
TACGTTAAGGTCCTGA-13-s4d1,Erythroblast
GAGCTGCTCTAACCAA-13-s4d1,pDC
TACCCGGCACTGACTA-13-s4d1,CD14+ Mono
ACTTTGTTCGTTAACA-13-s4d1,CD14+ Mono
TGTCATAAGGATAAAC-13-s4d1,CD16+ Mono
ATGAAGCCACTTAACG-13-s4d1,G/M prog
TACGGATTCACGCATG-13-s4d1,CD16+ Mono
AGCCTCCGTTGAGCCG-13-s4d1,CD14+ Mono
TTCACTGTCTAATCAG-13-s4d1,Proerythroblast
TCCATGCTCTAATCAG-13-s4d1,Proerythroblast
CTCCAACTCATTTGCT-13-s4d1,Normoblast
TAAGTGCTCAATACGC-13-s4d1,CD14+ Mono
TAGTAAGCAAAGGTAC-13-s4d1,G/M prog
GCCTTAACATGTTGGC-13-s4d1,CD14+ Mono
GAGCTGCTCGCGCTAA-13-s4d1,CD16+ Mono
GAGGTTAAGGATGATG-13-s4d1,CD14+ Mono
GAAACCCGTTTAGTCC-13-s4d1,CD14+ Mono
TATGAAGCATAATGTC-13-s4d1,CD14+ Mono
GCAGCTATCCTGAGTG-13-s4d1,Erythroblast
AACGGTAAGAGAGGAG-13-s4d1,HSC
GCGCAAACAGCACGTT-13-s4d1,CD14+ Mono
AGATGAAGTATTGAGT-13-s4d1,CD14+ Mono
TAATCCGCAGTTTACG-13-s4d1,CD16+ Mono
AGCTAAACAAATTGCT-13-s4d1,pDC
CGGTTTGAGTACCGCA-13-s4d1,cDC2
CATAAGCTCCCTCGCA-13-s4d1,Erythroblast
GGTCATTAGTGTTGTA-13-s4d1,CD16+ Mono
AGAAACCCAATGAGGT-13-s4d1,CD14+ Mono
TTTCTTGCACCAAAGG-13-s4d1,CD14+ Mono
TAATTGCCATGCATAT-13-s4d1,CD14+ Mono
CCTAGTTGTGAAACAA-13-s4d1,pDC
AGGTCTTAGTCACTCC-13-s4d1,Proerythroblast
ATGGACAAGGAGGTTA-13-s4d1,CD14+ Mono
AAAGGTTAGCTATGAC-13-s4d1,Erythroblast
TACAGCTAGCGGATTT-13-s4d1,Erythroblast
CTTTGGTGTCATCATC-13-s4d1,CD14+ Mono
GGCCTTAAGGCGGGTA-13-s4d1,cDC2
CCCGTTGTCCATAATG-13-s4d1,HSC
GTCCGTAAGGTAGCTT-13-s4d1,CD14+ Mono
AGATGAAGTCGCGCAA-13-s4d1,Erythroblast
ACTTAGTCACATAACT-13-s4d1,CD14+ Mono
GTACTTAAGACTAAGG-13-s4d1,CD14+ Mono
CGGAATCGTTTGGTTC-13-s4d1,CD14+ Mono
ACCACACCATTTGCTC-13-s4d1,Erythroblast
AATTGGACAGCAAGTG-13-s4d1,CD14+ Mono
AACAAGCCAATATACC-13-s4d1,MK/E prog
AATGCGCGTTGAGCCG-13-s4d1,G/M prog
ACGCTTGAGGTGTCCA-13-s4d1,G/M prog
TTATAGCCAAGGTCCT-13-s4d1,Proerythroblast
CTACGAAGTACAAAGA-13-s4d1,cDC2
AACCTCACAAGGTACG-13-s4d1,CD14+ Mono
GAACCAAAGGAACCAA-13-s4d1,Erythroblast
TGTGTGAGTTGCCTCA-13-s4d1,Proerythroblast
GGTCCGTAGTATTGGC-13-s4d1,cDC2
AGCCGCTAGGTGAAAT-13-s4d1,Erythroblast
GCAGGTGAGAGGAAGG-13-s4d1,CD14+ Mono
TACATCAAGCGGTTAT-13-s4d1,cDC2
TGTGATCAGCGTGCGT-13-s4d1,G/M prog
CCTACTGGTGTTGTGA-13-s4d1,Erythroblast
GGATGTAAGCTAATCA-13-s4d1,G/M prog
TAACAAGCACATTAAC-13-s4d1,CD14+ Mono
ATCACTAAGGCGAATA-13-s4d1,Proerythroblast
CTAATTGAGGTCCAAT-13-s4d1,CD14+ Mono
TTGCGAGTCACTTCAT-13-s4d1,G/M prog
ATTCGTTTCAGGAAGC-13-s4d1,Normoblast
GCTGGTTCAGCTTAAT-13-s4d1,CD14+ Mono
TTTGCGACAATAATCC-13-s4d1,Erythroblast
CTTTGAGCACATAACT-13-s4d1,pDC
ACGCCTAAGGCTACTG-13-s4d1,pDC
CAAACACTCATGACCG-13-s4d1,CD14+ Mono
CTAGTAGGTTTGTCTA-13-s4d1,CD14+ Mono
GAGTGTTTCCTTGTTG-13-s4d1,CD14+ Mono
TAGTAAGCAAGCGAGC-13-s4d1,CD14+ Mono
GAAACCCGTAATGGCC-13-s4d1,CD14+ Mono
CTTCGCGTCATTAGCA-13-s4d1,G/M prog
GATGCTTAGTTGGATC-13-s4d1,Proerythroblast
CTGGCTAAGACAACAG-13-s4d1,CD14+ Mono
TCAAGGTTCGCTATGG-13-s4d1,CD16+ Mono
ACGACTTAGCATTATG-13-s4d1,cDC2
AAGCCTCCAATAAGCA-13-s4d1,CD16+ Mono
AGAATCTGTTCAAGAT-13-s4d1,CD14+ Mono
ATGGTTATCGCTAGTG-13-s4d1,CD14+ Mono
GATCAGGCATTATGGT-13-s4d1,MK/E prog
AGTGGACAGCTGGCTA-13-s4d1,pDC
CCTGTAACAGGGAGCT-13-s4d1,Erythroblast
AAGCCTGTCCAATAGC-13-s4d1,Erythroblast
ACCACACCATCAGTAT-13-s4d1,pDC
TCCCGTTAGCTGTACG-13-s4d1,CD14+ Mono
ATTCACTTCATCCTGC-13-s4d1,Proerythroblast
GATTAGCTCATGCGTG-13-s4d1,CD14+ Mono
CTGCTCCCACAGGATG-13-s4d1,CD14+ Mono
CGAATCTAGGTACCGC-13-s4d1,Erythroblast
GCGGAACCAGCTTACA-13-s4d1,CD14+ Mono
GAAGTAAGTCCAAGAC-13-s4d1,CD16+ Mono
ACCCGTAAGCAACATC-13-s4d1,Erythroblast
AAACGCGCAATTATGC-13-s4d1,CD16+ Mono
TACAGCTAGTGACCTG-13-s4d1,cDC2
AATAGAGGTTGAAGCC-13-s4d1,cDC2
CATTCATTCCTGCGAA-13-s4d1,CD14+ Mono
GATTGGTTCGCACACA-13-s4d1,Erythroblast
GGCATGGAGCCTTAAA-13-s4d1,CD14+ Mono
AGGACGTAGTATTGGC-13-s4d1,Erythroblast
TCTAACTTCATGACCG-13-s4d1,CD14+ Mono
CAAGACAAGAACCTAC-13-s4d1,CD16+ Mono
TCCAGGATCCAAGTGT-13-s4d1,CD14+ Mono
TGCTAACAGCGAGGTG-13-s4d1,Erythroblast
TGGCCTGCATCCTAGA-13-s4d1,CD16+ Mono
AATACCGGTATCTGGA-13-s4d1,CD14+ Mono
ACCATTAAGGACGTAA-13-s4d1,Proerythroblast
CAAGGTTTCCGTTAAA-13-s4d1,Erythroblast
CCGCTTAGTCGAAGTC-13-s4d1,pDC
CAGGACACAAAGCTCC-13-s4d1,CD14+ Mono
AGAACCAAGTAAGTCC-13-s4d1,Proerythroblast
AGCTAGTTCATCCACC-13-s4d1,G/M prog
GAGTTACTCAAGGACA-13-s4d1,HSC
TCAGTAATCTTAGTCT-13-s4d1,CD14+ Mono
AGCGCTCAGAGAGGCT-13-s4d1,CD14+ Mono
TCCATTGTCTGTTGCC-13-s4d1,Erythroblast
GAGTTACTCACGCGGT-13-s4d1,CD14+ Mono
ATTCCTCCACTCGCTC-13-s4d1,CD14+ Mono
GATGCTTAGCTGTCAG-13-s4d1,Proerythroblast
TCAAGACTCCGGTTAG-13-s4d1,CD16+ Mono
TAGTTTGAGGATCACT-13-s4d1,MK/E prog
CGGATAAAGGTCATTA-13-s4d1,CD14+ Mono
GTTTGTTTCCGCACAA-13-s4d1,Erythroblast
GGTCCTGCATGTGGGA-13-s4d1,CD16+ Mono
GAACGAATCCAATTAG-13-s4d1,Erythroblast
GGACGAAGTCCTCCAA-13-s4d1,cDC2
CCTATATTCACGCGGT-13-s4d1,CD14+ Mono
GTTACGTAGCACAGGG-13-s4d1,CD16+ Mono
ATGACAACAAGTAAGC-13-s4d1,CD16+ Mono
CTGCTATGTGCTTAGA-13-s4d1,CD16+ Mono
GTAGTTATCTTTAAGG-13-s4d1,CD14+ Mono
ATCTATGAGTTGTCTT-13-s4d1,Proerythroblast
CACGCTAAGCTCATAA-13-s4d1,CD14+ Mono
AAACATGCATTGTTGG-13-s4d1,pDC
GCTCAACCACTATGGC-13-s4d1,G/M prog
GGTCTTTGTTGTTGGA-13-s4d1,Normoblast
GGTGAGGTCCATTACT-13-s4d1,Erythroblast
GAGCATGCAGCACGAA-13-s4d1,CD14+ Mono
TACTGCACAGTTTGTG-13-s4d1,CD16+ Mono
GACGTAAAGGTCCTGA-13-s4d1,pDC
CTTCACTCACATTGCA-13-s4d1,Proerythroblast
ACGTCAAGTCACAAAT-13-s4d1,G/M prog
CGTAGTTAGCTATGAC-13-s4d1,CD14+ Mono
CTGTATTTCAATCTCT-13-s4d1,MK/E prog
ACCTTCCAGAGAGGCT-13-s4d1,CD14+ Mono
CCGGTAGGTTGGTTAG-13-s4d1,Erythroblast
GTAAGCAAGCGCCTAA-13-s4d1,CD14+ Mono
GTAGGTGCACTAAGAA-13-s4d1,HSC
GATTCGCCACCGTTCC-13-s4d1,Proerythroblast
CGCTTCTAGATTCCTT-13-s4d1,CD14+ Mono
GTGTCCAAGTGGACAA-13-s4d1,CD14+ Mono
AGGTTGCGTCGTAAAT-13-s4d1,CD16+ Mono
TCAAGTATCACCATTT-13-s4d1,CD14+ Mono
GGGCCTAGTGCATTAG-13-s4d1,CD14+ Mono
TCTCAAGCAAAGGTAC-13-s4d1,CD14+ Mono
GAAGTATAGCAGCTAT-13-s4d1,CD14+ Mono
GAGCTTGTCGGCCAGT-13-s4d1,MK/E prog
TTGACTAAGTTCCTCA-13-s4d1,CD14+ Mono
CCACATTGTTCGCTTG-13-s4d1,Normoblast
CCAGCTGCATAAGTTC-13-s4d1,Erythroblast
CGAACAAAGTTATTCC-13-s4d1,MK/E prog
CGTAGTTAGTAACTCA-13-s4d1,Erythroblast
GTTTCAGCATAAGGAC-13-s4d1,Proerythroblast
CATCAGCCACTTCACT-13-s4d1,Erythroblast
AGCTAACTCGAGGTGG-13-s4d1,Proerythroblast
GGCTATGTCTAGCTTT-13-s4d1,HSC
TGGCTATAGGCTGGCT-13-s4d1,cDC2
CCAGACTCATTAAGCT-13-s4d1,Proerythroblast
CAAGGTTTCTCGACCT-13-s4d1,MK/E prog
TGTTGTAAGCAAACCT-13-s4d1,CD14+ Mono
TCATTGCGTGCTAGCG-13-s4d1,Proerythroblast
GAATTTGTCCTAATTC-13-s4d1,CD14+ Mono
CTAGCTGAGAGCCGCT-13-s4d1,cDC2
GAGTATCTCAGGAAGC-13-s4d1,CD14+ Mono
CGTGCACAGTATTGCA-13-s4d1,CD14+ Mono
AGCAAATAGGTTTGCG-13-s4d1,Erythroblast
GTTTAGCAGGACACTT-13-s4d1,CD14+ Mono
GCATCCTTCTTTAAGG-13-s4d1,Erythroblast
CAACCCGCAGTAAAGC-13-s4d1,Proerythroblast
AGGGCCTTCATGCTCC-13-s4d1,CD14+ Mono
GTGAATCTCCCGTTAC-13-s4d1,CD16+ Mono
GCAGCTATCCAAGTTA-13-s4d1,G/M prog
TGGATTCAGGTCCAAT-13-s4d1,CD14+ Mono
GGACCTCAGCATGGTT-13-s4d1,CD14+ Mono
CCTGGTAAGGTCCAAT-13-s4d1,Normoblast
AATAGAGGTCCTTAGT-13-s4d1,Proerythroblast
CGTTAAATCATTAGCA-13-s4d1,Proerythroblast
GGTAACTTCTTGCAGG-13-s4d1,Erythroblast
TTGTCCATCGATTTAG-13-s4d1,CD14+ Mono
GGACCGAAGTGTTGCG-13-s4d1,CD16+ Mono
GTCTAACAGGAAGCAC-13-s4d1,CD14+ Mono
GTGTTACAGAATGACG-13-s4d1,Proerythroblast
GGAGGTTAGTCATGCG-13-s4d1,Erythroblast
TTACGTTTCTCGCCTG-13-s4d1,CD14+ Mono
TACATCAAGTCACTCC-13-s4d1,CD14+ Mono
TTGTCCCAGGCTGTCA-13-s4d1,HSC
TGCGCAGGTGCATTAG-13-s4d1,Erythroblast
GTGCATTAGTTTAACG-13-s4d1,CD14+ Mono
CCTAGTTGTCAAAGGG-13-s4d1,CD14+ Mono
GAGGAGGCAATAACCT-13-s4d1,Erythroblast
ACGCAAGCAACTGGCT-13-s4d1,CD14+ Mono
TTCCTTGAGCTTAGTA-13-s4d1,CD14+ Mono
ACGCCTTTCGCGACAC-13-s4d1,MK/E prog
ATGGTTATCCTCGATC-13-s4d1,CD16+ Mono
ACTTGCACAATTGCGC-13-s4d1,Proerythroblast
CGAACCGGTGCTTAGA-13-s4d1,G/M prog
TGACCTTGTGCATCGG-13-s4d1,cDC2
TGGTCCTTCGTAACGT-13-s4d1,Erythroblast
CTCACTCAGAAGCTAG-13-s4d1,MK/E prog
TAGTTGTCAAGGTACG-13-s4d1,cDC2
CAAACGCGTACCAGGT-13-s4d1,G/M prog
GCTGTAAGTATTGTGG-13-s4d1,CD14+ Mono
GGTCCTGCACGGTACT-13-s4d1,Proerythroblast
CGCAATAGTTCACTGT-13-s4d1,HSC
GAGCCACTCCTCCCTC-13-s4d1,Erythroblast
GTACTTAAGGCAAGTA-13-s4d1,MK/E prog
AACAGCAAGGCTATGT-13-s4d1,Erythroblast
AAAGGAGCAAAGCGCA-13-s4d1,Erythroblast
CTAGGCGGTTCGCGCT-13-s4d1,CD14+ Mono
GAGTTTGGTGTCCTGC-13-s4d1,Proerythroblast
GTAAGCGCAATCATGT-13-s4d1,Erythroblast
TCCGCCATCAAGTGTC-13-s4d1,CD14+ Mono
AGTGTTTCAGCAAATA-13-s4d1,CD14+ Mono
CAGGTTAGTTCACTGT-13-s4d1,CD14+ Mono
CTAACCCTCGGGCCAT-13-s4d1,pDC
GGTCAGGAGCTTAGTA-13-s4d1,MK/E prog
TTTGTGAAGTGAGAGC-13-s4d1,CD14+ Mono
GAAGTCAAGCATGGTT-13-s4d1,CD14+ Mono
TGCTTCATCACACAGT-13-s4d1,pDC
CTGACCAAGATGCCTG-13-s4d1,G/M prog
TAGTGAGAGGAAGTAT-13-s4d1,CD16+ Mono
TTGTCCCAGTCACCAG-13-s4d1,CD14+ Mono
CTGTAACAGTAACAGG-13-s4d1,Normoblast
GTGCTTCTCTCACATT-13-s4d1,CD14+ Mono
TCGACAAGTTAGTACG-13-s4d1,Erythroblast
TGCTAACAGTCACGAT-13-s4d1,CD16+ Mono
TTTGTCCCATGCAACC-13-s4d1,CD16+ Mono
TGTCATAAGGGTCCAC-13-s4d1,CD14+ Mono
CGTTAGTAGGTGAAAT-13-s4d1,HSC
ACTAAAGCAGCAAATA-13-s4d1,CD14+ Mono
ACCCGCTGTTGGCCGA-13-s4d1,CD14+ Mono
GATTGGTTCAGTGAAG-13-s4d1,CD14+ Mono
TGATCAATCCCATAGG-13-s4d1,Erythroblast
TCTTTGTAGGATTGAG-13-s4d1,Erythroblast
TTTGTTGGTGAGACTC-13-s4d1,Proerythroblast
GAGGACTAGGTCCACA-13-s4d1,CD14+ Mono
TTCAACCGTAAGCTTG-13-s4d1,HSC
CACAATATCCCTCGCA-13-s4d1,CD14+ Mono
CTGATCACACTTGTTC-13-s4d1,CD14+ Mono
ATGACTCAGGGTTAGA-13-s4d1,CD14+ Mono
CAAACAACAAAGCTCC-13-s4d1,cDC2
GGTCTTTGTGTTGTGA-13-s4d1,Proerythroblast
GCTCCTTAGACTAAGG-13-s4d1,CD16+ Mono
CATCCTGGTCACAGCG-13-s4d1,Proerythroblast
CGAGGTGAGCTTTGGG-13-s4d1,CD14+ Mono
GCTTTCATCAAACCGT-13-s4d1,Erythroblast
ACAGGTAAGACAAAGT-13-s4d1,MK/E prog
TTATTGCTCGTACCGA-13-s4d1,MK/E prog
GATTTGCAGTCACGAT-13-s4d1,G/M prog
CGTCATTGTGGGTGAA-13-s4d1,MK/E prog
GCATTGCCAAGTAAGC-13-s4d1,Erythroblast
ACTTAGGGTTTATGGG-13-s4d1,G/M prog
AGTCCTGAGGCATTAC-13-s4d1,cDC2
CGCACAATCAAGCTTA-13-s4d1,CD14+ Mono
TTGGATATCGATAACC-13-s4d1,Erythroblast
ACTCCTCAGACAACAG-13-s4d1,Normoblast
CGATTATCAAAGCGGC-13-s4d1,Proerythroblast
CACCGGTAGGACCTCA-13-s4d1,CD14+ Mono
AGTCCTGAGCAAGGAC-13-s4d1,Erythroblast
CTTCTAAGTTTACGTC-13-s4d1,MK/E prog
TTGATGTCATAAGGAC-13-s4d1,MK/E prog
AGTAAGTAGGCGAAAC-13-s4d1,CD16+ Mono
GATCGCTCAACTAACT-13-s4d1,Erythroblast
CTTATTGGTCACAGCG-13-s4d1,Erythroblast
TGGTCCTTCATAACGC-13-s4d1,Proerythroblast
GAGGCTTGTGTTTGAG-13-s4d1,MK/E prog
TCTTTGTAGTAGCGCC-13-s4d1,CD14+ Mono
GGTATTGGTTGTAAAC-13-s4d1,Normoblast
AGTAGGATCGCCTGTT-13-s4d1,Erythroblast
TACCGAAGTTCATTTG-13-s4d1,CD14+ Mono
TTAGGATGTTAGGCGT-13-s4d1,Proerythroblast
AGACCCGGTGGAAACG-13-s4d1,G/M prog
AATCATCCACAACAAA-13-s4d1,CD14+ Mono
GCGTAACGTGTCACGG-13-s4d1,Proerythroblast
CATTGTAAGTAGAGGC-13-s4d1,Proerythroblast
TACATCAAGCAGGTTT-13-s4d1,CD14+ Mono
CGGAGTCTCAGTTCCC-13-s4d1,G/M prog
GACTTACAGACAAAGT-13-s4d1,Erythroblast
GGCTTCAAGGCGCATC-13-s4d1,CD14+ Mono
GAAGTCAAGCTCCCTG-13-s4d1,CD16+ Mono
CCAGTTTGTGATCATG-13-s4d1,Erythroblast
ATGACGAAGTAGAGGC-13-s4d1,pDC
CAGCTCAAGTCATTGA-13-s4d1,HSC
GAGCATGCAATTAACC-13-s4d1,CD14+ Mono
TTCCACGGTTTGGCTT-13-s4d1,CD14+ Mono
TACATCAAGTAACGAG-13-s4d1,Proerythroblast
CGCACCACAGATTCAT-13-s4d1,Erythroblast
TCCTCTAAGCTGTACG-13-s4d1,CD14+ Mono
TTGTTCCCAAGGGTTG-13-s4d1,CD14+ Mono
AACTACTCAAATATCC-13-s4d1,CD14+ Mono
ATGACCAGTTCCTGAT-13-s4d1,Proerythroblast
GGCGGTTTCCCGCATT-13-s4d1,CD14+ Mono
ACCACATAGACAACGA-13-s4d1,Proerythroblast
ATGACCAGTAAAGCGG-13-s4d1,MK/E prog
TATAGCTCACCTGGTG-13-s4d1,Erythroblast
GTACCGGGTGCTAGCG-13-s4d1,Proerythroblast
TATGACATCCAACTGG-13-s4d1,MK/E prog
TCCTTGCAGAAACTGG-13-s4d1,HSC
TACGTACAGTATTGGC-13-s4d1,Proerythroblast
GGTTTGTAGGCGGATG-13-s4d1,Erythroblast
CTGTATTTCGGTCAGC-13-s4d1,CD14+ Mono
AAACGCGCATTGCAGC-13-s4d1,pDC
ATTGTCCGTTAGGTGC-13-s4d1,CD14+ Mono
TTTGAGTCATCATGTG-13-s4d1,CD14+ Mono
CCATTGTGTAGCCTCC-13-s4d1,CD14+ Mono
GGAACCACATCGCTCC-13-s4d1,CD14+ Mono
CGCTTACTCACTAGGT-13-s4d1,Proerythroblast
AGGTCTTAGAGAGGAG-13-s4d1,Erythroblast
GCTCTGGCACGGTACT-13-s4d1,CD14+ Mono
CTAGGCGGTAAGGTCC-13-s4d1,Erythroblast
ATCATCAAGAGAGGAG-13-s4d1,CD16+ Mono
CATAGGCGTCGTAATG-13-s4d1,CD14+ Mono
TCCATGCTCATGCATA-13-s4d1,CD16+ Mono
GGACGAAGTAACGAGG-13-s4d1,CD14+ Mono
TCCAGGTCACATAACT-13-s4d1,CD14+ Mono
AGTAATGCAAATTCGT-13-s4d1,pDC
CCCAATTGTGTTTGCT-13-s4d1,cDC2
ACGTTACAGGACCAGG-13-s4d1,HSC
ATCACTAAGCCTGACA-13-s4d1,Erythroblast
GGATGTAAGGTAAGGC-13-s4d1,CD14+ Mono
TTTCCTGAGACAACAG-13-s4d1,CD14+ Mono
GGCCGTTAGCTATTGA-13-s4d1,Normoblast
CACAATATCTTCAATC-13-s4d1,MK/E prog
ATCGCCCGTTGAGGTC-13-s4d1,Normoblast
ATTACCCGTTCCTGTG-13-s4d1,Normoblast
TACTGAGGTTAGGACC-13-s4d1,Erythroblast
TCTTGACGTTTACTTG-13-s4d1,CD14+ Mono
ACCTTGCTCATAACGC-13-s4d1,Erythroblast
CTTCATCCATATAACC-13-s4d1,CD14+ Mono
CTGTACCTCGCTATAA-13-s4d1,MK/E prog
CCCTTAATCTTTAAGG-13-s4d1,cDC2
GAGAAACGTTAGGCGT-13-s4d1,CD14+ Mono
TAATGGACATAATCGT-13-s4d1,pDC
AATCCCTGTGGGTACT-13-s4d1,Erythroblast
GGGTCAACATAATCGT-13-s4d1,cDC2
ACACTAGGTCACCAAA-13-s4d1,CD14+ Mono
CGAAGCGAGGGATGCG-13-s4d1,HSC
ATGGTGCGTCACAGCG-13-s4d1,CD14+ Mono
CTATTCAGTTTGAGCA-13-s4d1,Erythroblast
TAGGCTAGTTAAGCCA-13-s4d1,CD14+ Mono
TCAGTAATCGTGCTTC-13-s4d1,CD14+ Mono
AGCCGCTAGAGAGCCG-13-s4d1,pDC
TGAGTTTCACTTAACG-13-s4d1,HSC
CTACGAAGTAACCTAG-13-s4d1,CD14+ Mono
GTCCAAGTCCTAATTC-13-s4d1,HSC
GTTTACCGTTCCTGAT-13-s4d1,CD14+ Mono
GACCTAAGTCATCAAG-13-s4d1,CD16+ Mono
TGTATCGCAGGTTATT-13-s4d1,Normoblast
TACAATGTCGCTAAAC-13-s4d1,CD14+ Mono
AGGCGGATCTTGTCCA-13-s4d1,G/M prog
TGTAAGCTCTGTTGCC-13-s4d1,Proerythroblast
CATAGTCAGCCGCAAC-13-s4d1,HSC
AGGAGCTAGCCTAATA-13-s4d1,CD14+ Mono
AGGATATAGGTCTTGG-13-s4d1,CD14+ Mono
GCGCCTTGTACGCGCA-13-s4d1,CD16+ Mono
CTAATAGTCTTGCTAT-13-s4d1,Erythroblast
TATAGCCAGTCATTGA-13-s4d1,Erythroblast
TACCTGCTCGTTATCT-13-s4d1,Proerythroblast
CTAGTGAGTGACCTGG-13-s4d1,HSC
AAAGCCCGTATTGTCC-13-s4d1,Erythroblast
TTTAACCTCCAATAGC-13-s4d1,pDC
GTAGTTATCAACAAGG-13-s4d1,G/M prog
TAAGGACCAGCACCAT-13-s4d1,cDC2
CTATTGAAGTAACGAG-13-s4d1,MK/E prog
AGTTACTCAGCAACAG-13-s4d1,Proerythroblast
TAAGGCTTCTACTAAG-13-s4d1,CD16+ Mono
GTGGCTTCATTCCTCG-13-s4d1,G/M prog
AAGACCAAGGAGGACT-13-s4d1,CD14+ Mono
CGATTTGCATTCCTCG-13-s4d1,CD14+ Mono
TTACGTTTCACGTTAA-13-s4d1,pDC
GCTCGATCAGCTAATT-13-s4d1,CD16+ Mono
ACCCAACCAAACCCTA-13-s4d1,Normoblast
CAATGACTCAGGCTAT-13-s4d1,Proerythroblast
GACTATTCACCAACCG-13-s4d1,cDC2
CTGAATATCTGGCATG-13-s4d1,Proerythroblast
TACGTTAAGAAACTGG-13-s4d1,MK/E prog
ATTGCTCGTTCCATTA-13-s4d1,Erythroblast
AGGTGAATCAGCAAAG-13-s4d1,Erythroblast
ACCTGGATCATTGCGG-13-s4d1,Proerythroblast
TCAAGACTCTTGAGCG-13-s4d1,CD14+ Mono
TGTTACTTCTTGAGCG-13-s4d1,CD14+ Mono
TGTAACTCAAGACTCC-13-s4d1,CD16+ Mono
GACCTGCAGCAACATC-13-s4d1,CD14+ Mono
TACCGAAGTTTGGCTT-13-s4d1,HSC
TGCTTCATCCGCAACA-13-s4d1,MK/E prog
GGTACTAGTGTTGCTT-13-s4d1,Proerythroblast
TTGCAATCATCCCTCA-13-s4d1,CD14+ Mono
TATGACATCGAGGAAC-13-s4d1,Proerythroblast
TATGGATGTTCTTTAG-13-s4d1,CD14+ Mono
GGAGTGAGTTAGTGAT-13-s4d1,cDC2
AGAGAAGCAATAGTCT-13-s4d1,Proerythroblast
CCACAATAGCGAGCGA-13-s4d1,pDC
CTCACACTCAAGTGTC-13-s4d1,CD16+ Mono
AGCACAGCAGCTTAGC-13-s4d1,cDC2
GTGTTACAGGCAAGTA-13-s4d1,MK/E prog
TACGTTAAGGGACGCA-13-s4d1,CD14+ Mono
TAGGCTAGTTGACTTC-13-s4d1,CD16+ Mono
TCTTCAAGTGTTTGCT-13-s4d1,CD16+ Mono
GAGGTAGGTCATCATC-13-s4d1,G/M prog
GCTTAAATCCTTAAGA-13-s4d1,CD14+ Mono
CTTGACGAGTAAGGGC-13-s4d1,G/M prog
AACTCACAGCACAGCC-13-s4d1,HSC
TTAGGAACAGTAATAG-13-s4d1,Erythroblast
CAGGCTATCGCTAAGT-13-s4d1,HSC
GTTTCAGCAGAAACGT-13-s4d1,Erythroblast
GAGCGATAGGTCGATT-13-s4d1,HSC
GCCTGTGCATTGCGTA-13-s4d1,Normoblast
TCTTGACGTTGCTTCG-13-s4d1,CD16+ Mono
GACTAATGTTTATGGG-13-s4d1,Proerythroblast
GCTTACCTCCCTGGTT-13-s4d1,CD14+ Mono
TATGACATCCTTCAAT-13-s4d1,cDC2
ATCGGCCAGAATCTCA-13-s4d1,Proerythroblast
ACGTACCCACTAAGTT-13-s4d1,HSC
GCTTACCTCATTGTTC-13-s4d1,G/M prog
CAAACACTCACGCCAA-13-s4d1,CD14+ Mono
TTTGACCGTGTTGTGA-13-s4d1,CD14+ Mono
AGAGGAACACCTAATG-13-s4d1,cDC2
AACCCGCAGGCATGTT-13-s4d1,CD14+ Mono
CGAAGGCCACTTCACT-13-s4d1,Normoblast
ACTCAGTAGGCTCATG-13-s4d1,Normoblast
GCCTCGACAAGGGTTG-13-s4d1,cDC2
CTTTGTCCAGAAACGT-13-s4d1,CD16+ Mono
ACCCGGTAGTTGGATC-13-s4d1,pDC
CCCGCAACAAGGTGGC-13-s4d1,CD14+ Mono
CAACCCTTCCCGTTTA-13-s4d1,CD14+ Mono
TCCAGGTCAATCCTGA-13-s4d1,CD14+ Mono
CTTTAGGCACCTGCCT-13-s4d1,MK/E prog
CTATTCAGTAGCAGCT-13-s4d1,Erythroblast
AGGCAATCAAGTTATC-13-s4d1,MK/E prog
CATCCTCAGGACCTTG-13-s4d1,G/M prog
TAGCGGCTCGAGGAAC-13-s4d1,G/M prog
TCAGGTTAGCTAAGTC-13-s4d1,Erythroblast
TGCTCCGTCTTGTCTG-13-s4d1,CD14+ Mono
GCCTTACTCATAGCCG-13-s4d1,CD14+ Mono
GTCTATCGTCAACAAT-13-s4d1,MK/E prog
AATGTCCAGTGACCTG-13-s4d1,Proerythroblast
AGGTTTATCCATTACT-13-s4d1,CD14+ Mono
GCGCTTGCAGCTAATT-13-s4d1,Proerythroblast
GCTGCATCACAGGGAC-13-s4d1,Erythroblast
GATGACTTCATGCTCC-13-s4d1,CD14+ Mono
TCATAACCAATTAGGA-13-s4d1,HSC
GGCATTAGTCGTTACT-13-s4d1,CD16+ Mono
GCGGTTGGTGCTAGCG-13-s4d1,cDC2
ATTGCTCGTCATCCTG-13-s4d1,CD14+ Mono
CGCTAACCACGTGCTG-13-s4d1,CD14+ Mono
GCTATCCTCGGGATTT-13-s4d1,CD14+ Mono
GGTCGGTTCCGGGACT-13-s4d1,Proerythroblast
GCAATAGAGTTCCTCA-13-s4d1,CD14+ Mono
ACCGGCTAGCTTACTT-13-s4d1,MK/E prog
GTCTCACTCACTTTAC-13-s4d1,Normoblast
AAGGTGCAGCAAACCT-13-s4d1,cDC2
GCTGACCAGTGAGGTA-13-s4d1,CD14+ Mono
TTGCAACAGGAACGGT-13-s4d1,G/M prog
CTAAATGTCCAAATCA-13-s4d1,Erythroblast
GCTATTGCAGACAAAC-13-s4d1,CD14+ Mono
TCGCGAGGTTAATGCG-13-s4d1,CD14+ Mono
TGATCAATCGGTCAAT-13-s4d1,Proerythroblast
GTTCGCGCACAAGCCT-13-s4d1,Proerythroblast
ACGCCTTTCAGCAAAG-13-s4d1,Erythroblast
GCTGTACCAATTTGGT-13-s4d1,pDC
TAGGTTATCTTTGAGA-13-s4d1,CD14+ Mono
CATCAATCAAACATAG-13-s4d1,Erythroblast
CAAACCGTCCGCTAGA-13-s4d1,CD16+ Mono
CCACAGGGTGTCCAAA-13-s4d1,CD14+ Mono
GGTTTAATCACTTCAT-13-s4d1,Erythroblast
TGTAAGTGTCATTGTC-13-s4d1,Proerythroblast
AAAGGACGTCTCAGCC-13-s4d1,Proerythroblast
CTTCAGGAGTTCCCGT-13-s4d1,CD14+ Mono
GTATTGATCCTTAGGG-13-s4d1,cDC2
TTAGGAACACACTAAT-13-s4d1,CD14+ Mono
ATTGTGATCTAACTGA-13-s4d1,CD14+ Mono
TTATCCGTCTTCAATC-13-s4d1,cDC2
CGAAGCGAGTTAGCTA-13-s4d1,MK/E prog
ACACCTTGTTAACGAT-13-s4d1,CD14+ Mono
AGAGGAACAACGTGCT-13-s4d1,CD14+ Mono
ACCTGGATCAGGCTAT-13-s4d1,CD14+ Mono
CGGTGAGAGGCACAGG-13-s4d1,CD16+ Mono
GGTCCATCATGTCAGC-13-s4d1,Proerythroblast
TTCGCAACAGCAAGAT-13-s4d1,cDC2
TGTAATGTCATGCATA-13-s4d1,Proerythroblast
GATAAGCCAAGCCACT-13-s4d1,CD14+ Mono
AACGACAAGGCGGATG-13-s4d1,pDC
AACCTCACAGCAACCT-13-s4d1,CD16+ Mono
CAGCTATAGGAGCACG-13-s4d1,pDC
TTCAGGTAGTCTTGAA-13-s4d1,MK/E prog
GCCCAAATCTAACCAA-13-s4d1,Erythroblast
TATGACTCAGAAATGC-13-s4d1,CD16+ Mono
GCCATTACAATCTCTC-13-s4d1,MK/E prog
GACCTAAGTTGTTGGA-13-s4d1,CD14+ Mono
GGCCTCTGTGGGTACT-13-s4d1,Proerythroblast
CCGTTATGTCACACCC-13-s4d1,G/M prog
AGACACGCAGGAATCG-13-s4d1,Erythroblast
CCAACCCGTCCAAGAC-13-s4d1,Proerythroblast
TGGATTGGTTAGGCGT-13-s4d1,MK/E prog
CGGATTAGTACTTCAC-13-s4d1,Erythroblast
GTCTAGCCAGCGCTTG-13-s4d1,MK/E prog
TCGACAAGTTGGTGAC-13-s4d1,Erythroblast
AACCTTGCACAACAGG-13-s4d1,Proerythroblast
ACTCGCGCAGGGAGCT-13-s4d1,CD16+ Mono
AAGCCTGTCCCGTTAC-13-s4d1,CD14+ Mono
GGATAACCATTGTGTG-13-s4d1,pDC
GCTTGACCAATAGCCC-13-s4d1,Proerythroblast
AGAAGGTGTGCTCCGT-13-s4d1,Erythroblast
CATTATGAGCCTAATA-13-s4d1,CD16+ Mono
GACCTAAGTGCATCGG-13-s4d1,CD16+ Mono
CAATGTCAGTCAGTAC-13-s4d1,Proerythroblast
CGCCTCATCTAACTGA-13-s4d1,CD14+ Mono
CGCATTACAATCATGT-13-s4d1,CD16+ Mono
TTAAGGACACTTAACG-13-s4d1,cDC2
AGGATTGAGCAGGTTT-13-s4d1,pDC
CTACGAAGTTAGGCTA-13-s4d1,CD14+ Mono
TGCTTCCAGCATTAGC-13-s4d1,MK/E prog
CGGAGCAAGGCGCATC-13-s4d1,Proerythroblast
TTGCGTCTCAGCCAAT-13-s4d1,Erythroblast
CCGTTAACACGAATCC-13-s4d1,CD14+ Mono
TGTCAATCATAACGGG-13-s4d1,G/M prog
GCCATGATCGATAACC-13-s4d1,CD14+ Mono
TAAGTAGCACATAACT-13-s4d1,CD14+ Mono
ACACTAGGTCAAGTGC-13-s4d1,Proerythroblast
AAGTTAGCACAATGCC-13-s4d1,CD16+ Mono
CGAGGTGAGGCTATGT-13-s4d1,CD14+ Mono
CACTAAGGTCACCTAT-13-s4d1,Proerythroblast
TCTGTGACACATTAAC-13-s4d1,pDC
ACCTCACTCCTTGCAC-13-s4d1,CD14+ Mono
CTTAGGAGTTCGCGCT-13-s4d1,G/M prog
AAAGGTTAGACTATTG-13-s4d1,CD16+ Mono
ATGAAGTAGTAACTCA-13-s4d1,pDC
TGTGCAAGTAGGATTT-13-s4d1,G/M prog
CGGGACAAGTTTCCTG-13-s4d1,Erythroblast
CAGCAAGCAACTCGCG-13-s4d1,CD14+ Mono
TTGGGCGGTGGACATC-13-s4d1,CD14+ Mono
ATACCTGCATAATCGT-13-s4d1,Proerythroblast
GCATCCTTCGAAGTGA-13-s4d1,Erythroblast
ATTACGTCAATTAGGA-13-s4d1,CD16+ Mono
AGAAGGTGTCATGAGC-13-s4d1,CD16+ Mono
TGAGCCGGTTAAGTGT-13-s4d1,G/M prog
GTGAATCTCGATATTG-13-s4d1,Erythroblast
ACTGAAACAAGCTACC-13-s4d1,Proerythroblast
TTGCAAGGTGATGAAA-13-s4d1,G/M prog
GAGCAAATCGCAATCG-13-s4d1,HSC
AGAATCTGTATGTGGC-13-s4d1,Proerythroblast
GGCAGGATCCTCAGTC-13-s4d1,Erythroblast
AGGCAATCATGAAATG-13-s4d1,CD14+ Mono
GGGTTTGTCAATGAGG-13-s4d1,Erythroblast
TGACTCCTCAATTACG-13-s4d1,Normoblast
TGTCCTGGTTCCGCAC-13-s4d1,CD14+ Mono
GGTTGACGTTGCTTCG-13-s4d1,MK/E prog
TAGCCGGGTCAGTAAT-13-s4d1,CD14+ Mono
AAATCCGGTCATTGAG-13-s4d1,Erythroblast
GCAATCTAGCCTAACG-13-s4d1,G/M prog
CCTAAATCAACTGGCT-13-s4d1,Proerythroblast
CACATACAGGTCCTGA-13-s4d1,CD14+ Mono
ACCTGGTCAGTTATCG-13-s4d1,MK/E prog
GGCATTAGTCCAAGAC-13-s4d1,CD14+ Mono
ATGACCAGTTTGTGGA-13-s4d1,CD14+ Mono
GCCTCCATCAGGAACA-13-s4d1,cDC2
TCCCGTTAGTTTGAGC-13-s4d1,CD14+ Mono
TTAGCAATCCTCCATA-13-s4d1,CD14+ Mono
TACCTTAGTTAGTGAT-13-s4d1,G/M prog
GTAGGTGCATGAGTTT-13-s4d1,Erythroblast
TTTGGCTGTTCCGGCT-13-s4d1,CD14+ Mono
TGAGCCGGTGTCACGG-13-s4d1,MK/E prog
TCGTTAGCATTATCCC-13-s4d1,HSC
CTTGGACCATAATCAC-13-s4d1,MK/E prog
TGATGAACAGTTTGTG-13-s4d1,MK/E prog
AATAACCGTAAGGTTT-13-s4d1,pDC
ATTACCCGTGCATTTC-13-s4d1,CD14+ Mono
GTCTTTAGTTACTTCA-13-s4d1,MK/E prog
ACCTCACTCGGTTTGG-13-s4d1,Erythroblast
TGCACTTGTCATCCTG-13-s4d1,CD14+ Mono
AGTCCTGAGACACTTA-13-s4d1,Proerythroblast
CGTAGTTAGAGGAGTC-13-s4d1,Normoblast
TGCATTAAGCATGGTT-13-s4d1,Erythroblast
GCTGTACCAACAGGAT-13-s4d1,MK/E prog
ACCTCACTCCAGGTTG-13-s4d1,MK/E prog
TCGCGCACATTAGCCA-13-s4d1,CD14+ Mono
GCTCACAAGGTAGCTT-13-s4d1,Proerythroblast
TCCCTCACACCTAAGC-13-s4d1,CD14+ Mono
AATTTGGTCATCCACC-13-s4d1,CD14+ Mono
TGTGGCTCAATTAGCT-13-s4d1,Erythroblast
CTGGACCAGCGCTAAT-13-s4d1,Erythroblast
ATGGCTAGTTGTTGGA-13-s4d1,Erythroblast
TGCTTAAAGGTCCACA-13-s4d1,HSC
AATTTCCTCGGGATTT-13-s4d1,CD16+ Mono
GATCGATTCAGTATTG-13-s4d1,CD14+ Mono
CAAACACTCGGTTTGG-13-s4d1,CD14+ Mono
CCGCTTAGTTAAGTGT-13-s4d1,CD14+ Mono
GTGCATTAGTCAATCA-13-s4d1,cDC2
AGGATCCGTTCATCTA-13-s4d1,CD14+ Mono
CTGGTCAAGTAAGGGC-13-s4d1,CD16+ Mono
TAATGGACACCTATAG-13-s4d1,Proerythroblast
CGCTGTGCAGGCCTTG-13-s4d1,G/M prog
CTGGTAAGTTTCGCGC-13-s4d1,Erythroblast
ATGGTGCGTCGACTAA-13-s4d1,G/M prog
AATAGAGGTGAGGTGA-13-s4d1,Erythroblast
GGGTCACTCATTACAG-13-s4d1,cDC2
TTTCATCAGCGAGGTG-13-s4d1,CD14+ Mono
GGCATGGAGTGAACAG-13-s4d1,Normoblast
GCTATAGGTGTTAAAC-13-s4d1,MK/E prog
ATATAGGCAGTTGCGT-13-s4d1,CD14+ Mono
ACAGGAATCATGGTTA-13-s4d1,Erythroblast
GTTTGTAAGTAACGAG-13-s4d1,CD14+ Mono
GTACACCCATATAACC-13-s4d1,Erythroblast
GACCTAAGTCACGAAC-13-s4d1,HSC
GCAATAGAGCGTGCGT-13-s4d1,CD14+ Mono
CACATACAGTCAGTAC-13-s4d1,CD14+ Mono
AATTGGACAGGCGATA-13-s4d1,HSC
GGCTATGTCGGCTATG-13-s4d1,cDC2
AGTTTGATCCTTTACG-13-s4d1,CD14+ Mono
TTCCTTCTCCGCTAGA-13-s4d1,CD14+ Mono
CAACTAGGTTCCAGGG-13-s4d1,CD14+ Mono
TAGTTTGAGTCATCCC-13-s4d1,CD14+ Mono
TCATTGTTCCTTTACG-13-s4d1,Normoblast
CTTCGCGTCACGAATC-13-s4d1,CD14+ Mono
TGCTTCATCCTTCTAG-13-s4d1,G/M prog
CATGCGCAGCTAAGTC-13-s4d1,CD16+ Mono
TGCGGTTCAGTTAAAG-13-s4d1,CD14+ Mono
CAACAGGCAGCATGAG-13-s4d1,Erythroblast
GTCGGTTCAACTGGGA-13-s4d1,Proerythroblast
AGGATTGAGAGCCGCT-13-s4d1,CD16+ Mono
AGAACCAAGCCAGTAT-13-s4d1,CD16+ Mono
AATCGCCCACTTAACG-13-s4d1,CD16+ Mono
ATTACCGCAAAGGCCA-13-s4d1,G/M prog
TACGGATTCCCTCATA-13-s4d1,Normoblast
AGCTTTAAGATAAAGC-13-s4d1,Erythroblast
CAGGATGCATCCAGGT-13-s4d1,MK/E prog
CGCTGTGCAGGTTAAA-13-s4d1,CD14+ Mono
GGGTCACTCCCAGTAG-13-s4d1,CD14+ Mono
CGCCACACAGGACCTT-13-s4d1,CD14+ Mono
CAGCAAGCAATTAACC-13-s4d1,HSC
CTAGTAGGTATTGTCC-13-s4d1,CD14+ Mono
GTCAATATCCTAAATG-13-s4d1,CD14+ Mono
TTATCCGTCTTAGCGG-13-s4d1,CD14+ Mono
CTCATCATCGCCTGTT-13-s4d1,CD14+ Mono
GAACTTATCGGCCAGT-13-s4d1,Erythroblast
ATGAAGCCATAGACCC-13-s4d1,MK/E prog
GGGCTAACATAATTGC-13-s4d1,Proerythroblast
TTTGACCGTAATTAGC-13-s4d1,CD14+ Mono
ATCAAGACAGGCATGA-13-s4d1,Erythroblast
CTGTTTAGTTGTCCAT-13-s4d1,CD16+ Mono
ACACCTTGTTGGCCGA-13-s4d1,Erythroblast
ATGTCAATCTTTGACT-13-s4d1,Erythroblast
GCAAACCGTTACGCAA-13-s4d1,Erythroblast
GGCGGTAAGCGCAATT-13-s4d1,MK/E prog
TTTGGTGCATTGCGGT-13-s4d1,CD14+ Mono
GAAGTGATCATTACTC-13-s4d1,Erythroblast
GTACTGGTCGCACAAT-13-s4d1,Erythroblast
AGCGGACCACGGTTTA-13-s4d1,CD14+ Mono
CCATTGTGTATTGTGG-13-s4d1,pDC
ATGTGAGAGCCGCTAA-13-s4d1,Proerythroblast
CTAGTTGCAAGACTCC-13-s4d1,CD14+ Mono
TAGTTGTCAGTCTATG-13-s4d1,Normoblast
AGTATAGCATAAACCT-13-s4d1,CD14+ Mono
CTGAAACTCCGCCTAT-13-s4d1,CD14+ Mono
TCTTAGCGTTAGGTGC-13-s4d1,CD14+ Mono
AAGCTTGGTTACCTGT-13-s4d1,CD14+ Mono
GTCCAAGTCATTACAG-13-s4d1,MK/E prog
ATTTAGGTCACAAGCT-13-s4d1,Proerythroblast
GTAAGCTTCAATCTAG-13-s4d1,CD14+ Mono
CAAGAACCATTGCGAC-13-s4d1,CD14+ Mono
CTTGACGAGGTAAGCA-13-s4d1,HSC
GAACTTATCTCAATTC-13-s4d1,HSC
TTTGTTGGTAAAGCGG-13-s4d1,cDC2
GAAGGCCCACGAACAG-13-s4d1,Proerythroblast
CATTCATTCGCACAAT-13-s4d1,G/M prog
CTGAATATCCATTACT-13-s4d1,Normoblast
ACCAGGACATTCCTCG-13-s4d1,G/M prog
AGGCAATCATAATCAC-13-s4d1,Erythroblast
AGAGGAACACTAGCGT-13-s4d1,pDC
AATCCTAAGCGCTCAA-13-s4d1,Erythroblast
TGTGGCGGTTGCAATG-13-s4d1,CD14+ Mono
CCACTTGGTCAACAAT-13-s4d1,Erythroblast
AATGTCCAGAATGACG-13-s4d1,CD14+ Mono
ACGCCTTTCACGTTAA-13-s4d1,G/M prog
ATGGTCTAGGCTTAGT-13-s4d1,CD14+ Mono
ACTTATGAGACAGGTA-13-s4d1,Proerythroblast
TCTAGCCTCATGCGTG-13-s4d1,Normoblast
TTATAGCCATTAAGCT-13-s4d1,Proerythroblast
CCTAATAAGAGGCTAA-13-s4d1,CD14+ Mono
ACCCGTAAGGGTGAGT-13-s4d1,Erythroblast
AGTAGCTTCGGGATTT-13-s4d1,Erythroblast
TCGACAAGTGTGAGGA-13-s4d1,CD14+ Mono
TCCATATTCCTGTTCA-13-s4d1,Normoblast
CGGATAAAGTTACCGG-13-s4d1,Erythroblast
AGTTGCGTCATGCTTT-13-s4d1,Erythroblast
TGTCCTTCAATTATGC-13-s4d1,pDC
CCACTTGGTTGTTGGA-13-s4d1,CD14+ Mono
TGAGGAGGTCACACCC-13-s4d1,CD16+ Mono
CAGCTATAGTAAACCC-13-s4d1,CD14+ Mono
AGGTTGCGTCCTTAGT-13-s4d1,CD16+ Mono
GTACTTAAGGACCTTG-13-s4d1,CD16+ Mono
TATCGAGGTTAGTGAT-13-s4d1,CD14+ Mono
CTGTAACAGGAACCGG-13-s4d1,Proerythroblast
TGGCCATCATCGCTCC-13-s4d1,Proerythroblast
TCGCGCACAATAGTCT-13-s4d1,Erythroblast
GAAGTAAGTATTTGCC-13-s4d1,CD14+ Mono
CCTAATCGTGACATAT-13-s4d1,CD14+ Mono
ATCAATCCAGAGGGAG-13-s4d1,CD14+ Mono
GTTGGAGCATAATGTC-13-s4d1,Erythroblast
ATACCGGTCGGTCATG-13-s4d1,pDC
CCAGGAACAAACGGGC-13-s4d1,Erythroblast
AGCTAAACAGTATGTT-13-s4d1,Erythroblast
GAAGTAAGTTGAGCCG-13-s4d1,Erythroblast
GCAAGCCTCAATTGGC-13-s4d1,MK/E prog
CGGTAACGTAAACAAG-13-s4d1,HSC
GGACGAAGTTACTAGG-13-s4d1,Proerythroblast
CTAGCTGAGCAGCTCA-13-s4d1,MK/E prog
GATCACTAGCAAGGGT-13-s4d1,CD16+ Mono
CTATGTTTCCGCAAGC-13-s4d1,CD14+ Mono
TGAGCCGGTTACCGGG-13-s4d1,CD14+ Mono
GAGCAAGGTGTTGTGA-13-s4d1,Proerythroblast
GATTACTCAACATAAG-13-s4d1,CD16+ Mono
GCCTACTTCTCAATTC-13-s4d1,G/M prog
CTCAATAAGGAGGACT-13-s4d1,CD14+ Mono
CATAAGCTCTGTGAGT-13-s4d1,Erythroblast
TTTAAGCCACATTGCA-13-s4d1,CD16+ Mono
GGAACCACATCAATCG-13-s4d1,Proerythroblast
GAAAGCCAGTCAGTAC-13-s4d1,Proerythroblast
TACAATGTCCGGTTAG-13-s4d1,CD14+ Mono
GTGAGGAGTCACCTAT-13-s4d1,CD14+ Mono
ATTTAGCCATCCCTCA-13-s4d1,Proerythroblast
GCTTTGTGTTATGTGG-13-s4d1,HSC
CTCCTCACAGTCTAAT-13-s4d1,MK/E prog
TTGTCCGGTTTGACCT-13-s4d1,pDC
TGGCCTGCAATAATGG-13-s4d1,Normoblast
GTGATCAGTGATTACG-13-s4d1,CD14+ Mono
ACTTGTCGTGTTGCAA-13-s4d1,CD14+ Mono
TTAAAGGCAATAATGG-13-s4d1,Erythroblast
ACAAAGGTCAAACCGT-13-s4d1,CD14+ Mono
AGAGAAGCAGAATGAC-13-s4d1,Normoblast
CTTGTAAAGCGGCTGT-13-s4d1,Erythroblast
TGTTACTTCAAGTGTC-13-s4d1,cDC2
GTCATCACAGTTATGT-13-s4d1,Proerythroblast
AATTGACGTGGATTCA-13-s4d1,CD14+ Mono
GATTGCGTCAGCACGC-13-s4d1,CD14+ Mono
GAACCTTAGTCATTTC-13-s4d1,CD14+ Mono
GGCTATTAGGGCCATC-13-s4d1,CD14+ Mono
GCATGAGCAGTTTGGC-13-s4d1,Proerythroblast
CCGTGCTGTGTTTGTC-13-s4d1,CD14+ Mono
AAGTGCAAGGGCCACT-13-s4d1,CD14+ Mono
AACAAAGGTTACGCGG-13-s4d1,CD16+ Mono
AACGCTAGTTAGGACC-13-s4d1,CD14+ Mono
TAGAGCCGTCTAACCT-13-s4d1,CD14+ Mono
ACCTGTTGTTAGCCAA-13-s4d1,pDC
CAGATTCAGGAGGACT-13-s4d1,cDC2
TTTGCGGAGAATCTCA-13-s4d1,CD14+ Mono
AGGAACGGTTTAAAGC-13-s4d1,CD14+ Mono
TGTTACTTCACTCAAA-13-s4d1,G/M prog
AATAGCTGTATACTGG-13-s4d1,MK/E prog
ACCCGGTAGCGAGCGA-13-s4d1,CD14+ Mono
CATGCGCAGGTAACGA-13-s4d1,MK/E prog
CGGACAACACCAGCAT-13-s4d1,G/M prog
GGGTGTTGTTTACGTC-13-s4d1,Erythroblast
CTGGACCAGTGTTGCG-13-s4d1,CD14+ Mono
GCTCTGTTCCTGCGAA-13-s4d1,CD14+ Mono
CAACTAATCTAATTGG-13-s4d1,G/M prog
ATACCGGTCTTAAGTG-13-s4d1,Erythroblast
GCAAACTTCTTGATGA-13-s4d1,Normoblast
ATTTAGCCATTATGGT-13-s4d1,CD14+ Mono
AGGTTGCGTACCGAAC-13-s4d1,Normoblast
CGAAGAATCAGAAACG-13-s4d1,Erythroblast
TAGAGCCGTTAGTGAT-13-s4d1,MK/E prog
CGTTAGGTCACCTGTC-13-s4d1,Erythroblast
TGTCCTTCAATCATGT-13-s4d1,pDC
GGGTCAACACAAAGAC-13-s4d1,CD14+ Mono
CAAGTGAAGCCTCTCG-13-s4d1,Erythroblast
CCGCCAACAGGAATCG-13-s4d1,CD14+ Mono
AGGATGTCAGCTTAAT-13-s4d1,CD14+ Mono
CTAACCCTCAGCTAAC-13-s4d1,Proerythroblast
ATTGCACAGATGGACA-13-s4d1,Erythroblast
GCTCAACCAGCTTAGC-13-s4d1,CD14+ Mono
TTTGTGTTCAAGCTAC-13-s4d1,CD14+ Mono
GCGTAACGTTTAACGG-13-s4d1,CD16+ Mono
GTTAACCAGATAAAGC-13-s4d1,Proerythroblast
TACTGGCCAAGCTTAT-13-s4d1,CD14+ Mono
GTGTTACAGCCTGACA-13-s4d1,CD16+ Mono
CGAATCTAGTTAGCCG-13-s4d1,CD14+ Mono
GGTCTTTGTCCGCTGT-13-s4d1,HSC
CGGGTCTAGGCTTAAC-13-s4d1,CD14+ Mono
CAAACACTCACTCGCT-13-s4d1,Erythroblast
ACACCTTGTGAATCGC-13-s4d1,CD14+ Mono
TTCCTTCTCCCTTGCG-13-s4d1,Erythroblast
ATCGGCCAGTTATGGC-13-s4d1,Erythroblast
AGGCCCAGTTGGTTAG-13-s4d1,CD16+ Mono
TGCCGGTAGCAATAGG-13-s4d1,G/M prog
GATTGGTTCATGTTTC-13-s4d1,Erythroblast
GCTCTGTTCTAGCGAT-13-s4d1,CD14+ Mono
CGAACCGGTGGGTACT-13-s4d1,MK/E prog
CCACAGGGTGTAACCA-13-s4d1,cDC2
TACTGAGGTCGTAATG-13-s4d1,G/M prog
CCCTCACCACTAAGTT-13-s4d1,CD16+ Mono
CCTTGTTCATGATTGT-13-s4d1,CD14+ Mono
AGGCGGATCCGGTTAG-13-s4d1,CD14+ Mono
CAACTAGGTGCTCCGT-13-s4d1,MK/E prog
GAGTGTTTCTTGCAGG-13-s4d1,Erythroblast
AAGTTACGTCCACAAA-13-s4d1,CD14+ Mono
TATTGACCAAATTGCT-13-s4d1,CD14+ Mono
TGTTCCTCAGCAATAA-13-s4d1,CD16+ Mono
AGCAATACATCAGCAC-13-s4d1,Proerythroblast
AATCTTGAGCATCCAG-13-s4d1,CD16+ Mono
AACCTTGCAGGGAGGA-13-s4d1,Erythroblast
CGCATATAGGTCCTAG-13-s4d1,CD16+ Mono
ACGACTTAGTGAACGA-13-s4d1,CD14+ Mono
ATCAAGACATCAATCG-13-s4d1,CD16+ Mono
TTGGATCAGGTTTACA-13-s4d1,CD14+ Mono
CCTTCAGGTGCCTCAC-13-s4d1,Erythroblast
CTCGACAAGTATCGCG-13-s4d1,CD14+ Mono
CGAAGAATCGGTTACG-13-s4d1,Erythroblast
CCTTGCGTCAACAAGG-13-s4d1,pDC
AACAGCAAGCAGGCCT-13-s4d1,CD16+ Mono
TGAGTGAAGTTAGCTA-13-s4d1,CD16+ Mono
GGCCATCAGGACAATG-13-s4d1,MK/E prog
GTTGCGGGTCCAAGAC-13-s4d1,CD14+ Mono
ACGCTTGAGGCTGTGC-13-s4d1,Erythroblast
TGGTTCCTCGGTTACG-13-s4d1,Erythroblast
GTGTTACAGGTCCTAG-13-s4d1,CD14+ Mono
TGGTGATTCAAGTGAG-13-s4d1,CD14+ Mono
ATGGCCGGTCCTAATC-13-s4d1,MK/E prog
ACATAGCTCCTTAAGA-13-s4d1,MK/E prog
GGTGCTGGTATTTGGG-13-s4d1,CD16+ Mono
TTAGACTCATCCAGGT-13-s4d1,Proerythroblast
TGCTCAACACCCACCT-13-s4d1,Erythroblast
GGCTGTCAGTAACCCG-13-s4d1,Erythroblast
CGTTAAATCTAATTGG-13-s4d1,CD16+ Mono
AATGGCGCAATGAGGT-13-s4d1,pDC
GCCTGCTGTGGGAACA-13-s4d1,CD14+ Mono
TCTAGCGAGGTAGCTT-13-s4d1,MK/E prog
GGAGCATAGGTGCTGC-13-s4d1,MK/E prog
CTGTATTTCCCGTTTA-13-s4d1,Proerythroblast
TCTAGCACACAATACT-13-s4d1,Erythroblast
CCCAAACCACAGAAAC-13-s4d1,Erythroblast
GACATTATCCTGTTCA-13-s4d1,CD14+ Mono
ACCGCAATCGTAATCA-13-s4d1,Erythroblast
AATCGCCCAAGGATTA-13-s4d1,pDC
GTTGGAGCACCACAAC-13-s4d1,CD16+ Mono
TTGCGAGTCATCCTCA-13-s4d1,G/M prog
GGCGGTAAGCTGTCAG-13-s4d1,pDC
TGATGATGTTGTGACA-13-s4d1,CD16+ Mono
CATCCTGGTCATGCAA-13-s4d1,Erythroblast
TGAAGCAAGATTCCTT-13-s4d1,CD14+ Mono
GGAACCACATCACTTC-13-s4d1,pDC
GTCCAAGTCATGTTTC-13-s4d1,pDC
AGGCCCAGTTTGACCT-13-s4d1,pDC
GAGTGAGGTCCGTAGG-13-s4d1,Erythroblast
TAGCCTCTCCCGAACA-13-s4d1,CD14+ Mono
AGTGGACAGGCATGAA-13-s4d1,HSC
TTTCTTGCACAATGTT-13-s4d1,CD14+ Mono
AACTCACAGGTCGATT-13-s4d1,G/M prog
AGGTACGCATTAAGCT-13-s4d1,pDC
CTGCTCCCACACCAAC-13-s4d1,CD14+ Mono
TGAAACTGTAGGTTAT-13-s4d1,CD14+ Mono
TTTGTTGGTATCTGGA-13-s4d1,CD14+ Mono
TAGGCTAGTTCGCTTG-13-s4d1,HSC
AGTAATGCACTAGGTC-13-s4d1,pDC
CCCGTTGTCTGCAACG-13-s4d1,CD14+ Mono
GCTTTGTGTTTGAGCA-13-s4d1,pDC
AGAAACCCACAAGCCT-13-s4d1,CD14+ Mono
TGTTATGAGGTATTGC-13-s4d1,Erythroblast
CCAGTTTGTTACTAGG-13-s4d1,CD14+ Mono
TTTGTGGCATTATGGT-13-s4d1,CD14+ Mono
AAAGGTTAGCCTCTCG-13-s4d1,MK/E prog
AAGTAGCCAATTTGGT-13-s4d1,Normoblast
CAGGGCTTCAGGATGA-13-s4d1,Erythroblast
ATATAGGCAGCCTAAC-13-s4d1,HSC
CGTTTGTGTAACCACA-13-s4d1,MK/E prog
AGTAACCTCGCAACAT-13-s4d1,HSC
TCTTAGCGTTGGTGAC-13-s4d1,cDC2
CGGTTTGAGGCCAATT-13-s4d1,CD14+ Mono
ACACGGACATAATCAC-13-s4d1,pDC
CGGAGTCTCTGTTGCC-13-s4d1,Erythroblast
CCAACCCGTTGTCCAT-13-s4d1,Erythroblast
TAGTGAGAGTATTGCA-13-s4d1,CD14+ Mono
GGTATGTTCTGGCATG-13-s4d1,Proerythroblast
GCAGGTTGTTTATTCG-13-s4d1,CD14+ Mono
TTATCCTAGAAGGTGC-13-s4d1,pDC
CTGTTGGAGCTTAACA-13-s4d1,pDC
TAATGCATCCTAAGTA-13-s4d1,G/M prog
TTTACGCGTTCCATTA-13-s4d1,Proerythroblast
GGAGCAAGTGCGCGTA-13-s4d1,G/M prog
TGTTAGCAGCAGCTAT-13-s4d1,CD14+ Mono
TAGTGGCGTCCACAAA-13-s4d1,HSC
AAGACAAGTATTGGTG-13-s4d1,CD16+ Mono
CTAAGGTTCTATCGCC-13-s4d1,HSC
ATTTGCGCATTGTCAG-13-s4d1,MK/E prog
CCAGGATGTATTGTGG-13-s4d1,CD14+ Mono
TGGGCATGTCCTAACT-13-s4d1,Erythroblast
GCACGCTAGTGAGCGG-13-s4d1,CD14+ Mono
TGAGGGAGTGACCTGG-13-s4d1,CD14+ Mono
AAGTCTATCAAAGGCA-13-s4d1,Erythroblast
CTTACTAGTTACCTGT-13-s4d1,MK/E prog
TTTAAGCCATTATGGT-13-s4d1,Proerythroblast
AATCTTGAGGGACCTC-13-s4d1,CD14+ Mono
TCTTAGCGTTAACAGT-13-s4d1,G/M prog
CTTTGAGCAGCTTACA-13-s4d1,Erythroblast
GGTATTTCAACCTGGT-13-s4d1,Erythroblast
CTTGTCCAGCCTGAGC-13-s4d1,Erythroblast
GCCTCAAAGGCCATCA-13-s4d1,CD14+ Mono
AAGAATCAGCACAGAA-13-s4d1,Proerythroblast
TGACTTAAGGAGTAAT-13-s4d1,Erythroblast
AAACGTACAGCAACCT-13-s4d1,Normoblast
CGAGGTGAGCAATAGG-13-s4d1,CD14+ Mono
ACCTCACTCAATAGCC-13-s4d1,HSC
AGGGTTGCAATGAGGT-13-s4d1,CD16+ Mono
AATGAAGGTGTTTGTC-13-s4d1,CD14+ Mono
ATCCACCTCCGCCTCA-13-s4d1,cDC2
CAGCAAGCAGCAATAA-13-s4d1,CD14+ Mono
TTCACTGTCAATTACG-13-s4d1,CD14+ Mono
TCCTCACAGTTGTCTT-13-s4d1,CD16+ Mono
TGAGTTTCAGCCAGAA-13-s4d1,CD14+ Mono
ACACGGACAATTAAGG-13-s4d1,Proerythroblast
CGAAGAATCCATAAGC-13-s4d1,Erythroblast
TAGCGCGGTTCCGCAC-13-s4d1,Proerythroblast
AGTGTTTCAGTAGCCT-13-s4d1,Erythroblast
TAACCAGGTTCGGTAA-13-s4d1,Erythroblast
CGTAACTAGACTCGCA-13-s4d1,CD14+ Mono
TCCATTGTCATAGCCG-13-s4d1,Erythroblast
CGAATCTAGGCATTGT-13-s4d1,Erythroblast
GGAATCTTCTCACAAA-13-s4d1,G/M prog
ATGTCAATCACGAATC-13-s4d1,Erythroblast
GATTATGTCTGGTCCT-13-s4d1,Proerythroblast
TACGTAATCCGCCTCA-13-s4d1,CD16+ Mono
GTCGAGGAGCCTGAGC-13-s4d1,CD14+ Mono
TCCAGCAAGGAGGACT-13-s4d1,pDC
GGTGCTTCATAATCAC-13-s4d1,cDC2
TTAGCCTGTCAATAGT-13-s4d1,CD14+ Mono
CCTAAGCCATGAGTTT-13-s4d1,CD14+ Mono
AAGCGAGGTTTGACCT-13-s4d1,CD16+ Mono
ATTCATGAGTATTGCA-13-s4d1,MK/E prog
CTCCGTCCATTATGCG-13-s4d1,HSC
GTGCGGTTCATAGCCG-13-s4d1,CD14+ Mono
AAGGTATAGCAAGGTA-13-s4d1,CD14+ Mono
CTCTAGCTCGGTTCCT-13-s4d1,Proerythroblast
CCAGCTGCATGAAATG-13-s4d1,CD14+ Mono
ACTCCTCAGTGAGGGT-13-s4d1,CD14+ Mono
TATCGAGGTTAACACG-13-s4d1,Erythroblast
CCAGGATGTCCTAACT-13-s4d1,Erythroblast
GTGGCTTCACTATGGC-13-s4d1,Proerythroblast
AGAGGAACAAGCGAGC-13-s4d1,Erythroblast
CATTGTAAGCCACAAT-13-s4d1,CD16+ Mono
CTGGTTACATTGCGGT-13-s4d1,G/M prog
TAATCACCAGTATGTT-13-s4d1,Erythroblast
ATGCCTGAGCGGGCAA-13-s4d1,Erythroblast
TAGTTTGAGTTGGATC-13-s4d1,CD16+ Mono
CTTTGGGAGCGTGCAC-13-s4d1,CD14+ Mono
AGGCAATCATTAAACC-13-s4d1,MK/E prog
GCGATTTAGCCTTAAA-13-s4d1,CD14+ Mono
GTACCTTGTGCGCGTA-13-s4d1,HSC
CTCTCACAGCAGGTGG-13-s4d1,pDC
GACGCCTAGGGTGAGT-13-s4d1,CD14+ Mono
ATGAATGCAATATAGG-13-s4d1,CD14+ Mono
GGCGATACAGGCTTCG-13-s4d1,CD16+ Mono
GCAATCTAGTCATCCC-13-s4d1,CD14+ Mono
GGTATTTCATATTGAC-13-s4d1,G/M prog
GCATTAGGTTAAGCGC-13-s4d1,CD14+ Mono
CAAACTGGTTCGGGAT-13-s4d1,cDC2
ATCTATGAGCAGGTTT-13-s4d1,Proerythroblast
CGCTTAACATGCTATG-13-s4d1,Proerythroblast
AACCGGCTCGGGACTC-13-s4d1,Erythroblast
GATGAGGGTGATCAGC-13-s4d1,Erythroblast
GTCCTCCCATTGTGCA-13-s4d1,CD16+ Mono
AACGACAAGCCGGTAC-13-s4d1,Erythroblast
CTATGACAGTATTGCA-13-s4d1,Proerythroblast
CAAACTGGTCACAGAC-13-s4d1,G/M prog
TTTGTGAAGCTGTAAC-13-s4d1,Erythroblast
CGAGGCAAGGGCTTTG-13-s4d1,HSC
AGCAGGTAGTCATTGA-13-s4d1,Erythroblast
AGTAGGATCTAATCTC-13-s4d1,CD14+ Mono
TATATCCTCCTCCATA-13-s4d1,Erythroblast
GCCTTACTCCTAGTAA-13-s4d1,CD14+ Mono
CGGGCTTAGGAGGACT-13-s4d1,CD14+ Mono
CCTGCTCCAGCATGGA-13-s4d1,CD16+ Mono
CCTTTAGTCCCTGGTT-13-s4d1,CD14+ Mono
GGACATAAGGTAAGGC-13-s4d1,CD14+ Mono
TTATGACCAGGCATCT-13-s4d1,G/M prog
AACCGCTCAATTGAGA-13-s4d1,CD14+ Mono
TTCATTCAGGCGCACT-13-s4d1,CD14+ Mono
GCTCTGGCAAGTCGCT-13-s4d1,CD14+ Mono
GCTATTGCATGGCCTG-13-s4d1,CD16+ Mono
TTAGAAGCAGTAAGTA-13-s4d1,CD14+ Mono
CAAAGCGCATCATGGC-13-s4d1,Proerythroblast
ACCTGGATCGCGACAC-13-s4d1,MK/E prog
GGCTGTCAGGCCTAAT-13-s4d1,Erythroblast
GTGCCTTTCGTTAGTA-13-s4d1,CD14+ Mono
CACAGGCTCATGCCTC-13-s4d1,MK/E prog
CGCCTCATCTATGACA-13-s4d1,CD14+ Mono
AATTGCCAGGACCTCA-13-s4d1,Erythroblast
GCTTGACCAACTGGGA-13-s4d1,pDC
GTACTTCGTTGTTGGA-13-s4d1,CD14+ Mono
CGCACCACACAGACTC-13-s4d1,G/M prog
TCTGGCTTCCCGAAGC-13-s4d1,CD14+ Mono
TCCAGGATCCCGTTGT-13-s4d1,Erythroblast
ACCAGGGAGCATTAGC-13-s4d1,Erythroblast
GGTACAAAGTTTGTCT-13-s4d1,MK/E prog
AGCGGACCAATTAAGG-13-s4d1,CD14+ Mono
TATGAAGCATAATCCG-13-s4d1,MK/E prog
GGACGAAGTCGACTAA-13-s4d1,HSC
CGTTAAATCATGTTTC-13-s4d1,Erythroblast
TATCCAGCAGCCTGCA-13-s4d1,CD14+ Mono
ACCAAACTCTATCGCC-13-s4d1,MK/E prog
CGATTCCTCTTGTCTG-13-s4d1,cDC2
ATTACTGAGGCCTTAG-13-s4d1,CD16+ Mono
ATGTTCAAGTGGACAA-13-s4d1,Normoblast
AACCTTAAGCTGGCTA-13-s4d1,Erythroblast
GCCAATTAGCTAAAGG-13-s4d1,Erythroblast
AGGCTAAAGGAACGGT-13-s4d1,CD14+ Mono
ACACTAATCTTAGGGT-13-s4d1,Proerythroblast
AATTCGTCAGTTTGGC-13-s4d1,Erythroblast
GCGTAACGTGCAATGC-13-s4d1,Erythroblast
CGAAATGAGTGAAGTG-13-s4d1,Erythroblast
AATCCGTAGAGGATAT-13-s4d1,Erythroblast
CTGTTAAAGGCTACTG-13-s4d1,Erythroblast
TAATGCATCATGCTCC-13-s4d1,MK/E prog
TATCGAGGTGACCTGG-13-s4d1,G/M prog
TCCATGCTCATTTGCT-13-s4d1,Erythroblast
TGGATTGGTCATTGTC-13-s4d1,CD14+ Mono
AGCTGCTCACTTAACG-13-s4d1,CD14+ Mono
CGGTTATAGTTTGAGC-13-s4d1,CD14+ Mono
CCTCAATGTTGTGATG-13-s4d1,Normoblast
TATTTGGAGGACCAGG-13-s4d1,Proerythroblast
TGGGCATGTTGCGCGA-13-s4d1,Erythroblast
GGTCTTGAGCGCTAAT-13-s4d1,CD14+ Mono
TGGCTTTGTTCCGGGA-13-s4d1,CD14+ Mono
GCATTGCCAAGGTCGA-13-s4d1,Erythroblast
GGAACCACAGCAATAA-13-s4d1,Erythroblast
CAGGCTATCCGCCTCA-13-s4d1,pDC
CAAGAACCATGTGGGA-13-s4d1,Erythroblast
AGAATCTGTGGGTGAA-13-s4d1,CD14+ Mono
GTGAGGAGTTTATCGC-13-s4d1,CD14+ Mono
CAAACATGTGCTAGCG-13-s4d1,pDC
TGTCCTTCAATATACC-13-s4d1,Proerythroblast
TGAGGCACACCTGCTC-13-s4d1,CD14+ Mono
GCACGCTAGACAAGTG-13-s4d1,CD14+ Mono
CTTTGAGCAGTCTAAT-13-s4d1,CD14+ Mono
TCATTGTTCTAAGGAG-13-s4d1,CD14+ Mono
TCGGTTTGTGCTGTAA-13-s4d1,Erythroblast
ACCCGGTAGTTCCTGC-13-s4d1,Erythroblast
TACTTGTTCTCAATGA-13-s4d1,CD14+ Mono
CTTAAGGGTAAGCACC-13-s4d1,CD14+ Mono
ATGAATGCACCGGTAT-13-s4d1,CD14+ Mono
GTCTATGCAAGGCCAA-13-s4d1,Proerythroblast
TAAGCCTAGGTGCTGC-13-s4d1,Erythroblast
CCTAAGGTCAATCATG-13-s4d1,CD14+ Mono
GCGATTTAGCGGATTT-13-s4d1,cDC2
CGGAGCAAGGAGGGTT-13-s4d1,Erythroblast
CCTCCTCTCCCATAAA-13-s4d1,CD14+ Mono
GCTTGTTGTTGTAAAC-13-s4d1,Proerythroblast
CGTTGCGCATGAATAG-13-s4d1,MK/E prog
GAAGCCTGTTGAAGCC-13-s4d1,CD16+ Mono
CTGGTAAGTGACATAT-13-s4d1,Normoblast
GTTGCATAGGCATTAC-13-s4d1,pDC
ACGCTTGAGAGAAGGG-13-s4d1,CD14+ Mono
ATGTCAATCATTAGCA-13-s4d1,CD14+ Mono
GGAGTGAGTGCGCATG-13-s4d1,Proerythroblast
ATCCAACAGGGACGCA-13-s4d1,Erythroblast
CAGGAAGGTGACATAT-13-s4d1,HSC
CTTGCGCGTAGCTAAT-13-s4d1,CD16+ Mono
GTTCATTTCCTCGATC-13-s4d1,CD14+ Mono
AAAGCCCGTTCCTGTG-13-s4d1,CD14+ Mono
AACTTAGTCATGTCAA-13-s4d1,Erythroblast
TATCCGGAGCGAGGTG-13-s4d1,CD14+ Mono
ACCCAGGGTCCTAATC-13-s4d1,CD16+ Mono
TTGCTTAGTCCGTAGG-13-s4d1,CD14+ Mono
GTGTCCAAGCGATAAG-13-s4d1,G/M prog
CAGCCTAAGCATTATG-13-s4d1,CD16+ Mono
GTTAACGGTGTTAGCA-13-s4d1,Proerythroblast
TTACCTGTCCAGGGAG-13-s4d1,CD14+ Mono
GTGCTCAAGCTATATG-13-s4d1,CD14+ Mono
GTTGCATAGGCTGTGC-13-s4d1,Normoblast
TCATCCATCGAGGTGG-13-s4d1,CD14+ Mono
CCAGTTTGTTAGGTGC-13-s4d1,MK/E prog
ACGTTACAGGAGTCTT-13-s4d1,Erythroblast
ACCTTCCAGCATGGTT-13-s4d1,Erythroblast
AGGCCCAGTTGGATAT-13-s4d1,CD16+ Mono
TAGCCTCTCATGCTTT-13-s4d1,pDC
TAATCCGCAGGGAGGA-13-s4d1,pDC
TAGCAGGCAATTATGC-13-s4d1,Erythroblast
GGCAAGCCATTAAGCT-13-s4d1,Erythroblast
TGCTCCGTCTAACTGA-13-s4d1,CD16+ Mono
TTGGCGGGTTAACAGT-13-s4d1,pDC
TCTAGCGAGCTAAGTC-13-s4d1,CD14+ Mono
ACCTGGTCAACCTGGT-13-s4d1,Proerythroblast
AATGAAGGTTACGCGG-13-s4d1,CD16+ Mono
AATTGCCAGTAACGAG-13-s4d1,CD14+ Mono
TTTACGCGTTACGCGG-13-s4d1,CD14+ Mono
GCAAGTCGTGTTTGCT-13-s4d1,Erythroblast
CTTCTAAGTAAACAAG-13-s4d1,CD14+ Mono
TCTCGCCCATGCATAT-13-s4d1,pDC
TGGGCCTAGGCCCAGT-13-s4d1,CD14+ Mono
AATTGACGTTAGTGAT-13-s4d1,CD14+ Mono
TGGTTCTGTTTATCGC-13-s4d1,MK/E prog
CAGATTCAGGCCTAAT-13-s4d1,CD14+ Mono
GAAAGCCAGGTGAAAT-13-s4d1,Proerythroblast
CGTAACCCAGCTTACA-13-s4d1,CD14+ Mono
TTCCTTGAGGCCGGAA-13-s4d1,Proerythroblast
TCGCGAGGTGATTACG-13-s4d1,HSC
ATGCGATTCTTTGACT-13-s4d1,CD14+ Mono
TGATCACAGCCTGGTA-13-s4d1,CD14+ Mono
ACTTGCACATTGTCCT-13-s4d1,CD14+ Mono
GAACCTGTCGACAAAG-13-s4d1,CD14+ Mono
AGGGCCTTCATTGTCT-13-s4d1,MK/E prog
ACAGGAATCCTCGATC-13-s4d1,CD14+ Mono
ATGACCAGTTTGGTTC-13-s4d1,MK/E prog
TTGTCAAAGCGATAGA-13-s4d1,CD16+ Mono
ATAGCATGTATTTGGG-13-s4d1,CD16+ Mono
CCTGTTGGTAATGACT-13-s4d1,CD14+ Mono
CTTAAGGGTTAATCGG-13-s4d1,MK/E prog
TCTACCTCAGGCGATA-13-s4d1,Erythroblast
TAAGCCTAGCTTCCCG-13-s4d1,CD14+ Mono
TTAGACTCAACAGCCT-13-s4d1,CD16+ Mono
CGTAATGGTCACCTAT-13-s4d1,Normoblast
ACCTAAATCGGGACCT-13-s4d1,HSC
GGTATGTTCGCTAGAT-13-s4d1,CD14+ Mono
GCTAGCTCAAACTAAG-13-s4d1,CD14+ Mono
CGTTAGTAGTCACGAT-13-s4d1,Erythroblast
AATACCGGTGCATTTC-13-s4d1,G/M prog
GGTGTCCAGCCTCTGT-13-s4d1,Proerythroblast
TCGCTAACAGACAAAC-13-s4d1,CD14+ Mono
CAATGTGGTGCGCAAT-13-s4d1,Erythroblast
CGGTTCCGTGAAGCCT-13-s4d1,pDC
AAAGCACCAAAGCGGC-13-s4d1,CD16+ Mono
TATGACATCATAAGCC-13-s4d1,MK/E prog
ATGACCAGTTACAAAC-13-s4d1,Proerythroblast
CGCTTAACAATAATGG-13-s4d1,Erythroblast
TGTGTGAGTACTGATG-13-s4d1,CD14+ Mono
GTCATGCCAAGTTATC-13-s4d1,CD14+ Mono
CCACTTGGTATTGGAT-13-s4d1,Normoblast
CCTCAGTTCGGTTTGG-13-s4d1,Erythroblast
CTTACCTCAGGCCATT-13-s4d1,Normoblast
TTCCACGGTTGGATCA-13-s4d1,Proerythroblast
GATTGGTTCCAAGTGT-13-s4d1,CD16+ Mono
AGGACGTAGGTGCGGA-13-s4d1,pDC
ACACTTAAGTAGCGCC-13-s4d1,CD16+ Mono
AGCCTCCGTGTGCACG-13-s4d1,Proerythroblast
GTGTGAGCATGCAACC-13-s4d1,CD14+ Mono
TTCATCCCACAATGCC-13-s4d1,CD14+ Mono
GCTATAGGTCTAACCT-13-s4d1,CD16+ Mono
CTAAGGTTCGCACACA-13-s4d1,Erythroblast
TACGCACCATTGTCCT-13-s4d1,Normoblast
CAGTATGGTTTCAGGA-13-s4d1,CD16+ Mono
GTGTTACAGTCTATGA-13-s4d1,MK/E prog
GCCTCAAAGGACGTAA-13-s4d1,Proerythroblast
GATTGTTCAGGTTTGC-13-s4d1,CD14+ Mono
TAGTGAGAGTCTCACC-13-s4d1,CD14+ Mono
TCTACCTCAGGCATGA-13-s4d1,CD14+ Mono
AGCAACAAGGTGTCCA-13-s4d1,Erythroblast
CGTATTGCATTGCGAC-13-s4d1,HSC
CCCTCAGTCAGCACGC-13-s4d1,CD14+ Mono
ACCTGGATCTCCATAT-13-s4d1,CD14+ Mono
TATCCAGCACAACCTA-13-s4d1,CD16+ Mono
CGTCCTAGTGTTGCTT-13-s4d1,CD14+ Mono
GGCTCAATCGATTTGA-13-s4d1,CD14+ Mono
CGTTAGTAGCTAATCA-13-s4d1,MK/E prog
GTGTGAGCATTCCTCG-13-s4d1,pDC
CAATAAGCAGCTCAAC-13-s4d1,CD16+ Mono
GGCCTCTGTTGCCTCA-13-s4d1,pDC
CAAGTTATCCTTAGTT-13-s4d1,HSC
GTTTGTCGTAATGGCC-13-s4d1,Erythroblast
AGCCTCCGTGCCGCAA-13-s4d1,Normoblast
TCGGTTCTCCTCACTA-13-s4d1,CD14+ Mono
GGAACAATCCCGTTGT-13-s4d1,G/M prog
ATTAGGTGTTTACGTC-13-s4d1,Proerythroblast
GAGTTACTCCGCCAAA-13-s4d1,CD16+ Mono
GAGGAGGCACTAAATC-13-s4d1,HSC
CCTTAACGTTGGTTCT-13-s4d1,MK/E prog
CTCTGTTCATCCTAGA-13-s4d1,pDC
TATTCGTTCTTAGTGA-13-s4d1,Erythroblast
GTGGTTAGTCTAACCT-13-s4d1,pDC
GTCTAATCATGGTTAT-13-s4d1,CD14+ Mono
GGGTGAAGTAGGTTTG-13-s4d1,G/M prog
CGCTACTTCACTTCAT-13-s4d1,CD14+ Mono
GGCCTTAAGGGCTTTG-13-s4d1,Proerythroblast
ATTCCTAGTTGGTTAG-13-s4d1,HSC
GGCAAATCAGCTACGT-13-s4d1,Proerythroblast
CAAGGTTTCCCGAACA-13-s4d1,pDC
CGCACACAGCGCTAAT-13-s4d1,Erythroblast
ATTTGCAAGGAGTCTT-13-s4d1,G/M prog
GGTTTCCTCAAGCTTA-13-s4d1,HSC
TACGCTTGTTGCGGAT-13-s4d1,Normoblast
TGGTAAACATAAGTTC-13-s4d1,MK/E prog
TTGGCGGGTATTGCAG-13-s4d1,Proerythroblast
GTCCTAGAGGTGCGGA-13-s4d1,Erythroblast
ATGTTCAAGTTTCCTG-13-s4d1,Proerythroblast
CACTTAAAGTCATTGA-13-s4d1,Proerythroblast
CGCTTCTAGCGAGTAA-13-s4d1,Erythroblast
CTGAAACTCGGGATTT-13-s4d1,pDC
GAGGGAGCAACCGCCA-13-s4d1,CD14+ Mono
CAATGTGGTTAAATGC-13-s4d1,CD14+ Mono
AGGTAACCAAACCTTG-13-s4d1,CD14+ Mono
CGCTGTGCACAACAAA-13-s4d1,CD14+ Mono
CAATAAGCATAATCCG-13-s4d1,CD14+ Mono
CCTACTGGTACAAAGA-13-s4d1,CD14+ Mono
ATGTCCACAGCTAACC-13-s4d1,G/M prog
CTAAGGTTCGAGGAGT-13-s4d1,CD16+ Mono
GAGAACCAGGGCTTTG-13-s4d1,Erythroblast
GCGATTAGTTTGCTGT-13-s4d1,MK/E prog
TGGCCTGCAGCCAGAA-13-s4d1,CD14+ Mono
GGCTCAATCAATGTGC-13-s4d1,CD14+ Mono
TGTTGGCCAAAGCGCA-13-s4d1,MK/E prog
CAGGGCTTCGCACAAT-13-s4d1,CD14+ Mono
TGGATTGGTATGGTGC-13-s4d1,Erythroblast
TCCTCACAGAGGATAT-13-s4d1,MK/E prog
CTGCTCCCAATAATCC-13-s4d1,Erythroblast
GCAAGTGCAACATAAG-13-s4d1,CD14+ Mono
TTGCACACAGCTTAAT-13-s4d1,CD14+ Mono
TCGGTAAGTTATCCGT-13-s4d1,Erythroblast
CGAGCGAAGGAAGCTA-13-s4d1,CD16+ Mono
ACTTGAATCTAGCGTG-13-s4d1,Erythroblast
CTGGACCAGCAGGTGG-13-s4d1,CD14+ Mono
TACTCAAAGCTCCTAC-13-s4d1,CD14+ Mono
AGGAACCAGCGAGTAA-13-s4d1,CD14+ Mono
AGTCCTGAGGTTACGT-13-s4d1,CD14+ Mono
TCAAGGAAGCGCAATT-13-s4d1,CD14+ Mono
CCATTGTGTCTTGCAT-13-s4d1,G/M prog
GGCCTAATCAAGGACA-13-s4d1,MK/E prog
ACGGTTAGTTAGTGAT-13-s4d1,Proerythroblast
GTAGGAGGTTAGTGAT-13-s4d1,cDC2
CGTACGGGTAGCAGCT-13-s4d1,Erythroblast
TGAGGTGCAGGCATCT-13-s4d1,Proerythroblast
GCCACAATCTTTGAGA-13-s4d1,CD14+ Mono
TGTCAGTAGGGCTAAA-13-s4d1,MK/E prog
ATTCCTCCACTTAACG-13-s4d1,MK/E prog
GCCTGTGCAGCCTAAC-13-s4d1,MK/E prog
ATGGCCCAGATTGAGG-13-s4d1,Erythroblast
TCTAACTTCCAGGGAG-13-s4d1,pDC
CCAACCAAGCGGATAA-13-s4d1,CD16+ Mono
GATCAGGCACTTCATC-13-s4d1,CD14+ Mono
TGTAATGTCCAACTGG-13-s4d1,Normoblast
CATCGCTTCAGGAAGC-13-s4d1,CD14+ Mono
TACTGACAGGAACCAA-13-s4d1,CD14+ Mono
CATGCAAGTGCAATGC-13-s4d1,CD14+ Mono
CAAGGCTGTAATCGTG-13-s4d1,Proerythroblast
TCTTCAAGTCATTAGG-13-s4d1,Proerythroblast
CATAGACTCTTAGGGT-13-s4d1,Erythroblast
TGGAACAAGGTCAAAG-13-s4d1,Proerythroblast
CCCTCAGTCCAAGTTA-13-s4d1,G/M prog
CCCTCATAGTTTGTCT-13-s4d1,Erythroblast
ACTCCTCAGAGGAGTC-13-s4d1,CD14+ Mono
GAGGTAGGTTCAAGCA-13-s4d1,Erythroblast
GGCTCACAGCATGAAG-13-s4d1,Normoblast
TTAAGTGTCATAACTG-13-s4d1,Erythroblast
GTGAGCGAGCAGCTAT-13-s4d1,pDC
TCCGGTTTCTTAGCCC-13-s4d1,G/M prog
CAAGTTATCCGTCCAT-13-s4d1,HSC
GATTTGCAGTTTGGGT-13-s4d1,G/M prog
TATTTGGAGCACAGCC-13-s4d1,Normoblast
CTAGTAATCTAGCGTG-13-s4d1,CD14+ Mono
ACTAACGGTGCTCCAC-13-s4d1,CD14+ Mono
GTAGTTATCCGCTAGA-13-s4d1,CD14+ Mono
ACTAACGGTGAACAAA-13-s4d1,pDC
CGCATGATCCCGCCTA-13-s4d1,CD16+ Mono
TCCTAGTGTGCTGTAA-13-s4d1,Proerythroblast
TCGACAAGTGCAACTA-13-s4d1,G/M prog
TCCGGTAAGCTATGAC-13-s4d1,pDC
TGGTTCCTCACTTTAC-13-s4d1,CD14+ Mono
GCCTTAGAGGTAAGCA-13-s4d1,G/M prog
TTTCCACCACTTGTTC-13-s4d1,CD14+ Mono
CCTGTATGTTGCCTCA-13-s4d1,CD16+ Mono
TTTGCATTCATAACCA-13-s4d1,CD14+ Mono
ATGGCTGTCATTGACA-13-s4d1,cDC2
CCTGATGAGGCTACTG-13-s4d1,CD16+ Mono
GCGTAACGTAGGTTAT-13-s4d1,Erythroblast
CTTAATGAGGCCTGGT-13-s4d1,Erythroblast
ATTACGTCACTGACTA-13-s4d1,Normoblast
GCAGGCTTCACTTTAC-13-s4d1,Erythroblast
AGTCTTGCATTAGCCA-13-s4d1,G/M prog
TTGGCTGAGTTAGAGG-13-s4d1,HSC
ATTCCTCCAATTGAAG-13-s4d1,cDC2
TTTCATCAGTAATCCA-13-s4d1,Erythroblast
AACATAGCACCCACAG-13-s4d1,Proerythroblast
TAGCCTTGTCACGGAT-13-s4d1,CD14+ Mono
TCCAGGTCAAGGACCA-13-s4d1,CD14+ Mono
CTCGTTATCATGGTGT-13-s4d1,CD14+ Mono
CGTAGTTAGTCACCAG-13-s4d1,CD16+ Mono
CAGGGCTTCGCAAACT-13-s4d1,pDC
CAATGCCCACATAGCC-13-s4d1,pDC
TTTCCACCAGGTTACC-13-s4d1,Proerythroblast
GCTTTGTGTCAGGCAT-13-s4d1,G/M prog
GTACTGGTCCTCCTAA-13-s4d1,Erythroblast
GGTCAGGAGACAACGA-13-s4d1,CD14+ Mono
TCGCTAACACAATGTT-13-s4d1,MK/E prog
GTCCTCCCATGAAATG-13-s4d1,Proerythroblast
GATGAGGGTTGTAAAC-13-s4d1,Erythroblast
ATGGTCTAGGTTAGAG-13-s4d1,CD14+ Mono
AAGTGTTGTTGAAGCC-13-s4d1,pDC
CTCATTTAGAATGACG-13-s4d1,Erythroblast
CAAGAACCAATTTAGC-13-s4d1,CD16+ Mono
GCTCCTTAGTCACGAT-13-s4d1,HSC
TGTGTTAAGTCTATGA-13-s4d1,pDC
AGTTGCGTCATAACTG-13-s4d1,CD14+ Mono
GTGCATTAGCCTGTGA-13-s4d1,CD14+ Mono
TCATTACTCCGTCCAT-13-s4d1,MK/E prog
GTGCAAGCATAATCGT-13-s4d1,Proerythroblast
GTGAATCTCAGCTAAC-13-s4d1,Erythroblast
TGGTGCATCCCGTTAC-13-s4d1,CD14+ Mono
TAAGGACCACCTGCTC-13-s4d1,CD14+ Mono
GCTTAAATCGTAATCA-13-s4d1,Erythroblast
TTGCTTTAGTTATCCT-13-s4d1,Proerythroblast
CACCTCAGTAGTTAAC-13-s4d1,Normoblast
AATAGAGGTTAGCATG-13-s4d1,cDC2
AACTCACAGGTATTGC-13-s4d1,pDC
TGTTGTGCATAAGGAC-13-s4d1,Proerythroblast
GTAAGGTCATTCAGCA-13-s4d1,Erythroblast
GCATTAGGTTGGTGAC-13-s4d1,MK/E prog
TTAAGCCAGGAGCACG-13-s4d1,HSC
CACTTAAAGTTATGTG-13-s4d1,G/M prog
TGTGCGCAGTGTGATC-13-s4d1,HSC
CTAACCACACACAATT-13-s4d1,pDC
AATTAGGCACAAAGGT-13-s4d1,CD14+ Mono
GAGGCTACAAGGTAAC-13-s4d1,Proerythroblast
CTCATTTAGTATGTGC-13-s4d1,CD14+ Mono
GTTTCCTCAGGCAAGC-13-s4d1,MK/E prog
CGTCATTGTCATCAAG-13-s4d1,Proerythroblast
TATGCATCACAACCTA-13-s4d1,CD14+ Mono
ACGCCACAGTTATGGC-13-s4d1,pDC
CGCAAATTCAATTGGC-13-s4d1,Proerythroblast
GTTCCCAGTAGACAAA-13-s4d1,CD14+ Mono
CTAGGACGTGATCATG-13-s4d1,Proerythroblast
TAACCTAAGTTAGTTG-13-s4d1,cDC2
TGAAGCAAGGCGAAAC-13-s4d1,Erythroblast
GATAATCGTCTTGCTG-13-s4d1,CD14+ Mono
CTCTGTTCATTAAACC-13-s4d1,Normoblast
CTGGACCAGTGGACAA-13-s4d1,MK/E prog
TCGGTTCTCTAATCCT-13-s4d1,cDC2
TTAGCAATCTGTGCCT-13-s4d1,G/M prog
CAGGTCCAGCGGGCAA-13-s4d1,CD14+ Mono
GATCAGGCACGAACAG-13-s4d1,Erythroblast
GGACAGCCAACTGGCT-13-s4d1,CD14+ Mono
CCTGTAACATTAGGTT-13-s4d1,CD14+ Mono
CCAGCTGCATTGTGAT-13-s4d1,CD14+ Mono
CGCTTAACAGCGCTTG-13-s4d1,CD14+ Mono
TGATTCAAGTCGCTAG-13-s4d1,CD14+ Mono
TTGACATCATAGCTTG-13-s4d1,MK/E prog
GCTAGCGGTTAATGCG-13-s4d1,Normoblast
AGGCGGATCCGCATGA-13-s4d1,Proerythroblast
TGAGAACCATGGCCTG-13-s4d1,MK/E prog
TATGGCCCAGGCCTTG-13-s4d1,CD14+ Mono
AGTATAGCATGCTTAG-13-s4d1,Proerythroblast
TCACCTCAGCCTAACG-13-s4d1,CD14+ Mono
CTAAATGTCAATTGGC-13-s4d1,CD16+ Mono
ACGGTACGTTCATCTA-13-s4d1,MK/E prog
ACCGGTTCACTTAGGC-13-s4d1,CD14+ Mono
ATGTTCAAGTCACCAG-13-s4d1,Erythroblast
ACAAAGGTCCTAATTC-13-s4d1,Erythroblast
TACAGGTTCACCGGTA-13-s4d1,MK/E prog
GACACCGGTAACAGGG-13-s4d1,CD16+ Mono
GCGAAGCCACAACAAA-13-s4d1,CD14+ Mono
TCCGGTTTCTAATTGG-13-s4d1,CD14+ Mono
CCTTCAGGTAAATTGC-13-s4d1,CD14+ Mono
TGTAAAGCATAAGTTC-13-s4d1,Erythroblast
CGATTCCTCCGGTTGA-13-s4d1,CD14+ Mono
CATTCCTCATCCCTCA-13-s4d1,CD14+ Mono
CCTAAAGGTATTGGTG-13-s4d1,pDC
GTCAAACTCAAAGGCA-13-s4d1,HSC
TTAGGATGTTAACAGT-13-s4d1,CD14+ Mono
TCTTAGTTCTTTGAGA-13-s4d1,CD14+ Mono
TCGCTAACATTGTTGG-13-s4d1,CD14+ Mono
GGTGATTTCCCTGGAA-13-s4d1,Erythroblast
GTTCCTTCACTCGCTC-13-s4d1,CD14+ Mono
AGTGCACGTTGGTTCT-13-s4d1,CD14+ Mono
TAGGTTGGTCAAGTGC-13-s4d1,CD14+ Mono
ATTCGTTTCTGTTCAT-13-s4d1,Erythroblast
ACCCGCTGTCATTAGG-13-s4d1,CD14+ Mono
TGGGCCTAGAAAGCAT-13-s4d1,CD14+ Mono
CTTGTAAAGCCTGAGC-13-s4d1,pDC
GTAAGCAAGAAAGCAT-13-s4d1,pDC
ACTAGGCGTGTCCAGG-13-s4d1,CD14+ Mono
ATGTTCAAGCTGGACC-13-s4d1,CD16+ Mono
CTAATGTCATAAGTCT-13-s4d1,CD16+ Mono
TCATTGCGTTCACTGT-13-s4d1,CD14+ Mono
AGCAACAAGTTTCCGC-13-s4d1,Erythroblast
GCACGAACACCATATG-13-s4d1,MK/E prog
GGAGTGAGTGCATTTC-13-s4d1,CD14+ Mono
TTAAGCCAGTCATTAG-13-s4d1,CD14+ Mono
CGCATTTGTTAGCTGA-13-s4d1,Normoblast
ATTATCCTCCCGCAAA-13-s4d1,CD14+ Mono
ATGGCTGTCGATTTAG-13-s4d1,CD14+ Mono
CCAAGGCTCCTCCCTC-13-s4d1,Proerythroblast
GTGGACACATAGCAGG-13-s4d1,CD14+ Mono
TGCTAGCCATGTTGCA-13-s4d1,HSC
CAGGCTATCGTGCCTT-13-s4d1,HSC
GTTACTCGTCCGTGAG-13-s4d1,CD14+ Mono
GCGCTTAAGGATCACT-13-s4d1,CD14+ Mono
AACCTAATCTGGCAAT-13-s4d1,MK/E prog
GGAAGCTAGAACCTAC-13-s4d1,MK/E prog
CGAGCTGGTGACATGC-13-s4d1,Proerythroblast
CAATGACTCATGCGTG-13-s4d1,Erythroblast
GCTCTGTTCGCATTAA-13-s4d1,CD14+ Mono
GTATTCAAGGCGAATA-13-s4d1,CD14+ Mono
AAAGGAGCACCCACAG-13-s4d1,CD14+ Mono
GTCCAAGTCATCCTGC-13-s4d1,CD14+ Mono
TGGACGGAGCATCCAG-13-s4d1,MK/E prog
CTTACCTCATCACTTC-13-s4d1,Proerythroblast
GGTAGGAGTAGCAGCT-13-s4d1,CD14+ Mono
GTCTAACAGCTTCTCA-13-s4d1,CD14+ Mono
CGTATTGCAAGGGTTG-13-s4d1,G/M prog
TCGACAAGTGACATAT-13-s4d1,Erythroblast
GGGTCAACAGCCTGCA-13-s4d1,CD14+ Mono
GTGATGAAGCCTGGTA-13-s4d1,CD14+ Mono
GTCTTTGTCTGCAAGT-13-s4d1,pDC
GCATGAAAGCTGTCAG-13-s4d1,CD14+ Mono
TGGTAAACAGTTTACG-13-s4d1,Normoblast
AATATCCCAATCTCTC-13-s4d1,CD16+ Mono
TCCTTAGTCCTAAGTA-13-s4d1,Erythroblast
GATTCAATCGGTAACT-13-s4d1,CD16+ Mono
AGTCGCATCTTAATGG-13-s4d1,Erythroblast
GCCAATAGTCAATACG-13-s4d1,MK/E prog
GCATCCTTCTAGCGAT-13-s4d1,cDC2
GGTCTTGAGGACCTTG-13-s4d1,Erythroblast
AGCTTAATCTCAATTC-13-s4d1,CD14+ Mono
CGTTAAATCCGGCTAA-13-s4d1,Erythroblast
TGTAATGTCGTTAGTA-13-s4d1,CD14+ Mono
GTGAATCTCAGGTCCA-13-s4d1,HSC
TTAGCTGCACTGACCG-13-s4d1,MK/E prog
GTATTCAAGAAGGTGC-13-s4d1,Erythroblast
TCTAATCTCCGGTATG-13-s4d1,pDC
GTCGGTTCACGAACAG-13-s4d1,CD14+ Mono
GTGCTCCGTTTGGGCG-13-s4d1,cDC2
AGTGATGAGAACAAGT-13-s4d1,Erythroblast
CATGCGGGTGCATCGG-13-s4d1,Erythroblast
GCCTCCATCATTTGTC-13-s4d1,G/M prog
GATTGATGTTGCACGG-13-s4d1,Erythroblast
ATCAAGACAGAAATGC-13-s4d1,CD14+ Mono
CTAGGACGTAATGACT-13-s4d1,G/M prog
TGGTTCTGTAAGCTCA-13-s4d1,CD14+ Mono
CTAGTGAGTTTGGGCG-13-s4d1,CD14+ Mono
AGCAGGTAGGCCTTAG-13-s4d1,HSC
TTTCGTCCACTAAATC-13-s4d1,CD16+ Mono
CCAGCTAAGTGTTGCG-13-s4d1,CD14+ Mono
GGCTATTAGGAAACTG-13-s4d1,CD14+ Mono
TCAGGTTAGCAAGGTA-13-s4d1,CD16+ Mono
TAATGGTGTGGATGTC-13-s4d1,Proerythroblast
TGCTCTCAGCCGCTTT-13-s4d1,CD16+ Mono
CCTGCTCCAAACCTTG-13-s4d1,CD14+ Mono
CGTTAAATCTAAGTCA-13-s4d1,cDC2
AAGTGTTGTTGCTGGG-13-s4d1,Erythroblast
ATCATCAAGAAACTGG-13-s4d1,Erythroblast
ACTTCGCTCATCAGTA-13-s4d1,CD14+ Mono
CCTAATAAGTCCTGAG-13-s4d1,Proerythroblast
TAATCACCAGTAGCCT-13-s4d1,CD14+ Mono
CTTCACTCACATAGCC-13-s4d1,CD14+ Mono
GATTAGTGTTTGGCGG-13-s4d1,MK/E prog
TACGTTAAGCCTCTGT-13-s4d1,cDC2
GCTAGTGTCACAGACT-13-s4d1,CD14+ Mono
GTTACAGGTCTCAGCC-13-s4d1,MK/E prog
AAGCTATGTATTGGAT-13-s4d1,MK/E prog
AGGTACGCAAATACCT-13-s4d1,MK/E prog
TGGTTAATCTTGACCC-13-s4d1,HSC
GGTATTTCAGAATGAC-13-s4d1,Erythroblast
TGTATCGCATCCAGGT-13-s4d1,CD14+ Mono
AGCGCTCAGGCGCTTA-13-s4d1,CD16+ Mono
CATCATGCACAAAGCG-13-s4d1,CD14+ Mono
GAGCAAATCGTTATCT-13-s4d1,G/M prog
TAGCCTGAGACACTTA-13-s4d1,pDC
TAGCCTGAGTTGGCCA-13-s4d1,Proerythroblast
TCCTCACAGGCAAGTA-13-s4d1,Erythroblast
TTGTTGCGTAAGTCGC-13-s4d1,Erythroblast
AGCTAAACAGCTAACC-13-s4d1,CD16+ Mono
CCTTTAGTCGGTTCCT-13-s4d1,Erythroblast
CCCAAACCAGGCTGTT-13-s4d1,pDC
TAGGTGCGTTTACTTG-13-s4d1,pDC
TCCGGTAAGGAAGTAT-13-s4d1,CD14+ Mono
AGAAACCCAACTCGCG-13-s4d1,CD14+ Mono
TTTAACGAGGAGTCGG-13-s4d1,CD16+ Mono
GCGAAGTAGTAGGATG-13-s4d1,pDC
ATGCAGGCAATTGAAG-13-s4d1,CD14+ Mono
GCGGGTTTCGAAGTGA-13-s4d1,CD14+ Mono
GTTGGAGCACCGGCTA-13-s4d1,CD14+ Mono
ATGACAACAGATAGAC-13-s4d1,CD14+ Mono
CTCTAAGCAACTCGCG-13-s4d1,CD14+ Mono
ACCTAAATCCTGCGAA-13-s4d1,CD14+ Mono
AGCGGATAGGATTGCT-13-s4d1,Proerythroblast
ACTATCCGTTAAGGTT-13-s4d1,HSC
ATATGCTCAAGTGTTT-13-s4d1,Erythroblast
TAACCAGGTCGCGCAA-13-s4d1,Erythroblast
CTGGCTAAGTAACGGA-13-s4d1,MK/E prog
GCGGTTATCTTAGTCT-13-s4d1,CD16+ Mono
TGACCAAGTTAGCTGA-13-s4d1,Erythroblast
TTGCATTTCGGTTCCT-13-s4d1,CD14+ Mono
TGGGCCTAGTCCTGAG-13-s4d1,Proerythroblast
ACCTAAGGTGCTGGTG-13-s4d1,Proerythroblast
TACCGAAGTGCAATGC-13-s4d1,CD14+ Mono
GATCAGTTCAGCTAAC-13-s4d1,Proerythroblast
TGAGCTTAGGAGGGTT-13-s4d1,Erythroblast
TTTACGAAGCTTTGGG-13-s4d1,CD16+ Mono
GCTCACAAGTAGCGGG-13-s4d1,Erythroblast
TTCAGCACAATCCTGA-13-s4d1,HSC
TTTGCGACAACAGCCT-13-s4d1,HSC
TCTGGCTTCCTGAATA-13-s4d1,CD14+ Mono
GGTCATTAGCACTTGG-13-s4d1,HSC
CCTGTTGGTAATGGCC-13-s4d1,CD14+ Mono
CGAAGAATCCAAATCA-13-s4d1,pDC
ATCAGGTTCCACCTGT-13-s4d1,pDC
AGGTTTATCAAACCTA-13-s4d1,Proerythroblast
TTACAGCAGTACTGGT-13-s4d1,pDC
TTAAGTGTCGTTAACA-13-s4d1,Erythroblast
GCTAATATCCAGGGAG-13-s4d1,CD14+ Mono
AGTGTGGCATTGTGTG-13-s4d1,G/M prog
AATCCGTAGTAACAGG-13-s4d1,MK/E prog
GCTGGTTCAACTAGAA-13-s4d1,Erythroblast
GAAGCCTGTTTGTCTA-13-s4d1,HSC
GGACATAAGGAGTCTT-13-s4d1,MK/E prog
AACAGATAGATTGAGG-13-s4d1,CD14+ Mono
AAACCGGCACCAGCAT-13-s4d1,Normoblast
AGTGCCGGTTAGCATG-13-s4d1,Erythroblast
GAGTTTGGTAAGCTTG-13-s4d1,CD14+ Mono
TTAAGTGTCTTGTTCG-13-s4d1,pDC
ACACCTTGTGCTGGTG-13-s4d1,CD14+ Mono
TAGCGGCTCAGCCAAT-13-s4d1,Normoblast
TGTATCGCATGTTGTG-13-s4d1,CD14+ Mono
AACATAGCAGGCTTGT-13-s4d1,CD14+ Mono
GTAAGCGCAAATTGCT-13-s4d1,CD14+ Mono
GATTACTCATTTGCTC-13-s4d1,CD14+ Mono
GCCTGTGCAGGCTGTT-13-s4d1,Proerythroblast
CTCCCTGAGTCCTGAG-13-s4d1,Erythroblast
GTCCTCCCACTAAATC-13-s4d1,G/M prog
TAGTGTGGTGTGCACG-13-s4d1,Proerythroblast
GTGAATCTCACTTCAT-13-s4d1,MK/E prog
CCGTTGCGTACCGAAC-13-s4d1,Normoblast
CAGCTCAAGGAGTAAT-13-s4d1,G/M prog
TATCACGCATAGCGGA-13-s4d1,cDC2
TATGGTCAGTAGCTTA-13-s4d1,CD16+ Mono
CGGACCTAGCTTCCCG-13-s4d1,CD14+ Mono
CAAACGCGTGTAACCA-13-s4d1,CD14+ Mono
GGTCCTGCAATCCCTT-13-s4d1,Erythroblast
ACTCAGTAGCGAGCGA-13-s4d1,CD14+ Mono
ATGGTCTAGCCTGTGA-13-s4d1,CD14+ Mono
ATTGCAGGTTCATTTG-13-s4d1,CD14+ Mono
AGGTTGCGTCTAACCT-13-s4d1,pDC
GAACGAATCGCAGGCT-13-s4d1,CD14+ Mono
TTTGGTGCAAACCTTG-13-s4d1,cDC2
CGTTAGGTCCTAATAG-13-s4d1,CD14+ Mono
TGCTTCATCCGGAACC-13-s4d1,cDC2
TTTCGTCCAGCTTACA-13-s4d1,Erythroblast
GACAATACAATAATGG-13-s4d1,G/M prog
TTCCCGCCAACACTTG-13-s4d1,Proerythroblast
CGCATGATCTTAAGTG-13-s4d1,Proerythroblast
GGTTATGGTCAGGCCA-13-s4d1,CD14+ Mono
CCCGTAAAGGGTGAAC-13-s4d1,CD14+ Mono
GGAAGTATCACATTGA-13-s4d1,MK/E prog
GGAAGTATCAATAGCC-13-s4d1,CD14+ Mono
AGCCAGTGTTAACACG-13-s4d1,pDC
CAGTACCCAGCCAGAA-13-s4d1,CD14+ Mono
GCCTTGCGTTGGCCGA-13-s4d1,G/M prog
AGTTGCAGTCCTCCAA-13-s4d1,CD14+ Mono
GAGTTTGGTTAGAGCC-13-s4d1,CD14+ Mono
ATGCCTGAGCTTATGA-13-s4d1,pDC
AGCAAATAGGATAAAC-13-s4d1,CD16+ Mono
GTTTGTAAGACAACGA-13-s4d1,CD14+ Mono
TGTGAAACAGGAATCG-13-s4d1,HSC
TGCTTTAGTCATGCAA-13-s4d1,pDC
AGTCAGGCATGCTTAG-13-s4d1,Erythroblast
GCACTAAGTACCGAAC-13-s4d1,Erythroblast
TCGCATTGTAGACAAA-13-s4d1,CD14+ Mono
AACGGTAAGGCTACAT-13-s4d1,G/M prog
CGCGGATTCCAAACAC-13-s4d1,CD14+ Mono
CAAAGCGCAAAGGCCA-13-s4d1,CD14+ Mono
GCAATCTAGATGCCTG-13-s4d1,CD14+ Mono
CCTAATCGTGCAATGC-13-s4d1,Normoblast
ACTAAAGCAAAGGCCA-13-s4d1,CD14+ Mono
AATTGGACACAAAGAC-13-s4d1,Erythroblast
CAAGTGAAGATTGAGG-13-s4d1,CD14+ Mono
GCCACACAGAGGAAGG-13-s4d1,CD14+ Mono
GACTAATGTCCTAATC-13-s4d1,G/M prog
GCTGTACCATTGTGCA-13-s4d1,CD14+ Mono
CAAGAACCAAACTCAT-13-s4d1,Erythroblast
GGAGTGAGTAAGCACC-13-s4d1,CD14+ Mono
AATGCAACACCACAAC-13-s4d1,CD14+ Mono
CGTAACCCAAACTAAG-13-s4d1,cDC2
CCAAGGCTCGCAGGCT-13-s4d1,HSC
AGTTGCAGTATTGGAT-13-s4d1,CD14+ Mono
TCTCAAGCACAATGTT-13-s4d1,HSC
TCTTCAAGTTGCGCGA-13-s4d1,CD16+ Mono
GCTGACCAGCACCACA-13-s4d1,MK/E prog
CATAATGTCTTAGTCT-13-s4d1,cDC2
GATCAGGCAGCATGGA-13-s4d1,pDC
GTTACTAAGCTAATCA-13-s4d1,cDC2
TGTGGCCAGGGCCATC-13-s4d1,CD14+ Mono
TGTTGTTTCTTGTCCA-13-s4d1,CD14+ Mono
CCTTCGTAGGCGCTAC-13-s4d1,HSC
AGGCTAAAGGCATTAC-13-s4d1,Proerythroblast
AGTTGTCAGTTAGCCG-13-s4d1,Erythroblast
TGACTTAAGCATGAAG-13-s4d1,HSC
CCTGTTGGTCTCAGCC-13-s4d1,CD16+ Mono
TTTAACCTCCTAAATG-13-s4d1,CD14+ Mono
TTACACCGTCATAACG-13-s4d1,CD14+ Mono
ACGCCTAAGTGTTGCG-13-s4d1,Normoblast
AAACCGAAGGTGTTAC-13-s4d1,MK/E prog
GTCTTTAGTTAAGCCA-13-s4d1,CD14+ Mono
CTGGCTAAGTCATTGA-13-s4d1,HSC
TGATCGAGTTAGTACG-13-s4d1,G/M prog
TTGTGCGAGCTCCTTA-13-s4d1,MK/E prog
GAGGCTTGTAGGTTTG-13-s4d1,CD14+ Mono
TGCGGTTCAACTAGAA-13-s4d1,CD14+ Mono
CTCACAACACAACAGG-13-s4d1,CD14+ Mono
GCTGGTTCATAGCTGC-13-s4d1,Erythroblast
TGGCCTTTCAGCACGC-13-s4d1,CD14+ Mono
ACTCGCGCAAACTGTT-14-s4d8,CD14+ Mono
CAATGCCCAGGATGGC-14-s4d8,Proerythroblast
TCAATCGCATCCAGGT-14-s4d8,MK/E prog
TTTCGTCCAATTAAGG-14-s4d8,Erythroblast
CCTAAGTAGCCTTAAA-14-s4d8,Proerythroblast
ATTACCCGTGGAAGGC-14-s4d8,CD14+ Mono
CGGGTCTAGACTAAGG-14-s4d8,Proerythroblast
GAGAGGCGTCATTGTC-14-s4d8,Proerythroblast
GGGCATTGTGAGACTC-14-s4d8,cDC2
TTAGGCCCAGTTTCTC-14-s4d8,CD16+ Mono
TGCTAACAGTGATTCA-14-s4d8,Normoblast
TCTTGTCCATTATCCC-14-s4d8,HSC
CCAAACCCAGGATAAC-14-s4d8,Erythroblast
TGTTGTGCACCAGCAT-14-s4d8,Proerythroblast
CTAAAGCTCAGCATTA-14-s4d8,pDC
TCAGCAAGTCATAAGT-14-s4d8,Proerythroblast
GGAAGTATCGATTTGA-14-s4d8,HSC
ATTGCAGGTGTAATAC-14-s4d8,HSC
ACTCACCTCATAACTG-14-s4d8,Erythroblast
GGCTAGTGTAGGTTGC-14-s4d8,cDC2
AGCTTGGTCCTAATAG-14-s4d8,Erythroblast
CATTGTAAGAAAGCAT-14-s4d8,Erythroblast
TTCCCACAGAGGCTAA-14-s4d8,HSC
CATATCGCATAATCGT-14-s4d8,CD14+ Mono
CAAACACTCGCACAAT-14-s4d8,Normoblast
GAAACTGAGTAAAGGT-14-s4d8,CD14+ Mono
CAGCTATAGCATTTCT-14-s4d8,Proerythroblast
CTAGGCGGTAGGTTTG-14-s4d8,Proerythroblast
ATATAGGCAGCTTAAT-14-s4d8,Erythroblast
ATGGTGCGTTGCACAA-14-s4d8,Normoblast
AGTAACACATACCCGG-14-s4d8,Erythroblast
GTCTTTGTCGCTATGG-14-s4d8,Erythroblast
CTTGCGCGTGAATCGC-14-s4d8,Proerythroblast
CCGGTAGGTCATAGAT-14-s4d8,Proerythroblast
TCAGCGATCCTGATGG-14-s4d8,Proerythroblast
TCATGAGGTGAGCAAG-14-s4d8,Proerythroblast
CACTAAGGTGCTTTAC-14-s4d8,Proerythroblast
GGAATCTTCCTAATGA-14-s4d8,Proerythroblast
CCTAAATCATTTAAGC-14-s4d8,CD14+ Mono
GACCTCAAGCTGTAAC-14-s4d8,cDC2
TGGAACAAGTACCGCA-14-s4d8,CD14+ Mono
TTGGGCCAGCTTTGTT-14-s4d8,Proerythroblast
TCAAACCAGAAAGCAT-14-s4d8,Proerythroblast
CCTATTGTCCTTGAGG-14-s4d8,cDC2
CACTAGCCATCCTGAA-14-s4d8,CD16+ Mono
ATGGCTTAGCGAGGTG-14-s4d8,Proerythroblast
CTTGCATGTTCCGGGA-14-s4d8,cDC2
TCCGGAATCCAAATCA-14-s4d8,Proerythroblast
TAGCTTGCAAGGTATA-14-s4d8,Proerythroblast
CGATTCCTCCTTCGTA-14-s4d8,Proerythroblast
ATGCATTCAAACTAAG-14-s4d8,cDC2
TGAACAACACCGGTAT-14-s4d8,CD14+ Mono
CAGAACCGTTAGAGGG-14-s4d8,MK/E prog
CGATCCTTCCTTCTAG-14-s4d8,CD16+ Mono
TGCTATGCAGGTTAAA-14-s4d8,cDC2
ATCATCAAGGACCAGG-14-s4d8,G/M prog
ACAAAGGTCTACTAAG-14-s4d8,HSC
AGCGGATAGGAGCAAC-14-s4d8,Proerythroblast
AGTAACCTCCCTGGTT-14-s4d8,Proerythroblast
GGCGATACACAAGCCT-14-s4d8,CD14+ Mono
GCTCACAAGTATTGCA-14-s4d8,Proerythroblast
GCTGACATCTCTAGCC-14-s4d8,Proerythroblast
CTCATTAGTAATCACG-14-s4d8,Erythroblast
GTCCATTGTAACCACA-14-s4d8,Proerythroblast
CTTACCGGTAGTAAGA-14-s4d8,CD14+ Mono
AGTTGCAGTGCATTAG-14-s4d8,MK/E prog
ACTGAAACAATCGCAC-14-s4d8,Proerythroblast
GGGCATTGTGGAAGGC-14-s4d8,cDC2
CGTGCACAGGAGCAAC-14-s4d8,CD14+ Mono
GCCTCGACACAGGGAC-14-s4d8,MK/E prog
GAACCTGTCCCGAAGC-14-s4d8,CD14+ Mono
ATTAACCCAGGGAGCT-14-s4d8,MK/E prog
AGCATCCCATGAGCAG-14-s4d8,Proerythroblast
CCTTCGTAGCTATGAC-14-s4d8,Erythroblast
AGCCAGTGTGCGCGTA-14-s4d8,Proerythroblast
AAGCCTTAGTGATTCA-14-s4d8,Erythroblast
AGTTTGCAGTTGGCCA-14-s4d8,Proerythroblast
CGATATTCACCACAAC-14-s4d8,Erythroblast
AAAGGACGTTAATGCG-14-s4d8,CD14+ Mono
GGCTAGACAAGCTAAA-14-s4d8,cDC2
AAGGATCCAGAAATGC-14-s4d8,Erythroblast
ATCCTGACAGCCTGCA-14-s4d8,Erythroblast
CTTCGCGTCAAGTGAG-14-s4d8,Proerythroblast
GCGGGTTTCTTGCAGG-14-s4d8,Proerythroblast
CTCGTTATCCCGCATT-14-s4d8,CD14+ Mono
CACAGGCTCCCTCAGT-14-s4d8,Proerythroblast
AGGTGAGGTTACCGGG-14-s4d8,Proerythroblast
CGAATCTAGACCATAC-14-s4d8,CD14+ Mono
CAATGTCAGAAGCTAG-14-s4d8,Proerythroblast
GGTCCGTAGTTGGGCC-14-s4d8,HSC
CAGCCAATCACAGACT-14-s4d8,Proerythroblast
TCATTGCGTTGTTGCT-14-s4d8,Proerythroblast
GGATGTAAGCCATCAG-14-s4d8,CD14+ Mono
TTGGGCGGTGTTTGCT-14-s4d8,MK/E prog
TTCCACGGTAAGCTCA-14-s4d8,Proerythroblast
AGGTTACTCAAACCTA-14-s4d8,CD16+ Mono
CAGGAAGGTTCAAGAT-14-s4d8,CD14+ Mono
GGAGCATAGTTTGGGT-14-s4d8,CD14+ Mono
AATAACCGTGTGTGGT-14-s4d8,cDC2
TTTACGCGTCCTAATC-14-s4d8,Proerythroblast
ACTTAGTCAACTAGAA-14-s4d8,CD14+ Mono
CAAACCGTCTAACCAA-14-s4d8,CD14+ Mono
TGTAAAGCATAAGCAA-14-s4d8,CD16+ Mono
GACCTGCAGCATGAAG-14-s4d8,MK/E prog
TGTAACTCAACTAGCC-14-s4d8,Proerythroblast
CTATGATCACCAGGTT-14-s4d8,CD14+ Mono
ATGAGCCGTACCGGAT-14-s4d8,Proerythroblast
ACCTGGTCAAGGTGGC-14-s4d8,HSC
ATCATCAAGGCACAGG-14-s4d8,CD14+ Mono
GTGTCCAAGCTGCACA-14-s4d8,Proerythroblast
AAGGATCCAGTACCGT-14-s4d8,pDC
CTAAAGCTCTCACTCA-14-s4d8,Erythroblast
CCTATAGCACCAGGTT-14-s4d8,Proerythroblast
CATGCGGGTGATTACG-14-s4d8,Erythroblast
ACCGGCTAGACCATAC-14-s4d8,Erythroblast
CTTCAAGCAGGCATGA-14-s4d8,MK/E prog
CTAGGCGGTATTGCAG-14-s4d8,CD14+ Mono
GTTGCTGAGGAGGACT-14-s4d8,Proerythroblast
CCGCTAGCAAAGGTAC-14-s4d8,Erythroblast
ATTTGCGCACATGCTA-14-s4d8,CD16+ Mono
TTCGTTAGTCAATGTG-14-s4d8,Proerythroblast
GCTTACCTCCTCATGC-14-s4d8,Proerythroblast
TCAGCCTTCATGGTTA-14-s4d8,G/M prog
TTGGTGAGTGGATTGC-14-s4d8,CD14+ Mono
GGAACAATCGTGCCTT-14-s4d8,Proerythroblast
AGTAATGCAACCTGGT-14-s4d8,CD14+ Mono
CTCGCTAGTGAGCAAG-14-s4d8,Proerythroblast
ATAAGTCGTTCGCGCT-14-s4d8,HSC
GAGCGATAGCTATATG-14-s4d8,Erythroblast
CGAAGCGAGCATGCAT-14-s4d8,CD16+ Mono
CGGATTAGTTACTTCA-14-s4d8,CD14+ Mono
GCTGCATCAGTAATAG-14-s4d8,CD14+ Mono
TGACCTTGTACGATTG-14-s4d8,Erythroblast
TAACCTAAGCCATCAG-14-s4d8,Proerythroblast
CCTTCAATCCGGGACT-14-s4d8,cDC2
ATGAAGCCACCTGCCT-14-s4d8,Proerythroblast
CATAGGTTCTGGCAAT-14-s4d8,Proerythroblast
CCGGTTAAGGACCGCT-14-s4d8,HSC
CTGACCAAGGCAGGTG-14-s4d8,Normoblast
TAGCAGGCAATTTGGT-14-s4d8,Proerythroblast
ATCCAACAGGAACGCG-14-s4d8,MK/E prog
CCTACTTCATGAAATG-14-s4d8,Normoblast
GCAATGAAGCCAGTAT-14-s4d8,CD16+ Mono
GTAGCGCTCGTTAGTA-14-s4d8,Proerythroblast
AAGCCTGTCCCTGTTA-14-s4d8,Normoblast
CGATGTCCATGCTATG-14-s4d8,Proerythroblast
GCTGTACCAGCAAGAT-14-s4d8,Normoblast
AGACAATAGTTACTTC-14-s4d8,Proerythroblast
CCATTGTGTTGGCGTG-14-s4d8,HSC
CGAAGCGAGCGGCTGT-14-s4d8,MK/E prog
GCATGAAAGCCTAATA-14-s4d8,Proerythroblast
CTCGACAAGCCGGTAC-14-s4d8,Proerythroblast
CCAACCAAGGAGGACT-14-s4d8,CD14+ Mono
AAACCGGCAGGACCTT-14-s4d8,Erythroblast
AATAACCGTTCAAGCA-14-s4d8,HSC
ACCAGGGAGTAGCTTA-14-s4d8,Erythroblast
AGCAAATAGCTAGAAG-14-s4d8,CD14+ Mono
AATCCTAAGGAGTCGG-14-s4d8,CD14+ Mono
GAAAGGCTCAAACACC-14-s4d8,Proerythroblast
CTCTTGATCTTGACCC-14-s4d8,CD14+ Mono
GAGCTTAGTTACGCAA-14-s4d8,Erythroblast
ATCCACCTCGGCTATG-14-s4d8,CD14+ Mono
AGTATAGCATACTCCT-14-s4d8,Proerythroblast
TCCAGCAAGCACTTGG-14-s4d8,Normoblast
CTCACAACAGGCTTGT-14-s4d8,CD16+ Mono
GCTGCATCAAACCCTA-14-s4d8,CD14+ Mono
TTGCAGCCATAATTGC-14-s4d8,Proerythroblast
ATCCGTGAGGATAAAC-14-s4d8,Normoblast
CTAGTGAGTGATCATG-14-s4d8,MK/E prog
CGCCTCATCTAACCAA-14-s4d8,CD14+ Mono
CTGAATATCGACAAAG-14-s4d8,Erythroblast
CTGGTTTGTAGGTTAT-14-s4d8,CD14+ Mono
TGCTAACAGTTAGGCT-14-s4d8,cDC2
ACCTTCATCGGTTACG-14-s4d8,Normoblast
TCCAGGATCGTAACGT-14-s4d8,Proerythroblast
ATCGGCCAGGGCTAAA-14-s4d8,Erythroblast
ATCACCCTCTATGACA-14-s4d8,Proerythroblast
CCCGTAAAGGTCCTAG-14-s4d8,Erythroblast
CTGGTAAGTAGCTGGT-14-s4d8,Proerythroblast
ACCTCACTCGCAAACT-14-s4d8,CD14+ Mono
CATTCCTCAATCCTAG-14-s4d8,HSC
CTAGCTTGTTCACCCA-14-s4d8,CD14+ Mono
GTCTAATCAGTTAAAG-14-s4d8,CD14+ Mono
TGAGCAAAGGGACGCA-14-s4d8,Proerythroblast
TTAGGCTAGGACTAAG-14-s4d8,Proerythroblast
CCAGACTCAATTTAGC-14-s4d8,Proerythroblast
CGCTTACTCGGCCAGT-14-s4d8,Erythroblast
ACAACAACATAAAGCA-14-s4d8,Proerythroblast
CAATCCTGTTAGGTTG-14-s4d8,Normoblast
CGGTTATAGCGCCTTT-14-s4d8,CD14+ Mono
CTTTAGGCAATATGGA-14-s4d8,Proerythroblast
TTTCCGGGTGAGGTAG-14-s4d8,CD14+ Mono
GCTCGATCATTGCGGT-14-s4d8,CD14+ Mono
AATTGGGAGTTAGCTA-14-s4d8,CD14+ Mono
GGTACAAAGCTTCTCA-14-s4d8,CD14+ Mono
TTTGTTGGTTTGTGGA-14-s4d8,cDC2
TTGACGTAGCGGTTAT-14-s4d8,Proerythroblast
AGGTCAAAGCAAGATG-14-s4d8,Proerythroblast
TTTGAGTCAAGCCAGA-14-s4d8,Erythroblast
GATTATGTCTTGTTCG-14-s4d8,Proerythroblast
TTCGGTACAAGATTCT-14-s4d8,HSC
TGTCCTTCATAGCGAG-14-s4d8,cDC2
ACCAATATCCTTGTTG-14-s4d8,Proerythroblast
CTCACAACAATTATGC-14-s4d8,G/M prog
TGACTCCTCCCTCACG-14-s4d8,Proerythroblast
GATAGACCATGGTTAT-14-s4d8,Erythroblast
CAACCCTTCGTTAGCG-14-s4d8,CD14+ Mono
GTACAATGTATGTGGC-14-s4d8,HSC
CAGGAAGGTGGATTAT-14-s4d8,Erythroblast
CGGGACAAGGAAGCTA-14-s4d8,CD14+ Mono
GAGAGGCGTTTACCGT-14-s4d8,CD14+ Mono
AAAGGTTAGGCCCAGT-14-s4d8,CD14+ Mono
GGCTGAGAGCACTAAC-14-s4d8,cDC2
GTTTGTAAGTGAACAG-14-s4d8,Proerythroblast
GGCTCAATCGTAACGT-14-s4d8,CD16+ Mono
AAGACATAGCTTAACA-14-s4d8,CD14+ Mono
GTGTTCCTCCAAGTGT-14-s4d8,Proerythroblast
ATGGTGCGTTACTAGG-14-s4d8,Proerythroblast
GGACGGATCACACAGT-14-s4d8,CD14+ Mono
TCCAGGTCAGGCTTCG-14-s4d8,Normoblast
TAGGAGTCAGGACCAA-14-s4d8,Proerythroblast
ACAGTATGTAGTTAAC-14-s4d8,CD16+ Mono
GATGGACAGTGCACGC-14-s4d8,Erythroblast
ATTCAACCATCACAGC-14-s4d8,cDC2
TCAATCGCACCTATAG-14-s4d8,CD16+ Mono
TATGCATCAAATATCC-14-s4d8,Normoblast
GACCGAACAGGACCAA-14-s4d8,Proerythroblast
ACGACTTAGGTACCGC-14-s4d8,Proerythroblast
TCGTTAGCATGGAGGC-14-s4d8,Proerythroblast
CTAATTGAGGTGAAAT-14-s4d8,Proerythroblast
CCTATATTCCGCTAGA-14-s4d8,Proerythroblast
GCCCATAAGCATGAAG-14-s4d8,Proerythroblast
GATAAGCCAGCTCATA-14-s4d8,CD14+ Mono
CCATAAGGTTTAGTCC-14-s4d8,MK/E prog
TCCCGTTAGGTATTGC-14-s4d8,Normoblast
ACTCACTGTCTCACTG-14-s4d8,Erythroblast
CCTGCTCCAAGCTTTG-14-s4d8,G/M prog
AATCCGTAGCCGCTAA-14-s4d8,Proerythroblast
TAGAGCCGTGTAACCA-14-s4d8,CD14+ Mono
GAACCTGTCATTGACA-14-s4d8,Proerythroblast
TATCACAAGTCAATCA-14-s4d8,Normoblast
TAGGTGCGTACCAGGT-14-s4d8,Proerythroblast
GTCCGTAAGCATGTTA-14-s4d8,Proerythroblast
CGCATTACAGCCAGTT-14-s4d8,Proerythroblast
GGTGAGGTCAGAAACG-14-s4d8,HSC
CTATGGCCATCTAGCA-14-s4d8,Erythroblast
GAGTAACCATCATGTG-14-s4d8,CD14+ Mono
AGTATAGCAAGTGAAC-14-s4d8,cDC2
ATGATGGAGTATCGCG-14-s4d8,Proerythroblast
ACCAGGGAGGAGCATA-14-s4d8,CD14+ Mono
ACGTCAAGTTTGCTGT-14-s4d8,Proerythroblast
TCGCATTGTGCTAGCG-14-s4d8,HSC
TCAAGAACACCTGGTG-14-s4d8,CD14+ Mono
AACCGCTCAGCAAGTG-14-s4d8,Proerythroblast
AGTCGCATCAGCATTA-14-s4d8,Proerythroblast
CCTTTAGTCACGCATG-14-s4d8,Erythroblast
AGTACGCGTTAGGATT-14-s4d8,Proerythroblast
GAGGTTAAGCATCCAG-14-s4d8,cDC2
GGCCTTAAGCCTGACA-14-s4d8,Proerythroblast
TCATAACCAGCATGTC-14-s4d8,Normoblast
TCAGTGAGTCGACTAA-14-s4d8,Proerythroblast
TCCTAGTGTTGTAACG-14-s4d8,Proerythroblast
TTCCTCAAGTCATTAG-14-s4d8,CD16+ Mono
TCAGGTTAGGGATGAC-14-s4d8,cDC2
AACCTTAAGAATCTCA-14-s4d8,CD14+ Mono
GGTCAAGCAAGCTAAA-14-s4d8,CD14+ Mono
TATGAAGCACTAAATC-14-s4d8,Proerythroblast
TGATCACAGGCCAATT-14-s4d8,Erythroblast
GTCATGAGTCCGTAGG-14-s4d8,CD14+ Mono
CTAATAGTCCGGTTGA-14-s4d8,Proerythroblast
GACGCCTAGCAAGGAC-14-s4d8,G/M prog
TGTTACTTCCGCACAA-14-s4d8,Proerythroblast
CTCCGTCCACCTAATG-14-s4d8,Erythroblast
CTACTAAAGTTAGTGC-14-s4d8,Erythroblast
ACTTGAATCATCACTT-14-s4d8,Normoblast
ACCCTGTTCAATCTCT-14-s4d8,Proerythroblast
TGCTAACAGGACAATG-14-s4d8,Proerythroblast
AGCAAGGGTTGCCTCA-14-s4d8,CD14+ Mono
GTAGCGCTCAGGTTTA-14-s4d8,Erythroblast
AATGAAGGTTACAAAC-14-s4d8,Proerythroblast
GGATACTTCTGTGCAG-14-s4d8,Proerythroblast
TACCTTTAGTCACGAT-14-s4d8,CD14+ Mono
AAAGCCCGTAAGCTCA-14-s4d8,Erythroblast
TACAACATCATGTGGT-14-s4d8,Proerythroblast
CGTGCTGCACAGGGAC-14-s4d8,CD14+ Mono
CGTTGCAAGTTGGATC-14-s4d8,CD16+ Mono
TGAGTGAAGGCGCTAC-14-s4d8,cDC2
ACAGGAATCATGCATA-14-s4d8,Proerythroblast
GTATTGCAGACTTATG-14-s4d8,Erythroblast
AGGTCCGGTTTGGGCG-14-s4d8,Proerythroblast
GGTAAGGGTTGCACGG-14-s4d8,Proerythroblast
AGCCTGGGTAATCACG-14-s4d8,HSC
ATTGCAGGTATTGAGT-14-s4d8,Proerythroblast
GTATTGCAGGTAAGGC-14-s4d8,Proerythroblast
TCACTGACAAAGGTAC-14-s4d8,CD14+ Mono
CCATATTTCCAACTGG-14-s4d8,Erythroblast
TTATGACCATGTGGGA-14-s4d8,Erythroblast
TTGATGTCATAGACTT-14-s4d8,CD14+ Mono
GCAAACTTCTGGCTTC-14-s4d8,Proerythroblast
GGCCGTTAGGGTCCAC-14-s4d8,Normoblast
ATCCTTAGTCAGGCAT-14-s4d8,Proerythroblast
GCCCATAAGCAAACCT-14-s4d8,CD14+ Mono
TCTGGCTTCAGAAACG-14-s4d8,Proerythroblast
ACACTAATCAAGCGCC-14-s4d8,CD14+ Mono
TTTATGGAGCTGGCTA-14-s4d8,CD16+ Mono
AAACCGCGTTATCCTA-14-s4d8,cDC2
CAATCCCTCAAGCCTG-14-s4d8,CD14+ Mono
CTTCAAGCAAGCTTTG-14-s4d8,Proerythroblast
TCCATATTCTGGCAAT-14-s4d8,Proerythroblast
ATGGCTGTCTTGGATA-14-s4d8,CD14+ Mono
TCATGTTTCCGCTAGA-14-s4d8,cDC2
GGCTCACAGTCTGGGC-14-s4d8,Proerythroblast
TCTCAATTCCCTCGCA-14-s4d8,Proerythroblast
GTACCTTGTAGTAAGA-14-s4d8,cDC2
CATAATGTCCGCCTCA-14-s4d8,Proerythroblast
ATGAAGCCAGTAATAG-14-s4d8,Proerythroblast
AGGTCATTCGGGACTC-14-s4d8,Proerythroblast
AGTCAGGCAGCAACCT-14-s4d8,CD14+ Mono
GCCTGTGCAGCAATAA-14-s4d8,Proerythroblast
TTTACGCGTAACGAGG-14-s4d8,MK/E prog
AGAAAGGCAGTAAGTA-14-s4d8,Proerythroblast
TATTACCTCATGACCG-14-s4d8,Proerythroblast
CCAGACTCATAGTCAT-14-s4d8,Erythroblast
AGCGGACCACCCACAG-14-s4d8,CD14+ Mono
CATCAATCAGTAGGAT-14-s4d8,Proerythroblast
GCGATATTCCAGGGAG-14-s4d8,Proerythroblast
GGAACTAAGCAAGGTA-14-s4d8,CD16+ Mono
GATCGATTCCAAGTTA-14-s4d8,CD14+ Mono
CAAACCGTCGAGGAAC-14-s4d8,Erythroblast
TCCTTAGTCTGGTCCT-14-s4d8,Proerythroblast
GCATCCTTCTTGCAAA-14-s4d8,CD14+ Mono
GACCTCAAGCTATATG-14-s4d8,CD16+ Mono
TTAGACTCAATTAACC-14-s4d8,Proerythroblast
AACTGTTCATTATGCG-14-s4d8,Erythroblast
GTATGTTCACAATGCC-14-s4d8,Proerythroblast
CTCTATGTCCGCAAGC-14-s4d8,Erythroblast
GACTATTCATAGGCGA-14-s4d8,CD14+ Mono
CCAACATAGTTAGTTG-14-s4d8,Proerythroblast
ACATTAGTCTTGCAAA-14-s4d8,cDC2
AGTCAGGCATAACGGG-14-s4d8,CD16+ Mono
AGTTACATCAATGTCA-14-s4d8,CD16+ Mono
TTGCACACATAATCCG-14-s4d8,CD14+ Mono
TACCGTTGTGGGAACA-14-s4d8,cDC2
TGCAATATCGATCAGT-14-s4d8,CD14+ Mono
CGTTAGTAGTCCTTCA-14-s4d8,G/M prog
TACCGAAGTAGCCATA-14-s4d8,CD16+ Mono
ATAGATGCAGGAACCA-14-s4d8,Proerythroblast
ATTTGTGAGTATCGCG-14-s4d8,Proerythroblast
ACGCCTAAGTTGTCCC-14-s4d8,Proerythroblast
AGTCAAGAGGAAGTAT-14-s4d8,Proerythroblast
AACGCTAGTTGGATAT-14-s4d8,CD14+ Mono
ACCTGGATCAGGGCCT-14-s4d8,cDC2
ATATGGTGTAAATTGC-14-s4d8,Proerythroblast
GTTAAGTGTGGTGAGA-14-s4d8,Proerythroblast
TACTGACAGATAACCC-14-s4d8,cDC2
TGACTTCGTACGCGCA-14-s4d8,Proerythroblast
GACAATACAACACCTA-14-s4d8,Erythroblast
CCGTTGCGTTACATCC-14-s4d8,Proerythroblast
TGGACCGGTTCGCTTG-14-s4d8,Proerythroblast
GAAGTAAGTCAATACG-14-s4d8,Proerythroblast
TCGATTAAGTTATCTC-14-s4d8,Erythroblast
TTTCTTGCATCATGTG-14-s4d8,Erythroblast
TCGTTACGTTTAGTCC-14-s4d8,Proerythroblast
ACAGGAATCTAGCGAT-14-s4d8,Proerythroblast
CCTCCTGAGGACAACA-14-s4d8,G/M prog
TCTAATCTCATGCGTG-14-s4d8,Normoblast
GTTGCCCGTGTGTCCC-14-s4d8,CD14+ Mono
GAACCAGCATTGTTGG-14-s4d8,Proerythroblast
TAAGTGCTCCCTGACT-14-s4d8,Erythroblast
TACTGCACAAACATAG-14-s4d8,Normoblast
ACGTTGTAGGTGTCCA-14-s4d8,Proerythroblast
GTTCCTTCATGCTATG-14-s4d8,Proerythroblast
TGTGTGAGTTGTTGTC-14-s4d8,Proerythroblast
AGGAGCTAGTTATCTC-14-s4d8,Erythroblast
ACGTTACAGGACACTT-14-s4d8,Proerythroblast
TCCTTCAAGAACCTAC-14-s4d8,Proerythroblast
TTGGATATCATTGACA-14-s4d8,G/M prog
TTCATCCCAAGCTTAT-14-s4d8,G/M prog
ACTTACTTCGTTAGTA-14-s4d8,Erythroblast
CCCTGTTAGTCACCAG-14-s4d8,Proerythroblast
ACTATCCGTTAGGTGC-14-s4d8,Erythroblast
GGTAAACCATCACAGC-14-s4d8,CD16+ Mono
TCAGCGATCCCGTTTA-14-s4d8,Proerythroblast
CCAGACTCAGGAATCG-14-s4d8,CD14+ Mono
TCGTTAGCATGACTAT-14-s4d8,Proerythroblast
ACCACATAGTATTGCA-14-s4d8,CD14+ Mono
ACTTGTCGTGATTACG-14-s4d8,HSC
ATCCATAAGGAACCGG-14-s4d8,Proerythroblast
ATGGCTTAGCCTGTTC-14-s4d8,Erythroblast
GTTCCTTCACAGCCTG-14-s4d8,G/M prog
ACCAGGCTCCAGGTTG-14-s4d8,Proerythroblast
TGTCCTGGTGACATAT-14-s4d8,CD14+ Mono
TAGGAGTCACCCTCAC-14-s4d8,CD14+ Mono
AAACCAACAGACAAAC-14-s4d8,MK/E prog
CCGTGCTGTGCTGGTG-14-s4d8,Erythroblast
TCACCTGGTATTCGCT-14-s4d8,Erythroblast
CATCCCAGTAGTTGGC-14-s4d8,Proerythroblast
CTGTTTAGTAACAGGG-14-s4d8,Erythroblast
AAGCGCTGTTCCGGCT-14-s4d8,Proerythroblast
GACCTTTGTCACGGAT-14-s4d8,CD14+ Mono
GTACTAGGTGTTAGCA-14-s4d8,Proerythroblast
TCGTTTCCAGGCATGA-14-s4d8,Proerythroblast
TGAACAACACAACCTA-14-s4d8,cDC2
TACCGAAGTTGCCTCA-14-s4d8,CD14+ Mono
TGTCCTGGTTATGTGG-14-s4d8,CD14+ Mono
GGAACGGTCATCCTCA-14-s4d8,Proerythroblast
AGCACTTAGGGTTAGA-14-s4d8,HSC
TTGGGCGGTTTCGCCA-14-s4d8,Proerythroblast
GATTCATCAGGCCTTG-14-s4d8,MK/E prog
CCAAGTTAGGCAACAA-14-s4d8,MK/E prog
ATTGAAGCACAGGATG-14-s4d8,CD14+ Mono
GCCTCGACACCGGTAT-14-s4d8,CD14+ Mono
AATCATCCAGCAAGAT-14-s4d8,CD14+ Mono
TTACAGCAGCCTTAAA-14-s4d8,CD14+ Mono
AGAGATTAGGTGCTGC-14-s4d8,CD14+ Mono
TAATGGACATTTGCTC-14-s4d8,Proerythroblast
GCAAGTGCAGCAACCT-14-s4d8,Proerythroblast
GTGGACACAAACTAAG-14-s4d8,Proerythroblast
CCGTTATGTTAGTGAT-14-s4d8,Proerythroblast
GAGCTAGCAAGTCGCT-14-s4d8,MK/E prog
CAAAGTGAGCTTTGTT-14-s4d8,CD14+ Mono
ACCTTGCTCGAGCTAT-14-s4d8,Erythroblast
GATCGATTCTTAGGAC-14-s4d8,Normoblast
CGTGCTGCATCCTAGA-14-s4d8,G/M prog
TTTCCTGAGCACGATT-14-s4d8,HSC
ACAACAACAGCAAGAT-14-s4d8,Proerythroblast
AACCTCCTCTAATTGG-14-s4d8,CD14+ Mono
TGAGCCGGTTAAATGC-14-s4d8,CD14+ Mono
AGGTTTATCTTAGGAC-14-s4d8,Proerythroblast
TTTGTGAAGCGATAAG-14-s4d8,Proerythroblast
CGGTTTCTCTTAGGAC-14-s4d8,Proerythroblast
ACAACATGTCGCATAA-14-s4d8,CD16+ Mono
GCCACAATCTGGCAAT-14-s4d8,G/M prog
TAAGCCTAGTCGCTAG-14-s4d8,Proerythroblast
TTGCAACAGTCACCAG-14-s4d8,CD16+ Mono
CCGCCAACATAATCGT-14-s4d8,G/M prog
ATGGTGCGTCGTAAAT-14-s4d8,Proerythroblast
TTCCACGGTCACAAAT-14-s4d8,HSC
AATAACCGTTCAAGAT-14-s4d8,pDC
GTTTACCGTAGGTTAT-14-s4d8,Proerythroblast
ACCAGCTCAGCACCAT-14-s4d8,Proerythroblast
AATTGACGTAGTAAGA-14-s4d8,Normoblast
CAGGACACATCTAGCA-14-s4d8,pDC
ATTGCACAGAAGCTAG-14-s4d8,Proerythroblast
GTGCTGATCGCTAAGT-14-s4d8,Proerythroblast
CCCAACCGTCACGGAT-14-s4d8,G/M prog
GCAAACCGTAATCGTG-14-s4d8,G/M prog
GAGCTAGCAACTAGAA-14-s4d8,Proerythroblast
TCATCCATCGATATTG-14-s4d8,Proerythroblast
CCAGCTAAGTAGGCGG-14-s4d8,CD14+ Mono
GCAAGTGCATCCTGAA-14-s4d8,Erythroblast
AGAAACTAGGAACGGT-14-s4d8,Proerythroblast
CACTTAAAGGAATAAC-14-s4d8,Proerythroblast
AGTGCACGTGAAGCCT-14-s4d8,Proerythroblast
ATCCAACAGTGAGCAA-14-s4d8,CD16+ Mono
AATGTCATCATCGTTT-14-s4d8,Proerythroblast
TATGACTCACCTGCCT-14-s4d8,G/M prog
ATTTAGCCATAAGGAC-14-s4d8,CD14+ Mono
GCCTTAACAACAGGTG-14-s4d8,Proerythroblast
AGTAACACACAGCCAT-14-s4d8,Erythroblast
AAGTAGCCAACAACAA-14-s4d8,HSC
CAAGGTTTCGCTTGCT-14-s4d8,cDC2
GCTATCCTCGATAACC-14-s4d8,Proerythroblast
TTATTGCTCGAGCAAA-14-s4d8,Erythroblast
TTAGCGGTCCCGAAGC-14-s4d8,CD16+ Mono
AGTCCTGAGGCTAAGA-14-s4d8,Proerythroblast
AAGCTTGGTATTGCAG-14-s4d8,Proerythroblast
GATCCGTCAGAACCGA-14-s4d8,HSC
ACCCGTAAGTGACCTG-14-s4d8,Normoblast
AATCTCAAGACAACGA-14-s4d8,CD14+ Mono
AGAATCGAGCTGAGGG-14-s4d8,cDC2
TGGTGATTCATTATGG-14-s4d8,Normoblast
CCCTCACCACAATGTT-14-s4d8,CD14+ Mono
CCACACAAGAAAGGAA-14-s4d8,CD14+ Mono
GGTCAATTCATGTTTC-14-s4d8,Proerythroblast
ATTGGCTAGGTCCTGA-14-s4d8,cDC2
TTAGGATGTGCCTCAC-14-s4d8,CD14+ Mono
ACTGAAACAGCTCAAC-14-s4d8,Proerythroblast
CTTAAGGGTCATGAGC-14-s4d8,Normoblast
GGTTGGTGTATTCGTC-14-s4d8,Erythroblast
ACTAACTCACGAATCC-14-s4d8,CD14+ Mono
GCTTTGTGTGTTTGCT-14-s4d8,MK/E prog
GTGCTTACAAACGCGA-14-s4d8,Proerythroblast
GGTCCGTAGGACCTCA-14-s4d8,CD14+ Mono
TTAACTGAGTTAGAGG-14-s4d8,CD16+ Mono
TGAGCTTAGGATCACT-14-s4d8,Erythroblast
CTTATTGGTATTGGAT-14-s4d8,Proerythroblast
GTAGCTGTCTTAGCCC-14-s4d8,MK/E prog
ACGAACAAGCACAGCC-14-s4d8,Proerythroblast
TGTTGTGCAGCAGGTA-14-s4d8,cDC2
CAATATGTCCCTCAAC-14-s4d8,Proerythroblast
GCGTGCTAGACAGGTA-14-s4d8,Proerythroblast
AAAGCACCACAAACTT-14-s4d8,Erythroblast
AAGGAAGCATTGTGCA-14-s4d8,CD14+ Mono
ACGATTCAGCTCCTAC-14-s4d8,Proerythroblast
CGCTGTGCACTGACCG-14-s4d8,CD14+ Mono
TGTGTGAGTCAACAAT-14-s4d8,Proerythroblast
CAAGGCCTCCTAATTC-14-s4d8,CD14+ Mono
TAATCCGCAGCAAGTG-14-s4d8,cDC2
CTAGCTGAGAATGACG-14-s4d8,CD16+ Mono
TCCTTGCAGAACCTGT-14-s4d8,Proerythroblast
ACGGTACGTAGGATCC-14-s4d8,Proerythroblast
TACCGCAAGCTGTACG-14-s4d8,Erythroblast
GGATTTATCAAGACTC-14-s4d8,CD14+ Mono
AGTAACACATGTGGGA-14-s4d8,Erythroblast
ACATTGCAGCTGTACG-14-s4d8,cDC2
ATGTTTGAGTTGCGTG-14-s4d8,Proerythroblast
GTGGTTAGTTGTTGGA-14-s4d8,cDC2
GCCTACTTCCAGGTCA-14-s4d8,Proerythroblast
GGCGTTATCCCATAGG-14-s4d8,Proerythroblast
CCGTTACTCATCCTCA-14-s4d8,Proerythroblast
GAGCCTTCACCTCGCT-14-s4d8,Proerythroblast
ATCGCTTGTAATCACG-14-s4d8,Normoblast
AGTTTGATCAATTACG-14-s4d8,CD16+ Mono
AGTTTGATCAAGACTC-14-s4d8,Proerythroblast
GGTTATGGTAGGATCC-14-s4d8,Proerythroblast
ATCACTAAGCCTCTGT-14-s4d8,Erythroblast
CAGGTTTAGTAGCGCC-14-s4d8,CD16+ Mono
TTAGACTCATTGTCCT-14-s4d8,Proerythroblast
ACAGTATGTCATGCCC-14-s4d8,CD14+ Mono
AGGAACGGTTAGGTGC-14-s4d8,Proerythroblast
ATTACCCGTGAGCACT-14-s4d8,CD16+ Mono
CCTGATGAGGTACCGC-14-s4d8,Erythroblast
ATTCCTAGTGCTCCGT-14-s4d8,CD14+ Mono
TGATCGAGTTGAGGTC-14-s4d8,G/M prog
GTGTGTTAGGAACACA-14-s4d8,pDC
AGCACTAGTCGCAAAC-14-s4d8,Proerythroblast
GATGAGGGTTAAGTGT-14-s4d8,Erythroblast
TTTAAGGTCTGTAAGC-14-s4d8,CD14+ Mono
CACCTCAGTGAGGTGA-14-s4d8,CD14+ Mono
GCGAGTGAGGCGAAAC-14-s4d8,CD14+ Mono
TTGCTTTAGGTCGAGG-14-s4d8,Proerythroblast
GCTGCAATCTCACTCA-14-s4d8,Proerythroblast
CTGTTTAGTGAACAAA-14-s4d8,Proerythroblast
GCTAAGCGTGTTTGTC-14-s4d8,CD14+ Mono
GCCAACATCAGCAAAG-14-s4d8,HSC
TGCATGAGTCATCATC-14-s4d8,Proerythroblast
TACCTTTAGCGCATTG-14-s4d8,Proerythroblast
CGTTTCTCAGCTCAAC-14-s4d8,cDC2
ACCACATAGCGAAGTA-14-s4d8,Proerythroblast
CTGGATGTCCTAAGTA-14-s4d8,Proerythroblast
GCGGTTATCCTTGAGG-14-s4d8,CD14+ Mono
GGTGTCCAGGAACCAA-14-s4d8,Proerythroblast
CTACTAAAGCCTTAAA-14-s4d8,CD16+ Mono
CAGGGTGAGCTGTCAG-14-s4d8,MK/E prog
CTACCTCAGCTGTAAC-14-s4d8,CD14+ Mono
AGCTACGTCCTCCTAA-14-s4d8,CD14+ Mono
TAATCACCAGTAAGTA-14-s4d8,Erythroblast
ACCTACCTCTAAGTGC-14-s4d8,cDC2
GCCTCCATCTTTGTAC-14-s4d8,cDC2
AAGCCACGTGACATAT-14-s4d8,CD16+ Mono
CGGCTAATCCTCAGCT-14-s4d8,Proerythroblast
CAGGCTGGTTACAAAC-14-s4d8,Proerythroblast
CCTAATCGTCATCCTG-14-s4d8,CD14+ Mono
ACGTCAAGTTGCACGG-14-s4d8,Proerythroblast
GACACCGGTCCTAATC-14-s4d8,Proerythroblast
TGGAACAAGCTATTAG-14-s4d8,Proerythroblast
AAGGATGTCTGCAAAC-14-s4d8,G/M prog
GCGGATACATTGTGTG-14-s4d8,CD14+ Mono
GAGTGATCATGATTGT-14-s4d8,Erythroblast
GGAATCTTCTATGACA-14-s4d8,CD14+ Mono
CCTCAGTTCAATCATG-14-s4d8,CD16+ Mono
ATGCAGGCACCTGCTC-14-s4d8,cDC2
ATTGTGATCCATTACT-14-s4d8,Proerythroblast
TAGCGGACAACACTTG-14-s4d8,cDC2
AGAGATTAGGGATTAG-14-s4d8,Erythroblast
TTGCTCTCAATGAAGC-14-s4d8,HSC
GCTCACAAGGAGGCAT-14-s4d8,Proerythroblast
ATGTTGTCACTGGCCA-14-s4d8,CD16+ Mono
CCAACCCGTAGTAAGA-14-s4d8,Erythroblast
TTTACGCGTTAATCGG-14-s4d8,CD14+ Mono
GCCAACATCGGTCATG-14-s4d8,CD14+ Mono
ACGTCCAAGAACAAGT-14-s4d8,CD14+ Mono
GTCTTTAGTACTGATG-14-s4d8,MK/E prog
ACATTGCAGGAACCAA-14-s4d8,G/M prog
GTTACAGGTTTGGTTC-14-s4d8,Erythroblast
GAAGTGATCACGAATC-14-s4d8,Proerythroblast
ACGTCAAGTCAGGCCA-14-s4d8,Proerythroblast
AGTGCCGGTTAGCAGC-14-s4d8,HSC
GTCATGCCAATTAACC-14-s4d8,Proerythroblast
CGAATCTAGCCAAATC-14-s4d8,MK/E prog
CGTATTGCAGCCAGTT-14-s4d8,cDC2
GTCGGTTCAGCTAATT-14-s4d8,HSC
GTTTGTTTCGAGGTGG-14-s4d8,Proerythroblast
ACACTAATCAATGAGG-14-s4d8,Proerythroblast
TTGCAATCAGGCTGTT-14-s4d8,Proerythroblast
TTTATGGAGGATGATG-14-s4d8,CD16+ Mono
CAGGACCTCACTCAAA-14-s4d8,MK/E prog
AGTAACCTCAATCATG-14-s4d8,Proerythroblast
GTGCTTCTCCTAGTAA-14-s4d8,CD14+ Mono
CACAAGCGTTTGTTGC-14-s4d8,Proerythroblast
CTCCTAATCCCGCCTA-14-s4d8,CD14+ Mono
AGTAGGATCCTGAATA-14-s4d8,Proerythroblast
CAAGTGAAGCCTGTTC-14-s4d8,G/M prog
TTATAGCCATTAGGTT-14-s4d8,CD14+ Mono
ACGCACGGTGATCAGC-14-s4d8,Proerythroblast
AAGCATGAGTAAGAAC-14-s4d8,CD14+ Mono
GCGCAAACATCAGCAC-14-s4d8,MK/E prog
CCGTTATGTTGGTTAG-14-s4d8,Erythroblast
CAACAGGCATAATGTC-14-s4d8,Proerythroblast
TTAGAAGCAAACAACA-14-s4d8,cDC2
CACCGGTAGCTGAGGG-14-s4d8,Proerythroblast
GTTTGCTGTGGATTGC-14-s4d8,Erythroblast
TGCTTCCAGGTAGCTT-14-s4d8,Proerythroblast
TTTGTGGCAGTTGCGT-14-s4d8,Proerythroblast
AGAGAAGCATCCCTCA-14-s4d8,Proerythroblast
TAGCTAGGTGTTGTAG-14-s4d8,HSC
ACAACATGTACAAAGA-14-s4d8,Proerythroblast
AACTCACAGCTTACTT-14-s4d8,Erythroblast
AAGTGTTGTGCTAGAC-14-s4d8,Normoblast
ACGCTTGAGGAAGTAT-14-s4d8,CD16+ Mono
GGTCGGTTCCACCTGT-14-s4d8,Erythroblast
TCAGTAGGTCACGAAC-14-s4d8,MK/E prog
GTTTACCGTCATGCAA-14-s4d8,Proerythroblast
AGCGTGCTCTTAGCGG-14-s4d8,cDC2
CTGTAACAGCTCAAAC-14-s4d8,cDC2
GTTCGCGCAGTAGGTG-14-s4d8,HSC
CTAACCCTCTTAGGGT-14-s4d8,CD14+ Mono
TACTGCACACTTAGGC-14-s4d8,Normoblast
GTGGCTTCACAATTAC-14-s4d8,MK/E prog
TCGATTAAGCTATTGA-14-s4d8,CD14+ Mono
CTGCAATAGTGAGCAA-14-s4d8,Proerythroblast
GTTACAGGTACTTCAC-14-s4d8,Proerythroblast
GGCTTCAAGTAACTCA-14-s4d8,Proerythroblast
GATTGGCGTTTATGGG-14-s4d8,CD14+ Mono
CGGTGAGAGGCATTAC-14-s4d8,Proerythroblast
ACGTTACAGTGTGATC-14-s4d8,CD14+ Mono
AAGTGTTGTATTACCC-14-s4d8,Proerythroblast
TTGTTTGGTCATAGAT-14-s4d8,CD14+ Mono
TGGCCTTTCGATTTGA-14-s4d8,Proerythroblast
TGATTGCAGTTCCCGT-14-s4d8,Proerythroblast
TTGCAACAGTTGGATC-14-s4d8,cDC2
GAAGTCAAGGTCGAGG-14-s4d8,Erythroblast
CTTGCATGTGCAACTA-14-s4d8,Proerythroblast
TTCGGTACAATAACCT-14-s4d8,CD14+ Mono
TAGCGGACAGAGAGCC-14-s4d8,Proerythroblast
TTATCCTAGTTAGCTA-14-s4d8,Proerythroblast
CATTATCTCAGCACCA-14-s4d8,CD14+ Mono
GTGCTCCGTTTGGGTA-14-s4d8,HSC
GGTCCATCACAAGCCT-14-s4d8,CD14+ Mono
GCAATGAAGTTACCGG-14-s4d8,CD14+ Mono
TGAGCCGGTGGATTAT-14-s4d8,CD16+ Mono
CCAGGAACAGGCTTCG-14-s4d8,Proerythroblast
TGAGGGCCAGGCAAGC-14-s4d8,Erythroblast
GCGAAGCCACTGGCTG-14-s4d8,HSC
CTCCGTCCACGTAATT-14-s4d8,Proerythroblast
GTAAGCGCATCACAGC-14-s4d8,cDC2
GACATTATCGGTTTCC-14-s4d8,CD14+ Mono
GCTCGATCAAGGTGCA-14-s4d8,Erythroblast
CAAGGGAGTTTATCTG-14-s4d8,Proerythroblast
GTGCTCAAGTAGGATG-14-s4d8,CD14+ Mono
CTTCACTCATTAAAGG-14-s4d8,Proerythroblast
GTTTCTAGTTCGCGCT-14-s4d8,Erythroblast
TAGCTTAAGACAAAGT-14-s4d8,CD14+ Mono
ACCCGCTGTCAGTAAT-14-s4d8,Erythroblast
CTTGAACAGTTAGCCG-14-s4d8,Erythroblast
GCAATCTAGTGAGGGT-14-s4d8,CD14+ Mono
GTATTGTCACCGGTAT-14-s4d8,MK/E prog
GACGCAACATTGTTGG-14-s4d8,Proerythroblast
GTTCCTTCAATGAGGT-14-s4d8,Proerythroblast
TACCTTAGTTCTTTAG-14-s4d8,cDC2
TCTAAGGGTCCCGGAA-14-s4d8,Erythroblast
ACTAAAGCAGGGAGCT-14-s4d8,CD14+ Mono
CACGCTAAGCTTACTT-14-s4d8,Proerythroblast
CAAACACTCCGCCTCA-14-s4d8,HSC
TTGCAATCATACTCCT-14-s4d8,Proerythroblast
AAGCGTTTCGTGCTAG-14-s4d8,MK/E prog
TGGACGGAGGTGAAGC-14-s4d8,Proerythroblast
GCTTAACAGTTCCCGT-14-s4d8,CD14+ Mono
GTGTGCGGTTCCGGGA-14-s4d8,Proerythroblast
AACAAAGGTGCATCGG-14-s4d8,pDC
CACTGACCAGTAGCCT-14-s4d8,Erythroblast
CTAGCTGAGGTTACGT-14-s4d8,CD16+ Mono
CACCAACCAAGGTACG-14-s4d8,cDC2
CTAGGCGGTTAGAGCC-14-s4d8,pDC
ATGGCCGGTTGACTTC-14-s4d8,Proerythroblast
CGCTTCTAGCACTAGT-14-s4d8,CD14+ Mono
CCTAAGCCAATAGCAA-14-s4d8,Proerythroblast
AGTAACACATGTTGGC-14-s4d8,G/M prog
CCTTACTCAAACCTAT-14-s4d8,cDC2
AACGCCCAGGAGTCGG-14-s4d8,Proerythroblast
CGTATTGCATTGTGGC-14-s4d8,Proerythroblast
GTAAGGTCATATTGAC-14-s4d8,cDC2
TTGGTGAGTTTAGCGA-14-s4d8,Proerythroblast
GCGCTTGCATCTTGAG-14-s4d8,CD14+ Mono
AACTACTCACAACAAA-14-s4d8,Proerythroblast
GGTTCTTGTCTCAGCC-14-s4d8,Proerythroblast
CGTTTCTCAACAGGTG-14-s4d8,Proerythroblast
GTCCGTAAGGAGGGTT-14-s4d8,Normoblast
GGTTTGTAGTCATTAG-14-s4d8,Erythroblast
GTCCATTGTGCTCCGT-14-s4d8,CD14+ Mono
CGCTTCTAGTACTGGT-14-s4d8,Erythroblast
GTACTGGTCGCTATGG-14-s4d8,CD14+ Mono
GTTGGCCAGCTTACTT-14-s4d8,G/M prog
CTCCTGAGTGGGAACA-14-s4d8,Proerythroblast
CTCGCTAGTAATGGAA-14-s4d8,cDC2
GGGTGAAGTGTTTGCT-14-s4d8,cDC2
GTAAGCGCACGTGCTG-14-s4d8,Proerythroblast
ACCCGTAAGGAACCAA-14-s4d8,CD14+ Mono
CTAGTTGCATTATGAC-14-s4d8,Erythroblast
TTAGGAACACCGGCTA-14-s4d8,Proerythroblast
TGTCAATCACAACAAA-14-s4d8,CD16+ Mono
TATTAGGTCGCATTAA-14-s4d8,Erythroblast
GTTACTCGTTACAACG-14-s4d8,CD14+ Mono
TTGGATTCAGTATGTT-14-s4d8,Proerythroblast
CACAGGGAGGCGCATC-14-s4d8,Proerythroblast
GGTGTCCAGAGCCGGA-14-s4d8,G/M prog
CGTAACCCACTCAACA-14-s4d8,pDC
CTTTGGGAGGTCCTAG-14-s4d8,CD14+ Mono
TTGCTTTAGGAAGTAT-14-s4d8,cDC2
CTTAGTTTCGCTAGCA-14-s4d8,Normoblast
CTCCAACTCCATAATG-14-s4d8,CD14+ Mono
GTACCTTGTTCCGCAC-14-s4d8,Proerythroblast
TTGTTGCGTTCTTTAG-14-s4d8,CD14+ Mono
CCTCAAACAAACCTAT-14-s4d8,Proerythroblast
GCTTACCTCATGACCG-14-s4d8,CD16+ Mono
CGCATTACAAAGGCCA-14-s4d8,Proerythroblast
CCTACTTCACTTAGGC-14-s4d8,CD14+ Mono
GCTGTGATCGACAAAG-14-s4d8,Proerythroblast
CCGCACACACTAAGTT-14-s4d8,Proerythroblast
CTATGAGGTAGCAGCT-14-s4d8,Proerythroblast
ACCTGGATCTCCATAT-14-s4d8,Proerythroblast
GCTCATTGTTACTTGC-14-s4d8,Erythroblast
TTGTGCCTCTTGCTAT-14-s4d8,CD14+ Mono
CATTGCGAGCAGCTAT-14-s4d8,Proerythroblast
GGGTGTTGTCATTACC-14-s4d8,CD14+ Mono
TACAATGTCCAGGGAG-14-s4d8,G/M prog
GCCAATAGTGCACGCA-14-s4d8,MK/E prog
CACTGACCACTAAGTT-14-s4d8,Erythroblast
CCTTCAATCATGAGCT-14-s4d8,Proerythroblast
AAACCAACAGCTAATT-14-s4d8,Proerythroblast
CGCAAATTCCTGCGAA-14-s4d8,Normoblast
CAACAGGCACCTCACC-14-s4d8,MK/E prog
CGAGTCGGTCACAAAT-14-s4d8,Proerythroblast
CTAGCGGGTTTGCGAA-14-s4d8,Erythroblast
GGTTTAATCGCTCACT-14-s4d8,G/M prog
CCCTCACCAAGGTCCT-14-s4d8,Proerythroblast
GTGCCTTTCTCACTCA-14-s4d8,Erythroblast
TCCATAAAGGTCCGTA-14-s4d8,Proerythroblast
TCCATATTCTACCTAT-14-s4d8,Proerythroblast
TGTGGCTCAAACGCGA-14-s4d8,Proerythroblast
TTAACCAAGCCTTAAA-14-s4d8,CD14+ Mono
TTAGTCAAGGCGCTAC-14-s4d8,CD14+ Mono
GAGTGTTTCACTAAGC-14-s4d8,CD16+ Mono
TCGGTTTGTATGGTGC-14-s4d8,G/M prog
TTGAGCTAGCGGTTAT-14-s4d8,Erythroblast
CGAGGAAGTAGCTGCG-14-s4d8,Proerythroblast
AGACCCGGTGTTAGCA-14-s4d8,cDC2
GTCTATGCATAATCAC-14-s4d8,pDC
CTCTAGCTCCTTAATC-14-s4d8,CD14+ Mono
TCCACAACAGAAATGC-14-s4d8,cDC2
GTATCGCCAGCAAGGC-14-s4d8,HSC
TCTTAGTTCATTTGCT-14-s4d8,Proerythroblast
CCGTTATGTGTGTCCC-14-s4d8,Proerythroblast
TGTTGTGCAGGCTTGT-14-s4d8,Proerythroblast
TCGTAATCAAGGTAAC-14-s4d8,Erythroblast
CACGCTAAGGCAAGTA-14-s4d8,Proerythroblast
GCTGACATCTAGCGAT-14-s4d8,HSC
TACCAAATCTTGATGA-14-s4d8,Proerythroblast
TAGGCTAGTTACATCC-14-s4d8,Normoblast
GTGCACGGTTTGTGGA-14-s4d8,G/M prog
ATGTTCAAGTAAGTCC-14-s4d8,CD16+ Mono
ATTAGCTCACATGCTA-14-s4d8,CD16+ Mono
GGTTGAGCAGCAAGGC-14-s4d8,Proerythroblast
GGCGTTATCATGGTGT-14-s4d8,pDC
CCTGACTTCCTAAGGT-14-s4d8,Erythroblast
TCAAGAACACAAAGCG-14-s4d8,CD14+ Mono
GTTTGTAAGCTTATGA-14-s4d8,Erythroblast
CCAACCAAGGACTTAC-14-s4d8,CD14+ Mono
GTAGGATCACGGTTTA-14-s4d8,CD14+ Mono
CATAGGCGTTAGCGTA-14-s4d8,cDC2
GGATGAATCTGCAAGT-14-s4d8,cDC2
TACTTCGTCCTTTACG-14-s4d8,CD14+ Mono
GATTGGTTCAATGAGG-14-s4d8,CD14+ Mono
CTCCGTCCAATTGAAG-14-s4d8,cDC2
AGTGTGGCAGTAATAG-14-s4d8,CD16+ Mono
GAGTTTGGTTACTAGG-14-s4d8,Proerythroblast
TCCATGCTCTTTGAGA-14-s4d8,HSC
GGAGCGATCATGGTGT-14-s4d8,Proerythroblast
CTGTACCTCCTCCATA-14-s4d8,Proerythroblast
AATTCGTCAATCCCTT-14-s4d8,Proerythroblast
TACCGTTGTAAGCTCA-14-s4d8,Normoblast
CGGGACAAGTAGCGCC-14-s4d8,Proerythroblast
GGCGATACACCTATAG-14-s4d8,MK/E prog
TCTGTGACAGAATGAC-14-s4d8,Normoblast
CCTGATGAGCCGCTTT-14-s4d8,Proerythroblast
AAGCATGAGTCATCCC-14-s4d8,CD16+ Mono
CGCTTGCGTCCTCCAA-14-s4d8,MK/E prog
ACACTAATCCCGCAAA-14-s4d8,Proerythroblast
GGGCCTAGTACGGGTT-14-s4d8,Proerythroblast
TTGGATTCAACTGGGA-14-s4d8,CD14+ Mono
GAGTTGCGTCATCATC-14-s4d8,Erythroblast
TTTAACCTCCGGGACT-14-s4d8,CD14+ Mono
GGCCAACTCGGTCAAT-14-s4d8,cDC2
CCTTGTTCACTAGCGT-14-s4d8,Proerythroblast
CGTTTCTCAGCAACCT-14-s4d8,CD14+ Mono
TGGCCTGCATAGCTGC-14-s4d8,Proerythroblast
GGCTGGTTCCAATTAG-14-s4d8,Erythroblast
ACATCATCAATGCCTA-14-s4d8,cDC2
CCGTTTGGTTACATCC-14-s4d8,Erythroblast
CGTTAACAGTGAGCAA-14-s4d8,Proerythroblast
CAGGACACAGTTTGGC-14-s4d8,Proerythroblast
GATTACTCATAAGCAA-14-s4d8,cDC2
AATTTGCCACTTCATC-14-s4d8,Proerythroblast
GTACTTCGTTCGGGAT-14-s4d8,Proerythroblast
TCGATTAAGGCATGTT-14-s4d8,Proerythroblast
TCCAGGTCACAGCCAT-14-s4d8,Proerythroblast
TTTGACTTCACGCGGT-14-s4d8,cDC2
ACTTGTCGTCGCAATA-14-s4d8,G/M prog
TCGTTAGCAATAATCC-14-s4d8,Proerythroblast
TACATCAAGCTGGCTA-14-s4d8,Proerythroblast
GGGTTTGTCCACCTGT-14-s4d8,Proerythroblast
GATCAGTTCGAGCTAT-14-s4d8,CD14+ Mono
CCTACTTCAGGCAAGC-14-s4d8,Normoblast
GACTATTCACTGGCCA-14-s4d8,Proerythroblast
GAGGTTAAGCTTGCTC-14-s4d8,CD14+ Mono
CACATACAGCGAGTAA-14-s4d8,cDC2
TATTACCTCTAAGTCA-14-s4d8,MK/E prog
ACAGGAATCTAAGGTC-14-s4d8,Proerythroblast
GATCGCTCAACTGGGA-14-s4d8,HSC
GCAAGTGCAGTTTGGC-14-s4d8,CD14+ Mono
AGTAGGATCTAGCGTG-14-s4d8,Erythroblast
GAGTAATAGGCCTTAG-14-s4d8,CD16+ Mono
AATTTGCCATAATCCG-14-s4d8,CD14+ Mono
ATTGGCTAGTTATCCT-14-s4d8,CD14+ Mono
CGGCTAATCGCTTGCT-14-s4d8,cDC2
AAGCATGAGATTCCTT-14-s4d8,cDC2
ACGTTGTAGGCATTAC-14-s4d8,Proerythroblast
TTTCCACCAGCTTAAT-14-s4d8,Normoblast
TTCATTCAGCACGTTG-14-s4d8,Proerythroblast
TACGGATTCAGGCCTA-14-s4d8,Proerythroblast
CTATGGCCACAACAGG-14-s4d8,Proerythroblast
CGTGTGTCAGCCAGAA-14-s4d8,Proerythroblast
TAGCTAGGTTTCCTCC-14-s4d8,Proerythroblast
TGCATCCTCGCAACAT-14-s4d8,CD14+ Mono
AGTCAGGCACGGTACT-14-s4d8,MK/E prog
TTTCTCACACCTGCTC-14-s4d8,Proerythroblast
ATTATCCTCCAATTAG-14-s4d8,Proerythroblast
CTGTAACAGGTCGATT-14-s4d8,Erythroblast
TGCTTTAGTGATTTGG-14-s4d8,cDC2
GTTGGCCAGGAGCAAC-14-s4d8,HSC
TCAGGAGCAAGCCAGA-14-s4d8,MK/E prog
GTTGCATAGACAAACG-14-s4d8,CD14+ Mono
CTTTGAGCATCATGTG-14-s4d8,Proerythroblast
AATTGACGTGCCTCAC-14-s4d8,CD14+ Mono
GGATGAATCTAGCGAT-14-s4d8,Proerythroblast
CGAGCGAAGGCCCAGT-14-s4d8,HSC
AACGACAAGGAACCAA-14-s4d8,Proerythroblast
TTATCCGTCGAAGTGA-14-s4d8,CD14+ Mono
AGCAGGTAGGGATGAC-14-s4d8,HSC
TCAAGACTCCAATAGC-14-s4d8,CD14+ Mono
GATCAAGAGTCAGTAC-14-s4d8,HSC
ACCAAGTTCCTGAGTG-14-s4d8,Proerythroblast
ATGTTCAAGCCTGACA-14-s4d8,Proerythroblast
CGCATTTGTTCTTTAG-14-s4d8,CD14+ Mono
TTTGTGAAGCTGAGGG-14-s4d8,Proerythroblast
AGGCGGATCGGTACGC-14-s4d8,HSC
GCGAGTGAGTTGTCTT-14-s4d8,Erythroblast
TTGCACACAAAGCTCC-14-s4d8,CD14+ Mono
TACCTGCTCACATTGA-14-s4d8,HSC
GCGTAACGTGCTTTAC-14-s4d8,CD14+ Mono
GTGATGAAGTTGGATC-14-s4d8,MK/E prog
AACAAGCCAAGTTATC-14-s4d8,Proerythroblast
CCTTAACGTGCTAGAC-14-s4d8,Erythroblast
CGAGCGAAGGTCCGTA-14-s4d8,Proerythroblast
TCTATGTTCCACCCTG-14-s4d8,Proerythroblast
TACGCACCAGTAATAG-14-s4d8,CD16+ Mono
GTTTACCGTCCCGGAA-14-s4d8,CD14+ Mono
CTTGACGAGGAGGTTA-14-s4d8,Proerythroblast
CTCCATCAGGACGTAA-14-s4d8,CD14+ Mono
CTTACCGGTTTGTTGC-14-s4d8,Proerythroblast
GCCAGGTTCATTTAGG-14-s4d8,G/M prog
GTACTAATCGCCTAAG-14-s4d8,Normoblast
GGTCAAGCACTATGGC-14-s4d8,Proerythroblast
TGCTCTCAGCAGCTCA-14-s4d8,CD14+ Mono
CTAGATTCAAGGAATC-14-s4d8,Proerythroblast
TACTTCGTCGGGACCT-14-s4d8,CD16+ Mono
TCCTTTACATTTGCTC-14-s4d8,cDC2
ACCAAACTCTTTGTAC-14-s4d8,CD14+ Mono
GGAATCTTCTGTGCCT-14-s4d8,Proerythroblast
GTTAAGTGTCACAGCG-14-s4d8,Proerythroblast
TACCTGCTCCTTGCGT-14-s4d8,Normoblast
GTTAATGTCCAACTGG-14-s4d8,Proerythroblast
GGTCAAGCAAAGCTCC-14-s4d8,MK/E prog
CTAATGTCATAATCAC-14-s4d8,CD14+ Mono
CAATCTAAGACAAGTG-14-s4d8,Proerythroblast
TAGCTTAAGGAACCGG-14-s4d8,Erythroblast
CTTTGTCCATAATTGC-14-s4d8,CD14+ Mono
AAGTGCAAGGACGTAA-14-s4d8,Proerythroblast
ACTTCGCTCATCCTCA-14-s4d8,CD16+ Mono
GCAGGATAGACAAACG-14-s4d8,pDC
AGCTTCCTCTCTAGCC-14-s4d8,cDC2
CGAAGGCCATTGCGTA-14-s4d8,CD14+ Mono
ACACTAATCGGTTACG-14-s4d8,Erythroblast
AATTGACGTACCGTAA-14-s4d8,Proerythroblast
AGGCTAAAGGACCTCA-14-s4d8,Proerythroblast
AAGCCTGTCGCACACA-14-s4d8,Proerythroblast
TGCAATATCCATTACT-14-s4d8,Proerythroblast
CCACAATAGTATTGGC-14-s4d8,Proerythroblast
TTGGATATCTTTAAGG-14-s4d8,Erythroblast
GAAACTGAGAAAGCAT-14-s4d8,Proerythroblast
CGATGTCCATGTGGGA-14-s4d8,CD14+ Mono
AAGCTATGTGCGCGTA-14-s4d8,Proerythroblast
GTTCCCAGTTTGAGCA-14-s4d8,CD14+ Mono
TGTTAGCAGACCATAC-14-s4d8,Proerythroblast
CTTCAGGAGACTTACA-14-s4d8,pDC
GCGGTTGGTTCACTGT-14-s4d8,CD14+ Mono
AAGACCAAGGACAACA-14-s4d8,CD14+ Mono
CGGATAAAGCACTAGT-14-s4d8,cDC2
CTACTTAGTGAAACAA-14-s4d8,Proerythroblast
ATGTGAGAGTCACTAA-14-s4d8,CD14+ Mono
CTAAGTCAGGTCCTGA-14-s4d8,Normoblast
GCTAAGTTCTTGTTCG-14-s4d8,Proerythroblast
ACCGGCTAGCCTGTTC-14-s4d8,Proerythroblast
CGCATATAGAATCTCA-14-s4d8,Normoblast
CACCAACCACTAGGTC-14-s4d8,Proerythroblast
CGGGCTTAGGTCAAAG-14-s4d8,Normoblast
GAGCTAGCAATAACGA-14-s4d8,CD14+ Mono
CTCAGGATCCCTGGAA-14-s4d8,Erythroblast
GGAACGGTCCTGGTGA-14-s4d8,Proerythroblast
TGTGCGGGTAACGAGG-14-s4d8,HSC
GCAATGAAGGTCCACA-14-s4d8,HSC
TTGGGCGGTACGGTAC-14-s4d8,CD14+ Mono
AGGTCTTAGCGCAATT-14-s4d8,Proerythroblast
TCCTGTTCAGCCTGCA-14-s4d8,Proerythroblast
CATTATCTCTTTAGGA-14-s4d8,CD14+ Mono
ACCTAAATCCCGAACA-14-s4d8,Proerythroblast
AAACGGATCGATTTAG-14-s4d8,CD14+ Mono
TAGGAACCAATAAGCA-14-s4d8,Proerythroblast
GGCATTAGTGCACGCA-14-s4d8,CD14+ Mono
CTATAACCACCCACAG-14-s4d8,Erythroblast
GTCGAGGAGGTAGCTT-14-s4d8,Erythroblast
CATTCATTCATTCATC-14-s4d8,MK/E prog
TGAGGTGCAATCCTGA-14-s4d8,Proerythroblast
GCAACAGCACAGGGAC-14-s4d8,CD14+ Mono
GGTGCTGGTTAATGCG-14-s4d8,HSC
CCTAATAAGTTCCCGT-14-s4d8,CD14+ Mono
CTAGTCGAGGGCCATC-14-s4d8,Normoblast
ACCATAATCAATCTAG-14-s4d8,HSC
GCTGGTTCAGCAAGAT-14-s4d8,Proerythroblast
AGTGGACAGGATTTGC-14-s4d8,HSC
CTGATCACACATAACT-14-s4d8,MK/E prog
GCTGCAATCAGGAAGC-14-s4d8,Erythroblast
TCGTTTCCAGCATGGA-14-s4d8,Proerythroblast
CACAAGCGTGCGCATG-14-s4d8,CD14+ Mono
CAAGTTATCCAGGGAG-14-s4d8,HSC
CGAAATGAGCTCGCTT-14-s4d8,Erythroblast
TACGGATTCAGGTTTA-14-s4d8,Proerythroblast
ACCTTGCTCCGTAAAC-14-s4d8,G/M prog
GCCAATAGTATTGGTG-14-s4d8,Normoblast
ACCCGGTAGACAGGTA-14-s4d8,MK/E prog
TTTCCGGGTGCATTAG-14-s4d8,CD14+ Mono
TGCTTTAGTAGCTGCG-14-s4d8,Normoblast
GTCGGTTCACCGTTCC-14-s4d8,MK/E prog
ACTGAATGTCCTTTAA-14-s4d8,CD14+ Mono
GGATATTGTCCTAATC-14-s4d8,CD16+ Mono
TAAGTAGCAATTTGGT-14-s4d8,CD14+ Mono
AGTGCGGAGGCTAAGA-14-s4d8,Proerythroblast
CGAACCGGTAGCCTAA-14-s4d8,CD14+ Mono
CAAGGGAGTAACGAGG-14-s4d8,CD14+ Mono
ACTTACTTCTTGGATA-14-s4d8,MK/E prog
GAAGGCTAGTTTCCTG-14-s4d8,Erythroblast
TTTGTCCCAGTCTATG-14-s4d8,Proerythroblast
CAGGGTGAGTTTGGGT-14-s4d8,Proerythroblast
TATTACCTCGACCTGA-14-s4d8,Proerythroblast
GATGCATTCTAATTGG-14-s4d8,Proerythroblast
GAGGTTAAGTAATCCA-14-s4d8,MK/E prog
TGCAAGCGTGGGAACA-14-s4d8,Proerythroblast
GAGGCTACATTGTCAG-14-s4d8,CD14+ Mono
GCTATCCTCGTTAACA-14-s4d8,Erythroblast
CTCCGGACAAGGTAAC-14-s4d8,Erythroblast
GCGGGTTTCCTTTACG-14-s4d8,CD14+ Mono
CATTGTAAGCGCATTG-14-s4d8,Proerythroblast
GTGAGCGAGCACTAGT-14-s4d8,Proerythroblast
GTTAAGTGTAGTTGGC-14-s4d8,G/M prog
AAAGGACGTTTGGGCG-14-s4d8,HSC
AGCGGACCAAAGGTAC-14-s4d8,HSC
CCTCCTGAGTGAGCAA-14-s4d8,Normoblast
CGAACAAAGACAAGTG-14-s4d8,CD14+ Mono
TACTGCACACCTACGG-14-s4d8,CD14+ Mono
GTGTTACAGGACCAGG-14-s4d8,CD14+ Mono
ATCCTTAGTTGTCCAT-14-s4d8,G/M prog
AATATCCCAGTATGTT-14-s4d8,HSC
GGTTATATCAGCTAAC-14-s4d8,Proerythroblast
GCGATTTAGCACCACA-14-s4d8,CD14+ Mono
TCCACAACAGTTATCG-14-s4d8,Erythroblast
GTGCTCCGTAGGATTT-14-s4d8,CD14+ Mono
TTGCGAGTCAGCAAGA-14-s4d8,Proerythroblast
GGCATGGAGGCCTTAG-14-s4d8,Normoblast
CGTAATGGTTACGCGG-14-s4d8,CD14+ Mono
AATAGCTGTACAAAGA-14-s4d8,Erythroblast
AAGCGTTTCGTTACAA-14-s4d8,Proerythroblast
TCCATCATCTTAGCGG-14-s4d8,Erythroblast
TGCTAGCCAGCATGAG-14-s4d8,G/M prog
CGATTGAGTCACTCGC-14-s4d8,Erythroblast
ATTTGCGCATTGGGAG-14-s4d8,Proerythroblast
TGGCCTGCAATGCGCT-14-s4d8,Erythroblast
ACCCGTAAGCGGGCAA-14-s4d8,CD14+ Mono
GTGTAACTCGAAGTGA-14-s4d8,Erythroblast
CGGTGAGAGATTGAGG-14-s4d8,Proerythroblast
TATGGATGTTTACCGT-14-s4d8,CD14+ Mono
GATTCGCCAAATGCCC-14-s4d8,HSC
TAATCACCAGTTTGTG-14-s4d8,Proerythroblast
GGTGAGGTCACAGACT-14-s4d8,CD14+ Mono
GTCTAGCCAAGTAAGC-14-s4d8,G/M prog
CTATGGCCATTAAAGG-14-s4d8,CD16+ Mono
CAACCCTTCGATTATG-14-s4d8,Proerythroblast
GCGTAACGTGTTGCAA-14-s4d8,Erythroblast
CCTGTTGGTTGCCTCA-14-s4d8,CD14+ Mono
GCCACACAGTTAGCCG-14-s4d8,CD14+ Mono
TTATAGCCATTATGAC-14-s4d8,cDC2
CAACTAATCATGTGGT-14-s4d8,MK/E prog
CTTACTAGTGATCAGC-14-s4d8,CD16+ Mono
CCTACTGGTTTGCAGA-14-s4d8,Erythroblast
AAGGTCAAGCTGTAAC-14-s4d8,Proerythroblast
TGTATCGCATAGCTGC-14-s4d8,HSC
CAAGGTTTCTATCGCC-14-s4d8,MK/E prog
AAACCGGCATTGCGTA-14-s4d8,CD14+ Mono
CAGCATGTCACTTTAC-14-s4d8,Proerythroblast
TGTTGTTTCCCGCAAA-14-s4d8,CD16+ Mono
CTATTCAGTTGTGATG-14-s4d8,Erythroblast
CGTTATCGTAAGGTTT-14-s4d8,G/M prog
CATAATGTCCACCCTG-14-s4d8,Proerythroblast
AAGCGAATCGATTATG-14-s4d8,CD16+ Mono
CCGATGCAGCCAAATC-14-s4d8,CD14+ Mono
ACGCAAGCATGAATCT-14-s4d8,cDC2
TAGACCAGTAGTTAAC-14-s4d8,Erythroblast
TCTCGCCCATCGCTTT-14-s4d8,Proerythroblast
ATTTGCGCATTAGCGC-14-s4d8,Proerythroblast
ACTAATCCACGAATCC-14-s4d8,Erythroblast
TTGGATTCAGGAACAT-14-s4d8,CD16+ Mono
GACCTCAAGCTAAGTC-14-s4d8,CD14+ Mono
TACCGAAGTACCGAAC-14-s4d8,Proerythroblast
TGCGGTTCAATTAAGG-14-s4d8,Proerythroblast
GTGCTGGGTACGGTAC-14-s4d8,Erythroblast
GTGGCTTCAACACCTA-14-s4d8,Proerythroblast
GAAGTGATCGACAAAG-14-s4d8,MK/E prog
GGTTTCCTCAGGCTAT-14-s4d8,Normoblast
GATAGACCAAGGTAAC-14-s4d8,cDC2
GAACACAAGGTCAAAG-14-s4d8,Erythroblast
GGGTCACTCCAGGTCA-14-s4d8,Proerythroblast
TCTCGCCCACGAATCC-14-s4d8,Proerythroblast
ATGTGAGAGTCATCCC-14-s4d8,Proerythroblast
GGACATAAGGTCCACA-14-s4d8,MK/E prog
AGTGAACCATAGCAGG-14-s4d8,MK/E prog
TCATACTTCGCACACA-14-s4d8,Proerythroblast
ATGTGAGAGTATTGCA-14-s4d8,cDC2
ACCTGGTCAAACCTAT-14-s4d8,Proerythroblast
TAACAAGCACAAAGGT-14-s4d8,Erythroblast
GCAATGTTCCCTGGAA-14-s4d8,Proerythroblast
TCTGTGACACAAGCCT-14-s4d8,CD14+ Mono
ACGGGAAGTAAAGCAA-14-s4d8,CD14+ Mono
GCCCATAAGAGAAGGG-14-s4d8,MK/E prog
AGTAAGTAGGAAGCAC-14-s4d8,CD16+ Mono
GAGCCACTCCAAACAC-14-s4d8,Proerythroblast
CTCTATGTCATTACGA-14-s4d8,cDC2
GCTCGATCAAACCTTG-14-s4d8,Proerythroblast
ACCTACCTCATCACTT-14-s4d8,Proerythroblast
TCTTAGTTCCATCAGG-14-s4d8,CD14+ Mono
AGAATCTGTTGTCCAT-14-s4d8,Proerythroblast
CTTGCGCGTCATGAGC-14-s4d8,Proerythroblast
GGTTTAATCACCTGTC-14-s4d8,CD14+ Mono
CAATAAGCAGCTTAAT-14-s4d8,Normoblast
CACAGGCTCTTAGCCC-14-s4d8,CD16+ Mono
CCTAATCGTCATGCAA-14-s4d8,HSC
TAGCCTGAGTTGGCCA-14-s4d8,Erythroblast
CGCAATGTCACTCGCT-14-s4d8,Proerythroblast
GTTGCCCGTTTATGGG-14-s4d8,Proerythroblast
GGGTTTGTCGGGATTT-14-s4d8,cDC2
TCATTTGGTCACAGAC-14-s4d8,CD14+ Mono
AGAGAGGAGGACACTT-14-s4d8,Proerythroblast
AATTGCTCATTATGCG-14-s4d8,CD14+ Mono
GGTTTGTAGATGCCTG-14-s4d8,CD14+ Mono
AAGGAAGCATAGACCC-14-s4d8,Normoblast
ATATGCTCACTGGCCA-14-s4d8,Erythroblast
GATGAGGGTGGAAGGC-14-s4d8,MK/E prog
CAATAGCTCAATCTCT-14-s4d8,Proerythroblast
GATGCAGCAAGCTTTG-14-s4d8,G/M prog
TTGGGTTAGTTCCTGC-14-s4d8,Proerythroblast
CAATGTGGTATACTGG-14-s4d8,Proerythroblast
ATATAGGCACCGGCTA-14-s4d8,MK/E prog
ACATTGCAGTTGGCCA-14-s4d8,CD14+ Mono
TGTAAAGCAAACCCTA-14-s4d8,CD14+ Mono
GTCGAGGAGCCGCAAC-14-s4d8,cDC2
GAGAACCAGGATCCGC-14-s4d8,CD14+ Mono
CAATGTGGTTGAGGTC-14-s4d8,Normoblast
CCAAACCCATGAGTTT-14-s4d8,Proerythroblast
GTGAGCGAGGGATGAC-14-s4d8,Proerythroblast
GATGCTTAGGAACGCG-14-s4d8,MK/E prog
CTACGAAGTAGTTGGC-14-s4d8,Erythroblast
GAGAGGCGTTAGCGTA-14-s4d8,CD14+ Mono
CGCGATTCAAATACCT-14-s4d8,CD14+ Mono
TCAGGAGCAGCCGCTA-14-s4d8,Proerythroblast
GGGAGTAGTGTGAGGA-14-s4d8,CD14+ Mono
CTTATGTTCGATAACC-14-s4d8,CD14+ Mono
CAAGTATGTTAAATGC-14-s4d8,Proerythroblast
CCTATAGCAGCAAGTG-14-s4d8,Proerythroblast
CAAACAACAATGCGCT-14-s4d8,Proerythroblast
CTGGCTAAGCTCATAA-14-s4d8,Proerythroblast
AATACCGGTTGCCTCA-14-s4d8,CD16+ Mono
GCTCCTTAGTTGGATC-14-s4d8,Erythroblast
ACTTAGGGTTTGGGCG-14-s4d8,Proerythroblast
GCGTTTCTCGTTTCTG-14-s4d8,Proerythroblast
TTTACGCGTTAGGCTA-14-s4d8,Proerythroblast
GCAAGCCTCTTGTCTG-14-s4d8,MK/E prog
CAATCCTGTGTGCACG-14-s4d8,CD14+ Mono
GAGGCAAGTGGACCTG-14-s4d8,CD14+ Mono
ATGAAGTAGCGCTCAA-14-s4d8,Proerythroblast
ATGCGATTCACGCCAA-14-s4d8,CD14+ Mono
TCACCTCAGGCTACTG-14-s4d8,Proerythroblast
AATAGAGGTTAGCTGA-14-s4d8,Proerythroblast
TTTGTGTTCCCGTTAC-14-s4d8,CD14+ Mono
AGCAAGGGTTGACTTC-14-s4d8,cDC2
TTCGCAACAAACATAG-14-s4d8,Proerythroblast
TAGCTAGGTTGCACAA-14-s4d8,CD14+ Mono
CCAAACCCACCCTCAC-14-s4d8,Proerythroblast
GACCTCAAGTATTGTG-14-s4d8,Proerythroblast
CCCAGTTTCATTTAGG-14-s4d8,cDC2
TTGTTTGGTCCTAACT-14-s4d8,CD14+ Mono
CAATGTCAGACTAAGG-14-s4d8,MK/E prog
ATGCATTCATGGAGGC-14-s4d8,Proerythroblast
ACGATTCAGCCATCAG-14-s4d8,Normoblast
GTCTAATCACCTGTAA-14-s4d8,cDC2
ATGTTGTCAACCTGGT-14-s4d8,Proerythroblast
GTGTTACAGTAAGTGG-14-s4d8,CD14+ Mono
CTTGCAACACTAAATC-14-s4d8,Proerythroblast
GCTTGACCAAACGCGA-14-s4d8,CD14+ Mono
TCAGTAATCAGTATTG-14-s4d8,Proerythroblast
AGGACTAAGATGGAGC-14-s4d8,CD14+ Mono
TTACAGCAGCATGAAG-14-s4d8,CD14+ Mono
ACCAAGTTCGGTTACG-14-s4d8,Proerythroblast
GTAGCGCTCATGAAGG-14-s4d8,Proerythroblast
CCTATTGTCATTTGCT-14-s4d8,Normoblast
GTGCAAGCATAATCCG-14-s4d8,MK/E prog
CTAGTTGCAATCCTAG-14-s4d8,CD14+ Mono
TCACGGATCCTCATCA-14-s4d8,CD14+ Mono
GTCAGGCTCGCTCACT-14-s4d8,CD14+ Mono
AAGCCTGTCTTAATGG-14-s4d8,Proerythroblast
TGCTATGCAGGAACTG-14-s4d8,Proerythroblast
AAGGATTAGTAGGATG-14-s4d8,Erythroblast
GTGTGCGGTGAGCAAG-14-s4d8,CD14+ Mono
GCATTGCCAAGTCGCT-14-s4d8,HSC
ATGACAACACAAACTT-14-s4d8,HSC
GAAACCCGTTACAAAC-14-s4d8,Erythroblast
TATGTGATCTAAGGAG-14-s4d8,Erythroblast
ATCACCCTCATTGCGG-14-s4d8,Erythroblast
GTGCCTTTCCCGCAAA-14-s4d8,Proerythroblast
AGCTATATCCGGTTGA-14-s4d8,CD16+ Mono
TAAACAGCACCTGCCT-14-s4d8,Proerythroblast
AGTCCTTGTAACTACG-14-s4d8,cDC2
TTGTGCGAGCACTAGT-14-s4d8,CD14+ Mono
GTACTTAAGGTTAGCT-14-s4d8,MK/E prog
TGTAAGTGTTGGCGTG-14-s4d8,CD14+ Mono
AATCTTGAGAGGGACT-14-s4d8,Erythroblast
GTTCCTGGTAAGGTTT-14-s4d8,CD14+ Mono
TCACCTCAGTGGCGGA-14-s4d8,CD14+ Mono
GACCGTTCAGAAATTG-14-s4d8,Proerythroblast
CGCTACTTCAGTTCCC-14-s4d8,Proerythroblast
AACATTGTCAAGCTAC-14-s4d8,CD16+ Mono
CAAGGCCTCCCTGATC-14-s4d8,G/M prog
ACAGCGCTCCTGGTGA-14-s4d8,Proerythroblast
GGATATTGTTAGCGTA-14-s4d8,HSC
CGGCTCACAATGCCTA-14-s4d8,cDC2
AACGCCCAGGTGCTGC-14-s4d8,Proerythroblast
CTCTGTTCAATGAAGC-14-s4d8,Proerythroblast
TGCTTCATCCTTCTAG-14-s4d8,HSC
TCCTTAGTCCTGGTGA-14-s4d8,Proerythroblast
TGGCCTTTCCCTGGTT-14-s4d8,Proerythroblast
GACCGTTCAAGCTACC-14-s4d8,cDC2
TGGACGGAGACCATAC-14-s4d8,Proerythroblast
CGCCAAATCACAGGAA-14-s4d8,cDC2
GTTACAGGTTAGCAGC-14-s4d8,cDC2
GGTTGAGCAAGCTACC-14-s4d8,Proerythroblast
GGACAGCCACCAACCG-14-s4d8,cDC2
GTTTCTAGTGATGATT-14-s4d8,Proerythroblast
CTCACACTCCTTGTTG-14-s4d8,CD14+ Mono
AGGATGCAGCACAGAA-14-s4d8,Proerythroblast
GTACTAGGTTTGCAGA-14-s4d8,CD14+ Mono
AGCTTAATCGTAATCA-14-s4d8,Proerythroblast
TCCTTAGTCTAACTGA-14-s4d8,Proerythroblast
TGTTACTTCCTTAATC-14-s4d8,Proerythroblast
ATGGCTTAGGGACCTC-14-s4d8,CD14+ Mono
GGTGTCCAGGTATTGC-14-s4d8,Proerythroblast
ACTAACTCAATAATGG-14-s4d8,CD14+ Mono
GGGCCTAGTATTGGAT-14-s4d8,Erythroblast
TGGTGCATCGTACCGA-14-s4d8,Proerythroblast
GATCGAGCAATAAGCA-14-s4d8,Erythroblast
CCAGGATGTAACAGGG-14-s4d8,Proerythroblast
CATAGACTCTAGCTAA-14-s4d8,HSC
CTTATTGGTTTGTGGA-14-s4d8,CD14+ Mono
CGCTTGCGTGTTGTAG-14-s4d8,Proerythroblast
GATCAGGCACCGTTCC-14-s4d8,HSC
AACCGGCTCATTGTTC-14-s4d8,CD14+ Mono
GATTGGCGTCGTAATG-14-s4d8,CD14+ Mono
CTTGGACCAATCATGT-14-s4d8,Erythroblast
TGCAGGCTCATTGTTC-14-s4d8,Proerythroblast
GACCTTTGTAATTAGC-14-s4d8,MK/E prog
TCCGGAATCATCCTAT-14-s4d8,Proerythroblast
TTAGCAATCGTCAAGT-14-s4d8,CD16+ Mono
AACAGCAAGTTATGGC-14-s4d8,CD16+ Mono
AGAATCGAGTAAGTCC-14-s4d8,Proerythroblast
GCTAGTGTCCACAATA-14-s4d8,Proerythroblast
CCTTATGTCCGCTAGA-14-s4d8,Proerythroblast
TCAAGGAAGGTGAGAC-14-s4d8,CD14+ Mono
GTCTTGCTCATCCTCA-14-s4d8,Normoblast
GAAAGCCAGTTTGGGT-14-s4d8,CD14+ Mono
ACAACAGAGGGACTAA-14-s4d8,HSC
ACTAACTCAACTAGGG-14-s4d8,Proerythroblast
AACCTTGCATTGTCCT-14-s4d8,CD14+ Mono
CCTGAGTCAGCATGTC-14-s4d8,MK/E prog
TACAACATCCGCCTAT-14-s4d8,Erythroblast
GCTCCTTAGCGATAAG-14-s4d8,CD14+ Mono
TATGAAGCATAATGAG-14-s4d8,Proerythroblast
ACTATCCGTTAGTGAT-14-s4d8,Erythroblast
ATGGCTAGTTTGCGAA-14-s4d8,cDC2
TTATGACCACCTGCCT-14-s4d8,pDC
GTATTGTCAAGTCGCT-14-s4d8,Erythroblast
CTAATGTCACCTGCCT-14-s4d8,Erythroblast
CCCAACCGTAATGGCC-14-s4d8,cDC2
TTTAAGCCACCACAAC-14-s4d8,CD16+ Mono
TTAGCTGCAATATAGG-14-s4d8,Normoblast
GTACTTAAGCCACATG-14-s4d8,Proerythroblast
CAACTAATCAAACTCA-14-s4d8,Erythroblast
CAATATGTCACGAATC-14-s4d8,CD14+ Mono
TCTGGCTTCAGGCCTA-14-s4d8,MK/E prog
GGTTACTAGCTCCCTG-14-s4d8,G/M prog
AGCTTTAAGTAACGAG-14-s4d8,HSC
GAGCCACTCGGGCCAT-14-s4d8,Erythroblast
TTTGAGTCATAGCAGG-14-s4d8,Proerythroblast
ATGCGATTCACACAGT-14-s4d8,CD14+ Mono
CGTGCTGCATGAGCAG-14-s4d8,CD14+ Mono
TGGCCTTTCGATATTG-14-s4d8,Erythroblast
AGAAGGTGTAAAGCAA-14-s4d8,Proerythroblast
ATGCCTGAGGTCGAGG-14-s4d8,Proerythroblast
CGATTCCTCGATTTGA-14-s4d8,Erythroblast
GGACAGCCATCCTAGA-14-s4d8,Proerythroblast
GTTCGCGCAAGGTGCA-14-s4d8,Proerythroblast
GAGTGATCAATATGGA-14-s4d8,MK/E prog
GACGCCTAGCGCCTAA-14-s4d8,CD14+ Mono
AGAGGATGTAGCTGCG-14-s4d8,cDC2
ACTTTGTTCCAACTGG-14-s4d8,CD14+ Mono
CTGTTAAAGACTTACA-14-s4d8,CD14+ Mono
CGTGTGTCATAGCTGC-14-s4d8,Proerythroblast
CTTCAATTCATTAGTG-14-s4d8,MK/E prog
AATAACCGTCTCAGCC-14-s4d8,Normoblast
GAAGTCAAGCCGGTAC-14-s4d8,Proerythroblast
TGTGCTGAGCGCTAAT-14-s4d8,CD14+ Mono
AGACACGCAACCTGGT-14-s4d8,CD14+ Mono
TTAGGAACACTAAGAA-14-s4d8,Proerythroblast
TCTAGCCTCCTACCTA-14-s4d8,cDC2
CTCACTCAGTAACCAC-14-s4d8,Proerythroblast
CTCATCATCGATAACC-14-s4d8,Proerythroblast
GAACCAAAGGTCTTGG-14-s4d8,CD14+ Mono
CCAACCCGTTCACCAT-14-s4d8,Proerythroblast
TATTTGCTCACCATTT-14-s4d8,CD14+ Mono
AGCACTAGTAAGCACC-14-s4d8,Proerythroblast
AGCCTAGTCAGGAACA-14-s4d8,Proerythroblast
GGGTGTTGTAATCACG-14-s4d8,Proerythroblast
TCGACAAGTAGCCATA-14-s4d8,CD14+ Mono
ATGTAACGTAATAACC-14-s4d8,Normoblast
CCAAGGCTCTGTAAGC-14-s4d8,cDC2
ACCCAACCACTCAACA-14-s4d8,Proerythroblast
TTGTGCGAGACTCGCA-14-s4d8,G/M prog
CGAGGAAGTCGCATAA-14-s4d8,CD14+ Mono
CACATTAAGGTATTGC-14-s4d8,Proerythroblast
GATCAAGAGCTAATTG-14-s4d8,Erythroblast
CAAACCGTCCTTAAGA-14-s4d8,CD14+ Mono
ACGTCCAAGTGACCTG-14-s4d8,Proerythroblast
CGATTATCACGCAACT-14-s4d8,CD14+ Mono
TTGCTTTAGGATTTGC-14-s4d8,CD14+ Mono
AAGTTTGTCAGTATTG-14-s4d8,HSC
GGACATAAGTCAATCA-14-s4d8,CD14+ Mono
AGTAACACAAAGCGGC-14-s4d8,HSC
GAGTGAGGTTCCTGAT-14-s4d8,HSC
CTGTTCATCGGGACTC-14-s4d8,HSC
TTTGTGTTCATCCTGC-14-s4d8,Proerythroblast
CGGGTATGTTAGGATT-14-s4d8,Erythroblast
TTGGATATCATGGCTG-14-s4d8,Proerythroblast
GAGCTGCTCCTAGTTT-14-s4d8,CD14+ Mono
GAGTTACTCCCGCATT-14-s4d8,CD14+ Mono
TGATCAATCTTGCTAT-14-s4d8,HSC
GATTGCAGTGTGCAAC-14-s4d8,Proerythroblast
GAGAACCAGGCGCTTA-14-s4d8,Erythroblast
CCTTGTTCAGGCCAAA-14-s4d8,Proerythroblast
AACGCCCAGGAACCAA-14-s4d8,Normoblast
GGGTTTCCAACATAAG-14-s4d8,Proerythroblast
GTGGTTAGTCATGAGC-14-s4d8,CD14+ Mono
GACACCGGTTTGAGCA-14-s4d8,Proerythroblast
GGAGTCTGTTAACACG-14-s4d8,Proerythroblast
AGAATCTGTGTCACGG-14-s4d8,Proerythroblast
ATGTTTGAGGCATGAA-14-s4d8,Proerythroblast
TTGGCTTGTGATGATT-14-s4d8,pDC
TTGCAACAGGACAACA-14-s4d8,Proerythroblast
GATGGACAGCTAAGTC-14-s4d8,Erythroblast
CTGGTCAAGCTAATTG-14-s4d8,CD14+ Mono
ATGAAGCCAACCTAAT-14-s4d8,Erythroblast
TCTAGCACAAGCGATG-14-s4d8,Erythroblast
AAGCCTTAGGTGCTGC-14-s4d8,CD14+ Mono
GCACCTAAGAGAAGGG-14-s4d8,HSC
GGGAATATCACTAATG-14-s4d8,CD14+ Mono
TGATGAACATTCCTCG-14-s4d8,MK/E prog
CTAGTTGCATTGTGGC-14-s4d8,Normoblast
TGGCCTGCAACTGGGA-14-s4d8,CD14+ Mono
ACCTGTTGTCATGCCC-14-s4d8,Proerythroblast
CCAATATCAGTTATGT-14-s4d8,CD14+ Mono
GTACCGGGTACCGGAT-14-s4d8,Proerythroblast
GAAAGCCAGTAGGATG-14-s4d8,Erythroblast
TGAACAACAGTTAAAG-14-s4d8,cDC2
CCTGATGAGTAAAGGT-14-s4d8,cDC2
CTGGTCAAGAATCTCA-14-s4d8,Proerythroblast
CAGCATGTCCTAAATG-14-s4d8,Proerythroblast
GGAGCGATCTCACTCA-14-s4d8,Proerythroblast
GACCGAACATTGCAGC-14-s4d8,Proerythroblast
CCCAGCACAAGTCGCT-14-s4d8,cDC2
AAACGCGCATGGCCTG-14-s4d8,MK/E prog
AGTGTTTCAGTGAACG-14-s4d8,Erythroblast
CCATCACTCATGGCTG-14-s4d8,cDC2
TGAAGTGAGCTCCCTG-14-s4d8,CD14+ Mono
GGAACCACAATTTAGC-14-s4d8,pDC
ATCGAGGCATTGCAGC-14-s4d8,HSC
CAGCATTAGGCCGGAA-14-s4d8,G/M prog
TCCATATTCGTTATCT-14-s4d8,Erythroblast
AGCTTTAAGTTGGGCC-14-s4d8,CD14+ Mono
CCTACTGGTTGAATCG-14-s4d8,cDC2
CTGACCAAGTGAACGA-14-s4d8,pDC
ATTGCGCCACCTATAG-14-s4d8,Proerythroblast
CGGTTCCGTGTTGTAG-14-s4d8,Proerythroblast
GACACCGGTTGCACAA-14-s4d8,Proerythroblast
TCAGGTCCATTTAAGC-14-s4d8,Proerythroblast
ACAAACTGTCCGTGAG-14-s4d8,CD14+ Mono
CCTATATTCATGCAAC-14-s4d8,HSC
TGTAAAGCAAGTAAGC-14-s4d8,MK/E prog
GCCAGGAAGGCTACAT-14-s4d8,Proerythroblast
CCTATTTAGAGGAAGG-14-s4d8,Proerythroblast
GACTTAGGTCTATCGT-14-s4d8,Proerythroblast
AGCTACGTCTGGCATG-14-s4d8,CD14+ Mono
GCTAACAGTGATCATG-14-s4d8,Proerythroblast
TTGTCCGGTCGCAATA-14-s4d8,Proerythroblast
GAGGCTACAATGAGGT-14-s4d8,Proerythroblast
AACCTCACAGTACCGT-14-s4d8,CD14+ Mono
ATGCAAACACTTAACG-14-s4d8,Proerythroblast
GGTAAACCAACACTTG-14-s4d8,HSC
GCTGTAAGTTGCCTCA-14-s4d8,Proerythroblast
GGCCTAATCAGGCCTA-14-s4d8,Erythroblast
AACAGATAGCACAGGG-14-s4d8,CD14+ Mono
TCCTCACAGCAAACCT-14-s4d8,CD14+ Mono
AGTCAGGCATTCCTCG-14-s4d8,Proerythroblast
TCGTTTCCAGGAACAT-14-s4d8,cDC2
TTATGACCAATAGCAA-14-s4d8,Proerythroblast
CAGGGTGAGCTGCACA-14-s4d8,Proerythroblast
GATTCAGGTTAAGGTT-14-s4d8,Erythroblast
GCTCATTGTTGTTCAC-14-s4d8,Erythroblast
GATCCGTCAATCCTGA-14-s4d8,Proerythroblast
CTAGCTTGTTACGCAA-14-s4d8,CD16+ Mono
TACCTGCTCTTGGATA-14-s4d8,Proerythroblast
GAGGGAGCAGCAACCT-14-s4d8,Proerythroblast
GGTGCTGGTGGATTAT-14-s4d8,Proerythroblast
TGAAGTGAGTAGCCAT-14-s4d8,CD16+ Mono
CCGCTAAAGCACAGAA-14-s4d8,Proerythroblast
ACGCCTAAGTGTTGTA-14-s4d8,Proerythroblast
ACAAACTGTGGAAGGC-14-s4d8,cDC2
AAGTGTTGTTCGGTAA-14-s4d8,Proerythroblast
CTTAATGAGGCTACTG-14-s4d8,CD14+ Mono
GAACCAGCAAGCTAAA-14-s4d8,Proerythroblast
AAAGCCCGTTCGCGCT-14-s4d8,G/M prog
CTAGTCGAGTTCCCAC-14-s4d8,Proerythroblast
GCTAGCGGTTCCTCCT-14-s4d8,CD14+ Mono
AGGAGCTAGAGCCGCT-14-s4d8,Proerythroblast
ACTTACTTCCATCAGG-14-s4d8,Erythroblast
CCAAATCAGGACACTT-14-s4d8,Proerythroblast
ATAATGGCAATAGCCC-14-s4d8,CD14+ Mono
TTTAACCTCGAGCTAT-14-s4d8,CD14+ Mono
ACCAAACTCTCAATTC-14-s4d8,HSC
CATAATCCACTTACAG-14-s4d8,Erythroblast
GAGCTAGCATTGTGCA-14-s4d8,CD14+ Mono
TGACTTAAGGATCACT-14-s4d8,Proerythroblast
TCTCAAGCACATAGCC-14-s4d8,Proerythroblast
TCATTTGGTTAACGGC-14-s4d8,Proerythroblast
ATGGTGCGTCATTGTC-14-s4d8,Proerythroblast
CAATATGTCTTGTCTG-14-s4d8,CD16+ Mono
AATTGTGTCACGAATC-14-s4d8,Normoblast
CCACTTGGTTTGAGGC-14-s4d8,CD16+ Mono
CCTGGTAAGGAGGGTT-14-s4d8,Proerythroblast
GATTAAGCATGAATCT-14-s4d8,Erythroblast
TTGGGTTAGCCAGGTC-14-s4d8,Proerythroblast
ATCATGTCAAAGGCCA-14-s4d8,Proerythroblast
TCAAGTATCCTGGCTT-14-s4d8,CD14+ Mono
GAACTTATCAAGCTAC-14-s4d8,Proerythroblast
GTCTATCGTAGGATTT-14-s4d8,MK/E prog
TCACTGACACTATGGC-14-s4d8,CD14+ Mono
CCTATAGCACAGCCTG-14-s4d8,CD14+ Mono
TATGGTCAGTCTTGAA-14-s4d8,MK/E prog
AGGTTAGAGTTATGTG-14-s4d8,CD14+ Mono
CCAAGTTAGTTAGACC-14-s4d8,MK/E prog
GTCATGCCAGTAAAGC-14-s4d8,Proerythroblast
GAGCTGCTCTCACATT-14-s4d8,Proerythroblast
AAGCCTCCAATTATGC-14-s4d8,CD14+ Mono
AGTGATGAGCGATAAG-14-s4d8,cDC2
ATGAAGCCAAGGACCA-14-s4d8,CD14+ Mono
CATTCATTCTTGCTAT-14-s4d8,Proerythroblast
AATACCGGTATTCGCT-14-s4d8,CD14+ Mono
CTCTAAGCAAGGTGGC-14-s4d8,Proerythroblast
AGAGATTAGGCATGAA-14-s4d8,MK/E prog
CGCCTCATCGATCAGT-14-s4d8,CD14+ Mono
TGGCGGTTCATTGTCT-14-s4d8,CD14+ Mono
CTCGCTCCACAGGGAC-14-s4d8,cDC2
GGTTTAATCATAGCCG-14-s4d8,MK/E prog
ACGCACGGTGTGTCCC-14-s4d8,CD14+ Mono
GAATTTGTCTATTGTC-14-s4d8,CD16+ Mono
ACCACATAGATGGACA-14-s4d8,HSC
TTGACATCAAGTGTCC-14-s4d8,Proerythroblast
CCATAGCCATCATGTG-14-s4d8,Proerythroblast
GTAGTTTCATTGTGCA-14-s4d8,Proerythroblast
GTCTCACTCTATTGTC-14-s4d8,CD14+ Mono
AAGCATGAGCGAAGTA-14-s4d8,G/M prog
GGTATGTTCTCCATGC-14-s4d8,Proerythroblast
CTAAGTCAGCTGTAAC-14-s4d8,Erythroblast
GGTGAGGTCGTTTCTG-14-s4d8,CD14+ Mono
AAGTAGCCATAAGCAA-14-s4d8,CD14+ Mono
CAATGAACATTGACAT-14-s4d8,CD14+ Mono
AGAATCTGTTAGTGAT-14-s4d8,pDC
CCTTGCGTCGGTTTCC-14-s4d8,MK/E prog
CGTGCACAGTAGGATG-14-s4d8,pDC
ACCTTGTGTGATGAGG-14-s4d8,Proerythroblast
GAGGTACAGAAGCTAG-14-s4d8,Proerythroblast
TTTATGGAGGGATGCG-14-s4d8,HSC
AGGATGCAGACCATAC-14-s4d8,Erythroblast
TGTCAGTAGCATGAAG-14-s4d8,Erythroblast
CTTACTAGTTTGAGCA-14-s4d8,Proerythroblast
AGAACCAAGCTTCTCA-14-s4d8,MK/E prog
TATTGACCAGTTGCGT-14-s4d8,CD14+ Mono
TCGTTATTCCAAGTTA-14-s4d8,MK/E prog
GTGAGGAGTTTGGGCG-14-s4d8,G/M prog
AAGGTCAAGCACCACA-14-s4d8,cDC2
TATTACCTCTCGACCT-14-s4d8,Erythroblast
TGATTCAAGTAGGCGG-14-s4d8,Normoblast
CTACTTAGTAGCCTCC-14-s4d8,CD14+ Mono
GAAGTGATCGATTTAG-14-s4d8,Proerythroblast
CCGTTGCGTCTTTGAC-14-s4d8,Erythroblast
GGGAATATCACATTGA-14-s4d8,CD14+ Mono
CCTATTGTCTTGTTCG-14-s4d8,CD16+ Mono
CCTATAGCAGGTTCAC-14-s4d8,Proerythroblast
GCGTGCTAGACTCGCA-14-s4d8,CD14+ Mono
GAGGCCTTCTAGCTTT-14-s4d8,CD14+ Mono
TCGGTTCTCATGAAGG-14-s4d8,CD14+ Mono
TACCGAAGTAGGTGTC-14-s4d8,Proerythroblast
CTATTGAAGGGCTTAT-14-s4d8,Erythroblast
ACTCACCTCTAAATCG-14-s4d8,Proerythroblast
CTGGTTACATTGCGAC-14-s4d8,Normoblast
GATCGAGCAGCAAGAT-14-s4d8,Proerythroblast
CCACACAAGAGAGGCT-14-s4d8,Proerythroblast
CAAGCTAGTCACAGAC-14-s4d8,Erythroblast
GTCGAGGAGCAACATC-14-s4d8,CD14+ Mono
CCTATTTAGCTAAGTC-14-s4d8,CD14+ Mono
CAGCCTAAGGAAGCTA-14-s4d8,Erythroblast
TACTCGCTCCGCCAAA-14-s4d8,G/M prog
CCCGTTGTCCTTGCGT-14-s4d8,Proerythroblast
GGCGGTAAGGTTAGAG-14-s4d8,Proerythroblast
CGCACACAGCGCCTTT-14-s4d8,Erythroblast
AAGCGAATCAAATCGC-14-s4d8,Proerythroblast
GGCCGTTAGGAGTCGG-14-s4d8,Proerythroblast
TTATGCGCATAGACTT-14-s4d8,Proerythroblast
GACCTAAGTATTGTGG-14-s4d8,HSC
GTTAACGGTCATAACG-14-s4d8,Proerythroblast
GGCATGGAGTGCACGC-14-s4d8,Proerythroblast
ACTTGAATCGATATTG-14-s4d8,MK/E prog
ACATTAGTCTAGCGTG-14-s4d8,Normoblast
ATTGACTCAAGGTAAC-14-s4d8,CD14+ Mono
TCCCGGACATAGCAGG-14-s4d8,Erythroblast
GGTCAGGAGGCAATAG-14-s4d8,Proerythroblast
CAATCCCTCAAGACTC-14-s4d8,HSC
ATTGGCTAGGTCATTA-14-s4d8,CD14+ Mono
CTCGCTAGTCTCACTG-14-s4d8,Proerythroblast
GTGATCAGTTGCACGG-14-s4d8,G/M prog
TCAGCAAGTCCGCTGT-14-s4d8,cDC2
ATCCGTGAGTGAGCGG-14-s4d8,MK/E prog
GATTCAATCAGTTCCC-14-s4d8,CD14+ Mono
AGTAACACAGCCAGAA-14-s4d8,Proerythroblast
CTACCGGCAGCAACAG-14-s4d8,Proerythroblast
AGGCTAAAGCAGGTGG-14-s4d8,CD14+ Mono
GGTGAGCCAATACTGT-14-s4d8,Erythroblast
GATTACGGTATTGAGT-14-s4d8,CD14+ Mono
GCGCTTGCACCAGCAT-14-s4d8,Erythroblast
CTAGGACGTTGCACAA-14-s4d8,CD14+ Mono
AGGTATTGTAGGTTGC-14-s4d8,Proerythroblast
CCAGCTAAGACTAAGG-14-s4d8,CD14+ Mono
CTCTGTTCATAGCAGG-14-s4d8,cDC2
TCATGCCTCCTAATGA-14-s4d8,Erythroblast
CAGCCTAAGGATCACT-14-s4d8,Proerythroblast
GTAAGCGCAGCTCATA-14-s4d8,Normoblast
GTTCATTTCTAGCGAT-14-s4d8,MK/E prog
CATGCGGGTGATGAGG-14-s4d8,CD14+ Mono
AAGCGAATCGTTTCCA-14-s4d8,Proerythroblast
GGGTCAACACATGCTA-14-s4d8,Proerythroblast
CCTAAGTAGGTCGAGG-14-s4d8,Normoblast
CTTAAGATCTCGACCT-14-s4d8,Proerythroblast
GTAGTTATCGTGCTAG-14-s4d8,Proerythroblast
GGGCGAATCCCGTTTA-14-s4d8,Proerythroblast
ATCTATGAGGCGCTAC-14-s4d8,Proerythroblast
CCAATATCAGGCTTGT-14-s4d8,Proerythroblast
GCCTTAACATTAAACC-14-s4d8,CD14+ Mono
ATGTCCACAGCACCAT-14-s4d8,Proerythroblast
TGATTCAAGATGGACA-14-s4d8,MK/E prog
CCGTTACTCTGTAATG-14-s4d8,Erythroblast
CTGGCTAAGTTTGGTA-14-s4d8,Proerythroblast
ATTCCTCCAGCCGCTA-14-s4d8,CD14+ Mono
CCTTCAATCCGTCCAT-14-s4d8,Proerythroblast
TGAGCAAAGTTCCTCA-14-s4d8,CD14+ Mono
AGTGCGGAGGGACGCA-14-s4d8,CD14+ Mono
ACGGGAAGTGTGTGGT-14-s4d8,HSC
ATTGACTCAACCCTCC-14-s4d8,CD14+ Mono
GCGCCTTGTGGAAGGC-14-s4d8,pDC
GGCGATACAGGCCAAA-14-s4d8,Proerythroblast
AGTGATGAGCATGTTA-14-s4d8,CD14+ Mono
ATTCATGAGTTATCTC-14-s4d8,Proerythroblast
CTTGTTCCATTAGCGC-14-s4d8,Erythroblast
GCGCGATTCCAGGTCA-14-s4d8,CD14+ Mono
CCGCTAGCACTATGGC-14-s4d8,CD14+ Mono
ACCAATATCTTCAATC-14-s4d8,Proerythroblast
TTTCAGTTCTTGTCCA-14-s4d8,CD14+ Mono
GAAGTATAGGCGCATC-14-s4d8,Erythroblast
CCGGTAGGTTTCGCCA-14-s4d8,MK/E prog
ATCTATGAGTATTGGC-14-s4d8,Proerythroblast
GCGGATACATACCCGG-14-s4d8,CD14+ Mono
CCTGAGTCATAAAGCA-14-s4d8,HSC
GCCTACTTCCCGCAAA-14-s4d8,CD14+ Mono
TTAAGCCAGCTGAGGG-14-s4d8,G/M prog
TATGGCCCAAACTGTT-14-s4d8,Normoblast
ATCCTTAGTCAGGAAG-14-s4d8,Erythroblast
CTATGGCCATAGCGGA-14-s4d8,cDC2
GATTCCTGTTATTGCC-14-s4d8,Proerythroblast
TCGTTAAAGCCTGTGA-14-s4d8,G/M prog
TCATACTTCTCACACC-14-s4d8,Erythroblast
TCTATGTTCTGCAACG-14-s4d8,CD14+ Mono
TTAGCGGTCAATCTCT-14-s4d8,Proerythroblast
TTCCTTGAGATTCCTT-14-s4d8,Proerythroblast
GGATTATGTGTTCCCA-14-s4d8,Proerythroblast
CCACAATAGGACACTT-14-s4d8,Proerythroblast
TTAGCTGCATAGTCAT-14-s4d8,cDC2
AAGGTATAGTAGGATG-14-s4d8,Proerythroblast
GCTGCATCATGACTAT-14-s4d8,cDC2
AGTTATGTCATCCTCA-14-s4d8,MK/E prog
TCACCGGCATTTAAGC-14-s4d8,CD14+ Mono
CTGGTTACACAGCCTG-14-s4d8,CD14+ Mono
GCAAACCGTGTCCTGC-14-s4d8,Proerythroblast
TCATGAGGTAGCTGCG-14-s4d8,cDC2
TATCACAAGTAGCCAT-14-s4d8,Proerythroblast
AACCTTAAGGACAATG-14-s4d8,MK/E prog
TAGGCTTAGCGATAAG-14-s4d8,cDC2
TTGGCTTGTATTTGCC-14-s4d8,MK/E prog
CCGGTTAAGGCTACAT-14-s4d8,Normoblast
CCCAATTGTAAGGTTT-14-s4d8,CD14+ Mono
TACCTTTAGGAGGGTT-14-s4d8,CD14+ Mono
TATTCGTTCCGCATGA-14-s4d8,Proerythroblast
CTAGTAGGTCATGCAA-14-s4d8,CD16+ Mono
GTTAGGCGTGGGAACA-14-s4d8,MK/E prog
AGCGCTCAGCGGTTAT-14-s4d8,CD14+ Mono
GGTAACTTCGCGCTAA-14-s4d8,CD14+ Mono
TTAGACTCATAAGGAC-14-s4d8,CD14+ Mono
TGGCCTGCAAGCCACT-14-s4d8,Proerythroblast
ACCAAACTCAGCACCA-14-s4d8,MK/E prog
TTGTGCGAGGTCGAGG-14-s4d8,CD14+ Mono
ACTTGAATCAATGTGC-14-s4d8,cDC2
CGCTACTTCAGCACGC-14-s4d8,CD14+ Mono
TTGTCCATCACCAATA-14-s4d8,CD14+ Mono
GCACATTAGAGCCGGA-14-s4d8,Proerythroblast
AATATCCCAATAAGCA-14-s4d8,Proerythroblast
GGAGTCTGTCAAACTG-14-s4d8,Erythroblast
GGATTATGTTCCATTA-14-s4d8,CD14+ Mono
TCTCACCAGGGTTAGA-14-s4d8,CD14+ Mono
GTCGAGGAGCTGCACA-14-s4d8,CD16+ Mono
GATGGCTGTATTGGTG-14-s4d8,G/M prog
TGGCCTTTCCTCACAC-14-s4d8,cDC2
AACAGATAGCCGCAGT-14-s4d8,Proerythroblast
GCCTGACAGCCTGTTC-14-s4d8,cDC2
AGAATCTGTTGGTTAG-14-s4d8,CD14+ Mono
GAGGCCTTCCCTGGAA-14-s4d8,HSC
ATTGAAGCAACTGGGA-14-s4d8,HSC
ATGAAGTAGACAAACG-14-s4d8,MK/E prog
CGTCCTAGTTCGCTCA-14-s4d8,CD14+ Mono
TTAGCAGGTCATAGAT-14-s4d8,Proerythroblast
CCTAAGGTCCTCCTAA-14-s4d8,Proerythroblast
AGTAGGATCCGTGACA-14-s4d8,Proerythroblast
TCTCCTCGTGTTGTAG-14-s4d8,Erythroblast
TAGGAACCATAAACCT-14-s4d8,Proerythroblast
TTAGCAATCTTAGTGA-14-s4d8,cDC2
ATAAGTCGTGAGGTGA-14-s4d8,Proerythroblast
AATTGTGTCAAGACTC-14-s4d8,Proerythroblast
TTTAAGGTCCCGAAGC-14-s4d8,Proerythroblast
CTCGACAAGGCAAGTA-14-s4d8,Normoblast
CTCCTGAGTTCACTGT-14-s4d8,Proerythroblast
ATTACCGCATAAGGAC-14-s4d8,MK/E prog
TAGCTTAAGGGCTTTG-14-s4d8,CD14+ Mono
ATGTAACGTCCTTAGT-14-s4d8,cDC2
AAGCGAGGTTAGCTGA-14-s4d8,Erythroblast
CTCATGACAGATTCAT-14-s4d8,HSC
GTGGCTTCAATGCGCT-14-s4d8,Proerythroblast
TACGGATTCCTTGAGG-14-s4d8,Erythroblast
GTGAGCGAGCACCACA-14-s4d8,Proerythroblast
TGTAAGTGTTGAGCCG-14-s4d8,Proerythroblast
GGCTAGACACTAAGCC-14-s4d8,CD16+ Mono
AGTGATGAGCCTAATA-14-s4d8,Erythroblast
AGTTACTCAACCCTAA-14-s4d8,CD14+ Mono
TGTGTTAAGGAAACTG-14-s4d8,Proerythroblast
TTCCTTCTCATAACGC-14-s4d8,Proerythroblast
CCCGTTGTCCAACTGG-14-s4d8,Proerythroblast
TAGTAAGCAATTAGGA-14-s4d8,MK/E prog
CCATTATTCGATTTGA-14-s4d8,CD14+ Mono
TAGAGCCGTTGCCTCA-14-s4d8,Proerythroblast
ATTTAGCCACCTCAGG-14-s4d8,G/M prog
TAGGTGCGTCAGTAAT-14-s4d8,Erythroblast
GACTAATGTTAGCTGA-14-s4d8,CD16+ Mono
GAGTTGCGTTGCATCT-14-s4d8,MK/E prog
AGTAGCTTCAGCAAGA-14-s4d8,Proerythroblast
CATGCGGGTGTGCAAC-14-s4d8,CD14+ Mono
CATGCATAGCACCACA-14-s4d8,HSC
CGGCTCACAATCCTGA-14-s4d8,Proerythroblast
CGTATTGCACACCAAC-14-s4d8,Proerythroblast
TCGTCAACAAAGGTAC-14-s4d8,Proerythroblast
TTGGCTACAACTGGGA-14-s4d8,Erythroblast
GTACTTCGTGCTTAGA-14-s4d8,Proerythroblast
CTGTATTTCATTTGTC-14-s4d8,Normoblast
CTTAAGGGTCGACTCC-14-s4d8,CD14+ Mono
GCCTTACTCGTTCACC-14-s4d8,Proerythroblast
ACCACATAGTCTCACC-14-s4d8,MK/E prog
CGGTTCCGTTAGCCAA-14-s4d8,Proerythroblast
GGCTGAGAGTACTGGT-14-s4d8,cDC2
TAGTTTGAGTATGTGC-14-s4d8,Erythroblast
ACCAGGGAGCCTGAGC-14-s4d8,CD14+ Mono
AATGCAACACTTAGGC-14-s4d8,CD14+ Mono
CGCGGATTCGGGACTC-14-s4d8,Proerythroblast
ACGAAGTCACTTGTTC-14-s4d8,HSC
CGTAATGGTCAAAGAA-14-s4d8,Erythroblast
GCATCCTTCAGGCTAT-14-s4d8,Erythroblast
TCGTCAACAGTCTATG-14-s4d8,CD16+ Mono
GCTAAGAAGGTCCACA-14-s4d8,cDC2
CCTCCTCTCTTTAAGG-14-s4d8,CD14+ Mono
CACTTTGTCCGCACAA-14-s4d8,cDC2
GATTGATGTGCCGCAA-14-s4d8,CD14+ Mono
GCCTAATAGCAGGCCT-14-s4d8,Erythroblast
GATTCATCATAATGAG-14-s4d8,HSC
TCTAACTTCTAATCAG-14-s4d8,Proerythroblast
GTTGGCCAGTATTGGC-14-s4d8,Normoblast
TCCACAACAAAGCGGC-14-s4d8,CD14+ Mono
CTAATAGTCGGTTAGT-14-s4d8,Erythroblast
GACCTAAGTTCAAGCA-14-s4d8,MK/E prog
ATGCTTAAGTCATGCG-14-s4d8,MK/E prog
ACAAACTGTGGGTACT-14-s4d8,Erythroblast
GTGCGCAGTTAAGCCA-14-s4d8,Erythroblast
GCACGCTAGGACAACA-14-s4d8,Proerythroblast
TATCGCACATAATTGC-14-s4d8,Erythroblast
TCCCGTTAGCACAGGG-14-s4d8,Erythroblast
AGTCTTGCAGTGAACG-14-s4d8,Proerythroblast
GCACGCTAGGAGTCTT-14-s4d8,cDC2
CCTTACTCATGTTGGC-14-s4d8,MK/E prog
GCAATGAAGCTTTGTT-14-s4d8,Proerythroblast
TCAAGAACAGCAAGGC-14-s4d8,Proerythroblast
AACGACAAGATTCCTT-14-s4d8,Erythroblast
AATGAAGGTAATCGCA-14-s4d8,Proerythroblast
GGTCCATCATGAAATG-14-s4d8,HSC
CTAACCTGTAAACAAG-14-s4d8,CD16+ Mono
CGAAGCCTCCAGGTTG-14-s4d8,Proerythroblast
TGCATTAAGCATGGTT-14-s4d8,CD14+ Mono
TACAAGCTCCTTGAGG-14-s4d8,Proerythroblast
GGTTGCTCATCCTGAA-14-s4d8,Proerythroblast
GCTTCGCGTTTAGCGA-14-s4d8,Proerythroblast
TTTGGCTGTCTAGCTT-14-s4d8,Proerythroblast
ATGACTCAGAGGATAT-14-s4d8,Erythroblast
TGCATCCTCACAGCCA-14-s4d8,Proerythroblast
TCCAGCAAGGAGCACG-14-s4d8,Proerythroblast
CATTATCTCAGCTAAC-14-s4d8,Proerythroblast
AATTGCCAGAGAGCCG-14-s4d8,CD16+ Mono
AGATGCTTCTTTGAGA-14-s4d8,CD14+ Mono
GATCGAGCATTTGCTC-14-s4d8,Proerythroblast
ACTAACCAGCGGTTAT-14-s4d8,Proerythroblast
CCTGTTGGTGCAACTA-14-s4d8,CD14+ Mono
CATGCGCAGCTCCTAC-14-s4d8,CD14+ Mono
TTTGTCTAGTAACAGG-14-s4d8,Normoblast
GCTTTGTGTTGGTTCT-14-s4d8,Erythroblast
GAACCAAAGAAAGCAT-14-s4d8,Proerythroblast
AAAGCAAGTGTCCTGC-14-s4d8,Proerythroblast
AGGATGCAGCACCACA-14-s4d8,Erythroblast
CGTAGTTAGCACTAAC-14-s4d8,Proerythroblast
AACAGGATCATTTGCT-14-s4d8,MK/E prog
CGAGGCAAGCTATTGA-14-s4d8,Proerythroblast
TCAAGACTCACCTGTC-14-s4d8,cDC2
TATTACCTCCGCAAGC-14-s4d8,cDC2
AGTCCTGAGGGTGAAC-14-s4d8,CD14+ Mono
GAGGCAAGTCCGTAGG-14-s4d8,Proerythroblast
GCTAAGAAGCAACATC-14-s4d8,MK/E prog
AGGTTTATCTGGTCCT-14-s4d8,Proerythroblast
TCCTTAGTCAGCACCA-14-s4d8,Proerythroblast
CTTATTGGTTTGCGAA-14-s4d8,cDC2
ATTCCTAGTTAAGGTT-14-s4d8,Erythroblast
TGTCCTGGTCATCCTG-14-s4d8,MK/E prog
GCAGGCAAGTTTGGTA-14-s4d8,Proerythroblast
GAGGCAAGTGTAACCA-14-s4d8,G/M prog
GATTAGCTCGCATTAA-14-s4d8,CD14+ Mono
AGTGCCGGTGATGAGG-14-s4d8,Proerythroblast
ATCAAGCTCCTTAAGA-14-s4d8,cDC2
AAAGCAAGTCCTTAGT-14-s4d8,Proerythroblast
TTTGGCTGTGGGAACA-14-s4d8,CD14+ Mono
ATTATGGTCGTTTCGC-14-s4d8,Proerythroblast
CTCCTAATCAATAGCC-14-s4d8,HSC
GCCACACAGCTCGCTT-14-s4d8,Erythroblast
GCACCTAAGTGAGCGG-14-s4d8,Erythroblast
GATTCATCAGGTATTT-14-s4d8,MK/E prog
TCGTTAAAGAGCCGGA-14-s4d8,MK/E prog
ACTTATCTCCGCCAAA-14-s4d8,CD14+ Mono
TATCCAGCAGCCAGAA-14-s4d8,CD14+ Mono
GGAACAATCTTAAGTG-14-s4d8,MK/E prog
CAAGTAACAGGACCAA-14-s4d8,Proerythroblast
GTGCTCAAGTAAGTGG-14-s4d8,Proerythroblast
CCGTTTGGTGTCCAGG-14-s4d8,CD14+ Mono
CCCTTAATCAGCCAAT-14-s4d8,Proerythroblast
CCTGATGAGTTAGCCG-14-s4d8,CD14+ Mono
GCCTCAAAGGCCATCA-14-s4d8,MK/E prog
ACCTCACTCCATAATG-14-s4d8,CD14+ Mono
TGCTCCGTCAATTACG-14-s4d8,HSC
GAGTCATTCTTGTCTG-14-s4d8,CD14+ Mono
TGCTGGATCTCATCAT-14-s4d8,HSC
GGTTATATCACTTTAC-14-s4d8,Normoblast
CCAGACTCACCTACTT-14-s4d8,Proerythroblast
TAAGGACCACACAATT-14-s4d8,CD14+ Mono
CCGGTAGGTTGTTGCT-14-s4d8,Proerythroblast
AGTTGCAGTTAGGTGC-14-s4d8,Proerythroblast
AATTCGTCAACTAACT-14-s4d8,Proerythroblast
TAACCAGGTCATGCCC-14-s4d8,Proerythroblast
GCGATATTCGCCTAAG-14-s4d8,Proerythroblast
CTGGTCAAGGTAGCTT-14-s4d8,CD14+ Mono
GCGCAAACATAGCGAG-14-s4d8,Proerythroblast
GTCCGTAAGGTAAGCA-14-s4d8,Proerythroblast
TGTTGCACACAAAGAC-14-s4d8,Proerythroblast
AAGCCTCCAAGGTGGC-14-s4d8,cDC2
GTTCTTAGTTTGGTTC-14-s4d8,Proerythroblast
CCAACCCGTAGGTTGC-14-s4d8,Proerythroblast
ATCGAGGCAGGACCAA-14-s4d8,Proerythroblast
CGCTAACCAGGCCAAA-14-s4d8,Proerythroblast
ATTAGCTCAGGTTAAA-14-s4d8,Erythroblast
GTTTGCTGTTCTTTAG-14-s4d8,Erythroblast
GTGTCCAAGCACTTGG-14-s4d8,CD14+ Mono
TTCAGCACAAGGATTA-14-s4d8,Erythroblast
ACCACACCAATGAATG-14-s4d8,Proerythroblast
GTCTAATCAAGTAAGC-14-s4d8,Proerythroblast
AGAGAGGAGGACCAGG-14-s4d8,CD14+ Mono
ATCCTCATCGATATTG-14-s4d8,Proerythroblast
TGCGGTTCAGCTTACA-14-s4d8,Normoblast
TATCCGGAGGCTGTCA-14-s4d8,Proerythroblast
TCGCATTGTATTGGTG-14-s4d8,Proerythroblast
GCTGTAAGTTTCGCGC-14-s4d8,CD14+ Mono
GCCTTTGGTGAAACAA-12-s4d9,CD16+ Mono
CGATGTCCACAAAGAC-12-s4d9,HSC
TCTTTGTAGGCGAATA-12-s4d9,HSC
CTAAAGCTCTTAGTCT-12-s4d9,HSC
TACCTCATCTACCTAT-12-s4d9,G/M prog
GAGGTTAAGAACCTAC-12-s4d9,CD16+ Mono
AGTGTTTCAGGTATTT-12-s4d9,Erythroblast
TCCTTGCAGACTCGCA-12-s4d9,MK/E prog
ATTAGCTCAAATACCT-12-s4d9,Normoblast
CAATCGCCAAGCGAGC-12-s4d9,G/M prog
TCCATTGTCTCACAAA-12-s4d9,Proerythroblast
CTCTTGATCTGTTCAT-12-s4d9,HSC
GGGTTACGTGCTAGCG-12-s4d9,Erythroblast
ACAACAGAGTTCCCGT-12-s4d9,HSC
AACGGTAAGTTGGGCC-12-s4d9,Proerythroblast
ACAAAGGTCGCAAACT-12-s4d9,Proerythroblast
ACCAAGCGTACCGAAC-12-s4d9,MK/E prog
TGCCGGTAGTTGTCAA-12-s4d9,CD16+ Mono
CGAAGGCCAATTGCGC-12-s4d9,Erythroblast
GGCCTTAAGACTTACA-12-s4d9,MK/E prog
TTAGCAGGTGCATCGG-12-s4d9,CD16+ Mono
CAGTACCCAAACTAAG-12-s4d9,Proerythroblast
ACCCAACCAGCACCAT-12-s4d9,CD16+ Mono
GTAAGCGCACATAACT-12-s4d9,pDC
AAATCCGGTTTGCTGT-12-s4d9,CD16+ Mono
ACAGCGCTCAATTACG-12-s4d9,Erythroblast
GGCTATGTCTGTTCAT-12-s4d9,MK/E prog
TCGGTTACAAAGGCCA-12-s4d9,G/M prog
CTAATCCGTGTAACCA-12-s4d9,cDC2
ACCCTGTTCCTGCGAA-12-s4d9,Proerythroblast
AGACCCGGTCATTAGG-12-s4d9,Proerythroblast
GTACTAATCACAGCCA-12-s4d9,CD16+ Mono
CTTAGGAGTTTGTGGA-12-s4d9,CD16+ Mono
TTGCATTTCCTAGTCC-12-s4d9,Proerythroblast
TAGTAGGAGGGCCACT-12-s4d9,Proerythroblast
GTCATCACAAGGTCCT-12-s4d9,Normoblast
TAACAAGCACCATATG-12-s4d9,G/M prog
AGGCAGGTCAAGACTC-12-s4d9,Proerythroblast
TTGACTAAGTTAGACC-12-s4d9,Proerythroblast
CGTAGCGGTTCCGGCT-12-s4d9,CD16+ Mono
ACCAAGCGTGCTTAGA-12-s4d9,Erythroblast
AGTTGTCAGTCAATCA-12-s4d9,Proerythroblast
ACCAGGCTCGCTATGG-12-s4d9,pDC
GGGTCACTCCTTAAGA-12-s4d9,CD16+ Mono
TCATCCATCGGCTATG-12-s4d9,Proerythroblast
GTTGCTGAGCACGATT-12-s4d9,Proerythroblast
TTGACTAAGGCTACTG-12-s4d9,Proerythroblast
TGCTATGCAATAATGG-12-s4d9,Proerythroblast
GATTCAATCTAATCAG-12-s4d9,MK/E prog
TTTGTCCCAAGCGATG-12-s4d9,CD16+ Mono
GACTCACCAATGAATG-12-s4d9,pDC
GTAAAGCCACAATGTT-12-s4d9,CD16+ Mono
CGCACCACATGCTTAG-12-s4d9,CD16+ Mono
ACGAAGTCAGGATAAC-12-s4d9,CD16+ Mono
TACCTTTAGCTTTGGG-12-s4d9,MK/E prog
CCAACATAGTTCCCAC-12-s4d9,CD16+ Mono
AGGTAACCATTTAAGC-12-s4d9,Proerythroblast
AGGCTAGCAAAGCTAA-12-s4d9,Normoblast
TAAGCTGGTTACCTGT-12-s4d9,CD16+ Mono
TGCAAGCGTAACGTGC-12-s4d9,Proerythroblast
GCAATCTAGAACAAGT-12-s4d9,CD16+ Mono
TCAGGAGCACCCTCAC-12-s4d9,CD16+ Mono
AGAAACTAGTTATCTC-12-s4d9,G/M prog
TAGGCTTAGGTCTTGG-12-s4d9,Proerythroblast
ATGGTGCGTTCGCTCA-12-s4d9,CD16+ Mono
GATTAAGCAACAGCCT-12-s4d9,Proerythroblast
AGAGAAGCATGCATAT-12-s4d9,Normoblast
GGGAATATCAAACACC-12-s4d9,HSC
TTTGTGAAGTTAGCCG-12-s4d9,MK/E prog
ACACTAGGTGAGACTC-12-s4d9,CD16+ Mono
CATCCTCAGCCACAAT-12-s4d9,CD16+ Mono
ATCCAACAGACACTTA-12-s4d9,CD16+ Mono
TCTAATCTCGGTTAGT-12-s4d9,MK/E prog
ATCCTCATCCTTCAAT-12-s4d9,Proerythroblast
CCAGGAACATCGTTCT-12-s4d9,Proerythroblast
GATCGATTCAGAAACG-12-s4d9,Normoblast
TGGACTAGTAGCCATA-12-s4d9,MK/E prog
AGGTTTATCGCATTAA-12-s4d9,CD16+ Mono
TGGTCATAGGTCTTGG-12-s4d9,cDC2
AGCACAGCAGAAATGC-12-s4d9,Proerythroblast
TTCATCCCAAGTAAGC-12-s4d9,G/M prog
AAAGGCTCAACAGGTG-12-s4d9,G/M prog
GACATAGAGCTGTACG-12-s4d9,G/M prog
ACTTAGTCAAACTCAT-12-s4d9,Normoblast
CGCATGATCAGGAACA-12-s4d9,Erythroblast
CGGTTTGAGCTTGCTC-12-s4d9,CD16+ Mono
CTCATCATCAAGTGAG-12-s4d9,CD16+ Mono
AAGACAAGTCATAGAT-12-s4d9,G/M prog
CGTGGTTCAGGAACTG-12-s4d9,MK/E prog
TGTTCATTCAGGTTTA-12-s4d9,Erythroblast
GAGCAAATCTGGCAAT-12-s4d9,Proerythroblast
ACCTGTTGTACCGAAC-12-s4d9,G/M prog
GACTTGGTCTTACTCG-12-s4d9,MK/E prog
AGCTACTAGCTTCCCG-12-s4d9,CD16+ Mono
GCGTTTCTCGCTATAA-12-s4d9,G/M prog
CGAATCTAGGATCACT-12-s4d9,cDC2
CGCAAATTCTCACACC-12-s4d9,G/M prog
CGCAATCCACTAAGCC-12-s4d9,Erythroblast
TGATGAACAAGCGATG-12-s4d9,MK/E prog
GGAACTAAGAAGGTGC-12-s4d9,CD16+ Mono
AGTCCTGAGCTGGCTA-12-s4d9,Proerythroblast
TACGTTAAGTCACTCC-12-s4d9,HSC
CAGGATGCATTCAGCA-12-s4d9,Proerythroblast
GGCTGGTTCTATCGCC-12-s4d9,CD16+ Mono
TGTTAGCAGTATTGCA-12-s4d9,Proerythroblast
ATGAAGCCATAGACCC-12-s4d9,Proerythroblast
TTTCCGGGTTAAATGC-12-s4d9,Proerythroblast
CGATATTCACAAAGAC-12-s4d9,Proerythroblast
TGACCTTGTGGATTCA-12-s4d9,G/M prog
TAGGTTGGTCCAAGAC-12-s4d9,CD16+ Mono
AGTTTGATCAGCAAAG-12-s4d9,cDC2
GCCTTGCGTCAACAAT-12-s4d9,G/M prog
GTAAGCTTCATAACCA-12-s4d9,Proerythroblast
GCCCAAATCGTCAAGT-12-s4d9,HSC
GACACCGGTTCCTGAT-12-s4d9,CD16+ Mono
GGTGAGTAGTTAGCTA-12-s4d9,Proerythroblast
CGGACCTAGGTTTGCG-12-s4d9,Proerythroblast
TTGGTGAGTAGGTTAT-12-s4d9,Erythroblast
CTCACACTCTTTAAGG-12-s4d9,CD16+ Mono
TGCCTGTTCTTAGCGG-12-s4d9,Proerythroblast
GAGGTGAGTGTGAGGA-12-s4d9,Proerythroblast
AGGTCATTCAGGGCCT-12-s4d9,Proerythroblast
TTGCATTTCCAGGGAG-12-s4d9,MK/E prog
TTACACCGTTGTTCAC-12-s4d9,Proerythroblast
CTTTGGGAGCGCTAAT-12-s4d9,Proerythroblast
TCGCTAACACATGCTA-12-s4d9,CD16+ Mono
GCTAGTGTCCGGCTAA-12-s4d9,Proerythroblast
TGTGGCGGTACTTCAC-12-s4d9,CD16+ Mono
CTTCTCAAGTCACTAA-12-s4d9,CD16+ Mono
GATTGTTCATTGACAT-12-s4d9,Normoblast
ATGGTCTAGTAACGGA-12-s4d9,Proerythroblast
CCATAAATCGTTAGCG-12-s4d9,G/M prog
GTAGTTATCAATTACG-12-s4d9,Proerythroblast
CTCCAAACAGCACGTT-12-s4d9,Proerythroblast
AGCAGGTAGTAGGCGG-12-s4d9,MK/E prog
GCCATGATCCAACTGG-12-s4d9,Proerythroblast
GTTGTGAGTAACAGGG-12-s4d9,CD16+ Mono
ATTATGGTCAATGTCA-12-s4d9,HSC
GGACAGCCAATGAGGT-12-s4d9,Normoblast
AATTTCCTCCGTCCAT-12-s4d9,Proerythroblast
AAATGCCTCCTTGCGT-12-s4d9,Erythroblast
CAACCCTTCACGCGGT-12-s4d9,Proerythroblast
TGACTTAAGTCAGTAC-12-s4d9,CD16+ Mono
CTGTAACAGGAGGTTA-12-s4d9,MK/E prog
AAACCAACAGCAAGAT-12-s4d9,HSC
CTGTACCTCCCTTGCG-12-s4d9,HSC
CTAACCTGTGTTCCCA-12-s4d9,CD16+ Mono
CATAATCCAATCCTAG-12-s4d9,cDC2
CAGGCTATCCAGGTCA-12-s4d9,Erythroblast
TGAAACTGTTAGTACG-12-s4d9,Erythroblast
GTGAATCTCAGCCAAT-12-s4d9,Proerythroblast
TAAGGACCAGGAACTG-12-s4d9,HSC
AAAGGAGCATCTTGAG-12-s4d9,CD16+ Mono
ACCAGGGAGCTATGAC-12-s4d9,CD16+ Mono
TCGCGAGGTTGTAACG-12-s4d9,Proerythroblast
AGTAATGCAGCAACAG-12-s4d9,CD16+ Mono
TTGGGTTAGTCAGTAC-12-s4d9,G/M prog
TGTTCATTCGATTCTT-12-s4d9,MK/E prog
CCAGCTGCAAACTAAG-12-s4d9,MK/E prog
CCCAAATAGTGATTCA-12-s4d9,pDC
GAGGGAGCACAATGCC-12-s4d9,Proerythroblast
CCACAATAGCTAAGTC-12-s4d9,HSC
TAGGTGCGTTATCCGT-12-s4d9,MK/E prog
CAGGCTGGTAGGATTT-12-s4d9,Erythroblast
TGAGCTTAGTGAGGGT-12-s4d9,HSC
TGTGAAACAGGCAAGC-12-s4d9,Proerythroblast
GGTTCTTGTAACCACA-12-s4d9,Proerythroblast
CTAAGGTTCATAAGCC-12-s4d9,G/M prog
AGGTCTTAGGTCCGTA-12-s4d9,MK/E prog
CTCTAGCTCTAAATCG-12-s4d9,Normoblast
GGGCTAACAATTAGCT-12-s4d9,MK/E prog
GAAACTGAGATTGAGG-12-s4d9,Proerythroblast
GTGATGAAGGTCCGTA-12-s4d9,cDC2
CTGTTCATCTAAGTCA-12-s4d9,HSC
CGACCTGCATAATCCG-12-s4d9,MK/E prog
ATGGTCTAGGCATTGT-12-s4d9,MK/E prog
GCGTGCTAGCGTGCAC-12-s4d9,Proerythroblast
TAAAGCCTCTAACTGA-12-s4d9,Proerythroblast
AGCTTGGTCGGCCATA-12-s4d9,HSC
CCCTCACCATAGCGAG-12-s4d9,Proerythroblast
ATCCTGACAAAGCGCA-12-s4d9,Erythroblast
AAAGCACCATTAGCCA-12-s4d9,CD16+ Mono
ACACTTAAGGCGCTTA-12-s4d9,HSC
GCATTGCCATTATCCC-12-s4d9,CD16+ Mono
CGCGGATTCCCTGATC-12-s4d9,G/M prog
ACAACAGAGATAACCC-12-s4d9,MK/E prog
GGATTATGTAGTTAAC-12-s4d9,Erythroblast
TGCACACCAACGTGCT-12-s4d9,MK/E prog
ATCATGTCAGGTTAAA-12-s4d9,CD16+ Mono
AATTCGTCATGTGGGA-12-s4d9,Erythroblast
GGAACCACAAGGTGGC-12-s4d9,Erythroblast
TCCTGGTTCATTCATC-12-s4d9,CD16+ Mono
AGGTATTGTTTAGCTC-12-s4d9,CD16+ Mono
CTTAGGAGTTACTTCA-12-s4d9,HSC
GCATGAAAGGCCTGGT-12-s4d9,G/M prog
GTGCTGATCTTGGACG-12-s4d9,MK/E prog
GTTTGTCGTTTAACGG-12-s4d9,Proerythroblast
CAAAGCGCACAAAGGT-12-s4d9,Erythroblast
TAAGGCTTCCTTCGTA-12-s4d9,G/M prog
GTGGATGCATAGTCAT-12-s4d9,CD16+ Mono
AGCACTTAGCTCAAAC-12-s4d9,MK/E prog
CTAGCTGAGGATTGCT-12-s4d9,Erythroblast
AGCCTAGTCAGTGAAG-12-s4d9,Proerythroblast
TAGCGGACAAGGTAAC-12-s4d9,Proerythroblast
GATCAAGAGCGCCTTT-12-s4d9,pDC
AGGTCCGGTACCTTAC-12-s4d9,Proerythroblast
ATTCAACCAGGAATCG-12-s4d9,Erythroblast
ACGAATCTCAAGTGAG-12-s4d9,Proerythroblast
GTACGTAGTGTGCAAC-12-s4d9,pDC
TGTAACTCATCGCTCC-12-s4d9,Erythroblast
TTGGGTTAGGCTGTGC-12-s4d9,cDC2
GATCAAGAGCTCAAAC-12-s4d9,G/M prog
CCTGATGAGTAGGATG-12-s4d9,G/M prog
CGAAATGAGTCATTTC-12-s4d9,HSC
GGCTGTCAGGGTTAGA-12-s4d9,Proerythroblast
TAAACAGCAAAGCGGC-12-s4d9,pDC
ACCAAGTTCTGGTCCT-12-s4d9,HSC
AGCGTGCTCCAAACAC-12-s4d9,CD16+ Mono
TACGCTTGTCTCAGCC-12-s4d9,G/M prog
AATCATGTCCGGGACT-12-s4d9,Proerythroblast
CGCCACACATTGTGCA-12-s4d9,Proerythroblast
GATTGCAGTTACAAAC-12-s4d9,Proerythroblast
CTCAATAAGATACTTG-12-s4d9,Erythroblast
TGGAACAAGTAAGTGG-12-s4d9,CD16+ Mono
GACACCGGTGAGACTC-12-s4d9,Proerythroblast
TGGATTCAGTATTGCA-12-s4d9,Proerythroblast
ATCAATCCACAACAGG-12-s4d9,HSC
ACAGTATGTGGGTACT-12-s4d9,Proerythroblast
CCAGTTTGTTACTAGG-12-s4d9,HSC
TAGGTGCGTAATGGAA-12-s4d9,Erythroblast
GCCCGTTGTTACTTGC-12-s4d9,Proerythroblast
CTGGATGTCTAGCTAA-12-s4d9,CD16+ Mono
CACCGGTAGTTATTCC-12-s4d9,MK/E prog
ACATCAATCTGCAACG-12-s4d9,G/M prog
TCAAGTATCTAATCTC-12-s4d9,Normoblast
ACCAGGCTCCTAGTAA-12-s4d9,Proerythroblast
CTGGTTACAGCAAGGC-12-s4d9,MK/E prog
GCTAGCTCATTGTGGC-12-s4d9,Proerythroblast
AATCCCTGTTGTTGCT-12-s4d9,Proerythroblast
ATGATGACAGGAACCA-12-s4d9,MK/E prog
TTAGGCCCACCCTCAC-12-s4d9,G/M prog
TTGTCCATCTATCGCC-12-s4d9,Normoblast
GATTTGCAGTAGAGGC-12-s4d9,pDC
GCACGGTTCCGTGACA-12-s4d9,CD16+ Mono
GGTAGGAGTGATTACG-12-s4d9,MK/E prog
AAACCAACAAGATTCT-12-s4d9,Normoblast
CTGGACCAGGAATAAC-12-s4d9,Proerythroblast
AAGCTAGAGGATCCGC-12-s4d9,MK/E prog
TAGCATATCGTTAAGC-12-s4d9,Erythroblast
TAGGAGGGTCCTAATC-12-s4d9,pDC
ACAACAGAGTATTGCA-12-s4d9,CD16+ Mono
TTGCTTTAGCGTGCGT-12-s4d9,Proerythroblast
GCCAGGAAGGTCGAGG-12-s4d9,G/M prog
GACTAATGTGAAGCCT-12-s4d9,CD16+ Mono
TCTCGCCCATGTTGTG-12-s4d9,cDC2
GTTTATCTCTGTGCCT-12-s4d9,cDC2
AACGCCCAGGCATTGT-12-s4d9,CD16+ Mono
GATTGCAGTCCTTAGT-12-s4d9,CD16+ Mono
CCCTGGACAATCCCTT-12-s4d9,CD16+ Mono
AGACACGCACGAATTT-12-s4d9,CD16+ Mono
CGCTTCTAGCATTTCT-12-s4d9,Erythroblast
GTCGAAGCATCAGTAT-12-s4d9,G/M prog
GGTCCATCATCGTTCT-12-s4d9,Erythroblast
GTTCCCAGTGGATTCA-12-s4d9,CD16+ Mono
GAAGTAAGTGATTTGG-12-s4d9,Proerythroblast
AGCTTAATCACACAGT-12-s4d9,HSC
CGGAGCAAGTTGGATC-12-s4d9,CD16+ Mono
TGCTTTAGTTTACTTG-12-s4d9,Erythroblast
AATAACCGTCATCAAG-12-s4d9,Erythroblast
CAATGCCCATAAGCAA-12-s4d9,Proerythroblast
GTTGGCGGTGTTTGAG-12-s4d9,pDC
GAACCTTAGTCAATTG-12-s4d9,CD16+ Mono
GCCATTACACAGCCAT-12-s4d9,G/M prog
ACATCATCAACTGGCT-12-s4d9,cDC2
CAACCCGCAGGCGATA-12-s4d9,Proerythroblast
CTCCTAATCGGCCAGT-12-s4d9,MK/E prog
CCGGTAGGTGTGTCCC-12-s4d9,Erythroblast
CTACCTCAGTGAACCT-12-s4d9,G/M prog
AGAACCAAGGTATTGC-12-s4d9,cDC2
CACAAGCGTAGCCTCC-12-s4d9,Erythroblast
TGGATTCAGGCTAGAA-12-s4d9,Proerythroblast
ACGGTTTAGGCTAATC-12-s4d9,Proerythroblast
TGTAACTCACAACCTA-12-s4d9,Proerythroblast
TCAAGTATCCAGCACA-12-s4d9,Proerythroblast
AAGTTAGCATACCCGG-12-s4d9,HSC
CTCACACTCTGGTCCT-12-s4d9,G/M prog
GTCCTAGAGCGTGCGT-12-s4d9,Erythroblast
TGCGCGAGTAGCAGCT-12-s4d9,Proerythroblast
TAGTGGCGTTTGCAGA-12-s4d9,CD16+ Mono
CCAGACTCAAGTGAAC-12-s4d9,MK/E prog
GGCTAGTGTGAGCACT-12-s4d9,G/M prog
GCGTGCTAGCAAACCT-12-s4d9,Proerythroblast
TTAACCAAGGCATTAC-12-s4d9,Erythroblast
CTGTACCTCGGTTCCT-12-s4d9,MK/E prog
CAAGTGAAGGAGGGTT-12-s4d9,CD16+ Mono
TTTAGCAAGAAAGGAA-12-s4d9,G/M prog
AAAGCACCAAAGCTAA-12-s4d9,CD16+ Mono
GGAACCTGTAGACAAA-12-s4d9,HSC
GTATGTTCAAGGCCAA-12-s4d9,Proerythroblast
TTGTGTGCATTGCGGT-12-s4d9,Proerythroblast
CTTCTAAGTGCATTAG-12-s4d9,HSC
GATCAAGAGCGTGCGT-12-s4d9,HSC
GGGCTAACAGCATTAT-12-s4d9,Proerythroblast
CGATTTGCAACCTGGT-12-s4d9,Erythroblast
TCGATTAAGAGGAAGG-12-s4d9,Erythroblast
TGCATCCTCGTGCCTT-12-s4d9,G/M prog
AGCTTTAAGCACTTGG-12-s4d9,Erythroblast
CCAGCTAAGACACTTA-12-s4d9,G/M prog
TCAGTAATCATGCCTC-12-s4d9,Proerythroblast
GCTTCGCGTTCATCTA-12-s4d9,MK/E prog
GTGTGCGGTTGCACAA-12-s4d9,Erythroblast
TATGTGATCCTCGATC-12-s4d9,CD16+ Mono
AACTTAGTCACTAAGC-12-s4d9,Proerythroblast
GACATAGAGCTGTCAG-12-s4d9,Proerythroblast
TTTCAGTTCCCTGACT-12-s4d9,CD16+ Mono
CTGTATTTCGGTCATG-12-s4d9,CD16+ Mono
TCGCATTGTTGTAAAC-12-s4d9,Proerythroblast
AGTGCACGTTAAGGCC-12-s4d9,CD16+ Mono
GTTACGTAGATGGAGC-12-s4d9,Proerythroblast
TCCGGTAAGTCAGGCC-12-s4d9,MK/E prog
TGTGAAACAGGACCAA-12-s4d9,Proerythroblast
AACCTCACATCATGTG-12-s4d9,HSC
GCACGGTTCATTAGGC-12-s4d9,HSC
GACTTGGTCGCAATCG-12-s4d9,Erythroblast
GGTAATTGTTAGTACG-12-s4d9,HSC
ACGCCTTTCCTCCTAA-12-s4d9,Proerythroblast
TGTGCGCAGGCATGTT-12-s4d9,CD16+ Mono
ACCTAAGGTTGTTCAC-12-s4d9,G/M prog
TTCATTCAGGGCCATC-12-s4d9,Erythroblast
AGCTACTAGTCATGCG-12-s4d9,Normoblast
CGGGTATGTTACCGGG-12-s4d9,CD16+ Mono
ACTTGAATCTAGCTTT-12-s4d9,MK/E prog
TTGCGTCTCAGCCAAT-12-s4d9,Proerythroblast
TCTCAATTCCAGCACA-12-s4d9,HSC
TGCTTAAAGGTGAGAC-12-s4d9,Erythroblast
CCTAATAAGTAAACCC-12-s4d9,MK/E prog
ACGCCACAGTCATGCG-12-s4d9,CD16+ Mono
AATCTTGAGCATGGTT-12-s4d9,Erythroblast
ACTGAATGTCTATCGT-12-s4d9,Erythroblast
GTTTCAGCAGCTCAAC-12-s4d9,Proerythroblast
AGTAGCTTCCCGTTGT-12-s4d9,HSC
AGTGCCGGTAATGACT-12-s4d9,pDC
CTTCAGGAGTGAACCT-12-s4d9,Proerythroblast
ACCGGCTAGGAGTCTT-12-s4d9,MK/E prog
ACAGGCTGTGCATTAG-12-s4d9,Normoblast
GGCTGTCAGATAAAGC-12-s4d9,Proerythroblast
CTAGCTGAGTTATGTG-12-s4d9,G/M prog
GTTAGACTCCATAATG-12-s4d9,CD16+ Mono
CTTCTCAAGTAGCGCC-12-s4d9,Proerythroblast
GGCATTAGTTGCAATG-12-s4d9,G/M prog
TTTATGGAGTAAAGGT-12-s4d9,Proerythroblast
TGCACTTGTTTGAGCA-12-s4d9,Proerythroblast
ACCTGGTCAATAGCCC-12-s4d9,Proerythroblast
AGTAACACACTGACCG-12-s4d9,G/M prog
TCCTCTAAGTGAGGTA-12-s4d9,HSC
GGCCTAATCGGGACCT-12-s4d9,Proerythroblast
ATGCTTAAGTCAATTG-12-s4d9,Proerythroblast
CTAGGCGGTTTACGTC-12-s4d9,G/M prog
CACATACAGCAAGACA-12-s4d9,CD16+ Mono
CAAACTGGTCATCCTG-12-s4d9,Erythroblast
TGAACAACACATGCTA-12-s4d9,Proerythroblast
AATCCTAAGTACTGGT-12-s4d9,Proerythroblast
CTCCTGAGTCATGCCC-12-s4d9,CD16+ Mono
TGATTCAAGCTCGCTT-12-s4d9,CD16+ Mono
AGTCCTGAGGCCCAGT-12-s4d9,Proerythroblast
TGGCCAATCATTGTTC-12-s4d9,Proerythroblast
GTACAATGTTACATCC-12-s4d9,CD16+ Mono
TCTTAGTTCTAAGTGC-12-s4d9,CD16+ Mono
TGCTCAACATTGCAGC-12-s4d9,MK/E prog
GGGCCTAGTTTGCGCC-12-s4d9,CD16+ Mono
CCCTGTTAGCTTATGA-12-s4d9,MK/E prog
CCTCAATGTTGTCCAT-12-s4d9,G/M prog
GCTATCCTCTGCAAGT-12-s4d9,HSC
GGATACTTCATTAGTG-12-s4d9,Erythroblast
GGAACTAAGTCAATTG-12-s4d9,G/M prog
AGCTTTAAGGGTGAGT-12-s4d9,CD16+ Mono
CCTTCAGGTATTCGCT-12-s4d9,MK/E prog
GTCATCCTCCTAATGA-12-s4d9,Erythroblast
CTATGTTTCAATGACC-12-s4d9,CD16+ Mono
ATGGCCGGTCGACTAA-12-s4d9,HSC
TGCCTGTTCAATGACC-12-s4d9,CD16+ Mono
CGCAATTAGCATGTCG-12-s4d9,CD16+ Mono
GGTTGGTGTTGTGACA-12-s4d9,G/M prog
TTTCGTCCAATGAATG-12-s4d9,Erythroblast
GCTGTGCAGGTTAGCT-12-s4d9,G/M prog
TAACAAGCATGTTGTG-12-s4d9,Erythroblast
CAAACGCGTTGCACAA-12-s4d9,CD16+ Mono
AACGCCCAGGAAGTAT-12-s4d9,Erythroblast
CATCCTCAGGCTACTG-12-s4d9,MK/E prog
ACCATTAAGGCACAGG-12-s4d9,CD16+ Mono
TAGCTAATCCTCATGC-12-s4d9,MK/E prog
GAGGTAGGTGCCTCAC-12-s4d9,MK/E prog
CCTAAGTAGAGAGGAG-12-s4d9,CD16+ Mono
AAGGCCCTCTAATCCT-12-s4d9,CD16+ Mono
ACCAGGACAATCGCAC-12-s4d9,Erythroblast
CACTGACCATTGTGGC-12-s4d9,Proerythroblast
CAGTACCCAGGATTAA-12-s4d9,Normoblast
ATCACCCTCTAACTGA-12-s4d9,HSC
GTAAGCAAGGACGTAA-12-s4d9,pDC
GCAGGACCAACAGGTG-12-s4d9,Proerythroblast
GGTCCGTAGGTACCGC-12-s4d9,CD16+ Mono
AATTACCCAACTAACT-12-s4d9,Proerythroblast
CTCTGTTCAAGGAATC-12-s4d9,MK/E prog
GAAGGCTAGGTATTGC-12-s4d9,Proerythroblast
CTAGTAATCCAGGAAA-12-s4d9,MK/E prog
GTCCTAGAGGAGCACG-12-s4d9,Proerythroblast
CCGCAAATCCGTAAAC-12-s4d9,Proerythroblast
ATCCAACAGGCAGGTG-12-s4d9,Proerythroblast
AGCAACAAGGAAGCAC-12-s4d9,CD16+ Mono
GTTAAACGTCATAGAT-12-s4d9,G/M prog
CGTTTGGAGCGGATAA-12-s4d9,G/M prog
TAAGCTATCCCATAGG-12-s4d9,MK/E prog
GCTGACATCCTCCCTC-12-s4d9,Proerythroblast
TGTTACTTCCGCTAGA-12-s4d9,G/M prog
CCGCAAATCGTCATTT-12-s4d9,Proerythroblast
GAACCTGTCACCTGCT-12-s4d9,MK/E prog
AAGACATAGCAGCTCA-12-s4d9,Proerythroblast
CATTGTGCAGCCTAAC-12-s4d9,HSC
AAGCCTTAGGGACGCA-12-s4d9,Proerythroblast
TGCTCTCAGCACAGCC-12-s4d9,CD16+ Mono
TTCGGTACACAAAGAC-12-s4d9,CD16+ Mono
AACCCGCAGCCAAATC-12-s4d9,CD16+ Mono
ACTTATCTCAATGAGG-12-s4d9,MK/E prog
AAACCGAAGGACCTTG-12-s4d9,cDC2
GCTAAGTTCGTTCACC-12-s4d9,G/M prog
GTTTATCTCAGCCAAT-12-s4d9,CD16+ Mono
GCGAAGTAGTAACAGG-12-s4d9,Erythroblast
AGCTTAATCACATTGA-12-s4d9,Erythroblast
TGGCTAAGTTGCGGAT-12-s4d9,CD16+ Mono
CAATAAGCAAGTCGCT-12-s4d9,CD16+ Mono
TGATCAGGTGTGCACG-12-s4d9,Proerythroblast
AATTGGACAAGTGAAC-12-s4d9,G/M prog
CATTCCTCATCAATCG-12-s4d9,Proerythroblast
ACCTCACTCTAAGTCA-12-s4d9,cDC2
TATGGGCGTTGCGCGA-12-s4d9,G/M prog
GGCAAATCATTGTGGC-12-s4d9,CD16+ Mono
CTTGCAACAGCCTAAC-12-s4d9,HSC
TTTGTGTTCGCAAACT-12-s4d9,MK/E prog
GGCTCAATCAAGCTTA-12-s4d9,CD16+ Mono
TCCACAACATTAAACC-12-s4d9,G/M prog
TTGACATCAATGAAGC-12-s4d9,Proerythroblast
GGCTGGTTCCCGCAAA-12-s4d9,CD16+ Mono
ATTAGTCCATAAGTCT-12-s4d9,CD16+ Mono
AACGCCCAGCATGCAT-12-s4d9,MK/E prog
ATTAGGTGTATTGTGG-12-s4d9,Erythroblast
GGGTTACGTCTATCGT-12-s4d9,CD16+ Mono
TTACCTGTCTCCATGC-12-s4d9,Proerythroblast
TTACCTGTCCTACCTA-12-s4d9,Proerythroblast
AATGCAACACTGACCG-12-s4d9,CD16+ Mono
GAAGCTAAGGCAACAA-12-s4d9,cDC2
TTTGTGAAGTCATTTC-12-s4d9,HSC
TTGTGTGCAAGGTAAC-12-s4d9,CD16+ Mono
TGAAGCAAGCATTATG-12-s4d9,CD16+ Mono
TAGCCTTGTACAATGT-12-s4d9,G/M prog
CTCTGTTCAAACCTTG-12-s4d9,HSC
GTGAACAAGGCATGAA-12-s4d9,MK/E prog
GCTCATTGTTTCGCCA-12-s4d9,G/M prog
TCACGGATCGAAGTGA-12-s4d9,MK/E prog
CGATTATCAAAGCGCA-12-s4d9,G/M prog
GTCCAGGGTCCTTAGT-12-s4d9,Normoblast
AGTAATGCACAACCTA-12-s4d9,Normoblast
ACTAAAGCACAATACT-12-s4d9,G/M prog
ACCACACCAATAGCAA-12-s4d9,Erythroblast
CACTGACCAAATACCT-12-s4d9,cDC2
TAAGGCTTCTTGGACG-12-s4d9,Proerythroblast
AAGCCTCCATGAAATG-12-s4d9,Proerythroblast
CCAGCTAAGCGATAGA-12-s4d9,Normoblast
GCTTATCGTCGCAAAC-12-s4d9,CD16+ Mono
ATGCAGGCACCTCACC-12-s4d9,MK/E prog
TTTGCGACAACTAGCC-12-s4d9,MK/E prog
GCTGCAATCCTTCTAG-12-s4d9,Proerythroblast
ACGTCAAGTTCATTTG-12-s4d9,Normoblast
AGTGCGGAGCTTGCTC-12-s4d9,CD16+ Mono
TAGGTTATCGCTATAA-12-s4d9,Erythroblast
AGTTGTCAGTAAAGGT-12-s4d9,HSC
CAGGCTATCCGGCTAA-12-s4d9,G/M prog
GCAGCTATCGGTCAGC-12-s4d9,Proerythroblast
CGGCTCACAACTAGGG-12-s4d9,HSC
TTAGCCTGTGATGAAA-12-s4d9,CD16+ Mono
GGTTGAGCACATAACT-12-s4d9,CD16+ Mono
TATCACAAGCTCAATA-12-s4d9,MK/E prog
GGACTAAAGTCATTGA-12-s4d9,CD16+ Mono
GATTGCGTCATAGCCG-12-s4d9,CD16+ Mono
AGAACCGCAATCCTGA-12-s4d9,Proerythroblast
CGCCTCATCGAGCAAA-12-s4d9,Proerythroblast
CACGCAATCGATAACC-12-s4d9,Erythroblast
GCCTACTTCCTGATTT-12-s4d9,HSC
AGAGGAACAGAGGCTA-12-s4d9,MK/E prog
GAGTAATAGAAAGCAT-12-s4d9,CD16+ Mono
CCATCACTCAATTGGC-12-s4d9,CD16+ Mono
CTTTGAGCACCAGCAT-12-s4d9,CD16+ Mono
GGATAACCATGGAGGC-12-s4d9,MK/E prog
TCAGCGATCAGTATTG-12-s4d9,MK/E prog
TATCCGGAGGTGAGAC-12-s4d9,Proerythroblast
TTTAAGCCACGTTACA-12-s4d9,Erythroblast
GTTTGCTGTCCTAGTT-12-s4d9,Proerythroblast
ACGAACAAGCGGGCAA-12-s4d9,Erythroblast
CATTATCTCCGCCTAT-12-s4d9,Proerythroblast
AAGCTAGAGGACCTCA-12-s4d9,G/M prog
AGGCAATCATTGTGGC-12-s4d9,HSC
GTGATGAAGGTTACAC-12-s4d9,CD16+ Mono
ATGACCAGTGTTTGTC-12-s4d9,CD16+ Mono
CTAAGTCAGGCCTAAT-12-s4d9,HSC
CGGTGAACAGAATGAC-12-s4d9,CD16+ Mono
GTTACAGGTAACCTAG-12-s4d9,Erythroblast
ACTGAAACAATCCTAG-12-s4d9,Normoblast
TAGCGGACAAACTAAG-12-s4d9,MK/E prog
CCGGTAGGTAATAGCT-12-s4d9,Erythroblast
ATCCAACAGATTCCTT-12-s4d9,G/M prog
CAGCCTTTCCTGGCTT-12-s4d9,Proerythroblast
CGCACACAGGATCCGC-12-s4d9,Erythroblast
TCTAACCGTGTTAGCA-12-s4d9,Proerythroblast
TGGCTATAGTGAACCT-12-s4d9,Proerythroblast
CTCGACAAGACACTTA-12-s4d9,HSC
GTTGCTGAGTAATCCA-12-s4d9,G/M prog
AGTAACACAGCAACAG-12-s4d9,Proerythroblast
GTGCAAGCACTTCATC-12-s4d9,Proerythroblast
CTACCTCAGCACAGGG-12-s4d9,Erythroblast
CTCATGACACATAGCC-12-s4d9,HSC
AGTGCGGAGCTAAAGG-12-s4d9,Proerythroblast
TACAAGCTCCCGCCTA-12-s4d9,Proerythroblast
CAAACAACACAATACT-12-s4d9,MK/E prog
TCTAGCGAGGTCGAGG-12-s4d9,Proerythroblast
TATGGGCGTCATCCTG-12-s4d9,Erythroblast
AACTAGTGTTACTTCA-12-s4d9,CD16+ Mono
TGCTTCCAGTCCTTTG-12-s4d9,CD16+ Mono
CACCTCAGTTCACCCA-12-s4d9,HSC
CCGGTAGGTCATGAGC-12-s4d9,MK/E prog
AAGGATCCACAGGATG-12-s4d9,CD16+ Mono
TGTGCGCAGCCGCAGT-12-s4d9,G/M prog
CTGGCTAAGACTTACA-12-s4d9,Normoblast
CCAGACTCAATCATGT-12-s4d9,CD16+ Mono
ACTAACTCAGGTTCAC-12-s4d9,Erythroblast
AGTAAGTAGTTAGAGG-12-s4d9,CD16+ Mono
TGCGGTTCAACAGCCT-12-s4d9,CD16+ Mono
CCTGTATGTGCAATGC-12-s4d9,pDC
GGTTAATGTGCAACTA-12-s4d9,Proerythroblast
GATGACTTCGCTAGTG-12-s4d9,G/M prog
CAAAGGATCACTTTAC-12-s4d9,HSC
TATTCGTTCAATGTCA-12-s4d9,Proerythroblast
GCTGATCCATGTCAAT-12-s4d9,HSC
GTGTGTTAGAAAGCAT-12-s4d9,pDC
CGGAGTCTCCAGGTTG-12-s4d9,Proerythroblast
ATGGCTTAGGAGGCAT-12-s4d9,Proerythroblast
GGCTATTAGCACGTTG-12-s4d9,Proerythroblast
GGTTGCATCTGTAATG-12-s4d9,Proerythroblast
GGCTATTAGCTTACTT-12-s4d9,cDC2
TTATGACCATTTAAGC-12-s4d9,G/M prog
GTGCTCAAGCAAGATG-12-s4d9,G/M prog
TTAGCAGGTGAATCGC-12-s4d9,Proerythroblast
CTGGTTACACCACAAC-12-s4d9,Normoblast
GTCGGTTCACGAATTT-12-s4d9,Proerythroblast
TGGCCTGCAATTATGC-12-s4d9,G/M prog
GAGGGAGCATAACGGG-12-s4d9,G/M prog
GTGGTTAGTAACTACG-12-s4d9,Erythroblast
AAGCCTTAGTAAACCC-12-s4d9,Erythroblast
GGAAACTCATAGCTGC-12-s4d9,G/M prog
TCTAGCCTCTTTAAGG-12-s4d9,Proerythroblast
TCATTGCGTGCAATGC-12-s4d9,MK/E prog
GCTAAGCGTCTCAGCC-12-s4d9,Proerythroblast
GGTACTTAGTGAGGGT-12-s4d9,HSC
AGTAAGTAGTAAACCC-12-s4d9,Proerythroblast
CCAATATCATATAACC-12-s4d9,MK/E prog
TCCAGGATCACCATTT-12-s4d9,Proerythroblast
AGAAAGGCAATGCCCG-12-s4d9,G/M prog
TAGAGCCGTGAGGTAG-12-s4d9,Erythroblast
CTCATCATCAATCTCT-12-s4d9,Normoblast
CTACAACAGCGAGTAA-12-s4d9,CD16+ Mono
ACATTGCAGGGTCTAT-12-s4d9,G/M prog
CTCCAACTCTAACCAA-12-s4d9,G/M prog
ACCCAGGGTCATAAGT-12-s4d9,MK/E prog
CAGGGCTTCCGCCAAA-12-s4d9,G/M prog
GCTGTACCATAATCAC-12-s4d9,HSC
TAAACAGCACCTAAGC-12-s4d9,CD16+ Mono
TGGTCCTTCAGTGAAG-12-s4d9,CD16+ Mono
AGGACGTAGTGCACGC-12-s4d9,Erythroblast
TGCTTGCTCATTGTCT-12-s4d9,Erythroblast
GGATACTTCTTACTCG-12-s4d9,CD16+ Mono
ACAGGAATCCGTCCAT-12-s4d9,CD16+ Mono
TATGAAGCATTGTGGC-12-s4d9,Erythroblast
CTCACACTCGGGACCT-12-s4d9,Proerythroblast
TCCATCATCGCATTAA-12-s4d9,Normoblast
CCAGGATGTATTCGTC-12-s4d9,Proerythroblast
GATTACTCACCTAAGC-12-s4d9,HSC
TAGCCGGGTAATAGCT-12-s4d9,Proerythroblast
CAAGCTAGTCAACAAT-12-s4d9,G/M prog
ACAGGTAAGGTTACGT-12-s4d9,CD16+ Mono
