CellID,Rest,Ets1,Nfe2l2,Plagl1,Icam1,Runx1,Arid5b,Runx2,Six4,Ehf,Stat1,Nr2f2,Junb,Nfib,Nfyc,Sox6,Bbx,Ncam1,Mecom,Tead4,Glis3,Fosb,Kmt2a,Foxp1,Bcl6,Thrb,Trps1,Stat4,Meis2,Sp110,Sox9,Lcor,Gata6,Tcf12,Sox5,Prdm16,Pparg,Pbx1,Stat2,Tfdp1,Jun,Zbtb7a,Tbx15,Sp100,Ebf3,Tead1,Rorb,Nr6a1,Nfatc2,Fos,Tcf4,Tcf7l2,Elf5,Cux2,Epcam,Cux1,Nr3c2,Creb1,Grhl2,Pknox2,Nfix,Rora,Cd44,Ahr,Zbtb20,Tcf7l1,Bach1,Esr1,Cd24a,Zbtb18,Lmx1b,Six1,Smad3,Rarg,Zfp423,Zeb1,Hes1,Nfia,Foxo3,Rbpj,Epas1,Sox11,Rarb,Hif1a,Egr1,Rel,Npas2,Hsf2,Ascl1,Bach2,Nfkb1,Jund,Prox1,RORA_RORB
gex_possorted_bam_SJSO3:AAACCGGCAGCCTAACx-M1,-0.1265299,-0.05599535,-0.118206345,-0.065812215,-0.14793326,-0.2492533,-0.09284128,-0.016338727,-0.05745746,-0.18165389,-0.098722145,-0.1310363,0.17900479,-0.22937663,-0.06939775,0.073527314,0.017280139,0.0127086295,-0.17306854,-0.03389578,-0.012302884,0.04966007,0.22875628,0.0608934,-0.11164969,-0.111266814,0.010247175,-0.0033119263,0.45121166,-0.063177295,-0.17517616,0.06688301,-0.07170468,0.016486486,-0.04038917,-0.12597296,-0.022249775,0.022307107,-0.03098686,-0.036170457,0.22533074,-0.024487115,0.0151752075,-0.10865211,-0.07858078,-0.12230478,0.059383202,-0.0041952925,0.10776974,0.23674047,-0.12443313,-0.11814675,-0.08507457,0.05750356,-0.18213971,-0.024818804,0.022203907,-0.16214356,-0.09551516,-0.009982499,-0.08104821,-0.11214115,-0.21261863,-0.28581607,-0.15622367,-0.059796754,-0.070052214,-0.10446929,-0.14474492,-0.07915595,0.10604266,-0.08987193,-0.0811157,-0.06908919,0.06568272,0.09626258,-0.18993197,-0.20638055,-0.110942386,-0.10537635,-0.13206318,-0.25507304,-0.065508395,-0.027560014,0.27423477,-0.08290087,-0.05348487,-0.022977447,-0.070367925,-0.021376014,-0.047486838,-0.09044301,0.023023775,-0.026378973999999996
gex_possorted_bam_SJSO3:AAAGCCGCACCCACCTx-M1,-0.11824766,-0.078113094,-0.13126145,-0.05845583,-0.16072653,-0.23363656,-0.07930702,-0.012128005,-0.12319759,-0.18219566,-0.15266916,-0.15865572,0.051050995,-0.30646053,-0.08740303,0.019677423,-0.0012581265,-0.05979938,-0.15660067,-0.03529426,-0.03722011,-0.026204748,0.23952118,0.009452925,-0.12901412,-0.10832248,-0.039723966,-0.03231153,0.31733748,-0.073446274,-0.17938823,0.079389274,-0.07739273,-0.006796854,-0.036363143,-0.14168859,-0.011504496,0.014534023,-0.06534235,-0.07942896,0.10438047,0.0051907506,-0.01861213,-0.1322898,-0.057543896,-0.19891937,-0.025689537,-0.050132845,0.08548743,0.08942481,-0.2278567,-0.12807849,-0.08760583,0.03629173,-0.21617109,-0.043584913,0.0095457705,-0.21375525,-0.12617497,-0.034259547,-0.068823755,-0.15125036,-0.20430255,-0.2754348,-0.34527367,-0.07736648,-0.07683231,-0.103616714,-0.2264655,-0.09576141,0.0703062,-0.16923437,-0.068980746,-0.08550451,0.056615636,0.07550864,-0.20745286,-0.24962232,-0.08815563,-0.14270741,-0.09986617,-0.21334851,-0.09173432,-0.035001203,0.049988788,-0.09748239,-0.06306335,-0.044513736,-0.3125649,-0.019463563,-0.0739358,-0.22920884,-0.06556926,-0.0884699485
gex_possorted_bam_SJSO3:AAACGTACAGGACCAAx-M1,0.2841869,-0.1456143,0.0937827,0.18393856,0.09337759,0.120783165,0.10418454,-0.011201012,-0.3768668,0.058896527,0.09821085,-0.04021871,0.0035745075,-0.23247102,-0.05473961,-0.03147697,-0.034953598,-0.28468624,0.09029624,0.05368556,0.10541301,0.26764107,-0.19089366,-0.15782435,-0.0070318873,-0.045198947,-0.14243683,-0.064313985,-0.5492625,0.16638449,0.11074213,0.0070593837,0.0013996378,-0.13499366,0.08438697,0.16409025,0.040482137,-0.008505423,0.08586085,-0.18969065,0.24275386,-0.008635131,-0.13511732,0.17859653,0.0070418445,-0.20635806,-0.25592273,-0.1061748,-0.18380144,0.22397006,-0.3440498,0.15237257,0.050989307,-0.14660458,-0.29703227,0.08762224,-0.09748904,-0.23773511,-0.029088616,-0.04685051,0.17334262,-0.26015133,0.057118453,0.40344417,-0.36201254,0.046260208,-0.052045397,0.009514747,-0.27585337,-0.083363496,-0.119945645,-0.28009903,0.10983753,0.04755506,-0.031923328,-0.072793454,0.030891927,0.05728731,0.0118713835,-0.14153546,0.23150755,-0.24401608,0.12855056,-0.17117555,-0.19263133,0.0066739074,0.030865045,-0.15596357,-0.7023269,-0.0027928844,-0.058127597,0.065411665,-0.41035315,-0.25803703
gex_possorted_bam_SJSO3:AAAGGACGTAACGAGGx-M1,-0.10528577,-0.0988061,-0.1387413,-0.027591784,-0.14604689,-0.23987569,-0.07821026,-0.018625347,-0.14175145,-0.17265685,-0.18660468,-0.16809629,0.0775711,-0.3283265,-0.10989772,-0.023568776,-0.025350094,-0.075233296,-0.17338319,-0.0057602213,-0.058834903,0.03939233,0.17109601,-0.03042324,-0.13995986,-0.09848679,-0.05465212,-0.030315032,0.2251323,-0.07879138,-0.15014121,0.047325216,-0.06055598,-0.029944243,-0.019912178,-0.15970753,0.0023339286,-0.03783849,-0.09138296,-0.12281038,0.14562503,-0.0039026542,-0.047356725,-0.15232648,-0.04295952,-0.2205491,-0.07193668,-0.059589177,0.05307038,0.11079908,-0.30245152,-0.10749794,-0.091869205,-0.004427223,-0.20959097,-0.053273246,0.004277373,-0.22975661,-0.13205975,-0.052408446,-0.06865512,-0.1647499,-0.22700328,-0.2721934,-0.38685697,-0.09617677,-0.075600974,-0.111319564,-0.2309377,-0.08239734,0.054667056,-0.1280797,-0.07638623,-0.10994721,0.05057109,0.0085791685,-0.17609467,-0.24937628,-0.08558642,-0.168286,-0.08667806,-0.18539537,-0.10942808,-0.04532178,0.03186832,-0.09108992,-0.08926149,-0.082009465,-0.37204036,-0.032631006,-0.06894363,-0.17046435,-0.10000248,-0.11834329
gex_possorted_bam_SJSO3:AAACATGCAATGAAGCx-M1,-0.12377179,-0.0723106,-0.12443501,-0.052159406,-0.15273307,-0.22999264,-0.08822457,-0.020427737,-0.14075623,-0.16328987,-0.14494361,-0.18268952,0.033355903,-0.32766154,-0.07779212,0.0071208067,-0.02505907,-0.09604961,-0.17759278,-0.048439406,-0.018585874,-0.041810855,0.2207706,0.007992904,-0.12730342,-0.09124125,-0.04895495,0.007559048,0.29068038,-0.0698585,-0.19980323,0.075864,-0.07285302,-0.018566135,-0.06447211,-0.14826241,0.0051754033,0.044079296,-0.043668117,-0.096416764,0.03802351,-0.0089093065,-0.03293013,-0.12883441,-0.05894384,-0.18420961,-0.01418187,-0.07090096,0.0907536,0.06390475,-0.22109415,-0.13909425,-0.104562245,-0.013313599,-0.18466885,-0.0432669,0.018569445,-0.2249273,-0.12938385,-0.033606242,-0.08116166,-0.1564323,-0.15862112,-0.25365347,-0.33604932,-0.073052764,-0.059976835,-0.109660536,-0.23494497,-0.08837201,0.052671313,-0.17400508,-0.053224836,-0.08889595,0.04498086,0.06540116,-0.20294875,-0.23997267,-0.095169574,-0.13620248,-0.09591734,-0.27565005,-0.09602473,-0.019647963,0.03518898,-0.08732556,-0.040237065,-0.05332134,-0.37199354,-0.02124495,-0.079541124,-0.24837175,-0.08000526,-0.085307085
gex_possorted_bam_SJSO3:AAACCGGCACCTCACCx-M1,0.019935077,0.02594895,-0.0125814555,0.01862819,-0.040832154,-0.12856953,0.15624014,-0.02140557,-0.021176707,0.11153727,-0.16709763,-0.09915273,-0.09179107,-0.33415505,-0.05825758,-0.03843369,-0.04319575,-0.14245638,-0.08615672,-0.0021821647,0.068145156,0.011501128,0.24649364,-0.04430364,-0.033347618,-0.082949914,-0.04590523,-0.002893696,-0.034532096,-0.04335524,-0.019899627,0.06666542,-0.07218125,0.04719164,-0.036930744,-0.10699114,-0.011098119,0.11037785,0.011786071,-0.077368155,0.059254795,0.019633861,-0.058475167,-0.09844429,-0.0061894828,-0.10225728,-0.014907191,-0.075407386,0.024367677,-0.09489624,-0.23982166,-0.1094369,-0.0795206,-0.08743017,-0.109915994,-0.035597336,0.12429262,-0.19540665,-0.09558741,-0.09080956,-0.07380992,-0.07101168,-0.058915775,0.10420488,-0.38554624,-0.06704178,0.029985579,-0.08289421,-0.19906428,-0.0341573,-0.006214576,-0.19378015,0.080691196,-0.050343953,-0.010473971,0.018870316,-0.13149452,-0.1897331,0.040233906,-0.045737963,0.13795611,-0.13993907,-0.047283296,0.06241794,-0.019318875,0.08959134,0.02067752,0.036639623,-0.5590532,0.021017058,-0.021859081,-0.26104045,-0.13673073,-0.0429594355
gex_possorted_bam_SJSO3:AAAGGAGCATCCTGAAx-M1,-0.0047983304,0.015764473,-0.028618703,-0.038997836,-0.10086054,-0.18075028,0.023064004,-0.024578052,0.049942765,0.24222244,-0.041204575,-0.10682214,0.14088646,-0.14644352,0.019883014,0.0050076433,0.01645862,-0.047069464,-0.13733183,-0.01747394,0.027557543,0.011596327,0.33151382,0.122784615,-0.05275444,-0.102045536,0.010969256,-0.03777842,0.21788244,-0.01390194,-0.11197877,0.090095095,-0.05827772,0.045283485,0.019250115,-0.12370768,-0.032230284,0.030243725,0.19136086,-0.01006936,0.36649224,-0.04987542,-0.028195035,-0.036542583,-0.02564709,-0.023551185,0.08692941,-0.092180885,-0.014228473,0.16326535,-0.045325287,-0.0933856,-0.07976336,0.084391594,0.13003771,0.030841388,0.0064249667,-0.09675842,-0.017824577,0.008160249,0.019660773,-0.16845812,-0.1552158,-0.1411908,-0.28838804,0.023703063,-0.0041629863,-0.007134722,-0.11111765,0.06456261,0.05290059,-0.10826812,0.016554847,0.032834582,0.0137306815,0.12595055,-0.113858774,-0.07421264,-0.10958692,-0.049643815,-0.12762919,0.17463183,-0.023483364,0.0042953636,0.22028722,0.01394293,-0.055195566,-0.058430366,-0.3099885,0.055334963,-0.030063719,-0.055122092,-0.032961357,-0.040764354999999995
gex_possorted_bam_SJSO3:AAAGCACCAACAGGATx-M1,-0.04979211,-0.11549194,-0.1154433,0.0072977627,-0.1424564,-0.18894991,-0.03629336,-0.023473965,-0.22141571,-0.1277914,-0.15819956,-0.16851649,-0.069362484,-0.37561557,-0.07314985,-0.03162858,-0.053550947,-0.1711113,-0.14285481,-0.014923189,-0.014037662,-0.032930683,0.11333805,-0.071085416,-0.120725386,-0.09462405,-0.103338815,-0.011360674,0.05954924,-0.04772341,-0.14842989,0.056204967,-0.076396495,-0.06868541,-0.04351292,-0.122268066,0.017071433,0.00033190206,-0.09527257,-0.16248311,-0.05193356,0.010089139,-0.07489339,-0.12726954,-0.032496992,-0.25737438,-0.08698623,-0.11070422,0.014941546,-0.021597443,-0.3222624,-0.108107224,-0.09002569,-0.08591202,-0.22928518,-0.042513877,-0.0035631042,-0.26962426,-0.14498335,-0.055535503,-0.04029476,-0.1978432,-0.14407158,-0.16568416,-0.43118876,-0.09148241,-0.082764626,-0.10311106,-0.29133296,-0.10318775,-0.011604265,-0.2136985,-0.023687307,-0.08442695,0.019436548,0.016362373,-0.19376346,-0.23842025,-0.054398846,-0.13071455,-0.01579833,-0.26447847,-0.08577451,-0.06523714,-0.1912547,-0.08015486,-0.049900472,-0.09047403,-0.5342277,-0.029903514,-0.08842221,-0.2784381,-0.19352674,-0.142414715
gex_possorted_bam_SJSO3:AAAGGACGTTACGCGGx-M1,0.2781418,-0.1381831,0.07921384,0.19769718,0.11612998,0.04795172,0.07373634,-0.02532429,-0.38388807,0.05532013,0.11841734,-0.03403033,-0.054530893,-0.2520212,-0.07430485,-0.05801625,-0.08424587,-0.29137167,0.027061911,0.05580465,0.098198906,0.23854493,-0.25651425,-0.18836588,-0.00986506,-0.03157822,-0.16421734,-0.048902743,-0.6118762,0.15649742,0.09073529,0.0029194134,-0.008868614,-0.15358393,0.07441244,0.112857565,0.03249577,-0.026333386,0.113379754,-0.20333989,0.12777564,0.011587725,-0.15596591,0.19525464,0.0041484833,-0.20984513,-0.27984422,-0.11941542,-0.19041626,0.100766994,-0.3524902,0.12635641,-0.025229542,-0.15740132,-0.25476822,0.062825486,-0.09680606,-0.24280192,-0.076552436,-0.06353228,0.1624979,-0.2496741,0.11878498,0.3795687,-0.41281658,0.012794502,-0.059345104,-0.019057678,-0.26593536,-0.0686462,-0.13411222,-0.2570014,0.12602445,0.026262015,-0.041814167,-0.088027775,0.006947772,0.0061584436,0.024936676,-0.1436756,0.23965387,-0.20949169,0.09863406,-0.14763321,-0.31474605,-0.010564881,0.0067737433,-0.1662544,-0.716379,0.008730139,-0.039924324,-0.0048884423,-0.40665746,-0.26475916
gex_possorted_bam_SJSO3:AAACGCGCAACACCTAx-M1,-0.10274762,-0.06406628,-0.11798789,-0.027900608,-0.13989069,-0.21700028,-0.042621978,-0.017292438,-0.1527825,-0.13348354,-0.1732256,-0.1747626,0.0028106149,-0.3505792,-0.096894875,-0.019910542,-0.04310566,-0.12868726,-0.16567264,-0.025606507,-0.018238842,-0.038659472,0.24186876,-0.023084559,-0.12623444,-0.10108372,-0.06449688,-0.018292936,0.21333075,-0.07349342,-0.16710885,0.07250101,-0.08582968,-0.014235094,-0.055192415,-0.14870332,-0.004445675,0.042032383,-0.05379656,-0.114113286,0.049442362,-0.0045063724,-0.05033854,-0.13116582,-0.05428842,-0.20718592,-0.034916017,-0.077489264,0.070553124,0.023092432,-0.27527583,-0.12791994,-0.099605836,-0.03896187,-0.21592174,-0.039328214,0.029512305,-0.25916123,-0.12949422,-0.05559519,-0.07388087,-0.17118219,-0.14412244,-0.22450413,-0.40417156,-0.08143398,-0.053058185,-0.10964194,-0.2815747,-0.087801054,0.036272172,-0.19784851,-0.03566695,-0.09194324,0.037288968,0.052903295,-0.19652137,-0.2423868,-0.07855932,-0.13563485,-0.057915393,-0.2682446,-0.097475044,-0.017354118,-0.015779149,-0.056661952,-0.038558558,-0.048364565,-0.49754193,-0.0069846194,-0.07736745,-0.28000188,-0.118817896,-0.1030491035
gex_possorted_bam_SJSO3:AAACCAACATTAGCGCx-M1,-0.086312085,-0.09112335,-0.111592405,-0.03633602,-0.13177915,-0.22411652,-0.06461659,-0.009038641,-0.13872322,-0.14531095,-0.15098585,-0.15044343,0.07711338,-0.3052909,-0.10551272,-0.0019823012,-0.029232476,-0.108843274,-0.16496642,-0.017494349,-0.033496503,0.00032101906,0.22546549,-0.015167482,-0.11766876,-0.100407004,-0.05520967,-0.027574819,0.24162175,-0.064996354,-0.15715733,0.06509993,-0.07543703,-0.01702212,-0.035882335,-0.11420568,-0.025553858,0.0034446914,-0.051376864,-0.112915374,0.12671673,-0.015776176,-0.03136396,-0.121021695,-0.062511645,-0.214815,-0.035432544,-0.047138955,0.14888662,0.10487251,-0.2738984,-0.11043654,-0.07907011,0.00046808532,-0.19732969,-0.034319796,0.0075746565,-0.23407292,-0.12189052,-0.036723252,-0.063258715,-0.20159191,-0.16156085,-0.23390049,-0.36738926,-0.05312472,-0.064255476,-0.10431612,-0.25213286,-0.074795425,0.058247853,-0.18149514,-0.050934616,-0.078674175,0.06376505,0.077400155,-0.16131845,-0.1976392,-0.10673715,-0.1487287,-0.0900919,-0.22259179,-0.069519185,-0.053514786,0.05142036,-0.07333802,-0.057914138,-0.06766671,-0.38518468,-0.025357137,-0.055997975,-0.20192437,-0.073555425,-0.11851222700000001
gex_possorted_bam_SJSO3:AAACGCGCACTGGCTGx-M1,-0.1191699,-0.111448914,-0.14282915,-0.04944846,-0.16666806,-0.24206202,-0.096281834,-0.017831307,-0.16392344,-0.20687549,-0.16194928,-0.18089934,0.08714817,-0.3364334,-0.09551377,0.017475385,-0.018097304,-0.087278016,-0.17469281,-0.035377882,-0.04474413,-0.006683759,0.21585746,-0.0008256335,-0.14559922,-0.10482802,-0.057989728,-0.020520283,0.32340288,-0.06859585,-0.1902424,0.064475745,-0.07401838,-0.03784262,-0.04552417,-0.15035379,-0.0050302814,-0.012036715,-0.08369185,-0.119841054,0.1192587,-0.009503327,-0.03609616,-0.14289372,-0.06368954,-0.22636878,-0.03640534,-0.06634436,0.0793863,0.12993501,-0.27565405,-0.11968417,-0.09755693,0.012259493,-0.24601248,-0.045158904,-0.00922807,-0.24714011,-0.13323215,-0.040857542,-0.073477924,-0.20346424,-0.2128228,-0.30233625,-0.3655921,-0.083719976,-0.09245163,-0.10493826,-0.24861178,-0.10385027,0.060533494,-0.1671303,-0.08246828,-0.086896434,0.057535164,0.063988455,-0.20715547,-0.25115332,-0.10976463,-0.16304325,-0.11248541,-0.27791345,-0.09593433,-0.051825866,0.04600275,-0.106222786,-0.06812871,-0.06484192,-0.35088867,-0.025879206,-0.08121952,-0.21216643,-0.0813504,-0.11993479
gex_possorted_bam_SJSO3:AAACGCGCACCTGCTCx-M1,-0.100590974,-0.028756777,-0.09167168,-0.068165995,-0.1303246,-0.23054357,-0.060295835,-0.007887667,-0.039827224,-0.091728,-0.088463254,-0.13339314,0.17918438,-0.22256066,-0.08145363,0.034010585,0.03943822,-0.007139141,-0.17205842,-0.032318357,-0.008248153,0.023629133,0.34217367,0.08881934,-0.11512803,-0.103261225,0.024302995,-0.029666645,0.4127236,-0.054271467,-0.17109813,0.0915666,-0.08623892,0.045959402,-0.026495693,-0.13115548,-0.031892523,0.028616799,0.032556873,-0.016715243,0.3164997,-0.03407142,0.016280584,-0.094621204,-0.072091244,-0.103342004,0.044802096,-0.027432067,0.088007264,0.224806,-0.15663356,-0.1112525,-0.07323391,0.079856806,-0.12347807,-0.011077395,0.015017273,-0.1675188,-0.06752329,-0.0009756701,-0.062712565,-0.13201967,-0.19444881,-0.2546074,-0.2675618,-0.0224988,-0.051313978,-0.09290614,-0.1508316,-0.029811006,0.10530408,-0.11847652,-0.05799382,-0.05418736,0.06591827,0.117907666,-0.16348729,-0.18319024,-0.12261304,-0.12554581,-0.12881333,-0.13101906,-0.059205987,-0.008984452,0.28417695,-0.06521015,-0.06330791,-0.026370231,-0.17148288,0.016197916,-0.03660962,-0.10326716,0.038238607,-0.043608787
gex_possorted_bam_SJSO3:AAACGTACATTGTCAGx-M1,-0.05925894,-0.14900951,-0.12048146,-0.01441573,-0.15983565,-0.21328604,-0.0722442,-0.01892565,-0.20027131,-0.0572565,-0.14182708,-0.18045066,0.11079795,-0.30085528,-0.085192844,-0.03876013,-0.038331117,-0.14880173,-0.18089281,-0.0137230605,-0.06624867,-0.0060844417,0.20574178,-0.005748177,-0.13665642,-0.12338866,-0.08163726,-0.059949774,0.14333159,-0.043426678,-0.1584372,0.0606887,-0.06295328,-0.06526888,0.0029496215,-0.14338969,-0.007836857,-0.07280752,-0.02753864,-0.14138682,0.22038266,-0.025606364,-0.07332164,-0.09937485,-0.04136979,-0.25726804,-0.05387096,-0.1269251,0.005635848,0.12747312,-0.32149252,-0.078365676,-0.08301469,-0.002176632,-0.11659202,-0.0026638599,-0.06909155,-0.25223035,-0.10910139,-0.0076143784,0.0066836234,-0.271518,-0.2232853,-0.30209574,-0.51737595,-0.041889053,-0.09005086,-0.067867726,-0.25320452,-0.053008705,0.016827941,-0.19393961,-0.062991306,-0.059711974,0.03765573,0.056761093,-0.14019394,-0.17919642,-0.123256035,-0.16652368,-0.14611821,-0.08511885,-0.07538847,-0.08637251,-0.04032629,-0.08423415,-0.09664343,-0.12794828,-0.4867041,-0.01598755,-0.08169436,-0.16043435,-0.1403915,-0.16269448
gex_possorted_bam_SJSO3:AAACCGGCAGATTCATx-M1,-0.10601666,-0.10932831,-0.12682214,-0.04368138,-0.15592489,-0.21441978,-0.08041674,-0.012192318,-0.17269175,-0.14393507,-0.16915192,-0.19322756,0.055983096,-0.34334958,-0.08762857,-0.014366458,-0.022161493,-0.117063485,-0.1806537,-0.038308833,-0.041487716,-0.04184904,0.2423599,-0.004353287,-0.13530706,-0.1027408,-0.06691339,-0.011910776,0.26157638,-0.07209297,-0.18420567,0.07335272,-0.07912127,-0.033662975,-0.041939795,-0.15180531,-0.0016422512,-0.007293657,-0.06957715,-0.1360623,0.10638529,-0.020847173,-0.03396117,-0.12671836,-0.062870406,-0.23737755,-0.044784192,-0.08809311,0.06554603,0.077461034,-0.30094612,-0.11018861,-0.0968458,0.002921571,-0.19234756,-0.034220446,-0.015056927,-0.25279295,-0.13288872,-0.037825853,-0.057050735,-0.22354946,-0.19118911,-0.28361264,-0.42607868,-0.06624776,-0.08644568,-0.10381312,-0.26885742,-0.079975076,0.045515306,-0.17075749,-0.06158706,-0.083589815,0.051071048,0.061716642,-0.19551006,-0.234293,-0.11646067,-0.15852833,-0.113962024,-0.24222334,-0.1043207,-0.05543491,-0.013636557,-0.100362696,-0.06400074,-0.07842154,-0.42418677,-0.011524603,-0.07457237,-0.23175244,-0.09158834,-0.13416682600000002
gex_possorted_bam_SJSO3:AAACGCGCATTCAGCAx-M1,-0.10275901,-0.14962159,-0.15443926,-0.022882659,-0.16911578,-0.23765782,-0.102726884,-0.025485987,-0.22854435,-0.22307616,-0.18436931,-0.19213302,0.025336482,-0.38345107,-0.08530197,-0.008883719,-0.065981366,-0.13563938,-0.17601863,-0.02287485,-0.055539228,-0.0092614675,0.10302734,-0.06277003,-0.14590093,-0.10623033,-0.10903274,-0.02199439,0.18742968,-0.06305526,-0.1891263,0.046168063,-0.07079381,-0.0883405,-0.049585506,-0.15441471,0.014735859,-0.042284533,-0.13041726,-0.17032622,0.013752385,0.0074132895,-0.06859648,-0.1603103,-0.048219103,-0.29098654,-0.069545984,-0.09589649,0.053766757,0.06698847,-0.32604814,-0.113077946,-0.1008593,-0.05389409,-0.25044578,-0.057444032,-0.027373256,-0.2621497,-0.16766086,-0.048213057,-0.058839016,-0.2312802,-0.21191594,-0.29233116,-0.41147378,-0.107264824,-0.09735891,-0.11487267,-0.29317316,-0.12915057,0.008606588,-0.17430966,-0.08461714,-0.11440257,0.042951025,0.020288842,-0.19421841,-0.26930514,-0.0942927,-0.1610378,-0.09255873,-0.28675547,-0.115806386,-0.08103414,-0.110138796,-0.1188601,-0.07334428,-0.10694454,-0.4571385,-0.05819576,-0.10360206,-0.22909366,-0.15708241,-0.150413092
gex_possorted_bam_SJSO3:AAAGCGGGTTAACACGx-M1,0.24211396,-0.15234531,0.07674712,0.18382809,0.04461401,0.10870919,0.07926675,-0.0085689025,-0.37194198,0.03684675,0.08047052,-0.0643318,-0.06983342,-0.23242755,-0.064343005,-0.01193173,-0.041447263,-0.2598689,0.05915137,0.044594463,0.07805542,0.14971071,-0.11237264,-0.13934837,-0.041890267,-0.065945126,-0.13916685,-0.064004704,-0.4648441,0.12916456,0.044054754,0.024443261,-0.005145541,-0.10538538,0.07014348,0.14207193,0.040796407,0.010010821,0.090646364,-0.15029788,0.11591307,-0.010253126,-0.15216117,0.19136961,0.004189601,-0.21562783,-0.22206831,-0.10356157,-0.15111397,0.1353327,-0.3415649,0.09062886,0.05926653,-0.13288759,-0.29843858,0.0911623,-0.0871892,-0.2546651,-0.030689068,-0.041304123,0.16294995,-0.26697242,0.03328884,0.30280036,-0.38384822,0.04299869,-0.064219154,0.005092658,-0.3026821,-0.07295134,-0.098371476,-0.284831,0.09272688,0.018356407,-0.01885301,-0.021521887,-0.019506633,0.040635124,-0.0029312419,-0.1325023,0.17275006,-0.23108865,0.10919802,-0.156997,-0.258131,-0.0041160174,0.01526878,-0.14980409,-0.68906426,0.014990395,-0.05984638,-0.058889717,-0.37517306,-0.244520365
gex_possorted_bam_SJSO3:AAAGCAAGTGTCCAGGx-M1,0.44001454,-0.04353638,0.2379839,0.2419573,0.2771922,0.29125738,0.2224544,-0.0016780959,-0.2935959,0.24463001,0.27348548,0.06877707,0.0032289175,-0.13506791,-0.03352859,-0.019459706,-0.012812225,-0.2965346,0.2296243,0.07284276,0.2161271,0.3724656,-0.26049614,-0.15446275,0.081085294,0.010016701,-0.10325323,-0.042256415,-0.76707834,0.27146548,0.3035778,-0.0039563784,0.071637474,-0.085251056,0.13780813,0.30103886,0.037564736,0.115068525,0.30701256,-0.14577338,0.3706211,-0.006003386,-0.12175349,0.39260417,0.047930088,-0.034249768,-0.25193018,-0.03103505,-0.22403179,0.26974383,-0.25400066,0.24022865,0.11915557,-0.14550129,-0.26988134,0.12602453,-0.037438657,-0.15569504,0.053952135,-0.06123246,0.2321595,-0.17745773,0.26588786,0.8162183,-0.1863243,0.09180638,0.021735936,0.07691929,-0.2311178,-0.046691358,-0.1397257,-0.2540639,0.24583566,0.115065366,-0.06094783,-0.07469653,0.14547543,0.20652233,0.09257529,-0.08693736,0.3931414,-0.20195955,0.22905095,-0.1438315,-0.09320737,0.104690604,0.104513876,-0.10963246,-0.70741606,0.054699358,0.018323645,0.20870513,-0.43238175,-0.214693955
gex_possorted_bam_SJSO3:AAAGGACGTGCATTAGx-M1,0.34991708,-0.10149726,0.14141041,0.20885868,0.15146603,0.1486236,0.10163747,-0.015909474,-0.34114182,0.123601,0.22551362,-0.012148764,-0.03327123,-0.2078024,-0.04792409,-0.02022232,-0.025049355,-0.29263735,0.09619348,0.035969406,0.16953799,0.2435089,-0.19254814,-0.13220355,0.011272689,-0.030775601,-0.12497162,-0.050369535,-0.5993031,0.22106385,0.1423961,0.017223189,0.022710258,-0.10528192,0.10426445,0.20321691,0.03717058,0.069552556,0.2502415,-0.16236746,0.23613942,-0.00183774,-0.13184425,0.30931413,-0.0019016789,-0.13718484,-0.24459852,-0.0593353,-0.1908329,0.20489898,-0.30579966,0.17040916,0.049962386,-0.12363872,-0.30880603,0.09739089,-0.076708995,-0.21530415,-0.0009668237,-0.05700908,0.19850242,-0.23893045,0.16247545,0.5542609,-0.2971205,0.06377558,-0.03910738,0.022202315,-0.27135804,-0.061800223,-0.11437136,-0.27239078,0.17282994,0.06847366,-0.043804705,-0.05080552,0.02218008,0.10006321,0.020335242,-0.11970885,0.27926794,-0.23934469,0.15314399,-0.16888294,-0.196873,0.026388252,0.059218336,-0.14010637,-0.6937667,0.03849151,-0.024197804,0.06453345,-0.40167686,-0.241764485
gex_possorted_bam_SJSO3:AAAGCCCGTCACGAACx-M1,0.36118078,-0.08991017,0.15276776,0.21360382,0.16259056,0.17165136,0.15161508,-0.014015256,-0.3266239,0.15515186,0.19107,0.012092585,-0.06521514,-0.19848487,-0.046385378,-0.035890542,-0.033961523,-0.2985295,0.11437968,0.051928427,0.16971152,0.24666402,-0.1967835,-0.14788452,0.027818473,-0.02698225,-0.1265879,-0.0565504,-0.6575791,0.21278337,0.16898738,0.00997753,0.01767999,-0.10344742,0.109820604,0.20913644,0.038090214,0.05936023,0.21777539,-0.17475343,0.2145798,0.031777307,-0.135239,0.2919417,0.018197639,-0.12943697,-0.25477546,-0.07605935,-0.20317549,0.16002941,-0.30789337,0.17263697,0.048733644,-0.14888708,-0.2781961,0.10036001,-0.06627091,-0.2085856,-0.0051356563,-0.060519382,0.19664225,-0.22257873,0.17661627,0.5917219,-0.31187648,0.061087675,-0.024679821,0.028539365,-0.26620644,-0.05891309,-0.12685888,-0.2722022,0.19766869,0.07237905,-0.05202877,-0.064456195,0.04869434,0.10442356,0.04874912,-0.11113419,0.3143462,-0.21468244,0.15846151,-0.15013519,-0.23253928,0.047413357,0.06028427,-0.12785134,-0.71615,0.03823299,-0.018494543,0.049356654,-0.40793818,-0.238677095
gex_possorted_bam_SJSO3:AAAGGAGCAGGATGGCx-M1,0.23947859,-0.16445267,0.040932346,0.1686416,0.05161611,0.016053101,0.047902793,-0.025297705,-0.37982154,0.010022918,0.07230102,-0.06830764,-0.08542856,-0.28641146,-0.07529836,-0.064030595,-0.084627956,-0.28915027,0.004219752,0.04803787,0.07139599,0.18242405,-0.23037004,-0.18662962,-0.042725287,-0.050641574,-0.17320724,-0.053554624,-0.547778,0.12989165,0.056649666,0.006908846,-0.013591322,-0.16067164,0.06614924,0.085943244,0.03201331,-0.045507744,0.05693367,-0.21842253,0.06794718,0.016426206,-0.15888026,0.13900374,0.0055174315,-0.24422368,-0.2722818,-0.12190983,-0.1655275,0.06594142,-0.37388673,0.09759668,-0.016296094,-0.15703762,-0.26849943,0.042615365,-0.09934125,-0.25431272,-0.10212219,-0.06406501,0.13851215,-0.26505098,0.053699467,0.29190382,-0.44078672,-0.0060253027,-0.07719805,-0.020081477,-0.2901271,-0.08571644,-0.12814331,-0.25968263,0.09864595,0.00012807168,-0.030275928,-0.08405989,-0.032245666,-0.036007177,0.017821535,-0.14626686,0.1985172,-0.21067907,0.06382317,-0.16381854,-0.36834553,-0.04032357,-0.005235641,-0.17068869,-0.7111652,-0.014787624,-0.0572921,-0.061239228,-0.39729792,-0.26866639000000003
gex_possorted_bam_SJSO3:AAACATGCAACTGGCTx-M1,-0.10304655,-0.12538965,-0.1346566,-0.03855718,-0.15574954,-0.2344754,-0.08592402,-0.012560419,-0.19005859,-0.16696928,-0.16197534,-0.17776904,0.09728486,-0.29997274,-0.11040208,-0.02203706,-0.027255611,-0.101476006,-0.18078741,-0.010183976,-0.08542051,0.0065650917,0.24432188,-0.009286195,-0.15578249,-0.1336299,-0.07084261,-0.050248623,0.23077439,-0.058312677,-0.17579834,0.06765601,-0.078976996,-0.053382717,-0.017674884,-0.15173654,-0.00019996216,-0.06777588,-0.07032385,-0.1141477,0.19523212,-0.02255121,-0.055226255,-0.12827455,-0.05101525,-0.25084534,-0.064691655,-0.096085235,0.041117113,0.12853287,-0.3438209,-0.09765901,-0.091514006,0.024788281,-0.21477206,-0.023224516,-0.048112135,-0.26877373,-0.12458827,-0.022980552,-0.034063876,-0.24256563,-0.24678051,-0.3265019,-0.46414134,-0.05464823,-0.09616284,-0.10758048,-0.27183288,-0.07086802,0.0454359,-0.18295814,-0.08516554,-0.08133869,0.043804064,0.06262756,-0.17096424,-0.21702482,-0.11755238,-0.18066809,-0.13691746,-0.14119488,-0.089862384,-0.07708548,0.013895509,-0.093959324,-0.09586056,-0.08138648,-0.46139237,-0.015200783,-0.08324601,-0.20181054,-0.114770085,-0.1536286425
gex_possorted_bam_SJSO3:AAAGGACGTTGAGGTCx-M1,-0.123946734,-0.14429936,-0.1778693,-0.042985197,-0.16674305,-0.24984452,-0.13424869,-0.020164149,-0.20560622,-0.26747486,-0.18223402,-0.18847358,0.12749155,-0.33250758,-0.101773016,0.0059084203,-0.037460096,-0.08943154,-0.19327478,-0.024772637,-0.08480516,0.040525027,0.13741103,-0.04030449,-0.15494224,-0.12654962,-0.07895094,-0.02810826,0.277373,-0.07227059,-0.2021206,0.051656425,-0.060278933,-0.083991475,-0.045264963,-0.15152617,0.004579145,-0.07493387,-0.13723606,-0.14045936,0.14264978,-0.005895116,-0.053535126,-0.15975867,-0.055008326,-0.28730866,-0.06653992,-0.062786825,0.07021259,0.16837747,-0.32999122,-0.10414773,-0.08915326,0.013640973,-0.27227852,-0.049860578,-0.049394883,-0.25529006,-0.1623418,-0.038713455,-0.05738921,-0.23960084,-0.2524886,-0.35764107,-0.38186434,-0.10101164,-0.11584306,-0.11851442,-0.28177464,-0.11934008,0.042291563,-0.15153216,-0.1124736,-0.116129346,0.063914895,0.036920834,-0.18901245,-0.25563934,-0.12070854,-0.17974217,-0.14068246,-0.24239522,-0.11371324,-0.09108106,0.013225486,-0.13119908,-0.08409149,-0.10837887,-0.39461026,-0.04595548,-0.09784381,-0.16626474,-0.117646955,-0.15307038
gex_possorted_bam_SJSO3:AAACCGAAGCGGGCAAx-M1,0.2695256,-0.14993455,0.078570545,0.19235502,0.063575864,0.06696634,0.073614344,-0.023460155,-0.38217473,0.025626924,0.06316587,-0.053926695,-0.06579479,-0.25464055,-0.063201696,-0.053228423,-0.06562272,-0.2925116,0.05463038,0.054711387,0.075767316,0.16648456,-0.19038148,-0.17814918,-0.022208717,-0.037812397,-0.16730809,-0.07845821,-0.5505219,0.12677443,0.044359505,0.0005219215,-0.00064281595,-0.14537022,0.0722069,0.120419025,0.04822556,-0.01178199,0.05598495,-0.19864707,0.08599246,0.020583661,-0.13905036,0.15519735,0.003960588,-0.23065801,-0.2526525,-0.10636987,-0.16315441,0.09403966,-0.37734848,0.102838844,0.040835142,-0.15287377,-0.28195068,0.08062693,-0.098939404,-0.24448383,-0.04750924,-0.05566697,0.17248204,-0.260167,0.04687794,0.30917913,-0.40171245,0.016626377,-0.06801074,-0.011033358,-0.29379264,-0.08621489,-0.12484108,-0.27655143,0.09671332,0.0075286445,-0.041308664,-0.06402368,0.001180672,0.020175219,0.013380031,-0.13761874,0.2075421,-0.22355294,0.078696996,-0.14829808,-0.3313053,0.005789483,0.0021341713,-0.15865819,-0.71295273,-0.0031780936,-0.062382516,-0.048725106,-0.4072619,-0.25640975
gex_possorted_bam_SJSO3:AAACAGCCACCTATAGx-M1,-0.07930896,0.025902905,-0.07928885,-0.06814257,-0.11781309,-0.22426207,-0.065471694,-0.012083896,0.008987637,-0.034003343,-0.049010873,-0.10892797,0.1820251,-0.16549101,-0.06323772,0.049915243,0.05090403,0.012944966,-0.16313238,-0.034470093,0.015377489,0.0534782,0.3354563,0.12034732,-0.10560155,-0.08335287,0.04784437,-0.023208955,0.41650903,-0.04322376,-0.17122579,0.10030264,-0.08244468,0.07417655,-0.024831718,-0.12209933,-0.030489547,0.04977179,0.10402457,0.034997646,0.34887692,-0.033646107,0.01119478,-0.08040806,-0.05514403,-0.029190166,0.083157465,-0.017110826,0.058936015,0.25971568,-0.087674975,-0.118239574,-0.06603967,0.13621405,-0.10457147,0.007946414,0.024789453,-0.1339686,-0.044163696,0.015654076,-0.047185753,-0.12815142,-0.1809264,-0.20301652,-0.16857593,-0.009785922,-0.03601719,-0.074135296,-0.14806186,-0.00029540554,0.09081582,-0.10517914,-0.025260905,-0.019265585,0.0584162,0.1316547,-0.16039461,-0.14045244,-0.128327,-0.09998513,-0.1238179,-0.07557862,-0.0343156,-0.009379408,0.3540697,-0.043045018,-0.051091764,-0.012481172,-0.18987438,0.034585014,-0.041753747,-0.087617554,0.024108583,-0.022496977499999994
gex_possorted_bam_SJSO3:AAACCGGCAATATGGAx-M1,-0.122316465,-0.028995946,-0.11117106,-0.06074166,-0.13802785,-0.228689,-0.0840559,-0.012034346,-0.08703546,-0.14241937,-0.12210735,-0.15201935,0.10218411,-0.27972415,-0.08933383,0.018540096,0.0017015988,-0.053656977,-0.176417,-0.03650755,-0.0033511021,0.00010154663,0.30887038,0.042754665,-0.123349026,-0.09375391,-0.0056956084,-0.028319826,0.36522803,-0.068474375,-0.19198185,0.0925884,-0.08471475,0.0353896,-0.049789354,-0.15178227,-0.028685419,0.049880523,0.0023443021,-0.036368385,0.1923794,-0.021251166,-0.0012043155,-0.120240115,-0.07187579,-0.14502062,0.027609058,-0.04152338,0.08745594,0.14475144,-0.20125678,-0.1281776,-0.088622086,0.042955212,-0.19514619,-0.02748752,0.03615545,-0.21815184,-0.09583971,-0.018316235,-0.08268485,-0.15273286,-0.17664553,-0.24160221,-0.2986599,-0.05534851,-0.05172991,-0.103920504,-0.22583982,-0.054112688,0.07661821,-0.15610383,-0.05626412,-0.0747493,0.06434416,0.092393674,-0.19010909,-0.21852432,-0.112845734,-0.1257,-0.08893992,-0.23221539,-0.07997127,-0.012742644,0.18898694,-0.076180816,-0.045112234,-0.02727,-0.3196866,0.0084453,-0.061302133,-0.20849273,-0.0214091,-0.062561901
gex_possorted_bam_SJSO3:AAAGCCGCACCTGTAAx-M1,-0.12407034,-0.09176689,-0.12677813,-0.069589816,-0.1558368,-0.24518032,-0.0950593,-0.007985515,-0.09020421,-0.16342877,-0.14292124,-0.15867703,0.20481761,-0.28856167,-0.08424539,0.05314029,0.009359664,-0.033833843,-0.18647736,-0.030897487,-0.027295291,0.035386458,0.29485098,0.050941356,-0.13825795,-0.120222144,-0.024397826,-0.02783862,0.45351347,-0.052944437,-0.19167337,0.07951553,-0.08531948,-0.005828516,-0.031415526,-0.13756569,-0.023845244,0.012746887,-0.040313754,-0.09117214,0.29372677,-0.03550276,-0.007555008,-0.112103015,-0.07249127,-0.18013994,0.032005798,-0.050402734,0.10557861,0.25773892,-0.21415381,-0.107686,-0.08111542,0.047478188,-0.18765625,-0.026419688,0.0048310887,-0.20448019,-0.09996134,-0.0072358963,-0.073893726,-0.18461058,-0.22036853,-0.31142223,-0.27770868,-0.053299222,-0.0652806,-0.11889202,-0.20421174,-0.08839852,0.10659371,-0.12369878,-0.08751283,-0.06570261,0.07545301,0.1017689,-0.18595368,-0.2095687,-0.14248133,-0.14221689,-0.15354708,-0.25277856,-0.07696068,-0.033172198,0.24869788,-0.10785463,-0.0713754,-0.053999357,-0.19052653,-0.014321847,-0.060128327,-0.093277425,-0.00016626809,-0.076302391
gex_possorted_bam_SJSO3:AAACGGATCCCTGACTx-M1,-0.09081013,-0.15143268,-0.14623542,-0.021148795,-0.16505337,-0.22439604,-0.08477521,-0.01859008,-0.20946793,-0.16120026,-0.1661005,-0.18543795,0.08931583,-0.31854525,-0.112406224,-0.042255808,-0.049591076,-0.14129536,-0.18796086,-0.01956754,-0.0895623,-0.014710012,0.1736957,-0.05081327,-0.13687678,-0.12671931,-0.0977853,-0.054715153,0.14505933,-0.05714038,-0.16117597,0.05299329,-0.06424306,-0.0764128,-0.018541526,-0.15520236,0.00027723802,-0.088757925,-0.10914912,-0.1474699,0.15013419,-0.007128983,-0.06023893,-0.13716492,-0.046640024,-0.29082558,-0.078573614,-0.104159795,0.025820155,0.0861102,-0.36672854,-0.09058863,-0.0898322,-0.024625367,-0.18155582,-0.034625787,-0.06133058,-0.25611848,-0.14608145,-0.025237689,-0.026561478,-0.24203679,-0.23742847,-0.33312613,-0.5161788,-0.069014885,-0.10447045,-0.08665242,-0.26301906,-0.08410722,0.005412984,-0.1756632,-0.092140995,-0.09468767,0.042539943,0.038709395,-0.15443274,-0.22763443,-0.10104554,-0.17328198,-0.13243845,-0.13700032,-0.0907572,-0.080116756,-0.08935669,-0.09926552,-0.10448755,-0.10930098,-0.46912092,-0.034575958,-0.085278645,-0.19563901,-0.1355685,-0.160305202
gex_possorted_bam_SJSO3:AAACCGGCATTAAACCx-M1,0.12061646,-0.18515986,-0.03696579,0.11401325,-0.011846079,-0.06955749,0.034797378,-0.024028573,-0.33550054,-0.06341232,-0.042442065,-0.11610389,-0.006696904,-0.3296731,-0.071258016,-0.05900085,-0.081262074,-0.25527537,-0.046431094,0.029059313,0.017009955,0.16858464,-0.12560719,-0.16684903,-0.051734038,-0.08448441,-0.15726139,-0.061925437,-0.34860212,0.0663567,-0.0022389865,0.009040208,-0.033115253,-0.15077557,0.01316421,0.0075246063,0.021566425,-0.06962562,-0.049630824,-0.21815328,0.11113561,0.013827851,-0.13428411,0.0065668155,-0.020100256,-0.29215285,-0.21665211,-0.11767181,-0.10697059,0.099367954,-0.38510692,0.042666093,-0.02702593,-0.14817904,-0.26899478,0.0058801323,-0.08616319,-0.25797907,-0.12609546,-0.05957505,0.068673566,-0.25393412,-0.071549416,0.09130165,-0.4821757,-0.04423998,-0.08143105,-0.056699906,-0.28939676,-0.094110124,-0.10269538,-0.246561,0.027642326,-0.04443302,-0.007859117,-0.06886113,-0.061687946,-0.112372905,-0.019819496,-0.12613012,0.12495719,-0.21500859,0.0009272287,-0.13089748,-0.252243,-0.04263911,-0.018817205,-0.15188105,-0.6772667,-0.039354343,-0.079057634,-0.08177383,-0.34560302,-0.235293115
gex_possorted_bam_SJSO3:AAAGCACCATAGACCCx-M1,0.20297444,-0.21877731,0.019120036,0.16471523,0.04918223,0.024740731,0.039683003,-0.021571932,-0.41746733,-0.050594006,0.017419424,-0.07864633,-0.0090768365,-0.29869434,-0.05371803,-0.06554334,-0.08818463,-0.28346798,0.01907255,0.050701797,0.019049501,0.21865998,-0.2691472,-0.20661263,-0.015869824,-0.051688153,-0.18522215,-0.08226143,-0.533,0.09976093,0.038869526,-0.013077454,-0.0045164116,-0.1936774,0.03348976,0.07284693,0.031235142,-0.10394461,-0.037583366,-0.22916159,0.09826947,0.011202852,-0.1565761,0.0803454,-0.012724574,-0.30673158,-0.2662343,-0.1302132,-0.16870259,0.11763817,-0.3901761,0.10894014,0.03173515,-0.16512693,-0.26329765,0.05001943,-0.13580483,-0.2557497,-0.09340419,-0.05866251,0.1478813,-0.27412078,-0.012533107,0.18892881,-0.47221547,-0.008505199,-0.08700667,-0.025510814,-0.29003155,-0.09643623,-0.13944112,-0.2682185,0.046575837,-0.009566726,-0.030107183,-0.0942886,0.016737597,-0.029389473,-0.010002431,-0.14033268,0.17073636,-0.22695582,0.0333672,-0.15672764,-0.33077055,-0.020799922,0.0038551302,-0.19476093,-0.69323087,-0.055626072,-0.088021874,-0.006922279,-0.41505298,-0.27017754
gex_possorted_bam_SJSO3:AAAGCTTGTCCTAAGAx-M1,-0.07228936,-0.12624331,-0.12086786,-0.04649398,-0.16331722,-0.23950942,-0.095913105,-0.01727829,-0.15582511,-0.0048150206,-0.15279633,-0.1846817,0.1698392,-0.26875323,-0.0780003,-0.028592495,-0.023251059,-0.11074862,-0.19455604,-0.021783391,-0.0629863,0.0052738907,0.27136362,0.058418345,-0.13894211,-0.13080266,-0.05229772,-0.07772886,0.25778675,-0.050946,-0.18002415,0.07534319,-0.056342617,-0.03910306,0.011862312,-0.1656691,-0.015772296,-0.05408976,0.02521768,-0.119018875,0.3083903,-0.053196114,-0.07129097,-0.101859316,-0.041727312,-0.22029288,-0.0063347123,-0.12742509,0.0043247184,0.19205466,-0.27016184,-0.09438616,-0.08924732,0.064762294,-0.06546172,0.0062388135,-0.07012052,-0.23291944,-0.09066933,0.009360014,0.017211957,-0.29147413,-0.25397086,-0.35138428,-0.48770407,-0.024023507,-0.08018871,-0.06594338,-0.24827483,-0.02908287,0.03775126,-0.19416033,-0.06601309,-0.027701328,0.041940067,0.09124076,-0.15135077,-0.16665758,-0.16151561,-0.16629748,-0.20003426,-0.009807789,-0.07751835,-0.08506493,0.06922361,-0.08724102,-0.09925347,-0.12169634,-0.47120363,-0.0011643206,-0.08970949,-0.14133513,-0.11356069,-0.14890442115
gex_possorted_bam_SJSO3:AAACGCGCAATTGCGCx-M1,-0.123687446,-0.12878516,-0.14294791,-0.048112303,-0.14637189,-0.2298251,-0.12029023,-0.01810328,-0.18536828,-0.2217085,-0.16111872,-0.18879595,0.100914106,-0.34525222,-0.07622719,0.016544575,-0.0469145,-0.11615953,-0.1911525,-0.041180417,-0.04153896,0.016287602,0.16280478,-0.024936248,-0.12332731,-0.10202448,-0.07397934,0.0063030706,0.2680115,-0.060943317,-0.19692262,0.0546683,-0.07075584,-0.05264309,-0.053744245,-0.15006377,-0.010077197,-0.00094102137,-0.08407122,-0.14182472,0.10920363,-0.015207253,-0.03631841,-0.12145432,-0.07635422,-0.25372285,-0.044836096,-0.072842404,0.082578555,0.138739,-0.26481754,-0.10997184,-0.10537546,-0.013513385,-0.22578013,-0.041599914,-0.018548883,-0.25300458,-0.13981566,-0.04429841,-0.067885816,-0.20874396,-0.18808386,-0.2946377,-0.34907383,-0.08135803,-0.08114471,-0.120357506,-0.26931697,-0.122107916,0.04408953,-0.16268337,-0.072258994,-0.1135886,0.049030595,0.03962171,-0.17626962,-0.2313002,-0.116757646,-0.14965929,-0.11772625,-0.29221937,-0.11062963,-0.052235655,0.043249503,-0.11518022,-0.053355593,-0.08399844,-0.41827413,-0.037040755,-0.08747169,-0.19997394,-0.11092959,-0.126790028
gex_possorted_bam_SJSO3:AAAGCAAGTAATTAGCx-M1,-0.078928694,-0.14136924,-0.14632241,-0.018006483,-0.1599827,-0.2243655,-0.10312073,-0.025898116,-0.20693897,-0.21507005,-0.14361006,-0.17310917,0.058470193,-0.30117086,-0.08829737,-0.0056411703,-0.046506118,-0.11552778,-0.17416903,-0.015332547,-0.058090843,0.0053276992,0.09608228,-0.042294685,-0.14275083,-0.11582638,-0.09098284,-0.03191893,0.17498015,-0.055154264,-0.17516044,0.049904976,-0.06901043,-0.09706324,-0.035830855,-0.12731482,0.004296129,-0.05217977,-0.11411874,-0.14373645,0.057662208,0.009029635,-0.055033725,-0.12008882,-0.04965704,-0.2590074,-0.06102031,-0.07443756,0.06381505,0.08671342,-0.30252004,-0.097065106,-0.082411356,-0.028455058,-0.24345538,-0.037660554,-0.03208829,-0.23139559,-0.14831217,-0.036916886,-0.040788766,-0.23238158,-0.21652731,-0.27472365,-0.37043393,-0.09886431,-0.10717333,-0.08989305,-0.25693902,-0.105279416,0.018172024,-0.15388994,-0.08715103,-0.11258065,0.049258698,0.03728185,-0.19115901,-0.227984,-0.09752952,-0.13871035,-0.096383765,-0.22012335,-0.09896274,-0.08275623,-0.06403925,-0.11013797,-0.06895745,-0.096166596,-0.36980632,-0.04567165,-0.08377815,-0.19668953,-0.110856354,-0.146700945
gex_possorted_bam_SJSO3:AAACCGGCACCCTCACx-M1,-0.123035505,-0.026096432,-0.10245081,-0.069031626,-0.12918833,-0.23316558,-0.08794773,-0.016935991,-0.06066884,-0.16260481,-0.10181117,-0.13948172,0.1100921,-0.26246592,-0.06797423,0.049726374,0.018019306,-0.016757514,-0.16024233,-0.0329634,-0.0048542027,0.023149947,0.26042324,0.05093921,-0.1246206,-0.09973956,-0.0070389374,0.005537754,0.39618105,-0.0662398,-0.18180601,0.08398461,-0.08735733,0.019959962,-0.050347667,-0.13649887,-0.017134964,0.034421753,-0.012662151,-0.031493463,0.17560303,-0.01361909,0.004221063,-0.118341945,-0.066168524,-0.11312176,0.041973848,-0.015492699,0.09563507,0.16460142,-0.16812825,-0.12665336,-0.08054599,0.06167104,-0.19178909,-0.028785324,0.033334173,-0.17494358,-0.101574644,-0.028839098,-0.08488753,-0.12508322,-0.17926058,-0.24080127,-0.21202877,-0.056041017,-0.05949328,-0.11033845,-0.18151367,-0.07259363,0.07999313,-0.12859908,-0.058216114,-0.06845499,0.062103394,0.09708873,-0.18230578,-0.21676666,-0.09836924,-0.119412154,-0.104832806,-0.23193133,-0.07899693,-0.017894749,0.21111529,-0.071860805,-0.039981574,-0.013258824,-0.21649249,-0.010674957,-0.045870837,-0.16708174,-0.011685282,-0.04155468599999999
gex_possorted_bam_SJSO3:AAAGCCCGTCACACCCx-M1,0.35774764,-0.13484178,0.16890323,0.2477871,0.2015321,0.14583382,0.12808858,-0.018945752,-0.34771523,0.06550685,0.12546125,-0.030910097,-0.06783531,-0.22231087,0.005629404,0.0033597515,-0.027560035,-0.27316278,0.117771715,0.064270824,0.116714865,0.17349398,-0.18358038,-0.15357926,0.048238486,-0.0038431482,-0.13610208,-0.06403513,-0.6354252,0.14879738,-0.004348771,0.012995574,0.066129215,-0.115893155,0.08630488,0.19487152,0.0015625982,0.06545658,0.16921553,-0.15913674,0.10362681,0.027827445,-0.11886973,0.24577709,-0.045898356,-0.131413,-0.26223868,-0.05153458,-0.16709425,0.12320315,-0.2894184,0.07845343,0.20421319,-0.1333133,-0.25941873,0.13604109,-0.085356526,-0.23072769,0.039737012,-0.04886994,0.23129538,-0.2028875,0.1380716,0.41499582,-0.31240055,0.07108947,-0.02361723,-0.015995283,-0.32550418,-0.057441134,-0.11466056,-0.2886652,0.17751601,0.041399997,-0.05548797,-0.061910417,0.03346392,0.12903866,-0.002491104,-0.09025985,0.26352525,-0.20188828,0.06775771,-0.14336589,-0.2764093,0.08481523,0.07729303,-0.16453294,-0.6841355,0.030937215,-0.059636615,0.039840873,-0.39657897,-0.23256309
gex_possorted_bam_SJSO3:AAAGGAGCATGAATAGx-M1,0.49551642,-0.28456408,0.21100898,0.436097,0.42567664,-0.119238734,0.10584755,-0.03286996,-0.49031538,-0.18189397,-0.01347263,-0.1307445,-0.051358502,-0.4178293,0.13893722,0.0037596968,-0.03193852,-0.24711962,-0.0033595716,0.19823955,-0.0187993,0.2019264,-0.4371072,-0.21888304,0.18404345,0.12063306,-0.2814331,-0.16732822,-0.9309357,-0.074864976,-0.5391379,-0.039477963,0.14740808,-0.30183375,-0.07426759,0.056266848,-0.07164842,-0.03163846,-0.07463903,-0.18461649,-0.14724824,0.15422136,-0.077366814,0.0071687973,-0.3078057,-0.28430325,-0.28534916,-0.028933112,-0.19394982,0.012052098,-0.27401748,-0.16426416,0.6541705,-0.1658228,-0.22279648,0.27199832,-0.15836889,-0.20121379,0.12166342,0.029392133,0.43592626,-0.08806548,0.01378899,-0.055322826,-0.44737244,0.011275929,0.003804681,-0.35695237,-0.47017416,0.058775738,-0.239065,-0.2870213,0.20817275,-0.15301748,-0.17137821,-0.15413171,0.11748384,0.16764288,-0.15887074,0.047764376,0.35754454,0.020202732,-0.31284642,-0.024938505,-0.4653949,0.19840463,0.14624457,-0.2939471,-0.72878045,0.0067371484,-0.2986616,0.20865111,-0.4879968,-0.18670732
gex_possorted_bam_SJSO3:AAACCGGCAGAGAGCCx-M1,0.32229945,-0.053358354,0.17834975,0.13210113,0.11928478,0.23219946,0.169747,-0.0077771386,-0.22072367,0.45598164,0.14417128,0.037969545,0.1000253,-0.05721185,0.04140456,-0.014783501,-0.008302475,-0.25427398,0.16424963,0.038337946,0.10812831,0.21094629,-0.032980736,-0.0127875935,0.06713741,-0.02510154,-0.09378664,-0.08214155,-0.45393994,0.18508703,0.18831114,0.028605828,0.07478899,-0.04086334,0.15117748,0.18345068,0.047527824,0.035229046,0.3161165,-0.066583626,0.42310888,-0.04717681,-0.13390407,0.24230991,0.10519064,-0.017921805,-0.08419036,-0.13209343,-0.24241383,0.25821257,-0.13595103,0.17288156,0.062473077,-0.006568571,0.050339896,0.14532807,-0.09383733,-0.103758104,0.10004107,-0.008312451,0.24306294,-0.3009787,0.11170699,0.45833337,-0.24885532,0.13807653,0.016736362,0.16601475,-0.18895698,0.036206212,-0.097333394,-0.2577983,0.17459936,0.18907814,-0.051664732,0.019649263,0.12484458,0.24967667,-0.015175613,-0.06860198,0.11365269,0.052631054,0.19344027,-0.123502225,-0.004117484,0.09974714,0.06993833,-0.14988394,-0.7198953,0.058247432,-0.014947345,0.14983022,-0.38406342,-0.19258453
gex_possorted_bam_SJSO3:AAACAGCCATAGACCCx-M1,-0.093761176,-0.026408266,-0.09255739,-0.05326043,-0.120697826,-0.19792001,-0.07101449,-0.020140778,-0.022934502,-0.103547305,-0.09003857,-0.1158764,0.061794076,-0.17284313,-0.06347967,0.02605283,0.015706247,0.010259712,-0.15240386,-0.024800532,-0.011344163,-0.011046231,0.18701556,0.05596709,-0.0991604,-0.058080517,0.017010668,-0.011907204,0.29718173,-0.055877637,-0.1347854,0.053356092,-0.072009936,0.021303266,-0.0286331,-0.13179375,-0.022205366,0.021104336,-0.02166493,-0.020275094,0.09737715,0.0054943915,0.017398208,-0.1002343,-0.061277907,-0.07636947,0.042123012,-0.025517475,0.07959182,0.08865832,-0.084324405,-0.09909447,-0.07722862,0.019392306,-0.089665115,-0.028765447,0.021924527,-0.10307748,-0.06259368,-0.012025171,-0.07161408,-0.060095258,-0.14899419,-0.20092744,-0.16518518,-0.044791933,-0.04707294,-0.08084275,-0.07114404,-0.03583647,0.061248813,-0.07601628,-0.05656406,-0.056681484,0.043904133,0.06602159,-0.1558853,-0.17993468,-0.07622935,-0.056156825,-0.085877314,-0.122720204,-0.061163515,0.00864898,0.1411659,-0.064483635,-0.05046778,-0.0026655807,-0.03576415,-0.019039726,-0.040325504,-0.12166744,0.05076253,-0.008986122999999999
gex_possorted_bam_SJSO3:AAAGGAGCAACCTAATx-M1,-0.10584046,-0.07614249,-0.1259901,-0.04305328,-0.15208505,-0.22977142,-0.0903927,-0.021444198,-0.15196283,-0.17558476,-0.13413766,-0.1688109,0.045851268,-0.3352284,-0.07706616,0.016883321,-0.022228489,-0.08313809,-0.17892553,-0.030481305,-0.015192144,-0.004468672,0.18952413,0.0028206273,-0.1242059,-0.096754886,-0.04748362,-0.012877397,0.26710463,-0.061473437,-0.18535723,0.06910838,-0.08362362,-0.024268197,-0.04955641,-0.14178927,0.0071040723,0.024178434,-0.05202127,-0.10154638,0.06795355,0.0083481325,-0.035024673,-0.12380097,-0.06231641,-0.19264269,-0.02521849,-0.061386127,0.07121719,0.094180845,-0.24109305,-0.12035294,-0.106338225,-0.004256878,-0.22787262,-0.03973756,0.01350327,-0.22819498,-0.12413466,-0.04255546,-0.076434605,-0.17478095,-0.16989057,-0.23921114,-0.3373969,-0.07899777,-0.07916854,-0.119317316,-0.23823301,-0.08854237,0.03775328,-0.17063001,-0.055290706,-0.088493265,0.048674714,0.0691586,-0.20688035,-0.24626325,-0.10052369,-0.12558295,-0.08051675,-0.26753658,-0.09241252,-0.03067134,0.035707083,-0.08627741,-0.041112106,-0.06577085,-0.37910837,-0.02071404,-0.08015953,-0.23683494,-0.098121315,-0.09999972
gex_possorted_bam_SJSO3:AAAGGACGTTGGATATx-M1,-0.10478225,-0.14762864,-0.15647486,-0.021528982,-0.16186856,-0.24513751,-0.10401423,-0.024810292,-0.2238445,-0.22745927,-0.16542637,-0.18019433,0.04843286,-0.3609224,-0.09050966,0.001001157,-0.05447209,-0.12467914,-0.1794979,-0.022734849,-0.053518694,-0.001560725,0.11602584,-0.049458276,-0.13575643,-0.11554875,-0.09168635,-0.02937852,0.20959088,-0.0547265,-0.18195452,0.05084364,-0.06680639,-0.082212865,-0.04521588,-0.14548707,0.010393667,-0.038195387,-0.12073529,-0.16105907,0.04225602,0.0034570522,-0.063260294,-0.1473732,-0.05432996,-0.28244448,-0.07533374,-0.076958366,0.0545088,0.09003937,-0.31419128,-0.10766406,-0.10453397,-0.039237637,-0.256112,-0.054183207,-0.03585394,-0.25885534,-0.16086338,-0.046968352,-0.059746854,-0.22862959,-0.21143298,-0.300925,-0.39376563,-0.10067897,-0.099982254,-0.1047067,-0.28313217,-0.12067775,0.019714851,-0.1754619,-0.08509252,-0.103019066,0.05021103,0.032675825,-0.19537175,-0.2539512,-0.10063153,-0.14883381,-0.10008596,-0.28376406,-0.106732704,-0.08206626,-0.077133775,-0.12225916,-0.06952319,-0.10916146,-0.43321592,-0.050206445,-0.09616578,-0.2163937,-0.14506026,-0.151981665
gex_possorted_bam_SJSO3:AAAGCGGGTCAAGTATx-M1,-0.11306525,-0.110829234,-0.13214758,-0.043029133,-0.14700608,-0.24882753,-0.11910459,-0.01845984,-0.11678193,-0.22358662,-0.13138884,-0.13433619,0.1330047,-0.26106036,-0.07565354,0.051693972,-0.021111146,-0.013411836,-0.16448341,-0.026688782,-0.053555343,0.051597953,0.13522533,0.012913074,-0.1195104,-0.10013016,-0.023324514,0.0012030085,0.3373732,-0.06614748,-0.17429315,0.052940022,-0.068950154,-0.03037215,-0.038219754,-0.14263223,-0.010617187,-0.04424071,-0.0734477,-0.07377214,0.15611182,0.002537951,-0.030166447,-0.12799656,-0.0573127,-0.19465518,0.0020910027,-0.051979657,0.064092286,0.17967825,-0.21311991,-0.112519875,-0.088732675,0.04098216,-0.208209,-0.037681527,-0.02460478,-0.20092373,-0.11903752,-0.020197747,-0.07363714,-0.16269463,-0.22441585,-0.3033265,-0.24179983,-0.06824845,-0.080178626,-0.09606899,-0.1881801,-0.09999433,0.066482835,-0.09399173,-0.08132202,-0.06718613,0.06607601,0.06525337,-0.18459088,-0.21481235,-0.09794613,-0.14339356,-0.122384794,-0.24527754,-0.0945189,-0.056660358,0.12699711,-0.107933596,-0.07076343,-0.064953275,-0.17462939,-0.04471399,-0.06753742,-0.123851314,-0.03739296,-0.08030181365
gex_possorted_bam_SJSO3:AAAGCAAGTATTGCAGx-M1,-0.049095474,-0.13010502,-0.13289645,0.016941601,-0.14082004,-0.21848711,0.026192717,-0.029103396,-0.15552491,-0.09618195,-0.24586672,-0.16260229,-0.046521343,-0.39781386,-0.08858907,-0.055185325,-0.103814006,-0.17395239,-0.13840498,0.0011152761,-0.04547443,0.007067957,0.11527164,-0.107979394,-0.09949753,-0.11701401,-0.12456061,-0.036991376,1.3253143e-05,-0.06737111,-0.09853632,0.039131057,-0.076208755,-0.07926656,-0.033886928,-0.14458016,-0.0023667363,-0.03164248,-0.1518969,-0.19974287,0.011861677,0.02706328,-0.100025475,-0.17515618,-0.010791155,-0.28652167,-0.0963008,-0.10928713,0.020349715,-0.05475232,-0.37665182,-0.11903524,-0.09555764,-0.10780261,-0.21972276,-0.06763578,0.024821665,-0.27175766,-0.16804013,-0.077596836,-0.06665695,-0.18842551,-0.20072533,-0.16423805,-0.49983963,-0.11145631,-0.047587078,-0.11009449,-0.2901229,-0.10967412,-0.021443795,-0.18850428,-0.042203326,-0.10831896,0.019530874,-0.017411716,-0.16893107,-0.2673785,-0.014960529,-0.1163767,0.022647094,-0.18883117,-0.10520977,-0.032054413,-0.1797789,-0.039228857,-0.06936126,-0.04887383,-0.5779151,-0.04693909,-0.09243991,-0.27532172,-0.1899044,-0.142363155
gex_possorted_bam_SJSO3:AAAGGACGTTAAGCCAx-M1,-0.11888511,0.020693894,-0.07847047,-0.06540631,-0.116482295,-0.19364052,-0.08580021,-0.014367048,0.06401958,-0.07299078,-0.05648685,-0.071861215,0.047353208,-0.062850714,-0.026268778,0.046455882,0.027016912,0.11521755,-0.14521466,-0.043283414,0.0008908189,-0.0287726,0.14190166,0.102992736,-0.062788986,-0.019851888,0.063191436,0.028007042,0.3597001,-0.07308575,-0.1260022,0.038213972,-0.06600655,0.053297143,-0.053228505,-0.13617784,-0.028369587,0.027859487,-0.006238886,0.039850745,0.008832186,-0.007932716,0.062913954,-0.09512722,-0.06878058,-0.0010828177,0.12617359,-0.0004962591,0.10642617,0.053483646,0.08100338,-0.12149509,-0.07574003,0.051723856,0.03368364,-0.027141163,0.035699088,-0.004474875,-0.029609032,0.015970474,-0.08883956,0.038272787,-0.13031472,-0.21879192,0.027496934,-0.03891789,-0.029260803,-0.08404769,0.048663903,-0.006021302,0.088208444,0.016060537,-0.060450487,-0.031330068,0.03033934,0.06942339,-0.12992509,-0.13636804,-0.041094057,0.0026963605,-0.11431952,-0.035766773,-0.06800422,0.042480856,0.18363239,-0.067904964,-0.025550002,0.04658741,0.26636305,-0.023052871,-0.009963402,-0.061715115,0.15581554,0.0822231885
gex_possorted_bam_SJSO3:AAACGCGCAAGCTACCx-M1,0.3595164,-0.042168196,0.14758341,0.22335303,0.24838156,0.060034066,0.08573013,-0.03524056,-0.30613992,0.16073638,0.2740433,0.027067536,-0.118120395,-0.17612547,-0.07966325,-0.012198266,-0.050759856,-0.27407187,0.040541817,0.01950697,0.16398713,0.17667975,-0.19406262,-0.12480717,0.05524804,-0.029901525,-0.13284048,0.0036300586,-0.6345949,0.21547115,0.12743363,0.016356844,0.021127885,-0.098570004,0.12084405,0.13439338,0.027666608,0.112230875,0.3376722,-0.19087356,0.11396009,0.02185541,-0.115896,0.38437554,-0.017193485,-0.07979547,-0.2591495,-0.040978994,-0.19083887,0.046391707,-0.291118,0.13216232,-0.053492967,-0.13438673,-0.24950968,0.075090304,-0.08378883,-0.22319998,0.005132249,-0.07497875,0.18175253,-0.19764611,0.33048162,0.5367864,-0.28629392,0.037983302,-0.06427706,-0.02344101,-0.24018385,-0.05371247,-0.111909844,-0.24365966,0.20553824,0.051988192,-0.062336873,-0.03592124,-0.030569134,0.061612163,0.049245443,-0.1113703,0.2568439,-0.18643329,0.11963661,-0.13479961,-0.31249753,0.021414435,0.025279893,-0.11617943,-0.7122695,0.0931411,0.027949031,-0.016394963,-0.37241146,-0.228397805
gex_possorted_bam_SJSO3:AAACCAACAGCTTACAx-M1,-0.09668032,-0.14799246,-0.14673953,-0.02728705,-0.14050274,-0.24062908,-0.115025155,-0.033056363,-0.17828092,-0.23272926,-0.15003288,-0.16057163,0.1168252,-0.3028692,-0.090369366,0.011784561,-0.04679007,-0.08054359,-0.1687854,-0.01645011,-0.054038152,0.050304137,0.09171175,-0.03546061,-0.13443615,-0.09313047,-0.06673403,-0.034783304,0.23972458,-0.04518365,-0.17484759,0.040920213,-0.063314274,-0.07723686,-0.019567229,-0.13862373,-0.002412556,-0.038329683,-0.100823104,-0.16052526,0.12963109,0.011892471,-0.065173514,-0.118915506,-0.050650574,-0.25012,-0.05345784,-0.06836743,0.06711258,0.16962197,-0.25459465,-0.09416518,-0.07844617,-0.020202685,-0.25073707,-0.042137064,-0.030108092,-0.2130452,-0.13613173,-0.034070972,-0.055898145,-0.19744818,-0.21830608,-0.28307226,-0.3088145,-0.09194791,-0.09028686,-0.12161839,-0.23494804,-0.13369574,0.0491046,-0.11840903,-0.08141756,-0.09127605,0.052661777,0.01612058,-0.16643327,-0.22883508,-0.10685961,-0.14681022,-0.09927325,-0.25460166,-0.08343331,-0.072320975,0.046109147,-0.10199798,-0.07734579,-0.08840361,-0.3128987,-0.058090966,-0.075660504,-0.11775916,-0.10176367,-0.12545301
gex_possorted_bam_SJSO3:AAACGGATCAATTGGCx-M1,-0.10933256,-0.092065,-0.15329608,-0.044517238,-0.15905583,-0.23419271,-0.09369018,-0.010212478,-0.18523386,-0.19069314,-0.15217723,-0.1744023,0.07328818,-0.3199416,-0.11268347,-0.019649366,-0.03959602,-0.09486741,-0.17840095,-0.019587804,-0.06940969,-0.02463955,0.24875872,-0.0074941595,-0.15651736,-0.11918518,-0.061447684,-0.040005773,0.25594774,-0.068547115,-0.18936728,0.08172446,-0.074849546,-0.03490533,0.016036911,-0.13774301,-0.0017695851,-0.02784644,-0.07747857,-0.09653599,0.123708874,-0.01583502,-0.02802328,-0.12579301,-0.050995518,-0.25205177,-0.049394883,-0.05194078,0.07118366,0.0848447,-0.3145876,-0.118559495,-0.122104794,-0.0125340335,-0.23116313,-0.02902017,-0.040371303,-0.25643048,-0.11909186,-0.02957597,-0.04318659,-0.21789148,-0.21074879,-0.32219425,-0.41759023,-0.07330801,-0.088338524,-0.10690856,-0.2780717,-0.08413224,0.062673785,-0.15973452,-0.10185031,-0.13739221,0.059632786,0.059730746,-0.2280491,-0.23863597,-0.099019855,-0.16036554,-0.11617356,-0.22617182,-0.1138874,-0.051607434,-0.004558733,-0.1196404,-0.07598775,-0.09219084,-0.41953564,-0.027324477,-0.09262433,-0.23926768,-0.0839642,-0.13364318149999999
gex_possorted_bam_SJSO3:AAACGTACACAATACTx-M1,0.45071,-0.015593973,0.29914942,0.22503221,0.31836954,0.49390003,0.24338207,0.011905846,-0.26971987,0.31984544,0.35160157,0.11816696,-0.010897404,-0.032603186,0.017294532,-0.028251573,0.011624962,-0.30371302,0.33845842,0.060250513,0.22325568,0.25254342,-0.24746028,-0.121074036,0.14596935,0.053370863,-0.07814074,-0.030728612,-0.7479014,0.30381194,0.3813576,0.005116249,0.12120777,-0.043643024,0.15547009,0.38097852,0.05963234,0.15668999,0.3905147,-0.1072292,0.28655773,-0.014893415,-0.105935216,0.4942169,0.05832105,0.049194787,-0.21680912,0.009607949,-0.24017799,0.21861608,-0.17493075,0.32133842,0.19134723,-0.10372055,-0.22359934,0.14697099,-0.04171492,-0.073498994,0.12317501,-0.06657106,0.27680746,-0.15998985,0.3898385,0.9074962,-0.060345337,0.15569489,0.018657021,0.16422737,-0.2147966,-0.011132302,-0.13847773,-0.25325334,0.25375843,0.1775164,-0.064659245,-0.034181252,0.21927987,0.3575564,0.064943574,-0.06399764,0.3580254,-0.23065257,0.2986261,-0.14125864,-0.10681637,0.14750874,0.16890806,-0.09388317,-0.64709777,0.074753806,0.074607484,0.231458,-0.41453207,-0.18839948499999998
gex_possorted_bam_SJSO3:AAACATGCATTAAGTCx-M1,0.15953188,-0.19255307,-0.015885144,0.12617095,-0.010431048,-0.03483132,0.01211959,-0.023375135,-0.3621621,-0.07189969,0.010023279,-0.10378922,0.0034199865,-0.30584562,-0.062124144,-0.0540584,-0.07879436,-0.257965,-0.029825201,0.03195645,0.024832876,0.16487436,-0.16052452,-0.15816075,-0.05861124,-0.07433749,-0.15395607,-0.06918183,-0.37554973,0.08391296,0.0052532414,0.0044838414,-0.01679398,-0.15591708,0.031041373,0.03920629,0.02959767,-0.07458036,-0.016323142,-0.21139154,0.11788998,0.007196271,-0.13915905,0.05169682,-0.019657018,-0.28651378,-0.21806256,-0.111497365,-0.13246742,0.12803255,-0.37540773,0.06699493,-0.0064910166,-0.13450025,-0.28757367,0.02841069,-0.106851175,-0.25995928,-0.1019488,-0.055810187,0.10303513,-0.28225812,-0.051412445,0.12441222,-0.447541,-0.019899096,-0.08603913,-0.031237094,-0.2952879,-0.0959871,-0.102857836,-0.24215111,0.027945291,-0.024719615,-0.011624881,-0.059212938,-0.05157313,-0.076616265,-0.024289567,-0.14913268,0.120987795,-0.24080151,0.017995682,-0.15425059,-0.26364854,-0.04883594,-0.020959413,-0.16754158,-0.6519841,-0.04000403,-0.077555254,-0.055876546,-0.35135925,-0.25016034
gex_possorted_bam_SJSO3:AAAGGTTAGCCTGACAx-M1,-0.082416594,0.004640763,-0.07722092,-0.053209737,-0.13253269,-0.19621874,-0.0222839,-0.010842747,-0.0715665,-0.051365983,-0.10432134,-0.14126508,0.048549853,-0.28952524,-0.079526775,-0.013016824,0.008871849,-0.099214554,-0.1584557,-0.04135581,0.026656497,-0.04815651,0.36169204,0.05566731,-0.10465084,-0.07672057,-0.012188718,-0.017048506,0.30802915,-0.061637446,-0.1670013,0.102524094,-0.08700254,0.0678905,-0.03622491,-0.13536178,-0.015558077,0.10143708,0.06096774,-0.026096918,0.14037873,-0.015727913,-0.0026675304,-0.08917052,-0.056342125,-0.083729275,0.017756741,-0.043225423,0.0872937,0.07367097,-0.19110247,-0.12898444,-0.094643645,0.02020581,-0.17018445,-0.012877366,0.061786376,-0.21537904,-0.064682364,-0.031657763,-0.06985503,-0.12856859,-0.10673243,-0.14932027,-0.3243253,-0.047331933,-0.03634011,-0.09104527,-0.21504533,-0.036856167,0.07905003,-0.17216176,-0.009882476,-0.06179878,0.039774284,0.09323432,-0.19929168,-0.20077513,-0.087205864,-0.118138485,-0.04428497,-0.23256236,-0.07307138,0.011071526,0.15063593,-0.02505979,-0.018701792,-0.0068302276,-0.39279792,0.03375505,-0.039103642,-0.25228298,-0.032761596,-0.05540592450000001
gex_possorted_bam_SJSO3:AACCGGCTCAATGACCx-M1,-0.09995724,-0.11053409,-0.14897338,-0.015470932,-0.15879561,-0.21105865,-0.053916536,-0.018078005,-0.18160994,-0.1561387,-0.20996517,-0.18620592,-0.0023196295,-0.37062773,-0.1036159,-0.03244042,-0.069040075,-0.14124095,-0.16216715,-0.021362802,-0.059863947,-0.039513424,0.17705165,-0.057497494,-0.12548076,-0.11060301,-0.09150522,-0.033199336,0.14960542,-0.077603124,-0.15163088,0.06785526,-0.074378125,-0.05882308,-0.04678762,-0.15235965,-0.0014349762,-0.01692129,-0.11061906,-0.15105481,0.02544689,-0.002490895,-0.07543837,-0.15543066,-0.03749717,-0.2686669,-0.07692404,-0.10204858,0.05088392,-0.00047975962,-0.33673173,-0.1250256,-0.10189922,-0.05646575,-0.21876402,-0.052035853,-0.0034134435,-0.2757386,-0.1525498,-0.05463522,-0.06353491,-0.21079089,-0.1864033,-0.2569743,-0.46982008,-0.09248672,-0.0702383,-0.100503005,-0.30045223,-0.09779388,0.022551782,-0.19449334,-0.06468078,-0.101425834,0.044030204,0.027060226,-0.18835734,-0.25192645,-0.0760919,-0.14015262,-0.06503786,-0.2262234,-0.10224239,-0.043424707,-0.10389449,-0.077813506,-0.06529395,-0.08061184,-0.52674466,-0.029622857,-0.090057224,-0.28040835,-0.14482793,-0.14385746500000002
gex_possorted_bam_SJSO3:AAAGGTTAGTATTGGCx-M1,0.1124719,-0.19892064,-0.04234348,0.11048923,-0.041178122,-0.06685653,-0.00759974,-0.027350163,-0.35601023,-0.10540352,-0.04934877,-0.11401076,-0.0486086,-0.31900436,-0.06801189,-0.057689298,-0.09215471,-0.24405406,-0.052131344,0.030146446,-0.004980257,0.12542295,-0.16137886,-0.17109239,-0.068836756,-0.07339495,-0.15864255,-0.0667789,-0.34904736,0.046927564,-0.020812366,0.004799437,-0.028823607,-0.16580532,0.016526792,-0.006330277,0.024679897,-0.09754219,-0.07359362,-0.2141589,0.027156841,0.015823567,-0.14402771,0.0018164418,-0.015264103,-0.30607823,-0.21929675,-0.13346705,-0.10642053,0.048928596,-0.38054925,0.03835958,-0.0323969,-0.14278403,-0.25879762,0.013518348,-0.10770742,-0.2649677,-0.1272731,-0.05823916,0.07870339,-0.26170266,-0.07382429,0.043365262,-0.47815782,-0.040196043,-0.09052985,-0.046619527,-0.2903743,-0.10302978,-0.10295853,-0.24151342,0.0069091036,-0.04644027,-0.0073880306,-0.06494469,-0.067036465,-0.11201772,-0.015150938,-0.13990451,0.09226818,-0.2128979,-0.0107506765,-0.13946177,-0.33289903,-0.058115534,-0.02958162,-0.16878918,-0.6438529,-0.05122007,-0.09397055,-0.1207705,-0.33931234,-0.240499705
gex_possorted_bam_SJSO3:AAATCCGGTCATTACCx-M1,0.31141055,-0.12578778,0.11893167,0.19663826,0.11883756,0.12886392,0.09967409,-0.014252717,-0.3599441,0.07692577,0.15784055,-0.031274434,-0.031152984,-0.22138281,-0.049360882,-0.028199838,-0.034644745,-0.2844332,0.09137069,0.046576537,0.12573677,0.20871396,-0.17780998,-0.14248535,0.003033042,-0.03512637,-0.13690348,-0.060956754,-0.5586364,0.18188274,0.10217946,0.013996592,0.018193003,-0.11609618,0.0913628,0.17714092,0.03734815,0.03662477,0.17040779,-0.17237823,0.18966398,0.01115917,-0.12941404,0.24267595,0.001258644,-0.1638302,-0.25076672,-0.07537405,-0.17819072,0.17852893,-0.32062694,0.13896585,0.067987345,-0.13117555,-0.28807014,0.09310173,-0.08719935,-0.22769584,-0.012308116,-0.052584663,0.18912576,-0.24775393,0.112339795,0.4413963,-0.33540884,0.054477315,-0.04360944,0.018615466,-0.28427953,-0.06697343,-0.11507512,-0.2790928,0.14307074,0.043527547,-0.03864254,-0.05203539,0.020897962,0.080542564,0.006620305,-0.124434255,0.24228157,-0.23379502,0.12587808,-0.15456858,-0.22615038,0.015735762,0.040377907,-0.14558974,-0.6892799,0.01747934,-0.040872764,0.030484073,-0.39286438,-0.249260325
gex_possorted_bam_SJSO3:AACATAGCATGAAATGx-M1,0.2952402,-0.1422218,0.08282684,0.18540555,0.06860876,0.12314098,0.11215508,-0.017927056,-0.37301135,0.048197526,0.10622586,-0.048392184,-0.040358044,-0.23684938,-0.04250178,-0.03463076,-0.047622968,-0.27863336,0.09211746,0.049389414,0.116952695,0.21686807,-0.183907,-0.1505905,-0.015809262,-0.050328027,-0.1363937,-0.06687184,-0.5602758,0.17037797,0.10712716,0.009580828,0.010358886,-0.12742518,0.09052165,0.18253335,0.04035971,0.015277001,0.10135914,-0.18433511,0.17888536,0.0026913595,-0.1503457,0.18095943,0.015228685,-0.20203842,-0.26403248,-0.08832058,-0.18365556,0.18570173,-0.3295747,0.13138765,0.067772,-0.1432225,-0.32001048,0.08247814,-0.083630644,-0.24159154,-0.040239934,-0.054322027,0.16829637,-0.25730437,0.05574526,0.4157754,-0.35893074,0.045356743,-0.052142266,0.013745763,-0.29470298,-0.07922852,-0.122959256,-0.2784801,0.12034471,0.04335253,-0.03336838,-0.06916813,0.007488034,0.048182413,0.015412838,-0.13194549,0.23799002,-0.23422457,0.13318028,-0.1732507,-0.2347853,0.006555087,0.031981494,-0.14504749,-0.7148376,-0.002008493,-0.059026226,0.018724928,-0.41414446,-0.260668425
gex_possorted_bam_SJSO3:AACAAGCCAGCAAGGCx-M1,-0.12734313,-0.08485339,-0.14395581,-0.04424353,-0.171271,-0.24718435,-0.11353043,-0.021084117,-0.15548274,-0.21657783,-0.15215455,-0.17268124,0.09189262,-0.3035071,-0.110199034,-0.009066147,-0.015141785,-0.069487676,-0.18390332,-0.031076608,-0.05005485,-0.009752174,0.23069058,0.0038199513,-0.14277671,-0.12223114,-0.03566514,-0.042299412,0.32194543,-0.07362231,-0.19277541,0.07009462,-0.078888945,-0.01609464,-0.03849745,-0.15054838,-0.013425142,-0.01802712,-0.06667221,-0.079499945,0.13633671,0.008091161,-0.027961887,-0.13510136,-0.06649396,-0.21504997,-0.05254132,-0.050490066,0.076048486,0.12741284,-0.2739633,-0.111753665,-0.09623733,0.040115234,-0.23907512,-0.037330892,-0.016327562,-0.24665621,-0.1283524,-0.032797776,-0.06438541,-0.19198115,-0.22017016,-0.32117778,-0.37133738,-0.07009871,-0.08703532,-0.10940439,-0.25595406,-0.07685348,0.06542685,-0.16159971,-0.08819912,-0.10009659,0.06487287,0.064652495,-0.1911791,-0.24880598,-0.124300785,-0.16357923,-0.11671475,-0.2279208,-0.09587884,-0.051838744,0.062964685,-0.095694445,-0.07277529,-0.06765634,-0.36142004,-0.019665284,-0.07485691,-0.22441936,-0.063741915,-0.122261235
gex_possorted_bam_SJSO3:AAATGGCCACTAGGTCx-M1,0.14745535,-0.0978771,0.034166362,0.07840512,0.010039124,-0.03872053,0.06385416,-0.017176757,-0.23846698,0.16678517,0.012735689,-0.08124191,0.12909639,-0.23402819,-0.053040314,-0.020697642,-0.01481961,-0.2250253,-0.027910909,0.02113852,0.046946716,0.19153877,0.09542475,-0.0350311,-0.060009975,-0.08803438,-0.09065184,-0.071148336,-0.1774964,0.077161394,0.008852553,0.054641496,-0.015378415,-0.047266513,0.067177996,0.02163486,0.015471395,-0.010500149,0.14405906,-0.10827733,0.39915365,-0.028722104,-0.10104226,0.06999684,0.022009777,-0.15435801,-0.07621331,-0.11911916,-0.11639404,0.25252894,-0.3062199,0.050636593,-0.014394636,-0.01864357,-0.1256207,0.06555636,-0.060598936,-0.21229109,-0.029066956,-0.0081110755,0.11004346,-0.30110633,-0.075242385,0.12830831,-0.42405328,0.037914,-0.037421428,0.013496785,-0.2565183,-0.028278919,-0.05376644,-0.24873169,0.07852459,0.036178343,-0.003097392,0.032175284,-0.03459548,-0.0056941435,-0.062554695,-0.14044721,0.036601357,-0.083726615,0.05887782,-0.1070891,0.029840413,0.011574303,-0.014236716,-0.12815648,-0.66679627,0.040928174,-0.058676932,-8.026375e-05,-0.29644495,-0.18865981999999998
gex_possorted_bam_SJSO3:AACCGCTCAACCCTAAx-M1,0.23163764,-0.19182816,0.030304907,0.16877586,0.044079926,0.042347126,0.05526032,-0.021004712,-0.39077407,-0.0173312,0.050532714,-0.068253525,-0.040494785,-0.2870172,-0.053060062,-0.05415829,-0.076304995,-0.29107141,0.022886075,0.04427051,0.053767916,0.20159741,-0.23400913,-0.19204591,-0.026447339,-0.054878067,-0.17776996,-0.072538905,-0.5344871,0.13040641,0.0538263,-0.004545537,-0.003925918,-0.16961944,0.058769338,0.10082244,0.030413061,-0.06015626,0.021694364,-0.22709703,0.09996912,0.012284225,-0.15294005,0.1251883,-0.005564202,-0.27208686,-0.26950198,-0.12197098,-0.16578923,0.11758818,-0.37773067,0.10800553,0.017715782,-0.16240779,-0.28282872,0.054908063,-0.11767792,-0.25158533,-0.082520485,-0.05694127,0.14551006,-0.2737641,0.014954135,0.25911188,-0.43716094,-0.0025674473,-0.080873966,-0.016885495,-0.29626727,-0.09506746,-0.13054694,-0.25763088,0.0672633,0.00058574363,-0.029610313,-0.08873299,-0.010931198,-0.01570828,0.0012322563,-0.1314068,0.18229727,-0.22333246,0.05831766,-0.16742039,-0.33491793,-0.02805956,0.0043668454,-0.17592564,-0.7029465,-0.030757835,-0.0760574,-0.024606787,-0.40997744,-0.27163304
gex_possorted_bam_SJSO3:AACAAAGGTTGGTTGAx-M1,0.2891442,-0.15953898,0.08448104,0.18266676,0.107908994,0.10645533,0.08237545,-0.018835245,-0.38471913,0.05730308,0.17698458,-0.05967051,0.014355177,-0.2441837,-0.04863841,-0.045826092,-0.055971585,-0.31024623,0.07474105,0.03321191,0.1191048,0.25190064,-0.22845924,-0.16298477,0.0051731137,-0.041565254,-0.14301723,-0.07655091,-0.5798092,0.20086038,0.11761621,0.002183397,0.0045206374,-0.13934252,0.07424296,0.17360896,0.032790076,0.0060099848,0.15107653,-0.20154002,0.24061151,0.0054350398,-0.14314766,0.23013507,-0.011359353,-0.21215756,-0.25778678,-0.074384734,-0.19740732,0.22245659,-0.3299317,0.15583381,0.050119244,-0.15173267,-0.30996308,0.07620695,-0.108850695,-0.22275603,-0.043594945,-0.056976635,0.1700184,-0.27593812,0.09002748,0.43161723,-0.36873606,0.045136694,-0.061157864,0.012231247,-0.28898516,-0.07856653,-0.13165821,-0.27444386,0.124559596,0.04497356,-0.028365854,-0.06865745,0.01863083,0.057308093,-0.0054519833,-0.11764431,0.24341787,-0.24700627,0.13452698,-0.16227527,-0.20754373,0.008457756,0.036797635,-0.15895964,-0.7100793,-0.0075114314,-0.04900229,0.06623823,-0.4157611,-0.26686245
gex_possorted_bam_SJSO3:AACCGCTCACACTAATx-M1,0.22893272,-0.20767337,0.047287315,0.1709739,0.06272471,0.06172303,0.06101258,-0.018320529,-0.42455333,-0.030493267,0.03688576,-0.062308166,0.011729011,-0.27418336,-0.0534121,-0.059536874,-0.07804138,-0.27924475,0.05444116,0.065120704,0.034198333,0.2335306,-0.25628927,-0.19560353,0.0003345241,-0.03547233,-0.17863648,-0.093363784,-0.5481481,0.109259814,0.05277873,-0.0110706,0.0016258231,-0.17736696,0.050818894,0.102142945,0.034514345,-0.09212469,-0.018540379,-0.20074931,0.1360987,0.0074704927,-0.15031128,0.09163492,-0.0072764456,-0.28019604,-0.26561794,-0.121989325,-0.1816752,0.15267913,-0.372261,0.12301915,0.062617995,-0.15814374,-0.2631034,0.07036241,-0.13032198,-0.2523572,-0.058430336,-0.05737475,0.16673115,-0.27164862,-0.0057075466,0.22852018,-0.4453595,0.012380822,-0.08249515,-0.009242513,-0.2784206,-0.08827096,-0.13080546,-0.2802459,0.056768306,0.0067999964,-0.034345604,-0.09178367,0.042187765,0.015239624,-0.012753096,-0.14732075,0.18745509,-0.24329765,0.05809211,-0.15742062,-0.27963752,0.003847433,0.01460159,-0.19647539,-0.69129276,-0.050322454,-0.08586688,0.023701819,-0.41597572,-0.26863328
gex_possorted_bam_SJSO3:AAATGCCTCCCGTTACx-M1,-0.120158695,-0.09436228,-0.14726341,-0.046821132,-0.15323271,-0.25996083,-0.11357119,-0.02175794,-0.13996984,-0.24553685,-0.13478659,-0.16636986,0.17594846,-0.26692888,-0.09407584,0.034690045,-0.025379525,-0.018940613,-0.1733026,-0.030067965,-0.04809966,0.0554356,0.17633796,0.010879022,-0.14366797,-0.114128344,-0.02776471,-0.024995664,0.3692096,-0.061679948,-0.18772106,0.06248029,-0.06408406,-0.032951463,-0.033020172,-0.13992845,-0.0056772963,-0.013867284,-0.075654306,-0.08018607,0.20197019,0.007160311,-0.02518019,-0.13140045,-0.05736325,-0.19894686,-0.0107253585,-0.036017235,0.095466524,0.22341844,-0.21331914,-0.11443508,-0.09129755,0.038491838,-0.22974092,-0.036206976,-0.020847358,-0.21505664,-0.12508467,-0.014265093,-0.07333858,-0.17366025,-0.23380084,-0.32549536,-0.26483876,-0.07024518,-0.07985127,-0.11587143,-0.20646638,-0.0969763,0.076384105,-0.12095845,-0.10065431,-0.10342888,0.066873826,0.057936113,-0.1748418,-0.23311526,-0.11426496,-0.14886159,-0.122296505,-0.24735963,-0.087200485,-0.051774267,0.16520534,-0.12474085,-0.08232217,-0.053724676,-0.22498873,-0.03202141,-0.07266947,-0.11770794,-0.042773142,-0.09219280425
gex_possorted_bam_SJSO3:AAAGGTTAGCTTTGGGx-M1,-0.1207436,-0.10725669,-0.14635473,-0.040318288,-0.17169069,-0.23359306,-0.09879135,-0.022023149,-0.15140608,-0.20590536,-0.1416889,-0.18625793,0.070672564,-0.30692145,-0.09048541,0.01053558,-0.025228491,-0.073566,-0.17815252,-0.028697945,-0.04957028,0.000529462,0.1451869,-0.014167621,-0.14254723,-0.10666773,-0.055870365,-0.011797662,0.27266082,-0.06419254,-0.17720138,0.051470675,-0.080263205,-0.0559262,-0.045168556,-0.14351979,-0.008298636,-0.031144131,-0.102053344,-0.103934586,0.079991184,-0.007952174,-0.03848567,-0.13156354,-0.06720004,-0.22028236,-0.038668137,-0.061597224,0.06809564,0.11114425,-0.24134146,-0.11754465,-0.09396964,0.012350063,-0.21278836,-0.04453581,-0.022486502,-0.2184041,-0.13478154,-0.036998864,-0.061617732,-0.17372127,-0.20378125,-0.2976149,-0.3173344,-0.07807739,-0.094266735,-0.10633262,-0.20952749,-0.08139617,0.049218528,-0.13863955,-0.08468744,-0.102437474,0.054576844,0.043755863,-0.18698424,-0.23151122,-0.110822015,-0.11977147,-0.10964141,-0.24622068,-0.09184833,-0.049418084,0.023748387,-0.11681083,-0.059477694,-0.06500468,-0.31259823,-0.03970215,-0.08427272,-0.19501495,-0.08011329,-0.1061947035
gex_possorted_bam_SJSO3:AACAAAGGTTCCTGATx-M1,-0.03110886,-0.0543819,-0.08657047,0.007988184,-0.11357843,-0.17063305,0.069448054,-0.03217581,-0.10014407,-0.02384984,-0.22749943,-0.14277042,-0.13909905,-0.3806794,-0.05936131,-0.052862495,-0.07222655,-0.15089098,-0.12332159,0.0020469564,0.0038036143,-0.055350322,0.17485563,-0.08246264,-0.08589155,-0.11537361,-0.07881051,-0.010518397,-0.015748667,-0.0749477,-0.097055145,0.055925936,-0.08701014,-0.023581775,-0.05506065,-0.14177646,-0.005542549,0.029991891,-0.09976609,-0.15494217,-0.09672049,0.028638871,-0.091722816,-0.15743092,-0.0085770795,-0.2015363,-0.074021384,-0.10264072,0.01925443,-0.1522109,-0.30176204,-0.1312066,-0.08635379,-0.100192465,-0.16609262,-0.061038204,0.06179894,-0.25862128,-0.14104839,-0.09226651,-0.07189476,-0.12832054,-0.13648675,-0.078093015,-0.45282662,-0.092371464,-0.021004753,-0.09877688,-0.25701016,-0.08228505,-0.01923884,-0.19659609,0.0028915508,-0.08275841,0.0054677143,0.0059591844,-0.18862745,-0.25766844,0.007631033,-0.077277765,0.0629502,-0.17139423,-0.09850489,0.0034423007,-0.20201996,0.031369895,-0.031246878,-0.022153305,-0.5502946,-0.026999017,-0.07434739,-0.34214604,-0.1654672,-0.101170962
gex_possorted_bam_SJSO3:AACCGGCTCAATCATGx-M1,-0.057919074,-0.13857314,-0.11963821,-0.034436338,-0.16124234,-0.23176433,-0.089590974,-0.018208746,-0.17010553,-0.0023846212,-0.14843738,-0.17654626,0.1443069,-0.27331445,-0.07083713,-0.034777876,-0.028096978,-0.12445201,-0.18814841,-0.016046986,-0.06905114,0.0022040755,0.2375561,0.041837905,-0.14215067,-0.13082786,-0.06465307,-0.078094,0.19955635,-0.045840856,-0.17050667,0.07037384,-0.054170854,-0.05129771,0.026075736,-0.1554381,-0.015375385,-0.06969742,0.019179586,-0.120918505,0.2800851,-0.048233412,-0.079393804,-0.09963808,-0.032180995,-0.2320699,-0.02075623,-0.13469654,-0.0036995194,0.16919775,-0.27748784,-0.08622963,-0.08685758,0.052201405,-0.06777526,0.008022041,-0.07978721,-0.23621391,-0.08994523,0.012146901,0.025444409,-0.29279205,-0.24730429,-0.33502415,-0.50055504,-0.02915007,-0.08306904,-0.06215302,-0.24473692,-0.035608914,0.030178662,-0.20170315,-0.064808,-0.035152532,0.035451233,0.07231886,-0.1407428,-0.16875648,-0.15101007,-0.16552936,-0.18678921,-0.0033035444,-0.07907797,-0.094174154,0.0132482685,-0.092876606,-0.10159629,-0.1283828,-0.48868468,-0.007017718,-0.08953905,-0.14336541,-0.13263851,-0.15677414
gex_possorted_bam_SJSO3:AAAGGTTAGTTGGGCCx-M1,-0.07619996,-0.079102956,-0.10302425,-0.0155300265,-0.08158942,-0.22608,0.050657112,-0.022611119,-0.047274817,-0.046268187,-0.22480454,-0.14678955,0.055791438,-0.37097397,-0.096377365,-0.019692121,-0.07716515,-0.13356121,-0.12099019,0.008997019,-0.031419385,0.11189978,0.15871423,-0.09096641,-0.058870565,-0.11213414,-0.097502045,-0.024767397,0.081568934,-0.081604965,-0.058759294,0.05068976,-0.06571747,-0.033616852,-0.03519588,-0.16330831,-0.020634951,-0.011660052,-0.10487461,-0.13865936,0.18701792,0.020393074,-0.0742196,-0.17063506,-0.02288164,-0.21292797,-0.037247792,-0.08006127,0.047453735,0.046615217,-0.32648605,-0.10768196,-0.09592217,-0.066568784,-0.173419,-0.07311474,0.060560707,-0.18576871,-0.16703218,-0.078427546,-0.08335391,-0.15785602,-0.20784943,-0.12824742,-0.42864105,-0.10454784,-0.037395716,-0.1070889,-0.20710328,-0.09314376,0.010724987,-0.17623562,-0.02535911,-0.12668496,0.025280453,-0.010953409,-0.11787613,-0.25300896,-0.013430634,-0.107616946,0.03209012,-0.17763151,-0.095828995,0.012914131,0.042024903,-0.006437546,-0.03637065,-0.009310222,-0.51076645,-0.033358246,-0.068882205,-0.17732131,-0.12894821,-0.09755190600000001
gex_possorted_bam_SJSO3:AAAGGCTCAAGCCAGAx-M1,0.34787402,-0.07239693,0.17386074,0.18516827,0.16791311,0.24950087,0.17311852,-0.003947729,-0.2865745,0.1756952,0.22078136,0.017810062,-0.004674688,-0.16030648,-0.013791368,-0.015533639,-0.006518019,-0.2775789,0.17135756,0.046468444,0.17422974,0.23313653,-0.14917757,-0.11616809,0.04351772,-0.007735844,-0.09531928,-0.04338054,-0.57571894,0.22110043,0.20171022,0.017551493,0.035960365,-0.0702354,0.10193199,0.2503703,0.03710616,0.09784413,0.25138026,-0.12841585,0.2736113,0.019117998,-0.11423229,0.31415832,0.018792784,-0.07134258,-0.21020523,-0.035687916,-0.17882365,0.22506271,-0.251072,0.18734242,0.11087069,-0.11307035,-0.2591396,0.11151816,-0.04923826,-0.17259403,0.04069956,-0.05128243,0.19134757,-0.19923024,0.183271,0.6161055,-0.22787884,0.08989162,-0.008684587,0.06316812,-0.24546584,-0.045479406,-0.10339894,-0.2567334,0.20529822,0.09185765,-0.04056992,-0.03263019,0.09155702,0.17588581,0.024417406,-0.09460251,0.29644275,-0.22918643,0.19430128,-0.13772129,-0.10382474,0.07513634,0.08820707,-0.11396419,-0.64481443,0.038611174,0.002131323,0.106190756,-0.37988058,-0.204717735
gex_possorted_bam_SJSO3:AAAGGTTAGCACAGGGx-M1,-0.111509725,-0.12053707,-0.15450042,-0.026921919,-0.17648658,-0.24177353,-0.12558825,-0.020557279,-0.20930538,-0.24449295,-0.16173854,-0.1898926,0.05235207,-0.3221231,-0.09155117,0.00083576475,-0.063996166,-0.094593704,-0.17901568,-0.035134114,-0.06549328,-0.014944345,0.12607436,-0.04441364,-0.14755031,-0.12006162,-0.07378496,-0.014511502,0.22496678,-0.06482223,-0.17016526,0.04746396,-0.06667731,-0.069440685,-0.03970487,-0.15648289,0.002049128,-0.052509833,-0.11205965,-0.11099275,0.038013916,0.004314444,-0.04854003,-0.14308032,-0.054002203,-0.25459743,-0.06486313,-0.06250844,0.06565749,0.07430834,-0.28771636,-0.11440485,-0.101595506,-0.015853392,-0.23357186,-0.05319142,-0.03086111,-0.24412166,-0.15727668,-0.053681687,-0.05508556,-0.20652527,-0.22115284,-0.3172609,-0.38963112,-0.09034133,-0.08663925,-0.105090596,-0.25320905,-0.09589434,0.033163723,-0.15610275,-0.10412103,-0.1027847,0.054622278,0.038585275,-0.20171711,-0.25534397,-0.08579932,-0.15634634,-0.11215927,-0.22470713,-0.09794593,-0.07990244,-0.05839082,-0.106287055,-0.08584832,-0.090119965,-0.36405045,-0.05358977,-0.0703009,-0.23209105,-0.104027696,-0.13569420000000001
gex_possorted_bam_SJSO3:AACAGCAAGTCGCTAGx-M1,-0.091865465,-0.13682294,-0.14799358,-0.024942147,-0.15382822,-0.23707601,-0.08653023,-0.027180916,-0.20325951,-0.21777333,-0.15914579,-0.17790969,0.070956364,-0.3577502,-0.082134634,0.012633171,-0.06358467,-0.11516787,-0.17189905,-0.017893711,-0.044576067,0.038982987,0.09743282,-0.056366533,-0.13324934,-0.10464456,-0.09266073,-0.021928838,0.19679141,-0.054179728,-0.16154677,0.038799085,-0.070495546,-0.09005247,-0.048113212,-0.14462028,0.007948803,-0.03469248,-0.11272882,-0.16108437,0.07528476,0.0036299902,-0.06948706,-0.14581658,-0.05686967,-0.25337166,-0.05338074,-0.07567184,0.05683722,0.12019863,-0.28895998,-0.1095008,-0.10471792,-0.052191895,-0.24777286,-0.044134926,-0.020873742,-0.24686599,-0.15125692,-0.043988198,-0.061527945,-0.21228957,-0.2035014,-0.2702057,-0.36595502,-0.09746666,-0.08976375,-0.1115842,-0.25918898,-0.12732092,0.017921997,-0.15640904,-0.07297477,-0.10371253,0.04655073,0.028470092,-0.19116305,-0.2519214,-0.082432255,-0.15069632,-0.083240576,-0.29467896,-0.09935024,-0.067397706,-0.03249068,-0.113005295,-0.06444935,-0.096087724,-0.39971814,-0.057361353,-0.095890746,-0.18491945,-0.15195504,-0.132835155
gex_possorted_bam_SJSO3:AAATGGCCAGGCTAGAx-M1,0.0012246312,0.073041975,0.027830739,0.019069957,-0.10781466,-0.18643813,0.23143199,-0.028928671,0.071387365,0.24847461,-0.08730258,-0.1113025,0.13353607,-0.21725872,0.0037306806,-0.052391313,0.052490253,-0.016986623,-0.16056113,-0.028445289,-0.017384939,-0.059457444,0.4957514,0.06424502,0.021000953,-0.1767216,0.05770054,-0.021604478,0.08664025,-0.05157153,-0.081128396,0.09595678,-0.06729776,0.110210456,-0.09037942,-0.14244537,-0.07762433,-0.045616325,0.06597791,0.036659047,0.41774085,-0.043093827,0.049049806,-0.09097374,-0.03243203,-0.13320333,0.025267063,-0.071731776,-0.00041286022,0.015436606,-0.2199788,-0.10414779,-0.049123608,-0.03380861,0.22702709,0.0038472582,-0.013825408,-0.16136529,-0.05151528,-0.03895014,-0.054254003,-0.024751231,-0.17961319,-0.16512316,-0.5383954,0.053650323,0.014220661,-0.023643557,-0.06168388,0.12940003,0.046453074,-0.06152939,-0.0026108823,-0.016618613,-0.0041115154,0.14014512,0.03407025,-0.1303192,0.02859063,-0.12152697,-0.091903195,0.36524513,-0.04216877,0.13639873,0.10865556,0.14345932,-0.086420655,-0.017311012,-0.3478473,0.073552854,0.05095695,-0.0762011,0.004976939,0.0002579160000000004
gex_possorted_bam_SJSO3:AACCCGCAGAACCTGTx-M1,-0.11521824,-0.06967829,-0.11229662,-0.041523032,-0.1503147,-0.22805084,-0.048103403,-0.01767328,-0.071931265,-0.10996126,-0.16648504,-0.1592234,-0.01618323,-0.34786397,-0.07206911,-0.009581998,-0.033593703,-0.10671598,-0.16534661,-0.040949482,-0.01781866,-0.052706216,0.24278156,0.002246789,-0.12854722,-0.09586047,-0.0591833,-0.008821257,0.23228504,-0.08438254,-0.17060415,0.09739498,-0.06037955,0.0028775265,-0.056119535,-0.15429682,-0.0066144797,0.037354905,-0.04612011,-0.08432435,0.010848289,-0.011141593,-0.049528293,-0.12626578,-0.046765003,-0.20252198,-0.022297071,-0.08222425,0.0533373,6.175881e-05,-0.25857913,-0.13674201,-0.11006933,-0.01575646,-0.20628278,-0.048121106,0.030940032,-0.2366717,-0.13473071,-0.06409404,-0.08695472,-0.16433454,-0.18035471,-0.22053501,-0.3990906,-0.07412123,-0.04810611,-0.105116434,-0.2608211,-0.08776645,0.034206275,-0.19188307,-0.04136349,-0.08091329,0.02525785,0.052735418,-0.2164006,-0.2360203,-0.06715425,-0.14852688,-0.060061563,-0.24042977,-0.07730346,-0.021608613,-0.03294204,-0.04981171,-0.040301926,-0.045621596,-0.437777,0.012804647,-0.07647514,-0.2892614,-0.09712988,-0.0933158055
gex_possorted_bam_SJSO3:AACAGGATCATAATCGx-M1,-0.07899772,-0.10104551,-0.12525794,-0.015746161,-0.1526128,-0.21577549,-0.025383092,-0.020133104,-0.17677145,-0.14376816,-0.18229392,-0.17067403,-0.032438885,-0.36617804,-0.08850278,-0.028223384,-0.05730017,-0.13396746,-0.16052741,-0.012026371,-0.03283194,-0.032359067,0.17187335,-0.054255612,-0.1336775,-0.09945241,-0.09000935,-0.024115257,0.12383399,-0.062426053,-0.1479895,0.052542083,-0.07978328,-0.04456915,-0.040756833,-0.1361437,0.007687339,0.0015477358,-0.10001455,-0.14404444,-0.008665725,0.008608336,-0.06754453,-0.14690481,-0.031981025,-0.23938139,-0.07402678,-0.089907706,0.046289254,-0.0072612073,-0.30877402,-0.121849656,-0.10699659,-0.068842925,-0.21744554,-0.050155077,0.01823779,-0.26928857,-0.14135407,-0.061287366,-0.069681026,-0.18977323,-0.18100885,-0.2102146,-0.43671358,-0.09845232,-0.06385573,-0.10419066,-0.2763626,-0.09058554,0.014474902,-0.18500637,-0.044051558,-0.1069197,0.030936496,0.023315368,-0.19476452,-0.25466996,-0.061336897,-0.13254075,-0.034571122,-0.23334342,-0.097270496,-0.045118317,-0.1128704,-0.06568595,-0.060287304,-0.06528933,-0.50463045,-0.03369866,-0.07876262,-0.28989694,-0.1483394,-0.131900005
gex_possorted_bam_SJSO3:AACAGCAAGCACGATTx-M1,-0.10988742,-0.13891909,-0.1567049,-0.029866107,-0.16669615,-0.23378094,-0.10162004,-0.022818344,-0.22616094,-0.2282766,-0.17383692,-0.18663678,0.023474287,-0.36103824,-0.084310494,-0.0125696175,-0.058758795,-0.1291962,-0.18180513,-0.027246831,-0.059115738,-0.016063085,0.122809514,-0.05206786,-0.13985316,-0.10772876,-0.098292775,-0.021198682,0.19158241,-0.066190325,-0.18759866,0.053373985,-0.07218858,-0.07888837,-0.05351395,-0.15251628,0.016775006,-0.041215993,-0.1233994,-0.15214516,0.013534714,-0.002426606,-0.07322453,-0.15174152,-0.051384907,-0.2849916,-0.07057244,-0.0951772,0.04787261,0.05697643,-0.3179931,-0.10941437,-0.11090071,-0.04309733,-0.25466248,-0.052432142,-0.03270751,-0.2640562,-0.15533333,-0.04556965,-0.059864596,-0.23332337,-0.20022598,-0.29386196,-0.42539206,-0.102937676,-0.10435986,-0.10918892,-0.2894387,-0.11458273,0.010269271,-0.18810938,-0.083951145,-0.112313434,0.038474545,0.032250967,-0.20097129,-0.26183292,-0.09600145,-0.15860422,-0.09615438,-0.26579288,-0.112343326,-0.069641545,-0.101795524,-0.12195166,-0.06361208,-0.1032719,-0.46487314,-0.046868246,-0.09898299,-0.2440564,-0.15267815,-0.151947905
gex_possorted_bam_SJSO3:AACCTAATCCTAACGGx-M1,0.25024733,-0.16187954,0.06333833,0.18277293,0.100482374,0.052701756,0.061891254,-0.026775736,-0.3829067,0.0064246757,0.09030752,-0.03485381,-0.020020874,-0.23368986,-0.076185845,-0.05452662,-0.074062854,-0.27623445,0.058121353,0.056502324,0.050386634,0.23511559,-0.27183408,-0.19153939,0.019943891,-0.03414014,-0.18072504,-0.07747152,-0.5770303,0.12931935,0.07001792,-0.0051864143,0.003094941,-0.15586567,0.06318134,0.10734213,0.033830494,-0.0709824,0.0423364,-0.19187856,0.13065659,0.015697893,-0.14384933,0.15110782,-0.0048205783,-0.24377435,-0.2733084,-0.10944137,-0.19578472,0.122203104,-0.35341394,0.1287122,0.027116166,-0.17133966,-0.24096115,0.07485589,-0.13231716,-0.21962994,-0.047160998,-0.066312455,0.17540652,-0.24962772,0.0646211,0.29594946,-0.390612,0.031808384,-0.07660521,0.008913831,-0.25409663,-0.08153857,-0.12512057,-0.2633889,0.07672893,0.018500794,-0.04054963,-0.08795798,0.040598765,0.03740198,0.016379407,-0.13918471,0.21128586,-0.2342785,0.07823187,-0.14098513,-0.28729615,-0.0008676044,0.008154066,-0.18085547,-0.65723366,-0.030945156,-0.06937466,0.017829057,-0.40795815,-0.26146806
gex_possorted_bam_SJSO3:AACAGATAGCTTCTCAx-M1,0.22164354,-0.17647727,0.03362264,0.15858904,0.030724533,0.029540244,0.053261258,-0.020138856,-0.37366083,0.0051923087,0.05870548,-0.08987655,-0.024848739,-0.27624092,-0.055250634,-0.048588388,-0.06636003,-0.28060263,0.022923492,0.035342045,0.06376515,0.18234517,-0.17799786,-0.15998149,-0.033467025,-0.06063817,-0.15154114,-0.066122875,-0.47056472,0.12468591,0.0505301,0.0057504326,-0.015076009,-0.14773333,0.059215877,0.09289535,0.028668974,-0.03927022,0.04716274,-0.21022445,0.14320439,0.00755944,-0.13667898,0.12033085,-0.00822608,-0.24992889,-0.24070868,-0.1086222,-0.15687862,0.13758725,-0.36008483,0.09979255,0.01849929,-0.13969487,-0.27968323,0.050103113,-0.10113379,-0.25135115,-0.072432525,-0.047631323,0.13499692,-0.2742375,0.003977085,0.24660273,-0.4259689,0.009369252,-0.073761195,-0.0076101176,-0.29110643,-0.08317598,-0.11396916,-0.2578107,0.0727531,0.0033594777,-0.021461982,-0.067372575,-0.024486242,-0.01659345,-0.00838012,-0.13617238,0.16982856,-0.22706117,0.075009815,-0.16399609,-0.28117672,-0.029813625,-0.0043833265,-0.16043763,-0.68068933,-0.019876413,-0.06537515,-0.021799447,-0.38018453,-0.25747309
gex_possorted_bam_SJSO3:AACAGATAGGTCGATTx-M1,0.26289296,-0.15084824,0.06713856,0.1666664,0.10880939,0.028641738,0.087498516,-0.022981608,-0.34757403,0.05360104,0.09448147,-0.045017704,-0.022500016,-0.27861926,-0.069350995,-0.06426734,-0.071169965,-0.300977,0.024740366,0.059952855,0.09123109,0.28657907,-0.26304385,-0.18899286,-0.008938797,-0.05476347,-0.16185853,-0.064234264,-0.6095406,0.15372284,0.11966618,-0.0056058415,-0.00685839,-0.15380177,0.07341896,0.099455416,0.027790282,-0.034571573,0.06867146,-0.22172679,0.1845987,0.009004421,-0.15533048,0.1581535,0.0009962273,-0.23009391,-0.26124725,-0.10052162,-0.18981475,0.14215615,-0.3696281,0.13050143,-0.017101206,-0.17291501,-0.26285425,0.04643086,-0.08410763,-0.22006583,-0.0945401,-0.07790307,0.14103083,-0.24800639,0.06531255,0.38779762,-0.4155827,-0.004898916,-0.05632858,-0.022537554,-0.25056252,-0.08620885,-0.13706656,-0.23741235,0.11033105,-0.0021639995,-0.038550116,-0.10559068,0.007806178,-0.02304306,0.03365648,-0.13623619,0.2448793,-0.18087138,0.08005993,-0.14326112,-0.270555,0.008204043,0.011348569,-0.14667472,-0.7326874,-0.017220415,-0.04792316,0.026207684,-0.40746704,-0.25462682
gex_possorted_bam_SJSO3:AACATAGCAAATTGCTx-M1,-0.10841061,-0.13945593,-0.15949193,-0.029284034,-0.17152862,-0.23962313,-0.11080224,-0.02362568,-0.20994526,-0.23485045,-0.16769232,-0.18150803,0.044576395,-0.34416807,-0.10496337,-0.021391137,-0.051817164,-0.11740358,-0.17981625,-0.022095997,-0.07081016,-0.0066716983,0.13291448,-0.059337955,-0.1429183,-0.12493789,-0.098107375,-0.048260372,0.19503519,-0.061389275,-0.17372292,0.056981213,-0.07171082,-0.07851219,-0.038462114,-0.15177254,0.008304679,-0.06752384,-0.13326454,-0.13488926,0.063358806,-0.0042861565,-0.06580523,-0.15397611,-0.043787733,-0.28131735,-0.08616791,-0.086810194,0.04302376,0.075581595,-0.35297143,-0.10668319,-0.09070548,-0.0242126,-0.24597847,-0.04987487,-0.049862966,-0.26376033,-0.15912102,-0.036080416,-0.047928635,-0.2240238,-0.23944075,-0.3208192,-0.43342128,-0.083897494,-0.10861611,-0.10599113,-0.28073636,-0.10120253,0.012231867,-0.17894761,-0.09132015,-0.104907066,0.048588153,0.03642454,-0.18686564,-0.25690702,-0.103807345,-0.15550229,-0.105176605,-0.22099146,-0.09638515,-0.07548621,-0.0876054,-0.119648494,-0.08441694,-0.10311362,-0.43948567,-0.049786136,-0.096109524,-0.23570201,-0.13371411,-0.155095855
gex_possorted_bam_SJSO3:AACCTAATCACTAGGTx-M1,0.03398174,-0.13636099,-0.06788089,0.046931736,-0.07456332,-0.12716487,-0.024284363,-0.022019682,-0.25291336,-0.10948082,-0.095752046,-0.13916504,0.026370654,-0.31972474,-0.08355242,-0.020746075,-0.056086913,-0.17325124,-0.091972254,0.0066478364,-0.0013426356,0.088148825,0.027336145,-0.09023908,-0.09399577,-0.09529488,-0.11257708,-0.04840003,-0.059008304,0.01443434,-0.073412016,0.03557879,-0.049192976,-0.086313955,-0.0013293249,-0.04831163,0.009845116,-0.024098538,-0.049954567,-0.16792093,0.12518871,-0.0010944882,-0.08984744,-0.041555926,-0.02693785,-0.25681934,-0.12870331,-0.092163414,-0.025499571,0.12199575,-0.34380558,-0.022214016,-0.04691724,-0.07268706,-0.25928557,-0.00432261,-0.04277903,-0.24965882,-0.11533783,-0.044214632,0.01834317,-0.24096537,-0.1300086,-0.05208091,-0.40020105,-0.04390415,-0.074466445,-0.079274505,-0.28146672,-0.10135682,-0.027048003,-0.21147645,-0.014312139,-0.05640665,0.022545338,-0.0032322844,-0.11346824,-0.15743646,-0.05977874,-0.15214625,0.020977817,-0.24133864,-0.022868114,-0.09967808,-0.1124489,-0.07103927,-0.045265533,-0.10370234,-0.54059386,-0.031297617,-0.07699356,-0.13694087,-0.22748664,-0.18483433999999999
gex_possorted_bam_SJSO3:AAATGCCTCCCATAAAx-M1,-0.032048047,0.05612834,-0.02594519,-0.0050656907,-0.071065314,-0.14127907,0.13004756,-0.022887984,0.027413983,0.100832045,-0.1593017,-0.110847905,-0.1464892,-0.29995564,-0.0270219,-0.042592846,-0.030800568,-0.09777021,-0.1109651,-0.02366142,0.061449848,-0.07385139,0.2405243,-0.013971352,-0.036918223,-0.07339195,-0.017559286,0.024400353,0.033415258,-0.07320944,-0.056252822,0.073468134,-0.086724475,0.05651664,-0.06521452,-0.13886704,-0.009421221,0.1132224,-0.00094945275,-0.044308905,-0.08582224,0.021988556,-0.041696582,-0.1323187,-0.016305553,-0.052454025,0.032526802,-0.06554065,0.041044768,-0.18492334,-0.13873844,-0.15992042,-0.08452388,-0.07685842,-0.04301006,-0.05351,0.14034761,-0.16635486,-0.09541311,-0.08650582,-0.10344077,-0.010538688,-0.050259873,0.040273108,-0.30491862,-0.077174775,0.03826354,-0.07536195,-0.14176376,-0.01362575,0.0042611547,-0.13939893,0.06170467,-0.04774733,-0.008099542,0.024329508,-0.16715047,-0.19994383,0.04450919,-0.01476998,0.10069914,-0.11050325,-0.07329693,0.08748242,-0.04940183,0.06965682,0.021648072,0.061131254,-0.40747362,0.015993608,-0.019711731,-0.32090643,-0.07153323,0.010994057000000002
gex_possorted_bam_SJSO3:AACATAGCAGTTTCTCx-M1,-0.11678219,-0.1515454,-0.16280615,-0.042007353,-0.1579519,-0.25346577,-0.1005632,-0.023630284,-0.2051943,-0.24838822,-0.17766932,-0.17379908,0.10871432,-0.3484326,-0.09821277,0.021149706,-0.06074982,-0.09842719,-0.15894708,-0.0152876815,-0.078169234,0.057392523,0.10566428,-0.05240156,-0.13947004,-0.107366934,-0.10026746,-0.022323914,0.24329036,-0.06068134,-0.17205444,0.032617964,-0.08326869,-0.10432874,-0.058832947,-0.14897144,0.012611686,-0.056112252,-0.1415392,-0.15903111,0.11201613,-0.014085642,-0.042796765,-0.17558259,-0.04917736,-0.27820057,-0.05012008,-0.07743724,0.06978131,0.15110204,-0.32634962,-0.106699534,-0.09696126,-0.037314523,-0.25091907,-0.052387986,-0.02938018,-0.25260186,-0.14760895,-0.03192876,-0.07168693,-0.2159108,-0.2350727,-0.32989997,-0.36642465,-0.11284478,-0.10522423,-0.1228729,-0.26466078,-0.13393015,0.025679562,-0.17003746,-0.09906965,-0.12451498,0.0500235,0.03639622,-0.17092755,-0.26401365,-0.10176843,-0.16372512,-0.11750962,-0.27118355,-0.09418422,-0.07131031,-0.002764014,-0.1299728,-0.08140415,-0.1018675,-0.36328664,-0.06768203,-0.0940377,-0.16670081,-0.13350011,-0.13301544
gex_possorted_bam_SJSO3:AACATAGCACTGACTAx-M1,-0.019062381,-0.035176832,-0.063830376,0.0035023873,-0.09936856,-0.15797468,0.044941608,-0.024434244,-0.104680404,-0.0025447274,-0.14534912,-0.13995174,-0.120514974,-0.3290737,-0.05544061,-0.03650071,-0.048176218,-0.13798752,-0.12866199,-0.022772282,0.030475164,-0.060340077,0.1677804,-0.04276936,-0.07707171,-0.06449501,-0.05648237,0.0008015033,0.025358755,-0.055507854,-0.09872214,0.056712866,-0.08517632,-0.01071562,-0.05588353,-0.123171054,0.001755709,0.052104395,-0.026510261,-0.103154644,-0.09026913,0.016538294,-0.056988243,-0.106398575,-0.02798046,-0.14850067,-0.022416007,-0.08616104,0.022231229,-0.12065944,-0.20639284,-0.12431481,-0.09850392,-0.08491403,-0.12740093,-0.046065006,0.055222083,-0.21274504,-0.11379694,-0.06662747,-0.057467848,-0.105740204,-0.069817714,-0.042033512,-0.36671215,-0.07685951,-0.016130334,-0.085642435,-0.21205,-0.052763242,-0.01072157,-0.17218949,0.024817595,-0.06639925,0.0050053094,0.021280298,-0.18085772,-0.20682614,0.0026108471,-0.07809375,0.04446068,-0.1960713,-0.07113094,0.008221293,-0.15034123,-0.0047243824,-0.010306268,-0.012056926,-0.4466061,-0.006310602,-0.059017442,-0.3052429,-0.12716697,-0.06407810550000001
gex_possorted_bam_SJSO3:AACCTAATCAATCATGx-M1,-0.05106667,0.022146553,-0.050322536,-0.015699603,-0.08087007,-0.17776361,0.13253151,-0.017883979,0.00059609814,0.07932128,-0.23074979,-0.12822048,-0.09378586,-0.3812633,-0.08294026,-0.053878702,-0.047500223,-0.14646378,-0.11472473,-0.009157029,0.042667646,-0.03521567,0.31592196,-0.045599125,-0.0546011,-0.106385596,-0.05584096,-0.021314004,0.07275203,-0.08500384,-0.0642102,0.08717578,-0.084386855,0.06028696,-0.061954893,-0.16376412,-0.020905085,0.11281593,-0.024033787,-0.09171832,0.04231786,0.05224397,-0.04892266,-0.15632501,-0.014013607,-0.14042036,-0.0030222144,-0.09009693,0.045331113,-0.1157924,-0.27579126,-0.13577498,-0.10363752,-0.07811437,-0.11823665,-0.058061134,0.13379587,-0.22500911,-0.12865095,-0.093393885,-0.10699811,-0.10069214,-0.113618165,0.0020847863,-0.4472887,-0.08067559,0.033652756,-0.08867361,-0.24932106,-0.052040223,0.008192022,-0.21911778,0.062432624,-0.07107957,-0.00044638125,0.020715714,-0.15765335,-0.24173631,0.016932242,-0.078401245,0.11531553,-0.16514319,-0.081720784,0.06052882,-0.02641895,0.06283655,0.0053033032,0.04196837,-0.594798,0.014114548,-0.04608084,-0.32903245,-0.117771775,-0.0518571772
gex_possorted_bam_SJSO3:AACCTAATCAATTGGCx-M1,-0.09013361,-0.07702915,-0.11486668,-0.025889123,-0.12557143,-0.21235117,-0.021202682,-0.020603158,-0.13585216,-0.10158259,-0.18531035,-0.16881698,0.0011876646,-0.3643665,-0.08924841,-0.025926357,-0.046985902,-0.14219254,-0.1584091,-0.019876104,-0.01703278,-0.009555591,0.21935223,-0.04594775,-0.10907235,-0.10817905,-0.0737928,-0.030836092,0.1465529,-0.06675394,-0.13667063,0.06338737,-0.07591146,-0.017399833,-0.045278814,-0.14998165,-0.008831025,0.014080121,-0.07348645,-0.12494801,0.08581454,5.6466833e-05,-0.04695606,-0.15579896,-0.039775874,-0.22750239,-0.04581227,-0.07534458,0.04988718,0.017927643,-0.3150181,-0.11632505,-0.09753504,-0.05257938,-0.20138262,-0.04797546,0.028410511,-0.2427159,-0.14435829,-0.052150387,-0.08122765,-0.17725872,-0.17393166,-0.18642795,-0.4379297,-0.089919396,-0.05341841,-0.09994006,-0.2640247,-0.08286917,0.009816927,-0.19481711,-0.033916682,-0.099732675,0.039889477,0.023328183,-0.16809903,-0.24378076,-0.05489438,-0.1178205,-0.02915379,-0.22759296,-0.091474004,-0.02050879,-0.040748186,-0.052867766,-0.045613673,-0.041241474,-0.5117637,-0.020873785,-0.06920413,-0.25360876,-0.13084145,-0.11153549500000001
gex_possorted_bam_SJSO3:AAATGCCTCCCTGACTx-M1,-0.09308933,-0.09278249,-0.12685539,-0.02996414,-0.15235366,-0.22996037,-0.08076663,-0.019441476,-0.16013312,-0.19062279,-0.13312025,-0.1694555,0.045049366,-0.30914035,-0.09960411,0.0029652233,-0.026763188,-0.094340995,-0.1658371,-0.02250138,-0.036332447,-0.007132386,0.17528245,-0.019972116,-0.1346577,-0.111816704,-0.06457411,-0.026099132,0.23733059,-0.054585665,-0.17602533,0.058774088,-0.07190144,-0.03687071,-0.030578367,-0.13907519,-0.00495555,-0.02387988,-0.075883284,-0.09624957,0.09745225,0.07961302,-0.040401734,-0.12852766,-0.05574752,-0.21808764,-0.05278294,-0.07406632,0.053335205,0.10198062,-0.2849916,-0.10045941,-0.08402377,0.0100039905,-0.22512732,-0.032048285,-0.021176314,-0.23550887,-0.13031943,-0.028635051,-0.05049204,-0.19502324,-0.19880503,-0.25377926,-0.3587272,-0.060642634,-0.086199455,-0.098859325,-0.24744022,-0.0848317,0.041129567,-0.17657392,-0.02724563,-0.08551885,0.049176235,0.05293354,-0.16444266,-0.22604807,-0.099533066,-0.15075432,-0.06580308,-0.24925125,-0.08731871,-0.06259106,-0.007262698,-0.1018565,-0.06778807,-0.07075029,-0.38553688,-0.0302964,-0.073264465,-0.21780805,-0.099749714,-0.12390309
gex_possorted_bam_1WGCZ:GTCGCAATCGATTTAGx-M2,-0.19944502,0.18938471,-0.053596284,-0.09539854,-0.104262516,-0.19319572,-0.14462636,-0.012026386,0.44572574,-0.06048786,0.05842688,0.06989409,0.0047633825,0.34184062,0.037222955,0.12012224,0.07427968,0.37590367,-0.13759223,-0.044351827,-0.0011144505,-0.087798014,0.11810627,0.16284092,-0.022323292,0.042212125,0.21715403,0.06081912,0.54992825,-0.10024378,-0.13256688,-0.040984556,-0.0560305,0.15730278,-0.06958114,-0.12360243,-0.029735545,0.03646618,-0.00016311194,0.23656668,-0.12997147,-0.0023427925,0.19481222,-0.098007046,-0.06939871,0.29871497,0.31686544,0.14494742,0.18059132,-0.058504917,0.4555818,-0.13813423,-0.05556452,0.16665825,0.2505524,-0.05672124,0.15014142,0.32889774,0.07981791,0.09632307,-0.15047652,0.3464408,-0.09194277,-0.26734987,0.6897972,-0.005565795,0.069603324,-0.036760826,0.35004658,0.13296956,0.12745029,0.3950336,-0.09822066,-0.030813215,0.057472497,0.09072711,-0.1143664,-0.030649435,0.024883833,0.23435052,-0.19967967,0.20626543,-0.03885251,0.15505128,0.37532285,-0.06444389,-0.04049735,0.18126543,1.0468841,0.0034895134,0.083235145,0.060108487,0.49381042,0.33165312
gex_possorted_bam_1WGCZ:GTAGGAGGTCTTGCATx-M2,-0.21401244,0.147334,-0.027781103,-0.09049469,-0.09619876,-0.21339726,-0.13570063,-0.010145631,0.47153974,-0.070181735,0.093165234,0.11235383,-0.15703169,0.49297136,0.034404766,-0.050528098,0.1587206,0.5388525,-0.13397114,-0.027323896,-0.02523903,-0.15721306,0.11525248,0.2051354,-0.03597417,0.07599281,0.20313072,-0.09335598,0.37352327,-0.100670084,-0.13595733,-0.048251104,-0.05130164,0.17693031,0.02811078,-0.13634755,-0.0037707493,-0.021126334,0.0099304505,0.2229722,-0.3061502,0.012687953,0.14500718,-0.08841356,-0.0552067,0.33079827,0.082094245,0.1662919,0.14284575,-0.2123019,0.5641368,-0.13086328,-0.068591766,0.17200436,0.3292335,-0.06455278,0.040958695,0.43874103,0.056319032,0.098719135,-0.123964846,0.4395232,-0.12692563,-0.30240276,0.5354171,0.0065812357,0.032939382,-0.06766644,0.55484396,0.22396412,0.09320212,0.47231102,-0.13208814,-0.050489075,0.02489795,-0.03701993,-0.110043615,-0.1567698,0.038165405,0.20567943,-0.18433757,0.73241735,-0.10846209,0.20542173,0.123511374,-0.06171197,-0.07598961,0.23886427,1.2514808,0.013103888,0.06298128,0.052838996,0.6775229,0.2608087225
gex_possorted_bam_1WGCZ:GTATTGCAGTTGGCCAx-M2,-0.17597991,0.14962435,-0.044818338,-0.09833058,-0.072729036,-0.1656503,-0.11625136,-0.013055499,0.36773488,-0.03969824,0.052304085,0.079637244,0.059128813,0.25369996,0.051503807,0.12595208,0.09466306,0.3408438,-0.0963121,-0.03849237,-0.016959418,-0.020203978,0.08560596,0.13501315,-0.012277824,0.028339969,0.20518026,0.063336514,0.5265557,-0.08586467,-0.10345135,-0.020740664,-0.044522658,0.13890533,-0.056393996,-0.0963651,-0.0052633844,0.025789242,-0.007911097,0.18578608,-0.07164002,0.006938944,0.19409403,-0.081830114,-0.03608982,0.23914789,0.32587114,0.13770552,0.14733754,0.005298149,0.42800218,-0.12004766,-0.045172915,0.15339366,0.22320859,-0.060470186,0.11787281,0.27676377,0.0678025,0.050026737,-0.12741639,0.2960188,-0.070448674,-0.22495246,0.6315989,-0.03813834,0.032948207,-0.03659388,0.31343728,0.07620927,0.13414754,0.31821015,-0.081070624,-0.036152955,0.03217238,0.058021408,-0.080521606,-0.029133428,0.028593063,0.19027129,-0.17533514,0.07217458,-0.034779288,0.1310315,0.38367882,-0.07419507,-0.025151305,0.16474862,0.96931446,-0.033809308,0.06383297,0.11615501,0.40622717,0.31094497
gex_possorted_bam_1WGCZ:GTAGGTGCACGTTACAx-M2,-0.18268009,0.23834758,-0.06751662,-0.08139315,-0.13868792,-0.22638209,-0.19675042,-0.018546626,0.33753857,-0.14383143,0.110966876,0.095874794,-0.2033489,0.53033876,-0.019555882,-0.068784,0.09308203,0.4915422,-0.15546651,-0.034043074,-0.06646603,-0.14370032,0.049974937,0.2003096,-0.06456834,0.026974346,0.22218412,-0.06973155,0.22174309,-0.1280863,-0.15097025,0.0034756951,-0.028067527,0.20143685,-0.032217607,-0.12738895,-0.0274309,-0.079269186,-0.010210648,0.3736197,-0.37296933,0.020129792,0.10863693,-0.16481473,-0.022162506,0.29260114,0.0870143,0.13787779,0.072876506,-0.30438882,0.42771167,-0.15991381,-0.044517864,0.2683296,0.28455785,-0.025717547,-0.020101978,0.32636583,0.037595097,0.13619958,-0.13944797,0.36006778,-0.142187,-0.31637642,0.43040216,0.030794213,0.021876423,-0.02566378,0.40320647,0.28078705,0.021124503,0.33359736,-0.13634394,-0.052765254,0.031194022,-0.010212542,-0.09384362,-0.04590374,0.06257593,0.19556172,-0.16629128,0.8126278,-0.09449829,0.15039046,0.040624164,-0.07768748,-0.0613922,0.23634073,0.9105921,0.043692037,0.026686778,-0.13857204,0.510755,0.22354104
gex_possorted_bam_1WGCZ:GTCATTAAGCCTCTGTx-M2,-0.17119497,0.22501145,0.034087628,-0.09494056,0.061115757,-0.055565473,0.025282571,-0.026061906,0.335561,0.20047826,0.07996049,0.033827256,-0.17141148,0.18130514,0.09029415,0.019280924,-0.00579109,0.10273308,-0.11021195,-0.025756693,0.03313058,-0.21253663,0.03612785,0.07683694,0.042826235,0.11832654,0.15194021,0.13602269,0.12629293,-0.09779561,-0.06905993,-0.01196402,-0.052686505,0.11784824,-0.123279266,-0.11588423,-0.0002888245,0.20337929,0.090257674,0.11302037,-0.44783378,0.029433914,0.12510476,-0.0142690055,-0.045252293,0.30333063,0.37754214,0.035740316,0.11537738,-0.39223057,0.44929886,-0.14130357,-0.100164354,-0.07904751,0.45248297,-0.051102027,0.15189219,0.2048174,0.06777964,0.03705772,-0.17672308,0.3981898,0.317619,-0.055937365,0.4716919,-0.031374935,0.11999386,-0.022834036,0.26435962,0.097063616,0.025791014,0.27549493,0.11750138,-0.029059293,-0.046106864,0.01347881,0.014219639,0.056342367,0.07801266,0.28792956,-0.07754465,-0.03528808,-0.07543223,0.22603978,0.059922162,0.06680495,0.13170336,0.16113272,0.48724568,0.02258853,0.08570594,-0.07785043,0.22195621,0.38786597
gex_possorted_bam_1WGCZ:GTCCAGGGTTAATGCGx-M2,-0.17787765,0.069202825,-0.054316487,-0.09167827,-0.066327676,-0.18684672,-0.068437524,-0.008306448,0.3441737,-0.008691914,-0.0036845126,0.04160411,0.07164909,0.21833438,0.05842726,0.09828097,0.04492361,0.26775026,-0.13527301,-0.026255267,-0.03148047,-0.03914364,0.09276563,0.12058569,-0.022619918,0.044364113,0.15979654,0.10653281,0.43840182,-0.1041338,-0.09143235,-0.042477682,-0.053299367,0.091177285,-0.05998182,-0.10957554,-0.04994928,0.02383212,-0.028203897,0.09990211,-0.10420328,0.0011207223,0.17594431,-0.099789634,-0.08973092,0.19329078,0.29424065,0.11394934,0.25250164,-0.05016823,0.38616744,-0.11219263,-0.073228024,0.057744745,0.29012954,-0.051040616,0.105676405,0.2399192,0.041108824,0.042998694,-0.14784066,0.32127932,-0.0418563,-0.25179273,0.48679578,-0.01928505,0.054498993,-0.05890596,0.3400368,0.067855604,0.13443328,0.31781673,-0.08159261,-0.031390827,0.033284716,0.04058417,-0.06120785,-0.025086869,0.030519467,0.18402748,-0.17953974,0.060370255,-0.053887255,0.13867216,0.32357568,-0.019861596,-0.04006831,0.14017113,0.9741726,-0.040538665,0.05838272,0.12412441,0.4203197,0.307759985
gex_possorted_bam_1WGCZ:GTCATGCCAAGGACCAx-M2,-0.112933025,0.2603877,-0.048456453,-0.11886621,-0.1517024,-0.25712162,-0.112516746,-0.05002487,0.5842932,0.46621132,0.033106863,0.106543936,-0.19689846,0.5577465,0.26012737,-0.05709381,0.0198128,0.37851718,-0.11990095,0.008808563,-0.072738126,-0.18385966,0.059148706,0.29656336,0.028366407,0.02348678,0.10544424,-0.018538097,0.091669336,-0.079248525,-0.1510619,-0.00029048775,-0.0048548784,0.16007641,0.07812936,-0.18985508,-0.05673387,-0.06371352,0.2453574,0.28314298,-0.21823394,-0.044262823,0.0076017976,-0.16930981,0.06478869,0.39564273,0.19290741,-0.029335255,-0.047434833,-0.31338874,0.677702,-0.1874451,-0.14239992,0.2762083,0.7832611,0.00039285063,0.007590433,0.42402706,0.12728353,0.10364531,-0.013671614,0.19463246,-0.16140439,-0.3056231,0.41273847,0.048454877,0.08756162,0.12304426,0.41041002,0.3643643,-0.016270896,0.31260514,-0.061584763,0.055049177,-0.06612564,0.004783584,-0.033023782,0.043166008,-0.038139388,0.3024749,-0.27888933,1.3402383,-0.08882673,0.14635004,0.040619873,0.009148443,-0.09292376,0.09205226,0.49894136,0.03234989,0.002888341,-0.029823728,0.34707156,0.193769935
gex_possorted_bam_1WGCZ:GTAGCGCTCATTGTTCx-M2,-0.20393784,0.10269263,-0.047710195,-0.10077202,-0.100263484,-0.18824165,-0.12976898,0.0060212696,0.440878,-0.09403485,0.06985525,0.055029307,-0.08066089,0.3726054,0.03427479,0.012007203,0.11913342,0.4759999,-0.12836075,-0.054573376,-0.022704251,-0.13544554,0.08478579,0.21190293,-0.051108338,0.11584643,0.1762179,-0.019690024,0.44660982,-0.090241835,-0.13552245,-0.052123755,-0.041451607,0.12929225,0.0039083506,-0.1202189,-0.018319251,0.0054019927,0.03055865,0.15572219,-0.24288256,0.009084596,0.1338944,-0.088807054,-0.066006094,0.29018378,0.13288802,0.15586706,0.18314749,-0.11298566,0.53144276,-0.15729812,-0.07548422,0.14031576,0.28337494,-0.06755122,0.060570948,0.3517448,0.02725286,0.09453792,-0.16963686,0.3865917,-0.13017067,-0.27013767,0.52398854,-0.021154149,0.04483292,-0.058885843,0.47324732,0.1529688,0.13380449,0.44500905,-0.1326544,-0.054204263,0.06546333,-0.0031700835,-0.102995865,-0.15491702,0.029784136,0.15370432,-0.190532,0.5404028,-0.116262026,0.16787711,0.1750798,-0.10125993,-0.06959501,0.21102995,1.2041038,-0.013299856,0.055781752,0.0681938,0.61935973,0.25973986
gex_possorted_bam_1WGCZ:GTCATCACACCTCGCTx-M2,-0.19220835,0.0934772,-0.0578031,-0.09983146,-0.061469536,-0.21007818,-0.13237652,-0.015496586,0.42341587,-0.09273983,0.008913528,0.05034465,0.09551396,0.31292403,0.08438511,0.08919026,0.10825758,0.4133721,-0.12015613,-0.037577786,-0.0096581215,0.011080681,0.07240757,0.19084954,-0.035062376,0.071177125,0.18943724,0.049210865,0.56769645,-0.09110392,-0.11459631,-0.056221083,-0.038229078,0.1082283,-0.033239458,-0.12069918,-0.03249228,0.045434672,0.009339921,0.12675874,-0.020927304,-0.0061914916,0.15096687,-0.08873842,-0.06678525,0.27364266,0.24118806,0.14697121,0.20577614,0.09196654,0.5085657,-0.116393834,-0.05655668,0.11755154,0.20193477,-0.06906452,0.10368315,0.31169647,0.07132855,0.0848442,-0.15484364,0.36618286,-0.1414404,-0.2385993,0.629046,-0.023156421,0.07707416,-0.08804491,0.41375336,0.048879188,0.14318092,0.41623563,-0.12551703,-0.058413494,0.06197587,0.03710193,-0.061796956,-0.16764127,0.026485171,0.16043827,-0.1920808,0.3090268,-0.08968101,0.1818623,0.43942302,-0.07096924,-0.056008168,0.18250555,1.1474113,-0.008177535,0.05581617,0.21346574,0.54824525,0.30368546
gex_possorted_bam_1WGCZ:GTCCATTGTCCTAACTx-M2,-0.18890561,0.078247465,-0.057397135,-0.10434839,-0.12768382,-0.19324994,-0.1140127,-0.015775448,0.28915238,-0.07308267,0.030166721,0.0033459177,-0.038966183,0.21225558,0.01772221,0.045745812,0.061022222,0.31043878,-0.15282547,-0.037537783,-0.015530206,-0.11743647,0.10294808,0.16276655,-0.06706415,0.02417814,0.16211846,0.014890161,0.41592833,-0.10523264,-0.14842384,0.0008463191,-0.046918884,0.096050076,-0.03214674,-0.13024308,-0.04516948,-0.011813173,-0.009834981,0.15124545,-0.20163716,0.007637707,0.12534331,-0.10683658,-0.0745941,0.18304871,0.18772343,0.09214738,0.16326812,-0.1106384,0.36068624,-0.13016231,-0.07710837,0.10832766,0.26436672,-0.03649671,0.04263519,0.2090962,0.023528919,0.050436154,-0.13257968,0.24935618,-0.12170135,-0.30503187,0.3432633,-0.0056500565,0.017736085,-0.03878491,0.31094986,0.07891926,0.13105153,0.25544828,-0.11477688,-0.028901242,0.027858516,0.014464447,-0.1438643,-0.067492045,0.021220189,0.14101951,-0.16159335,0.2093223,-0.09033007,0.11731374,0.16438815,-0.07413845,-0.032935236,0.14072065,0.9424726,-0.018319665,0.0031628278,-0.009251614,0.4336842,0.218539805
gex_possorted_bam_1WGCZ:GTATGTGGTTAAGCGCx-M2,-0.15662295,0.082144625,-0.07982332,-0.08542819,-0.11040563,-0.20164143,-0.10718756,-0.018000413,0.1619122,-0.09509297,-0.0020110488,-0.039104596,0.028907081,0.0756382,-0.009243883,0.056992345,0.053214524,0.17798607,-0.15565768,-0.043711733,-0.027667483,-0.05479238,0.15767802,0.11767964,-0.07996365,-0.0078232335,0.12271751,0.022863254,0.38290423,-0.073027276,-0.1397263,0.034277648,-0.07018191,0.079153776,-0.055770498,-0.13186662,-0.02888342,0.0008457534,0.009268662,0.12395492,-0.020580351,0.0010208414,0.08160395,-0.093512505,-0.07349694,0.08742381,0.16159178,0.053279776,0.12972546,-0.00019070828,0.16626118,-0.12383458,-0.06927552,0.11081049,0.08607975,-0.02516413,0.048683207,0.07195659,0.0004107892,0.02425516,-0.11308606,0.11798643,-0.13386662,-0.23509707,0.13610741,-0.03018458,-0.005707384,-0.06700372,0.115390465,0.052847482,0.08732528,0.09424319,-0.065799996,-0.030397914,0.039751567,0.069395415,-0.12405266,-0.100483336,-0.03863351,0.05225726,-0.13217987,0.10375794,-0.04757871,0.06741343,0.23195307,-0.053390097,-0.033185754,0.07693823,0.44750142,-0.010409631,0.0053447033,-0.06437778,0.24109617,0.139789105
gex_possorted_bam_1WGCZ:GTCATGCCAGGAACTGx-M2,-0.20270148,0.31041238,-0.051616427,-0.10060513,-0.09982057,-0.19883402,-0.2434409,-0.012254938,0.4977153,-0.15462963,0.13641454,0.1756664,-0.24319638,0.6228869,0.026007276,-0.03722994,0.11335974,0.541478,-0.15985444,-0.050330695,-0.06875047,-0.1599339,0.054506883,0.23134676,-0.02623159,0.04994254,0.28185147,-0.038713913,0.2570989,-0.15054859,-0.16763394,0.01048348,0.0043380326,0.27392164,-0.036506694,-0.14107762,-0.028647866,-0.062920496,0.048470754,0.47618803,-0.38431692,0.02067453,0.13883063,-0.14207329,-0.013045002,0.40545398,0.13494338,0.19516128,0.05266967,-0.3419715,0.51829225,-0.16184323,-0.053119868,0.389661,0.26801717,-0.049650304,0.016509214,0.38278073,0.06967584,0.14016491,-0.14186206,0.40219736,-0.11647184,-0.27080092,0.634518,0.04774003,0.037268136,-0.0007670024,0.39188257,0.32158577,-0.009764592,0.39455885,-0.12625785,-0.03126274,0.02754512,0.026442995,-0.08476838,-0.0500602,0.08519216,0.24143128,-0.17609951,0.8871844,-0.087541156,0.17701663,0.09513591,-0.0483056,-0.062274903,0.25632396,0.8571762,0.07272321,0.06748523,-0.18158323,0.5394523,0.26857037
gex_possorted_bam_1WGCZ:GTCCAAGTCCCTGGAAx-M2,-0.16794924,0.09711821,-0.04006639,-0.15112446,-0.057817474,-0.17830722,-0.12769595,-0.045295056,0.3359144,0.010046476,-0.019328224,-0.027471311,0.13920814,0.10702348,0.08725934,0.16425338,0.05548586,0.22618514,-0.10729292,-0.022128511,0.02175689,-0.036264632,0.07125467,0.103097506,-0.046819933,0.058815047,0.17088422,0.12285631,0.55538005,-0.0824507,-0.17170867,-0.017803239,-0.05545112,0.13306972,-0.09802269,-0.13467944,-0.037956305,0.07025988,-0.035046272,0.087553844,-0.042649426,0.035114355,0.20180963,-0.1405972,-0.054318145,0.16116463,0.39638394,0.08934976,0.19849512,0.067191534,0.3792071,-0.11491174,-0.054368913,0.066389196,0.29751414,-0.071890175,0.15354277,0.2955613,0.053656694,0.030476702,-0.13812383,0.23017722,-0.049730115,-0.2162299,0.5353327,-0.041299574,0.04194608,-0.06130334,0.31648064,0.012975503,0.11639853,0.2889143,-0.08200302,-0.069283165,0.057366066,0.033175625,-0.023302466,-0.06736305,-0.0042067072,0.11591306,-0.16721296,-0.079057075,-0.020625805,0.15561876,0.4210637,-0.09923502,-0.04231691,0.106613554,0.95258564,-0.07940389,0.062216215,0.14003757,0.3875604,0.31328058
gex_possorted_bam_1WGCZ:GTATTCAAGCAGGCCTx-M2,0.39517227,0.043622527,0.3988696,0.123974286,0.68233365,0.9786302,0.45448062,0.085787036,-0.09400808,0.42676273,0.2349403,0.35536394,0.4614401,0.399815,0.12018131,0.021129282,0.012815689,-0.21440226,0.74813426,0.111137114,0.07314645,0.6348135,-0.41472813,-0.1181736,0.44790074,0.19161026,-0.030732827,0.08088211,-0.768785,0.29083613,0.78706187,-0.098583154,0.3967682,-0.013710685,0.19452937,0.6053279,0.07589163,0.15415971,0.2115253,-0.018265497,0.7315658,-0.04055309,-0.08457682,0.51614505,0.19065301,0.28157267,-0.19314165,0.13549191,-0.18849425,0.544074,0.06862897,0.5858128,0.39808804,-0.08894292,-0.027245093,0.12926525,-0.019589152,0.19045237,0.321436,-0.05557709,0.2414618,0.046950065,0.69373834,1.1431752,0.40271726,0.2041288,0.1413333,0.33398035,0.033917032,-0.06595698,-0.13200551,-0.081375875,0.25508094,0.27190346,-0.045227602,-0.11360161,0.7635624,0.7167384,0.18500651,0.024145748,0.35884097,-0.13758035,0.4269016,-0.045007344,0.5314416,0.3527222,0.37515777,-0.038194094,-0.45728704,0.08056911,0.17381293,0.92239314,-0.35679653,-0.0730957925
gex_possorted_bam_1WGCZ:GTCGCAATCCGTTAAAx-M2,0.3211094,0.09501513,0.44761136,0.13214594,0.403842,1.3496071,0.5138114,0.095222935,-0.13597307,0.5034406,0.11136728,0.4764706,-0.26255748,0.5365459,0.14042883,-0.047163595,0.02922018,-0.18052597,0.98974174,0.14316478,-0.0022058561,-0.16181527,-0.27487007,-0.14607911,0.40478224,0.25942314,-0.043589726,0.061396487,-0.74397415,0.17645016,0.7944054,-0.07249339,0.3601035,0.03918672,0.24977468,0.67222154,0.2292607,0.13751297,0.0140860025,0.0257149,-0.3860349,-0.01838424,-0.07383435,0.49278012,0.395271,0.3006976,-0.20774864,0.01898393,-0.17911835,-0.29047507,0.07142298,0.57293403,0.5114572,-0.0417286,0.1472134,0.18188687,-0.0025665818,0.23313427,0.43377897,-0.021752514,0.33946458,0.14067286,0.7635781,0.9561699,0.4753414,0.2799568,0.08502568,0.5382108,-0.014954009,0.009118618,-0.15474837,-0.16974054,0.23606889,0.34906802,-0.09337683,0.00551139,0.70445156,0.8761731,0.19521567,0.12517215,0.19755797,-0.16607961,0.5070677,-0.059322376,-0.39550945,0.37777925,0.38885412,-0.017982937,-0.3299635,0.064685374,0.21387978,0.32610548,-0.34625643,-0.03353789
gex_possorted_bam_1WGCZ:GTCCAAGTCGAAGTGAx-M2,-0.13485453,-0.016298685,-0.024154814,-0.06450354,-0.085695714,-0.10976715,-0.17284556,-0.0023300988,0.28948164,-0.052997537,0.01288232,-0.02292034,0.05364911,0.07089862,0.11401091,0.12756445,0.06352231,0.19275515,-0.08210257,-0.07407031,-0.042103052,-0.05357993,0.011320626,0.10266383,-0.027850214,0.09383296,0.09678945,0.1390205,0.4460353,-0.07248331,-0.14706057,0.000544746,0.008855582,0.10260802,-0.07702705,-0.10236732,-0.018909626,0.035034724,0.022825832,0.17532752,-0.1614996,-0.041725893,0.15094513,-0.092200376,-0.07689863,0.15572833,0.23042697,0.08316152,0.090153165,-0.064447254,0.27977586,-0.109814815,-0.035791006,0.13832699,0.23282963,-0.070769556,0.0850902,0.1411458,0.055526547,-0.013434169,-0.11057737,0.24562757,-0.0518989,-0.21547034,0.44494867,-0.023866724,0.049917098,0.018460454,0.20715246,0.046651617,0.11543559,0.24172601,-0.061682068,0.02869273,0.044709858,0.0129672345,-0.064231604,-0.05704341,0.0065857046,0.12272743,-0.1731529,0.069632426,-0.07149742,0.09812192,0.24060461,-0.10436786,0.003002735,0.05430636,0.76409346,-0.07190235,0.058430675,0.035961304,0.3084646,0.23802727
gex_possorted_bam_1WGCZ:GTAGGATCAACCCTCCx-M2,-0.17247437,0.09156985,-0.052398197,-0.12066289,-0.086008154,-0.19933851,-0.099425934,-0.014802491,0.4388959,-0.01458881,-0.01440894,0.0801126,0.09592711,0.18312247,0.08321942,0.14833148,0.07901938,0.3507152,-0.100253604,-0.022770498,0.0115489075,-0.035256818,0.076211356,0.15107888,-0.039559398,0.091724195,0.19955817,0.115276895,0.62317175,-0.10768291,-0.12497849,-0.033262573,-0.028114973,0.13544545,-0.048967376,-0.11894186,-0.028700499,0.05473361,-0.019971889,0.12697129,-0.08313921,-0.007075421,0.18246809,-0.11469549,-0.040420078,0.25024948,0.36663106,0.12983952,0.17289871,0.03620409,0.4252084,-0.1422551,-0.046533,0.12757389,0.26493108,-0.073520556,0.13226148,0.33729354,0.039614845,0.05942377,-0.16826712,0.3057615,-0.09984423,-0.24154305,0.6934157,-0.037282668,0.0481423,-0.04815722,0.36614242,0.015934078,0.17243199,0.40076828,-0.106075406,-0.010484535,0.056332428,0.06339836,-0.07915619,-0.06452014,0.038950883,0.17360282,-0.19989192,0.008445392,-0.07504278,0.12890285,0.4082152,-0.09006572,-0.03935416,0.14059034,1.0784706,-0.034410633,0.07395459,0.16909738,0.43590835,0.33619628
gex_possorted_bam_1WGCZ:GTCCAGGGTAAGCTCAx-M2,-0.21693233,0.11383606,-0.05513601,-0.10858073,-0.08493014,-0.18090901,-0.12455024,-0.0057803504,0.41523987,-0.043709267,0.036509372,0.07173286,0.084807925,0.2527634,0.06311351,0.115038276,0.06542654,0.3755363,-0.14184289,-0.037124343,0.008199431,-0.045103915,0.094372444,0.16914377,-0.021138156,0.045568045,0.21017209,0.0683509,0.564593,-0.09187699,-0.12023739,-0.021270243,-0.03294974,0.117349885,-0.06684746,-0.12355263,-0.029639453,0.071312726,0.0026370655,0.13406909,-0.09589108,0.012871298,0.18305492,-0.07641452,-0.06600152,0.26325166,0.32565024,0.15050115,0.18776786,0.008928748,0.47964737,-0.12104512,-0.06807679,0.14287004,0.26603445,-0.06254014,0.11670008,0.3030463,0.018430827,0.05309065,-0.15504019,0.35151982,-0.081644975,-0.27767658,0.6495232,-0.032698043,0.041730862,-0.08228591,0.35950163,0.075150564,0.15396701,0.36926323,-0.081915945,-0.0062744543,0.044355243,0.0523617,-0.093699954,-0.04793577,0.014159648,0.2211408,-0.18028443,0.08647576,-0.069364324,0.11918265,0.40652296,-0.03476978,-0.023232853,0.16075882,1.0906007,-0.031560946,0.08592224,0.14666687,0.46670187,0.33858502999999995
gex_possorted_bam_1WGCZ:GTAGTTTCAGAAATGCx-M2,-0.19368076,0.29137045,-0.056828056,-0.085589394,-0.11923729,-0.22271141,-0.23168503,-0.02159819,0.436046,-0.17115673,0.11715363,0.14733566,-0.24294241,0.63857424,0.0023664637,-0.07921962,0.13307074,0.5586927,-0.15932669,-0.034619533,-0.063123286,-0.13859582,0.044015992,0.24426608,-0.052628465,0.06369407,0.2445534,-0.07045107,0.21140729,-0.12757923,-0.17011675,0.0021197444,-0.015764346,0.2514365,-0.013471411,-0.13528165,-0.020986397,-0.07595715,0.02667168,0.46119192,-0.3775651,0.031324677,0.121225916,-0.1494166,-0.026513254,0.36941066,0.06767555,0.1824083,0.07198379,-0.30753583,0.50162685,-0.15825146,-0.05059263,0.35178173,0.26091132,-0.036540035,-0.0035342278,0.4121677,0.065680526,0.14178678,-0.12388539,0.39568758,-0.1497348,-0.28286475,0.5497824,0.041715126,0.029498314,-0.024858734,0.42931986,0.3181114,-0.0155307,0.39575732,-0.13389362,-0.05265676,0.029387042,-0.0032928789,-0.090108894,-0.0776044,0.06535344,0.2274429,-0.17205536,1.0498586,-0.097582504,0.18708174,0.08026799,-0.054512195,-0.06937575,0.2648734,0.87012786,0.08332545,0.046928123,-0.15295461,0.55284667,0.23168156499999998
gex_possorted_bam_1WGCZ:GTCTAGCCAGCCGCTAx-M2,-0.19048746,0.097888224,-0.06256401,-0.060183007,-0.13334516,-0.19455664,-0.13625462,0.0073031294,0.39624634,-0.08375711,0.036112405,0.037233096,-0.10216822,0.36354935,0.017307846,-0.034313194,0.1218509,0.44131958,-0.13291648,-0.051165823,-0.017361358,-0.12656301,0.05331927,0.20763391,-0.022551987,0.08555798,0.15895322,-0.039100192,0.39548543,-0.08985531,-0.08287899,-0.036746647,-0.03601117,0.11651028,0.002154367,-0.12172371,-0.034626275,0.007820921,0.00013226164,0.14010057,-0.23792742,0.0065858862,0.12208349,-0.0861333,-0.059419174,0.2749828,0.07616666,0.13794391,0.18036604,-0.12228008,0.5068502,-0.13364635,-0.042402316,0.10048381,0.293318,-0.073362716,0.07309543,0.3095939,0.04513317,0.088834144,-0.14353223,0.39232638,-0.1666466,-0.25667557,0.4642035,-0.01275399,0.059183806,-0.056513764,0.45564166,0.15467033,0.11811071,0.3856751,-0.13008398,-0.04081554,0.05704389,-0.017563706,-0.08373671,-0.15916438,0.04028887,0.18664092,-0.17160161,0.5783187,-0.10175435,0.18533789,0.14520821,-0.10332404,-0.07955371,0.19592111,1.1529145,-0.025835656,0.05695546,0.06619014,0.61022973,0.23424651999999999
gex_possorted_bam_1WGCZ:GTAGTTATCGCTCACTx-M2,0.43471116,0.12546484,0.4771448,0.21288867,0.67140436,1.0592769,0.36060134,0.07428259,-0.029893883,0.48601827,0.44926912,0.44837558,-0.08661683,0.44186705,0.09648627,-0.008504804,0.009967939,-0.28791916,0.7519936,0.07340478,0.077903904,-0.047184527,-0.3568017,-0.13457109,0.42443177,0.27276796,-0.09802275,0.13716449,-0.81447256,0.29089367,0.6522841,-0.07122174,0.40714583,-0.0002760559,0.21313569,0.57753086,0.11678317,0.2559551,0.5045302,-0.040078685,-0.13122198,-0.007088427,-0.06339736,0.8109752,0.20522738,0.41464695,-0.19853482,0.14967827,-0.1668991,-0.17316197,0.08339215,0.48236924,0.39274773,-0.031896684,0.058018267,0.12250735,-0.014508964,0.21013512,0.41264012,-0.07359889,0.35733926,0.09172158,1.0303038,1.0926576,0.45967054,0.20784706,0.070325896,0.46855623,-0.07375111,0.014736493,-0.115463324,-0.0526328,0.28899068,0.2833621,-0.11288276,0.00500447,0.61017615,0.7997323,0.17259209,0.07343014,0.25123537,-0.16319266,0.39126757,-0.032581963,-0.28927508,0.32976246,0.33817852,-0.045939326,-0.4073495,0.17094238,0.28471395,0.4494935,-0.3067057,-0.05340662
gex_possorted_bam_1WGCZ:GTCCGTAAGGTCATTAx-M2,0.37663764,0.05163592,0.503235,0.16255543,0.6090034,1.2135462,0.41746905,0.09182427,-0.050757606,0.48273218,0.3295646,0.43713343,-0.09891648,0.41740412,0.19983126,-0.05493171,0.042982973,-0.318248,0.87826186,0.11167174,0.04586537,-0.08110733,-0.39338496,-0.1549288,0.4341617,0.33269107,-0.07725028,0.08885464,-0.87193334,0.24917711,0.6688198,-0.07596565,0.4181529,-0.01745776,0.19666462,0.6506983,0.10420762,0.14728175,0.33216935,-0.06363495,-0.21395156,-0.045909863,-0.07294443,0.65133184,0.24670847,0.36081615,-0.2078956,0.10842285,-0.1747628,-0.17438754,0.11112664,0.50426537,0.52581215,-0.0652059,0.12181774,0.12606235,-0.04149366,0.20787561,0.400834,-0.09610018,0.34851667,0.0798431,0.8806729,1.0866176,0.40972906,0.20804924,0.09370758,0.5948483,-0.07855575,-0.001263783,-0.10744951,-0.12854253,0.2409174,0.3093508,-0.1035697,-0.043620773,0.74093455,0.875334,0.14783224,0.07803557,0.276505,-0.18843135,0.39350727,-0.046327736,-0.3111421,0.39319628,0.42421114,-0.091007054,-0.42152986,0.064352565,0.25855955,0.44138017,-0.361717,-0.06402625
gex_possorted_bam_1WGCZ:GTCGAAGCACCTGGTGx-M2,0.3738248,0.08600327,0.454717,0.14650916,0.4887283,1.2958876,0.47228676,0.10316036,-0.11905427,0.5427756,0.22253184,0.5153485,-0.1797229,0.5303232,0.1312508,-0.051892817,0.014696075,-0.23178686,0.9363469,0.13383463,0.012520684,-0.08735776,-0.3301013,-0.15541138,0.44346675,0.29425398,-0.07443704,0.08487563,-0.84570116,0.21131085,0.7861046,-0.07444552,0.35835087,0.02178672,0.25225008,0.65950656,0.19373292,0.15522757,0.14825493,0.01251661,-0.27456683,-0.029021215,-0.07431148,0.6002945,0.36964107,0.30637938,-0.20742829,0.045477595,-0.17248766,-0.23633224,0.0679705,0.58517253,0.43690202,-0.056008067,0.1539443,0.1857601,-0.029653577,0.24280912,0.41955668,-0.056818843,0.35408908,0.14998984,0.88470685,1.0380056,0.44594967,0.23156902,0.09494079,0.526066,0.013806686,0.020437332,-0.13595529,-0.12149608,0.2605073,0.30887595,-0.092285715,-0.012091963,0.7245869,0.91052073,0.17039685,0.12648319,0.24217232,-0.13991489,0.4464979,-0.030375559,-0.33693758,0.41383845,0.43022242,-0.060227334,-0.38304868,0.08934072,0.22262079,0.41339734,-0.33444646,-0.028719224999999987
gex_possorted_bam_1WGCZ:GTCCAGGGTGGGTGAAx-M2,-0.20204242,0.21375425,0.005063327,-0.09969078,0.005840066,-0.11314806,-0.028385304,-0.016775824,0.37655064,0.13564906,0.10672457,0.07112396,-0.13043624,0.2806383,0.03622927,0.021643303,0.016897583,0.19961369,-0.13688688,-0.02180635,-0.012088782,-0.19494882,0.061468136,0.111401536,0.011823232,0.11495383,0.16769648,0.102696136,0.20736274,-0.122037895,-0.10057142,-0.026468465,-0.07266083,0.15000644,-0.12992126,-0.1184702,-0.003288928,0.12518242,0.049775086,0.1793865,-0.41522342,0.0112690255,0.15268835,-0.05884655,-0.049767677,0.32750145,0.36208612,0.062552005,0.11317279,-0.36141697,0.48335105,-0.15710331,-0.10584102,-0.019613937,0.49552357,-0.042985294,0.11989326,0.26212835,0.07189205,0.05987676,-0.18139926,0.45329684,0.23915726,-0.17267063,0.5199052,-0.00089353346,0.117357954,-0.008622845,0.36984476,0.15338002,0.06251062,0.3594178,0.03352894,-0.042539243,-0.020741805,0.017106632,0.023435555,0.05527449,0.07525503,0.29745325,-0.1300461,0.047943756,-0.097855404,0.24107711,0.13827744,0.047734488,0.07715703,0.1861942,0.7451001,0.011787111,0.07664296,-0.054455295,0.34653816,0.40769148
gex_possorted_bam_1WGCZ:GTCATCACAAATGCCCx-M2,-0.1896985,0.13315693,-0.049042825,-0.107340835,-0.099309005,-0.19476192,-0.12681107,-0.010586571,0.410709,-0.07420307,0.05779912,0.05925161,-0.033837385,0.32884312,0.048869878,0.058480255,0.104484916,0.40673053,-0.121532485,-0.044556513,-0.012304929,-0.1030426,0.0913849,0.18241304,-0.0358425,0.06695082,0.19248918,0.019647835,0.48297152,-0.09754869,-0.13347177,-0.029460251,-0.044688165,0.15032774,-0.035102062,-0.12748443,-0.026987744,0.016176704,0.0025533799,0.19724824,-0.19154663,0.01648177,0.16215704,-0.101532735,-0.060819183,0.2756865,0.22201972,0.15693708,0.17093363,-0.087942824,0.48305413,-0.14304046,-0.05095623,0.16153036,0.26127183,-0.06123691,0.08565419,0.32744855,0.050506465,0.072668634,-0.14499444,0.35578382,-0.11957802,-0.2675505,0.57403404,-0.018146826,0.03742102,-0.048993092,0.40454867,0.1199297,0.11668498,0.37677577,-0.1074918,-0.043060884,0.043441284,0.028613994,-0.097150244,-0.09567547,0.03758863,0.18423703,-0.17748024,0.36233827,-0.08269996,0.15404919,0.25992158,-0.074389234,-0.053102616,0.20143017,1.072145,-0.009262841,0.057742808,0.055483717,0.51837873,0.28890177
gex_possorted_bam_1WGCZ:GTGAGCGAGTGTGATCx-M2,-0.19949637,0.09233492,-0.032197736,-0.110421136,-0.07151729,-0.17634606,-0.13420194,-0.0068981396,0.507115,0.06580945,0.012165301,0.06660163,-0.001725602,0.21661258,0.0993076,0.14482805,0.06799901,0.32663226,-0.13210727,-0.061106052,0.01048503,-0.17052145,0.09425455,0.12720263,-0.011547175,0.039150987,0.16551162,0.047943514,0.6274907,-0.09912269,-0.14942805,-0.047834434,-0.014432557,0.095867336,-0.037189726,-0.124620415,-0.022584734,0.061202098,-0.01605641,0.04030156,-0.21620478,0.06289885,0.180768,-0.08743348,-0.056832127,0.2732876,0.39909902,0.14151749,0.15330444,-0.107418485,0.4788488,-0.17901024,-0.06509992,0.13499483,0.27460757,-0.08922024,0.14522883,0.36831075,0.02146378,0.027949082,-0.17130144,0.23031344,-0.104605585,-0.2676651,0.6962812,-0.08319821,0.05391004,-0.057786785,0.36607087,0.011695354,0.12683766,0.37988663,-0.09527023,0.028213687,0.02296663,0.042749908,-0.16839863,-0.023106014,0.021817518,0.19164778,-0.22189197,0.079384305,-0.116529934,0.11398291,0.23416565,-0.10056,-0.04553779,0.23140436,1.1513798,-0.019518498,0.04600857,0.09881491,0.5074154,0.31470623000000003
gex_possorted_bam_1WGCZ:GTGTGCGGTGTTTCACx-M2,-0.15646973,0.049055655,-0.047106944,-0.1046017,-0.05406067,-0.20758212,-0.081431344,-0.02110894,0.21247752,-0.02500625,0.005193369,-0.020081839,0.10036837,0.076753534,0.025793433,0.11642587,0.046564594,0.16742483,-0.11062329,-0.029605834,-0.020197028,-0.005836853,0.08716395,0.08550097,-0.02780038,-0.008074739,0.09918415,0.051891528,0.473444,-0.06621223,-0.13365711,-0.02383388,-0.053354673,0.055878818,-0.07901912,-0.10925336,-0.015574414,0.02052113,-0.06535677,0.06636645,-0.049369354,-0.010586843,0.15309933,-0.12450844,-0.059994414,0.09455257,0.3096028,0.072684206,0.12582734,0.036753844,0.27195123,-0.11309849,-0.0678525,0.039854515,0.18437588,-0.04164262,0.09794322,0.16411607,0.040362254,0.023331534,-0.12252617,0.16287374,-0.099911764,-0.24616623,0.38757282,-0.050115343,0.007809155,-0.06291253,0.22259524,-0.017768089,0.116265364,0.1799502,-0.09172595,-0.0345743,0.005103063,0.033720545,-0.10460011,-0.062070083,-0.008182867,0.106277496,-0.15074515,-0.05288248,-0.052708212,0.1039515,0.29822618,-0.07857128,-0.0430259,0.13645723,0.77143186,-0.06332355,0.013957825,0.10312315,0.27636513,0.23623827
gex_possorted_bam_1WGCZ:GTGTAACTCCCGTTGTx-M2,-0.17790113,0.06563682,-0.05375121,-0.12567382,-0.14415276,-0.19298507,-0.11546484,-0.01642653,0.30401176,-0.05394782,0.009089013,-0.013653623,-0.102091186,0.256528,0.034164067,0.0095895175,0.077838674,0.3684083,-0.1529582,-0.050235827,-0.05309668,-0.16684091,0.071687885,0.18035656,-0.060461167,0.0487263,0.17387193,0.008762554,0.3298429,-0.13234286,-0.14836675,-0.014000171,-0.031205064,0.10729714,-0.03901608,-0.13180414,-0.028860973,-0.0031255675,-0.004580161,0.13655521,-0.27486438,0.016725862,0.14515431,-0.096941136,-0.056150187,0.14073722,0.15569572,0.06416529,0.17585443,-0.19265729,0.38783443,-0.15460539,-0.09654187,0.09270822,0.31094447,-0.037578613,0.030235104,0.21395348,0.047277693,0.06292407,-0.13329192,0.2721476,-0.15341464,-0.31244603,0.29937473,-0.028856637,0.0072244047,-0.05912489,0.36957362,0.109931536,0.123860225,0.29175586,-0.11208184,-0.0535642,-0.0021742515,-0.018087042,-0.11145864,-0.08013694,0.041998908,0.1184911,-0.17607148,0.36988753,-0.09100186,0.1493504,0.08502663,-0.096459374,-0.07897605,0.15731902,0.9978985,-0.03886722,0.00294098,-0.020128021,0.4601306,0.21392166
gex_possorted_bam_1WGCZ:GTTAAGCTCATGGTGTx-M2,-0.18448053,0.084509045,-0.056277245,-0.09096693,-0.13461156,-0.18073434,-0.115187764,-0.0028572541,0.36511877,-0.050956804,0.0334479,0.01650991,-0.12711723,0.31073314,0.03940671,-0.002106428,0.11347135,0.39890873,-0.13553232,-0.05553003,-0.03674152,-0.17715964,0.067988664,0.18047243,-0.056357786,0.07075097,0.16757461,-0.013843955,0.39438277,-0.11341111,-0.119491465,-0.033657957,-0.06062128,0.13065617,-0.0327304,-0.13102287,-0.034659494,-0.013861893,-0.006123368,0.17431413,-0.31366345,0.048271626,0.1252668,-0.107939884,-0.060742196,0.23640582,0.13316,0.11593829,0.18220843,-0.19044241,0.48449683,-0.15396963,-0.06756739,0.122393645,0.29983303,-0.05453742,0.053603653,0.30581555,0.031909674,0.060368657,-0.1403465,0.33474493,-0.13216364,-0.2863172,0.38568234,-0.024913257,0.019315513,-0.050746806,0.42006645,0.13147506,0.11032416,0.35094061,-0.10130936,-0.055702455,0.04525881,-0.0113516245,-0.12477298,-0.13242027,0.018896975,0.14914183,-0.17160253,0.5361727,-0.10275501,0.15559971,0.09530627,-0.071236864,-0.07208231,0.19519918,1.0866996,-0.014871298,0.053817745,-0.0010255848,0.5579476,0.233952465
gex_possorted_bam_1WGCZ:GTGCGCAGTGGGAACAx-M2,0.3674231,0.029664218,0.4624218,0.17651142,0.58376104,1.213358,0.45575416,0.091459304,-0.11219676,0.46313924,0.23152292,0.4222637,-0.006346624,0.45872122,0.15184541,-0.04513025,0.026319612,-0.29876003,0.9056045,0.13362582,0.015221756,0.04170647,-0.33497593,-0.14904395,0.433197,0.27284288,-0.091625385,0.067132145,-0.8079863,0.24618107,0.70069045,-0.08758846,0.3965872,-0.01571282,0.22001581,0.6449878,0.137408,0.15629138,0.17971897,-0.026350925,-0.06061836,-0.03402122,-0.071511984,0.5834656,0.23939358,0.31850198,-0.2119934,0.104961224,-0.17527631,-0.049190074,0.06939413,0.5278031,0.5448858,-0.09291124,0.08004489,0.16908342,-0.013199256,0.21632929,0.44594374,-0.05686546,0.35464978,0.07603161,0.8167431,1.0321553,0.44760925,0.22733164,0.08727414,0.5157085,-0.058296364,-0.037592612,-0.1361473,-0.100552514,0.22184202,0.30057412,-0.0995898,-0.05490264,0.74087954,0.84259665,0.17245503,0.09027503,0.25755617,-0.16853756,0.40634567,-0.04656748,-0.15025137,0.39345336,0.38337392,-0.0703874,-0.40183517,0.080075756,0.2077619,0.5418275,-0.34100255,-0.067980895
gex_possorted_bam_1WGCZ:GTCTCACTCGATTTGAx-M2,-0.18368588,0.13970792,-0.045548093,-0.100729175,-0.10226787,-0.2032477,-0.12379102,-0.024640385,0.33818647,-0.042441998,0.021675818,0.0024055857,0.02274674,0.22471483,0.023234723,0.13115203,0.060840182,0.30856866,-0.14260547,-0.0332039,-0.011201355,-0.082697876,0.06813486,0.15027213,-0.05116238,0.017883632,0.15968618,0.10254174,0.53256506,-0.08943457,-0.12178516,-0.01329421,-0.053093366,0.0979519,-0.07705803,-0.119113386,-0.044251587,0.037621606,-0.036775302,0.14701788,-0.13745396,0.033234812,0.16211818,-0.09315245,-0.06314849,0.24691205,0.3409622,0.12264865,0.19085592,-0.03456186,0.40560943,-0.13236192,-0.060435813,0.0914067,0.2355196,-0.04996582,0.121723436,0.24839057,0.049759157,0.04208256,-0.14835837,0.28365007,-0.06814454,-0.27369186,0.58476305,-0.032154363,0.05042554,-0.042287122,0.27595776,0.03844766,0.14281587,0.31245473,-0.07334902,-0.010662229,0.047067717,0.074919686,-0.11036081,-0.038366776,0.027002638,0.15472917,-0.18517824,0.0081105875,-0.03704942,0.12785983,0.32499924,-0.045714658,-0.009308881,0.14028096,0.92178214,-0.040007826,0.048742402,0.061355885,0.4050883,0.312306135
gex_possorted_bam_1WGCZ:GTTACAGGTTAGGCGTx-M2,0.32532036,0.041209117,0.3719519,0.12848198,0.33779487,1.0422745,0.34380203,0.09806593,-0.0741674,0.39813343,0.20789626,0.44472557,-0.07069519,0.3793689,0.11886778,0.018628538,0.04939574,-0.19378227,0.71597356,0.09169589,0.034584764,0.054611903,-0.20537211,-0.116254404,0.33623677,0.18776514,-0.0136223445,0.07286064,-0.6791251,0.23114298,0.6501488,-0.08138074,0.27616653,0.008769237,0.18927799,0.5684453,0.16914739,0.15763888,0.15793934,0.037399873,0.04877157,-0.08518055,-0.03547563,0.54564756,0.2517364,0.23065324,-0.15238045,0.09074051,-0.14645863,0.004646747,0.035939515,0.4933064,0.37766978,0.021406014,0.007365348,0.15112898,0.008786542,0.20470569,0.39077887,-0.021925993,0.30186194,0.082915455,0.58660996,0.9317053,0.41299918,0.20072487,0.07277206,0.36542112,-0.029601384,0.025778461,-0.092465945,-0.0860658,0.21380694,0.24566679,-0.060678016,0.012232621,0.5714426,0.7402928,0.1543205,0.15355587,0.23451942,-0.14008242,0.39676023,-0.096779525,-0.08241295,0.31118628,0.2784168,-0.08820633,-0.32710624,0.042018194,0.19354054,0.40409347,-0.29280493,-0.0347324975
gex_possorted_bam_1WGCZ:GTCTTTGTCAGTATTGx-M2,-0.15143323,0.04518807,-0.06721732,-0.11396453,-0.10990312,-0.19733924,-0.1082701,-0.024257347,0.25957263,-0.038691517,-0.017497413,-0.021877004,0.05331242,0.0947369,0.037798982,0.11729713,0.05197607,0.22489206,-0.11770848,-0.05647942,-0.03077308,-0.078777365,0.08192834,0.11387489,-0.051335357,0.042131186,0.115142606,0.08089848,0.4897674,-0.09465638,-0.1506549,-0.012563649,-0.03811589,0.07140763,-0.068582185,-0.1264991,-0.022152798,0.01681502,-0.05999175,0.103580065,-0.13360728,-0.0076587927,0.15274152,-0.11580969,-0.051913515,0.11935679,0.28011188,0.083426744,0.17123407,-0.023989964,0.33783653,-0.106048726,-0.08171025,0.08005416,0.22774526,-0.059950016,0.083493434,0.20013228,0.040123995,0.046008706,-0.121037625,0.19465543,-0.10636722,-0.2642822,0.41760844,-0.051183265,0.022699812,-0.045265004,0.2735815,0.0050723283,0.13240436,0.2259612,-0.103737496,-0.06337032,0.032267205,0.018933652,-0.11566538,-0.07026539,0.014534128,0.11958801,-0.15923315,-0.02960722,-0.065055065,0.099949695,0.25788823,-0.09503925,-0.04904875,0.11015738,0.84550536,-0.07066229,0.013313185,0.061584055,0.33581296,0.23738365499999997
gex_possorted_bam_1WGCZ:GTCTATGCAAACCCTAx-M2,-0.097344324,0.07049939,0.0065893126,-0.079205796,-0.06530969,-0.061266538,0.028527556,-0.01439985,0.31072477,0.23973024,0.016935954,0.040384408,-0.19456007,0.21909522,0.0827443,-0.012202652,0.04651278,0.18738413,-0.08425646,-0.02369742,-0.024298504,-0.2359486,0.112010546,0.10996266,0.031993933,0.024335265,0.096536316,0.060227737,0.0540059,-0.08267574,-0.07184608,-0.024228465,-0.047326397,0.08930209,-0.040160317,-0.09416778,-0.027202062,0.011569579,0.024111887,0.12658978,-0.36218488,0.014218768,0.11526581,-0.061296426,-0.026652796,0.19295244,0.15178703,-0.004061544,0.07564612,-0.38697475,0.37150854,-0.109568715,-0.06851448,-0.035532005,0.56998855,-0.008857437,0.04213875,0.24858737,0.061607182,0.021169035,-0.07751887,0.30590782,0.012002291,-0.15457574,0.16598961,0.029061334,0.048441853,0.038406074,0.3926104,0.16354755,0.06480243,0.21945977,-0.0279334,-0.0044493326,-0.031745054,-0.008553495,-0.035967004,0.057606544,0.07305084,0.22365056,-0.12555966,0.40881202,-0.043342825,0.17304048,-0.06273848,0.058365088,-0.020398432,0.10064425,0.7181563,-0.0303791,0.059874415,-0.047751173,0.33740813,0.228847425
gex_possorted_bam_1WGCZ:GTCTATCGTTTCCTCCx-M2,0.36508203,0.039127972,0.44043595,0.12619914,0.45010743,1.2797719,0.48219505,0.08929371,-0.13847345,0.46388254,0.11925177,0.41500574,-0.10499619,0.45393583,0.18761833,-0.054783992,0.037751026,-0.25300777,0.9288239,0.12919234,0.011909539,-0.05631982,-0.30914298,-0.13736454,0.41599277,0.25839856,-0.07696104,0.0463937,-0.7689842,0.204529,0.7272338,-0.08746712,0.39665,-0.0046833907,0.22626533,0.66841227,0.16418605,0.13731359,0.061221164,0.001077156,-0.17964827,-0.004567539,-0.06764369,0.47363272,0.3088688,0.27640888,-0.21654753,0.07083188,-0.16296963,-0.12820722,0.04761383,0.55600697,0.55151385,-0.061599962,0.103381336,0.15766494,-0.01158016,0.20876029,0.41280675,-0.04802806,0.34426412,0.07950054,0.7283847,1.0028368,0.4197648,0.25069168,0.08527377,0.52014184,-0.05063151,-0.020850314,-0.14518243,-0.14522831,0.22005384,0.32318142,-0.08572434,-0.033345755,0.722095,0.84145355,0.17070465,0.05952248,0.23591512,-0.19993839,0.4394689,-0.06773977,-0.26307014,0.3781174,0.38665938,-0.0569649,-0.40030774,0.04652619,0.1822639,0.4241323,-0.35523507,-0.06852349499999999
gex_possorted_bam_1WGCZ:GTGCTTCTCTTTGACTx-M2,-0.13481216,0.027835028,-0.07837819,-0.08612342,-0.08016358,-0.2126841,-0.092047684,-0.019939832,0.1763784,-0.10185628,-0.040996403,0.0009930034,0.11881765,0.015552035,0.05172294,0.12594742,0.03143512,0.20948626,-0.12827824,-0.05932035,-0.008122003,0.044611834,0.100193776,0.11028888,-0.01142115,-0.00659534,0.08843348,0.06405864,0.46568626,-0.0568685,-0.14690144,-0.0012289392,-0.048594482,0.049007516,-0.033991795,-0.135526,-0.024351945,0.036614303,-0.031554837,0.0648067,0.042472385,0.0332476,0.11951925,-0.12009503,-0.07556241,0.060749125,0.2195027,0.03806099,0.14476383,0.11946672,0.25311312,-0.11008009,-0.10406753,0.089623414,0.07444464,-0.049616423,0.09855245,0.10488857,-0.008011368,0.03425298,-0.11933911,0.12613413,-0.14978103,-0.237109,0.2775578,-0.058200207,-0.019493982,-0.10009923,0.17337371,-0.03236152,0.11525611,0.13257726,-0.09206752,-0.0429892,0.035624,0.07000859,-0.13875288,-0.15649831,-0.028957428,0.09515602,-0.12503228,-0.07737307,-0.07844168,0.06175169,0.3495145,-0.06317218,-0.021843662,0.09465541,0.55748796,-0.050695714,0.014905074,0.052716915,0.24577194,0.172818415
gex_possorted_bam_1WGCZ:GTGTCCAAGTTGCGTGx-M2,-0.21483114,0.15022206,-0.012784855,-0.12859067,-0.036427386,-0.14512812,-0.105937324,-0.009786128,0.4637003,0.060145635,0.08980945,0.06973614,-0.084488384,0.3094024,0.07622852,0.038675394,0.07593031,0.34425148,-0.15028735,-0.02193431,0.0014132997,-0.15515332,0.106956825,0.17506662,-0.0063796756,0.10642898,0.21059611,0.08033861,0.36039543,-0.11003865,-0.120646626,-0.010159116,-0.047912303,0.170857,-0.07220187,-0.11830876,-0.008044036,0.09118293,0.06899903,0.15800872,-0.3060139,-0.002558118,0.17428072,-0.04125168,-0.056407113,0.31948566,0.2967888,0.104554124,0.14977969,-0.2332917,0.5178189,-0.12862693,-0.10400888,0.05204993,0.41965926,-0.07693956,0.10853837,0.34945568,0.061866857,0.06251824,-0.16052912,0.40890357,0.05619397,-0.21896875,0.579927,0.0173754,0.07284823,-0.046677954,0.43160376,0.14288251,0.114732854,0.3994205,-0.056693576,-0.038503844,0.009143049,0.029124765,-0.032086443,-0.012875168,0.057848096,0.27505434,-0.17265622,0.20516977,-0.085324235,0.20887057,0.2283328,-0.008282024,0.009816317,0.16889647,1.0176638,-0.008165895,0.08663417,0.027037812,0.4828793,0.352846185
gex_possorted_bam_1WGCZ:GTGTAACTCTGTAATGx-M2,-0.07769354,0.2494492,0.054220505,-0.014263961,-0.058066867,-0.18273419,0.118029654,-0.039572496,0.41002658,0.19594677,0.09701065,0.07775943,-0.002983534,0.26736498,0.085454315,-0.06311738,0.08918852,0.3380463,-0.14413895,-0.01800076,-0.07500759,-0.10322144,0.20162433,0.11719543,0.074963205,-0.05116795,0.17186671,-0.0054043434,0.058007214,-0.08518715,-0.0793228,0.016870717,-0.036691695,0.19503152,-0.10049432,-0.14149794,-0.075423576,-0.073716015,0.035749145,0.27208453,0.021635156,0.050348505,0.14880383,-0.1015617,-0.018453548,0.18908533,0.14528273,0.09662305,0.0421064,-0.23182386,0.2436983,-0.14023334,-0.030198213,0.08782393,0.48053187,-0.022185288,0.016339917,0.22139841,0.03670924,0.014501845,-0.12222076,0.35604933,-0.10245242,-0.19903676,0.17622095,0.05209766,0.028951628,-0.012604013,0.37105957,0.26195225,0.043493956,0.30076426,-0.060091533,-0.040264368,-0.014721117,0.06308655,0.15716068,-0.0589906,0.14414538,0.13668887,-0.12328738,0.87286526,-0.087699406,0.24853477,0.13385086,0.15026307,-0.084240675,0.17202792,0.51543105,0.038582005,0.12444029,0.021230452,0.35225123,0.25066603
gex_possorted_bam_1WGCZ:GTTAAGCTCAGGCCTAx-M2,0.35837954,0.0014764464,0.41127774,0.092621975,0.5209245,1.2903963,0.51816636,0.112715535,-0.13934694,0.4447073,0.12018302,0.42203182,0.21230824,0.45635247,0.19637479,-0.037481286,0.030192675,-0.23613581,0.9453988,0.13690992,0.020082142,0.30505374,-0.367869,-0.12668687,0.46490237,0.24558811,-0.07175755,0.04905598,-0.7645069,0.2401403,0.8569849,-0.10584433,0.40516004,-0.043253146,0.21173207,0.68589133,0.15459248,0.109154135,0.03147942,-0.021914389,0.32891196,-0.06948725,-0.08297359,0.4676169,0.2827413,0.26685423,-0.21931684,0.10070683,-0.18308784,0.2610144,0.089101315,0.6545133,0.54778796,-0.06400744,0.019387122,0.1658106,-0.021757478,0.23318584,0.39216134,-0.051933598,0.32168755,0.08341064,0.6726546,1.1007292,0.46238592,0.2322032,0.127176,0.46189767,0.003701444,-0.051654723,-0.1436691,-0.14208318,0.20865707,0.3224068,-0.07331113,-0.084479876,0.83118063,0.8489768,0.17620376,0.061271172,0.29654145,-0.19788568,0.45210126,-0.07354608,0.18793961,0.40544727,0.43091142,-0.054901343,-0.42427728,0.023439702,0.15738119,0.7835134,-0.38448828,-0.06795310000000002
gex_possorted_bam_1WGCZ:GTGGTTAGTTTCGCCAx-M2,-0.19136757,0.271926,-0.06796148,-0.07677077,-0.1397343,-0.22666895,-0.22747526,-0.029646209,0.3650028,-0.16193475,0.08316253,0.102643214,-0.2948364,0.6127195,-0.016528238,-0.09892541,0.13968539,0.53930736,-0.16520377,-0.019811923,-0.07693904,-0.1606135,0.012765939,0.2438763,-0.06472612,0.037020236,0.2251681,-0.08710783,0.14079012,-0.11848549,-0.16782607,0.011228366,-0.013283841,0.23976275,-0.017112443,-0.13371749,-0.03536241,-0.109375715,-0.004279719,0.4329018,-0.43407294,0.038605854,0.098899506,-0.1587836,-0.013459096,0.30314565,0.02100515,0.14656913,0.06866675,-0.34646937,0.43807492,-0.15612572,-0.044873152,0.32909945,0.26745245,-0.020890225,-0.023249548,0.36215648,0.042876698,0.12815684,-0.120337084,0.34561098,-0.1788023,-0.29590222,0.4090116,0.008318535,-0.006972289,-0.029293912,0.4005914,0.3168337,-0.028884958,0.3412655,-0.13093552,-0.03857904,0.030264938,-0.027286602,-0.09683539,-0.08119376,0.043025546,0.21002384,-0.16998516,1.1333549,-0.09836268,0.17413525,-0.024264881,-0.056161664,-0.061726194,0.24511878,0.80366546,0.07445962,0.017140603,-0.20034356,0.51333535,0.18330806500000002
gex_possorted_bam_1WGCZ:GTGTGTTAGCTCAATAx-M2,-0.19004819,0.0893192,-0.08266156,-0.12558548,-0.082237676,-0.19128591,-0.10626203,-0.016119111,0.37383565,-0.042606816,0.018377187,0.028186932,0.13190913,0.18692468,0.05439709,0.17567177,0.060749404,0.33870646,-0.11951379,-0.0431329,0.005497577,0.00051290024,0.073785774,0.12527445,-0.053489737,0.052213214,0.16933818,0.08470374,0.6214652,-0.07135406,-0.14493419,-0.032188587,-0.052884866,0.09991654,-0.060413662,-0.11608184,-0.048969526,0.065512665,-0.04634555,0.094337024,-0.037496135,0.0060050907,0.18871385,-0.10735979,-0.060263474,0.18457432,0.3622501,0.121057324,0.20475051,0.09247946,0.44746476,-0.13725525,-0.05057257,0.11783892,0.2583453,-0.059959225,0.13674057,0.30231777,0.013934719,0.071592,-0.16849992,0.29366103,-0.092679545,-0.26721802,0.6495463,-0.050518904,0.025417952,-0.08552816,0.35060388,0.009914852,0.15339147,0.3565243,-0.09184623,-0.023476632,0.058028623,0.048258975,-0.10221973,-0.06437921,-0.0016226871,0.20036408,-0.19467442,-0.001619734,-0.047420062,0.13329135,0.4454338,-0.11556239,-0.044033006,0.17942493,1.0890208,-0.061322693,0.04348305,0.18430139,0.42824262,0.327955565
gex_possorted_bam_1WGCZ:GTCTCACTCATTTGTCx-M2,-0.18490763,0.15728702,-0.05727583,-0.10002295,-0.13401306,-0.18321721,-0.14550835,-0.01846807,0.39977768,-0.085745856,0.083359,0.057386033,-0.09085336,0.38693294,0.0042481585,0.02117335,0.10670734,0.4099506,-0.15132512,-0.0285384,-0.025246842,-0.13082908,0.0887783,0.16739231,-0.06870569,0.04720734,0.20781015,-0.015118982,0.3764717,-0.09220958,-0.14247267,-0.024883464,-0.054405652,0.1709184,-0.028497841,-0.10807722,-0.044268902,-0.002836188,-0.006096489,0.25571758,-0.2294015,0.032793622,0.14995766,-0.09086122,-0.053843614,0.26862752,0.15833707,0.1422144,0.17248037,-0.14235793,0.50472623,-0.12511978,-0.047953196,0.17925231,0.26198995,-0.0417055,0.06807336,0.32615438,0.066238254,0.097915314,-0.12956314,0.36997467,-0.111737,-0.27652916,0.5265594,0.003907092,0.050960016,-0.035034426,0.40005794,0.1702278,0.09108747,0.3783322,-0.108616695,-0.056364156,0.04679885,0.0067087314,-0.084851004,-0.083306536,0.0400867,0.21436371,-0.16840848,0.5098862,-0.05566474,0.14798205,0.20742825,-0.057414748,-0.070325926,0.20000313,1.0284593,-0.00095956575,0.04686626,0.011771772,0.5394172,0.26415587
gex_possorted_bam_1WGCZ:GTGCGGTTCATCCTCAx-M2,-0.17802224,0.114672944,-0.05647755,-0.11312861,-0.06927051,-0.17892374,-0.11998558,-0.015236721,0.38959247,-0.041606616,0.011998935,0.038299333,0.116034985,0.21637984,0.075488314,0.1837933,0.056236748,0.34440723,-0.11844131,-0.056609783,-0.018596629,-0.0365242,0.076090805,0.12750804,-0.024270942,0.029097285,0.18321963,0.10101199,0.60377,-0.08049106,-0.13878793,-0.040712006,-0.034502562,0.10204006,-0.054307427,-0.11581233,-0.018654069,0.058110084,-0.030915538,0.13865237,-0.05738412,-0.008377451,0.1980939,-0.09288141,-0.050668277,0.20278361,0.37137666,0.127414,0.14936012,0.05586744,0.42790237,-0.12861685,-0.07871978,0.14362511,0.22117564,-0.079605825,0.1314943,0.26574785,0.034624375,0.048212573,-0.15588917,0.27985376,-0.07841425,-0.25842953,0.67242986,-0.048009783,0.039786477,-0.058175735,0.3132926,0.034518726,0.15714797,0.35554996,-0.09809431,-0.020004539,0.03621909,0.061256576,-0.108459905,-0.058517016,0.0015831838,0.17401427,-0.1997362,-0.037141755,-0.028182857,0.109925926,0.40671375,-0.088559255,-0.03979433,0.16412422,1.0152079,-0.047037426,0.07287582,0.16327061,0.41398647,0.32561521000000004
gex_possorted_bam_1WGCZ:GTCTTTAGTTATAGCGx-M2,-0.17927864,0.09416343,-0.007980753,-0.105646715,-0.12489659,-0.21555793,-0.08058022,-0.015887294,0.2925875,-0.08729261,0.008903738,0.015184744,-0.17713925,0.30070984,0.018716015,-0.017348856,0.111434855,0.4073665,-0.099812075,-0.02601862,-0.01452498,-0.19060892,0.068878025,0.20637716,-0.039617717,0.018061733,0.14612988,-0.038629126,0.36614212,-0.10508592,-0.13476044,-0.016966367,-0.06865981,0.09128197,-0.029708683,-0.13665369,-0.016408462,-0.031934742,-0.059873365,0.15979627,-0.3525918,-0.015085649,0.13391548,-0.13045345,-0.042751785,0.19598205,0.10748072,0.107071996,0.11806489,-0.21426171,0.40936407,-0.17105316,-0.06429395,0.11444896,0.30554977,-0.06106025,0.033357132,0.23526245,0.029975416,0.041907035,-0.14609957,0.3033414,-0.17545906,-0.2984064,0.33951384,-0.03093007,0.0118689425,-0.026922394,0.40354156,0.13441022,0.118537456,0.29620633,-0.1432756,-0.02548753,0.000465003,-0.008813812,-0.12855998,-0.13057022,0.03024069,0.14094698,-0.1490161,0.5113483,-0.104688376,0.14980298,-0.001283544,-0.089960195,-0.08073728,0.20837113,1.0355408,-0.027903788,0.037595324,-0.022134384,0.5027723,0.20541105999999998
gex_possorted_bam_1WGCZ:GTCTTGCTCAATGTCAx-M2,-0.1936144,0.27948448,-0.049331855,-0.0783231,-0.13010074,-0.23251437,-0.21328202,-0.021575829,0.42800403,-0.15930681,0.14149247,0.14401327,-0.2620963,0.65548694,-0.030598793,-0.13338263,0.1540216,0.5715466,-0.16482663,-0.02291831,-0.07516983,-0.1530391,0.035447475,0.23682605,-0.07254622,0.037622537,0.23137768,-0.10704611,0.15846266,-0.12774849,-0.14051686,-0.0003626828,-0.029732123,0.25443664,-0.007900092,-0.13333513,-0.024095645,-0.105944894,0.004671837,0.44829822,-0.42482588,0.03415052,0.11530249,-0.14445017,-0.028890675,0.36364335,0.02592705,0.19145374,0.0674408,-0.35977474,0.4916717,-0.14772132,-0.04933658,0.31832653,0.2947464,-0.025437675,-0.030218137,0.40631047,0.053945266,0.13778909,-0.12329307,0.4413671,-0.1575243,-0.29863465,0.4911437,0.034573138,0.030695084,-0.0128428405,0.4882744,0.3452938,-0.02868586,0.4085768,-0.1518182,-0.07556005,0.028300604,-0.031990733,-0.06502544,-0.09030966,0.085015975,0.21320146,-0.1767926,1.1090782,-0.10426825,0.19864146,0.0077963443,-0.048039373,-0.08220389,0.2805281,0.9611109,0.07606168,0.03470868,-0.16608906,0.59842724,0.233647075
gex_possorted_bam_1WGCZ:GTGCATTAGGTACCGCx-M2,0.40425318,0.05419325,0.43177998,0.096539624,1.0263977,0.8848663,0.52112377,0.07603821,-0.16764745,0.4481032,0.2574287,0.42757004,0.8918679,0.4476606,0.041469354,0.05196432,0.008105155,-0.17494337,0.71608275,0.19326068,0.07841524,1.1997366,-0.5602718,-0.10658789,0.55260146,0.15045588,-0.006619277,0.06557462,-0.81538725,0.3279281,0.936366,-0.14227167,0.38180214,-0.04034419,0.18883578,0.56527793,0.035590094,0.094834015,0.18996562,-0.026414802,1.3235807,-0.10244688,-0.04820546,0.47876662,0.14440444,0.29834005,-0.16167484,0.13861899,-0.25699347,0.96121675,0.07354356,0.6989823,0.31362188,-0.10895505,0.017869264,0.12919089,-0.056544397,0.2153507,0.32866433,-0.058820106,0.23682792,0.12683731,0.7697645,1.2196007,0.42930102,0.20072298,0.16336575,0.2112214,0.19083308,-0.09909746,-0.14733788,-0.06959772,0.26313147,0.2688766,-0.079393804,-0.19112745,0.98551005,0.6812108,0.17633379,0.039809965,0.43274465,-0.15235041,0.42292812,0.025369082,1.1005025,0.4274445,0.421747,0.004275991,-0.45687768,0.08711139,0.18598965,1.3486695,-0.36641762,-0.01741876499999999
gex_possorted_bam_1WGCZ:GTGAGGAGTTGAGGTCx-M2,-0.17468204,0.13552567,-0.04727282,-0.121833436,-0.03061748,-0.20218974,-0.09199516,-0.01197662,0.35447708,-0.03744315,0.012165229,0.04482557,0.21497054,0.16982207,0.06020506,0.17846456,0.06467416,0.2960031,-0.11722109,-0.038307525,-0.008171029,0.11369049,0.06716845,0.11909831,0.006931973,0.008398451,0.15729074,0.098409995,0.58996767,-0.07930355,-0.10376988,-0.022884049,-0.04068307,0.11373977,-0.08898141,-0.11785624,-0.024201304,0.063460484,-0.024037378,0.14518145,0.10643386,-0.0031468023,0.17577733,-0.103645526,-0.05358614,0.19025703,0.37715235,0.10462134,0.14231971,0.1694774,0.3996611,-0.11032718,-0.08124207,0.11151337,0.20723715,-0.05890748,0.13663313,0.2471456,0.056840528,0.04389766,-0.15642866,0.23541483,-0.09304822,-0.21056674,0.62497604,-0.044315517,0.06064178,-0.06094363,0.30435735,0.015230451,0.14834014,0.3031948,-0.090521164,-0.035461534,0.019957356,0.042998176,-0.05415855,-0.03296565,0.014077146,0.13642178,-0.16518083,-0.07168383,-0.03860557,0.14540602,0.5756128,-0.072108865,-0.024819277,0.18722893,0.86957,-0.056624293,0.035151985,0.23175809,0.3565938,0.30628359
gex_possorted_bam_1WGCZ:GTGGTTAGTAATCACGx-M2,-0.1407892,0.113799386,-0.003602181,-0.09190956,-0.06111261,-0.143021,-0.0026899108,-0.020416088,0.28103626,0.06718542,0.011499782,-0.02921357,-0.04667417,0.032313462,0.06695339,0.050658498,0.01703839,0.15011226,-0.12323118,-0.046961315,0.03221853,-0.12726578,0.13861747,0.10654555,-0.009391535,0.04054035,0.11411887,0.111175634,0.3046463,-0.08528535,-0.069690205,0.025770526,-0.06110208,0.116641745,-0.07605195,-0.13666138,-0.016683763,0.11677756,0.051361833,0.089145444,-0.1830039,0.03211477,0.096399635,-0.071153715,-0.060998857,0.19891408,0.239198,0.050368935,0.15430276,-0.15721072,0.3012781,-0.13174848,-0.09038337,0.0037518847,0.24320295,-0.058587182,0.14578055,0.14580429,0.025476843,-0.0040523545,-0.15734139,0.24587166,0.037473984,-0.10553934,0.28959206,-0.024366405,0.084109694,-0.040524036,0.21756339,0.0474172,0.10149493,0.1742935,0.006950159,-0.048443057,0.019584343,0.039430585,-0.068354,-0.079300314,0.05474989,0.13889787,-0.06597751,-0.057090633,-0.07805424,0.15094838,0.19374289,0.0045051984,0.03356252,0.11475197,0.4983238,-0.016863355,0.072270736,-0.071097,0.25881204,0.24253482999999998
gex_possorted_bam_1WGCZ:GTGAGCGAGGTAAGGCx-M2,-0.1764316,0.082887456,-0.072780594,-0.1236445,-0.041460082,-0.18673389,-0.10134447,-0.021467213,0.32049748,-0.044567537,-0.027169554,0.03175751,0.18073544,0.12874313,0.07127201,0.19763392,0.05035494,0.27865472,-0.12379648,-0.042589206,-0.012955897,0.047248136,0.045197237,0.12038479,-0.013994852,0.00854615,0.15425411,0.101802684,0.5978192,-0.084658556,-0.11818242,-0.037792787,-0.038507704,0.055924118,-0.08525671,-0.12548566,-0.037901815,0.04139749,-0.040202104,0.08642733,0.047546264,0.0014830349,0.18551216,-0.1277553,-0.052618694,0.14424795,0.40297136,0.10157422,0.17347153,0.13552216,0.37715298,-0.120215364,-0.06003949,0.119920775,0.22971234,-0.05813896,0.1283498,0.23606004,0.0041468623,0.045508068,-0.14702721,0.23406664,-0.086176194,-0.24780948,0.59423345,-0.048198618,0.024568565,-0.07059895,0.284373,-0.032837015,0.16032575,0.3046889,-0.086773835,0.00828619,0.036208533,0.037920553,-0.073949784,-0.056340594,0.003850074,0.16565175,-0.18334237,-0.11849855,-0.041993234,0.11328883,0.4840096,-0.07401281,-0.023363348,0.1778135,0.9559584,-0.06206217,0.033894997,0.20793244,0.35370022,0.318519
gex_possorted_bam_1WGCZ:GTGCTGATCAGGTCCAx-M2,-0.17230672,0.19468677,-0.0217909,-0.117265336,-0.029082902,-0.1527298,-0.07897029,-0.017421544,0.39766106,0.01945194,0.04771477,0.05984391,0.05104667,0.23006119,0.08213171,0.13238674,0.061900888,0.3273406,-0.123351745,-0.020745536,0.016449144,-0.043724865,0.08997379,0.13123776,-0.009809682,0.05973445,0.18584855,0.114052355,0.47879106,-0.105737,-0.114085525,-0.010706592,-0.04147836,0.15449607,-0.08188621,-0.12091926,-0.0151937585,0.12302206,0.029854212,0.16708194,-0.11660687,-0.014871091,0.15999751,-0.062367406,-0.029122174,0.28253648,0.35869485,0.1245453,0.18986414,-0.034104504,0.48591137,-0.11471221,-0.06411963,0.093771234,0.28488675,-0.062107038,0.14919177,0.28485847,0.04948698,0.04622636,-0.16699223,0.35752892,0.032513015,-0.18260333,0.6333245,-0.035469256,0.059907332,-0.058391236,0.3452726,0.06045699,0.13724898,0.33669707,-0.044958435,-0.03412431,0.016835777,0.0521509,-0.03754094,-0.04800224,0.034836017,0.21051402,-0.14030279,0.039340794,-0.071817376,0.17187911,0.41056755,-0.0021747018,0.017408611,0.16848153,0.8533661,-0.014091758,0.07906754,0.11575509,0.37264124,0.358111885
gex_possorted_bam_1WGCZ:GTGGACACACCACAACx-M2,-0.21012141,0.32817042,-0.076035544,-0.09767549,-0.122480795,-0.23193444,-0.27481604,-0.025573337,0.41092786,-0.2563045,0.07318621,0.19193742,-0.3656153,0.7569984,0.042948894,-0.1172698,0.14910673,0.6345845,-0.15698612,-0.060511257,-0.117142834,-0.14140916,-0.0038898594,0.28809577,-0.05282369,0.098301716,0.24174538,-0.12660073,0.05979157,-0.13698177,-0.1754647,0.044377245,0.009901682,0.2772349,-0.027224617,-0.11672853,-0.035512194,-0.08446916,0.048273038,0.5949856,-0.4584006,0.0015820762,0.0623011,-0.20084943,-0.0024794175,0.40205085,-0.030675158,0.15160699,0.021382354,-0.40724033,0.5182553,-0.1550461,-0.04256492,0.45174387,0.24372512,-0.04608168,-0.06777762,0.47216484,0.07569149,0.19078436,-0.13028707,0.39138123,-0.14098008,-0.2790813,0.4666939,0.06958454,0.033931173,-0.03061933,0.38476536,0.37776926,-0.058143362,0.32754576,-0.13422662,-0.015421891,0.014666113,-0.0441904,-0.058650766,-0.106391534,0.05695197,0.23498835,-0.17939673,1.4751527,-0.08631738,0.16712052,-0.0280518,-0.057257373,-0.065785706,0.250332,0.6843301,0.12511632,0.03507775,-0.21841127,0.49650067,0.18035303600000002
gex_possorted_bam_1WGCZ:GTGTTCCTCAAGTGTCx-M2,-0.18878694,0.35338748,-0.06347389,-0.09168282,-0.124354854,-0.25650373,-0.26977566,-0.020471528,0.4679961,-0.20212846,0.18102954,0.187386,-0.31178394,0.7082122,0.010624491,-0.10947838,0.15006691,0.59835845,-0.17955005,-0.049105626,-0.06696141,-0.119214065,0.04525144,0.25644317,-0.05246574,0.047161873,0.24468666,-0.09225659,0.12886871,-0.14316632,-0.17828636,0.021264931,-0.0179553,0.28249347,-0.02655389,-0.15109172,-0.006227378,-0.11849424,0.05108516,0.5759415,-0.4278735,0.02583374,0.102978595,-0.1806232,-0.0043894188,0.40850836,0.023578307,0.20594504,0.03509268,-0.38708577,0.5083503,-0.1626414,-0.049149904,0.4434127,0.2430624,-0.02882232,-0.033557273,0.43322852,0.070745245,0.1546251,-0.11833355,0.43245423,-0.16397528,-0.28321615,0.556787,0.06396729,0.028612081,-0.011709825,0.43257317,0.41664207,-0.069234684,0.3893742,-0.14180055,-0.04970855,0.014991691,-0.012535813,-0.06991287,-0.076272644,0.09954057,0.2472676,-0.15434547,1.2436409,-0.11313451,0.191674,0.040907305,-0.031220978,-0.056779575,0.2879443,0.75307024,0.08554172,0.059706394,-0.22897859,0.53497756,0.2280162685
gex_possorted_bam_1WGCZ:GTGTTACAGGTCCGTAx-M2,-0.107499056,0.25103638,-0.0069421055,-0.11125944,-0.09683468,-0.18725492,-0.06021424,-0.033766933,0.53759545,0.41555417,0.06981746,0.10910798,-0.10554298,0.46765506,0.20651653,-0.018197186,0.030095017,0.32239825,-0.09589834,-0.011541418,-0.057553288,-0.16406642,0.09632636,0.22655419,0.048074875,0.015729561,0.12247256,0.04323565,0.14711314,-0.07882444,-0.10757168,-0.009273107,-0.0007725465,0.1601887,0.04952554,-0.1520313,-0.037309114,-0.009104149,0.19440566,0.2601135,-0.19922787,-0.018978518,0.0746692,-0.116515726,0.027272552,0.37191615,0.22945994,0.0016242358,0.0050588655,-0.2884216,0.58712524,-0.14733362,-0.12407174,0.19487491,0.7305827,0.002317749,0.030399585,0.40157294,0.11467223,0.06428483,-0.039711762,0.2600703,-0.06501246,-0.25193948,0.43575376,0.05131744,0.08252488,0.10498427,0.44122323,0.30736107,0.042428005,0.32781515,-0.052562855,0.039810836,-0.061628032,0.017607033,-0.01926501,0.08003889,0.0011948043,0.277774,-0.23920165,0.90667564,-0.08480597,0.16775674,0.12223501,0.04267251,-0.05779551,0.10272749,0.6198967,0.015553645,0.04293887,0.019306837,0.35179573,0.24476512
gex_possorted_bam_1WGCZ:GTGCGCAGTGTGTGGTx-M2,-0.19641742,0.39220828,-0.09237608,-0.080945596,-0.102781944,-0.24417442,-0.28361216,-0.018710066,0.4666429,-0.23896578,0.11667469,0.18281962,-0.37807786,0.80923593,0.019766202,-0.1327219,0.13089828,0.6424698,-0.17806636,-0.07308009,-0.09264254,-0.14472447,-0.01618185,0.2756107,-0.06553351,0.10008796,0.23035227,-0.12094408,0.054787006,-0.13915738,-0.19491458,-0.0002338548,0.023383928,0.27405885,-0.018944966,-0.12823682,-0.031598445,-0.09702013,0.042411778,0.6269765,-0.4816764,0.035543792,0.074897364,-0.19463359,0.012385824,0.41252664,-0.020532783,0.18391338,0.0370685,-0.42798543,0.5307855,-0.19022754,-0.068140075,0.475989,0.2679351,-0.03928715,-0.051815838,0.4911637,0.08017407,0.22325489,-0.13384968,0.37958348,-0.17916751,-0.27585062,0.5396577,0.053860217,0.05053186,-0.020087574,0.44010004,0.46636462,-0.10263226,0.4311465,-0.15635958,-0.04020007,0.005694576,-0.056993052,-0.064803444,-0.06906998,0.083915934,0.22722764,-0.16850108,1.5579162,-0.08831605,0.22087945,-0.04703515,-0.10899225,-0.088433854,0.32019702,0.7025833,0.12224732,0.025384406,-0.259975,0.562627,0.1795253485
gex_possorted_bam_1WGCZ:GTGCAAGCAGAAACGTx-M2,-0.19208848,0.21777976,-0.044655867,-0.085664324,-0.13496642,-0.2100717,-0.17338647,-0.026815662,0.3846883,-0.11667924,0.09957165,0.09774274,-0.23155758,0.5610777,-0.009518929,-0.11207248,0.14507051,0.5051918,-0.15079284,-0.023978366,-0.058572054,-0.1738796,0.055430513,0.22420149,-0.072786324,0.04545855,0.20988193,-0.10409881,0.20059235,-0.12117739,-0.115934744,-0.011047201,-0.043847557,0.20311655,0.0031301198,-0.13100046,-0.011831855,-0.0791216,-0.017912881,0.34613004,-0.39750597,0.042404402,0.11167541,-0.12571345,-0.041680794,0.32494798,0.03604712,0.16025871,0.11081764,-0.33172393,0.47320256,-0.13657816,-0.04189366,0.23272674,0.29631948,-0.029499285,-0.0044358135,0.3924556,0.063793086,0.114629716,-0.117660806,0.40097493,-0.15933946,-0.2946679,0.40128255,0.0053961757,0.031857435,-0.02046253,0.49580568,0.27808127,0.0033527752,0.35898352,-0.1330598,-0.07294602,0.018853003,-0.026282743,-0.07435922,-0.10954007,0.06614617,0.21227896,-0.1680878,0.9583837,-0.09724674,0.19134243,0.013780725,-0.039328128,-0.076303266,0.26458186,1.0190061,0.041910972,0.04717053,-0.11164175,0.5921034,0.218511025
gex_possorted_bam_1WGCZ:GTGGATGCATGCTATGx-M2,-0.17808664,0.087472506,-0.055949833,-0.12354721,-0.09150663,-0.17432055,-0.100092456,-0.008937886,0.3769465,-0.034406777,0.0040276665,0.025292275,0.07980733,0.18942727,0.06451604,0.18691668,0.061442204,0.34462583,-0.12876387,-0.04562488,-0.011370905,-0.060556673,0.07418305,0.16060515,-0.041640222,0.067112446,0.19164397,0.09459743,0.6163734,-0.091607794,-0.12650025,-0.03665708,-0.051363252,0.084436364,-0.06336871,-0.115928456,-0.035609048,0.05982583,-0.043862615,0.10105023,-0.08541743,0.025836432,0.17552286,-0.103299,-0.05814117,0.20167696,0.3823222,0.09905254,0.18119441,0.036248166,0.4751236,-0.12754792,-0.069358215,0.1214696,0.2384119,-0.06631717,0.1346629,0.24580348,0.0505105,0.060924668,-0.17657012,0.28692055,-0.0729137,-0.26580617,0.636319,-0.05103509,0.053057153,-0.061422262,0.3237341,0.009824662,0.15928821,0.33473328,-0.070805326,-0.0034401354,0.044523116,0.07021755,-0.11548746,-0.057825617,0.008867115,0.17858297,-0.18895824,-0.052110985,-0.04986243,0.12822434,0.38229322,-0.108238645,-0.033029865,0.17027396,1.0844419,-0.046606608,0.03757639,0.14808764,0.4309827,0.334621375
gex_possorted_bam_1WGCZ:GTTAATGTCCGCCTATx-M2,-0.20758411,0.10930384,-0.048156638,-0.107903615,-0.094251886,-0.18141031,-0.13488467,-0.009033011,0.4372224,-0.00094914413,0.059764154,0.06749381,-0.008320826,0.25398397,0.04344667,0.106219806,0.07074381,0.35497695,-0.12563726,-0.04762102,-0.002997993,-0.12300884,0.08603557,0.15127489,-0.028050104,0.07284914,0.18639481,0.057118222,0.535936,-0.100328356,-0.115156576,-0.03998967,-0.03942262,0.12321805,-0.05509761,-0.12962995,-0.03280361,0.030264337,0.0037711016,0.16617423,-0.19004923,-0.023884574,0.20637557,-0.08207616,-0.06347031,0.24427636,0.35974878,0.13535193,0.17961244,-0.09488405,0.47415826,-0.14252503,-0.07402936,0.120994866,0.31539565,-0.06582309,0.12791717,0.32509422,0.054144833,0.08596167,-0.15207122,0.31937197,-0.114436224,-0.27303696,0.6436959,-0.04116925,0.03427705,-0.046545506,0.38498774,0.077882074,0.13276094,0.3782377,-0.089346126,-0.0301849,0.035754457,0.048679154,-0.103128,-0.02930972,0.031752482,0.20825036,-0.20866567,0.1283771,-0.045256536,0.14824612,0.28408128,-0.10131779,-0.051894147,0.17265384,1.1419989,-0.029195586,0.0638548,0.08128411,0.5011169,0.339560375
gex_possorted_bam_1WGCZ:GTGTTCCTCCATAATGx-M2,0.39728963,0.017616736,0.44215164,0.11928824,0.6405221,1.1502157,0.43222064,0.08954178,-0.1340108,0.49239036,0.28440326,0.40173653,0.11556171,0.41546395,0.17998962,-0.068389766,0.020184426,-0.27904722,0.81116676,0.105384864,0.0561373,0.18114245,-0.41105187,-0.14172685,0.46384484,0.25298512,-0.08417628,0.07591358,-0.8520209,0.26532194,0.7419459,-0.09042648,0.36017096,-0.03726272,0.17606647,0.60939753,0.0911285,0.12548177,0.23146236,-0.043264955,0.13495961,-0.05196919,-0.05243242,0.574659,0.21089391,0.27834535,-0.1908698,0.09613228,-0.2085162,0.059433725,0.07677746,0.5876705,0.47333384,-0.081078224,0.13183497,0.13286458,-0.05753681,0.19485195,0.3789162,-0.05435488,0.32732648,0.08507337,0.84531116,1.0887707,0.35629463,0.22721604,0.09705433,0.44636,-0.016871989,-0.011568818,-0.13989533,-0.10658323,0.23867048,0.3277247,-0.092957124,-0.07202817,0.7461935,0.8168581,0.14825471,0.06997139,0.30782238,-0.18447323,0.400201,-0.042924777,-0.026796766,0.3782825,0.40979746,-0.06638153,-0.3902811,0.063944645,0.21405868,0.6360069,-0.3473346,-0.052898215000000005
gex_possorted_bam_1WGCZ:GTGCCTTTCTCCTCTTx-M2,-0.14844176,0.099975355,-0.030881714,-0.09615191,-0.081934445,-0.13130385,-0.048383243,-0.017892323,0.34141973,0.10821395,0.017669795,0.030167386,-0.092507854,0.20159958,0.06703009,0.063794136,0.04582021,0.24325168,-0.123519786,-0.03365144,-0.01698603,-0.18142848,0.10616628,0.11450591,-0.0070393463,0.05651043,0.15794528,0.08397679,0.30632365,-0.09554569,-0.114016764,-0.031427443,-0.06424826,0.097523935,-0.068139255,-0.115549706,-0.034206435,0.043211266,-0.0016434706,0.12317703,-0.28947294,0.020618664,0.16791853,-0.08326839,-0.057608396,0.20899205,0.28846127,0.046476066,0.12486371,-0.25297514,0.41826412,-0.12984625,-0.08435176,0.0043124906,0.4351134,-0.046443872,0.1003953,0.25564665,0.0618816,0.047231723,-0.12913212,0.327588,0.008202457,-0.21191904,0.3847799,-0.011676248,0.05238635,-0.02005176,0.36250982,0.10692134,0.11279705,0.28310993,-0.047018085,-0.029994164,0.0058751605,0.02150577,-0.080648534,0.0023896776,0.051286172,0.21620715,-0.15124165,0.13690236,-0.049613312,0.1613235,0.1211039,-0.023187261,-0.029195217,0.13396011,0.92527187,-0.040405344,0.060130037,0.010589202,0.39298245,0.308024635
gex_possorted_bam_1WGCZ:GTTAACGGTGCTCCACx-M2,-0.15068823,0.06741641,-0.059739325,-0.09421321,-0.09976004,-0.1564376,-0.093790144,-0.020134443,0.2465529,-0.008583744,0.001973236,-0.008995186,-0.037961576,0.10309352,0.012041371,0.1058447,0.026262265,0.26767546,-0.12389154,-0.032163445,-0.029581482,-0.13671643,0.008451811,0.13158266,-0.025675306,0.04328504,0.15373783,0.08829198,0.42666763,-0.090909146,-0.081797175,-0.02995804,-0.04796054,0.05543488,-0.059587926,-0.119268976,-0.03357622,0.014367175,-0.03883259,0.080196984,-0.23153967,0.061300114,0.14190267,-0.10135617,-0.05267083,0.13991205,0.28093585,0.08289075,0.15632142,-0.10354626,0.38426328,-0.12286695,-0.085838825,0.053090893,0.2532955,-0.0382747,0.097423434,0.18171957,0.036825243,0.03623653,-0.12966278,0.22986837,-0.053380944,-0.25159323,0.41299278,-0.032137416,0.030868864,-0.039429296,0.252482,0.018007629,0.12859298,0.23634148,-0.08251795,-0.018165853,0.06367801,0.07271171,-0.119127095,-0.059755437,0.023920584,0.138765,-0.15801159,-0.056014728,-0.06787698,0.08474191,0.15186393,-0.068258084,-0.041671764,0.097532526,0.8492164,-0.06499629,0.03766853,-0.017537344,0.3330481,0.25540211
gex_possorted_bam_1WGCZ:GTGTTCCTCTTGGATAx-M2,-0.1691548,0.16275112,-0.05641129,-0.104335055,-0.13380802,-0.18858759,-0.15258528,-0.014047695,0.428234,-0.07884631,0.0709054,0.059555665,-0.0819329,0.39328602,0.01921212,0.011213223,0.085160255,0.41316006,-0.16797367,-0.0407457,-0.029466404,-0.16013159,0.07376352,0.18041141,-0.04553855,0.035583846,0.19360504,0.0008159913,0.39474362,-0.11294293,-0.12980562,-0.034837898,-0.04259773,0.15155159,-0.041697808,-0.12948203,-0.055030238,-0.0014814155,0.008985293,0.2334513,-0.24410152,0.020886969,0.15968962,-0.08991139,-0.057297476,0.28312135,0.19134985,0.14208302,0.19100134,-0.16691823,0.49473256,-0.13262075,-0.057061035,0.17978056,0.30400822,-0.046432506,0.07905457,0.30885944,0.059714712,0.10254141,-0.12215695,0.3718703,-0.11842442,-0.27632275,0.5412928,0.004325112,0.052656867,-0.038362242,0.41188398,0.16464104,0.115418874,0.38769445,-0.1276375,-0.051612742,0.035134286,0.022284362,-0.09554057,-0.07377213,0.03759154,0.20405793,-0.17174347,0.4527084,-0.08712672,0.17470211,0.20501235,-0.060116895,-0.087992534,0.22881702,1.0667683,-0.0084739,0.057358082,-0.007804455,0.5549102,0.281610075
gex_possorted_bam_1WGCZ:GTGCAAGCATTAGCGCx-M2,-0.1924318,0.11074827,-0.037403908,-0.11542411,-0.10042553,-0.18556692,-0.11814945,-0.008699966,0.41357413,-0.037584763,0.059965543,0.049024876,-0.019942604,0.19718353,0.08046352,0.08531487,0.093200125,0.35687333,-0.11069116,-0.061704632,0.015203197,-0.13869889,0.10752048,0.15458223,-0.047319986,0.076786265,0.17228718,0.051730476,0.5589429,-0.08880252,-0.12046369,-0.041767757,-0.030077608,0.14131236,-0.0383659,-0.14266565,-0.016268926,0.03482823,-0.000331537,0.13269344,-0.21467353,0.028329449,0.174274,-0.10519189,-0.061032623,0.26919386,0.2792424,0.1555642,0.1777536,-0.09395199,0.4796381,-0.14217576,-0.061101064,0.11326798,0.2791413,-0.0844691,0.11594999,0.31963027,0.037030566,0.033436637,-0.15901941,0.33014175,-0.08158145,-0.25769904,0.5885212,-0.039632984,0.042498488,-0.028377978,0.390574,0.06910734,0.1310917,0.39080483,-0.10577779,-0.017191242,0.05181895,0.027298173,-0.11144756,-0.1181025,0.05565563,0.17079158,-0.17409556,0.13481115,-0.109706685,0.13254018,0.24306983,-0.08733738,-0.03676027,0.16615877,1.0896437,-0.046893347,0.057920426,0.067133754,0.4964155,0.304692075
gex_possorted_bam_1WGCZ:TGGGCATGTTAGTTGGx-M2,-0.18412302,0.091186956,-0.045859754,-0.10007107,-0.13130297,-0.20062435,-0.13130528,-0.0068485243,0.35611537,-0.08602103,0.04908841,0.034788392,-0.14853433,0.347386,0.032366477,-0.03181824,0.13040397,0.4342986,-0.1418618,-0.04994951,-0.019155603,-0.15635018,0.06714786,0.20840105,-0.035698466,0.067667656,0.1425376,-0.03011955,0.34565893,-0.09305291,-0.12854701,-0.019636804,-0.05567274,0.10904224,0.016844807,-0.124933444,-0.030229714,-0.010826251,-0.021882296,0.13854207,-0.2965923,0.015050798,0.110146254,-0.0970422,-0.063330166,0.22811878,0.06416783,0.10981997,0.1604726,-0.18498857,0.4930974,-0.12663302,-0.053880807,0.12104344,0.30074626,-0.06512725,0.038046375,0.31271207,0.019091533,0.07049273,-0.1417703,0.36249948,-0.154351,-0.27577817,0.3837298,-0.012176699,0.017591601,-0.067262225,0.46647227,0.15061007,0.12460264,0.34494075,-0.12963189,-0.041176394,0.03764817,-0.024762267,-0.109412596,-0.14139085,0.025318692,0.16054942,-0.16930543,0.5487139,-0.10735424,0.15916339,0.08192411,-0.08228639,-0.065161504,0.1983641,1.1114079,-0.0330793,0.04806304,0.024029326,0.56638414,0.21333365499999998
gex_possorted_bam_1WGCZ:TGTAATGTCTCCATGCx-M2,0.22024879,-0.0050073736,0.2802198,0.108951114,0.24560532,0.838346,0.22011556,0.063024394,-0.085319154,0.31396264,0.104422115,0.27418914,-0.082787775,0.31749195,0.20411865,-0.016044095,0.0026120597,-0.10913914,0.59382415,0.0137424655,0.00017358157,-0.066442,-0.1987222,-0.008726373,0.312376,0.21041107,-0.08919942,0.037340008,-0.43385556,0.1480751,0.42162892,-0.06609213,0.3123124,0.0012918345,0.18681102,0.39710835,0.114759065,0.11384272,0.12572032,0.03504576,-0.16594213,0.008652193,-0.046877183,0.3133513,0.13352081,0.18826467,-0.14458573,0.03828717,-0.124815375,-0.09970002,0.15977773,0.33137074,0.32677594,-0.03339612,0.056164823,0.12730625,-0.0040230975,0.1818563,0.25457254,-0.032265734,0.22718918,0.079110265,0.45099258,0.64678484,0.31536007,0.152934,0.031891074,0.30149972,0.027356084,-0.017161561,-0.058270708,-0.1324161,0.071151584,0.26922303,-0.04670146,-0.030859131,0.45281115,0.5042274,0.14123744,-0.004244493,0.093488656,-0.059288044,0.22882475,-0.09206575,-0.13084099,0.25118697,0.2332703,0.021176184,-0.13764238,-0.020320427,0.13944896,0.32604352,-0.17809181,-0.0327377325
gex_possorted_bam_1WGCZ:TGGTGCATCGCCTAAGx-M2,-0.18679945,0.06806784,-0.043670475,-0.10431013,-0.11381405,-0.21791355,-0.1251653,-0.01999126,0.31461364,-0.10534086,0.038158007,-0.002996708,-0.077900365,0.25452074,0.050383948,0.042312097,0.08051407,0.37035984,-0.11498345,-0.06695357,-0.018910024,-0.13335694,0.08811844,0.15528813,-0.04171592,0.023624249,0.14336076,0.008628978,0.4298703,-0.09722106,-0.1891278,-0.023123557,-0.020624978,0.13556327,-0.031217493,-0.14336365,-0.025876174,-0.020639252,-0.0452257,0.17995822,-0.26800826,0.015531855,0.121966206,-0.13074344,-0.05220844,0.17101821,0.1393936,0.104588345,0.13180716,-0.15319231,0.47204173,-0.12748474,-0.071926735,0.14965828,0.23985153,-0.071204185,0.043262847,0.2469866,0.051991217,0.061025225,-0.13424426,0.31911698,-0.1345346,-0.27202606,0.44755808,0.012469376,0.048191354,-0.033965077,0.38519537,0.113498144,0.09038098,0.2524639,-0.15255734,-0.06646699,0.03260184,-0.032033566,-0.12352114,-0.1323143,0.08036109,0.1444595,-0.14575134,0.32880533,-0.121211335,0.14802472,0.1391576,-0.10643495,-0.05957422,0.21456571,0.98300725,-0.032255672,0.00338926,-0.0020437394,0.46525493,0.22925529
gex_possorted_bam_1WGCZ:TGGTTCTGTTCCAGGGx-M2,-0.1902397,0.24742801,-0.058915183,-0.088097654,-0.13397405,-0.21740155,-0.21602236,-0.029956078,0.34432432,-0.18999161,0.07171991,0.078624696,-0.31172997,0.63514686,-0.011813327,-0.15071115,0.12958509,0.5588291,-0.16761902,-0.03574193,-0.0841354,-0.18852696,0.013012891,0.253113,-0.0864392,0.056851838,0.20647523,-0.1436132,0.08303638,-0.11613171,-0.17828198,0.005975704,-0.018298857,0.19842386,0.015567781,-0.118936755,-0.01771099,-0.10143882,-0.017404111,0.4014886,-0.4790607,0.05090126,0.05129243,-0.1570365,-0.014094459,0.29996672,-0.04871312,0.1362772,0.07632762,-0.38458046,0.45520556,-0.16414532,-0.052334223,0.28656405,0.28824267,-0.038445756,-0.045926645,0.37298417,0.053673044,0.1419994,-0.13624798,0.33495578,-0.20194973,-0.3038409,0.31013033,0.016638821,0.022899965,-0.045182515,0.4551056,0.33576486,-0.027829288,0.35190678,-0.14313713,-0.06047003,0.014090062,-0.07639475,-0.10776312,-0.09388595,0.043734003,0.17033178,-0.15658405,1.2715178,-0.09852274,0.19203517,-0.08987214,-0.084417306,-0.08571847,0.2705507,0.88025427,0.06611291,0.012761387,-0.1987574,0.56072754,0.14312133
gex_possorted_bam_1WGCZ:TGGCCATCAAAGCTAAx-M2,0.37022132,0.04456679,0.41381064,0.084899075,0.5465151,1.1406735,0.41384223,0.0832144,-0.21031226,0.5039852,0.24688347,0.38708633,-0.049202032,0.42703682,0.1686611,-0.09673324,0.0034903637,-0.25140885,0.7848991,0.088679366,0.04712695,0.024549695,-0.40518543,-0.12812799,0.4365997,0.24037303,-0.09536293,0.08827652,-0.8574438,0.23218548,0.76843464,-0.069358915,0.3030788,-0.034592636,0.1914952,0.54015297,0.118085876,0.07494253,0.14569628,-0.017643705,-0.11395183,-0.038685262,-0.043233056,0.5100915,0.24200828,0.24358734,-0.19580428,0.025233261,-0.19713917,-0.1559461,0.045485977,0.60739547,0.375256,-0.06941471,0.21217035,0.116637096,-0.09140984,0.18280226,0.31275293,-0.06939153,0.30911526,0.12138211,0.87032264,0.9949216,0.24913067,0.22839636,0.0690045,0.42963934,0.052771095,0.055809136,-0.15830941,-0.15440269,0.21653737,0.33311018,-0.10747117,-0.051810734,0.6911065,0.8310549,0.12330672,0.08179477,0.28161553,-0.18013859,0.42871878,-0.026761685,-0.26803622,0.3314375,0.4187271,-0.049354818,-0.38689756,0.08240175,0.1990003,0.42935356,-0.35483086,-0.037211085
gex_possorted_bam_1WGCZ:TGTATCCGTCCAAGACx-M2,-0.18844333,0.07861789,-0.057934407,-0.08944022,-0.077993855,-0.2099243,-0.12647589,-0.0006694425,0.320124,-0.021532284,0.013380788,0.01353414,0.15373282,0.18316527,0.072501674,0.13859826,0.0667206,0.291147,-0.13526079,-0.051906135,-0.025080228,0.026192872,0.070923395,0.10733269,-0.022395186,0.031843748,0.1612826,0.08808562,0.58450687,-0.07091216,-0.120348506,-0.026816595,-0.053930346,0.066232406,-0.0803826,-0.11883672,-0.013621124,0.03182376,-0.067294404,0.15400876,-0.024368348,-0.005328593,0.16129649,-0.09750072,-0.061323717,0.17468841,0.34605908,0.121193506,0.16457264,0.077571265,0.3986352,-0.14962627,-0.0577382,0.1214022,0.23041704,-0.060664214,0.10149289,0.246739,0.04684977,0.03052873,-0.13713525,0.25495043,-0.10021753,-0.277167,0.577707,-0.057049874,0.042814378,-0.103617616,0.34197575,0.028442964,0.14765432,0.29091978,-0.08521005,-0.01309516,0.029341063,0.064673655,-0.080632694,-0.05767467,-0.0017579863,0.14293982,-0.19076498,0.06932121,-0.055012174,0.13619518,0.4067198,-0.11200776,-0.039283186,0.1628149,1.0196807,-0.058729067,0.042388428,0.21087551,0.40367234,0.300504755
gex_possorted_bam_1WGCZ:TGGGCATGTATTACCCx-M2,-0.21053207,0.13011527,-0.02794307,-0.117746755,-0.09711764,-0.18747286,-0.0955932,-0.010921048,0.42695442,-0.015711619,0.05718987,0.053708892,-0.07541525,0.23287946,0.06816672,0.06834548,0.12885754,0.37482205,-0.08983818,-0.037362024,0.025162647,-0.15109509,0.100317664,0.19152114,-0.04273019,0.07712669,0.19649507,0.023133708,0.49533743,-0.08922196,-0.12500268,-0.05261139,-0.032590654,0.15825078,0.017074158,-0.13795489,-0.040568575,0.02734386,-0.0023731294,0.10534848,-0.2449474,0.02206754,0.19808546,-0.11812787,-0.062136587,0.25142816,0.22151743,0.14330964,0.19198428,-0.110890985,0.49853903,-0.12864442,-0.0671227,0.114273414,0.32886007,-0.0811251,0.122932404,0.3458138,0.044773567,0.07159773,-0.17454585,0.37354192,-0.10016194,-0.26376727,0.53986806,-0.051278558,0.012514031,-0.011630485,0.45347017,0.09912368,0.12954955,0.44204104,-0.10183494,-0.038468365,0.045732,-0.019475833,-0.11116963,-0.11948729,0.03654326,0.20272394,-0.17314127,0.28196022,-0.09999405,0.15838657,0.19210763,-0.10125068,-0.059932828,0.16923612,1.1172851,-0.018135259,0.080445714,0.06413796,0.5069006,0.297529675
gex_possorted_bam_1WGCZ:TGGTTGAGTCTCACTGx-M2,-0.15671326,0.08959211,-0.05970513,-0.12250583,-0.09162763,-0.16683595,-0.09118473,-0.011458072,0.3699946,0.008154705,0.023684438,0.021935843,0.0051613958,0.18199685,0.06547183,0.13975279,0.060466822,0.28585938,-0.13864087,-0.045673598,-0.014799234,-0.12139951,0.108710885,0.11646233,-0.05349692,0.05033677,0.15550269,0.11139621,0.5136883,-0.09537638,-0.15255952,-0.041072607,-0.06987071,0.08429828,-0.06215963,-0.11913516,-0.009796082,0.03699658,-0.020001486,0.1089105,-0.17512468,-0.0036572798,0.1881884,-0.10718947,-0.057914674,0.20648843,0.3699952,0.08784944,0.1482085,-0.075779006,0.40446058,-0.14450862,-0.084058106,0.068651155,0.2955335,-0.054466933,0.12481086,0.25790387,0.035631232,0.044878513,-0.13767585,0.30602184,-0.03996163,-0.24813963,0.57593226,-0.029084755,0.040440276,-0.050698865,0.31049114,0.046165295,0.16225734,0.3306277,-0.07676354,-0.025551753,0.022384895,0.034325864,-0.14824912,-0.023552088,0.026943266,0.1693543,-0.18885058,-0.04618907,-0.052724406,0.12369513,0.2651088,-0.079189874,-0.036079533,0.15833242,1.0180216,-0.046751346,0.04476743,0.08473462,0.3979349,0.33800852000000003
gex_possorted_bam_1WGCZ:TGGTCAGTCACGCCAAx-M2,-0.1930082,0.10183533,-0.039031874,-0.11286772,-0.106775634,-0.19544365,-0.10983313,-0.007994756,0.41040337,-0.07002022,0.042003885,0.049448967,-0.07039347,0.32275206,0.053543825,0.018880187,0.13490841,0.42812636,-0.112946585,-0.047218353,0.002311468,-0.13685623,0.089372724,0.2013298,-0.034121946,0.068897374,0.15631145,-0.010143179,0.48135778,-0.095820226,-0.12803368,-0.036398325,-0.035081636,0.13547783,-0.012422753,-0.1304939,-0.032908686,0.023590596,-0.019946078,0.14466463,-0.24558672,0.0077266702,0.14583984,-0.10096139,-0.07212335,0.28279808,0.15693617,0.15766695,0.17365284,-0.11327118,0.49506095,-0.1399995,-0.041101277,0.12297472,0.29726586,-0.072571054,0.077394426,0.35862112,0.031078845,0.060533013,-0.14813966,0.36310568,-0.137642,-0.27867973,0.5136299,-0.033477873,0.013241826,-0.059325438,0.47070092,0.11860337,0.123484656,0.38448668,-0.1258691,-0.034015946,0.034311842,-0.00325054,-0.11107513,-0.14547126,0.028331617,0.16246563,-0.18265364,0.44005868,-0.11858323,0.1658075,0.17167938,-0.093158714,-0.058349695,0.2009291,1.1704733,-0.0297201,0.050050434,0.0738309,0.5639951,0.260020925
gex_possorted_bam_1WGCZ:TGGTCATAGGAGCATAx-M2,-0.19894795,0.2734266,-0.035939954,-0.0954345,-0.06908026,-0.19852461,-0.17149496,-0.015997035,0.44109526,-0.0769972,0.12777254,0.13767855,-0.0959998,0.51726043,0.01755421,-0.011821229,0.10170884,0.45804542,-0.15293531,-0.031904306,-0.0565651,-0.06266322,0.054773893,0.19135998,-0.019843433,0.034975957,0.23281032,-0.004650903,0.2736419,-0.12773147,-0.13368392,0.0015526034,-0.032755997,0.22988822,-0.06030575,-0.12267955,-0.015514391,-0.023154406,0.035271503,0.40155914,-0.24214685,0.013065203,0.15017691,-0.12366561,-0.030098967,0.34247664,0.19696002,0.15570302,0.07786655,-0.21195257,0.46362987,-0.15035139,-0.06999038,0.27227846,0.31644025,-0.028469719,0.043852292,0.3646005,0.054100774,0.10514101,-0.13346747,0.39254847,-0.06610769,-0.246037,0.5859804,0.03222195,0.054220676,-0.01277975,0.40552804,0.26226097,0.029352227,0.384296,-0.08952512,-0.054536164,0.017523376,0.021521913,-0.038253915,-0.016310243,0.05513215,0.23757702,-0.16519143,0.64780086,-0.08592697,0.20334473,0.26551953,-0.021045934,-0.022886008,0.2403302,0.8271801,0.05556529,0.059158567,-0.06936882,0.4849902,0.294754245
gex_possorted_bam_1WGCZ:TGGGCCTAGGCCAATTx-M2,-0.10780102,0.113816716,-0.018131264,-0.11661088,-0.053671096,-0.056109406,-0.121658176,-0.0026473452,0.3593386,0.017098056,0.06937326,0.05063423,0.027603768,0.22342114,0.11847265,0.12383402,0.061837513,0.23350352,-0.0695204,-0.030115196,0.0016910202,-0.085865684,0.051659692,0.126076,-0.03481725,0.09526654,0.1579636,0.09060215,0.4286892,-0.057992976,-0.07432421,-0.013011437,-0.038074177,0.08213723,-0.038293913,-0.046132475,0.0013350102,0.033228513,0.046443623,0.11345214,-0.123823166,-0.036602437,0.15592179,-0.04424108,-0.01302435,0.20384562,0.33207473,0.07613023,0.11599804,-0.056982853,0.36940932,-0.053740762,-0.060783748,0.08886285,0.19631937,-0.038047437,0.12358904,0.24342453,0.093001366,0.057364196,-0.123734616,0.2065543,-0.0027487108,-0.07767294,0.53520817,-0.03656322,0.057286985,-0.0063276934,0.22143438,0.04030131,0.08177711,0.266658,-0.059708696,0.014532638,0.011185724,0.048732553,-0.055174958,0.02528363,0.015901254,0.13497998,-0.15630546,0.097761355,-0.00044316467,0.11109271,0.27036032,-0.07735173,0.004787514,0.12591965,0.84038347,-0.011176293,0.06304552,0.10892849,0.34973988,0.269314515
gex_possorted_bam_1WGCZ:TGGTGATTCCATAATGx-M2,-0.17083788,0.17516974,-0.009043529,-0.10088077,-0.04967911,-0.14675114,-0.068188675,-0.009491308,0.36388442,0.07258033,0.09207203,0.063461706,-0.117704935,0.30377275,0.052531447,0.020074293,0.061192896,0.30620533,-0.12768225,-0.041457895,-0.016451133,-0.1604662,0.09196577,0.14491971,-0.014473447,0.0685287,0.15996793,0.06800376,0.25351697,-0.10614739,-0.10649533,-0.016508633,-0.043897264,0.15968962,-0.06146392,-0.12700534,-0.008968742,0.042118706,0.02594419,0.21682829,-0.32237217,0.0156174665,0.14059326,-0.088653885,-0.047455378,0.28135228,0.24624068,0.07709788,0.12109602,-0.2850239,0.45800543,-0.13982081,-0.08203353,0.09150614,0.40941188,-0.05053114,0.07606118,0.2964211,0.06383052,0.05502974,-0.14900701,0.3846793,0.03748807,-0.20742938,0.43868002,0.010465728,0.063946165,-0.0060874433,0.40160137,0.16204327,0.0727012,0.3059311,-0.029456705,-0.026082575,-0.004781889,0.014170077,-0.054434303,0.0038277118,0.077216536,0.23776014,-0.13486958,0.2897945,-0.101529285,0.18214647,0.13420634,0.005950336,0.023132795,0.18387161,0.8259583,0.014484948,0.06769784,-0.0341861,0.39997026,0.31545999
gex_possorted_bam_1WGCZ:TGTAATGTCCTCACACx-M2,-0.17842372,0.09232254,-0.05035894,-0.10104159,-0.060359474,-0.18789615,-0.10890109,0.0012584259,0.40079373,-0.017285252,0.08898421,0.061246328,0.058888435,0.22830026,0.031825833,0.12161021,0.069340035,0.31967005,-0.13761367,-0.049897507,-0.0061210166,-0.037949134,0.11270878,0.12679207,-0.008335247,0.06389579,0.14420556,0.05455697,0.5109563,-0.07550989,-0.1355845,-0.02718106,-0.054126423,0.09790695,-0.033040825,-0.1279649,-0.027039725,0.03599282,0.0068551744,0.13162592,-0.05149769,-0.003509921,0.17032501,-0.10420479,-0.061214462,0.25202996,0.29442248,0.1158207,0.18372461,0.004895002,0.409982,-0.1457034,-0.08010782,0.07444625,0.26000735,-0.057758104,0.11588158,0.32370856,0.028120043,0.060717113,-0.16923377,0.32840338,-0.08852519,-0.2374531,0.56785005,-0.014274888,0.015409294,-0.055611357,0.36605346,0.066504054,0.17119794,0.35148987,-0.09496326,-0.02868418,0.041492257,0.012635701,-0.067884155,-0.060692273,0.015565988,0.16745442,-0.15949264,0.07025107,-0.07675781,0.14261602,0.3571389,-0.030694664,-0.0092701465,0.161848,0.9671045,-0.027731944,0.04370785,0.16872184,0.4872266,0.31141293000000003
gex_possorted_bam_1WGCZ:TGGTTGAGTCAAGTGCx-M2,-0.15866241,0.04933928,-0.05152249,-0.10292794,-0.14277896,-0.16236195,-0.11732531,-0.016112784,0.27974805,-0.05284666,-0.012102409,0.031312756,-0.17769976,0.2531961,0.029012457,-0.008323556,0.06785366,0.36294946,-0.12237082,-0.037906654,-0.042364255,-0.18893121,0.04757704,0.18648852,-0.042430103,0.06325242,0.15428777,-0.00086606975,0.28224573,-0.11246622,-0.14163801,-0.003000364,-0.037505414,0.12874639,-0.047549557,-0.12004775,-0.023907967,-0.023564648,-0.025394961,0.1609606,-0.41011316,0.02199068,0.09055652,-0.12565,-0.06514888,0.16088112,0.11290434,0.05184898,0.099336304,-0.2867428,0.3866956,-0.1393234,-0.08313788,0.076981686,0.33146483,-0.039839298,0.018941859,0.25019905,-0.005322828,0.04794947,-0.15701476,0.26377088,-0.12779412,-0.27157763,0.23604725,-0.013149995,0.0083892355,-0.046274316,0.34259465,0.12551768,0.07477788,0.26086563,-0.114597775,-0.014637016,0.023101259,0.0023754498,-0.119448006,-0.0935328,0.041262913,0.10958108,-0.17075045,0.5139337,-0.08458211,0.11506438,-0.028895052,-0.058766242,-0.04575302,0.15028217,0.90711117,-0.025153486,0.027787391,-0.07328512,0.4376021,0.18833761
gex_possorted_bam_1WGCZ:TGTCATAAGTGAACGAx-M2,-0.19832155,0.22671144,-0.04125537,-0.083004795,-0.11774504,-0.20855248,-0.17501809,-0.023445923,0.38664117,-0.0976472,0.122356586,0.100603364,-0.05387829,0.38412318,-0.0063720625,0.03625048,0.08481076,0.39082274,-0.14140208,-0.0270722,-0.023703814,-0.10627907,0.07537204,0.16788386,-0.042234488,0.054504745,0.22486293,0.014504024,0.39420417,-0.10388002,-0.15159036,-0.022035113,-0.03201072,0.20711449,-0.03828097,-0.13870306,-0.019646822,-0.017498728,0.012140271,0.30236706,-0.22864948,0.037615947,0.15519135,-0.11366787,-0.049250297,0.31191817,0.23865025,0.16510786,0.11771275,-0.14285819,0.46083042,-0.15836006,-0.061598845,0.22159553,0.25356764,-0.042646516,0.08163583,0.32560593,0.054268442,0.09234156,-0.14047115,0.35728365,-0.07262846,-0.27928236,0.5883781,-0.0013835808,0.028936412,-0.013226186,0.36117268,0.16260348,0.05120136,0.38296866,-0.08773895,-0.053138893,0.055576153,0.04698342,-0.09617643,-0.045906086,0.050201233,0.20775722,-0.17761832,0.4233962,-0.08145176,0.15638776,0.25320184,-0.03511225,-0.050521,0.19455934,0.89134675,0.01675289,0.07863167,-0.022846557,0.43960464,0.29796695
gex_possorted_bam_1WGCZ:TGGTTCCTCTTTAGGAx-M2,-0.18337579,0.16224466,-0.056951925,-0.10176774,-0.087082244,-0.20164466,-0.10726191,-0.015104132,0.3727324,-0.06611881,0.040602002,0.06411461,0.065604895,0.25703135,0.057131473,0.13351022,0.067792766,0.37716678,-0.12086873,-0.0435673,0.004327138,-0.044171624,0.099188864,0.14885347,-0.030578446,0.012009636,0.18817364,0.07324112,0.5488247,-0.078117,-0.14221643,-0.033425014,-0.03854207,0.13673049,-0.07566256,-0.11078406,-0.022470051,0.053752743,-0.02056602,0.19146168,-0.100903735,-0.014768947,0.18602183,-0.10135302,-0.060905345,0.21539828,0.3205785,0.13419254,0.14906555,0.02229507,0.43495062,-0.13095152,-0.072858736,0.147938,0.24228615,-0.057069883,0.11261707,0.26455548,0.044441238,0.06595724,-0.14823848,0.33095077,-0.103204034,-0.26956376,0.6413743,-0.029465182,0.05600577,-0.064512864,0.3339311,0.07308577,0.13185462,0.34978804,-0.110679254,-0.023707286,0.02097964,0.06397936,-0.104474485,-0.06040232,0.034986313,0.16588973,-0.18359853,0.08315524,-0.058858413,0.145556,0.36911356,-0.08450194,-0.034747247,0.16071486,1.0002705,-0.019786632,0.038273875,0.10628739,0.41170663,0.32576463499999997
gex_possorted_bam_1WGCZ:TGGCCATCAATGCCTAx-M2,-0.17776252,0.07721908,-0.04801381,-0.099728584,-0.11541022,-0.20045608,-0.10861588,-0.013292135,0.25733325,-0.07199069,0.025108334,-0.008623353,-0.038097415,0.19469525,0.023894278,0.056200966,0.06251115,0.30205855,-0.12957934,-0.057813317,-0.031002596,-0.1110297,0.062960476,0.13764334,-0.0449928,0.00796304,0.14287902,0.02757291,0.41659266,-0.08654616,-0.12505524,-0.025113992,-0.037345957,0.088478245,-0.061951764,-0.12207023,-0.02066723,-0.016378198,-0.06047524,0.12758885,-0.21384862,0.012899937,0.12265666,-0.119420946,-0.05858834,0.14848725,0.19928609,0.09339091,0.1419976,-0.10761165,0.35978952,-0.13254307,-0.063142575,0.10372261,0.23026617,-0.05866747,0.044032097,0.20062917,0.032091495,0.0438597,-0.14544435,0.2508166,-0.14122672,-0.29861653,0.38287345,-0.03091415,0.03050356,-0.04652208,0.30681664,0.08059473,0.11252026,0.241295,-0.111547865,-0.020611059,0.022250716,0.01315951,-0.108758084,-0.08411272,0.045723993,0.12676337,-0.15794794,0.19181512,-0.07521381,0.107034005,0.12861873,-0.084121,-0.046662256,0.16056411,0.91628265,-0.05747634,0.023959314,0.02746116,0.38630828,0.225051345
gex_possorted_bam_1WGCZ:TGGTGCATCAAACTCAx-M2,0.2529133,0.065033466,0.31826007,0.034973297,0.3968518,0.84996134,0.29184133,0.06935235,0.04895018,0.38221872,0.21099181,0.30041483,0.10781563,0.3894864,0.19321382,-0.004656696,0.05296288,-0.11706098,0.5979439,0.043207683,0.03458291,0.10648044,-0.22735368,-0.04280622,0.34703344,0.18943995,0.00059307483,0.08765242,-0.43392652,0.18830086,0.55153835,-0.067662425,0.23812829,0.027615761,0.12841344,0.43643928,0.09124092,0.110618964,0.14923649,0.06240797,0.11045084,-0.032260653,0.028841045,0.3854448,0.14368334,0.29693812,-0.043110356,0.12593277,-0.095120706,0.060702752,0.19738299,0.40867856,0.33547565,0.023780141,0.12635645,0.08283438,0.018483166,0.24262455,0.33106315,-0.022324786,0.20491022,0.14303954,0.5760775,0.7879804,0.49178472,0.16079898,0.09919924,0.3262361,0.09004527,0.020031163,-0.0737514,0.034234233,0.16563116,0.22449626,-0.056226622,-0.03030196,0.5240425,0.6053216,0.12001283,0.10448703,0.18439485,-0.0524586,0.3067361,-0.0062221102,0.13385694,0.23934735,0.28759918,0.025827138,8.892855e-05,0.043119512,0.17418861,0.4987908,-0.117033504,0.049964591999999995
gex_possorted_bam_1WGCZ:TGTCCTGGTAACGGGAx-M2,-0.17854355,0.1696732,-0.08272752,-0.09268298,-0.11151639,-0.20768322,-0.15739916,-0.023687482,0.36632413,-0.08802152,0.03506369,0.060524434,-0.03541666,0.29725832,0.041832298,0.07305375,0.08512244,0.36690825,-0.12958553,-0.062363572,-0.027054796,-0.10307166,0.08893919,0.16942585,-0.050511423,0.039472647,0.21335647,0.04625833,0.4779143,-0.11209733,-0.13589305,-0.014415951,-0.040332,0.1588082,-0.064900555,-0.1311807,-0.031931777,-0.012925889,-0.0054018134,0.24080683,-0.18665716,0.021201644,0.17542641,-0.1279305,-0.051762946,0.251111,0.2738811,0.15997191,0.13180883,-0.1103505,0.38783124,-0.13130766,-0.052585397,0.20974344,0.20199177,-0.04752695,0.08278793,0.28138205,0.03659484,0.066112965,-0.14697595,0.31123888,-0.12503771,-0.2630713,0.54997104,-0.025486927,0.025043562,-0.050317235,0.3030176,0.120523915,0.08797204,0.31232134,-0.10668864,-0.031431258,0.048675116,0.051402003,-0.112882204,-0.07018132,0.029864581,0.17955936,-0.17210902,0.26523674,-0.0446252,0.13160832,0.24674256,-0.06252681,-0.048312735,0.16921958,0.90807253,0.007656469,0.044327065,-0.023037612,0.42295504,0.29255999
gex_possorted_bam_1WGCZ:TGTGCAAGTACCGTTTx-M2,-0.14088278,0.061939098,-0.056408208,-0.06928828,-0.0930235,-0.18189745,-0.09441871,-0.02968452,0.09667392,-0.09089992,-0.03255347,-0.06973258,-0.068042055,0.0082656,-0.019071091,0.0053844554,0.012228543,0.15321234,-0.12797822,-0.00533365,-0.026222873,-0.08580037,0.11691208,0.07596268,-0.11350787,-0.03474559,0.055688404,0.010042753,0.24929671,-0.07190843,-0.1322737,0.019924928,-0.08332368,0.048553444,-0.011783036,-0.13026924,-0.018201008,-0.011782499,-0.045529436,0.042153016,-0.14314055,0.028828345,0.05022486,-0.13468912,-0.04614667,0.026641408,0.055647094,0.015226005,0.09022164,-0.09010119,0.09913103,-0.12413006,-0.057863172,0.034464892,0.07217759,-0.050485443,0.07127447,0.029491255,-0.0463134,-0.012431981,-0.09358771,0.0815985,-0.1326684,-0.2385654,0.020507896,-0.04979066,0.006604165,-0.04998155,0.09429644,0.010491295,0.073774084,0.11700177,-0.06899697,-0.046284262,0.026415141,0.0054491055,-0.1537204,-0.13349381,-0.037756033,0.025086306,-0.10670796,0.15945518,-0.08474389,0.051222224,0.09648492,-0.0310803,-0.0820527,0.08160585,0.3406835,-0.026804056,-0.011679485,-0.12984338,0.20002036,0.068622797
gex_possorted_bam_1WGCZ:TGTAAGTGTGGTTCTTx-M2,-0.17606828,0.09066936,-0.027938677,-0.1108154,-0.11217035,-0.18555422,-0.105792716,-0.004186632,0.43294004,-0.038834516,0.04679452,0.04755721,-0.1253473,0.3309735,0.056621693,0.0011794949,0.13188626,0.44614297,-0.12831213,-0.016564915,-0.0003159878,-0.1517864,0.09592769,0.20102297,-0.06585575,0.066000015,0.18962725,-0.01795966,0.40625918,-0.107398786,-0.130183,-0.02337785,-0.062458232,0.14793591,0.0021051578,-0.12251153,-0.031928953,0.006925537,0.02491571,0.1402374,-0.27976912,0.014109623,0.1143105,-0.08831242,-0.055793118,0.28443015,0.1268842,0.13318,0.1650307,-0.17766611,0.46270677,-0.14016978,-0.034299634,0.1367263,0.31243458,-0.067311555,0.067126594,0.33694184,0.0234883,0.060948953,-0.16377069,0.39420658,-0.13701174,-0.2541917,0.46697327,-0.020529907,0.025948502,-0.06184,0.47458237,0.15176252,0.15071975,0.39995015,-0.095662385,-0.04420029,0.039989904,-0.02124786,-0.12411793,-0.10918926,0.028772425,0.16693547,-0.17393237,0.51410335,-0.12254043,0.15495919,0.13933031,-0.06296769,-0.06026564,0.19483224,1.1522043,-0.007341233,0.07430723,0.03696865,0.56647855,0.26054539
gex_possorted_bam_1WGCZ:TGGGCATGTGGGTGAAx-M2,-0.17522438,0.105743535,-0.0372026,-0.08035896,-0.14687862,-0.13958375,-0.10258155,-0.022525134,0.34017977,-0.030781075,0.014113786,0.17491527,-0.09607377,0.34242845,0.12549199,0.029056946,0.052391127,0.38785908,-0.11800969,-0.018961024,0.005538818,-0.1224312,0.14202811,0.12515037,-0.060749087,0.08600165,0.24712604,0.044784088,0.45200616,-0.13146693,-0.07187368,-0.03973122,-0.11611601,0.16095121,-0.029153254,-0.13533026,-0.027942989,-0.010369769,-0.0154648,0.25157404,-0.21399531,-0.0055684885,0.12844156,-0.10393974,-0.061387897,0.3526608,0.17818627,0.0753367,0.090857215,-0.21708839,0.56193185,-0.13243514,-0.038814988,0.21372782,0.25356823,-0.061131164,0.07416278,0.29289746,0.15976793,0.08085018,-0.084934935,0.40690708,-0.022188155,-0.2814466,0.55107766,0.040718433,0.09179597,-0.013059235,0.36717618,0.1394999,0.11119707,0.30913794,-0.083061874,-0.0117408885,0.028722046,0.06687578,-0.1183479,-0.0653322,0.069415286,0.27600732,-0.1591073,0.1722697,-0.066581205,0.17064233,0.22864334,-0.031887546,-0.11257607,0.14768602,1.0503204,0.009548073,0.088781275,0.03939573,0.49890894,0.292546675
gex_possorted_bam_1WGCZ:TGTGCAAGTTGTGATGx-M2,-0.17184779,0.25527164,-0.060875457,-0.06703282,-0.16974019,-0.25670096,-0.19612564,-0.010607502,0.40122613,-0.1407673,0.11916363,0.12697978,-0.3225263,0.6400944,-0.03898403,-0.1789775,0.13265401,0.5365776,-0.1864388,-0.0103318915,-0.09919824,-0.18365502,0.01943464,0.20778728,-0.10482968,0.014830074,0.2189677,-0.12282166,0.081912264,-0.12518585,-0.14059049,0.006790319,-0.039156657,0.23044385,-0.013779577,-0.12802723,-0.012901146,-0.1511629,-0.017118303,0.44342625,-0.5043658,0.02261844,0.063790925,-0.12517452,-0.011577943,0.30583978,0.010114924,0.15106973,0.07394067,-0.4420952,0.44795084,-0.1594716,-0.07391594,0.26307985,0.30896133,-0.008322546,-0.0525032,0.4073072,0.06934196,0.1274597,-0.09716836,0.38554665,-0.2112498,-0.3078406,0.39719334,0.025386585,0.032709517,-0.03062328,0.4932066,0.37746608,-0.030231174,0.37643564,-0.17507198,-0.08146091,-0.0080947345,-0.05976728,-0.083015196,-0.069442265,0.122584164,0.17342655,-0.17398645,1.2196325,-0.11545567,0.19442077,-0.119412355,-0.09164562,-0.10555636,0.26963332,0.9392496,0.058902282,0.0026120213,-0.20614493,0.5841204,0.197830787
gex_possorted_bam_1WGCZ:TGTAAGCTCGGTTTCCx-M2,-0.16548476,0.07492219,-0.054286733,-0.09893272,-0.10687433,-0.17572314,-0.1269757,-0.025589328,0.29184705,-0.027533827,0.010852562,0.03278764,-0.034831695,0.16366366,0.03681805,0.10191025,0.04729103,0.27606213,-0.12766412,-0.03403853,-0.031120233,-0.12564184,0.035214517,0.092303485,-0.0625319,0.0598155,0.14138605,0.06051443,0.4485574,-0.09409225,-0.14187582,-0.027448842,-0.07367049,0.07716406,-0.039214265,-0.14298287,-0.022557959,-0.019173704,-0.049665045,0.117334396,-0.23113286,0.03252517,0.14817807,-0.11641809,-0.03183495,0.1584325,0.26426524,0.04888486,0.11283567,-0.10684799,0.39451376,-0.14009121,-0.100937106,0.10818606,0.2465071,-0.05779459,0.07316374,0.22224279,0.023802003,0.024913253,-0.13298354,0.24682948,-0.07072292,-0.25615856,0.42588896,-0.050729435,0.0454389,-0.025570165,0.30239025,0.03626642,0.10874521,0.27306136,-0.10396199,-0.011907448,0.023784345,0.022374481,-0.11042481,-0.09185361,0.0068087,0.13625711,-0.1585727,0.09465692,-0.0826159,0.095326096,0.14101055,-0.08697523,-0.056748874,0.13930824,0.9454342,-0.047141988,0.02786543,0.03717031,0.3887052,0.25554736
gex_possorted_bam_1WGCZ:TGTCATAAGCTTACTTx-M2,-0.18279466,0.13934535,-0.07152921,-0.110161915,-0.10393236,-0.17936116,-0.14649157,-0.021568732,0.39709157,-0.038649924,0.008829625,0.053463966,0.02958765,0.2397353,0.2589258,0.12897709,0.0408398,0.3123885,-0.12032209,-0.06693573,0.016045207,-0.12091896,0.08126727,0.10318535,-0.037096955,0.036181904,0.18328105,0.25695837,0.5980807,-0.12711346,-0.13494362,-0.031227302,-0.05373222,0.12716435,-0.053301163,-0.12531877,-0.04423821,0.05239618,-0.0061044744,0.20552053,-0.16174531,-0.01291474,0.18207516,-0.11975973,-0.053212404,0.21384715,0.3827237,0.14926752,0.12515305,-0.081979305,0.39123213,-0.13463739,-0.05115754,0.14424488,0.2040858,-0.065682516,0.14568317,0.3068941,0.06266118,0.05480449,-0.16135825,0.28641537,-0.08098087,-0.25453925,0.6428928,-0.044325374,0.04349804,-0.0512935,0.28311297,0.04458889,0.11344703,0.35594627,-0.10074489,-0.0076988884,0.050656773,0.08829355,-0.11300335,-0.06209122,0.08487659,0.14975473,-0.2156856,0.039123874,-0.020133214,0.12204539,0.3200794,-0.1303843,-0.06909754,0.14272387,0.9962301,-0.039003205,0.17992383,0.10043533,0.41409618,0.334569535
gex_possorted_bam_1WGCZ:TGTCCTTCATCGCTTTx-M2,-0.17187062,0.05913798,-0.08888186,-0.122610226,-0.08889069,-0.21196069,-0.09420448,-0.039344665,0.33881542,-0.056335576,-0.0076644868,0.0105580995,0.05119984,0.13721946,0.046120062,0.13385014,0.054432612,0.31394136,-0.12812105,-0.0047463602,-0.019498413,-0.029103503,0.05477177,0.0965997,-0.08550106,0.008514562,0.13884482,0.049035374,0.47492957,-0.08047213,-0.12995143,0.003273116,-0.07077132,0.06294761,-0.06090948,-0.112795465,-0.0351135,0.04923043,-0.056896802,0.09684212,-0.10621081,0.012971428,0.10537775,-0.11292793,-0.023612903,0.14191335,0.2808203,0.062270235,0.16537423,0.0074576493,0.34602433,-0.11574541,-0.05274071,0.083520636,0.25171828,-0.06503014,0.11050987,0.21324483,0.012628575,0.05238066,-0.14817908,0.26559654,-0.12775537,-0.27409327,0.46104354,-0.038186274,0.021822898,-0.09664778,0.30795428,0.020092992,0.1403259,0.26999584,-0.0612369,-0.033485107,0.02405861,0.012959231,-0.08894927,-0.07833897,-0.013384442,0.19143268,-0.15540889,0.056017064,-0.03239737,0.12475871,0.34713846,-0.078294285,-0.04168914,0.12336619,0.8918011,-0.0606662,0.034266606,0.08451114,0.34303376,0.27320842
gex_possorted_bam_1WGCZ:TGGTTAATCTTGAGCGx-M2,-0.16236584,0.17037567,-0.024838459,-0.07577784,-0.038981635,-0.08551076,0.012600912,-0.021975158,0.298113,0.14234899,0.030814672,0.00461151,-0.18456969,0.14606689,0.06668556,0.0047495007,0.009261095,0.116846494,-0.1369126,-0.040855728,0.024326768,-0.22180332,0.053416613,0.076056264,0.0073265815,0.08207554,0.14001516,0.1085144,0.1592169,-0.10144478,-0.08250183,-0.024139745,-0.08103898,0.08192878,-0.10930987,-0.12642774,-0.023171507,0.102926835,0.014885969,0.08340417,-0.41803628,0.014254252,0.11884408,-0.078072295,-0.06414034,0.21134135,0.32383466,0.018618185,0.1260676,-0.35787186,0.40644497,-0.14254369,-0.07140404,-0.079874635,0.42171127,-0.04202373,0.13208151,0.18572436,0.032062244,0.04911894,-0.14485598,0.36099312,0.1595603,-0.12342882,0.36219236,-0.03591202,0.07737168,-0.03811998,0.25848103,0.09089168,0.04821191,0.2610375,0.04595425,-0.026120942,-0.020207914,0.0046919584,-0.049784932,-0.0019854116,0.07113745,0.26131898,-0.093167506,0.023686666,-0.07167023,0.19021688,0.011058709,0.029746598,0.06995873,0.14014369,0.6086407,-0.016472138,0.054469723,-0.087223776,0.26771605,0.34241389
gex_possorted_bam_1WGCZ:TGTAACTCACTTACAGx-M2,-0.20929106,0.12180775,-0.048444618,-0.113501176,-0.07306412,-0.18679628,-0.09858637,-0.016683454,0.39190444,-0.00047850778,0.03447832,0.04277606,0.08514003,0.19924666,0.073596135,0.17362444,0.06627096,0.30667853,-0.12851271,-0.05031465,0.010089493,-0.054886427,0.06497272,0.15552199,-0.016230287,0.085630804,0.19970413,0.13381426,0.5836134,-0.08491019,-0.13088524,-0.046719145,-0.033662483,0.11111763,-0.058566347,-0.12765314,-0.029489772,0.092079,-0.0049203984,0.12395689,-0.09834362,0.01620296,0.20001318,-0.07974764,-0.059850395,0.24071164,0.3986144,0.10853807,0.19903478,0.028807148,0.49395695,-0.1316023,-0.08876246,0.07551754,0.29763958,-0.0746754,0.15326507,0.2978672,0.05012266,0.06823146,-0.17388058,0.34210178,-0.0033380215,-0.24500456,0.67656,-0.044487663,0.042999573,-0.048980933,0.3717058,0.028368043,0.15849978,0.37055257,-0.061731596,-0.013458734,0.04060861,0.058927115,-0.080942765,-0.0392656,0.029684193,0.20829922,-0.19779365,-0.10154872,-0.04477276,0.15278265,0.4169974,-0.07345993,0.0047647213,0.1548852,1.0264363,-0.034617938,0.0652373,0.16848251,0.41071704,0.37035809
gex_possorted_bam_1WGCZ:TGGTTCCTCCGGAACCx-M2,-0.15262115,0.076454714,-0.06564566,-0.09145977,-0.1422773,-0.18417245,-0.14075403,-0.019596823,0.28264302,-0.07482651,-0.0018257191,-0.009197077,-0.056928482,0.19430186,0.0064340993,0.04444896,0.07992123,0.3136824,-0.15152393,-0.045191515,-0.018871497,-0.1439843,0.060954712,0.1403616,-0.075613946,0.041114118,0.15221882,0.019083865,0.42161268,-0.095778525,-0.13450322,-0.033102013,-0.04839574,0.09378664,-0.044532664,-0.1469883,-0.055133946,-0.013476414,-0.03223447,0.14038184,-0.2188875,0.020651322,0.13252428,-0.11650951,-0.06786615,0.15015817,0.18377714,0.090371035,0.18348536,-0.11026108,0.38787878,-0.12807837,-0.04742944,0.08845321,0.2413953,-0.04643019,0.06258683,0.21912493,0.04066746,0.06041604,-0.12397399,0.29033214,-0.12039439,-0.278179,0.34105366,-0.026775401,0.026492698,-0.03719386,0.32710364,0.061649162,0.12211658,0.27554703,-0.12669632,-0.01988257,0.057563957,0.018087488,-0.104647964,-0.13261278,0.038781233,0.123899244,-0.16494621,0.28979895,-0.06377002,0.1034757,0.12733583,-0.07773425,-0.07307892,0.1360333,0.967082,-0.044192757,0.032922767,0.024806542,0.44684795,0.23705464
gex_possorted_bam_1WGCZ:TGGTCAGTCACAGGAAx-M2,0.37002748,0.0729687,0.46304744,0.1496028,0.48319253,1.323836,0.48114988,0.092492715,-0.10326388,0.4822467,0.1950125,0.4610396,-0.17778645,0.5142704,0.16490227,-0.033097245,0.030451559,-0.24090613,0.95013624,0.1312437,0.013395732,-0.12783743,-0.30144078,-0.13553874,0.41978765,0.2677728,-0.070200264,0.08144951,-0.79275715,0.22104087,0.7351198,-0.07406983,0.41103688,0.021329183,0.25014699,0.6912025,0.17973854,0.18137066,0.15885036,0.011830641,-0.2751183,-0.0152508,-0.07024519,0.5813273,0.3348373,0.32707676,-0.2189843,0.08327519,-0.15014334,-0.2098403,0.0830971,0.5559979,0.5344996,-0.050041243,0.09834289,0.17406896,0.0016365297,0.2193823,0.43922278,-0.045378063,0.35272112,0.111850694,0.8227032,1.0376487,0.4859011,0.25888562,0.08760065,0.5544133,-0.066476,-0.008906747,-0.1352743,-0.12964068,0.23003204,0.32039377,-0.08485007,-0.011325191,0.709549,0.8897016,0.18288851,0.1036792,0.22581296,-0.18525274,0.45540717,-0.06906052,-0.32014242,0.3917044,0.39308313,-0.04326762,-0.41115454,0.07980853,0.2238829,0.38085166,-0.34903222,-0.053566802999999996
gex_possorted_bam_1WGCZ:TGGTTCTGTAATGGCCx-M2,-0.17084578,0.09279774,-0.042382885,-0.10912223,-0.06635171,-0.20012185,-0.14475964,-0.025939817,0.31964037,-0.033942986,0.032277,0.046081312,0.037502386,0.18402061,0.066768944,0.13187774,0.049411085,0.30388469,-0.124316655,-0.07012593,-0.032380395,-0.09426472,0.0551403,0.10946006,-0.044594638,0.018546453,0.1418007,0.08794214,0.48966038,-0.09112615,-0.14925887,-0.03469284,-0.021970164,0.09827145,-0.04303401,-0.13527168,0.0067817485,4.9722217e-05,-0.038797963,0.17301083,-0.17549966,0.016448366,0.17347933,-0.10748486,-0.04512695,0.17744567,0.3257851,0.108543865,0.13834669,-0.060144674,0.38106847,-0.1345466,-0.10042262,0.14050241,0.27143574,-0.058875408,0.08137613,0.27734458,0.02175082,0.03171745,-0.12576446,0.24288121,-0.075021476,-0.2738319,0.5249383,-0.04496066,0.047222458,-0.03905665,0.33461934,0.035262723,0.10657375,0.29497617,-0.09572452,-0.03430381,0.019611137,0.027447805,-0.11163614,-0.06397669,0.023340749,0.1565111,-0.18009137,0.046376158,-0.089881465,0.10355337,0.2539495,-0.07958454,-0.02545306,0.14565521,0.94436944,-0.052328974,0.055613525,0.07361382,0.38178355,0.284333155
gex_possorted_bam_1WGCZ:TGTATCCGTCAGGAAGx-M2,0.35034728,0.04884561,0.43190384,0.11553108,0.4147583,1.4816067,0.55044484,0.118566066,-0.21759084,0.5595355,0.07481396,0.5164745,-0.1564677,0.5526446,0.16800612,-0.093525745,-0.007116716,-0.23345512,1.0641673,0.16007894,-0.022149889,-0.08968693,-0.3341841,-0.15632144,0.46569526,0.28465056,-0.0726356,0.056940783,-0.8341616,0.17876631,0.9319749,-0.114754826,0.33589637,-0.012917696,0.23415728,0.6927946,0.20993625,0.077632,-0.048285738,0.019899694,-0.24422954,-0.036156863,-0.05954529,0.46923175,0.3864556,0.26427528,-0.21930636,0.018028356,-0.17689954,-0.22174628,0.06708831,0.68442935,0.5415389,-0.056279868,0.1914082,0.22017506,-0.03106033,0.25954187,0.4376433,-0.024921268,0.37938696,0.14847106,0.8160741,1.0136133,0.43202773,0.26852855,0.09833103,0.54006356,0.035059657,0.023920242,-0.16695145,-0.18839006,0.220684,0.35876906,-0.08648843,-0.025955541,0.86650693,0.9797923,0.17542344,0.13614316,0.23075621,-0.19866924,0.5029754,-0.079387575,-0.3053434,0.4467869,0.45122662,-0.049059115,-0.38442892,0.028902007,0.20206477,0.4719113,-0.37769505,-0.03541765000000001
gex_possorted_bam_1WGCZ:TGGCCTGCACGTAAGGx-M2,-0.20615467,0.1214035,-0.049069334,-0.093416035,-0.08699424,-0.15530218,-0.11072123,-0.00019237131,0.4216613,-4.844573e-05,0.030333668,0.09297926,-0.06951096,0.3061926,0.08657433,0.073869504,0.07977877,0.30745438,-0.1524431,-0.04936646,0.012371976,-0.18240005,0.1221973,0.1524442,-0.025380878,0.051212322,0.25958923,0.051239006,0.44602475,-0.095427044,-0.14851955,-0.068615906,-0.06361887,0.11962972,-0.05119757,-0.1107291,-0.036004014,0.06973082,-0.0028263612,0.114389636,-0.26540032,0.0070436085,0.19585747,-0.081946,-0.091108814,0.27943662,0.299004,0.1566866,0.17976385,-0.156188,0.47390738,-0.16000547,-0.04130778,0.090196274,0.3390204,-0.07353018,0.11010179,0.29788193,0.04391668,0.051073752,-0.14679956,0.4197164,-0.010406533,-0.28299934,0.61371446,-0.020930167,0.06323645,-0.06866416,0.34427938,0.0931422,0.12943932,0.3818042,-0.05436104,-0.0053836703,0.03076663,0.05648495,-0.110492475,-0.032890864,0.040060814,0.23417635,-0.21841408,0.1467091,-0.07908522,0.15551977,0.17305838,-0.00881267,0.009617575,0.1517727,1.087555,-0.024888435,0.07440373,0.047453094,0.4977945,0.3593602
gex_possorted_bam_1WGCZ:TGGTCAGTCGCCTGTTx-M2,0.34650028,0.045037024,0.41711593,0.11981892,0.41272768,1.2520797,0.4893361,0.08969749,-0.15980117,0.46183932,0.1505992,0.42605525,-0.14671528,0.46310917,0.15314865,-0.057803363,0.011952281,-0.22461452,0.9098901,0.13031517,0.023139039,-0.05391966,-0.30583397,-0.13067847,0.40298665,0.2519856,-0.06875282,0.055055354,-0.76654476,0.2138077,0.76459485,-0.08181856,0.36319736,0.0013819073,0.23315558,0.6488276,0.18217741,0.13507882,0.06589896,-0.0015385612,-0.1997102,-0.02394307,-0.076804586,0.4893377,0.33049977,0.2646512,-0.21360469,0.047417548,-0.1640018,-0.1497523,0.052880537,0.5760887,0.48851693,-0.061029054,0.0968874,0.16665764,-0.013693773,0.21592171,0.4020146,-0.03022676,0.3277788,0.10484026,0.72721183,0.9801231,0.41222277,0.2523783,0.07914389,0.48800796,-0.035528675,-0.0017243405,-0.14951514,-0.16158795,0.23143563,0.3151442,-0.09356816,-0.023611937,0.68451935,0.82826585,0.17109174,0.10808779,0.2393055,-0.17975952,0.45788994,-0.060060725,-0.2848445,0.37007657,0.39288437,-0.043499276,-0.39042363,0.04994421,0.18903272,0.42030403,-0.35829076,-0.054382215000000005
gex_possorted_bam_1WGCZ:TGTGAAACATTGTCCTx-M2,0.34050378,0.1698017,0.395893,0.10724757,0.3010791,1.0733924,0.4131279,0.060706213,-0.082617894,0.6202227,0.15181749,0.41471606,-0.2383769,0.58168304,0.18627694,-0.066207744,0.012775326,-0.15416904,0.79258794,0.11736612,-0.027529886,-0.14371124,-0.22431673,-0.07513621,0.33399138,0.17636646,-0.038270857,0.02808307,-0.74782985,0.16831304,0.65266514,-0.040794313,0.35516945,0.079903975,0.26095834,0.5595335,0.18243977,0.06637571,0.13100347,0.19311894,-0.29474813,-0.011655211,-0.10421381,0.38371238,0.41032785,0.32669923,-0.11024051,-0.0048028184,-0.24306586,-0.29164356,0.13992782,0.47542438,0.41412067,0.057321567,0.32932973,0.18840156,-0.053183585,0.23231268,0.39880404,-0.01987703,0.3274185,0.04536211,0.6002343,0.817286,0.39412707,0.29238048,0.109082796,0.5509885,-0.008126035,0.12395525,-0.17529155,-0.16461931,0.20879102,0.33619332,-0.0999025,0.028815467,0.61033964,0.810447,0.16308214,0.13086386,0.1151369,0.20866579,0.44345465,-0.064595036,-0.35521752,0.34934255,0.3250559,-0.050714254,-0.4998915,0.08964523,0.16434416,0.21414253,-0.35157645,-0.0324392
gex_possorted_bam_1WGCZ:TGTTGGCCAGGACCAAx-M2,-0.14444366,0.054918814,-0.04616211,-0.08338439,-0.08379323,-0.114870094,-0.12503009,0.0011582313,0.25095707,-0.031030143,-0.001272008,0.04337173,-0.11785221,0.20227471,0.038432807,0.0049379324,0.049756713,0.25542116,-0.1464373,-0.06303601,-0.024856884,-0.12717661,0.049547512,0.12253365,-0.00830099,0.026912836,0.087487504,-0.00549583,0.21807073,-0.085938945,-0.11398016,-0.0094641065,-0.056233242,0.06723895,-0.036833793,-0.12257422,-0.044000722,0.016033707,-0.034458827,0.12158234,-0.27812725,0.0018636602,0.10424702,-0.046461575,-0.05551985,0.12937316,0.15948088,0.068194985,0.14583062,-0.21772517,0.3639213,-0.13548374,-0.048344377,0.025622014,0.3373692,-0.03471003,0.06358731,0.2018334,0.009011707,0.05122117,-0.09363001,0.3127656,-0.050352134,-0.20828877,0.23442337,-0.025115103,0.0418612,-0.049121793,0.31616446,0.064118065,0.07396852,0.28332487,-0.09552683,-0.017808817,0.03575063,0.015928047,-0.07481795,-0.10610299,0.0600899,0.14825356,-0.15013354,0.31979078,-0.12236232,0.175864,0.03535663,-0.050365977,-0.014971342,0.11904381,0.769617,-0.07221132,0.01227658,-0.050104316,0.39265049,0.23612323999999998
gex_possorted_bam_1WGCZ:TGTTGTTTCGCTAAACx-M2,-0.19139354,0.24555807,-0.022484232,-0.09993223,-0.09115841,-0.13713838,-0.15298836,0.0076114465,0.40413567,-0.09089526,0.11878535,0.12289551,-0.12738715,0.46229202,0.03179733,-0.0071769548,0.042771928,0.4610874,-0.1337782,-0.03600798,-0.05810831,-0.11909329,0.09594598,0.15860346,-0.03258275,0.06843332,0.24137299,-0.0044957255,0.3157014,-0.1474681,-0.07711598,-0.02179074,-0.025518885,0.20200898,-0.058264595,-0.13560598,0.00130894,-0.045907337,0.023706034,0.33320525,-0.28256813,0.008684072,0.18986498,-0.111335374,-0.041186158,0.37473142,0.23555276,0.15977295,0.08361633,-0.28825572,0.43940774,-0.14153007,-0.0732671,0.29155734,0.27331305,-0.028075553,0.03987366,0.31231153,0.11432746,0.10726167,-0.14371252,0.3352481,-0.12372639,-0.2708018,0.59388304,0.029020475,0.058898002,-0.011036226,0.337931,0.26914603,0.029530074,0.43634886,-0.11284915,-0.034998816,0.004182634,0.047089957,-0.08571104,-0.017622944,0.09268569,0.26897094,-0.17001626,0.53316957,-0.116339855,0.15254256,0.16190208,-0.06262692,-0.06918982,0.22910927,0.8796327,0.04688595,0.08663572,-0.09875028,0.48040515,0.28540043
gex_possorted_bam_1WGCZ:TGTTGTTTCATAAGCCx-M2,-0.18801074,0.154486,-0.03231457,-0.07605627,-0.12132733,-0.22882815,-0.14732276,-0.011271103,0.39972532,-0.113317244,0.056474682,0.06531679,-0.16706514,0.49194363,-0.003644769,-0.071782455,0.1632876,0.4918662,-0.118660375,-0.052702673,-0.035235893,-0.14414139,0.06477092,0.22431213,-0.037867226,0.087064534,0.16443647,-0.07547507,0.3326645,-0.10321743,-0.13359055,-0.027670149,-0.051972114,0.17088826,0.006467133,-0.1261973,-0.02562136,-0.04591988,-0.023520794,0.21901794,-0.29716426,-0.0021326386,0.12377974,-0.112299524,-0.047434658,0.29163143,0.02966789,0.16806155,0.1556987,-0.18680726,0.5008488,-0.14166982,-0.046449404,0.17763521,0.2979241,-0.041717023,0.013051544,0.3713929,0.036360964,0.08495133,-0.13138455,0.42017898,-0.17505279,-0.28206685,0.447103,-0.015301581,0.042605415,-0.03688296,0.49423677,0.1921443,0.08747736,0.4006435,-0.13960384,-0.065610856,0.045753725,-0.045221627,-0.08693041,-0.14842416,0.041090842,0.13539238,-0.17341477,0.8239904,-0.117088534,0.17735253,0.071741536,-0.08212465,-0.07925638,0.2392206,1.169446,0.009934773,0.045394853,0.025633778,0.63136065,0.22492343499999998
gex_possorted_bam_1WGCZ:TTACACCGTCACACCCx-M2,-0.17669834,0.11842237,-0.028711798,-0.10979027,-0.03298887,-0.12589574,-0.0801234,-0.0210518,0.3253815,0.025366059,0.04625089,0.02315546,-0.029476376,0.18798304,0.070264824,0.0864952,0.04661866,0.23769829,-0.12713125,-0.04179828,-0.0058570453,-0.1325257,0.08614259,0.11616064,-0.020625597,0.041031424,0.16281173,0.078786165,0.37194782,-0.093796626,-0.11684793,-0.026489316,-0.050335076,0.08857942,-0.06207923,-0.11462421,-0.0100314915,0.058897227,0.004098103,0.11706422,-0.2306346,0.0025870427,0.1456801,-0.08835324,-0.06348543,0.21032462,0.31316638,0.07934719,0.15888356,-0.14696944,0.38845262,-0.13416477,-0.06161968,0.031106295,0.31064832,-0.05469357,0.105980486,0.21347816,0.041298863,0.04637231,-0.1448229,0.3109149,0.020850137,-0.22386543,0.46353087,-0.034002542,0.03917501,-0.041400716,0.2888082,0.04184637,0.10916847,0.2804392,-0.025883436,-0.017205296,0.014699045,0.033089098,-0.08604376,-0.022220163,0.03369225,0.19245668,-0.16406044,0.010157498,-0.07261232,0.15526924,0.21421397,-0.012858326,0.021618782,0.1304386,0.8207544,-0.0312248,0.058906164,0.024997259,0.3438645,0.31204064
gex_possorted_bam_1WGCZ:TTAAGTGTCATGCTCCx-M2,-0.16960695,0.088731565,-0.08340592,-0.08635636,-0.12640192,-0.20784794,-0.117080085,-0.012421229,0.21684676,-0.09535963,0.024234839,-0.009688032,0.009713659,0.12118766,0.0049677133,0.08668483,0.06071476,0.2600257,-0.13848431,-0.029199697,-0.013500488,-0.066764235,0.122182585,0.14277118,-0.07076916,0.009539173,0.14857045,0.077062085,0.42847827,-0.08868516,-0.13924645,0.027332129,-0.058525495,0.097634174,-0.040737417,-0.13921514,-0.03087196,0.016029315,0.018642506,0.14964809,-0.07663107,0.015325718,0.094422214,-0.086333096,-0.067020796,0.13613167,0.17878568,0.0768353,0.12904494,-0.015382128,0.27254578,-0.1452175,-0.066486575,0.12502699,0.13867754,-0.03024804,0.060720153,0.1314381,0.008195414,0.02252886,-0.12290734,0.17968354,-0.14234242,-0.2491223,0.2519321,-0.024046961,-0.003825472,-0.054815017,0.21478012,0.056574274,0.10612001,0.14819741,-0.07794509,-0.041417092,0.040325318,0.07026041,-0.13336127,-0.088356465,-0.0049092784,0.09120995,-0.14263734,0.1423218,-0.06985169,0.077831425,0.2459479,-0.07292263,-0.04137312,0.10504298,0.64616996,-0.020788662,0.010622984,-0.01743143,0.31565535,0.17923461000000002
gex_possorted_bam_1WGCZ:TGTTGCACAAATGCCCx-M2,0.3393197,0.037940603,0.4412676,0.094839625,0.4484988,1.3918043,0.5142426,0.10266546,-0.1390715,0.53207624,0.12675798,0.46840084,-0.13850549,0.5462306,0.18841225,-0.07572998,0.021907197,-0.23242283,1.0012034,0.14807722,-0.01603538,-0.09200017,-0.30493158,-0.1552072,0.42465082,0.25698438,-0.06890807,0.029262243,-0.8152352,0.18699734,0.8355649,-0.08089545,0.36483452,0.021096803,0.23804925,0.7042755,0.18364996,0.094697036,0.0051141703,0.04262048,-0.22575961,-0.023723898,-0.0691898,0.49024296,0.38235936,0.2989239,-0.18200803,0.07002906,-0.17705107,-0.20303726,0.064689025,0.64635426,0.55152833,-0.06428392,0.18130168,0.18946463,-0.02233172,0.24168594,0.43573725,-0.047494024,0.32673907,0.10086375,0.7602733,1.0197933,0.42255217,0.24732956,0.10103111,0.5707011,-0.0021547647,0.00937083,-0.14719297,-0.15753035,0.21822502,0.33428878,-0.08975297,-0.046752114,0.7803131,0.9514183,0.16290112,0.11082669,0.23958825,-0.16145076,0.48670256,-0.06919446,-0.2684226,0.4434776,0.45319054,-0.05600333,-0.37150934,0.032497503,0.20473453,0.4348983,-0.3373511,-0.04057213999999999
gex_possorted_bam_1WGCZ:TGTGGCTCACTTCACTx-M2,-0.1683986,0.078719355,-0.05151737,-0.09952579,-0.08518894,-0.19141759,-0.11431295,-0.012199992,0.30494624,-0.00796852,0.0361674,0.025496472,0.05024894,0.13719434,0.0785812,0.13241124,0.0629363,0.2655236,-0.09966884,-0.054034926,0.0012332451,-0.054849263,0.09606402,0.12338609,-0.053789105,0.028836226,0.14326812,0.052951753,0.5311907,-0.092835315,-0.12015521,-0.048413005,-0.043715704,0.09967881,-0.038003568,-0.11110234,-0.015867576,0.014639558,-0.0109885875,0.13265738,-0.10399217,0.008404211,0.1878525,-0.11113143,-0.05572064,0.19265161,0.30361477,0.116148666,0.17167784,-0.02182524,0.39402193,-0.12868835,-0.069370784,0.095834695,0.22542325,-0.07167448,0.10862065,0.24464568,0.034370035,0.040129673,-0.14142917,0.24855319,-0.14051865,-0.2596656,0.50154966,-0.0665497,0.042644612,-0.011653017,0.32419288,0.033627555,0.1403435,0.26664078,-0.085781604,-0.04140153,0.028901426,0.038384985,-0.1215243,-0.055053845,0.03141695,0.14906646,-0.17032066,0.008762348,-0.06749406,0.1142449,0.31442595,-0.099847406,-0.039259445,0.15921947,0.959573,-0.047062695,0.04130524,0.08968258,0.37470847,0.27608398
gex_possorted_bam_1WGCZ:TTAAGGACAAACCTTGx-M2,-0.1224905,0.1512119,-0.06180529,-0.047227267,-0.15924753,-0.18492945,-0.15828393,-0.023723127,0.2499825,-0.07854484,-0.008402378,0.047099166,-0.16624594,0.2660696,0.034085672,-0.0016072058,0.07762881,0.34578338,-0.13541758,-0.018318241,-0.022279153,-0.149481,0.060423434,0.13717483,-0.10257791,0.0047848867,0.20083301,-0.023718111,0.27419528,-0.0929185,-0.14850086,-0.01568994,-0.08301334,0.09686874,-0.031213153,-0.112423144,-0.019165989,-0.04435653,-0.01305129,0.24898699,-0.2802072,0.064096235,0.10599913,-0.11249035,-0.02652539,0.13888426,0.1196969,0.076275565,0.08592462,-0.19520591,0.32931182,-0.12032908,-0.040233243,0.18033661,0.12450789,-0.009599028,0.02528017,0.1938083,0.01519699,0.063018,-0.06885843,0.26185077,-0.12122236,-0.20759423,0.29264525,-0.05012767,0.054683812,-0.05130862,0.2546352,0.15989622,0.048045654,0.18735251,-0.11050485,-0.038432438,0.027885193,0.034028966,-0.10334905,-0.13207877,0.023832448,0.11257308,-0.11382884,0.4817678,-0.08039474,0.09301609,0.025210029,-0.047095716,-0.07084273,0.14451073,0.71837413,0.00071639096,-0.00010323374,-0.10535119,0.3773504,0.190773835
gex_possorted_bam_1WGCZ:TGTGGCTCAATTAACCx-M2,-0.111366995,0.2552433,-0.053948257,-0.11402018,-0.16001984,-0.2563864,-0.11835535,-0.048717048,0.5657862,0.42183122,0.04128323,0.09925585,-0.21147402,0.53782254,0.234731,-0.051352616,0.044188496,0.37200373,-0.1347192,0.0060287565,-0.06842994,-0.16903026,0.066681765,0.2867997,0.03829124,0.0028421453,0.115325645,-0.02093808,0.09330001,-0.08670546,-0.15016167,0.012868589,-0.009845602,0.15631093,0.05865594,-0.18046989,-0.055126183,-0.058589227,0.23221496,0.29443365,-0.22463503,-0.032999717,0.01512051,-0.16757,0.05643156,0.37101182,0.16964512,-0.02194898,-0.034608755,-0.31648698,0.6314058,-0.17051703,-0.14215302,0.26176128,0.7282497,0.014901791,0.01688869,0.4040173,0.11603355,0.10877812,-0.034857437,0.21045783,-0.1695582,-0.28199333,0.37767956,0.0443608,0.07851273,0.111084506,0.40041175,0.36197764,-0.012161104,0.28909826,-0.061276622,0.03973808,-0.04431176,0.014155518,-0.054531198,0.020514732,-0.028867645,0.27756953,-0.27566665,1.3243269,-0.08590054,0.15477018,0.034535363,0.0060070227,-0.08241914,0.090352856,0.5071029,0.031807374,0.0053258655,-0.042620413,0.35627055,0.19005147500000003
gex_possorted_bam_1WGCZ:TGTTAGCAGACAACAGx-M2,-0.18281788,0.13599342,-0.081011966,-0.12619714,-0.058978427,-0.14667334,-0.106842756,-0.008408552,0.4097569,-0.030219221,0.032213762,0.057570923,0.07553778,0.25222513,0.022234697,0.14767893,0.057944305,0.37090388,-0.13539487,-0.017667692,-0.01859238,0.002423794,0.04720741,0.1311809,-0.05189366,0.03581217,0.17120825,0.099009685,0.51642114,-0.10441868,-0.09509323,-0.02930392,-0.024542425,0.118386626,-0.028173847,-0.11821446,-0.036555424,0.04137971,-0.02235622,0.13792603,-0.08007078,-0.019073935,0.211718,-0.084402144,-0.03402756,0.2185909,0.3547234,0.15015246,0.1264139,0.012449848,0.46792892,-0.11739673,-0.074588716,0.10946585,0.23749253,-0.07350984,0.12732868,0.24059072,0.026149448,0.029212259,-0.15211785,0.37524247,-0.095317386,-0.25822788,0.67181414,-0.04504721,0.028834369,-0.042340707,0.35065436,0.026141105,0.13197911,0.38793522,-0.09293981,-0.031299215,0.015338972,0.014387138,-0.086927295,-0.06323485,0.07833822,0.18351007,-0.21182562,0.066023685,-0.019771466,0.092420176,0.3645052,-0.09285298,-0.04147168,0.17989738,1.0456527,-0.05009445,0.030961381,0.16975643,0.43432423,0.364982935
gex_possorted_bam_1WGCZ:TTACAGCAGTTACCGGx-M2,-0.18600316,0.087943785,-0.023393705,-0.12387491,-0.10506867,-0.16388844,-0.114169955,-0.02443761,0.37809265,-0.00019863686,0.033433516,0.027353952,-0.17375526,0.34031263,0.06403033,-0.0100281695,0.09362554,0.37733987,-0.14550632,-0.029737767,-0.02128488,-0.2190938,0.10374073,0.18981962,-0.041028857,0.061632168,0.18450888,-0.0007753765,0.3021784,-0.10585196,-0.16259362,-0.023084287,-0.057334226,0.13350108,-0.01583566,-0.12795594,-0.039718397,0.0059825922,-0.0075872326,0.16710827,-0.35893163,0.018604489,0.1309847,-0.08748727,-0.07204721,0.21142238,0.1542649,0.06932437,0.1496423,-0.28116155,0.48607835,-0.14873333,-0.070872955,0.069110975,0.3896597,-0.051428456,0.06555717,0.30406743,0.059355665,0.07483861,-0.13750555,0.34476042,-0.08720714,-0.2681595,0.36429504,-0.005388352,0.02654376,-0.049256116,0.44822425,0.14391565,0.10936473,0.3695017,-0.09763145,-0.029994002,0.012526167,-0.016663305,-0.1160348,-0.07287901,0.04144008,0.17469579,-0.17857619,0.5166975,-0.08850669,0.18812464,0.07102749,-0.05525935,-0.07537996,0.18446341,1.0889552,-0.012277583,0.041436892,-0.011924065,0.54696083,0.24951266
gex_possorted_bam_1WGCZ:TGTGGCGGTCTAACCTx-M2,0.34986115,0.02862481,0.43256578,0.09655295,0.45561674,1.3864472,0.5239423,0.096977144,-0.18586382,0.4984352,0.076562315,0.44688907,-0.12741715,0.5111229,0.17001256,-0.08406468,0.026263628,-0.23570468,0.9971605,0.15734158,-0.025701206,-0.08112726,-0.31014606,-0.1488825,0.45920846,0.27377254,-0.0771487,0.014035375,-0.8038679,0.16969767,0.79648536,-0.08946886,0.39050168,0.008025864,0.22238958,0.6729828,0.1720184,0.091963306,-0.029650096,0.027561361,-0.23515514,-0.016461432,-0.05137074,0.43123153,0.3458701,0.27143088,-0.2120969,0.04700156,-0.19149485,-0.19480032,0.07402511,0.6260215,0.5798966,-0.085393645,0.18475391,0.19392185,-0.039507322,0.21704175,0.4542257,-0.031537917,0.3459158,0.10974245,0.75959367,0.9751325,0.39592052,0.2726788,0.08006721,0.5500583,-0.0207458,-0.009982615,-0.16189528,-0.18704598,0.18967317,0.35305557,-0.0948697,-0.04971349,0.7940676,0.92271376,0.17810462,0.104598425,0.23692949,-0.1866531,0.4612273,-0.06972224,-0.28805497,0.42071894,0.4253982,-0.051663868,-0.3733095,0.027463965,0.16521767,0.44260556,-0.3610581,-0.051177225
gex_possorted_bam_1WGCZ:TGTTGTAAGGGTGGATx-M2,-0.2038233,0.052107222,-0.047728196,-0.1393072,-0.09146312,-0.17716825,-0.10303156,-0.027441451,0.36432195,-0.005020811,-0.008803039,0.028833957,-0.017241893,0.19696672,0.11050123,0.082776755,0.11705602,0.30871832,-0.11911248,-0.035208426,-0.01584599,-0.11451051,0.06139233,0.20052555,-0.019702422,0.07289023,0.17272176,0.09448643,0.5063528,-0.10116659,-0.09727697,-0.014297272,-0.029558944,0.12236366,-0.04206894,-0.13958262,-0.03164448,0.016557526,-0.052955586,0.08553166,-0.20255044,0.012093597,0.18487364,-0.117280886,-0.058764283,0.22518446,0.28903037,0.11374481,0.15123537,-0.0995643,0.41212252,-0.111231335,-0.056190062,0.08980554,0.30425587,-0.07430496,0.1043359,0.31168774,0.06255006,0.03734479,-0.14610761,0.3206282,-0.08782857,-0.2433345,0.51547885,-0.027095858,-0.014523545,-0.03548396,0.38743266,0.040663138,0.13397402,0.39277384,-0.088896796,0.001664975,0.023942845,0.016188834,-0.1046283,-0.066094525,0.028531123,0.19248107,-0.18833335,0.12316544,-0.054483492,0.16536218,0.25805,-0.0846981,-0.05020877,0.14278498,1.0457917,-0.023639478,0.057685718,0.08413513,0.44371092,0.30482928499999995
gex_possorted_bam_1WGCZ:TGTGTTAAGGAACACAx-M2,-0.21331638,0.2050848,-0.034133073,-0.09379118,-0.11486722,-0.2136981,-0.19592606,-0.026313506,0.41968462,-0.11471996,0.10638239,0.042975765,-0.16280244,0.43945158,0.00091554807,-0.05532709,0.12022812,0.4328577,-0.15662958,-0.029980594,-0.050411034,-0.1462415,0.060735643,0.2056305,-0.07070099,0.08141006,0.21916577,-0.027660716,0.2888813,-0.1227229,-0.1397628,0.002031611,-0.022464627,0.20469402,-0.016405685,-0.14600186,-0.012786982,-0.05626811,0.04022023,0.31788036,-0.3155539,0.03166088,0.10743629,-0.092196345,-0.046736546,0.31238317,0.090528585,0.14778805,0.11566833,-0.23705736,0.4356606,-0.14074737,-0.06690489,0.18868846,0.24668267,-0.06411726,0.0133960005,0.35652423,0.042577423,0.05831496,-0.13743632,0.3497547,-0.11961509,-0.27029613,0.43736213,0.01453295,0.027167527,-0.02749321,0.43495893,0.21560566,0.049800526,0.3793445,-0.133147,-0.053665817,0.02651223,-0.0040186667,-0.05868974,-0.11876935,0.06721164,0.17193626,-0.16939203,0.72921723,-0.09728658,0.16568443,0.10850958,-0.025673518,-0.056056548,0.1856049,0.94102025,0.0313957,0.05903747,-0.056596592,0.53593665,0.22014164249999998
gex_possorted_bam_1WGCZ:TTACCTGTCCTTTACGx-M2,-0.18599807,0.059867978,-0.05548152,-0.11873205,-0.0755194,-0.18013835,-0.111823104,-0.016149957,0.3426489,-0.036453653,0.013012825,0.051627032,0.08836569,0.16746853,0.03880787,0.11378796,0.08160113,0.32324407,-0.11697889,-0.030200895,-0.0067680795,-0.041648507,0.07380375,0.14153327,-0.04170156,0.03102279,0.16070789,0.064173415,0.5499633,-0.08996696,-0.13152948,-0.01912714,-0.029349951,0.10187348,-0.039995845,-0.12530744,-0.0137533825,0.049326476,-0.03208411,0.09516302,-0.09444148,-0.0039897547,0.15798683,-0.09230962,-0.038366534,0.17304197,0.29409283,0.09269108,0.15157111,0.026115697,0.40961096,-0.11723578,-0.05891171,0.09950919,0.24949594,-0.07030025,0.10695581,0.26861772,0.006654096,0.044029146,-0.14278355,0.27642164,-0.09062579,-0.25938907,0.51381946,-0.04546756,0.01983987,-0.0644951,0.34150848,0.011700091,0.13638036,0.32824606,-0.099985644,-0.008720159,0.02063451,0.028135885,-0.09914102,-0.082304545,-0.0042694993,0.15394436,-0.1801967,0.037016686,-0.07538263,0.13937025,0.3506314,-0.07378619,-0.04221829,0.1500622,0.9720336,-0.056522876,0.03627124,0.15431227,0.4106166,0.285257235
gex_possorted_bam_1WGCZ:TGTTCCTCAATTAGCTx-M2,-0.19934571,0.10261265,-0.031695105,-0.12966204,-0.10041316,-0.20886768,-0.106115915,-0.008636291,0.41367668,-0.040124618,0.04996466,0.054686353,-0.055300083,0.29825574,0.06321236,0.060303617,0.120520696,0.40829012,-0.10876356,-0.057986107,-0.004199219,-0.17529842,0.107314885,0.19477706,-0.022948846,0.07600827,0.16796108,0.043282326,0.5150293,-0.10810811,-0.12230921,-0.040649015,-0.027956134,0.16470997,-0.03790636,-0.12993711,-0.03553811,0.028936585,-0.01959938,0.14367622,-0.26118287,-0.009397616,0.15644145,-0.108345695,-0.07210851,0.29096448,0.22805631,0.16480826,0.1625994,-0.13107494,0.4738393,-0.14763193,-0.046255473,0.11447668,0.34142867,-0.05979641,0.08157211,0.36083943,0.034030218,0.06035667,-0.17180121,0.34957597,-0.089465916,-0.29934642,0.5406251,-0.031672463,0.020225773,-0.04575701,0.4660223,0.0969344,0.13836193,0.37763116,-0.112048075,-0.020692937,0.04722291,0.024900522,-0.098956816,-0.096867874,0.035781097,0.14630815,-0.21193875,0.284598,-0.108424515,0.14076512,0.18498869,-0.07287152,-0.04386463,0.1720156,1.1792848,-0.04387278,0.07865464,0.06433218,0.53196895,0.28881614
gex_possorted_bam_1WGCZ:TTAACTGAGGGATGACx-M2,0.34057832,0.06598047,0.4147178,0.11921023,0.45633203,1.138503,0.44992054,0.076492295,-0.12490741,0.45876926,0.12432673,0.4004424,-0.14218491,0.46213385,0.14275517,-0.03935132,0.029927755,-0.2038171,0.8278319,0.12290901,0.014232598,-0.04109625,-0.29573315,-0.13192953,0.3851061,0.23842926,-0.061354656,0.06386836,-0.74530286,0.16944054,0.66507167,-0.07259301,0.34467345,0.020108992,0.22283334,0.5955139,0.1443179,0.12946816,0.0567563,0.02646258,-0.2229641,0.0016659412,-0.04748937,0.4471314,0.30097488,0.2781591,-0.17876449,0.040660396,-0.15378228,-0.18488757,0.06731274,0.50727254,0.46480748,-0.08396667,0.17253558,0.16058995,-0.024786752,0.19426237,0.38823164,-0.036526863,0.30024046,0.12334225,0.7247385,0.89562225,0.37971064,0.23226237,0.08296229,0.47088286,-0.0048470846,-0.0031905,-0.1308372,-0.1320031,0.21011193,0.2971676,-0.08492283,-0.03759778,0.6545133,0.78457624,0.1920259,0.09714328,0.21481457,-0.15240088,0.41500175,-0.0472624,-0.26924717,0.3495309,0.36995247,-0.035787486,-0.30442378,0.06412834,0.18815467,0.36765483,-0.29727545,-0.02771112
gex_possorted_bam_1WGCZ:TTAATCGAGTGAACGAx-M2,-0.15628228,0.075216725,-0.09650247,-0.099627145,-0.10684746,-0.17139798,-0.08651224,-0.024196668,0.24404816,-0.009773588,0.010507775,0.03665204,0.033543132,0.13898861,0.06718044,0.121832006,0.069218814,0.19312304,-0.12646544,-0.027961396,-0.037198856,-0.022390684,0.08392594,0.07723566,-0.057516668,-0.0033686257,0.15131752,0.07900006,0.35726643,-0.08504733,-0.14775364,0.0075200987,-0.091835015,0.057310276,-0.086659804,-0.087796256,-0.016542979,-0.020988666,-0.08237325,0.08295139,-0.09439846,0.0022419821,0.17415579,-0.13100451,-0.02891521,0.103776805,0.26620027,0.039764147,0.11875919,-0.01779501,0.2647653,-0.13527969,-0.06440409,0.074489474,0.20677274,-0.04261166,0.062846586,0.14661635,0.022360036,0.091863945,-0.10002628,0.21711347,-0.071573764,-0.2705024,0.34816435,-0.065673724,-0.023605406,-0.06555518,0.22410783,0.025320115,0.06515831,0.26644063,-0.062795244,-0.01595596,0.022574125,0.035226718,-0.0942418,-0.09318517,0.041195273,0.16429716,-0.16362922,0.025374716,-0.023308324,0.09450113,0.21285883,-0.07134841,-0.04977633,0.074837975,0.768037,-0.05589412,0.025823915,0.051901344,0.30139983,0.24165687000000002
gex_possorted_bam_1WGCZ:TTAAAGGCACCTGCTCx-M2,-0.18721795,0.11306034,-0.047742825,-0.10418659,-0.12306792,-0.2083143,-0.1177203,-0.016463801,0.379271,-0.1143905,0.0481289,0.051866192,-0.2107443,0.4351111,0.014699992,-0.06842789,0.14918628,0.4705308,-0.12293297,-0.04454929,-0.035270903,-0.19950059,0.078008905,0.22980559,-0.04234935,0.08246726,0.1589932,-0.06921076,0.28371257,-0.09537187,-0.15074353,-0.021093465,-0.049722552,0.1431202,0.006792924,-0.13352305,-0.019028103,-0.038159665,-0.013590221,0.20448333,-0.3698423,0.021187095,0.10411136,-0.1192133,-0.054002926,0.2694735,0.031718127,0.14067398,0.1322759,-0.25022706,0.48456648,-0.14562936,-0.04047413,0.15135624,0.3067733,-0.058994517,0.011434642,0.33186245,0.032563187,0.09895222,-0.14313953,0.3886872,-0.1657609,-0.27952322,0.3768513,0.0020674434,0.017267702,-0.04613636,0.4784293,0.18746564,0.07841542,0.38360345,-0.13390592,-0.04996202,0.03334822,-0.04604176,-0.10683615,-0.15341538,0.040029027,0.16024686,-0.15875195,0.78369564,-0.100673355,0.16037838,0.00034573482,-0.070718795,-0.08225471,0.23462877,1.0900899,0.0001236333,0.02873853,-0.026228389,0.59024245,0.2102026635
gex_possorted_bam_1WGCZ:TGTGGAGCACAACCTAx-M2,-0.16993783,0.13991429,-0.008740051,-0.08941157,-0.0107530495,-0.10722547,-0.025146507,-0.010698488,0.3260997,0.092958964,0.075635225,0.046339992,-0.08478595,0.22847211,0.095238954,0.045264956,0.025099037,0.23613393,-0.12985654,-0.054473743,-0.0052137813,-0.17082714,0.07864221,0.117353715,-0.006860544,0.08216467,0.15701781,0.10583599,0.2648342,-0.104732245,-0.10309611,-0.025995027,-0.05037643,0.120140225,-0.08693785,-0.113436766,0.0010917456,0.08987124,0.026685009,0.15424795,-0.32830483,0.014494941,0.13381061,-0.064454086,-0.06694079,0.24025415,0.32508633,0.05251634,0.13390316,-0.27171934,0.44280896,-0.14431928,-0.092549965,-0.009411472,0.43027133,-0.036858443,0.09668794,0.26018494,0.050109003,0.034405936,-0.1470773,0.3815211,0.13751934,-0.18024518,0.42497522,-0.00738865,0.07304938,-0.042835806,0.35151252,0.10837532,0.079747826,0.28323945,0.012085188,-0.025721239,-0.026521247,0.013660939,-0.04377792,0.0074242796,0.05992297,0.23487887,-0.12775111,0.10715615,-0.0970308,0.20608748,0.15832639,0.013842925,0.054453496,0.16360296,0.79946995,0.0046312357,0.0707893,0.0007648185,0.3606615,0.353303715
gex_possorted_bam_1WGCZ:TTAACCAAGGCTATGTx-M2,-0.18517321,0.20183313,-0.052201662,-0.082107775,-0.15571369,-0.2040314,-0.2276612,-0.012071072,0.4646057,-0.16034761,0.06840319,0.08070451,-0.23085271,0.57550055,-0.016649472,-0.0869275,0.13359034,0.54368204,-0.15071358,-0.08617907,-0.07614677,-0.1594458,0.000118922646,0.26167807,-0.012195188,0.0934964,0.1753865,-0.09641541,0.16891074,-0.123476945,-0.17649366,-0.0049827513,-0.001081393,0.1818181,0.02804308,-0.13104376,-0.028170139,-0.08108467,-0.010083951,0.33055592,-0.37737453,0.051201988,0.09046647,-0.11342141,-0.03342301,0.30072254,-0.047882304,0.1519956,0.082846574,-0.28201875,0.5607455,-0.17247687,-0.056419235,0.25519583,0.2987723,-0.059166934,-0.017830476,0.33521813,0.027260572,0.110139616,-0.14500791,0.4084674,-0.15545772,-0.2891549,0.40137473,0.019576162,0.038004085,-0.026055088,0.49631128,0.2319184,0.02187946,0.40257773,-0.13889684,-0.03216701,0.051280543,-0.06389907,-0.10174356,-0.11817826,0.09050827,0.1880453,-0.16910918,1.0828049,-0.08972964,0.16167867,0.011499656,-0.08436084,-0.08787188,0.27560076,0.98435694,0.058030024,0.01758871,-0.087252125,0.5785614,0.180292548
gex_possorted_bam_1WGCZ:TGTTTGTTCTTCAATCx-M2,-0.17689592,0.10164114,-0.07939651,-0.11656944,-0.124446265,-0.16385539,-0.09219838,-0.014574538,0.32636052,-0.01434825,0.0420452,0.0041204197,-0.05555605,0.16567475,0.028882053,0.118782885,0.06016529,0.29082853,-0.14250705,-0.036004342,-0.0105035,-0.15227433,0.07974722,0.123573504,-0.06212561,0.08929447,0.14778703,0.07411314,0.4603938,-0.09048403,-0.12939893,-0.03137911,-0.06600246,0.09528707,-0.05293937,-0.10688432,-0.03656259,0.046622127,-0.021599822,0.08251796,-0.2368339,0.020800646,0.16505058,-0.090296715,-0.049516086,0.19626068,0.27738747,0.08625654,0.16902798,-0.118702225,0.4472659,-0.1312422,-0.08248976,0.068044,0.29046324,-0.06575692,0.10750902,0.23892966,0.009650126,0.06558788,-0.16834542,0.31607667,-0.056875534,-0.2565147,0.49692288,-0.04228515,0.04110682,-0.036696244,0.32418856,0.05933044,0.14480168,0.3278372,-0.05464594,-0.044569496,0.03722879,0.04241057,-0.10347902,-0.054652527,0.011333753,0.19979191,-0.17606689,0.03253235,-0.040287882,0.12543254,0.1836969,-0.08641173,-0.033347134,0.14834152,0.95253587,-0.053183366,0.029088827,0.024130888,0.39054236,0.29673207
gex_possorted_bam_1WGCZ:TTACGTTTCGAAGTAGx-M2,-0.18058673,0.14546354,-0.019314753,-0.095032856,-0.1417999,-0.19960974,-0.16338207,-0.023805954,0.40318668,-0.041277464,0.041572616,0.10254271,-0.17592385,0.48790142,-0.002602417,-0.06812578,0.16543463,0.49207315,-0.13777493,-0.022126382,-0.043696456,-0.2053375,0.08866059,0.20523608,-0.04773777,0.083000526,0.17001928,-0.05097852,0.28682584,-0.11770289,-0.14254835,-0.028946273,-0.06689983,0.18213965,0.006856049,-0.11855596,-0.017473368,-0.050597295,-0.02138494,0.23589307,-0.3335582,-0.011034569,0.12941238,-0.0963085,-0.027534848,0.3281321,0.050567515,0.14631522,0.15338452,-0.24627647,0.4950607,-0.14162937,-0.07141882,0.19120777,0.38594604,-0.02485847,0.022250535,0.39147902,0.04478837,0.05947994,-0.1286875,0.39916798,-0.15829907,-0.2851778,0.3824079,-0.031398274,0.022072887,-0.052728318,0.53814536,0.19672707,0.108279385,0.39094245,-0.123142354,-0.0669439,0.034122016,-0.039865527,-0.08069502,-0.09086398,-8.8752284e-05,0.1486904,-0.18669204,0.8476561,-0.11965903,0.16807593,0.0603457,-0.032440923,-0.082694225,0.19978125,1.1721251,0.021714868,0.062425975,0.01068843,0.63190323,0.2248677475
gex_possorted_bam_1WGCZ:TGTGTGAGTGCTGGTGx-M2,0.3723285,0.04886547,0.38656348,0.1326438,0.584473,0.8208706,0.35582477,0.043764148,-0.1758444,0.45687166,0.29642433,0.35740763,0.10544749,0.33326435,0.055834472,-0.072033666,0.004185446,-0.2719781,0.62389547,0.118921995,0.0781139,0.2432274,-0.3805252,-0.13578355,0.37882325,0.19423325,-0.07207238,0.018034646,-0.8203175,0.31249467,0.64151376,-0.07367681,0.26137888,-0.045358278,0.18697853,0.49473014,0.094703525,0.15252118,0.2615981,-0.059389226,0.18703061,0.010647066,-0.070480295,0.53346914,0.19105913,0.22937818,-0.19665359,0.040692624,-0.211157,0.088005096,-0.00933079,0.5040972,0.3028128,-0.107826166,0.0774592,0.09732805,-0.06470045,0.15073535,0.31813154,-0.0627064,0.27168614,0.06174313,0.8062909,0.9719984,0.2255976,0.18158518,0.064430125,0.30601054,0.010438519,0.020523658,-0.13453232,-0.13609959,0.26339102,0.25938413,-0.09425807,-0.06902357,0.6239581,0.65487826,0.10145522,0.07602935,0.31061587,-0.14224079,0.4143861,-0.046869595,-0.0061698486,0.29808283,0.3223492,-0.06300042,-0.45622778,0.086055554,0.20270398,0.55636567,-0.322708,-0.06745522999999999
gex_possorted_bam_1WGCZ:TTAAGGTGTATTGTCCx-M2,-0.19483675,0.34863347,-0.06575394,-0.08919218,-0.10175626,-0.22603324,-0.24340415,-0.012665922,0.4925157,-0.19833161,0.14334503,0.20643626,-0.27366984,0.7043126,0.0141154565,-0.049513638,0.12347836,0.58546853,-0.16754079,-0.04852633,-0.09588128,-0.1117769,0.049627963,0.24292919,-0.032960925,0.052455004,0.27606365,-0.041260313,0.1992895,-0.15262549,-0.18350585,0.0049865437,-0.0098418305,0.27336198,-0.041254602,-0.12620294,-0.011328601,-0.092294775,0.026158363,0.5501474,-0.37471804,0.015112866,0.15289596,-0.17836547,-0.008186322,0.40418985,0.093864,0.21054783,0.042418227,-0.34607747,0.4811294,-0.16719212,-0.055967495,0.4429932,0.24578902,-0.03832317,-0.012440643,0.41629693,0.073982894,0.15701744,-0.12494413,0.41735208,-0.12750891,-0.30532628,0.65310323,0.055641275,0.019436937,-0.0105662765,0.36803162,0.37679854,-0.028514,0.4133378,-0.13561873,-0.05158428,0.019803533,0.034328815,-0.07440491,-0.06127339,0.078963175,0.26300037,-0.18302354,1.0479969,-0.09601134,0.17912933,0.08438722,-0.04119873,-0.06273172,0.25776005,0.77086926,0.09341722,0.06997759,-0.20567517,0.5294966,0.25560804000000004
gex_possorted_bam_1WGCZ:TTAAAGGCAGTAATAGx-M2,0.26682767,0.08484363,0.3474472,0.10871525,0.46881616,0.76833206,0.26741558,0.05959879,0.08565621,0.37967092,0.365471,0.34383085,-0.010104139,0.3903819,0.12213017,0.016590673,0.048209284,-0.12852676,0.564149,0.043212846,0.06911444,-0.012995579,-0.2222971,-0.043772507,0.3263552,0.21770948,-0.015329327,0.096509814,-0.4888343,0.21930395,0.4740051,-0.053433977,0.2656919,0.035671458,0.14586227,0.42650202,0.08985684,0.19183035,0.36966217,0.01927126,-0.048271116,-0.013566066,0.005881628,0.5530325,0.11912092,0.35030514,-0.062184136,0.15800427,-0.09419325,-0.070424594,0.20525503,0.3382659,0.306431,0.005997662,0.11802902,0.08387084,0.022260986,0.26155806,0.32050723,-0.036641225,0.22449706,0.15441506,0.69519186,0.78765374,0.49712607,0.16387187,0.07067049,0.36069262,0.0641381,0.033115365,-0.04765284,0.059492957,0.19996795,0.21431734,-0.06996798,-0.0033082361,0.45129266,0.6194944,0.12325022,0.1238114,0.17176296,-0.08591607,0.3018276,0.018354181,-0.025742756,0.24140501,0.26993194,0.012224722,-0.018502928,0.09569457,0.2096492,0.40585005,-0.110130034,0.046115461999999996
gex_possorted_bam_1WGCZ:TTAAAGGCAATATACCx-M2,0.34804872,0.084815115,0.4745954,0.16624965,0.41009897,1.4862026,0.57027996,0.099547,-0.1987098,0.5559375,0.09602584,0.5333021,-0.3043633,0.56729674,0.11592528,-0.06811297,0.007892757,-0.21979971,1.094422,0.17421,-0.013112178,-0.20428458,-0.2905652,-0.17004272,0.42160425,0.2947556,-0.084336914,0.05681908,-0.83140653,0.17978811,0.8754951,-0.09379713,0.37143105,0.039628856,0.2599823,0.7182514,0.24056244,0.13915004,0.01213529,0.0029989274,-0.45565978,-0.013439247,-0.07818543,0.5629027,0.42293376,0.32124522,-0.25212708,0.012728251,-0.16698124,-0.36735934,0.036392346,0.6348658,0.56192327,-0.074819796,0.18149525,0.22702865,0.0040721274,0.26603135,0.45483267,-0.030988881,0.39479947,0.17160639,0.8574878,1.002406,0.45472148,0.28864184,0.080012925,0.5928191,-0.010878792,0.0221081,-0.15676643,-0.17767899,0.2481227,0.34308898,-0.08489933,0.015395956,0.79703605,0.9604643,0.20905735,0.14473708,0.1956297,-0.20066066,0.5484601,-0.053390075,-0.47191095,0.45245016,0.4199357,-0.038009938,-0.3908951,0.07780734,0.24186064,0.3319834,-0.38810864,-0.040260345
gex_possorted_bam_1WGCZ:TTACCGTGTGACCTGGx-M2,-0.19438034,0.08499342,-0.05654311,-0.096814446,-0.117764436,-0.20986767,-0.13137476,-0.0174725,0.32330462,-0.06185712,-0.009675418,-0.020455198,0.034487724,0.19771746,-0.0071481317,0.09934702,0.096814476,0.36425713,-0.13089114,-0.032925267,-0.018708676,-0.041084427,0.035239145,0.18563329,-0.06189778,0.021991866,0.17238699,0.035309646,0.54364544,-0.079834886,-0.096359126,-0.025418809,-0.030318584,0.075214714,-0.057538107,-0.13173464,-0.030554786,0.019776035,-0.0525187,0.12694697,-0.07700376,0.0005144602,0.17631164,-0.11284705,-0.05613871,0.16871107,0.24521048,0.10235939,0.17586526,0.021132803,0.40814367,-0.1283092,-0.057844885,0.109926075,0.21971737,-0.071010746,0.07883701,0.2322692,0.015252053,0.061554577,-0.14218664,0.3087948,-0.1455989,-0.29178676,0.49553487,-0.05986426,0.024595292,-0.056228124,0.3437778,0.05345307,0.13543117,0.28168002,-0.11871592,-0.026367303,0.041636154,0.019031197,-0.059810065,-0.11276423,0.032173928,0.17451873,-0.18260781,0.16878782,-0.029985135,0.11333128,0.2932656,-0.12616287,-0.07939103,0.17882799,1.0531561,-0.044741526,0.032371014,0.16484112,0.45032412,0.27700263999999997
gex_possorted_bam_1WGCZ:TGTGTGAGTCCCGGAAx-M2,-0.17813529,0.20007038,0.0069614523,-0.08418809,0.047971882,-0.08741832,0.003369735,-0.020201601,0.29560116,0.12233285,0.079439595,0.038573585,-0.08404978,0.2165478,0.07361702,0.040451474,-0.0019096462,0.1911013,-0.118178435,-0.028796166,0.002529594,-0.15008685,0.06988175,0.09294658,0.018771162,0.08534547,0.1669648,0.12288771,0.18782859,-0.11036686,-0.087107114,-0.00757763,-0.04490958,0.12440582,-0.1009272,-0.10739185,0.008239624,0.14656213,0.048940808,0.14242104,-0.33584383,0.023441717,0.11264229,-0.0382954,-0.046782326,0.2555645,0.32680196,0.039556127,0.124474235,-0.28806782,0.43395483,-0.13687937,-0.08915212,-0.03968339,0.43166333,-0.040583722,0.10355661,0.214002,0.04248592,0.030281516,-0.15760097,0.37358433,0.25499445,-0.1522961,0.4104119,-0.006372214,0.08302345,-0.039152127,0.301515,0.0974617,0.056279644,0.24905106,0.06979165,-0.034496177,-0.03291274,0.023874396,-0.012914364,0.0407302,0.053022858,0.27081144,-0.10197178,0.0076121744,-0.09153053,0.22451496,0.17305887,0.05084351,0.09923011,0.15257733,0.60096,0.029428108,0.0706554,-0.02204478,0.26436666,0.350193145
gex_possorted_bam_1WGCZ:TTAAGGACATGACTATx-M2,-0.18058951,0.13388115,-0.055578012,-0.11506294,-0.06563392,-0.18230352,-0.080024354,-0.013863321,0.3388379,-0.018085439,0.017922513,0.015932119,0.14234872,0.15636386,0.07368791,0.2011159,0.06807166,0.28891906,-0.12106575,-0.05006102,0.002401893,0.005969391,0.09567837,0.11926835,-0.027216367,0.036002718,0.17833492,0.13290444,0.5912281,-0.09069279,-0.14100136,-0.027291076,-0.037794907,0.11082869,-0.069805935,-0.11299071,-0.027720172,0.08999845,-0.03953284,0.13535552,0.0089973165,0.009690011,0.1789571,-0.101617135,-0.049270194,0.16785999,0.38222364,0.1127086,0.1904053,0.11636241,0.41837394,-0.14020649,-0.055854734,0.11977752,0.22110464,-0.052743215,0.1433094,0.25184807,0.026537197,0.042176817,-0.16625737,0.24436155,-0.05857965,-0.24133907,0.5956062,-0.06623079,0.023536526,-0.072447665,0.3166832,-0.012312192,0.14944768,0.31426823,-0.060804162,-0.031028971,0.033798072,0.06258455,-0.087619215,-0.06268874,0.0009742185,0.18118252,-0.17279908,-0.0908579,-0.06812231,0.13098758,0.47057307,-0.07280309,-0.012903305,0.16583596,0.88139445,-0.042074043,0.037739526,0.18000516,0.35910168,0.313292595
gex_possorted_bam_1WGCZ:TTAAGGTGTGCAATGCx-M2,-0.17702182,0.13492696,-0.04155264,-0.09971683,-0.107257344,-0.17890528,-0.15461421,-0.016063593,0.37986204,-0.09688196,0.057308927,0.038343623,-0.16515772,0.38779697,0.02093211,-0.044589344,0.12607369,0.42888787,-0.14662209,-0.045014914,-0.04034449,-0.17517331,0.06178453,0.19320612,-0.050571762,0.055305097,0.19056912,-0.043199755,0.29572818,-0.103672616,-0.11866741,-0.018213026,-0.044948507,0.16552395,-0.027822476,-0.13816431,-0.024127785,-0.046501033,-0.0040520933,0.22043785,-0.33341244,0.03295371,0.08764159,-0.106617786,-0.06406543,0.27104044,0.077218734,0.13113736,0.13577776,-0.24587722,0.456349,-0.12664683,-0.04391591,0.14349967,0.28702602,-0.057080448,0.0046768296,0.3166161,0.043396525,0.07474158,-0.14798981,0.35948586,-0.12766664,-0.2575572,0.36745623,0.0010244816,0.036392506,-0.04021576,0.4519265,0.17052346,0.06397719,0.33509284,-0.13147683,-0.03544437,0.046369933,-0.014240508,-0.07886342,-0.12031498,0.065959424,0.15305212,-0.16413316,0.6912265,-0.09691711,0.14194725,0.05602995,-0.05514043,-0.07323968,0.21181284,1.0320503,-0.006340802,0.051477384,-0.032139454,0.54646987,0.218352297
gex_possorted_bam_1WGCZ:TTAAGCCAGGGTCCACx-M2,-0.20376936,0.09793561,-0.036542144,-0.1157231,-0.08930616,-0.200379,-0.11230264,-0.016048107,0.400841,0.0005005342,0.051598765,0.04393298,0.0022204716,0.21399577,0.064409,0.1276629,0.07767395,0.315919,-0.13137133,-0.03144967,0.015621523,-0.12218804,0.09079847,0.14692903,-0.031897288,0.066234425,0.1839985,0.081722006,0.5588273,-0.08937257,-0.14020772,-0.0370185,-0.045935918,0.10882013,-0.04610357,-0.122993596,-0.034113817,0.060808703,0.00064082246,0.1061142,-0.1780336,0.019275673,0.17952567,-0.0745511,-0.058842257,0.22384207,0.3417766,0.11210227,0.17535897,-0.06351424,0.4788865,-0.12829483,-0.07166482,0.09210495,0.27114576,-0.07091408,0.13098787,0.29918736,0.043250676,0.054309614,-0.1614229,0.31050923,-0.05980905,-0.25708616,0.6098213,-0.04093406,0.046211712,-0.044151,0.348408,0.041760523,0.1528979,0.35454476,-0.083816335,-0.010189882,0.032272674,0.050381314,-0.10053879,-0.03896302,0.025600709,0.19393413,-0.1875394,0.013605053,-0.056271896,0.1310332,0.29395306,-0.068113744,-0.024755383,0.16827849,1.0530005,-0.030053476,0.061465282,0.109834746,0.4500615,0.32614291500000003
gex_possorted_bam_1WGCZ:TGTGGCTCACATTAACx-M2,-0.10205266,0.1559468,-0.108430244,-0.13420561,0.009025323,0.034032658,-0.043774936,-0.022522377,0.105667435,-0.016034843,0.0017317653,0.04094803,-0.011239708,0.055700377,-0.12010972,0.04667141,-0.016889036,0.17938796,-0.07504077,0.040117536,0.011608591,0.025310561,0.010713415,0.026169775,-0.084098786,-0.0070129065,0.04876051,0.05802927,0.13126568,-0.070327625,0.08370752,-0.043904345,0.033388264,0.06557727,0.12993471,-0.049566098,-0.028563188,-0.06649792,-2.3933299e-05,0.08376059,-0.06789453,0.042078238,0.15481691,-0.03587101,0.013339291,0.063462965,0.1478583,0.13312648,0.029039182,-0.0577918,0.23944964,-0.020057652,-0.045189038,0.04847996,-0.036356706,-0.05989413,0.08672839,0.003914069,0.043947972,-0.08561209,-0.047679078,0.36329055,-0.06621867,-0.14932638,0.21528971,-0.044841524,-0.0016263287,0.008495346,0.13566037,-0.07662796,0.007859293,0.13575028,-0.029763052,0.04157049,-0.012883667,-0.03813278,-0.052350108,-0.08753622,0.23165865,0.074303806,-0.15792918,0.113350004,0.11748734,-0.11615155,0.08678986,0.010586542,0.02434121,0.027944377,0.37446788,-0.055662517,-0.00824166,0.039616156,0.067432426,0.255574425
gex_possorted_bam_1WGCZ:TGTTAGCAGACTTATGx-M2,-0.18680353,0.12967266,-0.05304165,-0.1225556,-0.065392755,-0.17485434,-0.094741076,-0.008729092,0.41774067,-0.02388021,0.036557708,0.06335713,0.10582248,0.23857605,0.06733263,0.1683714,0.071217835,0.3621604,-0.11934543,-0.0452694,0.008636704,-0.03856203,0.10279355,0.1597839,0.0012024358,0.06439495,0.18878968,0.11991145,0.61937815,-0.09214246,-0.13844578,-0.028281556,-0.036230415,0.12902501,-0.068727344,-0.10494101,-0.030683292,0.075862244,-0.010225814,0.14615542,-0.06515998,-0.012928852,0.19196106,-0.09251732,-0.05189467,0.2618114,0.38226908,0.14198971,0.17220427,0.05132055,0.49743697,-0.13490152,-0.062149554,0.105138786,0.2864889,-0.06720038,0.15370081,0.30310565,0.04841395,0.066655084,-0.18039232,0.341939,-0.047562584,-0.24525835,0.7237601,-0.02744295,0.053738657,-0.05349988,0.3619662,0.041870967,0.17774618,0.41959986,-0.087941766,-0.012272689,0.045514464,0.053568013,-0.08362622,-0.032004528,0.030821035,0.18947652,-0.19343244,-0.042260583,-0.061171353,0.15563938,0.44653544,-0.07834849,-0.021533629,0.1631667,1.0860277,-0.03090263,0.056007177,0.18235178,0.45592666,0.36210403999999996
gex_possorted_bam_1WGCZ:TTACCTGTCTAGCGTGx-M2,-0.21708603,0.114727065,-0.052357577,-0.093084246,-0.10536677,-0.19471206,-0.11689297,-0.009375237,0.39108032,-0.036851924,0.06548397,0.09986415,-0.00076766626,0.2706708,0.007832637,0.088581055,0.13134511,0.3863104,-0.12327974,-0.017860197,0.00097462063,-0.10058423,0.11122736,0.17856039,-0.045677636,-3.6358168e-05,0.22547957,0.037592877,0.5034065,-0.09381802,-0.11867708,-0.024299763,-0.038345292,0.13355999,-0.040166363,-0.09180346,-0.017826814,0.021326277,-0.00809019,0.17710933,-0.18335573,-0.037547044,0.18702838,-0.063635424,-0.04590522,0.2459721,0.24788254,0.13676554,0.14653383,-0.052611716,0.44258925,-0.14546789,-0.04067188,0.15648024,0.294866,-0.0752353,0.09247007,0.29029053,0.03457455,0.04930314,-0.13644557,0.3102959,-0.11305134,-0.28475282,0.5418137,-0.038050707,0.021883808,-0.04531079,0.4071691,0.09659586,0.1391179,0.3462728,-0.11355525,-0.012375733,0.013180965,0.051271137,-0.10302604,-0.05353138,-0.0039925845,0.23276915,-0.20018633,0.2317123,-0.063690856,0.15067099,0.28164905,-0.071092494,-0.042265955,0.15232348,1.0906917,-0.03445271,0.059026606,0.09654767,0.4792404,0.27908922
gex_possorted_bam_1WGCZ:TGTGCGGGTTGAAGCCx-M2,-0.08479315,0.12936364,-0.07022847,-0.074870214,-0.0359563,-0.037828278,-0.06785253,-0.019233273,0.12581061,-0.015308611,0.022310486,0.06590463,0.07223034,0.09282701,-0.06412399,0.023622276,0.012809938,0.21781032,-0.12734185,0.059115715,-0.04922748,0.04256166,0.058017567,0.05792763,-0.12156875,0.042333245,0.1259937,0.010802141,0.23326659,-0.069700286,-0.07109124,-0.03531024,0.0029918212,0.06629794,0.34925017,-0.059756204,-0.04927595,-0.08425942,-1.6663995e-05,0.13807446,0.049539093,-0.043680348,0.14373979,-0.0068177697,-0.034175802,0.055834603,0.19007549,0.08594471,0.059115022,0.020495707,0.20976229,-0.047246177,-0.119615175,0.09281393,0.031430185,-0.009251727,0.0252595,0.08491793,0.027197668,-0.006631546,-0.0032392559,0.28315574,-0.07204392,-0.16418289,0.2762924,-0.08158986,-0.030483117,-0.11306192,0.21139005,-0.05078673,0.13958234,0.19211254,-0.083246164,-0.053640757,0.031303555,-0.01846191,-0.21908917,-0.11300456,0.07808563,0.018506743,-0.1817158,0.003342004,-0.07731689,0.012864458,0.20608589,-0.083431244,0.011934309,0.03395827,0.4488833,-0.050500028,-0.017197156,0.03543754,0.16863143,0.236615615
gex_possorted_bam_1WGCZ:TGTTATGAGCCTAACGx-M2,-0.19208772,0.14468685,-0.02496992,-0.109873466,-0.08400054,-0.21539001,-0.13702294,-0.015085963,0.41811278,-0.038485214,0.07551046,0.09151511,0.039520267,0.307634,0.040504787,0.12971552,0.09229492,0.40627876,-0.11607977,-0.02722636,-0.016891949,-0.07518297,0.096086085,0.1516926,-0.042480342,0.060302526,0.21860445,0.041212976,0.5831053,-0.09028602,-0.14279447,-0.03163108,-0.056299083,0.15461998,-0.05450688,-0.12660684,-0.01948585,0.021890154,-0.03312847,0.21931438,-0.15098312,-0.005169168,0.20795779,-0.11293956,-0.045583297,0.27811158,0.34682688,0.16057417,0.13417153,-0.03899178,0.48843345,-0.15077229,-0.075297475,0.19812262,0.2640295,-0.061179735,0.11790354,0.31192702,0.06358525,0.060408104,-0.15820082,0.34234732,-0.09096782,-0.29562464,0.7184054,-0.038221445,0.052073404,-0.031946354,0.3783546,0.086450174,0.13535017,0.39026296,-0.0929919,-0.016387496,0.034989174,0.05851117,-0.08767933,-0.06277284,0.024814837,0.2012951,-0.19327824,0.15733092,-0.056937378,0.1362666,0.34379792,-0.07012319,-0.042789616,0.19387113,1.1042626,-0.016317599,0.07312905,0.10528896,0.48393527,0.34458710000000004
gex_possorted_bam_1WGCZ:TTACGTTTCGGTTCCTx-M2,-0.15289888,0.11881055,-0.08662135,-0.11320655,-0.119103104,-0.20656721,-0.15156734,-0.009565862,0.44209316,-0.03818032,0.004463712,0.06438087,0.047156997,0.20068583,0.042736903,0.20373298,0.050645854,0.36632445,-0.15062167,-0.024514643,-0.007152252,-0.09272091,0.09949113,0.13770854,-0.062167183,0.03993167,0.18005142,0.08773816,0.61704224,-0.08182288,-0.14427713,-0.051936693,-0.051645063,0.09866096,-0.03910219,-0.11199731,-0.040870514,0.0935865,0.0060909754,0.16083205,-0.10517978,0.014316808,0.21681455,-0.08501715,-0.043742083,0.20456782,0.37820113,0.11728461,0.188072,-0.002582596,0.43837765,-0.15317379,-0.078577355,0.12507033,0.23816396,-0.07222341,0.15985261,0.24062121,0.074238546,0.02489943,-0.1349555,0.29086742,-0.10523891,-0.2728541,0.72023994,-0.06369902,0.06253475,-0.061972268,0.28728178,0.040122267,0.22000463,0.33065835,-0.09784462,-0.03817678,0.02107898,0.06934687,-0.13512433,-0.029630108,-0.0011022313,0.17717066,-0.20777704,-0.05183461,-0.03167462,0.12483472,0.37934527,-0.09005189,-0.06859265,0.15406144,1.0779932,-0.07015825,0.03810492,0.10761101,0.47191116,0.334534275
gex_possorted_bam_1WGCZ:TTACCGTGTCAAAGGGx-M2,-0.14529441,0.023431318,-0.09106119,-0.093387514,-0.09250952,-0.10337008,-0.053639892,-0.021775315,0.2430431,0.023363493,0.029849535,0.11275393,-0.13184087,0.25162533,0.06576115,0.06513067,0.077249885,0.18219623,-0.074929595,-0.023690475,-0.07571368,-0.12446512,0.109504834,0.09633243,-0.048357397,0.046021596,0.17827968,0.0013268192,0.15504482,-0.07766337,-0.1401351,0.017483361,-0.11007401,0.0406543,-0.058359273,-0.028798684,0.023499863,-0.04342518,-0.06514735,0.11053083,-0.217017,0.04698092,0.125296,-0.13482627,0.029191982,0.1143227,0.1171008,-0.00045958592,0.08715902,-0.1880297,0.2418694,-0.12354223,-0.020779327,0.11075311,0.21166654,-0.03708481,0.019687394,0.15622367,0.04693697,0.16202042,-0.056700278,0.25778568,-0.022390239,-0.2544375,0.20566171,-0.0220251,0.027280867,-0.024359269,0.20214409,0.095851086,0.0001806115,0.2402389,-0.025062332,0.036147535,0.043265738,0.04680129,-0.05340593,-0.093602136,0.08034152,0.19410032,-0.1390959,0.23530708,0.023659691,0.10093369,0.018645724,-0.01294524,-0.02934981,0.056036558,0.67851615,-0.04604076,0.030898578,-0.061383124,0.34625074,0.18744324
gex_possorted_bam_1WGCZ:TGTGCTGAGCACGTTGx-M2,0.37660298,0.004488939,0.45399773,0.111651756,0.64753604,1.2493886,0.5178314,0.09492627,-0.16792984,0.49498335,0.17645462,0.45342737,0.23544405,0.48479223,0.16256924,-0.0768476,0.03962015,-0.2707764,0.9338281,0.16469067,0.01917465,0.30943835,-0.40105805,-0.15877329,0.50489295,0.27064744,-0.078333154,0.02365556,-0.8628832,0.25609612,0.81679964,-0.10706209,0.3789524,-0.03785646,0.18559308,0.67085385,0.10663435,0.08478141,0.08562922,-0.02600675,0.27373883,-0.058469445,-0.059572015,0.5070177,0.2511863,0.27206787,-0.21291311,0.07814037,-0.2080705,0.19927464,0.055572886,0.650495,0.5562766,-0.08810101,0.14258242,0.17613466,-0.06377914,0.19722708,0.43433982,-0.05563099,0.34145665,0.10019805,0.7832246,1.0731763,0.3964213,0.23792835,0.0915555,0.46880627,0.030548206,-0.034675073,-0.1352378,-0.14729649,0.22581324,0.35024098,-0.09082622,-0.09083177,0.8807318,0.8993278,0.14800787,0.09550445,0.31554097,-0.20659171,0.4527053,-0.023707686,0.14811619,0.44043243,0.44260013,-0.08037514,-0.40219238,0.040882453,0.19217066,0.7547637,-0.3920106,-0.056357529999999996
gex_possorted_bam_1WGCZ:TGTGGCTCACGTGCTGx-M2,0.37514234,-0.00069621915,0.4037351,0.1101099,0.68276316,1.047231,0.49305606,0.08912499,-0.16066673,0.45766106,0.18886667,0.40632513,0.4722185,0.4042582,0.12771218,-0.022548191,0.016004322,-0.2322853,0.80004054,0.15779573,0.06501336,0.6586271,-0.44844615,-0.13059492,0.48724613,0.18878083,-0.057085477,0.02777853,-0.81276727,0.28473705,0.8532172,-0.115931004,0.3537891,-0.043160375,0.18768688,0.5944689,0.09745977,0.07297312,0.11864212,-0.02089781,0.7312558,-0.08011508,-0.07001657,0.45762953,0.20023687,0.23611906,-0.18761106,0.089781396,-0.22997375,0.5371198,0.046017542,0.6586351,0.42486045,-0.092244975,0.038764853,0.15829258,-0.030757548,0.23166394,0.3282751,-0.045451544,0.29366925,0.06643754,0.6724577,1.127391,0.3734984,0.21702565,0.12390004,0.3388298,0.08369344,-0.05493845,-0.15621915,-0.09794029,0.23756292,0.29984653,-0.07942894,-0.14662494,0.8438357,0.7543245,0.14814544,0.06443975,0.36963257,-0.17127764,0.42158446,-0.035135012,0.52671707,0.4114936,0.41336483,-0.044515334,-0.42982855,0.046054285,0.16009699,0.99082196,-0.3721302,-0.060586759999999996
gex_possorted_bam_1WGCZ:TGTTGCACACCTAAGCx-M2,0.3578625,0.08096646,0.38931084,0.15529509,0.4419727,1.3726989,0.51598364,0.13385504,-0.21293423,0.540513,0.12080735,0.49192393,-0.06555446,0.5020988,0.16114329,-0.050079413,-0.006457862,-0.2461524,0.9039874,0.13940038,0.019054309,0.029478885,-0.31580517,-0.16593377,0.42496884,0.23964618,-0.04243837,0.076783754,-0.80727935,0.21225293,0.8841067,-0.093714006,0.32022107,-0.029385962,0.24870066,0.68386304,0.18767144,0.100876234,-0.0029704699,0.04940794,-0.048734657,-0.08352445,-0.077565424,0.4992669,0.33237758,0.2112997,-0.15374626,0.050756674,-0.17412183,-0.08693874,0.11293959,0.6671425,0.4532315,-0.05227031,0.12075791,0.2179807,-0.013481873,0.22056727,0.39811403,-0.045757964,0.3392922,0.12241944,0.7915997,1.0571721,0.4267334,0.22226375,0.12452626,0.46042556,-0.022615388,0.027875898,-0.16622694,-0.22358865,0.23497202,0.30430782,-0.07975786,-0.045998007,0.79163295,0.93204033,0.14957754,0.15501301,0.26139897,-0.17676546,0.46454707,-0.09711465,-0.16981694,0.36370385,0.44476128,-0.071627684,-0.43426108,0.061945014,0.19256526,0.5319716,-0.3606424,-0.015663409999999996
gex_possorted_bam_1WGCZ:TTAAGTGTCACAAGCTx-M2,0.33748373,0.09030356,0.44579247,0.12473806,0.37277362,1.3677733,0.5071063,0.09274908,-0.1350308,0.49776474,0.11277559,0.45830992,-0.2532144,0.5463228,0.14760952,-0.055841368,0.024525192,-0.18945807,0.9914106,0.14183256,-0.009540843,-0.18667261,-0.27314135,-0.13834807,0.41201636,0.24943648,-0.039343532,0.046886794,-0.76080316,0.17177804,0.7788899,-0.076492146,0.38427863,0.049535353,0.25899705,0.69083893,0.2182906,0.13882585,0.023681719,0.07377222,-0.38764742,-0.0018059644,-0.06643606,0.47203743,0.38983062,0.28907618,-0.20654546,0.05230742,-0.16881453,-0.2869405,0.08971775,0.58524173,0.5364801,-0.02996884,0.13068643,0.18659537,0.0061774533,0.23191449,0.436697,-0.02847627,0.33613083,0.11039087,0.74877673,0.9754078,0.47724843,0.28766662,0.08528894,0.5594837,-0.03539977,0.023232618,-0.16190273,-0.1640687,0.2079449,0.33444622,-0.081585705,-0.004997112,0.70889795,0.8861262,0.19556786,0.0986329,0.19557104,-0.14743301,0.49795422,-0.09302513,-0.38861176,0.39481476,0.38925648,-0.021560887,-0.37541863,0.054636106,0.21312213,0.31430134,-0.34544978,-0.04807729499999999
gex_possorted_bam_1WGCZ:TGTTACTTCGCCTGTTx-M2,-0.14848755,0.08389068,-0.071018696,-0.074594,-0.14326124,-0.16957727,-0.123631,-0.016479887,0.24252933,-0.046548583,-0.025971567,0.032031734,-0.08635787,0.091982275,0.02919378,0.05595802,0.05566691,0.31355813,-0.1450473,-0.024330867,-0.013098997,-0.15086558,0.027050199,0.14187148,-0.05286137,0.0033344526,0.16918845,0.0704866,0.4129237,-0.09142157,-0.10538957,-0.030016046,-0.08308637,0.028779339,-0.0743822,-0.12286014,-0.021255089,0.0009809035,-0.034487147,0.11565301,-0.24808381,0.028191568,0.116401,-0.109956585,-0.057405163,0.08197948,0.20864889,0.06269234,0.11036054,-0.1276748,0.37029117,-0.11798856,-0.06446599,0.088128895,0.18165755,-0.050852746,0.082924925,0.14833073,-0.0020087885,0.022900859,-0.09467375,0.25769722,-0.060311746,-0.21837091,0.33808583,-0.046365738,0.066019416,-0.06789686,0.21275875,0.06850152,0.1212838,0.21341744,-0.12346789,0.0050291764,0.041487742,0.08091665,-0.11605603,-0.124258846,0.011146073,0.10048822,-0.12888591,0.06660523,-0.07861278,0.0868905,0.115608566,-0.05081953,-0.063355654,0.08524681,0.7950074,-0.043837655,-0.004229198,-0.044530272,0.33307716,0.23317305500000002
gex_possorted_bam_1WGCZ:TTAACCAAGTGGCGGAx-M2,-0.19451879,0.10097898,-0.030907346,-0.12757058,-0.08935785,-0.18886131,-0.10879699,0.0017104121,0.39127153,0.009776942,0.054579474,0.05926808,0.027120357,0.22424981,0.050307855,0.10759614,0.063459,0.34161735,-0.13401793,-0.03220616,0.006323422,-0.12143268,0.07842208,0.15799601,-0.02868061,0.07266669,0.17584048,0.059888273,0.55292434,-0.09661657,-0.081420116,-0.04315525,-0.0498623,0.11190567,-0.042490378,-0.12260245,-0.027136398,0.06612066,-0.0066199875,0.1393381,-0.17962787,0.0064915847,0.20514749,-0.08339514,-0.06390461,0.26379296,0.34109384,0.14689015,0.17546403,-0.0727063,0.48558182,-0.12532471,-0.07585559,0.09834862,0.32531512,-0.0710983,0.14271888,0.31156123,0.043893147,0.047371022,-0.15138797,0.32677326,-0.08475087,-0.27049822,0.6395654,-0.026088499,0.07872609,-0.02738567,0.3862189,0.07889058,0.15203182,0.35408333,-0.08906281,-0.019269617,0.037041686,0.06663994,-0.07044912,-0.040510654,0.019590983,0.21393193,-0.19504832,-0.0050265808,-0.058386877,0.15047896,0.3072075,-0.07314888,-0.035077147,0.16268142,1.0833596,-0.0573239,0.07351009,0.07856171,0.4732194,0.33393355
gex_possorted_bam_1WGCZ:TTAAGGTGTAGCTAGCx-M2,0.3789854,-0.04655246,0.2638577,0.18251948,0.25954008,0.48110032,0.18951744,0.0186496,-0.23371355,0.2765025,0.33620107,0.098429546,-0.02911792,0.009629896,-0.0032202315,-0.040970184,0.008435967,-0.24263267,0.34587976,0.078696184,0.16934736,0.1871085,-0.27843127,-0.110902786,0.15516388,0.047244776,-0.07669421,-0.047614135,-0.678184,0.23474453,0.38162315,-0.016116312,0.1289434,-0.031840783,0.13537885,0.35444206,0.049660433,0.10165829,0.2999747,-0.07510569,0.19565675,-0.027385619,-0.08993416,0.43781665,0.05795168,0.016136272,-0.19920188,0.031928774,-0.2177499,0.16848756,-0.11328793,0.32435828,0.2226516,-0.11923596,-0.12961626,0.14913408,-0.06502481,-0.0346876,0.14162214,-0.05058238,0.25528964,-0.13987419,0.34073925,0.74350333,-0.006818231,0.17805585,0.0095025515,0.1772263,-0.14818698,-0.015560274,-0.11336729,-0.19592606,0.18436882,0.15741253,-0.04851573,-0.044658583,0.22997235,0.40385467,0.07758493,-0.0365667,0.28777996,-0.15013978,0.26821044,-0.13134284,-0.11661817,0.141638,0.14979124,-0.09589085,-0.43978885,0.031486657,0.058877077,0.24352676,-0.34519282,-0.169538035
gex_possorted_bam_1WGCZ:TTACCTGTCGCACAATx-M2,-0.15500443,0.047607124,-0.06076701,-0.10770698,-0.11338141,-0.17596167,-0.087819465,-0.027691513,0.23275208,-0.037169516,-0.009277809,-0.02029101,0.037342165,0.070769325,0.018300086,0.132388,0.06114624,0.19089499,-0.13013373,-0.024955474,-0.02752992,-0.041674867,0.047214616,0.1110898,-0.064823404,0.002931978,0.09899704,0.056412503,0.4264264,-0.077244654,-0.13463672,-0.00303005,-0.072347604,0.042348128,-0.06978941,-0.09610083,-0.018505702,0.00885576,-0.06819475,0.043324217,-0.07335827,0.036478393,0.11252353,-0.084880576,-0.05255659,0.10029113,0.2672592,0.050970554,0.13358012,0.0064409557,0.25650027,-0.109594844,-0.072290905,0.049677208,0.16512816,-0.046394415,0.082910076,0.14657716,-0.00039853537,0.034405585,-0.13936967,0.18143897,-0.08386952,-0.24814317,0.31761068,-0.0557676,-0.0106993355,-0.054316882,0.2151539,-0.0053105964,0.10276139,0.21636347,-0.063665025,-0.025712125,0.03595949,0.056672584,-0.08006191,-0.08478736,0.008084467,0.12080152,-0.15513235,-0.04954382,-0.037600294,0.06120862,0.2210926,-0.071278796,-0.020256246,0.106215335,0.7051938,-0.055417772,0.017510245,0.05613167,0.25746462,0.224349085
gex_possorted_bam_1WGCZ:TGTTAGCAGGCAATAGx-M2,0.38065836,0.006969018,0.43546164,0.13997054,0.44015473,1.2659261,0.48448008,0.08810143,-0.17236426,0.44848943,0.184973,0.38310128,-0.079244465,0.43804273,0.19031045,-0.0634227,0.021254795,-0.25196728,0.9163789,0.12863588,0.02960501,-0.03316082,-0.3114374,-0.15020831,0.38540736,0.22076003,-0.08343888,0.032383528,-0.8194385,0.2286226,0.7204772,-0.07041384,0.37466368,0.003560276,0.24987274,0.6899045,0.14568304,0.12897584,0.10669329,0.018509544,-0.11375079,-0.017718134,-0.08004294,0.49983802,0.30593088,0.24942975,-0.23837818,0.08665016,-0.17798385,-0.07172248,0.04575164,0.5557887,0.5785192,-0.09575556,0.09496056,0.19124085,-0.04630971,0.17012917,0.3956452,-0.062764086,0.33409098,0.059937242,0.6895048,1.0082003,0.38011178,0.27139056,0.112587854,0.5239232,-0.07775954,-0.021683194,-0.13582896,-0.15715505,0.21109279,0.3145909,-0.076526955,-0.059614148,0.6836484,0.87583,0.15859105,0.08808047,0.2634209,-0.19056797,0.42764,-0.0677691,-0.20561126,0.381603,0.3998372,-0.06756897,-0.43240678,0.039528824,0.16015266,0.42860386,-0.37242046,-0.089220469
gex_possorted_bam_1WGCZ:TGTGCTGAGTAGCGCCx-M2,-0.17460954,0.102226816,-0.05886247,-0.12137955,-0.09789089,-0.20229174,-0.1289159,-0.010720422,0.3859139,-0.04810149,0.02648896,0.050983004,0.04411076,0.21778457,0.04427797,0.17478955,0.06754788,0.33004937,-0.13767906,-0.057178315,-0.012665084,-0.059743904,0.09083457,0.15207872,-0.011962748,0.05390457,0.16557185,0.09413058,0.5935804,-0.07587468,-0.13968197,-0.04695108,-0.0419209,0.11928912,-0.0665582,-0.1312939,-0.042229325,0.051578015,-0.030556351,0.16054851,-0.11068744,0.0004638332,0.21352082,-0.10562083,-0.067032985,0.20844291,0.36912924,0.100706205,0.19707942,0.008759456,0.45883456,-0.121762104,-0.08269913,0.1184143,0.27274537,-0.0692193,0.13881947,0.25852257,0.07718818,0.07949604,-0.16272153,0.3272517,-0.08461751,-0.27074176,0.65816355,-0.03377417,0.046278562,-0.035776533,0.32747707,0.02976136,0.17101024,0.348169,-0.09736514,-0.010001947,0.032177813,0.06399464,-0.09513216,-0.045464125,0.022536693,0.20082556,-0.18271108,-0.021648273,-0.05458861,0.124356836,0.36019462,-0.10124168,-0.029562168,0.16865729,1.0812373,-0.06397602,0.043890752,0.12557702,0.44173548,0.34819047000000003
gex_possorted_bam_1WGCZ:TGTGTTAAGTAACCCGx-M2,-0.22713952,0.101959996,-0.02358415,-0.12799819,0.0064424924,-0.21733503,-0.14612307,0.013430358,0.48350567,0.01756547,0.09180784,0.101634316,0.2093576,0.23586962,0.09533911,0.16704693,0.0722477,0.3496805,-0.14349078,-0.027184539,-0.022478703,0.054627724,0.0971766,0.09086012,-0.010682051,-0.0032592742,0.20163482,0.064360306,0.6475172,-0.08891506,-0.09057641,-0.04865382,-0.07000119,0.1267905,-0.063836396,-0.1220786,-0.013244998,0.0651419,0.03806142,0.19883896,0.025222378,-0.038379405,0.22473767,-0.0899088,-0.07901882,0.30108282,0.44610983,0.19769453,0.16775571,0.09519983,0.41606072,-0.175348,-0.07631429,0.1591819,0.309545,-0.08707767,0.15193766,0.31221104,0.029428663,0.03632903,-0.1514179,0.32947847,-0.1372874,-0.29009253,0.76380855,-0.044612683,0.07354744,-0.06919318,0.38869327,0.0715433,0.18859974,0.40644622,-0.07347864,-0.05594047,0.03073432,0.09123128,-0.07271462,-0.027898798,-0.024315162,0.18639962,-0.23130423,-0.0072932993,-0.0514668,0.12981686,0.57673013,-0.058711085,-0.037661202,0.17788568,1.145142,-0.033864584,0.11359049,0.18287048,0.4849096,0.38779415
gex_possorted_bam_1WGCZ:TTAACTGAGGAGTCGGx-M2,-0.17667311,0.19014011,-0.036342587,-0.07833548,-0.06846124,-0.10105837,-0.07300725,0.0073967595,0.3967798,0.09099185,0.08008285,0.09062526,-0.12442021,0.28936648,0.03340065,0.057958473,0.015986957,0.25671533,-0.13709106,-0.029370287,-0.0076729744,-0.19545548,0.05920918,0.11473121,0.011301529,0.0804507,0.17914885,0.084415935,0.2856197,-0.12309626,-0.054022964,-0.045654714,-0.047173314,0.1731997,-0.1010986,-0.124641486,-0.028431768,0.0974615,0.030263718,0.24241076,-0.36521217,0.04065577,0.17355421,-0.07898371,-0.06676864,0.33591762,0.34579375,0.122512594,0.108615845,-0.32866597,0.4566072,-0.14296006,-0.059919514,0.040943924,0.44834217,-0.052208375,0.13508005,0.29436004,0.020590372,0.067768775,-0.15043113,0.44443914,0.08781177,-0.18461093,0.57577586,-0.004013644,0.10624297,-0.0047406927,0.37117913,0.1720588,0.078418106,0.36579266,0.009143928,-0.0370689,0.01969244,0.056047555,-0.01209141,0.028007405,0.09027027,0.31458965,-0.14529382,0.09260244,-0.065704316,0.18388091,0.14848183,0.034344994,0.022532446,0.19574535,0.83090234,-0.004259312,0.08053962,-0.052896865,0.4106483,0.395116445
gex_possorted_bam_1WGCZ:TGTTACTTCTCAATAGx-M2,0.031034684,0.1238519,0.14014463,-0.027407242,0.15336986,0.30951604,0.109435596,0.01705686,0.21209344,0.22512548,0.117047995,0.17036793,-0.055087693,0.312991,0.10923518,0.04194781,0.048595358,0.09311904,0.20442039,0.007576765,0.008592224,-0.09968144,-0.044827625,0.038303826,0.13607368,0.123038754,0.08360095,0.100209564,-0.029998539,0.018966118,0.17683646,-0.037826817,0.08912184,0.08396387,0.0336501,0.14137492,0.04347407,0.10468202,0.08297152,0.1099157,-0.20000602,0.0006586543,0.08620553,0.15251753,0.06405437,0.26816824,0.15369439,0.08155571,0.031387907,-0.16823763,0.3161519,0.10417703,0.091120526,0.012799553,0.2867259,0.015899846,0.06528201,0.26176915,0.1841906,0.011049885,0.01953426,0.24372955,0.2951437,0.230655,0.46810222,0.07180861,0.072829194,0.15296973,0.23150751,0.06799954,0.028561307,0.16868524,0.061890442,0.08478615,-0.03309068,0.013104717,0.18161364,0.28265554,0.0877367,0.16604757,-0.011805424,0.035917044,0.11730679,0.096944265,0.07379065,0.10738247,0.12926319,0.08950346,0.46554834,0.018041965,0.12413296,0.17484541,0.15245777,0.19871197
gex_possorted_bam_1WGCZ:TGTTGCACATGCATATx-M2,-0.19707407,0.1077451,-0.040783245,-0.1297111,-0.097909115,-0.17312326,-0.1270705,-0.021768233,0.37846684,-0.0010066227,0.030806405,0.027176464,0.005131426,0.17882101,0.038924523,0.10337861,0.03663183,0.29337716,-0.14117935,-0.033562075,-0.0021973988,-0.13096747,0.105523296,0.124064155,-0.033754457,0.079238534,0.18982078,0.069995634,0.5048214,-0.1207336,-0.121294655,-0.048094228,-0.050827414,0.11046533,-0.09052166,-0.1646264,-0.02066575,0.039586745,-0.010512856,0.16917382,-0.19412103,0.006351185,0.13901667,-0.07282749,-0.06653914,0.20474353,0.34410608,0.08490317,0.1951548,-0.09220603,0.42529455,-0.109196015,-0.06315837,0.077535756,0.30351254,-0.04199885,0.1372018,0.27657145,0.077647015,0.063875586,-0.1437986,0.26408723,-0.07962215,-0.2552731,0.4961545,-0.038462933,0.034568183,-0.048790883,0.38176715,0.05732851,0.13656704,0.31299803,-0.074729316,-0.020094179,0.024096992,0.073707625,-0.08914567,-0.05426413,0.021185018,0.13807987,-0.18352778,0.08903005,-0.08339764,0.13566934,0.29305005,-0.02936465,-0.04887487,0.13169532,1.0159563,-0.050672423,0.052189253,0.06901071,0.44733754,0.304096655
gex_possorted_bam_1WGCZ:TGTGTGAGTCCTAACTx-M2,-0.17817748,0.11198685,-0.035354186,-0.1129571,-0.07926809,-0.153313,-0.1087893,-0.016481262,0.3851744,0.066060536,0.035535034,0.031279217,-0.082921445,0.21380426,0.1037672,0.07352355,0.03067783,0.2767786,-0.1383725,-0.040789917,-3.2169246e-05,-0.18416421,0.096551485,0.14185981,-0.023248006,0.057043582,0.1934398,0.094314046,0.39896384,-0.09898458,-0.11877003,-0.023964824,-0.05267248,0.10351485,-0.03890773,-0.13494097,-0.037459936,0.07518835,0.036766157,0.13824335,-0.27229166,0.020769777,0.18770188,-0.046732217,-0.061850473,0.23111135,0.33627635,0.10377971,0.16853666,-0.22585033,0.4693187,-0.1294225,-0.07429756,0.044316173,0.35785687,-0.055273928,0.13358814,0.2630831,0.08195165,0.04043999,-0.13369332,0.35075265,-0.007344383,-0.2170025,0.53836215,-0.016516883,0.06681805,-0.05405858,0.34665656,0.09314903,0.13408051,0.3211342,-0.062356524,-0.03343325,0.007602764,0.03477294,-0.08825886,-0.022679796,0.063793994,0.24339558,-0.15946257,0.06708178,-0.07557901,0.17269953,0.1786205,-0.052669547,-0.036728986,0.15070567,0.95681864,-0.034184746,0.06902456,0.0021545703,0.42986357,0.3435145
gex_possorted_bam_1WGCZ:TGTGTGAGTGTTGTAGx-M2,0.3568685,-0.00045626753,0.38597372,0.121853925,0.46270037,0.9925898,0.3855796,0.066409335,-0.14950027,0.4230313,0.21475996,0.32476628,-0.05933308,0.2957636,0.14133607,-0.054550502,0.038481966,-0.27873328,0.7026794,0.1062632,0.063179344,0.08232722,-0.3527086,-0.14105785,0.3470518,0.19655368,-0.07567868,0.058396365,-0.77942383,0.2299029,0.60310054,-0.06312654,0.29286373,-0.039828535,0.1879599,0.5361704,0.11343305,0.112022445,0.15879264,-0.055178244,-0.033702,-0.0054220976,-0.05711991,0.4609226,0.22325312,0.20042667,-0.21567245,0.039399173,-0.20145875,-0.027076187,0.004389406,0.48377356,0.39627478,-0.087211065,0.059444938,0.109929666,-0.027253423,0.11290065,0.2874504,-0.051802646,0.28756925,0.041568074,0.6608574,0.97449,0.24907544,0.19282468,0.064820744,0.40500942,-0.073139876,-0.025235023,-0.1495324,-0.13039196,0.21979494,0.271774,-0.08064127,-0.06126293,0.57772326,0.6418137,0.14115255,0.016334077,0.27788812,-0.1669474,0.3718894,-0.09615683,-0.2154841,0.29649717,0.31468916,-0.06887311,-0.43153173,0.05406457,0.15716837,0.40479273,-0.33913198,-0.08705218799999999
gex_possorted_bam_1WGCZ:TGTTGTTTCGCTATAAx-M2,-0.18017288,0.049862072,-0.047973033,-0.106165156,-0.115365766,-0.15076518,-0.06896793,-0.018104466,0.34291378,0.010198817,0.023511859,0.08202314,0.0029006526,0.2025051,0.057871904,0.1093029,0.06111805,0.2525651,-0.08544298,-0.019984333,-0.010622391,-0.0997302,0.065866314,0.116723984,-0.023287207,0.05572861,0.15659612,0.077347815,0.40613964,-0.02658032,-0.09988668,-0.04236574,-0.053077694,0.090575874,-0.04496248,-0.0824325,-0.0229696,0.055884823,-0.027459156,0.101155564,-0.13940473,0.05303405,0.15777361,-0.073055215,-0.030457437,0.1754847,0.24585724,0.020589486,0.15047164,-0.053438768,0.40531698,-0.08814689,-0.052506257,0.044298735,0.30280176,-0.07392468,0.12640022,0.2452892,0.049295213,0.07437478,-0.13934416,0.30481496,-0.0011394472,-0.21460988,0.44974595,-0.030238412,0.05722881,-0.017910682,0.32750905,0.058422018,0.09971918,0.31475803,-0.050919764,0.018443793,0.031976134,0.046277683,-0.062565535,-0.025567546,0.020822855,0.21514294,-0.1576078,0.053759836,0.011360832,0.11017507,0.26683897,-0.058358807,-0.032060828,0.12655966,0.91501313,-0.049973764,0.059546474,0.12367292,0.41295588,0.27533610000000003
gex_possorted_bam_1WGCZ:TGTTGTAAGGGTCTATx-M2,-0.15079673,0.10257874,-0.016977381,-0.12308728,-0.07367474,-0.113832004,-0.029987672,-0.01259886,0.4251545,0.15509573,0.03091616,0.066018246,-0.15832587,0.22795233,0.09620023,0.061369617,0.06480832,0.2591873,-0.13504,-0.036741905,-0.010175324,-0.21701056,0.14996047,0.13136275,-0.0022910184,0.04663777,0.15569812,0.09959113,0.26617622,-0.10251202,-0.10497925,-0.03916764,-0.07079379,0.11781197,-0.06313878,-0.12062848,-0.028246552,0.04880565,0.013153325,0.14585452,-0.33113852,0.0102767395,0.18290184,-0.075582445,-0.059329934,0.26260373,0.2892017,0.054750454,0.14037037,-0.33396214,0.4484605,-0.12599283,-0.081754245,0.007540627,0.51640475,-0.049246468,0.1200279,0.30156767,0.06626489,0.05100164,-0.13350497,0.3928192,0.021188783,-0.19938508,0.4050362,0.00055052293,0.06538659,-0.015916781,0.41667658,0.13407828,0.11219754,0.3342678,-0.033243246,-0.020549212,-0.008058517,0.027482264,-0.07946248,0.010759438,0.08180144,0.27505225,-0.15749067,0.18326752,-0.0764674,0.17650606,0.09110805,0.020262903,-0.01588676,0.14608672,0.9561096,-0.035572823,0.085363746,-0.016966065,0.42519575,0.34101044999999996
gex_possorted_bam_1WGCZ:TGTGGCTCAGTTAAAGx-M2,-0.19332327,0.0711032,-0.043887842,-0.115639925,-0.11906681,-0.20245208,-0.1313747,-0.0044218423,0.4463921,-0.0413835,0.04561848,0.07947219,-0.0027665035,0.2745895,0.0759242,0.10405729,0.08667891,0.39568335,-0.1256549,-0.057796326,-0.01450273,-0.11372805,0.11284959,0.17518783,-0.035492573,0.08170721,0.18397184,0.0717968,0.54999405,-0.08550223,-0.14328137,-0.048430696,-0.050491925,0.12782136,-0.032266553,-0.11675961,-0.023144534,0.017594386,-0.0050536916,0.12518224,-0.18032531,0.005439169,0.17911169,-0.09309191,-0.062850766,0.28484046,0.26117358,0.13015689,0.17939179,-0.07242923,0.48928848,-0.15179132,-0.080130786,0.12099994,0.30758277,-0.07286696,0.11492673,0.32218492,0.05627178,0.05074898,-0.17439708,0.35897014,-0.10843495,-0.28559464,0.6106726,-0.030257834,0.05596625,-0.055970743,0.42122835,0.08673953,0.1695373,0.42633155,-0.10870107,-0.010575131,0.056180052,0.039946403,-0.12205802,-0.069899626,0.041858356,0.18147123,-0.20081784,0.17549084,-0.0951036,0.13269337,0.2917819,-0.08779493,-0.04868156,0.15185416,1.2055707,-0.033374205,0.07278953,0.08995677,0.54853463,0.31007186
gex_possorted_bam_1WGCZ:TGTTCCTCACAGAAACx-M2,-0.14333932,0.06523364,-0.062412176,-0.09506018,-0.0823098,-0.21824165,-0.13168529,-0.013650692,0.20130615,-0.049524926,0.021968536,0.0015882774,0.045011252,0.08551624,-0.016162124,0.12762628,0.05475611,0.18138596,-0.12107754,-0.034018356,-0.036311988,-0.033138413,0.08713058,0.098177314,-0.078562826,0.00973346,0.09818544,0.070311435,0.44640937,-0.08394973,-0.13153256,-0.0040853,-0.070254,0.06361137,-0.058811564,-0.12446294,0.0017615535,0.014558884,-0.04737796,0.08340818,-0.058397073,-0.0019564228,0.15277608,-0.10819172,-0.0291772,0.07375991,0.2735017,0.044385277,0.15312988,0.011651944,0.21834084,-0.11078206,-0.0919761,0.07368201,0.15783219,-0.0347413,0.064490445,0.15723139,0.019319385,0.06884574,-0.10734616,0.1645386,-0.110732935,-0.25573647,0.3227579,-0.038120124,0.0110655,-0.053777304,0.1942382,-0.013312747,0.10123438,0.19162501,-0.079677895,-0.040469952,0.016693022,0.05465782,-0.082865074,-0.06018914,0.0014003222,0.08011017,-0.15174362,-0.022268761,-0.036782764,0.06172903,0.24640626,-0.076057404,-0.061392434,0.11321631,0.6857506,-0.050799623,0.011257927,0.051371306,0.2799624,0.21902015000000002
gex_possorted_bam_1WGCZ:TTAACCAAGTTATCCTx-M2,0.34900862,0.027454918,0.33044344,0.14699669,0.3760753,0.60862684,0.26316962,0.019979922,-0.15925232,0.3375623,0.34364954,0.18702741,0.003460201,0.14113721,0.10940598,-0.0353731,0.021347314,-0.22199267,0.4314962,0.07130236,0.14911257,0.14391313,-0.25829872,-0.09707983,0.20801488,0.08407633,-0.029005295,-0.008885307,-0.65163106,0.26654887,0.44155732,-0.026701778,0.18657476,-0.025806557,0.13715784,0.41507304,0.11911996,0.15738404,0.34711564,-0.033158068,0.10982345,-0.0341919,-0.076965034,0.47123557,0.10174834,0.1511426,-0.17571668,0.055696208,-0.16397823,0.090232044,-0.0037386327,0.34477848,0.24641554,-0.08162121,-0.055469967,0.098971635,-0.032680877,0.08145002,0.19157432,-0.06135197,0.2548596,-0.047769055,0.48135528,0.8344063,0.13822119,0.17176911,0.07692922,0.25302702,-0.06911556,0.009578303,-0.10504143,-0.16986123,0.22025345,0.1803695,-0.09967074,-0.027605377,0.35345453,0.43882832,0.072884485,0.0006395279,0.2772175,-0.1556552,0.3196519,-0.0693548,-0.06509632,0.20945773,0.22537592,-0.040327128,-0.3779481,0.048855025,0.13096288,0.3221147,-0.2891135,-0.1117428675
gex_possorted_bam_1WGCZ:TGTGTTAAGAACCTACx-M2,-0.19752313,0.10011561,-0.02472034,-0.11418425,-0.11552942,-0.17867711,-0.11706918,-0.0008787062,0.42739338,-0.054993685,0.07099413,0.038871504,-0.23011686,0.3958096,0.027564192,-0.06644098,0.16471407,0.47387502,-0.14400512,-0.053178467,-0.014870031,-0.2168935,0.09453512,0.2252765,-0.04478776,0.09307879,0.17229451,-0.06360079,0.32312602,-0.09924366,-0.15297738,-0.03982617,-0.042631812,0.15830664,0.0142496945,-0.14583695,-0.030831227,-0.028723415,-0.006315843,0.16783054,-0.40866897,0.033156246,0.13598044,-0.10993845,-0.08191668,0.27663565,0.05290164,0.12320867,0.148535,-0.2886418,0.53228366,-0.1444565,-0.053851392,0.13633244,0.36435497,-0.070587605,0.02573228,0.37965417,0.035153992,0.09194106,-0.14954834,0.42170703,-0.14654954,-0.2740106,0.40389183,0.0012347727,0.009876908,-0.053706843,0.5330084,0.21105939,0.09538713,0.42889437,-0.12811103,-0.041195873,0.033274297,-0.057460252,-0.12430662,-0.16219692,0.053321056,0.18019466,-0.16914289,0.7363352,-0.13134995,0.17387187,-0.029472766,-0.07794931,-0.0773454,0.24326175,1.2300833,-9.87354e-05,0.049877126,-0.013129737,0.6546768,0.23730433499999998
gex_possorted_bam_1WGCZ:TGTGGCTCAGGAAGCCx-M2,0.35962695,0.006269088,0.4050366,0.10534576,0.5676901,1.137718,0.45652586,0.097441345,-0.13633524,0.4692349,0.23906396,0.37203124,0.14299127,0.36602932,0.21131738,-0.070043966,0.028785173,-0.2866729,0.8191898,0.09936073,0.066982396,0.23317023,-0.40130946,-0.17455748,0.45332298,0.22974499,-0.079598725,0.038977124,-0.79730743,0.2884118,0.7692006,-0.09658724,0.33257896,-0.049808674,0.16706748,0.6033068,0.09286713,0.09258226,0.14822671,-0.05214147,0.21851178,-0.07355055,-0.0619279,0.48506603,0.2162558,0.23594368,-0.19248837,0.076444976,-0.22093543,0.1473411,0.067459,0.58635736,0.47623017,-0.060246956,0.067502365,0.10347111,-0.025347924,0.19452362,0.32339382,-0.046240512,0.29880017,0.06560079,0.73387533,1.0763417,0.34998208,0.18896402,0.08732855,0.43457642,-0.0385834,-0.016242996,-0.14690287,-0.09983975,0.24483798,0.35833952,-0.08059766,-0.08669835,0.6895311,0.76376975,0.11834432,0.056766912,0.31464615,-0.15942588,0.43932635,-0.0745853,0.02836908,0.36330247,0.40138245,-0.06607288,-0.41191992,0.037497673,0.2096797,0.6791926,-0.36367717,-0.06344379
gex_possorted_bam_1WGCZ:TGTTGGCCAAGTAAGCx-M2,-0.16117579,0.045436714,-0.065831095,-0.12353485,-0.08707365,-0.16864999,-0.10514473,-0.014393434,0.3232975,-0.0077086426,0.022256607,0.019536942,0.011823176,0.18491293,0.07334936,0.08162766,0.0648204,0.26879728,-0.14806849,-0.055508673,-0.018621532,-0.110502176,0.08061963,0.11285309,-0.021544987,0.056576505,0.16069138,0.07275832,0.44346333,-0.10859016,-0.1205945,-0.022148049,-0.05813262,0.046838228,-0.075749695,-0.12404961,-0.024162764,-0.0024398481,-0.05303002,0.06653409,-0.19505882,0.0146471225,0.15924312,-0.096372,-0.06985078,0.17786185,0.26595068,0.06563149,0.16574416,-0.12251328,0.42036945,-0.12617822,-0.076667085,0.08943218,0.29987228,-0.06590782,0.06772697,0.25264478,0.04495689,0.059559427,-0.1316137,0.26601273,-0.0960047,-0.26303798,0.4024556,-0.018169217,0.038582176,-0.06173235,0.3543998,0.04112393,0.10440058,0.26970235,-0.08752185,-0.023606505,0.027768742,0.05921393,-0.10222126,-0.077837706,0.0326499,0.18632762,-0.1760329,0.14282873,-0.085930936,0.12941265,0.1998911,-0.08325547,-0.043367557,0.16158688,0.99397904,-0.049114995,0.05368003,0.052640453,0.43067256,0.26598170499999996
gex_possorted_bam_1WGCZ:TGTTCCTCATGGAGGCx-M2,0.356305,-0.02193168,0.41636524,0.091791764,0.49267966,1.1006802,0.41026714,0.08932093,-0.14176181,0.42976117,0.18205714,0.3370214,0.07929802,0.33787024,0.18966593,-0.08842932,0.04128042,-0.29689065,0.80446225,0.11481734,0.045687355,0.1319638,-0.3647452,-0.14711331,0.42164513,0.2524325,-0.09639583,0.007932794,-0.7764065,0.23614989,0.66220903,-0.08681782,0.31241998,-0.046574038,0.16916989,0.5673483,0.103555605,0.08382319,0.092596605,-0.035106365,0.0985636,-0.027473573,-0.04342042,0.427581,0.21357387,0.22315256,-0.1751258,0.057118565,-0.20632066,0.075406864,0.022548646,0.53570086,0.496285,-0.08470185,0.10362684,0.12362505,-0.03450901,0.17694955,0.34528413,-0.033066574,0.3108825,0.057217646,0.6365787,0.97866493,0.30760527,0.21369065,0.09062988,0.4078824,-0.03349397,-0.016941153,-0.1442846,-0.117890544,0.20030084,0.30713466,-0.07868501,-0.07155418,0.69856405,0.75161535,0.11493027,0.019188227,0.29135743,-0.17114735,0.3917911,-0.05764429,-0.07646955,0.35214913,0.36664587,-0.06959316,-0.40545765,0.005380435,0.17032032,0.5589269,-0.34811753,-0.058954077
gex_possorted_bam_1WGCZ:TGTGTGAGTGATTACGx-M2,0.086648315,0.12600777,0.12550369,0.065034956,0.24604504,0.1885852,0.09610105,-0.005826994,0.07388098,0.11319025,0.46622372,0.17485754,-0.10723588,0.2843233,0.061381638,0.016448779,-0.050306696,0.095084466,0.13662364,-0.03014197,0.05828339,-0.12980191,-0.096893154,0.023950463,0.13185412,0.085463926,0.0145596,0.070313655,-0.1915412,0.0964034,0.17876929,-0.022891853,0.09914846,0.0056843907,0.060686216,0.13503975,0.06823437,0.17899577,0.31470197,0.053070985,-0.22173363,0.031620633,-0.050453424,0.37956595,-0.01162835,0.15505221,0.0037753657,0.13073207,-0.10957894,-0.24757239,0.2317139,0.08419753,0.008885688,0.0058697164,0.10915441,0.0057940916,0.01227693,0.09466405,0.11222241,-0.06307595,0.058783956,0.20212995,0.46058077,0.2350374,0.17419341,0.06192629,0.011154333,0.08004853,0.09237095,0.10745943,-0.014998365,0.12110736,0.10343007,0.07011509,-0.088164225,0.0974108,0.07971937,0.1612799,0.029621942,0.037034575,0.037485193,0.17577922,0.08171925,0.05058699,-0.111661986,0.08960112,0.09122673,0.035582684,0.1977721,0.1257471,0.057766926,0.0765667,0.09460767,0.10295265785
gex_possorted_bam_1WGCZ:TGTTTGTTCTCAATTCx-M2,0.3561894,0.00047751528,0.41315722,0.09916414,0.5082659,1.2574537,0.49221528,0.102242924,-0.14928721,0.4485829,0.12541313,0.42878,0.11442472,0.45647448,0.18889989,-0.05390904,0.017199166,-0.2340515,0.9114141,0.14783312,0.020068811,0.18667755,-0.35334784,-0.12561487,0.43800038,0.23222986,-0.071503006,0.05222972,-0.77435666,0.2203727,0.81385833,-0.094804466,0.38080058,-0.03751943,0.22180155,0.6518642,0.14561717,0.10098339,0.03163854,-0.008208891,0.15722436,-0.061400436,-0.074797034,0.46357462,0.2852814,0.2627512,-0.19739243,0.08180888,-0.18911316,0.11795716,0.069000214,0.62240154,0.5185662,-0.070760496,0.0725671,0.16697705,-0.022819402,0.21958074,0.38633263,-0.060920134,0.3232066,0.095811926,0.70021087,1.0431566,0.42978227,0.22747609,0.11498513,0.46413353,0.008274153,-0.02828576,-0.14356478,-0.13186018,0.20136485,0.31449893,-0.089385346,-0.07887508,0.7825481,0.85128003,0.16188326,0.0810094,0.2773704,-0.19032428,0.41878623,-0.052028168,0.0407613,0.4024406,0.41966397,-0.063735254,-0.40095136,0.033645336,0.16990061,0.6646239,-0.36024392,-0.050790252
gex_possorted_bam_1WGCZ:TTAAGCCAGTGAAGTGx-M2,-0.10812675,-0.0763652,-0.0599156,-0.023475189,-0.08350152,-0.17832647,-0.06734294,-0.035734415,0.003647062,-0.08594838,-0.035346303,-0.0780101,0.017033676,-0.1118931,-0.04302724,0.03034386,-0.019235259,0.03286138,-0.121988,-0.027832016,-0.035633583,-0.023080342,0.04499054,-0.010830295,-0.04362863,-0.02507735,0.0070258123,-0.028487438,0.20446374,-0.046066195,-0.12156838,0.0031205977,-0.043865327,0.025077838,-0.049623016,-0.12859333,-0.012372104,-0.06729632,-0.06968911,-0.06797142,-0.07285559,-0.0012302501,0.0050664064,-0.10062672,-0.06448315,-0.09191403,0.05426202,-0.020937229,-0.0028795095,-0.025368107,-0.01854971,-0.07653154,-0.10061464,-0.008813474,-0.019614976,-0.026835462,0.0052629393,-0.027403546,-0.086093694,-0.035154205,-0.097164005,-0.028865164,-0.121922344,-0.19754891,-0.07138769,-0.054462597,-0.041873887,-0.034378175,-0.0023019074,-0.037635174,0.017509442,0.039234128,-0.0764195,-0.024207616,0.025187397,0.014978815,-0.12212875,-0.14326315,-0.03498107,-0.019240787,-0.08659272,-0.09017695,-0.061325703,-0.0022989353,-0.012950928,-0.023044553,-0.038165357,0.007480923,0.13767824,-0.045089476,-0.01989964,-0.09755683,0.057080314,0.012698428000000001
gex_possorted_bam_1WGCZ:TGTTACTTCATGGTGTx-M2,-0.144978,-0.0100013865,-0.0723953,-0.053776156,-0.0839792,-0.19510296,-0.091186404,-0.037490245,0.12963586,-0.08491609,-0.060765456,-0.025234647,0.015098065,-0.008328932,-0.023255441,0.06424485,0.01246633,0.12662229,-0.117069066,-0.028375834,-0.0432411,-0.042212375,0.055819456,0.034247264,-0.032343477,0.0028217298,0.08297274,0.03867518,0.30321184,-0.09732392,-0.12982935,0.0015502692,-0.06282333,-0.0062574325,-0.085405044,-0.16078721,-0.02507268,-0.016837565,-0.06534805,0.019841013,-0.11598425,-0.015822096,0.060783245,-0.12723346,-0.06725301,0.0130917765,0.14327595,0.0044494797,0.097728655,-0.054686103,0.098139696,-0.10987303,-0.06779663,0.06925968,0.12919798,-0.048713576,0.027795887,0.05851269,-0.03658568,0.021988323,-0.08578658,0.13230042,-0.10325843,-0.2802995,0.112202264,-0.034093957,-0.017312516,-0.05104361,0.12633003,-0.029162414,0.06583392,0.101602696,-0.060314514,-0.032260712,0.033298664,0.040436722,-0.11165483,-0.12140363,-0.034868807,0.069488175,-0.123202324,-0.090985835,-0.070685625,0.07839884,0.10113294,-0.021730132,-0.033503063,0.014298637,0.43353853,-0.05638951,-0.013376446,-0.06281158,0.16856588,0.137788185
gex_possorted_bam_1WGCZ:TGTGGCGGTCACAAATx-M2,-0.19057266,0.078732125,-0.035760663,-0.11331112,-0.07256695,-0.20621067,-0.11469646,-0.012720549,0.39750874,-0.038609583,0.018150756,0.022931699,0.16384119,0.16885148,0.04886006,0.21019042,0.05552627,0.31386206,-0.13180946,-0.024863664,-0.018420847,0.0033369472,0.06323472,0.115000665,-0.024099203,0.062592044,0.1931255,0.12545513,0.6347146,-0.078500174,-0.12290725,-0.030903827,-0.04784775,0.08016595,-0.0726515,-0.13854602,-0.029374782,0.051094376,-0.041793153,0.10145573,-0.0069078077,-0.038959056,0.19793357,-0.097914025,-0.061207835,0.18197164,0.4070295,0.112014204,0.16109663,0.109039575,0.42001605,-0.13445625,-0.09470373,0.14473495,0.22567505,-0.07390773,0.14690189,0.23467909,0.03412598,0.03996134,-0.15639457,0.2537021,-0.09272495,-0.27836946,0.6673867,-0.06747322,0.038884643,-0.05026599,0.30697298,0.0036496075,0.17586899,0.34157485,-0.08492171,-0.026897391,0.037369806,0.069438465,-0.089513846,-0.060388625,-0.01846281,0.15768062,-0.20096956,-0.10891802,-0.021537855,0.10950369,0.44269305,-0.10354391,-0.048020843,0.15457867,1.0338897,-0.07470828,0.08807025,0.20548771,0.40428108,0.3303658
gex_possorted_bam_1WGCZ:TTAACTGAGGTCCTAGx-M2,-0.15357693,0.100148365,-0.057612866,-0.07611599,-0.09765801,-0.08262497,-0.13064091,-0.0024522129,0.22898452,-0.09465236,-0.011609542,0.03463876,-0.1162977,0.30393067,0.014849623,-0.05342522,0.09010862,0.31285623,-0.083766334,-0.035659242,-0.057665076,-0.085867435,0.0069308807,0.13570009,0.0046341205,0.03646126,0.13143942,-0.05367906,0.19546428,-0.08794576,-0.08999931,-0.008869937,-0.022940202,0.09644342,-0.02599276,-0.09962562,-0.04172222,-0.049213614,-0.053579703,0.1610724,-0.23826173,0.041627225,0.0662355,-0.089025475,-0.043649405,0.16539183,0.0008980854,0.07293993,0.10327372,-0.16397606,0.3006819,-0.10284625,-0.008029599,0.09707103,0.24257061,-0.0478513,-0.020970222,0.225757,0.021810519,0.06803291,-0.10125644,0.24495268,-0.103687696,-0.22360153,0.2089507,0.005692763,0.0032492913,-0.047779653,0.3004753,0.11853386,0.040983256,0.27888522,-0.10518719,0.009602402,0.058462784,-0.0018447083,-0.0785929,-0.077643834,0.019926997,0.13506542,-0.13190708,0.59382117,-0.09281323,0.1337711,0.027716262,-0.044611536,-0.04080979,0.13161466,0.75250167,-0.0082469,-0.010588409,0.0042822263,0.38454154,0.1229253827
gex_possorted_bam_1WGCZ:TTACGTTTCATAACGCx-M2,-0.17321017,0.017893065,-0.07066562,-0.08756944,-0.13707829,-0.22044683,-0.11797196,-0.022114463,0.24477163,-0.07210217,-0.011297219,-0.017440341,-0.07596443,0.18977016,-0.005301742,0.01915119,0.09157009,0.27094105,-0.116101146,-0.03565963,-0.051165573,-0.13163069,0.05615938,0.17200579,-0.04679289,0.032189295,0.116919145,0.039902207,0.3327224,-0.10516124,-0.14340171,-0.00047295247,-0.054493453,0.071126305,-0.03706007,-0.15045825,-0.033725794,-0.019372547,-0.049510777,0.11621155,-0.22568256,0.009070511,0.12890978,-0.11572801,-0.070518576,0.12414766,0.10985641,0.05872763,0.1510808,-0.13256595,0.29018357,-0.12674777,-0.04591819,0.093011886,0.27064624,-0.04404463,0.0459561,0.21179853,0.014481189,0.05197192,-0.0817539,0.24320386,-0.13595876,-0.28998876,0.2275482,-0.02549843,-0.019452406,-0.043844365,0.3343758,0.07360758,0.096046135,0.21995062,-0.10351684,-0.072073705,0.026922269,-0.0011843449,-0.09003223,-0.13521856,-0.016930062,0.11658543,-0.15935233,0.31529,-0.09494429,0.10167812,0.10958338,-0.078678235,-0.054536685,0.102114394,0.81948954,-0.04135653,0.00048697463,-0.012027774,0.4216597,0.176530135
gex_possorted_bam_1WGCZ:TTAACCAAGGCTAATCx-M2,-0.18303397,0.26169527,-0.051069893,-0.08299085,-0.11571556,-0.21629131,-0.21820943,-0.021997338,0.36957297,-0.14309856,0.08829907,0.10681717,-0.24426559,0.5745862,-0.0077536884,-0.07506253,0.12960976,0.4892128,-0.15368614,-0.0312695,-0.073339626,-0.14957704,0.026665881,0.22875339,-0.07132307,0.029752236,0.22564124,-0.082441874,0.19261931,-0.13177744,-0.15046886,0.013823342,-0.015454139,0.2015453,-0.037047856,-0.123790786,-0.018935561,-0.08084391,-0.0047463444,0.41848984,-0.39706093,0.015862055,0.11996965,-0.15605426,-0.018394789,0.31958902,0.08841464,0.15998015,0.08414818,-0.33683643,0.4389547,-0.1580258,-0.04655663,0.3074232,0.2635845,-0.028366758,-0.0062966486,0.35841873,0.0513246,0.12321932,-0.11372434,0.33643237,-0.1582359,-0.28807262,0.4475033,0.0014251723,0.020979129,0.0052698324,0.3918613,0.30841404,-0.021440603,0.31409955,-0.14175567,-0.056954492,0.022858722,-0.012474762,-0.07330486,-0.06294713,0.06489564,0.20732118,-0.17185982,0.95252615,-0.08436389,0.16695595,0.017488874,-0.08157889,-0.0566508,0.24189942,0.84452266,0.052435815,0.03343108,-0.18398523,0.5182951,0.21242350499999998
gex_possorted_bam_1WGCZ:TTAAGGACAGCTCATAx-M2,-0.17936455,0.07646527,-0.050137084,-0.096974224,-0.10956538,-0.16128002,-0.101445794,-0.018702906,0.31156656,-0.042328097,0.0034758502,0.011813225,-0.10509866,0.28315637,0.03788894,0.011766633,0.07998114,0.356262,-0.14133216,-0.051327325,-0.033334218,-0.16290659,0.0555279,0.1619619,-0.030804912,0.040585645,0.17594394,0.0059226807,0.33791962,-0.09815699,-0.12703067,-0.024742413,-0.0609515,0.09332708,-0.04703538,-0.12673895,-0.035386164,-0.01611881,-0.02635427,0.103221014,-0.30227908,0.04798578,0.12899633,-0.10327483,-0.07385246,0.19677028,0.16059898,0.08157363,0.13171114,-0.18658969,0.4214849,-0.12574983,-0.057897434,0.098562025,0.31031492,-0.05570128,0.032544214,0.22604302,0.030525738,0.05830835,-0.15408042,0.3085662,-0.11531407,-0.28525785,0.36118397,-0.0075509166,0.034042656,-0.05639456,0.35836667,0.103623636,0.10900149,0.29992792,-0.08966558,0.006269541,0.021686237,-0.015046391,-0.10861912,-0.084889896,0.032826766,0.14762762,-0.1688844,0.37276664,-0.07558021,0.11261136,0.052110948,-0.059724603,-0.05114294,0.18574406,1.0323652,-0.032425042,0.03657902,0.013837047,0.45844698,0.23458259
gex_possorted_bam_1WGCZ:TTAAGTGTCCTTGCGTx-M2,-0.1470402,0.02125912,-0.10263723,-0.103401095,-0.102378905,-0.19899948,-0.123844765,-0.029402154,0.1705411,-0.104988635,-0.05944692,-0.04883563,0.09806047,0.025445627,-0.02694944,0.10337453,0.029113773,0.19478801,-0.1416672,-0.042765927,-0.04839454,-0.041636795,0.056563243,0.08266068,-0.05506624,0.014440712,0.0875429,0.06309833,0.4491506,-0.086781606,-0.14232454,-0.0032738575,-0.04865788,0.027047832,-0.06854252,-0.14546582,-0.02239727,0.0029909227,-0.054994084,0.031002466,-0.05061517,0.006179081,0.10219172,-0.11565255,-0.049802877,0.046908107,0.22467484,0.044739746,0.14526483,0.036289793,0.21989529,-0.119360894,-0.07435619,0.061398856,0.11520177,-0.06361818,0.04807684,0.09567472,-0.01168708,0.021514678,-0.11695443,0.15048002,-0.12270297,-0.28619096,0.26002228,-0.06477126,-0.0060827974,-0.07166522,0.14351103,-0.030472118,0.12239527,0.15678705,-0.08857454,-0.047783643,0.055899702,0.03966349,-0.11925415,-0.11288575,-0.02462324,0.06015314,-0.15577173,-0.07147014,-0.04057034,0.06325022,0.24399623,-0.07716,-0.0438861,0.051919352,0.630088,-0.09311097,0.016204553,0.048747856,0.23818573,0.18757743
gex_possorted_bam_1WGCZ:TTAATCGAGGCCAATTx-M2,0.40642247,0.22640917,0.45468056,0.16545269,0.7561302,0.89900345,0.34652263,0.042636406,-0.096580565,0.5326473,0.36303076,0.42466828,-0.045401827,0.5583933,0.062033243,-0.0023619595,-0.022271913,-0.18491322,0.63348424,0.07231211,0.07331047,0.07419194,-0.3342272,-0.10084115,0.41753355,0.19446826,-0.013581273,0.15383618,-0.7911892,0.23595838,0.6511703,-0.06367045,0.31118414,0.017557822,0.244981,0.4898121,0.11133683,0.24522045,0.3842632,0.005942039,-0.07335039,-0.018599072,-0.033032466,0.68941456,0.2293386,0.4429473,-0.14646037,0.12744498,-0.16315757,-0.19377829,0.10897611,0.49417922,0.22932376,-0.047726434,0.15608738,0.1028025,-0.039533,0.16630436,0.37197223,-0.067598835,0.27167976,0.1934474,1.1643332,0.9761117,0.45877394,0.17012838,0.080436364,0.35054272,0.048669837,0.03965589,-0.09314936,-0.0912605,0.3308559,0.24439561,-0.094681844,-0.014698316,0.5418616,0.72375596,0.17633983,0.09189384,0.20514193,-0.1254868,0.39486542,-0.0016722194,-0.1681672,0.314105,0.37575933,-0.014121381,-0.35035852,0.24040405,0.30633068,0.44984192,-0.23972957,0.023493514999999993
gex_possorted_bam_1WGCZ:TGTTGCACATGTCGCGx-M2,-0.20504989,0.09897555,-0.04004791,-0.09891262,-0.09285331,-0.19479564,-0.11341878,-0.006527468,0.4028601,-0.078241274,0.06204867,0.06584329,-0.069064245,0.36394566,0.043604184,0.0060867523,0.12456237,0.45532167,-0.13222553,-0.050563607,-0.021401273,-0.13172229,0.091063365,0.19832914,-0.033712886,0.07858696,0.18311882,-0.023530778,0.43866125,-0.08925563,-0.13228159,-0.044217147,-0.06426005,0.13876037,-0.007966464,-0.13438722,-0.022024661,-0.011649835,-0.0029143582,0.15417242,-0.2343586,0.0024546743,0.1348964,-0.08982229,-0.074711435,0.2640652,0.1438958,0.13230096,0.15588592,-0.1277428,0.52518654,-0.14694831,-0.06685704,0.13418616,0.30115044,-0.061995693,0.050656803,0.33304504,0.044167176,0.07536848,-0.13988452,0.40492368,-0.10749213,-0.28779188,0.50189316,-0.007876647,0.038574886,-0.06606865,0.47039306,0.14857374,0.1243748,0.39906228,-0.11458844,-0.031672854,0.038681146,-0.008013501,-0.100213945,-0.13178098,0.023672586,0.17104001,-0.18300653,0.47469652,-0.09933819,0.18123,0.19572732,-0.07462792,-0.06099722,0.21206416,1.1672974,-0.022603597,0.057840876,0.075260386,0.57999563,0.27440974
gex_possorted_bam_1WGCZ:TGTTTGTTCAGTGAAGx-M2,0.41394976,0.09600184,0.4446742,0.14226967,0.6965261,0.9955767,0.36574784,0.07295182,-0.15325806,0.50888926,0.47847036,0.37271848,0.13702619,0.4523543,0.103613555,-0.055285007,-0.022451654,-0.26985213,0.6923514,0.09179247,0.102321744,0.18591513,-0.40477872,-0.10928402,0.4349922,0.20127714,-0.06364392,0.08852473,-0.8557443,0.32841325,0.7485744,-0.073734224,0.32103682,-0.026130045,0.19177741,0.5616275,0.09614573,0.18843324,0.4321491,-0.028814862,0.19516253,-0.04506751,-0.06449073,0.6976837,0.17139271,0.31335026,-0.1767129,0.13670367,-0.2068053,0.053999472,0.08113501,0.5811436,0.33897212,-0.06916723,0.09745312,0.117317416,-0.06737805,0.17487071,0.34747288,-0.082719885,0.3105887,0.08629748,1.0024655,1.1022791,0.34858412,0.22925138,0.083086774,0.3980076,0.0100830505,0.049733654,-0.11100347,-0.12071953,0.2829788,0.29161432,-0.09490358,-0.041809745,0.6668887,0.81408656,0.11366067,0.067821115,0.3030677,-0.15683424,0.4282398,-0.030711297,0.025668029,0.328601,0.38855085,-0.03858154,-0.4031373,0.13575669,0.26132685,0.6193722,-0.31413347,-0.045207710000000005
gex_possorted_bam_1WGCZ:TGTTCATTCCTCAGCTx-M2,-0.15877943,0.2649645,-0.06078676,-0.085255645,-0.12873133,-0.20656055,-0.14888507,-0.022352306,0.4278098,-0.069276236,0.12467764,0.1126219,0.0058679245,0.40838116,0.024326257,0.058569808,0.09676722,0.4180162,-0.14340147,-0.023862936,-0.0071100434,-0.027088584,0.14842066,0.17039678,-0.0025930598,0.010673411,0.25383168,0.022945067,0.41907305,-0.119037494,-0.1662551,0.014308284,-0.07551524,0.20412996,-0.08695845,-0.1314031,-0.015066817,-0.021341559,0.0056309095,0.37725806,-0.0916997,0.028056858,0.22460893,-0.13746734,-0.060251497,0.30687034,0.26059857,0.15365791,0.105378,-0.07960701,0.4208643,-0.14451611,-0.049127016,0.25645438,0.25725484,-0.028831912,0.09283519,0.31447673,0.07577679,0.12185331,-0.120142944,0.35216284,-0.10285467,-0.26680976,0.63121974,0.040097684,0.030644743,-0.037688058,0.33537087,0.19721581,0.05810275,0.34991467,-0.0924481,-0.071686655,0.047551945,0.116223104,-0.09161223,-0.025360685,0.053445388,0.26408792,-0.16439901,0.4544101,-0.076355785,0.14638461,0.39286727,-0.043016013,-0.02769228,0.20105295,0.82966393,0.04950151,0.07475806,-0.0030892554,0.44422576,0.306380705
gex_possorted_bam_1WGCZ:TTACAGCAGACAAAGTx-M2,-0.20907617,0.2546777,0.0049381345,-0.10933257,-0.0012700008,-0.10212447,-0.051946543,-0.01334373,0.42058614,0.08122226,0.1291191,0.07596556,-0.109942235,0.31363022,0.05724158,0.034507684,0.034302395,0.26505262,-0.11938574,-0.022442523,0.0051898854,-0.1669886,0.09727174,0.14104971,0.011562905,0.13934182,0.21522246,0.11985575,0.28693566,-0.12602633,-0.115252614,0.00042723486,-0.05293511,0.19417824,-0.12497961,-0.117974676,-0.0038625766,0.1495863,0.088154614,0.22458187,-0.36820185,0.024673605,0.16325574,-0.060666304,-0.05815365,0.3751669,0.3402932,0.10217632,0.12990889,-0.31063437,0.53281903,-0.15621814,-0.08324659,0.05127741,0.42129028,-0.057672154,0.1318683,0.3006291,0.07272182,0.0559842,-0.18910192,0.44473246,0.20868263,-0.16499268,0.6107222,0.0093697645,0.106624804,-0.0017135994,0.3467623,0.15843703,0.06331941,0.3779747,0.030303344,-0.04598593,-0.0060036182,0.04392146,0.010205579,0.028495882,0.08296997,0.30024675,-0.12758197,0.11664878,-0.09797575,0.23307994,0.22414519,0.03508499,0.07239638,0.19113141,0.73203,0.037663035,0.08363945,-0.050261803,0.3777496,0.39251283000000003
gex_possorted_bam_1WGCZ:TGTTACTTCAATTGGCx-M2,0.009587392,0.10517539,0.13592343,-0.0276341,0.14981455,0.2433028,0.083103895,0.019987082,0.24333361,0.19667606,0.12154734,0.16130033,-0.043068584,0.31869674,0.08989649,0.047367856,0.06555069,0.13421547,0.16637124,0.01005257,0.013240022,-0.087747835,-0.023583986,0.06945211,0.12942035,0.13274845,0.10412509,0.07614031,0.01415394,0.00316442,0.11879095,-0.03918664,0.083965845,0.08913595,0.028254367,0.11288717,0.020164685,0.1016321,0.096147925,0.11270854,-0.18510085,-0.0019203201,0.10279764,0.13454296,0.029814184,0.278281,0.1503619,0.092611164,0.042817622,-0.15088077,0.34500262,0.06269015,0.10291806,0.041292917,0.30657122,0.01525988,0.06324706,0.26585454,0.1757421,0.024644788,0.0063053863,0.26944804,0.26437598,0.16713381,0.47030574,0.0664541,0.06977573,0.12410925,0.2611538,0.07729559,0.048789952,0.19486049,0.056654643,0.07887257,-0.028550874,0.0095764445,0.15844162,0.26102942,0.073592484,0.18066642,-0.028844984,0.08317879,0.07894366,0.11303499,0.103549376,0.091277786,0.12361319,0.104233906,0.5681843,0.024003139,0.10832168,0.1888926,0.20996019,0.20990497
gex_possorted_bam_1WGCZ:TGTTACTTCATGAGCTx-M2,-0.09671503,0.0044162706,-0.08165908,-0.010000871,-0.16359271,-0.17795438,-0.017675366,-0.016609058,0.0013421241,-0.09311229,-0.10958034,-0.12584472,-0.043694384,-0.10234978,-0.03311292,-0.020344634,-0.015005516,0.0065630777,-0.14410934,-0.0420009,-0.0073733213,-0.08529458,0.11306379,0.03486744,-0.08011323,-0.05958829,-0.00048556415,0.012357393,0.19805983,-0.07256058,-0.08777359,0.013586951,-0.059902016,-0.0019098703,-0.047484707,-0.12723927,-0.027174162,0.014728794,-0.060147252,-0.025231918,-0.08361979,-0.009826251,0.0043433555,-0.12521589,-0.053848714,-0.038638767,0.007833208,-0.03220043,0.088396244,-0.048327763,-0.033583567,-0.1433066,-0.056074545,-0.03545023,-0.009590967,-0.0582626,0.072607614,-0.11380692,-0.07521721,-0.010268281,-0.08753206,0.020597393,-0.15214656,-0.18634222,-0.14567627,-0.062230635,0.002518912,-0.04566958,-0.043324023,-0.018613566,0.057429947,0.012493152,-0.0503884,-0.036496613,0.024829602,0.021172209,-0.17365034,-0.1935948,-0.008098764,-0.041507844,-0.07008547,0.0011467129,-0.05795194,0.037533786,-0.00923429,-0.046493728,-0.0595655,0.040983953,0.07681664,-0.017104972,-0.01198474,-0.1708225,0.09142202,0.0142153005
gex_possorted_bam_1WGCZ:TTAAGCCAGCAGGTGGx-M2,-0.17205608,0.0054570236,-0.05412406,-0.092667185,-0.11794117,-0.18756372,-0.10875,-0.022638777,0.1982506,-0.066745676,-0.008050094,0.004153561,-0.047942422,0.12861203,-0.0037795515,0.033374224,0.053922262,0.25660852,-0.11751633,-0.045247685,-0.046985425,-0.11552167,0.058085274,0.11772977,-0.03820412,0.014433714,0.09509805,-0.0037962939,0.3188463,-0.08650543,-0.13387357,-0.017671473,-0.04610062,0.06455031,-0.03468166,-0.12074909,-0.01999118,-0.044127233,-0.061036944,0.06251144,-0.25138792,0.0065759663,0.09673257,-0.11565324,-0.07287216,0.09718395,0.10781434,0.051378205,0.1100918,-0.14748964,0.28486118,-0.125805,-0.09161685,0.0470875,0.26597238,-0.047186963,0.00088818144,0.17598727,-0.015500836,0.0286433,-0.13806881,0.19703275,-0.14204338,-0.3066614,0.180792,-0.026916545,0.0002603101,-0.042267796,0.29466635,0.04322934,0.088485114,0.20601375,-0.12604755,-0.025586372,0.027905075,-0.0011598812,-0.10319322,-0.09915418,0.02637408,0.07993586,-0.17162445,0.21463296,-0.07472004,0.09060204,0.03614083,-0.065183826,-0.053747147,0.10507661,0.7814719,-0.05850959,0.010416679,-0.03612012,0.32729217,0.152423545
gex_possorted_bam_1WGCZ:TTCAGTTTCCCTCTAAx-M2,0.45278168,0.031861007,0.52295643,0.22702852,0.7710474,1.047573,0.3732533,0.08350774,-0.08109886,0.45633277,0.43213692,0.4220201,0.0029635685,0.38795477,0.1337432,-0.023212554,0.038260765,-0.32983178,0.77543795,0.10727635,0.04734873,0.022570528,-0.3736861,-0.15415761,0.46183753,0.32939297,-0.13299286,0.06666755,-0.90367806,0.26958543,0.5244327,-0.078479975,0.4252899,-0.024302093,0.17360508,0.5793073,0.07176035,0.22025385,0.48293293,-0.050728,-0.073852256,-0.013668255,-0.051513117,0.7475046,0.13567205,0.36279833,-0.19493844,0.14801785,-0.18176284,-0.10477899,0.06853347,0.45221788,0.5508491,-0.06295514,0.09512197,0.15478167,-0.048254702,0.18520448,0.45899588,-0.055206157,0.39620188,0.08491803,0.96357065,1.034527,0.37370753,0.22382434,0.06788941,0.4617073,-0.11175009,-0.011533933,-0.109045744,-0.09628415,0.28558582,0.28619307,-0.12588456,-0.03430149,0.69050217,0.82186323,0.13272083,0.07089915,0.29695264,-0.18050098,0.3144446,-0.009474433,-0.22432467,0.39873108,0.381117,-0.08933038,-0.43599352,0.12464117,0.24326949,0.52712524,-0.34846473,-0.05501020499999999
gex_possorted_bam_1WGCZ:TTGACATCATGCTTAGx-M2,0.31342262,0.000842844,0.40469554,0.061368994,0.4753989,1.2419976,0.48242968,0.097909845,-0.13862947,0.4968639,0.13394432,0.42433468,0.088606484,0.47177064,0.19368646,-0.078888886,0.025075542,-0.22095412,0.92853236,0.14826,5.759133e-05,0.13475497,-0.3789961,-0.140748,0.43350378,0.23088104,-0.0686351,0.059551615,-0.7614381,0.19932981,0.799119,-0.08745585,0.30655244,0.015314128,0.16996484,0.6106367,0.11695067,0.053101234,0.021468973,0.009145509,0.07254958,-0.050195005,-0.022564324,0.4130651,0.29730493,0.24195495,-0.1517627,0.027021874,-0.20908646,0.030365176,0.06459952,0.6428622,0.5017177,-0.07766767,0.20013982,0.14715527,-0.034631655,0.20533231,0.36037573,-0.037742294,0.2879468,0.10467703,0.72837794,0.9692147,0.35121855,0.23290575,0.08582173,0.50819474,0.039002847,-0.00044896168,-0.1661043,-0.13452272,0.18032792,0.34614673,-0.08488189,-0.07736546,0.77348167,0.87686574,0.12905154,0.08412752,0.26841676,-0.18231466,0.45021495,-0.066224255,-0.008286164,0.3914119,0.41213503,-0.026260938,-0.2953158,0.00554827,0.17426121,0.6022814,-0.3360465,-0.023542834999999998
gex_possorted_bam_1WGCZ:TTAGCGGTCCATTACTx-M2,-0.18761769,0.09488715,-0.048270926,-0.11731611,-0.10141796,-0.16612542,-0.12124784,-0.02223491,0.3568655,-0.031886987,0.036653858,0.024814978,-0.008722799,0.1774261,0.07090258,0.14357288,0.06792304,0.31512967,-0.10741792,-0.05475644,-0.007368107,-0.13339332,0.09359674,0.14677529,-0.051230326,0.10096918,0.18444502,0.10090941,0.5325917,-0.09141335,-0.14811994,-0.02422369,-0.058806308,0.10401993,-0.073182374,-0.11410363,-0.017300248,0.061911434,0.0051861326,0.13041556,-0.22372727,-0.004280638,0.16410789,-0.09069753,-0.05385922,0.20065285,0.30941123,0.10878635,0.18755607,-0.07569039,0.46552345,-0.121033564,-0.07144411,0.12346776,0.27278936,-0.0689097,0.11472797,0.26636288,0.034970775,0.053593844,-0.16587445,0.32167062,-0.032341905,-0.2537761,0.5620058,-0.025445446,0.06354188,-0.029294817,0.3273675,0.043439206,0.14949533,0.3106897,-0.062159304,-0.02250302,0.046841502,0.055423878,-0.08062917,-0.063890666,0.01132915,0.18239295,-0.18253693,0.020506026,-0.049267396,0.13197014,0.27961814,-0.071038336,-0.007223032,0.15268381,0.95067096,-0.05468209,0.06153765,0.052439496,0.39339572,0.31554092499999997
gex_possorted_bam_1WGCZ:TTCCTCAAGCCTGATGx-M2,-0.16755818,0.09598781,-0.0759283,-0.11278699,-0.08672284,-0.18893173,-0.12095633,-0.014585759,0.3549307,-0.026734823,-0.0018063284,0.0154542355,0.08424491,0.15912756,0.03787654,0.1638429,0.061963215,0.30900845,-0.13238706,-0.044091072,-0.007870098,-0.0540101,0.072685584,0.12444517,-0.032141652,0.04682565,0.1627796,0.11912046,0.5912147,-0.08841511,-0.13093793,-0.028546436,-0.05511835,0.08088556,-0.08422208,-0.120778434,-0.031688385,0.04895771,-0.031166216,0.09174227,-0.09398448,-0.012963081,0.19225033,-0.10626932,-0.06027148,0.17954485,0.3785885,0.11080372,0.16861983,0.024384972,0.4080918,-0.13255541,-0.069342464,0.09826859,0.25314006,-0.070185624,0.12689553,0.2517383,0.018418029,0.057628352,-0.14347836,0.2858932,-0.07857613,-0.26525104,0.6018908,-0.045231033,0.03608581,-0.06954457,0.2820515,0.013933632,0.15769638,0.32501787,-0.08951971,-0.024665173,0.052348092,0.06622098,-0.115118794,-0.05681977,0.005498249,0.15394948,-0.19748114,-0.07032448,-0.025488855,0.11670078,0.34378865,-0.10148342,-0.05545679,0.14108287,1.0371761,-0.063026056,0.054092243,0.13465664,0.39352798,0.33224085000000003
gex_possorted_bam_1WGCZ:TTCATTCAGTATTGCAx-M2,-0.18767323,0.100638956,-0.060636897,-0.110017896,-0.12745363,-0.20677099,-0.13356541,-0.018631166,0.35395676,-0.030715104,0.04936497,0.01594965,-0.006768514,0.18232013,0.05292495,0.09703319,0.04753926,0.3037581,-0.13070613,-0.04475497,0.0067229313,-0.11426125,0.08377661,0.121106446,-0.07243504,0.038568072,0.17398995,0.06509461,0.51531315,-0.1016258,-0.12561516,-0.027223416,-0.03317521,0.10707453,-0.061437916,-0.12043995,-0.031939756,0.039298862,-0.015165207,0.13103814,-0.19403715,0.008324945,0.15937848,-0.09607471,-0.039098494,0.23058754,0.30855337,0.12706915,0.17856969,-0.09886607,0.43880498,-0.13793018,-0.044907298,0.100218646,0.27713224,-0.060579456,0.11041332,0.25043988,0.050321516,0.051427342,-0.1586226,0.30991888,-0.09711411,-0.2782598,0.5521923,-0.02528974,0.06897804,-0.036286786,0.33147067,0.060947474,0.13892765,0.30730823,-0.0933129,-0.031659395,0.034324408,0.020733582,-0.10226821,-0.050607923,0.062244806,0.21883416,-0.16178669,0.055452712,-0.07932804,0.11558976,0.24241433,-0.083151914,-0.04936894,0.17567104,1.0417237,-0.054331634,0.04394257,0.063284494,0.42129704,0.309236125
gex_possorted_bam_1WGCZ:TTACGTTTCGTCCTTAx-M2,-0.20113915,0.10122897,-0.03704737,-0.12123158,-0.091666386,-0.19186853,-0.117997244,-0.019296125,0.4365071,-0.0035020802,0.036883056,0.066096075,-0.040463835,0.21709037,0.0828157,0.09443272,0.09347445,0.34993142,-0.115747094,-0.028863095,0.018241791,-0.13419358,0.09974922,0.16166092,-0.037701923,0.051548015,0.18347238,0.036053017,0.5422905,-0.101294756,-0.12102582,-0.03801446,-0.024931623,0.1263679,-0.021819463,-0.13469504,-0.025261618,0.044094298,0.004440494,0.09428704,-0.21381643,0.044540513,0.16435298,-0.09398277,-0.056586836,0.25908318,0.29402462,0.13648693,0.16742554,-0.101930544,0.47404692,-0.122969754,-0.0652201,0.11564617,0.26153255,-0.07547863,0.12613611,0.33388612,0.034584202,0.040746663,-0.16071944,0.3115811,-0.09370375,-0.25454855,0.5885436,-0.048447598,0.038196784,-0.048796788,0.38910928,0.052341644,0.12258748,0.37393895,-0.09245394,-0.0134985,0.033462007,0.031452686,-0.12818865,-0.080767706,0.040767696,0.19007002,-0.18875399,0.15058197,-0.1036405,0.13403459,0.24210832,-0.06640976,-0.035532735,0.17841248,1.0863814,-0.019843236,0.057852935,0.07726284,0.47925612,0.30280286
gex_possorted_bam_1WGCZ:TTCTTAGGTCAGGAAGx-M2,-0.20440811,0.31389627,-0.04311601,-0.06466667,-0.119779095,-0.23348206,-0.22121961,-0.014352482,0.45425546,-0.14802478,0.16635382,0.17217137,-0.25711903,0.69916135,-0.039216306,-0.15104705,0.14136954,0.58352774,-0.17995925,-0.017382404,-0.08070136,-0.14368148,0.026202418,0.22944629,-0.059232477,0.04240441,0.23528372,-0.11032337,0.13276613,-0.13644207,-0.14479963,-0.0060138293,-0.021484649,0.27126998,-0.010353066,-0.12829064,-0.02305507,-0.11142185,0.025047813,0.4857047,-0.41831484,0.027786853,0.12544917,-0.12671846,-0.026595628,0.39113292,0.040948573,0.18627991,0.058713913,-0.374354,0.5066504,-0.16095816,-0.0687052,0.32138735,0.33188546,-0.012853361,-0.022290774,0.430598,0.06111814,0.14216109,-0.11352677,0.4393736,-0.13277625,-0.29335818,0.5443411,0.045661457,0.03986778,-0.011151915,0.5060243,0.3925817,-0.030252151,0.4414573,-0.15093708,-0.08360242,0.022513568,-0.03312695,-0.05711978,-0.052694947,0.08383469,0.23712079,-0.18062474,1.1265101,-0.12704948,0.22873965,0.044007927,-0.056710213,-0.076562226,0.28558704,0.96005577,0.088474415,0.039264914,-0.17861849,0.62552536,0.24016108649999998
gex_possorted_bam_1WGCZ:TTAGAAGCACGGTTTAx-M2,-0.17819488,0.121661104,-0.050528683,-0.11765424,-0.117097355,-0.17993063,-0.117924124,-0.010301738,0.3255706,-0.0065088836,0.024536598,0.02480924,0.031303987,0.15889218,0.014189443,0.13541868,0.03452009,0.29494506,-0.13116916,-0.038048755,-0.011956844,-0.10441268,0.08490011,0.12689117,-0.0071104364,0.023306323,0.12825489,0.06754383,0.50534016,-0.09734224,-0.10162117,-0.018983098,-0.047582425,0.099520445,-0.09839496,-0.12975083,-0.03357654,0.031387854,-0.037644226,0.13856408,-0.16403776,-0.013500984,0.17178646,-0.11789363,-0.044156153,0.18402198,0.34081915,0.09088355,0.16296132,-0.06946965,0.3654037,-0.12579401,-0.0838491,0.08515541,0.31450412,-0.039784476,0.12462883,0.21707563,0.049477953,0.06295182,-0.16092455,0.2543712,-0.08366708,-0.27374956,0.49735963,-0.028538654,0.04831915,-0.032039735,0.31367022,0.043749522,0.14274444,0.28621143,-0.092541136,-0.007043215,0.030169608,0.055284828,-0.06985519,-0.02592901,0.024066864,0.19015695,-0.16452296,-0.012134998,-0.056223862,0.14389698,0.27454758,-0.066394225,-0.024271375,0.1515299,0.9411343,-0.07625638,0.032768514,0.060079902,0.38184842,0.297595175
gex_possorted_bam_1WGCZ:TTCCTTCTCGAGCTATx-M2,-0.11662429,0.00324759,-0.11033053,-0.07011599,-0.119189605,-0.22054733,-0.0916798,-0.0099545,0.07389971,-0.12658942,-0.081093445,-0.08208953,0.20416087,-0.12612765,-0.03912497,0.12106425,0.032549165,0.09517255,-0.15439467,-0.035379365,-0.010608879,0.060274206,0.16115393,0.08481743,-0.09259384,-0.078709945,0.061354518,0.053513993,0.5300391,-0.05604329,-0.13965635,0.040451,-0.07132141,0.014433064,-0.061543662,-0.11665295,-0.04119293,0.054755375,-0.042166673,-0.0030797974,0.1760392,-0.021660006,0.084506094,-0.12292655,-0.07354301,-0.022567878,0.17462198,0.032401998,0.14573944,0.2297825,0.028142864,-0.13102384,-0.067004465,0.09020141,-0.05280579,-0.047740094,0.1001563,-0.06007917,-0.06372645,0.011653912,-0.10942313,0.020660669,-0.17313102,-0.25881442,0.11449162,-0.077202216,-0.02786865,-0.09947154,-0.033303995,-0.06443352,0.12615085,0.03676072,-0.074087664,-0.034966424,0.069987014,0.09577271,-0.17011037,-0.159336,-0.08711635,-0.022172047,-0.14215884,-0.22511452,-0.046006095,0.01274611,0.36475223,-0.100179866,-0.06757954,0.027221987,0.2551165,-0.039886266,0.008105793,-0.01021129,0.11844771,0.0976413245
gex_possorted_bam_1WGCZ:TTATTGCTCCAGCACAx-M2,-0.1740604,0.084623404,-0.06454114,-0.09759357,-0.09470779,-0.18402715,-0.075093806,-0.009326311,0.36512002,-0.02357857,0.010407119,0.033799395,-0.03709816,0.23262717,0.047684953,0.10806286,0.11662319,0.36640954,-0.14014599,-0.05276649,-0.028534235,-0.12724625,0.08799549,0.16340922,-0.042358123,0.03690485,0.15606888,0.11055797,0.46062052,-0.09210137,-0.1191935,-0.0488942,-0.04105081,0.078158416,-0.034443296,-0.09886458,-0.030919053,0.02873291,-0.0016856844,0.12177652,-0.19894247,-0.016830176,0.15074022,-0.09509707,-0.06525356,0.22418773,0.24079734,0.1119069,0.14196815,-0.080934174,0.42927426,-0.1501093,-0.059977762,0.09584161,0.2875252,-0.0840118,0.10407128,0.21987699,0.047051035,0.037549958,-0.16694874,0.31859803,-0.0878089,-0.25565326,0.5123489,-0.028582972,0.042056102,-0.036718387,0.35519648,0.084176905,0.17910971,0.36805123,-0.08219687,0.00024207722,0.036508538,0.0060157967,-0.1419412,-0.059289698,0.011488325,0.14033781,-0.20150286,0.10933613,-0.065839775,0.11827434,0.20763063,-0.07259283,-0.039999664,0.13860951,1.0614834,-0.057873778,0.045951065,0.102777176,0.43740842,0.279697685
gex_possorted_bam_1WGCZ:TTCCTTGAGTAACAGGx-M2,0.013444771,0.23368427,0.13438702,0.10291209,-0.113487825,-0.15730405,0.33789754,-0.053401366,0.290662,0.32709247,0.107621394,0.058423296,0.29111883,-0.040404197,0.15424745,-0.07713345,0.00950649,0.32748854,-0.14955777,-0.027836373,-0.08633067,0.014777868,0.32108814,0.0027370336,0.16301578,-0.08877127,0.106135786,-0.117626145,-0.017815603,-0.04295765,-0.061888438,0.004271184,-0.07476921,0.12479522,-0.18810664,-0.122717835,-0.068177946,-0.11183604,-0.045005478,0.1743194,0.45901898,-0.019703949,0.05810426,-0.051563658,0.025937594,-0.06906292,0.12823607,0.05927503,-0.04329529,0.028256427,-0.11676661,-0.11204828,0.016538206,-0.015780656,0.47892898,0.0068130586,0.007231517,-0.03874982,-0.032465126,-0.04439816,-0.06526905,0.23403105,-0.061389435,-0.19841447,-0.09243362,0.108717896,-0.013520832,-0.09570168,0.11907101,0.28714353,0.07129787,0.33536813,-0.04740333,-0.001880208,-0.005361365,0.13716823,0.43928567,-0.040254798,0.18636279,-0.08649466,-0.095375314,1.0293669,-0.06266805,0.2619606,0.2901689,0.22609651,-0.01868581,0.08996912,0.022607423,0.034166522,0.07406523,0.17144598,0.14314172,0.18113356
gex_possorted_bam_1WGCZ:TTAGCTGCACATGCTAx-M2,0.30545565,-0.15593746,0.13100435,0.18505666,0.14844777,0.18342601,0.14000207,-0.00503693,-0.3963984,0.064849764,0.10995029,-0.029037468,0.047699444,-0.19685893,-0.028246408,-0.04084616,-0.039218765,-0.28705174,0.14140947,0.081271335,0.09174578,0.23893465,-0.22512373,-0.15806808,0.0417861,-0.02222883,-0.14042261,-0.073879786,-0.57948196,0.15010934,0.116472505,-0.011547316,0.046192065,-0.13305944,0.07990802,0.20498691,0.029907303,-0.005564075,0.07766299,-0.15815118,0.22432731,0.0030934883,-0.12631994,0.18237595,-0.00041305507,-0.1865439,-0.24002044,-0.077693775,-0.16750424,0.23434657,-0.29167116,0.16805565,0.15537517,-0.1436495,-0.23495571,0.11131843,-0.104456976,-0.192744,0.01648761,-0.036261372,0.20752843,-0.24247503,0.06587029,0.39139882,-0.31460503,0.0811943,-0.025058487,0.02672357,-0.2489116,-0.060087435,-0.120747335,-0.27968028,0.11399359,0.03360875,-0.045730278,-0.07461514,0.12031325,0.14667615,-0.00929542,-0.12375283,0.23092286,-0.25465375,0.11805898,-0.14013043,-0.15879071,0.052187327,0.07050011,-0.16004501,-0.66341215,-0.022867467,-0.053075504,0.12920614,-0.39114022,-0.24124773500000002
gex_possorted_bam_1WGCZ:TTAGCGGTCCAAACACx-M2,-0.19483401,0.2023767,-0.06977933,-0.11375458,-0.09678244,-0.19251573,-0.15004283,-0.02084389,0.37665147,-0.06807326,0.07791052,0.082411125,-0.019610904,0.32370496,0.032419927,0.10419805,0.065428555,0.3740135,-0.12900199,-0.05337496,-0.03197635,-0.08918548,0.091649815,0.16129747,-0.028558396,0.05591707,0.23190041,0.06643494,0.4568992,-0.12224944,-0.16285326,-0.0006923457,-0.049204633,0.18231344,-0.074245386,-0.13564706,-0.0019107986,0.03444666,0.0008971974,0.27703178,-0.19458205,0.054446623,0.19696815,-0.12160651,-0.038272806,0.27186224,0.3005155,0.1423502,0.14603572,-0.11616604,0.46325824,-0.14409703,-0.061719287,0.1896896,0.26020166,-0.053970594,0.10155015,0.30792284,0.06163199,0.08575666,-0.15994789,0.32168302,-0.046418328,-0.27860746,0.61992455,-0.007977565,0.0474705,-0.03559523,0.33264282,0.12991367,0.080717616,0.33039308,-0.07693588,-0.057880413,0.043821543,0.05860276,-0.07810269,-0.043546483,0.0549205,0.24578175,-0.1596171,0.21758714,-0.05876321,0.12865086,0.3203109,-0.07220458,-0.02984012,0.18592812,0.8900556,0.007217827,0.056405365,-0.012246239,0.42372814,0.31109926
gex_possorted_bam_1WGCZ:TTATCCGTCGGCTATGx-M2,-0.16568954,0.07648911,-0.07077348,-0.108337104,-0.052118294,-0.13424058,-0.07667885,-0.00357114,0.31412187,0.01814227,0.041303687,0.080745816,0.08833447,0.19294736,0.05714059,0.14271751,0.050422512,0.28173172,-0.11124334,-0.008882602,-0.013509659,-0.02605983,0.07753816,0.13137498,-0.0053609656,0.040399667,0.1671974,0.11534518,0.44419783,-0.09067081,-0.08782156,-0.014746384,-0.063539065,0.077737205,-0.064996205,-0.078265496,-0.028186748,0.030921089,0.03527549,0.12545016,-0.061577443,-0.028492132,0.16443436,-0.068908036,-0.054581568,0.21173455,0.3266498,0.09746577,0.13652164,-0.012330848,0.4013481,-0.14280975,-0.06882408,0.06984143,0.2938817,-0.029147431,0.09352923,0.21159357,0.068030134,0.042459704,-0.15549733,0.26668382,-0.050176527,-0.18662576,0.48725024,-0.030676601,0.03232851,-0.047499366,0.3292146,0.04521376,0.14660713,0.28965476,-0.061004564,-0.0180871,0.015117155,0.050500583,-0.052440263,0.021734474,0.022372458,0.20470262,-0.162283,0.042194612,-0.04024516,0.14156722,0.37279037,-0.05275912,-0.014978789,0.12791495,0.9564676,-0.025119562,0.04394948,0.13702954,0.3847939,0.29666681
gex_possorted_bam_1WGCZ:TTCAGGTAGTCTATGAx-M2,-0.18765943,0.10789279,-0.04998698,-0.09244446,-0.14551415,-0.19020742,-0.12189378,-0.023392787,0.3226848,-0.076506466,0.044757955,0.006397385,-0.1674785,0.33055016,-0.0004699387,-0.039329678,0.10834516,0.3460208,-0.14913736,-0.03148931,-0.03928995,-0.18351102,0.071512274,0.17028615,-0.059515797,0.055249102,0.17430232,-0.03416527,0.28534046,-0.100243114,-0.13921812,-0.011608003,-0.045631684,0.13948868,-0.034613732,-0.1312896,-0.03484215,-0.058806557,-0.030415822,0.17846197,-0.34164897,0.025849719,0.09063007,-0.10389319,-0.05905837,0.20504485,0.09503504,0.088217,0.12527014,-0.24109536,0.3974555,-0.13350856,-0.049956594,0.11883829,0.27221733,-0.038303558,0.020338204,0.2779045,0.039239656,0.06851063,-0.13197862,0.2921515,-0.151901,-0.27200118,0.3151306,-0.009496377,-0.003909491,-0.03367349,0.3866155,0.14930227,0.081036575,0.32624018,-0.11162018,-0.02916453,0.024369914,-0.023993395,-0.118428834,-0.09296639,0.04001846,0.15973172,-0.15877333,0.5765656,-0.08002064,0.14323702,0.028121462,-0.04420997,-0.07646601,0.18337537,0.9616762,-0.0116245905,0.036688242,-0.041475818,0.48867488,0.19359327
gex_possorted_bam_1WGCZ:TTAGGCTAGACTATTGx-M2,-0.20305632,0.107001506,-0.045110192,-0.11378372,-0.08955515,-0.17768876,-0.12973037,-0.009878246,0.44256288,0.0067164293,0.059650324,0.08026414,-0.012193248,0.2421824,0.07198597,0.11236788,0.06325691,0.34864002,-0.13384527,-0.052290164,-0.009223233,-0.13516462,0.10523081,0.1349355,-0.025161998,0.05958101,0.1984411,0.07081357,0.5371022,-0.099803366,-0.11457034,-0.042484894,-0.054904513,0.13028182,-0.06368099,-0.12983388,-0.025925312,0.033843413,0.029187366,0.17186403,-0.19699211,0.012189715,0.1981942,-0.07656007,-0.05843694,0.26489395,0.35379088,0.13010441,0.16871108,-0.12504594,0.4674723,-0.14942749,-0.07806669,0.1318044,0.31251723,-0.067348965,0.123993866,0.3091301,0.072955675,0.052891683,-0.15034893,0.3160478,-0.07971312,-0.26865828,0.62187886,-0.032897644,0.06168192,-0.035198092,0.35870677,0.09518831,0.14620009,0.36769545,-0.08080762,-0.02945547,0.030972246,0.061583083,-0.112443425,-0.023204312,0.02100114,0.21733014,-0.191968,0.107304096,-0.062020782,0.13944271,0.28013718,-0.06602187,-0.041462045,0.16894932,1.111292,-0.03492619,0.07649068,0.05456478,0.50282973,0.33491934
gex_possorted_bam_1WGCZ:TTATGCGCAAATGCCCx-M2,-0.102491714,0.26188698,-0.07347666,-0.13061701,-0.166267,-0.26831844,-0.11826671,-0.052395165,0.62334037,0.4642331,0.03680043,0.097525395,-0.2652964,0.6460764,0.28098932,-0.097253494,0.04516053,0.43324184,-0.12305093,0.0038274932,-0.09103283,-0.19008519,0.034307584,0.3357054,0.051081557,0.02268277,0.105537094,-0.05388048,0.018644994,-0.085229866,-0.15173768,0.020790165,0.010719444,0.16202201,0.097618505,-0.17971966,-0.0602875,-0.09216642,0.26909506,0.29998893,-0.25917098,-0.05203897,-0.03825185,-0.17591484,0.07483251,0.41772994,0.11494149,-0.020778311,-0.07609342,-0.36526945,0.7482777,-0.17145203,-0.14812812,0.29293746,0.79064554,0.017686611,-0.035907622,0.45593268,0.13128735,0.123960175,-0.024135023,0.20460396,-0.1999665,-0.29293945,0.38586873,0.059635486,0.07963932,0.11433474,0.4347278,0.41226906,-0.042857423,0.30909085,-0.07928177,0.05625086,-0.06612885,-0.025961623,-0.055916194,0.008199514,-0.0155176455,0.28216878,-0.29898456,1.6702911,-0.095094554,0.14372383,-0.04909592,-0.006997961,-0.10251401,0.09910234,0.48334926,0.041069537,-0.015292217,-0.039948817,0.37421423,0.159772725
gex_possorted_bam_1WGCZ:TTCACTGTCGGCCATAx-M2,-0.19342484,0.09640374,-0.026143458,-0.11087321,-0.09922,-0.18773578,-0.12833348,-0.008949571,0.41968048,-0.070906624,0.0652399,0.028261377,-0.16051678,0.39738712,0.031445753,-0.044440784,0.14806774,0.47985178,-0.13691281,-0.03925822,-0.019145949,-0.18415098,0.09336675,0.21404335,-0.051727764,0.08989199,0.16418315,-0.06258487,0.36104393,-0.08872714,-0.13807951,-0.031988367,-0.039252713,0.12484103,0.011196255,-0.13189054,-0.021717764,-0.00044031462,0.00031662034,0.15533814,-0.3399712,0.021327574,0.12294859,-0.08621888,-0.080409884,0.2982023,0.06864788,0.14338166,0.15981607,-0.22359574,0.5434147,-0.13679788,-0.060356796,0.12564595,0.34320995,-0.08716284,0.03712916,0.37482318,0.0323495,0.079060555,-0.14238174,0.386059,-0.1526549,-0.28828853,0.4239769,-0.0028341892,0.031941447,-0.04593342,0.52247757,0.18862087,0.10603893,0.40392813,-0.14035472,-0.06244137,0.035462134,-0.03420775,-0.11380404,-0.1679991,0.03036334,0.1885476,-0.17029215,0.67651033,-0.117831424,0.17480259,0.047678486,-0.09083123,-0.08186819,0.23600172,1.2093915,-0.018643176,0.04972594,0.018337995,0.6336668,0.22735344
gex_possorted_bam_1WGCZ:TTCAGTTTCGCAGGCTx-M2,-0.21771306,0.3398848,-0.052701887,-0.08482348,-0.10186626,-0.2311952,-0.24169463,-0.023887802,0.4877801,-0.14208011,0.14403407,0.21193312,-0.2038386,0.62322474,0.02716496,-0.0030413927,0.105767034,0.53759056,-0.15775952,-0.06784875,-0.06476105,-0.11175866,0.072142,0.19257802,-0.03154342,0.0386294,0.27209374,-0.025932739,0.28877357,-0.13447838,-0.1785834,0.002417901,-0.0057889135,0.29406318,-0.03767072,-0.1296567,-0.01745085,-0.053195123,0.049285624,0.52052927,-0.32061094,0.0064437673,0.158943,-0.1349629,0.0021518331,0.39308044,0.1826649,0.19299127,0.05266364,-0.27928853,0.50634205,-0.16769435,-0.06982275,0.43163484,0.25202474,-0.03137957,0.036475785,0.41871572,0.05845919,0.14310792,-0.12860154,0.3951767,-0.09024799,-0.27423766,0.6959679,0.03661572,0.047293384,-0.0014410687,0.35432777,0.3085528,0.006576748,0.39874783,-0.10908713,-0.03632746,0.025346857,0.027954035,-0.09555572,-0.031149046,0.056630686,0.2651405,-0.1801984,0.798127,-0.08732659,0.16233844,0.18796735,-0.032180443,-0.032071885,0.2529415,0.7763452,0.08284664,0.06859891,-0.15325096,0.488318,0.2889208
gex_possorted_bam_1WGCZ:TTCAGGTAGGAACCAAx-M2,0.33905363,0.025661914,0.44386995,0.08898815,0.4361447,1.47067,0.55053234,0.11497105,-0.17255366,0.52673334,0.09364292,0.49103785,-0.10770633,0.54370093,0.20780337,-0.091990136,0.01137048,-0.24743497,1.0612004,0.14716235,-0.022024816,-0.06665023,-0.3296523,-0.15133764,0.46383956,0.2768264,-0.0701623,0.037017886,-0.8095069,0.19833389,0.90084964,-0.10878467,0.38625762,0.008046165,0.2400623,0.721149,0.19193196,0.07886695,-0.046134956,0.028345073,-0.1901311,-0.046094455,-0.072263874,0.46608177,0.37161246,0.26928705,-0.20949359,0.053000286,-0.18511774,-0.15685174,0.084780276,0.67992425,0.5726458,-0.061991822,0.1597437,0.19258857,-0.03269208,0.26917434,0.4495827,-0.037687223,0.35671428,0.100305855,0.78747445,1.0374647,0.45696324,0.2629208,0.09654844,0.57912374,-0.0005955828,-0.0039259214,-0.16118684,-0.15471053,0.19715913,0.36236173,-0.08859692,-0.04746209,0.83574176,0.95547265,0.1772605,0.121745564,0.24051812,-0.20240636,0.4930188,-0.06912734,-0.24911718,0.44400606,0.46064216,-0.05607054,-0.3912633,0.021550333,0.1922064,0.50671375,-0.36535725,-0.054593867500000004
gex_possorted_bam_1WGCZ:TTCCTTGAGTATTGGCx-M2,-0.17800057,0.099644035,-0.055312827,-0.12367134,-0.07526918,-0.17062782,-0.09908357,-0.012712483,0.39007238,0.0017172867,0.03303735,0.051605023,0.035401385,0.19812073,0.070976615,0.13186619,0.06277963,0.3040632,-0.13571337,-0.039316654,-0.011938005,-0.08604638,0.09602937,0.13516957,-0.024397466,0.051786754,0.1774015,0.105725676,0.50934106,-0.09104271,-0.107811034,-0.031902686,-0.048046343,0.11091294,-0.06763216,-0.123875245,-0.02619429,0.05072952,-0.013560098,0.13001996,-0.14128068,-0.0065109855,0.18844457,-0.086016275,-0.060692076,0.23631325,0.35391843,0.12010304,0.1696942,-0.060558494,0.4284674,-0.121225305,-0.071553856,0.0740768,0.30966407,-0.063139796,0.122217804,0.26533118,0.066018775,0.05070365,-0.15462337,0.32005835,-0.04794054,-0.24335016,0.5967195,-0.028096007,0.049194295,-0.053393334,0.34361076,0.050458074,0.15466632,0.34753054,-0.07632872,-0.023202406,0.032790914,0.049350094,-0.08643576,-0.031284954,0.03985493,0.20715517,-0.17962903,-0.01244928,-0.05937092,0.12899148,0.31999987,-0.061085593,-0.027209422,0.14402321,1.0167456,-0.05392538,0.0642916,0.10434086,0.4239303,0.33698839
gex_possorted_bam_1WGCZ:TTGATGTCACTGGCTGx-M2,-0.13478166,0.11332648,0.006816221,-0.07955793,-0.052297194,-0.08043429,0.047067903,-0.007223459,0.31553665,0.13842197,0.05262175,-0.0012947589,-0.149328,0.037737694,0.11742313,0.036775835,0.04402165,0.115173064,-0.12383953,-0.091482945,0.04165706,-0.17268206,0.16788022,0.086009085,0.023687651,0.011179584,0.103102356,0.08970606,0.19252211,-0.06755456,-0.08450128,0.0059928945,-0.062541366,0.1153126,-0.0880734,-0.10497963,-0.013626268,0.10537391,0.016410334,0.09152274,-0.28000116,0.029578095,0.091603614,-0.053217947,-0.06145131,0.124587215,0.23649989,0.036442682,0.09169473,-0.2720602,0.24073738,-0.12756924,-0.06396626,-0.024200328,0.29905003,-0.056309614,0.14062303,0.13866277,0.053889696,-0.018883467,-0.16222586,0.28065008,0.03783518,-0.061811622,0.17653413,-0.0059532966,0.058268636,-0.027423251,0.20290387,0.10589904,0.054912068,0.15522666,0.024875676,0.027416075,-0.035556573,0.038991623,-0.06160443,-0.05678834,0.061886434,0.13787156,-0.041571565,0.11222864,-0.036067836,0.17166577,0.023919668,0.06387871,0.060417693,0.12350213,0.4196163,0.0024504676,0.0566089,-0.14701661,0.23871185,0.258574985
gex_possorted_bam_1WGCZ:TTATAGCCACCGGTATx-M2,-0.14660731,0.18122591,0.0067359987,-0.085681096,-0.00486833,-0.09917311,-0.012163245,-0.014271163,0.3506475,0.15066433,0.059083268,0.05269301,-0.13548176,0.2397699,0.06801785,0.004845517,0.023445485,0.20004697,-0.119615905,-0.027187422,-0.005725702,-0.17025055,0.076349564,0.103884645,0.023696521,0.07405862,0.15139262,0.10138305,0.15461648,-0.110835634,-0.073320754,-0.011713896,-0.053897742,0.1245767,-0.091329835,-0.11727177,-0.010532864,0.103416346,0.038897656,0.1518723,-0.35577238,0.018273959,0.14276144,-0.064591855,-0.044566102,0.27332655,0.2941719,0.053023376,0.099513136,-0.35239175,0.41728267,-0.13386017,-0.085964866,-0.021780366,0.4582018,-0.04499792,0.113432124,0.2360266,0.06630359,0.02960458,-0.14670843,0.38360634,0.14191547,-0.13262461,0.39843848,-0.006036285,0.09491114,-0.013810838,0.33547527,0.13523075,0.058531083,0.28356853,0.022194756,-0.034892585,-0.031608872,0.006646145,-0.020487132,0.027763622,0.08828118,0.26292524,-0.0908721,0.15942489,-0.085547,0.20871362,0.091912486,0.04144519,0.04380265,0.16366538,0.6885935,0.003974272,0.075454116,-0.054147992,0.326294,0.33888912
gex_possorted_bam_1WGCZ:TTAGGCTAGCTTACTTx-M2,-0.1748765,0.099379234,-0.041940436,-0.10915366,-0.09911776,-0.19893976,-0.13150072,-0.018978445,0.3492622,-0.041773915,0.026788125,0.027790464,-0.011313523,0.2353312,0.034549426,0.11404947,0.06054482,0.33358234,-0.123960845,-0.042846154,-0.026717722,-0.12423784,0.059416957,0.13812599,-0.053356364,0.054345164,0.16538173,0.075315274,0.5081202,-0.08850769,-0.1380013,-0.03462662,-0.051366363,0.10138147,-0.064637475,-0.1348324,-0.027290719,0.012486703,-0.03815533,0.16706984,-0.2242757,0.028244572,0.16822225,-0.10121962,-0.059149813,0.20826973,0.32254928,0.1111303,0.18817256,-0.0843222,0.42730454,-0.13817623,-0.08056794,0.106610216,0.27517244,-0.048510574,0.08910449,0.29769284,0.051006578,0.048014794,-0.13452904,0.2615586,-0.09445747,-0.2809725,0.5532052,-0.029917752,0.03256894,-0.052761327,0.34903646,0.05241233,0.13150677,0.31332868,-0.10926802,-0.034281988,0.04111377,0.062646754,-0.11432972,-0.070295766,0.023225281,0.15870336,-0.18613318,0.14446314,-0.07328286,0.12128856,0.22997366,-0.07033428,-0.03910035,0.16204005,1.0356951,-0.05039719,0.05608623,0.052381497,0.46129578,0.29205393999999996
gex_possorted_bam_1WGCZ:TTATAGCCATCTTGAGx-M2,0.23264618,0.09933362,0.3227054,0.06382565,0.3690969,0.8602876,0.31602007,0.064699106,0.05767349,0.37478828,0.21062604,0.33599117,-0.038923167,0.41249666,0.13775395,-0.0074772304,0.052418612,-0.09671673,0.62378275,0.0602912,0.030862883,-0.04281344,-0.20277783,-0.052996133,0.32255366,0.20262986,0.008044031,0.06996194,-0.4436282,0.1765236,0.5358358,-0.06379523,0.26022243,0.045133226,0.13531706,0.45086014,0.11425629,0.14397272,0.15992051,0.051975194,-0.10461772,-0.015113228,0.008475224,0.41353437,0.19057426,0.3116437,-0.05207352,0.1154576,-0.09628757,-0.09728096,0.19179325,0.3855756,0.33915785,0.016163751,0.14679538,0.086466976,0.030917812,0.25614637,0.32029828,-0.026409853,0.20731123,0.1633164,0.6085455,0.7421256,0.4939787,0.16371271,0.0830374,0.36931035,0.077859476,0.038724285,-0.0782164,0.016733577,0.16744766,0.23601118,-0.06177648,-0.0041971114,0.4916991,0.6195949,0.1257679,0.12983327,0.15336636,-0.077750355,0.33621764,0.008746808,-0.048767082,0.25211456,0.27759144,0.027897201,0.0013449971,0.05388856,0.17910542,0.37895095,-0.118244775,0.05562144
gex_possorted_bam_1WGCZ:TTAGGCTAGCAGCTCAx-M2,-0.18315929,0.22629885,-0.06378481,-0.09253184,-0.14460488,-0.20652956,-0.17342195,-0.011767289,0.42567274,-0.11244147,0.10663569,0.11730329,-0.14847142,0.4469582,0.028616495,-0.01502742,0.13392656,0.46326795,-0.1521739,-0.04239775,-0.018641062,-0.13932224,0.12133678,0.21413521,-0.056303058,0.05890131,0.23723209,-0.02032812,0.3842406,-0.11197405,-0.15347776,0.002951011,-0.0446574,0.21910964,-0.021765828,-0.13359337,-0.017876986,-0.019162277,0.027102625,0.34184125,-0.27195987,0.05085046,0.1487027,-0.115623035,-0.037527908,0.342638,0.14652325,0.17747895,0.12282043,-0.19972973,0.4958709,-0.15079184,-0.035845865,0.26984674,0.22494298,-0.057043884,0.055775087,0.35047996,0.070211746,0.10382945,-0.12433208,0.37992486,-0.1149954,-0.2649508,0.56027484,0.017532693,0.03220154,-0.027566954,0.39345643,0.21493463,0.056080863,0.3652361,-0.10533834,-0.04186848,0.049109247,0.042993248,-0.12183291,-0.10358535,0.06362946,0.23154342,-0.15267682,0.6321478,-0.091823995,0.15357302,0.18624441,-0.057744436,-0.058110062,0.22695155,0.94113374,0.041918866,0.058945563,-0.06931414,0.5360659,0.263224055
gex_possorted_bam_1WGCZ:TTGCAACAGACAACGAx-M2,-0.16854498,0.05128228,-0.03680161,-0.12240245,-0.10621076,-0.19017775,-0.06683147,-0.028039254,0.2677378,-0.030872317,0.0027316038,0.006383844,-0.025864355,0.12717213,0.037708864,0.09279221,0.06830181,0.20687477,-0.097047284,-0.030566446,-0.0061165695,-0.084713705,0.12553337,0.12066716,-0.022751665,0.00094746344,0.114276126,0.017142745,0.41650555,-0.07793239,-0.1780524,-0.024727326,-0.08219112,0.0665428,-0.06894414,-0.10947792,-0.025411641,0.0037252933,-0.05027922,0.09439985,-0.1636415,0.0032087825,0.16645144,-0.13256544,-0.07417133,0.15409221,0.2503697,0.07427811,0.12887236,-0.091362655,0.30430305,-0.13788857,-0.058646686,0.054524735,0.24177498,-0.044926513,0.11349461,0.18186122,0.03643458,0.03559262,-0.13301577,0.2112905,-0.097132616,-0.25750718,0.34988293,-0.04774844,-0.012477734,-0.045934983,0.24483635,0.02699454,0.11206731,0.21979178,-0.0899071,-0.043304887,0.011920575,0.031941544,-0.15102196,-0.082514584,0.011248375,0.11984343,-0.15084901,0.06575237,-0.056134176,0.10837085,0.17655756,-0.05998638,-0.033695575,0.14463776,0.8098375,-0.043558527,0.013128265,0.0034302736,0.32973042,0.23083009999999998
gex_possorted_bam_1WGCZ:TTCCTCAAGACTAAGGx-M2,-0.18799761,0.30860695,-0.03357404,-0.087244764,-0.127857,-0.22813419,-0.20570979,-0.022060998,0.47294903,-0.09451619,0.13581692,0.20018008,-0.10426938,0.48911485,0.017199904,0.060294047,0.10672568,0.47968212,-0.1346519,-0.027525252,-0.048013862,-0.0834296,0.10364099,0.1711568,-0.0071434868,0.030403564,0.26391715,-0.012670072,0.40964293,-0.12607019,-0.18609665,0.0070847096,-0.0328352,0.2615901,-0.050896786,-0.1284014,-0.008498245,-0.04180911,0.02334985,0.42797545,-0.24984148,0.034915105,0.19566803,-0.14249921,0.0015278099,0.37237427,0.2766623,0.19319952,0.05447337,-0.18715914,0.50257653,-0.15735672,-0.09431619,0.36679208,0.23322374,-0.032437935,0.09299617,0.3582992,0.076293685,0.1080682,-0.14264949,0.34826884,-0.083104216,-0.26657975,0.7535148,0.00091463054,0.021851324,0.00757786,0.3225776,0.22741984,0.045681905,0.39500824,-0.11206157,-0.05575739,0.041844167,0.061993606,-0.10427172,-0.02886877,0.06145412,0.23750454,-0.18215862,0.5167726,-0.07341059,0.15550886,0.2597058,-0.04683377,-0.04502323,0.2128049,0.8144201,0.050317865,0.0762681,-0.10218502,0.44096935,0.31246557
gex_possorted_bam_1WGCZ:TTCAACCGTCATGAGCx-M2,-0.06929058,0.04169226,-0.06913963,-0.08197619,-0.13128899,-0.25368565,-0.06433246,-0.035505775,0.16033053,0.26528066,-0.045413498,-0.088200375,0.049672365,0.009494824,0.083615914,-0.011664888,0.022805376,0.05845593,-0.16382065,-0.023838278,-0.017076438,-0.040950395,0.25508687,0.1867838,-0.03728537,-0.10635505,0.019548675,-0.041603427,0.22662371,-0.037114944,-0.16221449,0.06624907,-0.04111517,0.052273005,0.037662655,-0.17660332,-0.051458098,-0.015441335,0.1815412,0.03852419,0.19131912,-0.04779032,-0.009161881,-0.09866324,-0.026418455,0.040859237,0.08385101,-0.083238244,-0.008134439,0.039500162,0.15417261,-0.12463052,-0.12542409,0.11360602,0.3130125,0.019754244,-0.017073758,0.023206187,0.011426804,0.027919065,0.002480259,-0.096365124,-0.21575199,-0.26674125,-0.16852397,0.0035235146,0.008158738,0.0054328456,0.027605515,0.13504902,0.0387647,-0.01907012,-0.05171204,0.018171776,0.0025425826,0.07725205,-0.13773996,-0.08985082,-0.11447842,0.019747082,-0.21182014,0.5360238,-0.07898015,0.0236679,0.14219946,-0.01926106,-0.091439806,-0.049304873,-0.06410836,0.016346095,-0.047326192,-0.05720752,0.086951904,-0.006257056999999996
gex_possorted_bam_1WGCZ:TTGACATCAATTTGGTx-M2,-0.1916615,0.3242698,-0.045094717,-0.097641796,-0.10779925,-0.23983172,-0.20796518,-0.022790063,0.45666978,-0.101362266,0.16694126,0.16117214,-0.1815635,0.5596266,0.02139545,-0.023285467,0.12580307,0.51133126,-0.1510137,-0.04057875,-0.055553544,-0.11539327,0.087240934,0.20871508,-0.039160047,0.032515354,0.25295037,-0.011172016,0.28488728,-0.13608527,-0.16711707,0.017961066,-0.03205888,0.27164847,-0.038842738,-0.13974628,-0.014318803,-0.064616546,0.03604474,0.47003603,-0.3127661,0.021903496,0.16327477,-0.15377651,-0.010900737,0.37331805,0.17355423,0.19593108,0.06170485,-0.28088588,0.4803409,-0.15343657,-0.054723233,0.37162986,0.26722783,-0.033930905,0.016570766,0.39128855,0.06752675,0.11524048,-0.13205254,0.39690438,-0.10586097,-0.2858909,0.63454455,0.03352602,0.015688976,-0.0059418166,0.3949821,0.30268776,0.013222433,0.3615544,-0.11087716,-0.06425136,0.022313915,0.032830417,-0.07212894,-0.042070184,0.0746531,0.24902663,-0.16484606,0.7514994,-0.09767565,0.16510163,0.16176797,-0.028691253,-0.038111273,0.23714119,0.8207674,0.05878842,0.07509164,-0.13405272,0.48389828,0.285229305
gex_possorted_bam_1WGCZ:TTCCTTCTCCTGAATAx-M2,-0.17957121,0.09180987,-0.0540493,-0.10369805,-0.11085535,-0.17446157,-0.10354529,-0.00860217,0.35176918,-0.036211137,0.028630503,0.028282609,-0.01661438,0.22412345,0.058352403,0.08559805,0.07451564,0.34219655,-0.12969954,-0.047477473,-0.009478045,-0.11440166,0.07581676,0.15611808,-0.045758642,0.050894182,0.17014205,0.05025565,0.4740534,-0.09546576,-0.123649836,-0.03399554,-0.050745763,0.105142415,-0.046560712,-0.121708944,-0.033533692,0.02066253,-0.011880142,0.13730685,-0.19952938,0.02080298,0.15872516,-0.100027,-0.063826226,0.20726354,0.25559592,0.101610534,0.17377181,-0.08622175,0.440242,-0.13386917,-0.07072014,0.10226838,0.27897048,-0.0562933,0.089514144,0.26190627,0.037762605,0.05952357,-0.14706299,0.3040079,-0.10115933,-0.26880735,0.48143855,-0.03343615,0.034155775,-0.044082507,0.36480826,0.08101436,0.13181655,0.3282268,-0.10027292,-0.023986276,0.034957938,0.027893271,-0.107989274,-0.08206369,0.025641548,0.17080693,-0.17345709,0.19397095,-0.073901765,0.127186,0.22752024,-0.08188192,-0.047512326,0.16850042,1.0351961,-0.035234205,0.047655825,0.060515292,0.4607875,0.27980191
gex_possorted_bam_1WGCZ:TTCGTGCTCTTGGACGx-M2,-0.19819485,0.23055731,-0.04770402,-0.09003485,-0.11966453,-0.20808928,-0.18571432,-0.016534422,0.45211002,-0.13939498,0.10113145,0.12155707,-0.18983485,0.5120518,0.028239006,-0.056046788,0.14899123,0.5292072,-0.13933098,-0.04067525,-0.024385503,-0.15569632,0.076634444,0.24437912,-0.045340657,0.07648535,0.21257836,-0.056046836,0.3320764,-0.0863604,-0.13692535,-0.018199481,-0.033957336,0.20964329,0.006185286,-0.14447236,0.0033085453,-0.025285872,0.023755288,0.33598715,-0.343346,0.051321704,0.13376506,-0.13303716,-0.058490027,0.35729948,0.088029325,0.2018784,0.11548263,-0.22862618,0.5190996,-0.15028816,-0.047335327,0.27524176,0.24621964,-0.0576472,0.037644364,0.41839388,0.054782815,0.097431995,-0.10629284,0.4411372,-0.11862486,-0.26744366,0.61091864,0.031316917,0.040586878,-0.049442284,0.45577127,0.2645784,0.038535275,0.43337238,-0.12765855,-0.021344155,0.043047685,0.0012333442,-0.094958104,-0.10855107,0.057620574,0.22459395,-0.1692933,0.7837686,-0.08923276,0.19203654,0.14294016,-0.047803268,-0.055074397,0.24969313,0.97382283,0.045403734,0.06293798,-0.07664219,0.5552299,0.2645832625
gex_possorted_bam_1WGCZ:TTCACTGTCTCGCCTGx-M2,-0.19843121,0.12083357,-0.051523052,-0.09269649,-0.1399854,-0.21611466,-0.115138896,-0.016847698,0.38047463,-0.037845794,0.025107875,0.0153728435,-0.03896466,0.24161099,0.006182517,0.09395058,0.08704628,0.34588426,-0.12992123,-0.032944392,-0.019385962,-0.1359732,0.08175424,0.14186019,-0.038522583,0.052242585,0.17953773,0.06501876,0.4888548,-0.09612619,-0.10600522,-0.025443634,-0.062567465,0.13590142,-0.053814825,-0.14016111,-0.060489688,0.00022055772,-0.05148087,0.15225632,-0.20382015,0.023280988,0.18033825,-0.08843863,-0.06689825,0.23091823,0.28232694,0.12773003,0.1530912,-0.11380964,0.4140703,-0.13221186,-0.0632543,0.13340858,0.28218478,-0.0511853,0.091600075,0.27652308,0.051597964,0.06286516,-0.14306617,0.3029282,-0.106819585,-0.29503798,0.55515224,-0.028753266,0.028534021,-0.02085112,0.35626808,0.10629973,0.12593125,0.3625074,-0.088882275,-0.034523293,0.06646109,0.045984518,-0.1295708,-0.050532505,0.026748909,0.20802025,-0.18687084,0.1364756,-0.044336125,0.13393381,0.21422344,-0.079603724,-0.055078436,0.14354454,1.0631996,-0.046096493,0.056938928,0.022786522,0.45727375,0.29262757
gex_possorted_bam_1WGCZ:TTAGCGGTCGCACAATx-M2,-0.19478363,0.14805946,-0.008133468,-0.12490879,-0.042311504,-0.1448482,-0.06691396,0.000941974,0.40191907,0.065255485,0.09469511,0.053161047,-0.07095035,0.2420919,0.08076356,0.06700761,0.08686409,0.3234911,-0.10989068,-0.021727677,0.014728647,-0.1625314,0.107164316,0.15513349,-0.039823223,0.087571375,0.17407711,0.07207819,0.4313931,-0.10193441,-0.09162178,-0.036138125,-0.05775007,0.113651656,-0.06844115,-0.11490943,-0.02004943,0.07581912,0.019834869,0.14449805,-0.27875963,0.011110774,0.1853402,-0.08932356,-0.077000804,0.3144047,0.33799884,0.1206334,0.16500346,-0.19500199,0.4840438,-0.11690073,-0.077677146,0.05599513,0.37704688,-0.06409367,0.12653843,0.32806858,0.0708797,0.06564489,-0.16567555,0.3800252,0.014014313,-0.2166562,0.5878655,-0.0017912113,0.06172855,-0.02384888,0.41603032,0.12928416,0.09920412,0.36108914,-0.025274824,-0.02432908,0.005039697,0.04086674,-0.06247966,-0.032915372,0.04719186,0.22052495,-0.1645707,0.09945432,-0.08899408,0.17305262,0.20656848,-0.044129748,0.006587622,0.17580095,1.008409,-0.00358041,0.07044693,0.03999288,0.458825,0.35901202
gex_possorted_bam_1WGCZ:TTCACTGTCGTAATCAx-M2,-0.18795727,0.16980834,-0.053906646,-0.08621449,-0.12566438,-0.19159743,-0.17277128,-0.014469878,0.38215497,-0.11367312,0.06558716,0.06003861,-0.17610608,0.450149,0.014824681,-0.06098744,0.12835166,0.4636452,-0.14603136,-0.048535384,-0.046520524,-0.14686374,0.047937483,0.21185999,-0.052943945,0.061444614,0.19004817,-0.070839524,0.27393508,-0.10511225,-0.12868607,-0.007332344,-0.03224911,0.17132255,-0.0024138996,-0.13439491,-0.02290692,-0.04070052,0.0020047757,0.27228332,-0.32329893,0.0412013,0.11325554,-0.113374025,-0.04816667,0.28453434,0.040764652,0.1536559,0.12401055,-0.2284239,0.45784953,-0.14410862,-0.051185902,0.19965544,0.27783963,-0.051407196,0.0063924007,0.3368024,0.030796425,0.07971122,-0.12796354,0.37140432,-0.15067494,-0.27694005,0.40082443,0.004211465,0.04327684,-0.040391963,0.44040048,0.21186481,0.051832087,0.37108365,-0.13089103,-0.03172037,0.032858603,-0.029560823,-0.08777676,-0.11700567,0.047945805,0.18285567,-0.15587515,0.80035263,-0.09860866,0.1584897,0.06218398,-0.060937982,-0.06577639,0.22777605,0.9869891,0.02682292,0.028209517,-0.05523909,0.54859823,0.206084486
gex_possorted_bam_1WGCZ:TTAGGCCCAACAGGATx-M2,-0.18436828,0.37035614,-0.05520471,-0.08028656,-0.09540787,-0.23708995,-0.2558721,-0.0017834081,0.52048415,-0.14224485,0.19355877,0.22641237,-0.23765144,0.7296528,0.003277403,-0.06455196,0.0841518,0.5530943,-0.19025664,-0.0453323,-0.10324768,-0.09377138,0.04131066,0.20979935,-0.02861304,0.047890894,0.27112636,-0.049384955,0.14744899,-0.16390057,-0.1551623,-0.0025886656,-0.0046021594,0.27374512,-0.033168193,-0.12535232,-0.0152459415,-0.11147624,0.06761652,0.59926283,-0.33182704,-0.011441046,0.15120941,-0.1601751,0.0008000681,0.42909217,0.15142505,0.19405152,0.027106604,-0.37582532,0.46509233,-0.17671253,-0.077730276,0.4613334,0.2821493,-0.019403331,-0.0078817485,0.4470351,0.10096687,0.17879516,-0.12022788,0.3821997,-0.14706431,-0.27845153,0.6683976,0.074962325,0.04557227,0.009093046,0.39223143,0.43015426,-0.035082318,0.4186352,-0.14155117,-0.07182462,0.0003738589,0.040987413,-0.04802017,0.005748905,0.09191024,0.290228,-0.18162754,1.0635321,-0.1010916,0.20200919,0.11656666,-0.04995279,-0.06616134,0.27719086,0.7296001,0.10710479,0.086738124,-0.21424736,0.5397245,0.266812375
gex_possorted_bam_1WGCZ:TTCGGTACAGGAACATx-M2,0.39985242,-0.013082088,0.4494177,0.10579253,0.59023726,1.1783326,0.4570214,0.105696514,-0.13384853,0.49595538,0.26042482,0.35064697,0.15576348,0.4007937,0.20121397,-0.09391887,0.039127734,-0.30991066,0.8508457,0.11679964,0.06414716,0.2263097,-0.38791496,-0.1490662,0.46637407,0.23560543,-0.0871019,0.030299889,-0.7983185,0.26827845,0.79332256,-0.10666157,0.34285352,-0.041169357,0.17832427,0.6240018,0.10983327,0.111385055,0.15576911,-0.05072713,0.2527171,-0.042171527,-0.066665374,0.51511097,0.2030158,0.2537002,-0.18574554,0.07796981,-0.20795822,0.18325298,0.077605344,0.6216283,0.5542694,-0.09988686,0.0691278,0.11873899,-0.040976312,0.20999302,0.4267034,-0.031137375,0.3479668,0.04628082,0.72577405,1.0917052,0.4029436,0.27542138,0.11287007,0.46197918,-0.02622138,-0.04890974,-0.13211332,-0.14043573,0.24703641,0.34515032,-0.09756199,-0.05819835,0.7592746,0.7832096,0.15006451,0.07175579,0.3298322,-0.20558268,0.40609652,-0.04007673,0.07192758,0.3607044,0.40418878,-0.042755708,-0.39338115,0.025611142,0.20912346,0.71799153,-0.34492275,-0.06973236
gex_possorted_bam_1WGCZ:TTCACTGTCAAACCGTx-M2,-0.18738446,0.17368613,-0.0520255,-0.099727236,-0.1141256,-0.19419797,-0.14950156,-0.017030222,0.38630638,-0.07065299,0.07396788,0.0835692,-0.049616236,0.32678488,0.030423498,0.064194165,0.092236154,0.39413324,-0.1314306,-0.03799246,-0.017920671,-0.096626155,0.09226853,0.160795,-0.04711819,0.03314812,0.21099503,0.02631177,0.4453288,-0.10321026,-0.13361768,-0.014483847,-0.046577614,0.16525413,-0.042497307,-0.13056633,-0.012623143,-0.0010529557,-0.00539347,0.2592054,-0.20776437,0.024293529,0.17102824,-0.10771389,-0.04210208,0.2675657,0.23766422,0.14265524,0.14158514,-0.11514049,0.4393319,-0.13482745,-0.0572577,0.19504909,0.25308526,-0.048489843,0.08087734,0.31326988,0.05391339,0.078280255,-0.13260219,0.32596457,-0.10119713,-0.2672367,0.56415063,-0.011032187,0.04279852,-0.033760093,0.36696517,0.13420613,0.09109732,0.34371245,-0.10067928,-0.041004103,0.03411717,0.041829556,-0.1051306,-0.06566781,0.040614,0.20361665,-0.1697814,0.3452135,-0.07538072,0.13230836,0.24765608,-0.064486034,-0.04520398,0.18941395,0.97693104,0.000471437,0.050499935,0.015428462,0.471947,0.281814395
gex_possorted_bam_1WGCZ:TTATAGCCAGTTTCTCx-M2,-0.17237015,0.053673435,-0.04644468,-0.09207391,-0.1241736,-0.15917721,-0.05745436,-0.03033215,0.37401998,-0.014148987,0.030157836,-0.0064658965,-0.09670039,0.21608338,0.110346355,0.02744178,0.0774778,0.3014835,-0.1191335,-0.03117226,0.024830177,-0.1601324,0.14320898,0.14488673,-0.040684007,0.03092885,0.1648595,0.0997759,0.3252867,-0.08428991,-0.1328218,-0.014384017,-0.103532724,0.107895985,-0.052673463,-0.15526178,-0.0382026,0.0031326201,0.019831907,0.08757305,-0.24476254,0.017175032,0.105883986,-0.085437715,-0.09434962,0.19682766,0.13666746,0.060694553,0.12423582,-0.18159592,0.40469173,-0.12739123,-0.043237474,0.069658004,0.28198218,-0.04656322,0.095892,0.23513901,0.011188262,0.037345283,-0.12043546,0.3620086,-0.049538564,-0.240186,0.3039576,-0.0071664206,0.0027844666,-0.05548931,0.3587462,0.10141423,0.065036066,0.29341054,-0.048469458,-0.01632394,0.030617412,0.016871696,-0.14548062,-0.09105747,0.04413022,0.13915886,-0.17021915,0.3851234,-0.044059593,0.14180356,0.1527051,-0.017412234,-0.059001897,0.14014065,0.9061209,-0.014983799,0.0913879,0.017568275,0.4194351,0.24933803
gex_possorted_bam_1WGCZ:TTAGACTCAGGTTACCx-M2,-0.17462386,0.09629608,-0.0688085,-0.12224626,-0.13085915,-0.20223585,-0.098363824,-0.013413108,0.34410357,-0.09894774,0.019186964,0.0014648216,-0.030437555,0.23952746,0.022854963,0.03284176,0.10135217,0.37004048,-0.15353756,-0.039564315,-0.0071773455,-0.109713174,0.08106767,0.18463771,-0.05197816,0.056643374,0.11940614,0.010071612,0.47014037,-0.07284819,-0.11266463,-0.03464058,-0.05261049,0.087097175,-0.053269714,-0.13623802,-0.036792383,0.021817451,-0.032369133,0.09740698,-0.18929748,0.016391646,0.1269502,-0.11855423,-0.08423205,0.19835411,0.17272261,0.110539526,0.20437932,-0.06391726,0.4320836,-0.121348776,-0.05930449,0.08700877,0.24633488,-0.062047407,0.08971965,0.25848868,0.028110553,0.06298402,-0.14874181,0.33574125,-0.13767044,-0.27414912,0.43697175,-0.033978473,0.027626257,-0.070588484,0.35549596,0.08148873,0.13807838,0.34111178,-0.11964885,-0.034531727,0.033395547,0.016926024,-0.088048495,-0.14183676,0.00898436,0.12669256,-0.16369873,0.31486621,-0.073684506,0.14456308,0.20033294,-0.072943985,-0.06799929,0.1794793,1.0379628,-0.0493658,0.03240596,0.078715816,0.48548433,0.25423193
gex_possorted_bam_1WGCZ:TTAGGAACAGGCATGAx-M2,-0.19186646,0.12337731,-0.03640614,-0.10416004,-0.121307746,-0.18089724,-0.123341516,-0.015193241,0.3840495,-0.12124756,0.06390264,0.030344188,-0.25962788,0.45672446,0.042194534,-0.10774886,0.14963344,0.49417394,-0.1302331,-0.04701338,-0.033393197,-0.23718923,0.073721424,0.22963557,-0.0715203,0.07551778,0.17249331,-0.088265814,0.23922138,-0.10017446,-0.16767149,-0.017357424,-0.070707925,0.12605837,0.01606277,-0.12468459,-0.01999986,-0.042241715,-0.006146856,0.20873855,-0.44588736,0.027892502,0.0717674,-0.0989356,-0.06427175,0.25247282,-0.0065766713,0.12152011,0.14720558,-0.32325846,0.5332695,-0.15101969,-0.053398818,0.15910442,0.31006733,-0.06180762,0.0026736944,0.3380901,0.02662911,0.1058269,-0.13890766,0.4019644,-0.15189813,-0.27201933,0.30647662,0.000584007,0.029992526,-0.05886473,0.5066682,0.22435935,0.066076145,0.38931996,-0.1482032,-0.061414473,0.035390988,-0.05761701,-0.12031751,-0.16920379,0.031876005,0.15437181,-0.15273373,0.92856455,-0.11512688,0.17136511,-0.051873952,-0.0734623,-0.09540902,0.2628846,1.1020893,0.015537198,0.034089312,-0.06977355,0.62101024,0.19769386435
gex_possorted_bam_1WGCZ:TTCAACCGTTTGCGCCx-M2,-0.17291297,0.15276195,-0.044485893,-0.10176889,-0.12326843,-0.20191297,-0.1579524,-0.01739842,0.3640384,-0.095191196,0.03763864,0.039611936,-0.15436845,0.38504556,0.04142484,-0.015639558,0.1211144,0.42883566,-0.13699768,-0.03811394,-0.03334314,-0.15000588,0.06723733,0.18891506,-0.07912825,0.050679054,0.17352338,-0.06858922,0.3389937,-0.0968852,-0.14447027,-0.01986543,-0.050928067,0.13976017,-0.0029199198,-0.12670788,-0.022446487,-0.037880246,-0.008576303,0.25289264,-0.30107662,0.057832025,0.1196539,-0.1197716,-0.03558853,0.25608453,0.11253607,0.14717574,0.15398242,-0.19427243,0.44422734,-0.14677791,-0.05243558,0.15262784,0.25354356,-0.04193709,0.03338857,0.31900254,0.050065693,0.054502275,-0.12305725,0.32554263,-0.18088944,-0.26331723,0.4095059,-0.036226925,0.055567697,-0.033943303,0.42349094,0.17124623,0.08622443,0.33704838,-0.13039617,-0.046150576,0.028874503,-0.023397503,-0.11386907,-0.11049414,0.044206675,0.12773047,-0.15513234,0.68267083,-0.10260542,0.15183033,0.090058066,-0.08266334,-0.071250096,0.21380715,1.0270028,-0.0065376954,0.017039362,-0.03853207,0.54169613,0.21903935
gex_possorted_bam_1WGCZ:TTCATTCAGTTGTCAAx-M2,-0.1797432,0.06763367,-0.052563585,-0.11201508,-0.09196381,-0.16940711,-0.11796171,-0.022755532,0.3054275,-0.014877762,0.025051069,0.021921322,0.021031812,0.12882411,0.065503314,0.115610346,0.047165897,0.28774917,-0.11827093,-0.049493186,-0.001158423,-0.11125904,0.06694015,0.11512639,-0.04555929,0.037040465,0.13793117,0.07728973,0.4991864,-0.06400567,-0.11513605,-0.030601874,-0.029009616,0.09518982,-0.036944635,-0.13416907,-0.014696703,0.054552168,-0.022435784,0.11456069,-0.17747629,0.024218721,0.1426609,-0.08603619,-0.047973696,0.16572995,0.29069227,0.07900118,0.14663018,-0.06010855,0.3892413,-0.11667171,-0.05812789,0.08819158,0.25819167,-0.07250317,0.12454245,0.23042907,0.016787058,0.029054934,-0.15016274,0.2820124,-0.049982958,-0.24493483,0.46645486,-0.047006343,0.039066292,-0.052095316,0.30502954,0.02404744,0.1282078,0.29834569,-0.06681753,0.022896152,0.02952621,0.043232586,-0.11344398,-0.0778324,0.0015048971,0.15975377,-0.16913292,0.021551779,-0.055382363,0.11048594,0.26204947,-0.06255476,-0.023306996,0.12871318,0.89506555,-0.05395914,0.05057315,0.090803765,0.3660107,0.286352335
gex_possorted_bam_1WGCZ:TTAGAAGCAGCTACGTx-M2,-0.11147778,0.2531895,-0.05817964,-0.11839046,-0.15427953,-0.2666882,-0.11387291,-0.045871947,0.537019,0.44413927,0.04116397,0.083630435,-0.23254402,0.551875,0.22784835,-0.06494339,0.048050918,0.35870206,-0.12758471,-0.0029292945,-0.08548905,-0.17347062,0.05246985,0.29478383,0.03706896,0.010363486,0.10585673,-0.021538341,0.04914821,-0.08924398,-0.15206221,0.01539349,-0.003852814,0.1569089,0.05916448,-0.17929554,-0.051881813,-0.07278748,0.21530494,0.29935232,-0.25208873,-0.040183872,0.006764768,-0.18507837,0.062270638,0.36834654,0.16366379,-0.036573607,-0.042851035,-0.3504207,0.6425291,-0.17342106,-0.13803086,0.2419751,0.7743824,0.01721184,-0.009385485,0.4193943,0.12741089,0.1140424,-0.031107698,0.2136877,-0.16343857,-0.29899704,0.33893138,0.04562658,0.073316455,0.11973709,0.42812476,0.37401316,-0.019756103,0.25984466,-0.065596595,0.03852714,-0.0514513,-0.003838813,-0.051942483,0.031683378,-0.015840173,0.29306826,-0.2753361,1.365848,-0.08862331,0.15926437,-0.0039001931,-0.004737851,-0.08136459,0.082033984,0.509099,0.017481057,-0.004997654,-0.04130486,0.34271133,0.188675745
gex_possorted_bam_1WGCZ:TTGACTAAGGCCATCAx-M2,-0.19675739,0.107953876,-0.031759664,-0.118637845,-0.10006548,-0.18759581,-0.10130588,-0.018689064,0.3879813,0.02540699,0.038460303,0.037938878,0.0051367655,0.2163399,0.04605633,0.1353744,0.06930831,0.3123803,-0.13034725,-0.039517898,-0.013064038,-0.1137204,0.05715931,0.14552075,-0.032959133,0.06622947,0.18189958,0.091520704,0.50817096,-0.09718007,-0.15017334,-0.043331,-0.04852635,0.11760234,-0.042876154,-0.11636588,-0.03865084,0.04432527,-0.027059238,0.1376217,-0.19591317,0.025851084,0.18460453,-0.084535286,-0.059018336,0.21955894,0.3679242,0.10207563,0.16699655,-0.07285704,0.45638973,-0.14698356,-0.08390719,0.110165924,0.3258094,-0.06399943,0.12298142,0.31239977,0.03558261,0.062074676,-0.16152152,0.32224563,-0.034996763,-0.2726745,0.6152835,-0.036129296,0.03384122,-0.04052404,0.38806984,0.049762174,0.15561633,0.38504365,-0.06597615,-0.02139871,0.035522062,0.040103346,-0.09136823,-0.039256856,0.028620768,0.20215367,-0.19511223,-0.00946014,-0.06984866,0.14041874,0.2664484,-0.06291612,-0.0048243366,0.1681227,1.0538013,-0.038620237,0.05257595,0.09663199,0.428732,0.345084915
gex_possorted_bam_1WGCZ:TTCGCAACACCTCAGGx-M2,0.34712076,0.03487126,0.4321605,0.09735865,0.45445544,1.3736153,0.50993294,0.10236212,-0.1867196,0.52756524,0.12478065,0.45303702,-0.09136354,0.52154815,0.17879595,-0.09534832,0.010528302,-0.23628376,1.0002356,0.15217032,-0.008756621,-0.04519043,-0.33523113,-0.15427409,0.44669443,0.26381406,-0.06751072,0.03691831,-0.8250619,0.19006133,0.8460577,-0.08875893,0.3503374,0.0052984,0.22846016,0.67778045,0.16958337,0.0845872,-0.0026148793,0.026482036,-0.16818543,-0.03840565,-0.055856835,0.4552232,0.35104415,0.26183873,-0.19964643,0.048441768,-0.18980435,-0.16047332,0.06706749,0.6442766,0.5495673,-0.07434192,0.18895958,0.18542357,-0.041416626,0.23040834,0.424211,-0.03666075,0.3372745,0.11688926,0.7702585,1.001332,0.3945789,0.2640187,0.093157634,0.5435614,0.010581439,0.011294037,-0.16032209,-0.17795114,0.20553496,0.34215719,-0.08603252,-0.047798913,0.81010807,0.93887824,0.16263792,0.1134323,0.2502213,-0.17517865,0.47779006,-0.069498606,-0.23703247,0.4198836,0.43710458,-0.057066303,-0.36634558,0.020725112,0.1941218,0.4798967,-0.3621016,-0.04137858500000001
gex_possorted_bam_1WGCZ:TTAGCAATCCACCTTAx-M2,-0.19253118,0.11844577,-0.033770844,-0.12042016,-0.07283539,-0.19095077,-0.12111375,-0.015507045,0.44361982,0.027962651,0.027434673,0.07928634,0.010480456,0.24503057,0.096884705,0.13069925,0.07634919,0.36197826,-0.121665694,-0.03915879,0.0112842545,-0.12872197,0.08851086,0.15357535,-0.026744979,0.04886881,0.18727936,0.0769536,0.5728468,-0.10580983,-0.12281814,-0.04539637,-0.033408195,0.12981513,-0.05487105,-0.116725035,-0.026349425,0.06564612,-0.009305306,0.15249237,-0.19924667,-0.008867027,0.19491646,-0.09296374,-0.04763963,0.25510937,0.3644955,0.12889332,0.15732993,-0.081483856,0.48667917,-0.14986724,-0.07352855,0.122926086,0.31915498,-0.075773016,0.1441394,0.34059042,0.056497525,0.050618716,-0.1479338,0.29404524,-0.08115557,-0.26203632,0.66946536,-0.045902904,0.05566895,-0.044217225,0.40145797,0.06454858,0.15629809,0.3969322,-0.09924508,0.008022393,0.018139752,0.04341037,-0.09862243,-0.045457527,0.02237874,0.18480451,-0.20529383,0.09036957,-0.05664249,0.1408262,0.31407082,-0.07171901,-0.05261937,0.16827005,1.1388258,-0.03237854,0.07518176,0.106184125,0.5027784,0.32927037
gex_possorted_bam_1WGCZ:TTCTTAGGTTTAGCGAx-M2,-0.21256407,0.12247133,-0.025456619,-0.114186354,-0.08390549,-0.18603301,-0.1268538,-0.016994253,0.3653823,0.00018414679,0.066465735,0.037793424,-0.06518864,0.26373288,0.04121329,0.055304743,0.06382409,0.32033357,-0.15603593,-0.03673821,-0.0016367853,-0.16227165,0.08792674,0.15128784,-0.053650834,0.06318191,0.17677489,0.047272295,0.46423215,-0.096387774,-0.13038154,-0.03538691,-0.0472356,0.11469518,-0.026775757,-0.14049613,-0.026965855,0.028701397,-0.006311926,0.13231836,-0.25792423,0.023919037,0.15806177,-0.0685626,-0.06622867,0.22721429,0.32302067,0.09665554,0.16453435,-0.16734438,0.4607338,-0.14093703,-0.081439584,0.07494662,0.3134554,-0.05927479,0.09233026,0.31215554,0.061120782,0.056319956,-0.15583159,0.33510402,-0.05072,-0.2744236,0.54120153,-0.016976863,0.0565758,-0.05454063,0.36825755,0.0770123,0.121068284,0.36719447,-0.07835696,-0.013364853,0.011326238,0.030904947,-0.10916935,-0.03175411,0.046614654,0.21013209,-0.18796328,0.12402173,-0.10253629,0.18694727,0.18320495,-0.07215997,-0.008100535,0.17884474,1.047656,-0.019097028,0.040094726,0.050789073,0.4634483,0.329062345
gex_possorted_bam_1WGCZ:TTGAGGCGTTAGAGGGx-M2,-0.20258965,0.0750094,-0.05897483,-0.12645283,-0.12495815,-0.17785597,-0.07715611,-0.019014211,0.32238048,-0.037608556,0.025189217,0.027882518,-0.06060497,0.1612087,0.028151518,0.10299768,0.06350515,0.26658592,-0.1378129,-0.039771337,-0.020331908,-0.13508722,0.122154154,0.11879201,-0.039429314,0.044592503,0.13832544,0.06647282,0.41422248,-0.09368119,-0.14962177,-0.033524137,-0.06320382,0.070050776,-0.07447519,-0.12149087,-0.036110833,-0.0023107051,-0.045107625,0.13363603,-0.2419542,-0.012671244,0.1484552,-0.111764744,-0.06827083,0.18544261,0.26425248,0.062116534,0.18550894,-0.14970289,0.38197985,-0.1384055,-0.07939131,0.060102705,0.36530805,-0.043935668,0.09041526,0.24354827,0.02866783,0.075972274,-0.14569946,0.29183692,-0.061219804,-0.28355822,0.39962232,-0.011372349,0.0137991905,-0.045404483,0.34419465,0.07108674,0.13954443,0.29011568,-0.08666909,-0.052680604,0.031668812,0.02785659,-0.11046094,-0.03632859,0.02766906,0.18477651,-0.18684971,0.08189345,-0.052657228,0.12873901,0.16985689,-0.062141534,-0.030910114,0.12062511,0.96462643,-0.059099603,0.028255485,0.018744608,0.39220378,0.27804470000000003
gex_possorted_bam_1WGCZ:TTATCCTAGTTATGTGx-M2,0.3401774,-0.092484586,0.20603243,0.17775345,0.17365603,0.37543035,0.20095655,-0.003679353,-0.32197794,0.16294442,0.14918096,0.055428367,-0.061648425,-0.109726176,0.011232849,-0.034201056,-0.008441341,-0.28672305,0.28097925,0.073953055,0.12322301,0.17902717,-0.22076519,-0.14806306,0.09018582,0.026475789,-0.11462301,-0.06911021,-0.6303663,0.20360854,0.243555,-0.00032679227,0.08803041,-0.10032083,0.1269568,0.29067588,0.057278667,0.05916965,0.12925814,-0.12491068,0.116426155,0.01986754,-0.12598705,0.2673968,0.056478266,-0.053547274,-0.24108334,-0.040113337,-0.19430456,0.12794897,-0.2298591,0.228968,0.20964031,-0.12701112,-0.21379705,0.10836602,-0.054280996,-0.13849562,0.08273828,-0.053201076,0.21903853,-0.1694531,0.20420465,0.59422475,-0.17531954,0.099184535,-0.00524742,0.12927316,-0.24246651,-0.06941178,-0.12772776,-0.26939857,0.17375612,0.12111354,-0.04620226,-0.05450282,0.16529527,0.22706704,0.052172262,-0.06911988,0.2718761,-0.24635696,0.20606707,-0.16381893,-0.23033607,0.11417155,0.12241274,-0.1300715,-0.6356438,0.001761815,-0.0022252013,0.11332014,-0.41437972,-0.20526822
gex_possorted_bam_1WGCZ:TTCGTTAGTTAGCTGAx-M2,0.34917176,0.0068772007,0.4155973,0.09453497,0.52952504,1.1478301,0.43365818,0.09163243,-0.15122367,0.47662175,0.20927082,0.36253613,0.066891454,0.39090186,0.20714444,-0.084110074,0.016887132,-0.2736283,0.8337297,0.11037016,0.04189254,0.12820593,-0.38291982,-0.15833455,0.42592886,0.2430814,-0.08003963,0.045830805,-0.79942,0.24405797,0.7370333,-0.084469356,0.31883055,-0.041450515,0.16708162,0.59225434,0.10121325,0.08848285,0.12431288,-0.02885032,0.07706622,-0.042535976,-0.05881974,0.4686592,0.24350555,0.23374309,-0.18147232,0.061637867,-0.20970178,0.025600003,0.0432615,0.5736043,0.4867787,-0.06788536,0.11841553,0.12092306,-0.04216195,0.18225965,0.33670378,-0.052339572,0.2998272,0.068398125,0.73338133,1.021321,0.31260794,0.20650576,0.09388808,0.45464152,-0.018500665,-0.002592925,-0.15106803,-0.13295326,0.22111204,0.33564144,-0.077070534,-0.07004781,0.71804774,0.794946,0.123286866,0.055210505,0.2930301,-0.17484058,0.41482276,-0.07239444,-0.07313707,0.36675212,0.39837557,-0.06426675,-0.3837671,0.026689807,0.19093913,0.5762003,-0.35232162,-0.056537097499999994
gex_possorted_bam_1WGCZ:TTCATTCAGACAGGCGx-M2,0.11709622,0.12804314,0.23593655,0.0076537407,0.245533,0.5370392,0.19094019,0.037219975,0.15871981,0.29206204,0.19364122,0.25464445,-0.043460917,0.43305844,0.11776852,0.0040521217,0.060412068,0.05885935,0.38158676,0.050045323,0.019395767,-0.051802576,-0.09355586,0.023119325,0.20469247,0.13899164,0.07186544,0.043350074,-0.2279997,0.08814833,0.32927245,-0.03960328,0.1630788,0.091753736,0.10222717,0.28443852,0.087320246,0.11099352,0.1326337,0.13794254,-0.13351707,-0.0041797594,0.043712508,0.2564229,0.1245801,0.31314272,0.03735139,0.098941036,-0.039288398,-0.12692763,0.2898763,0.22444151,0.19855024,0.04565048,0.24595122,0.05666106,0.032367576,0.29198653,0.24695246,0.008848316,0.10721681,0.21242934,0.40135407,0.43847525,0.47898933,0.1410622,0.0892081,0.26110935,0.20545939,0.09883541,-0.022907041,0.11438051,0.09677813,0.14434856,-0.05025717,0.0074239597,0.32775545,0.4363468,0.09977882,0.16832782,0.058090497,0.118388735,0.210402,0.07074552,0.058342066,0.17248134,0.19277632,0.0850616,0.281548,0.05257257,0.14736508,0.26125315,0.07311924,0.124890365
gex_possorted_bam_1WGCZ:TTCCTTGAGTTAGCTAx-M2,-0.12224308,0.056601435,-0.035591364,-0.10276781,-0.054108918,-0.10699515,-0.08719193,-0.010786084,0.24591605,-0.038620126,0.0023346574,0.013181263,0.071507975,0.09016101,0.03254006,0.14863086,0.07558388,0.20589826,-0.08134181,-0.05529716,-0.012938286,-0.01159481,0.06398132,0.082656875,-0.006976466,0.035456818,0.11570904,0.060858775,0.44372892,-0.04921202,-0.092271015,-0.037168354,-0.051316373,0.066601604,-0.059459254,-0.09017469,-0.0336659,0.010264047,-0.04050651,0.09427206,-0.05183507,0.015342065,0.14581126,-0.08385952,-0.0591018,0.11401609,0.28766608,0.065134324,0.1734044,0.05635603,0.30673626,-0.09317424,-0.03232553,0.07724357,0.19033538,-0.04744286,0.08473095,0.18372503,0.07629965,0.049335178,-0.10471485,0.19656251,-0.0861287,-0.18432426,0.4093197,-0.040147647,0.018567177,-0.063399464,0.22540738,-0.024215253,0.12832648,0.23101719,-0.07157695,-0.0063011977,0.033501126,0.041077398,-0.066025436,-0.021828206,0.0047341767,0.10816474,-0.14184478,-0.031702556,-0.014976408,0.10440801,0.2841144,-0.060820583,-0.012519439,0.10207608,0.7603666,-0.0827953,0.025431808,0.108497754,0.28438124,0.24211429499999998
gex_possorted_bam_1WGCZ:TTAGGCCCAGTCTATGx-M2,-0.16897507,0.13026324,-0.035910595,-0.11596836,-0.06999322,-0.1576732,-0.09034536,-0.013330442,0.3705063,0.019522969,0.025978362,0.03271567,0.007600026,0.24674746,0.09056922,0.08887281,0.048842434,0.27544418,-0.1246321,-0.053099312,-0.029617006,-0.058608044,0.07204365,0.13897067,-0.012571929,0.040196702,0.17545107,0.09793773,0.38358834,-0.110495,-0.11098742,-0.02207029,-0.069065355,0.119529575,-0.103222206,-0.11891345,-0.035969388,0.04511171,-0.026558515,0.17933929,-0.17681278,0.023432655,0.18689388,-0.12520942,-0.06414474,0.23000652,0.31921265,0.10173717,0.16971824,-0.13842984,0.43502164,-0.13301778,-0.07053953,0.08004067,0.35042778,-0.039033987,0.10852324,0.24491042,0.0766241,0.054172374,-0.16115643,0.35918027,-0.0019100085,-0.21626945,0.5130419,-0.021490864,0.06830662,-0.032449484,0.33938277,0.08071367,0.10513698,0.33139178,-0.05551941,-0.061479848,0.02188724,0.016588101,-0.04435624,-0.03295808,0.069499984,0.2193961,-0.14411032,0.16801974,-0.083440825,0.17127325,0.30220807,-0.031178074,-0.013205673,0.17786497,0.9004406,-0.023726493,0.062017664,0.044516202,0.40804282,0.33919646000000003
gex_possorted_bam_1WGCZ:TTGAGGCGTCTTACTAx-M2,-0.17444433,0.11506974,-0.011506097,-0.14188662,-0.011359267,-0.18923666,-0.116160884,-0.032461416,0.3296291,-0.040541362,0.051628083,0.06170346,0.06673843,0.21029232,0.065452985,0.11957117,0.090472125,0.3249944,-0.106346205,-0.044922303,-0.007977774,-0.0673375,0.08116295,0.14912583,-0.027891764,-0.0010144549,0.15502764,0.052950732,0.46117043,-0.08691709,-0.1619001,-0.014959218,-0.011093999,0.121365204,-0.03279433,-0.10937017,0.015938852,0.012107127,-0.012848414,0.17472377,-0.13694164,0.0053298674,0.16036367,-0.12577297,-0.042942423,0.19077294,0.3165472,0.13775307,0.16118932,-0.025180686,0.3699025,-0.11811175,-0.06914368,0.12736851,0.28449777,-0.034060735,0.061525665,0.28678,0.017630918,0.049469247,-0.121630415,0.24777453,-0.06119933,-0.2657896,0.5091863,-0.032677565,0.009615706,-0.027964298,0.34622353,0.030953167,0.11171203,0.26500684,-0.0829485,-0.057024367,0.039591003,0.020060388,-0.09110413,-0.05972604,0.01769659,0.14096537,-0.17865928,0.07804464,-0.08650616,0.12824424,0.32504424,-0.063271604,0.02163368,0.1413107,0.8953537,-0.047765456,0.0529844,0.07671434,0.38018763,0.282160865
gex_possorted_bam_1WGCZ:TTGAGGCGTTTAGCTCx-M2,-0.10902146,0.011214949,0.10855854,-0.02621672,0.10365039,0.17255656,-0.0209079,0.020315478,0.32205537,0.06933949,0.085063726,0.15682107,0.010329694,0.22156297,-0.04347577,0.16230533,0.067681976,0.2383794,0.0222902,0.040587448,0.033002052,-0.08788561,-0.054100662,0.10731931,0.21555965,-0.07549115,0.1035638,-0.033880636,0.31533784,-0.057548277,0.017637234,-0.021932272,0.059228044,0.10545916,-0.09247596,0.07136935,-0.0021227573,0.066220574,0.1790568,0.28012347,-0.14015642,0.05715793,0.09289103,0.061231386,0.044652194,0.21532884,0.22973749,0.040210497,0.17326197,0.00015511809,0.3502472,-0.09915637,0.086524956,0.22443351,0.23504615,-0.005315528,0.052442558,0.18832804,0.20150924,0.1455453,-0.0021213787,0.124900445,0.03661875,-0.020878945,0.5456128,0.14144772,0.05594887,0.07571687,0.14526056,0.03913473,0.040307023,0.20909235,0.0019780784,0.09090401,0.04029225,0.06682555,0.07613366,0.2098214,-0.02509225,0.17521687,-0.11290023,0.24014333,-0.039800197,0.101561524,0.2915774,0.009393582,0.088362046,0.17766401,0.7195769,-0.031872764,0.10037041,0.06678395,0.39814916,0.17731896749999998
gex_possorted_bam_1WGCZ:TTCACTGTCAATCTAGx-M2,-0.18411316,0.13881473,-0.05892946,-0.09842648,-0.1409389,-0.19598928,-0.1406188,-0.016143592,0.3813107,-0.09490572,0.071092874,0.058033947,-0.20182154,0.41718504,0.005036409,-0.0610923,0.12786971,0.44433886,-0.14888045,-0.040224392,-0.038256515,-0.19691575,0.08265004,0.19281103,-0.071960986,0.07798659,0.16584031,-0.066112675,0.30216396,-0.10209341,-0.14024617,-0.023260422,-0.07134164,0.14194097,0.021429442,-0.1378157,-0.028258115,-0.057367783,-0.016454997,0.22653897,-0.36417472,0.048252188,0.12429987,-0.12797157,-0.04740022,0.2918924,0.054837983,0.14166647,0.1415173,-0.26161635,0.46103752,-0.16718173,-0.048365694,0.16815875,0.3032412,-0.051351815,0.018657196,0.33312613,0.026647663,0.097694874,-0.13687314,0.3834095,-0.16194138,-0.2950085,0.4254895,0.005266689,0.033400707,-0.03730186,0.46108913,0.19296181,0.08711093,0.4039258,-0.12610453,-0.055394206,0.05445671,-0.032810435,-0.12586424,-0.10667625,0.045159623,0.17752808,-0.1730854,0.68948907,-0.10443566,0.1588769,0.020457039,-0.07640418,-0.08595498,0.23340431,1.0870376,-0.0001774397,0.028302722,-0.07144097,0.5802798,0.2191237415
gex_possorted_bam_1WGCZ:TTGATGTCAAAGCGCAx-M2,-0.117447995,0.31060094,-0.051324606,-0.12501182,-0.12723689,-0.2659918,-0.112639,-0.041899893,0.62168103,0.40112445,0.09192718,0.13637947,-0.17444555,0.61100215,0.20370002,-0.0385962,0.013965933,0.39180914,-0.10055889,0.012449157,-0.094001584,-0.13337705,0.054318864,0.28093088,0.07740889,0.01698694,0.13678092,-0.012485632,0.10736002,-0.10190492,-0.14882168,0.026498402,-0.0040951367,0.16513869,0.04686883,-0.18335383,-0.049551647,-0.08082848,0.27540293,0.36451602,-0.18461744,-0.04864935,0.026350485,-0.18883988,0.0779455,0.4294147,0.24124448,0.004805461,-0.061036393,-0.2939757,0.68343717,-0.20180574,-0.12028076,0.32880414,0.7232814,0.0070873466,0.0037215047,0.42094237,0.1302434,0.13610171,-0.02801586,0.2047277,-0.14991923,-0.29317522,0.52260727,0.07186676,0.07586746,0.14289586,0.36723965,0.37361982,-0.020906398,0.3083762,-0.07129884,0.02019229,-0.06101522,0.022867313,-0.016355895,0.060942665,-0.009108311,0.31229374,-0.269851,1.2601606,-0.099226676,0.14723663,0.104508914,-0.00094562036,-0.08138968,0.13317125,0.44754437,0.040618215,0.00017637244,-0.044507466,0.34259102,0.22298609000000003
gex_possorted_bam_1WGCZ:TTATCCGTCTTGTCTGx-M2,-0.2092571,0.084217675,-0.049675215,-0.10989351,-0.08213467,-0.19129859,-0.10702543,-0.029494151,0.39620805,-0.012904386,0.030777255,0.041096132,0.056498695,0.1887741,0.07255997,0.17089489,0.061930403,0.28617713,-0.118699186,-0.026119422,0.01293661,-0.07497657,0.08218702,0.12928413,-0.03573751,0.04417176,0.18679091,0.11240557,0.5835002,-0.08519114,-0.15011156,-0.029736565,-0.045908928,0.08968331,-0.06516919,-0.12279748,-0.03432871,0.062027015,-0.014345376,0.07182174,-0.11406645,0.0054838182,0.1954681,-0.055705953,-0.056829408,0.20851648,0.39406532,0.0814932,0.1946885,-0.009362595,0.46465874,-0.10922297,-0.08365361,0.06822061,0.26271537,-0.042309154,0.16275327,0.28175625,0.03561197,0.06254832,-0.1728789,0.30004326,-0.04107881,-0.23810218,0.62596667,-0.06309692,0.03492204,-0.043780163,0.32220295,0.0034988746,0.14547233,0.35642856,-0.0832633,-0.020990953,0.027117161,0.048433702,-0.10546365,-0.0328714,0.017497335,0.21890858,-0.19373754,-0.04984288,-0.053896166,0.13022326,0.37073228,-0.06198902,-0.013456072,0.15742615,1.0325902,-0.024709292,0.055698287,0.15198572,0.42291707,0.34705429
gex_possorted_bam_1WGCZ:TTCAGCACACAATACTx-M2,-0.1934182,0.17496891,-0.034459766,-0.1220577,-0.1134304,-0.18153858,-0.1056119,-0.014229246,0.43153217,-0.015938936,0.10806936,0.06489618,-0.08449667,0.32317808,0.0765679,0.072735414,0.07780625,0.37155154,-0.13059834,-0.028986756,0.014897018,-0.15801908,0.1442101,0.16053684,-0.035333205,0.060561497,0.22892505,0.0544057,0.46956742,-0.10761877,-0.117964774,-0.019025302,-0.054440487,0.18233545,-0.06046459,-0.1319886,-0.03260823,0.027484126,0.014057274,0.23409426,-0.26147014,0.031787377,0.17773639,-0.10274923,-0.06637765,0.3266001,0.290557,0.15183939,0.13219038,-0.19764286,0.50410104,-0.13906208,-0.059061594,0.1533693,0.28977913,-0.060151394,0.1141737,0.32312855,0.0752172,0.0755123,-0.16352637,0.36868864,-0.044249613,-0.26410124,0.60869735,-0.009563818,0.05019534,-0.0040178453,0.38895458,0.15472177,0.09745716,0.3818464,-0.06573268,-0.028633913,0.029669253,0.058525797,-0.1281851,-0.038855303,0.070533164,0.2376109,-0.16933845,0.26227847,-0.06398669,0.15511154,0.22230959,-0.05080875,-0.034057375,0.2064175,1.0491841,0.014957992,0.074456595,0.005618647,0.49637792,0.32962282
gex_possorted_bam_1WGCZ:TTCCTCAAGTCTTGAAx-M2,-0.19113456,0.3047507,-0.03532828,-0.083051175,-0.10870762,-0.22557496,-0.19311985,-0.016353425,0.4772563,-0.039814766,0.14853406,0.17377363,-0.21052086,0.6360797,0.015368859,-0.068510965,0.11287632,0.5247879,-0.16422772,-0.006661442,-0.07328793,-0.13442291,0.06669962,0.22533089,-0.045369033,0.04498391,0.2585878,-0.047818087,0.17663728,-0.13695043,-0.15626954,-0.0033464013,-0.036072053,0.25126427,-0.014853731,-0.1379986,-0.021996733,-0.07448374,0.052946426,0.46321538,-0.3383695,0.0069014495,0.14663076,-0.14515136,-0.017525902,0.39136988,0.14119376,0.15397342,0.048399977,-0.33577725,0.5081146,-0.16618495,-0.06664251,0.33636007,0.38314715,-0.02879117,0.003881175,0.41499844,0.09108721,0.13486435,-0.10704842,0.4082462,-0.09726999,-0.3063092,0.5758959,0.048655983,0.037974976,0.014281358,0.4589098,0.35667974,-0.0029044526,0.4000756,-0.10520926,-0.0623129,-0.0012508169,0.011105742,-0.04997156,-0.0150116,0.059424248,0.28474557,-0.18602675,0.9500705,-0.10596809,0.19831064,0.10987696,-0.02836996,-0.05414873,0.23654892,0.86813253,0.07647359,0.061433956,-0.12035862,0.54030216,0.27471998
gex_possorted_bam_1WGCZ:TTAGCGGTCTCCATGCx-M2,-0.19885138,0.2744051,-0.066033855,-0.08759887,-0.12708312,-0.20763168,-0.22513966,-0.0155427195,0.45685592,-0.14802784,0.1123391,0.16028821,-0.19971894,0.5454914,0.04532212,-0.0148847215,0.12311999,0.5308108,-0.15338454,-0.0407468,-0.038628086,-0.13692616,0.07581489,0.22737487,-0.059771206,0.052320033,0.2685008,-0.025518792,0.33426693,-0.11561116,-0.16474208,-0.0026100155,-0.029180191,0.23684195,-0.028194653,-0.13402587,-0.014234514,-0.03980451,0.038296442,0.43186614,-0.31685197,0.042661004,0.14853948,-0.13088584,-0.020254413,0.36524618,0.14422385,0.1886134,0.08380985,-0.24256523,0.5237667,-0.15712154,-0.049989592,0.3601386,0.20369223,-0.050374895,0.0410757,0.37756187,0.075422145,0.123166904,-0.11865677,0.39956436,-0.12895086,-0.26134273,0.64558834,0.028205343,0.042633492,-0.029776547,0.37885636,0.27941445,0.013899953,0.37546265,-0.11834108,-0.029225495,0.039239217,0.042240743,-0.10609255,-0.086283825,0.06807616,0.25319314,-0.16370131,0.79284567,-0.08429547,0.16506137,0.16927564,-0.059963334,-0.06770587,0.24065667,0.87037086,0.067497246,0.06437173,-0.12238095,0.52404463,0.271894105
gex_possorted_bam_1WGCZ:TTAGCGGTCAATTACGx-M2,0.40503764,0.15391313,0.4573172,0.15802142,0.58857036,1.1724473,0.44568467,0.06938939,-0.11050474,0.51289815,0.20573959,0.45164102,-0.15413429,0.526843,0.1272701,-0.025300847,0.001523588,-0.21204667,0.835004,0.105147846,0.03993204,-0.05172156,-0.3263754,-0.14501984,0.41759735,0.23782189,-0.058850635,0.118202806,-0.79739046,0.21092537,0.7290798,-0.07079843,0.37534472,0.0084727425,0.24825636,0.59906924,0.15033989,0.18547577,0.19796333,0.012070241,-0.22784513,-0.014951475,-0.062066693,0.61460507,0.31391937,0.3864082,-0.20173153,0.073454745,-0.15554127,-0.24502786,0.06981367,0.546789,0.412374,-0.04720024,0.14535394,0.14266558,-0.027893055,0.19490065,0.40039122,-0.047210835,0.3312026,0.15068483,0.963834,1.0058086,0.45621336,0.2167985,0.08913623,0.45970723,-0.01304745,0.018323403,-0.13356535,-0.11215758,0.2722095,0.31234694,-0.0978958,-0.016435148,0.649516,0.81912327,0.20508206,0.10365128,0.2250476,-0.16877836,0.44696343,-0.045400612,-0.32983258,0.34863797,0.38832474,-0.0323004,-0.37660122,0.15876374,0.24588738,0.3988395,-0.31426275,-0.02552335
gex_possorted_bam_1WGCZ:TTCATCCCAGCAAGATx-M2,-0.18555848,0.11188437,-0.052463338,-0.12143372,-0.062141947,-0.19490157,-0.11514321,-0.005063182,0.39618883,-0.028999012,0.02509457,0.026291786,0.12806019,0.23101905,0.0954005,0.17282286,0.0604572,0.33968428,-0.10596073,-0.046940207,-0.0012317584,-0.019325152,0.07728669,0.14359157,-0.03591053,0.07456973,0.18519805,0.12657838,0.63223773,-0.08805795,-0.12736565,-0.044926126,-0.043869816,0.12350119,-0.05867399,-0.11194087,-0.047433067,0.07082817,-0.011938401,0.14508685,-0.03372741,-0.007947431,0.20823373,-0.10985277,-0.061442893,0.20643426,0.37869155,0.1172701,0.1958915,0.08377799,0.46305203,-0.13687705,-0.07387351,0.12171764,0.24983896,-0.059690733,0.14694588,0.30256197,0.061118938,0.056766834,-0.16484788,0.29754654,-0.09658604,-0.26082015,0.6720686,-0.044446405,0.06255412,-0.05360531,0.34473312,0.022584466,0.1673517,0.36653018,-0.09565355,-0.014303088,0.0351533,0.05371591,-0.066968046,-0.05106859,0.011376166,0.1581594,-0.19800921,0.008424302,-0.042615216,0.14779572,0.46553734,-0.1024942,-0.031562623,0.1712604,1.0774757,-0.039329436,0.069468506,0.19540209,0.46130115,0.338119045
gex_possorted_bam_1WGCZ:TTCATCCCAGGATTAAx-M2,0.34080088,0.06231627,0.41203603,0.07738854,0.38216448,1.3761648,0.523806,0.1101715,-0.12073901,0.50086004,0.11879838,0.48252684,-0.19626305,0.54130465,0.17381081,-0.06769062,0.046993576,-0.20998304,0.96405536,0.1199252,-0.0029197263,-0.11942174,-0.27695853,-0.12804583,0.44801837,0.25485453,-0.09736423,0.065457106,-0.74180776,0.1903286,0.8332089,-0.08183806,0.36834115,0.023269758,0.23605812,0.69788516,0.20425242,0.10093691,-0.02805809,0.03582392,-0.26442903,-0.033227634,-0.06436852,0.4801429,0.38072452,0.29719526,-0.21597913,0.057285618,-0.1654341,-0.21922676,0.12130653,0.6182933,0.5317881,-0.056163866,0.15744586,0.17058712,0.003430344,0.23028605,0.44877598,-0.05566373,0.33359987,0.12688003,0.7550272,1.0062768,0.48974752,0.24933927,0.10367634,0.5481039,-0.024619337,-0.0026445931,-0.12819254,-0.1393822,0.21499905,0.3369841,-0.09371479,-0.02454684,0.7234997,0.91315585,0.18676144,0.13166073,0.23032731,-0.15870835,0.47928366,-0.057187337,-0.29741323,0.38303307,0.43075734,-0.03239382,-0.34016192,0.041731644,0.16308852,0.41654226,-0.3114737,-0.04454954999999999
gex_possorted_bam_1WGCZ:TTCCTCAAGTTTAACGx-M2,-0.17812416,0.15973154,-0.029370831,-0.099948004,-0.12214069,-0.2077116,-0.157185,-0.008324349,0.44855514,-0.05245553,0.10296717,0.07294596,-0.20729072,0.47117326,0.020521883,-0.050249565,0.1551634,0.53315026,-0.12210498,-0.012566785,-0.001644495,-0.23395637,0.11142999,0.20809571,-0.061670773,0.080787204,0.20593262,-0.050469242,0.2953982,-0.08298061,-0.1418394,-0.015057839,-0.053683486,0.2221557,0.01744811,-0.13241282,-0.029413084,-0.015167866,0.036474586,0.23338893,-0.36719334,0.029588407,0.105353594,-0.07453584,-0.055110645,0.32109973,0.03411532,0.15620217,0.14002247,-0.2733106,0.5766436,-0.14666931,-0.06660514,0.22230363,0.3239395,-0.061470892,0.035345644,0.37937528,0.047226407,0.06935382,-0.15210943,0.42649937,-0.1695935,-0.2660952,0.41602504,-0.0060049067,0.037684977,-0.047132485,0.5349283,0.20763305,0.08783387,0.38938597,-0.118128456,-0.039444648,0.041892648,-0.019099336,-0.11849377,-0.10931474,0.059147116,0.16369575,-0.15563409,0.8910499,-0.11711801,0.15479799,0.028629256,-0.048529252,-0.0771739,0.22944479,1.1291811,0.04468145,0.060437594,-0.019500481,0.6206759,0.230307345
gex_possorted_bam_1WGCZ:TTCGTGCTCCTACCTAx-M2,-0.17548795,0.15428105,-0.027798505,-0.10745412,-0.067314945,-0.11980056,-0.052385,0.011877771,0.39088568,0.08423916,0.055857822,0.05546535,-0.12777247,0.24119546,0.060858432,0.035407066,0.05575363,0.26729754,-0.12997663,-0.049843255,0.00751512,-0.18788363,0.08079328,0.1295951,-0.0014673679,0.1180113,0.15704048,0.08990142,0.32921323,-0.10276295,-0.050877657,-0.041118134,-0.05727782,0.13018356,-0.066223174,-0.124620534,-0.024267009,0.0975653,0.009748047,0.11858168,-0.3433365,0.015561262,0.17510314,-0.08436049,-0.05319295,0.3058326,0.31709144,0.12257867,0.16013794,-0.28316432,0.48269874,-0.124904566,-0.047026508,0.018495815,0.41058648,-0.07021265,0.13850398,0.29453534,0.04421626,0.07063811,-0.16601625,0.44438288,0.061653864,-0.17226338,0.57757664,-0.012063433,0.109813355,-0.030620735,0.36619076,0.12082614,0.108682044,0.38684043,-0.015100691,-0.02356502,0.026091604,0.02333119,-0.034521695,-0.012305477,0.09421456,0.27186513,-0.14466213,0.052572794,-0.070363276,0.19275452,0.1137814,0.0015240511,0.02079852,0.18098556,0.9089533,-0.040902954,0.07159773,-0.012425701,0.4201722,0.38073716
gex_possorted_bam_1WGCZ:TTAGGCGTCTTTGACTx-M2,-0.17779571,0.09106862,-0.05116478,-0.115924746,-0.080844276,-0.20218717,-0.10571698,-0.016023563,0.3814331,-0.03405211,0.0257107,0.020246126,0.14155558,0.14554894,0.022854378,0.17277491,0.010475023,0.29216135,-0.08921057,-0.03737411,-0.0020305219,-0.038816117,0.08533548,0.10068261,-0.031388637,0.083892696,0.18281762,0.096731134,0.6469907,-0.1022771,-0.12312098,-0.028753627,-0.042459086,0.10834564,-0.10460856,-0.14044012,-0.030378753,0.041944582,-0.019180605,0.15495548,-0.068472244,-0.0017382217,0.15461808,-0.099497676,-0.06340988,0.20577896,0.40434584,0.13200586,0.18339457,0.05839268,0.413394,-0.12516314,-0.059657168,0.11480073,0.22499159,-0.044129387,0.13465075,0.28660935,0.045372985,0.051425856,-0.16267638,0.1933702,-0.111433886,-0.27536196,0.656149,-0.04025123,0.031940565,-0.045353554,0.32161498,0.00705066,0.17044386,0.32338664,-0.0943391,-0.030088885,0.05573106,0.07513341,-0.09740052,-0.021584628,0.017701976,0.12897107,-0.18803559,-0.10273246,-0.03496251,0.08089962,0.43216553,-0.07486178,-0.057989974,0.14220469,1.0105845,-0.050233416,0.05838919,0.14666285,0.42458883,0.29885802
gex_possorted_bam_1WGCZ:TTCAGCACATAGCTGCx-M2,0.32733795,0.01430085,0.41058463,0.09488352,0.44169158,0.977625,0.35738733,0.06447015,-0.11772389,0.41563833,0.24180645,0.27975184,0.017627206,0.3066866,0.20641366,-0.053637233,0.065617405,-0.27502045,0.7064061,0.09919412,0.072514415,0.110550806,-0.3259372,-0.1045239,0.34203982,0.18160291,-0.07763759,0.041495822,-0.6973554,0.2669999,0.5865005,-0.030751336,0.292596,-0.008717179,0.20159787,0.5397547,0.108931586,0.11209819,0.16373633,-0.019247867,0.08773431,-0.022512952,-0.06393807,0.46748686,0.18370588,0.22083698,-0.16162796,0.088701844,-0.18626463,0.06897482,0.014916083,0.49631298,0.41071236,-0.063396744,0.033259224,0.12397812,-0.011273765,0.17296468,0.31046563,-0.08195379,0.2903313,0.011777271,0.58037287,0.9638947,0.3073359,0.20164365,0.0588377,0.37916857,-0.051062837,-0.012992963,-0.1167435,-0.14593013,0.19352165,0.26107264,-0.0601749,-0.047194954,0.5447756,0.686041,0.09393436,0.02161932,0.27416047,-0.13971473,0.36606348,-0.082050025,-0.06055602,0.28865838,0.333337,-0.051095657,-0.38040036,0.028969366,0.16527894,0.4568739,-0.31561512,-0.07492534449999999
gex_possorted_bam_1WGCZ:TTAGGATGTGCGCGTAx-M2,-0.19635397,0.081916235,-0.063521266,-0.11139374,-0.09777231,-0.18193015,-0.112006694,-0.014129128,0.35219938,-0.03844142,0.030491898,0.054580208,-0.026917733,0.18046798,0.060563385,0.08559111,0.08372608,0.3019214,-0.13478512,-0.04815196,-0.011955365,-0.10826784,0.079221055,0.13806342,-0.019981181,0.061679587,0.1292029,0.043584563,0.4917205,-0.10147072,-0.116941474,-0.015209096,-0.040183473,0.07675755,-0.06410576,-0.13302422,-0.025697079,0.018183146,-0.038475867,0.08841715,-0.23450918,0.022251265,0.1382883,-0.11096109,-0.060490057,0.2248453,0.25801206,0.10391362,0.14357525,-0.11762545,0.4187453,-0.147026,-0.07566413,0.1131682,0.27657062,-0.061814595,0.068206534,0.26639384,0.031094484,0.034162622,-0.1363321,0.28835338,-0.08266405,-0.2904334,0.49316934,-0.031801365,0.040775508,-0.029839892,0.33774698,0.029605417,0.12634608,0.3344731,-0.08744846,0.009745161,0.02451835,0.02815443,-0.124295965,-0.054074362,0.017359741,0.19437212,-0.17406414,0.13257316,-0.11160526,0.13215135,0.19433756,-0.059690952,-0.01688733,0.15864709,1.0083572,-0.05273299,0.0029292058,0.042288844,0.42399448,0.27318272
gex_possorted_bam_1WGCZ:TTCGTGCTCGGTCATGx-M2,-0.1801763,0.095158726,-0.061997663,-0.09323812,-0.12655921,-0.203318,-0.11948991,-0.0138675235,0.34052387,-0.107380375,0.023915326,0.022125157,-0.09112315,0.2968972,0.006320231,0.002858532,0.09889546,0.37177247,-0.122695066,-0.04063438,-0.032516524,-0.12876475,0.079358816,0.16174674,-0.064635426,0.055174224,0.15073998,-0.032460056,0.39729738,-0.09661464,-0.13059175,-0.019453077,-0.04052234,0.11150235,-0.026525453,-0.12644634,-0.028198784,0.0059925555,-0.023770353,0.15300538,-0.26068753,0.00535465,0.11093535,-0.10341745,-0.04960421,0.24057837,0.12521434,0.1340071,0.1824195,-0.13549736,0.40032864,-0.13675028,-0.037908845,0.113802716,0.25853398,-0.054657537,0.039059304,0.28084537,0.038922735,0.06539814,-0.14122355,0.33213776,-0.15370165,-0.29958636,0.40416634,-0.019872304,0.024714705,-0.05727427,0.38870773,0.10221378,0.118622825,0.32615313,-0.13137464,-0.051808856,0.032025076,-0.011840241,-0.10433438,-0.12672319,0.029012954,0.17683397,-0.16432056,0.4542401,-0.09375351,0.14468424,0.11132941,-0.07921859,-0.060884967,0.17778605,1.0189341,-0.018237453,0.02326502,0.013525981,0.48855326,0.22867605000000002
gex_possorted_bam_1WGCZ:TTCCTTGAGGTCAAAGx-M2,-0.1902363,0.14295772,-0.023866393,-0.06894206,-0.15600584,-0.1964574,-0.1085118,-0.023419017,0.33342475,-0.04580103,-0.063662246,-0.06255142,-0.10179283,0.2579292,0.0033746588,0.021521026,0.11349487,0.35899606,-0.1163967,-0.06375346,-0.021043506,-0.12571208,-0.007407444,0.2110955,-0.07993361,-0.0015570025,0.179521,-0.016873604,0.44496906,-0.086188525,-0.08145089,-0.014927322,-0.016852783,0.08690607,-0.093570136,-0.1246748,-0.045708444,0.01875899,-0.12204416,0.18416904,-0.17814563,-0.01771646,0.16790469,-0.1111296,-0.07339023,0.17011507,0.18612012,0.104827546,0.14537287,-0.09973205,0.39091188,-0.12144206,-0.044101864,0.15941185,0.21749274,-0.07905419,0.048356265,0.2705944,-0.00079312874,0.07100987,-0.119078144,0.295121,-0.12580982,-0.27454424,0.40728393,-0.09400865,0.01318977,-0.05669788,0.35666668,0.13325652,0.05716525,0.22439274,-0.1386501,-0.017820468,0.005393057,-0.004651737,-0.055722017,-0.13481608,0.0466793,0.19753297,-0.16012557,0.38181406,-0.03233025,0.086788215,0.07928496,-0.16552384,-0.10608595,0.21822369,0.99450153,0.010970479,0.031068875,0.08934311,0.43964747,0.24062056
gex_possorted_bam_1WGCZ:TTCGTTAGTCCTCCAAx-M2,-0.13566014,0.17112778,-7.237609e-06,-0.062536284,-0.028161235,-0.10334714,0.002601457,-0.013166063,0.36894947,0.1470925,-0.0007070793,0.048349027,-0.1461064,0.16205294,0.05340962,-0.018128084,0.002050467,0.1650127,-0.12461812,-0.029227566,-0.0059033097,-0.15019135,0.0364487,0.058494516,0.038797345,0.04887028,0.13408713,0.083328694,0.11698054,-0.11880828,-0.044095095,-0.020755129,-0.06673621,0.08985808,-0.11716269,-0.14770956,-0.009192973,0.074540585,-0.0061502056,0.11373258,-0.3605404,0.0072178645,0.11949545,-0.088033184,-0.034283966,0.23214655,0.30437818,0.05136329,0.09931073,-0.36784577,0.37345734,-0.13089068,-0.07817468,-0.043398928,0.4244674,-0.054421417,0.15601386,0.19201171,0.054039616,0.010026322,-0.14642076,0.3754871,0.076257594,-0.08256981,0.3808908,-0.023621209,0.12731345,-0.02938055,0.29862905,0.12149007,0.046243902,0.28695035,-0.0069641047,-0.031686526,-0.028398102,-0.009587096,-0.0067562773,-0.028705088,0.12403228,0.24977292,-0.041268937,0.12964594,-0.106262244,0.20908988,0.047457106,0.058997378,0.032353353,0.16314249,0.6111058,-0.030712292,0.060962565,-0.10396084,0.303088,0.33993264
gex_possorted_bam_1WGCZ:TTCAACCGTCCTTCTCx-M2,-0.17406037,0.0787424,-0.06959163,-0.10908974,-0.11695628,-0.19234307,-0.09310281,-0.01372323,0.30730173,-0.03869259,0.014437285,0.0100017795,0.014717999,0.16888121,0.03447158,0.10895328,0.06705954,0.3050088,-0.12945838,-0.034714818,-0.020694641,-0.0869511,0.07575553,0.140496,-0.041344147,0.020126048,0.15704355,0.06404617,0.49292383,-0.09986316,-0.12773228,-0.022933604,-0.055905636,0.09545359,-0.080184884,-0.10900125,-0.027024733,0.028305963,-0.029884059,0.106819935,-0.1722205,0.028130786,0.16442202,-0.11150865,-0.05701716,0.18088025,0.2629178,0.092676245,0.15976804,-0.06034496,0.39947638,-0.1292761,-0.07398344,0.071003996,0.26683533,-0.06026324,0.093266524,0.22911288,0.010530652,0.041834775,-0.15243655,0.29035124,-0.08905434,-0.27404222,0.44267127,-0.042830773,0.034363672,-0.045300443,0.311911,0.05617565,0.13571382,0.29777193,-0.103694685,-0.03575128,0.032825604,0.04273895,-0.10810067,-0.08702183,0.025209751,0.17406708,-0.16170703,0.062331773,-0.069669925,0.11303765,0.25427163,-0.058386635,-0.049820464,0.13958383,0.9728257,-0.04720574,0.03654251,0.05093363,0.39936957,0.27663452
gex_possorted_bam_1WGCZ:TTAGGCCCACGGTTTAx-M2,-0.11031935,0.28362,-0.064964734,-0.121069886,-0.1654387,-0.27012065,-0.12318578,-0.048370566,0.5906593,0.4195377,0.050811376,0.11615433,-0.24523489,0.6365773,0.2349654,-0.08417256,0.039831713,0.41880053,-0.12234872,0.0093848,-0.095444895,-0.16804878,0.029516855,0.30842003,0.045443926,0.029476399,0.12467782,-0.043753266,0.032190576,-0.09026614,-0.1556451,0.019759217,-0.0019013069,0.16699375,0.06397853,-0.17940366,-0.054918546,-0.09420749,0.24740241,0.34001374,-0.25871044,-0.039823662,-0.0120193735,-0.19079277,0.078272976,0.4103459,0.16044544,-0.018728724,-0.06924309,-0.35057434,0.69533414,-0.1872635,-0.12900078,0.3094424,0.7513741,0.010379472,-0.019083496,0.43885666,0.12727197,0.12987782,-0.03247075,0.20902923,-0.18306363,-0.29481274,0.41722026,0.05582793,0.07335369,0.11817624,0.4132066,0.4000163,-0.042093124,0.30382988,-0.07024313,0.040644947,-0.056947846,-0.0051551713,-0.040153828,0.025763694,-0.015870871,0.30184457,-0.2752425,1.5121971,-0.08894146,0.15020248,-0.006745605,-0.011359735,-0.09330976,0.114470296,0.47265163,0.043271437,-0.010522223,-0.0617838,0.35870102,0.184737335
gex_possorted_bam_1WGCZ:TTAGGATGTTAGCGTAx-M2,-0.13862695,0.025771243,-0.07946996,-0.07703016,-0.08132202,-0.17864642,-0.11781772,-0.0091522345,0.20490889,-0.061256457,-0.030043837,-0.030768612,0.07144101,-0.010116104,0.0073362878,0.14635429,0.011138274,0.11925182,-0.13498262,-0.05408547,-0.030089976,-0.028440282,0.11861094,0.036553048,-0.04513542,0.00041695067,0.06327468,0.08224179,0.4298586,-0.061242685,-0.17271352,-0.002980995,-0.054586798,0.012935126,-0.052789308,-0.13257061,-0.027321612,0.015119551,-0.02103914,0.036775917,-0.0005404227,0.020509442,0.12867907,-0.13163383,-0.05360739,0.035954207,0.24989419,0.023144785,0.19330354,0.04317602,0.19067538,-0.16919841,-0.093489654,0.058365304,0.10247316,-0.060280122,0.07974622,0.12401335,-0.031186026,0.02318595,-0.11576272,0.09994035,-0.13764594,-0.22076428,0.24895053,-0.06708823,-0.029255938,-0.059409678,0.102239326,-0.055649,0.12635608,0.13773888,-0.08236018,-0.07500628,0.048064984,0.025772689,-0.10592137,-0.10527674,-0.014621793,0.07757718,-0.12821457,-0.08594631,-0.09475241,0.05260927,0.24747784,-0.06384357,-0.03861356,0.08691766,0.48545113,-0.058336142,0.006604262,0.033303242,0.26303598,0.17491726999999999
gex_possorted_bam_1WGCZ:TTAGCAATCCGCACAAx-M2,-0.13935076,0.08495485,-0.06180152,-0.07307484,-0.14028904,-0.18051633,-0.121202305,-0.046084218,0.21924545,-0.10949165,-0.00876916,-0.024771957,-0.004821491,0.22664772,-0.036330655,0.00034141753,0.065448344,0.2720663,-0.14611408,-0.02644669,-0.028665664,-0.1081039,0.06498342,0.11031513,-0.09388619,0.04760764,0.1153865,-0.071087636,0.38075453,-0.08994518,-0.14644946,-0.044143405,-0.046801053,0.07388691,-0.03917907,-0.13817216,-0.047456983,-0.02761904,-0.072598465,0.15394953,-0.17488283,0.044893935,0.08500403,-0.15167147,-0.06392277,0.13798498,0.134612,0.06620783,0.17954457,-0.05834721,0.33417988,-0.09717687,-0.06389235,0.057526212,0.21417436,-0.016264617,0.054189555,0.22412686,0.040479645,0.085123725,-0.11911587,0.24339144,-0.11169978,-0.2856826,0.22934617,-0.03223483,0.0236008,-0.02425262,0.30870318,0.06042917,0.08378692,0.23590234,-0.14386168,-0.083994925,0.07076626,-0.0029067162,-0.06056374,-0.16787778,-0.01885983,0.04957746,-0.16044061,0.3856213,-0.055957157,0.12136251,0.13821493,-0.07933767,-0.06314425,0.11529454,0.8119933,-0.003213057,0.010113725,0.022198556,0.41862258,0.18900171999999998
gex_possorted_bam_1WGCZ:TTCAGTTTCGTTACAAx-M2,-0.20696314,0.19800135,-0.038241412,-0.097999685,-0.07232014,-0.21695647,-0.16363543,-0.0149073405,0.4392031,-0.052230652,0.107968986,0.11331691,0.026765723,0.38114133,0.025897605,0.09932265,0.09721796,0.42370176,-0.1142519,-0.031009542,-0.028796632,-0.06712072,0.09022095,0.17682412,-0.0322522,0.064777255,0.24644189,0.03278795,0.51908094,-0.105633035,-0.15439475,-0.020487977,-0.04253563,0.2004831,-0.05001602,-0.1161912,-0.018890087,0.030486846,0.002779944,0.2760324,-0.15431598,0.03725854,0.20724434,-0.110948585,-0.03593149,0.31884822,0.33310866,0.18471637,0.13874389,-0.06331854,0.50631505,-0.1473394,-0.071070336,0.20477124,0.28193635,-0.043985285,0.11207952,0.35718918,0.061709505,0.083026536,-0.16166644,0.38375133,-0.05595646,-0.29181495,0.73433715,-0.016951239,0.04812507,-0.022323398,0.402207,0.13645221,0.10887572,0.4041994,-0.08646581,-0.051658962,0.05881989,0.05305437,-0.062799335,-0.030889846,0.040153004,0.22502114,-0.19710918,0.24455145,-0.06788032,0.17093708,0.38594034,-0.05126212,-0.025320819,0.19435994,1.0389931,0.00018294879,0.07936973,0.06503248,0.49343595,0.358429995
gex_possorted_bam_1WGCZ:TTCGGTACATCCTGAAx-M2,-0.21136823,0.12024211,-0.043181986,-0.13069172,-0.07969242,-0.17352043,-0.122837305,-0.010111729,0.408737,-0.014421017,0.032430496,0.05602886,0.036605313,0.23669104,0.07498461,0.14653458,0.051073495,0.34670317,-0.1247976,-0.059561536,0.0014956958,-0.10299748,0.10755434,0.16750394,-0.0015965234,0.074946105,0.19835822,0.089170344,0.5709934,-0.10778923,-0.14437231,-0.036430765,-0.029693946,0.12311945,-0.08408519,-0.13971175,-0.020767227,0.060317587,-0.0018336719,0.1753514,-0.16429289,0.009261302,0.16474235,-0.08152534,-0.07021481,0.25794268,0.36109152,0.12918521,0.18083382,-0.05695335,0.48766974,-0.13169737,-0.06368597,0.10585411,0.30060738,-0.07051778,0.1250407,0.3270504,0.05702753,0.0709706,-0.16328312,0.30578092,-0.048230708,-0.2649099,0.6141859,-0.027065028,0.04539413,-0.0533245,0.40081316,0.07166206,0.13767326,0.37643918,-0.09561944,0.003668236,0.032823764,0.07356399,-0.085747585,-0.04159359,0.039737657,0.19088444,-0.19384086,0.0630973,-0.08138017,0.13206969,0.34668332,-0.04774029,-0.024943773,0.16401422,1.0746585,-0.02808,0.044159893,0.11710297,0.46969894,0.33343622
gex_possorted_bam_1WGCZ:TTCACTGTCAAACTCAx-M2,0.35394153,0.03894823,0.42926502,0.099926114,0.42666733,1.4184344,0.5429809,0.116909795,-0.18503834,0.49176127,0.14560238,0.45774758,-0.08463854,0.49367848,0.19648293,-0.06457635,0.02340604,-0.22105895,0.99606943,0.12944783,0.0022277373,-0.042016856,-0.3025557,-0.12070024,0.43610242,0.2545969,-0.06699666,0.049290713,-0.7796108,0.22012655,0.86301553,-0.09736285,0.38909045,-0.0013780636,0.22192353,0.7283608,0.21374224,0.12710378,0.03701569,0.019735146,-0.12116192,-0.045741223,-0.06799796,0.50539654,0.35046652,0.2576245,-0.21664083,0.09097103,-0.15682685,-0.09575083,0.0829234,0.6475143,0.5674341,-0.054205827,0.094964005,0.18671118,-0.033101134,0.24383216,0.42400995,-0.035112865,0.3544934,0.12078095,0.7504298,1.0402265,0.45086244,0.2728745,0.09953061,0.53224164,-0.034326024,0.009932803,-0.15471227,-0.17291577,0.22319563,0.33466557,-0.08514042,-0.017114546,0.8077238,0.9043191,0.17265148,0.13276611,0.2511506,-0.2257508,0.49351594,-0.065955445,-0.20255241,0.43275985,0.43600053,-0.047637742,-0.40198806,0.023198606,0.18996477,0.5176733,-0.37784868,-0.047929940000000004
gex_possorted_bam_1WGCZ:TTAGCGGTCCAGGGAGx-M2,0.511554,-0.09900626,0.44581556,0.27761206,0.63286185,0.68847144,0.311196,0.06002877,-0.21916027,0.2642893,0.17748949,0.21242842,-0.049897384,0.07995425,0.22395043,-0.04255938,0.04402734,-0.3053946,0.52244776,0.15731096,0.014882686,0.029872227,-0.35002923,-0.18084928,0.36413783,0.31683403,-0.18918759,-0.052805178,-0.9444143,0.103366,0.099160135,-0.07472426,0.32541353,-0.11252597,0.0626416,0.40281862,-0.0054345476,0.10318125,0.19703089,-0.036457475,-0.15507315,0.053339925,-0.042548046,0.3687335,-0.0102889715,0.15153973,-0.16776428,0.055808194,-0.19913986,-0.11870676,-0.06601722,0.21276186,0.73022264,-0.09205827,0.05640214,0.20974855,-0.07846644,0.041021746,0.3979289,0.008526597,0.43247813,0.0657391,0.567336,0.6468676,0.056407984,0.15830149,0.07861566,0.16193974,-0.24330974,0.038160905,-0.16114403,-0.20502965,0.2946405,0.18112664,-0.16067855,-0.080996625,0.5333523,0.6341931,0.02631728,0.051064346,0.35234347,-0.10310363,0.057869803,0.020571316,-0.34735322,0.36638936,0.3435046,-0.18122023,-0.482552,0.033483233,0.032728687,0.40281153,-0.39938,-0.05101259
gex_possorted_bam_1WGCZ:TTGAGCTAGGAGGCATx-M2,-0.18080205,0.07472412,-0.079083666,-0.11292722,-0.1126659,-0.17862777,-0.10153291,0.00072614866,0.31921962,-0.06068022,0.046830036,0.027799949,-0.0064447178,0.22189194,0.020092871,0.104836956,0.060954127,0.36376658,-0.15790871,-0.050842408,-0.03426619,-0.12657261,0.04809964,0.16422318,-0.029853443,0.09710912,0.121103175,0.06166157,0.46297973,-0.094373316,-0.123721674,-0.04935748,-0.036189232,0.06430195,-0.034838755,-0.10695584,-0.027948363,0.015238186,-0.00955774,0.098844185,-0.19485404,0.006099297,0.15671797,-0.11112628,-0.065700404,0.18147904,0.22536479,0.106463246,0.1639165,-0.06733471,0.4277111,-0.13844009,-0.114104435,0.12238841,0.28055748,-0.073690146,0.08499155,0.25014487,-0.014727848,0.082910046,-0.17966986,0.2697692,-0.11500876,-0.29372448,0.46062317,-0.047054313,0.013085553,-0.051376663,0.35689777,0.09529128,0.16045555,0.36383426,-0.09288951,-0.045452993,0.047803048,0.03792186,-0.10793335,-0.08441912,-0.024473364,0.13482319,-0.19598795,0.15444036,-0.061421696,0.13237686,0.18281512,-0.10234946,-0.053025663,0.15843606,1.0254688,-0.05096998,0.04559098,0.06437086,0.45140994,0.247566995
gex_possorted_bam_1WGCZ:TTCCCACAGCCTGTTCx-M2,-0.1946743,0.11555437,-0.051282812,-0.1496367,-0.05074734,-0.13695161,-0.11609046,-0.016966837,0.40032423,0.020203974,0.023059323,0.057398207,0.07733732,0.1661276,0.10572355,0.18158437,0.050933555,0.2997301,-0.09457411,-0.053570688,0.018434212,-0.07918976,0.09519561,0.12298276,-0.019003874,0.070723824,0.19067696,0.13866986,0.60520756,-0.095756315,-0.13255706,-0.036176562,-0.041316353,0.12662828,-0.094944745,-0.111307055,-0.021725558,0.07392928,0.010608513,0.11409875,-0.10234737,-0.0042449627,0.21227165,-0.09033297,-0.038799085,0.21116054,0.4522111,0.120509274,0.20005368,0.0010085115,0.42224532,-0.13012351,-0.033860452,0.10374696,0.3188522,-0.0709203,0.1573684,0.33678585,0.051035106,0.06744458,-0.16302662,0.26367524,-0.02333535,-0.22300373,0.6913884,-0.024864081,0.035228014,-0.06500745,0.3185095,0.025378665,0.15803984,0.36696652,-0.063776575,-0.0017150233,0.046193685,0.0652446,-0.05675195,-0.005979313,0.03454511,0.19896226,-0.19794746,-0.09766846,-0.028661566,0.13175133,0.3915388,-0.09076652,-0.02270591,0.15630953,1.080401,-0.054825533,0.08797353,0.1464541,0.42484128,0.35794317
gex_possorted_bam_1WGCZ:TTGACATCACAGGAATx-M2,0.5028896,-0.27125743,0.24245834,0.43621075,0.46364924,-0.07235946,0.12911147,-0.022590118,-0.46258968,-0.15179162,0.004725873,-0.107760206,-0.04780175,-0.38492227,0.14656417,0.000113381466,-0.02486581,-0.2461526,0.032795817,0.20504376,-0.019854784,0.19830644,-0.43518564,-0.2238134,0.20134711,0.13544025,-0.28291383,-0.17229101,-0.9457192,-0.064544745,-0.5189213,-0.04670349,0.16062689,-0.2815388,-0.07074888,0.08315702,-0.07412386,-0.019010609,-0.06810213,-0.17042,-0.144652,0.1351059,-0.07200332,0.0250377,-0.29971173,-0.2670428,-0.2697932,-0.021521075,-0.20300326,0.010531813,-0.25627795,-0.14264587,0.6910596,-0.15095985,-0.19557044,0.27524778,-0.14531238,-0.18063337,0.1505902,0.029514054,0.44287926,-0.06038365,0.0542383,-0.024212332,-0.40396574,0.028269257,0.019339725,-0.34374624,-0.46322358,0.06676859,-0.2385177,-0.27952564,0.21401723,-0.12710358,-0.18343876,-0.16029307,0.1645106,0.21304657,-0.15724033,0.045711737,0.36419412,0.030492675,-0.29443824,-0.01637654,-0.45583457,0.21507093,0.16278443,-0.2762038,-0.70320886,0.014306708,-0.2829762,0.24554634,-0.47936562,-0.165088425
gex_possorted_bam_1WGCZ:TTGGGCCAGCCTGTGAx-M2,-0.18148395,0.117633864,-0.04518993,-0.11710012,-0.09822154,-0.17901216,-0.09550832,-0.0114821,0.39119667,-0.021992743,0.06399346,0.044564795,0.021143204,0.22200355,0.07061415,0.12984079,0.076648265,0.32559073,-0.116007544,-0.04217404,-0.004684798,-0.09747422,0.09180244,0.1427935,-0.03874412,0.068931326,0.17848152,0.090429366,0.5380954,-0.08635275,-0.12557897,-0.036336746,-0.054191433,0.121225305,-0.06205758,-0.11529154,-0.019885907,0.04089389,-0.011160905,0.14957497,-0.17068884,0.026314005,0.1809693,-0.10068645,-0.06464137,0.25823447,0.33489144,0.12881778,0.16997115,-0.0574216,0.46600315,-0.13872801,-0.07669848,0.09549601,0.284294,-0.0638714,0.12096702,0.30788496,0.050561655,0.05156522,-0.15814137,0.33226475,-0.047238488,-0.25585654,0.6181689,-0.029647063,0.047153194,-0.024562804,0.36822167,0.0663641,0.14495489,0.37086013,-0.07832498,-0.04150858,0.042751566,0.050932456,-0.10170658,-0.056052253,0.038016144,0.19591208,-0.17701188,0.048040003,-0.068312064,0.14257395,0.30208975,-0.08049482,-0.021807656,0.16408442,1.0437316,-0.03781491,0.055783454,0.08844709,0.44714743,0.333578095
gex_possorted_bam_1WGCZ:TTGTTGTTCTATCGCCx-M2,-0.16023211,0.053481877,-0.04345279,-0.09030736,-0.10652377,-0.19544329,-0.115383565,-0.025082741,0.27324325,-0.038713627,0.0005274017,-8.593139e-05,-0.015325088,0.15383281,0.019983225,0.08446642,0.056181293,0.26858312,-0.09768203,-0.052104954,-0.026017414,-0.082970366,0.051444583,0.098244585,-0.056840673,0.074992836,0.12370295,0.032437783,0.43684033,-0.0765285,-0.11905814,-0.039882425,-0.06685888,0.077285245,-0.039906114,-0.11697278,-0.018293373,-0.027154839,-0.05234428,0.06938333,-0.17798346,0.00626456,0.15019557,-0.10460732,-0.031987935,0.13101529,0.23604153,0.075766414,0.13309175,-0.06167958,0.32250965,-0.11549122,-0.06484535,0.1101052,0.21381372,-0.06795479,0.06347902,0.21319062,0.021308139,0.054095395,-0.12669365,0.22016524,-0.14225522,-0.26260704,0.41015795,-0.04756128,0.03122199,-0.03752672,0.26896992,0.031494744,0.10291602,0.268649,-0.08001832,-0.033487633,0.03804463,0.015087603,-0.08553926,-0.1051753,0.010990312,0.112102814,-0.16702768,0.08972423,-0.05661555,0.0784161,0.13948047,-0.10004192,-0.049474563,0.14410013,0.8997253,-0.06533142,0.035267416,0.045348987,0.35278445,0.228103385
gex_possorted_bam_1WGCZ:TTGCCCGTCCCTCAGTx-M2,0.36693573,0.034239102,0.4324267,0.11828133,0.48392844,1.2122703,0.46040735,0.08698377,-0.14952923,0.509462,0.17464875,0.4013166,-0.0552,0.44389167,0.13717973,-0.07673544,0.040523577,-0.2557413,0.87031496,0.13894509,0.037637558,0.02788487,-0.3292606,-0.1456022,0.4233136,0.2405944,-0.054024268,0.039765928,-0.82362884,0.21118847,0.7532972,-0.079568155,0.34289512,0.0036661152,0.20612654,0.6198587,0.13574184,0.11650565,0.09881592,-0.0024274543,-0.07671122,-0.025053276,-0.047315333,0.4908078,0.28584898,0.25111812,-0.19290984,0.059656452,-0.19179024,-0.08406586,0.04821484,0.5865096,0.50798523,-0.070394486,0.14772734,0.16418536,-0.02476454,0.19664194,0.3856902,-0.03357533,0.33139557,0.08812364,0.73616517,1.0094335,0.35442397,0.25039017,0.07778216,0.48050818,-0.008480071,-0.0060552736,-0.15510769,-0.14851461,0.22750163,0.32059956,-0.07483529,-0.04659566,0.7149253,0.8335392,0.16537823,0.08999308,0.26255342,-0.17520621,0.44576636,-0.062100288,-0.19390774,0.38045084,0.37921873,-0.05401297,-0.3834172,0.04479172,0.19791117,0.46351764,-0.35415268,-0.0523931
gex_possorted_bam_1WGCZ:TTGGTGAGTTCCTGATx-M2,-0.18060914,0.087731525,-0.06466069,-0.09402412,-0.11311845,-0.18245561,-0.11148978,-0.009446651,0.3326596,-0.038034055,0.021885877,0.023924334,-0.0004813583,0.21814302,0.034851927,0.095968366,0.06547144,0.30622613,-0.13234344,-0.044860307,-0.025510928,-0.10631072,0.083455384,0.14435829,-0.03923959,0.045414127,0.18508357,0.063195705,0.46373427,-0.1034408,-0.10774029,-0.031590383,-0.05176795,0.098063335,-0.061193366,-0.12295533,-0.029929787,0.01745965,-0.026018253,0.13010485,-0.1677584,0.024734145,0.16113472,-0.097687736,-0.06815996,0.20639077,0.27317056,0.109073475,0.16359031,-0.0863788,0.40434298,-0.12932676,-0.0608513,0.09844867,0.25718096,-0.053423896,0.09359732,0.23414412,0.052735407,0.0516735,-0.14658396,0.2861267,-0.08784018,-0.27382672,0.47224197,-0.0371304,0.04608506,-0.036848053,0.32139316,0.06973699,0.12082887,0.3029051,-0.0841587,-0.030057544,0.043142736,0.048959818,-0.112642385,-0.062801935,0.031611796,0.17799489,-0.17687987,0.13176905,-0.06469202,0.12141115,0.2394002,-0.06911373,-0.044271514,0.14039129,0.98889244,-0.037835248,0.045039833,0.049541924,0.43121374,0.27964863
gex_possorted_bam_1WGCZ:TTGGAGGCATTAGGTTx-M2,-0.11121328,0.2911356,-0.06981857,-0.12382618,-0.16145141,-0.27317357,-0.13539273,-0.043767806,0.5806065,0.38894132,0.046101213,0.12107018,-0.24861468,0.6529989,0.21585783,-0.08753695,0.04828126,0.4305869,-0.11775995,0.006214699,-0.10517627,-0.15040384,0.023766343,0.31144902,0.043747235,0.029004872,0.12272593,-0.056800246,0.033431634,-0.09728077,-0.15769376,0.022992596,-0.0026861737,0.16768993,0.063235,-0.17561814,-0.04714622,-0.10077867,0.23469971,0.34559324,-0.26896182,-0.04329931,-0.012462634,-0.20080832,0.082806334,0.407924,0.1500088,-0.014553498,-0.0727008,-0.35288674,0.6857703,-0.19039962,-0.13014767,0.3203414,0.7300101,0.011837143,-0.0271102,0.44045365,0.13227177,0.14198063,-0.029914888,0.20900606,-0.19001055,-0.3042501,0.41535145,0.051711675,0.073096685,0.120376244,0.40359434,0.40721232,-0.045710575,0.3043593,-0.082948506,0.036742732,-0.056071714,-0.01589301,-0.03623287,0.022681652,-0.009307763,0.29209122,-0.27532628,1.518502,-0.084272526,0.14902402,-0.011067332,-0.019678863,-0.09001101,0.122247875,0.47084296,0.036793824,-0.019974928,-0.075109996,0.36143315,0.17950743
gex_possorted_bam_1WGCZ:TTGGGCCAGTCACTAAx-M2,-0.17857815,0.124148324,-0.065774515,-0.11312122,-0.0868699,-0.1810673,-0.0990997,-0.014319034,0.42974168,-0.0420536,0.029578289,0.085742906,0.083213136,0.23727156,0.08593053,0.14859931,0.07413132,0.37777534,-0.11003431,-0.052133515,-0.0064125876,-0.04340262,0.09965116,0.15272117,-0.03482731,0.0817432,0.18106987,0.097531036,0.5875917,-0.09382671,-0.14565003,-0.037775654,-0.02759678,0.12196829,-0.06365849,-0.110435806,-0.022886291,0.06577703,-0.009612692,0.15437488,-0.10613837,-0.007798077,0.18999559,-0.100952715,-0.05317724,0.27361026,0.34632105,0.13179977,0.15878744,0.0123596825,0.49099794,-0.14099078,-0.069602214,0.11531835,0.28644958,-0.068992525,0.12885976,0.30899897,0.04678701,0.050371896,-0.15794653,0.32539454,-0.03905654,-0.2608635,0.6914997,-0.037047092,0.058729302,-0.051249918,0.37605283,0.044014852,0.15584585,0.39841533,-0.10527975,-0.012161012,0.031640112,0.045179356,-0.1062525,-0.069118224,0.044215515,0.18947306,-0.19414437,0.03550254,-0.09185268,0.14971486,0.39576402,-0.10185223,-0.020793917,0.16913712,1.0869696,-0.043460168,0.029718626,0.14691481,0.46242273,0.335857795
gex_possorted_bam_1WGCZ:TTGTCCCAGTCATTTCx-M2,-0.23276165,0.114271566,-0.047503114,-0.029060755,-0.15413164,-0.1665699,-0.054815907,-0.008529435,0.38787434,0.0018345261,-0.0047069252,0.19787823,-0.06828183,0.2883504,0.103494026,-0.032402102,0.046734616,0.4220186,-0.1468279,0.0047835074,0.017066242,-0.12621778,0.14693706,0.037422184,-0.02121656,0.16893893,0.23324457,0.008699669,0.42313856,-0.15711361,-0.04436952,-0.05560891,-0.1303138,0.18898053,-0.033629425,-0.19862713,-0.07653487,-0.07675713,0.022037867,0.27397144,-0.18785411,-0.008285086,0.117317535,-0.102771804,-0.09800706,0.38136613,0.093259595,0.015919084,0.08833388,-0.27572042,0.51892793,-0.12011728,-0.085470244,0.16378959,0.42615575,-0.031139985,0.04636872,0.2685503,0.10974456,0.0028246308,-0.067967,0.47414085,0.0344103,-0.3673935,0.37718529,0.03375931,0.09104751,0.029255291,0.45815802,0.27274448,0.16582869,0.347227,-0.094235875,0.06857143,0.039876074,0.04813167,-0.12421619,-0.018896582,0.010051985,0.29119587,-0.12363757,0.1561847,-0.054205205,0.26195627,0.25396067,-0.0034321318,-0.083389334,0.035393745,1.1457965,0.02662847,0.082458824,-0.007708767,0.5629092,0.2837002225
gex_possorted_bam_1WGCZ:TTGCAGCCACCCACAGx-M2,-0.1873388,0.11284539,-0.06545029,-0.108862355,-0.14009702,-0.18262753,-0.1270056,-0.011489437,0.4001365,-0.06567162,0.02093658,0.04787132,-0.12573263,0.32326162,0.07703864,0.0012253245,0.13004404,0.42490396,-0.13736251,-0.054744475,8.45793e-05,-0.17298773,0.095495336,0.19294626,-0.05795607,0.06587953,0.16008288,0.012637667,0.44331202,-0.10908517,-0.115063354,-0.037243176,-0.04754529,0.1269743,-0.017762454,-0.1446425,-0.01435782,0.009748868,-0.014594929,0.15494935,-0.29542562,0.028673498,0.13336001,-0.1005368,-0.04849365,0.28536448,0.119842656,0.13312735,0.16972615,-0.17684247,0.48353234,-0.12451477,-0.04537433,0.13743243,0.27385777,-0.07958108,0.084262386,0.34841236,0.033870265,0.070112534,-0.13844675,0.35201624,-0.13037989,-0.25122476,0.4680422,-0.031272545,0.041581742,-0.052447967,0.45885155,0.14841144,0.099652655,0.380797,-0.11291365,-0.03552652,0.044794694,-0.0076558245,-0.13483441,-0.14021751,0.034143627,0.17682637,-0.17432582,0.49586436,-0.101765804,0.14204195,0.134743,-0.09343434,-0.07468501,0.20559001,1.1232237,-0.015189973,0.05462901,0.034093007,0.5695897,0.23592944799999999
gex_possorted_bam_1WGCZ:TTGGCTACATATAACCx-M2,-0.18971485,0.128445,-0.0472337,-0.12946029,-0.06498643,-0.16995242,-0.09882607,-0.0008404378,0.43301874,-0.039987605,0.008342026,0.061980106,0.070618615,0.22955018,0.07432374,0.16148402,0.07512898,0.3622934,-0.09911749,-0.039744947,0.0038033733,-0.043604758,0.0968301,0.15778226,-0.00028092845,0.10901301,0.2036797,0.09816528,0.6128842,-0.09689632,-0.1420664,-0.026507456,-0.04346187,0.14322704,-0.06958404,-0.109909445,-0.0402717,0.064456806,-0.0077753915,0.14981593,-0.0968555,-0.010403736,0.17614575,-0.08865479,-0.0372771,0.26978716,0.3527411,0.12632881,0.1837878,0.02297726,0.4835245,-0.14164145,-0.04779186,0.12785117,0.2494988,-0.084885255,0.12649949,0.31368387,0.049260832,0.09715377,-0.16890734,0.3176831,-0.078850426,-0.24151315,0.6892964,-0.031453274,0.05109572,-0.051531896,0.36938894,0.061554592,0.16956852,0.41882694,-0.11322394,-0.0014899449,0.07027804,0.076972306,-0.053622082,-0.07873233,0.036703706,0.19504945,-0.18376516,0.01779645,-0.047092333,0.13088442,0.3964034,-0.086540386,-0.029690763,0.16546674,1.0640469,-0.04123155,0.054382842,0.140944,0.46154314,0.3352121
gex_possorted_bam_1WGCZ:TTGTCCGGTAAGGTCCx-M2,-0.16411637,0.12490752,-0.052657124,-0.11336042,-0.08362901,-0.16554666,-0.10800378,-0.014231981,0.3484524,-0.039003946,0.041217484,0.05905108,0.08336274,0.20304033,0.038873445,0.1290327,0.063329734,0.32528463,-0.1545886,-0.01855706,-0.027505783,-0.02084168,0.08674962,0.12136825,-0.056990124,0.05145196,0.18206279,0.061731827,0.5255428,-0.09128062,-0.1361923,-0.037024964,-0.054151163,0.08141155,0.029994804,-0.1149205,-0.025622576,0.011297462,-0.01124609,0.16804983,-0.058011755,0.0042505534,0.17805296,-0.093793996,-0.049745273,0.22571687,0.3284891,0.11252188,0.1788206,0.020354502,0.43061617,-0.12446132,-0.09087654,0.1393335,0.23287995,-0.051489886,0.109800845,0.24763024,0.067623205,0.054723393,-0.124495104,0.31108627,-0.08552521,-0.25274262,0.58657837,-0.0400982,0.051113814,-0.07908413,0.33734778,0.033891696,0.18471898,0.33302483,-0.0891995,-0.042922955,0.042787213,0.031348724,-0.14462015,-0.06505948,0.016997471,0.15887466,-0.1772073,0.0101218065,-0.07898415,0.11964195,0.38288912,-0.07870797,-0.0230758,0.15370955,0.9774572,-0.052485008,0.04078091,0.11587718,0.42183277,0.319787685
gex_possorted_bam_1WGCZ:TTGCAATCAGTTTCTCx-M2,-0.09472487,0.06685809,-0.086358495,-0.07368791,-0.1493551,-0.23843306,-0.0983751,-0.02940551,0.09864649,0.049281232,-0.05773775,-0.07094192,0.012346402,0.05026415,-0.0073115085,-0.02515527,0.046530563,0.1299081,-0.18107069,-0.010954452,-0.040120557,-0.027535697,0.21109597,0.16177396,-0.0972821,-0.069068596,0.06890087,-0.06091908,0.22542371,-0.068747535,-0.16173193,0.07642611,-0.047264487,0.08526079,0.0064244005,-0.15265912,-0.031509224,-0.04075834,0.08909418,0.12249723,0.09893463,-0.04052242,-0.03344126,-0.115917824,-0.015847769,0.025760476,0.0645338,-0.044018917,0.027625024,0.028836474,0.06869644,-0.12876675,-0.08501691,0.16170496,0.13660423,0.015196037,-0.029710347,0.019164767,-0.014806966,0.050417,-0.030178398,-0.060765356,-0.23402642,-0.27088162,-0.14309585,-0.009874471,-0.024134796,-0.046143107,0.018921515,0.12149065,0.028479768,-0.011698441,-0.057137247,-0.018538104,0.014824333,0.06833047,-0.12311628,-0.116356045,-0.09734697,-0.0073199435,-0.18046644,0.50048405,-0.061446417,0.03810466,0.12690003,-0.036410652,-0.07059917,0.003820464,-0.03030718,0.029588625,-0.052808605,-0.12250066,0.106151536,0.0018842220000000014
gex_possorted_bam_1WGCZ:TTGTGCGAGAGAGCCGx-M2,-0.19625255,0.09495169,-0.03347331,-0.107781895,-0.11521546,-0.1917545,-0.11148087,-0.012010883,0.414996,-0.077173576,0.053219635,0.05110508,-0.16758174,0.41122654,0.047914237,-0.04920401,0.16394827,0.48076776,-0.12345452,-0.037331194,-0.008592454,-0.18145308,0.09828773,0.22874725,-0.046351504,0.08024119,0.16422458,-0.064642854,0.37383682,-0.095342524,-0.14307147,-0.026348477,-0.062383417,0.149164,0.024380544,-0.11987869,-0.03684863,-0.011887666,-0.01963103,0.14665626,-0.3165634,-0.01531504,0.11088263,-0.09136297,-0.07650714,0.28311664,0.04505695,0.14731486,0.17333363,-0.20766406,0.5114078,-0.13713233,-0.04342604,0.13898043,0.3396554,-0.06408495,0.029735094,0.38885155,0.020718003,0.08746875,-0.15558328,0.4253538,-0.14984502,-0.27205175,0.4301036,-0.008482259,0.0053952844,-0.07667478,0.54497075,0.17682402,0.11760759,0.42472416,-0.12332886,-0.05227498,0.038996194,-0.03965979,-0.117522486,-0.13897744,0.0151658105,0.17450963,-0.18454474,0.71157706,-0.11673,0.20058359,0.081591666,-0.09000381,-0.07634108,0.2239547,1.2309672,0.013740794,0.04812925,0.035007745,0.62750673,0.235205375
gex_possorted_bam_1WGCZ:TTGTGCCTCGACAAAGx-M2,0.39650175,0.07012427,0.5117561,0.13275528,0.5523046,1.3808295,0.5133978,0.08338374,-0.1500042,0.4927593,0.15918548,0.54306614,-0.17592305,0.5799915,0.11299631,-0.053273644,0.019847397,-0.2177042,1.0102892,0.24356112,-0.017385643,-0.05457629,-0.3555818,-0.16012852,0.4455044,0.28714037,-0.08435092,0.01919732,-0.85373676,0.19518101,0.8148291,-0.0788517,0.39128113,0.007543715,0.28106293,0.69199634,0.15292166,0.1204943,0.06556885,-0.01958332,-0.28425112,-0.013599255,-0.09225264,0.5793196,0.36044642,0.35140634,-0.25080925,0.009713596,-0.20258266,-0.2546869,0.06674075,0.65806234,0.5426957,-0.10957478,0.15898691,0.20746128,-0.016646432,0.17118333,0.49257693,-0.044184558,0.35759568,0.14824563,0.9252532,1.0164593,0.45451728,0.26912203,0.052409075,0.5991292,-0.023922635,-0.04606188,-0.1164626,-0.18376346,0.21872172,0.3443293,-0.10306007,-0.0019903758,0.8338124,0.9144191,0.20545654,0.12170093,0.2291215,-0.21678737,0.49267247,-0.044890624,-0.34427923,0.42426136,0.42182666,-0.055224914,-0.39179748,0.08676379,0.22954741,0.4223276,-0.3600786,-0.05128181
gex_possorted_bam_1WGCZ:TTGTCCCAGGGATGCGx-M2,-0.18973921,0.38715705,-0.082127124,-0.08324957,-0.118096136,-0.24547245,-0.3082178,-0.021272546,0.45324102,-0.24188447,0.12123797,0.20847708,-0.40806058,0.8305113,0.018509671,-0.13885343,0.14408514,0.6467441,-0.18558964,-0.03946931,-0.09377127,-0.13108909,-0.026507052,0.28410327,-0.06978747,0.07567688,0.26387373,-0.1191064,0.015007193,-0.1443081,-0.19583142,0.009214751,0.026923735,0.2951594,-0.021087145,-0.12413097,-0.033594508,-0.114702284,0.04437901,0.6399294,-0.5147736,0.021554777,0.07442782,-0.20143588,0.0075706216,0.41577354,-0.028699195,0.18165562,0.016155247,-0.45457035,0.5322604,-0.17314698,-0.05332286,0.46717763,0.26726583,-0.028181048,-0.06174034,0.4772034,0.0801857,0.20248938,-0.1265861,0.40049234,-0.18700352,-0.27968183,0.5331408,0.060458343,0.035473406,-0.011408174,0.42352918,0.4606445,-0.115183935,0.40160698,-0.15811954,-0.0406159,0.0062169884,-0.047287535,-0.061875507,-0.07556526,0.100411795,0.25928923,-0.17590363,1.594295,-0.10604907,0.19895731,-0.06608421,-0.07425371,-0.07882278,0.29715937,0.6919317,0.12320906,0.024518752,-0.27544218,0.55162984,0.1858965725
gex_possorted_bam_1WGCZ:TTGGTGAGTCGTAATGx-M2,-0.18005404,0.120400526,-0.06530713,-0.095832676,-0.11404633,-0.18353307,-0.07391791,0.0033709342,0.32241768,-0.022066357,0.04262705,0.069936,0.039928414,0.2627222,0.05098635,0.057035457,0.0702044,0.33515218,-0.1586953,-0.032545704,-0.022514017,-0.05261174,0.0881529,0.15899764,-0.061306294,0.08271011,0.19307303,0.071187444,0.42767027,-0.1035865,-0.08990589,-0.03804065,-0.08834049,0.10191321,-0.038118888,-0.11700987,-0.04364894,0.008417198,-0.029539013,0.16840315,-0.09781152,0.010214147,0.18050602,-0.11741838,-0.07647491,0.26928174,0.2449309,0.09880747,0.14818485,-0.05424348,0.46385932,-0.13112722,-0.073176265,0.09305691,0.3308134,-0.05040797,0.07201806,0.22474946,0.07711703,0.055817515,-0.13572468,0.34025857,-0.03165776,-0.2962506,0.49482757,-0.016018162,0.055600036,-0.035300624,0.38025168,0.116506256,0.15445104,0.3226667,-0.08331633,-0.025976816,0.03222905,0.02893179,-0.08434343,-0.03800092,0.034861892,0.20737407,-0.16084462,0.100045495,-0.073865235,0.12649088,0.31721845,-0.08425018,-0.041779567,0.13578114,1.0414344,-0.026437515,0.05037702,0.09085567,0.45870277,0.292594735
gex_possorted_bam_1WGCZ:TTGCATTTCCTTTACGx-M2,-0.20348,0.106016785,-0.048059348,-0.10693352,-0.11026939,-0.18117656,-0.10770181,-0.0058898916,0.40586314,-0.005277549,0.04491362,0.073572,-0.022195792,0.24663521,0.04965089,0.109740704,0.089746825,0.3625484,-0.13295068,-0.03276247,0.012889496,-0.1449055,0.12280986,0.14351508,-0.028196739,0.0631288,0.19100535,0.059576202,0.5347679,-0.09245976,-0.11740854,-0.0516423,-0.048182804,0.13527693,-0.049044084,-0.11846304,-0.034842484,0.03397903,-0.006621945,0.122340545,-0.21097855,0.001571486,0.20165361,-0.07792996,-0.06164359,0.25210372,0.297501,0.11184723,0.17047662,-0.107389584,0.4568106,-0.12823974,-0.06826314,0.10502168,0.32842785,-0.061665483,0.11741582,0.32252154,0.04724102,0.06513293,-0.15683298,0.32290882,-0.09465799,-0.27282435,0.58176136,-0.028744033,0.037422247,-0.02837873,0.3898327,0.086013354,0.1540491,0.40300715,-0.09275374,-0.004490067,0.037841137,0.0568838,-0.13169882,-0.046001464,0.016532825,0.22861172,-0.20316239,0.12360821,-0.06832535,0.15397467,0.25899947,-0.062094405,-0.05125295,0.15745611,1.141481,-0.028539533,0.06945698,0.07443131,0.50352925,0.31020491
gex_possorted_bam_1WGCZ:TTGGAGGCAACATAAGx-M2,0.37088776,0.0017967259,0.39890277,0.09716654,0.6798444,1.0610843,0.504082,0.079511106,-0.15787573,0.44103298,0.19022648,0.41049296,0.42324778,0.42547005,0.11260138,-0.011402824,0.008332533,-0.22669998,0.7920531,0.16556264,0.051351856,0.57723534,-0.4333606,-0.12452659,0.48341292,0.19198678,-0.056248203,0.018651653,-0.80000275,0.28537175,0.83259344,-0.108681306,0.376428,-0.042153396,0.20875871,0.61220795,0.08902823,0.09964556,0.1402417,-0.0445553,0.62015224,-0.041690525,-0.07247435,0.47467843,0.21204217,0.27150533,-0.20286687,0.09883877,-0.21143694,0.46854585,0.06462718,0.63230723,0.4133812,-0.083569095,0.024385123,0.15356436,-0.034197405,0.18890217,0.3415675,-0.059266724,0.27873126,0.0616137,0.71577185,1.0934792,0.36875033,0.19228595,0.112547114,0.3637552,0.037577305,-0.06679421,-0.15073104,-0.11266186,0.23504053,0.28808898,-0.083466895,-0.13243064,0.8066871,0.7609539,0.13665742,0.07059835,0.34077635,-0.1801181,0.42328966,-0.04401678,0.42925602,0.4130726,0.41970763,-0.035236858,-0.4450729,0.06008311,0.16030955,0.9056341,-0.36797798,-0.070626585
gex_possorted_bam_1WGCZ:TTGGGCCAGGAGCACGx-M2,-0.17019875,0.087014146,-0.0754945,-0.121530585,-0.108597696,-0.18452638,-0.104539014,-0.009255883,0.36230215,-0.0076834145,0.03076503,0.037833598,0.042106207,0.17062952,0.05418752,0.11654088,0.058797147,0.29687822,-0.14356478,-0.06145338,-0.011935636,-0.076646455,0.091523334,0.13353057,-0.057953708,0.10859957,0.1400358,0.08461609,0.51463056,-0.103988774,-0.121521436,-0.028416729,-0.043727446,0.09608239,-0.0700161,-0.12077969,-0.020399027,0.036046684,-0.011797553,0.14475097,-0.1408761,0.0035198077,0.1615829,-0.09532335,-0.057686847,0.21464886,0.33909947,0.09375451,0.17992912,-0.05267278,0.44281894,-0.13243988,-0.081524245,0.084726766,0.3024341,-0.060714673,0.1028065,0.27092367,0.060715746,0.04730737,-0.1552029,0.2744515,-0.07292945,-0.26711166,0.53344995,-0.041944683,0.06587427,-0.04689928,0.34622812,0.057096478,0.14629701,0.32335484,-0.08300133,-0.027398387,0.02098388,0.033986222,-0.08340396,-0.007977589,0.036309574,0.18129164,-0.17054464,0.01238598,-0.07537681,0.1357312,0.3119916,-0.11188073,-0.01777951,0.14466576,1.005824,-0.038532976,0.011066775,0.079571694,0.41939846,0.306775485
gex_possorted_bam_1WGCZ:TTGTCAAAGGTCCTGAx-M2,-0.205392,0.19528557,-0.055945538,-0.11887122,-0.09899027,-0.19699204,-0.17676851,-0.018491464,0.39996418,-0.09171888,0.07550349,0.07020572,-0.08831501,0.34028143,0.029647188,0.059227884,0.096252695,0.4139992,-0.1584729,-0.041170184,-0.035189427,-0.10390732,0.075761095,0.20241249,-0.03462565,0.061136995,0.20326464,0.016583655,0.42695004,-0.12047245,-0.13957968,-0.0013983224,-0.027091542,0.17321675,-0.056798294,-0.12962624,-0.018453548,0.018445589,0.023469228,0.27634838,-0.2364098,0.010163611,0.15431954,-0.10254509,-0.04196714,0.25805494,0.22994988,0.12031906,0.13588285,-0.14530931,0.44337404,-0.13876322,-0.086461775,0.18841706,0.25216028,-0.054299504,0.07081237,0.30411792,0.040613595,0.078034155,-0.14691845,0.33435625,-0.10906806,-0.2556675,0.53942186,-0.0030755806,0.03195393,-0.06770553,0.3696109,0.16306075,0.09537026,0.31251314,-0.09555065,-0.050514746,0.02061838,0.052281372,-0.057555113,-0.08089786,0.015877908,0.19035794,-0.18186666,0.38262323,-0.07596289,0.17308904,0.249181,-0.047467086,-0.0335189,0.19036166,0.9095226,-0.003770205,0.039155137,-0.03233489,0.47200388,0.28215306500000004
gex_possorted_bam_1WGCZ:TTGTTCCCACAGAAACx-M2,0.35866025,0.1276265,0.3552672,0.11751259,0.27968505,0.84006655,0.34763822,0.03626117,-0.109026,0.6506123,0.18612069,0.3262648,-0.15321262,0.44092643,0.17700084,-0.062409688,-0.005821589,-0.18313137,0.6148845,0.09449477,0.0064470163,-0.05333826,-0.19919339,-0.054208122,0.27989274,0.11591151,-0.0690504,-0.009632572,-0.7340011,0.19282924,0.5356997,-0.023374436,0.29921627,0.05476457,0.24317998,0.45728806,0.14195569,0.049884263,0.23851806,0.14562055,-0.11644373,-0.018456833,-0.12735352,0.364389,0.34057793,0.26074708,-0.10087314,-0.04462062,-0.26781616,-0.17535573,0.10373583,0.40311542,0.2975421,0.045336384,0.3366032,0.18258043,-0.08482417,0.15976594,0.3229635,-0.030031761,0.3199896,-0.05683864,0.4945633,0.7442204,0.20816553,0.2630483,0.0953772,0.47588146,-0.03905794,0.1276014,-0.1613657,-0.19722977,0.2080215,0.3179766,-0.099998645,0.025799684,0.49167278,0.68213177,0.11051874,0.083112925,0.11473887,0.26684698,0.38423464,-0.07346014,-0.28762686,0.30811965,0.2645225,-0.09098927,-0.59248894,0.08528876,0.12648925,0.19726363,-0.3742909,-0.07885589
gex_possorted_bam_1WGCZ:TTGTCCGGTAATCGTGx-M2,0.3642936,0.020492468,0.41623098,0.13103175,0.43814182,1.2630377,0.4868873,0.0700919,-0.14999735,0.4390924,0.08095291,0.4484965,-0.15897362,0.45867562,0.18649718,-0.045610078,0.013859614,-0.2007976,0.95033705,0.12792547,-0.0003624429,-0.10189462,-0.26885542,-0.13298091,0.42337686,0.24209192,-0.100518726,0.019465104,-0.7667856,0.2105431,0.7202036,-0.09646972,0.46030185,0.025874792,0.234088,0.67797804,0.1787991,0.16406691,0.048759233,0.018808607,-0.25462312,-0.022068998,-0.08736182,0.45484033,0.3410731,0.25065443,-0.22425151,0.054117143,-0.18658759,-0.15345897,0.053718735,0.56396717,0.54940665,-0.06924321,0.08669677,0.17190689,0.019297235,0.23730105,0.42285556,-0.04786308,0.34281215,0.085033305,0.6893182,0.9761659,0.44456062,0.27040976,0.08515703,0.5099777,-0.05871483,-0.044779282,-0.13320848,-0.11217075,0.19908014,0.37316707,-0.12378771,-0.06223442,0.6913173,0.8275383,0.17340963,0.05457465,0.22124204,-0.19409405,0.44315648,-0.05724572,-0.28183952,0.4340056,0.3602986,-0.058950268,-0.41463825,0.04187719,0.16445136,0.419871,-0.3581759,-0.06960910249999999
gex_possorted_bam_1WGCZ:TTGCTCTCAACTGGGAx-M2,0.31983677,0.021514878,0.3972968,0.09741293,0.37213403,1.3357338,0.53624064,0.09755497,-0.11803438,0.5204697,0.13287257,0.42305613,-0.13203475,0.494857,0.2090274,-0.072890475,0.012536013,-0.21609093,0.9519263,0.122868486,-0.0032500355,-0.12247889,-0.24239941,-0.11881841,0.4081917,0.25667426,-0.026416024,0.03694633,-0.74485815,0.18372157,0.7870996,-0.10493856,0.35989228,0.025352273,0.24633504,0.6935863,0.18341419,0.11454129,0.024410661,0.03269504,-0.22276288,0.003714482,-0.056083776,0.4481207,0.32434046,0.2889603,-0.17910248,0.081318855,-0.13307205,-0.17856355,0.14058828,0.57864326,0.52597535,-0.086104564,0.1479162,0.18894038,-0.014047582,0.239642,0.4546521,-0.008370609,0.29399914,0.1027188,0.68618274,0.9488408,0.43386504,0.23320797,0.096153975,0.5397641,0.00025162398,0.0048480737,-0.14607604,-0.117316045,0.21524888,0.29309285,-0.08217644,-0.040039074,0.6984145,0.89807415,0.17495623,0.14388756,0.21461159,-0.1493871,0.43370658,-0.072914764,-0.23531672,0.41771626,0.4218551,-0.052283686,-0.28701657,0.028603772,0.16614744,0.42514792,-0.30420545,-0.038191840000000005
gex_possorted_bam_1WGCZ:TTGGGCGGTTCAAGATx-M2,0.28305164,-0.13917825,0.15450858,0.18390244,0.23733525,0.2787225,0.13616954,0.00092455966,-0.39243117,0.13712943,0.17509493,0.048790995,0.026884768,-0.124713324,-0.03695956,-0.076731525,-0.060199138,-0.2891612,0.20404872,0.071478784,0.06730401,0.2582008,-0.32883286,-0.1937916,0.115120165,0.014610428,-0.16335155,-0.059223164,-0.6892061,0.17238162,0.23529449,-0.021674493,0.052152168,-0.1456294,0.078665845,0.20222893,0.04791674,-0.05553541,0.11318416,-0.15921761,0.15251411,-0.020759365,-0.12604097,0.26084882,0.026424082,-0.16678,-0.25493813,-0.086587235,-0.21771234,0.11148967,-0.27466416,0.25176316,0.09173667,-0.15693265,-0.13171844,0.093732946,-0.14503126,-0.15224566,0.027993258,-0.067765884,0.22748469,-0.18696356,0.23959954,0.46174723,-0.3162556,0.07861714,-0.04255028,0.08639409,-0.18313976,-0.041637808,-0.13905087,-0.25790527,0.106872775,0.092384204,-0.060977776,-0.09146794,0.18592851,0.21545553,0.024546802,-0.08490758,0.24683079,-0.22183411,0.15310214,-0.112596504,-0.23238179,0.09315351,0.11201736,-0.16656321,-0.6051621,-0.016164977,-0.013240435,0.16402547,-0.41174942,-0.220950845
gex_possorted_bam_1WGCZ:TTGCTCTCAAACCCTAx-M2,-0.19079156,0.26503018,-0.052586414,-0.08755795,-0.13701427,-0.23382808,-0.22610173,-0.027366249,0.41519397,-0.1768836,0.07601377,0.08539132,-0.23209348,0.5975169,0.04041377,-0.07928518,0.12755804,0.5602407,-0.14779368,-0.05711759,-0.057881474,-0.15226783,0.04042116,0.2543272,-0.07041887,0.0664285,0.21617156,-0.07746097,0.2283859,-0.11463177,-0.17050546,0.0011490342,-0.026379274,0.22363026,-0.010384431,-0.13011025,-0.028594391,-0.07631215,0.021051897,0.44780573,-0.3581278,0.05071314,0.11153224,-0.15967816,-0.018790713,0.3320026,0.045435343,0.18242426,0.080706626,-0.2771424,0.45897156,-0.15640132,-0.04520502,0.33162054,0.2390904,-0.03972292,-0.0036140326,0.36769962,0.054694857,0.12044457,-0.13179673,0.370548,-0.19251186,-0.28056914,0.47027987,0.01642206,0.05265877,-0.02664839,0.42355925,0.29893538,0.0052870256,0.38145316,-0.13626784,-0.042978432,0.03401458,-0.025563255,-0.10417115,-0.08776694,0.04316333,0.17024733,-0.15467453,1.0552921,-0.07698377,0.17507231,0.07844809,-0.06761216,-0.06908743,0.2587317,0.91097134,0.07492249,0.030175159,-0.14319947,0.55212104,0.2079916715
gex_possorted_bam_1WGCZ:TTGGATTCAATATGGAx-M2,-0.19062313,0.07117608,-0.044416726,-0.13670674,-0.088725224,-0.19154753,-0.101125434,-0.019535005,0.3258644,-0.03844866,0.013220832,0.034700062,0.009615785,0.14168611,0.06392142,0.11046646,0.06400902,0.25750196,-0.13042499,-0.04632993,-0.016652085,-0.07368532,0.10935107,0.11283313,-0.02150784,0.022458205,0.138375,0.048770566,0.46966872,-0.07548079,-0.13309617,-0.03796307,-0.058436617,0.07592629,-0.053173847,-0.11457938,-0.0055284514,0.01851295,-0.04254639,0.115114145,-0.15222067,-0.017210964,0.16999745,-0.10538337,-0.07088242,0.15934695,0.2972426,0.106270604,0.15419888,-0.06829201,0.35535634,-0.13337599,-0.08515997,0.07762934,0.27084008,-0.07501947,0.12161036,0.23141263,0.04089376,0.044710923,-0.14121126,0.24997875,-0.106033616,-0.27726996,0.4598052,-0.056593522,0.028709624,-0.068759575,0.27403057,0.036576964,0.14672886,0.30706358,-0.08999744,-0.03725069,0.029471725,0.037211664,-0.12558989,-0.075793974,0.0265064,0.14318751,-0.18393056,0.026894227,-0.057621405,0.09768908,0.23158251,-0.07427417,-0.045607645,0.1216629,0.93676114,-0.07037239,0.06734179,0.05895821,0.3511665,0.273610675
gex_possorted_bam_1WGCZ:TTGGGCCAGTTGGGCCx-M2,-0.18353441,0.084378675,-0.050581284,-0.09531988,-0.101364166,-0.17742254,-0.12970324,-0.015281071,0.33827153,-0.062628835,0.02072126,0.039111793,-0.11115667,0.31829414,0.019006083,-0.017976247,0.08929161,0.36856613,-0.14039639,-0.05633808,-0.049736883,-0.14566988,0.054917865,0.1565541,-0.040658597,0.05106616,0.14907137,-0.030695016,0.28784093,-0.09779537,-0.12160255,-0.038401097,-0.056957144,0.11488339,-0.03831737,-0.13177563,-0.0351398,-0.02189317,-0.04583092,0.1622783,-0.29819542,0.02035589,0.119121194,-0.09622248,-0.056854967,0.20632946,0.13966197,0.11320432,0.17494301,-0.21908171,0.4349028,-0.121171504,-0.050578654,0.09275256,0.35951528,-0.039787695,0.037678525,0.29380935,0.03860373,0.0816498,-0.13158314,0.36090735,-0.10452975,-0.2822474,0.34812346,-0.014024029,0.03568661,-0.053450126,0.4326791,0.11950182,0.09108815,0.3395806,-0.12244116,-0.062159896,0.050579295,-0.020366134,-0.06802619,-0.1174409,0.048273154,0.17396623,-0.17331974,0.48985603,-0.10385052,0.17400518,0.08305182,-0.05173834,-0.05773655,0.18046144,1.0223875,-0.0512051,0.03545601,-0.00697548,0.5143963,0.25028466
gex_possorted_bam_1WGCZ:TTGGAGGCACCGGCTAx-M2,-0.21190934,0.12363013,-0.036445677,-0.09361993,-0.12377014,-0.20842706,-0.1399792,-0.011816159,0.42354038,-0.07303477,0.08456808,0.066838585,-0.19224662,0.40631455,0.0070223766,-0.057300605,0.13528566,0.45573074,-0.13520293,-0.03704723,-0.020255258,-0.18842913,0.081628904,0.19466512,-0.052964922,0.06744956,0.17209391,-0.05005384,0.3436305,-0.106472194,-0.14210482,-0.037945777,-0.043577753,0.16315737,0.005117793,-0.13165227,-0.031157104,-0.03645764,-0.0079177935,0.1918826,-0.3597165,0.020589715,0.13329224,-0.095911525,-0.062544174,0.3032414,0.0718965,0.1436413,0.15704273,-0.26057023,0.5190833,-0.141996,-0.05150868,0.1389105,0.3454004,-0.06754386,0.043207962,0.37776455,0.038193766,0.07218723,-0.13655965,0.40881246,-0.122585766,-0.29421428,0.4498748,0.00372381,0.029429317,-0.034118325,0.5027444,0.18986714,0.084627785,0.39697564,-0.12320808,-0.054183904,0.032173097,-0.037978552,-0.120058976,-0.12777725,0.053572126,0.20520057,-0.17143172,0.6508443,-0.13384752,0.17857285,0.04277229,-0.08122966,-0.0733164,0.22741146,1.197778,0.0051982175,0.03784359,-0.011407307,0.62166846,0.24035447999999998
gex_possorted_bam_1WGCZ:TTGCAGCCAGCAAGTGx-M2,-0.1999707,0.09483172,-0.06767053,-0.13721831,-0.08876653,-0.19880414,-0.11741933,-0.018055527,0.43948576,-0.033643115,0.03407221,0.07525897,0.05958731,0.2153173,0.055539858,0.15617566,0.08116413,0.37200516,-0.12178713,-0.04617158,0.008196015,-0.08383287,0.105815545,0.1628996,-0.03890251,0.07153546,0.19851977,0.09373906,0.6186384,-0.08152407,-0.15535906,-0.04096791,-0.051525187,0.13859428,-0.06826194,-0.10931911,-0.04735011,0.047266435,-0.012324322,0.13318533,-0.11514892,-0.016023636,0.17751506,-0.10652479,-0.058622375,0.24959,0.3516268,0.15027986,0.1937901,0.0046847616,0.4827119,-0.1449769,-0.06095445,0.12354797,0.29913697,-0.06528397,0.13925089,0.3165571,0.05134851,0.06407504,-0.19997966,0.33727822,-0.07552367,-0.2642596,0.67833126,-0.031167313,0.041903876,-0.057770394,0.38235044,0.043135446,0.17862934,0.4080592,-0.100868665,-0.008391946,0.06428923,0.052235223,-0.08954699,-0.05047095,0.021308461,0.17030737,-0.20495403,0.050583962,-0.03447411,0.14341292,0.38194358,-0.08336259,-0.044462886,0.15365563,1.1464953,-0.047798045,0.061599195,0.15010992,0.49060935,0.34445251
gex_possorted_bam_1WGCZ:TTGCAATCACTTCACTx-M2,0.36922935,0.018124983,0.4096123,0.10855008,0.7252084,1.0125011,0.44490728,0.079203784,-0.07421357,0.42362776,0.20327939,0.39997452,0.40661412,0.39173758,0.14270785,-0.00580838,0.044842485,-0.2281165,0.7603497,0.095609926,0.067217834,0.5260355,-0.41706675,-0.11279245,0.52394086,0.22244394,-0.047618993,0.0552704,-0.7320198,0.2686673,0.7716822,-0.10582833,0.40418258,-0.038684282,0.171876,0.5558889,0.07184525,0.12153748,0.2114972,-0.04208116,0.57702696,-0.06176384,-0.053448197,0.509478,0.16659272,0.30106083,-0.16950703,0.13429126,-0.1925124,0.43491274,0.099971764,0.5667426,0.4224594,-0.053742025,0.0074827974,0.100598626,-0.03641081,0.20215514,0.36984318,-0.061058402,0.2766233,0.059137907,0.69188607,1.0749822,0.4400242,0.17876829,0.12824132,0.3697563,0.026246376,-0.056165993,-0.122833334,-0.083440736,0.2363821,0.28912938,-0.08116795,-0.12198446,0.7807684,0.76230556,0.14801553,0.042390358,0.33334574,-0.18427674,0.3962938,-0.03137999,0.39433357,0.35665148,0.41872847,-0.039855845,-0.40930113,0.056167673,0.17763773,0.87259924,-0.33709046,-0.0551845615
gex_possorted_bam_1WGCZ:TTGTTCCCAGCAACCTx-M2,-0.10854084,0.14516693,0.023052365,-0.075719245,0.06671591,-0.06998377,-0.0077207126,-0.025420878,0.19979529,0.12628429,0.05920915,0.015924674,-0.047547568,0.11174231,0.05366425,0.05293871,-0.014261342,0.08655426,-0.1013287,-0.017070372,0.013165887,-0.09040404,0.032208618,0.07065978,0.019693673,0.07140652,0.09389892,0.11867125,0.13535297,-0.07607728,-0.08006179,0.011454103,-0.040959463,0.083619855,-0.07915496,-0.09047207,0.007697569,0.15557398,0.06203757,0.08612738,-0.25242555,0.030042391,0.0875638,-0.014688506,-0.02728851,0.19517744,0.28837353,0.009412048,0.08342302,-0.21389739,0.32370985,-0.101890914,-0.09668156,-0.06084747,0.32375824,-0.033263464,0.10626881,0.12684903,0.047346562,0.00636308,-0.12694354,0.26185438,0.23350513,-0.061009873,0.30409008,-0.026527528,0.08114232,-0.032874458,0.20428596,0.036860533,0.046153102,0.15275784,0.07332235,-0.027497014,-0.035903707,0.01516374,0.0011343436,0.026351947,0.039352104,0.1797168,-0.060259152,-0.0749204,-0.064734705,0.17120193,0.15489067,0.039068744,0.093980595,0.11763218,0.37753677,0.007793846,0.04938994,-0.011654505,0.16550928,0.275113955
gex_possorted_bam_1WGCZ:TTGTGCCTCCTAAATGx-M2,-0.1576116,0.025591534,-0.07876532,-0.08629347,-0.09933905,-0.19515203,-0.120687805,-0.029716209,0.17327914,-0.11198027,-0.024409493,-0.020604657,0.10116257,0.050239697,0.0065601203,0.10294588,0.03777666,0.2122623,-0.12547487,-0.04008049,-0.028212331,1.4219426e-05,0.057759337,0.09400314,-0.06520569,-0.00038735502,0.08113965,0.03034459,0.44808248,-0.072603606,-0.12769505,-0.005646245,-0.040322755,0.041531168,-0.056597173,-0.1231595,-0.028660731,0.0007305791,-0.04843595,0.05952466,-0.024101064,0.005534037,0.09779705,-0.121260114,-0.059368294,0.06794601,0.20635472,0.058709357,0.136255,0.06195958,0.22196425,-0.10807223,-0.06952513,0.07040958,0.11909334,-0.044044234,0.056759458,0.10969287,-0.022358684,0.02943276,-0.12499896,0.1554834,-0.124070756,-0.27105072,0.25939953,-0.059749708,-0.0046635964,-0.057442017,0.16946587,-0.020092258,0.09917477,0.15975395,-0.09794201,-0.03682633,0.057437416,0.036692977,-0.08970651,-0.1300562,-0.019004324,0.06447773,-0.16322999,-0.006048241,-0.060659427,0.05785756,0.2678239,-0.078875996,-0.036964927,0.07600581,0.63801724,-0.056628305,0.010215986,0.049507003,0.251729,0.18091906
gex_possorted_bam_1WGCZ:TTGCATTTCTGTGCCTx-M2,-0.18320313,0.10444896,-0.037499998,-0.10959597,-0.07423913,-0.20043504,-0.13914761,-0.009594463,0.27542704,-0.084563084,0.03443654,0.06663729,-0.107807375,0.27916208,0.033136345,0.009265834,0.116874136,0.33811808,-0.12737006,-0.058370076,-0.046578716,-0.1099984,0.089678794,0.1621228,-0.030776234,0.0007127534,0.15020905,-0.020608999,0.33655536,-0.10220641,-0.119326405,-0.014502581,-0.04436591,0.1362284,-0.04901728,-0.12536299,-0.0015714925,-0.068920486,-0.041745696,0.2045179,-0.26351684,0.0067084064,0.11779164,-0.145546,-0.04481275,0.16471429,0.14092518,0.10102426,0.11822283,-0.18516305,0.33802497,-0.11829214,-0.07913586,0.16452861,0.2213055,-0.03277517,3.1458523e-05,0.2655213,0.032373194,0.052060008,-0.12373223,0.26390082,-0.13710183,-0.2740482,0.30457717,-0.02574746,0.01810095,-0.02810436,0.3331281,0.11592636,0.06750636,0.21048912,-0.12762581,-0.044588294,0.023382971,0.005216671,-0.09022639,-0.0899041,0.035137292,0.11529185,-0.16218819,0.46506274,-0.08999543,0.122223996,0.09137781,-0.06405144,-0.028762482,0.17384101,0.825933,-0.016181981,0.023158941,-0.047857378,0.41429865,0.202413
gex_possorted_bam_1WGCZ:TTGTGTGCAGATTCATx-M2,0.36031783,0.09616582,0.4600903,0.1337782,0.50112087,1.3531446,0.49441934,0.09942542,-0.14733872,0.5001351,0.13043295,0.50135374,-0.13878255,0.5617818,0.14082286,-0.05532904,0.032915033,-0.22425921,0.9872006,0.13226518,-0.001376971,-0.055946756,-0.33278286,-0.14208798,0.45138922,0.28441003,-0.06419855,0.07520851,-0.8137958,0.20635402,0.8354069,-0.10045757,0.42208153,0.018289573,0.25006893,0.68778455,0.17779298,0.14803936,0.05915644,0.02694954,-0.21674803,-0.043874744,-0.060340177,0.5188219,0.3696759,0.3253015,-0.22264068,0.049092017,-0.15991683,-0.17620215,0.0535241,0.6221988,0.5364434,-0.057444386,0.16053598,0.16438466,-0.026693966,0.2251511,0.44852605,-0.023784973,0.3417771,0.16240235,0.85170275,1.0302438,0.47387344,0.27162817,0.09643016,0.5482387,-0.011052916,-0.009406958,-0.13195923,-0.14663279,0.22398497,0.37381175,-0.08761346,-0.027652519,0.7980739,0.9261347,0.20199957,0.10534068,0.2290895,-0.19008191,0.50913006,-0.06456374,-0.2789569,0.4076238,0.42264584,-0.053636678,-0.39069733,0.07659704,0.22254553,0.4534203,-0.36783525,-0.030119165000000003
gex_possorted_bam_1WGCZ:TTGGATTCAGCAACAGx-M2,-0.19071609,0.12977448,-0.048281185,-0.10029526,-0.06696348,-0.18208659,-0.11774089,-0.006705291,0.40958017,-0.030098194,0.03664498,0.06557552,0.09393582,0.23273282,0.053900186,0.16543876,0.06752022,0.35679716,-0.11910688,-0.045863956,-0.0021300553,-0.028122123,0.079889,0.14230873,-0.010831622,0.06508455,0.20636383,0.08155702,0.6053536,-0.09198671,-0.135447,-0.039548278,-0.031075556,0.11651654,-0.06446531,-0.112301074,-0.02679204,0.078971334,0.008771939,0.16302766,-0.07205402,-0.00090059236,0.18764767,-0.08146127,-0.043907084,0.2715291,0.3743045,0.14159703,0.19255652,0.04729081,0.47884887,-0.15047704,-0.055283915,0.121978216,0.25592282,-0.07806313,0.13504395,0.31795225,0.036160856,0.0811296,-0.16014397,0.3176642,-0.06595951,-0.25667614,0.6957109,-0.033943035,0.048019018,-0.05369456,0.3634863,0.049467206,0.16277769,0.3984812,-0.095625766,-0.020186111,0.056655947,0.07063871,-0.073950395,-0.0814447,0.023638768,0.2013342,-0.19471802,0.007936129,-0.06810682,0.12721884,0.41151375,-0.07219235,-0.022347828,0.17132796,1.0658712,-0.039413616,0.05814727,0.16482607,0.4675802,0.34598435
gex_possorted_bam_1WGCZ:TTGGCGGGTGTAACCAx-M2,0.35494676,-0.045429237,0.42106482,0.09139725,0.47197998,1.2614785,0.4896639,0.103240296,-0.13606551,0.4583034,0.20055768,0.36829087,0.102841966,0.41738757,0.24612582,-0.082271785,0.014690138,-0.24970381,0.9248022,0.10128436,0.024433022,0.08860087,-0.32910246,-0.13068643,0.42225632,0.25894868,-0.056690868,0.028677087,-0.7575215,0.2602214,0.79171544,-0.10996958,0.39780512,-0.010682457,0.21666138,0.69654244,0.1349093,0.11204348,0.08344831,-0.011553241,0.112867504,-0.04642492,-0.09561761,0.46145773,0.25979802,0.2346401,-0.20788862,0.114049986,-0.1819831,0.11177826,0.098472014,0.6017862,0.56982535,-0.07114089,0.05200129,0.14112028,-0.027592588,0.20673989,0.4138198,-0.049455583,0.2900482,0.025610363,0.675477,1.0456389,0.40253004,0.23496562,0.11933206,0.53010094,-0.045753967,-0.03830238,-0.12507214,-0.14017056,0.20542893,0.3306358,-0.06175302,-0.07260305,0.73034877,0.85226315,0.13174139,0.06362643,0.2887588,-0.18672307,0.41955146,-0.08497608,0.015485934,0.38155836,0.41867605,-0.075769074,-0.38447505,-0.0002865893,0.17487824,0.62279516,-0.353204,-0.0911391285
gex_possorted_bam_1WGCZ:TTGCCCGTCATTAGCAx-M2,0.37488058,0.05633931,0.4788876,0.18187705,0.5418445,1.3021748,0.4793301,0.08347627,-0.09038738,0.46789208,0.20155662,0.48963574,-0.1982036,0.5301175,0.12392478,-0.007519997,0.026301453,-0.24398918,0.96990687,0.13731349,0.004676241,-0.119081706,-0.3081854,-0.13654675,0.42844173,0.26754948,-0.09471828,0.10453535,-0.80011076,0.20790252,0.6738163,-0.06813262,0.4617439,0.03225275,0.2426905,0.6929498,0.16745506,0.21088818,0.20827864,-0.023237323,-0.33087698,-0.012475678,-0.09105602,0.6384061,0.3026778,0.32554337,-0.24737333,0.059077263,-0.15964185,-0.23755991,0.09670761,0.5284254,0.55161875,-0.07596482,0.093352355,0.18067464,0.0055786637,0.22702037,0.46054912,-0.0617892,0.37313303,0.10844369,0.879687,1.0088838,0.4953644,0.28985643,0.080326915,0.562719,-0.097242035,-0.043974213,-0.10809985,-0.1395602,0.20525251,0.32731527,-0.10268244,-0.0136291385,0.7064312,0.8941741,0.22592533,0.08760944,0.21638013,-0.21299933,0.4340688,-0.07912369,-0.3514752,0.38375348,0.3851035,-0.034189146,-0.4139238,0.10881661,0.22669478,0.37654194,-0.35766035,-0.06946482000000001
gex_possorted_bam_1WGCZ:TTGCTCTCATAGCGGAx-M2,0.36068973,0.050694395,0.45904803,0.12976396,0.40534094,1.5169747,0.59101486,0.106436096,-0.22914195,0.51717716,0.09488017,0.45156893,-0.17766134,0.47990766,0.18322131,-0.10507983,0.018194042,-0.25584456,1.0981191,0.1497477,0.013222999,-0.15534881,-0.2959728,-0.13144793,0.42138353,0.3052461,-0.12929282,0.08546237,-0.78661686,0.19585006,0.8625049,-0.105698615,0.39950886,0.017301822,0.19651534,0.73909575,0.20759523,0.12943894,0.038689505,0.013844566,-0.3101874,-0.028723978,-0.07727811,0.51463246,0.35928187,0.30219004,-0.25562367,0.06458842,-0.1597793,-0.23672695,0.033853598,0.648008,0.61733466,-0.03290183,0.10283091,0.19367717,-0.00736865,0.27635157,0.4353332,-0.031139018,0.41973266,0.14817305,0.8201394,1.0419943,0.42832953,0.28353965,0.066470735,0.60004807,-0.04617274,0.050267916,-0.17901292,-0.14430466,0.22159232,0.33133167,-0.075648114,0.00017075504,0.8069127,0.9223498,0.18718293,0.079235345,0.21583898,-0.2496351,0.5127554,-0.021711964,-0.36350694,0.45857838,0.42234886,-0.055711392,-0.42913064,0.05786961,0.21663254,0.43877798,-0.41632622,-0.05372531000000001
gex_possorted_bam_1WGCZ:TTGCCCGTCTGCAAGTx-M2,-0.13046452,0.12515043,-0.09437129,-0.11784901,-0.10433147,-0.21955074,-0.18149766,-0.015594027,0.35274705,-0.05377675,-0.026768768,0.0040229945,0.124905534,0.14896461,0.022270074,0.17246258,0.087984726,0.38550332,-0.14550082,-0.034740087,-0.017090993,0.05855357,0.057808097,0.14742336,-0.056198042,0.05959773,0.1519694,0.14580402,0.6029392,-0.1054859,-0.06831139,0.008802886,-0.018453222,0.071871035,-0.057761997,-0.16107899,0.010068658,0.060533285,-0.018197395,0.15041918,0.026687006,-0.014769849,0.19890156,-0.11222017,-0.033705104,0.1998565,0.363852,0.13599953,0.17223598,0.090252385,0.3474356,-0.087454334,-0.06907509,0.108286895,0.20605664,-0.070812024,0.123060375,0.22585514,0.034412824,0.05776266,-0.1274064,0.25946122,-0.14328103,-0.2268754,0.59789574,-0.04816634,0.04594021,-0.09952433,0.27122375,0.021261968,0.1655589,0.31306636,-0.102681436,-0.046093225,0.051830884,0.06734879,-0.114513665,-0.056309797,0.031767927,0.10885132,-0.1718645,-0.031561047,-0.002884918,0.07737557,0.429822,-0.1296669,-0.10316181,0.13328673,1.0331452,-0.080705725,0.03168104,0.19655459,0.38810244,0.31165661
gex_possorted_bam_1WGCZ:TTGGCTACAACCGCCAx-M2,0.39333573,0.03627618,0.45087075,0.120171025,0.7887618,1.1061813,0.49616265,0.09850589,-0.16494495,0.5016779,0.26091066,0.4431928,0.45031753,0.47526455,0.10877158,-0.04149946,0.028112877,-0.26453653,0.8570095,0.16083914,0.056588434,0.61408246,-0.47541136,-0.14560394,0.5318749,0.24563569,-0.061856914,0.045758016,-0.86523515,0.2898286,0.85109735,-0.10720561,0.38754937,-0.033009224,0.17251825,0.62842095,0.0835924,0.09947268,0.1836738,-0.040135514,0.6475891,-0.083328605,-0.043393027,0.53102744,0.22147869,0.2987975,-0.19300467,0.098689504,-0.24346639,0.44960397,0.058713987,0.6678538,0.4554258,-0.09923779,0.094873704,0.14547752,-0.06345904,0.2330909,0.37599295,-0.0459457,0.308622,0.10093278,0.8308982,1.1645414,0.3995695,0.2225511,0.111758195,0.40603217,0.074051894,-0.029122677,-0.1514024,-0.12462295,0.24942732,0.31841454,-0.08452391,-0.12718856,0.90715957,0.8365804,0.16284746,0.063516505,0.37087154,-0.1780545,0.4517624,-0.021426236,0.44334158,0.41369316,0.44852218,-0.053313546,-0.42100528,0.071549416,0.20644628,0.9979759,-0.370414,-0.046035944999999995
gex_possorted_bam_1WGCZ:TTGGCTTGTTGAAGCCx-M2,-0.1535332,0.08885383,-0.024703572,-0.104154125,-0.060656346,-0.12980044,-0.084945135,-0.0121736685,0.30946788,-0.009649375,0.036650013,0.04843998,0.032006018,0.18981096,0.04569527,0.1081224,0.065856375,0.2724243,-0.08290401,-0.0346666,-0.009196243,-0.06675422,0.06817368,0.122893795,-0.011088865,0.04368258,0.15123191,0.054034367,0.43734783,-0.073342055,-0.093472734,-0.029232778,-0.031080501,0.09524563,-0.0502863,-0.08936138,-0.013356462,0.029489275,-0.017488748,0.117224075,-0.13473205,0.006747785,0.15373947,-0.0785393,-0.046585433,0.18638286,0.2789056,0.094862565,0.13933982,-0.04260691,0.37881783,-0.09619875,-0.0491739,0.08851342,0.25493565,-0.047050882,0.090508975,0.24393144,0.053134587,0.046178628,-0.12600297,0.25717416,-0.054736085,-0.20809382,0.4801243,-0.023820702,0.034787156,-0.024499567,0.30424857,0.03905692,0.11775961,0.27308282,-0.07769568,-0.0070827957,0.02385604,0.03839668,-0.062508866,-0.024987362,0.028411344,0.15803063,-0.15312023,0.05507225,-0.040908273,0.11439967,0.26373053,-0.05124866,-0.013968283,0.14477186,0.8918151,-0.046282854,0.04734728,0.09919755,0.36308873,0.26803988
gex_possorted_bam_1WGCZ:TTGGGCGGTTGGTTGAx-M2,0.26235002,0.07557081,0.34814835,0.06745188,0.44328907,0.9017777,0.3499531,0.07204076,0.028225033,0.41252503,0.21533443,0.34860158,0.04902173,0.4268661,0.14881334,-0.008561034,0.046779774,-0.12445071,0.654752,0.080192596,0.038514774,0.08035177,-0.23624119,-0.05970595,0.3466702,0.1993851,-0.0022379635,0.07483969,-0.50809884,0.18194552,0.58775294,-0.071147926,0.2760183,0.035135005,0.16143389,0.4861837,0.112554826,0.13834053,0.15779345,0.036836114,0.039266918,-0.01106158,-0.0068734437,0.43230993,0.19146536,0.31533048,-0.070262924,0.11502913,-0.108892344,0.0049761217,0.17142421,0.4343579,0.34647918,-0.019675028,0.138609,0.10231645,0.019303601,0.25792333,0.33795354,-0.028896505,0.21459976,0.14103274,0.6335894,0.8114293,0.47900608,0.17780674,0.09562806,0.37420565,0.08825943,0.019081652,-0.07248571,-0.0013861369,0.18458194,0.23406385,-0.06247885,-0.027808772,0.5576472,0.6579463,0.1417502,0.11016297,0.18963957,-0.087023966,0.33894587,-0.004466478,0.059800338,0.27947858,0.31495562,0.014586255,-0.06871762,0.06531607,0.19068567,0.48520803,-0.14936249,0.03538490799999999
gex_possorted_bam_1WGCZ:TTGCACACAATCCTGAx-M2,0.41839188,0.005847915,0.45952937,0.20365779,0.6303311,0.97547656,0.37397984,0.071314245,-0.10192929,0.40045366,0.28818652,0.35224834,0.0040000053,0.31197706,0.15346263,-0.022629436,0.04118417,-0.2948914,0.72233796,0.09270923,0.060200155,0.060232483,-0.33120176,-0.14609605,0.41842663,0.27862617,-0.115380466,0.048495557,-0.81529784,0.24661435,0.49662387,-0.07241662,0.3844812,-0.032078724,0.16653305,0.5359892,0.07997203,0.18481362,0.33295745,-0.042904742,-0.024288995,-0.015136666,-0.061501004,0.58638555,0.13896441,0.28756356,-0.18200436,0.108933695,-0.17563656,-0.023556037,0.037991703,0.41226754,0.53325796,-0.06968867,0.04468246,0.14690875,-0.03165147,0.15605778,0.3962015,-0.04224099,0.35702667,0.05641953,0.7649423,0.9599506,0.33391663,0.20977435,0.07759598,0.39328685,-0.11972029,-0.029651055,-0.13072337,-0.11843853,0.26339173,0.28219068,-0.10614213,-0.05264954,0.608415,0.732598,0.12504236,0.04886638,0.2867955,-0.18109594,0.3057344,-0.031337917,-0.18207541,0.34537068,0.35418057,-0.078795515,-0.4373749,0.07974314,0.17986359,0.48734525,-0.3521657,-0.062792415
gex_possorted_bam_1WGCZ:TTGGTGAGTTGTTCACx-M2,-0.1900696,0.09970844,-0.05901605,-0.12102382,-0.12595059,-0.21809988,-0.12726808,-0.0072521134,0.33445492,-0.035800885,0.015432487,0.013251966,0.02819697,0.20494813,0.030498203,0.12976499,0.07123233,0.31055394,-0.14345431,-0.02837284,-0.021249752,-0.10800978,0.07729028,0.15751742,-0.043733053,0.030263664,0.15754108,0.07826158,0.55116415,-0.09622131,-0.1311452,-0.031240027,-0.06677984,0.10130807,-0.08378178,-0.13027515,-0.043348394,0.026886497,-0.045834478,0.14312254,-0.15950653,-0.01482062,0.18341374,-0.106144585,-0.064982064,0.17723264,0.32852474,0.096536785,0.17822012,-0.037670337,0.40506065,-0.13253616,-0.09438779,0.086367555,0.27651826,-0.052393317,0.10274736,0.24190623,0.053824574,0.06278224,-0.15247323,0.26874128,-0.08433566,-0.29148838,0.5258375,-0.054111987,0.02993159,-0.049545906,0.3427479,0.052377544,0.16296491,0.32693237,-0.12766981,-0.033068795,0.033711318,0.058758367,-0.10386032,-0.057045717,0.010207877,0.16325001,-0.19037694,0.068785064,-0.043967124,0.12670445,0.292127,-0.095037505,-0.055221826,0.1347619,1.0587629,-0.04912691,0.040523607,0.088256374,0.44357014,0.29863301
gex_possorted_bam_1WGCZ:TTGCAACAGGTCCTGAx-M2,-0.13886826,0.14111488,0.0020574494,-0.0805303,-0.047968414,-0.1261495,-0.12870282,-0.020650888,0.35101643,-0.014071564,0.05904182,0.06749963,-0.12201224,0.45943433,0.027789202,-0.015213786,0.09958829,0.42785582,-0.102221444,-0.017840546,-0.05975665,-0.14581692,0.039426293,0.17783424,-0.030534023,0.018327396,0.16443871,-0.08684234,0.23313604,-0.0848402,-0.10901537,-0.011122309,-0.009506872,0.095155306,0.024493447,-0.081227474,-0.013945073,0.029195324,-0.0033216735,0.196263,-0.3085185,0.017054703,0.12587008,-0.08978946,-0.029901017,0.30359223,0.082469575,0.10874791,0.10667312,-0.24029517,0.4981365,-0.13388544,-0.06968671,0.15273587,0.3783899,-0.05917168,0.03090609,0.32002202,0.05762619,0.08375275,-0.09637153,0.33104563,-0.091809146,-0.27900338,0.39226118,0.008866783,0.065573856,0.04575569,0.44896013,0.18977435,0.06195483,0.29758707,-0.11550208,-0.0593969,0.008914113,-0.03163931,-0.070474334,-0.068886824,0.014355227,0.21227793,-0.1626048,0.6360899,-0.051444285,0.17756152,0.0595589,-0.087365605,-0.047952432,0.22072063,1.0182191,-0.024129333,0.049827088,-0.009476047,0.5349215,0.2067576025
gex_possorted_bam_1WGCZ:TTGTTCCCAAAGCTCCx-M2,0.39016157,0.0071264333,0.42281392,0.12675633,0.5547991,1.0545276,0.39599392,0.07710654,-0.14175802,0.46369305,0.31095538,0.34006286,0.06892651,0.3489547,0.17454222,-0.05940725,0.02805052,-0.29207578,0.749638,0.10580402,0.085960954,0.1499353,-0.3668381,-0.13397463,0.40127745,0.22536445,-0.0755975,0.05721719,-0.8071548,0.28259686,0.68379635,-0.07335999,0.32193825,-0.033367045,0.18113154,0.58241075,0.10826953,0.14718193,0.2671803,-0.04260471,0.12765998,-0.013790135,-0.06985221,0.5608812,0.19296445,0.24379443,-0.18465005,0.08047244,-0.20377982,0.07717778,0.046618845,0.5415642,0.45465997,-0.08549556,0.05183256,0.122105576,-0.035170227,0.17902537,0.35277387,-0.05453784,0.3190955,0.033831473,0.73973966,1.0610615,0.30913067,0.2265986,0.08019441,0.4118446,-0.04271933,-0.018729066,-0.13913354,-0.14611244,0.2586208,0.30407083,-0.0915329,-0.04763934,0.661118,0.7434846,0.13048537,0.060954068,0.31172678,-0.18299882,0.40266484,-0.05920671,-0.0416104,0.33106673,0.3659915,-0.060046602,-0.41578978,0.049860388,0.20777993,0.56567687,-0.35267422,-0.0754092885
gex_possorted_bam_1WGCZ:TTGTCCCAGCTACTGGx-M2,-0.09457135,-0.022051584,-0.078624375,-0.0558079,-0.11729672,-0.19661106,-0.071514115,-0.018743677,-0.03175596,-0.100334704,-0.06960788,-0.119778685,-0.017754657,-0.13164791,-0.05489155,-0.00054732146,0.036643475,0.044521466,-0.14906506,-0.024338396,-0.019234791,-0.06813462,0.22537667,0.0761403,-0.10570578,-0.07060596,0.034266192,-0.04858991,0.27673274,-0.05606157,-0.13476202,0.060093664,-0.07644127,0.05150945,0.021316605,-0.1186904,-0.015915764,0.0062248283,-0.0028748075,0.022775788,0.036522593,0.01187727,-0.0018757487,-0.079594664,-0.047731444,-0.09088315,0.0076237903,-0.025575344,0.06070401,0.027465004,-0.062492497,-0.08662739,-0.07443544,0.067595385,-0.12152082,-0.030674594,0.008149848,-0.1122015,-0.04919047,-0.009030802,-0.054301873,-0.08374403,-0.16535398,-0.19344941,-0.20781432,-0.03040335,-0.05748414,-0.08555405,-0.077555716,-0.0037838677,0.07215256,-0.11529794,-0.04811985,-0.071207725,0.04867798,0.07290044,-0.20566307,-0.20184912,-0.1110072,-0.038262393,-0.07317702,-0.05466301,-0.070406996,0.008842538,0.082721405,-0.055054184,-0.039225552,0.021432104,-0.06000592,-0.0062736385,-0.034325834,-0.18522891,0.073950365,-0.03806011985
gex_possorted_bam_1WGCZ:TTGGATCAGTCATTTCx-M2,0.33773333,0.06930209,0.4437699,0.11400433,0.36184338,1.4857131,0.5239958,0.12382663,-0.16802928,0.5089296,0.087231465,0.5346791,-0.22071844,0.57069963,0.16711031,-0.062063217,0.022047289,-0.20582484,1.0585425,0.15891849,-0.028386563,-0.14086944,-0.28601614,-0.13749386,0.4414549,0.27748853,-0.047256455,0.062402565,-0.8078237,0.18299794,0.8874554,-0.09534338,0.36950365,0.016305262,0.2547134,0.7285183,0.23715982,0.10891787,-0.03437803,0.058502346,-0.29209608,-0.05135842,-0.06525048,0.49967358,0.40879557,0.26764184,-0.21869361,0.043546095,-0.16672833,-0.24591258,0.07512838,0.6604491,0.562798,-0.016003363,0.1400233,0.21510036,-0.018385923,0.2583681,0.4678059,-0.024639351,0.37079373,0.1449118,0.7533058,1.0172769,0.5029833,0.28089207,0.10093701,0.5519159,-0.008068513,0.026978634,-0.15508398,-0.1929958,0.21769606,0.33810666,-0.08894038,-0.000576252,0.84083414,0.991693,0.19751371,0.16533525,0.21908708,-0.17698555,0.5111228,-0.08689023,-0.33715272,0.4199543,0.4317142,-0.055249695,-0.40245527,0.027441964,0.20060076,0.39598948,-0.38042647,-0.036890905
gex_possorted_bam_1WGCZ:TTGCTTAGTTGGTTAGx-M2,-0.20106778,0.05496734,-0.0594483,-0.086709015,-0.12719132,-0.18329586,-0.08652742,-0.01820107,0.27767754,-0.054266967,0.04020483,0.037174936,-0.078400455,0.18219727,0.0017682055,0.06093555,0.0751845,0.2933496,-0.13394229,-0.022819404,-0.032266155,-0.11636173,0.0791768,0.1166269,-0.023437887,0.029370895,0.14795677,0.028421495,0.34220332,-0.08683416,-0.10541437,-0.0108528035,-0.061737638,0.07024854,-0.0443792,-0.12804864,-0.0333046,-0.01870324,-0.03525257,0.12978072,-0.24495566,-0.0037746127,0.1147394,-0.0984985,-0.045493565,0.17656285,0.16546321,0.046291187,0.14413135,-0.15540005,0.3772904,-0.11811986,-0.08798658,0.05846268,0.33652592,-0.025623994,0.04965077,0.20850621,0.034544226,0.08165303,-0.13238841,0.29724547,-0.107082196,-0.28035787,0.33528084,0.0040848744,0.02362702,-0.019902568,0.3581654,0.083673686,0.12268896,0.25619575,-0.0909689,-0.051037364,0.04701645,0.007954084,-0.10170286,-0.05712017,0.03263959,0.19539438,-0.17430715,0.18665257,-0.039943147,0.13310689,0.14641888,-0.05163881,-0.036380723,0.10322795,0.90740424,-0.057093274,0.0284575,0.001390382,0.4002492,0.23135434
gex_possorted_bam_1WGCZ:TTGCATTTCCTGGTCTx-M2,0.36172393,-0.084477745,0.27483714,0.14849071,0.31947243,0.6802941,0.28428897,0.038060002,-0.25673983,0.24921563,0.21795523,0.16293322,0.032086045,0.061906382,0.100688405,-0.0457312,0.0025355797,-0.29004195,0.48578352,0.08643671,0.09819558,0.17535606,-0.31410074,-0.15274236,0.20192774,0.10213916,-0.11087099,-0.027095972,-0.6886069,0.24634744,0.4353166,-0.03860062,0.21726568,-0.082071796,0.15841816,0.44119045,0.072672576,0.07930167,0.15937911,-0.105077356,0.16251285,-0.010181158,-0.12456365,0.37219083,0.12831551,0.044099875,-0.24041158,0.02376591,-0.1928277,0.16792667,-0.1184591,0.37012544,0.32320002,-0.13133763,-0.12267154,0.11464905,-0.06825805,-0.011095587,0.17002375,-0.06270646,0.24768382,-0.11454349,0.39188457,0.79323894,0.02850937,0.14870998,0.033649825,0.27386716,-0.1751891,-0.05718959,-0.12014869,-0.22245137,0.177719,0.18801308,-0.039754305,-0.065265484,0.35482547,0.4449177,0.061744228,-0.024776218,0.29298812,-0.21678033,0.2755366,-0.1261721,-0.114178106,0.18664505,0.22184984,-0.11630276,-0.554358,-0.0049167783,0.068654366,0.3413461,-0.3878479,-0.17747753500000002
gex_possorted_bam_1WGCZ:TTGGCTTGTTAACGATx-M2,-0.16151899,0.065933675,-0.06152155,-0.10627608,-0.10574087,-0.1882196,-0.11081756,-0.03006101,0.26854038,-0.01760267,-0.014025932,-0.020657102,0.0072784787,0.0960336,0.036078986,0.123250455,0.035529315,0.24042659,-0.13296933,-0.052236155,-0.022364803,-0.10856108,0.029933996,0.092516065,-0.049782705,0.03248393,0.13716263,0.06944844,0.47252136,-0.08681943,-0.12491709,-0.03308942,-0.044824902,0.06924103,-0.078733355,-0.14098622,-0.02715501,0.02062362,-0.057257,0.07947436,-0.19819027,0.06285289,0.15215169,-0.10920227,-0.049591742,0.13825153,0.3098163,0.05602102,0.16121984,-0.06940053,0.33398303,-0.121788524,-0.07874981,0.06610379,0.23398173,-0.061302837,0.080355585,0.19995557,0.032087523,0.039906997,-0.14338568,0.21694541,-0.09171571,-0.27411288,0.41904488,-0.054817148,0.031837314,-0.061545964,0.26868555,0.004756727,0.10915589,0.23623899,-0.077117845,-0.008476677,0.026689358,0.047137965,-0.10024536,-0.077517815,0.017463319,0.13836406,-0.16140568,-0.029335584,-0.045517527,0.07564153,0.16951859,-0.0713424,-0.038372718,0.12448692,0.87794095,-0.062796496,0.025422186,0.039118122,0.33417976,0.26338085499999997
gex_possorted_bam_1WGCZ:TTGGGTTAGGCGCACTx-M2,-0.08442237,0.042065866,0.006066981,-0.13706085,-0.027567048,-0.048969295,-0.19137122,-0.002467991,0.27430424,-0.0495818,0.036557592,0.099253535,0.037622336,0.16282868,0.12921071,0.15196887,0.005718965,0.25790212,-0.08288088,-0.01415359,0.0024448815,-0.026140703,0.07746471,0.10067142,-0.04810591,0.010953782,0.12994507,0.043198973,0.42790306,-0.059317578,-0.14894031,0.0017082719,-0.021777775,0.121216774,0.047255713,-0.08545087,-0.09486891,0.06322268,0.071858786,0.21007606,-0.07476217,-0.0012111136,0.14229985,0.06800645,-0.051525626,0.06827702,0.3566411,0.05333924,0.123506695,-0.029033713,0.37882844,-0.08852945,-0.05378044,0.08635683,0.2689275,0.021316385,0.13466261,0.23389885,0.086685956,0.0027591123,-0.04705851,0.23995356,-0.066715464,-0.12657236,0.41004685,0.012532857,0.05065752,-0.021787114,0.265398,-0.059904013,0.13471633,0.31516826,-0.09486647,0.014417522,0.012472513,0.096333474,-0.11817976,-0.02288116,0.06201279,0.07747436,-0.18414745,0.008025904,-0.15501218,0.2330061,0.31078732,-0.124559164,0.009861344,0.07969566,0.7988841,-0.08457352,0.01679607,0.02363467,0.35053822,0.29829733
gex_possorted_bam_1WGCZ:TTGTCAAAGCGGATTTx-M2,-0.19764125,0.11456479,-0.056237068,-0.12250874,-0.10799381,-0.19030862,-0.12067715,-0.015424533,0.3692699,-0.031033963,0.039700776,0.06242869,-0.029518265,0.25876382,0.023982527,0.082769334,0.10486305,0.37971282,-0.11833354,-0.02614377,-0.0109262625,-0.1126977,0.08256267,0.18418404,-0.03445905,0.0684613,0.17530735,0.03557937,0.49540567,-0.101156116,-0.12438487,-0.024237026,-0.04207991,0.13979617,-0.043676216,-0.121008135,-0.026331048,0.032818537,-0.028423015,0.14789745,-0.21343894,0.014580334,0.17837726,-0.105677664,-0.045302883,0.23104857,0.2708023,0.12705246,0.15531585,-0.096110955,0.4499922,-0.13176122,-0.06088957,0.12822685,0.2988003,-0.060795996,0.08511414,0.30932933,0.054628547,0.09509497,-0.1454855,0.32597998,-0.09037939,-0.28934002,0.54893535,-0.018534878,0.021475349,-0.043978628,0.39631677,0.08030866,0.112044625,0.37255302,-0.100170985,-0.022181163,0.039158516,0.03452934,-0.082353726,-0.07156329,0.040774386,0.21057762,-0.18733831,0.20128742,-0.07545281,0.14591387,0.2346817,-0.08719322,-0.044020418,0.18455555,1.0692984,-0.03932126,0.027915062,0.06459453,0.46267876,0.29839114
gex_possorted_bam_1WGCZ:TTGGATTCATAGCTGCx-M2,-0.1989671,0.11420147,-0.057471737,-0.09989368,-0.12339657,-0.21300747,-0.15530373,-0.010908074,0.45958227,-0.04455995,0.039904937,0.08067443,0.0047193794,0.28942463,0.049220778,0.102298334,0.081686266,0.3850206,-0.1313047,-0.036510453,-0.015375847,-0.10432971,0.08738906,0.15260136,-0.040206823,0.05541711,0.21129231,0.04969738,0.54645723,-0.109625146,-0.14974429,-0.035544414,-0.04700466,0.14541402,-0.046272557,-0.1386823,-0.037291594,0.01647611,0.022728177,0.2401587,-0.1535308,0.0022366755,0.20962569,-0.09870662,-0.05244586,0.26259503,0.29580778,0.13115431,0.17303526,-0.07481038,0.46601024,-0.16687562,-0.061913595,0.2062362,0.2723567,-0.058012526,0.10738719,0.30766666,0.07803101,0.051865283,-0.101930454,0.3165429,-0.119994104,-0.28374764,0.64984804,-0.021826364,0.04203741,-0.034461215,0.3738408,0.13126883,0.14386909,0.34990415,-0.109266885,-0.041662004,0.029137563,0.0439041,-0.11457169,-0.049831007,0.0050987285,0.20812686,-0.1859632,0.21085773,-0.07281281,0.15312949,0.33197325,-0.10251256,-0.066545665,0.18173741,1.1089075,-0.018169805,0.05215911,0.048830535,0.5413027,0.30617534
gex_possorted_bam_1WGCZ:TTGGCTACATCAGTATx-M2,-0.11419477,0.35122186,-0.043221027,-0.09784433,-0.13947147,-0.2718167,-0.13089634,-0.035351798,0.5739535,0.27080172,0.12848683,0.16887505,-0.20337741,0.6429737,0.17147544,-0.03193674,0.041149914,0.43449304,-0.14768592,-0.005557183,-0.07949315,-0.13319018,0.07677139,0.25289744,0.031676106,0.0012061107,0.18668625,-0.0037902563,0.12685454,-0.12145566,-0.14677484,0.019945072,-0.020552933,0.20304449,0.0034514768,-0.16302134,-0.039458495,-0.09063096,0.19318846,0.46107557,-0.22352795,-0.035844095,0.07591905,-0.19182852,0.062196083,0.44846886,0.24063173,0.052362446,-0.051479436,-0.3475178,0.5777654,-0.1928499,-0.088499755,0.38210636,0.590532,-0.002839153,0.019485835,0.41371617,0.12031631,0.14311203,-0.063568,0.264733,-0.13548404,-0.2824452,0.5548498,0.062161174,0.06846471,0.09909665,0.36472806,0.41703373,-0.018378945,0.3338918,-0.064121,0.009502097,-0.053684473,0.05596202,-0.04683905,0.057823002,0.01337724,0.31797653,-0.22548628,1.1611147,-0.08041771,0.15111093,0.09544835,0.0028268262,-0.06348232,0.16705184,0.5374349,0.07305553,0.044377,-0.092560925,0.39048892,0.25268236499999996
gex_possorted_bam_1WGCZ:TTGGCTTGTTACAAACx-M2,-0.16438217,0.07455507,-0.07991182,-0.052622553,-0.117594704,-0.1921225,-0.08436995,0.011536955,0.2258639,-0.083574,0.008845102,-0.031811405,0.025632953,0.16703159,-0.014905614,0.12707189,0.06434091,0.24244004,-0.10547851,-0.07751403,-0.08202976,-0.092034005,0.017892355,0.13288133,-0.049673073,0.027853312,0.10365446,0.32056075,0.3678513,-0.079739414,-0.11323158,-0.033451464,-0.043027792,0.015740108,-0.015970942,-0.08097774,-0.0024372477,0.0063219573,-0.044968814,0.06335601,-0.10995895,0.037962846,0.10824969,-0.07162319,-0.058044564,0.10176003,0.16305515,0.059858814,0.14316972,-0.044941623,0.25253963,-0.16048056,-0.06704712,0.12972294,0.14928296,-0.053259224,0.032508023,0.11783498,0.005523521,0.01293572,-0.12571947,0.20243995,-0.1723338,-0.28686023,0.32207823,-0.05756114,-0.002688093,-0.030854385,0.22938862,0.055570602,0.11690497,0.2686936,-0.07350564,-0.051546622,0.0002547897,0.04186182,-0.11962658,-0.055770013,0.011681908,0.098279655,-0.14807294,0.05351986,-0.07075409,0.063467585,0.14320338,-0.07648517,-0.07633116,0.094829,0.7881985,-0.08749421,-0.02590881,0.06926507,0.30837318,0.18274755
gex_possorted_bam_1WGCZ:TTGCAAGGTGTGAGGAx-M2,-0.18537863,0.09356443,-0.057949867,-0.13321838,-0.09838255,-0.1943372,-0.14382626,-0.008073163,0.3877485,-0.048118576,0.032614283,0.06721829,0.08292786,0.2310923,0.054115366,0.1800053,0.071325265,0.37709075,-0.12561457,-0.069997214,-0.019411944,-0.057126008,0.07123713,0.16432472,-0.011900566,0.040617183,0.17827657,0.09484499,0.5666383,-0.089042984,-0.1656428,-0.03597608,-0.01256529,0.10576485,-0.034632724,-0.115226254,-0.018838579,0.049321488,-0.026545996,0.16634122,-0.098626286,-0.008406954,0.19249883,-0.10595825,-0.049664244,0.20099835,0.32839185,0.13504322,0.1346569,0.017375976,0.48253405,-0.14544024,-0.06327058,0.14827123,0.28389296,-0.079727784,0.12624024,0.25330824,0.03048174,0.0564634,-0.18257329,0.30621868,-0.061963387,-0.28378513,0.62550837,-0.039397847,0.031515043,-0.038998265,0.3745616,0.029686423,0.15812214,0.36621138,-0.095284656,0.017393945,0.03539994,0.04436616,-0.1175777,-0.05028735,0.03307271,0.18295424,-0.21360575,0.059446514,-0.044216633,0.094398215,0.3703961,-0.10552845,-0.03623501,0.16509508,1.058179,-0.038452152,0.036770675,0.16405927,0.42689463,0.317305265
gex_possorted_bam_1WGCZ:TTGGAGGCATCCTGAAx-M2,-0.19292715,0.14590684,-0.035777528,-0.11555872,-0.04717767,-0.15048683,-0.07163371,-0.015085016,0.36891794,0.06572927,0.037768543,0.03466722,-0.044343386,0.19078153,0.077068575,0.097012825,0.037756115,0.24339853,-0.1377384,-0.054261845,0.0032486585,-0.15155022,0.08794084,0.12052246,-0.015474266,0.08451404,0.16234942,0.12619925,0.4067061,-0.10434374,-0.107622854,-0.03298083,-0.04718907,0.10967149,-0.08989823,-0.12879811,-0.025377695,0.083444476,0.011963735,0.108591005,-0.26147413,0.011976313,0.17095768,-0.07884032,-0.058157373,0.2523097,0.37829787,0.07541451,0.17437324,-0.18507029,0.446995,-0.13589804,-0.08341944,0.033200856,0.36982992,-0.05377412,0.13113,0.26636636,0.06255083,0.05481571,-0.16934012,0.34683323,0.059990708,-0.21427557,0.54176456,-0.031805,0.06672423,-0.04388268,0.3272602,0.069792494,0.11546832,0.3074492,-0.026884578,-0.021068713,0.014285421,0.036452226,-0.04793308,-0.008033067,0.052275255,0.24647485,-0.16359498,-0.04749475,-0.07500331,0.17531101,0.21753083,-0.03591228,0.03578524,0.14052282,0.8912811,-0.02871262,0.069996834,0.028045207,0.36437738,0.36256555
gex_possorted_bam_1WGCZ:TTGTCCCAGGCTAGAAx-M2,-0.15483432,0.06160454,-0.09928025,-0.09544637,-0.14170802,-0.1654083,-0.13519314,-0.018828038,0.2177097,-0.040286474,0.01383875,0.029883893,-0.0003348354,0.105392784,0.013759222,0.12256031,0.00822869,0.20113118,-0.15103489,-0.032604903,-0.026532736,-0.078745365,0.025920423,0.0737837,-0.022791367,0.00016317371,0.13091293,0.03427179,0.39599836,-0.09384087,-0.09915652,-0.03910193,-0.016984615,0.088550806,-0.068891056,-0.13383338,-0.035880376,0.026107607,-0.051956005,0.15130834,-0.1790707,0.029992023,0.14443015,-0.12069981,-0.06868449,0.079974756,0.29228368,0.05786817,0.110837884,-0.09089044,0.270713,-0.10245022,-0.062497284,0.007000213,0.299217,-0.04561677,0.07742676,0.20269883,-0.03498658,0.05653769,-0.109646596,0.2076236,-0.09063503,-0.27336755,0.31711224,-0.020225046,-0.011633954,-0.056297015,0.24874471,0.013977602,0.09440059,0.20614757,-0.061567742,-0.024608258,0.029438503,0.06526879,-0.09762116,-0.0764839,0.012253462,0.16733886,-0.17415442,-0.0043597966,-0.05908965,0.06828725,0.17375492,-0.060605943,-0.0443961,0.11909492,0.7678951,-0.07898382,-0.0010282458,0.03788471,0.30153963,0.24995363999999998
gex_possorted_bam_1WGCZ:TTGTAAGTCCAAATCAx-M2,0.37340757,-0.008547625,0.43641484,0.09066761,0.61661226,1.1890337,0.45232692,0.099431805,-0.15810536,0.48888043,0.2521922,0.37860233,0.17301574,0.41180998,0.18624502,-0.09651862,0.02536744,-0.30052984,0.85545695,0.12452653,0.046115678,0.2130685,-0.41707858,-0.1560077,0.47961664,0.25846383,-0.10033272,0.034456156,-0.83685565,0.26083818,0.77438134,-0.09468187,0.3500623,-0.04389622,0.15598406,0.61023015,0.07564969,0.07412428,0.1607537,-0.044472206,0.2064245,-0.059842452,-0.06126333,0.5008643,0.21656126,0.25810233,-0.18644522,0.08483338,-0.21771505,0.12683797,0.06676004,0.61788523,0.5333667,-0.0799776,0.13048133,0.12927839,-0.06287036,0.19581884,0.37334234,-0.05444961,0.32354188,0.06889838,0.7918769,1.070561,0.33814558,0.228331,0.08681633,0.476621,-0.00676932,-0.016884468,-0.13908857,-0.13540913,0.22250216,0.3525848,-0.08273517,-0.09370152,0.79268867,0.85214216,0.12132012,0.060320206,0.31787005,-0.1959021,0.4084322,-0.05358376,0.04194629,0.39662987,0.43600327,-0.06722482,-0.39247057,0.02342316,0.1986169,0.70662117,-0.36415243,-0.05877342
gex_possorted_bam_1WGCZ:TTGTTGTTCAATAGCCx-M2,-0.20329936,0.12285315,-0.06986383,-0.12947303,-0.07899361,-0.19703855,-0.15852429,-0.014667023,0.44307232,-0.029420871,0.03962234,0.09540576,0.06090997,0.23574801,0.06543413,0.18017131,0.054554433,0.37097752,-0.13100883,-0.058876444,-0.009895232,-0.1032075,0.10795776,0.1350498,-0.022436107,0.059004117,0.19190772,0.10685094,0.6653227,-0.076129705,-0.11860785,-0.06587659,-0.04055594,0.12893449,-0.06179772,-0.13194102,-0.01624151,0.08343213,0.017966228,0.1934106,-0.11897662,-0.02810126,0.2035285,-0.08606195,-0.05003999,0.22610913,0.4321221,0.1363247,0.18521187,0.00826341,0.44446212,-0.14397071,-0.07052619,0.1520634,0.2596223,-0.067014396,0.16647027,0.31739253,0.07101837,0.07850306,-0.16196842,0.3217285,-0.079385504,-0.26630458,0.7542264,-0.037929077,0.06621967,-0.088986166,0.33431667,0.03908532,0.17651081,0.41870084,-0.07612669,0.0139847705,0.037397552,0.09731425,-0.11899345,-0.04526613,-0.010228264,0.17106825,-0.2336517,0.0071817967,-0.029990422,0.14610545,0.41750726,-0.07322141,-0.045199502,0.1602879,1.1413127,-0.041979697,0.066916354,0.1385446,0.49029082,0.3769253
gex_possorted_bam_1WGCZ:TTGTCCATCGCACACAx-M2,-0.18355772,0.22366224,-0.053923734,-0.082683794,-0.134478,-0.21417812,-0.19190426,-0.021255298,0.40137607,-0.14289728,0.09727656,0.09789739,-0.21681787,0.54479253,-0.0147637455,-0.07951823,0.13960697,0.5142793,-0.14446096,-0.0386739,-0.056659114,-0.1620864,0.05103881,0.22743054,-0.061935022,0.060925726,0.21762173,-0.08855451,0.25305822,-0.11738936,-0.15366521,-0.011131728,-0.033840135,0.21219783,0.0016238376,-0.13396697,-0.026791906,-0.07574894,0.0023615265,0.35136235,-0.37901664,0.038366273,0.13144568,-0.14398842,-0.036468543,0.32184848,0.06167462,0.17636338,0.10564299,-0.27786055,0.48707756,-0.15573879,-0.04594742,0.2609112,0.2786286,-0.034420248,-0.0012279788,0.3686468,0.042683948,0.12082448,-0.12582837,0.39723292,-0.15533976,-0.29085782,0.48472205,0.01885435,0.022766376,-0.029958097,0.4492395,0.25368878,0.023611823,0.3966688,-0.14277412,-0.061076477,0.04430558,-0.029028257,-0.0988964,-0.10803266,0.06475585,0.18092209,-0.17764492,0.8984377,-0.105074644,0.16681734,0.04195119,-0.06430853,-0.076291844,0.25888145,0.99743825,0.042291444,0.032794174,-0.11385253,0.572689,0.22945377
gex_possorted_bam_1WGCZ:TTGGCGGGTGCTGTAAx-M2,-0.10906297,0.19460537,0.0042712656,-0.07647632,-0.13535777,-0.120832145,-0.13210261,-0.0032256118,0.3024961,0.012337415,0.0317657,0.06281774,-0.17285886,0.39183846,0.08461318,-0.042413753,0.09224405,0.31054962,-0.05148921,0.039487954,-0.06344607,-0.100782596,0.09633483,0.16480522,-0.08308757,0.032283835,0.2532988,-0.03881577,0.15361932,-0.0745696,-0.075425446,-0.035351038,-0.042774566,0.17881979,0.010326636,-0.11589872,0.012223749,-0.07989556,-0.018061573,0.28908202,-0.30573523,0.059652206,0.12277826,-0.10896809,0.018387288,0.20564075,0.1665333,0.05733393,0.031368274,-0.27292186,0.3484426,-0.06711006,-0.007274391,0.12296049,0.20386457,-0.029376084,0.03833943,0.29289123,0.20586266,0.12410882,-0.046432767,0.27643335,-0.07498361,-0.17734408,0.39599648,-0.016974352,0.04982481,-0.038622547,0.3716007,0.21801375,-0.034633104,0.31121057,-0.06243938,-0.008144138,-0.04607785,-0.045406476,-0.039893903,-0.006931758,0.14459613,0.13327648,-0.14329846,0.7382201,-0.04204553,0.15093908,0.042708658,-0.049933247,-0.0954117,0.1888882,0.7342567,0.0119186565,0.009664467,0.018643392,0.37582552,0.221483325
gex_possorted_bam_1WGCZ:TTGGAGGCAAGTTATCx-M2,0.30993727,-0.019929495,0.36155108,0.10703909,0.38064882,1.2020043,0.42465448,0.07271878,-0.25074416,0.4460544,0.11729528,0.36319938,-0.14976054,0.3831473,0.14537846,-0.11491669,-0.011443235,-0.26248562,0.87930137,0.117405154,-0.001583176,-0.09118058,-0.34281668,-0.18106699,0.39575282,0.2370726,-0.08920016,0.012984014,-0.803143,0.1647746,0.71404153,-0.06921049,0.29913825,-0.0010292851,0.19733262,0.56489575,0.13015771,0.0347939,-0.03525566,-0.0056648604,-0.2459206,-0.023317879,-0.054872278,0.38225654,0.29415256,0.17329395,-0.2101045,0.020419376,-0.17585845,-0.2122722,0.033803675,0.56237787,0.4997734,-0.115733206,0.2161664,0.17268746,-0.06440848,0.17553511,0.33729413,-0.037918195,0.30285767,0.0896637,0.6452349,0.8608139,0.22782217,0.2454366,0.048778385,0.4798017,-0.0067685815,-0.007267726,-0.17638938,-0.24147505,0.16162431,0.2846815,-0.057925563,-0.053642258,0.7123486,0.8016237,0.13856734,0.09825343,0.23837414,-0.17228419,0.41107392,-0.0836833,-0.35101822,0.3490436,0.37511003,-0.09037033,-0.3793029,-0.02637455,0.16261727,0.33568636,-0.3692999,-0.0602204
gex_possorted_bam_1WGCZ:TTGCGAGTCATGCAACx-M2,-0.111968115,0.23180611,-0.011769901,-0.12607016,-0.10581717,-0.2142257,-0.06572022,-0.03972688,0.5610279,0.4459563,0.054432165,0.103902936,-0.108211085,0.45807233,0.2415855,-0.020193411,0.031358395,0.34251854,-0.11649289,-0.004847721,-0.045013223,-0.17474726,0.12094526,0.26626053,0.045896012,0.000983405,0.11346484,0.02635109,0.19009463,-0.06840229,-0.13440897,-0.0029673555,-0.00061615265,0.16481662,0.07845883,-0.16943629,-0.040857255,-0.009285416,0.22544093,0.24405907,-0.16756341,-0.0067202034,0.04797788,-0.11080142,0.023055125,0.3844479,0.2090097,0.0006482484,-0.0016057693,-0.26568294,0.62275004,-0.1488536,-0.15291017,0.19755714,0.74117875,0.003970757,0.03735084,0.40993994,0.11100556,0.050665785,-0.041462645,0.2340106,-0.09146459,-0.259007,0.4039934,0.049880933,0.089241765,0.08949992,0.44381234,0.32071045,0.048610087,0.32063755,-0.065271944,0.058910612,-0.051824298,0.02804816,-0.051464442,0.057051074,-0.022974616,0.26213217,-0.25038117,1.0203768,-0.09900679,0.15208158,0.14691344,0.052111704,-0.06645491,0.094522566,0.6126815,0.027864028,0.03947017,0.020052597,0.3814346,0.22151015000000002
gex_possorted_bam_1WGCZ:TTGGGCGGTAGGATCCx-M2,-0.19319037,0.12202847,-0.050197717,-0.117555335,-0.0870546,-0.21112013,-0.108566225,-0.024622709,0.33856416,-0.05045708,0.05421264,0.013349104,-0.066022635,0.27123883,0.017534062,0.039497785,0.082938105,0.34866986,-0.14776865,-0.03399138,-0.024729537,-0.12647296,0.095547,0.15603086,-0.03609708,0.03842443,0.18986852,0.018625082,0.43513942,-0.102982424,-0.14253937,-0.015462484,-0.0440303,0.12998348,-0.045243684,-0.14562556,-0.02583845,-0.008345216,-0.043068048,0.15214936,-0.2563505,0.030236261,0.14933397,-0.11744707,-0.05784471,0.2144327,0.20236798,0.11145912,0.13769399,-0.15549909,0.43670577,-0.11602148,-0.080298774,0.113651894,0.29186258,-0.064735055,0.04286938,0.28692147,0.025391681,0.06861035,-0.14512283,0.33795062,-0.109354444,-0.3005057,0.4627115,0.0009742541,0.03529859,-0.058043823,0.3863059,0.1084627,0.1196453,0.31484756,-0.10559912,-0.04536945,0.028927175,0.0103835445,-0.10821754,-0.09119,0.034599178,0.19051267,-0.15440077,0.2355069,-0.08481072,0.14294213,0.15884033,-0.048294697,-0.046724096,0.18676321,1.0238854,-0.03076969,0.030225053,0.037574705,0.4656788,0.2701593
gex_possorted_bam_1WGCZ:TTGTTTGGTCTTACTAx-M2,-0.20228855,0.110446654,-0.018938443,-0.11814607,-0.10367104,-0.18725857,-0.11473142,-0.011631787,0.44198835,-0.06552661,0.0587722,0.06156238,-0.23295814,0.47206777,0.046427067,-0.073601626,0.17410983,0.512997,-0.11856839,-0.044803195,-0.027832497,-0.21090037,0.098045714,0.2299067,-0.049321856,0.09312116,0.18287681,-0.08833435,0.3109928,-0.09842165,-0.15390249,-0.034390092,-0.055377346,0.16844696,0.048044533,-0.13693273,-0.023209654,-0.018711412,-0.015393158,0.19815567,-0.39371178,0.025748562,0.11500268,-0.10827521,-0.07061134,0.31075263,0.018530104,0.14106633,0.15502624,-0.2836039,0.5478762,-0.14318427,-0.050575916,0.15257587,0.36328176,-0.07377177,0.020045029,0.42575988,0.036848243,0.09946268,-0.15337554,0.4397325,-0.14042902,-0.27752024,0.42155096,0.0015007838,0.010197106,-0.0653716,0.580052,0.22212628,0.09473378,0.44312835,-0.128007,-0.057316106,0.03916962,-0.06763041,-0.12039369,-0.170761,0.04144693,0.19156052,-0.17442313,0.82575303,-0.12064363,0.18697478,0.0019146736,-0.077439584,-0.076832905,0.24715619,1.2356088,0.012229573,0.062963046,0.0027714702,0.6697271,0.229131302
gex_possorted_bam_1WGCZ:TTGGCTACAGTAGCCTx-M2,-0.19728665,0.11430313,-0.07870911,-0.16258708,-0.07594085,-0.18865976,-0.121240444,-0.021105899,0.43456545,-0.01662239,0.014566283,0.07437512,0.11363332,0.17970896,0.08805985,0.17222464,0.07514285,0.354909,-0.114181295,-0.049413618,0.02848914,-0.03113742,0.113517426,0.14324687,-0.060350467,0.059260778,0.17909679,0.12631623,0.66956145,-0.07565049,-0.17040922,-0.043460112,-0.08034134,0.14319636,-0.076483585,-0.11633068,-0.049009524,0.07682917,-0.028949209,0.09359764,-0.043848142,-0.024821084,0.22142693,-0.111550584,-0.04320771,0.23732594,0.41522965,0.13451272,0.2268406,0.08144338,0.43924302,-0.15075226,-0.029603016,0.1146765,0.30639842,-0.0768074,0.166329,0.3553716,0.051789965,0.08236334,-0.18796168,0.33080164,-0.07688593,-0.23886266,0.749949,-0.03646855,0.03068172,-0.11452828,0.368446,0.016555605,0.18265413,0.40730473,-0.09330496,-0.018460715,0.06272544,0.07031239,-0.08431086,-0.051106304,0.013174767,0.18720427,-0.2107068,-0.032653276,-0.03899764,0.16131382,0.48328578,-0.11381015,-0.050811306,0.16000696,1.1488546,-0.06603974,0.084783554,0.17957039,0.45901862,0.373015645
gex_possorted_bam_1WGCZ:TTGCAGCCAGGAACTGx-M2,-0.2062196,0.116211675,-0.045421526,-0.11989361,-0.05640111,-0.19567665,-0.14579862,0.0037431272,0.44815433,-0.019663975,0.102408424,0.10048915,0.029388653,0.29420802,0.048117314,0.108735174,0.07356326,0.3846482,-0.15226753,-0.04207495,-0.024985505,-0.07326602,0.103600815,0.14259712,-0.021531744,0.03232699,0.1998959,0.05558124,0.5335487,-0.11235116,-0.106624335,-0.032429773,-0.052129686,0.15823063,-0.05947934,-0.12383315,-0.023653496,0.027389122,0.044523887,0.23613013,-0.15165558,-0.00886487,0.19852504,-0.09188514,-0.054700304,0.31197032,0.3324568,0.15708424,0.17033522,-0.07968931,0.44217798,-0.16591771,-0.07061653,0.16894276,0.3302368,-0.06293834,0.10323742,0.30459508,0.065813035,0.05781991,-0.1550986,0.35718247,-0.11048351,-0.28817198,0.64933205,-0.006402969,0.054361347,-0.047770042,0.38640282,0.124843396,0.16170944,0.367487,-0.07854758,-0.044853467,0.028112195,0.06720802,-0.0852124,-0.01805501,0.0182395,0.21906309,-0.20197643,0.16385725,-0.08538259,0.14699917,0.36522022,-0.047691256,-0.020053234,0.1745984,1.0980375,-0.025786156,0.09305022,0.05146882,0.52653813,0.344819635
gex_possorted_bam_1WGCZ:TTGCTTTAGACTTACAx-M2,-0.086202174,0.15265347,-0.002117588,-0.09496126,-0.096305504,-0.15125956,-0.04313988,-0.04275381,0.40834633,0.36552104,-0.014219529,0.063011765,-0.1776134,0.3645001,0.14150296,-0.05419747,0.034311216,0.25589716,-0.1163201,-0.017566765,-0.05892103,-0.23218209,0.11076424,0.18971689,0.055624045,-0.014025009,0.059539422,0.017237177,0.034427304,-0.07394046,-0.12447575,-0.02354169,-0.03622335,0.080148354,0.049773023,-0.164266,-0.036042914,-0.01036304,0.088099286,0.11753566,-0.3264185,0.034038886,0.06744557,-0.11368718,-0.019220935,0.2859864,0.09874692,-0.048848126,0.018315045,-0.3811315,0.4709126,-0.13871744,-0.13370068,0.07538741,0.72459495,-0.0037222337,0.00907658,0.32344052,0.09679847,0.038581382,-0.021195494,0.2679056,-0.04914567,-0.27702713,0.171417,0.04589183,0.072451405,0.06294314,0.45803052,0.23452158,0.036669057,0.2337396,-0.047751848,0.031015396,-0.062440857,-0.015121314,-0.07072899,0.0517775,-0.0011816012,0.23990561,-0.20725349,0.84973496,-0.0777414,0.1740013,-0.056233965,0.053795863,-0.062568545,0.0892137,0.629414,-0.026572594,0.036742292,-0.064330176,0.3256849,0.18332626000000002
gex_possorted_bam_1WGCZ:TTGTGCGAGGTTAGAGx-M2,-0.20218202,0.18896985,-0.0154397795,-0.10835582,-0.01242815,-0.14158729,-0.05141201,-0.0013209467,0.35135764,0.1090928,0.10156632,0.08185329,-0.071346804,0.29920512,0.019492045,0.014659878,0.03446796,0.27452928,-0.14187774,-0.022865959,-0.013562068,-0.1363239,0.0939984,0.12586376,-0.0011126559,0.1379153,0.17026456,0.07937679,0.26621225,-0.12019147,-0.09732997,-0.025666201,-0.061368007,0.15487322,-0.09665952,-0.12997887,-0.0071748244,0.103095524,0.032923013,0.17593344,-0.3224644,0.016132243,0.17029521,-0.0925458,-0.06134188,0.3232765,0.3219447,0.07155248,0.13018031,-0.2905603,0.5036624,-0.14260852,-0.09532308,0.0035383739,0.49156415,-0.049766086,0.1004659,0.31678984,0.080663875,0.055681895,-0.17599793,0.43593726,0.16226155,-0.23242192,0.49600342,0.0065881517,0.08881861,-0.014773663,0.41881928,0.15822947,0.0886455,0.33061296,-0.003408096,-0.030666064,-0.018690448,0.015220613,-0.0024964632,0.039672118,0.07250092,0.30020183,-0.1396963,0.102205575,-0.09613288,0.23464188,0.19833656,0.02837546,0.04457554,0.17906591,0.89148164,0.0037421156,0.072497554,0.02387433,0.41483206,0.37894098
gex_possorted_bam_1WGCZ:TTGGGCGGTTGCAGTAx-M2,-0.18863408,0.23247254,-0.04213814,-0.09727696,-0.11944373,-0.24312466,-0.18857993,-0.032932185,0.38752466,-0.13356201,0.085904725,0.10620035,-0.2467019,0.5591433,0.033913184,-0.08980367,0.13374291,0.5068658,-0.15951563,-0.040361937,-0.048994675,-0.18920437,0.039674196,0.23382717,-0.07595635,0.03251801,0.21983384,-0.068436906,0.20103939,-0.1183646,-0.1676895,-0.0123201385,-0.01926965,0.20288546,0.0083049545,-0.14468001,-0.0049884454,-0.10633035,0.009324105,0.38398495,-0.4284041,0.054448497,0.13305955,-0.15297458,-0.024176855,0.30359325,0.068553194,0.17756835,0.1041958,-0.33166692,0.46119332,-0.1522328,-0.071149915,0.25503972,0.28625214,-0.01643443,-0.029233253,0.3874388,0.020170303,0.10595897,-0.10816239,0.3675288,-0.18112928,-0.28910387,0.4369517,0.0055817952,0.03357894,-0.018392665,0.47638816,0.2759291,-0.0026909632,0.3544444,-0.15554507,-0.05911464,0.011561639,-0.03736065,-0.11398094,-0.08901441,0.07694134,0.15365213,-0.18274559,0.98381484,-0.1096501,0.173835,-0.01104213,-0.05920046,-0.07275809,0.28647894,0.9477066,0.047862742,0.016495546,-0.14288811,0.5611157,0.218040997
gex_possorted_bam_1WGCZ:TTGGGTTAGGACAATGx-M2,0.3924396,0.092840895,0.4424515,0.11166935,0.60280097,1.0866915,0.41204065,0.0833084,-0.12563613,0.5397244,0.34463865,0.40488663,0.014213038,0.4688229,0.11912112,-0.073531136,0.013215157,-0.24877001,0.77056634,0.09810535,0.070159346,0.11258909,-0.37623096,-0.12067475,0.44593844,0.23280577,-0.053473312,0.06635458,-0.8350495,0.27199948,0.7859371,-0.07495021,0.32744938,-0.0057581416,0.20937206,0.5717041,0.12551926,0.15228608,0.26401323,0.00037087567,0.046637088,-0.03377682,-0.0402949,0.5966453,0.24580929,0.3198741,-0.16501205,0.09174215,-0.20511821,-0.060439125,0.079116404,0.60986227,0.36256015,-0.060386136,0.15457717,0.1208079,-0.05162013,0.22720774,0.37360534,-0.034091115,0.30190745,0.10934886,0.92377007,1.0835508,0.36214742,0.23410854,0.08254342,0.42669353,0.040407274,0.050296236,-0.1429049,-0.11734929,0.26685408,0.2956629,-0.0866735,-0.047162913,0.6823219,0.79699,0.14635226,0.10878329,0.29883853,-0.12872224,0.43919876,-0.050821833,-0.116672814,0.3359978,0.40879688,-0.03064656,-0.3673985,0.108335346,0.24425709,0.5598804,-0.30301324,-0.027831594999999994
gex_possorted_bam_1WGCZ:TTGCCCGTCCTAATAGx-M2,-0.17547831,0.12166379,-0.044165052,-0.11052681,-0.11682253,-0.18660697,-0.112116955,-0.01473538,0.41692862,-0.030664815,0.051290095,0.033184804,0.027629921,0.22118248,0.05521757,0.12223967,0.08173392,0.37013343,-0.11686607,-0.037849832,0.015003097,-0.106078535,0.09333258,0.16636673,-0.030860744,0.06675045,0.20518744,0.06931665,0.58808887,-0.10727126,-0.11969401,-0.034057427,-0.042924847,0.13928828,-0.06379043,-0.123794205,-0.0347138,0.03300542,0.011794357,0.17780057,-0.12615073,0.013372832,0.17235321,-0.095960595,-0.068923704,0.25952238,0.32273376,0.14978026,0.17503713,-0.026747044,0.4944194,-0.13509816,-0.051152285,0.13699695,0.2572421,-0.055306282,0.113516666,0.29922968,0.063447125,0.06641603,-0.15280597,0.29862815,-0.09079152,-0.26800522,0.62834275,-0.021662205,0.03724947,-0.028965112,0.37335736,0.07467532,0.15093759,0.36343926,-0.104504995,-0.028516276,0.060304902,0.0632182,-0.10872877,-0.060216494,0.043620422,0.16746974,-0.18325172,0.13415802,-0.045014333,0.12369608,0.33560452,-0.095771484,-0.063192174,0.17386912,1.125997,-0.029228687,0.06867431,0.11956584,0.49213096,0.310680955
gex_possorted_bam_1WGCZ:TTGTCCCAGGCTATGTx-M2,-0.17257327,0.12229347,-0.052092314,-0.09269516,-0.07792099,-0.18741566,-0.079451315,-0.00056610664,0.42461896,-0.07210179,0.007926037,0.045353193,-0.08650073,0.34594852,0.056062914,-0.00042151235,0.145688,0.44058713,-0.12925355,-0.05726879,-0.026613154,-0.13065404,0.07229023,0.18343623,-0.054471485,0.0828806,0.15590356,0.0449281,0.41219062,-0.08738584,-0.07847652,-0.06635164,-0.042341024,0.118952,-0.008462107,-0.13583323,-0.027397854,0.010806512,0.0028410705,0.14074974,-0.24706113,-0.03734755,0.13595748,-0.10326001,-0.053457502,0.30220768,0.15087053,0.1527584,0.15332402,-0.11473057,0.48718032,-0.14129378,-0.045141518,0.10769588,0.29636142,-0.09711651,0.08021463,0.27220607,0.05879731,0.06476291,-0.15636364,0.41261405,-0.13690425,-0.22986293,0.5497078,-0.0127357645,0.0743419,-0.05128295,0.4342367,0.13630056,0.13567978,0.43561342,-0.10484421,-0.039913356,0.037553277,-0.035578895,-0.10753467,-0.1442744,0.034624856,0.14010797,-0.17654857,0.43559405,-0.09409575,0.15845025,0.13930537,-0.09357443,-0.07137197,0.20137896,1.1173689,-0.039927024,0.06702432,0.074783385,0.53718126,0.28174229
gex_possorted_bam_1WGCZ:TTGCAAGGTGAGGTGAx-M2,-0.15726319,0.090524524,-0.054177202,-0.10967925,-0.11318789,-0.14717741,-0.137414,-0.01032699,0.35815433,-0.072438665,0.004861008,0.028457172,-0.0711298,0.3131738,0.027033562,0.01638608,0.10760924,0.38792774,-0.14027132,-0.048460722,-0.014823417,-0.18672852,0.086744726,0.1823759,-0.0060551586,0.09711707,0.1582138,-0.00091009587,0.4305211,-0.07737511,-0.09613859,-0.03508535,-0.042679887,0.112268634,-0.028733615,-0.16375588,-0.021207338,0.04005459,0.017669981,0.16504912,-0.2545859,-0.03745927,0.14507155,-0.09381988,-0.056403358,0.24824902,0.20854525,0.14788744,0.13888471,-0.120930396,0.45432168,-0.11409028,-0.031505812,0.16977306,0.25119388,-0.10630024,0.09445115,0.25600725,0.08894004,0.08059219,-0.12228772,0.3419037,-0.15729606,-0.22782846,0.50955284,-0.010568007,0.030526757,-0.06210513,0.3821506,0.119517304,0.10792617,0.38429344,-0.10339289,-0.015418625,0.020724628,0.0081171375,-0.11649735,-0.12651123,-0.008347161,0.17136084,-0.15476522,0.38579106,-0.044141408,0.15088774,0.14028756,-0.09038337,-0.093664184,0.18604219,1.026422,-0.03333634,0.051101338,-0.003940889,0.5150615,0.27522447499999997
gex_possorted_bam_1WGCZ:TTGGATATCTCAATGAx-M2,0.27690253,0.085814714,0.3673903,0.07222038,0.4088852,0.99808687,0.37124577,0.082213245,-0.04418506,0.3950982,0.21333757,0.34766483,-0.0487764,0.42445448,0.12743478,-0.028048096,0.053020816,-0.14168729,0.720238,0.09065777,0.01782149,-0.020983964,-0.20816028,-0.053105336,0.32921416,0.20089504,0.0008026627,0.038746845,-0.5708392,0.18966079,0.6341277,-0.07545012,0.29881498,0.04271069,0.17319255,0.53578645,0.15215817,0.13361965,0.097282894,0.055327237,-0.055809435,-0.028418085,-0.013865807,0.41099966,0.22994009,0.2752419,-0.09442337,0.11527283,-0.13384081,-0.062434353,0.12766728,0.4914481,0.4184967,-0.015400902,0.10667094,0.121118605,0.022022149,0.22871105,0.36873257,-0.02627432,0.2465564,0.1450333,0.6159429,0.82326895,0.4288139,0.21053538,0.10464143,0.4297412,0.046773154,0.030079117,-0.11930973,-0.077641256,0.17912957,0.24443759,-0.07429398,-0.010691771,0.6000753,0.6934441,0.13015072,0.13658991,0.20451862,-0.14542934,0.37463376,-0.023199137,-0.06176648,0.31278554,0.31496674,-0.007974993,-0.15190129,0.03586174,0.16116351,0.417847,-0.20527354,0.025304965
gex_possorted_bam_1WGCZ:TTGCTCTCACTTAGGCx-M2,-0.13006452,0.075534284,-0.021632072,-0.11776752,-0.028024262,-0.11632384,-0.11187162,-0.004316003,0.3655199,-0.0063563534,0.048491064,0.086448014,0.08742972,0.21980931,0.10950614,0.16052473,0.06162158,0.3049499,-0.08219942,-0.040273312,-0.0013972176,-0.027231045,0.05975014,0.13765876,-0.02801886,0.06894984,0.16150042,0.099301934,0.5358212,-0.040748034,-0.10766764,-0.041683476,-0.038500175,0.088868774,-0.024760833,-0.06761569,-0.034326617,0.06106538,0.005643689,0.11626806,-0.08910717,0.013886054,0.18922944,-0.02943938,-0.05017134,0.210254,0.35642833,0.10934665,0.16311543,0.035260808,0.44624668,-0.112160474,-0.07267859,0.101052724,0.25682002,-0.044584062,0.12583014,0.28840926,0.07414542,0.03708076,-0.11723425,0.29812878,-0.03598409,-0.1749563,0.6501599,-0.034653153,0.052713044,-0.03913647,0.34416655,0.010527056,0.1549027,0.36508477,-0.08173595,0.0071418076,0.035680093,0.07391776,-0.070325434,-0.021830536,0.03097349,0.16110118,-0.1799057,-0.018541224,-0.06261538,0.1469428,0.37161538,-0.10575778,-0.008915656,0.14278913,1.0417055,-0.055831295,0.06072241,0.14486894,0.42855096,0.327278555
gex_possorted_bam_1WGCZ:TTGTTTGGTCAGGAAGx-M2,-0.21153179,0.14754808,-0.029394964,-0.11237202,-0.07858782,-0.20555028,-0.13832062,-0.012876246,0.4596562,-0.026592037,0.10541404,0.1137766,-0.009690962,0.32665437,0.06101498,0.07983725,0.09673602,0.4185872,-0.11719553,-0.041685414,-0.0047033145,-0.11029331,0.11377084,0.17137721,-0.03341068,0.05667775,0.21621023,0.03670669,0.524407,-0.10665713,-0.15272067,-0.03662762,-0.037226517,0.18469891,-0.04447595,-0.12605913,-0.015443584,0.03632804,0.025234431,0.21483414,-0.20710996,0.008540703,0.21395753,-0.103102066,-0.056169536,0.30924204,0.29635,0.1649151,0.14964111,-0.104633026,0.4899494,-0.1371283,-0.06543811,0.1838398,0.33716005,-0.066876404,0.10517591,0.3598925,0.060386907,0.07247214,-0.1522473,0.38693568,-0.07164132,-0.29669467,0.68055314,0.0033401914,0.04717671,-0.033818636,0.42032102,0.12109591,0.13524534,0.41030028,-0.0893905,-0.036534887,0.025942924,0.034054026,-0.097717166,-0.06882826,0.034110814,0.23237331,-0.18821496,0.22241499,-0.10660921,0.15764095,0.30691516,-0.05311736,-0.035517715,0.1990409,1.1378957,-0.008971354,0.08726307,0.06928979,0.5325789,0.34164284
gex_possorted_bam_1WGCZ:TTGCAACAGCTATTGAx-M2,0.30592993,0.09260375,0.4445616,0.13323821,0.31977475,1.435892,0.5575992,0.09814021,-0.2179691,0.49280912,0.031777196,0.51417166,-0.2979289,0.5427564,0.0854861,-0.09264019,-0.016855951,-0.18320234,1.092424,0.20418425,-0.026121026,-0.21551484,-0.27511263,-0.1688331,0.38036802,0.30046707,-0.06362173,0.022483662,-0.7754317,0.13941476,0.84618956,-0.09260502,0.3500525,0.027567383,0.2775042,0.68892443,0.25113446,0.090064235,-0.08844505,0.050861355,-0.4850474,-0.031286173,-0.07606736,0.41136685,0.44925392,0.30110344,-0.2190249,-0.0027413133,-0.1650674,-0.35777587,0.045790557,0.58490926,0.5524617,-0.057105783,0.18370011,0.22943124,-0.01873747,0.23788537,0.455105,-0.024693424,0.3543051,0.15013339,0.72045237,0.89545685,0.45783812,0.27273247,0.08929062,0.5720473,0.0043121944,0.023347393,-0.16543782,-0.20257162,0.19943883,0.31950483,-0.10324982,-0.015599119,0.7971388,0.9316359,0.20765257,0.15656042,0.19197139,-0.16697958,0.49460635,-0.06841479,-0.47649002,0.41003984,0.41410342,-0.032430314,-0.34617516,0.025289232,0.19634211,0.30697173,-0.38007778,-0.034445754999999995
gex_possorted_bam_1WGCZ:TTGCTTTAGGGTCCACx-M2,-0.17437789,0.18811777,-0.061033417,-0.0876947,-0.1184524,-0.21593462,-0.18175833,-0.0233019,0.34459212,-0.12695701,0.08248233,0.09019532,-0.19049056,0.4585707,0.014198036,-0.04336309,0.118476816,0.46987888,-0.15765026,-0.057634573,-0.06322981,-0.1526807,0.062189586,0.20403902,-0.052039087,0.047951102,0.1871378,-0.061536428,0.28114542,-0.115567476,-0.1678089,0.0047514155,-0.041857496,0.18007638,-0.023946656,-0.13551702,-0.00944901,-0.054227944,0.007770333,0.3145995,-0.35051423,0.022523839,0.12815051,-0.15002596,-0.031962592,0.28467703,0.09194558,0.1374957,0.09177731,-0.2634509,0.44028306,-0.14239591,-0.07377857,0.24849877,0.26042756,-0.045727994,0.0032139705,0.2981028,0.04201107,0.08243396,-0.1307349,0.3489686,-0.16038518,-0.29039,0.42755726,0.0021763376,0.010443316,-0.031985942,0.36924598,0.22195569,0.06184711,0.2943152,-0.12952475,-0.050953165,0.014744858,-0.01353292,-0.13160461,-0.10134961,0.02777374,0.17683206,-0.14735788,0.71566504,-0.089276694,0.14865641,0.070325114,-0.054101817,-0.062019914,0.21368946,0.9065369,0.017071942,0.044381812,-0.12230376,0.4970448,0.22045709000000002
gex_possorted_bam_1WGCZ:TTGGGCGGTTACGCGGx-M2,0.31999922,0.06329798,0.4354503,0.14365815,0.39295813,1.4412531,0.548487,0.10882938,-0.20215812,0.53888917,0.07830466,0.51101273,-0.25359008,0.5269992,0.13548623,-0.11224653,-0.022977911,-0.23277383,1.1191089,0.1679184,-0.02946901,-0.19170402,-0.29543245,-0.18642576,0.4132083,0.29357308,-0.097463615,0.026336368,-0.8081835,0.15504183,0.8629991,-0.08519003,0.33830485,0.0344418,0.28168774,0.6980318,0.21125862,0.073166825,-0.05387382,0.044076573,-0.42316577,-0.03406402,-0.0752476,0.4427756,0.42073998,0.29730353,-0.21296506,0.031787556,-0.17637481,-0.34792554,0.03402762,0.60585153,0.58224547,-0.08274363,0.21734695,0.22106372,-0.016515221,0.24947895,0.44931138,-0.031013034,0.3419573,0.12693934,0.7309528,0.9350927,0.43188488,0.26105878,0.0861496,0.59011406,0.0071673593,0.013293548,-0.16630621,-0.21306846,0.19401808,0.31594348,-0.09664104,-0.039992373,0.8433402,0.9436496,0.19274758,0.13269727,0.21701045,-0.17432594,0.47896376,-0.07476056,-0.45449546,0.40995705,0.42491588,-0.054805487,-0.369258,0.013141441,0.2072098,0.34310296,-0.38132307,-0.04301286
gex_possorted_bam_1WGCZ:TTGCATTTCAAACCGTx-M2,-0.1832423,0.10668485,-0.06658642,-0.12225957,-0.06858366,-0.192935,-0.10759889,-0.011443819,0.43330744,-0.013172721,0.039246146,0.07700957,0.08773452,0.22773598,0.094426386,0.14452714,0.08748836,0.3684921,-0.12266251,-0.03868142,0.0044850903,-0.038683895,0.09946173,0.15820189,-0.03801336,0.05451453,0.1931913,0.09078817,0.59818614,-0.09157593,-0.1358896,-0.027876286,-0.05727309,0.11677332,-0.041407775,-0.114207074,-0.022735935,0.051607877,-0.022144752,0.13678898,-0.087276995,0.026028978,0.1859693,-0.102100335,-0.046591394,0.23365165,0.3622766,0.12901367,0.16860771,0.03168937,0.5091291,-0.12523551,-0.07426879,0.121752486,0.25874314,-0.060985465,0.15369199,0.31756097,0.049019277,0.055653356,-0.16705607,0.33163375,-0.08626878,-0.2532976,0.6567503,-0.05393573,0.045624632,-0.06301333,0.39822683,0.04159971,0.15412533,0.3871527,-0.09758456,-0.025669156,0.032325044,0.040356103,-0.09259387,-0.06885118,0.004719761,0.209005,-0.18227144,0.080398425,-0.069975026,0.13972877,0.43836242,-0.07211717,-0.037717372,0.1773234,1.093488,-0.038253088,0.061247673,0.17379442,0.48035458,0.346955175
gex_possorted_bam_1WGCZ:TTGTTCCCAATTGACTx-M2,-0.14951648,0.10043474,-0.04704247,-0.12156249,-0.05914019,-0.16188656,-0.103291504,-0.020307649,0.28660554,-0.011358973,0.013789287,0.016710358,0.0059012575,0.15036236,0.051918305,0.09674256,0.03456706,0.2533218,-0.12159136,-0.04062617,-0.011612332,-0.11339619,0.07046768,0.12044137,-0.026554575,0.04963349,0.12313481,0.105098635,0.4344861,-0.07837805,-0.11038879,-0.02490402,-0.044678647,0.06439457,-0.06325898,-0.117125645,-0.021947736,0.021436384,-0.0073519466,0.11186894,-0.20342258,0.022475014,0.1523045,-0.097247005,-0.05958481,0.15577565,0.2898074,0.07738108,0.1435547,-0.09720931,0.35835913,-0.1155345,-0.09105076,0.0646887,0.24876069,-0.044175647,0.07211819,0.20811188,0.04147581,0.042187996,-0.12796445,0.24065277,-0.06737022,-0.24531022,0.43487093,-0.022369431,0.04457128,-0.04770325,0.27229396,0.03171951,0.12150157,0.23566534,-0.08285505,0.001415299,0.023041932,0.059266336,-0.097210765,-0.025669947,0.030306244,0.11121867,-0.17281193,0.055627953,-0.030377727,0.10848554,0.20152837,-0.049320552,-0.02985439,0.13666758,0.8803516,-0.057279795,0.044285666,0.05222513,0.34426668,0.265230085
gex_possorted_bam_1WGCZ:TTGTTGTTCCAACTGGx-M2,-0.19047785,0.074060544,-0.047760617,-0.10250683,-0.11229875,-0.19977546,-0.1010272,-0.016532354,0.29555002,-0.06495799,0.028096471,0.031353623,-0.16550684,0.27706566,0.05179793,-0.0063977223,0.10568324,0.36780205,-0.13074185,-0.036929395,-0.012599257,-0.15835784,0.06817409,0.17370752,-0.05778499,0.038907953,0.1485762,-0.017683221,0.29375228,-0.089699194,-0.13958465,-0.02372861,-0.051220562,0.11007603,-0.008214154,-0.13025224,-0.0042966437,-0.03814137,-0.0058691734,0.17742625,-0.33554792,0.04219967,0.11125107,-0.12007291,-0.041999813,0.18186298,0.09708769,0.09927825,0.15056287,-0.19693981,0.40325135,-0.15781215,-0.06742506,0.0790702,0.28053254,-0.04089237,0.009051784,0.27606878,-0.010280797,0.038759254,-0.13044539,0.2859105,-0.1742869,-0.2600437,0.29885456,-0.026384793,0.020713944,-0.041907005,0.4107104,0.11846327,0.08414232,0.27265596,-0.11338011,-0.05570378,0.015342209,-0.020611499,-0.13209245,-0.115158506,0.030118069,0.12739304,-0.16127983,0.5693458,-0.1000469,0.1366197,0.031676393,-0.05729636,-0.048574366,0.20503005,0.9722066,-0.025653955,-0.0018469318,-0.012144977,0.49464023,0.191499095
gex_possorted_bam_1WGCZ:TTGTGCGAGGCATTGTx-M2,-0.21548247,0.0795404,-0.07549579,-0.1114381,-0.09477383,-0.2153066,-0.08760453,-0.031402983,0.4593728,-0.042543896,-0.009526854,0.07074532,0.07555781,0.13629144,0.08489885,0.16336335,0.047083233,0.3356766,-0.088163875,-0.043037355,0.0030165876,-0.06475119,0.08329578,0.14838278,-0.02425301,0.07216326,0.21802168,0.107384816,0.6351955,-0.071832076,-0.11106346,-0.05443555,-0.04181236,0.11497002,-0.11089379,-0.1375323,-0.057119206,0.039396834,0.0061885067,0.09013878,-0.10575539,-0.014804357,0.17736366,-0.11018016,-0.068192214,0.24888559,0.37737218,0.13535295,0.17936534,-0.004689994,0.43720368,-0.15192075,-0.085772865,0.1314595,0.23814385,-0.09117672,0.1556007,0.2650248,0.021118341,0.06380637,-0.19976366,0.33611676,-0.07280352,-0.27275485,0.6549886,-0.0825958,0.032475673,-0.06027697,0.3347647,0.03690163,0.1418436,0.39846444,-0.086167134,-0.0051225633,0.054170415,0.06800903,-0.083441935,-0.0988306,0.02140578,0.1928553,-0.19513954,0.009284253,-0.011666806,0.13207653,0.3458069,-0.07244672,-0.05258313,0.15171078,1.0683702,-0.038526166,0.07537904,0.13969502,0.40961412,0.35674447
gex_possorted_bam_1WGCZ:TTGCTTTAGGTAGCTTx-M2,-0.2250839,0.18841964,-0.008180923,-0.12666672,-0.027812712,-0.1941725,-0.23790999,-0.016647514,0.43545204,-0.11307814,0.121839345,0.06510601,-0.111535154,0.47426242,0.04048265,0.007919259,0.107318275,0.4877412,-0.10705253,-0.040203586,-0.06490809,-0.1562736,0.06840208,0.24388954,-0.043945935,0.052828852,0.25967827,0.009763694,0.3816433,-0.10126706,-0.17625354,0.012289959,-0.06722068,0.1631932,-0.04073632,-0.15714522,-0.0036459942,-0.05974311,0.030005384,0.36394688,-0.29976085,0.038928743,0.14985852,-0.15204395,-0.03771494,0.31815487,0.26034454,0.1426498,0.11355552,-0.2114837,0.4790321,-0.13966554,-0.054046,0.25204208,0.2505315,-0.044538364,0.043451045,0.33439788,0.07530432,0.112791754,-0.15989524,0.38487327,-0.081566475,-0.25147948,0.6222068,0.030098459,0.033074956,-0.0602727,0.42943296,0.2122067,0.023845706,0.29858574,-0.089161485,-0.032670025,0.07957637,0.046393678,-0.034882877,-0.08662708,0.03317559,0.22969958,-0.16562252,0.5169438,-0.10357299,0.1797341,0.25885978,-0.030006586,0.0020899323,0.19851014,0.9782018,0.022321224,0.10317491,-0.059117004,0.5648901,0.322608905
gex_possorted_bam_1WGCZ:TTGTTGCGTTACAACGx-M2,-0.1845922,0.11157052,-0.054653734,-0.13853738,-0.079924025,-0.18326102,-0.10785055,-0.018729106,0.46177587,0.006590107,-0.009161152,0.07100068,0.025429659,0.19313604,0.13138542,0.16320863,0.07926816,0.35178864,-0.11335648,-0.039102625,0.007880615,-0.109004624,0.083852254,0.14575486,-0.038197294,0.0357942,0.1761337,0.10583031,0.63165784,-0.10818633,-0.12517275,-0.045325983,-0.026838833,0.08901375,-0.040198218,-0.12515491,-0.019171197,0.069674596,-0.034098875,0.098406054,-0.17068702,0.047885697,0.17737733,-0.118108645,-0.037635405,0.2519654,0.38093108,0.14645728,0.16335918,-0.036529757,0.46394974,-0.13948719,-0.07079906,0.14437844,0.23289888,-0.08717207,0.15699045,0.32175443,0.01710155,0.028685594,-0.16991551,0.28765604,-0.094559304,-0.2497112,0.68596464,-0.08102226,0.03518679,-0.0699883,0.3643762,0.015571566,0.14080413,0.37711394,-0.09103641,-0.0010004265,0.03550235,0.058952294,-0.1425348,-0.08548731,0.02878268,0.16554861,-0.2058251,0.01888692,-0.090406574,0.11317288,0.32109305,-0.08712462,-0.04647307,0.18990177,1.085271,-0.035363615,0.068318486,0.118022375,0.44748452,0.33429356
gex_possorted_bam_1WGCZ:TTGGATTCACTTCATCx-M2,-0.19328839,0.27801585,-0.060098868,-0.0993346,-0.12002135,-0.21514168,-0.20993792,-0.022281224,0.45857087,-0.13994946,0.11661096,0.14570934,-0.119721934,0.50306636,0.026384309,0.03343351,0.10415003,0.5028788,-0.1370389,-0.042074412,-0.047780853,-0.111975744,0.083192155,0.21896087,-0.03006105,0.06510375,0.24985525,-0.002203166,0.40941644,-0.122573666,-0.1620485,4.985106e-05,-0.024823368,0.23540281,-0.037033092,-0.1374643,-0.011896982,-0.027318997,0.037023928,0.41166928,-0.251295,0.013916685,0.1698909,-0.13712683,-0.018378798,0.36900538,0.21832906,0.20863624,0.09902659,-0.17635942,0.5057083,-0.15542331,-0.067723885,0.37131324,0.1932894,-0.050355177,0.07759742,0.35043308,0.08029491,0.12904763,-0.13509479,0.36790395,-0.11147011,-0.2723805,0.7225778,0.016099459,0.028459124,-0.011079486,0.35287383,0.23881191,0.04668477,0.39805165,-0.11636136,-0.04466452,0.04982803,0.05463484,-0.09632672,-0.0685362,0.053890668,0.22775999,-0.17792726,0.583717,-0.056283638,0.15929426,0.2510418,-0.068083055,-0.056436542,0.23575589,0.86034787,0.048761584,0.0699309,-0.09728607,0.4830366,0.29311650499999997
gex_possorted_bam_1WGCZ:TTTGAGTCACTATGGCx-M2,0.068976425,0.21774787,0.14581051,0.09000235,-0.033072423,-0.14222458,0.45402756,-0.05518109,0.23441055,0.46553996,-0.015495215,-0.010962374,0.2366303,-0.14223047,0.070964284,-0.114352025,0.069839105,0.04662338,-0.12689628,-0.00064969365,-0.07185982,-0.010906756,0.45813546,0.003837393,0.16992894,-0.20110214,0.07811063,-0.043016456,-0.17174685,-0.036473468,0.0036922656,0.069835514,-0.040330004,0.17216855,-0.17262127,-0.13331905,-0.12168279,-0.0908293,0.025387796,0.10559282,0.574216,0.048650645,0.11542997,-0.067818634,0.0061843805,-0.08412639,0.08126751,-0.0044626947,-0.017090367,-0.059764173,-0.25126928,-0.082367,0.02336212,-0.10403374,0.48595706,0.00948776,0.0049719824,-0.05441785,-0.017734695,-0.070487425,-0.0746198,0.14969513,-0.11542931,-0.071527235,-0.49803665,0.0816157,0.011980147,-0.019912772,0.1256378,0.21393609,0.008885012,0.085708134,-0.0012957978,-0.023964137,-0.03198163,0.15348226,0.37047255,-0.10976584,0.19450675,-0.07294658,-0.042467955,0.87674624,-0.05613113,0.2753362,0.13861258,0.33468527,-0.110633984,0.067883916,-0.30381328,0.07538631,0.1470891,0.08833412,0.038419392,0.11548132
gex_possorted_bam_1WGCZ:TTTCCTGAGCAGCTCAx-M2,-0.16751732,0.0827954,-0.052721355,-0.09932866,-0.1287347,-0.17727953,-0.11972497,-0.009433961,0.32740694,-0.0015795779,0.02892069,0.028617082,-0.104842156,0.19878449,0.041083217,0.05687295,0.07189234,0.32218972,-0.13030481,-0.05176958,-0.0073852423,-0.16578999,0.08100021,0.14757948,-0.048084136,0.05617593,0.1530639,0.03473073,0.39644238,-0.09271898,-0.13223787,-0.025299896,-0.038061615,0.106081106,-0.05067863,-0.11425652,-0.033393517,0.0170337,-0.01566177,0.13172561,-0.3070387,0.0087208785,0.15935695,-0.11169669,-0.056588415,0.20643732,0.22620472,0.08550235,0.1470996,-0.2113309,0.4177759,-0.14718921,-0.07468287,0.07016216,0.3572997,-0.06527968,0.08291814,0.25105834,0.026652878,0.048403647,-0.15963969,0.3106159,-0.088293634,-0.27129766,0.3979537,-0.031972222,0.035546802,-0.011731554,0.3600165,0.10221916,0.12202337,0.29920113,-0.0868681,-0.006747378,0.024837231,0.017341448,-0.12672327,-0.05335975,0.04626536,0.19263707,-0.16411103,0.23783289,-0.07366364,0.11849174,0.094764486,-0.08959286,-0.037055455,0.15135689,1.016709,-0.045636207,0.040914927,-0.0034545665,0.43844676,0.26841031
gex_possorted_bam_1WGCZ:TTTGTCCCATTAGGTTx-M2,-0.1687771,0.10815778,-0.04118058,-0.13975252,-0.09938758,-0.17919165,-0.107428685,-0.007187486,0.4202927,-0.022925893,0.03675583,0.018994318,0.05178391,0.1706331,0.07376902,0.15851137,0.07944311,0.3130959,-0.1205246,-0.043156236,0.020229274,-0.08956302,0.12467207,0.15735391,-0.0315461,0.060852744,0.18169609,0.09352132,0.6188861,-0.09627231,-0.14230248,-0.02690518,-0.04539213,0.11702558,-0.06927683,-0.11232733,-0.048128005,0.05769564,-0.014868816,0.1295459,-0.120356396,-0.028961238,0.18478648,-0.10174598,-0.065288134,0.22665077,0.37864807,0.12004788,0.2013745,-0.0014436131,0.48327696,-0.1266467,-0.059405573,0.12557383,0.25398755,-0.07261508,0.14528145,0.25676572,0.09438236,0.09188619,-0.16229403,0.28794816,-0.08217662,-0.24963164,0.65386635,-0.030391306,0.0516335,-0.028623547,0.32970327,0.026092585,0.16116093,0.34383857,-0.08905645,-0.03013966,0.04419083,0.055314567,-0.10662095,-0.045749377,0.02975348,0.1842528,-0.17769827,-0.025868323,-0.059153903,0.13613959,0.35527882,-0.114536956,-0.026051814,0.16688223,1.0834736,-0.058764856,0.044056732,0.11978616,0.44866863,0.333298115
gex_possorted_bam_1WGCZ:TTTCGTCCACAGCCTGx-M2,-0.15793326,0.14026749,-0.05726985,-0.08892619,-0.10653528,-0.17109403,-0.084322505,-0.016754309,0.33572307,-0.066611715,0.043999713,0.03778914,-0.016063727,0.21642937,0.025263043,0.086357854,0.07851749,0.3269398,-0.11936308,-0.030750697,-0.010266245,-0.1000696,0.08527327,0.14556104,-0.042702924,0.031011242,0.16584975,0.06463798,0.45535964,-0.071667135,-0.12165459,-0.017898044,-0.058118522,0.114652395,-0.049591374,-0.11588234,-0.018531678,0.029243557,-0.00898092,0.16280709,-0.18139184,0.04052547,0.14733124,-0.120621875,-0.07007892,0.20145734,0.2323077,0.11305467,0.14558232,-0.06417192,0.39464435,-0.14361621,-0.05921404,0.1274321,0.22160381,-0.05959731,0.09663197,0.24350126,0.01586023,0.05318768,-0.13395289,0.31611526,-0.08207068,-0.24711709,0.49953786,-0.01502109,0.034931045,-0.03942038,0.28821385,0.08699054,0.111155495,0.30427128,-0.09074235,-0.024129245,0.046852265,0.05810146,-0.10899923,-0.08482,0.022073885,0.16515103,-0.15455467,0.16879627,-0.05000719,0.12858638,0.23957194,-0.055183996,-0.05749677,0.16379298,0.8446451,-0.021764057,0.056002628,0.005525295,0.37511513,0.27421148
gex_possorted_bam_1WGCZ:TTTGGCTGTCCTAATCx-M2,-0.18321745,0.39113298,-0.071115986,-0.08218275,-0.10649137,-0.24973617,-0.28339624,-0.010738587,0.50758904,-0.19022386,0.1660882,0.2268919,-0.3108009,0.7863719,0.008215508,-0.09628515,0.10866753,0.59804016,-0.18770488,-0.0507164,-0.10467067,-0.10693321,0.017138062,0.24443977,-0.042641077,0.061630834,0.26128286,-0.07668516,0.10240735,-0.160623,-0.17619665,0.0035505742,0.0056071533,0.2853814,-0.02733901,-0.13598058,-0.021600213,-0.11890848,0.06596706,0.6294008,-0.4057274,0.0050230734,0.11806715,-0.18394782,0.011013847,0.4374,0.074392766,0.19423784,0.022907235,-0.4110571,0.49366763,-0.17280236,-0.06931927,0.48799142,0.26781347,-0.022791736,-0.030324638,0.46868184,0.09518469,0.19024223,-0.11807175,0.39326158,-0.1561386,-0.28075323,0.62357116,0.07191262,0.03809656,0.0023423913,0.40391564,0.451145,-0.067719206,0.40944192,-0.15163654,-0.05834578,-0.0007397388,0.0030350804,-0.054242875,-0.029135164,0.089707725,0.26919776,-0.1738581,1.2860519,-0.10492293,0.19868457,0.04203645,-0.056124344,-0.07201772,0.2959804,0.69625336,0.11415657,0.06410591,-0.24742244,0.5467741,0.233827173
gex_possorted_bam_1WGCZ:TTTAGCAAGAAAGCATx-M2,-0.19655475,0.08211905,-0.039038487,-0.116114154,-0.08954853,-0.18483171,-0.113453634,-0.012483769,0.43031177,-0.045512058,0.040237274,0.066646166,-0.01839574,0.25270012,0.07005232,0.065772004,0.10844977,0.40181848,-0.103436776,-0.04320975,0.012680162,-0.11762123,0.08187423,0.1813682,-0.041092712,0.0448846,0.17023303,0.037522588,0.5258378,-0.100463934,-0.13463007,-0.027372357,-0.030528566,0.13086233,-0.021168053,-0.10333121,-0.043900456,0.04512251,-0.01022768,0.11877748,-0.20772155,-0.02634138,0.16412784,-0.08932945,-0.04579799,0.2584073,0.22666347,0.14277607,0.17457819,-0.074786864,0.48716912,-0.12785363,-0.045201965,0.14685622,0.3054655,-0.0767621,0.09046741,0.32422328,0.0037637507,0.069973394,-0.15419322,0.36933357,-0.1115027,-0.2692891,0.5772648,-0.01845674,0.022879403,-0.06264732,0.42557704,0.07219389,0.14644334,0.37983155,-0.11602361,-0.0235253,0.028172797,0.005697563,-0.09182462,-0.09266435,0.0070663253,0.18672605,-0.18077494,0.20934328,-0.09557468,0.16314147,0.24345484,-0.07501511,-0.04628462,0.17940654,1.1328077,-0.03583249,0.053491045,0.0838594,0.5011864,0.29799852
gex_possorted_bam_1WGCZ:TTTACGCGTTGGTTAGx-M2,-0.17612004,0.10918348,-0.011505545,-0.14457652,-0.086531974,-0.13851137,-0.082729794,0.03049103,0.3420721,0.103541754,0.053019788,0.030320736,-0.10736847,0.1987755,0.040049035,0.0482143,0.04292474,0.25278968,-0.13799071,-0.041830007,0.017166074,-0.18792273,0.049866766,0.16483098,-0.006595246,0.15607697,0.14659406,0.0995156,0.37377927,-0.13019697,-0.008618138,-0.039438922,-0.03506159,0.11772848,-0.028939988,-0.13732758,-0.03171457,0.093685634,0.028305385,0.10970047,-0.31905964,0.027735893,0.18552431,-0.084772825,-0.055844955,0.2767758,0.3473205,0.10801097,0.16874383,-0.2675164,0.48345515,-0.10486323,-0.055490162,0.024804711,0.3914628,-0.05889112,0.13591802,0.29765096,0.044490974,0.07072806,-0.16152516,0.3812031,-0.0014252969,-0.18213685,0.55407983,0.0021899862,0.12164341,-0.022390703,0.36780357,0.098730795,0.12076977,0.29637125,-0.023434835,-0.028938834,0.032273326,0.048726056,-0.004323452,0.015721919,0.1003768,0.23939951,-0.16201837,-0.08842563,-0.052946866,0.17756344,0.11726655,-0.036960978,0.023000585,0.18145642,0.9056079,-0.06812282,0.07000704,-0.015205356,0.40850848,0.36426179999999997
gex_possorted_bam_1WGCZ:TTTCGTCCAGGAATCGx-M2,-0.18698302,0.064918876,-0.08154376,-0.081878796,-0.1057455,-0.21571822,-0.0952222,-0.01354951,0.24252321,-0.05817871,0.04351905,0.0005392309,0.0703311,0.10131556,0.01330946,0.10431133,0.06176085,0.2290949,-0.14714247,-0.028255248,0.010327784,-0.022441635,0.109321915,0.1140195,-0.05393646,0.0034577243,0.1325014,0.04072569,0.4893441,-0.07050005,-0.13819933,0.0058722883,-0.0711635,0.07142225,-0.057837687,-0.12843356,-0.037825305,0.03466794,-0.01200445,0.08047095,-0.033594977,0.014861112,0.11139495,-0.08381279,-0.08629703,0.13623534,0.24660556,0.0773214,0.14870498,0.050534267,0.31744212,-0.12001379,-0.05276794,0.074278265,0.14909132,-0.0449739,0.08795151,0.16852474,0.008396888,0.042367168,-0.13943289,0.20274009,-0.113232784,-0.26062483,0.3618559,-0.036867622,-1.1740624e-05,-0.08608804,0.2347073,0.023814918,0.113590576,0.17360803,-0.07591153,-0.032451976,0.037340615,0.058898177,-0.11527695,-0.08110432,-0.020296386,0.14268357,-0.1472145,0.0056694844,-0.059969887,0.07363465,0.31442103,-0.07344032,-0.030211367,0.1199371,0.75150645,-0.02304255,0.020211972,0.07502013,0.32027608,0.22467282500000002
gex_possorted_bam_1WGCZ:TTTGACCGTATTGAGTx-M2,-0.1930024,0.23795399,-0.04719237,-0.087638676,-0.12314641,-0.22924231,-0.20490901,-0.02069189,0.38575894,-0.14316127,0.11250687,0.11252116,-0.2181874,0.54290676,-0.023038551,-0.06854853,0.12224685,0.5039419,-0.15862732,-0.02917224,-0.06611911,-0.14655644,0.035321217,0.21880151,-0.055977948,0.024100898,0.23238835,-0.06853264,0.21838301,-0.12041169,-0.15260358,0.001534843,-0.022592643,0.21576579,-0.022176675,-0.13942854,-0.023847392,-0.09345182,0.0018297462,0.39457247,-0.3836123,0.035070814,0.1262412,-0.14869446,-0.025473418,0.29910392,0.09934364,0.15390523,0.07322599,-0.3037449,0.44176623,-0.15025003,-0.057332836,0.28528035,0.28382218,-0.026613075,-0.013143043,0.3469124,0.03763148,0.12476266,-0.12556396,0.37140965,-0.1542454,-0.2967514,0.4689639,0.027469497,0.01757314,-0.022693561,0.42127174,0.27619553,0.0050127525,0.34855324,-0.13535416,-0.048014525,0.026225315,-0.013769814,-0.08705312,-0.07107215,0.071311206,0.19209887,-0.17212062,0.86258036,-0.09706583,0.16213039,0.039916746,-0.05777876,-0.059388082,0.2530535,0.8993125,0.04674383,0.028503604,-0.14558953,0.52827495,0.235376645
gex_possorted_bam_1WGCZ:TTTCTCACACCAGGTTx-M2,-0.1748689,0.09728041,-0.048766956,-0.10959376,-0.12871675,-0.19475508,-0.109733865,-0.011763214,0.32431582,-0.082725056,0.07862215,0.011031085,-0.15868744,0.25610358,0.02344623,0.045549665,0.09470601,0.34565234,-0.1137253,-0.04603046,-0.063003294,-0.16732521,0.05692605,0.13728103,-0.05033151,0.051421266,0.1452503,0.016639061,0.35471615,-0.10321915,-0.12668893,-0.00017330715,-0.07076873,0.10076669,-0.029237334,-0.14501974,-0.02140782,-0.044626698,-0.037755746,0.17517634,-0.32606795,0.028292336,0.1095111,-0.1153083,-0.038636804,0.19969667,0.16965711,0.08383381,0.08516545,-0.22841817,0.39955083,-0.13573469,-0.08280459,0.11714329,0.25071692,-0.05393906,0.038911365,0.24174875,0.039451186,0.045652874,-0.15847853,0.2988851,-0.11010272,-0.2695721,0.38914883,-0.008369827,0.009924162,-0.008853107,0.35404727,0.11663177,0.11292341,0.28491607,-0.103612155,-0.049286384,0.027396338,-0.013866697,-0.13533555,-0.08326074,0.037200425,0.13937554,-0.15190755,0.31674412,-0.075002074,0.10757268,0.038793944,-0.07403938,-0.045614824,0.1696303,0.91328186,-0.04395573,0.017913563,-0.035647877,0.43631166,0.234271105
gex_possorted_bam_1WGCZ:TTTGTGAAGCCAGGTCx-M2,-0.16309647,0.16349669,-0.015721083,-0.10515662,-0.023422444,-0.16341722,-0.09227266,0.0028248862,0.33157846,0.03473758,0.0879638,0.01923882,-0.051293958,0.20287097,0.02708596,0.093533665,0.061495025,0.2847116,-0.124188475,-0.01819503,0.015679022,-0.10362859,0.0803369,0.11355584,-0.028067963,0.05923917,0.17416997,0.115780726,0.33467755,-0.07849819,-0.12281118,0.009514863,-0.06291266,0.1555288,-0.06852186,-0.13635688,-0.038572513,0.09093388,0.033307917,0.14919767,-0.21031828,-0.014374554,0.12789617,-0.054978333,-0.057467747,0.20721969,0.27499282,0.059981637,0.1214639,-0.15311006,0.44649792,-0.14639378,-0.07751213,0.14659324,0.27734002,-0.06603673,0.10116481,0.19562858,0.039533656,0.0347445,-0.1601259,0.37404642,-0.007987625,-0.16687997,0.44966787,-0.0062394054,0.06653689,-0.03735772,0.31443456,0.079100534,0.11492797,0.22778419,-0.023627782,-0.012387229,0.020058712,0.05935505,-0.072938494,-0.016521113,0.065043956,0.18871778,-0.1064208,0.11252535,-0.08644583,0.14456458,0.21193598,-0.020846365,0.042264864,0.16621111,0.7079514,0.016971765,0.04479858,-0.011559552,0.3256684,0.32451962
gex_possorted_bam_1WGCZ:TTTAGCTTCAGCACGCx-M2,0.3388754,0.15483285,0.35609284,0.09878397,0.2653116,0.8254775,0.338826,0.031753708,-0.03650126,0.72682333,0.18832904,0.3427411,-0.1789655,0.49483374,0.22842665,-0.0567309,-0.017697949,-0.15150669,0.61688983,0.095437154,-0.0036953255,-0.10632016,-0.19278835,-0.021201206,0.293314,0.10622668,-0.07144197,-0.005673478,-0.69872886,0.18971226,0.5308986,-0.022616591,0.31778723,0.077205606,0.26866487,0.4392917,0.14916639,0.05447949,0.28845432,0.16544238,-0.17368194,-0.020357147,-0.13744405,0.3567539,0.36388028,0.31403637,-0.0806137,-0.048315912,-0.26584285,-0.22734232,0.191405,0.3881079,0.26392448,0.0755803,0.43539107,0.18053348,-0.078343734,0.21251291,0.3268751,-0.03590774,0.31771362,-0.049578264,0.48328257,0.7132229,0.26518634,0.2635899,0.11091016,0.510618,1.01934265e-05,0.1587845,-0.15686974,-0.17264971,0.20040475,0.32599664,-0.11150975,0.034856215,0.4891541,0.6873517,0.09717724,0.10697593,0.06587373,0.3948406,0.37853283,-0.058497712,-0.30287397,0.31982982,0.25929946,-0.08823144,-0.5665151,0.08954274,0.1416196,0.18125723,-0.34699637,-0.065095982
gex_possorted_bam_1WGCZ:TTTAGCAAGCAAACCTx-M2,-0.1613461,0.082845636,-0.0683996,-0.10898705,-0.102071606,-0.21208246,-0.050318897,-0.032733403,0.3010448,-0.10682909,0.020056121,0.011487194,-0.05722274,0.23960786,0.025269201,-0.0014972566,0.09261748,0.34170377,-0.11380472,-0.038767345,-0.029748084,-0.12881921,0.08666302,0.13502248,-0.07728728,0.04345964,0.123744525,-0.034241732,0.364342,-0.07525673,-0.14972612,-0.009542,-0.03667355,0.08288228,-0.016878985,-0.1189232,-0.0055005588,-0.0049741985,-0.06398509,0.10342621,-0.20822768,0.08536665,0.09678129,-0.12179243,-0.038350433,0.18086196,0.11359213,0.09962569,0.18498172,-0.123121925,0.3866557,-0.13265729,-0.06124531,0.09324854,0.22552447,-0.043707244,0.043121155,0.26891908,0.0021087436,0.06952587,-0.15881939,0.29112858,-0.1230125,-0.25614762,0.30880246,-0.055867106,0.0007974856,-0.050949227,0.3585334,0.07700853,0.09555139,0.25990742,-0.07939789,-0.057151165,0.026256992,-0.03468488,-0.085802235,-0.14681077,0.021291807,0.1319655,-0.1024211,0.41973546,-0.083044834,0.11830393,0.11312258,-0.081527695,-0.06843879,0.17509313,0.91169065,-0.03545455,0.03795947,0.051251594,0.4254976,0.20236035500000002
gex_possorted_bam_1WGCZ:TTTGCGGAGCAGCTATx-M2,-0.20338717,0.20607683,-0.043667573,-0.095372796,-0.118879594,-0.1979941,-0.18902856,-0.010643009,0.44654328,-0.071502574,0.09091758,0.13831952,-0.011062877,0.3752954,0.019568339,0.119621724,0.096093446,0.42079255,-0.13631715,-0.03929969,-0.030205194,-0.076316915,0.07886425,0.16351981,-0.02183133,0.04249948,0.24461594,0.045763224,0.5146748,-0.11923371,-0.16705303,-0.024362665,-0.03529025,0.1895527,-0.074937195,-0.1267716,-0.014800063,0.0077053527,0.020388925,0.32933044,-0.19621035,-0.0024156193,0.21191399,-0.121076494,-0.040240306,0.29372758,0.35343984,0.15654872,0.114519514,-0.09169997,0.4755664,-0.16893415,-0.07110883,0.26708338,0.26629856,-0.046970107,0.10883652,0.32844728,0.06306596,0.10799509,-0.14073321,0.3312484,-0.085702546,-0.28063625,0.72534496,-0.009283194,0.030789366,-0.026014222,0.3418401,0.14519143,0.09357724,0.39173546,-0.09631709,-0.030944679,0.03968681,0.07113829,-0.10432929,-0.021816868,0.033138193,0.21785097,-0.2118903,0.30515933,-0.04507937,0.14047216,0.32805356,-0.07843194,-0.051729243,0.21152851,1.0115242,0.01645874,0.07271257,0.015230202,0.46970743,0.34234412000000003
gex_possorted_bam_1WGCZ:TTTAGCAAGATTGAGGx-M2,-0.20093113,0.19260955,-0.04007469,-0.101707265,-0.11147579,-0.19246903,-0.15318793,-0.022334298,0.3949747,-0.13173433,0.066090606,0.0668434,-0.2645077,0.5432604,9.209273e-06,-0.123710215,0.1646669,0.52533877,-0.13726503,-0.03520873,-0.04808329,-0.219529,0.06051563,0.24370264,-0.071725324,0.08331619,0.2024607,-0.12064376,0.1942908,-0.105410434,-0.16504347,-0.022850368,-0.03219845,0.18522198,0.035053108,-0.12305961,-0.030194063,-0.06505375,-0.020708513,0.28773084,-0.44383168,0.021721514,0.08827264,-0.11759941,-0.039649226,0.294692,-0.011533214,0.1383189,0.13870642,-0.32424074,0.52939636,-0.1536718,-0.04687378,0.21445124,0.3428946,-0.060155377,0.00016676777,0.38567135,0.06794851,0.14686717,-0.1460245,0.38103437,-0.16517939,-0.2889861,0.34820923,-0.0070765177,0.018874157,-0.03830974,0.5246184,0.26564908,0.037668895,0.44466975,-0.14247586,-0.06191025,0.03193859,-0.08689716,-0.1053822,-0.13862292,0.028793298,0.19031443,-0.15703946,1.0840749,-0.11784577,0.19146852,-0.039592326,-0.08778884,-0.0972823,0.2539683,1.0674331,0.0415223,0.03941419,-0.09076389,0.6241381,0.184750578
gex_possorted_bam_1WGCZ:TTTAGCTTCTGTAATGx-M2,-0.16084169,0.078008585,-0.0115806665,-0.12109421,-0.09683986,-0.1733867,-0.12387449,-0.01556728,0.30011287,-0.03323024,-0.0043552793,0.009250183,-0.11515096,0.19260344,0.04770998,0.024237914,0.068250015,0.30869582,-0.1312969,-0.0613703,-0.04061218,-0.1691478,0.022552127,0.13427764,-0.039455824,0.04485292,0.11813002,0.011753325,0.31572708,-0.085913,-0.09226699,-0.034427196,-0.044995993,0.08878936,-0.072449006,-0.120323926,-0.029032098,-0.026251584,-0.06602673,0.12354297,-0.32712013,0.00966952,0.10710851,-0.111689284,-0.052322112,0.14063644,0.17724448,0.06588149,0.14179225,-0.23197736,0.34160966,-0.1400879,-0.05612459,0.11157131,0.3115166,-0.058526516,0.042645667,0.23392642,0.028949438,0.024304356,-0.12911943,0.265519,-0.1267177,-0.27199662,0.29334474,-0.040208276,0.058759496,-0.04130979,0.34447742,0.091250554,0.09943341,0.24105275,-0.09882707,0.014425003,0.010433817,0.021514298,-0.037429184,-0.09202269,0.042265072,0.09698592,-0.16200559,0.34183592,-0.06944441,0.12328659,0.0067979945,-0.055424735,-0.04579162,0.16540124,0.93498373,-0.089974545,0.060673583,-0.04466234,0.40496385,0.22138174
gex_possorted_bam_1WGCZ:TTTACGCGTCTAACCTx-M2,-0.19923827,0.10917067,-0.059897806,-0.112731434,-0.1328256,-0.21778956,-0.11659036,-0.0064877137,0.40869358,-0.095482185,0.048198577,0.01584051,-0.10689681,0.29001182,0.034332674,0.0029148082,0.13019748,0.41216958,-0.12614079,-0.047080394,0.0034478542,-0.15759678,0.08783492,0.19085339,-0.057308774,0.064201914,0.1486525,-0.028283412,0.48847383,-0.08683333,-0.11620985,-0.03026775,-0.034372624,0.12739335,-0.03542402,-0.1415623,-0.044261873,0.021905951,-0.019565439,0.13824165,-0.28726962,0.023890194,0.13655804,-0.105408125,-0.078820676,0.26413924,0.12709682,0.16935976,0.20922704,-0.14187033,0.4947991,-0.13455886,-0.04763819,0.111361876,0.2746842,-0.08230207,0.07755981,0.34505793,0.013467925,0.054731738,-0.14314528,0.378681,-0.15496744,-0.28544816,0.48136118,-0.03154442,0.02740469,-0.053534452,0.4378149,0.13309129,0.110594995,0.36292964,-0.13897985,-0.053898584,0.04196839,0.0022373532,-0.103203334,-0.18086378,0.039515935,0.15251586,-0.16725044,0.45434538,-0.10529105,0.15251635,0.11280543,-0.09289826,-0.077475294,0.1978319,1.1428894,-0.04514427,0.044454187,0.034530815,0.5634714,0.25288891
gex_possorted_bam_1WGCZ:TTTCCACCAGAAATGCx-M2,-0.16932943,0.047343235,-0.06778238,-0.091805056,-0.10515718,-0.16253112,-0.09076909,-0.020858934,0.2842279,-0.003994159,-0.010845502,0.0054266253,-0.005098299,0.1315112,0.02100536,0.105219685,0.05518464,0.24363312,-0.13872351,-0.04807293,-0.008702148,-0.10201241,0.10433739,0.122065,-0.02444857,0.04551089,0.14106111,0.070659816,0.43163896,-0.092101045,-0.12650476,-0.025905658,-0.045404203,0.07832442,-0.07368244,-0.12881134,-0.047332544,0.031239185,-0.036649846,0.07183082,-0.16413988,0.008958586,0.14069737,-0.09063529,-0.06612017,0.15671277,0.27152064,0.06801006,0.16758496,-0.0781203,0.33721384,-0.13035777,-0.05114892,0.043936707,0.2846891,-0.036807764,0.10242387,0.19436567,0.048053604,0.042590357,-0.15774149,0.27205303,-0.0785778,-0.24473086,0.36793035,-0.037750274,0.01643347,-0.06162702,0.29162818,0.025828006,0.12863779,0.24175131,-0.06747937,-0.005955793,0.042739563,0.04246858,-0.10245669,-0.042325683,0.0185941,0.17902547,-0.16451836,0.049142305,-0.06592937,0.13622855,0.21315044,-0.04063754,-0.01594122,0.10222046,0.86928797,-0.04890814,0.027192386,0.04016448,0.3532171,0.271786835
gex_possorted_bam_1WGCZ:TTTACGAAGTAACGGAx-M2,-0.195336,0.09725936,-0.01785875,-0.12120087,-0.07299443,-0.18709847,-0.094518974,-0.005671787,0.3646546,0.0143366195,0.08171637,0.029494947,-0.016296543,0.2253545,0.07485823,0.07657933,0.09266743,0.32328773,-0.10340417,-0.044914927,0.00060587056,-0.13217357,0.10737376,0.1573543,-0.0616352,0.07913347,0.16736464,0.081836455,0.48734623,-0.08799191,-0.13129212,-0.042057637,-0.053956464,0.12558751,-0.046312746,-0.12530954,-0.001369592,0.031190442,-0.009497994,0.111370765,-0.21465312,0.011389449,0.2000053,-0.11336651,-0.06370904,0.23571587,0.30234438,0.119885705,0.1819684,-0.11205309,0.43782875,-0.11988602,-0.06681348,0.08389399,0.32727927,-0.07353439,0.10611232,0.3182119,0.05951273,0.0633604,-0.14831524,0.3425095,-0.045808442,-0.27718306,0.54156125,-0.019729732,0.029528294,-0.018150298,0.39097303,0.083998844,0.12357094,0.36597517,-0.068555325,-0.041963525,0.031359117,0.019306466,-0.09938955,-0.09213308,0.04643476,0.19432618,-0.17440106,0.08671596,-0.10916996,0.1292619,0.22698231,-0.08116915,-0.025668064,0.16994117,1.0774065,-0.033973318,0.08737928,0.09721454,0.46905965,0.32242694000000005
gex_possorted_bam_1WGCZ:TTTATGGAGGACCGCTx-M2,0.53617173,-0.24997452,0.2992391,0.4319749,0.5304242,0.06764343,0.17269509,-0.0070734527,-0.41379672,-0.07643171,0.04361004,-0.039458137,-0.047148243,-0.30981854,0.1808607,-0.0002810313,-0.0011122392,-0.2625528,0.1346713,0.21515565,-0.01951451,0.15712313,-0.4226226,-0.21382011,0.24911603,0.19552343,-0.2612343,-0.15895765,-0.9838287,-0.05647715,-0.45898482,-0.055507816,0.208103,-0.26042634,-0.058848634,0.15087818,-0.06574201,0.013185084,-0.0064083086,-0.13634108,-0.1701434,0.12985097,-0.055631816,0.08712179,-0.26896423,-0.17371857,-0.24142417,0.007404293,-0.1985809,-0.027731538,-0.20156814,-0.10551973,0.7729343,-0.145085,-0.14320873,0.2903474,-0.13555108,-0.1296835,0.23353761,0.047635175,0.4671184,-0.011627349,0.15303779,0.091268115,-0.30783004,0.05763222,0.044173673,-0.2735231,-0.4350398,0.068122216,-0.231494,-0.27006015,0.24796097,-0.08678075,-0.19331072,-0.1440875,0.25871137,0.31559762,-0.1265815,0.06972878,0.3814277,0.024905328,-0.26425025,0.008576154,-0.43862858,0.28263095,0.2128959,-0.27209604,-0.6499757,0.018552154,-0.23943296,0.30290076,-0.46741876,-0.1265257595
gex_possorted_bam_1WGCZ:TTTACGAAGGACCTTGx-M2,0.26575908,0.08224763,0.3664332,0.07732242,0.36678293,1.1325845,0.4233942,0.08864115,-0.03899539,0.42846566,0.13716428,0.4092097,-0.09493835,0.47927704,0.17589396,-0.03447193,0.040310286,-0.13839053,0.8172951,0.10360984,0.0075081326,-0.081498735,-0.23268673,-0.10117331,0.36218163,0.22222677,-0.014651523,0.055867698,-0.55931735,0.17199396,0.68348074,-0.08350262,0.3217672,0.039274152,0.19136116,0.5825654,0.16081603,0.12990525,0.034579333,0.050263952,-0.18594563,-0.021988409,-0.026736109,0.40791467,0.28905228,0.30458224,-0.1144745,0.08917995,-0.111830294,-0.14271876,0.15599258,0.49966702,0.4614243,-0.030922843,0.16201892,0.13712521,0.011271019,0.25720623,0.38197958,-0.017029503,0.25042063,0.16309312,0.65239173,0.84145045,0.5161098,0.21677539,0.099302,0.46926108,0.036765005,0.009738198,-0.10152425,-0.06337153,0.17594615,0.29224226,-0.06141383,-0.007837236,0.63385946,0.76032925,0.16401047,0.14708667,0.17319305,-0.124963656,0.40929088,-0.03020832,-0.1408227,0.3270081,0.34956172,-0.0051799165,-0.14378107,0.04108737,0.18759134,0.40738067,-0.2180398,0.02430931
gex_possorted_bam_1WGCZ:TTTCCACCACAGCCATx-M2,-0.17587256,0.093780376,-0.078838244,-0.10818495,-0.09627159,-0.17897356,-0.10875384,-0.007391176,0.38060638,-0.037001874,-0.00086120045,0.030852785,0.103555664,0.18023695,0.06489333,0.19910759,0.06284024,0.34400743,-0.1301645,-0.044709645,-0.010686526,-0.038842615,0.06983097,0.15915784,-0.03172192,0.043399863,0.17784828,0.09548551,0.6391682,-0.081487305,-0.116141945,-0.044286046,-0.041535977,0.08255311,-0.055859927,-0.11738316,-0.04186166,0.05635597,-0.03698835,0.11265228,-0.054421436,0.015032839,0.19745372,-0.10410485,-0.06520235,0.1794424,0.37177756,0.09510286,0.18951048,0.06577571,0.4615619,-0.12502849,-0.08236434,0.12281449,0.21412307,-0.06323393,0.13671869,0.23513967,0.047777344,0.05952333,-0.16125622,0.27264977,-0.08766315,-0.26926917,0.6556463,-0.061230525,0.026116855,-0.056152824,0.31175733,0.0051229117,0.17392226,0.32891244,-0.093917534,-0.00455728,0.034861907,0.06204122,-0.10982253,-0.05256767,-0.0023874906,0.18184324,-0.19616196,-0.05211875,-0.03185185,0.112772495,0.4172042,-0.109462604,-0.043915976,0.17871787,1.0743477,-0.051450223,0.03912859,0.17807043,0.43608806,0.32221366500000004
gex_possorted_bam_1WGCZ:TTTCGTCCAAGGTACGx-M2,-0.2026369,0.11333375,-0.050434288,-0.10760738,-0.09215157,-0.20145999,-0.122298606,-0.0097235525,0.43386772,-0.057943463,0.051779155,0.0549092,-0.014371061,0.28229567,0.07273383,0.082442395,0.118951075,0.40220436,-0.09547634,-0.059945207,0.007502923,-0.118856296,0.10786266,0.1978893,-0.024747858,0.095978335,0.20726326,0.04124792,0.55708367,-0.09568254,-0.13488771,-0.03762599,-0.036330134,0.16048494,-0.0145712,-0.14530018,-0.0304102,0.03632286,0.0055148876,0.1420297,-0.17937905,0.007951068,0.17284016,-0.117778346,-0.065844715,0.28294966,0.24296701,0.17638159,0.19410129,-0.05819829,0.50729203,-0.13816273,-0.044487108,0.14928585,0.2627733,-0.079545714,0.1180258,0.35520014,0.037795443,0.074484624,-0.16627161,0.39569923,-0.099472865,-0.26718253,0.6145304,-0.039665654,0.020711802,-0.04637638,0.43255836,0.09013427,0.1350383,0.41388628,-0.094864,-0.038630772,0.07204002,0.019274427,-0.11491182,-0.12692899,0.03683397,0.18415833,-0.18271261,0.25433382,-0.089377135,0.15654793,0.2914141,-0.075260565,-0.045569044,0.16938531,1.1372677,-0.020779256,0.08796856,0.09946373,0.52615476,0.31933312
gex_possorted_bam_1WGCZ:TTTCCGGGTCGTAAATx-M2,-0.18371151,0.12123702,-0.05125978,-0.104766145,-0.12295157,-0.19452274,-0.12997882,-0.007950275,0.32173955,-0.03324252,0.051548496,0.029173657,-0.008648687,0.21211867,0.0031576802,0.09055542,0.074972965,0.3182718,-0.1362274,-0.044503212,-0.007448044,-0.11242042,0.085859306,0.14811194,-0.07113922,0.10739105,0.18179885,0.06630504,0.5178376,-0.11217862,-0.10354378,-0.029895745,-0.040133618,0.122498274,-0.06383923,-0.14751789,-0.036711548,0.06302762,-0.015036776,0.16205874,-0.2037293,0.0228515,0.18307425,-0.11031998,-0.07166375,0.2691594,0.33155513,0.13659737,0.21726225,-0.104947336,0.43934572,-0.120554484,-0.042089347,0.0962695,0.30316302,-0.05038896,0.120081514,0.29964966,0.07136921,0.045119084,-0.15742573,0.34497237,-0.010324527,-0.28140065,0.5424325,-0.033080366,0.048221882,-0.015121332,0.3365666,0.056596346,0.13771278,0.28989652,-0.059348457,-0.01789475,0.039829686,0.060423106,-0.11299633,-0.06014361,0.043267436,0.19138037,-0.18086942,0.05451709,-0.08021806,0.151404,0.24672042,-0.050048172,-0.010134785,0.14750369,1.0524466,-0.04134447,0.04640123,0.060564145,0.45343086,0.33826375
gex_possorted_bam_1WGCZ:TTTGCATTCCCATAAAx-M2,0.38392925,0.05115637,0.4416589,0.107838854,0.5755736,1.2417419,0.47722644,0.095024794,-0.1228023,0.5172326,0.14745879,0.47383326,0.06453383,0.48667568,0.15516247,-0.04463574,0.009975807,-0.24861151,0.90593857,0.1738597,0.0039308993,0.15866894,-0.3759621,-0.15692358,0.44362643,0.25957212,-0.0720093,0.063577734,-0.79642695,0.20297763,0.8457471,-0.09596424,0.36122108,-0.031951107,0.23828007,0.629922,0.118322775,0.08712334,0.08398552,-0.0043130033,0.08120512,-0.019909644,-0.07107512,0.51861,0.30821452,0.3477889,-0.19676101,0.057283722,-0.18703584,0.0023083026,0.06906626,0.64432275,0.46905017,-0.06658375,0.124088414,0.16916445,-0.02120424,0.18761407,0.43368158,-0.051321037,0.30888703,0.09721518,0.79579836,1.057048,0.41779512,0.20048715,0.10945337,0.48803356,0.041524872,-0.031467132,-0.13110025,-0.15885149,0.23732199,0.30649108,-0.09383752,-0.062125314,0.8239672,0.8618179,0.17648518,0.07399099,0.27171314,-0.19780359,0.43919468,-0.06672583,-0.046822984,0.3996953,0.40996122,-0.06520269,-0.37685427,0.05121637,0.2240667,0.6228836,-0.3370443,-0.049772914999999994
gex_possorted_bam_1WGCZ:TTTGTCCCAACAACAAx-M2,0.3419985,-0.007874356,0.20213169,0.17857079,0.31468546,0.24682514,0.14581151,-0.011478784,-0.2206413,0.22448827,0.23333168,0.0994075,-0.07320879,-0.019748785,-0.020394085,-0.016095635,-0.013175417,-0.24014387,0.17229879,0.030100318,0.13179687,0.18959926,-0.2291153,-0.11385874,0.13104743,0.021778733,-0.0846787,0.002864694,-0.6178968,0.19685309,0.21305874,0.0027618282,0.08444267,-0.056780227,0.123008735,0.21504787,0.033859976,0.1215641,0.28767335,-0.12483712,0.10875247,0.049222834,-0.08745967,0.38516125,0.039724104,0.018245406,-0.21265371,-0.022255218,-0.1696974,0.03923463,-0.16621983,0.18714678,0.0626747,-0.11587156,-0.14351082,0.07459796,-0.07004558,-0.10417484,0.07607764,-0.06336056,0.18242969,-0.10141409,0.4227368,0.60914445,-0.122256644,0.05895896,-0.025624832,0.062066987,-0.15370154,-0.03392945,-0.10146439,-0.20432755,0.21264341,0.097184,-0.060351454,-0.04426294,0.12686166,0.19589747,0.07922058,-0.044936422,0.25243258,-0.12645009,0.17596784,-0.096307166,-0.21400808,0.06856709,0.10122951,-0.07553186,-0.5505619,0.09589503,0.065656334,0.106820814,-0.3124611,-0.1570339
gex_possorted_bam_1WGCZ:TTTAACGAGGAAGCTAx-M2,-0.18968469,0.10198122,-0.05275279,-0.106773816,-0.07181742,-0.19985715,-0.10086557,-0.014626938,0.39199576,0.024306707,0.021386867,0.04832887,0.068435974,0.17580494,0.07579725,0.1674452,0.07059103,0.2994474,-0.12353063,-0.03222431,0.017871222,-0.087334394,0.06891926,0.13137245,-0.020147718,0.058624562,0.19474155,0.107430115,0.6189534,-0.08942314,-0.11862952,-0.05569003,-0.049905248,0.09916478,-0.079622716,-0.12043847,-0.036971286,0.07149388,-0.007070975,0.09882397,-0.14205097,0.0051891953,0.2228737,-0.10004658,-0.060648844,0.2084243,0.4322464,0.13211493,0.17373629,-0.011173729,0.45769805,-0.12925696,-0.07370194,0.11344828,0.26415813,-0.06493715,0.15584494,0.2893036,0.04776147,0.05455561,-0.15739977,0.29852507,-0.07768555,-0.25310236,0.67095226,-0.05972961,0.040582668,-0.056825805,0.33442754,0.01627749,0.14054804,0.34183955,-0.09030907,-0.0035622178,0.03142035,0.08117589,-0.10015569,-0.049748432,0.0036980321,0.20307247,-0.20330253,-0.07337016,-0.040176526,0.13981289,0.34232587,-0.07664451,-0.03322327,0.17332338,1.0892577,-0.044513434,0.0635949,0.12499358,0.42120624,0.365385735
gex_possorted_bam_1WGCZ:TTTAAGGTCAATGAGGx-M2,0.3126288,0.054602437,0.4183441,0.10825421,0.4307982,1.3721074,0.49785897,0.10234442,-0.1890699,0.52116585,0.084906854,0.4925077,-0.19445385,0.50020945,0.1805529,-0.07502069,0.0113195805,-0.21591072,0.9657957,0.15512034,-0.019282272,-0.12108778,-0.31232247,-0.16926758,0.42297062,0.27084807,-0.07118993,0.047446188,-0.7864103,0.1747205,0.8140039,-0.09507619,0.34525007,-0.00092875434,0.2412273,0.6549249,0.21501584,0.08127472,-0.027970184,0.0074664955,-0.33684063,-0.026909221,-0.06346686,0.4530325,0.37500688,0.26319042,-0.1800249,0.0234378,-0.15429278,-0.26401156,0.07020788,0.60822123,0.5100593,-0.08972472,0.18942302,0.1900193,-0.018685535,0.23181324,0.42286307,-0.043403823,0.33020172,0.13382111,0.7422566,0.951997,0.40767708,0.23038355,0.07559041,0.5112848,0.0061960765,-0.0047098547,-0.1555942,-0.19386554,0.20733708,0.34231395,-0.099165,-0.02164044,0.7917748,0.88985103,0.16916871,0.12623672,0.20658416,-0.16959564,0.46744454,-0.07694533,-0.3558483,0.4150302,0.43248174,-0.059751663,-0.35215122,0.019954812,0.20112821,0.3933821,-0.354556,-0.023101894999999997
gex_possorted_bam_1WGCZ:TTTGGTAAGGTCCAATx-M2,-0.11662095,0.13938867,0.045878213,-0.13638562,-0.029986208,-0.07026637,-0.032307446,0.005198575,0.3797654,-0.020429874,0.053131178,-0.0034808854,0.17602952,0.22811471,0.14592552,0.058680173,0.022253716,0.2705402,-0.051634632,-0.0885045,0.0152322035,0.02833319,0.058702864,0.1353136,0.028357761,0.07527025,0.14570107,0.051684882,0.3754251,-0.00603459,-0.09208423,-0.009710218,-0.012819911,0.09845036,-0.07240839,-0.025723925,-0.030091755,0.072255455,0.0687809,0.19843847,0.07894559,0.009841811,0.08111377,0.019472579,-0.10519848,0.22066656,0.20615816,0.082618035,0.18997522,0.111742295,0.4615653,-0.081727274,-0.038939398,0.107060984,0.26513046,-0.041268017,0.053501323,0.2944904,0.03217551,0.010106279,-0.11391519,0.234767,0.004273521,-0.059028577,0.43583325,0.02927896,0.106419586,0.004952799,0.32323697,0.121044315,0.09049414,0.28108904,-0.10173912,0.025682066,0.00881376,0.06876883,0.0616604,-0.0062772552,0.016888421,0.11701039,-0.08874353,0.2184905,-0.016342932,0.10013718,0.5013314,-0.05274959,0.025305942,0.12108905,0.71372837,0.039333455,0.021977346,0.14571363,0.35380706,0.22046258000000002
gex_possorted_bam_1WGCZ:TTTACGCGTTAACACGx-M2,-0.16852681,0.08661334,-0.05158985,-0.101932906,-0.11626954,-0.18476738,-0.13417763,-0.025311505,0.29498705,-0.021620046,-0.0013190696,-0.003076976,0.03715953,0.14655603,0.053262487,0.14349283,0.043095727,0.24843043,-0.12017747,-0.041840144,-0.03951935,-0.079945646,0.04483098,0.090473704,-0.063157596,0.043664858,0.13409624,0.07528291,0.48124224,-0.0919524,-0.12835847,-0.02832514,-0.053706832,0.06843624,-0.05133409,-0.12851569,-0.03642325,0.0077720364,-0.06405887,0.13450842,-0.13605277,0.0182947,0.1757133,-0.09757626,-0.051811647,0.1291481,0.3502403,0.068549864,0.16116853,-0.04927241,0.36676058,-0.11350787,-0.092941955,0.058908895,0.24802302,-0.037249796,0.100421876,0.20797253,0.05475578,0.036072753,-0.13006686,0.22288889,-0.06017902,-0.27087596,0.46455163,-0.06793461,0.033509374,-0.03542935,0.2751261,0.007902601,0.1250372,0.2714698,-0.100345366,-0.026927922,0.033459436,0.03138348,-0.09473103,-0.05883449,0.036306273,0.1401566,-0.18009529,0.029125804,-0.028253075,0.09379699,0.25981665,-0.10304301,-0.043913156,0.11673239,0.91560936,-0.056010477,0.03278952,0.073111504,0.35332608,0.286564595
gex_possorted_bam_1WGCZ:TTTGACCGTAGCTAGCx-M2,0.34480023,0.032276276,0.3604131,0.14678614,0.32705453,1.0626744,0.42600292,0.063929796,-0.20346065,0.4082531,0.13306616,0.3432222,-0.19251178,0.34000263,0.11041957,-0.04676057,0.016947951,-0.22833708,0.76077616,0.12253162,0.04504835,-0.04097148,-0.2802791,-0.14232814,0.3130388,0.17951432,-0.06983992,0.01042131,-0.73822707,0.19379665,0.6342013,-0.05590282,0.28909495,-0.0029916782,0.21967737,0.56128776,0.15461874,0.11254639,0.06314361,-0.0004252367,-0.20578788,0.0083437655,-0.07646703,0.419957,0.2853101,0.19751155,-0.21302612,0.0063327304,-0.17830804,-0.13759437,-0.0064126113,0.4876071,0.41415945,-0.09385704,0.054246686,0.17428295,-0.021403506,0.11484638,0.32068577,-0.040814392,0.30461368,0.050378673,0.58931136,0.87583995,0.25698587,0.21682759,0.053859215,0.41577813,-0.0816029,-0.005496607,-0.15345563,-0.2041594,0.2032824,0.26722595,-0.083022855,-0.030199688,0.5347522,0.6913167,0.1455555,0.072208956,0.23817989,-0.16627908,0.40481701,-0.1017326,-0.32671168,0.3116161,0.32751083,-0.057154506,-0.43401948,0.05027855,0.1283375,0.27082554,-0.35650414,-0.0813237235
gex_possorted_bam_1WGCZ:TTTGACTTCATTACTCx-M2,-0.19423111,0.21350393,-0.046577048,-0.114153646,-0.11007692,-0.19934249,-0.15256812,-0.01835527,0.3921459,-0.045249965,0.100788444,0.08625523,-0.061422072,0.34435627,0.011351238,0.045896705,0.09383834,0.38119206,-0.15441246,-0.034836102,-0.013054845,-0.10513959,0.10001848,0.17294422,-0.037758715,0.07161299,0.2243206,0.031207088,0.42004186,-0.122035235,-0.13321398,-0.0010712269,-0.040203795,0.19667144,-0.051063526,-0.13768597,-0.018184783,0.022603953,0.0014031129,0.2674947,-0.23367043,0.054881442,0.17369393,-0.11164505,-0.042604458,0.31396636,0.26193488,0.15216182,0.143042,-0.15886489,0.46839425,-0.13796136,-0.06388945,0.19291575,0.28054214,-0.052838035,0.07954915,0.33424067,0.076710284,0.08366664,-0.15204875,0.3489981,-0.053519703,-0.27110702,0.59677315,0.005534808,0.041499447,-0.023230761,0.37444043,0.15140867,0.0818916,0.3546745,-0.075115964,-0.048316643,0.033916093,0.044346873,-0.06859348,-0.035221715,0.0689231,0.22867054,-0.16291192,0.2898162,-0.08231248,0.15118209,0.24535757,-0.03752842,-0.019850444,0.19314699,0.9408252,0.0042379554,0.055746127,-0.012619275,0.46634457,0.30546649
gex_possorted_bam_1WGCZ:TTTCCACCATCTTGAGx-M2,-0.13619658,0.08931641,-0.094876125,-0.070109166,-0.10613091,-0.1742467,-0.06299771,-0.0033016345,0.28466448,-0.03022791,-0.023577856,-0.0046367156,0.12205655,0.10764019,-0.012850804,0.15590976,0.053670134,0.24824394,-0.11614163,-0.038740657,-0.017236097,-0.03334166,0.06165188,0.1309198,-0.003639278,-0.016108949,0.16607769,0.13585086,0.57672054,-0.054722898,-0.1081127,-0.01913311,-0.059908457,0.044648513,-0.074034505,-0.0983909,-0.07538203,0.080068685,-0.06142192,0.05984393,-0.045792714,0.0072486177,0.2084854,-0.14957556,-0.0785927,0.13836841,0.3057917,0.12045969,0.1753121,0.098450795,0.34147805,-0.16210891,-0.04996724,0.10223143,0.22025494,-0.08020178,0.16958502,0.14860651,-0.0208388,0.06917319,-0.14689901,0.2944617,-0.08817428,-0.28255227,0.5429146,-0.056621376,0.0052173417,-0.053843446,0.19692367,-0.0019315995,0.1599706,0.29491022,-0.0858953,-0.01208086,0.089129835,0.084088616,-0.16077833,-0.07991291,-0.018793283,0.1468642,-0.18429358,-0.12739545,-0.026989404,0.089355245,0.33278304,-0.10783597,-0.09382993,0.1131288,0.8177209,-0.056288417,0.07348279,0.0693165,0.31552008,0.30012669999999997
gex_possorted_bam_1WGCZ:TTTAACGAGCAATAGGx-M2,0.3311212,0.024919547,0.43281403,0.10020237,0.39739415,1.4177021,0.53103805,0.10790899,-0.16796751,0.49901345,0.095222086,0.46531746,-0.18345465,0.5063277,0.17103578,-0.08592515,0.01906788,-0.21077381,1.016666,0.13489547,-0.0004922878,-0.1221915,-0.29776323,-0.1303578,0.45298254,0.25307506,-0.079471596,0.0469251,-0.79737395,0.1864617,0.83091503,-0.09768984,0.4047288,0.023086907,0.24221395,0.70797884,0.19679144,0.11309983,-0.0070782993,0.028857172,-0.27013397,-0.025842225,-0.062485397,0.46708736,0.37091288,0.24945213,-0.21922426,0.040593922,-0.17217508,-0.20101307,0.08686136,0.6324035,0.5569863,-0.057418603,0.15201858,0.1944485,-0.0110420175,0.24727555,0.43833727,-0.027900305,0.34925237,0.11703235,0.7247015,1.011392,0.42424554,0.27819443,0.08592128,0.5467783,-0.025498943,0.009120641,-0.1682891,-0.17758842,0.19027756,0.3494525,-0.09688609,-0.043738894,0.76825505,0.9266189,0.1917398,0.1088388,0.23250683,-0.18613867,0.4582023,-0.06989928,-0.32082093,0.41713822,0.4293613,-0.04815581,-0.37821802,0.023026388,0.17532505,0.4076686,-0.3586686,-0.051095955000000005
gex_possorted_bam_1WGCZ:TTTGAGTCAGGCTTCGx-M2,-0.1888806,0.11155474,-0.03966722,-0.13244817,-0.08788764,-0.20758441,-0.14470005,-0.011093779,0.4092467,-0.044558402,0.032393843,0.0700572,0.11094792,0.21454424,0.06786797,0.16179322,0.08353861,0.36519936,-0.11878389,-0.03845203,0.010482136,-0.028434884,0.082989395,0.16006604,-0.010858029,0.05434657,0.18700184,0.07811844,0.64888114,-0.08192418,-0.14529467,-0.031796426,-0.052756377,0.11885611,-0.059853088,-0.12341071,-0.030804321,0.0609989,-0.007785151,0.1608378,-0.05569582,-0.014242855,0.21540427,-0.10359229,-0.043784313,0.26081166,0.36877325,0.12137829,0.17847957,0.07200377,0.4805153,-0.13043083,-0.07663389,0.16097505,0.26186234,-0.08042411,0.1467128,0.28495017,0.05399916,0.07393455,-0.16496503,0.32026392,-0.12309758,-0.26526833,0.7088728,-0.048186015,0.052386764,-0.05222194,0.37476322,0.05614661,0.16888879,0.3585127,-0.09943768,-0.015139865,0.039906643,0.068589695,-0.08267303,-0.050989285,-0.012888243,0.21071404,-0.18916118,0.014259787,-0.053808283,0.1395468,0.46379516,-0.11325333,-0.032182742,0.1631599,1.0897381,-0.04123715,0.062123183,0.14542563,0.4468208,0.344518585
gex_possorted_bam_1WGCZ:TTTGGTGCACAATGTTx-M2,-0.18819897,0.12317828,-0.04292989,-0.1319734,-0.0805682,-0.17726892,-0.11153052,-0.003177882,0.38156202,-0.021352742,0.06214416,0.04729894,0.01100669,0.22457974,0.04507459,0.11189955,0.083143316,0.36464015,-0.11718068,-0.04584774,0.0013696844,-0.10175601,0.11471395,0.16296689,-0.02781944,0.08281197,0.18885456,0.062040947,0.5609429,-0.09585927,-0.111745276,-0.029229324,-0.04768088,0.1243498,-0.04822463,-0.13438891,-0.020490596,0.071602814,-0.007518317,0.15786949,-0.16625936,0.0031769027,0.18441394,-0.10165311,-0.058459695,0.28199747,0.32931253,0.13904983,0.17614956,-0.060274992,0.48280138,-0.13119842,-0.05091576,0.10595393,0.29765016,-0.072870016,0.1342477,0.29980725,0.06778087,0.052816752,-0.16139543,0.34766468,-0.032989286,-0.25830585,0.61452127,-0.02632301,0.042561702,-0.05594819,0.37896448,0.06840609,0.14575799,0.3340275,-0.06522299,-0.008482422,0.029975066,0.059773725,-0.11289338,-0.070500806,0.024602076,0.1862363,-0.1787722,0.04748517,-0.08209836,0.15156852,0.31651327,-0.075138815,-0.014296498,0.16062964,1.0824815,-0.043931317,0.041742392,0.1002436,0.47281933,0.338488605
gex_possorted_bam_1WGCZ:TTTGGTAAGGTCCACAx-M2,-0.11927693,0.2134295,0.08950128,-0.054781888,0.17811655,0.052295823,0.042352147,-0.024911223,0.30508566,0.19271614,0.15056704,0.07561095,-0.107340835,0.28392595,0.09140609,0.055905998,0.007037083,0.08638002,0.0058303247,-0.005975205,0.018719517,-0.15447679,-0.012124572,0.063381106,0.059184827,0.18785657,0.17462346,0.15720753,0.08303833,-0.065654755,-0.012912137,-0.026635936,0.008871645,0.09737686,-0.0611379,-0.04086833,0.017112369,0.2023193,0.14976306,0.10860832,-0.3487734,0.032465603,0.12610558,0.07547167,-0.009013804,0.3641876,0.31909186,0.07049501,0.11775231,-0.31415692,0.4213904,-0.0893208,-0.027298147,-0.052896928,0.38001165,-0.030672012,0.1077269,0.2026745,0.12289137,0.062099423,-0.13137306,0.37505463,0.45743194,0.014035847,0.5461828,-0.02208123,0.09243779,0.079200245,0.23970054,0.04913367,0.028160337,0.3060505,0.14922628,-0.012178611,-0.01952483,0.023249354,0.089592494,0.13078058,0.090629354,0.2889244,-0.07637956,-0.07157831,-0.0116083855,0.18180992,0.09364742,0.08023225,0.15907408,0.12959976,0.49455386,0.08821232,0.10346229,0.053694725,0.22094052,0.34707324500000003
gex_possorted_bam_1WGCZ:TTTAACGAGTTCCTGCx-M2,-0.1509398,0.093758784,-0.08743941,-0.10966186,-0.10131285,-0.18270692,-0.10296975,0.0002421434,0.34152025,-0.051518094,-0.0062789507,0.021246668,0.08951591,0.13991366,0.04298214,0.19243178,0.04506878,0.3021166,-0.1384584,-0.041203033,-0.027671525,-0.030761681,0.077350244,0.14247476,-0.032508083,0.03873374,0.16239978,0.14550146,0.5462887,-0.09780774,-0.12189378,-0.026699832,-0.04063483,0.080195114,-0.05210625,-0.108041264,-0.030705502,0.07584891,-0.013221058,0.11404294,-0.046393767,0.018045042,0.1748034,-0.10569286,-0.045531534,0.15744762,0.31867683,0.075565286,0.15873474,0.03541907,0.37485725,-0.14342944,-0.0805991,0.12070954,0.18268314,-0.06391375,0.12664254,0.15135519,0.037560783,0.025583843,-0.16593352,0.24702592,-0.0897061,-0.25666475,0.5542025,-0.06423431,0.02730206,-0.06500923,0.24139002,0.019460574,0.17658696,0.251875,-0.0644939,-0.03911583,0.020230293,0.06624196,-0.10371085,-0.042828046,0.0026456027,0.14506808,-0.17959638,-0.088249534,-0.0408725,0.105602816,0.37580797,-0.08631081,-0.035564248,0.14101265,0.8362374,-0.05924179,0.033873834,0.09739148,0.35739633,0.282851375
gex_possorted_bam_1WGCZ:TTGTTTGGTGTTTGCTx-M2,-0.18084818,0.074316815,-0.03924098,-0.13287582,-0.037399903,-0.20881307,-0.17330657,-0.013020985,0.35949135,-0.08934767,0.004261818,0.043568056,0.11206517,0.20855026,0.08321067,0.15918666,0.060112707,0.3668875,-0.09243896,-0.09390151,-0.037448466,-0.08382462,0.09228498,0.17572288,-0.011604427,0.021235809,0.18474413,0.08856071,0.6585439,-0.066383295,-0.17148907,-0.025003254,-0.015248035,0.09871727,-0.07401,-0.13961104,-0.009424367,-0.0041909306,-0.032120496,0.15879507,-0.106838696,0.013191273,0.15641277,-0.14016043,-0.058696367,0.23483714,0.38324872,0.13234448,0.12627092,0.022657067,0.38340285,-0.13374005,-0.064369574,0.18167338,0.195461,-0.07841665,0.08939897,0.26964045,0.04030976,0.060358007,-0.18493527,0.2640274,-0.072900996,-0.25257573,0.6536197,-0.025681954,0.04626821,-0.07311244,0.30350685,0.037306573,0.11395666,0.28575945,-0.10267038,0.020425243,0.09297692,0.093104884,-0.1155151,-0.11862025,0.013428711,0.14466566,-0.19879295,-0.02883817,-0.09601058,0.09261294,0.36873093,-0.06849957,0.0029129616,0.12471826,1.0390018,-0.060560755,0.108733565,0.13247842,0.4432097,0.32363806
gex_possorted_bam_1WGCZ:TTGTTTGGTTGCACAAx-M2,-0.20732652,0.11627061,-0.047811095,-0.09100945,-0.09149136,-0.18773767,-0.11668684,0.001794088,0.41606832,-0.030517189,0.04802334,0.08920896,-0.006645895,0.3265409,0.050608885,0.04065172,0.095941454,0.40803126,-0.13189842,-0.02275842,-0.013759957,-0.10610597,0.0901509,0.16111746,-0.025263306,0.100728385,0.18873207,0.015608887,0.4805248,-0.09197555,-0.104913965,-0.044854965,-0.057833765,0.15373829,-0.026155254,-0.1377961,-0.030026758,0.019133782,0.013706994,0.18588316,-0.17800784,-0.0033910586,0.16149995,-0.09481657,-0.057244487,0.2992372,0.20626518,0.12540354,0.16854115,-0.09872087,0.5032424,-0.14438598,-0.07884843,0.13583645,0.33242342,-0.073702805,0.08778026,0.34517464,0.07043435,0.066219985,-0.1391559,0.3692767,-0.08973527,-0.29116222,0.562128,-0.016545212,0.04252261,-0.03793551,0.47282624,0.16187455,0.14251025,0.41301233,-0.10907844,-0.0208788,0.035614815,0.011932336,-0.06935168,-0.07239247,0.011146371,0.2108324,-0.17966995,0.31646797,-0.07086141,0.20094958,0.27953628,-0.08042417,-0.07538459,0.1830745,1.1700032,-0.027205566,0.08284299,0.10897163,0.5750787,0.28777094000000003
gex_possorted_bam_1WGCZ:TTTCTTGCAATATACCx-M2,-0.15777901,0.050920803,-0.07088106,-0.109537,-0.07321161,-0.20729832,-0.17820396,-0.032284122,0.22269988,-0.099813476,-0.055017635,-0.029469734,0.011927368,0.0806612,0.006151438,0.027184492,0.073637135,0.2227222,-0.16930328,-0.0077376813,-0.03060598,0.0025518842,0.03923796,0.13931996,-0.08316468,0.033919103,0.1079796,0.052971967,0.36475855,-0.10433775,-0.13023192,-0.0004913303,-0.0527506,0.05366622,-0.03230137,-0.15441139,-0.0067944047,0.005504781,-0.02901323,0.07718018,-0.088326044,0.001284564,0.07392516,-0.10459148,-0.052609347,0.1103398,0.17418821,0.012461214,0.12775494,-0.009726211,0.22824728,-0.09041017,-0.09711603,0.0151763335,0.1010223,-0.06743063,0.041930772,0.20232338,0.0030270282,0.019104311,-0.10035701,0.21099868,-0.09985381,-0.19018207,0.2552098,-0.015470817,0.009153239,-0.13128823,0.2559733,0.030762596,0.07974631,0.17064409,-0.1272524,-0.072173044,0.039997164,0.03746949,-0.045690984,-0.19780408,0.0083852,0.07269588,-0.15318127,0.16718622,-0.09080425,0.1271506,0.2437188,-0.037423436,-0.025417449,0.049360078,0.63165456,-0.029864851,0.014099146,0.0324009,0.30680668,0.192593445
gex_possorted_bam_1WGCZ:TTTAAGCCAAAGCGCAx-M2,-0.21903852,0.13421518,-0.020463193,-0.1275561,-0.08950242,-0.17543718,-0.10163948,-0.00643093,0.4569385,0.03999093,0.078390904,0.077796824,-0.09350654,0.24404876,0.064402886,0.09494756,0.086335175,0.32097778,-0.12699541,-0.0388745,0.019600002,-0.20191517,0.1324854,0.15833512,-0.010399522,0.06633221,0.19371744,0.12111796,0.48964456,-0.11039745,-0.13087003,-0.036852732,-0.034020927,0.14764759,-0.049722455,-0.113123655,-0.04155365,0.07577078,0.028170675,0.13976656,-0.2892824,-0.008161972,0.2020879,-0.05482398,-0.060744185,0.2951867,0.32829842,0.111174524,0.17581475,-0.21119614,0.4917565,-0.13388923,-0.060267363,0.08354403,0.38635376,-0.070163615,0.115333565,0.32574975,0.057728965,0.06801156,-0.17692855,0.3873905,-0.01627451,-0.25185955,0.6059172,-0.011694202,0.053493068,-0.02966478,0.39617836,0.09824329,0.14965042,0.3858429,-0.06958062,-0.021160478,0.009980802,0.05577526,-0.08106098,-0.01124461,0.048545483,0.26728374,-0.18754397,0.063162416,-0.0935056,0.16056554,0.1888792,-0.03635285,-0.00093711633,0.15195449,1.1033131,-0.021082463,0.06979847,0.037288025,0.4834209,0.35784446000000003
gex_possorted_bam_1WGCZ:TTTGACCGTGATTACGx-M2,-0.20924704,0.17591508,-0.04505034,-0.09749947,-0.10708301,-0.2039827,-0.16690974,-0.0064839106,0.4421132,-0.09669651,0.10148353,0.10124884,-0.10978134,0.45548427,0.023371238,-0.0075247046,0.13554081,0.48036256,-0.14161953,-0.045519587,-0.027959278,-0.12723427,0.10136719,0.21359698,-0.033652805,0.0675969,0.22717579,-0.027219355,0.40785104,-0.10599567,-0.14419486,-0.022340825,-0.036920875,0.19777529,-0.01121306,-0.14104629,-0.02349219,-0.023487652,0.011342933,0.2697425,-0.26419848,0.01426872,0.16018759,-0.10389228,-0.056655027,0.34127724,0.15527928,0.17892727,0.14510295,-0.18133187,0.5226323,-0.14541844,-0.050989304,0.22222732,0.29752305,-0.06077342,0.0578246,0.38058516,0.053763546,0.09221923,-0.14091209,0.4172886,-0.114528246,-0.29268807,0.5741059,-0.0012424876,0.00943993,-0.04327658,0.4665883,0.20421328,0.09089041,0.41883692,-0.1128864,-0.043049507,0.043303717,0.007833881,-0.117279015,-0.09545328,0.046208028,0.22524767,-0.18276918,0.60465366,-0.097266674,0.17717972,0.1990739,-0.061703265,-0.048459806,0.21344349,1.1101696,0.022678917,0.07501797,0.009255139,0.5832245,0.28628394
gex_possorted_bam_1WGCZ:TTTGTCTAGTAGCCATx-M2,-0.16886814,0.087330565,-0.02840686,-0.10464593,-0.085435964,-0.17483631,-0.1383583,-0.024403391,0.4079535,0.05287913,0.07839059,0.054469768,-0.02425818,0.17510544,0.048459586,0.121458545,0.058189146,0.32890445,-0.119115345,-0.037773933,-0.0035295372,-0.15649062,0.06869733,0.13567284,-0.025971597,0.060143117,0.16719119,0.071864046,0.47983322,-0.096876465,-0.1141909,-0.030741526,-0.03240853,0.10826145,-0.02980071,-0.11264709,-0.023966672,0.045111857,0.037384152,0.12666133,-0.21408828,0.013822554,0.18411759,-0.029431822,-0.047446746,0.20820712,0.33178926,0.13287051,0.16756688,-0.11267242,0.47559908,-0.11792673,-0.09670273,0.101438195,0.31838736,-0.048990104,0.119433224,0.30018768,0.050916065,0.025247091,-0.13256912,0.2720026,-0.041445933,-0.23477235,0.5845054,-0.017543951,0.05121247,-0.03687473,0.35822958,0.04835706,0.16190435,0.3474655,-0.08420332,-0.022763776,0.03576682,0.038159538,-0.08597272,-0.016155079,0.03179466,0.1766895,-0.17434533,0.027846273,-0.06962126,0.123086035,0.24303518,-0.052702952,-0.028236195,0.14564295,1.0230746,-0.059289817,0.07224223,0.06416882,0.43831253,0.30189593
gex_possorted_bam_1WGCZ:TTTGACTTCATTACAGx-M2,-0.15865852,0.09995697,-0.041619983,-0.13988991,-0.07210719,-0.17616034,-0.08029219,-0.016042875,0.3776949,0.009461941,-0.00484689,0.029329432,0.0392631,0.16626894,0.05667773,0.14163373,0.085898094,0.28770027,-0.1390473,-0.034390055,-0.026094507,-0.07964782,0.07133884,0.13427547,-0.024975812,0.0403367,0.14591438,0.09395816,0.5269267,-0.088265195,-0.12548786,-0.037846398,-0.07349013,0.07592735,-0.04720373,-0.1295561,-0.0150687285,0.030191265,-0.083744206,0.07022532,-0.15012725,0.030723983,0.15643527,-0.12398751,-0.04860692,0.20675796,0.34009296,0.07910612,0.12623462,-0.022089485,0.39575756,-0.1284393,-0.08433225,0.1169036,0.26082096,-0.07422472,0.11676798,0.23531002,0.048744723,0.048418436,-0.15734157,0.2801638,-0.06835311,-0.24993815,0.5623471,-0.039623257,0.036369372,-0.074941464,0.3452461,0.014000633,0.14100982,0.3168722,-0.061390564,0.00024699056,0.020088112,0.04761766,-0.11101924,-0.049768496,-0.012884965,0.16002251,-0.17633806,-0.019756215,-0.05767207,0.11792468,0.291965,-0.06508423,-0.024636697,0.18360074,0.9589109,-0.06498031,0.04254695,0.10375126,0.37259766,0.31012838
gex_possorted_bam_1WGCZ:TTTGGTGCATTCAGCAx-M2,-0.16404398,0.0690632,-0.05683108,-0.09354983,-0.12935178,-0.16686092,-0.09588681,0.0051782825,0.28444597,-0.14267218,0.012611883,0.0041558095,-0.09505124,0.37579456,0.02626259,-0.04722811,0.15035735,0.3705618,-0.1416835,-0.0855596,-0.041815445,-0.12851548,0.042560887,0.2184774,-0.008194953,0.064836524,0.09853691,-0.038876425,0.32624936,-0.09268963,-0.108026564,-0.038527932,-0.043068882,0.079448454,-0.0056745308,-0.111226566,-0.016199071,-0.011010111,-0.05101246,0.08775413,-0.22443472,-0.029315013,0.08630416,-0.1183678,-0.07706064,0.21650453,0.0028168596,0.102893196,0.16215515,-0.10228857,0.4347584,-0.13968764,-0.011804246,0.08662245,0.26162001,-0.06576143,0.00793623,0.23599604,0.003996296,0.07584973,-0.13002516,0.37652472,-0.16420572,-0.2683836,0.28937292,-0.014431008,0.015163811,-0.044589616,0.3985843,0.10243726,0.115718834,0.30075583,-0.11734471,-0.026636405,0.033705138,-0.014775547,-0.11734496,-0.17794973,0.012675576,0.08583614,-0.17841989,0.58713806,-0.10123811,0.1746479,0.082370184,-0.08605032,-0.058317337,0.22063167,1.0383943,-0.031891182,0.035213556,0.047284335,0.52047473,0.1896707898
gex_possorted_bam_1WGCZ:TTTAACGAGGCAATAGx-M2,-0.18489821,0.05419729,-0.07934446,-0.10242509,-0.11071192,-0.18332706,-0.1103719,-0.028543966,0.29311982,-0.025471313,0.019312482,-0.013159421,0.051688854,0.10011686,0.05276727,0.1332652,0.04229503,0.24670756,-0.13274013,-0.05102132,-0.015301216,-0.06701451,0.04161462,0.080098614,-0.05821623,0.023353852,0.13479018,0.07544259,0.48850444,-0.080754764,-0.12057597,-0.029979363,-0.049813565,0.05137063,-0.04804483,-0.12889664,-0.045025803,0.02674612,-0.041334726,0.08869589,-0.13567531,0.025071608,0.17432787,-0.09664386,-0.060468804,0.13010685,0.31423587,0.08529426,0.182362,-0.023605598,0.3666864,-0.13908663,-0.06566841,0.08228028,0.25329632,-0.04544903,0.10939388,0.19515768,-0.0015150339,0.03840458,-0.14917436,0.25772157,-0.10106065,-0.26830012,0.46310627,-0.06937047,0.0202996,-0.056851663,0.2707836,0.010481835,0.1334677,0.2865835,-0.08425185,-0.040673405,0.04777049,0.014845084,-0.10000845,-0.07252564,0.0031444132,0.17964597,-0.1785515,-0.027350713,-0.06264519,0.09183451,0.26999718,-0.08648935,-0.03545462,0.13524242,0.89568835,-0.076430224,0.040598713,0.06806631,0.33868018,0.28597872
gex_possorted_bam_1WGCZ:TTTAACGAGTCCTTCAx-M2,-0.09069953,0.13711908,0.052058548,-0.08306048,-0.08210038,0.010937569,0.07606495,0.0026518318,0.1600202,-0.0077294935,-0.03940043,0.030386785,-0.076499,0.15970968,-0.04448649,0.014169381,-0.013198505,0.21971083,0.023003375,0.051487446,0.014319764,-0.056178518,0.11052986,0.10029649,-0.015735105,0.091846846,0.09406125,0.032406744,0.23100062,-0.113359265,-0.03155674,-0.023040527,-0.007584138,0.117575854,-0.038121596,-0.060700856,0.024719408,0.039667733,-0.04607923,0.10727546,-0.21655807,-0.00027630018,0.105285555,-0.13447334,0.008748274,0.2633565,0.15569147,0.013559363,0.05827213,-0.14513797,0.25849938,-0.09907108,-0.024102177,0.06540932,0.18531787,0.018848669,0.055233274,0.12677298,0.122157715,0.036113087,-0.10585044,0.21991475,-0.022180274,-0.110271305,0.3374537,0.028310658,0.037919953,0.013227544,0.19411437,0.1163599,0.03469312,0.16808128,-0.043384593,-0.016715907,-0.040146533,0.01618722,-0.015907887,-0.009440496,0.107808284,0.19895163,-0.047836944,0.06926417,-0.077579685,0.1416854,0.097758144,0.0011387412,0.008978371,0.17799371,0.4959062,-0.0061335983,0.056254815,-0.005133554,0.20653796,0.18780311
gex_possorted_bam_1WGCZ:TTTACGCGTCACCTATx-M2,0.008447184,0.15156762,0.14396523,-0.03278107,0.19500218,0.2504137,0.080923416,0.012433965,0.22796847,0.21552224,0.13374282,0.16325052,-0.007917111,0.32037985,0.09753334,0.07007738,0.04103657,0.09426027,0.14575292,-0.005774202,0.015211473,-0.080914184,-0.044827614,0.04540845,0.1403182,0.13705643,0.104967,0.11879049,0.01499892,0.010973888,0.14047447,-0.041484524,0.087393634,0.07676124,0.014545419,0.09944973,0.048707806,0.13998389,0.09764501,0.104623295,-0.18711089,-0.0071566678,0.09389548,0.1620637,0.03838631,0.2879857,0.21991938,0.09514854,0.038416177,-0.14343002,0.3409694,0.077266715,0.055886157,0.022399794,0.2936256,0.0071645407,0.08303108,0.26206073,0.17590213,0.009806955,-0.0030195795,0.26496264,0.36645317,0.203428,0.5208254,0.045605022,0.08515793,0.114206605,0.2466045,0.053389672,0.03210619,0.18882452,0.09399639,0.07637913,-0.03784198,0.025379086,0.1645113,0.2663413,0.071094796,0.17239034,-0.0347406,-0.022356376,0.091237105,0.11230055,0.13187324,0.10311225,0.15702741,0.0995356,0.46686664,0.037557453,0.13500504,0.19804011,0.15731707,0.24244101
gex_possorted_bam_1WGCZ:TTTATGGAGGCAGGTGx-M2,-0.1649558,0.14903636,0.004579129,-0.09749442,-0.021973081,-0.099000864,-0.0023848873,-0.011361043,0.37558585,0.19478734,0.05589854,0.05567241,-0.15960176,0.25432956,0.07425429,0.01006559,0.019254697,0.19254419,-0.12778705,-0.033060357,-0.012667606,-0.21660732,0.09213641,0.10720171,0.030161766,0.084703885,0.14956306,0.10627802,0.15460235,-0.114640616,-0.081148185,-0.037745405,-0.062347457,0.12214733,-0.09763822,-0.12204021,-0.019320011,0.09073142,0.027762337,0.13762805,-0.4044768,0.015722375,0.16470614,-0.05894969,-0.056383222,0.2770287,0.32207212,0.030746646,0.11488707,-0.40060383,0.4582624,-0.1322179,-0.10064744,-0.059405763,0.55450046,-0.03770375,0.11329209,0.27536988,0.08385886,0.051000983,-0.14941144,0.41348684,0.15251805,-0.17204913,0.40064844,0.003145251,0.092033826,-0.0061014183,0.39792672,0.14292488,0.0743203,0.31690145,0.012888091,-0.030023186,-0.034410987,0.0029341362,-0.027275145,0.06077758,0.09660153,0.2924249,-0.12798572,0.13717131,-0.07882117,0.22745205,0.055653103,0.045206897,0.038815863,0.15783681,0.827496,-0.008576059,0.07969253,-0.03249277,0.3661213,0.36777948000000005
gex_possorted_bam_1WGCZ:TTTAGCTTCATCCTATx-M2,-0.18968156,0.09234591,-0.06440717,-0.10872275,-0.068413325,-0.15041399,-0.08337174,-0.01748918,0.31436828,0.00055237394,0.019359425,0.018314797,-0.020283584,0.1653766,0.054048065,0.10490274,0.05149998,0.25921333,-0.14114343,-0.055261254,-0.023867775,-0.13580993,0.09979491,0.10943921,-0.029965505,0.04023762,0.15928857,0.0926709,0.4179818,-0.101925686,-0.12857036,-0.034849424,-0.051244598,0.0739308,-0.0693136,-0.12511003,-0.024026653,0.021527998,-0.016569763,0.10732912,-0.20948799,0.00416107,0.14472736,-0.09276592,-0.06896867,0.18642741,0.29951972,0.07570965,0.17035879,-0.120092146,0.3728298,-0.14828937,-0.0722075,0.05450842,0.30657613,-0.051765762,0.086309604,0.21017662,0.027792573,0.054035127,-0.1479068,0.28347734,-0.028365582,-0.27402347,0.42320096,-0.031771064,0.024693638,-0.06206556,0.29400125,0.041933734,0.12246115,0.28609994,-0.051308006,-0.015979229,0.030222561,0.039710585,-0.11018518,-0.032310963,0.020206356,0.1663646,-0.18754734,0.03717281,-0.064274855,0.1243431,0.19474207,-0.039291307,-0.006293275,0.11446551,0.896276,-0.045520034,0.039278224,0.035784576,0.35979033,0.29149853000000003
gex_possorted_bam_1WGCZ:TTTGTCCCAGACAAACx-M2,0.3625154,0.016068127,0.35717133,0.14544459,0.45100752,0.7461881,0.29958045,0.035361707,-0.12874624,0.3445045,0.2967844,0.2698272,0.059733666,0.2088192,0.113355406,-0.01377974,0.02512297,-0.23554444,0.53117454,0.08040501,0.120318614,0.20649095,-0.30928722,-0.13265137,0.28971225,0.11933858,-0.0569346,0.027207693,-0.72974086,0.2862021,0.48681852,-0.060914084,0.2610289,-0.036346283,0.17205976,0.44985062,0.094466925,0.13861153,0.30172196,-0.066034935,0.17667294,-0.012850931,-0.09006474,0.5010604,0.12922269,0.16860987,-0.19518848,0.061513636,-0.19490956,0.14023528,0.0015358082,0.398514,0.29087073,-0.05638047,-0.05372699,0.11310238,-0.0371068,0.093292095,0.22198111,-0.07201188,0.27644384,-0.024776623,0.62195414,0.92707825,0.18660396,0.16723794,0.044963315,0.26335084,-0.06706755,-0.027870497,-0.14292377,-0.1135563,0.22676997,0.23248002,-0.0654393,-0.060926925,0.41639626,0.51205915,0.10713865,-0.0033967053,0.2843574,-0.13450079,0.31381282,-0.07860052,-0.045963038,0.24897051,0.27068204,-0.04326479,-0.4299205,0.066007175,0.14030133,0.44251484,-0.32530725,-0.1099825515
gex_possorted_bam_1WGCZ:TTTGTGAAGCTGGACCx-M2,0.38349736,0.10575785,0.45142546,0.13143887,0.51310986,1.2359552,0.43427515,0.09487767,-0.154025,0.5107755,0.2532294,0.43668315,-0.14231636,0.45601508,0.1460548,-0.05728977,0.008891902,-0.23799641,0.8575879,0.07255648,0.04806394,-0.0650489,-0.3239207,-0.095138445,0.41542244,0.26177618,-0.0695694,0.09043311,-0.8013812,0.25046104,0.78459805,-0.08154805,0.38840598,-0.0014813244,0.22619814,0.6439021,0.18748616,0.17906606,0.2271337,0.027097555,-0.17992774,-0.03546915,-0.061446816,0.62480044,0.29154974,0.30394202,-0.20233257,0.09284002,-0.15812702,-0.19051702,0.06494482,0.5730301,0.4141723,-0.04190797,0.08259906,0.14984494,-0.05128528,0.22948633,0.39751977,-0.04185877,0.35339677,0.09592105,0.88125783,1.0642754,0.41626188,0.23183586,0.10376266,0.45473054,-0.025035297,0.045062933,-0.15632634,-0.19969869,0.23899186,0.3018933,-0.08738894,0.0078210505,0.71831226,0.84372485,0.19176513,0.088989474,0.24380937,-0.1958669,0.45243335,-0.07651519,-0.3121847,0.34261543,0.40455443,-0.04327125,-0.43028942,0.07710507,0.22817834,0.4102383,-0.36010435,-0.05320576
gex_possorted_bam_1WGCZ:TTTGCATTCGCCTAAGx-M2,-0.1916371,0.33944988,-0.050560746,-0.10935549,-0.07781391,-0.25290638,-0.20926324,-0.02184627,0.42760307,-0.09492897,0.1835628,0.17486924,-0.20093681,0.6592795,-0.018931381,-0.08068115,0.15732495,0.54675907,-0.16213822,-0.024515115,-0.08392413,-0.10647828,0.081478946,0.22050622,-0.053212542,0.010684384,0.24257961,-0.0628713,0.194214,-0.13611233,-0.15526646,0.016668087,-0.043207504,0.29534358,-0.020870836,-0.13414578,-0.0050635934,-0.09159501,-0.012374522,0.51320934,-0.35938993,0.022574415,0.18293682,-0.17867018,-0.01848017,0.3884536,0.11578493,0.23168573,0.05519643,-0.32697266,0.47137073,-0.14544708,-0.059790507,0.34437135,0.3253474,-0.019241024,-0.032626364,0.44786444,0.080549695,0.12097789,-0.1238407,0.424688,-0.1251538,-0.33202174,0.6088948,0.034345947,0.006837607,0.003454014,0.47976267,0.35662356,-0.01894367,0.39265665,-0.13875584,-0.098089315,0.0054083387,-0.00992521,-0.048917495,-0.0382636,0.08151247,0.25673637,-0.18288802,0.9522287,-0.10962652,0.19063587,0.10508641,-0.023289073,-0.053170606,0.25638923,0.88578194,0.064332366,0.051738176,-0.13619705,0.54777557,0.270236465
gex_possorted_bam_1WGCZ:TTTGAGTCATTGTGCAx-M2,0.50428104,-0.13771866,0.41282985,0.3224544,0.5593274,0.57648516,0.29619756,0.035361286,-0.25459492,0.17255688,0.14160015,0.14797345,-0.061612487,-0.019735828,0.21619548,-0.008622131,0.03751151,-0.29606453,0.46340072,0.15703906,0.024302281,0.039825335,-0.3222028,-0.18762417,0.31611198,0.27361843,-0.18306226,-0.069914185,-0.9203921,0.07872931,-0.01304732,-0.07130847,0.30683786,-0.12721941,0.049213033,0.36147928,-0.0029314808,0.101225704,0.16148894,-0.045600068,-0.14994377,0.054576203,-0.057338897,0.3093781,-0.06209582,0.07893025,-0.1815868,0.045216564,-0.18682949,-0.056509536,-0.08893219,0.12920143,0.74449533,-0.11063168,-0.03451612,0.24179718,-0.08264444,-0.016519329,0.3756,0.03420199,0.42516327,0.027696047,0.42491516,0.5373668,-0.0022599266,0.16137233,0.08579948,0.08796392,-0.29965964,0.003519539,-0.18449089,-0.22403392,0.278985,0.13001496,-0.1566278,-0.0906688,0.45888823,0.54430044,0.013413985,0.042970236,0.35014313,-0.101926155,0.016515028,-0.0028905566,-0.35888308,0.34072435,0.29908547,-0.18559885,-0.5281901,0.023711408,-0.03131918,0.35930407,-0.4270359,-0.0769453765
gex_possorted_bam_1WGCZ:TTTCCTGAGAAAGCATx-M2,-0.11698845,0.042532243,-0.087738514,-0.09428304,-0.10463259,-0.15675153,-0.05984516,-0.029330064,0.23046747,-0.01590279,-0.03467378,-0.027749902,-0.09912235,0.050946098,0.016791563,0.07287733,0.036831956,0.17627928,-0.13190539,-0.04388883,-0.034347557,-0.15846643,0.099695966,0.08687853,-0.037721183,0.05665212,0.09118696,0.05571795,0.3118994,-0.090504535,-0.10947459,0.005843806,-0.07070205,0.053897288,-0.0578394,-0.1454188,-0.00915252,0.0026539785,-0.03509412,0.05285647,-0.24099015,0.024761891,0.07216827,-0.11799163,-0.05492085,0.08205972,0.22619122,0.041736748,0.064060085,-0.19200914,0.2172943,-0.11584486,-0.067091234,0.041071124,0.16604199,-0.06389603,0.05505234,0.11614887,0.004409608,0.017221496,-0.1371356,0.1648965,-0.08561312,-0.19922924,0.2129822,-0.03365823,0.0021294677,-0.05221246,0.16281828,0.02134205,0.07590408,0.16699408,-0.05162551,-0.017130882,0.02351487,0.034737274,-0.13506491,-0.09237632,0.019039422,0.113247655,-0.11127404,0.03703641,-0.03496034,0.063050404,0.027288098,-0.034206484,-0.03133597,0.11647571,0.5770288,-0.05632614,0.0054440494,-0.077400245,0.24070969,0.19554386
gex_possorted_bam_1WGCZ:TTTAGCTTCCTTTACGx-M2,-0.19376229,0.10453961,-0.045738474,-0.13297988,-0.08761616,-0.19319429,-0.1409603,-0.008208312,0.4188502,0.00615043,0.03398286,0.051276986,0.039395638,0.18996945,0.083790734,0.16294171,0.064076334,0.3363961,-0.12744,-0.058347013,-0.0011471543,-0.09687229,0.08367459,0.13597201,-0.042255994,0.081522524,0.189179,0.10657936,0.62676895,-0.094053194,-0.12767352,-0.05288234,-0.04375471,0.12776048,-0.08329566,-0.12365047,-0.025771597,0.061836477,-0.0050801015,0.14659967,-0.14948814,-0.0046883416,0.21446256,-0.0852427,-0.055488925,0.20882253,0.42595994,0.1152298,0.19000578,-0.028632432,0.46547592,-0.13310984,-0.08287022,0.10279345,0.3077149,-0.070189044,0.14559281,0.3214316,0.056086756,0.055847384,-0.16112916,0.30866423,-0.070489794,-0.2705133,0.6806687,-0.04584085,0.068118,-0.05961178,0.34025258,0.036967747,0.17042743,0.39771447,-0.08471061,0.0018374843,0.030498452,0.06880918,-0.08579153,-0.039345194,0.02913995,0.17062461,-0.2134237,-0.011876753,-0.05155068,0.13077784,0.35064727,-0.09658448,-0.03379032,0.15356831,1.1380816,-0.0482928,0.058037106,0.13905273,0.46666613,0.367312085
gex_possorted_bam_1WGCZ:TTTAAGGTCGCGACACx-M2,0.30798036,0.08276738,0.39592925,0.07191097,0.36517364,1.1812655,0.41068533,0.06564314,-0.11032672,0.4370751,0.1844098,0.38690618,-0.17004718,0.5467289,0.13008218,-0.07638334,-0.011552383,-0.15874216,0.87612647,0.14161265,0.0057984963,-0.14287017,-0.29244414,-0.10895518,0.36120084,0.22711843,-0.02024452,0.04264716,-0.72742206,0.19337308,0.7272332,-0.05803608,0.31386283,0.024674581,0.20723465,0.58440804,0.14563397,0.122139685,0.053412367,0.07701292,-0.27892378,-0.007172732,-0.05759374,0.4252444,0.31717026,0.26551998,-0.14473426,0.031695124,-0.17720418,-0.23629002,0.08188613,0.5189144,0.43885434,-0.036652014,0.17351681,0.14363442,-0.023843186,0.22440816,0.36427635,-0.025271837,0.28921005,0.13303326,0.79312515,0.87627685,0.39294317,0.24457666,0.07550298,0.5132855,0.008621809,0.051194035,-0.15242492,-0.12086347,0.18441176,0.3062966,-0.07430428,-0.0047943946,0.63131666,0.88452405,0.1490281,0.12710899,0.21534477,-0.077014126,0.4306427,-0.056396395,-0.3030603,0.3262794,0.38789335,-0.023669606,-0.2986215,0.047849495,0.1834007,0.2974884,-0.3051455,-0.0058505000000000085
gex_possorted_bam_1WGCZ:TTTCCACCAACATAAGx-M2,-0.1593938,0.0739719,-0.058933742,-0.08020436,-0.15928356,-0.1566849,-0.08320105,-0.02153665,0.34435624,-0.021904817,0.004095867,-0.012938411,-0.15778537,0.30996343,0.019907609,-0.023047356,0.091954924,0.3418974,-0.16094658,-0.020655563,-0.03823857,-0.20426232,0.08433846,0.16156667,-0.069278374,0.040930934,0.15887123,-0.0042014974,0.29732928,-0.12785035,-0.1255423,-0.01577148,-0.05584332,0.13612384,-0.05782679,-0.12535436,-0.05784997,-0.02061138,-0.044273958,0.1821852,-0.3154025,0.025091927,0.09569151,-0.10038951,-0.05763933,0.22760399,0.07697453,0.096861415,0.17064592,-0.23826067,0.4467568,-0.14107634,-0.043711904,0.08824371,0.32767344,-0.040422387,0.047056608,0.25692913,0.038367525,0.044411182,-0.123767614,0.3230204,-0.13696489,-0.28719285,0.30053148,-0.02078118,0.013635413,-0.030794714,0.39672232,0.12373578,0.11903739,0.3588938,-0.10331741,-0.04747508,0.026948918,-0.031412736,-0.10468925,-0.110601,0.042814445,0.180541,-0.14202575,0.58911586,-0.08354047,0.14067005,0.06355205,-0.024560502,-0.109495774,0.1622942,0.9975576,0.0021216492,0.052339297,-0.0020054437,0.5325454,0.19999746499999999
gex_possorted_bam_1WGCZ:TTTGCGACAATGAGGTx-M2,-0.18993212,0.0967847,-0.04663305,-0.118550025,-0.09845716,-0.1926139,-0.11737403,-0.0091609135,0.3971877,-0.019282714,0.044174,0.0512131,0.024801143,0.2190004,0.0651012,0.12521182,0.07179793,0.35413292,-0.12765586,-0.044670504,-0.00021915618,-0.102563724,0.09913293,0.1506556,-0.034669243,0.06260382,0.1832388,0.0712548,0.5704689,-0.09688888,-0.12673616,-0.03816721,-0.048120867,0.113416865,-0.05444237,-0.12250233,-0.021779552,0.04797283,-0.004947158,0.12117898,-0.1585696,0.012418855,0.18118478,-0.087032266,-0.055449393,0.2494626,0.3308962,0.1292975,0.17329662,-0.050132528,0.4698191,-0.13639025,-0.07002365,0.10933186,0.28117496,-0.06817096,0.12743998,0.29931125,0.047097493,0.052112658,-0.16000456,0.31745726,-0.08280601,-0.27313557,0.60795057,-0.03800725,0.0505135,-0.052023496,0.36556664,0.058222037,0.15294917,0.36662832,-0.08689053,-0.015005422,0.034921132,0.05772968,-0.116079986,-0.055746194,0.026777107,0.17997469,-0.19428024,0.060127396,-0.07177499,0.13322511,0.31361744,-0.080688104,-0.03980116,0.1606269,1.0937835,-0.038292322,0.0576638,0.1011926,0.46686092,0.32417673
gex_possorted_bam_1WGCZ:TTTCGTCCACTAGCGTx-M2,-0.1794924,0.09972834,-0.05756378,-0.12762399,-0.065836325,-0.19714095,-0.095667,-0.020137878,0.2994951,-0.014529699,0.0050417287,-0.0147028435,0.13840435,0.1033068,0.057477813,0.14935067,0.051485207,0.22502623,-0.120602354,-0.044595808,-0.009016224,-0.0043080994,0.06467391,0.10506469,-0.01722051,0.07062883,0.13196896,0.15261316,0.54063857,-0.08756217,-0.11594298,-0.016673079,-0.055259418,0.08412133,-0.09069253,-0.1440856,-0.04145672,0.041226286,-0.058660276,0.07854901,-0.022359507,-0.007893121,0.18241888,-0.13743398,-0.069665484,0.15825896,0.37177473,0.07094065,0.18346682,0.060991522,0.37310964,-0.10435323,-0.06801437,0.07007557,0.274612,-0.060201842,0.12600811,0.2376111,0.041594293,0.058239315,-0.1559039,0.25653473,-0.049419962,-0.2544378,0.5148893,-0.046187274,0.02640166,-0.05372142,0.30028567,-0.005889109,0.14186904,0.2641616,-0.07169799,-0.038617406,0.044987354,0.043348685,-0.050009478,-0.058557793,0.003758363,0.17552343,-0.15657516,-0.1506284,-0.0478868,0.13936172,0.40578854,-0.098363996,-0.024492184,0.120282486,0.8965873,-0.06672957,0.058231335,0.1532171,0.3276207,0.31415473
gex_possorted_bam_1WGCZ:TTTGTCCCATTGCGGTx-M2,-0.18725057,0.11070539,-0.044880442,-0.12400293,-0.06985723,-0.17844681,-0.08803847,-0.011188393,0.39579418,-0.022957133,0.03995294,0.06263704,0.091452375,0.2131296,0.07202787,0.12416183,0.06923521,0.34959894,-0.11146512,-0.029095015,0.005083963,-0.028485762,0.090663955,0.16287473,-0.04084212,0.08187215,0.1853356,0.08953647,0.55269426,-0.09274769,-0.12421794,-0.03312447,-0.04893676,0.12959565,-0.05322313,-0.117030084,-0.02014583,0.072649814,-0.006057525,0.1263431,-0.082182266,0.015143947,0.18480785,-0.0979206,-0.053101417,0.2665569,0.32838514,0.12662409,0.1616366,0.019503139,0.4817563,-0.13212892,-0.07217206,0.08461422,0.29119903,-0.06750241,0.13078848,0.29304832,0.045776602,0.041597858,-0.15756434,0.3277459,-0.030731115,-0.2479998,0.6307586,-0.032521732,0.05474638,-0.048553433,0.38114616,0.049255237,0.147435,0.37078062,-0.07910318,-0.028196666,0.031783734,0.039285317,-0.08016729,-0.06257357,0.041224625,0.19063306,-0.17218652,0.011015827,-0.08431475,0.15840772,0.41774264,-0.08072846,-0.020835198,0.17276575,1.0250677,-0.038857505,0.045235317,0.14034791,0.44385898,0.32806552
gex_possorted_bam_1WGCZ:TTTCTTGCAGGTTCACx-M2,-0.17467244,0.09638882,-0.059540916,-0.11388659,-0.12671944,-0.18594228,-0.11382715,-0.015002498,0.35928735,-0.06613305,0.0363175,0.041966654,-0.12633504,0.32164326,0.048541475,0.0057486165,0.089272715,0.3858929,-0.13829182,-0.0531746,-0.02757832,-0.16232206,0.07718362,0.17606235,-0.021782253,0.07522304,0.14451104,-0.0026601374,0.3725051,-0.0833454,-0.10391089,-0.024948224,-0.048796613,0.1188197,-0.014020464,-0.11401621,-0.032333348,0.0032639417,-0.03409827,0.15517521,-0.28134087,0.033547208,0.11881251,-0.097612016,-0.061879076,0.22103082,0.13411224,0.10012154,0.16855726,-0.17477646,0.47414675,-0.11752441,-0.064994276,0.09217636,0.30155513,-0.05757178,0.05904101,0.3043841,0.041344438,0.09212919,-0.14401184,0.33552688,-0.13287374,-0.28462282,0.41764498,-0.0031747487,0.049735583,-0.060580872,0.40788153,0.105991185,0.11203547,0.35618302,-0.113866225,-0.019651588,0.04533852,0.024881236,-0.09803848,-0.11398887,0.03567663,0.17123646,-0.17843357,0.41854814,-0.07457829,0.13975935,0.11310625,-0.06314803,-0.057166934,0.17581052,1.0688514,-0.04154787,0.041184112,0.022023667,0.52913374,0.23481956
gex_possorted_bam_1WGCZ:TTTAGCAAGCGATAAGx-M2,0.35388803,0.08163881,0.4042742,0.13284855,0.3741122,1.104179,0.40044558,0.06968368,-0.14124899,0.4212046,0.17316934,0.3723115,-0.15857358,0.43934685,0.13237286,-0.043674797,0.04345135,-0.19801848,0.78267485,0.12626302,0.02859828,-0.050644007,-0.24237864,-0.10518945,0.3317476,0.20979911,-0.027248824,0.03082403,-0.72576344,0.19339217,0.6259452,-0.0524955,0.34506285,0.03635718,0.23861514,0.596792,0.16204178,0.12731834,0.10818396,0.09195677,-0.17721485,-0.018008964,-0.07545914,0.4414035,0.29976994,0.26042512,-0.16743857,0.045728672,-0.19371076,-0.12774391,0.060006678,0.49212402,0.4741443,-0.037748773,0.07414185,0.17163485,-0.027733143,0.15247428,0.3904855,-0.02761079,0.31425354,0.06128016,0.62759066,0.9161924,0.38055798,0.26018405,0.07154113,0.44910693,-0.0553654,0.009515176,-0.13395846,-0.16788751,0.19654366,0.28724265,-0.075316474,-0.0029303974,0.57865834,0.75665313,0.16184232,0.08877319,0.21599923,-0.1203978,0.39723742,-0.081332676,-0.23268694,0.3183809,0.33227077,-0.052055914,-0.40044558,0.06266757,0.152183,0.30342272,-0.33183357,-0.053079205000000004
gex_possorted_bam_1WGCZ:TTTCCACCAGGCGATAx-M2,-0.21646604,0.13991775,-0.034247745,-0.10227347,-0.11501593,-0.19273432,-0.12438988,-0.010213032,0.43910712,-0.039956644,0.092251375,0.08710049,-0.13433747,0.40173906,0.03387525,-0.030464794,0.12112039,0.44964927,-0.13963571,-0.038471743,-0.0138328355,-0.17723161,0.09070656,0.20774156,-0.040286887,0.09021682,0.20175126,-0.01337904,0.38155374,-0.11450687,-0.13681552,-0.036342528,-0.038956027,0.17704721,-0.016128687,-0.14080063,-0.03131144,0.0013551381,0.009792048,0.21487318,-0.33290103,0.024928272,0.1430464,-0.10963842,-0.07588427,0.32333806,0.16150986,0.13839059,0.13807431,-0.23618545,0.5342492,-0.14868987,-0.056450684,0.1520436,0.35841236,-0.06746646,0.06887428,0.3829342,0.042532496,0.08602839,-0.16021344,0.43153524,-0.07596058,-0.28944507,0.51885813,0.00035708674,0.0310606,-0.050247006,0.506356,0.1978048,0.094050065,0.41537246,-0.105724216,-0.039713737,0.027657669,-0.015821408,-0.07227624,-0.10802857,0.053179067,0.21961376,-0.1738993,0.4948992,-0.1242406,0.1799232,0.12002409,-0.051503755,-0.041072726,0.22527897,1.1667547,0.0054955324,0.07002288,0.0210355,0.59431154,0.29652255
gex_possorted_bam_1WGCZ:TTTCTTGCAGGCCATTx-M2,-0.17564547,0.063556574,-0.084801234,-0.09773365,-0.11839698,-0.17596808,-0.108772576,-0.010363223,0.29790738,-0.041561093,0.006348803,-0.00010019167,0.00023448645,0.15322056,0.031632464,0.11120956,0.059705805,0.27935025,-0.15218754,-0.05412001,-0.026092222,-0.10403081,0.093664594,0.1174641,-0.04672256,0.027000869,0.13554676,0.07647096,0.46943334,-0.09278867,-0.12412077,-0.026687196,-0.05909969,0.05792463,-0.062149845,-0.1288339,-0.041880734,0.014069996,-0.033684947,0.10593637,-0.15112914,0.019599073,0.1418958,-0.091969915,-0.06538419,0.16283563,0.26315215,0.076850384,0.19146803,-0.061755344,0.35261962,-0.13971658,-0.06042795,0.062217355,0.26040813,-0.046470817,0.087149076,0.2001073,0.036282074,0.046507612,-0.14095975,0.2679704,-0.1014176,-0.27788678,0.39866066,-0.031432353,0.016995799,-0.06592132,0.29454532,0.042167448,0.14593433,0.25320154,-0.08048792,-0.016980581,0.04847244,0.05463074,-0.13437782,-0.056048196,0.007934731,0.1582379,-0.17876893,0.07701551,-0.066508666,0.114782274,0.23584504,-0.064540006,-0.03452829,0.11470502,0.94283694,-0.06500321,0.030750055,0.05174583,0.39831358,0.265561275
gex_possorted_bam_1WGCZ:TTTCAGTTCCTAAATGx-M2,0.36785236,-0.010025981,0.27969897,0.1910466,0.34234527,0.4883684,0.20570725,0.0041558193,-0.19759126,0.2947579,0.36108992,0.13913672,0.0068558487,0.015716728,0.04051231,-0.025762785,0.012350962,-0.26923773,0.33098978,0.055331025,0.18076533,0.20630965,-0.26183376,-0.13310194,0.18292253,0.065633394,-0.06248286,-0.00035240725,-0.68022275,0.28801817,0.35737425,-0.0146560855,0.14680363,-0.043898303,0.14250919,0.35837644,0.057120718,0.1471741,0.3871614,-0.097268485,0.21977195,-0.0083019035,-0.07966113,0.49842918,0.053650465,0.054976236,-0.21260417,0.033175077,-0.19846795,0.18227105,-0.10477457,0.3074686,0.19203922,-0.08633041,-0.14545667,0.10991866,-0.037524384,-0.021867914,0.1330836,-0.062178448,0.2583623,-0.10631288,0.41829646,0.8261967,0.027073415,0.14646092,0.012685097,0.15986606,-0.16454624,-0.01756245,-0.10299276,-0.15972298,0.24326143,0.1754075,-0.067082986,-0.04590352,0.24653824,0.36918074,0.0462319,-0.03974234,0.30087602,-0.19663867,0.2793958,-0.11187597,-0.0765729,0.15964456,0.1505941,-0.098403886,-0.504733,0.059069753,0.10615812,0.27566728,-0.35482904,-0.15945852500000002
gex_possorted_bam_1WGCZ:TTTCGTCCAGTAGGTGx-M2,-0.15522924,0.09581193,-0.029392596,-0.09219169,-0.09170733,-0.1913324,-0.15506059,-0.0071809622,0.35819623,-0.060527824,0.033503234,0.035298355,-0.21150868,0.43748865,0.035465963,-0.07786519,0.0911329,0.44241536,-0.14901586,-0.045273997,-0.07858361,-0.23718882,0.03929804,0.18798167,-0.07957784,0.05462563,0.16665545,-0.043166,0.21431793,-0.11589072,-0.14566466,-0.016619286,-0.042748548,0.12221432,0.006513572,-0.14086516,-0.011748435,-0.05815151,-0.00030675816,0.2414368,-0.44480646,0.041311167,0.07519193,-0.13466533,-0.040004443,0.2394417,0.08065423,0.064382926,0.12848426,-0.33910045,0.41511256,-0.16334774,-0.099011496,0.12524712,0.3334326,-0.057559676,0.005605872,0.32072914,0.04520886,0.06473159,-0.13121271,0.30061957,-0.16892773,-0.29454824,0.28083786,-0.00914352,0.035607837,-0.06212963,0.4626002,0.22064815,0.06552253,0.26718965,-0.12599753,-0.06892929,0.010208195,-0.049263697,-0.13426088,-0.10436375,0.02148494,0.11420571,-0.16044335,0.78357595,-0.13009043,0.16534987,-0.062425844,-0.05451547,-0.064644486,0.20567532,1.0416423,-0.017041354,0.090023324,-0.09221033,0.5756687,0.1906369
gex_possorted_bam_1WGCZ:TTTGCGACAAGTGAACx-M2,-0.2104501,0.081968054,-0.03606994,-0.11089909,-0.10302427,-0.2169641,-0.1032068,-0.02427338,0.37197715,-0.042219866,0.034920443,0.068780236,-0.057637848,0.2130738,0.091492735,0.050273113,0.054255627,0.33876243,-0.12692973,-0.030158784,0.014707976,-0.12369347,0.08219798,0.14674711,0.015483413,0.035261672,0.13684756,0.030090801,0.4342377,-0.054174688,-0.11013375,-0.022125436,-0.040403474,0.07291121,-0.0040039476,-0.12948573,-0.021612411,0.055526532,-0.024281912,0.07503654,-0.19696732,0.0674093,0.12178722,-0.07793489,-0.07467569,0.19212253,0.19675994,0.07178313,0.17680682,-0.11559304,0.4815048,-0.09952499,-0.07305186,0.07181885,0.29407528,-0.0890503,0.145001,0.31133804,-0.008376298,0.05118855,-0.13985327,0.29767668,-0.08229603,-0.29038012,0.42979887,-0.033990704,0.03151534,-0.089967035,0.3870971,0.059321806,0.10808021,0.31978607,-0.081117034,-0.008715628,0.022118205,0.068758875,-0.11505028,-0.11333846,0.0020660833,0.21275619,-0.18456401,0.18025014,-0.079213984,0.13499789,0.22334956,-0.048361,-0.031083183,0.14514685,0.97695935,-0.04175785,0.073875375,0.07632617,0.464062,0.24721831