CellID,phenotype,mean_flip_prob,n_genes_flip_gt_0.5
gex_possorted_bam_SJSO3:AAACCGGCAGCCTAACx-M1,Generalist_NE,0.1589891886792453,3
gex_possorted_bam_SJSO3:AAAGCCGCACCCACCTx-M1,Generalist_NE,0.1589891886792453,3
gex_possorted_bam_SJSO3:AAACGTACAGGACCAAx-M1,Generalist_nonNE,0.11573643396226416,3
gex_possorted_bam_SJSO3:AAAGGACGTAACGAGGx-M1,Generalist_NE,0.13449256603773585,1
gex_possorted_bam_SJSO3:AAACATGCAATGAAGCx-M1,Arc_3,0.1536075283018868,2
gex_possorted_bam_SJSO3:AAACCGGCACCTCACCx-M1,Generalist_NE,0.2694703962264151,8
gex_possorted_bam_SJSO3:AAAGGAGCATCCTGAAx-M1,Generalist_NE,0.3055479433962264,12
gex_possorted_bam_SJSO3:AAAGCACCAACAGGATx-M1,Generalist_NE,0.14920654716981133,2
gex_possorted_bam_SJSO3:AAAGGACGTTACGCGGx-M1,Generalist_nonNE,0.11545628301886793,2
gex_possorted_bam_SJSO3:AAACGCGCAACACCTAx-M1,Generalist_NE,0.1727467169811321,3
gex_possorted_bam_SJSO3:AAACCAACATTAGCGCx-M1,Generalist_NE,0.13410216981132075,1
gex_possorted_bam_SJSO3:AAACGCGCACTGGCTGx-M1,Generalist_NE,0.13948383018867921,2
gex_possorted_bam_SJSO3:AAACGCGCACCTGCTCx-M1,Generalist_NE,0.1981013396226415,6
gex_possorted_bam_SJSO3:AAACGTACATTGTCAGx-M1,Generalist_NE,0.17460786792452834,5
gex_possorted_bam_SJSO3:AAACCGGCAGATTCATx-M1,Generalist_NE,0.14509528301886793,1
gex_possorted_bam_SJSO3:AAACGCGCATTCAGCAx-M1,Generalist_NE,0.1459867358490566,2
gex_possorted_bam_SJSO3:AAAGCGGGTTAACACGx-M1,Arc_4,0.12985896226415095,3
gex_possorted_bam_SJSO3:AAAGCAAGTGTCCAGGx-M1,Arc_4,0.16201886792452833,7
gex_possorted_bam_SJSO3:AAAGGACGTGCATTAGx-M1,Arc_4,0.126436679245283,2
gex_possorted_bam_SJSO3:AAAGCCCGTCACGAACx-M1,Generalist_nonNE,0.126436679245283,2
gex_possorted_bam_SJSO3:AAAGGAGCAGGATGGCx-M1,Generalist_nonNE,0.11487462264150941,1
gex_possorted_bam_SJSO3:AAACATGCAACTGGCTx-M1,Generalist_NE,0.1510879245283019,3
gex_possorted_bam_SJSO3:AAAGGACGTTGAGGTCx-M1,Generalist_NE,0.15047694339622641,2
gex_possorted_bam_SJSO3:AAACCGAAGCGGGCAAx-M1,Generalist_nonNE,0.12340796226415095,2
gex_possorted_bam_SJSO3:AAACAGCCACCTATAGx-M1,Arc_6,0.21676735849056605,6
gex_possorted_bam_SJSO3:AAACCGGCAATATGGAx-M1,Generalist_NE,0.18497516981132076,5
gex_possorted_bam_SJSO3:AAAGCCGCACCTGTAAx-M1,Generalist_NE,0.13948383018867921,2
gex_possorted_bam_SJSO3:AAACGGATCCCTGACTx-M1,Arc_1,0.1518837924528302,4
gex_possorted_bam_SJSO3:AAACCGGCATTAAACCx-M1,Generalist_nonNE,0.1821249433962264,6
gex_possorted_bam_SJSO3:AAAGCACCATAGACCCx-M1,Generalist_nonNE,0.12255694339622641,3
gex_possorted_bam_SJSO3:AAAGCTTGTCCTAAGAx-M1,Generalist_NE,0.22213364150943396,8
gex_possorted_bam_SJSO3:AAACGCGCAATTGCGCx-M1,Generalist_NE,0.13410216981132075,1
gex_possorted_bam_SJSO3:AAAGCAAGTAATTAGCx-M1,Generalist_NE,0.1457062641509434,2
gex_possorted_bam_SJSO3:AAACCGGCACCCTCACx-M1,Generalist_NE,0.1696931320754717,4
gex_possorted_bam_SJSO3:AAAGCCCGTCACACCCx-M1,Arc_1,0.14642871698113208,5
gex_possorted_bam_SJSO3:AAAGGAGCATGAATAGx-M1,Arc_1,0.22704605660377356,10
gex_possorted_bam_SJSO3:AAACCGGCAGAGAGCCx-M1,Arc_4,0.17576145283018874,7
gex_possorted_bam_SJSO3:AAACAGCCATAGACCCx-M1,Generalist_NE,0.1589891886792453,3
gex_possorted_bam_SJSO3:AAAGGAGCAACCTAATx-M1,Generalist_NE,0.1536075283018868,2
gex_possorted_bam_SJSO3:AAAGGACGTTGGATATx-M1,Generalist_NE,0.14509528301886793,1
gex_possorted_bam_SJSO3:AAAGCGGGTCAAGTATx-M1,Arc_6,0.13948383018867921,2
gex_possorted_bam_SJSO3:AAAGCAAGTATTGCAGx-M1,Generalist_NE,0.15962477358490565,3
gex_possorted_bam_SJSO3:AAAGGACGTTAAGCCAx-M1,Generalist_NE,0.3100083396226415,13
gex_possorted_bam_SJSO3:AAACGCGCAAGCTACCx-M1,Generalist_nonNE,0.13510554716981132,3
gex_possorted_bam_SJSO3:AAACCAACAGCTTACAx-M1,Generalist_NE,0.13410216981132075,1
gex_possorted_bam_SJSO3:AAACGGATCAATTGGCx-M1,Generalist_NE,0.1457062641509434,2
gex_possorted_bam_SJSO3:AAACGTACACAATACTx-M1,Arc_4,0.15501426415094338,5
gex_possorted_bam_SJSO3:AAACATGCATTAAGTCx-M1,Generalist_nonNE,0.13374367924528302,4
gex_possorted_bam_SJSO3:AAAGGTTAGCCTGACAx-M1,Generalist_NE,0.19867350943396225,7
gex_possorted_bam_SJSO3:AACCGGCTCAATGACCx-M1,Generalist_NE,0.16658892452830187,2
gex_possorted_bam_SJSO3:AAAGGTTAGTATTGGCx-M1,Generalist_nonNE,0.18173749056603772,6
gex_possorted_bam_SJSO3:AAATCCGGTCATTACCx-M1,Generalist_nonNE,0.126436679245283,2
gex_possorted_bam_SJSO3:AACATAGCATGAAATGx-M1,Generalist_nonNE,0.11823045283018867,1
gex_possorted_bam_SJSO3:AACAAGCCAGCAAGGCx-M1,Generalist_NE,0.13948383018867921,2
gex_possorted_bam_SJSO3:AAATGGCCACTAGGTCx-M1,Generalist_nonNE,0.17248794339622642,6
gex_possorted_bam_SJSO3:AACCGCTCAACCCTAAx-M1,Generalist_nonNE,0.11337394339622642,2
gex_possorted_bam_SJSO3:AACAAAGGTTGGTTGAx-M1,Generalist_nonNE,0.12218743396226416,4
gex_possorted_bam_SJSO3:AACCGCTCACACTAATx-M1,Generalist_nonNE,0.12120556603773584,4
gex_possorted_bam_SJSO3:AAATGCCTCCCGTTACx-M1,Generalist_NE,0.13948383018867921,2
gex_possorted_bam_SJSO3:AAAGGTTAGCTTTGGGx-M1,Generalist_NE,0.15047694339622641,2
gex_possorted_bam_SJSO3:AACAAAGGTTCCTGATx-M1,Generalist_NE,0.21611350943396226,3
gex_possorted_bam_SJSO3:AACCGGCTCAATCATGx-M1,Generalist_NE,0.25368450943396226,11
gex_possorted_bam_SJSO3:AAAGGTTAGTTGGGCCx-M1,Generalist_NE,0.18416067924528304,6
gex_possorted_bam_SJSO3:AAAGGCTCAAGCCAGAx-M1,Arc_4,0.15096260377358492,5
gex_possorted_bam_SJSO3:AAAGGTTAGCACAGGGx-M1,Generalist_NE,0.14509528301886793,1
gex_possorted_bam_SJSO3:AACAGCAAGTCGCTAGx-M1,Generalist_NE,0.14509528301886793,1
gex_possorted_bam_SJSO3:AAATGGCCAGGCTAGAx-M1,Arc_1,0.32674184905660375,16
gex_possorted_bam_SJSO3:AACCCGCAGAACCTGTx-M1,Generalist_NE,0.20078577358490565,5
gex_possorted_bam_SJSO3:AACAGGATCATAATCGx-M1,Generalist_NE,0.16748037735849056,3
gex_possorted_bam_SJSO3:AACAGCAAGCACGATTx-M1,Generalist_NE,0.1459867358490566,2
gex_possorted_bam_SJSO3:AACCTAATCCTAACGGx-M1,Generalist_nonNE,0.1069229433962264,1
gex_possorted_bam_SJSO3:AACAGATAGCTTCTCAx-M1,Generalist_nonNE,0.11337394339622642,2
gex_possorted_bam_SJSO3:AACAGATAGGTCGATTx-M1,Generalist_nonNE,0.1069229433962264,1
gex_possorted_bam_SJSO3:AACATAGCAAATTGCTx-M1,Generalist_NE,0.1459867358490566,2
gex_possorted_bam_SJSO3:AACCTAATCACTAGGTx-M1,Generalist_nonNE,0.19668962264150944,9
gex_possorted_bam_SJSO3:AAATGCCTCCCATAAAx-M1,Generalist_NE,0.26370896226415097,9
gex_possorted_bam_SJSO3:AACATAGCAGTTTCTCx-M1,Generalist_NE,0.14509528301886793,1
gex_possorted_bam_SJSO3:AACATAGCACTGACTAx-M1,Generalist_NE,0.21474015094339624,4
gex_possorted_bam_SJSO3:AACCTAATCAATCATGx-M1,Generalist_NE,0.25721883018867925,9
gex_possorted_bam_SJSO3:AACCTAATCAATTGGCx-M1,Generalist_NE,0.16293422641509436,3
gex_possorted_bam_SJSO3:AAATGCCTCCCTGACTx-M1,Generalist_NE,0.15047694339622641,2
gex_possorted_bam_SJSO3:AACCGGCTCGCTAAGTx-M1,Generalist_NE,0.15047694339622641,2
gex_possorted_bam_SJSO3:AACATTGTCCGCCTCAx-M1,Generalist_nonNE,0.126436679245283,2
gex_possorted_bam_SJSO3:AAAGGCTCATCGCTTTx-M1,Generalist_NE,0.1776976037735849,6
gex_possorted_bam_SJSO3:AACCCGCAGTCTCACCx-M1,Arc_4,0.13510554716981132,3
gex_possorted_bam_SJSO3:AACAAGCCAGAAATTGx-M1,Generalist_NE,0.18046849056603773,3
gex_possorted_bam_SJSO3:AACAAGCCATAATCACx-M1,Generalist_NE,0.14509528301886793,1
gex_possorted_bam_SJSO3:AAATGGCCATTGTGATx-M1,Generalist_nonNE,0.11823045283018867,1
gex_possorted_bam_SJSO3:AAATCCGGTAAACAAGx-M1,Generalist_NE,0.2069513396226415,6
gex_possorted_bam_SJSO3:AAATCCGGTATTGTCCx-M1,Generalist_NE,0.20503760377358485,10
gex_possorted_bam_SJSO3:AACAAAGGTAAATTGCx-M1,Generalist_NE,0.13410216981132075,1
gex_possorted_bam_SJSO3:AACAGCAAGATGGACAx-M1,Arc_4,0.1615692075471698,7
gex_possorted_bam_SJSO3:AACCGGCTCATGCGTGx-M1,Generalist_NE,0.17205800000000002,4
gex_possorted_bam_SJSO3:AACCCGCAGACACCGCx-M1,Arc_6,0.13948383018867921,2
gex_possorted_bam_SJSO3:AACCGCTCAAACTAAGx-M1,Generalist_NE,0.16515209433962266,5
gex_possorted_bam_SJSO3:AACATTGTCAAATCGCx-M1,Generalist_NE,0.14509528301886793,1
gex_possorted_bam_SJSO3:AACATAGCAGCCTGCAx-M1,Generalist_nonNE,0.1069229433962264,1
gex_possorted_bam_SJSO3:AACTCACAGTAAAGGTx-M1,Generalist_NE,0.16515209433962266,5
gex_possorted_bam_SJSO3:AACTTAGTCTTTGACTx-M1,Generalist_NE,0.16916518867924527,2
gex_possorted_bam_SJSO3:AACTGTTCACTAAGCCx-M1,Arc_4,0.1615692075471698,7
gex_possorted_bam_SJSO3:AAGAATCAGCAGGCCTx-M1,Generalist_NE,0.14509528301886793,1
gex_possorted_bam_SJSO3:AACCTTGCAAAGCTAAx-M1,Generalist_nonNE,0.11823045283018867,1
gex_possorted_bam_SJSO3:AACGCTAGTCCTAAGAx-M1,Generalist_NE,0.14930109433962266,0
gex_possorted_bam_SJSO3:AAGAATCAGTAGCTTAx-M1,Generalist_NE,0.21376807547169813,7
gex_possorted_bam_SJSO3:AAGAACAGTGTTGTAGx-M1,Generalist_NE,0.14509528301886793,1
gex_possorted_bam_SJSO3:AACGCCCAGGCTGTGCx-M1,Arc_4,0.1069229433962264,1
gex_possorted_bam_SJSO3:AACGCCCAGGCGCACTx-M1,Generalist_NE,0.1510879245283019,3
gex_possorted_bam_SJSO3:AACTGTTCATTGACATx-M1,Generalist_NE,0.15999809433962267,4
gex_possorted_bam_SJSO3:AACTCACAGCCTCTCGx-M1,Generalist_NE,0.15019254716981134,1
gex_possorted_bam_SJSO3:AACTCACAGACAGGTAx-M1,Arc_4,0.1615692075471698,7
gex_possorted_bam_SJSO3:AACTTAGTCGTTACAAx-M1,Generalist_nonNE,0.19555226415094337,8
gex_possorted_bam_SJSO3:AACTGTTCATTATGACx-M1,Arc_5,0.14509528301886793,1
gex_possorted_bam_SJSO3:AACCTTAAGCCACAATx-M1,Arc_6,0.1833332075471698,5
gex_possorted_bam_SJSO3:AAGAACAGTGCTCCACx-M1,Generalist_nonNE,0.11365409433962263,3
gex_possorted_bam_SJSO3:AAGAATCAGGACAATGx-M1,Arc_4,0.12671683018867927,3
gex_possorted_bam_SJSO3:AACCTCCTCTCAATAGx-M1,Generalist_nonNE,0.1069229433962264,1
gex_possorted_bam_SJSO3:AAGAACAGTCCTAACTx-M1,Generalist_NE,0.15047694339622641,2
gex_possorted_bam_SJSO3:AACTAGCTCCCTCTAAx-M1,Generalist_NE,0.14509528301886793,1
gex_possorted_bam_SJSO3:AACCTCCTCCTAATAGx-M1,Generalist_nonNE,0.17870898113207548,7
gex_possorted_bam_SJSO3:AACGCCCAGGAACACAx-M1,Generalist_nonNE,0.13365332075471698,4
gex_possorted_bam_SJSO3:AACTAGTGTCTAACAGx-M1,Arc_4,0.1690757358490566,5
gex_possorted_bam_SJSO3:AAGACATAGGACAACAx-M1,Generalist_nonNE,0.1069229433962264,1
gex_possorted_bam_SJSO3:AACTTAGTCCTAATTCx-M1,Arc_4,0.126436679245283,2
gex_possorted_bam_SJSO3:AACGCCCAGGGCTTTGx-M1,Generalist_nonNE,0.17616907547169808,7
gex_possorted_bam_SJSO3:AACTTAGTCTCACACCx-M1,Generalist_NE,0.1696931320754717,4
gex_possorted_bam_SJSO3:AAGACATAGGAAGCTAx-M1,Generalist_nonNE,0.1069229433962264,1
gex_possorted_bam_SJSO3:AACTACTCATGTCAGCx-M1,Generalist_nonNE,0.11357815094339622,1
gex_possorted_bam_SJSO3:AAGAACAGTATTGTGGx-M1,Generalist_NE,0.3197693018867924,11
gex_possorted_bam_SJSO3:AACTGTTCAATCCTGAx-M1,Generalist_NE,0.18669267924528302,5
gex_possorted_bam_SJSO3:AACCTCACAACTAGGGx-M1,Generalist_NE,0.1447123962264151,4
gex_possorted_bam_SJSO3:AAGAATCAGGCATGAAx-M1,Arc_4,0.14206907547169811,4
gex_possorted_bam_SJSO3:AACCTCACAAAGGCCAx-M1,Generalist_NE,0.14509528301886793,1
gex_possorted_bam_SJSO3:AACGGTAAGGACAATGx-M1,Arc_1,0.12120556603773584,4
gex_possorted_bam_SJSO3:AACGCCCAGGACCTTGx-M1,Arc_4,0.11365409433962263,3
gex_possorted_bam_SJSO3:AACCTAATCGATTTGAx-M1,Generalist_nonNE,0.13509505660377358,3
gex_possorted_bam_SJSO3:AACTGTTCAGCAGGTAx-M1,Arc_4,0.11365409433962263,3
gex_possorted_bam_SJSO3:AACGACAAGCACAGCCx-M1,Generalist_nonNE,0.13102132075471698,3
gex_possorted_bam_SJSO3:AACGCCCAGTTATCTCx-M1,Generalist_NE,0.13948383018867921,2
gex_possorted_bam_SJSO3:AACCTAATCTTGCAAAx-M1,Arc_4,0.11823045283018867,1
gex_possorted_bam_SJSO3:AACTAGTGTTTGCGCCx-M1,Generalist_NE,0.1751222075471698,3
gex_possorted_bam_SJSO3:AACGCCCAGTAACTCAx-M1,Arc_6,0.21213949056603773,5
gex_possorted_bam_SJSO3:AAGAACAGTCACAAATx-M1,Generalist_NE,0.15121166037735848,1
gex_possorted_bam_SJSO3:AACCTCACAGGGAGCTx-M1,Arc_3,0.18816456603773585,3
gex_possorted_bam_SJSO3:AAGCATGAGACAAAGTx-M1,Generalist_NE,0.14509528301886793,1
gex_possorted_bam_SJSO3:AAGCTAGAGCTTGCTCx-M1,Arc_4,0.14027950943396225,3
gex_possorted_bam_SJSO3:AAGCCACGTGGATTATx-M1,Generalist_NE,0.13611692452830187,3
gex_possorted_bam_SJSO3:AAGCGTTTCCGCACAAx-M1,Generalist_nonNE,0.13477035849056604,2
gex_possorted_bam_SJSO3:AAGCGCTGTCGAAGTCx-M1,Generalist_nonNE,0.10720309433962265,2
gex_possorted_bam_SJSO3:AAGCCTTAGGGATTAGx-M1,Arc_1,0.3694098113207547,18
gex_possorted_bam_SJSO3:AAGCATGAGGTGCTGCx-M1,Generalist_nonNE,0.11337394339622642,2
gex_possorted_bam_SJSO3:AAGCCTTAGCTATGACx-M1,Arc_4,0.12791575471698113,2
gex_possorted_bam_SJSO3:AAGGAAGCAAACCTATx-M1,Arc_4,0.11487462264150941,1
gex_possorted_bam_SJSO3:AAGCCTCCACCAACCGx-M1,Arc_1,0.1690757358490566,5
gex_possorted_bam_SJSO3:AAGCATGAGCCTGGTAx-M1,Arc_3,0.34136907547169804,14
gex_possorted_bam_SJSO3:AAGCCACGTTAGGATTx-M1,Generalist_nonNE,0.11823045283018867,1
gex_possorted_bam_SJSO3:AAGCCTTAGGATCCGCx-M1,Generalist_NE,0.18504611320754713,6
gex_possorted_bam_SJSO3:AAGCCTTAGGTCGATTx-M1,Generalist_NE,0.13410216981132075,1
gex_possorted_bam_SJSO3:AAGCTCCCAAGTGTTTx-M1,Generalist_nonNE,0.12340796226415095,2
gex_possorted_bam_SJSO3:AAGCTTGGTCCTAACTx-M1,Generalist_nonNE,0.11823045283018867,1
gex_possorted_bam_SJSO3:AAGCGGGTCGCTAGTGx-M1,Generalist_NE,0.13948383018867921,2
gex_possorted_bam_SJSO3:AAGCGCTGTACCGAACx-M1,Arc_4,0.13585101886792453,6
gex_possorted_bam_SJSO3:AAGCGTTTCACACAGTx-M1,Generalist_NE,0.23868167924528305,5
gex_possorted_bam_SJSO3:AAGCTTGGTTAAGCCAx-M1,Generalist_NE,0.16393230188679245,2
gex_possorted_bam_SJSO3:AAGCTATGTTTATTCGx-M1,Generalist_NE,0.1641001320754717,2
gex_possorted_bam_SJSO3:AAGCGAATCTTAGGGTx-M1,Generalist_NE,0.14509528301886793,1
gex_possorted_bam_SJSO3:AAGCCTTAGGAGTCGGx-M1,Generalist_nonNE,0.1265641320754717,1
gex_possorted_bam_SJSO3:AAGCGAATCTTAGGACx-M1,Generalist_NE,0.1459867358490566,2
gex_possorted_bam_SJSO3:AAGCTAGAGCGATACTx-M1,Arc_6,0.14509528301886793,1
gex_possorted_bam_SJSO3:AAGCGCTGTCTCAGCCx-M1,Generalist_NE,0.18497516981132076,5
gex_possorted_bam_SJSO3:AAGCCACGTGTTAGCAx-M1,Generalist_NE,0.2893481509433962,11
gex_possorted_bam_SJSO3:AAGCCTCCAAATGCCCx-M1,Arc_4,0.126436679245283,2
gex_possorted_bam_SJSO3:AAGCCTTAGGACCTGCx-M1,Generalist_NE,0.14509528301886793,1
gex_possorted_bam_SJSO3:AAGCGCTGTGAGGTGAx-M1,Arc_6,0.15965454716981128,3
gex_possorted_bam_SJSO3:AAGCCTCCACATTAACx-M1,Generalist_nonNE,0.1265641320754717,1
gex_possorted_bam_SJSO3:AAGCGTTTCTAAGGTCx-M1,Arc_4,0.12671683018867927,3
gex_possorted_bam_SJSO3:AAGCCTTAGACTATTGx-M1,Arc_4,0.12671683018867927,3
gex_possorted_bam_SJSO3:AAGCGAATCAGCATTAx-M1,Generalist_NE,0.16393230188679245,2
gex_possorted_bam_SJSO3:AAGCATGAGTTCCTCAx-M1,Generalist_NE,0.1457062641509434,2
gex_possorted_bam_SJSO3:AAGCTATGTTCCTGTGx-M1,Arc_3,0.27755522641509434,9
gex_possorted_bam_SJSO3:AAGCGGGTCCAGGGAGx-M1,Generalist_nonNE,0.11365409433962263,3
gex_possorted_bam_SJSO3:AAGGATGTCCTCCATAx-M1,Generalist_NE,0.19108786792452828,6
gex_possorted_bam_SJSO3:AATAACCGTGGTTCTTx-M1,Generalist_NE,0.15047694339622641,2
gex_possorted_bam_SJSO3:AATACCGGTTCGCGCTx-M1,Generalist_NE,0.28426416981132074,8
gex_possorted_bam_SJSO3:AATAGCTGTATTTGGGx-M1,Arc_4,0.18281133962264148,8
gex_possorted_bam_SJSO3:AATAACCGTTCGCGCTx-M1,Generalist_NE,0.14509528301886793,1
gex_possorted_bam_SJSO3:AATACCGGTGTAATACx-M1,Generalist_NE,0.14437250943396226,2
gex_possorted_bam_SJSO3:AATAACCGTCACAAATx-M1,Generalist_NE,0.15121166037735848,1
gex_possorted_bam_SJSO3:AATACCGGTTGTAAACx-M1,Generalist_NE,0.1459867358490566,2
gex_possorted_bam_SJSO3:AAGTTAGCACAGGAATx-M1,Arc_4,0.12598701886792452,2
gex_possorted_bam_SJSO3:AAGGATGTCTTAGGGTx-M1,Arc_4,0.126436679245283,2
gex_possorted_bam_SJSO3:AAGTAGCCAAGTTATCx-M1,Generalist_NE,0.22726833962264148,6
gex_possorted_bam_SJSO3:AAGGTGCAGGTCCTGAx-M1,Generalist_nonNE,0.12630964150943397,2
gex_possorted_bam_SJSO3:AAGTTACGTTCCTCCTx-M1,Arc_1,0.1265641320754717,1
gex_possorted_bam_SJSO3:AAGGATCCATGGCCCAx-M1,Generalist_NE,0.13948383018867921,2
gex_possorted_bam_SJSO3:AATATCCCAAACAACAx-M1,Generalist_NE,0.278714,14
gex_possorted_bam_SJSO3:AATACCGGTTTGTCTAx-M1,Generalist_NE,0.15121166037735848,1
gex_possorted_bam_SJSO3:AAGTAGCCACCTCACCx-M1,Generalist_NE,0.16232524528301887,2
gex_possorted_bam_SJSO3:AAGGATCCATAGCTGCx-M1,Generalist_NE,0.16546981132075472,4
gex_possorted_bam_SJSO3:AATAGAGGTGGCTTCCx-M1,Generalist_NE,0.1641001320754717,2
gex_possorted_bam_SJSO3:AAGTTTGTCGGCTATGx-M1,Generalist_NE,0.15019254716981134,1
gex_possorted_bam_SJSO3:AAGTTTGTCATGCTTTx-M1,Generalist_NE,0.2295364716981132,8
gex_possorted_bam_SJSO3:AAGGTGCAGAAAGGAAx-M1,Generalist_NE,0.2284689811320755,8
gex_possorted_bam_SJSO3:AAGTTACGTATTGTGGx-M1,Generalist_NE,0.14673864150943394,3
gex_possorted_bam_SJSO3:AAGTTAGCATTGTTGGx-M1,Generalist_nonNE,0.21335732075471694,8
gex_possorted_bam_SJSO3:AAGGTATAGCATTTCTx-M1,Generalist_NE,0.22160175471698113,7
gex_possorted_bam_SJSO3:AAGTGAAGTTAACAGTx-M1,Generalist_nonNE,0.15124275471698112,6
gex_possorted_bam_SJSO3:AAGGTGCAGAAGGTGCx-M1,Generalist_NE,0.18065226415094338,5
gex_possorted_bam_SJSO3:AAGGATTAGGCAAGTAx-M1,Generalist_nonNE,0.11545628301886793,2
gex_possorted_bam_SJSO3:AATACCGGTTGTTGCTx-M1,Generalist_NE,0.14509528301886793,1
gex_possorted_bam_SJSO3:AATATCCCAACCGCCAx-M1,Generalist_NE,0.2904809433962264,10
gex_possorted_bam_SJSO3:AAGGTCAAGTTAGTGCx-M1,Generalist_NE,0.14509528301886793,1
gex_possorted_bam_SJSO3:AAGGTCAAGCACAGCCx-M1,Generalist_NE,0.1641001320754717,2
gex_possorted_bam_SJSO3:AAGTCTATCCGTAAACx-M1,Arc_6,0.17262926415094337,4
gex_possorted_bam_SJSO3:AAGTTTGTCTGGCATGx-M1,Generalist_NE,0.15925503773584906,3
gex_possorted_bam_SJSO3:AAGTTAGCACATGCTAx-M1,Generalist_NE,0.261876679245283,8
gex_possorted_bam_SJSO3:AAGTAGCCAGGTTAAAx-M1,Generalist_nonNE,0.1265641320754717,1
gex_possorted_bam_SJSO3:AATATCCCAAACCTATx-M1,Generalist_NE,0.16393230188679245,2
gex_possorted_bam_SJSO3:AATAACCGTTGTTGCTx-M1,Generalist_NE,0.14509528301886793,1
gex_possorted_bam_SJSO3:AAGTGCAAGGTGCTGCx-M1,Generalist_NE,0.13948383018867921,2
gex_possorted_bam_SJSO3:AAGTAGCCATAGCGGAx-M1,Generalist_NE,0.14015490566037736,2
gex_possorted_bam_SJSO3:AAGTAGCCATTTGCTCx-M1,Generalist_nonNE,0.17026762264150944,4
gex_possorted_bam_SJSO3:AAGTTTGTCCTTCTAGx-M1,Generalist_nonNE,0.11545628301886793,2
gex_possorted_bam_SJSO3:AATCCTAAGGACCTTGx-M1,Arc_6,0.176214,6
gex_possorted_bam_SJSO3:AATCCTAAGGAATAACx-M1,Arc_1,0.36524030188679235,21
gex_possorted_bam_SJSO3:AATCCCTGTTAGAGGGx-M1,Generalist_nonNE,0.1690757358490566,5
gex_possorted_bam_SJSO3:AATGCAACATCCATCTx-M1,Generalist_NE,0.18173749056603772,6
gex_possorted_bam_SJSO3:AATCATCCATTAGCCAx-M1,Generalist_NE,0.14509528301886793,1
gex_possorted_bam_SJSO3:AATATCCCACAGGGACx-M1,Generalist_nonNE,0.2468256415094339,12
gex_possorted_bam_SJSO3:AATGCGCGTGATGGCTx-M1,Generalist_nonNE,0.22004584905660374,10
gex_possorted_bam_SJSO3:AATGCAACATCCAGGTx-M1,Generalist_nonNE,0.18173749056603772,6
gex_possorted_bam_SJSO3:AATCCCTGTTGCACGGx-M1,Generalist_NE,0.20927011320754715,11
gex_possorted_bam_SJSO3:AATCCGTAGCTTTGGGx-M1,Generalist_NE,0.1911407358490566,6
gex_possorted_bam_SJSO3:AATCCTAAGGCATGTTx-M1,Arc_4,0.14212422641509434,5
gex_possorted_bam_SJSO3:AATCCATCATTCCTCGx-M1,Generalist_NE,0.1925079433962264,6
gex_possorted_bam_SJSO3:AATCTTGAGGCGGATGx-M1,Arc_4,0.15096260377358492,5
gex_possorted_bam_SJSO3:AATGCGCGTTGTCATCx-M1,Generalist_nonNE,0.11337394339622642,2
gex_possorted_bam_SJSO3:AATCTTGAGCGAGTAAx-M1,Generalist_NE,0.241236,9
gex_possorted_bam_SJSO3:AATCTTGAGGAGGCATx-M1,Generalist_NE,0.15387843396226414,2
gex_possorted_bam_SJSO3:AATCCGTAGCTCCTACx-M1,Generalist_NE,0.14509528301886793,1
gex_possorted_bam_SJSO3:AATCCTAAGGTTTACAx-M1,Arc_6,0.23823335849056598,7
gex_possorted_bam_SJSO3:AATCCTAAGGCGAATAx-M1,Generalist_NE,0.2534142641509434,8
gex_possorted_bam_SJSO3:AATCTTGAGGTATTGCx-M1,Generalist_NE,0.14509528301886793,1
gex_possorted_bam_SJSO3:AATCATCCAAGTGTTTx-M1,Generalist_nonNE,0.11487462264150941,1
gex_possorted_bam_SJSO3:AATCATGTCTATGACAx-M1,Generalist_NE,0.14509528301886793,1
gex_possorted_bam_SJSO3:AATCGCCCAAGTGTCCx-M1,Generalist_NE,0.16431147169811322,3
gex_possorted_bam_SJSO3:AATCGCCCAATCGCACx-M1,Generalist_NE,0.18883967924528308,5
gex_possorted_bam_SJSO3:AATCCCTGTTAGGACCx-M1,Generalist_NE,0.19237116981132077,6
gex_possorted_bam_SJSO3:AATCGCCCAGGAACATx-M1,Generalist_NE,0.14509528301886793,1
gex_possorted_bam_SJSO3:AATGAAGGTGCCGCAAx-M1,Generalist_NE,0.16093305660377358,1
gex_possorted_bam_SJSO3:AATGCATGTTAGAGCCx-M1,Generalist_NE,0.14509528301886793,1
gex_possorted_bam_SJSO3:AATCCCTGTTCACCATx-M1,Generalist_NE,0.16331394339622643,4
gex_possorted_bam_SJSO3:AATGAAGGTTTAACCCx-M1,Generalist_NE,0.15047694339622641,2
gex_possorted_bam_SJSO3:AATCCTAAGGATCCGCx-M1,Generalist_NE,0.11573643396226416,3
gex_possorted_bam_SJSO3:AATATCCCAGGGAGCTx-M1,Arc_3,0.32158579245283014,12
gex_possorted_bam_SJSO3:AATGGCGCACTCGCTCx-M1,Generalist_NE,0.274249,10
gex_possorted_bam_SJSO3:AATGCGCGTTAGCAGCx-M1,Generalist_nonNE,0.16201886792452833,7
gex_possorted_bam_SJSO3:AATCAGGAGTAAGTCCx-M1,Arc_3,0.28414526415094343,9
gex_possorted_bam_SJSO3:AATATCCCATCGCTCCx-M1,Generalist_nonNE,0.12255694339622641,3
gex_possorted_bam_SJSO3:AATGCATGTTCATCTAx-M1,Generalist_NE,0.1457062641509434,2
gex_possorted_bam_SJSO3:AATCCATCACCAAAGGx-M1,Generalist_nonNE,0.12255694339622641,3
gex_possorted_bam_SJSO3:AATGCAACAGTTATGTx-M1,Arc_1,0.33955792452830186,18
gex_possorted_bam_SJSO3:AATCCGTAGCCTAACGx-M1,Generalist_NE,0.1878072641509434,6
gex_possorted_bam_SJSO3:AATGGCGCAGCTAACCx-M1,Generalist_NE,0.16393230188679245,2
gex_possorted_bam_SJSO3:AATCTCAAGCATTTCTx-M1,Generalist_NE,0.15121166037735848,1
gex_possorted_bam_SJSO3:AATGCAACAAACGGGCx-M1,Arc_4,0.15096260377358492,5
gex_possorted_bam_SJSO3:AATATCCCATTGTCCTx-M1,Generalist_NE,0.19133164150943396,4
gex_possorted_bam_SJSO3:AATGGCGCAGTAGGTGx-M1,Arc_6,0.13948383018867921,2
gex_possorted_bam_SJSO3:AATCTCAAGCGGGCAAx-M1,Generalist_NE,0.1596212641509434,4
gex_possorted_bam_SJSO3:AATGAAGGTGGGTGAAx-M1,Generalist_nonNE,0.13806558490566037,5
gex_possorted_bam_SJSO3:AATGCAACACCTGTAAx-M1,Generalist_nonNE,0.11365409433962263,3
gex_possorted_bam_SJSO3:AATCCATCATCCTAGAx-M1,Generalist_NE,0.15121166037735848,1
gex_possorted_bam_SJSO3:AATCATGTCTGGCTTCx-M1,Generalist_NE,0.20847330188679244,7
gex_possorted_bam_SJSO3:AATCCATCAACATAAGx-M1,Generalist_NE,0.17262926415094337,4
gex_possorted_bam_SJSO3:ACAACAACAAACCTTGx-M1,Arc_6,0.13410216981132075,1
gex_possorted_bam_SJSO3:AATTTCCTCTAAATCGx-M1,Generalist_NE,0.21376807547169813,7
gex_possorted_bam_SJSO3:AATTCGTCACAACAAAx-M1,Generalist_NE,0.14509528301886793,1
gex_possorted_bam_SJSO3:AATTGACGTTCCTGTGx-M1,Generalist_NE,0.13948383018867921,2
gex_possorted_bam_SJSO3:AATTAGGCAGTCTATGx-M1,Generalist_nonNE,0.11365409433962263,3
gex_possorted_bam_SJSO3:AATGTCATCAATCTAGx-M1,Generalist_NE,0.14509528301886793,1
gex_possorted_bam_SJSO3:ACAAAGGTCGCATTAAx-M1,Arc_3,0.16742443396226414,3
gex_possorted_bam_SJSO3:AATTTGGTCCCTGACTx-M1,Generalist_nonNE,0.13510554716981132,3
gex_possorted_bam_SJSO3:AATTACCCATAGACCCx-M1,Generalist_NE,0.18094075471698112,2
gex_possorted_bam_SJSO3:AATTAGGCATTTGCTCx-M1,Generalist_NE,0.13410216981132075,1
gex_possorted_bam_SJSO3:AATTGGACAGGTATTTx-M1,Generalist_NE,0.13410216981132075,1
gex_possorted_bam_SJSO3:AATTGACGTGTGCACGx-M1,Generalist_NE,0.2243772264150943,6
gex_possorted_bam_SJSO3:AATTTGGTCCCGCCTAx-M1,Generalist_NE,0.1447123962264151,4
gex_possorted_bam_SJSO3:AATGTCATCCGTCCATx-M1,Generalist_NE,0.15925503773584906,3
gex_possorted_bam_SJSO3:AATTGGACATGATTGTx-M1,Generalist_nonNE,0.147784,5
gex_possorted_bam_SJSO3:ACAACAACACAGACTCx-M1,Generalist_nonNE,0.19721930188679243,7
gex_possorted_bam_SJSO3:AATTCGTCACTGACTAx-M1,Generalist_NE,0.21323618867924526,6
gex_possorted_bam_SJSO3:AATTTGGTCCTCGATCx-M1,Arc_4,0.1615692075471698,7
gex_possorted_bam_SJSO3:AATTGTGTCGTTAACAx-M1,Generalist_NE,0.15047694339622641,2
gex_possorted_bam_SJSO3:AATGTCCAGCGCATTGx-M1,Generalist_nonNE,0.12461549056603774,3
gex_possorted_bam_SJSO3:AATTTGGTCCTGATGGx-M1,Generalist_nonNE,0.135233,2
gex_possorted_bam_SJSO3:AATTAGCGTAGGTTGCx-M1,Generalist_NE,0.1874880754716981,4
gex_possorted_bam_SJSO3:ACAAAGGTCTGGCAATx-M1,Arc_4,0.11221069811320754,1
gex_possorted_bam_SJSO3:ACAAAGGTCTGTAAGCx-M1,Generalist_nonNE,0.126436679245283,2
gex_possorted_bam_SJSO3:AATTTCCTCGCTTGCTx-M1,Generalist_NE,0.15018777358490562,3
gex_possorted_bam_SJSO3:AATTACCCATAGTCATx-M1,Generalist_NE,0.14930109433962266,0
gex_possorted_bam_SJSO3:AATTCGTCAGCTCAACx-M1,Generalist_nonNE,0.12444598113207546,4
gex_possorted_bam_SJSO3:AATTGCCAGGGCTTTGx-M1,Generalist_nonNE,0.16329411320754716,6
gex_possorted_bam_SJSO3:AATTGCCAGCCTAACGx-M1,Generalist_nonNE,0.1808803018867924,5
gex_possorted_bam_SJSO3:AATGTCATCTTGAGCGx-M1,Generalist_nonNE,0.13127069811320755,3
gex_possorted_bam_SJSO3:ACAACAACAGCAACAGx-M1,Generalist_nonNE,0.16201886792452833,7
gex_possorted_bam_SJSO3:AATTTCCTCATGGCTGx-M1,Generalist_NE,0.2681406981132075,10
gex_possorted_bam_SJSO3:AATTCGTCAGTTTACGx-M1,Generalist_nonNE,0.12132562264150942,2
gex_possorted_bam_SJSO3:AATTGGACACCCACCTx-M1,Generalist_nonNE,0.315292603773585,11
gex_possorted_bam_SJSO3:AATTGACGTAGCTAGCx-M1,Generalist_NE,0.1641001320754717,2
gex_possorted_bam_SJSO3:AATTACCCATTGTTGGx-M1,Generalist_NE,0.15962477358490565,3
gex_possorted_bam_SJSO3:AATTGGGAGGTGAAGCx-M1,Arc_4,0.12489564150943396,4
gex_possorted_bam_SJSO3:AATTTGCCATAATCGTx-M1,Generalist_NE,0.13127069811320755,3
gex_possorted_bam_SJSO3:AATTACCCATTAGGCCx-M1,Generalist_NE,0.14509528301886793,1
gex_possorted_bam_SJSO3:AATTTGCCAGCTCAACx-M1,Generalist_NE,0.16748037735849056,3
gex_possorted_bam_SJSO3:AATTTCCTCACAAGCTx-M1,Generalist_NE,0.17088092452830186,3
gex_possorted_bam_SJSO3:AATTGGACATAAGTCTx-M1,Generalist_nonNE,0.16658892452830187,2
gex_possorted_bam_SJSO3:ACAACAACACCTGGTGx-M1,Generalist_NE,0.261876679245283,8
gex_possorted_bam_SJSO3:ACACTTGCATCAGTATx-M1,Arc_6,0.26477592452830184,12
gex_possorted_bam_SJSO3:ACAGGCTGTCACAAATx-M1,Generalist_nonNE,0.12132562264150942,2
gex_possorted_bam_SJSO3:ACACAATGTACCTTACx-M1,Generalist_NE,0.14509528301886793,1
gex_possorted_bam_SJSO3:ACACTTAAGTACTGGTx-M1,Generalist_NE,0.18497516981132076,5
gex_possorted_bam_SJSO3:ACAACATGTGCTAGCGx-M1,Generalist_nonNE,0.12002915094339624,2
gex_possorted_bam_SJSO3:ACACTAATCTTTAAGGx-M1,Generalist_NE,0.15019254716981134,1
gex_possorted_bam_SJSO3:ACAGGTAAGCATGCATx-M1,Generalist_NE,0.21833079245283019,8
gex_possorted_bam_SJSO3:ACAGCGCTCATTATGGx-M1,Arc_4,0.1501194716981132,5
gex_possorted_bam_SJSO3:ACAGTATGTAAGCTTGx-M1,Generalist_NE,0.15830369811320757,4
gex_possorted_bam_SJSO3:ACAGTATGTCCTTAGTx-M1,Generalist_NE,0.1696931320754717,4
gex_possorted_bam_SJSO3:ACACGGACACAATACTx-M1,Generalist_nonNE,0.12255694339622641,3
gex_possorted_bam_SJSO3:ACAACAGAGAAGGTGCx-M1,Generalist_NE,0.14673864150943394,3
gex_possorted_bam_SJSO3:ACAGGCTGTGTTTGCTx-M1,Generalist_nonNE,0.2171289622641509,9
gex_possorted_bam_SJSO3:ACAGGAATCCAATTAGx-M1,Generalist_NE,0.13410216981132075,1
gex_possorted_bam_SJSO3:ACAGCCGGTAACCTAGx-M1,Arc_4,0.1615692075471698,7
gex_possorted_bam_SJSO3:ACAACACTCAAGCTTAx-M1,Arc_2,0.12678377358490567,4
gex_possorted_bam_SJSO3:ACAACAGAGGTCCTGAx-M1,Arc_6,0.13948383018867921,2
gex_possorted_bam_SJSO3:ACAACAGAGCTGGAAAx-M1,Generalist_NE,0.16193443396226415,3
gex_possorted_bam_SJSO3:ACACGGACATCAGCACx-M1,Arc_6,0.1959829433962264,4
gex_possorted_bam_SJSO3:ACATAGCTCATCCTCAx-M1,Generalist_NE,0.22708635849056605,9
gex_possorted_bam_SJSO3:ACACGGACATATAACCx-M1,Generalist_NE,0.14509528301886793,1
gex_possorted_bam_SJSO3:ACAGTATGTAGTTAACx-M1,Generalist_nonNE,0.11337394339622642,2
gex_possorted_bam_SJSO3:ACAGGTAAGTTAGTGCx-M1,Generalist_nonNE,0.11337394339622642,2
gex_possorted_bam_SJSO3:ACATAGCTCAAACACCx-M1,Generalist_NE,0.15914294339622642,5
gex_possorted_bam_SJSO3:ACAACAGAGGCTGGCTx-M1,Generalist_nonNE,0.10720309433962265,2
gex_possorted_bam_SJSO3:ACAGCGCTCCTAATGAx-M1,Generalist_NE,0.13948383018867921,2
gex_possorted_bam_SJSO3:ACAGCCGGTAATCCCTx-M1,Generalist_NE,0.14509528301886793,1
gex_possorted_bam_SJSO3:ACAGGCTGTGAAACAAx-M1,Generalist_nonNE,0.11487462264150941,1
gex_possorted_bam_SJSO3:ACACCTTGTCCTTCAGx-M1,Generalist_nonNE,0.11823045283018867,1
gex_possorted_bam_SJSO3:ACACTAGGTAGTTGGCx-M1,Generalist_nonNE,0.13282420754716984,5
gex_possorted_bam_SJSO3:ACAACAACAGCACCATx-M1,Generalist_NE,0.19108786792452828,6
gex_possorted_bam_SJSO3:ACAACAGAGTTTCCTGx-M1,Generalist_NE,0.15018777358490562,3
gex_possorted_bam_SJSO3:ACAGCCGGTTTACCGTx-M1,Generalist_nonNE,0.11365409433962263,3
gex_possorted_bam_SJSO3:ACACTAATCTAAATCGx-M1,Generalist_NE,0.16118088679245285,3
gex_possorted_bam_SJSO3:ACAGGATCAACCGCCAx-M1,Generalist_nonNE,0.1069229433962264,1
gex_possorted_bam_SJSO3:ACAGGCTGTCTTGCATx-M1,Generalist_nonNE,0.10720309433962265,2
gex_possorted_bam_SJSO3:ACACCTTGTTAATGACx-M1,Generalist_NE,0.14509528301886793,1
gex_possorted_bam_SJSO3:ACAGGATCAGTTTGTGx-M1,Generalist_NE,0.23254773584905664,8
gex_possorted_bam_SJSO3:ACACTTAAGGACAATGx-M1,Generalist_NE,0.18838073584905662,7
gex_possorted_bam_SJSO3:ACAGCCGGTTTGTCTAx-M1,Generalist_NE,0.19155943396226413,6
gex_possorted_bam_SJSO3:ACAACACTCTTAGTCTx-M1,Arc_4,0.16837294339622644,6
gex_possorted_bam_SJSO3:ACACTAGGTCTCACTGx-M1,Generalist_NE,0.2335019811320755,5
gex_possorted_bam_SJSO3:ACAGCCGGTTTATCGCx-M1,Generalist_nonNE,0.11545628301886793,2
gex_possorted_bam_SJSO3:ACACTAATCCTCATCAx-M1,Generalist_NE,0.30378162264150943,12
gex_possorted_bam_SJSO3:ACCAGGGAGTTCCTGCx-M1,Generalist_NE,0.14509528301886793,1
gex_possorted_bam_SJSO3:ACCAAGCGTGAGCGAAx-M1,Generalist_NE,0.14509528301886793,1
gex_possorted_bam_SJSO3:ACCAGGACACCTGCCTx-M1,Arc_1,0.16916518867924527,2
gex_possorted_bam_SJSO3:ACATAGCTCCAACTGGx-M1,Generalist_nonNE,0.10720309433962265,2
gex_possorted_bam_SJSO3:ACCACACCAAACTAAGx-M1,Generalist_NE,0.20826371698113208,2
gex_possorted_bam_SJSO3:ACCCGCTGTTACTAGGx-M1,Generalist_nonNE,0.17522854716981132,7
gex_possorted_bam_SJSO3:ACATCATCAGGTTCACx-M1,Generalist_nonNE,0.2577156037735849,12
gex_possorted_bam_SJSO3:ACCAAGTTCCGCACAAx-M1,Generalist_NE,0.15047694339622641,2
gex_possorted_bam_SJSO3:ACCAGGCTCTCCTCAAx-M1,Generalist_NE,0.13948383018867921,2
gex_possorted_bam_SJSO3:ACATTAGTCGCTCACTx-M1,Generalist_nonNE,0.12340796226415095,2
gex_possorted_bam_SJSO3:ACATTGCAGCCTGAGCx-M1,Generalist_NE,0.19318913207547167,4
gex_possorted_bam_SJSO3:ACCAAACTCTTGTCTGx-M1,Generalist_nonNE,0.11545628301886793,2
gex_possorted_bam_SJSO3:ACATAGCTCGAAGTAGx-M1,Arc_4,0.12120556603773584,4
gex_possorted_bam_SJSO3:ACCACACCATAACGGGx-M1,Generalist_nonNE,0.2437642075471698,11
gex_possorted_bam_SJSO3:ACCAGGCTCTTGCAAAx-M1,Generalist_NE,0.14509528301886793,1
gex_possorted_bam_SJSO3:ACATTGCAGGTAAGGCx-M1,Arc_6,0.14509528301886793,1
gex_possorted_bam_SJSO3:ACCAGGGAGCCTAACGx-M1,Generalist_NE,0.22276650943396228,9
gex_possorted_bam_SJSO3:ACATTAGTCCTGGCTTx-M1,Generalist_NE,0.1457062641509434,2
gex_possorted_bam_SJSO3:ACCAGGACACATTGCAx-M1,Arc_1,0.18299907547169814,6
gex_possorted_bam_SJSO3:ACCCGCTGTACGCGCAx-M1,Generalist_NE,0.15121166037735848,1
gex_possorted_bam_SJSO3:ACCAGGGAGCCTTAAAx-M1,Generalist_nonNE,0.1807735660377358,7
gex_possorted_bam_SJSO3:ACCCAGGGTCCTAATCx-M1,Arc_1,0.3769457358490565,19
gex_possorted_bam_SJSO3:ACCATAATCTTTGAGAx-M1,Generalist_NE,0.269166641509434,11
gex_possorted_bam_SJSO3:ACCAGGACAGTTAGCCx-M1,Generalist_NE,0.1696931320754717,4
gex_possorted_bam_SJSO3:ACATTAGTCGAAGTAGx-M1,Generalist_NE,0.16372820754716982,3
gex_possorted_bam_SJSO3:ACCACACCAGCAACCTx-M1,Generalist_nonNE,0.10720309433962265,2
gex_possorted_bam_SJSO3:ACCAAGTTCGACAAAGx-M1,Arc_3,0.2568533584905661,7
gex_possorted_bam_SJSO3:ACCATTAAGTGGACAAx-M1,Arc_4,0.13585101886792453,6
gex_possorted_bam_SJSO3:ACATCAATCCACCTTAx-M1,Generalist_NE,0.1457062641509434,2
gex_possorted_bam_SJSO3:ACCCGCTGTGCGCATGx-M1,Arc_6,0.13948383018867921,2
gex_possorted_bam_SJSO3:ACATCAATCCATAATGx-M1,Arc_6,0.15047694339622641,2
gex_possorted_bam_SJSO3:ACCAAGCGTCATGCAAx-M1,Arc_4,0.13781137735849056,3
gex_possorted_bam_SJSO3:ACCCAACCACCCTCACx-M1,Arc_1,0.33053020754716983,17
gex_possorted_bam_SJSO3:ACCCAACCATAATGTCx-M1,Generalist_NE,0.1696931320754717,4
gex_possorted_bam_SJSO3:ACCAGCTCATAGTCATx-M1,Generalist_nonNE,0.13510554716981132,3
gex_possorted_bam_SJSO3:ACCATTAAGACTTACAx-M1,Generalist_NE,0.1459867358490566,2
gex_possorted_bam_SJSO3:ACATTAGTCTCCTCTTx-M1,Arc_1,0.14509528301886793,1
gex_possorted_bam_SJSO3:ACCCAACCAGGTATTTx-M1,Arc_3,0.2669773962264151,9
gex_possorted_bam_SJSO3:ACCAGGACAATAAGCAx-M1,Arc_6,0.16515475471698113,4
gex_possorted_bam_SJSO3:ACCAGCTCATTCCTCGx-M1,Generalist_NE,0.24566590566037733,10
gex_possorted_bam_SJSO3:ACCATTAAGCAGCTCAx-M1,Arc_6,0.20406807547169814,4
gex_possorted_bam_SJSO3:ACCAGGGAGGATAAACx-M1,Generalist_nonNE,0.135233,2
gex_possorted_bam_SJSO3:ACCAAACTCATCCTGCx-M1,Generalist_nonNE,0.12340796226415095,2
gex_possorted_bam_SJSO3:ACCCGCTGTTGGTTCTx-M1,Generalist_NE,0.20078577358490565,5
gex_possorted_bam_SJSO3:ACATCATCAATAGCCCx-M1,Arc_6,0.21889664150943394,5
gex_possorted_bam_SJSO3:ACCAAACTCAGGTCCAx-M1,Generalist_NE,0.15137949056603775,1
gex_possorted_bam_SJSO3:ACCACACCAGGGAGGAx-M1,Arc_4,0.15809624528301888,6
gex_possorted_bam_SJSO3:ACCATAATCATTGTTCx-M1,Generalist_NE,0.20754611320754715,6
gex_possorted_bam_SJSO3:ACCATAATCTTGCAAAx-M1,Arc_2,0.17870898113207548,7
gex_possorted_bam_SJSO3:ACCATTAAGTGCTGTGx-M1,Arc_4,0.11337394339622642,2
gex_possorted_bam_SJSO3:ACCAGGACAAGCCAGAx-M1,Generalist_nonNE,0.12340796226415095,2
gex_possorted_bam_SJSO3:ACATTGCAGTAAGTCCx-M1,Generalist_NE,0.16093305660377358,1
gex_possorted_bam_SJSO3:ACATAGCTCGAAGTGAx-M1,Generalist_NE,0.1447123962264151,4
gex_possorted_bam_SJSO3:ACCCGCTGTGCATCGGx-M1,Arc_4,0.126436679245283,2
gex_possorted_bam_SJSO3:ACATTAGTCTATGACAx-M1,Arc_6,0.3483124716981132,17
gex_possorted_bam_SJSO3:ACCAGGCTCCTCGATCx-M1,Generalist_nonNE,0.10720309433962265,2
gex_possorted_bam_SJSO3:ACCAGCTCAGGCTGTTx-M1,Generalist_NE,0.2140606603773585,7
gex_possorted_bam_SJSO3:ACCAAACTCATGCATAx-M1,Generalist_NE,0.1961949245283019,5
gex_possorted_bam_SJSO3:ACCATAATCCTAAATGx-M1,Arc_4,0.1239426603773585,4
gex_possorted_bam_SJSO3:ACATCAATCATCAGTAx-M1,Arc_6,0.22780892452830187,8
gex_possorted_bam_SJSO3:ACCCGTAAGAAACTGGx-M1,Arc_4,0.126436679245283,2
gex_possorted_bam_SJSO3:ACCCGTAAGCCACATGx-M1,Generalist_nonNE,0.12120556603773584,4
gex_possorted_bam_SJSO3:ACCTAAATCGGGACCTx-M1,Generalist_nonNE,0.12340796226415095,2
gex_possorted_bam_SJSO3:ACCTACCTCTAAGTCAx-M1,Generalist_NE,0.16431147169811322,3
gex_possorted_bam_SJSO3:ACCCGCTGTTTGGCTTx-M1,Generalist_NE,0.14509528301886793,1
gex_possorted_bam_SJSO3:ACCCGTAAGACACCGCx-M1,Generalist_NE,0.14509528301886793,1
gex_possorted_bam_SJSO3:ACCTCACTCCTGTTCAx-M1,Arc_1,0.1459867358490566,2
gex_possorted_bam_SJSO3:ACCCGGTAGCAAACCTx-M1,Generalist_NE,0.19186801886792454,6
gex_possorted_bam_SJSO3:ACCCTCCCAAGTAAGCx-M1,Arc_4,0.13951956603773585,5
gex_possorted_bam_SJSO3:ACCTTCATCACAGCCAx-M1,Generalist_nonNE,0.13471316981132075,2
gex_possorted_bam_SJSO3:ACCGCAATCATTTGTCx-M1,Generalist_nonNE,0.18376939622641508,7
gex_possorted_bam_SJSO3:ACCCGGTAGTATTGGCx-M1,Generalist_NE,0.14874616981132074,4
gex_possorted_bam_SJSO3:ACCTAAGGTTATCCGTx-M1,Generalist_nonNE,0.11487462264150941,1
gex_possorted_bam_SJSO3:ACCTTGTGTTTCGCGCx-M1,Arc_3,0.2069513396226415,6
gex_possorted_bam_SJSO3:ACCTAAGGTGGTTCCCx-M1,Arc_3,0.26317509433962266,7
gex_possorted_bam_SJSO3:ACCTGGTCAAGCTTATx-M1,Generalist_NE,0.15047694339622641,2
gex_possorted_bam_SJSO3:ACCTAAGGTAAGCACCx-M1,Generalist_NE,0.16431147169811322,3
gex_possorted_bam_SJSO3:ACCTTCCAGTCACCTCx-M1,Generalist_NE,0.21773269811320756,8
gex_possorted_bam_SJSO3:ACCCGGTAGCAGGTTTx-M1,Arc_1,0.12340796226415095,2
gex_possorted_bam_SJSO3:ACCCGGTAGAAAGGAAx-M1,Generalist_NE,0.14509528301886793,1
gex_possorted_bam_SJSO3:ACCTTGCTCTTAGTCTx-M1,Generalist_nonNE,0.1069229433962264,1
gex_possorted_bam_SJSO3:ACCGAAGCAGGTCCTGx-M1,Generalist_NE,0.268117358490566,9
gex_possorted_bam_SJSO3:ACCTTCCAGCTCCTTAx-M1,Generalist_nonNE,0.11487462264150941,1
gex_possorted_bam_SJSO3:ACCTTCCAGAATCTCAx-M1,Generalist_NE,0.1536075283018868,2
gex_possorted_bam_SJSO3:ACCCGGTAGGAACGGTx-M1,Generalist_NE,0.14509528301886793,1
gex_possorted_bam_SJSO3:ACCCGTAAGCAAGGACx-M1,Generalist_NE,0.1459867358490566,2
gex_possorted_bam_SJSO3:ACCTAAGGTTACTTGCx-M1,Generalist_NE,0.16546981132075472,4
gex_possorted_bam_SJSO3:ACCTTGCTCATGCTAAx-M1,Arc_6,0.13410216981132075,1
gex_possorted_bam_SJSO3:ACCTGGTCATGTCAGCx-M1,Generalist_NE,0.14509528301886793,1
gex_possorted_bam_SJSO3:ACCTTGTGTCACGAACx-M1,Generalist_NE,0.19861524528301885,6
gex_possorted_bam_SJSO3:ACCTCACTCGCGCTAAx-M1,Generalist_nonNE,0.11487462264150941,1
gex_possorted_bam_SJSO3:ACCCGTAAGCTACTGGx-M1,Generalist_NE,0.22631515094339621,8
gex_possorted_bam_SJSO3:ACCTTGTGTTCACTGTx-M1,Generalist_NE,0.15047694339622641,2
gex_possorted_bam_SJSO3:ACGAACAAGACCATACx-M1,Generalist_NE,0.23823335849056598,7
gex_possorted_bam_SJSO3:ACCGGTTCAGGTATTTx-M1,Generalist_NE,0.16515209433962266,5
gex_possorted_bam_SJSO3:ACCTTCATCAACCAACx-M1,Arc_1,0.12002915094339624,2
gex_possorted_bam_SJSO3:ACCTTGCTCTGTGCCTx-M1,Generalist_NE,0.16916518867924527,2
gex_possorted_bam_SJSO3:ACCCGTAAGCAAACCTx-M1,Generalist_NE,0.17030369811320756,3
gex_possorted_bam_SJSO3:ACCTCACTCGGTACGCx-M1,Generalist_nonNE,0.12678377358490567,4
gex_possorted_bam_SJSO3:ACCTTCATCATCAGTAx-M1,Generalist_NE,0.15637632075471697,1
gex_possorted_bam_SJSO3:ACCGGTTCAGTAAGTAx-M1,Generalist_NE,0.1457062641509434,2
gex_possorted_bam_SJSO3:ACCTGGTCATAGACTTx-M1,Arc_6,0.14509528301886793,1
gex_possorted_bam_SJSO3:ACCGCAATCTAGCTTTx-M1,Generalist_NE,0.1740949245283019,4
gex_possorted_bam_SJSO3:ACCTGGATCCATAAGCx-M1,Generalist_NE,0.14509528301886793,1
gex_possorted_bam_SJSO3:ACCGGCTAGTCAATCAx-M1,Generalist_NE,0.13948383018867921,2
gex_possorted_bam_SJSO3:ACCTTCCAGCTGGACCx-M1,Arc_1,0.14509528301886793,1
gex_possorted_bam_SJSO3:ACCCGTAAGTCCTTTGx-M1,Generalist_NE,0.1448061132075472,2
gex_possorted_bam_SJSO3:ACCTAAGGTCCGCTGTx-M1,Generalist_NE,0.17844316981132075,3
gex_possorted_bam_SJSO3:ACCTGGATCGCTCCATx-M1,Generalist_NE,0.14509528301886793,1
gex_possorted_bam_SJSO3:ACCTGGTCATTAGCGCx-M1,Generalist_NE,0.19520181132075473,3
gex_possorted_bam_SJSO3:ACGTACCCAGGAACATx-M1,Arc_4,0.159264,5
gex_possorted_bam_SJSO3:ACGCTTGAGGCGAAACx-M1,Generalist_NE,0.14509528301886793,1
gex_possorted_bam_SJSO3:ACGTCAAGTTTAGTCCx-M1,Generalist_nonNE,0.11823045283018867,1
gex_possorted_bam_SJSO3:ACGTCCAAGGTCCACAx-M1,Generalist_NE,0.14509528301886793,1
gex_possorted_bam_SJSO3:ACGTCCTTCCACCTGTx-M1,Arc_6,0.13410216981132075,1
gex_possorted_bam_SJSO3:ACGTCCTTCATCCTATx-M1,Generalist_NE,0.17322383018867926,5
gex_possorted_bam_SJSO3:ACGACAAAGCTTGCTCx-M1,Generalist_nonNE,0.17616907547169808,7
gex_possorted_bam_SJSO3:ACGCTTGAGCATGCATx-M1,Generalist_nonNE,0.11365409433962263,3
gex_possorted_bam_SJSO3:ACGTCCTTCCCAGTAGx-M1,Generalist_NE,0.13948383018867921,2
gex_possorted_bam_SJSO3:ACGCCTTTCCCTTGCGx-M1,Generalist_nonNE,0.13510554716981132,3
gex_possorted_bam_SJSO3:ACGAAGTCAATGAATGx-M1,Generalist_NE,0.23852332075471697,8
gex_possorted_bam_SJSO3:ACGAAGTCAATCCTGAx-M1,Generalist_nonNE,0.1422937358490566,4
gex_possorted_bam_SJSO3:ACGCCTAAGCGGGCAAx-M1,Arc_3,0.25602669811320755,8
gex_possorted_bam_SJSO3:ACGACTTAGGCTGTCAx-M1,Generalist_NE,0.27001364150943397,9
gex_possorted_bam_SJSO3:ACGTCAAGTCACAGCGx-M1,Generalist_NE,0.14509528301886793,1
gex_possorted_bam_SJSO3:ACGTACCCAACATAAGx-M1,Arc_4,0.126436679245283,2
gex_possorted_bam_SJSO3:ACGGTACGTTGGTTAGx-M1,Arc_6,0.13410216981132075,1
gex_possorted_bam_SJSO3:ACGTACCCATCAGTATx-M1,Generalist_NE,0.17189016981132077,4
gex_possorted_bam_SJSO3:ACGTCCTTCATAGACCx-M1,Arc_4,0.16327616981132076,7
gex_possorted_bam_SJSO3:ACGTCCAAGTTGTCTTx-M1,Generalist_nonNE,0.12951115094339624,5
gex_possorted_bam_SJSO3:ACGGTTAGTCTCACTGx-M1,Generalist_NE,0.1696931320754717,4
gex_possorted_bam_SJSO3:ACGTCCAAGCGGATTTx-M1,Generalist_nonNE,0.12255694339622641,3
gex_possorted_bam_SJSO3:ACGGTACGTTCCTGATx-M1,Generalist_nonNE,0.12190728301886794,3
gex_possorted_bam_SJSO3:ACGCACGGTTCTTTAGx-M1,Generalist_NE,0.28121798113207547,9
gex_possorted_bam_SJSO3:ACGCTTGAGGTAAGGCx-M1,Arc_4,0.15096260377358492,5
gex_possorted_bam_SJSO3:ACGACTTAGGTGCTGCx-M1,Generalist_NE,0.2284689811320755,8
gex_possorted_bam_SJSO3:ACGACAAAGCAAACCTx-M1,Arc_6,0.13948383018867921,2
gex_possorted_bam_SJSO3:ACGCCTAAGGTCAAAGx-M1,Generalist_NE,0.1459867358490566,2
gex_possorted_bam_SJSO3:ACGACTTAGCTAAAGGx-M1,Arc_3,0.2605470566037736,6
gex_possorted_bam_SJSO3:ACGCCTAAGACAAAGTx-M1,Generalist_NE,0.16748037735849056,3
gex_possorted_bam_SJSO3:ACGACTTAGCATGTTAx-M1,Generalist_NE,0.1536075283018868,2
gex_possorted_bam_SJSO3:ACGCCACAGGCTACATx-M1,Generalist_NE,0.15637632075471697,1
gex_possorted_bam_SJSO3:ACGCAAGCATTAAGCTx-M1,Generalist_NE,0.18497516981132076,5
gex_possorted_bam_SJSO3:ACGACAAAGAATCGCTx-M1,Generalist_NE,0.14509528301886793,1
gex_possorted_bam_SJSO3:ACGCTTGAGGTGCTGCx-M1,Generalist_NE,0.13410216981132075,1
gex_possorted_bam_SJSO3:ACGCTTGAGCCTTAAAx-M1,Arc_4,0.12671683018867927,3
gex_possorted_bam_SJSO3:ACGGTTTAGCATGTCGx-M1,Generalist_nonNE,0.13365332075471698,4
gex_possorted_bam_SJSO3:ACGTCCTTCCGTTATTx-M1,Generalist_NE,0.14509528301886793,1
gex_possorted_bam_SJSO3:ACGATTCAGCGCATTGx-M1,Generalist_NE,0.19851056603773584,6
gex_possorted_bam_SJSO3:ACGTCAAGTGATCAGCx-M1,Generalist_nonNE,0.15914294339622642,5
gex_possorted_bam_SJSO3:ACGAATCTCATGCGTGx-M1,Arc_3,0.18094075471698112,2
gex_possorted_bam_SJSO3:ACGACTTAGGCCTAATx-M1,Generalist_NE,0.15047694339622641,2
gex_possorted_bam_SJSO3:ACGCCTAAGCGCTCAAx-M1,Generalist_NE,0.22548545283018867,5
gex_possorted_bam_SJSO3:ACGACTTAGCTTACTTx-M1,Generalist_nonNE,0.1265641320754717,1
gex_possorted_bam_SJSO3:ACTAACTCAAGGTACGx-M1,Generalist_nonNE,0.12218743396226416,4
gex_possorted_bam_SJSO3:ACTAACTCATTAAGTCx-M1,Generalist_NE,0.23984243396226415,7
gex_possorted_bam_SJSO3:ACTCGCGCAAGACTCCx-M1,Arc_3,0.19329184905660377,6
gex_possorted_bam_SJSO3:ACTCACTGTCATTACCx-M1,Arc_4,0.15096260377358492,5
gex_possorted_bam_SJSO3:ACTCGCGCAAAGGCCAx-M1,Generalist_NE,0.15962477358490565,3
gex_possorted_bam_SJSO3:ACTCGCGCAAGGACCAx-M1,Generalist_NE,0.15121166037735848,1
gex_possorted_bam_SJSO3:ACTCACCTCATAGACCx-M1,Generalist_nonNE,0.1069229433962264,1
gex_possorted_bam_SJSO3:ACTAACCAGTGGCGGAx-M1,Generalist_NE,0.3156006226415094,12
gex_possorted_bam_SJSO3:ACTCCTCAGCGAGGTGx-M1,Generalist_NE,0.14509528301886793,1
gex_possorted_bam_SJSO3:ACTCACTGTAAGTCGCx-M1,Generalist_NE,0.17189016981132077,4
gex_possorted_bam_SJSO3:ACTCGCGCAATAGCAAx-M1,Arc_6,0.17282109433962267,5
gex_possorted_bam_SJSO3:ACTAAAGCATAATCGTx-M1,Arc_4,0.11823045283018867,1
gex_possorted_bam_SJSO3:ACTCGCGCAGATTCATx-M1,Arc_6,0.14509528301886793,1
gex_possorted_bam_SJSO3:ACTAGGCGTAATCACGx-M1,Generalist_nonNE,0.11337394339622642,2
gex_possorted_bam_SJSO3:ACTCGCTTCGATATTGx-M1,Generalist_NE,0.2545834528301887,8
gex_possorted_bam_SJSO3:ACTCAGTAGTGTTGTAx-M1,Generalist_nonNE,0.17616907547169808,7
gex_possorted_bam_SJSO3:ACTGAAACATGAGCAGx-M1,Generalist_NE,0.1882364716981132,2
gex_possorted_bam_SJSO3:ACTAACCAGGTTAGAGx-M1,Arc_6,0.14509528301886793,1
gex_possorted_bam_SJSO3:ACTCCTCAGGTCTTGGx-M1,Arc_4,0.16201886792452833,7
gex_possorted_bam_SJSO3:ACTCAGTAGGTCGAGGx-M1,Arc_4,0.16128905660377355,6
gex_possorted_bam_SJSO3:ACTAACTCAGTGAACGx-M1,Generalist_NE,0.14509528301886793,1
gex_possorted_bam_SJSO3:ACTCACCTCAATCATGx-M1,Generalist_nonNE,0.12132562264150942,2
gex_possorted_bam_SJSO3:ACTGAAACATAAGTCTx-M1,Generalist_nonNE,0.14393492452830187,5
gex_possorted_bam_SJSO3:ACTAAAGCAGGTTATTx-M1,Generalist_nonNE,0.11823045283018867,1
gex_possorted_bam_SJSO3:ACTAATCCAGCTTAGCx-M1,Generalist_NE,0.14509528301886793,1
gex_possorted_bam_SJSO3:ACGTCCTTCTTGGACGx-M1,Generalist_nonNE,0.12120556603773584,4
gex_possorted_bam_SJSO3:ACTATCCGTTATCCTAx-M1,Generalist_NE,0.1459867358490566,2
gex_possorted_bam_SJSO3:ACTCCTCAGGTACCGCx-M1,Generalist_NE,0.2174455660377358,4
gex_possorted_bam_SJSO3:ACTAATCCACATAACTx-M1,Generalist_NE,0.1727467169811321,3
gex_possorted_bam_SJSO3:ACTAACTCAGGCTACTx-M1,Arc_4,0.126436679245283,2
gex_possorted_bam_SJSO3:ACTAACTCAATCGCACx-M1,Generalist_nonNE,0.1680810566037736,5
gex_possorted_bam_SJSO3:ACTATCCGTTAGCAGCx-M1,Arc_1,0.13805666037735848,4
gex_possorted_bam_SJSO3:ACTCGCGCAGGCAAGCx-M1,Generalist_nonNE,0.1330151320754717,2
gex_possorted_bam_SJSO3:ACTATCCGTGGTTCTTx-M1,Arc_3,0.3110615849056603,13
gex_possorted_bam_SJSO3:ACTCGCTTCTCACACCx-M1,Arc_6,0.13410216981132075,1
gex_possorted_bam_SJSO3:ACTAAAGCAGGTTACCx-M1,Generalist_NE,0.19981884905660377,6
gex_possorted_bam_SJSO3:ACTAACTCATGAAGTAx-M1,Generalist_NE,0.13410216981132075,1
gex_possorted_bam_SJSO3:ACTTTGTTCAATCATGx-M1,Generalist_NE,0.15047694339622641,2
gex_possorted_bam_SJSO3:ACTTCGCTCGCACAATx-M1,Generalist_NE,0.1596212641509434,4
gex_possorted_bam_SJSO3:ACTTACTTCTCGACCTx-M1,Arc_1,0.11365409433962263,3
gex_possorted_bam_SJSO3:ACTTGTCGTCGTAATGx-M1,Generalist_NE,0.21323618867924526,6
gex_possorted_bam_SJSO3:ACTTGAATCCAAGTTAx-M1,Generalist_NE,0.13948383018867921,2
gex_possorted_bam_SJSO3:AGAAAGGCATAATTGCx-M1,Generalist_NE,0.17558622641509433,6
gex_possorted_bam_SJSO3:ACTTATGAGTCACTAAx-M1,Generalist_NE,0.19285824528301887,6
gex_possorted_bam_SJSO3:ACTGAATGTCAGTAATx-M1,Generalist_NE,0.1459867358490566,2
gex_possorted_bam_SJSO3:ACTTGCACAGCGCTTGx-M1,Generalist_NE,0.17088092452830186,3
gex_possorted_bam_SJSO3:ACTTGAATCATTTGTCx-M1,Generalist_NE,0.19012733962264147,6
gex_possorted_bam_SJSO3:ACTTGCACACTTGTTCx-M1,Generalist_NE,0.17205800000000002,4
gex_possorted_bam_SJSO3:ACTTAGTCAATTGAGAx-M1,Generalist_NE,0.1654989245283019,5
gex_possorted_bam_SJSO3:AGAAAGGCACCCACCTx-M1,Generalist_NE,0.12218743396226416,4
gex_possorted_bam_SJSO3:ACTTGAATCCTTGAGGx-M1,Generalist_NE,0.17189016981132077,4
gex_possorted_bam_SJSO3:ACTTATCTCGGGACTCx-M1,Generalist_NE,0.14509528301886793,1
gex_possorted_bam_SJSO3:ACTTTGTTCGTGCTTCx-M1,Generalist_nonNE,0.14642871698113208,5
gex_possorted_bam_SJSO3:ACTTGCACACTGACCGx-M1,Arc_6,0.15047694339622641,2
gex_possorted_bam_SJSO3:ACTTACTTCTCATCATx-M1,Generalist_NE,0.14509528301886793,1
gex_possorted_bam_SJSO3:AGAAACCCATCGCTTTx-M1,Arc_5,0.21376807547169813,7
gex_possorted_bam_SJSO3:ACTTTGTTCTCCATGCx-M1,Generalist_NE,0.16133956603773586,4
gex_possorted_bam_SJSO3:ACTTATCTCACAAGCTx-M1,Generalist_NE,0.12985896226415095,3
gex_possorted_bam_SJSO3:ACTGAAACATTGACATx-M1,Arc_6,0.14509528301886793,1
gex_possorted_bam_SJSO3:ACTTATCTCATGAGCTx-M1,Generalist_NE,0.16393230188679245,2
gex_possorted_bam_SJSO3:ACTTAGTCATTGTCAGx-M1,Arc_4,0.1529003396226415,6
gex_possorted_bam_SJSO3:ACTTGAATCCTAATAGx-M1,Generalist_NE,0.20110839622641513,8
gex_possorted_bam_SJSO3:ACTTGCACATGAAGTAx-M1,Arc_4,0.12169666037735849,2
gex_possorted_bam_SJSO3:ACTTACTTCCTGATGGx-M1,Generalist_NE,0.18173749056603772,6
gex_possorted_bam_SJSO3:ACTTGCACAACTAGCCx-M1,Generalist_NE,0.13410216981132075,1
gex_possorted_bam_SJSO3:ACTTAGGGTTGGTTGAx-M1,Generalist_NE,0.15047694339622641,2
gex_possorted_bam_SJSO3:ACTTGTCGTTACGCGGx-M1,Arc_4,0.1069229433962264,1
gex_possorted_bam_SJSO3:AGAAAGGCAGGAACATx-M1,Generalist_nonNE,0.1471585283018868,6
gex_possorted_bam_SJSO3:ACTTATCTCTGGCATGx-M1,Generalist_NE,0.1536075283018868,2
gex_possorted_bam_SJSO3:AGAAACTAGTTTGGTAx-M1,Generalist_nonNE,0.1069229433962264,1
gex_possorted_bam_SJSO3:AGAAAGGCAATCATGTx-M1,Generalist_nonNE,0.1608303396226415,4
gex_possorted_bam_SJSO3:ACTTGTAAGTTATTCCx-M1,Arc_4,0.1422937358490566,4
gex_possorted_bam_SJSO3:ACTTGTAAGCACAGAAx-M1,Generalist_NE,0.14509528301886793,1
gex_possorted_bam_SJSO3:AGAAAGGCATTGTCAGx-M1,Generalist_NE,0.14509528301886793,1
gex_possorted_bam_SJSO3:ACTGAATGTTAGGCTAx-M1,Generalist_NE,0.20843154716981133,2
gex_possorted_bam_SJSO3:ACTTAGTCAACATAAGx-M1,Arc_4,0.11823045283018867,1
gex_possorted_bam_SJSO3:ACTTACAAGACAGGTAx-M1,Generalist_NE,0.17839671698113205,5
gex_possorted_bam_SJSO3:ACTTATGAGACAGGTAx-M1,Generalist_NE,0.24977584905660377,7
gex_possorted_bam_SJSO3:ACTTGCACACTATGGCx-M1,Arc_1,0.12951115094339624,5
gex_possorted_bam_SJSO3:ACTTGAATCCTGAATAx-M1,Generalist_NE,0.1641001320754717,2
gex_possorted_bam_SJSO3:AGAAAGGCATACTCCTx-M1,Generalist_NE,0.15047694339622641,2
gex_possorted_bam_SJSO3:ACTTACAAGAAGCTAGx-M1,Generalist_nonNE,0.11337394339622642,2
gex_possorted_bam_SJSO3:AGAAACCCAACTAGGGx-M1,Generalist_NE,0.14509528301886793,1
gex_possorted_bam_SJSO3:ACTTATCTCATGCCTCx-M1,Arc_1,0.27960281132075476,9
gex_possorted_bam_SJSO3:ACTTTGTTCGCCTGTTx-M1,Generalist_NE,0.15047694339622641,2
gex_possorted_bam_SJSO3:ACTTAGTCAACTCGCGx-M1,Generalist_NE,0.1447123962264151,4
gex_possorted_bam_SJSO3:ACTTGAATCTTTGAGAx-M1,Arc_5,0.1459867358490566,2
gex_possorted_bam_SJSO3:ACTTAGGGTGGACCTGx-M1,Generalist_nonNE,0.11823045283018867,1
gex_possorted_bam_SJSO3:ACTTGCACACTGGCCAx-M1,Generalist_NE,0.20078577358490565,5
gex_possorted_bam_SJSO3:AGAAACCCACGCAACTx-M1,Arc_4,0.1367631320754717,3
gex_possorted_bam_SJSO3:AGAACCGCATTGCGTAx-M1,Generalist_NE,0.23926333962264154,9
gex_possorted_bam_SJSO3:AGAACAAGTACAAAGAx-M1,Generalist_NE,0.13410216981132075,1
gex_possorted_bam_SJSO3:AGAACCGCATTGTGATx-M1,Generalist_nonNE,0.22665152830188678,9
gex_possorted_bam_SJSO3:AGAATCTGTTGGCCGAx-M1,Generalist_NE,0.1265641320754717,1
gex_possorted_bam_SJSO3:AGCAACAAGCGCATTGx-M1,Generalist_NE,0.16649356603773585,5
gex_possorted_bam_SJSO3:AGACACGCATTGCGGTx-M1,Generalist_NE,0.2055207924528302,6
gex_possorted_bam_SJSO3:AGACAATAGGCGAATAx-M1,Generalist_nonNE,0.12340796226415095,2
gex_possorted_bam_SJSO3:AGCAAATAGCTGGAAAx-M1,Generalist_NE,0.15539977358490567,4
gex_possorted_bam_SJSO3:AGACTATGTTTAGCGAx-M1,Generalist_nonNE,0.12489564150943396,4
gex_possorted_bam_SJSO3:AGAATCTGTAACTACGx-M1,Generalist_NE,0.14509528301886793,1
gex_possorted_bam_SJSO3:AGAATCTGTCCTTCTCx-M1,Arc_4,0.15124275471698112,6
gex_possorted_bam_SJSO3:AGAACCAAGGCAAGTAx-M1,Generalist_NE,0.14509528301886793,1
gex_possorted_bam_SJSO3:AGACAATAGACACCGCx-M1,Arc_4,0.11337394339622642,2
gex_possorted_bam_SJSO3:AGAACAAGTTTCGCGCx-M1,Generalist_NE,0.14509528301886793,1
gex_possorted_bam_SJSO3:AGAACCGCAGGCTGTTx-M1,Generalist_nonNE,0.11337394339622642,2
gex_possorted_bam_SJSO3:AGACCCGGTGCACGCAx-M1,Generalist_NE,0.14509528301886793,1
gex_possorted_bam_SJSO3:AGAGAGGAGTTAGACCx-M1,Arc_4,0.18186816981132076,8
gex_possorted_bam_SJSO3:AGCAAATAGGACAACAx-M1,Generalist_nonNE,0.12985896226415095,3
gex_possorted_bam_SJSO3:AGAATCGAGCCGCTTTx-M1,Generalist_NE,0.15047694339622641,2
gex_possorted_bam_SJSO3:AGAATCGAGGGTCTATx-M1,Generalist_NE,0.16372820754716982,3
gex_possorted_bam_SJSO3:AGATGCTTCATGAAGGx-M1,Generalist_nonNE,0.11823045283018867,1
gex_possorted_bam_SJSO3:AGAACCAAGTTTGAGCx-M1,Generalist_NE,0.14015490566037736,2
gex_possorted_bam_SJSO3:AGACAATAGAGGATATx-M1,Generalist_NE,0.17088092452830186,3
gex_possorted_bam_SJSO3:AGCAAATAGTTTGGTAx-M1,Generalist_nonNE,0.11337394339622642,2
gex_possorted_bam_SJSO3:AGAGATTAGTTTCCTGx-M1,Generalist_NE,0.14509528301886793,1
gex_possorted_bam_SJSO3:AGAGGAACATTCCTCGx-M1,Arc_1,0.3190967735849057,17
gex_possorted_bam_SJSO3:AGAACCAAGTCATTGAx-M1,Generalist_nonNE,0.17026762264150944,4
gex_possorted_bam_SJSO3:AGACACGCAACAACAAx-M1,Generalist_NE,0.15047694339622641,2
gex_possorted_bam_SJSO3:AGAACAAGTGTCACGGx-M1,Generalist_NE,0.14509528301886793,1
gex_possorted_bam_SJSO3:AGAGATTAGTAAGAACx-M1,Arc_6,0.21862549056603772,8
gex_possorted_bam_SJSO3:AGAGGATGTTTAGTCCx-M1,Arc_2,0.1292867169811321,3
gex_possorted_bam_SJSO3:AGAATCTGTAGGATCCx-M1,Generalist_NE,0.18065226415094338,5
gex_possorted_bam_SJSO3:AGAATCTGTGCCTCACx-M1,Arc_6,0.21376807547169813,7
gex_possorted_bam_SJSO3:AGAATCTGTTCACTGTx-M1,Arc_1,0.14869530188679247,5
gex_possorted_bam_SJSO3:AGACACGCACTAAATCx-M1,Generalist_nonNE,0.11337394339622642,2
gex_possorted_bam_SJSO3:AGAGAAGCATTGTGATx-M1,Arc_4,0.11337394339622642,2
gex_possorted_bam_SJSO3:AGCCTGGGTGCAACTAx-M1,Generalist_NE,0.2504412830188679,7
gex_possorted_bam_SJSO3:AGCCGGTTCTAAGTCAx-M1,Generalist_NE,0.1511754716981132,4
gex_possorted_bam_SJSO3:AGCATCCCAAACTCATx-M1,Generalist_nonNE,0.11487462264150941,1
gex_possorted_bam_SJSO3:AGCAATTGTCAAAGAAx-M1,Generalist_NE,0.20592615094339625,6
gex_possorted_bam_SJSO3:AGCAAGGGTTTGGTTCx-M1,Arc_6,0.15897456603773588,3
gex_possorted_bam_SJSO3:AGCAATTGTGCTTAGAx-M1,Generalist_NE,0.20078577358490565,5
gex_possorted_bam_SJSO3:AGCGATTTCGGGATTTx-M1,Generalist_NE,0.15962477358490565,3
gex_possorted_bam_SJSO3:AGCCTGGGTAATAACCx-M1,Generalist_NE,0.18659662264150945,3
gex_possorted_bam_SJSO3:AGCCGCTAGTAACCACx-M1,Generalist_NE,0.25721883018867925,9
gex_possorted_bam_SJSO3:AGCAATTGTTACTTGCx-M1,Generalist_nonNE,0.11823045283018867,1
gex_possorted_bam_SJSO3:AGCAAGGGTGGGTACTx-M1,Generalist_NE,0.2003090377358491,6
gex_possorted_bam_SJSO3:AGCGCCTAGCGATAAGx-M1,Generalist_nonNE,0.2002201320754717,9
gex_possorted_bam_SJSO3:AGCCGGTTCCTCGATCx-M1,Generalist_NE,0.1459867358490566,2
gex_possorted_bam_SJSO3:AGCCTAGTCAACAAGGx-M1,Generalist_NE,0.15121166037735848,1
gex_possorted_bam_SJSO3:AGCGCCTAGAGGGACTx-M1,Generalist_NE,0.15121166037735848,1
gex_possorted_bam_SJSO3:AGCGCTCAGTAAACCCx-M1,Arc_6,0.24671332075471694,7
gex_possorted_bam_SJSO3:AGCATTTCATAATTGCx-M1,Generalist_NE,0.1510879245283019,3
gex_possorted_bam_SJSO3:AGCAATACATTAGCCAx-M1,Arc_1,0.2468256415094339,12
gex_possorted_bam_SJSO3:AGCAATTGTAACGTGCx-M1,Generalist_NE,0.2627123396226415,11
gex_possorted_bam_SJSO3:AGCGCTCAGCCTAATAx-M1,Arc_2,0.13795558490566037,4
gex_possorted_bam_SJSO3:AGCGCTCAGCGCAATTx-M1,Generalist_NE,0.16331394339622643,4
gex_possorted_bam_SJSO3:AGCCGCTAGTAACAGGx-M1,Generalist_NE,0.1448061132075472,2
gex_possorted_bam_SJSO3:AGCACTAGTCCGCTGTx-M1,Generalist_NE,0.22169624528301884,7
gex_possorted_bam_SJSO3:AGCAAGGGTTTCCACGx-M1,Generalist_nonNE,0.11545628301886793,2
gex_possorted_bam_SJSO3:AGCCGCTAGTTACCGGx-M1,Generalist_NE,0.1641001320754717,2
gex_possorted_bam_SJSO3:AGCGATTTCCTCACTAx-M1,Generalist_NE,0.14509528301886793,1
gex_possorted_bam_SJSO3:AGCCGCTAGGTCCACAx-M1,Generalist_NE,0.15047694339622641,2
gex_possorted_bam_SJSO3:AGCCGGTTCTTTGACTx-M1,Generalist_NE,0.1589891886792453,3
gex_possorted_bam_SJSO3:AGCACTTAGTAGGCGGx-M1,Generalist_nonNE,0.12502992452830186,4
gex_possorted_bam_SJSO3:AGCCAGTGTTCACTGTx-M1,Generalist_NE,0.13410216981132075,1
gex_possorted_bam_SJSO3:AGCAATACAAGGTGGCx-M1,Arc_3,0.31203224528301887,11
gex_possorted_bam_SJSO3:AGCCAGTGTAAGCACCx-M1,Generalist_NE,0.17189016981132077,4
gex_possorted_bam_SJSO3:AGCCTGGGTAGGATCCx-M1,Generalist_NE,0.14509528301886793,1
gex_possorted_bam_SJSO3:AGCAGGTAGTGAAGTGx-M1,Generalist_nonNE,0.11365409433962263,3
gex_possorted_bam_SJSO3:AGCAGGTAGATAGACGx-M1,Generalist_NE,0.14581890566037736,2
gex_possorted_bam_SJSO3:AGCACAGCACTAAGCCx-M1,Generalist_NE,0.13410216981132075,1
gex_possorted_bam_SJSO3:AGCACTTAGCGCATTGx-M1,Generalist_nonNE,0.14075269811320754,6
gex_possorted_bam_SJSO3:AGCATTTCATCAATCGx-M1,Arc_4,0.15124275471698112,6
gex_possorted_bam_SJSO3:AGCCGCTAGGCTCATGx-M1,Generalist_NE,0.16909696226415094,2
gex_possorted_bam_SJSO3:AGCGCCTAGACAACAGx-M1,Generalist_nonNE,0.126436679245283,2
gex_possorted_bam_SJSO3:AGCAATACAGCCAGAAx-M1,Arc_4,0.13130147169811324,4
gex_possorted_bam_SJSO3:AGCACTTAGCTTCTCAx-M1,Generalist_NE,0.13410216981132075,1
gex_possorted_bam_SJSO3:AGCATCCCAGGCTAGAx-M1,Generalist_NE,0.20616743396226414,6
gex_possorted_bam_SJSO3:AGCCTAGTCCCGCATTx-M1,Generalist_nonNE,0.10747432075471697,2
gex_possorted_bam_SJSO3:AGCCTAGTCCTCACTAx-M1,Generalist_NE,0.19285824528301887,6
gex_possorted_bam_SJSO3:AGCCTGGGTGTTTGCTx-M1,Generalist_NE,0.14509528301886793,1
gex_possorted_bam_SJSO3:AGCATTTCATGTCAGCx-M1,Generalist_NE,0.1495403962264151,3
gex_possorted_bam_SJSO3:AGCCTCCGTACCTTACx-M1,Generalist_NE,0.13410216981132075,1
gex_possorted_bam_SJSO3:AGCGCTCAGTAAGGGCx-M1,Generalist_NE,0.22245286792452829,4
gex_possorted_bam_SJSO3:AGCGGATAGTGAGCAAx-M1,Arc_4,0.11337394339622642,2
gex_possorted_bam_SJSO3:AGCTCATAGGGCCATCx-M1,Arc_4,0.1615692075471698,7
gex_possorted_bam_SJSO3:AGGACGTAGGACCTTGx-M1,Generalist_nonNE,0.13098622641509433,4
gex_possorted_bam_SJSO3:AGCTTAATCATGCTAAx-M1,Generalist_nonNE,0.12489564150943396,4
gex_possorted_bam_SJSO3:AGCTTTAAGGATAAACx-M1,Generalist_NE,0.18687728301886797,5
gex_possorted_bam_SJSO3:AGCTAACTCCAAATCAx-M1,Arc_5,0.13948383018867921,2
gex_possorted_bam_SJSO3:AGCTTCCTCGCCTAAGx-M1,Generalist_nonNE,0.13126637735849056,5
gex_possorted_bam_SJSO3:AGCGGACCAACAGCCTx-M1,Arc_6,0.23391573584905662,6
gex_possorted_bam_SJSO3:AGCTTTAAGCCACAATx-M1,Arc_6,0.14509528301886793,1
gex_possorted_bam_SJSO3:AGCGGACCATACCCGGx-M1,Arc_4,0.14926975471698112,5
gex_possorted_bam_SJSO3:AGCTCATAGGTAAGGCx-M1,Arc_4,0.17863766037735848,7
gex_possorted_bam_SJSO3:AGCTAGTTCTTTGTACx-M1,Arc_3,0.28429479245283024,8
gex_possorted_bam_SJSO3:AGCTTGGTCAGGATGAx-M1,Generalist_NE,0.14657081132075472,3
gex_possorted_bam_SJSO3:AGCTATATCCGGGACTx-M1,Generalist_NE,0.21376807547169813,7
gex_possorted_bam_SJSO3:AGCTATATCTTGGATAx-M1,Arc_6,0.16093305660377358,1
gex_possorted_bam_SJSO3:AGCTACTAGACAAGTGx-M1,Generalist_NE,0.3145801320754717,11
gex_possorted_bam_SJSO3:AGCTATATCTAATTGGx-M1,Generalist_NE,0.15637632075471697,1
gex_possorted_bam_SJSO3:AGCGGATAGAGAAGGGx-M1,Arc_4,0.11487462264150941,1
gex_possorted_bam_SJSO3:AGCTTTAAGTAGAGGCx-M1,Generalist_NE,0.15013964150943396,1
gex_possorted_bam_SJSO3:AGCTACTAGCTCGCTTx-M1,Generalist_nonNE,0.12671683018867927,3
gex_possorted_bam_SJSO3:AGGAAACGTTTGTGGAx-M1,Generalist_NE,0.3053601509433963,13
gex_possorted_bam_SJSO3:AGGAACCAGTTATCTCx-M1,Generalist_NE,0.14509528301886793,1
gex_possorted_bam_SJSO3:AGCTAACTCCCTGACTx-M1,Arc_5,0.18877915094339626,4
gex_possorted_bam_SJSO3:AGGAAACGTTTAGCTCx-M1,Generalist_nonNE,0.11540932075471698,3
gex_possorted_bam_SJSO3:AGCTCATAGTTATGGCx-M1,Generalist_NE,0.16093305660377358,1
gex_possorted_bam_SJSO3:AGCTCATAGCTGAGGGx-M1,Arc_3,0.35279679245283024,14
gex_possorted_bam_SJSO3:AGCTTAATCAGTGAAGx-M1,Generalist_NE,0.16093305660377358,1
gex_possorted_bam_SJSO3:AGCTTAATCCTTCAATx-M1,Arc_6,0.13948383018867921,2
gex_possorted_bam_SJSO3:AGCTAACTCAAGCTTAx-M1,Generalist_NE,0.21865190566037734,6
gex_possorted_bam_SJSO3:AGCTAACTCGCTAGTGx-M1,Generalist_NE,0.1696931320754717,4
gex_possorted_bam_SJSO3:AGCTAACTCTTTAAGGx-M1,Arc_6,0.25847271698113206,10
gex_possorted_bam_SJSO3:AGCTTAATCCAGGAAAx-M1,Generalist_nonNE,0.11487462264150941,1
gex_possorted_bam_SJSO3:AGCTAAACATCCTGAAx-M1,Generalist_NE,0.18497516981132076,5
gex_possorted_bam_SJSO3:AGCTACGTCTCAATTCx-M1,Generalist_NE,0.14509528301886793,1
gex_possorted_bam_SJSO3:AGCTAACTCTTAAGTGx-M1,Generalist_NE,0.21376807547169813,7
gex_possorted_bam_SJSO3:AGCGGACCAGGCGAGTx-M1,Generalist_NE,0.15047694339622641,2
gex_possorted_bam_SJSO3:AGCTACTAGGCGCACTx-M1,Generalist_nonNE,0.1069229433962264,1
gex_possorted_bam_SJSO3:AGCGTGCTCCACCTTAx-M1,Generalist_NE,0.34039050943396215,13
gex_possorted_bam_SJSO3:AGCTAAACACAGAACGx-M1,Generalist_NE,0.14509528301886793,1
gex_possorted_bam_SJSO3:AGCTATATCATGCAACx-M1,Generalist_NE,0.14509528301886793,1
gex_possorted_bam_SJSO3:AGCTACTAGTCATGCGx-M1,Generalist_NE,0.1641001320754717,2
gex_possorted_bam_SJSO3:AGCTAACTCGAGGTGGx-M1,Generalist_NE,0.18575907547169812,5
gex_possorted_bam_SJSO3:AGCTAGTTCAGGTCCAx-M1,Generalist_nonNE,0.11365409433962263,3
gex_possorted_bam_SJSO3:AGGAACGGTGCCTCACx-M1,Arc_4,0.1615692075471698,7
gex_possorted_bam_SJSO3:AGGCGGATCGTTATAGx-M1,Generalist_nonNE,0.11823045283018867,1
gex_possorted_bam_SJSO3:AGGGCCTTCAGCAAAGx-M1,Generalist_nonNE,0.12218743396226416,4
gex_possorted_bam_SJSO3:AGGCAATCACCGGTATx-M1,Generalist_NE,0.14509528301886793,1
gex_possorted_bam_SJSO3:AGGATGTCAAACTGTTx-M1,Generalist_NE,0.17323241509433962,3
gex_possorted_bam_SJSO3:AGGTACGCAACAGCCTx-M1,Generalist_NE,0.1641001320754717,2
gex_possorted_bam_SJSO3:AGGGTTGCACGTGCTGx-M1,Arc_4,0.15124275471698112,6
gex_possorted_bam_SJSO3:AGGTACGCAATTAACCx-M1,Generalist_nonNE,0.13127069811320755,3
gex_possorted_bam_SJSO3:AGGCAATCATGACTATx-M1,Generalist_NE,0.261876679245283,8
gex_possorted_bam_SJSO3:AGGATATAGCGAAGTAx-M1,Generalist_NE,0.28106854716981133,16
gex_possorted_bam_SJSO3:AGGTAACCATGGAGGCx-M1,Generalist_NE,0.2295364716981132,8
gex_possorted_bam_SJSO3:AGGGCCTTCACGCCAAx-M1,Generalist_NE,0.27406611320754715,10
gex_possorted_bam_SJSO3:AGGGCCTTCCTGATTTx-M1,Generalist_nonNE,0.19597466037735847,6
gex_possorted_bam_SJSO3:AGGCAATCATGTTGGCx-M1,Generalist_nonNE,0.11365409433962263,3
gex_possorted_bam_SJSO3:AGGTAACCATTGCGACx-M1,Generalist_nonNE,0.13127069811320755,3
gex_possorted_bam_SJSO3:AGGCTAGCAGGTATTTx-M1,Generalist_NE,0.1459867358490566,2
gex_possorted_bam_SJSO3:AGGTATTGTCCTAACTx-M1,Generalist_NE,0.14509528301886793,1
gex_possorted_bam_SJSO3:AGGCAGGTCCGCCAAAx-M1,Generalist_NE,0.16334875471698113,4
gex_possorted_bam_SJSO3:AGGATGCAGCTTGCTCx-M1,Generalist_NE,0.19677673584905656,7
gex_possorted_bam_SJSO3:AGGCGGATCTTCAATCx-M1,Generalist_NE,0.1942490754716981,5
gex_possorted_bam_SJSO3:AGGCGGATCAAACACCx-M1,Generalist_NE,0.20505992452830188,7
gex_possorted_bam_SJSO3:AGGCAATCAGGCTACTx-M1,Generalist_NE,0.1459867358490566,2
gex_possorted_bam_SJSO3:AGGGCTACATCCCGCTx-M1,Generalist_NE,0.12340796226415095,2
gex_possorted_bam_SJSO3:AGGGCCTTCCTGGCTTx-M1,Generalist_nonNE,0.12190728301886794,3
gex_possorted_bam_SJSO3:AGGTACGCATCGCTTTx-M1,Generalist_nonNE,0.11573643396226416,3
gex_possorted_bam_SJSO3:AGGTACGCACGAACAGx-M1,Generalist_NE,0.22111649056603772,9
gex_possorted_bam_SJSO3:AGGACTAAGTGAGGTAx-M1,Generalist_NE,0.17189016981132077,4
gex_possorted_bam_SJSO3:AGGATTGAGGTCCTGAx-M1,Generalist_NE,0.15047694339622641,2
gex_possorted_bam_SJSO3:AGGACGTAGGATGATGx-M1,Generalist_nonNE,0.126436679245283,2
gex_possorted_bam_SJSO3:AGGTAACCATTGTCCTx-M1,Generalist_NE,0.20136750943396226,7
gex_possorted_bam_SJSO3:AGGACGTAGTTTGGTAx-M1,Arc_4,0.2002201320754717,9
gex_possorted_bam_SJSO3:AGGTACGCACCTCACCx-M1,Generalist_NE,0.14509528301886793,1
gex_possorted_bam_SJSO3:AGGATTGAGTCGCAATx-M1,Arc_3,0.22971867924528303,5
gex_possorted_bam_SJSO3:AGGTAACCAAGACTCCx-M1,Arc_6,0.14509528301886793,1
gex_possorted_bam_SJSO3:AGGATCCGTAGGTTGCx-M1,Generalist_NE,0.14509528301886793,1
gex_possorted_bam_SJSO3:AGGCGGATCATGGCTGx-M1,Generalist_nonNE,0.12255694339622641,3
gex_possorted_bam_SJSO3:AGGATTGAGTCTTGAAx-M1,Arc_4,0.133512320754717,5
gex_possorted_bam_SJSO3:AGGCAGGTCAGTGAAGx-M1,Arc_4,0.16128905660377355,6
gex_possorted_bam_SJSO3:AGGATGCAGCTTTGGGx-M1,Generalist_NE,0.18167513207547167,5
gex_possorted_bam_SJSO3:AGGATGCAGCCTCTCGx-M1,Generalist_nonNE,0.11823045283018867,1
gex_possorted_bam_SJSO3:AGGCCCAGTTTCAGGAx-M1,Arc_3,0.2507776226415095,8
gex_possorted_bam_SJSO3:AGGATATAGCTTAACAx-M1,Generalist_NE,0.14509528301886793,1
gex_possorted_bam_SJSO3:AGGTTGCGTTTCCGGCx-M1,Generalist_NE,0.14509528301886793,1
gex_possorted_bam_SJSO3:AGGTTAGAGGACCTTGx-M1,Generalist_NE,0.15018777358490562,3
gex_possorted_bam_SJSO3:AGTAAGTAGTTTCCTGx-M1,Generalist_NE,0.14673864150943394,3
gex_possorted_bam_SJSO3:AGTAACGAGTTACCGGx-M1,Generalist_NE,0.1459867358490566,2
gex_possorted_bam_SJSO3:AGGTGAGGTGTGCAACx-M1,Arc_4,0.18186816981132076,8
gex_possorted_bam_SJSO3:AGGTTTATCTGGCATGx-M1,Generalist_NE,0.1808803018867924,5
gex_possorted_bam_SJSO3:AGGTCTTAGTCAGTACx-M1,Generalist_NE,0.14509528301886793,1
gex_possorted_bam_SJSO3:AGGTTAGAGAACCTGTx-M1,Generalist_NE,0.14509528301886793,1
gex_possorted_bam_SJSO3:AGTAACACATCTTGAGx-M1,Generalist_NE,0.14673864150943394,3
gex_possorted_bam_SJSO3:AGTAACACATTGTGTGx-M1,Generalist_NE,0.13410216981132075,1
gex_possorted_bam_SJSO3:AGGTTTATCGCGCTAAx-M1,Generalist_NE,0.1696931320754717,4
gex_possorted_bam_SJSO3:AGGTTGCGTCGCAAACx-M1,Generalist_NE,0.1536075283018868,2
gex_possorted_bam_SJSO3:AGGTTACTCCGGTTGAx-M1,Arc_6,0.13410216981132075,1
gex_possorted_bam_SJSO3:AGTAACACAATACTGTx-M1,Generalist_nonNE,0.13518141509433962,5
gex_possorted_bam_SJSO3:AGGTTTATCCTAACGGx-M1,Generalist_NE,0.14509528301886793,1
gex_possorted_bam_SJSO3:AGGTTTGGTAATGACTx-M1,Generalist_NE,0.14509528301886793,1
gex_possorted_bam_SJSO3:AGGTTAGAGGCTAAGAx-M1,Arc_5,0.1510879245283019,3
gex_possorted_bam_SJSO3:AGGTCAAAGAGAGGAGx-M1,Arc_4,0.13365332075471698,4
gex_possorted_bam_SJSO3:AGGTCCGGTAGGTTGCx-M1,Arc_6,0.14509528301886793,1
gex_possorted_bam_SJSO3:AGTAACACAATAACCTx-M1,Arc_4,0.17643011320754715,6
gex_possorted_bam_SJSO3:AGGTCTTAGAGAAGGGx-M1,Generalist_NE,0.14930109433962266,0
gex_possorted_bam_SJSO3:AGGTCATTCTTAGTCTx-M1,Arc_4,0.16927041509433965,6
gex_possorted_bam_SJSO3:AGGTCAAAGTGAGGTAx-M1,Generalist_nonNE,0.10720309433962265,2
gex_possorted_bam_SJSO3:AGGTTAGAGCGGATAAx-M1,Generalist_nonNE,0.126436679245283,2
gex_possorted_bam_SJSO3:AGGTCTTAGCAAACCTx-M1,Generalist_nonNE,0.18121328301886794,6
gex_possorted_bam_SJSO3:AGTAACACAGAAACGTx-M1,Generalist_NE,0.13948383018867921,2
gex_possorted_bam_SJSO3:AGTAAACAGACAGGCGx-M1,Generalist_nonNE,0.12120556603773584,4
gex_possorted_bam_SJSO3:AGGTTGCGTCATGAGCx-M1,Generalist_NE,0.16058501886792453,4
gex_possorted_bam_SJSO3:AGGTGAATCAGGATGAx-M1,Generalist_NE,0.14509528301886793,1
gex_possorted_bam_SJSO3:AGGTTACTCTAGCTAAx-M1,Generalist_nonNE,0.10720309433962265,2
gex_possorted_bam_SJSO3:AGGTATTGTTAATGACx-M1,Generalist_NE,0.15047694339622641,2
gex_possorted_bam_SJSO3:AGTAATCGTAACGTGCx-M1,Arc_4,0.126436679245283,2
gex_possorted_bam_SJSO3:AGGTTTGGTGCATTTCx-M1,Generalist_NE,0.21338062264150942,7
gex_possorted_bam_SJSO3:AGTAAGTAGACAAAGTx-M1,Arc_4,0.13130147169811324,4
gex_possorted_bam_SJSO3:AGGTCTTAGTATTGCAx-M1,Generalist_nonNE,0.11487462264150941,1
gex_possorted_bam_SJSO3:AGTAACACAGGTCCTGx-M1,Generalist_NE,0.31543026415094344,11
gex_possorted_bam_SJSO3:AGGTTACTCCCTGGTTx-M1,Generalist_NE,0.13948383018867921,2
gex_possorted_bam_SJSO3:AGTAAGTAGAGGATATx-M1,Arc_6,0.24826258490566036,8
gex_possorted_bam_SJSO3:AGGTTAACATAGACCCx-M1,Generalist_nonNE,0.11337394339622642,2
gex_possorted_bam_SJSO3:AGTAACCTCTTTGTACx-M1,Generalist_NE,0.28165794339622646,8
gex_possorted_bam_SJSO3:AGGTCAAAGCCGCTTTx-M1,Generalist_NE,0.14509528301886793,1
gex_possorted_bam_SJSO3:AGGTTACTCGCTATAAx-M1,Generalist_nonNE,0.13780141509433963,4
gex_possorted_bam_SJSO3:AGTAAGTAGCTTAGCGx-M1,Generalist_NE,0.14509528301886793,1
gex_possorted_bam_SJSO3:AGGTCATTCCCTCAGTx-M1,Generalist_NE,0.1457062641509434,2
gex_possorted_bam_SJSO3:AGGTGAATCGAGGTGGx-M1,Arc_5,0.3229386037735849,14
gex_possorted_bam_SJSO3:AGTAACCTCATGCTCCx-M1,Generalist_NE,0.14509528301886793,1
gex_possorted_bam_SJSO3:AGTAACGAGCCTGGTAx-M1,Generalist_NE,0.14581890566037736,2
gex_possorted_bam_SJSO3:AGTAATGCACCTCAGGx-M1,Generalist_nonNE,0.1639977735849056,6
gex_possorted_bam_SJSO3:AGTCTTGCACTAAGTTx-M1,Generalist_nonNE,0.11487462264150941,1
gex_possorted_bam_SJSO3:AGTCAGGCAAGATTCTx-M1,Arc_4,0.126436679245283,2
gex_possorted_bam_SJSO3:AGTAATCGTTGTTGGAx-M1,Generalist_nonNE,0.19668962264150944,9
gex_possorted_bam_SJSO3:AGTAATGCAGAGGCTAx-M1,Arc_6,0.3229034905660378,13
gex_possorted_bam_SJSO3:AGTCTTGCAAGACTCCx-M1,Generalist_NE,0.13948383018867921,2
gex_possorted_bam_SJSO3:AGTCAAGAGTCACTAAx-M1,Generalist_NE,0.19133164150943396,4
gex_possorted_bam_SJSO3:AGTATAGCAAACTAAGx-M1,Generalist_NE,0.2055207924528302,6
gex_possorted_bam_SJSO3:AGTAGCTTCCTACCTAx-M1,Arc_6,0.26920450943396224,10
gex_possorted_bam_SJSO3:AGTGAGTCACTATGGCx-M1,Generalist_nonNE,0.12340796226415095,2
gex_possorted_bam_SJSO3:AGTGATGAGCCTGATGx-M1,Generalist_NE,0.14509528301886793,1
gex_possorted_bam_SJSO3:AGTCAGGCAGCAGGTAx-M1,Generalist_NE,0.24095684905660375,10
gex_possorted_bam_SJSO3:AGTGCCGGTCAGGCATx-M1,Generalist_NE,0.20536196226415093,3
gex_possorted_bam_SJSO3:AGTGAACCAATCCTGAx-M1,Generalist_NE,0.15019254716981134,1
gex_possorted_bam_SJSO3:AGTCAGGCAATTAACCx-M1,Arc_1,0.12255694339622641,3
gex_possorted_bam_SJSO3:AGTAATCGTTAGTTGGx-M1,Generalist_nonNE,0.11823045283018867,1
gex_possorted_bam_SJSO3:AGTCAAGAGCTATTGAx-M1,Generalist_nonNE,0.11487462264150941,1
gex_possorted_bam_SJSO3:AGTGCCGGTGAGCAAGx-M1,Generalist_nonNE,0.1239426603773585,4
gex_possorted_bam_SJSO3:AGTCAAGAGGGACTAAx-M1,Generalist_nonNE,0.11337394339622642,2
gex_possorted_bam_SJSO3:AGTACGCGTTACGCGGx-M1,Generalist_NE,0.24655649056603773,10
gex_possorted_bam_SJSO3:AGTAGGATCTTGGATAx-M1,Generalist_NE,0.16100496226415095,0
gex_possorted_bam_SJSO3:AGTAATCGTTAAATGCx-M1,Generalist_nonNE,0.12630964150943397,2
gex_possorted_bam_SJSO3:AGTAGGATCTCACTATx-M1,Arc_3,0.21775205660377356,8
gex_possorted_bam_SJSO3:AGTCAATGTGTCCAGGx-M1,Generalist_NE,0.199961320754717,6
gex_possorted_bam_SJSO3:AGTGAGTCAAGGCCAAx-M1,Generalist_NE,0.15018777358490562,3
gex_possorted_bam_SJSO3:AGTCGCATCGGCTAGCx-M1,Generalist_NE,0.13927245283018866,3
gex_possorted_bam_SJSO3:AGTCAAGAGAAAGGAAx-M1,Generalist_NE,0.18659662264150945,3
gex_possorted_bam_SJSO3:AGTCCTTGTAGGTTATx-M1,Arc_2,0.1639977735849056,6
gex_possorted_bam_SJSO3:AGTGAACCATAGACTTx-M1,Arc_6,0.14509528301886793,1
gex_possorted_bam_SJSO3:AGTCAGGCAGGATTAAx-M1,Generalist_NE,0.2605470566037736,6
gex_possorted_bam_SJSO3:AGTGATGAGCATTATGx-M1,Generalist_NE,0.15388222641509436,4
gex_possorted_bam_SJSO3:AGTACGCGTCAATACGx-M1,Generalist_NE,0.20804422641509435,5
gex_possorted_bam_SJSO3:AGTAATGCAGGCTAGAx-M1,Arc_4,0.11573643396226416,3
gex_possorted_bam_SJSO3:AGTCGCATCATGCTTTx-M1,Generalist_nonNE,0.1615692075471698,7
gex_possorted_bam_SJSO3:ATAACGACAGCTTAATx-M1,Generalist_NE,0.11487462264150941,1
gex_possorted_bam_SJSO3:AGTTTGCAGCTCATAAx-M1,Generalist_NE,0.14509528301886793,1
gex_possorted_bam_SJSO3:ATACCGGTCGGGCCATx-M1,Arc_6,0.2599216037735849,12
gex_possorted_bam_SJSO3:AGTTACATCCTCAGCTx-M1,Generalist_nonNE,0.12598701886792452,2
gex_possorted_bam_SJSO3:AGTTGGCGTACGCGCAx-M1,Generalist_nonNE,0.11823045283018867,1
gex_possorted_bam_SJSO3:ATACCTGCACCAGCATx-M1,Generalist_NE,0.22160175471698113,7
gex_possorted_bam_SJSO3:AGTTGCGTCGGCTAGCx-M1,Generalist_NE,0.14509528301886793,1
gex_possorted_bam_SJSO3:ATACCGGTCGTCAAGTx-M1,Generalist_NE,0.19285824528301887,6
gex_possorted_bam_SJSO3:ATAATGGCATTGTTGGx-M1,Generalist_NE,0.1641001320754717,2
gex_possorted_bam_SJSO3:AGTTATGTCTTAAGTGx-M1,Generalist_nonNE,0.11365409433962263,3
gex_possorted_bam_SJSO3:AGTTTGCAGCTGTAACx-M1,Generalist_nonNE,0.21610903773584905,9
gex_possorted_bam_SJSO3:AGTTGGCGTTCGGTAAx-M1,Generalist_NE,0.2635762075471698,8
gex_possorted_bam_SJSO3:ATAAGCCTCATTTGCTx-M1,Arc_3,0.2669773962264151,9
gex_possorted_bam_SJSO3:AGTTTGATCGCCTGTTx-M1,Generalist_NE,0.12340796226415095,2
gex_possorted_bam_SJSO3:AGTTACTCATTATGCGx-M1,Generalist_nonNE,0.12489564150943396,4
gex_possorted_bam_SJSO3:AGTTATGTCCCGTTACx-M1,Generalist_NE,0.1500247169811321,1
gex_possorted_bam_SJSO3:AGTTGGCGTTCCGCACx-M1,Generalist_nonNE,0.1265641320754717,1
gex_possorted_bam_SJSO3:ATAATGGCAATAAGCAx-M1,Generalist_nonNE,0.11823045283018867,1
gex_possorted_bam_SJSO3:AGTGTGGCATAATGTCx-M1,Generalist_NE,0.2036627735849057,8
gex_possorted_bam_SJSO3:AGTGGACAGGCATTGTx-M1,Generalist_nonNE,0.1069229433962264,1
gex_possorted_bam_SJSO3:AGTGTGGCACTGACCGx-M1,Generalist_nonNE,0.12282816981132075,3
gex_possorted_bam_SJSO3:AGTTTGCAGAGGAGGAx-M1,Generalist_NE,0.21783069811320754,9
gex_possorted_bam_SJSO3:AGTTGCAGTAGCTAATx-M1,Generalist_NE,0.1510879245283019,3
gex_possorted_bam_SJSO3:AGTTATGTCCCTGATCx-M1,Generalist_NE,0.1810126603773585,1
gex_possorted_bam_SJSO3:AGTTACTCAACGTGCTx-M1,Arc_4,0.12626716981132077,3
gex_possorted_bam_SJSO3:AGTGTGGCAGCAACAGx-M1,Generalist_nonNE,0.12087596226415095,2
gex_possorted_bam_SJSO3:ATAATGGCAACACCTAx-M1,Generalist_NE,0.14509528301886793,1
gex_possorted_bam_SJSO3:AGTTACATCCCTGATCx-M1,Generalist_nonNE,0.18173749056603772,6
gex_possorted_bam_SJSO3:ATACCGGTCCTAAGACx-M1,Arc_6,0.21676735849056605,6
gex_possorted_bam_SJSO3:ATAAGCCTCCAATTAGx-M1,Generalist_NE,0.23159786792452827,7
gex_possorted_bam_SJSO3:ATAACGACAGGATTAAx-M1,Arc_3,0.2795392641509434,9
gex_possorted_bam_SJSO3:ATACCGGTCGCCTGTTx-M1,Generalist_nonNE,0.1617387169811321,6
gex_possorted_bam_SJSO3:AGTTTGATCCCTTGCGx-M1,Generalist_nonNE,0.12489564150943396,4
gex_possorted_bam_SJSO3:AGTGTTTCAGGCCTTGx-M1,Generalist_NE,0.2702825660377358,10
gex_possorted_bam_SJSO3:AGTGTTTCAGTTAGCCx-M1,Generalist_NE,0.13948383018867921,2
gex_possorted_bam_SJSO3:ATAACGACAGCAAGGCx-M1,Generalist_NE,0.22174618867924525,8
gex_possorted_bam_SJSO3:ATAACGACACGTTACAx-M1,Arc_3,0.2669386037735849,9
gex_possorted_bam_SJSO3:AGTTGTCAGCTGTAACx-M1,Generalist_NE,0.14673864150943394,3
gex_possorted_bam_SJSO3:AGTTTGATCGCACACAx-M1,Generalist_NE,0.17554186792452828,5
gex_possorted_bam_SJSO3:ATATGTCCAACTAGCCx-M1,Generalist_nonNE,0.12255694339622641,3
gex_possorted_bam_SJSO3:ATCCAACAGACACTTAx-M1,Generalist_NE,0.22213364150943396,8
gex_possorted_bam_SJSO3:ATCACAATCGTTATCTx-M1,Arc_4,0.1422937358490566,4
gex_possorted_bam_SJSO3:ATCATGTCATTTAAGCx-M1,Generalist_NE,0.1457062641509434,2
gex_possorted_bam_SJSO3:ATATGGTGTCAGTAATx-M1,Generalist_nonNE,0.12132562264150942,2
gex_possorted_bam_SJSO3:ATCAAGACATCGTTCTx-M1,Generalist_nonNE,0.12613454716981132,2
gex_possorted_bam_SJSO3:ATCACTAAGGATCCGCx-M1,Generalist_NE,0.15018777358490562,3
gex_possorted_bam_SJSO3:ATCATGTCATGAGCAGx-M1,Arc_6,0.13948383018867921,2
gex_possorted_bam_SJSO3:ATCATGTCAAGACTCCx-M1,Generalist_NE,0.14509528301886793,1
gex_possorted_bam_SJSO3:ATCACTAAGATAGACGx-M1,Generalist_NE,0.14509528301886793,1
gex_possorted_bam_SJSO3:ATATGGTGTAAGCTCAx-M1,Arc_6,0.13410216981132075,1
gex_possorted_bam_SJSO3:ATAGGTACAGTTAGCCx-M1,Generalist_NE,0.13948383018867921,2
gex_possorted_bam_SJSO3:ATCACTAAGTTGCGTGx-M1,Generalist_NE,0.261876679245283,8
gex_possorted_bam_SJSO3:ATCCACCTCGTGCTAGx-M1,Arc_6,0.21095679245283017,5
gex_possorted_bam_SJSO3:ATATGTCCAAATTCGTx-M1,Arc_4,0.11545628301886793,2
gex_possorted_bam_SJSO3:ATCACCCTCTTAGTCTx-M1,Generalist_NE,0.1459867358490566,2
gex_possorted_bam_SJSO3:ATACCTGCAGCAATAAx-M1,Generalist_NE,0.17026762264150944,4
gex_possorted_bam_SJSO3:ATCACTAAGGCGAAACx-M1,Generalist_NE,0.14509528301886793,1
gex_possorted_bam_SJSO3:ATCAGGTTCTTGAGGTx-M1,Arc_4,0.12671683018867927,3
gex_possorted_bam_SJSO3:ATCCAACAGGAACACAx-M1,Generalist_NE,0.14509528301886793,1
gex_possorted_bam_SJSO3:ATAGCATGTTCATTTGx-M1,Arc_6,0.14509528301886793,1
gex_possorted_bam_SJSO3:ATAGCATGTTCGCGCTx-M1,Generalist_NE,0.15019254716981134,1
gex_possorted_bam_SJSO3:ATCAATCCAGATTCATx-M1,Generalist_NE,0.2493138867924528,12
gex_possorted_bam_SJSO3:ATAGATGCATACCCGGx-M1,Generalist_nonNE,0.1069229433962264,1
gex_possorted_bam_SJSO3:ATCATCAAGCACAGCCx-M1,Generalist_NE,0.14509528301886793,1
gex_possorted_bam_SJSO3:ATCACAATCTGTGCCTx-M1,Generalist_nonNE,0.12169666037735849,2
gex_possorted_bam_SJSO3:ATCACCCTCCTCCATAx-M1,Generalist_NE,0.19867350943396225,7
gex_possorted_bam_SJSO3:ATCACCCTCCGGTTAGx-M1,Generalist_NE,0.13410216981132075,1
gex_possorted_bam_SJSO3:ATCACTAAGGACAACAx-M1,Generalist_nonNE,0.12671683018867927,3
gex_possorted_bam_SJSO3:ATCACCCTCTGTTCATx-M1,Generalist_NE,0.18659662264150945,3
gex_possorted_bam_SJSO3:ATCACACAGGCCTAATx-M1,Generalist_NE,0.1762291320754717,4
gex_possorted_bam_SJSO3:ATAGGTACACCTGCTCx-M1,Arc_1,0.12340796226415095,2
gex_possorted_bam_SJSO3:ATCATCAAGGACAACAx-M1,Generalist_NE,0.14509528301886793,1
gex_possorted_bam_SJSO3:ATATAGGCACCCACAGx-M1,Generalist_nonNE,0.11337394339622642,2
gex_possorted_bam_SJSO3:ATCCACCTCATTTGCTx-M1,Generalist_nonNE,0.11545628301886793,2
gex_possorted_bam_SJSO3:ATCAGGTTCCTTGCGTx-M1,Generalist_nonNE,0.13365332075471698,4
gex_possorted_bam_SJSO3:ATCAAGACATAATCGTx-M1,Generalist_NE,0.14509528301886793,1
gex_possorted_bam_SJSO3:ATCATGTCAGCAACCTx-M1,Generalist_nonNE,0.1372127924528302,3
gex_possorted_bam_SJSO3:ATCATCAAGAAACTGGx-M1,Generalist_nonNE,0.1315419245283019,3
gex_possorted_bam_SJSO3:ATCATCAAGTAAAGGTx-M1,Arc_4,0.12190728301886794,3
gex_possorted_bam_SJSO3:ATATGCATCTACCTGCx-M1,Generalist_NE,0.15261,3
gex_possorted_bam_SJSO3:ATCACCCTCTGGCAATx-M1,Generalist_NE,0.2295364716981132,8
gex_possorted_bam_SJSO3:ATCCACCTCTGTTGCCx-M1,Arc_4,0.16384075471698112,6
gex_possorted_bam_SJSO3:ATATGCATCACGAATCx-M1,Generalist_NE,0.14509528301886793,1
gex_possorted_bam_SJSO3:ATCACAATCATAACCAx-M1,Generalist_NE,0.1459867358490566,2
gex_possorted_bam_SJSO3:ATATGGTGTTTACCGTx-M1,Arc_4,0.11823045283018867,1
gex_possorted_bam_SJSO3:ATACCTGCATCGCTCCx-M1,Generalist_NE,0.24114049056603773,8
gex_possorted_bam_SJSO3:ATAGCATGTTACTTCAx-M1,Generalist_nonNE,0.11545628301886793,2
gex_possorted_bam_SJSO3:ATCACTAAGTTAGACCx-M1,Generalist_NE,0.14509528301886793,1
gex_possorted_bam_SJSO3:ATGAAGTAGTCGCTAGx-M1,Arc_4,0.14926975471698112,5
gex_possorted_bam_SJSO3:ATGAATGCACAAAGACx-M1,Generalist_nonNE,0.11131539622641509,2
gex_possorted_bam_SJSO3:ATCGCTTGTGTCCTGCx-M1,Generalist_nonNE,0.12671683018867927,3
gex_possorted_bam_SJSO3:ATCGCCCGTATTACCCx-M1,Generalist_nonNE,0.17166303773584907,7
gex_possorted_bam_SJSO3:ATCGAGGCACAAAGGTx-M1,Generalist_NE,0.17915990566037737,4
gex_possorted_bam_SJSO3:ATCGCCCGTTGCTGGGx-M1,Generalist_NE,0.22262069811320756,4
gex_possorted_bam_SJSO3:ATCCTGACAGGACACAx-M1,Arc_4,0.12103718867924528,2
gex_possorted_bam_SJSO3:ATGACTCAGTCACCTCx-M1,Arc_1,0.1946442264150943,7
gex_possorted_bam_SJSO3:ATGACGAAGGGACGCAx-M1,Generalist_nonNE,0.12689932075471697,2
gex_possorted_bam_SJSO3:ATCCTCATCATTGTCTx-M1,Arc_2,0.12955794339622642,3
gex_possorted_bam_SJSO3:ATGACCAGTCCTAACTx-M1,Generalist_nonNE,0.17522854716981132,7
gex_possorted_bam_SJSO3:ATCCTCATCGGTTTGGx-M1,Generalist_NE,0.19721930188679243,7
gex_possorted_bam_SJSO3:ATCCCGCGTTGGATCAx-M1,Generalist_nonNE,0.13284732075471697,4
gex_possorted_bam_SJSO3:ATGAAGCCACTTAGGCx-M1,Arc_4,0.1673137169811321,7
gex_possorted_bam_SJSO3:ATCCTTAGTTAACACGx-M1,Generalist_NE,0.15962477358490565,3
gex_possorted_bam_SJSO3:ATCCATAAGTTAGGCTx-M1,Generalist_NE,0.15669067924528304,3
gex_possorted_bam_SJSO3:ATGACAACAATATACCx-M1,Arc_3,0.2590763018867924,7
gex_possorted_bam_SJSO3:ATCTTTGGTTAGTACGx-M1,Generalist_NE,0.2313885849056604,6
gex_possorted_bam_SJSO3:ATCTTTGGTCCTAATCx-M1,Arc_4,0.1617387169811321,6
gex_possorted_bam_SJSO3:ATCGCCCGTCACAGACx-M1,Arc_1,0.16334875471698113,4
gex_possorted_bam_SJSO3:ATCTATGAGCCAGTATx-M1,Generalist_NE,0.16393230188679245,2
gex_possorted_bam_SJSO3:ATCTATGAGGAAGCACx-M1,Generalist_nonNE,0.11337394339622642,2
gex_possorted_bam_SJSO3:ATGAATGCACTAGGTCx-M1,Generalist_NE,0.13948383018867921,2
gex_possorted_bam_SJSO3:ATCGAGGCATGGAGGCx-M1,Generalist_NE,0.1457062641509434,2
gex_possorted_bam_SJSO3:ATCCTGACACTTCACTx-M1,Generalist_nonNE,0.11337394339622642,2
gex_possorted_bam_SJSO3:ATGACTCAGATAGACGx-M1,Generalist_nonNE,0.11487462264150941,1
gex_possorted_bam_SJSO3:ATGACGAAGCCAGGTCx-M1,Generalist_NE,0.22213364150943396,8
gex_possorted_bam_SJSO3:ATGAAGCCACCCACCTx-M1,Generalist_NE,0.2779588867924528,10
gex_possorted_bam_SJSO3:ATCCTGACAGGCTGTTx-M1,Generalist_nonNE,0.11545628301886793,2
gex_possorted_bam_SJSO3:ATCCCGCGTTTCCTCCx-M1,Generalist_NE,0.14930109433962266,0
gex_possorted_bam_SJSO3:ATGACGAAGCACGATTx-M1,Generalist_NE,0.15962477358490565,3
gex_possorted_bam_SJSO3:ATCCTTAGTTAGAGCCx-M1,Generalist_nonNE,0.12255694339622641,3
gex_possorted_bam_SJSO3:ATCCTGACAACCTAATx-M1,Generalist_NE,0.1511754716981132,4
gex_possorted_bam_SJSO3:ATCGCCCGTTTAGCGAx-M1,Generalist_NE,0.2342989622641509,5
gex_possorted_bam_SJSO3:ATCGCCCGTTTACTTGx-M1,Generalist_NE,0.18659662264150945,3
gex_possorted_bam_SJSO3:ATCCGTGAGCTCCCTGx-M1,Generalist_NE,0.13410216981132075,1
gex_possorted_bam_SJSO3:ATCTTTGGTGTTGTAGx-M1,Generalist_NE,0.22341250943396224,6
gex_possorted_bam_SJSO3:ATGAATGCACATTAACx-M1,Arc_1,0.12489564150943396,4
gex_possorted_bam_SJSO3:ATCCTTAGTGATGATTx-M1,Generalist_nonNE,0.11823045283018867,1
gex_possorted_bam_SJSO3:ATGAATGCAGCACGTTx-M1,Arc_4,0.11529267924528301,2
gex_possorted_bam_SJSO3:ATCGCCCGTTCATCTAx-M1,Arc_5,0.284156,11
gex_possorted_bam_SJSO3:ATCCCGCGTTAGTTGGx-M1,Generalist_NE,0.23563581132075473,9
gex_possorted_bam_SJSO3:ATGAAGTAGCCTAATAx-M1,Arc_4,0.16128905660377355,6
gex_possorted_bam_SJSO3:ATGACAACATGCTTAGx-M1,Generalist_NE,0.16393230188679245,2
gex_possorted_bam_SJSO3:ATGACAACAACTAGGGx-M1,Arc_4,0.11221069811320754,1
gex_possorted_bam_SJSO3:ATCGCCCGTCATGCAAx-M1,Generalist_NE,0.19133164150943396,4
gex_possorted_bam_SJSO3:ATGAGCCGTAACTACGx-M1,Generalist_NE,0.22160175471698113,7
gex_possorted_bam_SJSO3:ATGGTGCGTTGCATCTx-M1,Generalist_nonNE,0.22111649056603772,9
gex_possorted_bam_SJSO3:ATGGCCGGTCACGAACx-M1,Generalist_NE,0.2066797924528302,7
gex_possorted_bam_SJSO3:ATGCATTCAGGTTATTx-M1,Generalist_NE,0.27437645283018874,9
gex_possorted_bam_SJSO3:ATGGACAAGTCATTAGx-M1,Generalist_NE,0.1585381509433962,4
gex_possorted_bam_SJSO3:ATGCGATTCATTTAGGx-M1,Generalist_NE,0.2069513396226415,6
gex_possorted_bam_SJSO3:ATGGCCCAGGTAAGGCx-M1,Generalist_nonNE,0.1185106037735849,2
gex_possorted_bam_SJSO3:ATGCATTCACACTAATx-M1,Generalist_nonNE,0.12120556603773584,4
gex_possorted_bam_SJSO3:ATGGTTATCGATAACCx-M1,Generalist_NE,0.13948383018867921,2
gex_possorted_bam_SJSO3:ATGCAGGCAGTAGGATx-M1,Generalist_NE,0.24526501886792454,5
gex_possorted_bam_SJSO3:ATGCGATTCTTAGTCTx-M1,Generalist_NE,0.14509528301886793,1
gex_possorted_bam_SJSO3:ATGGTGCGTCATTGTCx-M1,Generalist_NE,0.13410216981132075,1
gex_possorted_bam_SJSO3:ATGATGACAGCAACAGx-M1,Generalist_NE,0.18410783018867927,3
gex_possorted_bam_SJSO3:ATGCAGGCACTCAACAx-M1,Arc_4,0.16128905660377355,6
gex_possorted_bam_SJSO3:ATGCGATTCGGGCCATx-M1,Generalist_NE,0.2519070943396226,8
gex_possorted_bam_SJSO3:ATGGCTGTCACTAATGx-M1,Arc_6,0.13410216981132075,1
gex_possorted_bam_SJSO3:ATGGCCCAGGCCATCAx-M1,Generalist_nonNE,0.1069229433962264,1
gex_possorted_bam_SJSO3:ATGCAGGCACTAGCGTx-M1,Generalist_nonNE,0.11337394339622642,2
gex_possorted_bam_SJSO3:ATGCATTCAGTTAAAGx-M1,Generalist_nonNE,0.13661705660377357,3
gex_possorted_bam_SJSO3:ATGGACAAGCAGGTTTx-M1,Generalist_nonNE,0.1265641320754717,1
gex_possorted_bam_SJSO3:ATGCAAACATGTGGGAx-M1,Generalist_nonNE,0.11337394339622642,2
gex_possorted_bam_SJSO3:ATGGCTTAGCTATTGAx-M1,Generalist_NE,0.1459867358490566,2
gex_possorted_bam_SJSO3:ATGTAACGTCATTGTCx-M1,Generalist_NE,0.14509528301886793,1
gex_possorted_bam_SJSO3:ATGGCCGGTCAGGCATx-M1,Generalist_NE,0.1807735660377358,7
gex_possorted_bam_SJSO3:ATGGCCCAGGACTTACx-M1,Generalist_NE,0.16463779245283017,3
gex_possorted_bam_SJSO3:ATGGCTAGTAGGTTATx-M1,Generalist_nonNE,0.12461549056603774,3
gex_possorted_bam_SJSO3:ATGATGGAGGGTGAGTx-M1,Generalist_nonNE,0.13130147169811324,4
gex_possorted_bam_SJSO3:ATGCCTGAGCCATCAGx-M1,Generalist_nonNE,0.11365409433962263,3
gex_possorted_bam_SJSO3:ATGGCCCAGCGATACTx-M1,Generalist_nonNE,0.15096260377358492,5
gex_possorted_bam_SJSO3:ATGGCTTAGCAGCTATx-M1,Generalist_nonNE,0.13500469811320753,3
gex_possorted_bam_SJSO3:ATGCAAACAAGCTACCx-M1,Generalist_NE,0.14509528301886793,1
gex_possorted_bam_SJSO3:ATGGTCTAGCTTCCCGx-M1,Generalist_NE,0.2227418113207547,8
gex_possorted_bam_SJSO3:ATGCATTCACATTGCAx-M1,Generalist_NE,0.20541635849056603,6
gex_possorted_bam_SJSO3:ATGGCTAGTTATAGCGx-M1,Generalist_nonNE,0.13127069811320755,3
gex_possorted_bam_SJSO3:ATGCTTAAGGAAGCTAx-M1,Arc_4,0.18171332075471697,7
gex_possorted_bam_SJSO3:ATGCATTCAGGCGAGTx-M1,Arc_4,0.1422937358490566,4
gex_possorted_bam_SJSO3:ATGGCTGTCGTTAGTAx-M1,Arc_4,0.13081671698113206,5
gex_possorted_bam_SJSO3:ATGGCCGGTAACAGGGx-M1,Generalist_nonNE,0.12002915094339624,2
gex_possorted_bam_SJSO3:ATGGCCGGTGGGAACAx-M1,Generalist_NE,0.15121166037735848,1
gex_possorted_bam_SJSO3:ATGGCTTAGTTAGCCGx-M1,Arc_4,0.13166535849056601,2
gex_possorted_bam_SJSO3:ATGCAGGCAGCAGGTAx-M1,Arc_3,0.18575907547169812,5
gex_possorted_bam_SJSO3:ATGCGATTCGTTATCTx-M1,Generalist_NE,0.15019254716981134,1
gex_possorted_bam_SJSO3:ATGGCCGGTTCACCCAx-M1,Arc_4,0.12340796226415095,2
gex_possorted_bam_SJSO3:ATGGTGCGTGCTCCACx-M1,Generalist_NE,0.14509528301886793,1
gex_possorted_bam_SJSO3:ATGGTGCGTTAGAGCCx-M1,Generalist_nonNE,0.12340796226415095,2
gex_possorted_bam_SJSO3:ATGGCTGTCGGGACTCx-M1,Generalist_NE,0.14509528301886793,1
gex_possorted_bam_SJSO3:ATGGCTGTCTTAGTGAx-M1,Arc_4,0.126436679245283,2
gex_possorted_bam_SJSO3:ATGGCCCAGTTAGGCTx-M1,Generalist_nonNE,0.1069229433962264,1
gex_possorted_bam_SJSO3:ATGCTTAAGCTTTGTTx-M1,Generalist_nonNE,0.12190728301886794,3
gex_possorted_bam_SJSO3:ATGGACAAGTTCCCACx-M1,Arc_3,0.2669773962264151,9
gex_possorted_bam_SJSO3:ATGTAAGCATAAACCTx-M1,Generalist_NE,0.21177413207547172,10
gex_possorted_bam_SJSO3:ATGTGAGAGGTGAAGCx-M1,Generalist_nonNE,0.1352759245283019,3
gex_possorted_bam_SJSO3:ATTCAACCATCCATCTx-M1,Generalist_nonNE,0.14219771698113207,3
gex_possorted_bam_SJSO3:ATTAGCGGTGCATTTCx-M1,Arc_6,0.13948383018867921,2
gex_possorted_bam_SJSO3:ATGTGAGAGGCGAAACx-M1,Generalist_nonNE,0.13951956603773585,5
gex_possorted_bam_SJSO3:ATTAGTCCAGTAGCCTx-M1,Generalist_NE,0.14437250943396226,2
gex_possorted_bam_SJSO3:ATTAGGTGTTAGGCGTx-M1,Generalist_nonNE,0.16807803773584906,6
gex_possorted_bam_SJSO3:ATGTAACGTGCACGCAx-M1,Generalist_NE,0.15137949056603775,1
gex_possorted_bam_SJSO3:ATTACTGAGTTATCTCx-M1,Generalist_NE,0.14509528301886793,1
gex_possorted_bam_SJSO3:ATGTCCACATAAGTTCx-M1,Generalist_NE,0.14509528301886793,1
gex_possorted_bam_SJSO3:ATTAGCGGTTAATGACx-M1,Generalist_NE,0.16515209433962266,5
gex_possorted_bam_SJSO3:ATTAGCTCATGTGGGAx-M1,Generalist_NE,0.15637632075471697,1
gex_possorted_bam_SJSO3:ATTACCCGTACGCGCAx-M1,Generalist_nonNE,0.12489564150943396,4
gex_possorted_bam_SJSO3:ATGTTCAAGCCGCTTTx-M1,Generalist_NE,0.2256044150943396,9
gex_possorted_bam_SJSO3:ATTCACTTCCTTGCGTx-M1,Generalist_NE,0.16262473584905657,4
gex_possorted_bam_SJSO3:ATTATCCTCGTTATAGx-M1,Generalist_NE,0.2342989622641509,5
gex_possorted_bam_SJSO3:ATGTAAGCATAATGTCx-M1,Generalist_NE,0.13948383018867921,2
gex_possorted_bam_SJSO3:ATGTAACGTTGGTGACx-M1,Generalist_nonNE,0.13131333962264152,4
gex_possorted_bam_SJSO3:ATGTTGTCAATGCCCGx-M1,Generalist_NE,0.13948383018867921,2
gex_possorted_bam_SJSO3:ATGTCATCAACGTGCTx-M1,Generalist_NE,0.15019254716981134,1
gex_possorted_bam_SJSO3:ATTAGGTGTAATTAGCx-M1,Generalist_NE,0.23242350943396226,9
gex_possorted_bam_SJSO3:ATTAGTCCAGGTATTTx-M1,Arc_4,0.1505129433962264,5
gex_possorted_bam_SJSO3:ATTAGCGGTACCAGGTx-M1,Arc_5,0.14509528301886793,1
gex_possorted_bam_SJSO3:ATTACGTCATCAATCGx-M1,Arc_6,0.2140606603773585,7
gex_possorted_bam_SJSO3:ATTAGCGGTACTTAGGx-M1,Generalist_nonNE,0.12120556603773584,4
gex_possorted_bam_SJSO3:ATGTTCAAGCCTGATGx-M1,Generalist_NE,0.17483000000000004,7
gex_possorted_bam_SJSO3:ATGTCAATCCAGGTTGx-M1,Generalist_NE,0.15019254716981134,1
gex_possorted_bam_SJSO3:ATGTCCACATCCTAGAx-M1,Generalist_nonNE,0.14616181132075473,5
gex_possorted_bam_SJSO3:ATTACGTCAGTAGCCTx-M1,Arc_4,0.12002915094339624,2
gex_possorted_bam_SJSO3:ATGTTTGAGGCTTAGTx-M1,Arc_6,0.18669267924528302,5
gex_possorted_bam_SJSO3:ATTACGTCAATTAAGGx-M1,Generalist_NE,0.18669267924528302,5
gex_possorted_bam_SJSO3:ATGTCATCAAGTCGCTx-M1,Generalist_NE,0.13948383018867921,2
gex_possorted_bam_SJSO3:ATTAGCGGTTTCCGGCx-M1,Generalist_NE,0.15749867924528305,3
gex_possorted_bam_SJSO3:ATGTGAGAGTGAGAGCx-M1,Generalist_NE,0.16331394339622643,4
gex_possorted_bam_SJSO3:ATGTCAATCAAGCGCCx-M1,Generalist_nonNE,0.1404725471698113,5
gex_possorted_bam_SJSO3:ATTAGCGGTTCCTGATx-M1,Generalist_NE,0.16000694339622643,4
gex_possorted_bam_SJSO3:ATGTCATCATAAGCAAx-M1,Generalist_nonNE,0.12481969811320756,2
gex_possorted_bam_SJSO3:ATGTAAGCATGTTGGCx-M1,Generalist_NE,0.14509528301886793,1
gex_possorted_bam_SJSO3:ATGTTGTCACATTAACx-M1,Generalist_NE,0.14509528301886793,1
gex_possorted_bam_SJSO3:ATGTTCAAGTGAGGTAx-M1,Generalist_NE,0.240312679245283,9
gex_possorted_bam_SJSO3:ATTACGTCATTAAGCTx-M1,Arc_4,0.16128905660377355,6
gex_possorted_bam_SJSO3:ATGTTTGAGCTAAAGGx-M1,Generalist_nonNE,0.11573643396226416,3
gex_possorted_bam_SJSO3:ATGTTGTCATCCTGAAx-M1,Generalist_NE,0.13410216981132075,1
gex_possorted_bam_SJSO3:ATTCACTTCACCGGTAx-M1,Generalist_NE,0.2545834528301887,8
gex_possorted_bam_SJSO3:ATTGTCCGTCAGGAAGx-M1,Generalist_NE,0.20038316981132076,2
gex_possorted_bam_SJSO3:CAAACAACATGTCGCGx-M1,Generalist_NE,0.16666730188679243,3
gex_possorted_bam_SJSO3:ATTCACTTCGCCTGTTx-M1,Generalist_nonNE,0.10720309433962265,2
gex_possorted_bam_SJSO3:ATTGAAGCAAGGAATCx-M1,Generalist_NE,0.16496950943396232,4
gex_possorted_bam_SJSO3:ATTTAGGTCCTACCTAx-M1,Generalist_nonNE,0.11823045283018867,1
gex_possorted_bam_SJSO3:CAAACAACAAATATCCx-M1,Generalist_nonNE,0.1330151320754717,2
gex_possorted_bam_SJSO3:ATTGCGCCATTGTCAGx-M1,Generalist_nonNE,0.11823045283018867,1
gex_possorted_bam_SJSO3:ATTTAGCCAACCCTCCx-M1,Generalist_nonNE,0.1249616037735849,3
gex_possorted_bam_SJSO3:ATTGCGCCAATCCTGAx-M1,Arc_6,0.13410216981132075,1
gex_possorted_bam_SJSO3:ATTGCAGGTGAGCAAGx-M1,Generalist_NE,0.24523124528301887,8
gex_possorted_bam_SJSO3:ATTGACTCAATAGCAAx-M1,Generalist_NE,0.16393230188679245,2
gex_possorted_bam_SJSO3:ATTCCTCCATACTCCTx-M1,Generalist_nonNE,0.12985896226415095,3
gex_possorted_bam_SJSO3:ATTGCGCCACCTAATGx-M1,Generalist_NE,0.1459867358490566,2
gex_possorted_bam_SJSO3:ATTTAGGTCATTAGCAx-M1,Arc_1,0.14468832075471696,4
gex_possorted_bam_SJSO3:ATTGGTTCAATCATGTx-M1,Generalist_NE,0.16149698113207547,6
gex_possorted_bam_SJSO3:ATTGCGCCAGCCTAACx-M1,Generalist_NE,0.13410216981132075,1
gex_possorted_bam_SJSO3:ATTGCGCCAGCCAGAAx-M1,Generalist_nonNE,0.126436679245283,2
gex_possorted_bam_SJSO3:CAAACACTCGATAACCx-M1,Generalist_NE,0.14509528301886793,1
gex_possorted_bam_SJSO3:CAAACACTCACTTTACx-M1,Generalist_NE,0.29502964150943395,15
gex_possorted_bam_SJSO3:ATTGTGATCCAAATCAx-M1,Generalist_nonNE,0.11365409433962263,3
gex_possorted_bam_SJSO3:ATTTGCAAGCAGGCCTx-M1,Arc_3,0.3096945471698114,12
gex_possorted_bam_SJSO3:CAAACAACAGCTCAACx-M1,Generalist_nonNE,0.12340796226415095,2
gex_possorted_bam_SJSO3:ATTGAAGCACTGACTAx-M1,Arc_4,0.126436679245283,2
gex_possorted_bam_SJSO3:ATTGACTCAATTATGCx-M1,Arc_3,0.29918039622641507,10
gex_possorted_bam_SJSO3:ATTTGCGCAACCTAATx-M1,Arc_4,0.1185106037735849,2
gex_possorted_bam_SJSO3:ATTGCAGGTTGAAGCCx-M1,Generalist_NE,0.14509528301886793,1
gex_possorted_bam_SJSO3:ATTCCGGAGGTCAAAGx-M1,Generalist_nonNE,0.13510554716981132,3
gex_possorted_bam_SJSO3:ATTGTCCGTTACTAGGx-M1,Generalist_nonNE,0.11823045283018867,1
gex_possorted_bam_SJSO3:ATTGGTTCACGAATTTx-M1,Generalist_NE,0.14509528301886793,1
gex_possorted_bam_SJSO3:ATTTGTGAGTAGCTTAx-M1,Generalist_NE,0.19252790566037736,7
gex_possorted_bam_SJSO3:ATTTGCAAGGTTTGACx-M1,Arc_4,0.16201886792452833,7
gex_possorted_bam_SJSO3:ATTGGCTAGGAACACAx-M1,Generalist_NE,0.1980706226415094,1
gex_possorted_bam_SJSO3:CAAACACTCAGCACCAx-M1,Generalist_NE,0.14673864150943394,3
gex_possorted_bam_SJSO3:ATTCCTAGTTAGCAGCx-M1,Generalist_NE,0.13948383018867921,2
gex_possorted_bam_SJSO3:ATTGCGCCATCTAGCAx-M1,Generalist_NE,0.15047694339622641,2
gex_possorted_bam_SJSO3:ATTTGCGCATTCCTCGx-M1,Generalist_nonNE,0.15537773584905662,7
gex_possorted_bam_SJSO3:ATTCGTTTCCCTCGCAx-M1,Generalist_NE,0.16118088679245285,3
gex_possorted_bam_SJSO3:ATTGCGCCATCCCGCTx-M1,Generalist_nonNE,0.15501426415094338,5
gex_possorted_bam_SJSO3:ATTCCTAGTGTTTCACx-M1,Generalist_NE,0.1727467169811321,3
gex_possorted_bam_SJSO3:ATTGCGCCACAATACTx-M1,Generalist_nonNE,0.1615692075471698,7
gex_possorted_bam_SJSO3:ATTCCTAGTCAGGAAGx-M1,Generalist_nonNE,0.12675930188679246,2
gex_possorted_bam_SJSO3:ATTCCTAGTGACCTGGx-M1,Arc_1,0.15962477358490565,3
gex_possorted_bam_SJSO3:ATTCCTAGTTGGCCGAx-M1,Generalist_NE,0.14509528301886793,1
gex_possorted_bam_SJSO3:CAACAGGCAAGTTATCx-M1,Generalist_NE,0.14509528301886793,1
gex_possorted_bam_SJSO3:CAAAGCGCAGCACGTTx-M1,Arc_1,0.3705682452830188,20
gex_possorted_bam_SJSO3:CAAGGGAGTAATCCCTx-M1,Generalist_NE,0.13410216981132075,1
gex_possorted_bam_SJSO3:CAAGAACCACTATGGCx-M1,Generalist_NE,0.21773269811320756,8
gex_possorted_bam_SJSO3:CAACCCGCATCACTTCx-M1,Generalist_NE,0.16331394339622643,4
gex_possorted_bam_SJSO3:CAAACACTCTCGCCCAx-M1,Arc_4,0.12218743396226416,4
gex_possorted_bam_SJSO3:CAACCCGCAACAACAAx-M1,Generalist_NE,0.14509528301886793,1
gex_possorted_bam_SJSO3:CAAACCGTCATTTGTCx-M1,Generalist_nonNE,0.14949941509433962,7
gex_possorted_bam_SJSO3:CAAGAACCATAGGCGAx-M1,Arc_4,0.14119071698113206,3
gex_possorted_bam_SJSO3:CAACTAATCTTGATGAx-M1,Arc_4,0.12671683018867927,3
gex_possorted_bam_SJSO3:CAAGCTAGTCATTACCx-M1,Arc_4,0.16807803773584906,6
gex_possorted_bam_SJSO3:CAACCCTTCTGGCAATx-M1,Generalist_NE,0.20078577358490565,5
gex_possorted_bam_SJSO3:CAAGGTAAGGATTGAGx-M1,Generalist_NE,0.1696931320754717,4
gex_possorted_bam_SJSO3:CAACAATGTAGGTTATx-M1,Generalist_NE,0.15121166037735848,1
gex_possorted_bam_SJSO3:CAAGAACCATTAAAGGx-M1,Generalist_NE,0.1459867358490566,2
gex_possorted_bam_SJSO3:CAAAGCGCATCGCTCCx-M1,Generalist_nonNE,0.15266137735849053,4
gex_possorted_bam_SJSO3:CAAAGTGAGTCATTAGx-M1,Generalist_NE,0.14509528301886793,1
gex_possorted_bam_SJSO3:CAACCCGCACTAAGAAx-M1,Generalist_NE,0.23744994339622644,5
gex_possorted_bam_SJSO3:CAAGGTAAGCTTAACAx-M1,Arc_2,0.17874315094339624,7
gex_possorted_bam_SJSO3:CAAGAACCAAGTGTCCx-M1,Generalist_NE,0.14930109433962266,0
gex_possorted_bam_SJSO3:CAAGGCCTCGCAAACTx-M1,Generalist_nonNE,0.13500469811320753,3
gex_possorted_bam_SJSO3:CAAGGGAGTGCTCACCx-M1,Generalist_NE,0.1845368113207547,5
gex_possorted_bam_SJSO3:CAAAGGATCGATTCTTx-M1,Generalist_NE,0.1459867358490566,2
gex_possorted_bam_SJSO3:CAACCCGCAGCAACCTx-M1,Generalist_NE,0.14509528301886793,1
gex_possorted_bam_SJSO3:CAAAGTGAGACAGGTAx-M1,Arc_4,0.126436679245283,2
gex_possorted_bam_SJSO3:CAACTAATCCAATTAGx-M1,Generalist_nonNE,0.12120556603773584,4
gex_possorted_bam_SJSO3:CAACTAATCCCGTTGTx-M1,Generalist_NE,0.14587047169811324,3
gex_possorted_bam_SJSO3:CAAACGCGTAGCAGCTx-M1,Generalist_nonNE,0.126436679245283,2
gex_possorted_bam_SJSO3:CAAACACTCTCCTCTTx-M1,Arc_1,0.23138873584905656,10
gex_possorted_bam_SJSO3:CAAACTGGTCACACCCx-M1,Arc_2,0.16201886792452833,7
gex_possorted_bam_SJSO3:CAACAATGTTCCGGGAx-M1,Generalist_NE,0.16584924528301886,4
gex_possorted_bam_SJSO3:CAAGCTAGTAAACAAGx-M1,Generalist_nonNE,0.1265641320754717,1
gex_possorted_bam_SJSO3:CAAGAACCAGCTCATAx-M1,Generalist_NE,0.3069011698113208,13
gex_possorted_bam_SJSO3:CAAGGCTGTCAACAATx-M1,Generalist_nonNE,0.16201886792452833,7
gex_possorted_bam_SJSO3:CAAGGCTGTACAATGTx-M1,Generalist_NE,0.15047694339622641,2
gex_possorted_bam_SJSO3:CAAGAACCAATTTAGCx-M1,Arc_4,0.16128905660377355,6
gex_possorted_bam_SJSO3:CAAAGCGCACTAGGTCx-M1,Generalist_NE,0.2203189622641509,4
gex_possorted_bam_SJSO3:CAAGGCCTCGTTAAGCx-M1,Generalist_NE,0.20078577358490565,5
gex_possorted_bam_SJSO3:CAAACACTCGGTTTCCx-M1,Generalist_NE,0.1459867358490566,2
gex_possorted_bam_SJSO3:CAAAGGATCAAGCCTGx-M1,Generalist_NE,0.1696931320754717,4
gex_possorted_bam_SJSO3:CAACAATGTAACGGGAx-M1,Generalist_NE,0.14509528301886793,1
gex_possorted_bam_SJSO3:CAAGTAACATGTCGCGx-M1,Generalist_NE,0.14509528301886793,1
gex_possorted_bam_SJSO3:CAAGTGAAGGCGCTTAx-M1,Generalist_NE,0.18360156603773584,4
gex_possorted_bam_SJSO3:CAAGTTATCATGCTTTx-M1,Generalist_NE,0.16000694339622643,4
gex_possorted_bam_SJSO3:CAATAAGCAGTTAGCCx-M1,Generalist_NE,0.13948383018867921,2
gex_possorted_bam_SJSO3:CAATGTGGTAATTAGCx-M1,Generalist_NE,0.23984243396226415,7
gex_possorted_bam_SJSO3:CAATCCTGTCATCATCx-M1,Arc_5,0.21177683018867927,5
gex_possorted_bam_SJSO3:CAATGTCAGTTTGTCTx-M1,Generalist_nonNE,0.11573643396226416,3
gex_possorted_bam_SJSO3:CAATAGCTCCAACTGGx-M1,Generalist_NE,0.19228607547169813,5
gex_possorted_bam_SJSO3:CAATGACTCTTAGCCCx-M1,Generalist_nonNE,0.126436679245283,2
gex_possorted_bam_SJSO3:CAAGTTATCGTTTCCAx-M1,Generalist_NE,0.24048556603773585,9
gex_possorted_bam_SJSO3:CAAGGTAAGTGAACCTx-M1,Generalist_NE,0.15121166037735848,1
gex_possorted_bam_SJSO3:CACAAGCGTTAGCCAAx-M1,Generalist_nonNE,0.2171289622641509,9
gex_possorted_bam_SJSO3:CAAGTATGTTACCTGTx-M1,Generalist_NE,0.16658892452830187,2
gex_possorted_bam_SJSO3:CAATGTCAGATAACCCx-M1,Arc_5,0.22160047169811317,8
gex_possorted_bam_SJSO3:CAATCGCCACCAACCGx-M1,Generalist_NE,0.1457062641509434,2
gex_possorted_bam_SJSO3:CAATGTGGTAATAGCTx-M1,Generalist_NE,0.13948383018867921,2
gex_possorted_bam_SJSO3:CAAGTAACACTGACCGx-M1,Generalist_NE,0.16658892452830187,2
gex_possorted_bam_SJSO3:CAAGTAACACGAATCCx-M1,Generalist_NE,0.22174618867924525,8
gex_possorted_bam_SJSO3:CAATGTGGTCATGCAAx-M1,Generalist_NE,0.15047694339622641,2
gex_possorted_bam_SJSO3:CAATAGCTCGTTACTTx-M1,Generalist_NE,0.14509528301886793,1
gex_possorted_bam_SJSO3:CAATAGCTCACCTGCTx-M1,Generalist_NE,0.1510879245283019,3
gex_possorted_bam_SJSO3:CAATAGCTCGTTTCCAx-M1,Arc_4,0.15096260377358492,5
gex_possorted_bam_SJSO3:CAATCGCCATAGCTTGx-M1,Generalist_NE,0.1459867358490566,2
gex_possorted_bam_SJSO3:CACAATATCAAACCGTx-M1,Generalist_NE,0.14509528301886793,1
gex_possorted_bam_SJSO3:CAAGGTAAGGCTATGTx-M1,Arc_4,0.14257388679245284,5
gex_possorted_bam_SJSO3:CAATGTGGTATTGTCCx-M1,Arc_4,0.1069229433962264,1
gex_possorted_bam_SJSO3:CAATGAACAGGTTATTx-M1,Arc_4,0.18438216981132077,7
gex_possorted_bam_SJSO3:CAAGGTAAGGTGTTACx-M1,Generalist_NE,0.14509528301886793,1
gex_possorted_bam_SJSO3:CAAGTAACATAATCCGx-M1,Arc_2,0.12651254716981133,4
gex_possorted_bam_SJSO3:CAATCCTGTTTGTGGAx-M1,Generalist_NE,0.1069229433962264,1
gex_possorted_bam_SJSO3:CAATGCCCAATAAGCAx-M1,Generalist_NE,0.14509528301886793,1
gex_possorted_bam_SJSO3:CAATGAACAATTAGGAx-M1,Generalist_NE,0.16204277358490565,2
gex_possorted_bam_SJSO3:CAATCCCTCAGGCCTAx-M1,Generalist_NE,0.14509528301886793,1
gex_possorted_bam_SJSO3:CAATGCCCACCACAACx-M1,Generalist_NE,0.1457062641509434,2
gex_possorted_bam_SJSO3:CAATCCCTCGCACACAx-M1,Generalist_nonNE,0.126436679245283,2
gex_possorted_bam_SJSO3:CAATGAACATGCATATx-M1,Arc_1,0.126436679245283,2
gex_possorted_bam_SJSO3:CAATGAACAGCATGTCx-M1,Generalist_NE,0.15261,3
gex_possorted_bam_SJSO3:CAATCCTGTGGAAACGx-M1,Generalist_NE,0.18669267924528302,5
gex_possorted_bam_SJSO3:CAATATGTCATTCATCx-M1,Arc_6,0.20771737735849058,6
gex_possorted_bam_SJSO3:CAATGTCAGTCATCCCx-M1,Generalist_nonNE,0.1265641320754717,1
gex_possorted_bam_SJSO3:CACAAGCGTGATTACGx-M1,Generalist_NE,0.13948383018867921,2
gex_possorted_bam_SJSO3:CACAATATCAAACTCAx-M1,Generalist_NE,0.1459867358490566,2
gex_possorted_bam_SJSO3:CAATGCCCAAGCCACTx-M1,Generalist_NE,0.17189016981132077,4
gex_possorted_bam_SJSO3:CAAGTATGTGTCACGGx-M1,Generalist_NE,0.13948383018867921,2
gex_possorted_bam_SJSO3:CAAGTAACATAATTGCx-M1,Arc_4,0.13496103773584905,3
gex_possorted_bam_SJSO3:CAATCGCCAGGCTAGAx-M1,Generalist_nonNE,0.1265641320754717,1
gex_possorted_bam_SJSO3:CAAGTATGTTGTTGTCx-M1,Generalist_NE,0.22537209433962263,7
gex_possorted_bam_SJSO3:CACTAGCCATGTCAATx-M1,Generalist_NE,0.18659662264150945,3
gex_possorted_bam_SJSO3:CACCTCAGTGCAATATx-M1,Generalist_NE,0.22592769811320754,8
gex_possorted_bam_SJSO3:CACATAATCGGTTTGGx-M1,Generalist_nonNE,0.1615692075471698,7
gex_possorted_bam_SJSO3:CACATTAAGGAAGCTAx-M1,Generalist_NE,0.22213364150943396,8
gex_possorted_bam_SJSO3:CACATTAAGGCTACATx-M1,Generalist_NE,0.19804099999999997,8
gex_possorted_bam_SJSO3:CACATTAAGTAAGTCCx-M1,Generalist_NE,0.2157255283018868,8
gex_possorted_bam_SJSO3:CACTTTGTCTTAGGACx-M1,Generalist_nonNE,0.1069229433962264,1
gex_possorted_bam_SJSO3:CACTAAGGTTTCGCCAx-M1,Generalist_NE,0.18094075471698112,2
gex_possorted_bam_SJSO3:CACTAAGGTAGCCTAAx-M1,Generalist_NE,0.14509528301886793,1
gex_possorted_bam_SJSO3:CACTAAGGTACTGATGx-M1,Arc_6,0.17915990566037737,4
gex_possorted_bam_SJSO3:CACAATATCTGCAACGx-M1,Generalist_nonNE,0.10720309433962265,2
gex_possorted_bam_SJSO3:CACTGACCATCTAGCAx-M1,Generalist_NE,0.17047703773584905,4
gex_possorted_bam_SJSO3:CACCAACCAAATTCGTx-M1,Generalist_NE,0.14509528301886793,1
gex_possorted_bam_SJSO3:CACCGGTAGTCATTTCx-M1,Arc_6,0.13948383018867921,2
gex_possorted_bam_SJSO3:CACATTAAGCCTGACAx-M1,Generalist_nonNE,0.1617387169811321,6
gex_possorted_bam_SJSO3:CACTAAGGTGCTTAGAx-M1,Arc_3,0.24582656603773587,7
gex_possorted_bam_SJSO3:CACCAACCACTGGCCAx-M1,Generalist_NE,0.2311353962264151,10
gex_possorted_bam_SJSO3:CACGCTAAGGCCTAATx-M1,Generalist_NE,0.31814899999999996,14
gex_possorted_bam_SJSO3:CACCTCAGTAACCAGCx-M1,Generalist_NE,0.16393230188679245,2
gex_possorted_bam_SJSO3:CAGAACCGTCCGGTTCx-M1,Arc_3,0.16431147169811322,3
gex_possorted_bam_SJSO3:CACGCTAAGTCTCACCx-M1,Generalist_NE,0.1459867358490566,2
gex_possorted_bam_SJSO3:CACATACAGTTAGCCGx-M1,Generalist_NE,0.14509528301886793,1
gex_possorted_bam_SJSO3:CACCTCAGTCACAAATx-M1,Arc_4,0.16128905660377355,6
gex_possorted_bam_SJSO3:CACTTAAAGGTTTACAx-M1,Generalist_NE,0.20093449056603774,6
gex_possorted_bam_SJSO3:CACAATATCGTTATAGx-M1,Arc_1,0.27013583018867926,8
gex_possorted_bam_SJSO3:CACAGGGAGCTTCTCAx-M1,Generalist_NE,0.14509528301886793,1
gex_possorted_bam_SJSO3:CACTTTGTCGCAAACTx-M1,Arc_6,0.19281783018867926,5
gex_possorted_bam_SJSO3:CACCAACCACATTGCAx-M1,Generalist_NE,0.28674275471698113,10
gex_possorted_bam_SJSO3:CACCTGTTCATAATCGx-M1,Generalist_NE,0.14509528301886793,1
gex_possorted_bam_SJSO3:CACCAACCAAGCCACTx-M1,Generalist_nonNE,0.11365409433962263,3
gex_possorted_bam_SJSO3:CACAGGCTCGATTTAGx-M1,Generalist_NE,0.13927245283018866,3
gex_possorted_bam_SJSO3:CACTTAAAGATTCCTTx-M1,Generalist_nonNE,0.12340796226415095,2
gex_possorted_bam_SJSO3:CACTAAGGTATGGTGCx-M1,Arc_6,0.17700054716981134,6
gex_possorted_bam_SJSO3:CACCTGTTCGCATTAAx-M1,Generalist_NE,0.22213364150943396,8
gex_possorted_bam_SJSO3:CACTTTGTCAAACCGTx-M1,Generalist_NE,0.15962477358490565,3
gex_possorted_bam_SJSO3:CACATACAGGTACCGCx-M1,Generalist_NE,0.2233916226415094,8
gex_possorted_bam_SJSO3:CACAATATCTCGCCTGx-M1,Generalist_nonNE,0.11545628301886793,2
gex_possorted_bam_SJSO3:CACAGGCTCGTTTCGCx-M1,Generalist_NE,0.15018777358490562,3
gex_possorted_bam_SJSO3:CACCTGTTCGCTAAGTx-M1,Generalist_NE,0.332394283018868,12
gex_possorted_bam_SJSO3:CACTTAAAGCTTATGAx-M1,Generalist_nonNE,0.1547357924528302,6
gex_possorted_bam_SJSO3:CACGCAATCATGCTCCx-M1,Arc_6,0.21106224528301887,7
gex_possorted_bam_SJSO3:CACCTGTTCTAATCTCx-M1,Generalist_nonNE,0.12630964150943397,2
gex_possorted_bam_SJSO3:CACTAGCCAGGCATCTx-M1,Generalist_NE,0.14509528301886793,1
gex_possorted_bam_SJSO3:CAGGATGCAACACCTAx-M1,Generalist_NE,0.19981884905660377,6
gex_possorted_bam_SJSO3:CAGCTCAAGGCTAATCx-M1,Generalist_NE,0.2368123962264151,10
gex_possorted_bam_SJSO3:CAGGACCTCTGTGAGTx-M1,Generalist_NE,0.18094075471698112,2
gex_possorted_bam_SJSO3:CAGCCAATCAGTGAAGx-M1,Arc_6,0.13948383018867921,2
gex_possorted_bam_SJSO3:CAGCCTTTCCTAGTTTx-M1,Arc_6,0.1594182641509434,1
gex_possorted_bam_SJSO3:CAGCCTAAGCCTGGTAx-M1,Generalist_NE,0.13948383018867921,2
gex_possorted_bam_SJSO3:CAGCATGTCTCCATATx-M1,Generalist_NE,0.15121166037735848,1
gex_possorted_bam_SJSO3:CAGAATCTCCTGGCTTx-M1,Arc_4,0.14926975471698112,5
gex_possorted_bam_SJSO3:CAGCTAAGTGTCCAAAx-M1,Arc_4,0.126436679245283,2
gex_possorted_bam_SJSO3:CAGCTCAAGCCTTAAAx-M1,Generalist_nonNE,0.13909005660377358,3
gex_possorted_bam_SJSO3:CAGCATGTCCTCACTAx-M1,Arc_3,0.31066833962264145,10
gex_possorted_bam_SJSO3:CAGCCTAAGAATCGCTx-M1,Generalist_NE,0.224284679245283,6
gex_possorted_bam_SJSO3:CAGCTATAGTAACGAGx-M1,Arc_2,0.1292867169811321,3
gex_possorted_bam_SJSO3:CAGATTCAGGACACTTx-M1,Generalist_NE,0.14509528301886793,1
gex_possorted_bam_SJSO3:CAGCATGTCCTTGCGTx-M1,Generalist_NE,0.18266177358490568,5
gex_possorted_bam_SJSO3:CAGCATTAGTTTGGTAx-M1,Arc_6,0.13948383018867921,2
gex_possorted_bam_SJSO3:CAGCAAGCATGAATAGx-M1,Arc_4,0.11823045283018867,1
gex_possorted_bam_SJSO3:CAGGACACACAGCCATx-M1,Arc_1,0.12255694339622641,3
gex_possorted_bam_SJSO3:CAGCCTAAGGAGCATAx-M1,Generalist_NE,0.16748037735849056,3
gex_possorted_bam_SJSO3:CAGGCTATCCTCCATAx-M1,Generalist_NE,0.14509528301886793,1
gex_possorted_bam_SJSO3:CAGGACACATTATGGTx-M1,Arc_4,0.16128905660377355,6
gex_possorted_bam_SJSO3:CAGCATTAGCCTGTTCx-M1,Generalist_nonNE,0.12489564150943396,4
gex_possorted_bam_SJSO3:CAGCATTAGGACGTAAx-M1,Generalist_nonNE,0.11545628301886793,2
gex_possorted_bam_SJSO3:CAGGAAGGTATTGTCCx-M1,Generalist_nonNE,0.12002915094339624,2
gex_possorted_bam_SJSO3:CAGATTCAGTTAGACCx-M1,Generalist_nonNE,0.1946442264150943,7
gex_possorted_bam_SJSO3:CAGCCAATCTGTAAGCx-M1,Generalist_NE,0.2669466226415094,8
gex_possorted_bam_SJSO3:CAGCTATAGGTAAGGCx-M1,Generalist_NE,0.19155943396226413,6
gex_possorted_bam_SJSO3:CAGCTCAAGTTAGCTAx-M1,Generalist_NE,0.15019254716981134,1
gex_possorted_bam_SJSO3:CAGATTCAGGTCCAATx-M1,Generalist_NE,0.14509528301886793,1
gex_possorted_bam_SJSO3:CAGCTCAAGCATGTTAx-M1,Generalist_NE,0.1696931320754717,4
gex_possorted_bam_SJSO3:CAGCTCAAGTGAGCAAx-M1,Arc_1,0.22004584905660374,10
gex_possorted_bam_SJSO3:CAGCTATAGGGCCATCx-M1,Generalist_NE,0.1696931320754717,4
gex_possorted_bam_SJSO3:CAGCATGTCTTGGACGx-M1,Generalist_NE,0.14509528301886793,1
gex_possorted_bam_SJSO3:CAGCATGTCGTTAAGCx-M1,Generalist_NE,0.23524875471698115,9
gex_possorted_bam_SJSO3:CAGCAAGCAATGAGGTx-M1,Generalist_NE,0.15299549056603776,3
gex_possorted_bam_SJSO3:CAGGACCTCCTGATGGx-M1,Generalist_NE,0.18497516981132076,5
gex_possorted_bam_SJSO3:CAGCCAATCGTTAAGCx-M1,Arc_6,0.13948383018867921,2
gex_possorted_bam_SJSO3:CAGGATGCACCAAAGGx-M1,Generalist_NE,0.14673864150943394,3
gex_possorted_bam_SJSO3:CAGCCTAAGGACGTAAx-M1,Generalist_NE,0.19285824528301887,6
gex_possorted_bam_SJSO3:CAGATTCAGCGCCTTTx-M1,Generalist_NE,0.14509528301886793,1
gex_possorted_bam_SJSO3:CATAATCCAAGTGAACx-M1,Generalist_NE,0.16515209433962266,5
gex_possorted_bam_SJSO3:CAGTACCCAACTAACTx-M1,Generalist_nonNE,0.12255694339622641,3
gex_possorted_bam_SJSO3:CATAGACTCTAAGTCAx-M1,Generalist_nonNE,0.11337394339622642,2
gex_possorted_bam_SJSO3:CATAATGTCGGCTATGx-M1,Generalist_NE,0.14509528301886793,1
gex_possorted_bam_SJSO3:CAGGTTTAGTGGACAAx-M1,Generalist_nonNE,0.13130147169811324,4
gex_possorted_bam_SJSO3:CAGGGCTTCAAGCTTAx-M1,Generalist_NE,0.25602669811320755,8
gex_possorted_bam_SJSO3:CAGGTCCAGTGAACCTx-M1,Generalist_NE,0.20280916981132077,5
gex_possorted_bam_SJSO3:CAGTACCCAGGAATCGx-M1,Generalist_NE,0.15119396226415094,5
gex_possorted_bam_SJSO3:CATAATGTCATCCACCx-M1,Generalist_NE,0.14509528301886793,1
gex_possorted_bam_SJSO3:CAGGGTGAGGTCATTAx-M1,Arc_4,0.17616907547169808,7
gex_possorted_bam_SJSO3:CATATCGCAACTGGGAx-M1,Generalist_NE,0.2318924716981132,6
gex_possorted_bam_SJSO3:CAGTACCCATCCTGAAx-M1,Generalist_NE,0.15121166037735848,1
gex_possorted_bam_SJSO3:CATAGCTAGAAGGTGCx-M1,Generalist_NE,0.15539977358490567,4
gex_possorted_bam_SJSO3:CAGGGTGAGTCACCAGx-M1,Generalist_nonNE,0.11545628301886793,2
gex_possorted_bam_SJSO3:CAGGCTGGTCAACAATx-M1,Generalist_NE,0.16916518867924527,2
gex_possorted_bam_SJSO3:CAGGTCCAGGCTACATx-M1,Generalist_NE,0.18659662264150945,3
gex_possorted_bam_SJSO3:CAGGGCTTCGTTAACAx-M1,Generalist_nonNE,0.11545628301886793,2
gex_possorted_bam_SJSO3:CAGGTGGAGTTTGCGGx-M1,Generalist_nonNE,0.10720309433962265,2
gex_possorted_bam_SJSO3:CAGGGTGAGTAAGTGGx-M1,Generalist_NE,0.20078577358490565,5
gex_possorted_bam_SJSO3:CAGGGCTTCTTTGACTx-M1,Arc_4,0.235315,10
gex_possorted_bam_SJSO3:CAGTACCCACCAACCGx-M1,Generalist_nonNE,0.12461549056603774,3
gex_possorted_bam_SJSO3:CATAATGTCGAAGTGAx-M1,Generalist_NE,0.23894716981132072,8
gex_possorted_bam_SJSO3:CATAATCCAACAGGTGx-M1,Generalist_nonNE,0.12190728301886794,3
gex_possorted_bam_SJSO3:CAGGTTTAGACTAAGGx-M1,Arc_4,0.13906990566037739,5
gex_possorted_bam_SJSO3:CAGTACCCACTAAGAAx-M1,Generalist_nonNE,0.11545628301886793,2
gex_possorted_bam_SJSO3:CATAAGCTCCAAGTTAx-M1,Generalist_NE,0.19619883018867923,4
gex_possorted_bam_SJSO3:CATAAGCTCATTACAGx-M1,Generalist_NE,0.16308783018867926,5
gex_possorted_bam_SJSO3:CAGGTCCAGCTTAGCGx-M1,Generalist_NE,0.22592769811320754,8
gex_possorted_bam_SJSO3:CAGTATGGTCCTAACTx-M1,Generalist_NE,0.1459867358490566,2
gex_possorted_bam_SJSO3:CATAATGTCATAAGCCx-M1,Generalist_NE,0.13948383018867921,2
gex_possorted_bam_SJSO3:CAGGGCTTCCTTTACGx-M1,Arc_3,0.23388167924528305,8
gex_possorted_bam_SJSO3:CATAGCTAGAGAGGCTx-M1,Generalist_NE,0.16431147169811322,3
gex_possorted_bam_SJSO3:CAGGTCCAGGATTGAGx-M1,Generalist_NE,0.14553843396226415,2
gex_possorted_bam_SJSO3:CATAGTCAGTCACTCCx-M1,Generalist_NE,0.14673864150943394,3
gex_possorted_bam_SJSO3:CATAGTCAGGTGAAATx-M1,Generalist_NE,0.2206978301886792,8
gex_possorted_bam_SJSO3:CATAACGGTCTTGCATx-M1,Generalist_nonNE,0.11823045283018867,1
gex_possorted_bam_SJSO3:CAGGCTGGTCAATAGTx-M1,Generalist_NE,0.14509528301886793,1
gex_possorted_bam_SJSO3:CATAGTCAGGGACGCAx-M1,Generalist_NE,0.13410216981132075,1
gex_possorted_bam_SJSO3:CATAAGCTCCCGAACAx-M1,Arc_4,0.1526201886792453,5
gex_possorted_bam_SJSO3:CATCAATCATGCAACCx-M1,Generalist_NE,0.14509528301886793,1
gex_possorted_bam_SJSO3:CATGCAAGTAAATTGCx-M1,Generalist_nonNE,0.1807735660377358,7
gex_possorted_bam_SJSO3:CATCAATCAAACAACAx-M1,Generalist_nonNE,0.12461549056603774,3
gex_possorted_bam_SJSO3:CATCATGCATAATCGTx-M1,Generalist_NE,0.2545834528301887,8
gex_possorted_bam_SJSO3:CATGGATTCCTTGTTGx-M1,Generalist_NE,0.24526501886792454,5
gex_possorted_bam_SJSO3:CATGGATTCTGTAAGCx-M1,Arc_2,0.16285192452830188,5
gex_possorted_bam_SJSO3:CATCGCTTCCAGGAAAx-M1,Arc_6,0.13948383018867921,2
gex_possorted_bam_SJSO3:CATGCGGGTTGTAACGx-M1,Generalist_NE,0.1518837924528302,4
gex_possorted_bam_SJSO3:CATGAGGCAATCCTGAx-M1,Generalist_NE,0.14509528301886793,1
gex_possorted_bam_SJSO3:CATCAGCCAAACTCATx-M1,Arc_4,0.14592505660377358,6
gex_possorted_bam_SJSO3:CATGCAAGTTAACACGx-M1,Generalist_NE,0.16515209433962266,5
gex_possorted_bam_SJSO3:CATCATAAGGGCCACTx-M1,Generalist_nonNE,0.11487462264150941,1
gex_possorted_bam_SJSO3:CATCATGCAACAACAAx-M1,Generalist_nonNE,0.12340796226415095,2
gex_possorted_bam_SJSO3:CATGCGGGTTCGCTTGx-M1,Generalist_nonNE,0.1265641320754717,1
gex_possorted_bam_SJSO3:CATCATAAGCCTGGTAx-M1,Generalist_NE,0.23990345283018868,10
gex_possorted_bam_SJSO3:CATGGATTCCAGGTCAx-M1,Generalist_NE,0.1808803018867924,5
gex_possorted_bam_SJSO3:CATGCATAGACAGGCGx-M1,Generalist_NE,0.14164864150943396,1
gex_possorted_bam_SJSO3:CATGGCGGTAACGTGCx-M1,Arc_4,0.1422937358490566,4
gex_possorted_bam_SJSO3:CATCACACAGAGGCTAx-M1,Arc_4,0.1615692075471698,7
gex_possorted_bam_SJSO3:CATCACACAATCTCTCx-M1,Arc_1,0.14045035849056603,4
gex_possorted_bam_SJSO3:CATCATGCATAAACCTx-M1,Generalist_NE,0.13127069811320755,3
gex_possorted_bam_SJSO3:CATTATGAGCAGGTTTx-M1,Generalist_nonNE,0.1807735660377358,7
gex_possorted_bam_SJSO3:CATGCGCAGCTCCCTGx-M1,Generalist_NE,0.16204277358490565,2
gex_possorted_bam_SJSO3:CATCCTCAGGAGTAATx-M1,Generalist_nonNE,0.12489564150943396,4
gex_possorted_bam_SJSO3:CATCAATCAGCATGGAx-M1,Generalist_NE,0.14509528301886793,1
gex_possorted_bam_SJSO3:CATCCTCAGCAAACCTx-M1,Generalist_NE,0.17929403773584904,5
gex_possorted_bam_SJSO3:CATCCCAGTTAGAGCCx-M1,Generalist_NE,0.14673864150943394,3
gex_possorted_bam_SJSO3:CATCCCAGTCTTGCATx-M1,Generalist_NE,0.1457062641509434,2
gex_possorted_bam_SJSO3:CATGAGGCAAGCCAGAx-M1,Generalist_NE,0.18791130188679245,5
gex_possorted_bam_SJSO3:CATGCGCAGCCGCAACx-M1,Generalist_NE,0.14509528301886793,1
gex_possorted_bam_SJSO3:CATGCGCAGGACCTGCx-M1,Arc_3,0.24548620754716985,8
gex_possorted_bam_SJSO3:CATTATCTCAGGTCCAx-M1,Generalist_NE,0.1457062641509434,2
gex_possorted_bam_SJSO3:CATCAGCCACTGACCGx-M1,Generalist_NE,0.13410216981132075,1
gex_possorted_bam_SJSO3:CATGGATTCCCGAAGCx-M1,Arc_2,0.11573643396226416,3
gex_possorted_bam_SJSO3:CATCACACATGGCCCAx-M1,Generalist_nonNE,0.18173749056603772,6
gex_possorted_bam_SJSO3:CATGCGGGTGCTCACCx-M1,Generalist_nonNE,0.12120556603773584,4
gex_possorted_bam_SJSO3:CATTATGAGGAACGCGx-M1,Generalist_NE,0.16939222641509435,3
gex_possorted_bam_SJSO3:CATGCAAGTTCCGGGAx-M1,Generalist_NE,0.14509528301886793,1
gex_possorted_bam_SJSO3:CATCAGCCAACCGCCAx-M1,Generalist_NE,0.16624858490566038,1
gex_possorted_bam_SJSO3:CATTATGAGCACAGGGx-M1,Arc_4,0.1795458113207547,7
gex_possorted_bam_SJSO3:CATCACACAATAACGAx-M1,Generalist_nonNE,0.13510554716981132,3
gex_possorted_bam_SJSO3:CATCATAAGCAGCTCAx-M1,Generalist_NE,0.16393230188679245,2
gex_possorted_bam_SJSO3:CATCACACAGTTGCGTx-M1,Arc_1,0.2233916226415094,8
gex_possorted_bam_SJSO3:CATTGTAAGGGTTAGAx-M1,Arc_4,0.13674224528301887,3
gex_possorted_bam_SJSO3:CATTATGAGGTTAGCTx-M1,Generalist_nonNE,0.1334955283018868,4
gex_possorted_bam_SJSO3:CCAAGGCTCTTACTCGx-M1,Generalist_NE,0.14509528301886793,1
gex_possorted_bam_SJSO3:CATTGCGAGTATTGGCx-M1,Generalist_NE,0.16566675471698114,5
gex_possorted_bam_SJSO3:CCAACCCGTAGCTAGCx-M1,Generalist_nonNE,0.13127069811320755,3
gex_possorted_bam_SJSO3:CCACTTGGTTCCGGCTx-M1,Generalist_NE,0.24208354716981131,9
gex_possorted_bam_SJSO3:CCAACCCGTCACGGATx-M1,Generalist_NE,0.2036627735849057,8
gex_possorted_bam_SJSO3:CCACTTGGTGAGGTGAx-M1,Arc_3,0.3044705660377359,12
gex_possorted_bam_SJSO3:CCAACCAAGAGGGACTx-M1,Generalist_NE,0.19721930188679243,7
gex_possorted_bam_SJSO3:CCACAATAGCAGGCCTx-M1,Generalist_nonNE,0.11823045283018867,1
gex_possorted_bam_SJSO3:CATTATGAGGTCCTAGx-M1,Arc_6,0.23432503773584903,7
gex_possorted_bam_SJSO3:CATTCCTCACGGTACTx-M1,Generalist_NE,0.15137949056603775,1
gex_possorted_bam_SJSO3:CATTCATTCCTAACGGx-M1,Generalist_NE,0.14509528301886793,1
gex_possorted_bam_SJSO3:CCAATATCATGATTGTx-M1,Generalist_nonNE,0.12002915094339624,2
gex_possorted_bam_SJSO3:CATTCCTCACATTGCAx-M1,Generalist_nonNE,0.11337394339622642,2
gex_possorted_bam_SJSO3:CCACATTGTTTAAAGCx-M1,Generalist_NE,0.15047694339622641,2
gex_possorted_bam_SJSO3:CCAAATCAGAGAAGGGx-M1,Arc_4,0.1418440754716981,4
gex_possorted_bam_SJSO3:CCAAGTTAGTTCCCACx-M1,Generalist_NE,0.15669935849056604,3
gex_possorted_bam_SJSO3:CCACTTGGTCGCATAAx-M1,Arc_4,0.15096260377358492,5
gex_possorted_bam_SJSO3:CCAAACTAGACTTATGx-M1,Generalist_nonNE,0.11545628301886793,2
gex_possorted_bam_SJSO3:CCAAGGCTCAGTATTGx-M1,Generalist_NE,0.14509528301886793,1
gex_possorted_bam_SJSO3:CCAAACTAGCTAAAGGx-M1,Generalist_nonNE,0.11365409433962263,3
gex_possorted_bam_SJSO3:CCAAGTTAGACAACAGx-M1,Generalist_NE,0.1944143962264151,6
gex_possorted_bam_SJSO3:CCAATATCAGTTAAAGx-M1,Arc_4,0.126436679245283,2
gex_possorted_bam_SJSO3:CCAAACCCAATTGAGAx-M1,Generalist_nonNE,0.10720309433962265,2
gex_possorted_bam_SJSO3:CCACTTGGTATTGTCCx-M1,Arc_6,0.24576715094339624,9
gex_possorted_bam_SJSO3:CCAACCAAGGTAACGAx-M1,Generalist_NE,0.14509528301886793,1
gex_possorted_bam_SJSO3:CCAACCAAGGCGCACTx-M1,Generalist_NE,0.15914294339622642,5
gex_possorted_bam_SJSO3:CCAAACCCAGGCAAGCx-M1,Generalist_NE,0.14673864150943394,3
gex_possorted_bam_SJSO3:CCAAGGCTCATGCTTTx-M1,Generalist_NE,0.14509528301886793,1
gex_possorted_bam_SJSO3:CCACAATAGTTGTCCCx-M1,Generalist_NE,0.2172243773584905,7
gex_possorted_bam_SJSO3:CATTCCTCACAATGTTx-M1,Generalist_NE,0.14509528301886793,1
gex_possorted_bam_SJSO3:CCAAACCCACAATTACx-M1,Generalist_NE,0.13948383018867921,2
gex_possorted_bam_SJSO3:CCACACAAGGAGCAACx-M1,Generalist_NE,0.1653435849056604,6
gex_possorted_bam_SJSO3:CCAAGGCTCTTAGCCCx-M1,Generalist_nonNE,0.1457062641509434,2
gex_possorted_bam_SJSO3:CCACAATAGGGTCTATx-M1,Generalist_nonNE,0.12340796226415095,2
gex_possorted_bam_SJSO3:CATTGTAAGAGAGGCTx-M1,Generalist_NE,0.261876679245283,8
gex_possorted_bam_SJSO3:CCACAGGGTGGATGTCx-M1,Generalist_nonNE,0.1069229433962264,1
gex_possorted_bam_SJSO3:CCAGACTCAATCTCTCx-M1,Generalist_NE,0.14509528301886793,1
gex_possorted_bam_SJSO3:CCAAACTAGCACGTTGx-M1,Generalist_NE,0.14509528301886793,1
gex_possorted_bam_SJSO3:CCACATTGTAGCCATAx-M1,Generalist_NE,0.1457062641509434,2
gex_possorted_bam_SJSO3:CCAACCCGTCATAAGTx-M1,Generalist_NE,0.16748037735849056,3
gex_possorted_bam_SJSO3:CATTGTGCATAACGGGx-M1,Generalist_NE,0.14509528301886793,1
gex_possorted_bam_SJSO3:CCAAACCCAAGCTAAAx-M1,Generalist_NE,0.14509528301886793,1
gex_possorted_bam_SJSO3:CCAACATAGTGATTCAx-M1,Arc_2,0.17232179245283016,5
gex_possorted_bam_SJSO3:CCATAATCACAAAGACx-M1,Generalist_NE,0.14509528301886793,1
gex_possorted_bam_SJSO3:CCAGGATGTAACAGGGx-M1,Generalist_NE,0.15047694339622641,2
gex_possorted_bam_SJSO3:CCAGCCTGTAAATTGCx-M1,Generalist_nonNE,0.11999396226415095,4
gex_possorted_bam_SJSO3:CCATAGCCACTGGCTGx-M1,Generalist_nonNE,0.12489564150943396,4
gex_possorted_bam_SJSO3:CCATCACTCACGAATCx-M1,Generalist_NE,0.2669386037735849,9
gex_possorted_bam_SJSO3:CCATATTTCTTTGAGAx-M1,Generalist_NE,0.16372820754716982,3
gex_possorted_bam_SJSO3:CCATCATGTAAGCTCAx-M1,Arc_5,0.1981013396226415,6
gex_possorted_bam_SJSO3:CCAGGAACATTAAACCx-M1,Generalist_NE,0.14509528301886793,1
gex_possorted_bam_SJSO3:CCAGGAACATCGCTTTx-M1,Arc_6,0.15018777358490562,3
gex_possorted_bam_SJSO3:CCATCATGTTCGGTAAx-M1,Arc_4,0.10646618867924527,1
gex_possorted_bam_SJSO3:CCCAAATAGCCTTAAAx-M1,Generalist_NE,0.15745183018867923,4
gex_possorted_bam_SJSO3:CCAGCTGCACAATGTTx-M1,Generalist_NE,0.13410216981132075,1
gex_possorted_bam_SJSO3:CCATCACTCGGTTACGx-M1,Generalist_NE,0.14509528301886793,1
gex_possorted_bam_SJSO3:CCAGTTTGTTAACAGTx-M1,Generalist_nonNE,0.12132562264150942,2
gex_possorted_bam_SJSO3:CCATTGTGTGTTCCCAx-M1,Generalist_nonNE,0.1372127924528302,3
gex_possorted_bam_SJSO3:CCAGTTTGTCATTGAGx-M1,Generalist_nonNE,0.1265641320754717,1
gex_possorted_bam_SJSO3:CCAGCCTGTGGATTATx-M1,Generalist_NE,0.14673864150943394,3
gex_possorted_bam_SJSO3:CCATAAGGTGTCCAAAx-M1,Generalist_NE,0.14509528301886793,1
gex_possorted_bam_SJSO3:CCATCATGTTTAACGGx-M1,Arc_3,0.21611350943396226,3
gex_possorted_bam_SJSO3:CCAGCCTGTGCTGTAAx-M1,Generalist_nonNE,0.126436679245283,2
gex_possorted_bam_SJSO3:CCAGGATGTTAGGACCx-M1,Generalist_NE,0.17323241509433962,3
gex_possorted_bam_SJSO3:CCAGGATGTGATGAAAx-M1,Arc_4,0.16934696226415094,5
gex_possorted_bam_SJSO3:CCAGGAACAGGTTAAAx-M1,Generalist_NE,0.2614258867924528,12
gex_possorted_bam_SJSO3:CCATAAGGTCCGGTTCx-M1,Generalist_NE,0.18856256603773583,6
gex_possorted_bam_SJSO3:CCAGCTAAGGCAAGTAx-M1,Generalist_NE,0.13948383018867921,2
gex_possorted_bam_SJSO3:CCAGACTCAGGAACATx-M1,Generalist_NE,0.21639043396226418,9
gex_possorted_bam_SJSO3:CCAGCTGCATCCAGGTx-M1,Generalist_NE,0.14930109433962266,0
gex_possorted_bam_SJSO3:CCAGGAACATCCCTCAx-M1,Generalist_NE,0.14509528301886793,1
gex_possorted_bam_SJSO3:CCAGCTGCAAGGGTTGx-M1,Generalist_NE,0.14509528301886793,1
gex_possorted_bam_SJSO3:CCATCACTCGTTCACCx-M1,Generalist_NE,0.14509528301886793,1
gex_possorted_bam_SJSO3:CCATAAATCGGTTAGTx-M1,Generalist_nonNE,0.13585101886792453,6
gex_possorted_bam_SJSO3:CCAGCTAAGTTATGGCx-M1,Generalist_nonNE,0.11545628301886793,2
gex_possorted_bam_SJSO3:CCAGTTTGTCAATGTGx-M1,Generalist_nonNE,0.11487462264150941,1
gex_possorted_bam_SJSO3:CCAGCTGCATTGTGGCx-M1,Generalist_nonNE,0.12120556603773584,4
gex_possorted_bam_SJSO3:CCAGACTCACTAAGAAx-M1,Generalist_NE,0.23260086792452833,4
gex_possorted_bam_SJSO3:CCATCATGTCTATCGTx-M1,Generalist_nonNE,0.11823045283018867,1
gex_possorted_bam_SJSO3:CCATAAATCTAGCGATx-M1,Generalist_NE,0.3197382641509433,18
gex_possorted_bam_SJSO3:CCATCACTCAATCATGx-M1,Generalist_NE,0.19228607547169813,5
gex_possorted_bam_SJSO3:CCATAATCAATAGTCTx-M1,Arc_4,0.12461549056603774,3
gex_possorted_bam_SJSO3:CCATCACTCACTCAAAx-M1,Generalist_NE,0.15352703773584903,3
gex_possorted_bam_SJSO3:CCCAGCACATGTCAGCx-M1,Generalist_NE,0.13410216981132075,1
gex_possorted_bam_SJSO3:CCCGCAACAAGGCCAAx-M1,Generalist_nonNE,0.11487462264150941,1
gex_possorted_bam_SJSO3:CCCGCTTCACATGCTAx-M1,Generalist_nonNE,0.1690757358490566,5
gex_possorted_bam_SJSO3:CCCAACCGTTTACTTGx-M1,Generalist_NE,0.1914836603773585,8
gex_possorted_bam_SJSO3:CCCTGGACAGAGGGAGx-M1,Arc_1,0.36421426415094343,21
gex_possorted_bam_SJSO3:CCGATGCAGCCACATGx-M1,Generalist_NE,0.14509528301886793,1
gex_possorted_bam_SJSO3:CCCGCTTCAATCATGTx-M1,Generalist_NE,0.16462898113207547,4
gex_possorted_bam_SJSO3:CCCTCACCAGCATTATx-M1,Arc_3,0.3148648679245283,12
gex_possorted_bam_SJSO3:CCGATGCAGTAACCCGx-M1,Arc_2,0.1639977735849056,6
gex_possorted_bam_SJSO3:CCCTGGACATATAACCx-M1,Generalist_NE,0.18656522641509432,4
gex_possorted_bam_SJSO3:CCGACAGGTTAACGATx-M1,Generalist_NE,0.15121166037735848,1
gex_possorted_bam_SJSO3:CCCTCACCATAGCTTGx-M1,Generalist_NE,0.13927245283018866,3
gex_possorted_bam_SJSO3:CCCAGTTTCCGGCTAAx-M1,Generalist_nonNE,0.11545628301886793,2
gex_possorted_bam_SJSO3:CCCTCAGTCATAACCAx-M1,Generalist_NE,0.18775594339622642,6
gex_possorted_bam_SJSO3:CCCTGGACATAAGCAAx-M1,Generalist_NE,0.16393230188679245,2
gex_possorted_bam_SJSO3:CCCAATTGTAATGACTx-M1,Generalist_nonNE,0.11365409433962263,3
gex_possorted_bam_SJSO3:CCCTGGACAGTAAGTAx-M1,Generalist_NE,0.24208354716981131,9
gex_possorted_bam_SJSO3:CCCGCTTCAAGGAATCx-M1,Generalist_nonNE,0.1617387169811321,6
gex_possorted_bam_SJSO3:CCCTGGACAGGAAGCCx-M1,Generalist_nonNE,0.12630964150943397,2
gex_possorted_bam_SJSO3:CCGATGCAGCAAGACAx-M1,Arc_4,0.11545628301886793,2
gex_possorted_bam_SJSO3:CCCAATTGTGCATCGGx-M1,Generalist_nonNE,0.15809624528301888,6
gex_possorted_bam_SJSO3:CCCGTTGTCATAATCGx-M1,Generalist_NE,0.13410216981132075,1
gex_possorted_bam_SJSO3:CCCGTAAAGAACAAGTx-M1,Generalist_NE,0.14509528301886793,1
gex_possorted_bam_SJSO3:CCCGTTGTCTCACACCx-M1,Generalist_NE,0.14509528301886793,1
gex_possorted_bam_SJSO3:CCCAGTTTCATCGTTTx-M1,Generalist_nonNE,0.1265641320754717,1
gex_possorted_bam_SJSO3:CCCTCACCAAGTCGCTx-M1,Generalist_NE,0.19279998113207547,5
gex_possorted_bam_SJSO3:CCCGCAACAGGTTAAAx-M1,Generalist_NE,0.13410216981132075,1
gex_possorted_bam_SJSO3:CCCTCACCAGGCATCTx-M1,Generalist_NE,0.1459867358490566,2
gex_possorted_bam_SJSO3:CCGACAGGTTACCTGTx-M1,Arc_4,0.12598701886792452,2
gex_possorted_bam_SJSO3:CCCTTAATCCATCAGGx-M1,Arc_4,0.16128905660377355,6
gex_possorted_bam_SJSO3:CCCTCATAGCGCAATTx-M1,Generalist_NE,0.15047694339622641,2
gex_possorted_bam_SJSO3:CCCTCACCAATAGCCCx-M1,Generalist_NE,0.18059667924528303,5
gex_possorted_bam_SJSO3:CCCAATTGTCCGTAGGx-M1,Generalist_NE,0.16204277358490565,2
gex_possorted_bam_SJSO3:CCCAACCGTTCACCATx-M1,Arc_5,0.14437250943396226,2
gex_possorted_bam_SJSO3:CCCGTAAAGAGGCTAAx-M1,Generalist_NE,0.14509528301886793,1
gex_possorted_bam_SJSO3:CCCTGTTAGCAATAGGx-M1,Generalist_NE,0.17189016981132077,4
gex_possorted_bam_SJSO3:CCCAACCGTTCATCTAx-M1,Generalist_NE,0.14509528301886793,1
gex_possorted_bam_SJSO3:CCCTAATGTAATCACGx-M1,Generalist_NE,0.13410216981132075,1
gex_possorted_bam_SJSO3:CCCGCTTCATACCCGGx-M1,Generalist_NE,0.17210666037735847,2
gex_possorted_bam_SJSO3:CCCAGTTTCATCCTCAx-M1,Generalist_NE,0.14509528301886793,1
gex_possorted_bam_SJSO3:CCCTCATAGCACTTGGx-M1,Generalist_NE,0.21639043396226418,9
gex_possorted_bam_SJSO3:CCCTCAGTCATGTTTCx-M1,Generalist_NE,0.3220220943396227,14
gex_possorted_bam_SJSO3:CCCATAACACCAACCGx-M1,Arc_6,0.20477741509433964,4
gex_possorted_bam_SJSO3:CCCGCTTCACTCGCTCx-M1,Generalist_NE,0.21829069811320756,8
gex_possorted_bam_SJSO3:CCCTGGACAGTTGCGTx-M1,Generalist_nonNE,0.13749294339622642,4
gex_possorted_bam_SJSO3:CCCAATTGTGAGCACTx-M1,Generalist_NE,0.16334875471698113,4
gex_possorted_bam_SJSO3:CCCGTTGTCCACCTTAx-M1,Generalist_NE,0.14509528301886793,1
gex_possorted_bam_SJSO3:CCGATGCAGGAACACAx-M1,Generalist_NE,0.1459867358490566,2
gex_possorted_bam_SJSO3:CCCAATTGTGGTTCTTx-M1,Generalist_NE,0.1459867358490566,2
gex_possorted_bam_SJSO3:CCCGCAACAAGCTTTGx-M1,Generalist_nonNE,0.11512916981132074,2
gex_possorted_bam_SJSO3:CCGTTATGTCAAGTGCx-M1,Generalist_nonNE,0.16717362264150945,4
gex_possorted_bam_SJSO3:CCGCTAAAGGACAATGx-M1,Generalist_NE,0.17189016981132077,4
gex_possorted_bam_SJSO3:CCGCACACAATGCCCGx-M1,Generalist_NE,0.1914836603773585,8
gex_possorted_bam_SJSO3:CCGCACACATTGTGGCx-M1,Generalist_NE,0.15211145283018868,4
gex_possorted_bam_SJSO3:CCGCTAAAGGACCTGCx-M1,Generalist_NE,0.1641001320754717,2
gex_possorted_bam_SJSO3:CCGCAAATCATTTGCTx-M1,Generalist_NE,0.14509528301886793,1
gex_possorted_bam_SJSO3:CCGATGCAGTATTGTGx-M1,Generalist_NE,0.16000694339622643,4
gex_possorted_bam_SJSO3:CCGCTAAAGACAGGTAx-M1,Arc_4,0.15096260377358492,5
gex_possorted_bam_SJSO3:CCGTTATGTTGGCCGAx-M1,Generalist_nonNE,0.19721930188679243,7
gex_possorted_bam_SJSO3:CCGGTAGGTTCCGGGAx-M1,Generalist_NE,0.1459867358490566,2
gex_possorted_bam_SJSO3:CCGTGCTGTGCCGCAAx-M1,Generalist_nonNE,0.14926975471698112,5
gex_possorted_bam_SJSO3:CCGGTAGGTAATCGGCx-M1,Generalist_NE,0.1459867358490566,2
gex_possorted_bam_SJSO3:CCGTTAACATTAGCCAx-M1,Arc_4,0.13127069811320755,3
gex_possorted_bam_SJSO3:CCGATGCAGTGATTCAx-M1,Generalist_nonNE,0.14257388679245284,5
gex_possorted_bam_SJSO3:CCGCAAGGTTATTGCCx-M1,Generalist_NE,0.17929403773584904,5
gex_possorted_bam_SJSO3:CCGTGCTGTGCACGCAx-M1,Arc_4,0.1265641320754717,1
gex_possorted_bam_SJSO3:CCGCTAAAGTCATTAGx-M1,Generalist_nonNE,0.11545628301886793,2
gex_possorted_bam_SJSO3:CCGCTAAAGCAAGATGx-M1,Arc_3,0.32246099999999994,12
gex_possorted_bam_SJSO3:CCGTTATGTTGTGATGx-M1,Generalist_nonNE,0.1352759245283019,3
gex_possorted_bam_SJSO3:CCGTTATGTTATCCTAx-M1,Arc_1,0.12489564150943396,4
gex_possorted_bam_SJSO3:CCGCTAAAGTGCACGCx-M1,Generalist_NE,0.14509528301886793,1
gex_possorted_bam_SJSO3:CCGCAAGGTGTAATACx-M1,Generalist_nonNE,0.11337394339622642,2
gex_possorted_bam_SJSO3:CCGGTTAAGGATTGAGx-M1,Arc_3,0.3175167547169812,12
gex_possorted_bam_SJSO3:CCGGTTAAGGCGAATAx-M1,Generalist_NE,0.2459304528301887,5
gex_possorted_bam_SJSO3:CCTAAAGGTCATCCTGx-M1,Generalist_NE,0.14509528301886793,1
gex_possorted_bam_SJSO3:CCGCTTAGTTCACCCAx-M1,Generalist_NE,0.14509528301886793,1
gex_possorted_bam_SJSO3:CCGTGCTGTTCACCCAx-M1,Generalist_NE,0.23876166037735846,10
gex_possorted_bam_SJSO3:CCGCACACACAAGCCTx-M1,Generalist_NE,0.21323618867924526,6
gex_possorted_bam_SJSO3:CCGTTATGTTTGGGTAx-M1,Generalist_nonNE,0.11487462264150941,1
gex_possorted_bam_SJSO3:CCGTTACTCCGTCCATx-M1,Generalist_nonNE,0.11573643396226416,3
gex_possorted_bam_SJSO3:CCTAAAGGTGGTTCTTx-M1,Generalist_NE,0.17189016981132077,4
gex_possorted_bam_SJSO3:CCGCAAGGTACTGATGx-M1,Generalist_NE,0.14509528301886793,1
gex_possorted_bam_SJSO3:CCGCTAAAGTGAGGTAx-M1,Generalist_NE,0.23687556603773582,8
gex_possorted_bam_SJSO3:CCGTGCTGTCTAGCTTx-M1,Generalist_NE,0.16204277358490565,2
gex_possorted_bam_SJSO3:CCGCAAATCTCACATTx-M1,Generalist_nonNE,0.12002915094339624,2
gex_possorted_bam_SJSO3:CCGCCAACAACAGCCTx-M1,Generalist_NE,0.15121166037735848,1
gex_possorted_bam_SJSO3:CCTAAAGGTAAGGTCCx-M1,Generalist_NE,0.25391801886792453,8
gex_possorted_bam_SJSO3:CCGCAAGGTTGACTTCx-M1,Generalist_NE,0.16515209433962266,5
gex_possorted_bam_SJSO3:CCGCACACAATCTCTCx-M1,Arc_6,0.14509528301886793,1
gex_possorted_bam_SJSO3:CCGTTACTCTCATCATx-M1,Generalist_NE,0.19285824528301887,6
gex_possorted_bam_SJSO3:CCGTTAACATAGGCGAx-M1,Arc_4,0.13496103773584905,3
gex_possorted_bam_SJSO3:CCGCCAACACTGGCTGx-M1,Generalist_NE,0.2757719245283019,13
gex_possorted_bam_SJSO3:CCGCAAGGTTAGTACGx-M1,Generalist_nonNE,0.11337394339622642,2
gex_possorted_bam_SJSO3:CCGATGCAGTAGGATGx-M1,Generalist_NE,0.14509528301886793,1
gex_possorted_bam_SJSO3:CCGATGCAGTAAGTGGx-M1,Generalist_NE,0.14509528301886793,1
gex_possorted_bam_SJSO3:CCGGTTAAGGATCCGCx-M1,Generalist_nonNE,0.1887728113207547,5
gex_possorted_bam_SJSO3:CCGCAAGGTTTGGGTAx-M1,Arc_3,0.24066358490566037,6
gex_possorted_bam_SJSO3:CCGTGCTGTTCCAGGGx-M1,Generalist_NE,0.30011777358490566,10
gex_possorted_bam_SJSO3:CCGTGCTGTAGTTGGCx-M1,Generalist_NE,0.1536075283018868,2
gex_possorted_bam_SJSO3:CCGCACACACACTAATx-M1,Generalist_NE,0.14509528301886793,1
gex_possorted_bam_SJSO3:CCTATTGTCCTTTACGx-M1,Arc_4,0.12671683018867927,3
gex_possorted_bam_SJSO3:CCTAAGCCACAGGGACx-M1,Generalist_NE,0.14509528301886793,1
gex_possorted_bam_SJSO3:CCTCAAACAAATTGCTx-M1,Arc_4,0.12103718867924528,2
gex_possorted_bam_SJSO3:CCTAATAAGCTTTGTTx-M1,Generalist_NE,0.15121166037735848,1
gex_possorted_bam_SJSO3:CCTATTGTCAAGCGCCx-M1,Arc_4,0.10720309433962265,2
gex_possorted_bam_SJSO3:CCTCAATGTTACTTGCx-M1,Generalist_NE,0.2062548490566038,7
gex_possorted_bam_SJSO3:CCTCAATGTGTGAGAGx-M1,Generalist_NE,0.15019254716981134,1
gex_possorted_bam_SJSO3:CCTCAATGTACGCGCAx-M1,Generalist_NE,0.3082937169811321,12
gex_possorted_bam_SJSO3:CCTCCTGAGGCTTAGTx-M1,Generalist_NE,0.15047694339622641,2
gex_possorted_bam_SJSO3:CCTCAAACACGTAATTx-M1,Generalist_NE,0.15047694339622641,2
gex_possorted_bam_SJSO3:CCTCCTCTCTTGCTATx-M1,Arc_6,0.13410216981132075,1
gex_possorted_bam_SJSO3:CCTAAGCCAAGGATTAx-M1,Generalist_NE,0.28426416981132074,8
gex_possorted_bam_SJSO3:CCTACTTCATAGGCGAx-M1,Generalist_nonNE,0.12985896226415095,3
gex_possorted_bam_SJSO3:CCTACTTCACTGACCGx-M1,Arc_4,0.11221069811320754,1
gex_possorted_bam_SJSO3:CCTCAATGTACGGTACx-M1,Arc_1,0.1265641320754717,1
gex_possorted_bam_SJSO3:CCTATATTCATGCGTGx-M1,Generalist_NE,0.16093305660377358,1
gex_possorted_bam_SJSO3:CCTCCTGAGTCATTGAx-M1,Generalist_NE,0.16083792452830187,2
gex_possorted_bam_SJSO3:CCTACTTCATGCATATx-M1,Generalist_NE,0.1457062641509434,2
gex_possorted_bam_SJSO3:CCTCAGTTCCCGCAAAx-M1,Generalist_NE,0.16916518867924527,2
gex_possorted_bam_SJSO3:CCTAAGTAGACAAGTGx-M1,Generalist_NE,0.2983542641509434,11
gex_possorted_bam_SJSO3:CCTAAGGTCCACCCTGx-M1,Generalist_nonNE,0.11823045283018867,1
gex_possorted_bam_SJSO3:CCTATATTCCTAACGGx-M1,Arc_6,0.17262926415094337,4
gex_possorted_bam_SJSO3:CCTCCTCTCATGCATAx-M1,Arc_2,0.1827859433962264,6
gex_possorted_bam_SJSO3:CCTAAGGTCACAGCGCx-M1,Arc_4,0.12613454716981132,2
gex_possorted_bam_SJSO3:CCTCAAACAGCTAATTx-M1,Generalist_NE,0.16093305660377358,1
gex_possorted_bam_SJSO3:CCTATTGTCCCTTGCGx-M1,Generalist_nonNE,0.12489564150943396,4
gex_possorted_bam_SJSO3:CCTACTGGTAATAGCTx-M1,Arc_6,0.22213364150943396,8
gex_possorted_bam_SJSO3:CCTATTGTCCGCTAGAx-M1,Generalist_nonNE,0.16284699999999996,5
gex_possorted_bam_SJSO3:CCTATAGCAGTAATAGx-M1,Generalist_NE,0.252556358490566,7
gex_possorted_bam_SJSO3:CCTAAGCCAGAATGACx-M1,Generalist_NE,0.15121166037735848,1
gex_possorted_bam_SJSO3:CCTCCTCTCCGTAAACx-M1,Generalist_NE,0.15018777358490562,3
gex_possorted_bam_SJSO3:CCTATAGCAGCGCTTGx-M1,Generalist_NE,0.14930109433962266,0
gex_possorted_bam_SJSO3:CCTATTGTCTAGCGTGx-M1,Arc_1,0.11823045283018867,1
gex_possorted_bam_SJSO3:CCTATATTCACCAATAx-M1,Generalist_NE,0.15579922641509436,2
gex_possorted_bam_SJSO3:CCTAAGGTCAGTTCCCx-M1,Arc_6,0.14509528301886793,1
gex_possorted_bam_SJSO3:CCTAAATCATTGCGTAx-M1,Generalist_nonNE,0.14588166037735847,4
gex_possorted_bam_SJSO3:CCTATATTCTGCAAGTx-M1,Generalist_NE,0.1617411886792453,4
gex_possorted_bam_SJSO3:CCTATAGCATAATGTCx-M1,Generalist_NE,0.14509528301886793,1
gex_possorted_bam_SJSO3:CCTATTTAGGACTTACx-M1,Arc_4,0.15124275471698112,6
gex_possorted_bam_SJSO3:CCTAGTTGTGGAAACGx-M1,Generalist_nonNE,0.11487462264150941,1
gex_possorted_bam_SJSO3:CCTACTGGTTAGCAGCx-M1,Generalist_nonNE,0.126436679245283,2
gex_possorted_bam_SJSO3:CCTCAAACAACTAGAAx-M1,Generalist_NE,0.23388167924528305,8
gex_possorted_bam_SJSO3:CCTAATCGTCATAAGTx-M1,Generalist_nonNE,0.15096260377358492,5
gex_possorted_bam_SJSO3:CCTATTTAGGTCGATTx-M1,Generalist_NE,0.21611350943396226,3
gex_possorted_bam_SJSO3:CCTATATTCTGTTCATx-M1,Generalist_NE,0.14509528301886793,1
gex_possorted_bam_SJSO3:CCTACTTCAGCATGGAx-M1,Arc_1,0.3361758490566038,16
gex_possorted_bam_SJSO3:CCTAATCGTTATTGCCx-M1,Generalist_NE,0.176152358490566,3
gex_possorted_bam_SJSO3:CCTAATAAGGGTTATCx-M1,Generalist_nonNE,0.12120556603773584,4
gex_possorted_bam_SJSO3:CCTCCTGAGTCCTTCAx-M1,Generalist_NE,0.15392503773584906,3
gex_possorted_bam_SJSO3:CCTATTTAGGCCGGAAx-M1,Generalist_nonNE,0.13410216981132075,1
gex_possorted_bam_SJSO3:CCTACTGGTCCTTCAGx-M1,Generalist_NE,0.20078577358490565,5
gex_possorted_bam_SJSO3:CCTCCTGAGCGAGCGAx-M1,Arc_4,0.1690757358490566,5
gex_possorted_bam_SJSO3:CCTATTTAGTTAGCCGx-M1,Generalist_NE,0.22592769811320754,8
gex_possorted_bam_SJSO3:CCTGAGTCATTTAAGCx-M1,Generalist_nonNE,0.1265641320754717,1
gex_possorted_bam_SJSO3:CCTTACTCAAGCTAAAx-M1,Generalist_nonNE,0.12120556603773584,4
gex_possorted_bam_SJSO3:CCTTAACGTTTCCTCCx-M1,Generalist_NE,0.14509528301886793,1
gex_possorted_bam_SJSO3:CCTGAATAGTGCACGCx-M1,Generalist_NE,0.13410216981132075,1
gex_possorted_bam_SJSO3:CCTTCGTAGAGAGGCTx-M1,Generalist_NE,0.30940075471698114,14
gex_possorted_bam_SJSO3:CCTGAATAGGCAGGTGx-M1,Generalist_nonNE,0.17219188679245284,5
gex_possorted_bam_SJSO3:CCTGTATGTTGTCCATx-M1,Generalist_NE,0.16204277358490565,2
gex_possorted_bam_SJSO3:CCTGTAACATCCATCTx-M1,Generalist_NE,0.13127069811320755,3
gex_possorted_bam_SJSO3:CCTGGTAAGCTGCACAx-M1,Generalist_NE,0.14509528301886793,1
gex_possorted_bam_SJSO3:CCTGTTGGTACCCACCx-M1,Generalist_NE,0.22592769811320754,8
gex_possorted_bam_SJSO3:CCTTATGTCAATCATGx-M1,Generalist_NE,0.13948383018867921,2
gex_possorted_bam_SJSO3:CCTGGATCACCAAAGGx-M1,Generalist_NE,0.18094075471698112,2
gex_possorted_bam_SJSO3:CCTGAATAGGCGTAAAx-M1,Generalist_NE,0.14509528301886793,1
gex_possorted_bam_SJSO3:CCTTACTCAGGGAGCTx-M1,Generalist_NE,0.14509528301886793,1
gex_possorted_bam_SJSO3:CCTGACTTCTCGACCTx-M1,Generalist_NE,0.24908090566037738,9
gex_possorted_bam_SJSO3:CCTGAATAGCCTGAGCx-M1,Generalist_NE,0.16093305660377358,1
gex_possorted_bam_SJSO3:CCTGCTCCATGTTGCAx-M1,Generalist_NE,0.17432949056603772,4
gex_possorted_bam_SJSO3:CCTGCTCCAGGCTTCGx-M1,Generalist_NE,0.15047694339622641,2
gex_possorted_bam_SJSO3:CCTGACTTCTTGCATTx-M1,Generalist_NE,0.16435622641509437,4
gex_possorted_bam_SJSO3:CCTGAATAGTTAGTTGx-M1,Generalist_nonNE,0.11844464150943394,3
gex_possorted_bam_SJSO3:CCTTCAATCGTTCACCx-M1,Arc_4,0.13130147169811324,4
gex_possorted_bam_SJSO3:CCTTCAGGTAATGGAAx-M1,Generalist_NE,0.14509528301886793,1
gex_possorted_bam_SJSO3:CCTGTTGGTGTAACCAx-M1,Generalist_NE,0.23369052830188675,8
gex_possorted_bam_SJSO3:CCTTCAGGTTCCATTAx-M1,Generalist_nonNE,0.12120556603773584,4
gex_possorted_bam_SJSO3:CCTTAACGTAATGACTx-M1,Generalist_NE,0.23292843396226415,7
gex_possorted_bam_SJSO3:CCTGATGAGGTTTGACx-M1,Generalist_nonNE,0.11337394339622642,2
gex_possorted_bam_SJSO3:CCTGACTTCATCACTTx-M1,Arc_1,0.26669209433962265,11
gex_possorted_bam_SJSO3:CCTTATGTCACAAGCTx-M1,Generalist_NE,0.1696931320754717,4
gex_possorted_bam_SJSO3:CCTGGATCAAAGGCCAx-M1,Generalist_nonNE,0.12340796226415095,2
gex_possorted_bam_SJSO3:CCTGTAACATAGCTGCx-M1,Generalist_NE,0.12340796226415095,2
gex_possorted_bam_SJSO3:CCTTATGTCGTTTCGCx-M1,Generalist_NE,0.23159786792452827,7
gex_possorted_bam_SJSO3:CCTTCGGTCCGCATGAx-M1,Generalist_NE,0.1775179433962264,4
gex_possorted_bam_SJSO3:CCTGACTTCATTAGGCx-M1,Generalist_NE,0.15019254716981134,1
gex_possorted_bam_SJSO3:CCTGTATGTTGGCGTGx-M1,Generalist_NE,0.14509528301886793,1
gex_possorted_bam_SJSO3:CCTGATGAGTGTTGTAx-M1,Generalist_NE,0.14509528301886793,1
gex_possorted_bam_SJSO3:CCTTATGTCCCTCGCAx-M1,Generalist_NE,0.14509528301886793,1
gex_possorted_bam_SJSO3:CCTTCAATCAAACCGTx-M1,Generalist_NE,0.14673864150943394,3
gex_possorted_bam_SJSO3:CCTTACTCAAGGTATAx-M1,Generalist_nonNE,0.1069229433962264,1
gex_possorted_bam_SJSO3:CCTTAACGTGATTACGx-M1,Arc_3,0.2678383962264151,8
gex_possorted_bam_SJSO3:CCTGGATCAAACTGTTx-M1,Arc_4,0.11545628301886793,2
gex_possorted_bam_SJSO3:CCTTACTCAAACAACAx-M1,Generalist_NE,0.1459867358490566,2
gex_possorted_bam_SJSO3:CCTTCGGTCTTGCATTx-M1,Generalist_nonNE,0.11573643396226416,3
gex_possorted_bam_SJSO3:CCTGTATGTCCAAGACx-M1,Generalist_NE,0.14509528301886793,1
gex_possorted_bam_SJSO3:CCTTACTCAATGCCCGx-M1,Arc_3,0.3217048113207546,11
gex_possorted_bam_SJSO3:CCTTCAGGTCATAACGx-M1,Generalist_NE,0.1654989245283019,5
gex_possorted_bam_SJSO3:CCTGAATAGCTCAATAx-M1,Generalist_nonNE,0.15962477358490565,3
gex_possorted_bam_SJSO3:CCTGTAACAATTAGCTx-M1,Generalist_nonNE,0.12675930188679246,2
gex_possorted_bam_SJSO3:CCTTCAATCTCCATGCx-M1,Generalist_NE,0.16748037735849056,3
gex_possorted_bam_SJSO3:CCTTATGTCGCTAGATx-M1,Generalist_NE,0.17205800000000002,4
gex_possorted_bam_SJSO3:CCTTCAATCGTTAGTAx-M1,Generalist_nonNE,0.12340796226415095,2
gex_possorted_bam_SJSO3:CCTGATGAGTTCCCACx-M1,Generalist_NE,0.16393230188679245,2
gex_possorted_bam_SJSO3:CCTGTAACAATAACGAx-M1,Generalist_NE,0.28146709433962264,10
gex_possorted_bam_SJSO3:CGAAGCCTCAGGAAGCx-M1,Generalist_NE,0.15019254716981134,1
gex_possorted_bam_SJSO3:CGACCTGCACTCGCTCx-M1,Arc_1,0.12255694339622641,3
gex_possorted_bam_SJSO3:CGAGCTGGTTTATCTGx-M1,Generalist_NE,0.17189016981132077,4
gex_possorted_bam_SJSO3:CGAAGAATCCTCACTAx-M1,Generalist_NE,0.14509528301886793,1
gex_possorted_bam_SJSO3:CGAAGTAAGACTTATGx-M1,Generalist_nonNE,0.21627911320754717,9
gex_possorted_bam_SJSO3:CCTTTAGTCGCCTGTTx-M1,Arc_4,0.12366250943396226,3
gex_possorted_bam_SJSO3:CGAAGAATCTAAGTCAx-M1,Generalist_NE,0.23971452830188678,7
gex_possorted_bam_SJSO3:CGAACAAAGTCACCTCx-M1,Generalist_NE,0.13948383018867921,2
gex_possorted_bam_SJSO3:CGAACCGGTTAGGTGCx-M1,Generalist_nonNE,0.12132562264150942,2
gex_possorted_bam_SJSO3:CCTTGTTCATCAGTATx-M1,Generalist_NE,0.1833332075471698,5
gex_possorted_bam_SJSO3:CGACCTGCATTAGGTTx-M1,Generalist_NE,0.14509528301886793,1
gex_possorted_bam_SJSO3:CCTTTAGTCATTTGCTx-M1,Arc_4,0.1615692075471698,7
gex_possorted_bam_SJSO3:CCTTCGTAGTAACCCGx-M1,Generalist_NE,0.22174618867924525,8
gex_possorted_bam_SJSO3:CGACTAAGTATTTGCCx-M1,Generalist_NE,0.16431147169811322,3
gex_possorted_bam_SJSO3:CGAACAAAGTTTAACGx-M1,Arc_4,0.13674224528301887,3
gex_possorted_bam_SJSO3:CGAACCGGTCCTTTAAx-M1,Generalist_NE,0.14581890566037736,2
gex_possorted_bam_SJSO3:CGAAGGCCACCCACAGx-M1,Generalist_NE,0.13948383018867921,2
gex_possorted_bam_SJSO3:CGAACCGGTCGTAAATx-M1,Generalist_NE,0.15047694339622641,2
gex_possorted_bam_SJSO3:CCTTGTTCACAATACTx-M1,Arc_3,0.21611350943396226,3
gex_possorted_bam_SJSO3:CGACAAGCACAGACTCx-M1,Generalist_nonNE,0.1418440754716981,4
gex_possorted_bam_SJSO3:CCTTGTTCAGGCATGAx-M1,Generalist_NE,0.2633079056603774,7
gex_possorted_bam_SJSO3:CGACTAAGTGGTTATGx-M1,Arc_3,0.21233658490566037,8
gex_possorted_bam_SJSO3:CGAACCGGTAGCTAATx-M1,Generalist_NE,0.18497516981132076,5
gex_possorted_bam_SJSO3:CGAGCTGGTAGACAAAx-M1,Generalist_nonNE,0.11337394339622642,2
gex_possorted_bam_SJSO3:CCTTGCGTCATGCTTTx-M1,Generalist_NE,0.14509528301886793,1
gex_possorted_bam_SJSO3:CGAACCGGTGTAACCAx-M1,Generalist_NE,0.18323435849056602,5
gex_possorted_bam_SJSO3:CCTTGCGTCTCACACCx-M1,Arc_5,0.19981884905660377,6
gex_possorted_bam_SJSO3:CGAAGCCTCCCTGGTTx-M1,Generalist_NE,0.14509528301886793,1
gex_possorted_bam_SJSO3:CCTTGCGTCTGCAACGx-M1,Generalist_nonNE,0.11823045283018867,1
gex_possorted_bam_SJSO3:CGAATATGTTAAGCCAx-M1,Arc_4,0.126436679245283,2
gex_possorted_bam_SJSO3:CCTTGTTCAAGCGAGCx-M1,Generalist_nonNE,0.1069229433962264,1
gex_possorted_bam_SJSO3:CGAGCGAAGCGATACTx-M1,Generalist_NE,0.14673864150943394,3
gex_possorted_bam_SJSO3:CGAAGCGAGCCTCTGTx-M1,Generalist_nonNE,0.12282816981132075,3
gex_possorted_bam_SJSO3:CGAGCTGGTCCTTCTCx-M1,Generalist_NE,0.14509528301886793,1
gex_possorted_bam_SJSO3:CCTTGTTCAATGAAGCx-M1,Generalist_nonNE,0.12132562264150942,2
gex_possorted_bam_SJSO3:CGACTAAGTTACATCCx-M1,Generalist_NE,0.13948383018867921,2
gex_possorted_bam_SJSO3:CGAGCGAAGGCTCATGx-M1,Generalist_nonNE,0.12489564150943396,4
gex_possorted_bam_SJSO3:CCTTCGTAGTAACCACx-M1,Generalist_NE,0.13948383018867921,2
gex_possorted_bam_SJSO3:CGAGCTGGTTAGAGGGx-M1,Generalist_NE,0.14509528301886793,1
gex_possorted_bam_SJSO3:CGACTAAGTGCAACTAx-M1,Arc_6,0.19279998113207547,5
gex_possorted_bam_SJSO3:CGAGCTGGTGGTTATGx-M1,Generalist_NE,0.18659662264150945,3
gex_possorted_bam_SJSO3:CGAGCTGGTTTAACGGx-M1,Generalist_NE,0.14509528301886793,1
gex_possorted_bam_SJSO3:CGACAAGCATAGTCATx-M1,Arc_4,0.11545628301886793,2
gex_possorted_bam_SJSO3:CGCAATCCATGACTATx-M1,Generalist_NE,0.39162894339622645,18
gex_possorted_bam_SJSO3:CGAGGCAAGCGTGCGTx-M1,Arc_3,0.27755522641509434,9
gex_possorted_bam_SJSO3:CGCAATCCAACCCTAAx-M1,Generalist_NE,0.2465912830188679,12
gex_possorted_bam_SJSO3:CGCAATAGTAACTACGx-M1,Generalist_nonNE,0.17322383018867926,5
gex_possorted_bam_SJSO3:CGATTCCTCAATCTCTx-M1,Generalist_NE,0.17189016981132077,4
gex_possorted_bam_SJSO3:CGCAATCCACCTAATGx-M1,Generalist_NE,0.14509528301886793,1
gex_possorted_bam_SJSO3:CGATTGAGTCATCCTGx-M1,Generalist_NE,0.14509528301886793,1
gex_possorted_bam_SJSO3:CGAGGTGAGCATTTCTx-M1,Generalist_NE,0.1510879245283019,3
gex_possorted_bam_SJSO3:CGATATTCATTTAAGCx-M1,Generalist_NE,0.1457062641509434,2
gex_possorted_bam_SJSO3:CGATTTGCAAAGCGCAx-M1,Generalist_NE,0.22559509433962266,10
gex_possorted_bam_SJSO3:CGAGTCGGTTCCAGGGx-M1,Arc_4,0.15096260377358492,5
gex_possorted_bam_SJSO3:CGATATTCAGCAAGGCx-M1,Generalist_NE,0.15121166037735848,1
gex_possorted_bam_SJSO3:CGCAATGTCATAACGCx-M1,Generalist_NE,0.16393230188679245,2
gex_possorted_bam_SJSO3:CGCAATCCAGGAACCAx-M1,Generalist_NE,0.14509528301886793,1
gex_possorted_bam_SJSO3:CGCAAATTCCGCAACAx-M1,Generalist_NE,0.16093305660377358,1
gex_possorted_bam_SJSO3:CGATGTCCATATTGACx-M1,Generalist_NE,0.13410216981132075,1
gex_possorted_bam_SJSO3:CGATCCTTCCTTAGGGx-M1,Arc_4,0.13496103773584905,3
gex_possorted_bam_SJSO3:CGATATTCAATACTGTx-M1,Arc_6,0.14509528301886793,1
gex_possorted_bam_SJSO3:CGCAATAGTCTATCGTx-M1,Generalist_nonNE,0.1265641320754717,1
gex_possorted_bam_SJSO3:CGATATTCATGCTTAGx-M1,Generalist_NE,0.14509528301886793,1
gex_possorted_bam_SJSO3:CGATCCTTCTTGCATTx-M1,Generalist_NE,0.17959350943396227,4
gex_possorted_bam_SJSO3:CGAGGCAAGTAAGGGCx-M1,Generalist_NE,0.17205800000000002,4
gex_possorted_bam_SJSO3:CGATATTCACTTGTTCx-M1,Generalist_NE,0.13948383018867921,2
gex_possorted_bam_SJSO3:CGATTCCTCTTGCATTx-M1,Generalist_NE,0.13410216981132075,1
gex_possorted_bam_SJSO3:CGAGTCGGTATTCGCTx-M1,Generalist_NE,0.16748037735849056,3
gex_possorted_bam_SJSO3:CGATTGAGTCACGGATx-M1,Generalist_NE,0.17166650943396228,4
gex_possorted_bam_SJSO3:CGATTCCTCATTAGCAx-M1,Arc_6,0.13948383018867921,2
gex_possorted_bam_SJSO3:CGAGTCGGTTGCTTCGx-M1,Generalist_NE,0.1785959811320755,5
gex_possorted_bam_SJSO3:CGCAATTAGCAAGGTAx-M1,Arc_6,0.13948383018867921,2
gex_possorted_bam_SJSO3:CGATGTCCATGACTATx-M1,Arc_4,0.13127069811320755,3
gex_possorted_bam_SJSO3:CGATTCCTCCTAGTCCx-M1,Generalist_NE,0.20498622641509437,9
gex_possorted_bam_SJSO3:CGCAATGTCTGTAAGCx-M1,Generalist_NE,0.238921358490566,7
gex_possorted_bam_SJSO3:CGATTCCTCATTGCAAx-M1,Arc_4,0.1418440754716981,4
gex_possorted_bam_SJSO3:CGAGGCAAGGTGAAGCx-M1,Arc_4,0.21155716981132078,8
gex_possorted_bam_SJSO3:CGAGGCAAGGGACTAAx-M1,Arc_1,0.12461549056603774,3
gex_possorted_bam_SJSO3:CGATTCCTCCATAATGx-M1,Generalist_NE,0.14673864150943394,3
gex_possorted_bam_SJSO3:CGCAAATTCCTTCGTAx-M1,Generalist_NE,0.2356362075471698,9
gex_possorted_bam_SJSO3:CGAGTCGGTTTATTCGx-M1,Generalist_NE,0.24526501886792454,5
gex_possorted_bam_SJSO3:CGAGTCGGTCACAGACx-M1,Generalist_nonNE,0.11545628301886793,2
gex_possorted_bam_SJSO3:CGATTCCTCCCGCAAAx-M1,Generalist_NE,0.17322383018867926,5
gex_possorted_bam_SJSO3:CGCATATAGTGGACAAx-M1,Generalist_NE,0.17929403773584904,5
gex_possorted_bam_SJSO3:CGCTAATAGCTAATCAx-M1,Generalist_nonNE,0.17360832075471697,5
gex_possorted_bam_SJSO3:CGCGATTCATAGACCCx-M1,Generalist_nonNE,0.12120556603773584,4
gex_possorted_bam_SJSO3:CGCTCAGCAGCTTAGCx-M1,Generalist_nonNE,0.15720483018867926,6
gex_possorted_bam_SJSO3:CGCCACACAATTAGGAx-M1,Generalist_NE,0.23352243396226413,8
gex_possorted_bam_SJSO3:CGCCACACACTCGCTCx-M1,Generalist_NE,0.14509528301886793,1
gex_possorted_bam_SJSO3:CGCCTGTGTTACGCGGx-M1,Generalist_NE,0.19829698113207547,5
gex_possorted_bam_SJSO3:CGCCAAATCTAGCTAAx-M1,Generalist_NE,0.22262069811320756,4
gex_possorted_bam_SJSO3:CGCACACAGTCATTAGx-M1,Generalist_NE,0.21323618867924526,6
gex_possorted_bam_SJSO3:CGCATTTGTTACAACGx-M1,Generalist_nonNE,0.11816449056603774,2
gex_possorted_bam_SJSO3:CGCCTGTGTTAACAGTx-M1,Generalist_NE,0.16204277358490565,2
gex_possorted_bam_SJSO3:CGCCTGTGTGTTTGTCx-M1,Arc_6,0.19981884905660377,6
gex_possorted_bam_SJSO3:CGCCACACACAGAACGx-M1,Generalist_nonNE,0.11487462264150941,1
gex_possorted_bam_SJSO3:CGCTCAGCAATCGCACx-M1,Generalist_NE,0.17205800000000002,4
gex_possorted_bam_SJSO3:CGCACAATCTTGGACGx-M1,Generalist_nonNE,0.13130147169811324,4
gex_possorted_bam_SJSO3:CGCCAAATCTGTAATGx-M1,Arc_6,0.14509528301886793,1
gex_possorted_bam_SJSO3:CGCTACTTCTAAATCGx-M1,Generalist_NE,0.17205800000000002,4
gex_possorted_bam_SJSO3:CGCCACACACAGCCATx-M1,Generalist_NE,0.21611350943396226,3
gex_possorted_bam_SJSO3:CGCACAATCATCCTGCx-M1,Arc_4,0.12791575471698113,2
gex_possorted_bam_SJSO3:CGCATGATCCTTAAGAx-M1,Generalist_nonNE,0.11823045283018867,1
gex_possorted_bam_SJSO3:CGCACCACACATTAACx-M1,Generalist_NE,0.15121166037735848,1
gex_possorted_bam_SJSO3:CGCACAATCAGCATTAx-M1,Generalist_NE,0.14509528301886793,1
gex_possorted_bam_SJSO3:CGCCTGTGTATCTGGAx-M1,Generalist_nonNE,0.11545628301886793,2
gex_possorted_bam_SJSO3:CGCATTTGTAACCACAx-M1,Generalist_nonNE,0.11823045283018867,1
gex_possorted_bam_SJSO3:CGCCTCATCTTAAGTGx-M1,Generalist_NE,0.16515475471698113,4
gex_possorted_bam_SJSO3:CGCGATTCAAGGTCCTx-M1,Generalist_NE,0.14875037735849056,3
gex_possorted_bam_SJSO3:CGCGGATTCATGCTCCx-M1,Generalist_nonNE,0.19555226415094337,8
gex_possorted_bam_SJSO3:CGCTAATAGTTTCCGCx-M1,Generalist_NE,0.14509528301886793,1
gex_possorted_bam_SJSO3:CGCACCACAGGACCAAx-M1,Generalist_NE,0.14509528301886793,1
gex_possorted_bam_SJSO3:CGCCTGTGTGAACAAAx-M1,Generalist_NE,0.23570026415094342,6
gex_possorted_bam_SJSO3:CGCATTTGTTATCGAGx-M1,Generalist_NE,0.22213364150943396,8
gex_possorted_bam_SJSO3:CGCGATTCACAGAAACx-M1,Generalist_NE,0.13948383018867921,2
gex_possorted_bam_SJSO3:CGCGGATTCATGCATAx-M1,Generalist_nonNE,0.1249616037735849,3
gex_possorted_bam_SJSO3:CGCTACTTCAAGCGCCx-M1,Generalist_NE,0.23926333962264154,9
gex_possorted_bam_SJSO3:CGCCACACATAAGCAAx-M1,Generalist_NE,0.23967460377358488,7
gex_possorted_bam_SJSO3:CGCATATAGGTCGATTx-M1,Generalist_NE,0.16685264150943396,1
gex_possorted_bam_SJSO3:CGCTCCATCAAAGGCAx-M1,Arc_3,0.2846976226415094,10
gex_possorted_bam_SJSO3:CGCCTGTGTTTAACGGx-M1,Arc_6,0.14509528301886793,1
gex_possorted_bam_SJSO3:CGCCTGTGTTAGGATTx-M1,Generalist_NE,0.16218201886792452,2
gex_possorted_bam_SJSO3:CGCATGATCGGTTAGTx-M1,Arc_4,0.12934299999999999,2
gex_possorted_bam_SJSO3:CGCTATGAGTTCCTGCx-M1,Generalist_NE,0.16821841509433966,3
gex_possorted_bam_SJSO3:CGCACCACATTAAGTCx-M1,Generalist_NE,0.1536075283018868,2
gex_possorted_bam_SJSO3:CGCTATGAGTATCGCGx-M1,Generalist_NE,0.24654367924528303,9
gex_possorted_bam_SJSO3:CGCACACAGATGCCTGx-M1,Arc_3,0.3026680377358491,12
gex_possorted_bam_SJSO3:CGCTCAGCACTAAGCCx-M1,Generalist_nonNE,0.14075269811320754,6
gex_possorted_bam_SJSO3:CGCCACACATTATGGTx-M1,Generalist_NE,0.14509528301886793,1
gex_possorted_bam_SJSO3:CGCATTACAGGTTACCx-M1,Generalist_NE,0.12340796226415095,2
gex_possorted_bam_SJSO3:CGCATTTGTGTCCAAAx-M1,Generalist_NE,0.16093305660377358,1
gex_possorted_bam_SJSO3:CGCTCAGCAAAGCTCCx-M1,Generalist_NE,0.16748037735849056,3
gex_possorted_bam_SJSO3:CGCATTTGTTAGTACGx-M1,Generalist_nonNE,0.12340796226415095,2
gex_possorted_bam_SJSO3:CGCATTACAATAAGCAx-M1,Generalist_NE,0.252147320754717,6
gex_possorted_bam_SJSO3:CGCTAACCAGCTACGTx-M1,Arc_4,0.12366250943396226,3
gex_possorted_bam_SJSO3:CGCTCAGCAATTAGGAx-M1,Generalist_NE,0.18659662264150945,3
gex_possorted_bam_SJSO3:CGCTACTTCTTAGGACx-M1,Generalist_NE,0.14509528301886793,1
gex_possorted_bam_SJSO3:CGCCACACAATAACGAx-M1,Arc_4,0.1069229433962264,1
gex_possorted_bam_SJSO3:CGCGATTCACCTGGTGx-M1,Generalist_NE,0.13948383018867921,2
gex_possorted_bam_SJSO3:CGCTTACTCGGCCATAx-M1,Arc_3,0.19867350943396225,7
gex_possorted_bam_SJSO3:CGCTCCATCTTCAATCx-M1,Arc_1,0.11337394339622642,2
gex_possorted_bam_SJSO3:CGGCTAATCTGGCATGx-M1,Generalist_NE,0.16658892452830187,2
gex_possorted_bam_SJSO3:CGCTCCATCATTGTTCx-M1,Generalist_NE,0.1696931320754717,4
gex_possorted_bam_SJSO3:CGGCTAATCGGTCAGCx-M1,Arc_4,0.16128905660377355,6
gex_possorted_bam_SJSO3:CGGAATCGTCGCAATAx-M1,Arc_4,0.12671683018867927,3
gex_possorted_bam_SJSO3:CGCTTCTAGGTGAAATx-M1,Arc_4,0.11337394339622642,2
gex_possorted_bam_SJSO3:CGCTTAACACAGGAATx-M1,Generalist_NE,0.14673864150943394,3
gex_possorted_bam_SJSO3:CGGAGCAAGCGGATAAx-M1,Generalist_NE,0.1851446226415094,5
gex_possorted_bam_SJSO3:CGGAGCAAGGTGAAGCx-M1,Generalist_NE,0.15018777358490562,3
gex_possorted_bam_SJSO3:CGGCTCACAACCTAATx-M1,Generalist_NE,0.15749867924528305,3
gex_possorted_bam_SJSO3:CGCTTCTAGTCATTAGx-M1,Generalist_nonNE,0.12340796226415095,2
gex_possorted_bam_SJSO3:CGCTTCTAGAACCTGTx-M1,Generalist_nonNE,0.12255694339622641,3
gex_possorted_bam_SJSO3:CGGACCTAGCGGTTATx-M1,Generalist_NE,0.14509528301886793,1
gex_possorted_bam_SJSO3:CGGCTCACAATGAAGCx-M1,Generalist_NE,0.14581890566037736,2
gex_possorted_bam_SJSO3:CGGCCATAGGCATTACx-M1,Generalist_NE,0.14930109433962266,0
gex_possorted_bam_SJSO3:CGCTTACTCACCATTTx-M1,Generalist_NE,0.17205800000000002,4
gex_possorted_bam_SJSO3:CGGCTCACACCTGTAAx-M1,Generalist_nonNE,0.126436679245283,2
gex_possorted_bam_SJSO3:CGCTCCATCTGGCTTCx-M1,Generalist_NE,0.23808626415094342,8
gex_possorted_bam_SJSO3:CGGCTCACAGCCTGCAx-M1,Generalist_nonNE,0.11823045283018867,1
gex_possorted_bam_SJSO3:CGGCAATGTCACGGATx-M1,Generalist_NE,0.18659662264150945,3
gex_possorted_bam_SJSO3:CGGACCTAGTTTCCGCx-M1,Generalist_NE,0.1403227358490566,2
gex_possorted_bam_SJSO3:CGGACAACAACCTGGTx-M1,Arc_3,0.23854450943396222,8
gex_possorted_bam_SJSO3:CGGACAACATGAGTTTx-M1,Generalist_nonNE,0.14587588679245284,5
gex_possorted_bam_SJSO3:CGGAGCAAGTCAATCAx-M1,Generalist_NE,0.20404213207547167,5
gex_possorted_bam_SJSO3:CGGATAAAGTTTAACGx-M1,Generalist_nonNE,0.12481969811320756,2
gex_possorted_bam_SJSO3:CGCTCCATCACTAATGx-M1,Arc_2,0.12678377358490567,4
gex_possorted_bam_SJSO3:CGGACCTAGCCGCAACx-M1,Generalist_NE,0.21833079245283019,8
gex_possorted_bam_SJSO3:CGCTTACTCCAGGAAAx-M1,Arc_6,0.14509528301886793,1
gex_possorted_bam_SJSO3:CGGATAAAGGACGTAAx-M1,Generalist_NE,0.14509528301886793,1
gex_possorted_bam_SJSO3:CGCTTCTAGCTCCTTAx-M1,Generalist_NE,0.20683241509433964,5
gex_possorted_bam_SJSO3:CGCTTAACAATAATCCx-M1,Generalist_nonNE,0.14616181132075473,5
gex_possorted_bam_SJSO3:CGCTGTGCAACTAACTx-M1,Arc_6,0.13948383018867921,2
gex_possorted_bam_SJSO3:CGCTTGCGTGGAGCAAx-M1,Generalist_nonNE,0.11365409433962263,3
gex_possorted_bam_SJSO3:CGCTTGCGTGAGCGAAx-M1,Arc_4,0.1645170566037736,7
gex_possorted_bam_SJSO3:CGGAATCGTTTATGGGx-M1,Arc_4,0.126436679245283,2
gex_possorted_bam_SJSO3:CGGAGCAAGGAGCAACx-M1,Generalist_NE,0.24526501886792454,5
gex_possorted_bam_SJSO3:CGCTTCTAGCACCACAx-M1,Generalist_nonNE,0.11365409433962263,3
gex_possorted_bam_SJSO3:CGCTTACTCGAAGCGGx-M1,Arc_4,0.11545628301886793,2
gex_possorted_bam_SJSO3:CGCTCCATCCCTGATCx-M1,Arc_3,0.32930024528301877,13
gex_possorted_bam_SJSO3:CGCTTACTCTTGCAGGx-M1,Arc_6,0.14509528301886793,1
gex_possorted_bam_SJSO3:CGGACAACAGGACCAAx-M1,Generalist_NE,0.14509528301886793,1
gex_possorted_bam_SJSO3:CGGCAATGTTTAACGGx-M1,Generalist_NE,0.15962477358490565,3
gex_possorted_bam_SJSO3:CGGAGTCTCACTCGCTx-M1,Generalist_NE,0.16118088679245285,3
gex_possorted_bam_SJSO3:CGCTCCATCAAGCGCCx-M1,Generalist_NE,0.17205800000000002,4
gex_possorted_bam_SJSO3:CGGCCATAGCCATCAGx-M1,Generalist_nonNE,0.1069229433962264,1
gex_possorted_bam_SJSO3:CGGATAAAGTAGGCGGx-M1,Generalist_NE,0.14509528301886793,1
gex_possorted_bam_SJSO3:CGGATTAGTGGTGAGAx-M1,Generalist_NE,0.16283675471698117,2
gex_possorted_bam_SJSO3:CGGTTCCGTCCTAACTx-M1,Generalist_NE,0.14509528301886793,1
gex_possorted_bam_SJSO3:CGTAATGGTAGCCTAAx-M1,Arc_3,0.26370896226415097,9
gex_possorted_bam_SJSO3:CGGTTTCTCAATTACGx-M1,Generalist_NE,0.1510879245283019,3
gex_possorted_bam_SJSO3:CGGTTATAGTTAGAGGx-M1,Generalist_NE,0.2714737358490566,11
gex_possorted_bam_SJSO3:CGGTTATAGTAACAGGx-M1,Arc_6,0.24976939622641506,8
gex_possorted_bam_SJSO3:CGGTTGGGTACCTTACx-M1,Generalist_NE,0.20078577358490565,5
gex_possorted_bam_SJSO3:CGGTTATAGGGATGACx-M1,Generalist_NE,0.1447123962264151,4
gex_possorted_bam_SJSO3:CGGTTTCTCTTGAGGTx-M1,Arc_4,0.1422937358490566,4
gex_possorted_bam_SJSO3:CGTAGTTAGTCAATCAx-M1,Generalist_NE,0.23388167924528305,8
gex_possorted_bam_SJSO3:CGGTTATAGTCAGGCCx-M1,Generalist_NE,0.1459867358490566,2
gex_possorted_bam_SJSO3:CGTAACTAGGGCTTTGx-M1,Generalist_nonNE,0.11545628301886793,2
gex_possorted_bam_SJSO3:CGTATTGCAATGAAGCx-M1,Generalist_NE,0.19155943396226413,6
gex_possorted_bam_SJSO3:CGTAACCCACCGTTCCx-M1,Generalist_NE,0.16308783018867926,5
gex_possorted_bam_SJSO3:CGGTTCCGTGATTACGx-M1,Generalist_NE,0.14454456603773586,4
gex_possorted_bam_SJSO3:CGGTTTGAGGCCAATTx-M1,Generalist_NE,0.16748037735849056,3
gex_possorted_bam_SJSO3:CGTAACCCAATTTGGTx-M1,Generalist_NE,0.14509528301886793,1
gex_possorted_bam_SJSO3:CGGTAACGTGTCCTGCx-M1,Generalist_NE,0.17262926415094337,4
gex_possorted_bam_SJSO3:CGGTTATAGACACTTAx-M1,Generalist_NE,0.14509528301886793,1
gex_possorted_bam_SJSO3:CGGGACAAGCATGTTAx-M1,Generalist_NE,0.14509528301886793,1
gex_possorted_bam_SJSO3:CGGGTCTAGGCTTAGTx-M1,Generalist_NE,0.24566590566037733,10
gex_possorted_bam_SJSO3:CGGTTTCTCAAGCCTGx-M1,Generalist_nonNE,0.11545628301886793,2
gex_possorted_bam_SJSO3:CGGTGAGAGCATTATGx-M1,Generalist_NE,0.2990217735849056,11
gex_possorted_bam_SJSO3:CGGTGAGAGCACTTGGx-M1,Generalist_NE,0.16559501886792458,2
gex_possorted_bam_SJSO3:CGGGTCTAGCCTAACGx-M1,Arc_5,0.21716845283018865,7
gex_possorted_bam_SJSO3:CGTAGTTAGTAAGAACx-M1,Arc_5,0.14509528301886793,1
gex_possorted_bam_SJSO3:CGTATTGCAATCGCACx-M1,Generalist_NE,0.13948383018867921,2
gex_possorted_bam_SJSO3:CGTAACTAGCCTTAAAx-M1,Generalist_NE,0.13948383018867921,2
gex_possorted_bam_SJSO3:CGTAGTTAGTACTGGTx-M1,Generalist_nonNE,0.1069229433962264,1
gex_possorted_bam_SJSO3:CGTAACCCACTTCACTx-M1,Generalist_NE,0.2165204150943396,7
gex_possorted_bam_SJSO3:CGGTTTCTCAACCAACx-M1,Generalist_nonNE,0.127292679245283,3
gex_possorted_bam_SJSO3:CGGGCTTAGCTACTGGx-M1,Generalist_nonNE,0.12630964150943397,2
gex_possorted_bam_SJSO3:CGGTGAACACAAAGACx-M1,Generalist_NE,0.14509528301886793,1
gex_possorted_bam_SJSO3:CGGCTCACATGTGGGAx-M1,Generalist_NE,0.15047694339622641,2
gex_possorted_bam_SJSO3:CGGTTATAGGCATGTTx-M1,Generalist_nonNE,0.12630964150943397,2
gex_possorted_bam_SJSO3:CGGGTCTAGTTGCCTCx-M1,Generalist_NE,0.17697200000000002,4
gex_possorted_bam_SJSO3:CGGTGAACACCGGCTAx-M1,Generalist_nonNE,0.1321231132075472,3
gex_possorted_bam_SJSO3:CGGTTATAGGACCGCTx-M1,Generalist_nonNE,0.21155716981132078,8
gex_possorted_bam_SJSO3:CGTAACTAGTTGGATCx-M1,Generalist_NE,0.15019254716981134,1
gex_possorted_bam_SJSO3:CGGGTATGTCACGGATx-M1,Generalist_NE,0.23166358490566036,10
gex_possorted_bam_SJSO3:CGGTTTCTCATCCTGCx-M1,Generalist_NE,0.16204277358490565,2
gex_possorted_bam_SJSO3:CGTATTGCACCAAAGGx-M1,Generalist_NE,0.3503351698113207,15
gex_possorted_bam_SJSO3:CGGGACAAGGTAACGAx-M1,Arc_4,0.16201886792452833,7
gex_possorted_bam_SJSO3:CGTAGTTAGATGGACAx-M1,Generalist_NE,0.13127069811320755,3
gex_possorted_bam_SJSO3:CGTGTGTCATCCCGCTx-M1,Generalist_NE,0.22516286792452833,9
gex_possorted_bam_SJSO3:CGTCATTGTCCTCCAAx-M1,Arc_3,0.252556358490566,7
gex_possorted_bam_SJSO3:CGTGCACAGGTGTCCAx-M1,Generalist_nonNE,0.12132562264150942,2
gex_possorted_bam_SJSO3:CGTCCTAGTAATCGGCx-M1,Generalist_NE,0.15331566037735847,4
gex_possorted_bam_SJSO3:CGTTAACAGTAAACCCx-M1,Generalist_nonNE,0.12190728301886794,3
gex_possorted_bam_SJSO3:CGTGGTTCACATTGCAx-M1,Arc_1,0.3334090566037735,14
gex_possorted_bam_SJSO3:CGTTAACAGCTAATCAx-M1,Generalist_NE,0.15312390566037734,3
gex_possorted_bam_SJSO3:CGTGCTTTCAGCAAAGx-M1,Arc_6,0.2653872264150944,9
gex_possorted_bam_SJSO3:CGTTAGGTCTTCAATCx-M1,Generalist_NE,0.1459867358490566,2
gex_possorted_bam_SJSO3:CGTTAACAGCTAATTGx-M1,Generalist_NE,0.2234952075471698,8
gex_possorted_bam_SJSO3:CGTTAGTAGCCTGATGx-M1,Generalist_NE,0.13410216981132075,1
gex_possorted_bam_SJSO3:CGTCAATAGTGTTGTAx-M1,Generalist_NE,0.14509528301886793,1
gex_possorted_bam_SJSO3:CGTTAAATCCAATTAGx-M1,Arc_3,0.14930109433962266,0
gex_possorted_bam_SJSO3:CGTGCTTTCCTTGTTGx-M1,Generalist_NE,0.14509528301886793,1
gex_possorted_bam_SJSO3:CGTGCTTTCCGTGACAx-M1,Generalist_nonNE,0.1069229433962264,1
gex_possorted_bam_SJSO3:CGTGCTGCAACCTGGTx-M1,Generalist_NE,0.1641001320754717,2
gex_possorted_bam_SJSO3:CGTCATTGTTAGAGCCx-M1,Generalist_NE,0.227830679245283,9
gex_possorted_bam_SJSO3:CGTGTGTCATAATCACx-M1,Arc_4,0.1422937358490566,4
gex_possorted_bam_SJSO3:CGTTAGTAGCTCGCTTx-M1,Generalist_NE,0.14509528301886793,1
gex_possorted_bam_SJSO3:CGTTAGTAGCGAGGTGx-M1,Generalist_NE,0.1518837924528302,4
gex_possorted_bam_SJSO3:CGTGGTTCAGGAACTGx-M1,Generalist_NE,0.14509528301886793,1
gex_possorted_bam_SJSO3:CGTGTTACATAGCTGCx-M1,Generalist_NE,0.13410216981132075,1
gex_possorted_bam_SJSO3:CGTGACATCTCATCATx-M1,Generalist_NE,0.17205800000000002,4
gex_possorted_bam_SJSO3:CGTCATTGTGAGCGAAx-M1,Generalist_NE,0.16431147169811322,3
gex_possorted_bam_SJSO3:CGTCAATAGCTTAGCGx-M1,Generalist_NE,0.13410216981132075,1
gex_possorted_bam_SJSO3:CGTTAGTAGTTGCCTCx-M1,Generalist_NE,0.18659662264150945,3
gex_possorted_bam_SJSO3:CGTTAGTAGTCGCTAGx-M1,Generalist_nonNE,0.12120556603773584,4
gex_possorted_bam_SJSO3:CGTGAGGAGCCTGGTAx-M1,Arc_1,0.1314561132075472,6
gex_possorted_bam_SJSO3:CGTGTGTCAATCATGTx-M1,Generalist_NE,0.19285824528301887,6
gex_possorted_bam_SJSO3:CGTTAAATCAATGTGCx-M1,Generalist_NE,0.21376807547169813,7
gex_possorted_bam_SJSO3:CGTTAAATCATCACTTx-M1,Generalist_nonNE,0.1615692075471698,7
gex_possorted_bam_SJSO3:CGTGCACAGTTATCTCx-M1,Generalist_NE,0.14509528301886793,1
gex_possorted_bam_SJSO3:CGTTAGTAGCCGGTACx-M1,Generalist_NE,0.14509528301886793,1
gex_possorted_bam_SJSO3:CGTGACATCTTAGCCCx-M1,Generalist_NE,0.19252790566037736,7
gex_possorted_bam_SJSO3:CGTCAATAGTAAACCCx-M1,Generalist_NE,0.36532028301886793,17
gex_possorted_bam_SJSO3:CGTGCACAGCTCGCTTx-M1,Arc_3,0.22223337735849055,7
gex_possorted_bam_SJSO3:CTAATAGTCGCTAAGTx-M1,Generalist_nonNE,0.11337394339622642,2
gex_possorted_bam_SJSO3:CTACGAAGTTCATTTGx-M1,Generalist_NE,0.15047694339622641,2
gex_possorted_bam_SJSO3:CTACGAAGTTTGTGGAx-M1,Arc_4,0.14257388679245284,5
gex_possorted_bam_SJSO3:CGTTTCTCAGGCAAGCx-M1,Arc_3,0.15121166037735848,1
gex_possorted_bam_SJSO3:CTAATAGTCAATGTCAx-M1,Generalist_NE,0.1696931320754717,4
gex_possorted_bam_SJSO3:CTAAAGCTCTTTAAGGx-M1,Generalist_NE,0.22174618867924525,8
gex_possorted_bam_SJSO3:CTAACCACAAGCCAGAx-M1,Generalist_NE,0.34861779245283014,14
gex_possorted_bam_SJSO3:CTAACCTGTGGGTACTx-M1,Generalist_NE,0.14509528301886793,1
gex_possorted_bam_SJSO3:CGTTATTTCTTGATGAx-M1,Generalist_nonNE,0.12489564150943396,4
gex_possorted_bam_SJSO3:CTACAACAGACAGGCGx-M1,Generalist_NE,0.1457062641509434,2
gex_possorted_bam_SJSO3:CTAAGGTTCAGGCTATx-M1,Generalist_nonNE,0.12900656603773583,2
gex_possorted_bam_SJSO3:CGTTATCGTCTTTGACx-M1,Arc_1,0.1265641320754717,1
gex_possorted_bam_SJSO3:CTAATCGCAACTAACTx-M1,Arc_6,0.14509528301886793,1
gex_possorted_bam_SJSO3:CTAACCACACAACCTAx-M1,Generalist_NE,0.14509528301886793,1
gex_possorted_bam_SJSO3:CGTTGCGCAAAGCGCAx-M1,Generalist_nonNE,0.1069229433962264,1
gex_possorted_bam_SJSO3:CTAACCACAATCGCACx-M1,Generalist_NE,0.14509528301886793,1
gex_possorted_bam_SJSO3:CTAACCTGTGGGTGAAx-M1,Generalist_nonNE,0.12120556603773584,4
gex_possorted_bam_SJSO3:CTAAATGTCGCAATCGx-M1,Generalist_NE,0.19981884905660377,6
gex_possorted_bam_SJSO3:CGTTATTTCCCGAAGCx-M1,Generalist_nonNE,0.2256044150943396,9
gex_possorted_bam_SJSO3:CTACCTCAGTTCCCGTx-M1,Generalist_nonNE,0.11844464150943394,3
gex_possorted_bam_SJSO3:CTAAATGTCAAATCGCx-M1,Generalist_NE,0.1727467169811321,3
gex_possorted_bam_SJSO3:CTAATGTCATTGTGGCx-M1,Generalist_NE,0.1459867358490566,2
gex_possorted_bam_SJSO3:CTAACCACAGGCCATTx-M1,Generalist_nonNE,0.11545628301886793,2
gex_possorted_bam_SJSO3:CGTTGCAAGAAAGGAAx-M1,Generalist_NE,0.14509528301886793,1
gex_possorted_bam_SJSO3:CTAATCGCACGTTACAx-M1,Generalist_NE,0.13948383018867921,2
gex_possorted_bam_SJSO3:CGTTTCTCAAGCTAAAx-M1,Generalist_NE,0.1536075283018868,2
gex_possorted_bam_SJSO3:CTAAGTCAGTCACTAAx-M1,Generalist_NE,0.22592769811320754,8
gex_possorted_bam_SJSO3:CTACCGGCACCACAACx-M1,Arc_1,0.13553241509433964,5
gex_possorted_bam_SJSO3:CTAAAGCTCTCACTATx-M1,Arc_4,0.16128905660377355,6
gex_possorted_bam_SJSO3:CTAAATGTCAATGACCx-M1,Generalist_NE,0.1536075283018868,2
gex_possorted_bam_SJSO3:CTAACCCTCAGGGCCTx-M1,Generalist_NE,0.14509528301886793,1
gex_possorted_bam_SJSO3:CTAACCCTCGTTAGTAx-M1,Arc_2,0.17870898113207548,7
gex_possorted_bam_SJSO3:CTAACCTGTCCTTTAAx-M1,Generalist_nonNE,0.12132562264150942,2
gex_possorted_bam_SJSO3:CTAACCACATAGACCCx-M1,Generalist_NE,0.17047703773584905,4
gex_possorted_bam_SJSO3:CGTTATTTCCAAGTTAx-M1,Arc_1,0.11365409433962263,3
gex_possorted_bam_SJSO3:CGTTGCGCAATTAACCx-M1,Generalist_NE,0.13410216981132075,1
gex_possorted_bam_SJSO3:CTAAGTCAGGGACTAAx-M1,Generalist_nonNE,0.11365409433962263,3
gex_possorted_bam_SJSO3:CTATGACAGTAAGAACx-M1,Generalist_NE,0.23138266037735844,7
gex_possorted_bam_SJSO3:CTAGTAGGTCAAGTGCx-M1,Generalist_nonNE,0.1808803018867924,5
gex_possorted_bam_SJSO3:CTATGAGGTACCTTACx-M1,Generalist_NE,0.20215758490566038,5
gex_possorted_bam_SJSO3:CTAGTAATCAATGTCAx-M1,Arc_4,0.14385552830188678,4
gex_possorted_bam_SJSO3:CTAGGACGTCTTACTAx-M1,Generalist_NE,0.1727807169811321,4
gex_possorted_bam_SJSO3:CTAGTAATCCTTTACGx-M1,Generalist_NE,0.14673864150943394,3
gex_possorted_bam_SJSO3:CTAGCGGGTCAAAGGGx-M1,Generalist_NE,0.14509528301886793,1
gex_possorted_bam_SJSO3:CTATGGCCAGCACGTTx-M1,Generalist_nonNE,0.12671683018867927,3
gex_possorted_bam_SJSO3:CTAGCTTGTTTAGCTCx-M1,Generalist_NE,0.1457062641509434,2
gex_possorted_bam_SJSO3:CTAGTCGAGCCTAACGx-M1,Generalist_nonNE,0.2000652830188679,8
gex_possorted_bam_SJSO3:CTATGATCAGTTTACGx-M1,Generalist_nonNE,0.12120556603773584,4
gex_possorted_bam_SJSO3:CTACTTAGTTCACCCAx-M1,Generalist_NE,0.1589891886792453,3
gex_possorted_bam_SJSO3:CTATGTTTCTTGCAAAx-M1,Generalist_NE,0.13948383018867921,2
gex_possorted_bam_SJSO3:CTATTACTCAAGCCTGx-M1,Generalist_NE,0.19386581132075473,5
gex_possorted_bam_SJSO3:CTAGCGGGTTGTCATCx-M1,Arc_6,0.22213364150943396,8
gex_possorted_bam_SJSO3:CTATGACAGCGCCTAAx-M1,Generalist_NE,0.1459867358490566,2
gex_possorted_bam_SJSO3:CTATGATCAGGCTACTx-M1,Generalist_NE,0.16515209433962266,5
gex_possorted_bam_SJSO3:CTAGCTTGTAACCAGCx-M1,Generalist_NE,0.14509528301886793,1
gex_possorted_bam_SJSO3:CTAGTCGAGTAAGAACx-M1,Arc_3,0.18669267924528302,5
gex_possorted_bam_SJSO3:CTATGACAGATAAAGCx-M1,Arc_4,0.1500247169811321,1
gex_possorted_bam_SJSO3:CTACTAAAGCCTGGTAx-M1,Arc_4,0.12103718867924528,2
gex_possorted_bam_SJSO3:CTAGCTGAGGATCCGCx-M1,Generalist_NE,0.14509528301886793,1
gex_possorted_bam_SJSO3:CTAGTAGGTGCAATATx-M1,Generalist_NE,0.14509528301886793,1
gex_possorted_bam_SJSO3:CTAGTAGGTTACGCGGx-M1,Generalist_nonNE,0.1372127924528302,3
gex_possorted_bam_SJSO3:CTACTAAAGTTTGCGGx-M1,Generalist_NE,0.15925503773584906,3
gex_possorted_bam_SJSO3:CTAGTGAGTTGTCATCx-M1,Generalist_nonNE,0.13500469811320753,3
gex_possorted_bam_SJSO3:CTAGTAATCGCTTGCTx-M1,Generalist_NE,0.1459867358490566,2
gex_possorted_bam_SJSO3:CTAGCTTGTGAGACTCx-M1,Generalist_nonNE,0.1292867169811321,3
gex_possorted_bam_SJSO3:CTATGTTTCTGGCAATx-M1,Generalist_NE,0.15121166037735848,1
gex_possorted_bam_SJSO3:CTAGATTCAGCATGAGx-M1,Generalist_NE,0.13410216981132075,1
gex_possorted_bam_SJSO3:CTAGCTTGTTAAGGTTx-M1,Generalist_NE,0.15121166037735848,1
gex_possorted_bam_SJSO3:CTATGAGGTGAACAAAx-M1,Generalist_NE,0.14509528301886793,1
gex_possorted_bam_SJSO3:CTACTAAAGGCTGGCTx-M1,Generalist_nonNE,0.11545628301886793,2
gex_possorted_bam_SJSO3:CTAGTGAGTGCTGGTGx-M1,Generalist_NE,0.14509528301886793,1
gex_possorted_bam_SJSO3:CTATAACCAATTAGGAx-M1,Generalist_NE,0.18394,3
gex_possorted_bam_SJSO3:CTAGGACGTACCCACCx-M1,Arc_4,0.16128905660377355,6
gex_possorted_bam_SJSO3:CTAGCTTGTTGCAATGx-M1,Arc_6,0.17262926415094337,4
gex_possorted_bam_SJSO3:CTATGAGGTTTACCGTx-M1,Generalist_nonNE,0.12132562264150942,2
gex_possorted_bam_SJSO3:CTATGTTTCCATTACTx-M1,Arc_1,0.14509528301886793,1
gex_possorted_bam_SJSO3:CTATGACAGTAGCGGGx-M1,Generalist_NE,0.13948383018867921,2
gex_possorted_bam_SJSO3:CTAGATTCAATGAAGCx-M1,Generalist_NE,0.15121166037735848,1
gex_possorted_bam_SJSO3:CTACTTAGTCAGTAATx-M1,Generalist_nonNE,0.1690757358490566,5
gex_possorted_bam_SJSO3:CTATAACCAGAAATTGx-M1,Generalist_NE,0.14509528301886793,1
gex_possorted_bam_SJSO3:CTATGACAGAGCCGCTx-M1,Generalist_NE,0.1536075283018868,2
gex_possorted_bam_SJSO3:CTAGTGAGTGCGCAATx-M1,Generalist_NE,0.16748037735849056,3
gex_possorted_bam_SJSO3:CTACTTAGTAATGGCCx-M1,Generalist_NE,0.14509528301886793,1
gex_possorted_bam_SJSO3:CTATTGAAGGGTGGATx-M1,Arc_4,0.13130147169811324,4
gex_possorted_bam_SJSO3:CTCAATAAGGCCTAATx-M1,Generalist_NE,0.22160175471698113,7
gex_possorted_bam_SJSO3:CTATTCAGTGCTCACCx-M1,Arc_3,0.33069632075471694,14
gex_possorted_bam_SJSO3:CTCACAACACATAGCCx-M1,Generalist_nonNE,0.12934299999999999,2
gex_possorted_bam_SJSO3:CTCATGACACAGGGACx-M1,Generalist_nonNE,0.12489564150943396,4
gex_possorted_bam_SJSO3:CTCACTCAGCAAGACAx-M1,Generalist_nonNE,0.11545628301886793,2
gex_possorted_bam_SJSO3:CTATTGAAGTAAGAACx-M1,Generalist_NE,0.13948383018867921,2
gex_possorted_bam_SJSO3:CTCCATCAGCAGCTCAx-M1,Generalist_NE,0.16658892452830187,2
gex_possorted_bam_SJSO3:CTATTCAGTTCCTGTGx-M1,Arc_6,0.13948383018867921,2
gex_possorted_bam_SJSO3:CTCATCATCTAAGTGCx-M1,Generalist_NE,0.20078577358490565,5
gex_possorted_bam_SJSO3:CTCACTCAGGAACGCGx-M1,Generalist_NE,0.21177924528301884,5
gex_possorted_bam_SJSO3:CTCACTCAGCTTCCCGx-M1,Generalist_NE,0.14509528301886793,1
gex_possorted_bam_SJSO3:CTCACTCAGACACTTAx-M1,Generalist_NE,0.14509528301886793,1
gex_possorted_bam_SJSO3:CTCCAACTCTAAGGAGx-M1,Generalist_nonNE,0.11545628301886793,2
gex_possorted_bam_SJSO3:CTCATTAGTGCCGCAAx-M1,Generalist_NE,0.14930109433962266,0
gex_possorted_bam_SJSO3:CTCATGACATTGACATx-M1,Arc_2,0.1292867169811321,3
gex_possorted_bam_SJSO3:CTCCAACTCCCTGATCx-M1,Generalist_nonNE,0.11365409433962263,3
gex_possorted_bam_SJSO3:CTCCGGACATCTAGCAx-M1,Generalist_NE,0.14509528301886793,1
gex_possorted_bam_SJSO3:CTCAGGATCCGCAACAx-M1,Generalist_NE,0.1769525283018868,2
gex_possorted_bam_SJSO3:CTCCGGACAAAGCTCCx-M1,Generalist_NE,0.1696931320754717,4
gex_possorted_bam_SJSO3:CTCCGGACAAGTAAGCx-M1,Arc_4,0.1418440754716981,4
gex_possorted_bam_SJSO3:CTCATGACATGATTGTx-M1,Generalist_nonNE,0.15322166037735846,5
gex_possorted_bam_SJSO3:CTCATGACAAGGTGGCx-M1,Generalist_NE,0.14509528301886793,1
gex_possorted_bam_SJSO3:CTCCAAACAATTGACTx-M1,Arc_1,0.34716528301886795,16
gex_possorted_bam_SJSO3:CTCCAACTCGGCCATAx-M1,Generalist_NE,0.14930109433962266,0
gex_possorted_bam_SJSO3:CTCACACTCGCTAAGTx-M1,Arc_1,0.11823045283018867,1
gex_possorted_bam_SJSO3:CTATTACTCATAACGCx-M1,Arc_4,0.18186816981132076,8
gex_possorted_bam_SJSO3:CTCAATAAGTCACGATx-M1,Generalist_NE,0.25721883018867925,9
gex_possorted_bam_SJSO3:CTATTGAAGCAAGGACx-M1,Arc_6,0.14509528301886793,1
gex_possorted_bam_SJSO3:CTATTGAAGCCTGAGCx-M1,Generalist_nonNE,0.11823045283018867,1
gex_possorted_bam_SJSO3:CTCAGGATCTTCAATCx-M1,Generalist_NE,0.2295364716981132,8
gex_possorted_bam_SJSO3:CTCACACTCATTTGCTx-M1,Arc_4,0.1069229433962264,1
gex_possorted_bam_SJSO3:CTCACAACAACCGCCAx-M1,Generalist_NE,0.15047694339622641,2
gex_possorted_bam_SJSO3:CTCATTTAGTTTGGTAx-M1,Arc_2,0.16150716981132074,5
gex_possorted_bam_SJSO3:CTCATTGTCCGTAAACx-M1,Arc_4,0.15096260377358492,5
gex_possorted_bam_SJSO3:CTCATGCTCATTGACAx-M1,Generalist_NE,0.16748037735849056,3
gex_possorted_bam_SJSO3:CTCCAACTCGGTTCCTx-M1,Arc_6,0.13948383018867921,2
gex_possorted_bam_SJSO3:CTCCGTCCAATTAGCTx-M1,Generalist_nonNE,0.11365409433962263,3
gex_possorted_bam_SJSO3:CTCATTGTCTATTGTCx-M1,Arc_4,0.1505129433962264,5
gex_possorted_bam_SJSO3:CTCATGACACTTGTTCx-M1,Generalist_nonNE,0.2284525660377358,10
gex_possorted_bam_SJSO3:CTCCGTCCAAGGCCAAx-M1,Arc_1,0.11337394339622642,2
gex_possorted_bam_SJSO3:CTCACAACAACAACAAx-M1,Generalist_NE,0.16658892452830187,2
gex_possorted_bam_SJSO3:CTCCGTCCATTATGGTx-M1,Arc_1,0.16934696226415094,5
gex_possorted_bam_SJSO3:CTCCTCACATGACTATx-M1,Generalist_nonNE,0.11545628301886793,2
gex_possorted_bam_SJSO3:CTCTAGCTCCCTGACTx-M1,Arc_4,0.12190728301886794,3
gex_possorted_bam_SJSO3:CTCTAAGCAGCAACCTx-M1,Generalist_NE,0.1686072641509434,4
gex_possorted_bam_SJSO3:CTCGACAAGCGGATAAx-M1,Generalist_NE,0.27480664150943396,8
gex_possorted_bam_SJSO3:CTGAAACTCAGTATTGx-M1,Generalist_nonNE,0.12340796226415095,2
gex_possorted_bam_SJSO3:CTCCGTCCATAATCCGx-M1,Generalist_NE,0.13410216981132075,1
gex_possorted_bam_SJSO3:CTCCTGAGTTAGTGATx-M1,Generalist_nonNE,0.12120556603773584,4
gex_possorted_bam_SJSO3:CTCTCACAGGACCTTGx-M1,Arc_4,0.1422937358490566,4
gex_possorted_bam_SJSO3:CTCTATGTCCAGCACAx-M1,Generalist_nonNE,0.18636986792452834,7
gex_possorted_bam_SJSO3:CTCCTAATCACAGCGCx-M1,Generalist_nonNE,0.11337394339622642,2
gex_possorted_bam_SJSO3:CTCCGTCCACCGGCTAx-M1,Generalist_nonNE,0.11365409433962263,3
gex_possorted_bam_SJSO3:CTCCTGAGTCAAAGAAx-M1,Generalist_NE,0.16748037735849056,3
gex_possorted_bam_SJSO3:CTCCTCACAGCTTAATx-M1,Generalist_nonNE,0.10720309433962265,2
gex_possorted_bam_SJSO3:CTCTAGCTCAATTACGx-M1,Generalist_NE,0.13948383018867921,2
gex_possorted_bam_SJSO3:CTCTAAGCAATAGTCTx-M1,Generalist_nonNE,0.13127069811320755,3
gex_possorted_bam_SJSO3:CTCTATGTCATGTGGTx-M1,Generalist_NE,0.27125618867924534,10
gex_possorted_bam_SJSO3:CTCTAGCTCAGGCTATx-M1,Generalist_NE,0.13948383018867921,2
gex_possorted_bam_SJSO3:CTCGACAAGAGAGCCGx-M1,Generalist_NE,0.14509528301886793,1
gex_possorted_bam_SJSO3:CTCCTAATCAAACACCx-M1,Arc_1,0.35629215094339617,20
gex_possorted_bam_SJSO3:CTCTCACAGTAAGTCCx-M1,Generalist_NE,0.14509528301886793,1
gex_possorted_bam_SJSO3:CTCTAGCTCTCCTCAAx-M1,Arc_1,0.21304745283018867,9
gex_possorted_bam_SJSO3:CTCGCTCCAAACTGTTx-M1,Generalist_nonNE,0.12366250943396226,3
gex_possorted_bam_SJSO3:CTCTATGTCTAGCTAAx-M1,Generalist_nonNE,0.12218743396226416,4
gex_possorted_bam_SJSO3:CTCCTGAGTCAAGTATx-M1,Generalist_NE,0.18669267924528302,5
gex_possorted_bam_SJSO3:CTCGTTATCGGTTAGTx-M1,Generalist_NE,0.2463584905660377,11
gex_possorted_bam_SJSO3:CTCTAAGCACACTAATx-M1,Generalist_NE,0.13948383018867921,2
gex_possorted_bam_SJSO3:CTCCTAATCCCTGGTTx-M1,Generalist_NE,0.14509528301886793,1
gex_possorted_bam_SJSO3:CTCTATGTCTGGCAATx-M1,Generalist_nonNE,0.13127069811320755,3
gex_possorted_bam_SJSO3:CTCCTAATCATTCATCx-M1,Arc_6,0.14509528301886793,1
gex_possorted_bam_SJSO3:CTCCTCACAATTGAAGx-M1,Generalist_NE,0.1589891886792453,3
gex_possorted_bam_SJSO3:CTCGCTCCAGTTTACGx-M1,Generalist_NE,0.3526311509433962,16
gex_possorted_bam_SJSO3:CTCTGTTCACCGGTATx-M1,Arc_6,0.13410216981132075,1
gex_possorted_bam_SJSO3:CTCGACAAGGCTAGAAx-M1,Generalist_NE,0.13410216981132075,1
gex_possorted_bam_SJSO3:CTCCGTCCAGGCCAAAx-M1,Generalist_NE,0.18188583018867926,3
gex_possorted_bam_SJSO3:CTCCTCACATTAAGCTx-M1,Generalist_nonNE,0.1596155094339623,5
gex_possorted_bam_SJSO3:CTCTTGATCAGGGCCTx-M1,Arc_4,0.11337394339622642,2
gex_possorted_bam_SJSO3:CTCGACAAGGACAATGx-M1,Generalist_NE,0.16515209433962266,5
gex_possorted_bam_SJSO3:CTCGACAAGCATTTCTx-M1,Generalist_NE,0.13948383018867921,2
gex_possorted_bam_SJSO3:CTGAATATCGATATTGx-M1,Generalist_NE,0.1459867358490566,2
gex_possorted_bam_SJSO3:CTCTAGCTCGATATTGx-M1,Generalist_nonNE,0.15096260377358492,5
gex_possorted_bam_SJSO3:CTCGACAAGCACTAACx-M1,Generalist_nonNE,0.11823045283018867,1
gex_possorted_bam_SJSO3:CTCGACAAGGCCTGGTx-M1,Generalist_NE,0.15018777358490562,3
gex_possorted_bam_SJSO3:CTCGACAAGTCACTCCx-M1,Arc_4,0.13496103773584905,3
gex_possorted_bam_SJSO3:CTCGTTATCCTTGAGGx-M1,Generalist_nonNE,0.1807735660377358,7
gex_possorted_bam_SJSO3:CTCTAAGCACTAGCGTx-M1,Generalist_nonNE,0.1265641320754717,1
gex_possorted_bam_SJSO3:CTGACATAGTGAGAGCx-M1,Generalist_NE,0.1459867358490566,2
gex_possorted_bam_SJSO3:CTCCTCACACCTGTAAx-M1,Generalist_NE,0.14509528301886793,1
gex_possorted_bam_SJSO3:CTCCTCACATTTGCTCx-M1,Generalist_NE,0.21338062264150942,7
gex_possorted_bam_SJSO3:CTCTCACAGTCACGATx-M1,Generalist_NE,0.15962477358490565,3
gex_possorted_bam_SJSO3:CTGGACCAGGAACCGGx-M1,Generalist_NE,0.292661,9
gex_possorted_bam_SJSO3:CTGTACCTCCAACTGGx-M1,Generalist_NE,0.14509528301886793,1
gex_possorted_bam_SJSO3:CTGGCTAAGTATCGCGx-M1,Arc_4,0.1265641320754717,1
gex_possorted_bam_SJSO3:CTGGTAAGTTGTTCACx-M1,Generalist_NE,0.14509528301886793,1
gex_possorted_bam_SJSO3:CTGTTAAAGCGAGCGAx-M1,Generalist_NE,0.14509528301886793,1
gex_possorted_bam_SJSO3:CTGCAATAGGTCGATTx-M1,Arc_1,0.19555226415094337,8
gex_possorted_bam_SJSO3:CTGCTCCCACAAGCCTx-M1,Generalist_NE,0.34371235849056603,13
gex_possorted_bam_SJSO3:CTGACCAAGGGTGAACx-M1,Generalist_NE,0.14509528301886793,1
gex_possorted_bam_SJSO3:CTGGATGTCCCTCACGx-M1,Generalist_NE,0.2501388490566038,11
gex_possorted_bam_SJSO3:CTGTTCATCACGTTAAx-M1,Arc_4,0.1184824716981132,2
gex_possorted_bam_SJSO3:CTGTAACAGACTTACAx-M1,Generalist_NE,0.2280815283018868,8
gex_possorted_bam_SJSO3:CTGCTCCCAAGGTCCTx-M1,Generalist_nonNE,0.13130147169811324,4
gex_possorted_bam_SJSO3:CTGTTCATCAATGTGCx-M1,Generalist_NE,0.1641001320754717,2
gex_possorted_bam_SJSO3:CTGCAATAGCAGCTCAx-M1,Generalist_NE,0.20043807547169806,3
gex_possorted_bam_SJSO3:CTGTGTGAGGGTCCACx-M1,Arc_4,0.21266283018867924,9
gex_possorted_bam_SJSO3:CTGCAATAGGGACGCAx-M1,Generalist_NE,0.15960311320754716,5
gex_possorted_bam_SJSO3:CTGTACCTCTTGACCCx-M1,Generalist_NE,0.1457062641509434,2
gex_possorted_bam_SJSO3:CTGCTCCCAAAGGTACx-M1,Generalist_NE,0.1536075283018868,2
gex_possorted_bam_SJSO3:CTGACCAAGATACTTGx-M1,Generalist_NE,0.1459867358490566,2
gex_possorted_bam_SJSO3:CTGCTATGTCCGTAGGx-M1,Generalist_NE,0.27887875471698115,10
gex_possorted_bam_SJSO3:CTGGATGTCCGTCCATx-M1,Generalist_NE,0.252556358490566,7
gex_possorted_bam_SJSO3:CTGTATTTCGGGACCTx-M1,Generalist_NE,0.16204277358490565,2
gex_possorted_bam_SJSO3:CTGTTAAAGCTCGCTTx-M1,Arc_4,0.1615692075471698,7
gex_possorted_bam_SJSO3:CTGTGTGAGGGACTAAx-M1,Generalist_nonNE,0.12689932075471697,2
gex_possorted_bam_SJSO3:CTGCTACTCCTCCATAx-M1,Generalist_nonNE,0.1495403962264151,3
gex_possorted_bam_SJSO3:CTGCTACTCCCTCATAx-M1,Arc_4,0.16128905660377355,6
gex_possorted_bam_SJSO3:CTGTATTTCGCAAACTx-M1,Generalist_NE,0.1457062641509434,2
gex_possorted_bam_SJSO3:CTGGTTTGTAATAGCTx-M1,Generalist_NE,0.1589891886792453,3
gex_possorted_bam_SJSO3:CTGTATTTCTGGTCCTx-M1,Generalist_nonNE,0.13102132075471698,3
gex_possorted_bam_SJSO3:CTGCAATAGGAGCATAx-M1,Generalist_NE,0.2619611132075471,10
gex_possorted_bam_SJSO3:CTGGTAAGTAGTTAACx-M1,Generalist_NE,0.16093305660377358,1
gex_possorted_bam_SJSO3:CTGCTACTCCATAAGCx-M1,Arc_1,0.22160175471698113,7
gex_possorted_bam_SJSO3:CTGCTATGTCAATAGTx-M1,Generalist_NE,0.14509528301886793,1
gex_possorted_bam_SJSO3:CTGATCACAGTTAGCCx-M1,Generalist_NE,0.14509528301886793,1
gex_possorted_bam_SJSO3:CTGTTAAAGACCATACx-M1,Generalist_nonNE,0.11545628301886793,2
gex_possorted_bam_SJSO3:CTGCTCCCATGTTGTGx-M1,Generalist_nonNE,0.12255694339622641,3
gex_possorted_bam_SJSO3:CTGCTATGTTGCCTCAx-M1,Generalist_nonNE,0.1680810566037736,5
gex_possorted_bam_SJSO3:CTGTACCTCCTTAGTTx-M1,Arc_4,0.1418440754716981,4
gex_possorted_bam_SJSO3:CTGCTACTCTCGCCTGx-M1,Generalist_NE,0.15018777358490562,3
gex_possorted_bam_SJSO3:CTGGTTACAATTGAAGx-M1,Generalist_nonNE,0.11573643396226416,3
gex_possorted_bam_SJSO3:CTGTACCTCGTTAACAx-M1,Generalist_NE,0.17205800000000002,4
gex_possorted_bam_SJSO3:CTGCAATAGGCGCATCx-M1,Generalist_NE,0.2884099245283019,10
gex_possorted_bam_SJSO3:CTGTGTGAGCTGAGGGx-M1,Arc_6,0.13410216981132075,1
gex_possorted_bam_SJSO3:CTGGTAAGTGCAATGCx-M1,Generalist_NE,0.14509528301886793,1
gex_possorted_bam_SJSO3:CTGCTCCCACCTACGGx-M1,Generalist_NE,0.14509528301886793,1
gex_possorted_bam_SJSO3:CTGGTCAAGGCATGAAx-M1,Generalist_nonNE,0.11823045283018867,1
gex_possorted_bam_SJSO3:CTGCTCCCATAGACTTx-M1,Generalist_NE,0.1599737547169811,2
gex_possorted_bam_SJSO3:CTGGCTAAGCTCCCTGx-M1,Arc_4,0.1418440754716981,4
gex_possorted_bam_SJSO3:CTGTAACAGTTGTCTTx-M1,Generalist_NE,0.16118088679245285,3
gex_possorted_bam_SJSO3:CTGTACCTCGCGCTAAx-M1,Generalist_NE,0.16093305660377358,1
gex_possorted_bam_SJSO3:CTGTTCATCCTTCGTAx-M1,Generalist_NE,0.14509528301886793,1
gex_possorted_bam_SJSO3:CTTCAAGCAAACCCTAx-M1,Generalist_NE,0.1599737547169811,2
gex_possorted_bam_SJSO3:CTTCATCCAGCTAATTx-M1,Generalist_NE,0.1536075283018868,2
gex_possorted_bam_SJSO3:CTGTTGGAGACAACAGx-M1,Generalist_NE,0.19809477358490565,7
gex_possorted_bam_SJSO3:CTTCATCCAGTTAAAGx-M1,Generalist_nonNE,0.1069229433962264,1
gex_possorted_bam_SJSO3:CTTCATCCATTGACATx-M1,Generalist_NE,0.14509528301886793,1
gex_possorted_bam_SJSO3:CTTCAGGAGTACTGGTx-M1,Generalist_nonNE,0.17026762264150944,4
gex_possorted_bam_SJSO3:CTTAACAAGGGCTTATx-M1,Generalist_nonNE,0.21746856603773584,9
gex_possorted_bam_SJSO3:CTTACCGGTATTGTCCx-M1,Generalist_NE,0.3193765660377359,14
gex_possorted_bam_SJSO3:CTGTTTAGTTACTTCAx-M1,Generalist_nonNE,0.11365409433962263,3
gex_possorted_bam_SJSO3:CTTAAGGGTAGTAAGAx-M1,Generalist_nonNE,0.14045035849056603,4
gex_possorted_bam_SJSO3:CTTAGGAGTTGGCCGAx-M1,Generalist_nonNE,0.15124275471698112,6
gex_possorted_bam_SJSO3:CTGTTGGAGTAACGAGx-M1,Generalist_NE,0.15062811320754718,5
gex_possorted_bam_SJSO3:CTTACCTCATCACTTCx-M1,Generalist_nonNE,0.12132562264150942,2
gex_possorted_bam_SJSO3:CTTAACAAGGAGTCGGx-M1,Generalist_NE,0.1459867358490566,2
gex_possorted_bam_SJSO3:CTTACCTCAGAAACGTx-M1,Generalist_NE,0.14509528301886793,1
gex_possorted_bam_SJSO3:CTGTTGGAGCACAGCCx-M1,Generalist_NE,0.14509528301886793,1
gex_possorted_bam_SJSO3:CTTCAGGAGCTACTGGx-M1,Generalist_NE,0.16393230188679245,2
gex_possorted_bam_SJSO3:CTTACCTCATGTCAGCx-M1,Generalist_NE,0.14509528301886793,1
gex_possorted_bam_SJSO3:CTTACCGGTTCCGCACx-M1,Generalist_NE,0.2678383962264151,8
gex_possorted_bam_SJSO3:CTTCAATTCGATTTGAx-M1,Generalist_NE,0.17205800000000002,4
gex_possorted_bam_SJSO3:CTTATGTTCTCGACCTx-M1,Generalist_NE,0.16515209433962266,5
gex_possorted_bam_SJSO3:CTTCAATTCGTTAAGCx-M1,Generalist_NE,0.14509528301886793,1
gex_possorted_bam_SJSO3:CTTATGTTCGTTATCTx-M1,Generalist_NE,0.16204277358490565,2
gex_possorted_bam_SJSO3:CTTACCGGTTCGCTCAx-M1,Generalist_NE,0.15047694339622641,2
gex_possorted_bam_SJSO3:CTTATGTTCCTTTACGx-M1,Generalist_NE,0.14509528301886793,1
gex_possorted_bam_SJSO3:CTTATGTTCCTAATAGx-M1,Generalist_NE,0.13948383018867921,2
gex_possorted_bam_SJSO3:CTTCTAAGTTTATCTGx-M1,Generalist_NE,0.13948383018867921,2
gex_possorted_bam_SJSO3:CTTCTAAGTTAGCGTAx-M1,Generalist_nonNE,0.12900656603773583,2
gex_possorted_bam_SJSO3:CTTAGTTTCATTAGTGx-M1,Generalist_NE,0.19335696226415094,4
gex_possorted_bam_SJSO3:CTTACCGGTTTGTGGAx-M1,Generalist_NE,0.15121166037735848,1
gex_possorted_bam_SJSO3:CTTCTAAGTACTGAATx-M1,Generalist_NE,0.14509528301886793,1
gex_possorted_bam_SJSO3:CTGTTCATCTATTGTCx-M1,Generalist_NE,0.24208354716981131,9
gex_possorted_bam_SJSO3:CTTACCTCAGTTAAAGx-M1,Arc_6,0.15047694339622641,2
gex_possorted_bam_SJSO3:CTTATTGGTTAATGACx-M1,Generalist_NE,0.2295364716981132,8
gex_possorted_bam_SJSO3:CTTCACTCATAATCCGx-M1,Generalist_nonNE,0.12002915094339624,2
gex_possorted_bam_SJSO3:CTTACCGGTTGTCATCx-M1,Generalist_NE,0.20522713207547166,6
gex_possorted_bam_SJSO3:CTTACCGGTTCAAGCAx-M1,Generalist_NE,0.13410216981132075,1
gex_possorted_bam_SJSO3:CTTAGGAGTCGACTAAx-M1,Arc_3,0.19867350943396225,7
gex_possorted_bam_SJSO3:CTTCACTCAATTATGCx-M1,Generalist_nonNE,0.13127069811320755,3
gex_possorted_bam_SJSO3:CTTCTAAGTTACAAACx-M1,Generalist_NE,0.27406611320754715,10
gex_possorted_bam_SJSO3:CTTCACTCATTGTGTGx-M1,Generalist_NE,0.24936400000000003,8
gex_possorted_bam_SJSO3:CTTCAATTCTTACTCGx-M1,Generalist_NE,0.14509528301886793,1
gex_possorted_bam_SJSO3:CTTATGTTCCCGTTACx-M1,Generalist_nonNE,0.14588166037735847,4
gex_possorted_bam_SJSO3:CTTCAGGAGGCCAATTx-M1,Arc_6,0.1981013396226415,6
gex_possorted_bam_SJSO3:CTGTTTAGTACGTTTCx-M1,Generalist_NE,0.1961949245283019,5
gex_possorted_bam_SJSO3:CTTAGTTTCTGGTCCTx-M1,Generalist_NE,0.14509528301886793,1
gex_possorted_bam_SJSO3:CTTACTAGTTCCATTAx-M1,Generalist_NE,0.14509528301886793,1
gex_possorted_bam_SJSO3:CTTACTAGTGTTGCTTx-M1,Arc_6,0.24382962264150942,12
gex_possorted_bam_SJSO3:CTTCGCGTCAAGTGAGx-M1,Generalist_nonNE,0.25946692452830183,10
gex_possorted_bam_SJSO3:CTTATGTTCGTTCACCx-M1,Generalist_NE,0.11131539622641509,2
gex_possorted_bam_SJSO3:CTTATGTTCCGTTAAAx-M1,Generalist_nonNE,0.1568671886792453,3
gex_possorted_bam_SJSO3:CTTCAAGCAGGCTAGAx-M1,Generalist_NE,0.16431147169811322,3
gex_possorted_bam_SJSO3:CTTCGCGTCACAAGCTx-M1,Arc_3,0.23388167924528305,8
gex_possorted_bam_SJSO3:CTTCAAGCAATAACGAx-M1,Arc_5,0.17210845283018872,4
gex_possorted_bam_SJSO3:CTTGCTCAGGCTGTGCx-M1,Arc_1,0.2941428113207547,13
gex_possorted_bam_SJSO3:CTTGCATGTAGGATTTx-M1,Arc_4,0.13365332075471698,4
gex_possorted_bam_SJSO3:CTTGTTTAGCAGGCCTx-M1,Generalist_NE,0.1524935471698113,4
gex_possorted_bam_SJSO3:CTTGTAAAGTACCGCAx-M1,Generalist_NE,0.13948383018867921,2
gex_possorted_bam_SJSO3:CTTGGACCACCAGGTTx-M1,Arc_2,0.156625962264151,6
gex_possorted_bam_SJSO3:CTTGCTCAGTAAGTGGx-M1,Generalist_NE,0.1459867358490566,2
gex_possorted_bam_SJSO3:CTTTAGGCACAAAGCGx-M1,Generalist_nonNE,0.11573643396226416,3
gex_possorted_bam_SJSO3:CTTTGGGAGTTATGGCx-M1,Generalist_NE,0.13410216981132075,1
gex_possorted_bam_SJSO3:CTTTATCAGGAGTCTTx-M1,Generalist_nonNE,0.14587047169811324,3
gex_possorted_bam_SJSO3:CTTTGAGCAGCATGGAx-M1,Generalist_nonNE,0.11545628301886793,2
gex_possorted_bam_SJSO3:CTTTGAGCAATAACCTx-M1,Generalist_nonNE,0.11365409433962263,3
gex_possorted_bam_SJSO3:CTTGTCCAGGTCGATTx-M1,Generalist_NE,0.22498464150943395,7
gex_possorted_bam_SJSO3:CTTGTAAAGGCTATGTx-M1,Generalist_NE,0.14509528301886793,1
gex_possorted_bam_SJSO3:CTTGTAAAGCTGGAAAx-M1,Generalist_NE,0.14673864150943394,3
gex_possorted_bam_SJSO3:CTTGTCCAGCCTGAGCx-M1,Generalist_nonNE,0.12340796226415095,2
gex_possorted_bam_SJSO3:CTTTGAGCATCTTGAGx-M1,Generalist_nonNE,0.15266137735849053,4
gex_possorted_bam_SJSO3:CTTGTTCCAGTTAGCCx-M1,Arc_3,0.32854264150943396,14
gex_possorted_bam_SJSO3:CTTGAATCACTGACCGx-M1,Generalist_NE,0.14509528301886793,1
gex_possorted_bam_SJSO3:CTTTCTTGTGCAACTAx-M1,Arc_5,0.13410216981132075,1
gex_possorted_bam_SJSO3:CTTGTCCAGTCGCTAGx-M1,Arc_6,0.1457062641509434,2
gex_possorted_bam_SJSO3:CTTGTTCCATAATGTCx-M1,Arc_1,0.12255694339622641,3
gex_possorted_bam_SJSO3:CTTTAGGCAGGCTAGAx-M1,Generalist_NE,0.1510879245283019,3
gex_possorted_bam_SJSO3:CTTTAGGCATTAGCGCx-M1,Generalist_NE,0.2627123396226415,11
gex_possorted_bam_SJSO3:CTTTGGTGTCATTGTCx-M1,Generalist_nonNE,0.13256716981132075,3
gex_possorted_bam_SJSO3:CTTGCGCGTAGGTTGCx-M1,Arc_4,0.12913935849056601,3
gex_possorted_bam_SJSO3:CTTTAGTTCGGGCCATx-M1,Generalist_NE,0.26630715094339624,13
gex_possorted_bam_SJSO3:CTTGCAACAGCTAATTx-M1,Generalist_NE,0.15121166037735848,1
gex_possorted_bam_SJSO3:CTTGCAACATTAGCCAx-M1,Generalist_NE,0.13948383018867921,2
gex_possorted_bam_SJSO3:CTTTGGTGTTCCTGTGx-M1,Generalist_NE,0.14509528301886793,1
gex_possorted_bam_SJSO3:CTTGTCCAGTCTGGGCx-M1,Generalist_NE,0.1596212641509434,4
gex_possorted_bam_SJSO3:CTTTGAGCAGGGAGCTx-M1,Generalist_NE,0.13410216981132075,1
gex_possorted_bam_SJSO3:CTTTATCAGATGGACAx-M1,Generalist_nonNE,0.11823045283018867,1
gex_possorted_bam_SJSO3:CTTGAATCACGAACAGx-M1,Generalist_NE,0.18410783018867927,3
gex_possorted_bam_SJSO3:CTTGCGCGTGGGTGAAx-M1,Generalist_NE,0.255452037735849,7
gex_possorted_bam_SJSO3:CTTTGAGCACCTGGTGx-M1,Generalist_NE,0.1447123962264151,4
gex_possorted_bam_SJSO3:CTTGTTTAGCTAAAGGx-M1,Generalist_NE,0.15018777358490562,3
gex_possorted_bam_SJSO3:CTTTAGGCACCTCACCx-M1,Arc_4,0.16128905660377355,6
gex_possorted_bam_SJSO3:CTTGCAACAATAATGGx-M1,Generalist_NE,0.14509528301886793,1
gex_possorted_bam_SJSO3:CTTTAGGCATTAGGTTx-M1,Generalist_nonNE,0.12190728301886794,3
gex_possorted_bam_SJSO3:CTTGTCCAGTAACCACx-M1,Generalist_NE,0.1641001320754717,2
gex_possorted_bam_SJSO3:CTTGCATGTTGTCCATx-M1,Arc_1,0.12120556603773584,4
gex_possorted_bam_SJSO3:CTTGTAAAGTAAAGGTx-M1,Generalist_nonNE,0.12120556603773584,4
gex_possorted_bam_SJSO3:CTTTGAGCAGGCTTGTx-M1,Generalist_NE,0.14509528301886793,1
gex_possorted_bam_SJSO3:GAACCAGCATTGTGGCx-M1,Generalist_nonNE,0.11545628301886793,2
gex_possorted_bam_SJSO3:GAAGTATAGACTCGCAx-M1,Generalist_NE,0.17189016981132077,4
gex_possorted_bam_SJSO3:GAACCGCTCGACCTGAx-M1,Generalist_NE,0.1447123962264151,4
gex_possorted_bam_SJSO3:GAACTTATCACTCGCTx-M1,Generalist_NE,0.14509528301886793,1
gex_possorted_bam_SJSO3:GAACCAGCATAGACCCx-M1,Generalist_NE,0.14509528301886793,1
gex_possorted_bam_SJSO3:GAAGGCCCACAATGTTx-M1,Generalist_nonNE,0.126436679245283,2
gex_possorted_bam_SJSO3:GAACTTATCCCGTTACx-M1,Generalist_NE,0.15047694339622641,2
gex_possorted_bam_SJSO3:GAAGGCTAGACAAAGTx-M1,Generalist_NE,0.13410216981132075,1
gex_possorted_bam_SJSO3:GAAGTATAGCTGTACGx-M1,Generalist_NE,0.14509528301886793,1
gex_possorted_bam_SJSO3:GAACCAGCAAACTGTTx-M1,Arc_4,0.126436679245283,2
gex_possorted_bam_SJSO3:GAACACAAGCCATCAGx-M1,Arc_6,0.3082625283018868,11
gex_possorted_bam_SJSO3:GAACCTGTCTGGCTTCx-M1,Generalist_NE,0.13948383018867921,2
gex_possorted_bam_SJSO3:GAACACAAGTCCTGAGx-M1,Generalist_NE,0.14509528301886793,1
gex_possorted_bam_SJSO3:GAACCTGTCCTAACGGx-M1,Generalist_NE,0.32995054716981126,17
gex_possorted_bam_SJSO3:GAACCAGCAGTTATCGx-M1,Generalist_nonNE,0.11337394339622642,2
gex_possorted_bam_SJSO3:GAAGGCTAGGCTGGCTx-M1,Generalist_NE,0.12985896226415095,3
gex_possorted_bam_SJSO3:GAACACAAGAGCAAGCx-M1,Arc_6,0.13927245283018866,3
gex_possorted_bam_SJSO3:CTTTGTCCATGAAATGx-M1,Arc_4,0.14212422641509434,5
gex_possorted_bam_SJSO3:GAACACAAGGGCTTATx-M1,Generalist_NE,0.23164083018867923,6
gex_possorted_bam_SJSO3:GAAGGCTAGGAAACTGx-M1,Generalist_NE,0.15962477358490565,3
gex_possorted_bam_SJSO3:GAACCAAAGTCCTTCAx-M1,Generalist_NE,0.14970822641509435,3
gex_possorted_bam_SJSO3:GAAAGGCTCCAACTGGx-M1,Generalist_nonNE,0.11573643396226416,3
gex_possorted_bam_SJSO3:GAACCGCTCCCGTTGTx-M1,Arc_4,0.13962003773584905,3
gex_possorted_bam_SJSO3:GAAAGGCTCGATTCTTx-M1,Generalist_NE,0.16232524528301887,2
gex_possorted_bam_SJSO3:GAAACCCGTCATGCCCx-M1,Generalist_NE,0.14509528301886793,1
gex_possorted_bam_SJSO3:GAAAGGCTCCATTACTx-M1,Arc_1,0.10720309433962265,2
gex_possorted_bam_SJSO3:GAAAGCCAGGCCATCAx-M1,Arc_4,0.1422937358490566,4
gex_possorted_bam_SJSO3:GAACCTGTCACTTCATx-M1,Arc_6,0.14509528301886793,1
gex_possorted_bam_SJSO3:GAACCAGCATTATGGTx-M1,Generalist_NE,0.14509528301886793,1
gex_possorted_bam_SJSO3:GAACCGCTCACCAATAx-M1,Generalist_NE,0.15019254716981134,1
gex_possorted_bam_SJSO3:GAAGGCTAGCGGTTATx-M1,Arc_4,0.1418440754716981,4
gex_possorted_bam_SJSO3:GAACCTGTCATTAGTGx-M1,Generalist_NE,0.19318913207547167,4
gex_possorted_bam_SJSO3:CTTTGTCCATTTAAGCx-M1,Generalist_NE,0.2643749622641509,8
gex_possorted_bam_SJSO3:GAACCTGTCGATATTGx-M1,Generalist_NE,0.15047694339622641,2
gex_possorted_bam_SJSO3:GAACCTGTCTAAATCGx-M1,Generalist_NE,0.1618749433962264,2
gex_possorted_bam_SJSO3:GACGCAACAGCATGTCx-M1,Generalist_NE,0.14509528301886793,1
gex_possorted_bam_SJSO3:GACCTGATCCGCCTATx-M1,Generalist_nonNE,0.11487462264150941,1
gex_possorted_bam_SJSO3:GACATTATCTAGCTAAx-M1,Generalist_NE,0.14509528301886793,1
gex_possorted_bam_SJSO3:GACGCAACAGGCATGAx-M1,Generalist_NE,0.1457062641509434,2
gex_possorted_bam_SJSO3:GACCTGATCCATAATGx-M1,Generalist_NE,0.14509528301886793,1
gex_possorted_bam_SJSO3:GACCTAGTCGTTTCGCx-M1,Generalist_NE,0.20078577358490565,5
gex_possorted_bam_SJSO3:GACATTATCATTTGCTx-M1,Generalist_NE,0.25015269811320756,9
gex_possorted_bam_SJSO3:GACCTGATCCCTGGAAx-M1,Generalist_NE,0.15019254716981134,1
gex_possorted_bam_SJSO3:GAAGTGATCCGCAAGCx-M1,Generalist_nonNE,0.12120556603773584,4
gex_possorted_bam_SJSO3:GACATAGAGCCACATGx-M1,Arc_4,0.1615692075471698,7
gex_possorted_bam_SJSO3:GACTATTCAGCAACCTx-M1,Generalist_NE,0.2069513396226415,6
gex_possorted_bam_SJSO3:GACCTAGTCCTTAATCx-M1,Arc_4,0.1615692075471698,7
gex_possorted_bam_SJSO3:GACATTATCGAGGAACx-M1,Generalist_NE,0.13410216981132075,1
gex_possorted_bam_SJSO3:GACCTTTGTGATTACGx-M1,Generalist_nonNE,0.12218743396226416,4
gex_possorted_bam_SJSO3:GACACCGGTTGCATCTx-M1,Generalist_nonNE,0.10486439622641511,1
gex_possorted_bam_SJSO3:GACCTTTGTTGTGATGx-M1,Arc_6,0.22780892452830187,8
gex_possorted_bam_SJSO3:GACCGAACAGCATTATx-M1,Generalist_NE,0.25368450943396226,11
gex_possorted_bam_SJSO3:GACCGAACACAATGTTx-M1,Arc_3,0.30791598113207547,11
gex_possorted_bam_SJSO3:GACGCAACACAAAGACx-M1,Generalist_nonNE,0.12340796226415095,2
gex_possorted_bam_SJSO3:GACACCGGTGCTGTAAx-M1,Generalist_nonNE,0.11337394339622642,2
gex_possorted_bam_SJSO3:GACCGTTCAAGTGTTTx-M1,Generalist_NE,0.15047694339622641,2
gex_possorted_bam_SJSO3:GACTAATGTTACCTGTx-M1,Generalist_NE,0.18669267924528302,5
gex_possorted_bam_SJSO3:GACACCGGTAAAGCGGx-M1,Generalist_nonNE,0.11545628301886793,2
gex_possorted_bam_SJSO3:GAAGTGATCGGTTTGGx-M1,Arc_4,0.13130147169811324,4
gex_possorted_bam_SJSO3:GACACCGGTGCGCAATx-M1,Generalist_NE,0.14509528301886793,1
gex_possorted_bam_SJSO3:GAATTTGTCGTCAAGTx-M1,Generalist_nonNE,0.10720309433962265,2
gex_possorted_bam_SJSO3:GACACCGGTAAGCTTGx-M1,Generalist_nonNE,0.2437642075471698,11
gex_possorted_bam_SJSO3:GACACCGGTACCGTAAx-M1,Generalist_NE,0.14509528301886793,1
gex_possorted_bam_SJSO3:GACACCGGTGTTAGCAx-M1,Generalist_NE,0.1589891886792453,3
gex_possorted_bam_SJSO3:GACACCGGTTGTTGGAx-M1,Arc_1,0.13979971698113208,6
gex_possorted_bam_SJSO3:GACCTGCAGGAAACTGx-M1,Generalist_NE,0.16685264150943396,1
gex_possorted_bam_SJSO3:GACACCGGTGTCACGGx-M1,Arc_4,0.16128905660377355,6
gex_possorted_bam_SJSO3:GACTCACCACCTAAGCx-M1,Generalist_NE,0.19723143396226414,6
gex_possorted_bam_SJSO3:GACCGAACAGTATGTTx-M1,Generalist_NE,0.13948383018867921,2
gex_possorted_bam_SJSO3:GACGCCTAGCACTTGGx-M1,Generalist_NE,0.3419247735849057,14
gex_possorted_bam_SJSO3:GACGTAAAGGCATTACx-M1,Generalist_nonNE,0.11573643396226416,3
gex_possorted_bam_SJSO3:GACCTTTGTGCTGTAAx-M1,Generalist_nonNE,0.12132562264150942,2
gex_possorted_bam_SJSO3:GACCGTTCATTGTGTGx-M1,Generalist_NE,0.20078577358490565,5
gex_possorted_bam_SJSO3:GACCGAACAGTTATGTx-M1,Generalist_NE,0.14509528301886793,1
gex_possorted_bam_SJSO3:GAAGTCAAGAAAGGAAx-M1,Generalist_nonNE,0.13365332075471698,4
gex_possorted_bam_SJSO3:GACCTAGTCATTGTCTx-M1,Generalist_NE,0.26288726415094343,8
gex_possorted_bam_SJSO3:GACGCAACATTGACATx-M1,Generalist_NE,0.14509528301886793,1
gex_possorted_bam_SJSO3:GACACCGGTGTAACCAx-M1,Generalist_NE,0.20360926415094338,5
gex_possorted_bam_SJSO3:GACCTGCAGCATGTTAx-M1,Arc_1,0.17205800000000002,4
gex_possorted_bam_SJSO3:GACCGAACACCATATGx-M1,Generalist_NE,0.14509528301886793,1
gex_possorted_bam_SJSO3:GACGTAAAGGTTAGCTx-M1,Generalist_NE,0.14509528301886793,1
gex_possorted_bam_SJSO3:GACACCGGTGGGTGAAx-M1,Generalist_nonNE,0.11528677358490567,3
gex_possorted_bam_SJSO3:GACGCCTAGCTAATTGx-M1,Generalist_nonNE,0.126436679245283,2
gex_possorted_bam_SJSO3:GACCTGCAGGTTACACx-M1,Generalist_NE,0.21242041509433962,8
gex_possorted_bam_SJSO3:GAGCTAGCAGCTACGTx-M1,Arc_3,0.17935877358490568,6
gex_possorted_bam_SJSO3:GAGCCACTCGGGCCATx-M1,Arc_6,0.2172182075471698,7
gex_possorted_bam_SJSO3:GAGCCTTCAGCCAGTTx-M1,Generalist_NE,0.1696931320754717,4
gex_possorted_bam_SJSO3:GAGCGAAGTCAGTAATx-M1,Generalist_nonNE,0.13256716981132075,3
gex_possorted_bam_SJSO3:GAGCTTAGTGCTCCGTx-M1,Generalist_nonNE,0.1265641320754717,1
gex_possorted_bam_SJSO3:GACTCACCAGGAATCGx-M1,Generalist_NE,0.21376807547169813,7
gex_possorted_bam_SJSO3:GAGAAACGTTACAACGx-M1,Generalist_NE,0.16000694339622643,4
gex_possorted_bam_SJSO3:GAGCAAATCAGTTCCCx-M1,Generalist_NE,0.14509528301886793,1
gex_possorted_bam_SJSO3:GAGCAAATCCCGAACAx-M1,Generalist_NE,0.17700403773584905,4
gex_possorted_bam_SJSO3:GAGCAAATCGCTTCTAx-M1,Generalist_NE,0.15047694339622641,2
gex_possorted_bam_SJSO3:GACTTAGGTCTTACTAx-M1,Generalist_NE,0.18093877358490568,6
gex_possorted_bam_SJSO3:GAGCGATAGAACAAGTx-M1,Generalist_nonNE,0.12132562264150942,2
gex_possorted_bam_SJSO3:GAGCATGCAATAAGCAx-M1,Generalist_NE,0.1459867358490566,2
gex_possorted_bam_SJSO3:GAGCGAAGTCATGAGCx-M1,Generalist_NE,0.18497516981132076,5
gex_possorted_bam_SJSO3:GAGCCTTCATACTCCTx-M1,Generalist_nonNE,0.15124275471698112,6
gex_possorted_bam_SJSO3:GACTTACAGTTCCCGTx-M1,Generalist_NE,0.13958518867924527,5
gex_possorted_bam_SJSO3:GACTCACCAGGCAAGCx-M1,Arc_3,0.3217048113207546,11
gex_possorted_bam_SJSO3:GACTCACCAGGTTAAAx-M1,Arc_2,0.17267383018867924,7
gex_possorted_bam_SJSO3:GAGAAACGTTCACCATx-M1,Arc_4,0.11337394339622642,2
gex_possorted_bam_SJSO3:GAGAGGCGTTCCGCACx-M1,Generalist_NE,0.14616181132075473,5
gex_possorted_bam_SJSO3:GAGCAAATCCGCAACAx-M1,Generalist_nonNE,0.11823045283018867,1
gex_possorted_bam_SJSO3:GAGCTTAGTAGGTTGCx-M1,Generalist_NE,0.15119396226415094,5
gex_possorted_bam_SJSO3:GAGCGATAGCGCAATTx-M1,Generalist_NE,0.20826371698113208,2
gex_possorted_bam_SJSO3:GAGAGGCGTCTAGCTTx-M1,Generalist_NE,0.13948383018867921,2
gex_possorted_bam_SJSO3:GAGATAAGTCATGCCCx-M1,Arc_1,0.2858169056603773,12
gex_possorted_bam_SJSO3:GAGCTAGCATGCATATx-M1,Arc_4,0.20386718867924525,8
gex_possorted_bam_SJSO3:GACTCACCAGCTTAGCx-M1,Generalist_nonNE,0.11337394339622642,2
gex_possorted_bam_SJSO3:GAGCTAGCAATGAATGx-M1,Generalist_nonNE,0.14581890566037736,2
gex_possorted_bam_SJSO3:GAGAACCAGATAACCCx-M1,Generalist_NE,0.16207233962264153,4
gex_possorted_bam_SJSO3:GACTTACAGCCTAATAx-M1,Generalist_NE,0.14509528301886793,1
gex_possorted_bam_SJSO3:GAGAACCAGTGTTGTAx-M1,Generalist_NE,0.1769525283018868,2
gex_possorted_bam_SJSO3:GAGCAAATCATTGTCTx-M1,Generalist_NE,0.14509528301886793,1
gex_possorted_bam_SJSO3:GACTTACAGTGACCTGx-M1,Arc_2,0.16285192452830188,5
gex_possorted_bam_SJSO3:GAGAACCAGCTGGACCx-M1,Arc_5,0.1589891886792453,3
gex_possorted_bam_SJSO3:GAGCAAATCATGGTTAx-M1,Generalist_NE,0.20676073584905655,3
gex_possorted_bam_SJSO3:GACTTACAGTTAGTTGx-M1,Generalist_NE,0.1589891886792453,3
gex_possorted_bam_SJSO3:GAGCTAGCATTCAGCAx-M1,Generalist_NE,0.21865190566037734,6
gex_possorted_bam_SJSO3:GACTTGGTCGTCATTTx-M1,Generalist_NE,0.24941396226415094,8
gex_possorted_bam_SJSO3:GAGATAAGTGCCTCACx-M1,Arc_6,0.13410216981132075,1
gex_possorted_bam_SJSO3:GAGCTAGCATAAGCAAx-M1,Generalist_NE,0.13948383018867921,2
gex_possorted_bam_SJSO3:GAGCGGTCAAAGGCCAx-M1,Generalist_NE,0.1459867358490566,2
gex_possorted_bam_SJSO3:GAGCCACTCCTAATGAx-M1,Arc_6,0.13948383018867921,2
gex_possorted_bam_SJSO3:GAGCTAGCAATACTGTx-M1,Arc_6,0.13948383018867921,2
gex_possorted_bam_SJSO3:GAGCGAAGTTGTAAACx-M1,Generalist_NE,0.15387843396226414,2
gex_possorted_bam_SJSO3:GAGTGAGGTCAATACGx-M1,Generalist_NE,0.1459867358490566,2
gex_possorted_bam_SJSO3:GAGGCCTTCACACAGTx-M1,Generalist_nonNE,0.1069229433962264,1
gex_possorted_bam_SJSO3:GAGGAGGCAAGTGTTTx-M1,Generalist_nonNE,0.12282816981132075,3
gex_possorted_bam_SJSO3:GAGTGAGGTCATGCAAx-M1,Generalist_NE,0.15047694339622641,2
gex_possorted_bam_SJSO3:GAGGTTAAGATAGACGx-M1,Generalist_NE,0.23632109433962262,9
gex_possorted_bam_SJSO3:GAGGTACAGCCGCAACx-M1,Generalist_NE,0.2069513396226415,6
gex_possorted_bam_SJSO3:GAGTAATAGTGAACCTx-M1,Generalist_NE,0.1459867358490566,2
gex_possorted_bam_SJSO3:GAGTGATCAAGGTGGCx-M1,Generalist_NE,0.11337394339622642,2
gex_possorted_bam_SJSO3:GAGGTACAGAAGGTGCx-M1,Generalist_nonNE,0.15322166037735846,5
gex_possorted_bam_SJSO3:GAGTAATAGAAAGGAAx-M1,Generalist_nonNE,0.24562379245283014,9
gex_possorted_bam_SJSO3:GAGGCTTGTCATAACGx-M1,Generalist_nonNE,0.1339245471698113,4
gex_possorted_bam_SJSO3:GAGCTTAGTTCCGGGAx-M1,Generalist_NE,0.16334875471698113,4
gex_possorted_bam_SJSO3:GAGTAATAGTTTGTCTx-M1,Generalist_NE,0.26950252830188676,11
gex_possorted_bam_SJSO3:GAGGAGGCATGAATCTx-M1,Arc_6,0.1459867358490566,2
gex_possorted_bam_SJSO3:GAGGTAGGTTTGCTGTx-M1,Arc_1,0.14075269811320754,6
gex_possorted_bam_SJSO3:GAGCTTAGTTTCGCGCx-M1,Arc_4,0.12169666037735849,2
gex_possorted_bam_SJSO3:GAGTAACCAACTAGCCx-M1,Generalist_NE,0.1980706226415094,1
gex_possorted_bam_SJSO3:GAGGAGGCAAAGGTACx-M1,Generalist_NE,0.1459867358490566,2
gex_possorted_bam_SJSO3:GAGCTTGTCTCACTATx-M1,Generalist_nonNE,0.13127069811320755,3
gex_possorted_bam_SJSO3:GAGTAACCAATTTGGTx-M1,Generalist_NE,0.13410216981132075,1
gex_possorted_bam_SJSO3:GAGGTTAAGGTTTGCGx-M1,Arc_4,0.13510554716981132,3
gex_possorted_bam_SJSO3:GAGTAACCAGCTTACAx-M1,Generalist_NE,0.23251939622641513,9
gex_possorted_bam_SJSO3:GAGTCAAAGACTATTGx-M1,Generalist_nonNE,0.10720309433962265,2
gex_possorted_bam_SJSO3:GAGTAACCAAACTGTTx-M1,Generalist_NE,0.13410216981132075,1
gex_possorted_bam_SJSO3:GAGTCATTCCGGCTAAx-M1,Arc_1,0.17322383018867926,5
gex_possorted_bam_SJSO3:GAGTATCTCCTGGTGAx-M1,Generalist_nonNE,0.11823045283018867,1
gex_possorted_bam_SJSO3:GAGTAATAGCACTTGGx-M1,Arc_3,0.30654528301886785,10
gex_possorted_bam_SJSO3:GAGTAATAGGACGTAAx-M1,Generalist_nonNE,0.11573643396226416,3
gex_possorted_bam_SJSO3:GAGGACTAGTAGCTTAx-M1,Generalist_NE,0.20847558490566037,6
gex_possorted_bam_SJSO3:GAGGCTACAACAGGTGx-M1,Generalist_nonNE,0.19385050943396226,7
gex_possorted_bam_SJSO3:GAGGTGAGTCCAAGACx-M1,Generalist_NE,0.1459867358490566,2
gex_possorted_bam_SJSO3:GAGGCCTTCAAGCTTAx-M1,Generalist_NE,0.1459867358490566,2
gex_possorted_bam_SJSO3:GAGGAGGCAGAATGACx-M1,Arc_4,0.1069229433962264,1
gex_possorted_bam_SJSO3:GAGTAACCAATCCCTTx-M1,Generalist_NE,0.21024828301886792,2
gex_possorted_bam_SJSO3:GAGGGAGCAACCCTAAx-M1,Generalist_nonNE,0.12120556603773584,4
gex_possorted_bam_SJSO3:GAGTAATAGCAACAAGx-M1,Generalist_NE,0.14509528301886793,1
gex_possorted_bam_SJSO3:GAGGTGAGTATTTGGGx-M1,Generalist_nonNE,0.12489564150943396,4
gex_possorted_bam_SJSO3:GAGTAACCAGGTTACCx-M1,Arc_6,0.17755583018867924,2
gex_possorted_bam_SJSO3:GAGTAACCAAACGCGAx-M1,Arc_6,0.16093196226415094,5
gex_possorted_bam_SJSO3:GAGGCAAGTGTAATACx-M1,Generalist_nonNE,0.1265641320754717,1
gex_possorted_bam_SJSO3:GAGGCTACATCGTTCTx-M1,Generalist_NE,0.1980706226415094,1
gex_possorted_bam_SJSO3:GAGGCCTTCACGCCAAx-M1,Generalist_nonNE,0.13130147169811324,4
gex_possorted_bam_SJSO3:GAGTAACCATTGTCAGx-M1,Generalist_NE,0.22213364150943396,8
gex_possorted_bam_SJSO3:GAGTAACCACCTGGTGx-M1,Generalist_NE,0.267519,8
gex_possorted_bam_SJSO3:GAGGCAAGTGGATGTCx-M1,Generalist_NE,0.14509528301886793,1
gex_possorted_bam_SJSO3:GAGGCTACAACTAGGGx-M1,Arc_4,0.126436679245283,2
gex_possorted_bam_SJSO3:GAGTATCTCCCTCTAAx-M1,Generalist_NE,0.17205800000000002,4
gex_possorted_bam_SJSO3:GATAGACCAAGGACCAx-M1,Generalist_NE,0.1447123962264151,4
gex_possorted_bam_SJSO3:GATCCGTCAACCTAATx-M1,Generalist_nonNE,0.13463688679245284,3
gex_possorted_bam_SJSO3:GATCGCTCAGGCCATTx-M1,Generalist_NE,0.14509528301886793,1
gex_possorted_bam_SJSO3:GAGTTTGGTTATTGCCx-M1,Generalist_nonNE,0.1069229433962264,1
gex_possorted_bam_SJSO3:GATCACTAGAAGGTGCx-M1,Arc_6,0.24671332075471694,7
gex_possorted_bam_SJSO3:GATCAAGAGGGTTAGAx-M1,Generalist_NE,0.13410216981132075,1
gex_possorted_bam_SJSO3:GATAAAGGTGTCACGGx-M1,Generalist_NE,0.16916518867924527,2
gex_possorted_bam_SJSO3:GATCGCTCAGTTTCTCx-M1,Arc_6,0.13948383018867921,2
gex_possorted_bam_SJSO3:GATGCGACACCTGGTGx-M1,Arc_3,0.33075609433962255,14
gex_possorted_bam_SJSO3:GAGTGTTTCCTTAATCx-M1,Generalist_nonNE,0.12461549056603774,3
gex_possorted_bam_SJSO3:GATAAGCCATTTAAGCx-M1,Generalist_NE,0.17262926415094337,4
gex_possorted_bam_SJSO3:GAGTTTGGTTACGCGGx-M1,Generalist_NE,0.16748037735849056,3
gex_possorted_bam_SJSO3:GATAAAGGTAAGGTCCx-M1,Arc_6,0.13410216981132075,1
gex_possorted_bam_SJSO3:GATGCAGCAGCAGGTAx-M1,Generalist_NE,0.14509528301886793,1
gex_possorted_bam_SJSO3:GAGTTGCGTTAGAGCCx-M1,Arc_5,0.2410891320754717,9
gex_possorted_bam_SJSO3:GATCGCTCACGAACAGx-M1,Generalist_NE,0.175070320754717,4
gex_possorted_bam_SJSO3:GATGACTTCTTCAATCx-M1,Generalist_NE,0.14673864150943394,3
gex_possorted_bam_SJSO3:GATGACTTCAAACACCx-M1,Arc_1,0.1457062641509434,2
gex_possorted_bam_SJSO3:GATCGAGCAAGGTGGCx-M1,Generalist_NE,0.24526501886792454,5
gex_possorted_bam_SJSO3:GATAAGCCAGTTTACGx-M1,Generalist_NE,0.14581890566037736,2
gex_possorted_bam_SJSO3:GATCCGTCAAGTGTCCx-M1,Generalist_NE,0.22084354716981133,7
gex_possorted_bam_SJSO3:GATAAGCCACGGTACTx-M1,Generalist_NE,0.19806866037735849,6
gex_possorted_bam_SJSO3:GATAACGAGTTTCCGCx-M1,Arc_1,0.3427389245283019,16
gex_possorted_bam_SJSO3:GAGTGTTTCCACCCTGx-M1,Arc_4,0.18171332075471697,7
gex_possorted_bam_SJSO3:GATAACGAGTTGCCTCx-M1,Generalist_NE,0.14509528301886793,1
gex_possorted_bam_SJSO3:GATAAGCCAAGGATTAx-M1,Generalist_nonNE,0.14454456603773586,4
gex_possorted_bam_SJSO3:GATAAAGGTGCATTAGx-M1,Generalist_NE,0.1459867358490566,2
gex_possorted_bam_SJSO3:GATAATCGTTTACCGTx-M1,Generalist_nonNE,0.13463688679245284,3
gex_possorted_bam_SJSO3:GATCCGTCACTGACCGx-M1,Generalist_nonNE,0.11545628301886793,2
gex_possorted_bam_SJSO3:GATCACTAGACAGGCGx-M1,Generalist_nonNE,0.11545628301886793,2
gex_possorted_bam_SJSO3:GATAATCGTTGCACAAx-M1,Arc_6,0.13410216981132075,1
gex_possorted_bam_SJSO3:GATCAGGCAATCCCTTx-M1,Generalist_NE,0.13948383018867921,2
gex_possorted_bam_SJSO3:GATCAAGAGCGAGCGAx-M1,Arc_4,0.12671683018867927,3
gex_possorted_bam_SJSO3:GATGCATTCCGCCTATx-M1,Arc_4,0.10646618867924527,1
gex_possorted_bam_SJSO3:GATCAGGCAAGGATTAx-M1,Generalist_NE,0.14509528301886793,1
gex_possorted_bam_SJSO3:GATCGCTCAGGATAACx-M1,Generalist_nonNE,0.14617354716981135,5
gex_possorted_bam_SJSO3:GATCGCTCAGGTTATTx-M1,Generalist_NE,0.2880804528301886,10
gex_possorted_bam_SJSO3:GATCAGTTCATTGCAAx-M1,Arc_6,0.13948383018867921,2
gex_possorted_bam_SJSO3:GATGAGGGTACGCGCAx-M1,Generalist_NE,0.1596212641509434,4
gex_possorted_bam_SJSO3:GATCCGTCACCCACCTx-M1,Arc_1,0.3334819433962264,11
gex_possorted_bam_SJSO3:GATAGACCAACACCTAx-M1,Generalist_nonNE,0.17322383018867926,5
gex_possorted_bam_SJSO3:GATCAGTTCGTTCACCx-M1,Generalist_nonNE,0.12120556603773584,4
gex_possorted_bam_SJSO3:GATGCAGCACTTCATCx-M1,Generalist_NE,0.30232977358490565,13
gex_possorted_bam_SJSO3:GATCCGTCAATTAACCx-M1,Generalist_NE,0.14509528301886793,1
gex_possorted_bam_SJSO3:GAGTTGCGTTAACACGx-M1,Generalist_nonNE,0.11365409433962263,3
gex_possorted_bam_SJSO3:GATTGGTTCAAGGACAx-M1,Generalist_NE,0.1459867358490566,2
gex_possorted_bam_SJSO3:GATGCGACAGTGAACGx-M1,Generalist_NE,0.1457062641509434,2
gex_possorted_bam_SJSO3:GATTATGTCTTACTCGx-M1,Generalist_nonNE,0.11365409433962263,3
gex_possorted_bam_SJSO3:GATTGGCGTACAAAGAx-M1,Generalist_nonNE,0.1069229433962264,1
gex_possorted_bam_SJSO3:GATTGGTTCCTCATCAx-M1,Generalist_NE,0.11487462264150941,1
gex_possorted_bam_SJSO3:GATTAGTGTTAAGGTTx-M1,Generalist_nonNE,0.17616907547169808,7
gex_possorted_bam_SJSO3:GATTGTTCAACCGCCAx-M1,Generalist_NE,0.21376807547169813,7
gex_possorted_bam_SJSO3:GATTCATCACATGCTAx-M1,Generalist_nonNE,0.11337394339622642,2
gex_possorted_bam_SJSO3:GATGCTTAGGAACCAAx-M1,Arc_4,0.14000075471698115,3
gex_possorted_bam_SJSO3:GATGCGACATATAACCx-M1,Generalist_NE,0.13410216981132075,1
gex_possorted_bam_SJSO3:GATTCGCCACCTCACCx-M1,Generalist_NE,0.16393230188679245,2
gex_possorted_bam_SJSO3:GATTATGTCTCACTCAx-M1,Generalist_NE,0.15708581132075466,3
gex_possorted_bam_SJSO3:GATTAAGCAACCCTAAx-M1,Arc_4,0.1418440754716981,4
gex_possorted_bam_SJSO3:GATTGCAGTCAACAATx-M1,Arc_4,0.1615692075471698,7
gex_possorted_bam_SJSO3:GATTATGTCGGGACCTx-M1,Generalist_NE,0.1459867358490566,2
gex_possorted_bam_SJSO3:GATGGACAGTTGCCTCx-M1,Arc_4,0.13130147169811324,4
gex_possorted_bam_SJSO3:GATTGCGTCACAGACTx-M1,Generalist_NE,0.17606130188679245,4
gex_possorted_bam_SJSO3:GATTGGCGTTGCGCGAx-M1,Arc_6,0.13948383018867921,2
gex_possorted_bam_SJSO3:GATTCATCATGTCAATx-M1,Generalist_NE,0.21376807547169813,7
gex_possorted_bam_SJSO3:GATTATGTCCATCAGGx-M1,Generalist_NE,0.18659662264150945,3
gex_possorted_bam_SJSO3:GATTACGGTACTTCACx-M1,Generalist_NE,0.15047694339622641,2
gex_possorted_bam_SJSO3:GATTCGCCATAAGTTCx-M1,Generalist_NE,0.18233418867924528,3
gex_possorted_bam_SJSO3:GATGGCTGTAACGGGAx-M1,Generalist_nonNE,0.1265641320754717,1
gex_possorted_bam_SJSO3:GATTATGTCGCGACACx-M1,Generalist_NE,0.15047694339622641,2
gex_possorted_bam_SJSO3:GATGGCTGTATCTGGAx-M1,Generalist_nonNE,0.1242908679245283,4
gex_possorted_bam_SJSO3:GATTAAGCAGGTTATTx-M1,Generalist_nonNE,0.12190728301886794,3
gex_possorted_bam_SJSO3:GATTAGTGTCACCAAAx-M1,Arc_4,0.11337394339622642,2
gex_possorted_bam_SJSO3:GATTGATGTCATTAGGx-M1,Generalist_nonNE,0.1185106037735849,2
gex_possorted_bam_SJSO3:GATTGGCGTAGTTAACx-M1,Arc_3,0.24142973584905664,9
gex_possorted_bam_SJSO3:GATTAAGCAGTCTATGx-M1,Generalist_nonNE,0.1069229433962264,1
gex_possorted_bam_SJSO3:GATTATGTCCTTGTTGx-M1,Generalist_NE,0.14509528301886793,1
gex_possorted_bam_SJSO3:GATTGATGTTGGTTGAx-M1,Generalist_NE,0.15018777358490562,3
gex_possorted_bam_SJSO3:GATTGTTCAACAGCCTx-M1,Generalist_NE,0.14930109433962266,0
gex_possorted_bam_SJSO3:GATTACTCAGGTTTGCx-M1,Generalist_NE,0.1696931320754717,4
gex_possorted_bam_SJSO3:GATTCCTGTTGAGCCGx-M1,Generalist_NE,0.14509528301886793,1
gex_possorted_bam_SJSO3:GATTCAATCGAAGTAGx-M1,Generalist_NE,0.28424915094339626,9
gex_possorted_bam_SJSO3:GATTACTCACAGCCTGx-M1,Generalist_NE,0.13410216981132075,1
gex_possorted_bam_SJSO3:GATTCATCATAAGTTCx-M1,Generalist_NE,0.16748037735849056,3
gex_possorted_bam_SJSO3:GATTGCGTCACAGCCAx-M1,Generalist_nonNE,0.11545628301886793,2
gex_possorted_bam_SJSO3:GATTCAATCTTGATGAx-M1,Generalist_NE,0.15212030188679246,4
gex_possorted_bam_SJSO3:GATTCGCCAGTCTAGCx-M1,Generalist_nonNE,0.12255694339622641,3
gex_possorted_bam_SJSO3:GATTCATCAACACCTAx-M1,Generalist_nonNE,0.18950277358490566,6
gex_possorted_bam_SJSO3:GATTGGCGTGAGAAACx-M1,Generalist_NE,0.15047694339622641,2
gex_possorted_bam_SJSO3:GATTCGCCAATTAAGGx-M1,Generalist_nonNE,0.1069229433962264,1
gex_possorted_bam_SJSO3:GATTCCTGTAAACAAGx-M1,Generalist_NE,0.15047694339622641,2
gex_possorted_bam_SJSO3:GATTATGTCCGTCCATx-M1,Generalist_NE,0.14673864150943394,3
gex_possorted_bam_SJSO3:GCAATATGTTGAGCCGx-M1,Generalist_NE,0.13948383018867921,2
gex_possorted_bam_SJSO3:GCAAGTGCACTTGTTCx-M1,Generalist_nonNE,0.12132562264150942,2
gex_possorted_bam_SJSO3:GCAATGTTCTGTAAGCx-M1,Generalist_nonNE,0.11487462264150941,1
gex_possorted_bam_SJSO3:GCAAACCGTGTGCAACx-M1,Generalist_nonNE,0.12255694339622641,3
gex_possorted_bam_SJSO3:GCACTAAGTTATGTGGx-M1,Arc_4,0.11545628301886793,2
gex_possorted_bam_SJSO3:GCAAACAAGCTGGAAAx-M1,Generalist_nonNE,0.20520543396226415,10
gex_possorted_bam_SJSO3:GCAAGTGCACACAATTx-M1,Generalist_nonNE,0.11337394339622642,2
gex_possorted_bam_SJSO3:GCAAACTTCGATTTGAx-M1,Generalist_NE,0.14454456603773586,4
gex_possorted_bam_SJSO3:GCAAACCGTGATGAGGx-M1,Arc_4,0.126436679245283,2
gex_possorted_bam_SJSO3:GCACATTAGTGAACCTx-M1,Generalist_NE,0.239646679245283,9
gex_possorted_bam_SJSO3:GCACCTAAGGCCCAGTx-M1,Generalist_NE,0.14509528301886793,1
gex_possorted_bam_SJSO3:GCACCTAAGCAAGACAx-M1,Generalist_nonNE,0.1265641320754717,1
gex_possorted_bam_SJSO3:GCAAACAAGGAGTAATx-M1,Generalist_NE,0.14509528301886793,1
gex_possorted_bam_SJSO3:GCAATAGAGCACAGAAx-M1,Generalist_NE,0.16093305660377358,1
gex_possorted_bam_SJSO3:GATTGTTCATAAGGACx-M1,Generalist_nonNE,0.1615692075471698,7
gex_possorted_bam_SJSO3:GCAATAGAGGATGATGx-M1,Arc_5,0.16404150943396228,3
gex_possorted_bam_SJSO3:GCACTAAGTCAAAGAAx-M1,Generalist_NE,0.16093305660377358,1
gex_possorted_bam_SJSO3:GCACGCTAGCTCCTTAx-M1,Generalist_NE,0.1536075283018868,2
gex_possorted_bam_SJSO3:GCACTTACACCAGCATx-M1,Generalist_nonNE,0.11365409433962263,3
gex_possorted_bam_SJSO3:GCAAACAAGTACTGGTx-M1,Generalist_NE,0.16118088679245285,3
gex_possorted_bam_SJSO3:GCAAACTTCCAAACACx-M1,Generalist_NE,0.14509528301886793,1
gex_possorted_bam_SJSO3:GCAAGTCGTGTCCAGGx-M1,Generalist_NE,0.14509528301886793,1
gex_possorted_bam_SJSO3:GCAAGTCGTGTCCTGCx-M1,Generalist_NE,0.13948383018867921,2
gex_possorted_bam_SJSO3:GCACATTAGTTATTCCx-M1,Generalist_NE,0.16431147169811322,3
gex_possorted_bam_SJSO3:GCAAGTCGTCGTTACTx-M1,Generalist_NE,0.14509528301886793,1
gex_possorted_bam_SJSO3:GCAATAGAGCGGATAAx-M1,Generalist_NE,0.14509528301886793,1
gex_possorted_bam_SJSO3:GCAATAGAGCCTAATAx-M1,Arc_4,0.12103718867924528,2
gex_possorted_bam_SJSO3:GCAAACCGTTAGGTTGx-M1,Generalist_NE,0.19867350943396225,7
gex_possorted_bam_SJSO3:GCACATTAGCGATAGAx-M1,Generalist_NE,0.14509528301886793,1
gex_possorted_bam_SJSO3:GCAAACAAGTAACTCAx-M1,Generalist_NE,0.14509528301886793,1
gex_possorted_bam_SJSO3:GCAACAGCACAAAGGTx-M1,Arc_6,0.14509528301886793,1
gex_possorted_bam_SJSO3:GCACGAACATTGTGCAx-M1,Generalist_NE,0.15137949056603775,1
gex_possorted_bam_SJSO3:GCAAGTGCAGCAAGATx-M1,Arc_4,0.12671683018867927,3
gex_possorted_bam_SJSO3:GCAAGTCGTTCCTGATx-M1,Generalist_NE,0.17700403773584905,4
gex_possorted_bam_SJSO3:GCACTTACACAGAAACx-M1,Generalist_NE,0.14509528301886793,1
gex_possorted_bam_SJSO3:GCACGGTTCCTGCGAAx-M1,Generalist_NE,0.14509528301886793,1
gex_possorted_bam_SJSO3:GCACGCTAGTGCACGCx-M1,Generalist_NE,0.23808626415094342,8
gex_possorted_bam_SJSO3:GCAAACCGTAGGTTTGx-M1,Generalist_NE,0.14509528301886793,1
gex_possorted_bam_SJSO3:GCATCCTTCCATCAGGx-M1,Generalist_nonNE,0.1069229433962264,1
gex_possorted_bam_SJSO3:GCAGGCTTCCCAGTAGx-M1,Generalist_NE,0.13410216981132075,1
gex_possorted_bam_SJSO3:GCCAATAGTGATGAGGx-M1,Generalist_NE,0.18281930188679243,5
gex_possorted_bam_SJSO3:GCCAATTAGACAACGAx-M1,Generalist_NE,0.13948383018867921,2
gex_possorted_bam_SJSO3:GCAGCTATCACTCAAAx-M1,Generalist_NE,0.1459867358490566,2
gex_possorted_bam_SJSO3:GCAGGATAGGGTGAGTx-M1,Generalist_NE,0.14509528301886793,1
gex_possorted_bam_SJSO3:GCAGGAAGTTGGCGTGx-M1,Generalist_NE,0.19981884905660377,6
gex_possorted_bam_SJSO3:GCAGGAAGTACTTAGGx-M1,Arc_4,0.16128905660377355,6
gex_possorted_bam_SJSO3:GCCAACATCTTAGCCCx-M1,Arc_6,0.13410216981132075,1
gex_possorted_bam_SJSO3:GCCAACATCAGGTCCAx-M1,Generalist_nonNE,0.11337394339622642,2
gex_possorted_bam_SJSO3:GCATTAGGTTGTTGTCx-M1,Arc_4,0.17863766037735848,7
gex_possorted_bam_SJSO3:GCAGGATAGTAAACCCx-M1,Generalist_NE,0.13948383018867921,2
gex_possorted_bam_SJSO3:GCAGGCAAGTCACTCCx-M1,Generalist_nonNE,0.1265641320754717,1
gex_possorted_bam_SJSO3:GCATCCTTCTAAGGTCx-M1,Generalist_NE,0.14509528301886793,1
gex_possorted_bam_SJSO3:GCAGGTGAGCAGGTGGx-M1,Generalist_NE,0.15637632075471697,1
gex_possorted_bam_SJSO3:GCATTAGGTGGATTGCx-M1,Generalist_NE,0.16093305660377358,1
gex_possorted_bam_SJSO3:GCATGAGCACACAATTx-M1,Arc_2,0.1265641320754717,1
gex_possorted_bam_SJSO3:GCATGAAAGGTTTGACx-M1,Generalist_NE,0.14509528301886793,1
gex_possorted_bam_SJSO3:GCATGAGCAGGGAGCTx-M1,Generalist_NE,0.2568466603773585,12
gex_possorted_bam_SJSO3:GCATGAAAGGACCTGCx-M1,Generalist_NE,0.1459867358490566,2
gex_possorted_bam_SJSO3:GCATATATCAAGGACAx-M1,Generalist_nonNE,0.13510554716981132,3
gex_possorted_bam_SJSO3:GCAGGCAAGAACCTACx-M1,Generalist_NE,0.25178466037735847,9
gex_possorted_bam_SJSO3:GCCAACATCAAACCTAx-M1,Generalist_nonNE,0.13127069811320755,3
gex_possorted_bam_SJSO3:GCCAACATCAGGTTTAx-M1,Generalist_NE,0.16813799999999998,4
gex_possorted_bam_SJSO3:GCAGCTATCAGGTCCAx-M1,Generalist_NE,0.2676970754716981,11
gex_possorted_bam_SJSO3:GCATTAGGTGTTGCAAx-M1,Arc_6,0.1696931320754717,4
gex_possorted_bam_SJSO3:GCATTGCCATTAGGTTx-M1,Generalist_NE,0.14509528301886793,1
gex_possorted_bam_SJSO3:GCAGCCAGTGGGTGAAx-M1,Generalist_NE,0.2669386037735849,9
gex_possorted_bam_SJSO3:GCAGCTATCTATGACAx-M1,Arc_4,0.11512916981132074,2
gex_possorted_bam_SJSO3:GCATCCTTCCTAAGGTx-M1,Generalist_nonNE,0.12120556603773584,4
gex_possorted_bam_SJSO3:GCCAATAGTAATGACTx-M1,Generalist_NE,0.14509528301886793,1
gex_possorted_bam_SJSO3:GCAGGAAGTTAAGCGCx-M1,Generalist_NE,0.14509528301886793,1
gex_possorted_bam_SJSO3:GCAGGATAGAGGATATx-M1,Generalist_NE,0.14509528301886793,1
gex_possorted_bam_SJSO3:GCCAACATCGTTAACAx-M1,Generalist_NE,0.3348043773584906,15
gex_possorted_bam_SJSO3:GCCAATAGTCCTTCTCx-M1,Generalist_NE,0.19981884905660377,6
gex_possorted_bam_SJSO3:GCAGCCAGTAGGATCCx-M1,Generalist_NE,0.14509528301886793,1
gex_possorted_bam_SJSO3:GCAGGACCACCTCACCx-M1,Arc_5,0.2213377924528302,9
gex_possorted_bam_SJSO3:GCATATATCCGGTATGx-M1,Generalist_nonNE,0.12489564150943396,4
gex_possorted_bam_SJSO3:GCCATTACAAAGGTACx-M1,Generalist_NE,0.18885426415094336,3
gex_possorted_bam_SJSO3:GCCTACTTCGTAACGTx-M1,Generalist_nonNE,0.21406886792452826,10
gex_possorted_bam_SJSO3:GCCACACAGCCGCTTTx-M1,Generalist_NE,0.15019254716981134,1
gex_possorted_bam_SJSO3:GCCACACAGTCATTTCx-M1,Arc_2,0.1664020566037736,6
gex_possorted_bam_SJSO3:GCCAGGTTCATTACGAx-M1,Generalist_NE,0.1589891886792453,3
gex_possorted_bam_SJSO3:GCCCAAATCGGGATTTx-M1,Generalist_NE,0.15897456603773588,3
gex_possorted_bam_SJSO3:GCCTACTTCATAACGCx-M1,Generalist_NE,0.14509528301886793,1
gex_possorted_bam_SJSO3:GCCTACTTCGCAAACTx-M1,Generalist_nonNE,0.11337394339622642,2
gex_possorted_bam_SJSO3:GCCACAATCCCGAAGCx-M1,Generalist_NE,0.14492745283018868,1
gex_possorted_bam_SJSO3:GCCCATAAGCTTAACAx-M1,Generalist_nonNE,0.12340796226415095,2
gex_possorted_bam_SJSO3:GCCACACAGCGATAAGx-M1,Arc_4,0.11365409433962263,3
gex_possorted_bam_SJSO3:GCCCAAATCAGCCAATx-M1,Generalist_NE,0.20211718867924527,6
gex_possorted_bam_SJSO3:GCCATTACAGAATGACx-M1,Generalist_NE,0.14509528301886793,1
gex_possorted_bam_SJSO3:GCCACAATCTATGACAx-M1,Generalist_NE,0.18816456603773585,3
gex_possorted_bam_SJSO3:GCCGTGAGTTAGACCAx-M1,Generalist_nonNE,0.1321231132075472,3
gex_possorted_bam_SJSO3:GCCATTACAATTATGCx-M1,Generalist_nonNE,0.1422937358490566,4
gex_possorted_bam_SJSO3:GCCACACAGCCTGTTCx-M1,Generalist_NE,0.14509528301886793,1
gex_possorted_bam_SJSO3:GCCACTAAGTAGCGGGx-M1,Arc_2,0.1292867169811321,3
gex_possorted_bam_SJSO3:GCCTACTTCAAGCTACx-M1,Arc_4,0.14257388679245284,5
gex_possorted_bam_SJSO3:GCCCAAATCCTGAATAx-M1,Generalist_nonNE,0.12002915094339624,2
gex_possorted_bam_SJSO3:GCCATTACAGCATTATx-M1,Generalist_nonNE,0.11545628301886793,2
gex_possorted_bam_SJSO3:GCCACAATCATGCTCCx-M1,Generalist_NE,0.15579922641509436,2
gex_possorted_bam_SJSO3:GCCCATAAGGTCCAATx-M1,Generalist_NE,0.27739433962264154,7
gex_possorted_bam_SJSO3:GCCCGTTGTCATCCTGx-M1,Generalist_NE,0.14509528301886793,1
gex_possorted_bam_SJSO3:GCCACTAAGCAAGGTAx-M1,Generalist_NE,0.13948383018867921,2
gex_possorted_bam_SJSO3:GCCCAAATCCGCAACAx-M1,Generalist_NE,0.16118088679245285,3
gex_possorted_bam_SJSO3:GCCAGGTTCAACAAGGx-M1,Generalist_NE,0.16537975471698116,5
gex_possorted_bam_SJSO3:GCCTCAAAGTGAGAGCx-M1,Generalist_NE,0.14509528301886793,1
gex_possorted_bam_SJSO3:GCCACAATCTGTTCATx-M1,Arc_4,0.11573643396226416,3
gex_possorted_bam_SJSO3:GCCTCAAAGACTTACAx-M1,Generalist_nonNE,0.12340796226415095,2
gex_possorted_bam_SJSO3:GCCATTACAGTTTGGCx-M1,Generalist_nonNE,0.13920543396226415,5
gex_possorted_bam_SJSO3:GCCATGATCATGCTCCx-M1,Generalist_nonNE,0.11337394339622642,2
gex_possorted_bam_SJSO3:GCCTACTTCAATTACGx-M1,Generalist_NE,0.14509528301886793,1
gex_possorted_bam_SJSO3:GCCACACAGGCTTAGTx-M1,Generalist_NE,0.26131181132075476,9
gex_possorted_bam_SJSO3:GCCCGTTGTCATTAGGx-M1,Generalist_NE,0.18497516981132076,5
gex_possorted_bam_SJSO3:GCCATTACAAAGCTAAx-M1,Generalist_NE,0.15018777358490562,3
gex_possorted_bam_SJSO3:GCCAGGAAGGCGGATGx-M1,Generalist_NE,0.14509528301886793,1
gex_possorted_bam_SJSO3:GCCATGATCACGTTAAx-M1,Arc_1,0.3673998679245282,21
gex_possorted_bam_SJSO3:GCCTACTTCCTTAGGGx-M1,Arc_2,0.18445349056603774,7
gex_possorted_bam_SJSO3:GCCACTAAGAGAGCCGx-M1,Generalist_NE,0.17262926415094337,4
gex_possorted_bam_SJSO3:GCCAGGAAGCGATAGAx-M1,Generalist_nonNE,0.12120556603773584,4
gex_possorted_bam_SJSO3:GCCACTAAGGGTTATCx-M1,Generalist_NE,0.13948383018867921,2
gex_possorted_bam_SJSO3:GCCATTACACGGTACTx-M1,Generalist_NE,0.14509528301886793,1
gex_possorted_bam_SJSO3:GCCTACTTCAATACGCx-M1,Generalist_NE,0.19280015094339623,5
gex_possorted_bam_SJSO3:GCCTCAAAGACAAGTGx-M1,Generalist_NE,0.2277619433962264,6
gex_possorted_bam_SJSO3:GCCTACTTCGGGCCATx-M1,Generalist_NE,0.2227418113207547,8
gex_possorted_bam_SJSO3:GCCACACAGCCTGGTAx-M1,Generalist_NE,0.15047694339622641,2
gex_possorted_bam_SJSO3:GCCTTAGAGTCTTGAAx-M1,Generalist_nonNE,0.11337394339622642,2
gex_possorted_bam_SJSO3:GCGATATTCTAATTGGx-M1,Generalist_NE,0.14509528301886793,1
gex_possorted_bam_SJSO3:GCCTTAGAGGCTACTGx-M1,Generalist_NE,0.14509528301886793,1
gex_possorted_bam_SJSO3:GCCTTACTCCATTACTx-M1,Generalist_NE,0.16393230188679245,2
gex_possorted_bam_SJSO3:GCGATATTCATAACTGx-M1,Generalist_nonNE,0.21343490566037734,9
gex_possorted_bam_SJSO3:GCCTTGCGTAAGCTTGx-M1,Generalist_NE,0.14920654716981133,2
gex_possorted_bam_SJSO3:GCGAGTGAGTCGCTAGx-M1,Generalist_NE,0.18504611320754713,6
gex_possorted_bam_SJSO3:GCCTGAGGTAATCCCTx-M1,Generalist_NE,0.14930109433962266,0
gex_possorted_bam_SJSO3:GCCTTACTCCAGGTCAx-M1,Generalist_NE,0.16076522641509433,1
gex_possorted_bam_SJSO3:GCCTGAGGTCACCAAAx-M1,Generalist_NE,0.14509528301886793,1
gex_possorted_bam_SJSO3:GCCTCCATCCTTGAGGx-M1,Generalist_NE,0.16232524528301887,2
gex_possorted_bam_SJSO3:GCGAAGTAGCTGGCTAx-M1,Arc_4,0.13130147169811324,4
gex_possorted_bam_SJSO3:GCCTCGACATCCCTCAx-M1,Generalist_nonNE,0.1821249433962264,6
gex_possorted_bam_SJSO3:GCGATTTAGGCCTTAGx-M1,Generalist_nonNE,0.12630964150943397,2
gex_possorted_bam_SJSO3:GCCTGTGCATTAGCGCx-M1,Generalist_nonNE,0.11487462264150941,1
gex_possorted_bam_SJSO3:GCGATTAGTTAGCCAAx-M1,Generalist_nonNE,0.1690757358490566,5
gex_possorted_bam_SJSO3:GCCTGTGCATCCCGCTx-M1,Generalist_nonNE,0.14616181132075473,5
gex_possorted_bam_SJSO3:GCCTTAACATGACTATx-M1,Arc_3,0.20653898113207544,7
gex_possorted_bam_SJSO3:GCGAGTGAGCGATAGAx-M1,Generalist_NE,0.16204277358490565,2
gex_possorted_bam_SJSO3:GCCTTTGGTTATTGCCx-M1,Generalist_NE,0.22160175471698113,7
gex_possorted_bam_SJSO3:GCCTGACAGATGCCTGx-M1,Generalist_NE,0.19881669811320757,3
gex_possorted_bam_SJSO3:GCCTTTATCTAGCGTGx-M1,Generalist_NE,0.1459867358490566,2
gex_possorted_bam_SJSO3:GCGAGTGAGGCATTGTx-M1,Generalist_nonNE,0.126436679245283,2
gex_possorted_bam_SJSO3:GCCTTTATCGTTAGTAx-M1,Generalist_nonNE,0.11337394339622642,2
gex_possorted_bam_SJSO3:GCGATTAGTGTTTGCTx-M1,Generalist_NE,0.1459867358490566,2
gex_possorted_bam_SJSO3:GCCTGTGCAGGCCATTx-M1,Generalist_nonNE,0.16128603773584907,6
gex_possorted_bam_SJSO3:GCCTTAACAACCCTAAx-M1,Arc_6,0.13410216981132075,1
gex_possorted_bam_SJSO3:GCCTTAGAGCTCATAAx-M1,Generalist_NE,0.14509528301886793,1
gex_possorted_bam_SJSO3:GCGAAGCCATCCCTCAx-M1,Generalist_NE,0.16093305660377358,1
gex_possorted_bam_SJSO3:GCCTCGACACATTGCAx-M1,Generalist_NE,0.14509528301886793,1
gex_possorted_bam_SJSO3:GCCTGTGCATCACAGCx-M1,Arc_4,0.12613454716981132,2
gex_possorted_bam_SJSO3:GCCTTAACAGCAATAAx-M1,Generalist_nonNE,0.11365409433962263,3
gex_possorted_bam_SJSO3:GCGATTAGTGTTAAACx-M1,Generalist_nonNE,0.2577156037735849,12
gex_possorted_bam_SJSO3:GCGATATTCCATTACTx-M1,Arc_6,0.1696931320754717,4
gex_possorted_bam_SJSO3:GCCTCGACAATAATCCx-M1,Generalist_nonNE,0.1807735660377358,7
gex_possorted_bam_SJSO3:GCCTCGACATGGTTATx-M1,Generalist_NE,0.25335809433962264,6
gex_possorted_bam_SJSO3:GCCTGAGGTAGCTAGCx-M1,Generalist_NE,0.14509528301886793,1
gex_possorted_bam_SJSO3:GCGAAGTAGTAGCGGGx-M1,Generalist_NE,0.1589891886792453,3
gex_possorted_bam_SJSO3:GCGATTTAGTCATCCCx-M1,Arc_5,0.2507776226415095,8
gex_possorted_bam_SJSO3:GCGAAGCCAATTAACCx-M1,Generalist_NE,0.15018777358490562,3
gex_possorted_bam_SJSO3:GCGCGATTCCGTGACAx-M1,Generalist_NE,0.15019254716981134,1
gex_possorted_bam_SJSO3:GCGCTTAAGCCTGAGCx-M1,Generalist_NE,0.14509528301886793,1
gex_possorted_bam_SJSO3:GCGCTTAAGCAGCTCAx-M1,Generalist_NE,0.15019254716981134,1
gex_possorted_bam_SJSO3:GCGCTTGCAGGCTGTTx-M1,Arc_3,0.19133164150943396,4
gex_possorted_bam_SJSO3:GCGGGTTTCGCACAATx-M1,Generalist_NE,0.16204277358490565,2
gex_possorted_bam_SJSO3:GCGCTTGCAGGGAGCTx-M1,Generalist_NE,0.33951611320754704,19
gex_possorted_bam_SJSO3:GCGGATACAAGCGATGx-M1,Generalist_NE,0.16455250943396227,3
gex_possorted_bam_SJSO3:GCGGAACCAAGATTCTx-M1,Arc_6,0.14509528301886793,1
gex_possorted_bam_SJSO3:GCGCAAACAATGCCCGx-M1,Arc_4,0.11337394339622642,2
gex_possorted_bam_SJSO3:GCGGTTGGTCATGCCCx-M1,Generalist_NE,0.18116045283018864,6
gex_possorted_bam_SJSO3:GCGCTTGCAGGCGAGTx-M1,Generalist_NE,0.2523366981132076,6
gex_possorted_bam_SJSO3:GCTAACAGTATTTGCCx-M1,Generalist_NE,0.13948383018867921,2
gex_possorted_bam_SJSO3:GCGTGCTAGCACAGCCx-M1,Generalist_NE,0.1330151320754717,2
gex_possorted_bam_SJSO3:GCGCTTGCACCTACTTx-M1,Generalist_NE,0.14509528301886793,1
gex_possorted_bam_SJSO3:GCGCCTTGTCCTTCTCx-M1,Generalist_nonNE,0.12120556603773584,4
gex_possorted_bam_SJSO3:GCGCTAGGTTTGTTGCx-M1,Arc_1,0.32674184905660375,16
gex_possorted_bam_SJSO3:GCGGGTTTCGCCTGTTx-M1,Generalist_nonNE,0.11337394339622642,2
gex_possorted_bam_SJSO3:GCGCCTTGTGGATTATx-M1,Generalist_NE,0.14509528301886793,1
gex_possorted_bam_SJSO3:GCGTTTCTCCTTAGTTx-M1,Generalist_NE,0.14509528301886793,1
gex_possorted_bam_SJSO3:GCGGGTTTCCAAGTGTx-M1,Generalist_NE,0.1536075283018868,2
gex_possorted_bam_SJSO3:GCGCCTTGTTGTTGCTx-M1,Arc_6,0.13948383018867921,2
gex_possorted_bam_SJSO3:GCGCGATTCAGCACGCx-M1,Generalist_NE,0.14509528301886793,1
gex_possorted_bam_SJSO3:GCGCTTAAGTATTGCAx-M1,Generalist_NE,0.15962477358490565,3
gex_possorted_bam_SJSO3:GCGGATACACCTAAGCx-M1,Generalist_NE,0.13948383018867921,2
gex_possorted_bam_SJSO3:GCGCTAGGTAGCCTAAx-M1,Generalist_NE,0.3221540377358491,11
gex_possorted_bam_SJSO3:GCGCTTGCAGCGCTTGx-M1,Arc_4,0.17863766037735848,7
gex_possorted_bam_SJSO3:GCGCTTGCAGTCTAGCx-M1,Generalist_NE,0.1457062641509434,2
gex_possorted_bam_SJSO3:GCGCTTGCAACTAGCCx-M1,Arc_6,0.15047694339622641,2
gex_possorted_bam_SJSO3:GCGGATACATAGACCCx-M1,Generalist_NE,0.17275841509433965,5
gex_possorted_bam_SJSO3:GCGGTTGGTCATTACCx-M1,Arc_1,0.16080677358490567,6
gex_possorted_bam_SJSO3:GCGATTTAGTTAACCAx-M1,Generalist_nonNE,0.12255694339622641,3
gex_possorted_bam_SJSO3:GCGGAACCAACAGGTGx-M1,Arc_2,0.18116045283018864,6
gex_possorted_bam_SJSO3:GCGGTTATCATGGTGTx-M1,Generalist_nonNE,0.13365332075471698,4
gex_possorted_bam_SJSO3:GCGTAACGTAATTAGCx-M1,Generalist_NE,0.23660245283018866,7
gex_possorted_bam_SJSO3:GCGTTTCTCGCTATAAx-M1,Generalist_NE,0.22223337735849055,7
gex_possorted_bam_SJSO3:GCTAACAGTCACCAAAx-M1,Generalist_NE,0.14930109433962266,0
gex_possorted_bam_SJSO3:GCGCTTAAGCGAAGTAx-M1,Generalist_NE,0.137275,2
gex_possorted_bam_SJSO3:GCGTTTCTCCCATAAAx-M1,Generalist_NE,0.14509528301886793,1
gex_possorted_bam_SJSO3:GCGCTTGCAACAGGATx-M1,Generalist_NE,0.14492745283018868,1
gex_possorted_bam_SJSO3:GCGGATACACCACAACx-M1,Generalist_NE,0.14509528301886793,1
gex_possorted_bam_SJSO3:GCGCTTAAGTTGTCTTx-M1,Generalist_nonNE,0.11573643396226416,3
gex_possorted_bam_SJSO3:GCGCGATTCATTGCAAx-M1,Generalist_NE,0.14509528301886793,1
gex_possorted_bam_SJSO3:GCTATTGCAGCATGAGx-M1,Generalist_NE,0.17210666037735847,2
gex_possorted_bam_SJSO3:GCTCCTTAGGACCTTGx-M1,Generalist_NE,0.14509528301886793,1
gex_possorted_bam_SJSO3:GCTCGATCAGAAATTGx-M1,Generalist_nonNE,0.18173749056603772,6
gex_possorted_bam_SJSO3:GCTATCCTCAAGCGCCx-M1,Generalist_NE,0.14673864150943394,3
gex_possorted_bam_SJSO3:GCTATAGGTGTCCAAAx-M1,Generalist_nonNE,0.11357815094339622,1
gex_possorted_bam_SJSO3:GCTATTGCAGGAATCGx-M1,Generalist_NE,0.16658892452830187,2
gex_possorted_bam_SJSO3:GCTCACAAGGGCTTATx-M1,Generalist_NE,0.23260086792452833,4
gex_possorted_bam_SJSO3:GCTAGCTCAGGTTCACx-M1,Generalist_nonNE,0.11545628301886793,2
gex_possorted_bam_SJSO3:GCTCAACCATCACTTCx-M1,Generalist_NE,0.14454456603773586,4
gex_possorted_bam_SJSO3:GCTGACCAGCATGTTAx-M1,Generalist_NE,0.1510879245283019,3
gex_possorted_bam_SJSO3:GCTCAACCACCGGTATx-M1,Arc_3,0.19329184905660377,6
gex_possorted_bam_SJSO3:GCTCTGTTCCTTTACGx-M1,Arc_1,0.11823045283018867,1
gex_possorted_bam_SJSO3:GCTCATTGTAGCTAATx-M1,Generalist_NE,0.16093305660377358,1
gex_possorted_bam_SJSO3:GCTAACCCAGCATGTCx-M1,Generalist_NE,0.14509528301886793,1
gex_possorted_bam_SJSO3:GCTCTGTTCTTGCAGGx-M1,Generalist_nonNE,0.1501194716981132,5
gex_possorted_bam_SJSO3:GCTAGCTCAGAACCGAx-M1,Generalist_NE,0.18669267924528302,5
gex_possorted_bam_SJSO3:GCTAAGAAGCAGGCCTx-M1,Generalist_NE,0.14509528301886793,1
gex_possorted_bam_SJSO3:GCTCAACCAGGTTATTx-M1,Generalist_NE,0.1510879245283019,3
gex_possorted_bam_SJSO3:GCTGACATCCATCAGGx-M1,Generalist_nonNE,0.10720309433962265,2
gex_possorted_bam_SJSO3:GCTCATTGTACTGAATx-M1,Arc_2,0.12651254716981133,4
gex_possorted_bam_SJSO3:GCTAACCCACATAGCCx-M1,Generalist_NE,0.24298832075471696,10
gex_possorted_bam_SJSO3:GCTATCCTCTTGTTCGx-M1,Generalist_NE,0.17490249056603777,4
gex_possorted_bam_SJSO3:GCTAGTGTCGGGACTCx-M1,Generalist_NE,0.16393230188679245,2
gex_possorted_bam_SJSO3:GCTCTGGCAACAACAAx-M1,Generalist_NE,0.19225952830188683,4
gex_possorted_bam_SJSO3:GCTAAGCGTTACTTCAx-M1,Generalist_NE,0.28187501886792454,11
gex_possorted_bam_SJSO3:GCTAACCCATGAGTTTx-M1,Generalist_NE,0.16093305660377358,1
gex_possorted_bam_SJSO3:GCTCCTTAGGCTACATx-M1,Arc_2,0.1639977735849056,6
gex_possorted_bam_SJSO3:GCTCGATCAAGCGAGCx-M1,Generalist_nonNE,0.11365409433962263,3
gex_possorted_bam_SJSO3:GCTCCTTAGGGCCATCx-M1,Generalist_nonNE,0.11823045283018867,1
gex_possorted_bam_SJSO3:GCTCGATCAACCCTCCx-M1,Arc_4,0.16201886792452833,7
gex_possorted_bam_SJSO3:GCTCGATCAGGCTAGAx-M1,Generalist_nonNE,0.15096260377358492,5
gex_possorted_bam_SJSO3:GCTATCCTCATAACTGx-M1,Generalist_NE,0.2926339433962264,10
gex_possorted_bam_SJSO3:GCTAACCCAGCAAGATx-M1,Generalist_NE,0.17187245283018865,6
gex_possorted_bam_SJSO3:GCTAGTGTCATGGTTAx-M1,Generalist_NE,0.2846588301886792,10
gex_possorted_bam_SJSO3:GCTCATTGTGATTACGx-M1,Generalist_NE,0.14509528301886793,1
gex_possorted_bam_SJSO3:GCTCACAAGCTTCCCGx-M1,Generalist_NE,0.16888107547169812,3
gex_possorted_bam_SJSO3:GCTGACATCCTCATCAx-M1,Generalist_NE,0.13449256603773585,1
gex_possorted_bam_SJSO3:GCTGACATCTAAGTCAx-M1,Generalist_nonNE,0.13477035849056604,2
gex_possorted_bam_SJSO3:GCTAACAGTGTCCTGCx-M1,Generalist_NE,0.16393230188679245,2
gex_possorted_bam_SJSO3:GCTAAGAAGTCAGGCCx-M1,Generalist_NE,0.14509528301886793,1
gex_possorted_bam_SJSO3:GCTGACCAGTGAACGAx-M1,Generalist_NE,0.15637632075471697,1
gex_possorted_bam_SJSO3:GCTGATCCAAGGATTAx-M1,Arc_3,0.3026755660377359,11
gex_possorted_bam_SJSO3:GCTTAAATCATGCTAAx-M1,Arc_4,0.12671683018867927,3
gex_possorted_bam_SJSO3:GCTGCATCAGGTTACCx-M1,Generalist_NE,0.22213364150943396,8
gex_possorted_bam_SJSO3:GCTGGATGTCCTTCTCx-M1,Generalist_nonNE,0.12461549056603774,3
gex_possorted_bam_SJSO3:GCTTACCTCCAATTAGx-M1,Generalist_NE,0.17219188679245284,5
gex_possorted_bam_SJSO3:GCTGCAATCCTGTTCAx-M1,Arc_1,0.12955794339622642,3
gex_possorted_bam_SJSO3:GCTTAGTAGTCATTTCx-M1,Arc_4,0.12598701886792452,2
gex_possorted_bam_SJSO3:GCTTACCTCCTCACACx-M1,Arc_1,0.15119396226415094,5
gex_possorted_bam_SJSO3:GCTTAACAGTTCCTCAx-M1,Generalist_nonNE,0.11337394339622642,2
gex_possorted_bam_SJSO3:GCTTAAATCTGTAATGx-M1,Generalist_NE,0.14509528301886793,1
gex_possorted_bam_SJSO3:GCTTACCTCGGCCAGTx-M1,Arc_4,0.1690757358490566,5
gex_possorted_bam_SJSO3:GCTGTACCAGTCTAGCx-M1,Generalist_nonNE,0.12489564150943396,4
gex_possorted_bam_SJSO3:GCTGTAAGTCACTCGCx-M1,Generalist_nonNE,0.16201886792452833,7
gex_possorted_bam_SJSO3:GCTTATCGTTCTTTAGx-M1,Generalist_NE,0.17929403773584904,5
gex_possorted_bam_SJSO3:GCTGTACCAACTAACTx-M1,Arc_3,0.21073058490566038,7
gex_possorted_bam_SJSO3:GCTTAAATCATGAAGGx-M1,Generalist_NE,0.15121166037735848,1
gex_possorted_bam_SJSO3:GCTGTAAGTAAACAAGx-M1,Generalist_NE,0.15877781132075472,4
gex_possorted_bam_SJSO3:GCTGTGCAGGATGATGx-M1,Generalist_NE,0.24429720754716983,6
gex_possorted_bam_SJSO3:GCTGCATCAATGCGCTx-M1,Generalist_NE,0.14509528301886793,1
gex_possorted_bam_SJSO3:GCTGTGCAGGAGTCGGx-M1,Generalist_NE,0.13948383018867921,2
gex_possorted_bam_SJSO3:GCTGATCCAATTGACTx-M1,Generalist_NE,0.13948383018867921,2
gex_possorted_bam_SJSO3:GCTGTGATCTATCGCCx-M1,Generalist_NE,0.14509528301886793,1
gex_possorted_bam_SJSO3:GCTGCAATCCGTGACAx-M1,Arc_3,0.3198040754716981,12
gex_possorted_bam_SJSO3:GCTTACCTCCCTCAGTx-M1,Generalist_NE,0.15018777358490562,3
gex_possorted_bam_SJSO3:GCTGCAATCCTAATGAx-M1,Generalist_nonNE,0.11365409433962263,3
gex_possorted_bam_SJSO3:GCTGACCAGGGCCATCx-M1,Arc_1,0.12190728301886794,3
gex_possorted_bam_SJSO3:GCTGTAAGTGGGAACAx-M1,Generalist_NE,0.14509528301886793,1
gex_possorted_bam_SJSO3:GCTGCACAGGTTACGTx-M1,Arc_4,0.12103718867924528,2
gex_possorted_bam_SJSO3:GCTTAAATCCGTCCATx-M1,Arc_4,0.14926975471698112,5
gex_possorted_bam_SJSO3:GCTTACCTCCACCTGTx-M1,Generalist_NE,0.26827875471698115,9
gex_possorted_bam_SJSO3:GCTGACCAGGTCATTAx-M1,Generalist_NE,0.1589891886792453,3
gex_possorted_bam_SJSO3:GCTTATCGTCGTTATCx-M1,Generalist_NE,0.1459867358490566,2
gex_possorted_bam_SJSO3:GCTGATCCAATGAAGCx-M1,Generalist_NE,0.17189016981132077,4
gex_possorted_bam_SJSO3:GCTGAGGAGGCTACATx-M1,Generalist_nonNE,0.12461549056603774,3
gex_possorted_bam_SJSO3:GCTGCATCAGCAAGGCx-M1,Arc_4,0.1615692075471698,7
gex_possorted_bam_SJSO3:GCTGAGGAGGAGCATAx-M1,Arc_4,0.10720309433962265,2
gex_possorted_bam_SJSO3:GCTTAAATCATCCTGCx-M1,Generalist_nonNE,0.11545628301886793,2
gex_possorted_bam_SJSO3:GCTGCACAGTGCACGCx-M1,Generalist_NE,0.16431147169811322,3
gex_possorted_bam_SJSO3:GGAACCTGTCCTTAGTx-M1,Generalist_NE,0.14509528301886793,1
gex_possorted_bam_SJSO3:GGACAGCCACCCACCTx-M1,Generalist_nonNE,0.11337394339622642,2
gex_possorted_bam_SJSO3:GGACGAAGTGAAGCCTx-M1,Generalist_NE,0.3004257924528302,11
gex_possorted_bam_SJSO3:GCTTTATTCTTACTCGx-M1,Generalist_NE,0.14509528301886793,1
gex_possorted_bam_SJSO3:GGAACCACAGCCTAACx-M1,Generalist_NE,0.14509528301886793,1
gex_possorted_bam_SJSO3:GCTTTATTCATTTAGGx-M1,Generalist_nonNE,0.15322166037735846,5
gex_possorted_bam_SJSO3:GCTTTATTCCTAAGTAx-M1,Generalist_nonNE,0.12461549056603774,3
gex_possorted_bam_SJSO3:GGAACGGTCCGCCAAAx-M1,Generalist_NE,0.17205800000000002,4
gex_possorted_bam_SJSO3:GGAAACTCAACTGGGAx-M1,Generalist_nonNE,0.12900656603773583,2
gex_possorted_bam_SJSO3:GGAACCACATCCCGCTx-M1,Generalist_nonNE,0.12255694339622641,3
gex_possorted_bam_SJSO3:GGACCGAAGCCTGATGx-M1,Arc_4,0.12671683018867927,3
gex_possorted_bam_SJSO3:GGACCGAAGCAACATCx-M1,Generalist_nonNE,0.1265641320754717,1
gex_possorted_bam_SJSO3:GGAAACTCAATATGGAx-M1,Generalist_NE,0.14509528301886793,1
gex_possorted_bam_SJSO3:GGAACGGTCGATATTGx-M1,Arc_4,0.1422937358490566,4
gex_possorted_bam_SJSO3:GGAACCTGTCCTAACTx-M1,Arc_4,0.12120556603773584,4
gex_possorted_bam_SJSO3:GGAACGGTCTGGCATGx-M1,Generalist_NE,0.18410783018867927,3
gex_possorted_bam_SJSO3:GGAACAATCCCTCACGx-M1,Generalist_NE,0.14509528301886793,1
gex_possorted_bam_SJSO3:GGAACGGTCGCCTGTTx-M1,Generalist_NE,0.22971867924528303,5
gex_possorted_bam_SJSO3:GGACAGCCAATAACCTx-M1,Generalist_nonNE,0.11487462264150941,1
gex_possorted_bam_SJSO3:GCTTTATTCATCCTGCx-M1,Generalist_nonNE,0.1069229433962264,1
gex_possorted_bam_SJSO3:GCTTGTTGTCCTTAGTx-M1,Generalist_NE,0.14509528301886793,1
gex_possorted_bam_SJSO3:GCTTTGTGTGGATTATx-M1,Arc_4,0.16128905660377355,6
gex_possorted_bam_SJSO3:GCTTGTTGTTAAGGTTx-M1,Generalist_NE,0.1599737547169811,2
gex_possorted_bam_SJSO3:GGACATAAGTAATCCAx-M1,Arc_4,0.16128905660377355,6
gex_possorted_bam_SJSO3:GGAAACTCAGTATGTTx-M1,Generalist_NE,0.14509528301886793,1
gex_possorted_bam_SJSO3:GGACGAAGTCAATAGTx-M1,Generalist_NE,0.15047694339622641,2
gex_possorted_bam_SJSO3:GGACCTCAGGTGCTGCx-M1,Arc_3,0.30265875471698117,12
gex_possorted_bam_SJSO3:GGAACTAAGACAACAGx-M1,Generalist_NE,0.16093305660377358,1
gex_possorted_bam_SJSO3:GGAACTAAGTGAGGGTx-M1,Generalist_NE,0.14509528301886793,1
gex_possorted_bam_SJSO3:GGAAACTCACTTGTTCx-M1,Generalist_nonNE,0.1185106037735849,2
gex_possorted_bam_SJSO3:GGAACCACACAGACTCx-M1,Generalist_NE,0.2593360754716981,6
gex_possorted_bam_SJSO3:GGAACAATCTCACATTx-M1,Generalist_nonNE,0.12120556603773584,4
gex_possorted_bam_SJSO3:GGAACGGTCATTACTCx-M1,Generalist_NE,0.20592615094339625,6
gex_possorted_bam_SJSO3:GGAATCTTCCCGTTACx-M1,Generalist_NE,0.13948383018867921,2
gex_possorted_bam_SJSO3:GCTTTCATCGCACACAx-M1,Generalist_NE,0.16980209433962265,5
gex_possorted_bam_SJSO3:GGACCTCAGCCTAATAx-M1,Arc_1,0.1069229433962264,1
gex_possorted_bam_SJSO3:GGACCGAAGTAAGAACx-M1,Arc_2,0.10720309433962265,2
gex_possorted_bam_SJSO3:GGAACAATCGTTATCTx-M1,Generalist_NE,0.14509528301886793,1
gex_possorted_bam_SJSO3:GCTTTACGTTTCCTCCx-M1,Arc_6,0.25847271698113206,10
gex_possorted_bam_SJSO3:GCTTGTTGTCACAGACx-M1,Generalist_nonNE,0.11487462264150941,1
gex_possorted_bam_SJSO3:GGAAGTATCACTCAAAx-M1,Generalist_NE,0.19228607547169813,5
gex_possorted_bam_SJSO3:GGACAGCCAGCTTAATx-M1,Arc_6,0.15018777358490562,3
gex_possorted_bam_SJSO3:GGACATAAGACTTACAx-M1,Generalist_NE,0.14509528301886793,1
gex_possorted_bam_SJSO3:GCTTGTTGTGAGCACTx-M1,Arc_6,0.13948383018867921,2
gex_possorted_bam_SJSO3:GCTTTATTCTAACCAAx-M1,Generalist_NE,0.18093471698113206,4
gex_possorted_bam_SJSO3:GGACCGAAGAACCTGTx-M1,Generalist_NE,0.16093305660377358,1
gex_possorted_bam_SJSO3:GGAACAATCATTAGCAx-M1,Generalist_nonNE,0.11431154716981133,2
gex_possorted_bam_SJSO3:GGACCGAAGGGCTTATx-M1,Generalist_NE,0.21376807547169813,7
gex_possorted_bam_SJSO3:GGAACTAAGTTGGGCCx-M1,Generalist_NE,0.17214832075471698,6
gex_possorted_bam_SJSO3:GGAACTAAGCGAGGTGx-M1,Generalist_nonNE,0.12900656603773583,2
gex_possorted_bam_SJSO3:GGAATCTTCCACCCTGx-M1,Arc_4,0.14027950943396225,3
gex_possorted_bam_SJSO3:GGACCTCAGCCTGACAx-M1,Generalist_NE,0.1457062641509434,2
gex_possorted_bam_SJSO3:GGAACCACATCCTAGAx-M1,Generalist_NE,0.15121166037735848,1
gex_possorted_bam_SJSO3:GCTTTACGTGATGAAAx-M1,Generalist_NE,0.14509528301886793,1
gex_possorted_bam_SJSO3:GGAACCTGTGTCCAAAx-M1,Generalist_nonNE,0.11573643396226416,3
gex_possorted_bam_SJSO3:GCTTTCATCACAGCCAx-M1,Generalist_NE,0.15047694339622641,2
gex_possorted_bam_SJSO3:GGACGGATCCCTCGCAx-M1,Generalist_nonNE,0.11365409433962263,3
gex_possorted_bam_SJSO3:GGATAACCACGTAATTx-M1,Generalist_NE,0.1459867358490566,2
gex_possorted_bam_SJSO3:GGAGCAAGTGTTAAACx-M1,Generalist_NE,0.14509528301886793,1
gex_possorted_bam_SJSO3:GGATTTATCGGTTTCCx-M1,Arc_6,0.13948383018867921,2
gex_possorted_bam_SJSO3:GGATGGCCACTATGGCx-M1,Arc_4,0.17384620754716984,6
gex_possorted_bam_SJSO3:GGATGAATCTTAGCGGx-M1,Generalist_nonNE,0.12218743396226416,4
gex_possorted_bam_SJSO3:GGATTATGTTGGATATx-M1,Arc_3,0.31205477358490563,11
gex_possorted_bam_SJSO3:GGATACTTCAGGTCCAx-M1,Generalist_nonNE,0.1265641320754717,1
gex_possorted_bam_SJSO3:GGATGGCCAGGATGGCx-M1,Generalist_NE,0.17323241509433962,3
gex_possorted_bam_SJSO3:GGAGCATAGTTTAACGx-M1,Generalist_nonNE,0.10720309433962265,2
gex_possorted_bam_SJSO3:GGATATTGTGCATTTCx-M1,Generalist_NE,0.15121166037735848,1
gex_possorted_bam_SJSO3:GGATTCAGTTATTGCCx-M1,Generalist_NE,0.14509528301886793,1
gex_possorted_bam_SJSO3:GGATGTAAGCACAGGGx-M1,Generalist_nonNE,0.11573643396226416,3
gex_possorted_bam_SJSO3:GGATATTGTATTGCAGx-M1,Generalist_NE,0.14509528301886793,1
gex_possorted_bam_SJSO3:GGATGTAAGGGTGGATx-M1,Generalist_NE,0.2504412830188679,7
gex_possorted_bam_SJSO3:GGCAAGCCAGGAATCGx-M1,Generalist_nonNE,0.12340796226415095,2
gex_possorted_bam_SJSO3:GGAGTCTGTAACGAGGx-M1,Generalist_nonNE,0.126436679245283,2
gex_possorted_bam_SJSO3:GGCAAGCCATGACTATx-M1,Generalist_nonNE,0.12132562264150942,2
gex_possorted_bam_SJSO3:GGCAATCGTAGCTGGTx-M1,Generalist_NE,0.1980706226415094,1
gex_possorted_bam_SJSO3:GGATACTTCACAGGAAx-M1,Generalist_NE,0.14509528301886793,1
gex_possorted_bam_SJSO3:GGAGTCTGTAATCACGx-M1,Generalist_NE,0.3491398113207547,16
gex_possorted_bam_SJSO3:GGAGTGAGTTGAGCCGx-M1,Generalist_nonNE,0.10720309433962265,2
gex_possorted_bam_SJSO3:GGAGTCTGTTGGCCGAx-M1,Generalist_NE,0.29625254716981136,10
gex_possorted_bam_SJSO3:GGCAAATCAAACGCGAx-M1,Generalist_NE,0.24526501886792454,5
gex_possorted_bam_SJSO3:GGACGGATCATAGACCx-M1,Arc_6,0.13410216981132075,1
gex_possorted_bam_SJSO3:GGATGGCCACAAGCCTx-M1,Generalist_NE,0.14509528301886793,1
gex_possorted_bam_SJSO3:GGAGCGATCCTGTTCAx-M1,Generalist_NE,0.17733732075471698,6
gex_possorted_bam_SJSO3:GGATTGCGTGAATCGCx-M1,Generalist_nonNE,0.10720309433962265,2
gex_possorted_bam_SJSO3:GGCAAATCACCACAACx-M1,Generalist_NE,0.13410216981132075,1
gex_possorted_bam_SJSO3:GGATAACCACGGTACTx-M1,Generalist_NE,0.16624858490566038,1
gex_possorted_bam_SJSO3:GGATGAATCTCCTCAAx-M1,Generalist_NE,0.13948383018867921,2
gex_possorted_bam_SJSO3:GGCAAGCCACCTCGCTx-M1,Generalist_NE,0.16717362264150945,4
gex_possorted_bam_SJSO3:GGATGAATCGTTACTTx-M1,Generalist_NE,0.15749867924528305,3
gex_possorted_bam_SJSO3:GGCAAGCCATCATGTGx-M1,Generalist_NE,0.15423960377358492,3
gex_possorted_bam_SJSO3:GGATTGCGTCGACTAAx-M1,Generalist_NE,0.19373924528301886,5
gex_possorted_bam_SJSO3:GGATACTTCCTGATTTx-M1,Generalist_nonNE,0.12852730188679246,5
gex_possorted_bam_SJSO3:GGATATTGTCCGTAGGx-M1,Generalist_NE,0.14509528301886793,1
gex_possorted_bam_SJSO3:GGCGTTATCTTTGACTx-M1,Generalist_nonNE,0.11545628301886793,2
gex_possorted_bam_SJSO3:GGCCTAATCTAGCTAAx-M1,Arc_1,0.14045035849056603,4
gex_possorted_bam_SJSO3:GGCATTAGTCCGGTTCx-M1,Generalist_NE,0.16093305660377358,1
gex_possorted_bam_SJSO3:GGCCTCTGTGCTCCACx-M1,Arc_1,0.11967535849056604,3
gex_possorted_bam_SJSO3:GGCGATACAGCAACAGx-M1,Generalist_NE,0.14509528301886793,1
gex_possorted_bam_SJSO3:GGCGGTTTCGAGGTGGx-M1,Arc_2,0.1292867169811321,3
gex_possorted_bam_SJSO3:GGCTATTAGCAACATCx-M1,Generalist_NE,0.13948383018867921,2
gex_possorted_bam_SJSO3:GGCTAGTGTTTGAGCAx-M1,Arc_3,0.1589891886792453,3
gex_possorted_bam_SJSO3:GGCCTTCGTCGTAAATx-M1,Generalist_NE,0.1459867358490566,2
gex_possorted_bam_SJSO3:GGCCGTTAGCTTAGCGx-M1,Generalist_NE,0.14509528301886793,1
gex_possorted_bam_SJSO3:GGCTCAATCCTGATTTx-M1,Generalist_NE,0.13410216981132075,1
gex_possorted_bam_SJSO3:GGCATGGAGTTTCCTGx-M1,Generalist_nonNE,0.1292867169811321,3
gex_possorted_bam_SJSO3:GGCCATCAGACAACAGx-M1,Generalist_nonNE,0.13102132075471698,3
gex_possorted_bam_SJSO3:GGCCTCTGTTCCGGCTx-M1,Generalist_NE,0.14509528301886793,1
gex_possorted_bam_SJSO3:GGCCAACTCCTAGTCCx-M1,Arc_3,0.2069513396226415,6
gex_possorted_bam_SJSO3:GGCCTTAAGGCACAGGx-M1,Generalist_NE,0.21323618867924526,6
gex_possorted_bam_SJSO3:GGCTAGACATCAGTATx-M1,Generalist_nonNE,0.12611616981132076,2
gex_possorted_bam_SJSO3:GGCGTTATCCTGTTCAx-M1,Generalist_nonNE,0.12255694339622641,3
gex_possorted_bam_SJSO3:GGCCTTCGTGCCTCACx-M1,Generalist_NE,0.2568466603773585,12
gex_possorted_bam_SJSO3:GGCTATGTCCATAATGx-M1,Arc_4,0.14588166037735847,4
gex_possorted_bam_SJSO3:GGCTATGTCACTCAAAx-M1,Generalist_NE,0.24655649056603773,10
gex_possorted_bam_SJSO3:GGCTATGTCTGCAAACx-M1,Generalist_NE,0.17812837735849057,4
gex_possorted_bam_SJSO3:GGCCTCTGTTAAGGCCx-M1,Generalist_NE,0.25876830188679245,7
gex_possorted_bam_SJSO3:GGCCATCAGTTAGTTGx-M1,Generalist_nonNE,0.11844464150943394,3
gex_possorted_bam_SJSO3:GGCAGGATCATCCTATx-M1,Generalist_NE,0.1696931320754717,4
gex_possorted_bam_SJSO3:GGCATGGAGTAGCTTAx-M1,Generalist_NE,0.14509528301886793,1
gex_possorted_bam_SJSO3:GGCCTCTGTTTATCGCx-M1,Generalist_NE,0.14509528301886793,1
gex_possorted_bam_SJSO3:GGCCTTCGTTTGGCTTx-M1,Generalist_nonNE,0.17322383018867926,5
gex_possorted_bam_SJSO3:GGCCTTAAGTAACGAGx-M1,Arc_4,0.1615692075471698,7
gex_possorted_bam_SJSO3:GGCCTTAAGGCCATCAx-M1,Generalist_NE,0.1459867358490566,2
gex_possorted_bam_SJSO3:GGCCTTCGTTCCTGTGx-M1,Arc_1,0.14454456603773586,4
gex_possorted_bam_SJSO3:GGCATTAGTTGTCCATx-M1,Generalist_NE,0.14509528301886793,1
gex_possorted_bam_SJSO3:GGCATTAGTCACACCCx-M1,Generalist_nonNE,0.14257388679245284,5
gex_possorted_bam_SJSO3:GGCGGTTTCGCTAAACx-M1,Generalist_NE,0.20781496226415092,7
gex_possorted_bam_SJSO3:GGCCGTTAGTACCGCAx-M1,Arc_4,0.1292867169811321,3
gex_possorted_bam_SJSO3:GGCATGGAGAAAGCATx-M1,Generalist_NE,0.1641001320754717,2
gex_possorted_bam_SJSO3:GGCCTTAAGGTAAGCAx-M1,Arc_6,0.13948383018867921,2
gex_possorted_bam_SJSO3:GGCCAACTCAGGAACAx-M1,Generalist_NE,0.16393230188679245,2
gex_possorted_bam_SJSO3:GGCCTTCGTAGTTAACx-M1,Generalist_NE,0.17189016981132077,4
gex_possorted_bam_SJSO3:GGCATTGTCCAGCACAx-M1,Arc_4,0.1692822452830189,5
gex_possorted_bam_SJSO3:GGCCTAATCGCTAGATx-M1,Generalist_NE,0.14509528301886793,1
gex_possorted_bam_SJSO3:GGCCTCTGTTGTTGCTx-M1,Generalist_nonNE,0.1069229433962264,1
gex_possorted_bam_SJSO3:GGCTATTAGCCGCAGTx-M1,Generalist_nonNE,0.12630964150943397,2
gex_possorted_bam_SJSO3:GGCTCAATCGCTAGCAx-M1,Generalist_NE,0.13410216981132075,1
gex_possorted_bam_SJSO3:GGCATTGTCACCGGTAx-M1,Generalist_nonNE,0.12461549056603774,3
gex_possorted_bam_SJSO3:GGCTGTCAGCCTGAGCx-M1,Arc_2,0.1639977735849056,6
gex_possorted_bam_SJSO3:GGGTCAACAGCCAGAAx-M1,Arc_4,0.12366250943396226,3
gex_possorted_bam_SJSO3:GGGTCACTCGTTAAGCx-M1,Arc_4,0.16128905660377355,6
gex_possorted_bam_SJSO3:GGGTCAACATCTTGAGx-M1,Generalist_nonNE,0.12630964150943397,2
gex_possorted_bam_SJSO3:GGGCATGAGTTAGCTAx-M1,Generalist_NE,0.14509528301886793,1
gex_possorted_bam_SJSO3:GGGTGTTGTTACGCAAx-M1,Generalist_nonNE,0.18148260377358494,6
gex_possorted_bam_SJSO3:GGGTCAACAACCCTAAx-M1,Generalist_NE,0.22951005660377358,9
gex_possorted_bam_SJSO3:GGGCTAACATAATTGCx-M1,Generalist_nonNE,0.15124275471698112,6
gex_possorted_bam_SJSO3:GGGTATTTCGGTTTCCx-M1,Generalist_NE,0.344098037735849,16
gex_possorted_bam_SJSO3:GGCTCACAGCACTAGTx-M1,Generalist_nonNE,0.11844464150943394,3
gex_possorted_bam_SJSO3:GGGCATGAGTCTCACCx-M1,Generalist_nonNE,0.12190728301886794,3
gex_possorted_bam_SJSO3:GGGATTAAGCGGATAAx-M1,Generalist_NE,0.1459867358490566,2
gex_possorted_bam_SJSO3:GGGCAATAGTGATTCAx-M1,Generalist_NE,0.18497516981132076,5
gex_possorted_bam_SJSO3:GGGCAATAGCGCAATTx-M1,Generalist_NE,0.16556864150943396,3
gex_possorted_bam_SJSO3:GGGAATATCCTCCATAx-M1,Generalist_NE,0.17844316981132075,3
gex_possorted_bam_SJSO3:GGGCAATAGGACAATGx-M1,Generalist_NE,0.14509528301886793,1
gex_possorted_bam_SJSO3:GGCTCACAGTCCTGAGx-M1,Generalist_NE,0.15121166037735848,1
gex_possorted_bam_SJSO3:GGGCATTGTTAACACGx-M1,Generalist_nonNE,0.16776337735849056,7
gex_possorted_bam_SJSO3:GGGCAATAGCCACATGx-M1,Arc_4,0.126436679245283,2
gex_possorted_bam_SJSO3:GGCTTCAAGGTAAGGCx-M1,Generalist_NE,0.14509528301886793,1
gex_possorted_bam_SJSO3:GGGTTACGTCCCGAAGx-M1,Generalist_NE,0.14509528301886793,1
gex_possorted_bam_SJSO3:GGCTGTCAGCTATGACx-M1,Generalist_NE,0.1457062641509434,2
gex_possorted_bam_SJSO3:GGGCGAATCCTTAGGGx-M1,Generalist_NE,0.25521099999999997,9
gex_possorted_bam_SJSO3:GGCTTCAAGGACCTGCx-M1,Generalist_NE,0.14509528301886793,1
gex_possorted_bam_SJSO3:GGCTGAGAGGGCTTATx-M1,Generalist_NE,0.24741215094339625,6
gex_possorted_bam_SJSO3:GGGTGAAGTTCTTTAGx-M1,Arc_6,0.14509528301886793,1
gex_possorted_bam_SJSO3:GGGTTACGTCTATCGTx-M1,Generalist_NE,0.2501388490566038,11
gex_possorted_bam_SJSO3:GGCTTCAAGCAGGCCTx-M1,Generalist_NE,0.14509528301886793,1
gex_possorted_bam_SJSO3:GGGCATGAGGCTAAGAx-M1,Arc_3,0.264516320754717,7
gex_possorted_bam_SJSO3:GGGCTAACATTAGCCAx-M1,Generalist_NE,0.14509528301886793,1
gex_possorted_bam_SJSO3:GGGCAATAGTAAGTCCx-M1,Generalist_NE,0.14509528301886793,1
gex_possorted_bam_SJSO3:GGCTTAAGTGACCTGGx-M1,Arc_6,0.14509528301886793,1
gex_possorted_bam_SJSO3:GGGTATTTCGCCTAAGx-M1,Generalist_NE,0.1513683962264151,3
gex_possorted_bam_SJSO3:GGGCATTGTAGTAAGAx-M1,Generalist_NE,0.13918758490566038,3
gex_possorted_bam_SJSO3:GGGCCTAGTTTATTCGx-M1,Generalist_nonNE,0.10720309433962265,2
gex_possorted_bam_SJSO3:GGGCATTGTAGACAAAx-M1,Arc_4,0.1422937358490566,4
gex_possorted_bam_SJSO3:GGGCATTGTCTCAGCCx-M1,Generalist_NE,0.13948383018867921,2
gex_possorted_bam_SJSO3:GGCTGTCAGCACCACAx-M1,Generalist_NE,0.1457062641509434,2
gex_possorted_bam_SJSO3:GGCTCACAGGACTTACx-M1,Generalist_NE,0.14509528301886793,1
gex_possorted_bam_SJSO3:GGTAAACCATGCATATx-M1,Arc_4,0.1239426603773585,4
gex_possorted_bam_SJSO3:GGGTTTCCAAGGTACGx-M1,Generalist_NE,0.13948383018867921,2
gex_possorted_bam_SJSO3:GGTAAACCACAATGCCx-M1,Generalist_NE,0.14509528301886793,1
gex_possorted_bam_SJSO3:GGGTTATTCGGTTTGGx-M1,Generalist_NE,0.19155943396226413,6
gex_possorted_bam_SJSO3:GGTATGTTCGGTTAGTx-M1,Generalist_nonNE,0.11365409433962263,3
gex_possorted_bam_SJSO3:GGTATTGGTATTTGGGx-M1,Generalist_NE,0.23984243396226415,7
gex_possorted_bam_SJSO3:GGTACAAAGGCGCTTAx-M1,Generalist_NE,0.14509528301886793,1
gex_possorted_bam_SJSO3:GGTAGGAGTCTTACTAx-M1,Generalist_nonNE,0.12985896226415095,3
gex_possorted_bam_SJSO3:GGTATTGGTTAGTGATx-M1,Generalist_NE,0.16666730188679243,3
gex_possorted_bam_SJSO3:GGGTTACGTTTATTCGx-M1,Generalist_NE,0.14509528301886793,1
gex_possorted_bam_SJSO3:GGGTTTCCAGGAAGCCx-M1,Generalist_NE,0.32057326415094345,13
gex_possorted_bam_SJSO3:GGTAAACCAACTGGCTx-M1,Generalist_nonNE,0.12255694339622641,3
gex_possorted_bam_SJSO3:GGTAAACCAGCATGAGx-M1,Arc_4,0.11337394339622642,2
gex_possorted_bam_SJSO3:GGGTTTGTCTAATTGGx-M1,Generalist_nonNE,0.1762643396226415,5
gex_possorted_bam_SJSO3:GGGTTACGTTATAGCGx-M1,Generalist_NE,0.2271865094339622,8
gex_possorted_bam_SJSO3:GGTATTTCAATCCCTTx-M1,Generalist_nonNE,0.12934299999999999,2
gex_possorted_bam_SJSO3:GGTAACTTCTAAGGAGx-M1,Generalist_NE,0.14509528301886793,1
gex_possorted_bam_SJSO3:GGGTTTCCAATACTGTx-M1,Generalist_NE,0.1696931320754717,4
gex_possorted_bam_SJSO3:GGTACAAAGTAGCTTAx-M1,Generalist_nonNE,0.10996401886792453,3
gex_possorted_bam_SJSO3:GGTACAAAGCATTTCTx-M1,Arc_4,0.1615692075471698,7
gex_possorted_bam_SJSO3:GGTAACTTCCGGTATGx-M1,Arc_1,0.14075269811320754,6
gex_possorted_bam_SJSO3:GGTAACTTCACTAATGx-M1,Generalist_nonNE,0.2363854528301887,11
gex_possorted_bam_SJSO3:GGTAGGAGTGCTAGACx-M1,Generalist_NE,0.11337394339622642,2
gex_possorted_bam_SJSO3:GGGTTATTCGACAAAGx-M1,Generalist_nonNE,0.1069229433962264,1
gex_possorted_bam_SJSO3:GGTATTTCAAACAACAx-M1,Arc_4,0.12671683018867927,3
gex_possorted_bam_SJSO3:GGTACCGGTCCAAGACx-M1,Generalist_NE,0.15962477358490565,3
gex_possorted_bam_SJSO3:GGTAACCGTGGTTAGCx-M1,Generalist_NE,0.23971279245283017,8
gex_possorted_bam_SJSO3:GGGTTTCCAGAACCGAx-M1,Generalist_nonNE,0.12489564150943396,4
gex_possorted_bam_SJSO3:GGTACTTAGACCATACx-M1,Generalist_NE,0.16093305660377358,1
gex_possorted_bam_SJSO3:GGTACCGGTTTGGTTCx-M1,Arc_6,0.14509528301886793,1
gex_possorted_bam_SJSO3:GGTACAAAGTTAGACCx-M1,Generalist_NE,0.18659662264150945,3
gex_possorted_bam_SJSO3:GGGTTACGTGGTTAGCx-M1,Generalist_NE,0.1459867358490566,2
gex_possorted_bam_SJSO3:GGTACTTAGTTATTCCx-M1,Generalist_nonNE,0.12461549056603774,3
gex_possorted_bam_SJSO3:GGTAAGGGTGGACCTGx-M1,Generalist_NE,0.16093305660377358,1
gex_possorted_bam_SJSO3:GGTAACTTCAGGCCTAx-M1,Generalist_NE,0.1459867358490566,2
gex_possorted_bam_SJSO3:GGTATTGGTCGTAAATx-M1,Generalist_NE,0.14509528301886793,1
gex_possorted_bam_SJSO3:GGTAAGGGTGGTTAGCx-M1,Arc_4,0.11487462264150941,1
gex_possorted_bam_SJSO3:GGTACTTAGGCTAATCx-M1,Generalist_NE,0.19280015094339623,5
gex_possorted_bam_SJSO3:GGTATTTCAACAGGATx-M1,Generalist_NE,0.1510879245283019,3
gex_possorted_bam_SJSO3:GGTAAGGGTTTACTTGx-M1,Generalist_NE,0.16435622641509437,4
gex_possorted_bam_SJSO3:GGTATTGGTTTAACGGx-M1,Generalist_NE,0.2408717547169811,10
gex_possorted_bam_SJSO3:GGTATGTTCTTACTCGx-M1,Generalist_nonNE,0.19685745283018866,9
gex_possorted_bam_SJSO3:GGTACTTAGTTATCTCx-M1,Arc_6,0.23649196226415095,8
gex_possorted_bam_SJSO3:GGTCAGGAGATACTTGx-M1,Arc_4,0.16837294339622644,6
gex_possorted_bam_SJSO3:GGTCCGTAGACTTATGx-M1,Generalist_NE,0.14509528301886793,1
gex_possorted_bam_SJSO3:GGTGCTGGTATTGTGGx-M1,Arc_4,0.15124275471698112,6
gex_possorted_bam_SJSO3:GGTGTGACAGAACCGAx-M1,Arc_6,0.1457062641509434,2
gex_possorted_bam_SJSO3:GGTCAGGAGGTAGCTTx-M1,Arc_4,0.12913935849056601,3
gex_possorted_bam_SJSO3:GGTCTTGAGCCGCTTTx-M1,Generalist_NE,0.19206569811320756,5
gex_possorted_bam_SJSO3:GGTGAGCCAGCCTGCAx-M1,Generalist_NE,0.15018777358490562,3
gex_possorted_bam_SJSO3:GGTCCTGCAGCAAGGCx-M1,Arc_4,0.11487462264150941,1
gex_possorted_bam_SJSO3:GGTCAATTCGCACACAx-M1,Arc_4,0.126436679245283,2
gex_possorted_bam_SJSO3:GGTGTGACAATGCCTAx-M1,Arc_4,0.15124275471698112,6
gex_possorted_bam_SJSO3:GGTCCATCAGCATGGAx-M1,Generalist_nonNE,0.177798320754717,7
gex_possorted_bam_SJSO3:GGTATTTCAGGCATCTx-M1,Arc_6,0.14509528301886793,1
gex_possorted_bam_SJSO3:GGTGCTTCATTATGACx-M1,Generalist_NE,0.18421124528301888,3
gex_possorted_bam_SJSO3:GGTGTGACAATAGCCCx-M1,Generalist_NE,0.1696931320754717,4
gex_possorted_bam_SJSO3:GGTCCATCAAAGGTACx-M1,Arc_6,0.1696931320754717,4
gex_possorted_bam_SJSO3:GGTGTGACACAGGAATx-M1,Generalist_nonNE,0.1069229433962264,1
gex_possorted_bam_SJSO3:GGTGCTTCAGGTTATTx-M1,Generalist_NE,0.24019899999999997,9
gex_possorted_bam_SJSO3:GGTCCGTAGCGAGGTGx-M1,Generalist_NE,0.15119396226415094,5
gex_possorted_bam_SJSO3:GGTGAGCCAGAATGACx-M1,Generalist_nonNE,0.18186816981132076,8
gex_possorted_bam_SJSO3:GGTATTTCATAAAGCAx-M1,Generalist_NE,0.14509528301886793,1
gex_possorted_bam_SJSO3:GGTCAGGAGGACCTCAx-M1,Generalist_NE,0.1594777924528302,3
gex_possorted_bam_SJSO3:GGTGTCCAGAGGAAGGx-M1,Generalist_NE,0.15637632075471697,1
gex_possorted_bam_SJSO3:GGTCCGTAGCAGGCCTx-M1,Arc_4,0.126436679245283,2
gex_possorted_bam_SJSO3:GGTCCATCAAGCTTTGx-M1,Generalist_NE,0.1510879245283019,3
gex_possorted_bam_SJSO3:GGTATTTCACTGACTAx-M1,Arc_4,0.10720309433962265,2
gex_possorted_bam_SJSO3:GGTGCTTCATTAGCCAx-M1,Generalist_NE,0.16685264150943396,1
gex_possorted_bam_SJSO3:GGTGAGTAGGTCTTGGx-M1,Generalist_NE,0.1589891886792453,3
gex_possorted_bam_SJSO3:GGTCGGTTCATCCACCx-M1,Arc_1,0.22004584905660374,10
gex_possorted_bam_SJSO3:GGTGTCCAGTGACCTGx-M1,Generalist_nonNE,0.11545628301886793,2
gex_possorted_bam_SJSO3:GGTCGGTTCGCTAAGTx-M1,Generalist_nonNE,0.1265641320754717,1
gex_possorted_bam_SJSO3:GGTCTTTGTTTGTTGCx-M1,Generalist_nonNE,0.11823045283018867,1
gex_possorted_bam_SJSO3:GGTCCTGCATTGCGGTx-M1,Generalist_nonNE,0.14616181132075473,5
gex_possorted_bam_SJSO3:GGTGAGCCAGCAACAGx-M1,Generalist_NE,0.14509528301886793,1
gex_possorted_bam_SJSO3:GGTGTTGTCCCGAAGCx-M1,Generalist_NE,0.1696931320754717,4
gex_possorted_bam_SJSO3:GGTGAGGTCCTGTTCAx-M1,Generalist_nonNE,0.11337394339622642,2
gex_possorted_bam_SJSO3:GGTCCATCAAACCTATx-M1,Generalist_NE,0.16393230188679245,2
gex_possorted_bam_SJSO3:GGTGCTTCACATTAACx-M1,Generalist_NE,0.17138033962264146,6
gex_possorted_bam_SJSO3:GGTGCTTCATTCCTCGx-M1,Generalist_NE,0.14509528301886793,1
gex_possorted_bam_SJSO3:GGTCAATTCGCGACACx-M1,Generalist_NE,0.14814537735849057,2
gex_possorted_bam_SJSO3:GGTGAGCCATTGTTGGx-M1,Arc_6,0.22453415094339624,7
gex_possorted_bam_SJSO3:GGTCAGGAGGGACTAAx-M1,Generalist_nonNE,0.12132562264150942,2
gex_possorted_bam_SJSO3:GGTCCTGCAGGCGATAx-M1,Arc_6,0.13948383018867921,2
gex_possorted_bam_SJSO3:GGTCATTAGTCACTCCx-M1,Generalist_nonNE,0.15124275471698112,6
gex_possorted_bam_SJSO3:GTAAAGCCAGCCGCTAx-M1,Generalist_NE,0.17929403773584904,5
gex_possorted_bam_SJSO3:GGTTAGCGTTTCCTCCx-M1,Arc_4,0.13496103773584905,3
gex_possorted_bam_SJSO3:GGTTTCCTCCTAAGGTx-M1,Generalist_NE,0.3514886226415093,18
gex_possorted_bam_SJSO3:GGTTGCATCACTAATGx-M1,Arc_4,0.12791575471698113,2
gex_possorted_bam_SJSO3:GTAAGCAAGACAAGTGx-M1,Generalist_nonNE,0.12132562264150942,2
gex_possorted_bam_SJSO3:GGTTGCATCACAGCCAx-M1,Arc_6,0.21259156603773585,5
gex_possorted_bam_SJSO3:GGTTTCCTCTTGTCTGx-M1,Generalist_NE,0.18669267924528302,5
gex_possorted_bam_SJSO3:GGTTGCGGTACCCACCx-M1,Generalist_NE,0.1756543962264151,5
gex_possorted_bam_SJSO3:GGTTGCTCAGGTTACCx-M1,Generalist_NE,0.16431147169811322,3
gex_possorted_bam_SJSO3:GTAAAGCCATACTCCTx-M1,Generalist_NE,0.1655864528301887,4
gex_possorted_bam_SJSO3:GGTTGCTCATTGTGGCx-M1,Generalist_NE,0.24039430188679245,6
gex_possorted_bam_SJSO3:GGTTCTTGTTGCAATGx-M1,Generalist_NE,0.14509528301886793,1
gex_possorted_bam_SJSO3:GGTTGCATCCTAATAGx-M1,Generalist_nonNE,0.1321231132075472,3
gex_possorted_bam_SJSO3:GGTTACTAGTTTAACGx-M1,Generalist_nonNE,0.11365409433962263,3
gex_possorted_bam_SJSO3:GGTTTAATCTCCATGCx-M1,Generalist_nonNE,0.15096260377358492,5
gex_possorted_bam_SJSO3:GGTTACTAGTTAACCAx-M1,Arc_4,0.15096260377358492,5
gex_possorted_bam_SJSO3:GGTTGCTCACAATTACx-M1,Generalist_NE,0.13948383018867921,2
gex_possorted_bam_SJSO3:GGTTGCTCAACACCTAx-M1,Arc_5,0.13410216981132075,1
gex_possorted_bam_SJSO3:GGTTATATCGTTATCTx-M1,Generalist_NE,0.2356362075471698,9
gex_possorted_bam_SJSO3:GGTTGGTGTTAGCAGCx-M1,Generalist_NE,0.23565277358490566,7
gex_possorted_bam_SJSO3:GGTTTAATCATTGACAx-M1,Generalist_nonNE,0.11337394339622642,2
gex_possorted_bam_SJSO3:GGTTGGTGTTCCTGTGx-M1,Arc_3,0.2451189056603774,7
gex_possorted_bam_SJSO3:GTAAAGCCATTGTGCAx-M1,Arc_3,0.1764841886792453,9
gex_possorted_bam_SJSO3:GGTTATGGTTACCTGTx-M1,Generalist_NE,0.13948383018867921,2
gex_possorted_bam_SJSO3:GGTTACTAGTGAAGTGx-M1,Arc_4,0.1753069811320755,7
gex_possorted_bam_SJSO3:GGTTTCTGTTGTGATGx-M1,Generalist_NE,0.19228607547169813,5
gex_possorted_bam_SJSO3:GGTTGCATCTTGTCTGx-M1,Generalist_NE,0.23836420754716978,8
gex_possorted_bam_SJSO3:GGTTGGTGTCATGCAAx-M1,Generalist_NE,0.21323618867924526,6
gex_possorted_bam_SJSO3:GGTTCTTGTTACTAGGx-M1,Generalist_nonNE,0.12255694339622641,3
gex_possorted_bam_SJSO3:GGTTCTTGTCGTTACTx-M1,Generalist_NE,0.24655649056603773,10
gex_possorted_bam_SJSO3:GGTTGCTCATCGCTTTx-M1,Arc_1,0.23564305660377352,9
gex_possorted_bam_SJSO3:GGTTGAGCACTATGGCx-M1,Generalist_NE,0.14509528301886793,1
gex_possorted_bam_SJSO3:GGTTACCCATTGTGATx-M1,Generalist_nonNE,0.11823045283018867,1
gex_possorted_bam_SJSO3:GGTTGGTGTAATCGTGx-M1,Generalist_NE,0.33839283018867916,16
gex_possorted_bam_SJSO3:GGTTATATCGTTTCCAx-M1,Generalist_NE,0.255452037735849,7
gex_possorted_bam_SJSO3:GGTTATATCGTTAAGCx-M1,Arc_3,0.23879816981132077,7
gex_possorted_bam_SJSO3:GGTTCCCGTTCATTTGx-M1,Generalist_NE,0.17929403773584904,5
gex_possorted_bam_SJSO3:GGTTTCTGTTACTTCAx-M1,Generalist_NE,0.14673864150943394,3
gex_possorted_bam_SJSO3:GGTTCTTGTTATCCGTx-M1,Generalist_NE,0.17121935849056605,2
gex_possorted_bam_SJSO3:GTACTAGGTAATGGCCx-M1,Arc_4,0.13816949056603772,3
gex_possorted_bam_SJSO3:GTAGGCGAGCCGCTAAx-M1,Arc_1,0.13463688679245284,3
gex_possorted_bam_SJSO3:GTAGGAGGTACTGAATx-M1,Generalist_NE,0.1459867358490566,2
gex_possorted_bam_SJSO3:GTACCTTGTAGCTGGTx-M1,Arc_4,0.1422937358490566,4
gex_possorted_bam_SJSO3:GTAAGGTCAATATAGGx-M1,Generalist_nonNE,0.12340796226415095,2
gex_possorted_bam_SJSO3:GTAGGAGGTCTCACTGx-M1,Arc_4,0.12169666037735849,2
gex_possorted_bam_SJSO3:GTACTGGTCTGTTGCCx-M1,Generalist_NE,0.2010015471698113,6
gex_possorted_bam_SJSO3:GTACTAATCACTCGCTx-M1,Generalist_nonNE,0.14509528301886793,1
gex_possorted_bam_SJSO3:GTAGGCGAGAACCTACx-M1,Arc_4,0.11823045283018867,1
gex_possorted_bam_SJSO3:GTACTAATCAGGAAGCx-M1,Generalist_NE,0.1510879245283019,3
gex_possorted_bam_SJSO3:GTAAGCTTCTCAATAGx-M1,Generalist_NE,0.16093305660377358,1
gex_possorted_bam_SJSO3:GTAGGCGAGCTAAGTCx-M1,Generalist_NE,0.18034771698113208,4
gex_possorted_bam_SJSO3:GTACCTTGTGCATCGGx-M1,Generalist_NE,0.19162618867924527,5
gex_possorted_bam_SJSO3:GTAAGGTCATACTCCTx-M1,Generalist_NE,0.31078273584905663,12
gex_possorted_bam_SJSO3:GTACTGGTCCGTTATTx-M1,Generalist_NE,0.14509528301886793,1
gex_possorted_bam_SJSO3:GTACCGGGTTTAGCGAx-M1,Generalist_NE,0.21474015094339624,4
gex_possorted_bam_SJSO3:GTACGTAGTGATGAAAx-M1,Generalist_NE,0.15121166037735848,1
gex_possorted_bam_SJSO3:GTAGGAGGTGTTTGCTx-M1,Arc_4,0.15005537735849056,5
gex_possorted_bam_SJSO3:GTACGTAGTGATGATTx-M1,Generalist_nonNE,0.11487462264150941,1
gex_possorted_bam_SJSO3:GTACACCCAGGCGAGTx-M1,Generalist_NE,0.1536075283018868,2
gex_possorted_bam_SJSO3:GTACTAGGTGACATATx-M1,Generalist_NE,0.14509528301886793,1
gex_possorted_bam_SJSO3:GTAGCTGTCGGTTCCTx-M1,Generalist_nonNE,0.12489564150943396,4
gex_possorted_bam_SJSO3:GTACACCCAGGACCAAx-M1,Generalist_nonNE,0.12255694339622641,3
gex_possorted_bam_SJSO3:GTACGTAGTCAGGAAGx-M1,Generalist_NE,0.19285824528301887,6
gex_possorted_bam_SJSO3:GTAAGCGCACAATGCCx-M1,Generalist_nonNE,0.1292867169811321,3
gex_possorted_bam_SJSO3:GTACTAATCACGCATGx-M1,Generalist_nonNE,0.1069229433962264,1
gex_possorted_bam_SJSO3:GTAAGCTTCTAACCTTx-M1,Arc_1,0.1416463396226415,2
gex_possorted_bam_SJSO3:GTACTGGTCCTAGTCCx-M1,Arc_2,0.16555203773584906,6
gex_possorted_bam_SJSO3:GTACTTCGTAATCGGCx-M1,Generalist_NE,0.15018777358490562,3
gex_possorted_bam_SJSO3:GTAAGCAAGTGAACAGx-M1,Generalist_NE,0.16093305660377358,1
gex_possorted_bam_SJSO3:GTAGGATCAAGTTATCx-M1,Generalist_nonNE,0.1505129433962264,5
gex_possorted_bam_SJSO3:GTAAGCTTCTGCAACGx-M1,Generalist_NE,0.18027873584905663,3
gex_possorted_bam_SJSO3:GTAATAGCAGTTATGTx-M1,Generalist_NE,0.21376807547169813,7
gex_possorted_bam_SJSO3:GTACTTCGTGGTTAGCx-M1,Generalist_NE,0.26770830188679245,8
gex_possorted_bam_SJSO3:GTAGGATCAAGGTACGx-M1,Generalist_NE,0.1710413962264151,6
gex_possorted_bam_SJSO3:GTAGCGCTCCAGCACAx-M1,Generalist_NE,0.14509528301886793,1
gex_possorted_bam_SJSO3:GTACCGGGTGAGAAACx-M1,Generalist_NE,0.18410783018867927,3
gex_possorted_bam_SJSO3:GTAAGCTTCTTAGCCCx-M1,Generalist_NE,0.14509528301886793,1
gex_possorted_bam_SJSO3:GTACAATGTAAGCACCx-M1,Generalist_nonNE,0.1069229433962264,1
gex_possorted_bam_SJSO3:GTAAGCGCAACACTTGx-M1,Generalist_nonNE,0.14257388679245284,5
gex_possorted_bam_SJSO3:GTAATAGCAAAGGCCAx-M1,Generalist_nonNE,0.11337394339622642,2
gex_possorted_bam_SJSO3:GTAGGAGGTACAAAGAx-M1,Generalist_NE,0.14509528301886793,1
gex_possorted_bam_SJSO3:GTCAGGCTCAGTTCCCx-M1,Generalist_NE,0.22223337735849055,7
gex_possorted_bam_SJSO3:GTAGGTGCAAACAACAx-M1,Generalist_NE,0.18299907547169814,6
gex_possorted_bam_SJSO3:GTCAAACTCACCGGTAx-M1,Generalist_nonNE,0.1069229433962264,1
gex_possorted_bam_SJSO3:GTCATCACAGTAGCCTx-M1,Generalist_nonNE,0.11365409433962263,3
gex_possorted_bam_SJSO3:GTAGTTTCATTAAACCx-M1,Arc_4,0.1720869056603774,7
gex_possorted_bam_SJSO3:GTCAATATCTCAATGAx-M1,Generalist_NE,0.1769525283018868,2
gex_possorted_bam_SJSO3:GTATTGTCAATTAGGAx-M1,Generalist_nonNE,0.10720309433962265,2
gex_possorted_bam_SJSO3:GTCATCCTCCAACTGGx-M1,Generalist_NE,0.3372181132075472,13
gex_possorted_bam_SJSO3:GTCAGGCTCATAAGCCx-M1,Generalist_NE,0.14930109433962266,0
gex_possorted_bam_SJSO3:GTATTGATCATCACTTx-M1,Generalist_nonNE,0.17026762264150944,4
gex_possorted_bam_SJSO3:GTATGTTCAAGACTCCx-M1,Generalist_NE,0.14509528301886793,1
gex_possorted_bam_SJSO3:GTAGGTGCAAGGTAACx-M1,Generalist_NE,0.1518837924528302,4
gex_possorted_bam_SJSO3:GTCATCCTCATAACTGx-M1,Arc_4,0.17703022641509433,7
gex_possorted_bam_SJSO3:GTATGTTCAAGGACCAx-M1,Generalist_NE,0.19155943396226413,6
gex_possorted_bam_SJSO3:GTATTGTCAAATGCCCx-M1,Generalist_NE,0.16909696226415094,2
gex_possorted_bam_SJSO3:GTATTCAAGCTTCTCAx-M1,Arc_4,0.15096260377358492,5
gex_possorted_bam_SJSO3:GTCAAACTCCTCACTAx-M1,Generalist_nonNE,0.12120556603773584,4
gex_possorted_bam_SJSO3:GTCAAACTCCTTGCGTx-M1,Generalist_nonNE,0.11823045283018867,1
gex_possorted_bam_SJSO3:GTATGTTCATAATCACx-M1,Generalist_NE,0.13927245283018866,3
gex_possorted_bam_SJSO3:GTAGGCGAGGCAAGTAx-M1,Generalist_nonNE,0.1265641320754717,1
gex_possorted_bam_SJSO3:GTATTGATCGTACCGAx-M1,Generalist_NE,0.14509528301886793,1
gex_possorted_bam_SJSO3:GTAGTTTCAAAGCTCCx-M1,Generalist_NE,0.1641001320754717,2
gex_possorted_bam_SJSO3:GTAGTTATCTAGCTTTx-M1,Generalist_NE,0.36306481132075474,16
gex_possorted_bam_SJSO3:GTCAATATCTAAGTCAx-M1,Generalist_NE,0.1536075283018868,2
gex_possorted_bam_SJSO3:GTCATGCCATGAGTTTx-M1,Generalist_NE,0.14509528301886793,1
gex_possorted_bam_SJSO3:GTATTGATCGTCATTTx-M1,Generalist_NE,0.14509528301886793,1
gex_possorted_bam_SJSO3:GTATTGATCGTTAACAx-M1,Generalist_NE,0.1914836603773585,8
gex_possorted_bam_SJSO3:GTCATGCCAGCCTAACx-M1,Generalist_NE,0.14930109433962266,0
gex_possorted_bam_SJSO3:GTCATGAGTTTAACGGx-M1,Generalist_NE,0.1673125471698113,3
gex_possorted_bam_SJSO3:GTCATCCTCTTGACCCx-M1,Generalist_nonNE,0.12120556603773584,4
gex_possorted_bam_SJSO3:GTCATCACAGGTTACCx-M1,Generalist_nonNE,0.126436679245283,2
gex_possorted_bam_SJSO3:GTATTGTCATTATGACx-M1,Generalist_NE,0.17323241509433962,3
gex_possorted_bam_SJSO3:GTATTGCAGTCAATTGx-M1,Generalist_NE,0.30287967924528303,13
gex_possorted_bam_SJSO3:GTATGTGGTGCCGCAAx-M1,Generalist_NE,0.18410783018867927,3
gex_possorted_bam_SJSO3:GTAGGTGCATACTCCTx-M1,Generalist_NE,0.13948383018867921,2
gex_possorted_bam_SJSO3:GTCATCACACTGGCTGx-M1,Generalist_NE,0.14509528301886793,1
gex_possorted_bam_SJSO3:GTATGTTCATGGTTATx-M1,Arc_4,0.12366250943396226,3
gex_possorted_bam_SJSO3:GTCAGGCTCATTGTCTx-M1,Arc_4,0.13674224528301887,3
gex_possorted_bam_SJSO3:GTCATGCCAAGCTTTGx-M1,Generalist_NE,0.19867350943396225,7
gex_possorted_bam_SJSO3:GTCAATATCCTGATGGx-M1,Generalist_NE,0.1459867358490566,2
gex_possorted_bam_SJSO3:GTCATTAAGACAGGCGx-M1,Arc_4,0.1422937358490566,4
gex_possorted_bam_SJSO3:GTATTGTCAAGACTCCx-M1,Generalist_nonNE,0.11573643396226416,3
gex_possorted_bam_SJSO3:GTATGTTCATAGACCCx-M1,Generalist_NE,0.1641001320754717,2
gex_possorted_bam_SJSO3:GTATGTTCATGCTCCCx-M1,Generalist_nonNE,0.26190399999999997,10
gex_possorted_bam_SJSO3:GTAGGTGCAAACCCTAx-M1,Arc_2,0.11600766037735848,3
gex_possorted_bam_SJSO3:GTAGTTTCAAGTGAACx-M1,Arc_4,0.15124275471698112,6
gex_possorted_bam_SJSO3:GTATCGCCATGGCCTGx-M1,Generalist_NE,0.16658892452830187,2
gex_possorted_bam_SJSO3:GTAGTTTCATTCAGCAx-M1,Generalist_nonNE,0.2085956226415094,8
gex_possorted_bam_SJSO3:GTCCAAGTCCTCCCTCx-M1,Arc_6,0.24976939622641506,8
gex_possorted_bam_SJSO3:GTCTATGCAATCCCTTx-M1,Generalist_NE,0.1726782075471698,5
gex_possorted_bam_SJSO3:GTCTAACAGCAGCTCAx-M1,Generalist_nonNE,0.1383368113207547,5
gex_possorted_bam_SJSO3:GTCTATGCACTTGTTCx-M1,Generalist_nonNE,0.11823045283018867,1
gex_possorted_bam_SJSO3:GTCTTTGTCACCATTTx-M1,Generalist_NE,0.14673864150943394,3
gex_possorted_bam_SJSO3:GTCTATCGTCAATAGTx-M1,Arc_4,0.126436679245283,2
gex_possorted_bam_SJSO3:GTCTATGCACTGACCGx-M1,Arc_4,0.12489564150943396,4
gex_possorted_bam_SJSO3:GTCTATGCAGTAGCCTx-M1,Generalist_NE,0.14509528301886793,1
gex_possorted_bam_SJSO3:GTCTTGCTCCTTTACGx-M1,Generalist_NE,0.1459867358490566,2
gex_possorted_bam_SJSO3:GTCCAGGGTGAGCGAAx-M1,Generalist_NE,0.19465764150943393,5
gex_possorted_bam_SJSO3:GTCATTAAGCCTCTGTx-M1,Arc_1,0.3382938679245283,18
gex_possorted_bam_SJSO3:GTCTAATCACTATGGCx-M1,Generalist_NE,0.16093305660377358,1
gex_possorted_bam_SJSO3:GTCTATGCACACTAATx-M1,Arc_4,0.126436679245283,2
gex_possorted_bam_SJSO3:GTCCGTAAGTTGCGTGx-M1,Generalist_nonNE,0.13404054716981134,4
gex_possorted_bam_SJSO3:GTCGGTTCAAACCTATx-M1,Generalist_NE,0.23053586792452826,4
gex_possorted_bam_SJSO3:GTCGAAGCAACACTTGx-M1,Generalist_NE,0.13948383018867921,2
gex_possorted_bam_SJSO3:GTCTCACTCCAAGTTAx-M1,Arc_6,0.1696931320754717,4
gex_possorted_bam_SJSO3:GTCCAGGGTGCGCGTAx-M1,Generalist_NE,0.20211718867924527,6
gex_possorted_bam_SJSO3:GTCCGTAAGTCAATCAx-M1,Generalist_NE,0.1769525283018868,2
gex_possorted_bam_SJSO3:GTCGGTTCAACCCTCCx-M1,Generalist_NE,0.20242562264150943,4
gex_possorted_bam_SJSO3:GTCTAACAGGACACTTx-M1,Generalist_NE,0.24977584905660377,7
gex_possorted_bam_SJSO3:GTCCAAGTCTTTGTACx-M1,Generalist_NE,0.14509528301886793,1
gex_possorted_bam_SJSO3:GTCGAAGCATCCCGCTx-M1,Generalist_NE,0.14509528301886793,1
gex_possorted_bam_SJSO3:GTCTTTAGTCACAGACx-M1,Generalist_NE,0.14509528301886793,1
gex_possorted_bam_SJSO3:GTCCATTGTTGACTTCx-M1,Generalist_NE,0.1925750566037736,7
gex_possorted_bam_SJSO3:GTCTAACAGGGTCTATx-M1,Generalist_NE,0.14509528301886793,1
gex_possorted_bam_SJSO3:GTCTAGCCATTCCTCGx-M1,Generalist_NE,0.15018777358490562,3
gex_possorted_bam_SJSO3:GTCCTCAGTACAAAGAx-M1,Generalist_NE,0.2346305283018868,5
gex_possorted_bam_SJSO3:GTCGGTTCAGCTTAATx-M1,Generalist_NE,0.14509528301886793,1
gex_possorted_bam_SJSO3:GTCTCACTCAAACCGTx-M1,Arc_4,0.15096260377358492,5
gex_possorted_bam_SJSO3:GTCTAACAGTATCGCGx-M1,Arc_4,0.13127069811320755,3
gex_possorted_bam_SJSO3:GTCTTTAGTCTATCGTx-M1,Generalist_nonNE,0.1069229433962264,1
gex_possorted_bam_SJSO3:GTCTTGCTCATTATGGx-M1,Generalist_NE,0.34613101886792447,14
gex_possorted_bam_SJSO3:GTCCGTAAGCTATGACx-M1,Generalist_NE,0.13948383018867921,2
gex_possorted_bam_SJSO3:GTCCTCAGTATCTGGAx-M1,Arc_5,0.19192920754716977,6
gex_possorted_bam_SJSO3:GTCCAAGTCGTCAAGTx-M1,Generalist_NE,0.14814537735849057,2
gex_possorted_bam_SJSO3:GTCCATTGTGTGCAACx-M1,Generalist_nonNE,0.16128905660377355,6
gex_possorted_bam_SJSO3:GTCTAGCCAGCAACCTx-M1,Generalist_nonNE,0.126436679245283,2
gex_possorted_bam_SJSO3:GTCCATTGTGCTAGACx-M1,Generalist_NE,0.21745167924528297,4
gex_possorted_bam_SJSO3:GTCCAAGTCTTGAGCGx-M1,Generalist_NE,0.249232320754717,6
gex_possorted_bam_SJSO3:GTCTATCGTGTTAGCAx-M1,Generalist_nonNE,0.12002915094339624,2
gex_possorted_bam_SJSO3:GTGCTGGGTACCCACCx-M1,Generalist_NE,0.2477891886792453,7
gex_possorted_bam_SJSO3:GTGCCTTTCAATCATGx-M1,Generalist_NE,0.24671332075471694,7
gex_possorted_bam_SJSO3:GTGCGCAGTAATCACGx-M1,Arc_1,0.14818843396226417,6
gex_possorted_bam_SJSO3:GTGATGAAGCCTGGTAx-M1,Arc_2,0.12955794339622642,3
gex_possorted_bam_SJSO3:GTGCTTCTCATTCATCx-M1,Generalist_NE,0.1510879245283019,3
gex_possorted_bam_SJSO3:GTGCTTCTCAAGTGAGx-M1,Generalist_NE,0.14509528301886793,1
gex_possorted_bam_SJSO3:GTGCATTAGACAACGAx-M1,Generalist_NE,0.17189016981132077,4
gex_possorted_bam_SJSO3:GTGCTTACAATGAATGx-M1,Generalist_NE,0.19279998113207547,5
gex_possorted_bam_SJSO3:GTGCGGTTCACAGCCAx-M1,Generalist_NE,0.14509528301886793,1
gex_possorted_bam_SJSO3:GTGCTTACAGCAAATAx-M1,Generalist_NE,0.14509528301886793,1
gex_possorted_bam_SJSO3:GTGAGGAGTAGCTAATx-M1,Generalist_NE,0.1457062641509434,2
gex_possorted_bam_SJSO3:GTGCTGATCAGCTAACx-M1,Generalist_NE,0.2408717547169811,10
gex_possorted_bam_SJSO3:GTGAGCGAGTGTGATCx-M1,Arc_4,0.10646618867924527,1
gex_possorted_bam_SJSO3:GTGCTGATCGCTCCATx-M1,Arc_4,0.11823045283018867,1
gex_possorted_bam_SJSO3:GTGCTTCTCCCGCCTAx-M1,Arc_1,0.18450900000000003,7
gex_possorted_bam_SJSO3:GTGATCAGTTTATCGCx-M1,Generalist_NE,0.19133164150943396,4
gex_possorted_bam_SJSO3:GTGCAAGCATAAGCAAx-M1,Generalist_nonNE,0.12002915094339624,2
gex_possorted_bam_SJSO3:GTGAATCTCTACCTATx-M1,Arc_3,0.15121166037735848,1
gex_possorted_bam_SJSO3:GTGCTGATCACCATTTx-M1,Generalist_NE,0.1457062641509434,2
gex_possorted_bam_SJSO3:GTGAATCTCGTAACGTx-M1,Generalist_NE,0.14509528301886793,1
gex_possorted_bam_SJSO3:GTGATCAGTCGACTAAx-M1,Arc_6,0.13410216981132075,1
gex_possorted_bam_SJSO3:GTGCGCAGTTCGGTAAx-M1,Arc_4,0.12255694339622641,3
gex_possorted_bam_SJSO3:GTGCTTACAATATGGAx-M1,Generalist_NE,0.20541635849056603,6
gex_possorted_bam_SJSO3:GTGCATTAGCGAGCGAx-M1,Generalist_NE,0.20676073584905655,3
gex_possorted_bam_SJSO3:GTGGATGCAAGACTCCx-M1,Arc_4,0.1673137169811321,7
gex_possorted_bam_SJSO3:GTGCTGGGTTAGCGTAx-M1,Generalist_NE,0.2069513396226415,6
gex_possorted_bam_SJSO3:GTGCGCAGTTTATTCGx-M1,Generalist_NE,0.16393230188679245,2
gex_possorted_bam_SJSO3:GTGCTTCTCTTAGGACx-M1,Generalist_NE,0.1536075283018868,2
gex_possorted_bam_SJSO3:GTGCTGGGTCATCCTGx-M1,Generalist_NE,0.1638778679245283,3
gex_possorted_bam_SJSO3:GTGATGAAGGCTAATCx-M1,Generalist_nonNE,0.11823045283018867,1
gex_possorted_bam_SJSO3:GTGCTGGGTGTCACGGx-M1,Arc_4,0.16128905660377355,6
gex_possorted_bam_SJSO3:GTGCTTACACACTAATx-M1,Generalist_NE,0.1457062641509434,2
gex_possorted_bam_SJSO3:GTGATGAAGCCAAATCx-M1,Generalist_nonNE,0.13127069811320755,3
gex_possorted_bam_SJSO3:GTGCTTCTCTTTGACTx-M1,Arc_4,0.11365409433962263,3
gex_possorted_bam_SJSO3:GTGATCAGTCAAACTGx-M1,Generalist_NE,0.1457062641509434,2
gex_possorted_bam_SJSO3:GTGCTCAAGGCGAATAx-M1,Generalist_NE,0.14509528301886793,1
gex_possorted_bam_SJSO3:GTGCTCCGTAAGCTCAx-M1,Generalist_NE,0.22213364150943396,8
gex_possorted_bam_SJSO3:GTGAATCTCCAAGTGTx-M1,Arc_4,0.1529003396226415,6
gex_possorted_bam_SJSO3:GTGCTTCTCGGTCAGCx-M1,Generalist_NE,0.13410216981132075,1
gex_possorted_bam_SJSO3:GTGCTGGGTGGAAGGCx-M1,Generalist_nonNE,0.19555226415094337,8
gex_possorted_bam_SJSO3:GTGCAAGCACTTAACGx-M1,Generalist_NE,0.23813211320754715,5
gex_possorted_bam_SJSO3:GTGAGGAGTTACATCCx-M1,Generalist_NE,0.2182564905660377,6
gex_possorted_bam_SJSO3:GTGCTGATCCTAATAGx-M1,Generalist_nonNE,0.11337394339622642,2
gex_possorted_bam_SJSO3:GTGCTGATCACCTGCTx-M1,Generalist_NE,0.15018777358490562,3
gex_possorted_bam_SJSO3:GTGCGGTTCACGAATCx-M1,Generalist_NE,0.14509528301886793,1
gex_possorted_bam_SJSO3:GTGCATTAGGACCTTGx-M1,Generalist_NE,0.1457062641509434,2
gex_possorted_bam_SJSO3:GTGCACGGTATTGCAGx-M1,Arc_1,0.3481565660377358,19
gex_possorted_bam_SJSO3:GTGCTCCGTTAACGATx-M1,Generalist_nonNE,0.11823045283018867,1
gex_possorted_bam_SJSO3:GTGTTCCTCTTAAGTGx-M1,Generalist_NE,0.1589891886792453,3
gex_possorted_bam_SJSO3:GTGGCTTCAATATACCx-M1,Generalist_NE,0.14509528301886793,1
gex_possorted_bam_SJSO3:GTTAACCAGTCATTAGx-M1,Arc_4,0.13510554716981132,3
gex_possorted_bam_SJSO3:GTGTGCGGTATTGCAGx-M1,Arc_4,0.17203335849056603,8
gex_possorted_bam_SJSO3:GTGTGTTAGTAAACCCx-M1,Generalist_NE,0.19386581132075473,5
gex_possorted_bam_SJSO3:GTTAAGCTCTTAGTCTx-M1,Arc_4,0.1432813396226415,6
gex_possorted_bam_SJSO3:GTGTGAGCAGCAATAAx-M1,Generalist_nonNE,0.11823045283018867,1
gex_possorted_bam_SJSO3:GTGGCTTCAGGAAGCCx-M1,Generalist_NE,0.13410216981132075,1
gex_possorted_bam_SJSO3:GTTAACCAGACCATACx-M1,Generalist_NE,0.20447803773584908,6
gex_possorted_bam_SJSO3:GTGTGAGCAAACAACAx-M1,Generalist_nonNE,0.12779749056603776,4
gex_possorted_bam_SJSO3:GTGTGAGCATCCCGCTx-M1,Arc_4,0.16128603773584907,6
gex_possorted_bam_SJSO3:GTTAAACGTTGGATCAx-M1,Generalist_NE,0.25368450943396226,11
gex_possorted_bam_SJSO3:GTGTAACTCCGTTAAAx-M1,Generalist_NE,0.1459867358490566,2
gex_possorted_bam_SJSO3:GTTAAGTGTACGCGCAx-M1,Generalist_nonNE,0.1069229433962264,1
gex_possorted_bam_SJSO3:GTGTCCAAGGACCTTGx-M1,Generalist_NE,0.20894503773584908,6
gex_possorted_bam_SJSO3:GTGGTTAGTTGGATCAx-M1,Generalist_nonNE,0.1807735660377358,7
gex_possorted_bam_SJSO3:GTGTTACAGCACTAACx-M1,Arc_3,0.2649259811320755,9
gex_possorted_bam_SJSO3:GTGTGCGGTTAAGGTTx-M1,Generalist_NE,0.14509528301886793,1
gex_possorted_bam_SJSO3:GTTAATGTCTGGCATGx-M1,Generalist_NE,0.14509528301886793,1
gex_possorted_bam_SJSO3:GTTACGCCAATCATGTx-M1,Generalist_NE,0.17005864150943395,7
gex_possorted_bam_SJSO3:GTGGCTTCATAGACTTx-M1,Generalist_NE,0.16393230188679245,2
gex_possorted_bam_SJSO3:GTGTTACAGCACGATTx-M1,Arc_4,0.11999396226415095,4
gex_possorted_bam_SJSO3:GTGTGTTAGTGAACAGx-M1,Generalist_NE,0.13130147169811324,4
gex_possorted_bam_SJSO3:GTTAAGTGTTCTTTAGx-M1,Arc_4,0.14206907547169811,4
gex_possorted_bam_SJSO3:GTGTGCGGTCTAACAGx-M1,Generalist_nonNE,0.126436679245283,2
gex_possorted_bam_SJSO3:GTTAATGTCTCCATATx-M1,Generalist_nonNE,0.1069229433962264,1
gex_possorted_bam_SJSO3:GTGTGCGGTAGCTGCGx-M1,Generalist_NE,0.21639043396226418,9
gex_possorted_bam_SJSO3:GTTACCTGTGTTTGTCx-M1,Generalist_NE,0.2384082641509434,8
gex_possorted_bam_SJSO3:GTTACGCCACAGGGACx-M1,Generalist_nonNE,0.11514584905660376,1
gex_possorted_bam_SJSO3:GTGTGCGGTAAATTGCx-M1,Generalist_NE,0.2256044150943396,9
gex_possorted_bam_SJSO3:GTTAAGCTCATTGTTCx-M1,Generalist_NE,0.2472244716981132,12
gex_possorted_bam_SJSO3:GTTAAGTGTCCAAATGx-M1,Generalist_NE,0.14509528301886793,1
gex_possorted_bam_SJSO3:GTGGCTTCATATTGACx-M1,Generalist_nonNE,0.11545628301886793,2
gex_possorted_bam_SJSO3:GTGGATGCACGGTACTx-M1,Arc_4,0.11823045283018867,1
gex_possorted_bam_SJSO3:GTGGTTAGTGAGGTAGx-M1,Arc_4,0.15096260377358492,5
gex_possorted_bam_SJSO3:GTTCCCAGTAGCAGCTx-M1,Arc_4,0.15124275471698112,6
gex_possorted_bam_SJSO3:GTTACGTAGGGTGAACx-M1,Generalist_NE,0.1467297924528302,3
gex_possorted_bam_SJSO3:GTTCACCTCATTATGGx-M1,Arc_4,0.15124275471698112,6
gex_possorted_bam_SJSO3:GTTGCGGGTTCCGGGAx-M1,Arc_6,0.14509528301886793,1
gex_possorted_bam_SJSO3:GTTCATTTCATCACTTx-M1,Arc_6,0.2947572830188679,13
gex_possorted_bam_SJSO3:GTTAGACTCATGCAACx-M1,Generalist_nonNE,0.17187245283018865,6
gex_possorted_bam_SJSO3:GTTCTTGTCCTAAGGTx-M1,Generalist_NE,0.21278964150943397,5
gex_possorted_bam_SJSO3:GTTACGTAGGACTTACx-M1,Generalist_nonNE,0.13510554716981132,3
gex_possorted_bam_SJSO3:GTTCGCGCACATAACTx-M1,Generalist_nonNE,0.12120556603773584,4
gex_possorted_bam_SJSO3:GTTCTTAGTTTCCACGx-M1,Arc_1,0.14045035849056603,4
gex_possorted_bam_SJSO3:GTTAGACTCTCCATGCx-M1,Generalist_nonNE,0.17552830188679247,7
gex_possorted_bam_SJSO3:GTTCTTAGTGATTTGGx-M1,Generalist_nonNE,0.13410216981132075,1
gex_possorted_bam_SJSO3:GTTGCATAGTTAGTTGx-M1,Generalist_NE,0.14673864150943394,3
gex_possorted_bam_SJSO3:GTTGCGGGTTAGGATTx-M1,Arc_4,0.16837294339622644,6
gex_possorted_bam_SJSO3:GTTCGCTTCCGCCTCAx-M1,Arc_4,0.11365409433962263,3
gex_possorted_bam_SJSO3:GTTGCATAGTTATTCCx-M1,Generalist_NE,0.1696931320754717,4
gex_possorted_bam_SJSO3:GTTCCCAGTTGCACGGx-M1,Generalist_NE,0.1459867358490566,2
gex_possorted_bam_SJSO3:GTTCTTGTCGTGCTTCx-M1,Generalist_NE,0.16748037735849056,3
gex_possorted_bam_SJSO3:GTTGCTGAGGCCTTAGx-M1,Arc_4,0.11337394339622642,2
gex_possorted_bam_SJSO3:GTTAGACTCTTTAAGGx-M1,Arc_4,0.126436679245283,2
gex_possorted_bam_SJSO3:GTTCATTTCTAATTGGx-M1,Generalist_NE,0.14509528301886793,1
gex_possorted_bam_SJSO3:GTTACTAAGCTAAAGGx-M1,Generalist_nonNE,0.11823045283018867,1
gex_possorted_bam_SJSO3:GTTCATTTCTTGAGCGx-M1,Generalist_nonNE,0.12120556603773584,4
gex_possorted_bam_SJSO3:GTTGCGGGTCACTCGCx-M1,Generalist_NE,0.28190516981132074,9
gex_possorted_bam_SJSO3:GTTCTCATCGGTCAATx-M1,Generalist_NE,0.16748037735849056,3
gex_possorted_bam_SJSO3:GTTAGGCGTGATGATTx-M1,Arc_6,0.13948383018867921,2
gex_possorted_bam_SJSO3:GTTCTCATCTTGCATTx-M1,Arc_4,0.15124275471698112,6
gex_possorted_bam_SJSO3:GTTGCGGGTCCACAAAx-M1,Generalist_nonNE,0.11365409433962263,3
gex_possorted_bam_SJSO3:GTTACGTAGTTGCCTCx-M1,Generalist_nonNE,0.12461549056603774,3
gex_possorted_bam_SJSO3:GTTCCCAGTTGACTTCx-M1,Generalist_NE,0.20078577358490565,5
gex_possorted_bam_SJSO3:GTTCCTTCAATCCCTTx-M1,Generalist_NE,0.1459867358490566,2
gex_possorted_bam_SJSO3:GTTAGACTCAAACCGTx-M1,Generalist_nonNE,0.11823045283018867,1
gex_possorted_bam_SJSO3:GTTCTCATCCACCTGTx-M1,Arc_4,0.11337394339622642,2
gex_possorted_bam_SJSO3:GTTCACCTCCCTCTAAx-M1,Generalist_NE,0.14930109433962266,0
gex_possorted_bam_SJSO3:GTTCACCTCAAGTGTCx-M1,Arc_4,0.12132562264150942,2
gex_possorted_bam_SJSO3:GTTCTTAGTTCCTGTGx-M1,Generalist_nonNE,0.1185106037735849,2
gex_possorted_bam_SJSO3:GTTGCATAGGCTAAGAx-M1,Generalist_NE,0.22908750943396228,9
gex_possorted_bam_SJSO3:GTTCATTTCCTACCTAx-M1,Generalist_NE,0.14509528301886793,1
gex_possorted_bam_SJSO3:GTTAGGCGTGCCTCACx-M1,Arc_4,0.16128603773584907,6
gex_possorted_bam_SJSO3:GTTCTTGTCTAATCCTx-M1,Generalist_nonNE,0.12002915094339624,2
gex_possorted_bam_SJSO3:GTTGCGGGTGTGTCCCx-M1,Arc_6,0.3009601132075471,14
gex_possorted_bam_SJSO3:GTTCACCTCTACTAAGx-M1,Generalist_NE,0.1459867358490566,2
gex_possorted_bam_SJSO3:GTTTACCGTCCGCTGTx-M1,Generalist_NE,0.18669267924528302,5
gex_possorted_bam_SJSO3:GTTGTGAGTTAGCATGx-M1,Arc_4,0.12671683018867927,3
gex_possorted_bam_SJSO3:GTTGGCCAGAATCTCAx-M1,Generalist_NE,0.18659662264150945,3
gex_possorted_bam_SJSO3:GTTTAGCAGCATTTCTx-M1,Arc_6,0.23971452830188678,7
gex_possorted_bam_SJSO3:GTTTGTAAGGAGTCTTx-M1,Generalist_NE,0.16000694339622643,4
gex_possorted_bam_SJSO3:GTTGGAGCATGCTATGx-M1,Generalist_NE,0.16093305660377358,1
gex_possorted_bam_SJSO3:GTTTGCTGTGTTTCACx-M1,Generalist_nonNE,0.11487462264150941,1
gex_possorted_bam_SJSO3:GTTTATCTCCCTGTTAx-M1,Arc_6,0.14509528301886793,1
gex_possorted_bam_SJSO3:GTTTCTAGTGATGAAAx-M1,Generalist_nonNE,0.1418440754716981,4
gex_possorted_bam_SJSO3:GTTTCAGCATTATGCGx-M1,Generalist_nonNE,0.11487462264150941,1
gex_possorted_bam_SJSO3:GTTGTTGCACTGGCTGx-M1,Generalist_nonNE,0.12120556603773584,4
gex_possorted_bam_SJSO3:GTTGGCCAGTCATGCGx-M1,Arc_1,0.3644446603773585,17
gex_possorted_bam_SJSO3:GTTTATCTCCTCACTAx-M1,Generalist_NE,0.15047694339622641,2
gex_possorted_bam_SJSO3:GTTTAGCAGTTGGGCCx-M1,Generalist_NE,0.1457062641509434,2
gex_possorted_bam_SJSO3:GTTGGAGCATACCCGGx-M1,Arc_4,0.13510554716981132,3
gex_possorted_bam_SJSO3:GTTGGCGGTCCTCCAAx-M1,Generalist_NE,0.14509528301886793,1
gex_possorted_bam_SJSO3:GTTTACCGTAACAGGGx-M1,Generalist_NE,0.14509528301886793,1
gex_possorted_bam_SJSO3:GTTTGTAAGACTTACAx-M1,Generalist_NE,0.14509528301886793,1
gex_possorted_bam_SJSO3:GTTTGCTGTTAAGGTTx-M1,Generalist_NE,0.23967460377358488,7
gex_possorted_bam_SJSO3:GTTTGTTTCACGCATGx-M1,Generalist_NE,0.2542948113207547,10
gex_possorted_bam_SJSO3:GTTGGCGGTGCTGGTGx-M1,Generalist_nonNE,0.12255694339622641,3
gex_possorted_bam_SJSO3:GTTTATCTCGGTTAGTx-M1,Generalist_NE,0.24526501886792454,5
gex_possorted_bam_SJSO3:GTTGGCGGTTAGTACGx-M1,Generalist_NE,0.16356037735849055,3
gex_possorted_bam_SJSO3:GTTTACCGTGCTGGTGx-M1,Arc_1,0.12255694339622641,3
gex_possorted_bam_SJSO3:GTTGGCGGTTACGCAAx-M1,Generalist_nonNE,0.11823045283018867,1
gex_possorted_bam_SJSO3:GTTGTTGCAAGGCCAAx-M1,Generalist_NE,0.14509528301886793,1
gex_possorted_bam_SJSO3:GTTTATCTCGTTTCCAx-M1,Generalist_NE,0.13948383018867921,2
gex_possorted_bam_SJSO3:GTTGTTGCACAGAACGx-M1,Generalist_NE,0.3449295471698114,14
gex_possorted_bam_SJSO3:GTTTGTAAGAGGATATx-M1,Generalist_NE,0.20857735849056605,7
gex_possorted_bam_SJSO3:GTTTAACCACACCAACx-M1,Generalist_NE,0.1069229433962264,1
gex_possorted_bam_SJSO3:GTTTCAGCATAATCCGx-M1,Arc_4,0.16128905660377355,6
gex_possorted_bam_SJSO3:GTTTAGCAGCCGCTAAx-M1,Generalist_nonNE,0.12340796226415095,2
gex_possorted_bam_SJSO3:GTTGTTGCAGGAAGCCx-M1,Generalist_NE,0.1696931320754717,4
gex_possorted_bam_SJSO3:GTTGTTGCATGTTGGCx-M1,Generalist_NE,0.17205800000000002,4
gex_possorted_bam_SJSO3:GTTTATCTCGGTACGCx-M1,Generalist_NE,0.13948383018867921,2
gex_possorted_bam_SJSO3:GTTTCTAGTTGGCCGAx-M1,Generalist_NE,0.1781559433962264,2
gex_possorted_bam_SJSO3:GTTTAGCAGCGAAGTAx-M1,Generalist_NE,0.13948383018867921,2
gex_possorted_bam_SJSO3:TAAACAGCAAGGTACGx-M1,Arc_2,0.12651254716981133,4
gex_possorted_bam_SJSO3:GTTGGCGGTTCCATTAx-M1,Generalist_nonNE,0.11823045283018867,1
gex_possorted_bam_SJSO3:GTTTGTTTCGCTAGTGx-M1,Generalist_NE,0.1457062641509434,2
gex_possorted_bam_SJSO3:GTTGTTGCAGAATGACx-M1,Generalist_NE,0.14509528301886793,1
gex_possorted_bam_SJSO3:TAACAAGCAATCGCACx-M1,Generalist_nonNE,0.2061782452830188,9
gex_possorted_bam_SJSO3:TAATCACCAACAGGATx-M1,Arc_4,0.27182056603773586,11
gex_possorted_bam_SJSO3:TAAGCTATCGGCTAGCx-M1,Arc_6,0.13948383018867921,2
gex_possorted_bam_SJSO3:TAAGTAGCAGCAAGATx-M1,Generalist_NE,0.14509528301886793,1
gex_possorted_bam_SJSO3:TAACCTAAGCTTGCTCx-M1,Generalist_NE,0.17189016981132077,4
gex_possorted_bam_SJSO3:TAACCAGGTTGGTTAGx-M1,Arc_4,0.11573643396226416,3
gex_possorted_bam_SJSO3:TAATCCGCATTCCTCGx-M1,Generalist_NE,0.24114049056603773,8
gex_possorted_bam_SJSO3:TAATCACCAGTAGGTGx-M1,Arc_4,0.14257388679245284,5
gex_possorted_bam_SJSO3:TAATCACCACCAGGTTx-M1,Generalist_NE,0.14492745283018868,1
gex_possorted_bam_SJSO3:TAAAGCCTCAGCAAAGx-M1,Arc_4,0.11337394339622642,2
gex_possorted_bam_SJSO3:TAACAAGCACTTCACTx-M1,Generalist_NE,0.2666946037735849,13
gex_possorted_bam_SJSO3:TAACCGGTCATGTGGTx-M1,Generalist_nonNE,0.16128905660377355,6
gex_possorted_bam_SJSO3:TAATGGACACGTTACAx-M1,Generalist_nonNE,0.11337394339622642,2
gex_possorted_bam_SJSO3:TAATCCGCAATTGAGAx-M1,Generalist_NE,0.14509528301886793,1
gex_possorted_bam_SJSO3:TAATCCGCAAGTAAGCx-M1,Generalist_NE,0.14509528301886793,1
gex_possorted_bam_SJSO3:TAAAGCCTCATAGCCGx-M1,Generalist_nonNE,0.15266137735849053,4
gex_possorted_bam_SJSO3:TAAGCCTAGTGGACAAx-M1,Arc_2,0.14616181132075473,5
gex_possorted_bam_SJSO3:TAATCCGCAAACGGGCx-M1,Generalist_NE,0.1696931320754717,4
gex_possorted_bam_SJSO3:TAAGCTGGTCACGAACx-M1,Generalist_NE,0.1696931320754717,4
gex_possorted_bam_SJSO3:TAATCCGCATAAAGCAx-M1,Generalist_nonNE,0.11365409433962263,3
gex_possorted_bam_SJSO3:TAAGCCTAGTAAGGGCx-M1,Generalist_NE,0.1457062641509434,2
gex_possorted_bam_SJSO3:TAAGCCAGTTGGTGACx-M1,Generalist_NE,0.2501388490566038,11
gex_possorted_bam_SJSO3:TAAGTAGCAGTTTGGCx-M1,Generalist_nonNE,0.15266137735849053,4
gex_possorted_bam_SJSO3:TAATGCATCGATTATGx-M1,Generalist_NE,0.23808626415094342,8
gex_possorted_bam_SJSO3:TAAAGCCTCGAGCTATx-M1,Generalist_NE,0.22575584905660376,8
gex_possorted_bam_SJSO3:TAACAAGCATATTGACx-M1,Generalist_NE,0.18424930188679248,5
gex_possorted_bam_SJSO3:TAATCACCAAACTCATx-M1,Generalist_NE,0.1589891886792453,3
gex_possorted_bam_SJSO3:TAACAAGCACCCACCTx-M1,Generalist_NE,0.2542948113207547,10
gex_possorted_bam_SJSO3:TAAAGCCTCATGCTAAx-M1,Generalist_NE,0.13410216981132075,1
gex_possorted_bam_SJSO3:TAATGCATCGGTTAGTx-M1,Generalist_NE,0.14509528301886793,1
gex_possorted_bam_SJSO3:TAACAAGCATTAGGCCx-M1,Generalist_NE,0.1589891886792453,3
gex_possorted_bam_SJSO3:TAAGCTATCAAACTCAx-M1,Generalist_nonNE,0.16201886792452833,7
gex_possorted_bam_SJSO3:TAAGTAGCATGGCCTGx-M1,Generalist_NE,0.1518837924528302,4
gex_possorted_bam_SJSO3:TAATCACCAATGCCTAx-M1,Generalist_NE,0.23593364150943397,9
gex_possorted_bam_SJSO3:TAATCACCAGGCATCTx-M1,Generalist_NE,0.15749867924528305,3
gex_possorted_bam_SJSO3:TAAGCTATCATTAGGCx-M1,Generalist_NE,0.14780579245283018,4
gex_possorted_bam_SJSO3:TAACCTAAGGCGCTACx-M1,Generalist_NE,0.14657081132075472,3
gex_possorted_bam_SJSO3:TAAGGACCAAAGGCCAx-M1,Generalist_nonNE,0.11545628301886793,2
gex_possorted_bam_SJSO3:TAAGTAGCAATCTCTCx-M1,Generalist_NE,0.16002450943396226,3
gex_possorted_bam_SJSO3:TAAGGCTTCCCGAAGCx-M1,Arc_6,0.15018777358490562,3
gex_possorted_bam_SJSO3:TAATCCGCACCGTTCCx-M1,Generalist_nonNE,0.12120556603773584,4
gex_possorted_bam_SJSO3:TAAGGACCACATGCTAx-M1,Generalist_NE,0.21376807547169813,7
gex_possorted_bam_SJSO3:TAATGCATCATAAGCCx-M1,Generalist_NE,0.14509528301886793,1
gex_possorted_bam_SJSO3:TAACCAGGTCATTACCx-M1,Arc_4,0.21156822641509432,9
gex_possorted_bam_SJSO3:TAACCGGTCCTAAGACx-M1,Generalist_NE,0.1459867358490566,2
gex_possorted_bam_SJSO3:TAAGTGCTCTTGAGCGx-M1,Generalist_NE,0.15266137735849053,4
gex_possorted_bam_SJSO3:TAATCACCAATTAGCTx-M1,Arc_1,0.13510554716981132,3
gex_possorted_bam_SJSO3:TAAGTGCTCCTGGCTTx-M1,Generalist_nonNE,0.11337394339622642,2
gex_possorted_bam_SJSO3:TAAACAGCATGGCCCAx-M1,Generalist_NE,0.15047694339622641,2
gex_possorted_bam_SJSO3:TAAAGCCTCTTCAATCx-M1,Generalist_NE,0.14509528301886793,1
gex_possorted_bam_SJSO3:TAAGGACCAATTAACCx-M1,Generalist_NE,0.15019254716981134,1
gex_possorted_bam_SJSO3:TAATCACCATATAACCx-M1,Arc_4,0.1615692075471698,7
gex_possorted_bam_SJSO3:TAAGGACCAATTAGGAx-M1,Generalist_nonNE,0.16329411320754716,6
gex_possorted_bam_SJSO3:TAATCCGCACGTAAGGx-M1,Generalist_NE,0.2363463396226415,8
gex_possorted_bam_SJSO3:TAAAGCCTCCCTGGAAx-M1,Generalist_NE,0.14509528301886793,1
gex_possorted_bam_SJSO3:TAACCAGGTTGAGGTCx-M1,Generalist_NE,0.17844316981132075,3
gex_possorted_bam_SJSO3:TAATGCATCCTGGCTTx-M1,Arc_1,0.11545628301886793,2
gex_possorted_bam_SJSO3:TAAGTGCTCTAATCAGx-M1,Arc_4,0.1418440754716981,4
gex_possorted_bam_SJSO3:TACCTGCTCCTGATGGx-M1,Generalist_nonNE,0.11545628301886793,2
gex_possorted_bam_SJSO3:TACAGCTAGGCTGGCTx-M1,Generalist_NE,0.19228607547169813,5
gex_possorted_bam_SJSO3:TACCTGCTCCTAAATGx-M1,Generalist_NE,0.22174618867924525,8
gex_possorted_bam_SJSO3:TACCTGCTCAATGAGGx-M1,Generalist_NE,0.1589891886792453,3
gex_possorted_bam_SJSO3:TACCTTAGTAAGTCGCx-M1,Generalist_nonNE,0.11816449056603774,2
gex_possorted_bam_SJSO3:TACATCAAGTTAACCAx-M1,Generalist_NE,0.1459867358490566,2
gex_possorted_bam_SJSO3:TACCAGGTCTTACTCGx-M1,Arc_6,0.14509528301886793,1
gex_possorted_bam_SJSO3:TACCCGGCACACTAATx-M1,Generalist_NE,0.2029276226415094,7
gex_possorted_bam_SJSO3:TACCGTTGTTTAAAGCx-M1,Generalist_NE,0.16916518867924527,2
gex_possorted_bam_SJSO3:TACAAGCTCTCACTCAx-M1,Generalist_NE,0.15962477358490565,3
gex_possorted_bam_SJSO3:TACCTCATCATTTAGGx-M1,Generalist_NE,0.19012733962264147,6
gex_possorted_bam_SJSO3:TACCGCAAGCTCGCTTx-M1,Generalist_NE,0.15745183018867923,4
gex_possorted_bam_SJSO3:TACCTGCTCTTGCATTx-M1,Generalist_NE,0.14509528301886793,1
gex_possorted_bam_SJSO3:TACCTCATCGGTTTGGx-M1,Arc_4,0.1265641320754717,1
gex_possorted_bam_SJSO3:TACCTTTAGCTTCCCGx-M1,Arc_4,0.1505129433962264,5
gex_possorted_bam_SJSO3:TACATCAAGTCACTAAx-M1,Generalist_nonNE,0.126436679245283,2
gex_possorted_bam_SJSO3:TACCTGCTCGAGGAGTx-M1,Generalist_NE,0.14509528301886793,1
gex_possorted_bam_SJSO3:TACCCGGCAGCTCATAx-M1,Generalist_NE,0.25876830188679245,7
gex_possorted_bam_SJSO3:TACCCGGCAGCAACCTx-M1,Generalist_NE,0.16739026415094335,2
gex_possorted_bam_SJSO3:TACCGAAGTCACACCCx-M1,Generalist_NE,0.14509528301886793,1
gex_possorted_bam_SJSO3:TAATTGCCAGGACACAx-M1,Arc_5,0.14509528301886793,1
gex_possorted_bam_SJSO3:TACCCGGCATAATTGCx-M1,Generalist_NE,0.14509528301886793,1
gex_possorted_bam_SJSO3:TAATTGCCAACTGGCTx-M1,Generalist_NE,0.19618856603773585,3
gex_possorted_bam_SJSO3:TACATCAAGCCTGAGCx-M1,Arc_3,0.2069513396226415,6
gex_possorted_bam_SJSO3:TACCTGCTCTAATTGGx-M1,Generalist_NE,0.14509528301886793,1
gex_possorted_bam_SJSO3:TACAAGCTCCGTAAACx-M1,Generalist_nonNE,0.15096260377358492,5
gex_possorted_bam_SJSO3:TACAATGTCCTAATAGx-M1,Generalist_nonNE,0.13430169811320755,5
gex_possorted_bam_SJSO3:TACAGCTAGTGGCGGAx-M1,Generalist_NE,0.21994032075471698,5
gex_possorted_bam_SJSO3:TAATTGCCACACCAACx-M1,Generalist_NE,0.2489779622641509,11
gex_possorted_bam_SJSO3:TACCGCAAGAGGCTAAx-M1,Generalist_nonNE,0.12671683018867927,3
gex_possorted_bam_SJSO3:TACAACATCGTCAAGTx-M1,Generalist_nonNE,0.13510554716981132,3
gex_possorted_bam_SJSO3:TACCGAAGTTAGGTTGx-M1,Generalist_nonNE,0.12255694339622641,3
gex_possorted_bam_SJSO3:TACAATGTCCGCCTCAx-M1,Arc_1,0.3802274528301886,21
gex_possorted_bam_SJSO3:TACCAGGTCCATAAGCx-M1,Generalist_NE,0.13948383018867921,2
gex_possorted_bam_SJSO3:TAATTGCCAGCTAACCx-M1,Generalist_NE,0.14509528301886793,1
gex_possorted_bam_SJSO3:TACCTTAGTGTTCCCAx-M1,Generalist_nonNE,0.11823045283018867,1
gex_possorted_bam_SJSO3:TACCAGGTCCAATTAGx-M1,Generalist_nonNE,0.12675930188679246,2
gex_possorted_bam_SJSO3:TACCTTTAGCGCTAATx-M1,Generalist_NE,0.15979260377358492,3
gex_possorted_bam_SJSO3:TACAAGCTCGCTATAAx-M1,Arc_1,0.2856116981132075,12
gex_possorted_bam_SJSO3:TACCCGGCAAAGCTAAx-M1,Generalist_nonNE,0.1265641320754717,1
gex_possorted_bam_SJSO3:TAATGGTGTTGCACAAx-M1,Arc_4,0.1615692075471698,7
gex_possorted_bam_SJSO3:TACAAGCTCACTTCATx-M1,Generalist_NE,0.13410216981132075,1
gex_possorted_bam_SJSO3:TACTGCACATAAAGCAx-M1,Generalist_NE,0.13948383018867921,2
gex_possorted_bam_SJSO3:TACGCACCAAACTAAGx-M1,Generalist_nonNE,0.13993524528301887,6
gex_possorted_bam_SJSO3:TACTCAAAGAGAGGAGx-M1,Generalist_NE,0.22951005660377358,9
gex_possorted_bam_SJSO3:TACTGACAGCTAATTGx-M1,Generalist_NE,0.1459867358490566,2
gex_possorted_bam_SJSO3:TACTTGTTCGTTAGTAx-M1,Generalist_NE,0.14509528301886793,1
gex_possorted_bam_SJSO3:TAGCCTCTCAATTGGCx-M1,Generalist_NE,0.15047694339622641,2
gex_possorted_bam_SJSO3:TACGTTAAGCATGCATx-M1,Generalist_NE,0.2542948113207547,10
gex_possorted_bam_SJSO3:TACGGTTAGGGCTTATx-M1,Arc_4,0.13126637735849056,5
gex_possorted_bam_SJSO3:TAGCATATCATGCTAAx-M1,Arc_6,0.14509528301886793,1
gex_possorted_bam_SJSO3:TACTGCACATACCCGGx-M1,Arc_1,0.1946442264150943,7
gex_possorted_bam_SJSO3:TACTGACAGCATTTCTx-M1,Arc_1,0.36002116981132076,17
gex_possorted_bam_SJSO3:TACTTCGTCACCATTTx-M1,Arc_5,0.1597291320754717,3
gex_possorted_bam_SJSO3:TACGGTTAGTCCTTTGx-M1,Generalist_NE,0.15019254716981134,1
gex_possorted_bam_SJSO3:TACGGTTAGACAGGTAx-M1,Arc_2,0.14294728301886792,4
gex_possorted_bam_SJSO3:TACTCAAAGGGCCATCx-M1,Generalist_NE,0.1459867358490566,2
gex_possorted_bam_SJSO3:TACGTAATCGTACCGAx-M1,Generalist_NE,0.14509528301886793,1
gex_possorted_bam_SJSO3:TACGTTAAGCTGGACCx-M1,Generalist_nonNE,0.12255694339622641,3
gex_possorted_bam_SJSO3:TACTGCACAGGCTGTTx-M1,Generalist_nonNE,0.13510554716981132,3
gex_possorted_bam_SJSO3:TACTGAGGTAACCAGCx-M1,Arc_6,0.15312390566037734,3
gex_possorted_bam_SJSO3:TACTGCACAACCCTCCx-M1,Generalist_nonNE,0.1265641320754717,1
gex_possorted_bam_SJSO3:TACGGATTCCGCAACAx-M1,Arc_1,0.17322383018867926,5
gex_possorted_bam_SJSO3:TAGCCTCTCCCTGACTx-M1,Arc_6,0.19482832075471698,5
gex_possorted_bam_SJSO3:TACTGGCCACTCAACAx-M1,Arc_3,0.3328989811320754,14
gex_possorted_bam_SJSO3:TAGACCAGTTGTGATGx-M1,Generalist_nonNE,0.11573643396226416,3
gex_possorted_bam_SJSO3:TACGTAATCTAACCTTx-M1,Generalist_NE,0.14509528301886793,1
gex_possorted_bam_SJSO3:TAGACCAGTAATCGTGx-M1,Generalist_nonNE,0.12630964150943397,2
gex_possorted_bam_SJSO3:TACTTCGTCTCTAGCCx-M1,Generalist_NE,0.1459867358490566,2
gex_possorted_bam_SJSO3:TAGCCGGGTAGGTTTGx-M1,Arc_2,0.17522854716981132,7
gex_possorted_bam_SJSO3:TACTGGCCACTTAACGx-M1,Generalist_NE,0.1641001320754717,2
gex_possorted_bam_SJSO3:TACGTACAGCACAGGGx-M1,Generalist_NE,0.14509528301886793,1
gex_possorted_bam_SJSO3:TACGGTTAGCATGACTx-M1,Generalist_NE,0.2174455660377358,4
gex_possorted_bam_SJSO3:TACTTCGTCCTTAGGGx-M1,Arc_4,0.12671683018867927,3
gex_possorted_bam_SJSO3:TACGGATTCAAACCGTx-M1,Generalist_nonNE,0.12704164150943395,3
gex_possorted_bam_SJSO3:TACTGCACACGAACAGx-M1,Generalist_NE,0.1858695660377358,6
gex_possorted_bam_SJSO3:TACTAAGTCCACCTGTx-M1,Generalist_NE,0.15047694339622641,2
gex_possorted_bam_SJSO3:TACGGTTAGGCGCATCx-M1,Generalist_NE,0.1925750566037736,7
gex_possorted_bam_SJSO3:TAGAGCCGTCATTGTCx-M1,Arc_6,0.190682,3
gex_possorted_bam_SJSO3:TACGTACAGTAGCCATx-M1,Generalist_NE,0.14509528301886793,1
gex_possorted_bam_SJSO3:TACGCTTGTATTGCAGx-M1,Generalist_NE,0.15019254716981134,1
gex_possorted_bam_SJSO3:TACGCTTGTCACGAACx-M1,Generalist_nonNE,0.20355018867924526,9
gex_possorted_bam_SJSO3:TACTCGCTCCCTGACTx-M1,Generalist_NE,0.1457062641509434,2
gex_possorted_bam_SJSO3:TACTGGCCACGAATCCx-M1,Generalist_NE,0.1510879245283019,3
gex_possorted_bam_SJSO3:TACGTACAGTAACCCGx-M1,Generalist_nonNE,0.11600766037735848,3
gex_possorted_bam_SJSO3:TACTAAGTCTAGCGATx-M1,Generalist_NE,0.1459867358490566,2
gex_possorted_bam_SJSO3:TACTGACAGATGGACAx-M1,Generalist_NE,0.13948383018867921,2
gex_possorted_bam_SJSO3:TAGCATATCCTAATAGx-M1,Generalist_NE,0.1696931320754717,4
gex_possorted_bam_SJSO3:TAGAGCCGTAGCTAATx-M1,Generalist_nonNE,0.12340796226415095,2
gex_possorted_bam_SJSO3:TAGCCTCTCTTGTTCGx-M1,Generalist_NE,0.13410216981132075,1
gex_possorted_bam_SJSO3:TAGCATATCAGTATTGx-M1,Generalist_NE,0.14509528301886793,1
gex_possorted_bam_SJSO3:TAGCCTGAGTTAACCAx-M1,Arc_3,0.3159670188679245,14
gex_possorted_bam_SJSO3:TAGGAGTCATAACGGGx-M1,Arc_3,0.3380485094339621,13
gex_possorted_bam_SJSO3:TAGGTTATCTTTGACTx-M1,Generalist_NE,0.14509528301886793,1
gex_possorted_bam_SJSO3:TAGGAGTCATGCAACCx-M1,Arc_4,0.16128905660377355,6
gex_possorted_bam_SJSO3:TAGGAACCAACTGGCTx-M1,Generalist_NE,0.14509528301886793,1
gex_possorted_bam_SJSO3:TAGGAACCATATTGACx-M1,Generalist_NE,0.15019254716981134,1
gex_possorted_bam_SJSO3:TAGCTTGCACCTGCTCx-M1,Generalist_NE,0.16308783018867926,5
gex_possorted_bam_SJSO3:TAGGCTTAGCTCAAACx-M1,Generalist_nonNE,0.126436679245283,2
gex_possorted_bam_SJSO3:TAGGTTGGTGCAACTAx-M1,Generalist_NE,0.22592769811320754,8
gex_possorted_bam_SJSO3:TAGGCTGTCCCGAAGCx-M1,Generalist_nonNE,0.12132562264150942,2
gex_possorted_bam_SJSO3:TAGGCTTAGTCAATCAx-M1,Generalist_NE,0.24208354716981131,9
gex_possorted_bam_SJSO3:TAGGCTAGTATTGTGGx-M1,Generalist_NE,0.25368450943396226,11
gex_possorted_bam_SJSO3:TAGGGTTTCTGCAAGTx-M1,Generalist_nonNE,0.11337394339622642,2
gex_possorted_bam_SJSO3:TAGCTTAAGTAACGAGx-M1,Generalist_NE,0.23823335849056598,7
gex_possorted_bam_SJSO3:TAGCTTAAGGGATGACx-M1,Generalist_NE,0.16658892452830187,2
gex_possorted_bam_SJSO3:TAGGTTGGTTCGGTAAx-M1,Arc_4,0.1505129433962264,5
gex_possorted_bam_SJSO3:TAGCTTGCAGTTTGTGx-M1,Generalist_NE,0.15119396226415094,5
gex_possorted_bam_SJSO3:TAGGGTTTCGTAATCAx-M1,Generalist_nonNE,0.11823045283018867,1
gex_possorted_bam_SJSO3:TAGGAACCACAAAGACx-M1,Generalist_NE,0.14509528301886793,1
gex_possorted_bam_SJSO3:TAGGCTTAGGCCTTAGx-M1,Generalist_nonNE,0.13510554716981132,3
gex_possorted_bam_SJSO3:TAGCCTTGTTTGCTGTx-M1,Generalist_NE,0.14509528301886793,1
gex_possorted_bam_SJSO3:TAGGGTTTCTTTAAGGx-M1,Generalist_NE,0.2464371132075472,11
gex_possorted_bam_SJSO3:TAGGAACCAACCCTCCx-M1,Arc_6,0.18281930188679243,5
gex_possorted_bam_SJSO3:TAGCTTAAGACTAAGGx-M1,Generalist_nonNE,0.1422937358490566,4
gex_possorted_bam_SJSO3:TAGGCTTAGCATGACTx-M1,Arc_1,0.16766828301886794,6
gex_possorted_bam_SJSO3:TAGGCTTAGGTCAAAGx-M1,Generalist_NE,0.24969794339622636,12
gex_possorted_bam_SJSO3:TAGGTTATCCGGAACCx-M1,Generalist_NE,0.18046849056603773,3
gex_possorted_bam_SJSO3:TAGGAGTCAACCTAATx-M1,Generalist_NE,0.14509528301886793,1
gex_possorted_bam_SJSO3:TAGCCTGAGTCAGGCCx-M1,Generalist_NE,0.23159786792452827,7
gex_possorted_bam_SJSO3:TAGGTGCGTTTGAGGCx-M1,Generalist_nonNE,0.11545628301886793,2
gex_possorted_bam_SJSO3:TAGGGTTTCACGCATGx-M1,Generalist_NE,0.13948383018867921,2
gex_possorted_bam_SJSO3:TAGGGTTTCCGCCAAAx-M1,Arc_6,0.14509528301886793,1
gex_possorted_bam_SJSO3:TAGCGGACAGGAACATx-M1,Generalist_NE,0.2267154150943396,8
gex_possorted_bam_SJSO3:TAGCCTTGTGTGCACGx-M1,Generalist_NE,0.14673864150943394,3
gex_possorted_bam_SJSO3:TAGCTAATCCTTAGTTx-M1,Generalist_NE,0.15047694339622641,2
gex_possorted_bam_SJSO3:TAGGCTTAGGGTGGATx-M1,Arc_6,0.1589891886792453,3
gex_possorted_bam_SJSO3:TAGCTTGCAAGGTCCTx-M1,Generalist_nonNE,0.10720309433962265,2
gex_possorted_bam_SJSO3:TAGGCTTAGCGGATAAx-M1,Generalist_NE,0.15018777358490562,3
gex_possorted_bam_SJSO3:TAGCTTAAGGAAGTATx-M1,Generalist_NE,0.23407166037735844,8
gex_possorted_bam_SJSO3:TAGCCTTGTGTAACCAx-M1,Generalist_NE,0.23213260377358488,9
gex_possorted_bam_SJSO3:TAGTACGGTTAGGACCx-M1,Generalist_nonNE,0.24821311320754716,10
gex_possorted_bam_SJSO3:TAGTCAATCAATCTCTx-M1,Generalist_nonNE,0.17622001886792452,4
gex_possorted_bam_SJSO3:TATAGCCAGGGTTATCx-M1,Generalist_NE,0.15121166037735848,1
gex_possorted_bam_SJSO3:TATAGCTCAATATACCx-M1,Generalist_NE,0.14509528301886793,1
gex_possorted_bam_SJSO3:TATAGGTGTACCCACCx-M1,Generalist_NE,0.14509528301886793,1
gex_possorted_bam_SJSO3:TATAACCCAGCTTAATx-M1,Generalist_nonNE,0.13510554716981132,3
gex_possorted_bam_SJSO3:TATCCAGCACATACTGx-M1,Generalist_NE,0.2688582641509434,10
gex_possorted_bam_SJSO3:TATAACCCAGCTCATAx-M1,Arc_1,0.11337394339622642,2
gex_possorted_bam_SJSO3:TAGTGTGGTTTGTTGCx-M1,Generalist_NE,0.14509528301886793,1
gex_possorted_bam_SJSO3:TATAGGTGTTCGCTTGx-M1,Generalist_NE,0.18739049056603774,5
gex_possorted_bam_SJSO3:TAGTCAATCAGGAACAx-M1,Generalist_NE,0.14509528301886793,1
gex_possorted_bam_SJSO3:TAGTTTGAGCCGCAACx-M1,Generalist_NE,0.18504611320754713,6
gex_possorted_bam_SJSO3:TATCACAAGCGATACTx-M1,Generalist_NE,0.25591335849056607,7
gex_possorted_bam_SJSO3:TAGTGAGAGTTTCCTGx-M1,Arc_4,0.13130147169811324,4
gex_possorted_bam_SJSO3:TATAGGTGTCTTTGACx-M1,Arc_4,0.12934299999999999,2
gex_possorted_bam_SJSO3:TAGTAAGCAGGTTCACx-M1,Arc_6,0.14509528301886793,1
gex_possorted_bam_SJSO3:TATCACGCAGTTAAAGx-M1,Generalist_NE,0.2662426037735849,14
gex_possorted_bam_SJSO3:TATCACGCAGTTTCTCx-M1,Generalist_NE,0.1459867358490566,2
gex_possorted_bam_SJSO3:TATCACGCAGGCGAGTx-M1,Generalist_NE,0.14509528301886793,1
gex_possorted_bam_SJSO3:TATCCAGCACAAGCCTx-M1,Generalist_NE,0.16234984905660377,2
gex_possorted_bam_SJSO3:TATAGGTGTAAAGCGGx-M1,Generalist_nonNE,0.11365409433962263,3
gex_possorted_bam_SJSO3:TAGTGTGGTGTCCAGGx-M1,Arc_2,0.13795558490566037,4
gex_possorted_bam_SJSO3:TATCCGGAGGCTAATCx-M1,Generalist_NE,0.14780579245283018,4
gex_possorted_bam_SJSO3:TAGTGGCGTTGAAGCCx-M1,Generalist_nonNE,0.11365409433962263,3
gex_possorted_bam_SJSO3:TAGTAAGCAATAGTCTx-M1,Generalist_NE,0.28136386792452833,10
gex_possorted_bam_SJSO3:TAGTGGCGTAATCGGCx-M1,Generalist_NE,0.15121166037735848,1
gex_possorted_bam_SJSO3:TATCACAAGCATGCATx-M1,Generalist_NE,0.16000694339622643,4
gex_possorted_bam_SJSO3:TATAGCCAGGTTTGCGx-M1,Generalist_nonNE,0.11337394339622642,2
gex_possorted_bam_SJSO3:TATCACGCAAACTCATx-M1,Generalist_NE,0.1596212641509434,4
gex_possorted_bam_SJSO3:TATATCCTCGGTACGCx-M1,Generalist_nonNE,0.11823045283018867,1
gex_possorted_bam_SJSO3:TATATCCTCCCTCATAx-M1,Generalist_NE,0.15211145283018868,4
gex_possorted_bam_SJSO3:TATCCAGCAAAGCGGCx-M1,Arc_4,0.17322383018867926,5
gex_possorted_bam_SJSO3:TAGTTTGAGCCTCTCGx-M1,Arc_6,0.14509528301886793,1
gex_possorted_bam_SJSO3:TAGTGTGGTTAGAGCCx-M1,Arc_4,0.1615692075471698,7
gex_possorted_bam_SJSO3:TAGTAAGCAAGGAATCx-M1,Arc_2,0.12900656603773583,2
gex_possorted_bam_SJSO3:TAGTGAGAGCCTCTCGx-M1,Generalist_nonNE,0.12120556603773584,4
gex_possorted_bam_SJSO3:TATCACAAGGGTTATCx-M1,Generalist_nonNE,0.1265641320754717,1
gex_possorted_bam_SJSO3:TATCCAGCAGCTCAACx-M1,Arc_4,0.17917239622641515,7
gex_possorted_bam_SJSO3:TAGTAAGCATTAGGTTx-M1,Generalist_nonNE,0.12489564150943396,4
gex_possorted_bam_SJSO3:TATGACATCAATTGGCx-M1,Arc_1,0.2468256415094339,12
gex_possorted_bam_SJSO3:TATTAGGTCACGAATCx-M1,Generalist_NE,0.1459867358490566,2
gex_possorted_bam_SJSO3:TATGACATCGAGCAAAx-M1,Generalist_NE,0.1457062641509434,2
gex_possorted_bam_SJSO3:TATGGATGTCAGTAATx-M1,Generalist_NE,0.15999809433962267,4
gex_possorted_bam_SJSO3:TATGGCCCAGCATGTCx-M1,Generalist_NE,0.1510879245283019,3
gex_possorted_bam_SJSO3:TATGTGATCCTGGTCTx-M1,Generalist_NE,0.14509528301886793,1
gex_possorted_bam_SJSO3:TATTCGTTCAAGCGCCx-M1,Generalist_NE,0.1638778679245283,3
gex_possorted_bam_SJSO3:TATCCGGAGTTGGCCAx-M1,Generalist_NE,0.14920654716981133,2
gex_possorted_bam_SJSO3:TATTAGGTCATTACAGx-M1,Generalist_NE,0.14509528301886793,1
gex_possorted_bam_SJSO3:TATGACATCCTTCTAGx-M1,Arc_2,0.1639977735849056,6
gex_possorted_bam_SJSO3:TATGGTCAGCCAGGTCx-M1,Generalist_NE,0.20008486792452831,7
gex_possorted_bam_SJSO3:TATTACCTCCGGTTGAx-M1,Generalist_NE,0.21682458490566034,5
gex_possorted_bam_SJSO3:TATGAAGCACTAGCGTx-M1,Generalist_NE,0.1641001320754717,2
gex_possorted_bam_SJSO3:TATGACATCCCTGGTTx-M1,Generalist_NE,0.2549966226415094,9
gex_possorted_bam_SJSO3:TATTCGTTCTCACATTx-M1,Generalist_NE,0.14509528301886793,1
gex_possorted_bam_SJSO3:TATGCATCACAATACTx-M1,Generalist_NE,0.16100496226415095,0
gex_possorted_bam_SJSO3:TATGACTCATCTTGAGx-M1,Generalist_nonNE,0.15100764150943394,4
gex_possorted_bam_SJSO3:TATCGCGAGCATGACTx-M1,Generalist_nonNE,0.12147679245283019,4
gex_possorted_bam_SJSO3:TATGGATGTTGGTTCTx-M1,Generalist_nonNE,0.126436679245283,2
gex_possorted_bam_SJSO3:TATTAGCCAATTGAGAx-M1,Generalist_nonNE,0.11823045283018867,1
gex_possorted_bam_SJSO3:TATGGTCAGCAAGGACx-M1,Generalist_nonNE,0.20489633962264148,8
gex_possorted_bam_SJSO3:TATTCGTTCTAGCTAAx-M1,Generalist_NE,0.16337941509433965,4
gex_possorted_bam_SJSO3:TATGACATCTTGCTATx-M1,Arc_3,0.24526501886792454,5
gex_possorted_bam_SJSO3:TATGACATCTTGTCCAx-M1,Generalist_nonNE,0.11337394339622642,2
gex_possorted_bam_SJSO3:TATCGCGAGAGAAGGGx-M1,Generalist_NE,0.16840507547169814,5
gex_possorted_bam_SJSO3:TATGTGATCCTGTTCAx-M1,Generalist_NE,0.18497516981132076,5
gex_possorted_bam_SJSO3:TATTCGTTCATGCTCCx-M1,Generalist_NE,0.19512990566037736,4
gex_possorted_bam_SJSO3:TATCGCACAACGTGCTx-M1,Generalist_nonNE,0.1069229433962264,1
gex_possorted_bam_SJSO3:TATGCATCAAACTGTTx-M1,Generalist_NE,0.1596212641509434,4
gex_possorted_bam_SJSO3:TATTAGGTCACAAGCTx-M1,Generalist_NE,0.1696931320754717,4
gex_possorted_bam_SJSO3:TATGAAGCACCCTCACx-M1,Generalist_NE,0.1459867358490566,2
gex_possorted_bam_SJSO3:TATTGACCATCCTAGAx-M1,Arc_1,0.1459867358490566,2
gex_possorted_bam_SJSO3:TATGAAGCAAGCCAGAx-M1,Generalist_NE,0.1459867358490566,2
gex_possorted_bam_SJSO3:TATGACTCATAATTGCx-M1,Generalist_NE,0.1459867358490566,2
gex_possorted_bam_SJSO3:TATGCATCAGCCTGCAx-M1,Generalist_NE,0.14509528301886793,1
gex_possorted_bam_SJSO3:TATCCGGAGTTGCGTGx-M1,Generalist_NE,0.13948383018867921,2
gex_possorted_bam_SJSO3:TATCGCACAGTAAGTAx-M1,Generalist_NE,0.16998743396226412,3
gex_possorted_bam_SJSO3:TATTGACCAGCAAGTGx-M1,Arc_4,0.1471585283018868,6
gex_possorted_bam_SJSO3:TATCGAGGTCTATCGTx-M1,Generalist_NE,0.16093305660377358,1
gex_possorted_bam_SJSO3:TATGGATGTTAACGGCx-M1,Generalist_nonNE,0.11365409433962263,3
gex_possorted_bam_SJSO3:TATGGCCCAAATACCTx-M1,Generalist_nonNE,0.12132562264150942,2
gex_possorted_bam_SJSO3:TCAAGGAAGTCATTGAx-M1,Generalist_nonNE,0.18173749056603772,6
gex_possorted_bam_SJSO3:TCAAGTATCACAAGCTx-M1,Generalist_nonNE,0.11487462264150941,1
gex_possorted_bam_SJSO3:TCAAGGAAGTTAGCCGx-M1,Generalist_nonNE,0.2085956226415094,8
gex_possorted_bam_SJSO3:TATTTGCTCGAAGTAGx-M1,Generalist_NE,0.15121166037735848,1
gex_possorted_bam_SJSO3:TCAAGCTAGGCTTAACx-M1,Arc_4,0.12766583018867925,2
gex_possorted_bam_SJSO3:TATTTGCTCATGTTTCx-M1,Arc_2,0.22813154716981127,8
gex_possorted_bam_SJSO3:TCAACAATCAAGCTTAx-M1,Generalist_NE,0.13410216981132075,1
gex_possorted_bam_SJSO3:TATTTGGAGACTATTGx-M1,Generalist_nonNE,0.12340796226415095,2
gex_possorted_bam_SJSO3:TCAATCGCATGACTATx-M1,Arc_3,0.18094075471698112,2
gex_possorted_bam_SJSO3:TCAAGCTAGGAGCAACx-M1,Generalist_nonNE,0.11823045283018867,1
gex_possorted_bam_SJSO3:TCAAGCTAGTTTCCTGx-M1,Generalist_nonNE,0.11365409433962263,3
gex_possorted_bam_SJSO3:TCAATCGCACCTCACCx-M1,Arc_6,0.22423562264150942,8
gex_possorted_bam_SJSO3:TCAAGTATCTTGGACGx-M1,Generalist_nonNE,0.12671683018867927,3
gex_possorted_bam_SJSO3:TATTTGGAGACACTTAx-M1,Generalist_NE,0.15047694339622641,2
gex_possorted_bam_SJSO3:TCAAACCAGGACAATGx-M1,Arc_6,0.2922471320754717,12
gex_possorted_bam_SJSO3:TCAACAATCCCGAAGCx-M1,Generalist_nonNE,0.126436679245283,2
gex_possorted_bam_SJSO3:TCAATCGCAATCGCACx-M1,Generalist_NE,0.18497516981132076,5
gex_possorted_bam_SJSO3:TCAACAATCCCTTGCGx-M1,Generalist_NE,0.1459867358490566,2
gex_possorted_bam_SJSO3:TCAAGCTAGGCTGTGCx-M1,Generalist_NE,0.16204277358490565,2
gex_possorted_bam_SJSO3:TCAAGGAAGTTTGGTAx-M1,Generalist_NE,0.15047694339622641,2
gex_possorted_bam_SJSO3:TCAAGACTCAATCTAGx-M1,Generalist_nonNE,0.22072296226415095,8
gex_possorted_bam_SJSO3:TCACGGATCACCTGTCx-M1,Generalist_NE,0.2076598113207547,9
gex_possorted_bam_SJSO3:TCACATAAGCTTACTTx-M1,Generalist_NE,0.18410783018867927,3
gex_possorted_bam_SJSO3:TCAAGACTCATAAGCCx-M1,Generalist_NE,0.14509528301886793,1
gex_possorted_bam_SJSO3:TCACCGGCAACTGGCTx-M1,Generalist_NE,0.13410216981132075,1
gex_possorted_bam_SJSO3:TCAATCGCAATGCCCGx-M1,Generalist_nonNE,0.12132562264150942,2
gex_possorted_bam_SJSO3:TATTTGCTCGCCTGTTx-M1,Generalist_nonNE,0.1069229433962264,1
gex_possorted_bam_SJSO3:TCACATAAGGAGGACTx-M1,Arc_4,0.1069229433962264,1
gex_possorted_bam_SJSO3:TCAAGTATCTATCGCCx-M1,Generalist_nonNE,0.11823045283018867,1
gex_possorted_bam_SJSO3:TCACCTCAGCACTAACx-M1,Generalist_NE,0.14509528301886793,1
gex_possorted_bam_SJSO3:TATTGACCATCCTGAAx-M1,Generalist_NE,0.19867350943396225,7
gex_possorted_bam_SJSO3:TCAAGGTTCGAGGAACx-M1,Generalist_nonNE,0.126436679245283,2
gex_possorted_bam_SJSO3:TCAACAATCATTACTCx-M1,Generalist_NE,0.13948383018867921,2
gex_possorted_bam_SJSO3:TCACTGACAATAGCCCx-M1,Generalist_nonNE,0.22004584905660374,10
gex_possorted_bam_SJSO3:TCAACAATCTTGACCCx-M1,Generalist_nonNE,0.11545628301886793,2
gex_possorted_bam_SJSO3:TCAAGACTCATGCCTCx-M1,Generalist_nonNE,0.1422937358490566,4
gex_possorted_bam_SJSO3:TCACGGATCTCACTATx-M1,Arc_1,0.2468256415094339,12
gex_possorted_bam_SJSO3:TCACTGACAATGAAGCx-M1,Generalist_NE,0.21766390566037733,6
gex_possorted_bam_SJSO3:TCAAGCTAGTTGGCCAx-M1,Generalist_nonNE,0.1265641320754717,1
gex_possorted_bam_SJSO3:TATTTGGAGGCTCATGx-M1,Arc_6,0.13948383018867921,2
gex_possorted_bam_SJSO3:TCACTGACAAGGCCAAx-M1,Generalist_NE,0.18410783018867927,3
gex_possorted_bam_SJSO3:TCACATAAGGTTACACx-M1,Generalist_NE,0.24655649056603773,10
gex_possorted_bam_SJSO3:TCAACAATCACTTTACx-M1,Generalist_NE,0.25368450943396226,11
gex_possorted_bam_SJSO3:TCACCTCAGCTTTGGGx-M1,Generalist_NE,0.22431820754716977,6
gex_possorted_bam_SJSO3:TCACCGGCAAGTAAGCx-M1,Generalist_nonNE,0.16334875471698113,4
gex_possorted_bam_SJSO3:TCATGCCTCGCTAGCAx-M1,Generalist_nonNE,0.12132562264150942,2
gex_possorted_bam_SJSO3:TCAGCCTTCCAAACACx-M1,Generalist_NE,0.22213364150943396,8
gex_possorted_bam_SJSO3:TCAGCGATCTCACATTx-M1,Generalist_NE,0.16755809433962263,2
gex_possorted_bam_SJSO3:TCAGGTTAGGGTTAGAx-M1,Generalist_NE,0.13948383018867921,2
gex_possorted_bam_SJSO3:TCATCCATCTGCAACGx-M1,Generalist_nonNE,0.12120556603773584,4
gex_possorted_bam_SJSO3:TCATACTTCACACAGTx-M1,Generalist_nonNE,0.12340796226415095,2
gex_possorted_bam_SJSO3:TCATAACCAATAATGGx-M1,Arc_3,0.29711907547169814,11
gex_possorted_bam_SJSO3:TCAGTGAGTGGACATCx-M1,Arc_4,0.12461549056603774,3
gex_possorted_bam_SJSO3:TCATAACCAGGAACATx-M1,Generalist_nonNE,0.11823045283018867,1
gex_possorted_bam_SJSO3:TCAGGTTAGTAGGCGGx-M1,Generalist_NE,0.14509528301886793,1
gex_possorted_bam_SJSO3:TCATGAGGTGTCCTGCx-M1,Generalist_nonNE,0.10996401886792453,3
gex_possorted_bam_SJSO3:TCAGCGATCCTAAGTAx-M1,Arc_6,0.17262926415094337,4
gex_possorted_bam_SJSO3:TCACTGACAATTATGCx-M1,Arc_4,0.1664020566037736,6
gex_possorted_bam_SJSO3:TCATGTTTCCCTTGCGx-M1,Generalist_nonNE,0.14642871698113208,5
gex_possorted_bam_SJSO3:TCAGTGAGTCATGCCCx-M1,Generalist_nonNE,0.12489564150943396,4
gex_possorted_bam_SJSO3:TCAGTAATCACGCCAAx-M1,Generalist_NE,0.22548545283018867,5
gex_possorted_bam_SJSO3:TCATCCATCCACCTGTx-M1,Generalist_nonNE,0.25020856603773584,10
gex_possorted_bam_SJSO3:TCATACTTCCTTGAGGx-M1,Generalist_NE,0.13410216981132075,1
gex_possorted_bam_SJSO3:TCATGCCTCGGCCATAx-M1,Generalist_NE,0.18669267924528302,5
gex_possorted_bam_SJSO3:TCAGGTCCATTGTGGCx-M1,Generalist_NE,0.2498346603773585,9
gex_possorted_bam_SJSO3:TCAGGAGCATGACTATx-M1,Generalist_nonNE,0.1456332830188679,3
gex_possorted_bam_SJSO3:TCAGCAAGTTACTTGCx-M1,Generalist_NE,0.16658892452830187,2
gex_possorted_bam_SJSO3:TCAGTGAGTCCTTAGTx-M1,Generalist_NE,0.1980706226415094,1
gex_possorted_bam_SJSO3:TCATACTTCCAAGTGTx-M1,Generalist_nonNE,0.1069229433962264,1
gex_possorted_bam_SJSO3:TCAGCGATCATTTGCTx-M1,Arc_3,0.17861100000000002,3
gex_possorted_bam_SJSO3:TCAGGTTAGCATCCAGx-M1,Generalist_NE,0.13948383018867921,2
gex_possorted_bam_SJSO3:TCATCCATCGTAACGTx-M1,Arc_3,0.16431147169811322,3
gex_possorted_bam_SJSO3:TCATGTTTCGCTAGTGx-M1,Generalist_NE,0.22213364150943396,8
gex_possorted_bam_SJSO3:TCATGAGGTGTTGTAGx-M1,Generalist_NE,0.17929403773584904,5
gex_possorted_bam_SJSO3:TCAGCCTTCTTGAGGTx-M1,Generalist_NE,0.17929403773584904,5
gex_possorted_bam_SJSO3:TCAGCAAGTAATCCCTx-M1,Generalist_NE,0.23479835849056602,5
gex_possorted_bam_SJSO3:TCAGCCTTCATTAGGCx-M1,Generalist_NE,0.17189016981132077,4
gex_possorted_bam_SJSO3:TCAGCGATCCGCCAAAx-M1,Arc_4,0.1184824716981132,2
gex_possorted_bam_SJSO3:TCAGCGATCAGGTTTAx-M1,Generalist_nonNE,0.14642871698113208,5
gex_possorted_bam_SJSO3:TCATACTTCGCTCCATx-M1,Generalist_NE,0.14509528301886793,1
gex_possorted_bam_SJSO3:TCATCCATCGCTAGATx-M1,Generalist_NE,0.1641001320754717,2
gex_possorted_bam_SJSO3:TCATGTTTCCATAATGx-M1,Generalist_NE,0.14930109433962266,0
gex_possorted_bam_SJSO3:TCAGGTCCAGCATGTCx-M1,Generalist_NE,0.17929403773584904,5
gex_possorted_bam_SJSO3:TCCACAACATTAAAGGx-M1,Generalist_NE,0.16093305660377358,1
gex_possorted_bam_SJSO3:TCCATAAAGTCGCAATx-M1,Generalist_NE,0.2273222075471698,7
gex_possorted_bam_SJSO3:TCCATGCTCAGGTTTAx-M1,Generalist_NE,0.13410216981132075,1
gex_possorted_bam_SJSO3:TCCAGGTCAAACCCTAx-M1,Generalist_NE,0.258166037735849,9
gex_possorted_bam_SJSO3:TCCAGGTCAGGATAACx-M1,Generalist_NE,0.27480664150943396,8
gex_possorted_bam_SJSO3:TCCACAACATAGACCCx-M1,Generalist_NE,0.19285824528301887,6
gex_possorted_bam_SJSO3:TCCGGAATCCGTTATTx-M1,Generalist_NE,0.14509528301886793,1
gex_possorted_bam_SJSO3:TCATTACTCTCCATGCx-M1,Generalist_nonNE,0.11337394339622642,2
gex_possorted_bam_SJSO3:TCCCTGGTCCACCTTAx-M1,Generalist_NE,0.10486439622641511,1
gex_possorted_bam_SJSO3:TCCCGGACAAGGTGGCx-M1,Generalist_nonNE,0.1422937358490566,4
gex_possorted_bam_SJSO3:TCCATGCTCTTAGCCCx-M1,Generalist_NE,0.13948383018867921,2
gex_possorted_bam_SJSO3:TCCACAACATAGCGGAx-M1,Generalist_nonNE,0.11823045283018867,1
gex_possorted_bam_SJSO3:TCCATCATCGAGGAACx-M1,Generalist_NE,0.24655649056603773,10
gex_possorted_bam_SJSO3:TCCCGGACAGGTTACCx-M1,Arc_4,0.16201886792452833,7
gex_possorted_bam_SJSO3:TCATTGTTCATCACTTx-M1,Generalist_NE,0.15047694339622641,2
gex_possorted_bam_SJSO3:TCCAGGTCACATTGCAx-M1,Generalist_NE,0.3238757169811321,16
gex_possorted_bam_SJSO3:TCCAGGTCAGCTTAGCx-M1,Generalist_nonNE,0.1265641320754717,1
gex_possorted_bam_SJSO3:TCCGGTAAGGCCATCAx-M1,Arc_4,0.1351212075471698,5
gex_possorted_bam_SJSO3:TCCATGCTCACAAGCTx-M1,Generalist_nonNE,0.12255694339622641,3
gex_possorted_bam_SJSO3:TCCAGGTCACAATGCCx-M1,Generalist_NE,0.13948383018867921,2
gex_possorted_bam_SJSO3:TCCGGTAAGCTTAGTAx-M1,Generalist_NE,0.21981301886792448,6
gex_possorted_bam_SJSO3:TCCACAACATTGTTGGx-M1,Generalist_nonNE,0.11365409433962263,3
gex_possorted_bam_SJSO3:TCCCTGGTCCACCCTGx-M1,Generalist_NE,0.1457062641509434,2
gex_possorted_bam_SJSO3:TCCCGTTAGCATCCAGx-M1,Generalist_NE,0.15121166037735848,1
gex_possorted_bam_SJSO3:TCCAGGTCAGCAATAAx-M1,Generalist_NE,0.13948383018867921,2
gex_possorted_bam_SJSO3:TCATTGCGTCAATAGTx-M1,Generalist_nonNE,0.12132562264150942,2
gex_possorted_bam_SJSO3:TCCATCATCACACAGTx-M1,Generalist_NE,0.14509528301886793,1
gex_possorted_bam_SJSO3:TCATTGCGTTATTGCCx-M1,Generalist_NE,0.13611692452830187,3
gex_possorted_bam_SJSO3:TCATTGCGTTCAAGCAx-M1,Generalist_NE,0.21520918867924527,8
gex_possorted_bam_SJSO3:TCATTGTTCCAGCACAx-M1,Generalist_NE,0.14509528301886793,1
gex_possorted_bam_SJSO3:TCCCGGACAAGGCCAAx-M1,Generalist_NE,0.13948383018867921,2
gex_possorted_bam_SJSO3:TCCGGTTTCACGTTAAx-M1,Arc_1,0.15207088679245284,4
gex_possorted_bam_SJSO3:TCCCTCACAATAACCTx-M1,Generalist_NE,0.14509528301886793,1
gex_possorted_bam_SJSO3:TCCGCCATCAATCTAGx-M1,Generalist_NE,0.1781559433962264,2
gex_possorted_bam_SJSO3:TCATTACTCGTTCACCx-M1,Generalist_nonNE,0.2288234528301887,8
gex_possorted_bam_SJSO3:TCATTGTTCCTTAGTTx-M1,Generalist_NE,0.14509528301886793,1
gex_possorted_bam_SJSO3:TCCCTCACACCTCAGGx-M1,Generalist_NE,0.18659662264150945,3
gex_possorted_bam_SJSO3:TCCAGGTCATCCTGAAx-M1,Generalist_nonNE,0.11337394339622642,2
gex_possorted_bam_SJSO3:TCCATGCTCCTGCGAAx-M1,Generalist_nonNE,0.11823045283018867,1
gex_possorted_bam_SJSO3:TCCGGTAAGAAGGTGCx-M1,Generalist_nonNE,0.17187245283018865,6
gex_possorted_bam_SJSO3:TCATTACTCGGTAACTx-M1,Generalist_nonNE,0.11545628301886793,2
gex_possorted_bam_SJSO3:TCCATATTCGACCTGAx-M1,Generalist_NE,0.21111424528301886,9
gex_possorted_bam_SJSO3:TCCATCATCACTCAAAx-M1,Generalist_NE,0.14509528301886793,1
gex_possorted_bam_SJSO3:TCCACAACAGTGAACGx-M1,Generalist_NE,0.15579922641509436,2
gex_possorted_bam_SJSO3:TCCCGTTAGCGCATTGx-M1,Generalist_nonNE,0.12255694339622641,3
gex_possorted_bam_SJSO3:TCCATGCTCTACTAAGx-M1,Generalist_NE,0.13410216981132075,1
gex_possorted_bam_SJSO3:TCCATATTCCCTCATAx-M1,Generalist_NE,0.19155943396226413,6
gex_possorted_bam_SJSO3:TCCCTCACATGTGGGAx-M1,Generalist_NE,0.14509528301886793,1
gex_possorted_bam_SJSO3:TCCATATTCTAACCAAx-M1,Generalist_NE,0.17138033962264146,6
gex_possorted_bam_SJSO3:TCCCTGGTCCTCGATCx-M1,Arc_6,0.14509528301886793,1
gex_possorted_bam_SJSO3:TCCAGGTCAATTATGCx-M1,Arc_6,0.18497516981132076,5
gex_possorted_bam_SJSO3:TCATTGTTCTCCTCAAx-M1,Generalist_nonNE,0.12955794339622642,3
gex_possorted_bam_SJSO3:TCCTCTAAGCCTTAAAx-M1,Arc_4,0.14212422641509434,5
gex_possorted_bam_SJSO3:TCGCCCATCAATGTGCx-M1,Generalist_NE,0.13410216981132075,1
gex_possorted_bam_SJSO3:TCGCCCATCATTAGTGx-M1,Generalist_nonNE,0.11337394339622642,2
gex_possorted_bam_SJSO3:TCCTCAATCGCCTAAGx-M1,Generalist_NE,0.14509528301886793,1
gex_possorted_bam_SJSO3:TCGCTAACACTGACTAx-M1,Generalist_NE,0.2504412830188679,7
gex_possorted_bam_SJSO3:TCCTAGTGTGTCCAAAx-M1,Generalist_NE,0.27703256603773585,9
gex_possorted_bam_SJSO3:TCGCCCATCCTAATTCx-M1,Generalist_NE,0.14509528301886793,1
gex_possorted_bam_SJSO3:TCGACAAGTCAAGACCx-M1,Generalist_NE,0.14780579245283018,4
gex_possorted_bam_SJSO3:TCCTGGTTCAGGATGAx-M1,Generalist_nonNE,0.11337394339622642,2
gex_possorted_bam_SJSO3:TCCTTGCAGCAGCTATx-M1,Generalist_NE,0.16334875471698113,4
gex_possorted_bam_SJSO3:TCGCGCACATAAGTTCx-M1,Generalist_NE,0.32793364150943405,15
gex_possorted_bam_SJSO3:TCGATTAAGAATGACGx-M1,Generalist_NE,0.17235575471698114,4
gex_possorted_bam_SJSO3:TCCTCACAGGGCTAAAx-M1,Generalist_NE,0.27437403773584906,11
gex_possorted_bam_SJSO3:TCGCATTGTACCCACCx-M1,Generalist_NE,0.1589891886792453,3
gex_possorted_bam_SJSO3:TCCTTTACACAATGCCx-M1,Arc_1,0.17026762264150944,4
gex_possorted_bam_SJSO3:TCCTAGTGTGCGCAATx-M1,Arc_4,0.18189362264150946,7
gex_possorted_bam_SJSO3:TCGCATTGTCAGGCATx-M1,Generalist_nonNE,0.11337394339622642,2
gex_possorted_bam_SJSO3:TCGCATTGTTACGCGGx-M1,Generalist_NE,0.23048343396226414,7
gex_possorted_bam_SJSO3:TCGCCCATCAGCTAACx-M1,Generalist_NE,0.16916518867924527,2
gex_possorted_bam_SJSO3:TCCTCTAAGCTCAATAx-M1,Arc_1,0.21251552830188677,7
gex_possorted_bam_SJSO3:TCCTCACAGTTAACCAx-M1,Generalist_nonNE,0.1185106037735849,2
gex_possorted_bam_SJSO3:TCCTCACAGTTGTCTTx-M1,Generalist_nonNE,0.15897456603773588,3
gex_possorted_bam_SJSO3:TCCTGTTCATAGACCCx-M1,Arc_1,0.3435094528301887,16
gex_possorted_bam_SJSO3:TCCTTTACAACGTGCTx-M1,Generalist_nonNE,0.1265641320754717,1
gex_possorted_bam_SJSO3:TCGCATTGTGTGAGGAx-M1,Generalist_NE,0.14509528301886793,1
gex_possorted_bam_SJSO3:TCCTTGCAGCGGGCAAx-M1,Arc_1,0.12412515094339623,3
gex_possorted_bam_SJSO3:TCGCGCACATACTCCTx-M1,Generalist_NE,0.24208969811320752,7
gex_possorted_bam_SJSO3:TCGCTAACAATAGCCCx-M1,Generalist_NE,0.14509528301886793,1
gex_possorted_bam_SJSO3:TCGCGAGGTCTTGCATx-M1,Generalist_NE,0.1517400943396226,3
gex_possorted_bam_SJSO3:TCCTTAGTCACAGACTx-M1,Generalist_nonNE,0.11545628301886793,2
gex_possorted_bam_SJSO3:TCGACAAGTACCCACCx-M1,Generalist_NE,0.14509528301886793,1
gex_possorted_bam_SJSO3:TCGCCCATCTTAGTCTx-M1,Generalist_NE,0.3288308490566038,13
gex_possorted_bam_SJSO3:TCCTTCAAGGAGCAACx-M1,Arc_4,0.10720309433962265,2
gex_possorted_bam_SJSO3:TCCTTCAAGGCGAATAx-M1,Generalist_NE,0.15539977358490567,4
gex_possorted_bam_SJSO3:TCCTTCAAGTCATTAGx-M1,Generalist_NE,0.1620267924528302,2
gex_possorted_bam_SJSO3:TCGCGCACAAGGACCAx-M1,Generalist_NE,0.13948383018867921,2
gex_possorted_bam_SJSO3:TCGCCCATCTTGCATTx-M1,Generalist_NE,0.15914294339622642,5
gex_possorted_bam_SJSO3:TCCTTCAAGTTATCTCx-M1,Generalist_NE,0.1069229433962264,1
gex_possorted_bam_SJSO3:TCCTTCAAGGTCGAGGx-M1,Generalist_nonNE,0.1581771886792453,6
gex_possorted_bam_SJSO3:TCGCTAACACCATATGx-M1,Arc_3,0.2451189056603774,7
gex_possorted_bam_SJSO3:TCCTGTTCACTTCATCx-M1,Generalist_NE,0.16840507547169814,5
gex_possorted_bam_SJSO3:TCCTCACAGGCGGATGx-M1,Arc_4,0.1529003396226415,6
gex_possorted_bam_SJSO3:TCCTCTAAGTTTCCGCx-M1,Generalist_NE,0.15539977358490567,4
gex_possorted_bam_SJSO3:TCCTTAGTCTCGCCTGx-M1,Generalist_NE,0.15018777358490562,3
gex_possorted_bam_SJSO3:TCCTTGCAGGTGAAGCx-M1,Generalist_NE,0.17235575471698114,4
gex_possorted_bam_SJSO3:TCGCCCATCGTGCCTTx-M1,Generalist_NE,0.22213364150943396,8
gex_possorted_bam_SJSO3:TCGCATTGTAGGATCCx-M1,Generalist_NE,0.1589891886792453,3
gex_possorted_bam_SJSO3:TCCTGGTTCAATACGCx-M1,Generalist_NE,0.13410216981132075,1
gex_possorted_bam_SJSO3:TCCTGGTTCGTAACGTx-M1,Arc_4,0.15096260377358492,5
gex_possorted_bam_SJSO3:TCCTGGTTCCACCCTGx-M1,Arc_4,0.12671683018867927,3
gex_possorted_bam_SJSO3:TCGCCCATCTCAATGAx-M1,Generalist_NE,0.14509528301886793,1
gex_possorted_bam_SJSO3:TCCTAGTGTCATGCAAx-M1,Generalist_NE,0.13410216981132075,1
gex_possorted_bam_SJSO3:TCCTCACAGGCCTGGTx-M1,Arc_5,0.13948383018867921,2
gex_possorted_bam_SJSO3:TCGCATTGTTTAGTCCx-M1,Generalist_nonNE,0.12002915094339624,2
gex_possorted_bam_SJSO3:TCCTCAATCTTGTCCAx-M1,Generalist_NE,0.1459867358490566,2
gex_possorted_bam_SJSO3:TCGCGCACAGTTTGTGx-M1,Generalist_nonNE,0.1526201886792453,5
gex_possorted_bam_SJSO3:TCGCGCACAATAAGCAx-M1,Generalist_nonNE,0.11573643396226416,3
gex_possorted_bam_SJSO3:TCGTAATCAACTAACTx-M1,Generalist_nonNE,0.19555226415094337,8
gex_possorted_bam_SJSO3:TCTACCTCAAATACCTx-M1,Generalist_nonNE,0.11487462264150941,1
gex_possorted_bam_SJSO3:TCGTTAAAGTGAACAGx-M1,Generalist_NE,0.2624535660377359,7
gex_possorted_bam_SJSO3:TCTAACCGTTATCGAGx-M1,Generalist_NE,0.24095684905660375,10
gex_possorted_bam_SJSO3:TCTAGCCTCTCAATAGx-M1,Generalist_NE,0.16093305660377358,1
gex_possorted_bam_SJSO3:TCTAGCCTCGTTAACAx-M1,Arc_1,0.38796483018867917,20
gex_possorted_bam_SJSO3:TCGGTTACAGAGGGAGx-M1,Arc_5,0.2764858113207548,11
gex_possorted_bam_SJSO3:TCGTAATCAGGCGATAx-M1,Arc_4,0.1673137169811321,7
gex_possorted_bam_SJSO3:TCGTTAAAGGGATTAGx-M1,Generalist_nonNE,0.18116045283018864,6
gex_possorted_bam_SJSO3:TCGTTTCCATTATGCGx-M1,Generalist_NE,0.14509528301886793,1
gex_possorted_bam_SJSO3:TCTAGCACAATGCCTAx-M1,Arc_1,0.32829556603773585,15
gex_possorted_bam_SJSO3:TCGCTAACAGGCGATAx-M1,Arc_6,0.14509528301886793,1
gex_possorted_bam_SJSO3:TCGGTTTGTACTGAATx-M1,Generalist_NE,0.16204277358490565,2
gex_possorted_bam_SJSO3:TCTACCTCAAATTCGTx-M1,Generalist_NE,0.20078577358490565,5
gex_possorted_bam_SJSO3:TCGGTTCTCGGTTTCCx-M1,Generalist_NE,0.18659662264150945,3
gex_possorted_bam_SJSO3:TCGTAATCACACCAACx-M1,Generalist_NE,0.2166636226415094,8
gex_possorted_bam_SJSO3:TCGTTACGTGACCTGGx-M1,Arc_6,0.2295364716981132,8
gex_possorted_bam_SJSO3:TCTAGCGAGACTTATGx-M1,Generalist_NE,0.15121166037735848,1
gex_possorted_bam_SJSO3:TCGTGCTTCCTACCTAx-M1,Generalist_NE,0.1696931320754717,4
gex_possorted_bam_SJSO3:TCGGTTACAATACTGTx-M1,Generalist_NE,0.19981884905660377,6
gex_possorted_bam_SJSO3:TCTACCTCAAGTTATCx-M1,Generalist_NE,0.1696931320754717,4
gex_possorted_bam_SJSO3:TCGTTACGTTAGCTGAx-M1,Generalist_NE,0.14875037735849056,3
gex_possorted_bam_SJSO3:TCGGTAAGTGCGCATGx-M1,Generalist_NE,0.14509528301886793,1
gex_possorted_bam_SJSO3:TCTAATCTCGAGCTATx-M1,Arc_4,0.12671683018867927,3
gex_possorted_bam_SJSO3:TCTAAGGGTCGCAAACx-M1,Generalist_NE,0.2818869245283019,10
gex_possorted_bam_SJSO3:TCTAGCCTCTTGTCTGx-M1,Generalist_NE,0.1914836603773585,8
gex_possorted_bam_SJSO3:TCGTTAAAGTTATCCTx-M1,Generalist_NE,0.15047694339622641,2
gex_possorted_bam_SJSO3:TCGTTTCCAACTCGCGx-M1,Generalist_NE,0.16083792452830187,2
gex_possorted_bam_SJSO3:TCTAACTTCCTAATGAx-M1,Generalist_nonNE,0.1069229433962264,1
gex_possorted_bam_SJSO3:TCTAACCGTCAAGTATx-M1,Arc_1,0.2085956226415094,8
gex_possorted_bam_SJSO3:TCTAGCGAGTTAGCTAx-M1,Generalist_nonNE,0.14587047169811324,3
gex_possorted_bam_SJSO3:TCGGTTTGTTATCCGTx-M1,Generalist_nonNE,0.12132562264150942,2
gex_possorted_bam_SJSO3:TCGGTTCTCCCTTGCGx-M1,Arc_4,0.11365409433962263,3
gex_possorted_bam_SJSO3:TCTACTAGTTCCGGCTx-M1,Generalist_NE,0.15047694339622641,2
gex_possorted_bam_SJSO3:TCGGTTTGTCAGGCATx-M1,Generalist_NE,0.14509528301886793,1
gex_possorted_bam_SJSO3:TCGTTAGCAGCTCATAx-M1,Generalist_NE,0.18027873584905663,3
gex_possorted_bam_SJSO3:TCGGTTTGTGAGCACTx-M1,Generalist_NE,0.16410122641509434,5
gex_possorted_bam_SJSO3:TCGGTTACATACCCGGx-M1,Generalist_nonNE,0.12461549056603774,3
gex_possorted_bam_SJSO3:TCGTAATCACGGTACTx-M1,Arc_4,0.1505129433962264,5
gex_possorted_bam_SJSO3:TCGTCAACAAATGCCCx-M1,Generalist_nonNE,0.12120556603773584,4
gex_possorted_bam_SJSO3:TCGTTAGCACTAAGTTx-M1,Arc_4,0.14257388679245284,5
gex_possorted_bam_SJSO3:TCTACCTCATTAGGCCx-M1,Generalist_NE,0.1776976037735849,6
gex_possorted_bam_SJSO3:TCGGTTCTCACGCATGx-M1,Generalist_NE,0.16093305660377358,1
gex_possorted_bam_SJSO3:TGAACAACAGTAATAGx-M1,Generalist_nonNE,0.11487462264150941,1
gex_possorted_bam_SJSO3:TGAAACTGTGCATTAGx-M1,Arc_4,0.13127069811320755,3
gex_possorted_bam_SJSO3:TCTGGCTTCATTACAGx-M1,Generalist_NE,0.23242350943396226,9
gex_possorted_bam_SJSO3:TCTCGCCCATACTCCTx-M1,Generalist_nonNE,0.11487462264150941,1
gex_possorted_bam_SJSO3:TCTTTGTAGGTGCGGAx-M1,Generalist_NE,0.1459867358490566,2
gex_possorted_bam_SJSO3:TCTTGTCCATTGCAGCx-M1,Generalist_NE,0.13410216981132075,1
gex_possorted_bam_SJSO3:TCTTGACGTGCTGTAAx-M1,Generalist_NE,0.1459867358490566,2
gex_possorted_bam_SJSO3:TCTCAAGCAAGTGAACx-M1,Generalist_NE,0.2669773962264151,9
gex_possorted_bam_SJSO3:TCTTGTCCACAACCTAx-M1,Generalist_NE,0.23277933962264147,10
gex_possorted_bam_SJSO3:TCTGTGACAATTAAGGx-M1,Generalist_nonNE,0.12630964150943397,2
gex_possorted_bam_SJSO3:TCTCACCAGCTTTGGGx-M1,Arc_4,0.13749294339622642,4
gex_possorted_bam_SJSO3:TCTTCAAGTCTTTGACx-M1,Arc_4,0.16384075471698112,6
gex_possorted_bam_SJSO3:TGAACAACACTGACCGx-M1,Arc_3,0.3270459999999999,13
gex_possorted_bam_SJSO3:TCTTAGTTCTAGCGTGx-M1,Arc_6,0.13410216981132075,1
gex_possorted_bam_SJSO3:TCTCAATTCCTAAGTAx-M1,Generalist_NE,0.16658892452830187,2
gex_possorted_bam_SJSO3:TCTTGACGTACGGTACx-M1,Arc_4,0.1505129433962264,5
gex_possorted_bam_SJSO3:TCTTGACGTTTCCGGCx-M1,Generalist_nonNE,0.12132562264150942,2
gex_possorted_bam_SJSO3:TCTTAGCGTGTTGCTTx-M1,Generalist_nonNE,0.1265641320754717,1
gex_possorted_bam_SJSO3:TCTGGCTTCTAAGTGCx-M1,Generalist_nonNE,0.1807735660377358,7
gex_possorted_bam_SJSO3:TCTTCAAGTGTTAGCAx-M1,Generalist_nonNE,0.13510554716981132,3
gex_possorted_bam_SJSO3:TCTCCTCGTTTGACCTx-M1,Generalist_NE,0.15018777358490562,3
gex_possorted_bam_SJSO3:TGAAACTGTCCTCCAAx-M1,Generalist_NE,0.14509528301886793,1
gex_possorted_bam_SJSO3:TCTTCAAGTGATGAGGx-M1,Arc_4,0.1422937358490566,4
gex_possorted_bam_SJSO3:TGAACAACACCCTCACx-M1,Arc_3,0.357779358490566,15
gex_possorted_bam_SJSO3:TCTCAAGCAACTGGGAx-M1,Generalist_NE,0.14509528301886793,1
gex_possorted_bam_SJSO3:TGAACAACAGTTTGTGx-M1,Generalist_NE,0.22223337735849055,7
gex_possorted_bam_SJSO3:TCTCACCAGGAGGTTAx-M1,Generalist_NE,0.1727467169811321,3
gex_possorted_bam_SJSO3:TCTTTGTAGCTTTGTTx-M1,Generalist_NE,0.14509528301886793,1
gex_possorted_bam_SJSO3:TGAACAACACAGGGACx-M1,Generalist_NE,0.14509528301886793,1
gex_possorted_bam_SJSO3:TCTCAAGCACCTACTTx-M1,Arc_6,0.13410216981132075,1
gex_possorted_bam_SJSO3:TCTCCTCGTCACAGCGx-M1,Generalist_NE,0.26498988679245283,12
gex_possorted_bam_SJSO3:TCTGGCTTCAGCTAACx-M1,Generalist_NE,0.23694149056603772,9
gex_possorted_bam_SJSO3:TCTTAGTTCCCGTTTAx-M1,Generalist_NE,0.16093305660377358,1
gex_possorted_bam_SJSO3:TCTGTGACAGGTTCACx-M1,Generalist_NE,0.17915990566037737,4
gex_possorted_bam_SJSO3:TCTTGTCCAGTAGCCTx-M1,Generalist_nonNE,0.1292867169811321,3
gex_possorted_bam_SJSO3:TCTATGTTCCTGTTCAx-M1,Generalist_NE,0.14509528301886793,1
gex_possorted_bam_SJSO3:TCTCAAGCATTCCTGTx-M1,Generalist_NE,0.2295364716981132,8
gex_possorted_bam_SJSO3:TCTGTGACATAAAGCAx-M1,Generalist_NE,0.15121166037735848,1
gex_possorted_bam_SJSO3:TCTTGACGTAAGCACCx-M1,Arc_4,0.16128905660377355,6
gex_possorted_bam_SJSO3:TCTCAAGCAGGTTCACx-M1,Generalist_nonNE,0.22950807547169813,9
gex_possorted_bam_SJSO3:TCTTCAAGTCAAAGAAx-M1,Generalist_NE,0.22084354716981133,7
gex_possorted_bam_SJSO3:TCTCAAGCAATATAGGx-M1,Generalist_NE,0.1650314528301887,4
gex_possorted_bam_SJSO3:TCTGTGACACAAAGGTx-M1,Generalist_NE,0.18094075471698112,2
gex_possorted_bam_SJSO3:TGACCTTGTGCGCAATx-M1,Generalist_NE,0.14509528301886793,1
gex_possorted_bam_SJSO3:TGAGCAAAGGTGAGACx-M1,Generalist_nonNE,0.11823045283018867,1
gex_possorted_bam_SJSO3:TGAGAACCACTTCATCx-M1,Arc_4,0.1615692075471698,7
gex_possorted_bam_SJSO3:TGAAGCAAGTCATTAGx-M1,Generalist_nonNE,0.1508822830188679,5
gex_possorted_bam_SJSO3:TGAAGGATCTTGAGCGx-M1,Generalist_nonNE,0.17854101886792448,5
gex_possorted_bam_SJSO3:TGAAGGATCCTTCTAGx-M1,Generalist_NE,0.15018777358490562,3
gex_possorted_bam_SJSO3:TGAGAACCAGGCATCTx-M1,Generalist_NE,0.15047694339622641,2
gex_possorted_bam_SJSO3:TGACTCCTCAGCTAACx-M1,Generalist_NE,0.26664,9
gex_possorted_bam_SJSO3:TGACCAAGTGCCGCAAx-M1,Generalist_NE,0.15018777358490562,3
gex_possorted_bam_SJSO3:TGAGGAGGTACCCACCx-M1,Generalist_nonNE,0.10720309433962265,2
gex_possorted_bam_SJSO3:TGACTTAAGGCGCATCx-M1,Generalist_NE,0.13948383018867921,2
gex_possorted_bam_SJSO3:TGAAGTGAGCTGTCAGx-M1,Generalist_nonNE,0.11365409433962263,3
gex_possorted_bam_SJSO3:TGAAGCAAGGTTACACx-M1,Generalist_NE,0.19398945283018867,6
gex_possorted_bam_SJSO3:TGAAGGATCCTTGCACx-M1,Generalist_NE,0.14930109433962266,0
gex_possorted_bam_SJSO3:TGAGCTTAGGCAATAGx-M1,Arc_1,0.35861905660377347,20
gex_possorted_bam_SJSO3:TGAGCCGGTAACGAGGx-M1,Generalist_nonNE,0.12002915094339624,2
gex_possorted_bam_SJSO3:TGAAGCAAGCTGGCTAx-M1,Arc_4,0.13098622641509433,4
gex_possorted_bam_SJSO3:TGACCAAGTGAATCGCx-M1,Arc_3,0.3074330754716981,10
gex_possorted_bam_SJSO3:TGAGCTTAGTATTGGCx-M1,Generalist_nonNE,0.14219771698113207,3
gex_possorted_bam_SJSO3:TGACCAAGTGCGCAATx-M1,Generalist_NE,0.14509528301886793,1
gex_possorted_bam_SJSO3:TGAGAACCAACAGCCTx-M1,Generalist_NE,0.15749867924528305,3
gex_possorted_bam_SJSO3:TGAAGCAAGCGATAGAx-M1,Generalist_nonNE,0.12611616981132076,2
gex_possorted_bam_SJSO3:TGACTCCTCCGCCTATx-M1,Generalist_NE,0.15047694339622641,2
gex_possorted_bam_SJSO3:TGAGCAAAGTGGCGGAx-M1,Generalist_nonNE,0.11999396226415095,4
gex_possorted_bam_SJSO3:TGAAGGATCGGTTCCTx-M1,Generalist_nonNE,0.11573643396226416,3
gex_possorted_bam_SJSO3:TGACTCCTCCTTAAGAx-M1,Generalist_NE,0.14509528301886793,1
gex_possorted_bam_SJSO3:TGAGCAAAGTTGGGCCx-M1,Generalist_NE,0.1459867358490566,2
gex_possorted_bam_SJSO3:TGAGCACGTTGCGCGAx-M1,Arc_4,0.12103718867924528,2
gex_possorted_bam_SJSO3:TGACCAAGTGATGGCTx-M1,Generalist_NE,0.1500247169811321,1
gex_possorted_bam_SJSO3:TGAGCAAAGGAACCAAx-M1,Generalist_NE,0.1980706226415094,1
gex_possorted_bam_SJSO3:TGAGCCGGTTACTAGGx-M1,Generalist_NE,0.1825931886792453,6
gex_possorted_bam_SJSO3:TGACTTAAGCTTCCCGx-M1,Generalist_nonNE,0.12340796226415095,2
gex_possorted_bam_SJSO3:TGACTTCGTGAAACAAx-M1,Generalist_nonNE,0.16836409433962268,6
gex_possorted_bam_SJSO3:TGAGCTTAGTGAACCTx-M1,Generalist_NE,0.16892603773584905,5
gex_possorted_bam_SJSO3:TGATCGAGTGGTTAGCx-M1,Generalist_NE,0.14509528301886793,1
gex_possorted_bam_SJSO3:TGCAAGCGTAGCTAATx-M1,Generalist_NE,0.16719333962264152,4
gex_possorted_bam_SJSO3:TGATGATGTTGCACAAx-M1,Generalist_nonNE,0.135233,2
gex_possorted_bam_SJSO3:TGAGGTGCACCAACCGx-M1,Generalist_NE,0.2066797924528302,7
gex_possorted_bam_SJSO3:TGAGGAGGTTAAGCGCx-M1,Generalist_NE,0.23790203773584906,9
gex_possorted_bam_SJSO3:TGAGGTGCACCTGTAAx-M1,Generalist_NE,0.14509528301886793,1
gex_possorted_bam_SJSO3:TGAGGGCCATCCTGAAx-M1,Arc_4,0.16128905660377355,6
gex_possorted_bam_SJSO3:TGAGTGAAGTTCCTCAx-M1,Generalist_NE,0.14509528301886793,1
gex_possorted_bam_SJSO3:TGATCGAGTAAAGCAAx-M1,Generalist_NE,0.14509528301886793,1
gex_possorted_bam_SJSO3:TGATCGAGTTTCGCGCx-M1,Generalist_NE,0.19285824528301887,6
gex_possorted_bam_SJSO3:TGAGTTTCACAAAGACx-M1,Generalist_NE,0.14509528301886793,1
gex_possorted_bam_SJSO3:TGATCACAGGCCAATTx-M1,Generalist_NE,0.19228607547169813,5
gex_possorted_bam_SJSO3:TGATCACAGCTTACTTx-M1,Generalist_nonNE,0.11487462264150941,1
gex_possorted_bam_SJSO3:TGAGTTTCATTGCGACx-M1,Generalist_NE,0.14509528301886793,1
gex_possorted_bam_SJSO3:TGATGAACATCCCGCTx-M1,Generalist_NE,0.16331394339622643,4
gex_possorted_bam_SJSO3:TGAGGGCCAATATGGAx-M1,Arc_2,0.19458350943396224,7
gex_possorted_bam_SJSO3:TGAGGTGCAGGATTAAx-M1,Generalist_NE,0.24977584905660377,7
gex_possorted_bam_SJSO3:TGATTAGTCCGCCAAAx-M1,Generalist_NE,0.1654989245283019,5
gex_possorted_bam_SJSO3:TGATTAGTCCAGGAAAx-M1,Generalist_NE,0.20826371698113208,2
gex_possorted_bam_SJSO3:TGAGGGCCATTGCAGCx-M1,Arc_6,0.14930109433962266,0
gex_possorted_bam_SJSO3:TGAGGGCCAAGGTGCAx-M1,Generalist_NE,0.21323618867924526,6
gex_possorted_bam_SJSO3:TGATCCTGTGGGAACAx-M1,Generalist_NE,0.20215758490566038,5
gex_possorted_bam_SJSO3:TGATGATGTATTGCAGx-M1,Arc_1,0.2653886603773585,11
gex_possorted_bam_SJSO3:TGAGGTGCATGAAATGx-M1,Generalist_NE,0.2463254905660377,9
gex_possorted_bam_SJSO3:TGAGGAGGTGGTTAGCx-M1,Arc_1,0.35131033962264147,19
gex_possorted_bam_SJSO3:TGAGTGAAGCAAGATGx-M1,Generalist_nonNE,0.12340796226415095,2
gex_possorted_bam_SJSO3:TGAGGCACAAGGAATCx-M1,Generalist_nonNE,0.12489564150943396,4
gex_possorted_bam_SJSO3:TGATCAGGTGCTTAGAx-M1,Arc_4,0.126436679245283,2
gex_possorted_bam_SJSO3:TGATTGCAGCGATACTx-M1,Generalist_nonNE,0.11365409433962263,3
gex_possorted_bam_SJSO3:TGATTAGTCGGTTTCCx-M1,Generalist_nonNE,0.11823045283018867,1
gex_possorted_bam_SJSO3:TGATTAGTCGAAGTGAx-M1,Generalist_nonNE,0.12468145283018868,2
gex_possorted_bam_SJSO3:TGATCACAGCGATACTx-M1,Generalist_NE,0.137275,2
gex_possorted_bam_SJSO3:TGAGGGCCACTAAGAAx-M1,Arc_1,0.429963075471698,21
gex_possorted_bam_SJSO3:TGAGTGAAGGAACCGGx-M1,Generalist_nonNE,0.11545628301886793,2
gex_possorted_bam_SJSO3:TGAGGTGCACTTCACTx-M1,Arc_6,0.13410216981132075,1
gex_possorted_bam_SJSO3:TGAGGGAGTATTTGGGx-M1,Generalist_NE,0.15018777358490562,3
gex_possorted_bam_SJSO3:TGATCGAGTTAATGACx-M1,Arc_1,0.14075269811320754,6
gex_possorted_bam_SJSO3:TGAGGTGCATTGACATx-M1,Arc_6,0.13948383018867921,2
gex_possorted_bam_SJSO3:TGATGACTCTTAGTCTx-M1,Generalist_nonNE,0.1069229433962264,1
gex_possorted_bam_SJSO3:TGATCACAGTAAGGGCx-M1,Arc_6,0.13410216981132075,1
gex_possorted_bam_SJSO3:TGAGGCACAGTTTGGCx-M1,Generalist_nonNE,0.13674224528301887,3
gex_possorted_bam_SJSO3:TGATGAACAGAACCGAx-M1,Generalist_NE,0.1696931320754717,4
gex_possorted_bam_SJSO3:TGATGACTCTTTGACTx-M1,Arc_4,0.10646618867924527,1
gex_possorted_bam_SJSO3:TGAGGAGGTTTGGGTAx-M1,Generalist_nonNE,0.11131539622641509,2
gex_possorted_bam_SJSO3:TGCTAGCCACAATACTx-M1,Generalist_nonNE,0.20571469811320756,9
gex_possorted_bam_SJSO3:TGCGGTTCAGGTTAAAx-M1,Arc_5,0.16506056603773586,3
gex_possorted_bam_SJSO3:TGCATTAAGCTATTAGx-M1,Generalist_NE,0.2356362075471698,9
gex_possorted_bam_SJSO3:TGCTAACAGTCGCAATx-M1,Arc_4,0.12103718867924528,2
gex_possorted_bam_SJSO3:TGCAGGCTCTAGCTTTx-M1,Generalist_nonNE,0.16201886792452833,7
gex_possorted_bam_SJSO3:TGCCTGTTCATTGCGGx-M1,Generalist_nonNE,0.11545628301886793,2
gex_possorted_bam_SJSO3:TGCAATATCTGTAAGCx-M1,Generalist_NE,0.19981884905660377,6
gex_possorted_bam_SJSO3:TGCGCAGGTTAATCGGx-M1,Arc_6,0.15047694339622641,2
gex_possorted_bam_SJSO3:TGCAAGCGTTCAAGCAx-M1,Arc_6,0.14509528301886793,1
gex_possorted_bam_SJSO3:TGCAATATCGTTATAGx-M1,Arc_1,0.11545628301886793,2
gex_possorted_bam_SJSO3:TGCTAGCCAGGAAGCCx-M1,Generalist_nonNE,0.1265641320754717,1
gex_possorted_bam_SJSO3:TGCATCCTCGGCCAGTx-M1,Generalist_NE,0.14673864150943394,3
gex_possorted_bam_SJSO3:TGCTAACAGTTTCCTGx-M1,Generalist_NE,0.1696931320754717,4
gex_possorted_bam_SJSO3:TGCTAACAGGGTCCACx-M1,Generalist_nonNE,0.1265641320754717,1
gex_possorted_bam_SJSO3:TGCACCTTCTTAGGACx-M1,Generalist_NE,0.16748037735849056,3
gex_possorted_bam_SJSO3:TGCCATTGTTGGCCGAx-M1,Generalist_NE,0.21140886792452832,5
gex_possorted_bam_SJSO3:TGCATCCTCCGCAAGCx-M1,Generalist_NE,0.24010024528301888,8
gex_possorted_bam_SJSO3:TGCTAGCCACCTCAGGx-M1,Arc_4,0.12598701886792452,2
gex_possorted_bam_SJSO3:TGCAATATCGAGCAAAx-M1,Generalist_nonNE,0.20638898113207543,9
gex_possorted_bam_SJSO3:TGCGATTAGTAAGGGCx-M1,Generalist_nonNE,0.12255694339622641,3
gex_possorted_bam_SJSO3:TGCACACCATAAAGCAx-M1,Generalist_NE,0.13948383018867921,2
gex_possorted_bam_SJSO3:TGCAATATCTAAGTGCx-M1,Generalist_nonNE,0.12489564150943396,4
gex_possorted_bam_SJSO3:TGCACACCAACATAAGx-M1,Generalist_NE,0.22160175471698113,7
gex_possorted_bam_SJSO3:TGCATGAGTCTAGCTTx-M1,Generalist_NE,0.14509528301886793,1
gex_possorted_bam_SJSO3:TGCGGTTCAGGAAGCCx-M1,Generalist_nonNE,0.11487462264150941,1
gex_possorted_bam_SJSO3:TGCCTGTTCATCAGTAx-M1,Generalist_NE,0.12461549056603774,3
gex_possorted_bam_SJSO3:TGCGCAGGTTCCGGCTx-M1,Generalist_NE,0.14673864150943394,3
gex_possorted_bam_SJSO3:TGCGCAGGTTGCAATGx-M1,Generalist_NE,0.22341250943396224,6
gex_possorted_bam_SJSO3:TGCATTAAGCGGGCAAx-M1,Generalist_NE,0.14509528301886793,1
gex_possorted_bam_SJSO3:TGCAAGCGTTCTTTAGx-M1,Arc_4,0.13465588679245283,3
gex_possorted_bam_SJSO3:TGCGGTTCAAGTGTCCx-M1,Arc_4,0.11365409433962263,3
gex_possorted_bam_SJSO3:TGCCGGTAGCCAGTATx-M1,Generalist_nonNE,0.12255694339622641,3
gex_possorted_bam_SJSO3:TGCACCTTCGACCTGAx-M1,Generalist_nonNE,0.13161418867924526,3
gex_possorted_bam_SJSO3:TGCTAGCCACGTAATTx-M1,Generalist_nonNE,0.12985896226415095,3
gex_possorted_bam_SJSO3:TGCGGTTCACCTCAGGx-M1,Generalist_NE,0.16393230188679245,2
gex_possorted_bam_SJSO3:TGCACACCACAATGTTx-M1,Generalist_nonNE,0.11867777358490565,3
gex_possorted_bam_SJSO3:TGCAAGCGTTATTGCCx-M1,Arc_4,0.1418440754716981,4
gex_possorted_bam_SJSO3:TGCTAACAGCATGGTTx-M1,Arc_4,0.11337394339622642,2
gex_possorted_bam_SJSO3:TGCTAGCCAATATGGAx-M1,Arc_3,0.3245055660377358,15
gex_possorted_bam_SJSO3:TGCATCCTCCTGATTTx-M1,Generalist_NE,0.1831206037735849,3
gex_possorted_bam_SJSO3:TGCCGGTAGGTTTACAx-M1,Generalist_nonNE,0.11823045283018867,1
gex_possorted_bam_SJSO3:TGCCTGTTCCAGGAAAx-M1,Arc_4,0.20344020754716982,9
gex_possorted_bam_SJSO3:TGCAGGCTCTTAGGGTx-M1,Generalist_NE,0.14673864150943394,3
gex_possorted_bam_SJSO3:TGCACTTGTTCATCTAx-M1,Generalist_NE,0.14509528301886793,1
gex_possorted_bam_SJSO3:TGCATGAGTTATGTGGx-M1,Arc_6,0.1589891886792453,3
gex_possorted_bam_SJSO3:TGCACCTTCGCATTAAx-M1,Generalist_nonNE,0.13127069811320755,3
gex_possorted_bam_SJSO3:TGCTCCGTCTTAAGTGx-M1,Generalist_NE,0.14509528301886793,1
gex_possorted_bam_SJSO3:TGCTTGCTCTTCAATCx-M1,Generalist_NE,0.18094075471698112,2
gex_possorted_bam_SJSO3:TGCTCTCAGCACAGCCx-M1,Generalist_NE,0.13948383018867921,2
gex_possorted_bam_SJSO3:TGGACTAGTCCTTCTCx-M1,Generalist_nonNE,0.11823045283018867,1
gex_possorted_bam_SJSO3:TGCTCCGTCCTTAGGGx-M1,Generalist_NE,0.14509528301886793,1
gex_possorted_bam_SJSO3:TGCTTCATCGGTTTCCx-M1,Generalist_NE,0.14509528301886793,1
gex_possorted_bam_SJSO3:TGGAACAAGTAAGAACx-M1,Arc_4,0.1615692075471698,7
gex_possorted_bam_SJSO3:TGCTTTAGTATTGTGGx-M1,Arc_2,0.12955794339622642,3
gex_possorted_bam_SJSO3:TGCTCCGTCACGAATCx-M1,Generalist_NE,0.1727467169811321,3
gex_possorted_bam_SJSO3:TGCTCTCAGATAACCCx-M1,Generalist_nonNE,0.1069229433962264,1
gex_possorted_bam_SJSO3:TGCTCACTCCAGGAAAx-M1,Generalist_NE,0.1495403962264151,3
gex_possorted_bam_SJSO3:TGCTCCGTCCATAAGCx-M1,Generalist_NE,0.31563783018867925,14
gex_possorted_bam_SJSO3:TGCTGGATCCTTAGGGx-M1,Generalist_NE,0.262950358490566,7
gex_possorted_bam_SJSO3:TGCTTTAGTTAACAGTx-M1,Generalist_NE,0.14509528301886793,1
gex_possorted_bam_SJSO3:TGGAACAAGCGGTTATx-M1,Generalist_NE,0.1459867358490566,2
gex_possorted_bam_SJSO3:TGCTCCGTCGGTCAATx-M1,Generalist_nonNE,0.12340796226415095,2
gex_possorted_bam_SJSO3:TGCTCCGTCCTCCCTCx-M1,Generalist_NE,0.14509528301886793,1
gex_possorted_bam_SJSO3:TGCTTCATCGTCCTTAx-M1,Generalist_nonNE,0.13365332075471698,4
gex_possorted_bam_SJSO3:TGCTCACTCTGTTGCCx-M1,Generalist_nonNE,0.13720377358490565,3
gex_possorted_bam_SJSO3:TGGAACAAGCGCATTGx-M1,Generalist_NE,0.18223626415094338,5
gex_possorted_bam_SJSO3:TGGACTAGTACTTAGGx-M1,Generalist_nonNE,0.1690757358490566,5
gex_possorted_bam_SJSO3:TGCTCAACAGATAGACx-M1,Generalist_NE,0.23762458490566038,8
gex_possorted_bam_SJSO3:TGCTCAACATCAGTATx-M1,Arc_4,0.16128905660377355,6
gex_possorted_bam_SJSO3:TGCTAGCCATCGCTCCx-M1,Generalist_NE,0.15047694339622641,2
gex_possorted_bam_SJSO3:TGGACCGGTTGTTGGAx-M1,Generalist_NE,0.15047694339622641,2
gex_possorted_bam_SJSO3:TGCTCCGTCGCTAAGTx-M1,Generalist_NE,0.15121166037735848,1
gex_possorted_bam_SJSO3:TGCTATGCAGTCTATGx-M1,Generalist_NE,0.26997669811320757,8
gex_possorted_bam_SJSO3:TGCTGGATCTCAATGAx-M1,Arc_2,0.14294728301886792,4
gex_possorted_bam_SJSO3:TGCTCACTCAGGTTTAx-M1,Arc_6,0.13410216981132075,1
gex_possorted_bam_SJSO3:TGGACAAAGGATCACTx-M1,Generalist_NE,0.1459867358490566,2
gex_possorted_bam_SJSO3:TGCTATGCAACATAAGx-M1,Generalist_NE,0.2438356037735849,8
gex_possorted_bam_SJSO3:TGCTGGATCCTTGTTGx-M1,Arc_4,0.2002201320754717,9
gex_possorted_bam_SJSO3:TGGACAAAGGTTAGCTx-M1,Arc_3,0.3336165471698112,13
gex_possorted_bam_SJSO3:TGCTTAAAGACAACAGx-M1,Arc_4,0.11999396226415095,4
gex_possorted_bam_SJSO3:TGCTATGCACAGAAACx-M1,Generalist_nonNE,0.11823045283018867,1
gex_possorted_bam_SJSO3:TGCTCCGTCCTAAGGTx-M1,Generalist_NE,0.16204277358490565,2
gex_possorted_bam_SJSO3:TGCTATGCACCTGCTCx-M1,Generalist_NE,0.14509528301886793,1
gex_possorted_bam_SJSO3:TGCTTTAGTTTATCGCx-M1,Generalist_NE,0.14509528301886793,1
gex_possorted_bam_SJSO3:TGCTTCATCGCTCCATx-M1,Arc_1,0.3294458679245283,16
gex_possorted_bam_SJSO3:TGGAACAAGGCCGGAAx-M1,Generalist_NE,0.24114049056603773,8
gex_possorted_bam_SJSO3:TGCTAGCCATTGGGAGx-M1,Arc_2,0.16285192452830188,5
gex_possorted_bam_SJSO3:TGCTCACTCTGTAATGx-M1,Generalist_NE,0.14509528301886793,1
gex_possorted_bam_SJSO3:TGCTCCGTCATAATCGx-M1,Generalist_NE,0.14454456603773586,4
gex_possorted_bam_SJSO3:TGGATTGGTAACCTAGx-M1,Generalist_nonNE,0.11573643396226416,3
gex_possorted_bam_SJSO3:TGGTCAGTCACTTTACx-M1,Generalist_nonNE,0.11545628301886793,2
gex_possorted_bam_SJSO3:TGGCTATAGTTAACCAx-M1,Generalist_nonNE,0.16605033962264154,6
gex_possorted_bam_SJSO3:TGGTCAAGTTTACGTCx-M1,Generalist_NE,0.16204277358490565,2
gex_possorted_bam_SJSO3:TGGTCCTTCTCACTCAx-M1,Generalist_NE,0.18497516981132076,5
gex_possorted_bam_SJSO3:TGGTGATTCTAACCTTx-M1,Generalist_NE,0.20404213207547167,5
gex_possorted_bam_SJSO3:TGGATTGGTTGTTGGAx-M1,Arc_4,0.12700635849056605,2
gex_possorted_bam_SJSO3:TGGCGGTTCATTAGCAx-M1,Arc_2,0.13816949056603772,3
gex_possorted_bam_SJSO3:TGGACTAGTTAATGACx-M1,Arc_4,0.11365409433962263,3
gex_possorted_bam_SJSO3:TGGTGATTCTTAGGACx-M1,Generalist_NE,0.19013432075471698,5
gex_possorted_bam_SJSO3:TGGCCTTTCACCTGCTx-M1,Generalist_NE,0.16204277358490565,2
gex_possorted_bam_SJSO3:TGGTCAGTCACAGCCAx-M1,Generalist_NE,0.351539962264151,14
gex_possorted_bam_SJSO3:TGGTAAACAACCCTCCx-M1,Generalist_NE,0.13948383018867921,2
gex_possorted_bam_SJSO3:TGGTCAGTCCTAGTCCx-M1,Generalist_NE,0.21010384905660376,5
gex_possorted_bam_SJSO3:TGGACTAGTCGCAATAx-M1,Generalist_NE,0.18535916981132075,4
gex_possorted_bam_SJSO3:TGGCGGTTCGTTTCTGx-M1,Generalist_nonNE,0.12120556603773584,4
gex_possorted_bam_SJSO3:TGGCCTTTCCTCACTAx-M1,Generalist_NE,0.14509528301886793,1
gex_possorted_bam_SJSO3:TGGCTATAGTCCTTCAx-M1,Generalist_nonNE,0.1069229433962264,1
gex_possorted_bam_SJSO3:TGGATTGGTTAAGCGCx-M1,Generalist_nonNE,0.2002201320754717,9
gex_possorted_bam_SJSO3:TGGTCATAGCTTTGGGx-M1,Generalist_NE,0.18669267924528302,5
gex_possorted_bam_SJSO3:TGGTCAGTCCTAATTCx-M1,Generalist_NE,0.1459867358490566,2
gex_possorted_bam_SJSO3:TGGTCAGTCATTGTTCx-M1,Generalist_NE,0.18497516981132076,5
gex_possorted_bam_SJSO3:TGGCTTTGTTTATTCGx-M1,Generalist_NE,0.14509528301886793,1
gex_possorted_bam_SJSO3:TGGCCAATCCAGGGAGx-M1,Generalist_nonNE,0.22704605660377356,10
gex_possorted_bam_SJSO3:TGGTCAGTCGTACCGAx-M1,Generalist_NE,0.14509528301886793,1
gex_possorted_bam_SJSO3:TGGATTCAGAGGAAGGx-M1,Arc_5,0.2172182075471698,7
gex_possorted_bam_SJSO3:TGGTGATTCGGTTTCCx-M1,Arc_4,0.1185106037735849,2
gex_possorted_bam_SJSO3:TGGCTATAGGCTAATCx-M1,Generalist_NE,0.14509528301886793,1
gex_possorted_bam_SJSO3:TGGTAAACAATAATCCx-M1,Arc_6,0.14509528301886793,1
gex_possorted_bam_SJSO3:TGGTGCATCTTAATGGx-M1,Arc_4,0.17870898113207548,7
gex_possorted_bam_SJSO3:TGGCGGTTCTTAGTCTx-M1,Arc_4,0.13510554716981132,3
gex_possorted_bam_SJSO3:TGGCCTTTCCTCACACx-M1,Generalist_NE,0.13948383018867921,2
gex_possorted_bam_SJSO3:TGGTCAGTCATCACTTx-M1,Generalist_NE,0.16118088679245285,3
gex_possorted_bam_SJSO3:TGTCAATCACTGACCGx-M1,Generalist_nonNE,0.12132562264150942,2
gex_possorted_bam_SJSO3:TGTGCGGGTCTAACAGx-M1,Generalist_NE,0.1589891886792453,3
gex_possorted_bam_SJSO3:TGGTTAATCGGTTTGGx-M1,Generalist_nonNE,0.10720309433962265,2
gex_possorted_bam_SJSO3:TGTAAGTGTTTGGTTCx-M1,Generalist_NE,0.13948383018867921,2
gex_possorted_bam_SJSO3:TGTGCTGAGAACAAGTx-M1,Arc_4,0.12766583018867925,2
gex_possorted_bam_SJSO3:TGTATCCGTTAGGCTAx-M1,Generalist_nonNE,0.1069229433962264,1
gex_possorted_bam_SJSO3:TGTCATAAGGGATGACx-M1,Generalist_NE,0.22174618867924525,8
gex_possorted_bam_SJSO3:TGTCAGTAGATGGAGCx-M1,Generalist_NE,0.14509528301886793,1
gex_possorted_bam_SJSO3:TGGTTGAGTTGCTTCGx-M1,Generalist_NE,0.28541273584905663,10
gex_possorted_bam_SJSO3:TGGTTCCTCGCTAGCAx-M1,Generalist_NE,0.14509528301886793,1
gex_possorted_bam_SJSO3:TGGTTCTGTGTGTCCCx-M1,Generalist_nonNE,0.1197138113207547,3
gex_possorted_bam_SJSO3:TGTCCTGGTGAAACAAx-M1,Generalist_nonNE,0.13127069811320755,3
gex_possorted_bam_SJSO3:TGTCCTGGTTCCTCCTx-M1,Generalist_NE,0.13948383018867921,2
gex_possorted_bam_SJSO3:TGGTTCTGTATGGTGCx-M1,Generalist_NE,0.16748037735849056,3
gex_possorted_bam_SJSO3:TGTCCTGGTCATCATCx-M1,Generalist_NE,0.14509528301886793,1
gex_possorted_bam_SJSO3:TGTGCGGGTAACAGGGx-M1,Arc_6,0.31128205660377367,15
gex_possorted_bam_SJSO3:TGTGATCAGTCATGCGx-M1,Generalist_nonNE,0.12132562264150942,2
gex_possorted_bam_SJSO3:TGGTTCTGTGACCTGGx-M1,Generalist_NE,0.2795392641509434,9
gex_possorted_bam_SJSO3:TGTAAAGCAGAAATGCx-M1,Arc_4,0.14257388679245284,5
gex_possorted_bam_SJSO3:TGGTTAATCTCACTCAx-M1,Generalist_NE,0.26983954716981134,12
gex_possorted_bam_SJSO3:TGTGATCAGTTAGTTGx-M1,Generalist_NE,0.1696931320754717,4
gex_possorted_bam_SJSO3:TGTATCGCAGGATTAAx-M1,Generalist_NE,0.259768716981132,12
gex_possorted_bam_SJSO3:TGTAAGTGTAGCAGCTx-M1,Generalist_nonNE,0.11337394339622642,2
gex_possorted_bam_SJSO3:TGTAATGTCTGCAAACx-M1,Generalist_NE,0.13948383018867921,2
gex_possorted_bam_SJSO3:TGGTTCTGTATTCGTCx-M1,Generalist_NE,0.16393230188679245,2
gex_possorted_bam_SJSO3:TGGTTAATCCTCCATAx-M1,Generalist_nonNE,0.12120556603773584,4
gex_possorted_bam_SJSO3:TGTAATGTCGTTTCGCx-M1,Generalist_NE,0.1459867358490566,2
gex_possorted_bam_SJSO3:TGTCATAAGGCATGTTx-M1,Generalist_nonNE,0.2509725471698113,10
gex_possorted_bam_SJSO3:TGTAAAGCATGTTGGCx-M1,Generalist_NE,0.16283675471698117,2
gex_possorted_bam_SJSO3:TGTCAATCAATAAGCAx-M1,Generalist_NE,0.1459867358490566,2
gex_possorted_bam_SJSO3:TGGTTCTGTTAATCGGx-M1,Generalist_nonNE,0.206302679245283,8
gex_possorted_bam_SJSO3:TGTATCCGTAACCACAx-M1,Arc_4,0.1690757358490566,5
gex_possorted_bam_SJSO3:TGTGCAAGTGTGAGAGx-M1,Arc_4,0.15079309433962262,6
gex_possorted_bam_SJSO3:TGTATCGCAATACTGTx-M1,Generalist_nonNE,0.16717362264150945,4
gex_possorted_bam_SJSO3:TGTAACTCAGTAAAGCx-M1,Generalist_NE,0.2672885660377359,8
gex_possorted_bam_SJSO3:TGTAACTCAACAGCCTx-M1,Generalist_nonNE,0.14642871698113208,5
gex_possorted_bam_SJSO3:TGTAAGTGTGTGCACGx-M1,Arc_6,0.3253341698113209,15
gex_possorted_bam_SJSO3:TGTATCGCAGGCAAGCx-M1,Generalist_nonNE,0.11573643396226416,3
gex_possorted_bam_SJSO3:TGTCCTGGTGAGACTCx-M1,Generalist_NE,0.14509528301886793,1
gex_possorted_bam_SJSO3:TGTGCTGAGTCCTGAGx-M1,Generalist_NE,0.15019254716981134,1
gex_possorted_bam_SJSO3:TGTGGAGCATTAGCCAx-M1,Generalist_NE,0.14509528301886793,1
gex_possorted_bam_SJSO3:TGTGGCTCATCGCTTTx-M1,Generalist_NE,0.1459867358490566,2
gex_possorted_bam_SJSO3:TGTTACTTCACATTGAx-M1,Generalist_nonNE,0.13127069811320755,3
gex_possorted_bam_SJSO3:TGTTATGAGTGAACAGx-M1,Generalist_NE,0.16658892452830187,2
gex_possorted_bam_SJSO3:TGTTGGCCATCGCTTTx-M1,Generalist_NE,0.16624858490566038,1
gex_possorted_bam_SJSO3:TGTGGCTCATGATTGTx-M1,Arc_4,0.12169666037735849,2
gex_possorted_bam_SJSO3:TGTTGGCCAATGCCTAx-M1,Generalist_NE,0.17205800000000002,4
gex_possorted_bam_SJSO3:TGTTAGCAGTTATTCCx-M1,Generalist_nonNE,0.11487462264150941,1
gex_possorted_bam_SJSO3:TGTTGCACATGGCCTGx-M1,Generalist_nonNE,0.11573643396226416,3
gex_possorted_bam_SJSO3:TGTTACTTCCGTTATTx-M1,Generalist_nonNE,0.126436679245283,2
gex_possorted_bam_SJSO3:TGTTGTGCAATAGTCTx-M1,Generalist_NE,0.14673864150943394,3
gex_possorted_bam_SJSO3:TGTTGGCCACAACAAAx-M1,Arc_4,0.1069229433962264,1
gex_possorted_bam_SJSO3:TGTTGCACAAGTGAACx-M1,Generalist_NE,0.2504412830188679,7
gex_possorted_bam_SJSO3:TGTGTGAGTTAGGCTAx-M1,Arc_4,0.13510554716981132,3
gex_possorted_bam_SJSO3:TGTTGTTTCAAACTCAx-M1,Generalist_nonNE,0.1069229433962264,1
gex_possorted_bam_SJSO3:TGTTCATTCAGCAAGAx-M1,Generalist_NE,0.16331394339622643,4
gex_possorted_bam_SJSO3:TGTTGTTTCTTGGATAx-M1,Generalist_NE,0.18360156603773584,4
gex_possorted_bam_SJSO3:TGTGGCCAGTCATCCCx-M1,Generalist_NE,0.16005432075471698,4
gex_possorted_bam_SJSO3:TGTTGTTTCAGGTTTAx-M1,Generalist_NE,0.15047694339622641,2
gex_possorted_bam_SJSO3:TGTGGCTCAATAATCCx-M1,Generalist_NE,0.2479672830188679,8
gex_possorted_bam_SJSO3:TGTGTTAAGCTTTGGGx-M1,Generalist_nonNE,0.12630964150943397,2
gex_possorted_bam_SJSO3:TGTTACTTCCACCCTGx-M1,Generalist_NE,0.14673864150943394,3
gex_possorted_bam_SJSO3:TGTTCATTCCCAGTAGx-M1,Arc_6,0.19981884905660377,6
gex_possorted_bam_SJSO3:TGTTGGCCATAGACCCx-M1,Generalist_NE,0.16685264150943396,1
gex_possorted_bam_SJSO3:TGTTAGCAGGATTGAGx-M1,Generalist_NE,0.14509528301886793,1
gex_possorted_bam_SJSO3:TGTTGTGCAAAGCTCCx-M1,Generalist_NE,0.14509528301886793,1
gex_possorted_bam_SJSO3:TGTTATGAGCGCCTTTx-M1,Generalist_NE,0.14930109433962266,0
gex_possorted_bam_SJSO3:TGTTGTGCACAGGGACx-M1,Generalist_NE,0.13410216981132075,1
gex_possorted_bam_SJSO3:TGTTGCACATGATTGTx-M1,Generalist_NE,0.17073330188679245,3
gex_possorted_bam_SJSO3:TGTTACTTCACTAAGCx-M1,Generalist_NE,0.13410216981132075,1
gex_possorted_bam_SJSO3:TTAACCAAGAGAAGGGx-M1,Generalist_NE,0.15266137735849053,4
gex_possorted_bam_SJSO3:TTAAGCCAGGAGGCATx-M1,Arc_4,0.12103718867924528,2
gex_possorted_bam_SJSO3:TTAACTGAGCTCCCTGx-M1,Generalist_nonNE,0.10996401886792453,3
gex_possorted_bam_SJSO3:TTACAGCAGTCACTCCx-M1,Generalist_NE,0.14509528301886793,1
gex_possorted_bam_SJSO3:TTAGAAGCACAATGCCx-M1,Generalist_NE,0.14509528301886793,1
gex_possorted_bam_SJSO3:TTACCGTGTTTCAGGAx-M1,Generalist_nonNE,0.11823045283018867,1
gex_possorted_bam_SJSO3:TTAACTGAGTCTTGAAx-M1,Arc_4,0.11337394339622642,2
gex_possorted_bam_SJSO3:TTAGCAGGTTCAAGCAx-M1,Generalist_NE,0.19867350943396225,7
gex_possorted_bam_SJSO3:TTACACCGTGATCATGx-M1,Generalist_nonNE,0.13127069811320755,3
gex_possorted_bam_SJSO3:TTACAGCAGACTTATGx-M1,Arc_4,0.12190728301886794,3
gex_possorted_bam_SJSO3:TTAGACTCAAGCCACTx-M1,Arc_6,0.2432947547169811,11
gex_possorted_bam_SJSO3:TTAACCAAGTTGGGCCx-M1,Generalist_nonNE,0.13127069811320755,3
gex_possorted_bam_SJSO3:TTACACCGTTTGAGCAx-M1,Generalist_NE,0.18497516981132076,5
gex_possorted_bam_SJSO3:TTACCGTGTTGCATCTx-M1,Generalist_NE,0.13410216981132075,1
gex_possorted_bam_SJSO3:TTAAGGACACCTGCTCx-M1,Generalist_NE,0.14509528301886793,1
gex_possorted_bam_SJSO3:TTAAGTGTCTACCTGCx-M1,Generalist_NE,0.23048343396226414,7
gex_possorted_bam_SJSO3:TTAGAAGCAGAGAGCCx-M1,Generalist_NE,0.21376807547169813,7
gex_possorted_bam_SJSO3:TTAAGGACATGGCCTGx-M1,Generalist_NE,0.13948383018867921,2
gex_possorted_bam_SJSO3:TTACACCGTTGTTGTCx-M1,Generalist_nonNE,0.12160577358490567,3
gex_possorted_bam_SJSO3:TTAAGGACATGCATATx-M1,Generalist_nonNE,0.11573643396226416,3
gex_possorted_bam_SJSO3:TTAAAGGCAATGCCCGx-M1,Generalist_NE,0.14509528301886793,1
gex_possorted_bam_SJSO3:TTAACCAAGTATCGCGx-M1,Generalist_NE,0.14509528301886793,1
gex_possorted_bam_SJSO3:TTACACCGTTCTTTAGx-M1,Generalist_nonNE,0.1489182075471698,3
gex_possorted_bam_SJSO3:TTAGCAATCGCTCCATx-M1,Generalist_NE,0.14509528301886793,1
gex_possorted_bam_SJSO3:TTAGAAGCACTGGCCAx-M1,Generalist_NE,0.15119396226415094,5
gex_possorted_bam_SJSO3:TTACAGCAGCGCCTTTx-M1,Generalist_nonNE,0.11337394339622642,2
gex_possorted_bam_SJSO3:TTAGCAATCGGCCAGTx-M1,Arc_4,0.11545628301886793,2
gex_possorted_bam_SJSO3:TTACAGCAGTTCCCGTx-M1,Generalist_NE,0.16916518867924527,2
gex_possorted_bam_SJSO3:TTAAGGTGTTACAAACx-M1,Generalist_NE,0.13948383018867921,2
gex_possorted_bam_SJSO3:TTAGCAGGTCCTTCTCx-M1,Generalist_NE,0.13410216981132075,1
gex_possorted_bam_SJSO3:TTAAGCCAGCACCACAx-M1,Arc_3,0.19133164150943396,4
gex_possorted_bam_SJSO3:TTACGTTTCATTGACAx-M1,Generalist_NE,0.14891196226415096,2
gex_possorted_bam_SJSO3:TTAGCAGGTTGCAATGx-M1,Arc_2,0.14597683018867924,3
gex_possorted_bam_SJSO3:TTACAGCAGGTTTGCGx-M1,Arc_6,0.13410216981132075,1
gex_possorted_bam_SJSO3:TTAAGCCAGGCCTAATx-M1,Arc_4,0.12700635849056605,2
gex_possorted_bam_SJSO3:TTACACCGTTCACCATx-M1,Generalist_NE,0.17490249056603777,4
gex_possorted_bam_SJSO3:TTAGAAGCATCCAGGTx-M1,Generalist_nonNE,0.12630964150943397,2
gex_possorted_bam_SJSO3:TTAAGCCAGAAAGCATx-M1,Generalist_NE,0.2824839245283019,11
gex_possorted_bam_SJSO3:TTACCGTGTTTGACCTx-M1,Generalist_NE,0.17189016981132077,4
gex_possorted_bam_SJSO3:TTAAGTGTCCTGGTGAx-M1,Arc_4,0.13510554716981132,3
gex_possorted_bam_SJSO3:TTATCCTAGTGCACGCx-M1,Arc_6,0.24608854716981132,10
gex_possorted_bam_SJSO3:TTCAACCGTCATCCTGx-M1,Generalist_NE,0.14509528301886793,1
gex_possorted_bam_SJSO3:TTATGACCAGATAGACx-M1,Generalist_NE,0.17915990566037737,4
gex_possorted_bam_SJSO3:TTAGCGGTCCCTGACTx-M1,Generalist_NE,0.15121166037735848,1
gex_possorted_bam_SJSO3:TTCAGCACATGCAACCx-M1,Generalist_NE,0.1459867358490566,2
gex_possorted_bam_SJSO3:TTATCCTAGCTTCTCAx-M1,Generalist_nonNE,0.1069229433962264,1
gex_possorted_bam_SJSO3:TTAGGATGTCCAAATGx-M1,Generalist_NE,0.16118088679245285,3
gex_possorted_bam_SJSO3:TTATTGCTCACAGCGCx-M1,Arc_4,0.14750743396226415,5
gex_possorted_bam_SJSO3:TTCAGCACATCGCTCCx-M1,Arc_1,0.3468423018867924,16
gex_possorted_bam_SJSO3:TTAGGATGTCCCGGAAx-M1,Arc_3,0.27480664150943396,8
gex_possorted_bam_SJSO3:TTCACTGTCGATAACCx-M1,Arc_2,0.1292867169811321,3
gex_possorted_bam_SJSO3:TTAGGCCCAATGAAGCx-M1,Generalist_NE,0.14509528301886793,1
gex_possorted_bam_SJSO3:TTAGGCGTCTAATCTCx-M1,Arc_4,0.18706528301886793,6
gex_possorted_bam_SJSO3:TTAGGAACAGTCTATGx-M1,Generalist_NE,0.16232524528301887,2
gex_possorted_bam_SJSO3:TTATCCTAGGTCATTAx-M1,Arc_4,0.1615692075471698,7
gex_possorted_bam_SJSO3:TTATTGCTCGGCTAGCx-M1,Generalist_NE,0.1459867358490566,2
gex_possorted_bam_SJSO3:TTATGACCATGCTCCCx-M1,Generalist_NE,0.13948383018867921,2
gex_possorted_bam_SJSO3:TTAGGCGTCATTGCAAx-M1,Generalist_NE,0.18875875471698114,7
gex_possorted_bam_SJSO3:TTAGGCTAGCATGCATx-M1,Generalist_NE,0.14509528301886793,1
gex_possorted_bam_SJSO3:TTAGGAACACTTCATCx-M1,Generalist_NE,0.1459867358490566,2
gex_possorted_bam_SJSO3:TTAGGCCCAGGAACATx-M1,Generalist_NE,0.14509528301886793,1
gex_possorted_bam_SJSO3:TTAGCCTGTCATAAGTx-M1,Generalist_NE,0.19373924528301886,5
gex_possorted_bam_SJSO3:TTAGCTGCAAGGCCAAx-M1,Generalist_nonNE,0.12340796226415095,2
gex_possorted_bam_SJSO3:TTATCCGTCCTCCATAx-M1,Arc_6,0.14509528301886793,1
gex_possorted_bam_SJSO3:TTCAACCGTGATCATGx-M1,Arc_4,0.1615692075471698,7
gex_possorted_bam_SJSO3:TTATAGCCAACTAGAAx-M1,Generalist_NE,0.14509528301886793,1
gex_possorted_bam_SJSO3:TTCAGCACATGGCCTGx-M1,Generalist_NE,0.15018777358490562,3
gex_possorted_bam_SJSO3:TTCAGGTAGCTCCTTAx-M1,Generalist_NE,0.14509528301886793,1
gex_possorted_bam_SJSO3:TTCACTGTCAGGCTATx-M1,Generalist_NE,0.227830679245283,9
gex_possorted_bam_SJSO3:TTATGACCAAACTAAGx-M1,Arc_1,0.34439437735849054,19
gex_possorted_bam_SJSO3:TTAGGATGTCCTTCAGx-M1,Generalist_nonNE,0.12340796226415095,2
gex_possorted_bam_SJSO3:TTAGGAACATAGCGAGx-M1,Generalist_NE,0.14581890566037736,2
gex_possorted_bam_SJSO3:TTAGTCAAGAACCTGTx-M1,Arc_1,0.2898689245283018,13
gex_possorted_bam_SJSO3:TTAGTCAAGTCATCCCx-M1,Arc_4,0.14926975471698112,5
gex_possorted_bam_SJSO3:TTCACTGTCCAATTAGx-M1,Generalist_NE,0.14509528301886793,1
gex_possorted_bam_SJSO3:TTAGGCTAGTAACCACx-M1,Generalist_NE,0.18497516981132076,5
gex_possorted_bam_SJSO3:TTCACTGTCCCGTTGTx-M1,Arc_4,0.12626716981132077,3
gex_possorted_bam_SJSO3:TTCAACCGTTCCTGATx-M1,Generalist_NE,0.15962477358490565,3
gex_possorted_bam_SJSO3:TTATGACCACCGGTATx-M1,Generalist_NE,0.18496303773584902,4
gex_possorted_bam_SJSO3:TTAGGCTAGTCAGGCCx-M1,Generalist_NE,0.12638130188679245,3
gex_possorted_bam_SJSO3:TTCACTGTCTCCATATx-M1,Generalist_NE,0.1510879245283019,3
gex_possorted_bam_SJSO3:TTAGCGGTCTGTGCCTx-M1,Generalist_NE,0.14509528301886793,1
gex_possorted_bam_SJSO3:TTCAGCACATAATCCGx-M1,Generalist_nonNE,0.10720309433962265,2
gex_possorted_bam_SJSO3:TTCCTTGAGCACCACAx-M1,Generalist_nonNE,0.13098622641509433,4
gex_possorted_bam_SJSO3:TTCGCAACATGTGGGAx-M1,Generalist_NE,0.1641001320754717,2
gex_possorted_bam_SJSO3:TTCATCCCAAATACCTx-M1,Arc_1,0.12255694339622641,3
gex_possorted_bam_SJSO3:TTCGCAACAGGACCTTx-M1,Arc_1,0.14509528301886793,1
gex_possorted_bam_SJSO3:TTCCCGCCATTGTGATx-M1,Arc_1,0.10307000000000001,1
gex_possorted_bam_SJSO3:TTGACATCACCTAAGCx-M1,Generalist_nonNE,0.13510554716981132,3
gex_possorted_bam_SJSO3:TTCCTTCTCCTCACACx-M1,Arc_1,0.1069229433962264,1
gex_possorted_bam_SJSO3:TTGACATCAGCATTATx-M1,Generalist_NE,0.14509528301886793,1
gex_possorted_bam_SJSO3:TTCGTGCTCCGGTATGx-M1,Generalist_NE,0.15392503773584906,3
gex_possorted_bam_SJSO3:TTCCTCAAGGAATAACx-M1,Generalist_nonNE,0.1821249433962264,6
gex_possorted_bam_SJSO3:TTCGGTACAGCATGTCx-M1,Generalist_NE,0.16093305660377358,1
gex_possorted_bam_SJSO3:TTCATTCAGGCTAAGAx-M1,Arc_1,0.15634581132075473,5
gex_possorted_bam_SJSO3:TTCGGTACATCCATCTx-M1,Generalist_nonNE,0.1615692075471698,7
gex_possorted_bam_SJSO3:TTCGTGCTCACAGGAAx-M1,Arc_3,0.15121166037735848,1
gex_possorted_bam_SJSO3:TTCCCACAGTTGCGTGx-M1,Generalist_NE,0.13410216981132075,1
gex_possorted_bam_SJSO3:TTCGTTAGTTAGGACCx-M1,Generalist_nonNE,0.11823045283018867,1
gex_possorted_bam_SJSO3:TTCAGGTAGTGAGCAAx-M1,Generalist_NE,0.19133164150943396,4
gex_possorted_bam_SJSO3:TTCAGTTTCCTAGTTTx-M1,Generalist_NE,0.14509528301886793,1
gex_possorted_bam_SJSO3:TTCGCAACAGGCCATTx-M1,Generalist_NE,0.15211145283018868,4
gex_possorted_bam_SJSO3:TTCGTTAGTTTGAGGCx-M1,Generalist_nonNE,0.18173749056603772,6
gex_possorted_bam_SJSO3:TTCCTCAAGGTCCTGAx-M1,Generalist_nonNE,0.1608303396226415,4
gex_possorted_bam_SJSO3:TTCGGTACATAAGTCTx-M1,Generalist_NE,0.15047694339622641,2
gex_possorted_bam_SJSO3:TTCTTAGGTACCAGGTx-M1,Generalist_nonNE,0.12132562264150942,2
gex_possorted_bam_SJSO3:TTCGTTAGTAGGTTGCx-M1,Generalist_NE,0.15999809433962267,4
gex_possorted_bam_SJSO3:TTCCCGCCAGCTCATAx-M1,Generalist_NE,0.17929403773584904,5
gex_possorted_bam_SJSO3:TTCCTTGAGTCAGGCCx-M1,Generalist_nonNE,0.11514584905660376,1
gex_possorted_bam_SJSO3:TTCGGTACAACCTGGTx-M1,Generalist_nonNE,0.13127069811320755,3
gex_possorted_bam_SJSO3:TTGACATCACAGCCTGx-M1,Generalist_nonNE,0.10720309433962265,2
gex_possorted_bam_SJSO3:TTCCTTCTCTAAATCGx-M1,Generalist_NE,0.14780579245283018,4
gex_possorted_bam_SJSO3:TTGACGTAGCGTGCGTx-M1,Arc_3,0.26370896226415097,9
gex_possorted_bam_SJSO3:TTCATCCCATGGAGGCx-M1,Arc_4,0.10646618867924527,1
gex_possorted_bam_SJSO3:TTCCTTGAGGTTACACx-M1,Generalist_NE,0.13948383018867921,2
gex_possorted_bam_SJSO3:TTCATCCCAGGATAACx-M1,Generalist_NE,0.20078577358490565,5
gex_possorted_bam_SJSO3:TTCGCAACATAATCACx-M1,Generalist_nonNE,0.10720309433962265,2
gex_possorted_bam_SJSO3:TTCCTTGAGGACCGCTx-M1,Arc_1,0.3802274528301886,21
gex_possorted_bam_SJSO3:TTCCTCAAGCCTGTGAx-M1,Arc_4,0.12103718867924528,2
gex_possorted_bam_SJSO3:TTGACGTAGGGTCTATx-M1,Generalist_NE,0.23254773584905664,8
gex_possorted_bam_SJSO3:TTCGCAACACCTCAGGx-M1,Generalist_NE,0.18223626415094338,5
gex_possorted_bam_SJSO3:TTCCTTCTCCTAAGTAx-M1,Generalist_NE,0.14509528301886793,1
gex_possorted_bam_SJSO3:TTCGTGCTCCTGAGTGx-M1,Arc_4,0.126436679245283,2
gex_possorted_bam_SJSO3:TTCCTTCTCCCGTTGTx-M1,Generalist_nonNE,0.12630964150943397,2
gex_possorted_bam_SJSO3:TTCATCCCATAGACTTx-M1,Arc_4,0.11823045283018867,1
gex_possorted_bam_SJSO3:TTCATCCCAATCGCACx-M1,Arc_1,0.21417901886792448,9
gex_possorted_bam_SJSO3:TTCCTTGAGGCGCACTx-M1,Generalist_nonNE,0.12002915094339624,2
gex_possorted_bam_SJSO3:TTCCACGGTAACGTGCx-M1,Generalist_NE,0.13410216981132075,1
gex_possorted_bam_SJSO3:TTCGTGCTCGGTTTCCx-M1,Generalist_nonNE,0.11365409433962263,3
gex_possorted_bam_SJSO3:TTCAGTTTCAGCACCAx-M1,Generalist_NE,0.1495403962264151,3
gex_possorted_bam_SJSO3:TTCCTTGAGGGTTAGAx-M1,Generalist_NE,0.3136375849056603,13
gex_possorted_bam_SJSO3:TTCGTGCTCCTCCTAAx-M1,Arc_1,0.12120556603773584,4
gex_possorted_bam_SJSO3:TTCGCAACATCAGTATx-M1,Generalist_NE,0.14509528301886793,1
gex_possorted_bam_SJSO3:TTCCTTCTCCTTTACGx-M1,Generalist_NE,0.17189016981132077,4
gex_possorted_bam_SJSO3:TTCCACGGTACCTTACx-M1,Generalist_nonNE,0.15335,6
gex_possorted_bam_SJSO3:TTCCACGGTTTCGCCAx-M1,Generalist_nonNE,0.167724358490566,6
gex_possorted_bam_SJSO3:TTGCCCGTCATGCTCCx-M1,Generalist_NE,0.14509528301886793,1
gex_possorted_bam_SJSO3:TTGGCTGAGGGCCATCx-M1,Generalist_NE,0.15391403773584905,2
gex_possorted_bam_SJSO3:TTGCAACAGGCTAGAAx-M1,Generalist_NE,0.16204277358490565,2
gex_possorted_bam_SJSO3:TTGAGCTAGCGATAGAx-M1,Generalist_NE,0.14509528301886793,1
gex_possorted_bam_SJSO3:TTGCTTAGTCGAAGTCx-M1,Generalist_NE,0.1925750566037736,7
gex_possorted_bam_SJSO3:TTGCTTTAGTCTATGAx-M1,Generalist_NE,0.23971452830188678,7
gex_possorted_bam_SJSO3:TTGCATTTCTATTGTCx-M1,Generalist_NE,0.16393230188679245,2
gex_possorted_bam_SJSO3:TTGACGTAGTGAGGTAx-M1,Generalist_nonNE,0.22704605660377356,10
gex_possorted_bam_SJSO3:TTGCAGCCAAATATCCx-M1,Generalist_NE,0.1459867358490566,2
gex_possorted_bam_SJSO3:TTGGCTGAGGCGCATCx-M1,Generalist_NE,0.15047694339622641,2
gex_possorted_bam_SJSO3:TTGCTTAGTCATGCAAx-M1,Generalist_NE,0.14509528301886793,1
gex_possorted_bam_SJSO3:TTGGCTACATTATGACx-M1,Generalist_NE,0.1069229433962264,1
gex_possorted_bam_SJSO3:TTGCACACAAACTAAGx-M1,Generalist_NE,0.14657081132075472,3
gex_possorted_bam_SJSO3:TTGCCCGTCCCTCGCAx-M1,Generalist_NE,0.1459867358490566,2
gex_possorted_bam_SJSO3:TTGGATTCACTGGCTGx-M1,Generalist_NE,0.16331394339622643,4
gex_possorted_bam_SJSO3:TTGACTAAGGTGAAGCx-M1,Generalist_NE,0.16748037735849056,3
gex_possorted_bam_SJSO3:TTGGCTACATTGTGTGx-M1,Generalist_NE,0.14509528301886793,1
gex_possorted_bam_SJSO3:TTGATGTCAACACTTGx-M1,Generalist_nonNE,0.12190728301886794,3
gex_possorted_bam_SJSO3:TTGCTTAGTCTCAGCCx-M1,Generalist_NE,0.14509528301886793,1
gex_possorted_bam_SJSO3:TTGCAATCACTAAGTTx-M1,Generalist_nonNE,0.25680756603773586,11
gex_possorted_bam_SJSO3:TTGCACACATTAAGTCx-M1,Arc_3,0.30704773584905665,13
gex_possorted_bam_SJSO3:TTGCAAGGTGAGGTAGx-M1,Generalist_nonNE,0.11823045283018867,1
gex_possorted_bam_SJSO3:TTGCTCTCAGGCGATAx-M1,Generalist_nonNE,0.12218743396226416,4
gex_possorted_bam_SJSO3:TTGCTTAGTACTTAGGx-M1,Generalist_NE,0.14509528301886793,1
gex_possorted_bam_SJSO3:TTGGATTCACCACAACx-M1,Generalist_NE,0.22044137735849054,3
gex_possorted_bam_SJSO3:TTGATGTCAGATTCATx-M1,Generalist_NE,0.16603500000000002,3
gex_possorted_bam_SJSO3:TTGACTAAGGCCCAGTx-M1,Generalist_nonNE,0.25680756603773586,11
gex_possorted_bam_SJSO3:TTGCGAGTCAATCTAGx-M1,Generalist_nonNE,0.167724358490566,6
gex_possorted_bam_SJSO3:TTGCAATCAGAGGGAGx-M1,Generalist_NE,0.18497516981132076,5
gex_possorted_bam_SJSO3:TTGAGGCGTTACTAGGx-M1,Generalist_nonNE,0.19721930188679243,7
gex_possorted_bam_SJSO3:TTGCCCGTCTTAGCCCx-M1,Generalist_NE,0.13948383018867921,2
gex_possorted_bam_SJSO3:TTGCCCGTCACGAATCx-M1,Generalist_NE,0.16393230188679245,2
gex_possorted_bam_SJSO3:TTGCATTTCATAGACCx-M1,Arc_4,0.1615692075471698,7
gex_possorted_bam_SJSO3:TTGACGTAGTTTGTCTx-M1,Generalist_NE,0.15047694339622641,2
gex_possorted_bam_SJSO3:TTGCCCGTCATAACGCx-M1,Generalist_NE,0.17205800000000002,4
gex_possorted_bam_SJSO3:TTGCACACATTCCTGTx-M1,Arc_1,0.20317756603773582,8
gex_possorted_bam_SJSO3:TTGGATCAGACAAACGx-M1,Generalist_NE,0.14509528301886793,1
gex_possorted_bam_SJSO3:TTGCTCTCAGCACGAAx-M1,Generalist_NE,0.14509528301886793,1
gex_possorted_bam_SJSO3:TTGATGTCAGCCAGAAx-M1,Generalist_nonNE,0.11823045283018867,1
gex_possorted_bam_SJSO3:TTGGATATCACAGGAAx-M1,Generalist_nonNE,0.1450626603773585,4
gex_possorted_bam_SJSO3:TTGAGCTAGAAAGCATx-M1,Arc_4,0.13510554716981132,3
gex_possorted_bam_SJSO3:TTGACTAAGCCGCAACx-M1,Generalist_nonNE,0.10720309433962265,2
gex_possorted_bam_SJSO3:TTGTCCCAGTTATCCTx-M1,Generalist_nonNE,0.11573643396226416,3
gex_possorted_bam_SJSO3:TTGTCCATCTCCTCAAx-M1,Generalist_NE,0.16658892452830187,2
gex_possorted_bam_SJSO3:TTGTTCCCACTGACTAx-M1,Generalist_NE,0.14509528301886793,1
gex_possorted_bam_SJSO3:TTGTGAGGTTATCCGTx-M1,Generalist_nonNE,0.12120556603773584,4
gex_possorted_bam_SJSO3:TTGTGCGAGATAACCCx-M1,Generalist_NE,0.25368450943396226,11
gex_possorted_bam_SJSO3:TTGTCCCAGCAAACCTx-M1,Generalist_NE,0.14509528301886793,1
gex_possorted_bam_SJSO3:TTGTGAGGTGCATTTCx-M1,Generalist_NE,0.16748037735849056,3
gex_possorted_bam_SJSO3:TTGTCCGGTCGTAAATx-M1,Arc_3,0.21041611320754716,2
gex_possorted_bam_SJSO3:TTGTTGTTCTCCATGCx-M1,Arc_4,0.11545628301886793,2
gex_possorted_bam_SJSO3:TTGTTGCGTTAACGGCx-M1,Generalist_NE,0.1459867358490566,2
gex_possorted_bam_SJSO3:TTGTCCATCCGCCTCAx-M1,Arc_2,0.17998422641509432,6
gex_possorted_bam_SJSO3:TTGTCAAAGAGGAGGAx-M1,Generalist_NE,0.1457062641509434,2
gex_possorted_bam_SJSO3:TTGTTGCGTTTGCTGTx-M1,Generalist_NE,0.19804099999999997,8
gex_possorted_bam_SJSO3:TTGTGAGGTTGACTTCx-M1,Arc_4,0.14257388679245284,5
gex_possorted_bam_SJSO3:TTGGTGAGTGACATATx-M1,Generalist_nonNE,0.1265641320754717,1
gex_possorted_bam_SJSO3:TTGTCCCAGATGCCTGx-M1,Generalist_NE,0.13410216981132075,1
gex_possorted_bam_SJSO3:TTGGTGAGTTGCTGGGx-M1,Generalist_NE,0.24095684905660375,10
gex_possorted_bam_SJSO3:TTGTGCGAGCCTGTTCx-M1,Generalist_NE,0.14509528301886793,1
gex_possorted_bam_SJSO3:TTGTTGTTCTACTAAGx-M1,Arc_6,0.14509528301886793,1
gex_possorted_bam_SJSO3:TTGTTGTTCTGGCATGx-M1,Arc_5,0.27376262264150947,10
gex_possorted_bam_SJSO3:TTGGGCCAGGCATTACx-M1,Generalist_NE,0.13948383018867921,2
gex_possorted_bam_SJSO3:TTGTAAGTCTCGCCTGx-M1,Generalist_NE,0.13410216981132075,1
gex_possorted_bam_SJSO3:TTGTGAGGTATTGAGTx-M1,Arc_4,0.12575683018867925,3
gex_possorted_bam_SJSO3:TTGTGAGGTGCGCATGx-M1,Generalist_nonNE,0.1292867169811321,3
gex_possorted_bam_SJSO3:TTGTGAGGTTTAACCCx-M1,Generalist_NE,0.1982312641509434,6
gex_possorted_bam_SJSO3:TTGTCCGGTTCGCGCTx-M1,Generalist_NE,0.16093305660377358,1
gex_possorted_bam_SJSO3:TTGTGTGCATGAATCTx-M1,Generalist_nonNE,0.12255694339622641,3
gex_possorted_bam_SJSO3:TTGTCCATCATGCTCCx-M1,Generalist_NE,0.1459867358490566,2
gex_possorted_bam_SJSO3:TTGTTGCGTTTATCTGx-M1,Generalist_NE,0.16515209433962266,5
gex_possorted_bam_SJSO3:TTGTGCGAGCTATGACx-M1,Generalist_NE,0.1459867358490566,2
gex_possorted_bam_SJSO3:TTGGTGAGTTTATCTGx-M1,Generalist_NE,0.20235371698113205,5
gex_possorted_bam_SJSO3:TTGTTTGGTCGCAATAx-M1,Generalist_NE,0.198153358490566,7
gex_possorted_bam_SJSO3:TTGTCAAAGGTCGAGGx-M1,Generalist_nonNE,0.13256716981132075,3
gex_possorted_bam_SJSO3:TTGTGTGCATTATGACx-M1,Generalist_NE,0.15047694339622641,2
gex_possorted_bam_SJSO3:TTGGGTTAGGCATGAAx-M1,Generalist_NE,0.14509528301886793,1
gex_possorted_bam_SJSO3:TTGGGCGGTTCCGGGAx-M1,Generalist_NE,0.1589891886792453,3
gex_possorted_bam_SJSO3:TTGTCAAAGAACCTGTx-M1,Generalist_nonNE,0.12704164150943395,3
gex_possorted_bam_SJSO3:TTGGGTTAGGAAGTATx-M1,Arc_4,0.12598701886792452,2
gex_possorted_bam_SJSO3:TTGGTGAGTGCCGCAAx-M1,Arc_6,0.13410216981132075,1
gex_possorted_bam_SJSO3:TTGGGCCAGCACAGGGx-M1,Generalist_NE,0.13948383018867921,2
gex_possorted_bam_SJSO3:TTGTGCGAGCGGATTTx-M1,Generalist_NE,0.1524935471698113,4
gex_possorted_bam_SJSO3:TTTCATCAGCGGATTTx-M1,Arc_3,0.3213555849056604,11
gex_possorted_bam_SJSO3:TTTCCGGGTAGCTGCGx-M1,Generalist_NE,0.17269439622641508,3
gex_possorted_bam_SJSO3:TTTATGGAGATAGACGx-M1,Generalist_nonNE,0.2256044150943396,9
gex_possorted_bam_SJSO3:TTTAGGATCGTGCTTCx-M1,Generalist_NE,0.16472033962264152,3
gex_possorted_bam_SJSO3:TTTCGTCCACTGACCGx-M1,Generalist_NE,0.18410783018867927,3
gex_possorted_bam_SJSO3:TTTCACCCATAGCTTGx-M1,Arc_4,0.1526201886792453,5
gex_possorted_bam_SJSO3:TTTCCGGGTGGTTATGx-M1,Generalist_NE,0.17262926415094337,4
gex_possorted_bam_SJSO3:TTTCACCCACAACAGGx-M1,Generalist_NE,0.15796301886792452,2
gex_possorted_bam_SJSO3:TTTCAGTTCTCATCATx-M1,Generalist_NE,0.13948383018867921,2
gex_possorted_bam_SJSO3:TTTATGGAGCCGCAGTx-M1,Generalist_nonNE,0.12120556603773584,4
gex_possorted_bam_SJSO3:TTTCGTCCAACATAAGx-M1,Arc_6,0.20103747169811323,6
gex_possorted_bam_SJSO3:TTTAGCTTCTCAATAGx-M1,Generalist_NE,0.261876679245283,8
gex_possorted_bam_SJSO3:TTTACGCGTAGCTGGTx-M1,Generalist_nonNE,0.11545628301886793,2
gex_possorted_bam_SJSO3:TTTCAGTTCCAAGTGTx-M1,Generalist_nonNE,0.1808803018867924,5
gex_possorted_bam_SJSO3:TTGTTTGGTTGCTGGGx-M1,Generalist_NE,0.14509528301886793,1
gex_possorted_bam_SJSO3:TTTAAGGTCATCCACCx-M1,Generalist_NE,0.14509528301886793,1
gex_possorted_bam_SJSO3:TTTCCTGAGGCTAGAAx-M1,Arc_6,0.13948383018867921,2
gex_possorted_bam_SJSO3:TTTAGCTTCATTTGTCx-M1,Generalist_NE,0.15019254716981134,1
gex_possorted_bam_SJSO3:TTTCGTCCAAGCTTATx-M1,Generalist_NE,0.14509528301886793,1
gex_possorted_bam_SJSO3:TTTACGAAGTGGACAAx-M1,Generalist_NE,0.1459867358490566,2
gex_possorted_bam_SJSO3:TTTCACCCATGATTGTx-M1,Generalist_NE,0.2695717735849057,13
gex_possorted_bam_SJSO3:TTTACGCGTATTGAGTx-M1,Generalist_NE,0.14509528301886793,1
gex_possorted_bam_SJSO3:TTTAGCAAGACAAGTGx-M1,Generalist_NE,0.14509528301886793,1
gex_possorted_bam_SJSO3:TTTAGGATCGATTTAGx-M1,Generalist_NE,0.14930109433962266,0
gex_possorted_bam_SJSO3:TTTAGGATCTTTGTACx-M1,Generalist_NE,0.14509528301886793,1
gex_possorted_bam_SJSO3:TTTAACGAGGCAATAGx-M1,Generalist_NE,0.1874880754716981,4
gex_possorted_bam_SJSO3:TTTACGAAGCGGATTTx-M1,Arc_5,0.28231475471698114,9
gex_possorted_bam_SJSO3:TTTATGGAGCAAGGGTx-M1,Arc_6,0.13410216981132075,1
gex_possorted_bam_SJSO3:TTTAGGATCTAATCTCx-M1,Generalist_nonNE,0.11487462264150941,1
gex_possorted_bam_SJSO3:TTTAGCAAGAGAGCCGx-M1,Generalist_NE,0.18233418867924528,3
gex_possorted_bam_SJSO3:TTTAAGCCAATGCCCGx-M1,Generalist_nonNE,0.11365409433962263,3
gex_possorted_bam_SJSO3:TTTAAGCCAAACCCTAx-M1,Generalist_nonNE,0.11545628301886793,2
gex_possorted_bam_SJSO3:TTGTTTGGTTCATTTGx-M1,Generalist_nonNE,0.14588166037735847,4
gex_possorted_bam_SJSO3:TTTAGCTTCAGGCTATx-M1,Generalist_NE,0.14509528301886793,1
gex_possorted_bam_SJSO3:TTTAGCTTCCTAATGAx-M1,Arc_1,0.11386188679245285,2
gex_possorted_bam_SJSO3:TTTAGCAAGGCATGTTx-M1,Generalist_NE,0.1863212641509434,4
gex_possorted_bam_SJSO3:TTTACGAAGGAGCACGx-M1,Generalist_nonNE,0.1994561132075472,8
gex_possorted_bam_SJSO3:TTGTTTGGTTAGCATGx-M1,Generalist_NE,0.22454196226415088,8
gex_possorted_bam_SJSO3:TTTAGCTTCCCTGTTAx-M1,Arc_3,0.30353215094339625,13
gex_possorted_bam_SJSO3:TTTAAGCCATCAGTATx-M1,Generalist_nonNE,0.13510554716981132,3
gex_possorted_bam_SJSO3:TTTAAGCCATTAGCGCx-M1,Generalist_nonNE,0.1069229433962264,1
gex_possorted_bam_SJSO3:TTTAACCTCGATATTGx-M1,Arc_6,0.29847749056603773,13
gex_possorted_bam_SJSO3:TTTCCGGGTGATTTGGx-M1,Generalist_NE,0.16204277358490565,2
gex_possorted_bam_SJSO3:TTTGTCTAGTTATCCTx-M1,Generalist_NE,0.24711758490566038,9
gex_possorted_bam_SJSO3:TTTGTCTAGTATTGCAx-M1,Arc_4,0.12120556603773584,4
gex_possorted_bam_SJSO3:TTTGACTTCGCGCTAAx-M1,Generalist_NE,0.24976939622641506,8
gex_possorted_bam_SJSO3:TTTGCGGAGTTTGTCTx-M1,Generalist_NE,0.14509528301886793,1
gex_possorted_bam_SJSO3:TTTGTCTAGCCGCTAAx-M1,Generalist_NE,0.14509528301886793,1
gex_possorted_bam_SJSO3:TTTGGCTGTTAGCGTAx-M1,Arc_4,0.15079309433962262,6
gex_possorted_bam_SJSO3:TTTGCGGAGGTTAGAGx-M1,Generalist_NE,0.14509528301886793,1
gex_possorted_bam_SJSO3:TTTGTGAAGGTCGAGGx-M1,Generalist_nonNE,0.10843381132075473,2
gex_possorted_bam_SJSO3:TTTGCATTCTTAAGTGx-M1,Generalist_NE,0.1457062641509434,2
gex_possorted_bam_SJSO3:TTTGGTGCATGCTATGx-M1,Generalist_NE,0.19133164150943396,4
gex_possorted_bam_SJSO3:TTTCTCACAATAACGAx-M1,Generalist_NE,0.21323618867924526,6
gex_possorted_bam_SJSO3:TTTGACTTCATAGCCGx-M1,Generalist_nonNE,0.25383101886792453,12
gex_possorted_bam_SJSO3:TTTCTTGCATTTAAGCx-M1,Generalist_NE,0.2695717735849057,13
gex_possorted_bam_SJSO3:TTTGTCCCATCCCGCTx-M1,Generalist_NE,0.1696931320754717,4
gex_possorted_bam_SJSO3:TTTGGCTGTTAATGACx-M1,Generalist_NE,0.15637632075471697,1
gex_possorted_bam_SJSO3:TTTGTGAAGGTCCTAGx-M1,Arc_4,0.12461549056603774,3
gex_possorted_bam_SJSO3:TTTCGTCCATGCTTAGx-M1,Generalist_NE,0.17929403773584904,5
gex_possorted_bam_SJSO3:TTTGACCGTTGTCATCx-M1,Generalist_nonNE,0.12623239622641508,3
gex_possorted_bam_SJSO3:TTTGTGGCAGAAACGTx-M1,Generalist_NE,0.16813799999999998,4
gex_possorted_bam_SJSO3:TTTGTGTTCCCGTTGTx-M1,Generalist_NE,0.14509528301886793,1
gex_possorted_bam_SJSO3:TTTCTTGCAAGCTTTGx-M1,Generalist_NE,0.19855603773584904,9
gex_possorted_bam_SJSO3:TTTGTGAAGGTTTGACx-M1,Arc_4,0.15096260377358492,5
gex_possorted_bam_SJSO3:TTTGTGAAGTCATCCCx-M1,Arc_4,0.16384075471698112,6
gex_possorted_bam_SJSO3:TTTGTCCCATTGCGACx-M1,Generalist_NE,0.14581890566037736,2
gex_possorted_bam_SJSO3:TTTGTCTAGGAGCAACx-M1,Generalist_NE,0.14903871698113208,2
gex_possorted_bam_SJSO3:TTTGCATTCATTTGTCx-M1,Generalist_NE,0.19155943396226413,6
gex_possorted_bam_SJSO3:TTTGGCTGTAATCGTGx-M1,Arc_4,0.11337394339622642,2
gex_possorted_bam_SJSO3:TTTGGTAAGCAAACCTx-M1,Generalist_nonNE,0.14219771698113207,3
gex_possorted_bam_SJSO3:TTTGCATTCGGCCATAx-M1,Generalist_NE,0.11487462264150941,1
gex_possorted_bam_SJSO3:TTTGGTAAGGTAAGGCx-M1,Generalist_NE,0.17915990566037737,4
gex_possorted_bam_SJSO3:TTTGCATTCGGTCAATx-M1,Generalist_nonNE,0.12255694339622641,3
gex_possorted_bam_SJSO3:TTTGTCTAGTCATCCCx-M1,Arc_3,0.2605470566037736,6
gex_possorted_bam_SJSO3:TTTGACTTCCTAGTAAx-M1,Generalist_NE,0.14509528301886793,1
gex_possorted_bam_SJSO3:TTTGTCCCAATCGCACx-M1,Generalist_NE,0.12985896226415095,3
gex_possorted_bam_1WGCZ:AAATGGCCATTGTCAGx-M2,Generalist_NE,0.1485907735849057,4
gex_possorted_bam_1WGCZ:AACATTGTCTAGCGATx-M2,Arc_4,0.10126513207547168,1
gex_possorted_bam_1WGCZ:AAAGGACGTAGACAAAx-M2,Generalist_NE,0.14504686792452828,5
gex_possorted_bam_1WGCZ:AAAGCACCAATTGCGCx-M2,Arc_5,0.14323315094339623,3
gex_possorted_bam_1WGCZ:AAACCAACAAGCTTATx-M2,Arc_4,0.12988549056603774,2
gex_possorted_bam_1WGCZ:AACAGGATCAGGTCCAx-M2,Arc_6,0.13706105660377357,1
gex_possorted_bam_1WGCZ:AAAGGCTCAGCACGTTx-M2,Arc_6,0.13602581132075472,2
gex_possorted_bam_1WGCZ:AACCCGCAGCAACATCx-M2,Arc_6,0.18224377358490568,7
gex_possorted_bam_1WGCZ:AAACATGCACCTAAGCx-M2,Generalist_NE,0.20560058490566036,8
gex_possorted_bam_1WGCZ:AAAGGCTCATTGTTGGx-M2,Generalist_NE,0.17780616981132075,8
gex_possorted_bam_1WGCZ:AAATGCCTCGACCTGAx-M2,Generalist_NE,0.14044450943396225,2
gex_possorted_bam_1WGCZ:AACAAAGGTTTGACCTx-M2,Generalist_NE,0.1661271132075472,6
gex_possorted_bam_1WGCZ:AACAGCAAGTAAAGGTx-M2,Arc_6,0.20800286792452832,10
gex_possorted_bam_1WGCZ:AACCGCTCAGGAAGCCx-M2,Generalist_NE,0.1376357924528302,3
gex_possorted_bam_1WGCZ:AACAGATAGCAGGCCTx-M2,Generalist_NE,0.16493452830188676,6
gex_possorted_bam_1WGCZ:AACAGGATCGGTCAGCx-M2,Generalist_nonNE,0.1343020566037736,3
gex_possorted_bam_1WGCZ:AACCGCTCACCACAACx-M2,Arc_5,0.14179262264150946,4
gex_possorted_bam_1WGCZ:AACAGATAGGAGGTTAx-M2,Generalist_NE,0.1594467358490566,4
gex_possorted_bam_1WGCZ:AACAAAGGTTACAACGx-M2,Generalist_NE,0.14853475471698113,5
gex_possorted_bam_1WGCZ:AACCGCTCAGGCTACTx-M2,Arc_6,0.17049332075471701,7
gex_possorted_bam_1WGCZ:AAACCGAAGGAATAACx-M2,Generalist_NE,0.1869615660377358,5
gex_possorted_bam_1WGCZ:AAATGCCTCCCGCATTx-M2,Generalist_nonNE,0.12297830188679247,1
gex_possorted_bam_1WGCZ:AACCGCTCAATCCTAGx-M2,Generalist_NE,0.1335610566037736,3
gex_possorted_bam_1WGCZ:AACATTGTCTGTGAGTx-M2,Arc_1,0.1512082641509434,2
gex_possorted_bam_1WGCZ:AAAGGCTCATTTAAGCx-M2,Generalist_NE,0.1469203396226415,4
gex_possorted_bam_1WGCZ:AAACGGATCATGTTTCx-M2,Generalist_NE,0.2132858490566038,10
gex_possorted_bam_1WGCZ:AAAGGTTAGCAGGCCTx-M2,Generalist_NE,0.13602581132075472,2
gex_possorted_bam_1WGCZ:AACCGGCTCTATCGCCx-M2,Arc_1,0.11221069811320754,1
gex_possorted_bam_1WGCZ:AAACCAACAGCTTAGCx-M2,Generalist_NE,0.15239854716981133,4
gex_possorted_bam_1WGCZ:AAAGGACGTTTGTGGAx-M2,Generalist_NE,0.1334572641509434,3
gex_possorted_bam_1WGCZ:AAACGCGCATTGTCAGx-M2,Generalist_NE,0.1434991886792453,3
gex_possorted_bam_1WGCZ:AAAGCCGCAGTTTACGx-M2,Generalist_NE,0.25353235849056605,9
gex_possorted_bam_1WGCZ:AACATCATCAAGTGTCx-M2,Generalist_nonNE,0.1343020566037736,3
gex_possorted_bam_1WGCZ:AACATCATCTAAGTCAx-M2,Generalist_NE,0.14000490566037738,3
gex_possorted_bam_1WGCZ:AACCGGCTCGGTTACGx-M2,Generalist_NE,0.18565584905660382,4
gex_possorted_bam_1WGCZ:AAACCGCGTCCCGAAGx-M2,Generalist_nonNE,0.12249398113207548,3
gex_possorted_bam_1WGCZ:AACAAGCCAGCTTAGCx-M2,Arc_5,0.1483655283018868,3
gex_possorted_bam_1WGCZ:AACCGGCTCATAAGCCx-M2,Generalist_NE,0.14456777358490566,2
gex_possorted_bam_1WGCZ:AAAGGCTCACTGACCGx-M2,Generalist_NE,0.16373832075471703,7
gex_possorted_bam_1WGCZ:AAAGCCGCAGCCAGAAx-M2,Generalist_nonNE,0.12613454716981132,2
gex_possorted_bam_1WGCZ:AACAGATAGTCATCCCx-M2,Generalist_NE,0.13093422641509433,1
gex_possorted_bam_1WGCZ:AAACAGCCACAGGGACx-M2,Generalist_NE,0.13410216981132075,1
gex_possorted_bam_1WGCZ:AAACGCGCAGTAGGATx-M2,Generalist_NE,0.1329073773584906,3
gex_possorted_bam_1WGCZ:AAACGGATCCTCCCTCx-M2,Arc_6,0.26287230188679245,12
gex_possorted_bam_1WGCZ:AAACCAACATTATGACx-M2,Generalist_NE,0.14861616981132075,4
gex_possorted_bam_1WGCZ:AAATGCCTCTCACACCx-M2,Generalist_NE,0.14326184905660377,3
gex_possorted_bam_1WGCZ:AACATTGTCGATTCTTx-M2,Arc_6,0.13501711320754717,2
gex_possorted_bam_1WGCZ:AACAGATAGTTTGCGGx-M2,Arc_4,0.10927164150943396,2
gex_possorted_bam_1WGCZ:AACAGGATCCCAGTAGx-M2,Generalist_NE,0.19368801886792458,7
gex_possorted_bam_1WGCZ:AAACGGATCATTACTCx-M2,Generalist_NE,0.1767152641509434,7
gex_possorted_bam_1WGCZ:AAACGGATCCACCTGTx-M2,Arc_6,0.18885301886792455,7
gex_possorted_bam_1WGCZ:AAACGTACATGGTTATx-M2,Generalist_NE,0.17190407547169811,6
gex_possorted_bam_1WGCZ:AAAGCGGGTGGTTAGCx-M2,Generalist_NE,0.16468828301886793,4
gex_possorted_bam_1WGCZ:AAAGCTTGTTAACGGCx-M2,Generalist_NE,0.18310466037735848,8
gex_possorted_bam_1WGCZ:AACCCGCAGCTGTCAGx-M2,Arc_6,0.17797794339622644,7
gex_possorted_bam_1WGCZ:AAACCGCGTCAGTAATx-M2,Generalist_NE,0.17320603773584908,8
gex_possorted_bam_1WGCZ:AAACATGCAAGGTAACx-M2,Generalist_NE,0.16900020754716985,6
gex_possorted_bam_1WGCZ:AAAGGAGCAGGCTACTx-M2,Generalist_NE,0.17881035849056606,7
gex_possorted_bam_1WGCZ:AAAGGAGCAAGGTACGx-M2,Generalist_nonNE,0.10927164150943396,2
gex_possorted_bam_1WGCZ:AAACGGATCGATTATGx-M2,Generalist_NE,0.1300302641509434,1
gex_possorted_bam_1WGCZ:AAACGTACAGCAAATAx-M2,Generalist_NE,0.1730410566037736,5
gex_possorted_bam_1WGCZ:AAAGCGGGTCTCACTGx-M2,Generalist_NE,0.1372049622641509,3
gex_possorted_bam_1WGCZ:AACAGATAGGACCTGCx-M2,Generalist_NE,0.1692050566037736,6
gex_possorted_bam_1WGCZ:AAACGTACACCCACAGx-M2,Generalist_NE,0.13103801886792452,1
gex_possorted_bam_1WGCZ:AACAGCAAGCATGCATx-M2,Arc_1,0.1423944528301887,2
gex_possorted_bam_1WGCZ:AACAAAGGTTAAGCGCx-M2,Generalist_NE,0.18115001886792456,6
gex_possorted_bam_1WGCZ:AACAAGCCAAGGTAACx-M2,Generalist_NE,0.1336773396226415,3
gex_possorted_bam_1WGCZ:AAAGGAGCATAAACCTx-M2,Arc_5,0.13459315094339622,2
gex_possorted_bam_1WGCZ:AAACGGATCGCTATGGx-M2,Arc_4,0.14045162264150943,4
gex_possorted_bam_1WGCZ:AACAGCAAGTTAGTTGx-M2,Generalist_NE,0.18484192452830195,5
gex_possorted_bam_1WGCZ:AAACAGCCATGCATATx-M2,Generalist_NE,0.1544231886792453,5
gex_possorted_bam_1WGCZ:AAAGCACCACAACCTAx-M2,Generalist_NE,0.1470208679245283,4
gex_possorted_bam_1WGCZ:AAAGCTTGTTTAACGGx-M2,Generalist_NE,0.14645492452830192,4
gex_possorted_bam_1WGCZ:AAAGGACGTTCGGTAAx-M2,Generalist_NE,0.1919821886792453,8
gex_possorted_bam_1WGCZ:AAAGGAGCAGTGAACGx-M2,Generalist_NE,0.14621096226415095,3
gex_possorted_bam_1WGCZ:AACCGCTCAGCAAATAx-M2,Arc_6,0.16206415094339624,4
gex_possorted_bam_1WGCZ:AAAGCGGGTACCGAACx-M2,Generalist_NE,0.1336773396226415,3
gex_possorted_bam_1WGCZ:AACCGCTCAGTATGTTx-M2,Generalist_NE,0.15997788679245287,4
gex_possorted_bam_1WGCZ:AAAGGAGCACGTAAGGx-M2,Generalist_NE,0.13241781132075472,2
gex_possorted_bam_1WGCZ:AAAGGTTAGGGTCTATx-M2,Arc_4,0.1482511320754717,3
gex_possorted_bam_1WGCZ:AAACCGCGTTAGGACCx-M2,Generalist_NE,0.16326167924528304,5
gex_possorted_bam_1WGCZ:AAACATGCAGCCTAACx-M2,Arc_6,0.14061467924528304,3
gex_possorted_bam_1WGCZ:AAACCAACACATTGCAx-M2,Arc_5,0.13483488679245284,1
gex_possorted_bam_1WGCZ:AAAGGCTCAGTGAACGx-M2,Generalist_NE,0.1869615660377358,5
gex_possorted_bam_1WGCZ:AAACGTACAACAACAAx-M2,Generalist_NE,0.20735966037735848,6
gex_possorted_bam_1WGCZ:AACATTGTCATTTGTCx-M2,Generalist_NE,0.13680724528301888,2
gex_possorted_bam_1WGCZ:AAATCCGGTTGTTGCTx-M2,Arc_6,0.1439762075471698,4
gex_possorted_bam_1WGCZ:AACAAGCCACTAGCGTx-M2,Arc_5,0.19743405660377358,6
gex_possorted_bam_1WGCZ:AACATCATCGAGGAGTx-M2,Generalist_NE,0.16006288679245287,4
gex_possorted_bam_1WGCZ:AAACCAACACAGGAATx-M2,Generalist_nonNE,0.13833198113207548,3
gex_possorted_bam_1WGCZ:AACCTCCTCTCACACCx-M2,Generalist_NE,0.134913320754717,2
gex_possorted_bam_1WGCZ:AAGACCAAGGGCTAAAx-M2,Generalist_NE,0.2316666603773585,12
gex_possorted_bam_1WGCZ:AACCTAATCCAACTGGx-M2,Generalist_NE,0.16366137735849057,4
gex_possorted_bam_1WGCZ:AAGCTCCCAATCCCTTx-M2,Generalist_NE,0.13788947169811322,3
gex_possorted_bam_1WGCZ:AACCTCCTCCTCGATCx-M2,Arc_4,0.12766583018867925,2
gex_possorted_bam_1WGCZ:AACCTCCTCTCTAGCCx-M2,Generalist_NE,0.13268069811320754,1
gex_possorted_bam_1WGCZ:AACGACAAGTTATGGCx-M2,Generalist_NE,0.134913320754717,2
gex_possorted_bam_1WGCZ:AAGCATGAGGGTGAACx-M2,Generalist_NE,0.1529794150943396,4
gex_possorted_bam_1WGCZ:AACCTCACAGGACCAAx-M2,Generalist_nonNE,0.12297830188679247,1
gex_possorted_bam_1WGCZ:AAGCGCTGTCTTTATGx-M2,Generalist_NE,0.26714892452830186,12
gex_possorted_bam_1WGCZ:AACCTAATCGGGCCATx-M2,Arc_1,0.25625003773584903,8
gex_possorted_bam_1WGCZ:AAGGAAGCATAGACTTx-M2,Arc_4,0.12988549056603774,2
gex_possorted_bam_1WGCZ:AAGCTATGTTAGCGTAx-M2,Generalist_NE,0.14326184905660377,3
gex_possorted_bam_1WGCZ:AACCTAATCATCCTATx-M2,Generalist_NE,0.18515694339622643,6
gex_possorted_bam_1WGCZ:AAGCGCTGTATCTGGAx-M2,Arc_6,0.1938877169811321,8
gex_possorted_bam_1WGCZ:AAGCTATGTTCACCCAx-M2,Generalist_NE,0.151378641509434,3
gex_possorted_bam_1WGCZ:AAGACATAGAGGCTAAx-M2,Generalist_NE,0.13706105660377357,1
gex_possorted_bam_1WGCZ:AAGCCTGTCGGCCAGTx-M2,Generalist_nonNE,0.10927164150943396,2
gex_possorted_bam_1WGCZ:AACGCTAGTTCCTGTGx-M2,Generalist_NE,0.13241781132075472,2
gex_possorted_bam_1WGCZ:AACGCCCAGAGGGACTx-M2,Generalist_NE,0.1372049622641509,3
gex_possorted_bam_1WGCZ:AAGCTTGGTATTTGGGx-M2,Generalist_NE,0.13268069811320754,1
gex_possorted_bam_1WGCZ:AACCTTGCAGTTAGCCx-M2,Generalist_NE,0.22842894339622644,11
gex_possorted_bam_1WGCZ:AACGCCCAGGAGCATAx-M2,Generalist_NE,0.14570626415094343,4
gex_possorted_bam_1WGCZ:AAGACAAGTGTTGTGAx-M2,Generalist_NE,0.20899671698113206,5
gex_possorted_bam_1WGCZ:AAGCCTCCACTTCATCx-M2,Generalist_NE,0.134913320754717,2
gex_possorted_bam_1WGCZ:AACCTAATCCTTCGTAx-M2,Generalist_NE,0.13510707547169812,2
gex_possorted_bam_1WGCZ:AAGCGAGGTGTTTCACx-M2,Generalist_nonNE,0.12415594339622643,1
gex_possorted_bam_1WGCZ:AAGACAAGTTCCGCACx-M2,Arc_4,0.12249398113207548,3
gex_possorted_bam_1WGCZ:AAGACATAGGGTGAGTx-M2,Generalist_nonNE,0.12931596226415096,2
gex_possorted_bam_1WGCZ:AACTCACAGAACCTGTx-M2,Generalist_NE,0.13802333962264152,2
gex_possorted_bam_1WGCZ:AACGGTAAGTAGGATGx-M2,Generalist_nonNE,0.10646618867924527,1
gex_possorted_bam_1WGCZ:AAGCATGAGCGTGCGTx-M2,Generalist_NE,0.1309285283018868,1
gex_possorted_bam_1WGCZ:AAGCTATGTGTCCAAAx-M2,Generalist_NE,0.1834428113207547,8
gex_possorted_bam_1WGCZ:AACCTTGCAGCTCAACx-M2,Arc_6,0.14148292452830188,3
gex_possorted_bam_1WGCZ:AAGCTATGTTTGTTGCx-M2,Generalist_nonNE,0.1343020566037736,3
gex_possorted_bam_1WGCZ:AAGGATGTCTTAGGACx-M2,Generalist_NE,0.16047254716981138,5
gex_possorted_bam_1WGCZ:AACTAGCTCTTTAGGAx-M2,Generalist_NE,0.1503921132075472,4
gex_possorted_bam_1WGCZ:AAGCTAGAGAATCTCAx-M2,Generalist_NE,0.1888129811320755,7
gex_possorted_bam_1WGCZ:AAGCCACGTCACAGCGx-M2,Generalist_NE,0.19548135849056603,8
gex_possorted_bam_1WGCZ:AACTACTCACAATTACx-M2,Generalist_NE,0.14246143396226416,4
gex_possorted_bam_1WGCZ:AACTCACAGTACTGGTx-M2,Generalist_nonNE,0.10927164150943396,2
gex_possorted_bam_1WGCZ:AAGCTTGGTGGTTCTTx-M2,Generalist_NE,0.13706105660377357,1
gex_possorted_bam_1WGCZ:AAGCAAGTCCCTGTTAx-M2,Generalist_NE,0.14461541509433962,4
gex_possorted_bam_1WGCZ:AAGACAAGTGCCGCAAx-M2,Generalist_nonNE,0.13631047169811322,2
gex_possorted_bam_1WGCZ:AAGCTAGAGTAGCTTAx-M2,Generalist_NE,0.21360377358490565,10
gex_possorted_bam_1WGCZ:AAGACATAGACAAGTGx-M2,Generalist_nonNE,0.12297830188679247,1
gex_possorted_bam_1WGCZ:AAGCATGAGCCTGATGx-M2,Generalist_NE,0.13583681132075473,2
gex_possorted_bam_1WGCZ:AAGACATAGGCTGGCTx-M2,Generalist_NE,0.1308247358490566,1
gex_possorted_bam_1WGCZ:AAGCGAGGTTGCGCGAx-M2,Generalist_NE,0.1415412075471698,4
gex_possorted_bam_1WGCZ:AACCTCACAAACCTATx-M2,Arc_1,0.3904428679245283,22
gex_possorted_bam_1WGCZ:AAGCTTGGTTGGATCAx-M2,Arc_4,0.12249398113207548,3
gex_possorted_bam_1WGCZ:AAGCGCTGTTAGCTGAx-M2,Generalist_NE,0.17149949056603778,4
gex_possorted_bam_1WGCZ:AAGCGTTTCGCTCACTx-M2,Generalist_NE,0.14690477358490567,3
gex_possorted_bam_1WGCZ:AAGCCTGTCCGGTTGAx-M2,Arc_5,0.1421449245283019,4
gex_possorted_bam_1WGCZ:AAGACCAAGTAATCCAx-M2,Generalist_NE,0.13602581132075472,2
gex_possorted_bam_1WGCZ:AACTACTCACAATGCCx-M2,Generalist_NE,0.14100616981132078,4
gex_possorted_bam_1WGCZ:AAGCTAGAGCTAATTGx-M2,Generalist_NE,0.13948383018867921,2
gex_possorted_bam_1WGCZ:AAGACATAGCTGGCTAx-M2,Generalist_NE,0.13706105660377357,1
gex_possorted_bam_1WGCZ:AACGACAAGCGCTCAAx-M2,Arc_4,0.10927164150943396,2
gex_possorted_bam_1WGCZ:AACGCCCAGTAGCCATx-M2,Generalist_NE,0.13802333962264152,2
gex_possorted_bam_1WGCZ:AAGCGAATCACAGACTx-M2,Arc_1,0.15712290566037737,6
gex_possorted_bam_1WGCZ:AAGCCTCCAAGGTCCTx-M2,Generalist_NE,0.168158320754717,6
gex_possorted_bam_1WGCZ:AAGCCTTAGTGGACAAx-M2,Generalist_NE,0.1479134716981132,3
gex_possorted_bam_1WGCZ:AACCTTAAGTAGCCATx-M2,Generalist_nonNE,0.15837015094339618,4
gex_possorted_bam_1WGCZ:AAGACATAGCGGATAAx-M2,Generalist_NE,0.15317049056603774,4
gex_possorted_bam_1WGCZ:AAGCGAATCCTAATGAx-M2,Generalist_NE,0.17493762264150947,7
gex_possorted_bam_1WGCZ:AAGACATAGGTCAAAGx-M2,Arc_4,0.10126513207547168,1
gex_possorted_bam_1WGCZ:AAGCTTGGTTGAAGCCx-M2,Generalist_NE,0.2677862264150943,10
gex_possorted_bam_1WGCZ:AACCTAATCCCTCAGTx-M2,Generalist_nonNE,0.13230869811320756,2
gex_possorted_bam_1WGCZ:AAGCTTGGTGAGCACTx-M2,Generalist_NE,0.1703580377358491,6
gex_possorted_bam_1WGCZ:AAGCGGGTCCCTCGCAx-M2,Generalist_nonNE,0.10126513207547168,1
gex_possorted_bam_1WGCZ:AAGCGGGTCACACAGTx-M2,Arc_6,0.16886279245283023,6
gex_possorted_bam_1WGCZ:AACGCCCAGGCCCAGTx-M2,Generalist_NE,0.13583681132075473,2
gex_possorted_bam_1WGCZ:AACCTCACAGCACGAAx-M2,Arc_4,0.14729324528301888,5
gex_possorted_bam_1WGCZ:AAGCCTCCACTGGCTGx-M2,Generalist_NE,0.1730410566037736,5
gex_possorted_bam_1WGCZ:AAGCGAATCCTAGTCCx-M2,Generalist_NE,0.13859103773584908,2
gex_possorted_bam_1WGCZ:AAGACCAAGGAACGCGx-M2,Arc_4,0.12297830188679247,1
gex_possorted_bam_1WGCZ:AACGCTAGTATTGCAGx-M2,Generalist_NE,0.13706105660377357,1
gex_possorted_bam_1WGCZ:AACTGTTCATCCTAGAx-M2,Generalist_NE,0.1925571886792453,6
gex_possorted_bam_1WGCZ:AACGCCCAGCGGGCAAx-M2,Generalist_NE,0.13013405660377358,1
gex_possorted_bam_1WGCZ:AAGCGAATCCCTGACTx-M2,Generalist_NE,0.13093422641509433,1
gex_possorted_bam_1WGCZ:AAGCAAGTCGGGACTCx-M2,Generalist_NE,0.1661430188679245,3
gex_possorted_bam_1WGCZ:AAGCTAGAGCACAGGGx-M2,Generalist_NE,0.15815122641509435,3
gex_possorted_bam_1WGCZ:AATCATCCACTAAGAAx-M2,Generalist_NE,0.14427130188679244,3
gex_possorted_bam_1WGCZ:AATGCGCGTCCCGGAAx-M2,Generalist_NE,0.19430241509433965,8
gex_possorted_bam_1WGCZ:AATTAGCGTCCACAAAx-M2,Arc_4,0.12263977358490566,3
gex_possorted_bam_1WGCZ:AATAGCTGTGATTTGGx-M2,Arc_4,0.12249398113207548,3
gex_possorted_bam_1WGCZ:AATTAGGCATGTTGCAx-M2,Arc_4,0.11800416981132075,1
gex_possorted_bam_1WGCZ:AATTAGCGTAGCTAATx-M2,Generalist_nonNE,0.12988549056603774,2
gex_possorted_bam_1WGCZ:AATGCAACATGGCCTGx-M2,Generalist_NE,0.1424562641509434,4
gex_possorted_bam_1WGCZ:AATCATGTCGTCCTTAx-M2,Generalist_nonNE,0.168407,5
gex_possorted_bam_1WGCZ:AAGTGTTGTGAGCAAGx-M2,Generalist_NE,0.16537024528301889,5
gex_possorted_bam_1WGCZ:AATCATGTCATTAGGCx-M2,Arc_4,0.12249398113207548,3
gex_possorted_bam_1WGCZ:AATTACCCAGCTAACCx-M2,Generalist_NE,0.14621528301886794,5
gex_possorted_bam_1WGCZ:AATACCGGTAAGCTTGx-M2,Generalist_NE,0.22842894339622644,11
gex_possorted_bam_1WGCZ:AATCTTGAGGTCAAAGx-M2,Generalist_nonNE,0.12297830188679247,1
gex_possorted_bam_1WGCZ:AATCTTGAGGAAGCTAx-M2,Arc_5,0.13777890566037737,2
gex_possorted_bam_1WGCZ:AATCCTAAGGTTAGAGx-M2,Arc_6,0.19343647169811323,10
gex_possorted_bam_1WGCZ:AAGTTTGTCCCGCCTAx-M2,Generalist_NE,0.13802333962264152,2
gex_possorted_bam_1WGCZ:AATATCCCATAGCAGGx-M2,Generalist_NE,0.21001460377358486,6
gex_possorted_bam_1WGCZ:AAGTCTATCCATTACTx-M2,Generalist_NE,0.1804384339622642,7
gex_possorted_bam_1WGCZ:AAGGTATAGCTCAAACx-M2,Generalist_NE,0.17216888679245285,7
gex_possorted_bam_1WGCZ:AATATCCCAGGAATCGx-M2,Arc_6,0.17594645283018873,5
gex_possorted_bam_1WGCZ:AAGTTAGCAGAAACGTx-M2,Generalist_NE,0.13802333962264152,2
gex_possorted_bam_1WGCZ:AATGCAACAGCTCATAx-M2,Generalist_NE,0.1425719433962264,3
gex_possorted_bam_1WGCZ:AATCCATCAAGGTATAx-M2,Generalist_NE,0.1591135094339623,4
gex_possorted_bam_1WGCZ:AATTACCCAAGGTATAx-M2,Generalist_NE,0.19391933962264152,4
gex_possorted_bam_1WGCZ:AATCCGTAGTGCTGTGx-M2,Generalist_NE,0.22703937735849056,8
gex_possorted_bam_1WGCZ:AAGTAGCCATCATGGCx-M2,Arc_5,0.14740324528301887,2
gex_possorted_bam_1WGCZ:AATATCCCAGTAATAGx-M2,Generalist_NE,0.14467215094339622,2
gex_possorted_bam_1WGCZ:AATCTTGAGCAAGACAx-M2,Generalist_nonNE,0.12171228301886793,1
gex_possorted_bam_1WGCZ:AAGTGTTGTTTGGTTCx-M2,Arc_6,0.17916250943396228,5
gex_possorted_bam_1WGCZ:AATGGCGCACTTAACGx-M2,Generalist_NE,0.16444654716981133,5
gex_possorted_bam_1WGCZ:AATCCTAAGCGATAGAx-M2,Generalist_NE,0.15590143396226416,4
gex_possorted_bam_1WGCZ:AATGAAGGTTTAACCCx-M2,Generalist_NE,0.13824358490566035,1
gex_possorted_bam_1WGCZ:AATAGCTGTAATTAGCx-M2,Generalist_NE,0.22776122641509433,11
gex_possorted_bam_1WGCZ:AATGCAACAGGCCTTGx-M2,Generalist_NE,0.13878083018867926,3
gex_possorted_bam_1WGCZ:AAGGTGCAGCCTCTGTx-M2,Generalist_NE,0.1470208679245283,4
gex_possorted_bam_1WGCZ:AATGTCATCACGAATCx-M2,Generalist_NE,0.1415379245283019,3
gex_possorted_bam_1WGCZ:AATAGAGGTCATTGAGx-M2,Generalist_nonNE,0.10927164150943396,2
gex_possorted_bam_1WGCZ:AAGTGAAGTGATTACGx-M2,Generalist_nonNE,0.12249398113207548,3
gex_possorted_bam_1WGCZ:AATCAGGAGCCTCTGTx-M2,Arc_4,0.1343020566037736,3
gex_possorted_bam_1WGCZ:AATAGAGGTTGAGGTCx-M2,Generalist_NE,0.1327701132075472,2
gex_possorted_bam_1WGCZ:AAGTTACGTACCGGATx-M2,Generalist_NE,0.1377821886792453,3
gex_possorted_bam_1WGCZ:AAGTGTTGTCATTACCx-M2,Generalist_NE,0.17472401886792455,6
gex_possorted_bam_1WGCZ:AATCAGGAGTGATTCAx-M2,Arc_1,0.21610337735849053,10
gex_possorted_bam_1WGCZ:AATCTCAAGGGATGACx-M2,Generalist_NE,0.1405339245283019,3
gex_possorted_bam_1WGCZ:AATGTCATCCAATTAGx-M2,Arc_6,0.13802333962264152,2
gex_possorted_bam_1WGCZ:AAGGTGCAGCCGCAACx-M2,Generalist_NE,0.19219090566037736,8
gex_possorted_bam_1WGCZ:AAGGTATAGGAGCAACx-M2,Generalist_NE,0.1327701132075472,2
gex_possorted_bam_1WGCZ:AAGTGCAAGGACCTCAx-M2,Generalist_NE,0.19847949056603778,8
gex_possorted_bam_1WGCZ:AATAACCGTGCAACTAx-M2,Generalist_NE,0.20675601886792452,6
gex_possorted_bam_1WGCZ:AATCCTAAGATGCCTGx-M2,Generalist_NE,0.1359406037735849,2
gex_possorted_bam_1WGCZ:AATGGCGCACCTGGTGx-M2,Arc_6,0.14010869811320756,3
gex_possorted_bam_1WGCZ:AATGCAACATCTAGCAx-M2,Arc_4,0.10927164150943396,2
gex_possorted_bam_1WGCZ:AATGCGCGTTTCGCCAx-M2,Generalist_NE,0.1309805283018868,1
gex_possorted_bam_1WGCZ:AATGCAACAACCTGGTx-M2,Generalist_NE,0.14000490566037738,3
gex_possorted_bam_1WGCZ:AAGGTGCAGCCTGATGx-M2,Arc_5,0.14451101886792453,4
gex_possorted_bam_1WGCZ:AAGGTCAAGGCAACAAx-M2,Generalist_NE,0.16931222641509433,6
gex_possorted_bam_1WGCZ:AATCCGTAGCTATTAGx-M2,Arc_5,0.16439496226415093,4
gex_possorted_bam_1WGCZ:AAGTTTGTCGCTAGATx-M2,Generalist_NE,0.1349454528301887,2
gex_possorted_bam_1WGCZ:AATCATGTCTAAGGTCx-M2,Arc_1,0.16213635849056604,4
gex_possorted_bam_1WGCZ:AATCCTAAGTGTTGCGx-M2,Generalist_nonNE,0.10426360377358489,1
gex_possorted_bam_1WGCZ:AATTAGGCATCATGTGx-M2,Arc_1,0.15312469811320756,4
gex_possorted_bam_1WGCZ:AAGTCTATCGAGGAGTx-M2,Generalist_NE,0.202364320754717,5
gex_possorted_bam_1WGCZ:AATTAGCGTTTGGCTTx-M2,Arc_6,0.19259896226415096,6
gex_possorted_bam_1WGCZ:AATCGCCCAGTTATCGx-M2,Generalist_nonNE,0.10927164150943396,2
gex_possorted_bam_1WGCZ:AAGGCCCTCGATTATGx-M2,Generalist_NE,0.14000490566037738,3
gex_possorted_bam_1WGCZ:AAGGATTAGGCGCTACx-M2,Generalist_NE,0.21042509433962261,6
gex_possorted_bam_1WGCZ:AATCCCTGTTAACGGCx-M2,Generalist_NE,0.1372049622641509,3
gex_possorted_bam_1WGCZ:AATCATCCACCCACAGx-M2,Generalist_NE,0.13469324528301888,2
gex_possorted_bam_1WGCZ:AAGTAGCCATTGTTGGx-M2,Generalist_NE,0.1656605283018868,5
gex_possorted_bam_1WGCZ:AATTAGCGTCTAACCTx-M2,Arc_6,0.18890039622641516,6
gex_possorted_bam_1WGCZ:AATCCGTAGGGTTAGAx-M2,Arc_1,0.12912388679245282,3
gex_possorted_bam_1WGCZ:AATCTCAAGGAAGTATx-M2,Generalist_NE,0.2993206603773585,15
gex_possorted_bam_1WGCZ:AAGTGAAGTTTGCTGTx-M2,Generalist_NE,0.1252777735849057,0
gex_possorted_bam_1WGCZ:AATTACCCACCCACCTx-M2,Generalist_NE,0.18622337735849062,7
gex_possorted_bam_1WGCZ:AAGGTGCAGCGCAATTx-M2,Arc_3,0.1862601886792453,9
gex_possorted_bam_1WGCZ:AATAACCGTTGCTGGGx-M2,Arc_3,0.14869996226415094,3
gex_possorted_bam_1WGCZ:AAGTCTATCGTTAGTAx-M2,Generalist_NE,0.19206300000000004,7
gex_possorted_bam_1WGCZ:AATTAGGCATGAGCAGx-M2,Generalist_nonNE,0.13833198113207548,3
gex_possorted_bam_1WGCZ:AAGGTGCAGGCGGGTAx-M2,Generalist_NE,0.26417683018867927,11
gex_possorted_bam_1WGCZ:AATATCCCATAATGAGx-M2,Arc_6,0.16206415094339624,4
gex_possorted_bam_1WGCZ:AATGTCCAGCCATCAGx-M2,Generalist_NE,0.13602581132075472,2
gex_possorted_bam_1WGCZ:AAGTAGCCATTTAAGCx-M2,Arc_2,0.13562050943396226,3
gex_possorted_bam_1WGCZ:AATCTTGAGAATGACGx-M2,Generalist_NE,0.13785733962264152,3
gex_possorted_bam_1WGCZ:AATGCAACAATTAGGAx-M2,Generalist_NE,0.13860401886792453,1
gex_possorted_bam_1WGCZ:AATAGCTGTTAGACCAx-M2,Generalist_NE,0.14869996226415094,3
gex_possorted_bam_1WGCZ:AATTTGGTCATTAGTGx-M2,Generalist_NE,0.13093422641509433,1
gex_possorted_bam_1WGCZ:ACAAACTGTAAAGCGGx-M2,Generalist_NE,0.20621164150943394,7
gex_possorted_bam_1WGCZ:AATTGCTCACAATGCCx-M2,Arc_6,0.18233118867924533,6
gex_possorted_bam_1WGCZ:ACAGGATCATCGCTCCx-M2,Generalist_NE,0.1381424528301887,3
gex_possorted_bam_1WGCZ:ACATCATCATGAATAGx-M2,Generalist_NE,0.1424681509433962,3
gex_possorted_bam_1WGCZ:ACATTGCAGCCGCAACx-M2,Generalist_NE,0.1316233396226415,2
gex_possorted_bam_1WGCZ:ACACGGACACGAATCCx-M2,Generalist_NE,0.22842894339622644,11
gex_possorted_bam_1WGCZ:AATTGTGTCGTAACGTx-M2,Generalist_NE,0.14801322641509435,3
gex_possorted_bam_1WGCZ:AATTTCCTCGTCAAGTx-M2,Generalist_nonNE,0.12297830188679247,1
gex_possorted_bam_1WGCZ:ACACTTAAGTCACTAAx-M2,Arc_1,0.12940433962264153,2
gex_possorted_bam_1WGCZ:ACAGCGCTCCTAGTTTx-M2,Generalist_NE,0.16479884905660377,5
gex_possorted_bam_1WGCZ:ACATCATCATCCCTCAx-M2,Generalist_NE,0.134913320754717,2
gex_possorted_bam_1WGCZ:ACATTAGTCGCTAAACx-M2,Arc_6,0.1546042641509434,4
gex_possorted_bam_1WGCZ:ACAACACTCCACCCTGx-M2,Generalist_NE,0.1395694716981132,3
gex_possorted_bam_1WGCZ:ACACTAGGTAGTTGGCx-M2,Generalist_NE,0.16173283018867923,5
gex_possorted_bam_1WGCZ:ACCAAACTCTTGACCCx-M2,Generalist_NE,0.14437369811320755,4
gex_possorted_bam_1WGCZ:AATTTGCCAGGCAAGCx-M2,Generalist_NE,0.14051088679245283,3
gex_possorted_bam_1WGCZ:AATTGCCAGCTGGAAAx-M2,Arc_6,0.14570626415094343,4
gex_possorted_bam_1WGCZ:ACACAATGTGTGTCCCx-M2,Generalist_NE,0.23601615094339617,8
gex_possorted_bam_1WGCZ:AATTTCCTCGTTATAGx-M2,Arc_5,0.1406414339622642,2
gex_possorted_bam_1WGCZ:AATTGTGTCATCGTTTx-M2,Arc_1,0.1332879811320755,2
gex_possorted_bam_1WGCZ:ACACTTAAGCTTAGCGx-M2,Generalist_NE,0.14018162264150943,3
gex_possorted_bam_1WGCZ:AATTGGGAGCGCTCAAx-M2,Generalist_nonNE,0.12470732075471698,2
gex_possorted_bam_1WGCZ:ACAGCCGGTGATTACGx-M2,Generalist_nonNE,0.12470732075471698,2
gex_possorted_bam_1WGCZ:ACAACAGAGGATGATGx-M2,Generalist_nonNE,0.111241,3
gex_possorted_bam_1WGCZ:ACATAGCTCGTCAAGTx-M2,Arc_5,0.14930173584905662,4
gex_possorted_bam_1WGCZ:ACCAAACTCTCACATTx-M2,Generalist_nonNE,0.13620064150943398,2
gex_possorted_bam_1WGCZ:ACAACAGAGGCTACTGx-M2,Arc_4,0.12249398113207548,3
gex_possorted_bam_1WGCZ:ACACTTGCATTAGCCAx-M2,Generalist_NE,0.13901886792452828,2
gex_possorted_bam_1WGCZ:AATTGCCAGCCTGTGAx-M2,Generalist_NE,0.14770226415094337,2
gex_possorted_bam_1WGCZ:AATTTGGTCCCGTTTAx-M2,Generalist_NE,0.1344825849056604,1
gex_possorted_bam_1WGCZ:ACAACATGTATCTGGAx-M2,Generalist_NE,0.1552600754716981,3
gex_possorted_bam_1WGCZ:AATTTGGTCCCTCTAAx-M2,Generalist_NE,0.1479137169811321,4
gex_possorted_bam_1WGCZ:ACACGGACAGCAGGTAx-M2,Generalist_NE,0.12980203773584906,2
gex_possorted_bam_1WGCZ:AATTGCCAGCCTGAGCx-M2,Arc_6,0.15538054716981134,2
gex_possorted_bam_1WGCZ:ACATTAGTCTTGTCCAx-M2,Arc_6,0.21480950943396226,8
gex_possorted_bam_1WGCZ:ACACGGACATTAAGTCx-M2,Generalist_NE,0.1443743396226415,3
gex_possorted_bam_1WGCZ:AATTGTGTCTCAATAGx-M2,Arc_4,0.1239657358490566,3
gex_possorted_bam_1WGCZ:AATTGGGAGTGCACGCx-M2,Generalist_NE,0.13870447169811323,3
gex_possorted_bam_1WGCZ:AATTGGACAGGCGAGTx-M2,Generalist_NE,0.3597606603773584,17
gex_possorted_bam_1WGCZ:ACAAAGGTCATGTCAAx-M2,Arc_6,0.14814162264150943,4
gex_possorted_bam_1WGCZ:ACACAATGTTCACCCAx-M2,Generalist_NE,0.14773767924528303,2
gex_possorted_bam_1WGCZ:ACATCAATCGTTACAAx-M2,Generalist_NE,0.18007169811320756,6
gex_possorted_bam_1WGCZ:ACAGGATCAATGCCCGx-M2,Generalist_NE,0.15752535849056606,3
gex_possorted_bam_1WGCZ:ACAGGTAAGCGCATTGx-M2,Generalist_NE,0.14603975471698113,3
gex_possorted_bam_1WGCZ:AATTGGACATGTTGTGx-M2,Generalist_NE,0.15672749056603774,5
gex_possorted_bam_1WGCZ:ACAAAGGTCACTAGGTx-M2,Generalist_NE,0.1494137924528302,4
gex_possorted_bam_1WGCZ:AATTGCCAGTTCCTCAx-M2,Generalist_NE,0.14403232075471697,3
gex_possorted_bam_1WGCZ:ACAACACTCCGCATGAx-M2,Generalist_NE,0.13706105660377357,1
gex_possorted_bam_1WGCZ:AATTGGACAGCAGGTAx-M2,Generalist_NE,0.1348081320754717,2
gex_possorted_bam_1WGCZ:ACAGGAATCGGTACGCx-M2,Generalist_NE,0.13365669811320757,2
gex_possorted_bam_1WGCZ:AATTGGACAGATTCATx-M2,Arc_5,0.1592877169811321,4
gex_possorted_bam_1WGCZ:ACCAAACTCGCATTAAx-M2,Generalist_NE,0.13560756603773585,2
gex_possorted_bam_1WGCZ:ACAACAACACTATGGCx-M2,Generalist_NE,0.25420994339622643,9
gex_possorted_bam_1WGCZ:ACAGGTAAGTCTTGAAx-M2,Arc_6,0.17553401886792455,6
gex_possorted_bam_1WGCZ:AATTGGACACCAACCGx-M2,Arc_4,0.10126513207547168,1
gex_possorted_bam_1WGCZ:ACAACACTCCTGGCTTx-M2,Arc_6,0.18069098113207552,5
gex_possorted_bam_1WGCZ:ACAGGTAAGGATGATGx-M2,Generalist_NE,0.1502917924528302,5
gex_possorted_bam_1WGCZ:ACATAGCTCCTTGCGTx-M2,Generalist_NE,0.13501711320754717,2
gex_possorted_bam_1WGCZ:AATTGCTCACCCACCTx-M2,Generalist_NE,0.16045524528301885,5
gex_possorted_bam_1WGCZ:AATTGTGTCGGGACTCx-M2,Generalist_NE,0.162423641509434,4
gex_possorted_bam_1WGCZ:ACATCATCAATCCCTTx-M2,Generalist_NE,0.16559032075471702,5
gex_possorted_bam_1WGCZ:ACAGGCTGTAATCGTGx-M2,Generalist_NE,0.14915498113207548,4
gex_possorted_bam_1WGCZ:ACAACAACATGCAACCx-M2,Arc_4,0.10927164150943396,2
gex_possorted_bam_1WGCZ:ACACCTTGTAACAGGGx-M2,Generalist_NE,0.15162281132075472,4
gex_possorted_bam_1WGCZ:ACAGTATGTTAACACGx-M2,Generalist_NE,0.13501711320754717,2
gex_possorted_bam_1WGCZ:AATTTGGTCATTACTCx-M2,Arc_4,0.10927164150943396,2
gex_possorted_bam_1WGCZ:ACAGGCTGTATACTGGx-M2,Generalist_nonNE,0.12249398113207548,3
gex_possorted_bam_1WGCZ:ACATTGCAGGCTTAGTx-M2,Generalist_NE,0.13386322641509435,1
gex_possorted_bam_1WGCZ:ACACTAGGTTCCGGCTx-M2,Arc_4,0.1343020566037736,3
gex_possorted_bam_1WGCZ:ACACCTTGTGGCTTCCx-M2,Generalist_nonNE,0.1343020566037736,3
gex_possorted_bam_1WGCZ:ACACCTTGTAATGGCCx-M2,Generalist_NE,0.1349454528301887,2
gex_possorted_bam_1WGCZ:ACACTTAAGGAAGCTAx-M2,Generalist_NE,0.22842894339622644,11
gex_possorted_bam_1WGCZ:ACAGTATGTCTTGCATx-M2,Generalist_NE,0.2234704716981132,9
gex_possorted_bam_1WGCZ:ACACTAGGTCCGCTGTx-M2,Arc_1,0.17267818867924525,6
gex_possorted_bam_1WGCZ:AATTGGACAAACCTTGx-M2,Generalist_NE,0.24686150943396223,12
gex_possorted_bam_1WGCZ:ACACGGACATGGCCTGx-M2,Generalist_NE,0.2618215471698113,8
gex_possorted_bam_1WGCZ:ACACTTGCACAATTACx-M2,Generalist_NE,0.15805860377358494,3
gex_possorted_bam_1WGCZ:ACCAAGCGTGTAATACx-M2,Generalist_nonNE,0.15266769811320755,4
gex_possorted_bam_1WGCZ:AATTCGTCAGGAATCGx-M2,Generalist_NE,0.15042977358490567,3
gex_possorted_bam_1WGCZ:ACACTTGCAAGGACCAx-M2,Arc_6,0.1820665849056604,8
gex_possorted_bam_1WGCZ:ACATTGCAGCTCAATAx-M2,Generalist_NE,0.30507505660377365,14
gex_possorted_bam_1WGCZ:ACCAAACTCATTAGTGx-M2,Generalist_nonNE,0.1343020566037736,3
gex_possorted_bam_1WGCZ:AATTGCCAGTCTTGAAx-M2,Generalist_NE,0.1334572641509434,3
gex_possorted_bam_1WGCZ:ACCAAGTTCTAACCTTx-M2,Generalist_NE,0.14449213207547168,3
gex_possorted_bam_1WGCZ:ACCTACCTCCGTCCATx-M2,Generalist_NE,0.1357141320754717,3
gex_possorted_bam_1WGCZ:ACCTGTTGTCAAGTGCx-M2,Arc_6,0.14000490566037738,3
gex_possorted_bam_1WGCZ:ACCAGCTCACTAAGCCx-M2,Arc_6,0.1386723396226415,3
gex_possorted_bam_1WGCZ:ACCCAGGGTAGTTAACx-M2,Arc_1,0.18239435849056607,4
gex_possorted_bam_1WGCZ:ACCCTGTTCCCGAACAx-M2,Arc_1,0.4109978867924528,23
gex_possorted_bam_1WGCZ:ACCGAAGCAGCACCATx-M2,Generalist_NE,0.13469324528301888,2
gex_possorted_bam_1WGCZ:ACCTTCCAGCGCTCAAx-M2,Generalist_nonNE,0.12297830188679247,1
gex_possorted_bam_1WGCZ:ACGAACAAGGCTGTGCx-M2,Generalist_NE,0.1334572641509434,3
gex_possorted_bam_1WGCZ:ACCCTGTTCGGCTATGx-M2,Generalist_NE,0.19750415094339627,8
gex_possorted_bam_1WGCZ:ACCTCACTCCAAACACx-M2,Generalist_NE,0.143161320754717,3
gex_possorted_bam_1WGCZ:ACCACACCAATTAACCx-M2,Arc_1,0.20489122641509433,6
gex_possorted_bam_1WGCZ:ACCTCACTCCTGTTCAx-M2,Arc_4,0.12988549056603774,2
gex_possorted_bam_1WGCZ:ACCGGTTCATATAACCx-M2,Arc_1,0.13617683018867924,3
gex_possorted_bam_1WGCZ:ACCCGGTAGGTCCAATx-M2,Generalist_nonNE,0.12470732075471698,2
gex_possorted_bam_1WGCZ:ACGAATCTCACCTGCTx-M2,Arc_4,0.10927164150943396,2
gex_possorted_bam_1WGCZ:ACCAAGTTCATTAGCAx-M2,Arc_4,0.12713516981132075,4
gex_possorted_bam_1WGCZ:ACCTTCCAGGACCGCTx-M2,Generalist_NE,0.15640681132075474,3
gex_possorted_bam_1WGCZ:ACCAATATCCCTGATCx-M2,Generalist_nonNE,0.1389164528301887,4
gex_possorted_bam_1WGCZ:ACCCGTAAGCTTATGAx-M2,Arc_5,0.1361296037735849,2
gex_possorted_bam_1WGCZ:ACCAGCTCACTCGCTCx-M2,Generalist_NE,0.1984372641509434,5
gex_possorted_bam_1WGCZ:ACCTTGCTCCTCATGCx-M2,Arc_4,0.10927164150943396,2
gex_possorted_bam_1WGCZ:ACCTACCTCTAGCGATx-M2,Generalist_NE,0.1421611886792453,4
gex_possorted_bam_1WGCZ:ACCAGGCTCTAGCGTGx-M2,Arc_5,0.15752535849056606,3
gex_possorted_bam_1WGCZ:ACCGGTTCAAGATTCTx-M2,Generalist_NE,0.16167349056603775,3
gex_possorted_bam_1WGCZ:ACCCAACCACATTGCAx-M2,Arc_6,0.19564262264150947,7
gex_possorted_bam_1WGCZ:ACCTGTTGTGTTGTAGx-M2,Generalist_NE,0.16882981132075475,6
gex_possorted_bam_1WGCZ:ACCTAAGGTTGGTTCTx-M2,Arc_1,0.10927164150943396,2
gex_possorted_bam_1WGCZ:ACCATAATCCTAATTCx-M2,Arc_6,0.1386723396226415,3
gex_possorted_bam_1WGCZ:ACCTTGCTCTAACCTTx-M2,Generalist_NE,0.15752535849056606,3
gex_possorted_bam_1WGCZ:ACCAGGACAGATTCATx-M2,Generalist_NE,0.13459315094339622,2
gex_possorted_bam_1WGCZ:ACCTAAATCAAATCGCx-M2,Generalist_NE,0.1424562641509434,4
gex_possorted_bam_1WGCZ:ACCTAAGGTACCGAACx-M2,Generalist_NE,0.14560247169811322,4
gex_possorted_bam_1WGCZ:ACCTTCATCCCTGATCx-M2,Generalist_NE,0.13602581132075472,2
gex_possorted_bam_1WGCZ:ACCTGTTGTAGGTTATx-M2,Arc_4,0.10927164150943396,2
gex_possorted_bam_1WGCZ:ACCTTGCTCTAACCAAx-M2,Generalist_NE,0.134913320754717,2
gex_possorted_bam_1WGCZ:ACCGGTTCAAAGCGCAx-M2,Generalist_NE,0.152246,5
gex_possorted_bam_1WGCZ:ACCATAATCCACCTTAx-M2,Generalist_NE,0.17483000000000004,7
gex_possorted_bam_1WGCZ:ACCGGTTCAATTGACTx-M2,Generalist_NE,0.22842894339622644,11
gex_possorted_bam_1WGCZ:ACCTGGTCAGGGAGGAx-M2,Arc_1,0.12333552830188681,3
gex_possorted_bam_1WGCZ:ACCTTGCTCTCACACCx-M2,Generalist_nonNE,0.12766583018867925,2
gex_possorted_bam_1WGCZ:ACCAGGGAGTTTCCGCx-M2,Generalist_NE,0.1949426603773585,10
gex_possorted_bam_1WGCZ:ACCTGGATCGAGCTATx-M2,Generalist_NE,0.13602581132075472,2
gex_possorted_bam_1WGCZ:ACCAGGCTCCCTGACTx-M2,Generalist_NE,0.1653075660377359,6
gex_possorted_bam_1WGCZ:ACCTGGTCAGTTTACGx-M2,Generalist_NE,0.13644347169811322,4
gex_possorted_bam_1WGCZ:ACCAGGGAGCAAGACAx-M2,Generalist_NE,0.22895292452830188,11
gex_possorted_bam_1WGCZ:ACCCTCCCATTGTGATx-M2,Generalist_NE,0.14051088679245283,3
gex_possorted_bam_1WGCZ:ACCAGGCTCCGGTTAGx-M2,Generalist_NE,0.12969824528301888,2
gex_possorted_bam_1WGCZ:ACCTGTTGTTAGGCTAx-M2,Generalist_NE,0.275746679245283,13
gex_possorted_bam_1WGCZ:ACCACATAGCAACATCx-M2,Generalist_NE,0.13824358490566035,1
gex_possorted_bam_1WGCZ:ACGAAGTCAAATACCTx-M2,Arc_5,0.13706105660377357,1
gex_possorted_bam_1WGCZ:ACCAGGCTCTAGCGATx-M2,Generalist_NE,0.1300302641509434,1
gex_possorted_bam_1WGCZ:ACCTGGTCATGCTTAGx-M2,Arc_6,0.14010869811320756,3
gex_possorted_bam_1WGCZ:ACCCTGTTCCTACCTAx-M2,Generalist_nonNE,0.1504086603773585,4
gex_possorted_bam_1WGCZ:ACCACATAGTATTGTGx-M2,Generalist_NE,0.14781381132075472,3
gex_possorted_bam_1WGCZ:ACCAGGCTCGCTATGGx-M2,Generalist_NE,0.1433976603773585,5
gex_possorted_bam_1WGCZ:ACCTTGTGTCAGGCATx-M2,Generalist_NE,0.13283628301886793,1
gex_possorted_bam_1WGCZ:ACCTTCCAGCACTTGGx-M2,Generalist_NE,0.1517592830188679,3
gex_possorted_bam_1WGCZ:ACCTGGATCAGGATGAx-M2,Generalist_nonNE,0.15079309433962262,6
gex_possorted_bam_1WGCZ:ACCTTGTGTAGCCTCCx-M2,Arc_3,0.17261049056603778,6
gex_possorted_bam_1WGCZ:ACCCAACCACAGAAACx-M2,Arc_4,0.12879743396226415,3
gex_possorted_bam_1WGCZ:ACCTAAATCCTGGTCTx-M2,Generalist_NE,0.13366856603773586,1
gex_possorted_bam_1WGCZ:ACCACATAGGCATGAAx-M2,Arc_6,0.14061467924528304,3
gex_possorted_bam_1WGCZ:ACCCAGGGTGATTACGx-M2,Generalist_NE,0.13376292452830188,2
gex_possorted_bam_1WGCZ:ACCTAAGGTACCAGGTx-M2,Generalist_NE,0.2022251320754717,6
gex_possorted_bam_1WGCZ:ACCGAAGCAAAGCGGCx-M2,Generalist_nonNE,0.1427485471698113,4
gex_possorted_bam_1WGCZ:ACCTTCATCAGGATGAx-M2,Arc_4,0.12249398113207548,3
gex_possorted_bam_1WGCZ:ACCATAATCCCTCAACx-M2,Arc_4,0.10927164150943396,2
gex_possorted_bam_1WGCZ:ACCCAACCATTATGCGx-M2,Generalist_NE,0.13241781132075472,2
gex_possorted_bam_1WGCZ:ACGAATCTCTAGCGATx-M2,Generalist_NE,0.19340481132075477,7
gex_possorted_bam_1WGCZ:ACCAGGACATAATTGCx-M2,Generalist_NE,0.1652664528301887,5
gex_possorted_bam_1WGCZ:ACCAATATCGCCTGTTx-M2,Generalist_NE,0.15372609433962267,4
gex_possorted_bam_1WGCZ:ACCCAACCAATGAATGx-M2,Arc_6,0.18196279245283023,8
gex_possorted_bam_1WGCZ:ACCATTAAGCTGTAACx-M2,Generalist_nonNE,0.13833198113207548,3
gex_possorted_bam_1WGCZ:ACCCGGTAGTAGCTTAx-M2,Generalist_NE,0.14100616981132078,4
gex_possorted_bam_1WGCZ:ACCACACCATGTTGTGx-M2,Generalist_nonNE,0.13257669811320755,4
gex_possorted_bam_1WGCZ:ACCTCACTCAATCTCTx-M2,Arc_6,0.18054716981132077,8
gex_possorted_bam_1WGCZ:ACCTAAGGTAGGTGTCx-M2,Arc_5,0.14666475471698115,3
gex_possorted_bam_1WGCZ:ACCGGTTCATCGTTCTx-M2,Arc_6,0.13706105660377357,1
gex_possorted_bam_1WGCZ:ACCTTGTGTCGCATAAx-M2,Generalist_NE,0.17335907547169813,7
gex_possorted_bam_1WGCZ:ACCTTCATCAATAGCCx-M2,Arc_6,0.19206907547169813,7
gex_possorted_bam_1WGCZ:ACCTGTTGTACAAAGAx-M2,Generalist_NE,0.17729820754716982,5
gex_possorted_bam_1WGCZ:ACCTGGATCACAGGAAx-M2,Generalist_NE,0.1377821886792453,3
gex_possorted_bam_1WGCZ:ACGAGTAAGGGTTAGAx-M2,Arc_1,0.12288992452830189,1
gex_possorted_bam_1WGCZ:ACGTCCAAGCTATTGAx-M2,Generalist_NE,0.14488335849056605,5
gex_possorted_bam_1WGCZ:ACGCAAGCATAAGTCTx-M2,Generalist_nonNE,0.1482511320754717,3
gex_possorted_bam_1WGCZ:ACGTTACAGGGATGACx-M2,Generalist_NE,0.16318309433962264,5
gex_possorted_bam_1WGCZ:ACTGAATGTGGATTCAx-M2,Arc_4,0.10126513207547168,1
gex_possorted_bam_1WGCZ:ACGTTACAGGAGGTTAx-M2,Arc_6,0.12969824528301888,2
gex_possorted_bam_1WGCZ:ACTATGTCACAGGATGx-M2,Generalist_NE,0.1620257924528302,3
gex_possorted_bam_1WGCZ:ACGGTACGTAAGCTCAx-M2,Generalist_NE,0.1308247358490566,1
gex_possorted_bam_1WGCZ:ACGGTACGTCATTGAGx-M2,Generalist_NE,0.13706105660377357,1
gex_possorted_bam_1WGCZ:ACTCACTGTTGAAGCCx-M2,Arc_6,0.16537024528301889,5
gex_possorted_bam_1WGCZ:ACGGTACGTATTGGATx-M2,Arc_4,0.10927164150943396,2
gex_possorted_bam_1WGCZ:ACGTCAAGTCCTAATCx-M2,Generalist_NE,0.17361498113207552,6
gex_possorted_bam_1WGCZ:ACGTCAAGTACTGAATx-M2,Generalist_NE,0.12870845283018867,1
gex_possorted_bam_1WGCZ:ACTCACCTCCGCAAGCx-M2,Generalist_NE,0.14051088679245283,3
gex_possorted_bam_1WGCZ:ACGACAAAGAGGCTAAx-M2,Arc_4,0.13620064150943398,2
gex_possorted_bam_1WGCZ:ACTGAATGTGGACCTGx-M2,Arc_6,0.14948535849056604,4
gex_possorted_bam_1WGCZ:ACGTCCAAGTTGGATCx-M2,Generalist_NE,0.1740950566037736,4
gex_possorted_bam_1WGCZ:ACGGGAAGTTAGGATTx-M2,Generalist_NE,0.21921033962264153,7
gex_possorted_bam_1WGCZ:ACTATGTCATAAGTTCx-M2,Generalist_NE,0.14096398113207548,4
gex_possorted_bam_1WGCZ:ACGCACGGTTTAGCTCx-M2,Generalist_NE,0.13802333962264152,2
gex_possorted_bam_1WGCZ:ACTGAATGTCGCAAACx-M2,Generalist_NE,0.1358513962264151,4
gex_possorted_bam_1WGCZ:ACGCCACAGGTCTTGGx-M2,Arc_4,0.12249398113207548,3
gex_possorted_bam_1WGCZ:ACTAAAGCACAGAACGx-M2,Generalist_NE,0.13725847169811323,4
gex_possorted_bam_1WGCZ:ACGTCCAAGTTATCTCx-M2,Generalist_NE,0.16026615094339625,5
gex_possorted_bam_1WGCZ:ACGAGTAAGTATTGCAx-M2,Arc_4,0.12879743396226415,3
gex_possorted_bam_1WGCZ:ACTCGCGCACCCACCTx-M2,Generalist_NE,0.17206509433962264,7
gex_possorted_bam_1WGCZ:ACTATGTCAGCCGCTAx-M2,Generalist_NE,0.1378978679245283,2
gex_possorted_bam_1WGCZ:ACTATCCGTAACCTAGx-M2,Generalist_NE,0.170683641509434,5
gex_possorted_bam_1WGCZ:ACGGTTAGTCATGCCCx-M2,Arc_4,0.13833198113207548,3
gex_possorted_bam_1WGCZ:ACGCACGGTCACCAAAx-M2,Arc_1,0.13510796226415095,3
gex_possorted_bam_1WGCZ:ACTCCTCAGTTTGGTAx-M2,Generalist_nonNE,0.12835841509433962,4
gex_possorted_bam_1WGCZ:ACGTCAAGTTGTTGCTx-M2,Arc_4,0.12249398113207548,3
gex_possorted_bam_1WGCZ:ACTGAAACACGTTACAx-M2,Generalist_NE,0.14946528301886794,5
gex_possorted_bam_1WGCZ:ACTCAGTAGCTGTACGx-M2,Generalist_NE,0.16444654716981133,5
gex_possorted_bam_1WGCZ:ACGGTTTAGGGCTTATx-M2,Generalist_NE,0.1386723396226415,3
gex_possorted_bam_1WGCZ:ACTCAGTAGCGAGCGAx-M2,Generalist_NE,0.13013405660377358,1
gex_possorted_bam_1WGCZ:ACTATCCGTCATTGTCx-M2,Generalist_NE,0.14386067924528304,4
gex_possorted_bam_1WGCZ:ACTAGGCGTAACGTGCx-M2,Generalist_NE,0.1498677735849057,5
gex_possorted_bam_1WGCZ:ACGACTTAGTATTGCAx-M2,Arc_1,0.1332879811320755,2
gex_possorted_bam_1WGCZ:ACGACTTAGCCGCTAAx-M2,Generalist_NE,0.14061467924528304,3
gex_possorted_bam_1WGCZ:ACGCCACAGCAAGATGx-M2,Generalist_NE,0.15308311320754717,4
gex_possorted_bam_1WGCZ:ACTCACTGTTTGCAGAx-M2,Generalist_NE,0.18859247169811322,6
gex_possorted_bam_1WGCZ:ACTATGTCAATGCCCGx-M2,Arc_3,0.1584493962264151,5
gex_possorted_bam_1WGCZ:ACTCGCTTCCGCCTATx-M2,Generalist_NE,0.13565460377358493,2
gex_possorted_bam_1WGCZ:ACGCTTGAGGCTACTGx-M2,Generalist_NE,0.16468828301886793,4
gex_possorted_bam_1WGCZ:ACGCCTAAGGTGCGGAx-M2,Generalist_NE,0.13550377358490567,2
gex_possorted_bam_1WGCZ:ACTAACTCAGCTCAACx-M2,Generalist_nonNE,0.12700635849056605,2
gex_possorted_bam_1WGCZ:ACGTCCTTCACTAATGx-M2,Arc_6,0.15640681132075474,3
gex_possorted_bam_1WGCZ:ACGTTGTAGTCAGTACx-M2,Generalist_NE,0.14003077358490565,2
gex_possorted_bam_1WGCZ:ACGCACGGTCGTTACTx-M2,Generalist_NE,0.14045364150943399,4
gex_possorted_bam_1WGCZ:ACTAACCAGGAGTCTTx-M2,Arc_5,0.1474488679245283,4
gex_possorted_bam_1WGCZ:ACGAATCTCTCCATGCx-M2,Arc_1,0.17071675471698114,7
gex_possorted_bam_1WGCZ:ACGTCCAAGGTAGCTTx-M2,Generalist_NE,0.13753716981132075,3
gex_possorted_bam_1WGCZ:ACGTTACAGACTTATGx-M2,Generalist_nonNE,0.10927164150943396,2
gex_possorted_bam_1WGCZ:ACGGTTAGTCCGGTTCx-M2,Generalist_NE,0.13777890566037737,2
gex_possorted_bam_1WGCZ:ACGTCCAAGCGGTTATx-M2,Arc_5,0.14627250943396228,5
gex_possorted_bam_1WGCZ:ACGCCTAAGCAAGGTAx-M2,Generalist_NE,0.15199635849056603,4
gex_possorted_bam_1WGCZ:ACGCCTAAGGTAACGAx-M2,Generalist_NE,0.14190143396226415,3
gex_possorted_bam_1WGCZ:ACTAAAGCAGGAACATx-M2,Generalist_NE,0.131084320754717,1
gex_possorted_bam_1WGCZ:ACTAACGGTGCATTAGx-M2,Arc_5,0.16715573584905663,5
gex_possorted_bam_1WGCZ:ACTAAAGCAATATGGAx-M2,Generalist_NE,0.1859623018867925,9
gex_possorted_bam_1WGCZ:ACTCGCGCAATGAAGCx-M2,Generalist_NE,0.23685684905660379,9
gex_possorted_bam_1WGCZ:ACGTCCAAGGTCGATTx-M2,Generalist_NE,0.1349454528301887,2
gex_possorted_bam_1WGCZ:ACGGGAAGTCATTAGGx-M2,Generalist_NE,0.15736909433962268,4
gex_possorted_bam_1WGCZ:ACGCAAGCAGATTCATx-M2,Generalist_nonNE,0.16128905660377355,6
gex_possorted_bam_1WGCZ:ACGCCTAAGCGGGCAAx-M2,Generalist_NE,0.13802333962264152,2
gex_possorted_bam_1WGCZ:ACTGAAACAATATGGAx-M2,Arc_4,0.12249398113207548,3
gex_possorted_bam_1WGCZ:ACGCCACAGCGCTCAAx-M2,Arc_6,0.1938877169811321,8
gex_possorted_bam_1WGCZ:ACTATCCGTTATAGCGx-M2,Arc_6,0.13859862264150943,3
gex_possorted_bam_1WGCZ:ACTCACCTCCCTCAACx-M2,Arc_1,0.14193933962264152,4
gex_possorted_bam_1WGCZ:ACTCGCGCACAATGCCx-M2,Generalist_NE,0.13103801886792452,1
gex_possorted_bam_1WGCZ:ACGTACCCATTAAGTCx-M2,Generalist_nonNE,0.10927164150943396,2
gex_possorted_bam_1WGCZ:ACTAATCCACCTAAGCx-M2,Arc_4,0.10126513207547168,1
gex_possorted_bam_1WGCZ:ACTAACTCAAAGGTACx-M2,Generalist_NE,0.30270628301886787,12
gex_possorted_bam_1WGCZ:ACGAGTAAGATGGAGCx-M2,Generalist_NE,0.14000490566037738,3
gex_possorted_bam_1WGCZ:ACGCTTGAGGAGCACGx-M2,Arc_1,0.1334994528301887,3
gex_possorted_bam_1WGCZ:ACGGTTAGTTACTTCAx-M2,Arc_5,0.1406414339622642,2
gex_possorted_bam_1WGCZ:ACTGAAACAGTTTGTGx-M2,Generalist_nonNE,0.10927164150943396,2
gex_possorted_bam_1WGCZ:ACTCGCGCAAGCTACCx-M2,Generalist_NE,0.18574254716981137,9
gex_possorted_bam_1WGCZ:ACGACTTAGTAACCACx-M2,Arc_6,0.186002320754717,5
gex_possorted_bam_1WGCZ:ACGAATCTCTTGCAAAx-M2,Generalist_NE,0.1739543773584906,7
gex_possorted_bam_1WGCZ:ACGTCCAAGCAAACCTx-M2,Generalist_NE,0.30069,13
gex_possorted_bam_1WGCZ:ACTAATCCACTAGGTCx-M2,Generalist_nonNE,0.11243535849056605,1
gex_possorted_bam_1WGCZ:ACTAACTCATAATGTCx-M2,Arc_3,0.1507414716981132,4
gex_possorted_bam_1WGCZ:AGCAATACAAGGTCCTx-M2,Generalist_NE,0.16537024528301889,5
gex_possorted_bam_1WGCZ:AGACTATGTGCTCCGTx-M2,Generalist_NE,0.13947315094339624,4
gex_possorted_bam_1WGCZ:AGCATCCCAGCAACCTx-M2,Generalist_NE,0.14118890566037734,4
gex_possorted_bam_1WGCZ:ACTTACAAGTCACGATx-M2,Generalist_NE,0.13562471698113207,2
gex_possorted_bam_1WGCZ:AGCACTTAGCGCTCAAx-M2,Generalist_NE,0.14437369811320755,4
gex_possorted_bam_1WGCZ:ACTTGTCGTCTCACTGx-M2,Arc_5,0.1521708679245283,4
gex_possorted_bam_1WGCZ:AGAGAAGCAGCAAGGCx-M2,Generalist_NE,0.18568433962264153,6
gex_possorted_bam_1WGCZ:ACTTGCACAGTAAGTAx-M2,Generalist_NE,0.13355290566037736,2
gex_possorted_bam_1WGCZ:ACTTAGTCAAGGTAACx-M2,Generalist_NE,0.1656941132075472,5
gex_possorted_bam_1WGCZ:ACTTATCTCCTAAGTAx-M2,Generalist_NE,0.13459315094339622,2
gex_possorted_bam_1WGCZ:AGCAATTGTCCGTAGGx-M2,Generalist_NE,0.23812373584905658,8
gex_possorted_bam_1WGCZ:AGATGCTTCAGAAACGx-M2,Arc_6,0.15388549056603776,5
gex_possorted_bam_1WGCZ:AGAGAAGCAGGCGAGTx-M2,Generalist_NE,0.15667115094339626,5
gex_possorted_bam_1WGCZ:ACTTATCTCTCGCCCAx-M2,Generalist_NE,0.1418874150943396,4
gex_possorted_bam_1WGCZ:AGAACCAAGTGACCTGx-M2,Generalist_nonNE,0.132868,4
gex_possorted_bam_1WGCZ:AGAGATTAGTAGGATGx-M2,Generalist_nonNE,0.12766583018867925,2
gex_possorted_bam_1WGCZ:ACTTACAAGCCTAACGx-M2,Generalist_nonNE,0.14147049056603775,3
gex_possorted_bam_1WGCZ:AGAAACTAGTAGCCATx-M2,Generalist_nonNE,0.13545824528301886,3
gex_possorted_bam_1WGCZ:AGCAAATAGGTAAGGCx-M2,Generalist_NE,0.14000490566037738,3
gex_possorted_bam_1WGCZ:ACTTGTAAGCTATATGx-M2,Arc_6,0.128118,1
gex_possorted_bam_1WGCZ:AGATGAAGTAACGTGCx-M2,Generalist_NE,0.1492537924528302,2
gex_possorted_bam_1WGCZ:AGAATCTGTACCGGATx-M2,Generalist_NE,0.15239854716981133,4
gex_possorted_bam_1WGCZ:ACTTGCACAAGGTGGCx-M2,Arc_6,0.13951741509433963,3
gex_possorted_bam_1WGCZ:AGCATCCCAGCATTATx-M2,Generalist_nonNE,0.10927164150943396,2
gex_possorted_bam_1WGCZ:ACTTAGGGTGCTGTAAx-M2,Arc_4,0.10927164150943396,2
gex_possorted_bam_1WGCZ:AGAGAAGCAGGCGATAx-M2,Arc_4,0.13833198113207548,3
gex_possorted_bam_1WGCZ:AGACACGCAACAGCCTx-M2,Arc_4,0.12263977358490566,3
gex_possorted_bam_1WGCZ:AGAACAAGTCGTAATGx-M2,Arc_1,0.12249398113207548,3
gex_possorted_bam_1WGCZ:ACTTAGGGTTATAGCGx-M2,Generalist_NE,0.14162703773584906,2
gex_possorted_bam_1WGCZ:AGAACCAAGCACTAGTx-M2,Generalist_NE,0.2506749433962264,9
gex_possorted_bam_1WGCZ:ACTTATCTCAGCAAGAx-M2,Arc_4,0.12249398113207548,3
gex_possorted_bam_1WGCZ:ACTTGTCGTTATCCGTx-M2,Generalist_NE,0.14930501886792455,5
gex_possorted_bam_1WGCZ:AGAGAAGCATGCATATx-M2,Generalist_NE,0.13355290566037736,2
gex_possorted_bam_1WGCZ:AGATGCTTCGCTAAGTx-M2,Arc_4,0.10927164150943396,2
gex_possorted_bam_1WGCZ:ACTTAGGGTGTGTCCCx-M2,Generalist_NE,0.13941362264150944,3
gex_possorted_bam_1WGCZ:ACTTATGAGGTCAAAGx-M2,Arc_5,0.13264226415094338,3
gex_possorted_bam_1WGCZ:ACTTAGTCAGCAATAAx-M2,Generalist_NE,0.1770984528301887,5
gex_possorted_bam_1WGCZ:AGCAATTGTTTCCTCCx-M2,Generalist_NE,0.13469324528301888,2
gex_possorted_bam_1WGCZ:AGACAATAGACCATACx-M2,Arc_4,0.10927164150943396,2
gex_possorted_bam_1WGCZ:AGACAATAGGCTGTCAx-M2,Generalist_NE,0.15609484905660378,5
gex_possorted_bam_1WGCZ:AGAGAAGCAAGGTACGx-M2,Arc_1,0.13268069811320754,1
gex_possorted_bam_1WGCZ:ACTTATGAGTTCCTGCx-M2,Generalist_NE,0.2274397169811321,7
gex_possorted_bam_1WGCZ:AGCAATTGTTTGTGGAx-M2,Arc_4,0.12470732075471698,2
gex_possorted_bam_1WGCZ:AGAACCGCATTGCGGTx-M2,Arc_1,0.1334572641509434,3
gex_possorted_bam_1WGCZ:AGAGATTAGGTTAGAGx-M2,Generalist_nonNE,0.12297830188679247,1
gex_possorted_bam_1WGCZ:AGAATCGAGAGAAGGGx-M2,Generalist_NE,0.1432902075471698,3
gex_possorted_bam_1WGCZ:ACTTAGGGTCCAAGACx-M2,Generalist_NE,0.2264576037735849,12
gex_possorted_bam_1WGCZ:AGACCCGGTGAGACTCx-M2,Generalist_nonNE,0.10927164150943396,2
gex_possorted_bam_1WGCZ:AGAACCGCACTGGCCAx-M2,Arc_5,0.13536183018867926,3
gex_possorted_bam_1WGCZ:ACTTAGGGTCCACAAAx-M2,Generalist_nonNE,0.14206092452830188,3
gex_possorted_bam_1WGCZ:AGAGATTAGCGATACTx-M2,Arc_4,0.10927164150943396,2
gex_possorted_bam_1WGCZ:ACTTGAATCACCTGCTx-M2,Generalist_NE,0.17116586792452831,5
gex_possorted_bam_1WGCZ:ACTTACTTCCAGGAAAx-M2,Arc_4,0.12249398113207548,3
gex_possorted_bam_1WGCZ:ACTTAGGGTGAGAAACx-M2,Generalist_NE,0.1300302641509434,1
gex_possorted_bam_1WGCZ:AGCAATTGTTACAAACx-M2,Arc_1,0.20637364150943396,6
gex_possorted_bam_1WGCZ:AGAAACTAGCCTGACAx-M2,Generalist_NE,0.13978483018867924,3
gex_possorted_bam_1WGCZ:AGAAGGTGTTTGCGAAx-M2,Generalist_NE,0.20212967924528302,6
gex_possorted_bam_1WGCZ:AGAGGAACATAAAGCAx-M2,Generalist_NE,0.14233567924528304,4
gex_possorted_bam_1WGCZ:ACTTACTTCATCCACCx-M2,Generalist_NE,0.16605454716981133,4
gex_possorted_bam_1WGCZ:AGCATCCCAGCATGGAx-M2,Generalist_NE,0.23381794339622644,11
gex_possorted_bam_1WGCZ:AGCAATACAATCCTAGx-M2,Arc_5,0.14705094339622643,2
gex_possorted_bam_1WGCZ:ACTTGTAAGCAAGGGTx-M2,Generalist_NE,0.1319808113207547,2
gex_possorted_bam_1WGCZ:AGAATCGAGCACGTTGx-M2,Arc_3,0.1774292452830189,8
gex_possorted_bam_1WGCZ:ACTTAGGGTCCTAACTx-M2,Arc_6,0.13093422641509433,1
gex_possorted_bam_1WGCZ:ACTTGTAAGTAATCCAx-M2,Generalist_NE,0.1644835849056604,6
gex_possorted_bam_1WGCZ:AGCAACAAGACAAACGx-M2,Generalist_NE,0.1824709245283019,5
gex_possorted_bam_1WGCZ:AGAGAAGCATGTCAGCx-M2,Generalist_NE,0.18099133962264152,4
gex_possorted_bam_1WGCZ:AGCAATTGTTTATCTGx-M2,Generalist_NE,0.15752535849056606,3
gex_possorted_bam_1WGCZ:AGACAATAGGTGCGGAx-M2,Arc_4,0.10927164150943396,2
gex_possorted_bam_1WGCZ:AGCAATACAGGATGGCx-M2,Generalist_NE,0.13093422641509433,1
gex_possorted_bam_1WGCZ:AGAGGATGTTCGCTCAx-M2,Arc_4,0.1343020566037736,3
gex_possorted_bam_1WGCZ:AGCAATACATTCCTGTx-M2,Generalist_NE,0.20393271698113208,5
gex_possorted_bam_1WGCZ:AGATGAAGTTAAGCGCx-M2,Generalist_NE,0.1946385094339623,5
gex_possorted_bam_1WGCZ:AGAGGATGTAACAGGGx-M2,Generalist_NE,0.15810160377358493,4
gex_possorted_bam_1WGCZ:ACTTGTCGTAGTTAACx-M2,Generalist_NE,0.1376357924528302,3
gex_possorted_bam_1WGCZ:AGAACAAGTGGAAGGCx-M2,Generalist_NE,0.17353396226415094,8
gex_possorted_bam_1WGCZ:AGAAAGGCAACTAGAAx-M2,Arc_4,0.10927164150943396,2
gex_possorted_bam_1WGCZ:ACTTCGCTCACAGCCAx-M2,Generalist_NE,0.1437639245283019,4
gex_possorted_bam_1WGCZ:AGCAACAAGGTCCTGAx-M2,Arc_5,0.14935367924528303,5
gex_possorted_bam_1WGCZ:AGAACCAAGGGTCTATx-M2,Generalist_NE,0.19939954716981134,6
gex_possorted_bam_1WGCZ:AGATGAAGTCAATGTGx-M2,Generalist_NE,0.22842894339622644,11
gex_possorted_bam_1WGCZ:AGCAATACATGAATAGx-M2,Generalist_NE,0.1530847358490566,4
gex_possorted_bam_1WGCZ:AGAGATTAGGTAGCTTx-M2,Generalist_NE,0.17894390566037738,7
gex_possorted_bam_1WGCZ:AGCACAGCAGCCAGAAx-M2,Generalist_NE,0.1359406037735849,2
gex_possorted_bam_1WGCZ:AGAATCTGTCTAACAGx-M2,Arc_6,0.191342320754717,8
gex_possorted_bam_1WGCZ:AGCCTCCGTGAGCACTx-M2,Generalist_nonNE,0.12171228301886793,1
gex_possorted_bam_1WGCZ:AGCCTGGGTGATTTGGx-M2,Generalist_NE,0.14570626415094343,4
gex_possorted_bam_1WGCZ:AGCGGACCAATGAATGx-M2,Generalist_NE,0.16444654716981133,5
gex_possorted_bam_1WGCZ:AGCATCCCAGTGAACGx-M2,Generalist_nonNE,0.10126513207547168,1
gex_possorted_bam_1WGCZ:AGCTAAACATTGCGGTx-M2,Generalist_NE,0.21148809433962265,9
gex_possorted_bam_1WGCZ:AGCTTTAAGTAACCACx-M2,Arc_3,0.1859623018867925,9
gex_possorted_bam_1WGCZ:AGGATCCGTTGTGACAx-M2,Generalist_NE,0.15333613207547175,5
gex_possorted_bam_1WGCZ:AGCGCCTAGATGCCTGx-M2,Generalist_NE,0.1366162641509434,2
gex_possorted_bam_1WGCZ:AGGCGGATCGCAACATx-M2,Generalist_NE,0.1327701132075472,2
gex_possorted_bam_1WGCZ:AGCGATTTCTGGTCCTx-M2,Arc_6,0.17095309433962266,4
gex_possorted_bam_1WGCZ:AGGACTAAGCGCTCAAx-M2,Arc_4,0.10927164150943396,2
gex_possorted_bam_1WGCZ:AGCTTGGTCGCAAACTx-M2,Arc_1,0.1412485283018868,3
gex_possorted_bam_1WGCZ:AGGACTAAGGTCGATTx-M2,Generalist_NE,0.14586841509433962,2
gex_possorted_bam_1WGCZ:AGCTATATCCGGGACTx-M2,Arc_6,0.17916250943396228,5
gex_possorted_bam_1WGCZ:AGCCTAGTCATTAGTGx-M2,Generalist_NE,0.13241781132075472,2
gex_possorted_bam_1WGCZ:AGCCGCTAGGCAATAGx-M2,Arc_5,0.1805825094339623,9
gex_possorted_bam_1WGCZ:AGGACTAAGCATGGTTx-M2,Arc_5,0.15315390566037737,4
gex_possorted_bam_1WGCZ:AGGAACCAGCATTAGCx-M2,Generalist_NE,0.14737675471698114,6
gex_possorted_bam_1WGCZ:AGGACTAAGGGATGCGx-M2,Arc_6,0.13501711320754717,2
gex_possorted_bam_1WGCZ:AGCTAACTCAAATCGCx-M2,Arc_6,0.17417618867924534,6
gex_possorted_bam_1WGCZ:AGCTTTAAGAACCTACx-M2,Arc_1,0.3277201132075472,15
gex_possorted_bam_1WGCZ:AGCCTGGGTTTAAAGCx-M2,Generalist_NE,0.13974433962264152,3
gex_possorted_bam_1WGCZ:AGGATCCGTATTGTGGx-M2,Arc_5,0.16353488679245282,5
gex_possorted_bam_1WGCZ:AGGCAGGTCGATATTGx-M2,Generalist_NE,0.1323169245283019,3
gex_possorted_bam_1WGCZ:AGCCGGTTCGATAACCx-M2,Generalist_NE,0.1580872452830189,3
gex_possorted_bam_1WGCZ:AGCTTTAAGTCTGGGCx-M2,Generalist_NE,0.16864016981132074,5
gex_possorted_bam_1WGCZ:AGGACTAAGGAACACAx-M2,Generalist_nonNE,0.13257669811320755,4
gex_possorted_bam_1WGCZ:AGCGGATAGTCATTAGx-M2,Generalist_nonNE,0.12470732075471698,2
gex_possorted_bam_1WGCZ:AGGACTAAGTAGAGGCx-M2,Arc_1,0.16290937735849056,5
gex_possorted_bam_1WGCZ:AGCTGCTCAGCAAGTGx-M2,Generalist_NE,0.13562471698113207,2
gex_possorted_bam_1WGCZ:AGCGCCTAGGCTCATGx-M2,Generalist_NE,0.14874196226415096,5
gex_possorted_bam_1WGCZ:AGCTATATCTGGTCCTx-M2,Generalist_NE,0.13602581132075472,2
gex_possorted_bam_1WGCZ:AGCATCCCATGTCGCGx-M2,Generalist_nonNE,0.12249398113207548,3
gex_possorted_bam_1WGCZ:AGGACGTAGTCATGCGx-M2,Generalist_NE,0.16206415094339624,4
gex_possorted_bam_1WGCZ:AGCTTCCTCCCGTTGTx-M2,Arc_6,0.14450788679245283,3
gex_possorted_bam_1WGCZ:AGCTAACTCGATTATGx-M2,Generalist_NE,0.14494245283018867,1
gex_possorted_bam_1WGCZ:AGCCAGTGTAGTTGGCx-M2,Arc_6,0.15015043396226416,5
gex_possorted_bam_1WGCZ:AGCTTCCTCCCTCAACx-M2,Generalist_nonNE,0.1343020566037736,3
gex_possorted_bam_1WGCZ:AGCTTTAAGGTGAAATx-M2,Arc_4,0.10126513207547168,1
gex_possorted_bam_1WGCZ:AGCTCATAGTGAGAGCx-M2,Generalist_NE,0.20098884905660377,7
gex_possorted_bam_1WGCZ:AGCCAGTGTTAAGCCAx-M2,Generalist_NE,0.1471486037735849,5
gex_possorted_bam_1WGCZ:AGCTTAATCGCAACATx-M2,Arc_4,0.10126513207547168,1
gex_possorted_bam_1WGCZ:AGCTTTAAGGGTCTATx-M2,Generalist_nonNE,0.1482511320754717,3
gex_possorted_bam_1WGCZ:AGGAACCAGTTAACCAx-M2,Generalist_NE,0.14430837735849059,4
gex_possorted_bam_1WGCZ:AGCCTCCGTTATCGAGx-M2,Arc_4,0.10126513207547168,1
gex_possorted_bam_1WGCZ:AGGATGCAGTAACGGAx-M2,Arc_4,0.12470732075471698,2
gex_possorted_bam_1WGCZ:AGCATTTCAGGACACAx-M2,Generalist_nonNE,0.10927164150943396,2
gex_possorted_bam_1WGCZ:AGGAGCTAGTAAGAACx-M2,Generalist_nonNE,0.12249398113207548,3
gex_possorted_bam_1WGCZ:AGGACTAAGCTTTGTTx-M2,Generalist_NE,0.13386322641509435,1
gex_possorted_bam_1WGCZ:AGCGGACCATAAGGACx-M2,Generalist_NE,0.15736909433962268,4
gex_possorted_bam_1WGCZ:AGCTTCCTCGGTTAGTx-M2,Generalist_NE,0.1343473773584906,2
gex_possorted_bam_1WGCZ:AGGATATAGTTAACCAx-M2,Arc_6,0.22676122641509439,9
gex_possorted_bam_1WGCZ:AGCCTAGTCTTTAAGGx-M2,Generalist_NE,0.17066062264150944,6
gex_possorted_bam_1WGCZ:AGCGGACCAACAACAAx-M2,Generalist_NE,0.143161320754717,3
gex_possorted_bam_1WGCZ:AGCTTAATCCCTGACTx-M2,Generalist_NE,0.13103801886792452,1
gex_possorted_bam_1WGCZ:AGCGGATAGTACCGCAx-M2,Arc_5,0.13742988679245283,3
gex_possorted_bam_1WGCZ:AGCTACGTCTTAGCGGx-M2,Generalist_NE,0.1437639245283019,4
gex_possorted_bam_1WGCZ:AGGATGCAGGCCAATTx-M2,Arc_2,0.14916488679245282,4
gex_possorted_bam_1WGCZ:AGCATCCCAGGCTGTTx-M2,Generalist_nonNE,0.10927164150943396,2
gex_possorted_bam_1WGCZ:AGCGATTTCATCCACCx-M2,Arc_4,0.10927164150943396,2
gex_possorted_bam_1WGCZ:AGGATTGAGTTAGCTAx-M2,Generalist_nonNE,0.12766583018867925,2
gex_possorted_bam_1WGCZ:AGGCAATCAATCTCTCx-M2,Generalist_NE,0.14622071698113207,2
gex_possorted_bam_1WGCZ:AGCCGCTAGGAACCAAx-M2,Generalist_NE,0.16195441509433958,6
gex_possorted_bam_1WGCZ:AGCCGCTAGATGGAGCx-M2,Arc_4,0.10927164150943396,2
gex_possorted_bam_1WGCZ:AGCCTAGTCTAAGTCAx-M2,Generalist_nonNE,0.10927164150943396,2
gex_possorted_bam_1WGCZ:AGCGGACCAGTTATCGx-M2,Generalist_NE,0.1336773396226415,3
gex_possorted_bam_1WGCZ:AGGAACGGTCATCATCx-M2,Generalist_NE,0.15667115094339626,5
gex_possorted_bam_1WGCZ:AGCTTTAAGCCATCAGx-M2,Generalist_nonNE,0.10126513207547168,1
gex_possorted_bam_1WGCZ:AGCTACGTCCAAATCAx-M2,Arc_5,0.15543856603773584,3
gex_possorted_bam_1WGCZ:AGGATCCGTGCATCGGx-M2,Generalist_NE,0.15525330188679246,4
gex_possorted_bam_1WGCZ:AGCTCATAGTTTCCTGx-M2,Arc_5,0.1424029245283019,3
gex_possorted_bam_1WGCZ:AGCGGATAGACTATTGx-M2,Generalist_NE,0.15752535849056606,3
gex_possorted_bam_1WGCZ:AGGATGTCACTAGGTCx-M2,Generalist_NE,0.13483488679245284,1
gex_possorted_bam_1WGCZ:AGCCGGTTCATTAGGCx-M2,Generalist_NE,0.15250233962264154,4
gex_possorted_bam_1WGCZ:AGCGCTCAGGAGGACTx-M2,Generalist_NE,0.128118,1
gex_possorted_bam_1WGCZ:AGCCGGTTCCTCGATCx-M2,Generalist_NE,0.16026615094339625,5
gex_possorted_bam_1WGCZ:AGGATGCAGGTTTGACx-M2,Generalist_NE,0.22844552830188677,11
gex_possorted_bam_1WGCZ:AGCATTTCAAAGGTACx-M2,Generalist_NE,0.1472582075471698,4
gex_possorted_bam_1WGCZ:AGGAGCTAGTTGTCTTx-M2,Generalist_NE,0.15683664150943394,5
gex_possorted_bam_1WGCZ:AGCCGGTTCTCCATATx-M2,Arc_6,0.14403232075471697,3
gex_possorted_bam_1WGCZ:AGCTTTAAGGTCGATTx-M2,Arc_4,0.10927164150943396,2
gex_possorted_bam_1WGCZ:AGGAACCAGGTCCACAx-M2,Generalist_NE,0.1359406037735849,2
gex_possorted_bam_1WGCZ:AGGCCCAGTTCCGCACx-M2,Arc_5,0.15590143396226416,4
gex_possorted_bam_1WGCZ:AGGACTAAGGCTTAGTx-M2,Generalist_NE,0.16537024528301889,5
gex_possorted_bam_1WGCZ:AGCTTCCTCCTCCTAAx-M2,Generalist_NE,0.14421749056603775,2
gex_possorted_bam_1WGCZ:AGCCGGTTCATGGCTGx-M2,Generalist_NE,0.22470981132075477,8
gex_possorted_bam_1WGCZ:AGCGCTCAGTTACCGGx-M2,Generalist_nonNE,0.10927164150943396,2
gex_possorted_bam_1WGCZ:AGCTCATAGTAACGGAx-M2,Arc_5,0.15543856603773584,3
gex_possorted_bam_1WGCZ:AGCTAACTCGTCCTTAx-M2,Generalist_nonNE,0.12700635849056605,2
gex_possorted_bam_1WGCZ:AGGAACCAGCTTAGTAx-M2,Arc_4,0.10927164150943396,2
gex_possorted_bam_1WGCZ:AGCTAAACAGGCATGAx-M2,Generalist_nonNE,0.16008739622641507,4
gex_possorted_bam_1WGCZ:AGTAATGCAATATAGGx-M2,Arc_1,0.15787922641509433,2
gex_possorted_bam_1WGCZ:AGTAACCTCATGAGCTx-M2,Arc_6,0.16015649056603776,3
gex_possorted_bam_1WGCZ:AGTCGCATCGCACAATx-M2,Arc_1,0.35200267924528295,17
gex_possorted_bam_1WGCZ:AGGCGGATCTAAGGTCx-M2,Generalist_nonNE,0.14269571698113206,5
gex_possorted_bam_1WGCZ:AGTAATGCATCATGGCx-M2,Generalist_NE,0.134913320754717,2
gex_possorted_bam_1WGCZ:AGTAAGTAGAACCTGTx-M2,Arc_6,0.14560247169811322,4
gex_possorted_bam_1WGCZ:AGGGCTACAGAATGACx-M2,Generalist_NE,0.13093422641509433,1
gex_possorted_bam_1WGCZ:AGGTTAGAGCTGTCAGx-M2,Generalist_nonNE,0.12263977358490566,3
gex_possorted_bam_1WGCZ:AGGCTAAAGTAGCCATx-M2,Generalist_NE,0.13777890566037737,2
gex_possorted_bam_1WGCZ:AGTACGCGTGTGTGGTx-M2,Generalist_NE,0.15054454716981133,6
gex_possorted_bam_1WGCZ:AGGTTACTCAATGAGGx-M2,Generalist_nonNE,0.13833198113207548,3
gex_possorted_bam_1WGCZ:AGTAACCTCTGGCTTCx-M2,Generalist_NE,0.13849128301886793,3
gex_possorted_bam_1WGCZ:AGTCCTTGTCCGTAGGx-M2,Generalist_NE,0.13501711320754717,2
gex_possorted_bam_1WGCZ:AGGTTTATCTTAGGACx-M2,Generalist_nonNE,0.1482511320754717,3
gex_possorted_bam_1WGCZ:AGGGCCTTCCTTAGGGx-M2,Generalist_NE,0.18879339622641508,4
gex_possorted_bam_1WGCZ:AGGTGAGGTTTGTCTAx-M2,Arc_4,0.111241,3
gex_possorted_bam_1WGCZ:AGGTGAATCAAGTGAGx-M2,Generalist_nonNE,0.10927164150943396,2
gex_possorted_bam_1WGCZ:AGGTCAAAGCCTCTGTx-M2,Generalist_nonNE,0.12613454716981132,2
gex_possorted_bam_1WGCZ:AGTCAGGCATTGTTGGx-M2,Generalist_NE,0.1358513962264151,4
gex_possorted_bam_1WGCZ:AGTAACGAGGGTGGATx-M2,Generalist_NE,0.13562471698113207,2
gex_possorted_bam_1WGCZ:AGTCCTGAGCAGGTTTx-M2,Generalist_NE,0.18003977358490567,7
gex_possorted_bam_1WGCZ:AGTAAGTAGTAATCCAx-M2,Generalist_NE,0.16481964150943396,6
gex_possorted_bam_1WGCZ:AGTCAGGCATCCCGCTx-M2,Generalist_NE,0.14696373584905661,2
gex_possorted_bam_1WGCZ:AGGTTGCGTTGCTGGGx-M2,Generalist_nonNE,0.10927164150943396,2
gex_possorted_bam_1WGCZ:AGTAAACAGCCTCTGTx-M2,Generalist_NE,0.186187679245283,4
gex_possorted_bam_1WGCZ:AGGGTTGCAATCCTAGx-M2,Arc_6,0.16875900000000002,6
gex_possorted_bam_1WGCZ:AGTAATGCACAGACTCx-M2,Generalist_NE,0.13730875471698112,3
gex_possorted_bam_1WGCZ:AGTACGCGTTTGAGGCx-M2,Generalist_NE,0.13706105660377357,1
gex_possorted_bam_1WGCZ:AGGTTGCGTAAGCTCAx-M2,Arc_6,0.13388445283018868,2
gex_possorted_bam_1WGCZ:AGGTATTGTGTGTCCCx-M2,Generalist_NE,0.1692269433962264,7
gex_possorted_bam_1WGCZ:AGTGAACCAAGTCGCTx-M2,Generalist_NE,0.1437639245283019,4
gex_possorted_bam_1WGCZ:AGTAACGAGTGAACAGx-M2,Generalist_NE,0.14051088679245283,3
gex_possorted_bam_1WGCZ:AGGCTAGCACCCTCACx-M2,Generalist_NE,0.1424778679245283,4
gex_possorted_bam_1WGCZ:AGTAAACAGGTCTTGGx-M2,Generalist_NE,0.17181490566037738,6
gex_possorted_bam_1WGCZ:AGGTTACTCTAAGGAGx-M2,Arc_6,0.17748228301886795,7
gex_possorted_bam_1WGCZ:AGTCGCATCCATCAGGx-M2,Generalist_NE,0.17943169811320756,7
gex_possorted_bam_1WGCZ:AGTACGCGTGGATTATx-M2,Generalist_NE,0.13964083018867926,3
gex_possorted_bam_1WGCZ:AGTAGCTTCCTGAGTGx-M2,Generalist_NE,0.13768356603773585,3
gex_possorted_bam_1WGCZ:AGGTATTGTTCACCATx-M2,Generalist_nonNE,0.12988549056603774,2
gex_possorted_bam_1WGCZ:AGTAATCGTAAGCTTGx-M2,Arc_1,0.16980920754716983,6
gex_possorted_bam_1WGCZ:AGTCCTTGTTAAATGCx-M2,Generalist_nonNE,0.18178562264150944,6
gex_possorted_bam_1WGCZ:AGGTCATTCCATAAGCx-M2,Generalist_nonNE,0.1482511320754717,3
gex_possorted_bam_1WGCZ:AGGGTTGCACCTGTAAx-M2,Generalist_NE,0.18230701886792455,8
gex_possorted_bam_1WGCZ:AGTCAATGTACTTAGGx-M2,Arc_4,0.10927164150943396,2
gex_possorted_bam_1WGCZ:AGGTTAACATCAGCACx-M2,Arc_3,0.15528283018867922,5
gex_possorted_bam_1WGCZ:AGTCTTGCAGGTCCTGx-M2,Arc_6,0.13901996226415095,5
gex_possorted_bam_1WGCZ:AGGTTAACAATAGTCTx-M2,Generalist_NE,0.15667115094339626,5
gex_possorted_bam_1WGCZ:AGGTTTATCTTGCATTx-M2,Generalist_NE,0.1377821886792453,3
gex_possorted_bam_1WGCZ:AGTCGCATCACTCAAAx-M2,Generalist_NE,0.13501711320754717,2
gex_possorted_bam_1WGCZ:AGTGAGTCAAGGTAACx-M2,Generalist_NE,0.22842894339622644,11
gex_possorted_bam_1WGCZ:AGGTTTGGTTTGTGGAx-M2,Arc_1,0.16353488679245282,5
gex_possorted_bam_1WGCZ:AGGTCCGGTCCTTAGTx-M2,Arc_1,0.1978908679245283,6
gex_possorted_bam_1WGCZ:AGGTCATTCGCACAATx-M2,Generalist_NE,0.16886279245283023,6
gex_possorted_bam_1WGCZ:AGTAACACATCAATCGx-M2,Generalist_NE,0.14591843396226414,5
gex_possorted_bam_1WGCZ:AGGTCTTAGAGAGGAGx-M2,Arc_6,0.24000149056603773,11
gex_possorted_bam_1WGCZ:AGTCTTGCACAGCCTGx-M2,Arc_1,0.1300302641509434,1
gex_possorted_bam_1WGCZ:AGGTTGCGTAACGTGCx-M2,Generalist_NE,0.20209626415094345,8
gex_possorted_bam_1WGCZ:AGTAGGATCTGCAAACx-M2,Generalist_NE,0.1387761320754717,3
gex_possorted_bam_1WGCZ:AGGTCTTAGCTGTAACx-M2,Generalist_NE,0.14705094339622643,2
gex_possorted_bam_1WGCZ:AGTCGCATCATCACTTx-M2,Generalist_NE,0.13093422641509433,1
gex_possorted_bam_1WGCZ:AGTGAACCAGGACCTTx-M2,Generalist_NE,0.2143453018867925,6
gex_possorted_bam_1WGCZ:AGTCTTGCATAGCTGCx-M2,Generalist_NE,0.1492564716981132,4
gex_possorted_bam_1WGCZ:AGGTTAACATCCGTAAx-M2,Arc_1,0.14043581132075472,2
gex_possorted_bam_1WGCZ:AGGTCATTCGCAGGCTx-M2,Generalist_NE,0.16911501886792457,5
gex_possorted_bam_1WGCZ:AGGCTAGCACTAAGTTx-M2,Generalist_NE,0.1488870566037736,5
gex_possorted_bam_1WGCZ:AGGTTAACATAGCAGGx-M2,Arc_5,0.1362450566037736,2
gex_possorted_bam_1WGCZ:AGTCCTTGTCTTGCATx-M2,Generalist_NE,0.15884003773584907,3
gex_possorted_bam_1WGCZ:AGTCCTGAGCCTGACAx-M2,Generalist_nonNE,0.13166535849056601,2
gex_possorted_bam_1WGCZ:AGGTCCGGTATCTGGAx-M2,Generalist_NE,0.13945890566037739,2
gex_possorted_bam_1WGCZ:AGTCAATGTTTGCGAAx-M2,Arc_4,0.10927164150943396,2
gex_possorted_bam_1WGCZ:AGTCAATGTGTTAGCAx-M2,Arc_6,0.16206415094339624,4
gex_possorted_bam_1WGCZ:AGTCTTGCAATAGTCTx-M2,Arc_4,0.11463326415094338,2
gex_possorted_bam_1WGCZ:AGGTTTGGTTGCGGATx-M2,Arc_4,0.10126513207547168,1
gex_possorted_bam_1WGCZ:AGGTACGCATTGGGAGx-M2,Generalist_NE,0.13355290566037736,2
gex_possorted_bam_1WGCZ:AGGTTGCGTATTGAGTx-M2,Generalist_NE,0.14098658490566038,2
gex_possorted_bam_1WGCZ:AGGTCCGGTTTAGCGAx-M2,Arc_6,0.1327920754716981,2
gex_possorted_bam_1WGCZ:AGGTATTGTTAACGATx-M2,Arc_4,0.12912388679245282,3
gex_possorted_bam_1WGCZ:AGTCTTGCAGAAACGTx-M2,Generalist_NE,0.22842894339622644,11
gex_possorted_bam_1WGCZ:AGGCTAGCATGCTATGx-M2,Generalist_NE,0.17084562264150946,7
gex_possorted_bam_1WGCZ:AGTACGCGTTGCACAAx-M2,Arc_5,0.14164849056603776,4
gex_possorted_bam_1WGCZ:AGTCCTGAGTCGCTAGx-M2,Generalist_NE,0.14936149056603773,5
gex_possorted_bam_1WGCZ:AGGTCCGGTACTGATGx-M2,Arc_5,0.1686633962264151,4
gex_possorted_bam_1WGCZ:AGGTCTTAGTTTGAGCx-M2,Generalist_NE,0.13268069811320754,1
gex_possorted_bam_1WGCZ:AGGGCTACAATGCGCTx-M2,Arc_6,0.18233118867924533,6
gex_possorted_bam_1WGCZ:AGGTCTTAGGTTTGACx-M2,Generalist_NE,0.19755498113207548,7
gex_possorted_bam_1WGCZ:AGGTTAACATCTTGAGx-M2,Generalist_NE,0.16892700000000002,2
gex_possorted_bam_1WGCZ:AGTGTTTCACAGAACGx-M2,Generalist_NE,0.14000490566037738,3
gex_possorted_bam_1WGCZ:AGTGATGAGAAGCTAGx-M2,Generalist_NE,0.16098441509433964,5
gex_possorted_bam_1WGCZ:ATAGGTACAGAGGCTAx-M2,Generalist_NE,0.13093422641509433,1
gex_possorted_bam_1WGCZ:ATATGGTGTCACAGACx-M2,Generalist_nonNE,0.12263977358490566,3
gex_possorted_bam_1WGCZ:AGTGCCGGTACTTCACx-M2,Generalist_NE,0.13680724528301888,2
gex_possorted_bam_1WGCZ:AGTTACTCACACAATTx-M2,Generalist_NE,0.1519058113207547,5
gex_possorted_bam_1WGCZ:AGTTATGTCTAAATCGx-M2,Generalist_nonNE,0.12470732075471698,2
gex_possorted_bam_1WGCZ:AGTTTGCAGCTTCTCAx-M2,Generalist_NE,0.19266249056603776,6
gex_possorted_bam_1WGCZ:AGTTGCAGTGTGCACGx-M2,Generalist_NE,0.13617683018867924,3
gex_possorted_bam_1WGCZ:ATATAGGCATTGTCAGx-M2,Generalist_NE,0.22842894339622644,11
gex_possorted_bam_1WGCZ:AGTGGACAGGTAAGCAx-M2,Generalist_NE,0.2213345094339623,7
gex_possorted_bam_1WGCZ:ATATGGTGTCAGGAAGx-M2,Generalist_NE,0.14449501886792454,4
gex_possorted_bam_1WGCZ:ATAATGGCAAACGGGCx-M2,Generalist_NE,0.17415171698113208,8
gex_possorted_bam_1WGCZ:AGTTGCAGTCCGTAGGx-M2,Arc_5,0.16558937735849058,3
gex_possorted_bam_1WGCZ:ATCAAGACACCTACGGx-M2,Arc_2,0.1538238867924528,4
gex_possorted_bam_1WGCZ:ATATGGTGTCTCAGCCx-M2,Arc_5,0.14705094339622643,2
gex_possorted_bam_1WGCZ:AGTGTTTCAATATACCx-M2,Generalist_NE,0.15634283018867928,3
gex_possorted_bam_1WGCZ:AGTGTTTCAGTTGCGTx-M2,Generalist_NE,0.15470881132075476,3
gex_possorted_bam_1WGCZ:ATAGCATGTAGGTTATx-M2,Generalist_NE,0.3296058490566038,12
gex_possorted_bam_1WGCZ:ATAATGGCACAACCTAx-M2,Arc_6,0.14503316981132075,4
gex_possorted_bam_1WGCZ:AGTGCCGGTTAGGTTGx-M2,Generalist_nonNE,0.12613454716981132,2
gex_possorted_bam_1WGCZ:ATAAGTCGTGAGCAAGx-M2,Arc_1,0.1507462075471698,4
gex_possorted_bam_1WGCZ:ATAATGGCAGGATAACx-M2,Generalist_NE,0.14000490566037738,3
gex_possorted_bam_1WGCZ:ATATGCTCATTAAGCTx-M2,Generalist_NE,0.1424778679245283,4
gex_possorted_bam_1WGCZ:ATAAGTCGTGTTTGTCx-M2,Generalist_NE,0.1377940754716981,2
gex_possorted_bam_1WGCZ:ATATGGTGTAGCCATAx-M2,Generalist_NE,0.13706105660377357,1
gex_possorted_bam_1WGCZ:AGTGCGGAGAATCGCTx-M2,Generalist_NE,0.13501711320754717,2
gex_possorted_bam_1WGCZ:AGTTTGCAGACTAAGGx-M2,Arc_1,0.19112800000000002,4
gex_possorted_bam_1WGCZ:ATAGATGCACCTCACCx-M2,Generalist_nonNE,0.10927164150943396,2
gex_possorted_bam_1WGCZ:AGTGCACGTAGCTGCGx-M2,Generalist_NE,0.17414124528301886,8
gex_possorted_bam_1WGCZ:ATAGGTACAAACAACAx-M2,Generalist_NE,0.13785733962264152,3
gex_possorted_bam_1WGCZ:ATAAGTCGTATTGGTGx-M2,Arc_5,0.13901996226415095,5
gex_possorted_bam_1WGCZ:ATAGGTACAAGTGAACx-M2,Generalist_NE,0.1514788679245283,3
gex_possorted_bam_1WGCZ:ATACCGGTCGCTATAAx-M2,Generalist_NE,0.199806320754717,7
gex_possorted_bam_1WGCZ:ATAGCATGTGTAACCAx-M2,Generalist_NE,0.13824358490566035,1
gex_possorted_bam_1WGCZ:ATAAGCCTCGAAGTGAx-M2,Generalist_nonNE,0.13737828301886792,2
gex_possorted_bam_1WGCZ:AGTGCGGAGGTACCGCx-M2,Generalist_NE,0.1667386603773585,4
gex_possorted_bam_1WGCZ:ATAGGTACAGCTTAGCx-M2,Arc_1,0.14425256603773584,2
gex_possorted_bam_1WGCZ:ATATGGTGTAATCACGx-M2,Generalist_NE,0.18896854716981135,6
gex_possorted_bam_1WGCZ:AGTTACTCAGTTTGTGx-M2,Arc_1,0.20343281132075472,9
gex_possorted_bam_1WGCZ:AGTGAGTCAGTTATGTx-M2,Generalist_NE,0.21373949056603778,8
gex_possorted_bam_1WGCZ:ATAACGACAGGAACCAx-M2,Arc_4,0.12297830188679247,1
gex_possorted_bam_1WGCZ:ATCAAGCTCATTGCAAx-M2,Generalist_NE,0.17238192452830195,5
gex_possorted_bam_1WGCZ:ATATAGGCAAGGTGGCx-M2,Generalist_NE,0.24960454716981134,9
gex_possorted_bam_1WGCZ:ATAGATGCATTGTCCTx-M2,Generalist_NE,0.13197564150943397,2
gex_possorted_bam_1WGCZ:ATCAAGACAATTGAAGx-M2,Arc_4,0.12249398113207548,3
gex_possorted_bam_1WGCZ:ATACCGGTCGGGCCATx-M2,Arc_1,0.2390101320754717,9
gex_possorted_bam_1WGCZ:AGTGAGTCAGGAAGCCx-M2,Generalist_NE,0.14251349056603774,4
gex_possorted_bam_1WGCZ:AGTGTTTCAAGCTACCx-M2,Generalist_NE,0.13662135849056603,4
gex_possorted_bam_1WGCZ:ATAACGACAAGGATTAx-M2,Generalist_NE,0.14403232075471697,3
gex_possorted_bam_1WGCZ:ATATGTCCATCCTGAAx-M2,Generalist_NE,0.14560247169811322,4
gex_possorted_bam_1WGCZ:ATAAGCCTCCTAAGTAx-M2,Generalist_NE,0.19738275471698113,6
gex_possorted_bam_1WGCZ:AGTTTGATCAAGTGTCx-M2,Generalist_NE,0.128118,1
gex_possorted_bam_1WGCZ:AGTGAGTCAATGCCCGx-M2,Arc_1,0.19234473584905665,5
gex_possorted_bam_1WGCZ:AGTTGTCAGGCTGGCTx-M2,Arc_3,0.199806320754717,7
gex_possorted_bam_1WGCZ:AGTTGGCGTTATCGAGx-M2,Generalist_NE,0.16886279245283023,6
gex_possorted_bam_1WGCZ:AGTTGCGTCACGCATGx-M2,Generalist_nonNE,0.12988549056603774,2
gex_possorted_bam_1WGCZ:ATAGATGCAAGGTGGCx-M2,Generalist_NE,0.17385232075471702,6
gex_possorted_bam_1WGCZ:AGTTGTCAGGATGATGx-M2,Generalist_NE,0.17354720754716982,7
gex_possorted_bam_1WGCZ:ATAAGCCTCGGGCCATx-M2,Generalist_NE,0.1426235849056604,4
gex_possorted_bam_1WGCZ:ATAGATGCATGTCAATx-M2,Generalist_NE,0.14559790566037736,4
gex_possorted_bam_1WGCZ:ATACCTGCATGACTATx-M2,Generalist_nonNE,0.10927164150943396,2
gex_possorted_bam_1WGCZ:AGTGGACAGCATCCAGx-M2,Generalist_NE,0.13093422641509433,1
gex_possorted_bam_1WGCZ:ATAGGTACATCACAGCx-M2,Arc_6,0.19003598113207548,9
gex_possorted_bam_1WGCZ:ATATGCTCAGTAAGTAx-M2,Generalist_NE,0.1471246603773585,4
gex_possorted_bam_1WGCZ:ATAGATGCACTTAACGx-M2,Generalist_nonNE,0.10126513207547168,1
gex_possorted_bam_1WGCZ:ATAGCATGTACGATTGx-M2,Generalist_NE,0.13093422641509433,1
gex_possorted_bam_1WGCZ:AGTGCCGGTGCATCGGx-M2,Generalist_NE,0.13941362264150944,3
gex_possorted_bam_1WGCZ:ATAGATGCATAATGTCx-M2,Generalist_NE,0.18224377358490568,7
gex_possorted_bam_1WGCZ:ATAAGCCTCATAGACCx-M2,Generalist_NE,0.18935888679245283,5
gex_possorted_bam_1WGCZ:ATATGTCCAAACCTATx-M2,Generalist_NE,0.14403232075471697,3
gex_possorted_bam_1WGCZ:ATATGTCCACCTACGGx-M2,Arc_4,0.10927164150943396,2
gex_possorted_bam_1WGCZ:AGTGTGGCAGGACCTTx-M2,Generalist_nonNE,0.1469,4
gex_possorted_bam_1WGCZ:ATAGATGCAACTAGAAx-M2,Generalist_NE,0.1483240566037736,4
gex_possorted_bam_1WGCZ:ATATGCATCGCTCACTx-M2,Generalist_nonNE,0.13545824528301886,3
gex_possorted_bam_1WGCZ:AGTGAGTCAATTAAGGx-M2,Arc_5,0.16548558490566037,3
gex_possorted_bam_1WGCZ:AGTTATGTCCCTGGTTx-M2,Generalist_NE,0.1730410566037736,5
gex_possorted_bam_1WGCZ:AGTTGCAGTTTAGCTCx-M2,Arc_1,0.16703356603773584,6
gex_possorted_bam_1WGCZ:ATAGCATGTAATCACGx-M2,Generalist_NE,0.16548558490566037,3
gex_possorted_bam_1WGCZ:AGTTGCAGTGCGCGTAx-M2,Arc_1,0.12249398113207548,3
gex_possorted_bam_1WGCZ:AGTGATGAGCACAGAAx-M2,Generalist_NE,0.13602581132075472,2
gex_possorted_bam_1WGCZ:ATAAGCCTCATTGCGGx-M2,Generalist_NE,0.2182433584905661,8
gex_possorted_bam_1WGCZ:ATACCGGTCCTAGTTTx-M2,Generalist_NE,0.15234979245283017,5
gex_possorted_bam_1WGCZ:AGTGTGGCAAACCTATx-M2,Generalist_NE,0.1458805283018868,4
gex_possorted_bam_1WGCZ:AGTGTTTCACAGGGACx-M2,Arc_1,0.13098622641509433,4
gex_possorted_bam_1WGCZ:AGTTGTCAGCAAGGACx-M2,Arc_4,0.13257669811320755,4
gex_possorted_bam_1WGCZ:ATCATCAAGCCGCAGTx-M2,Generalist_NE,0.13103801886792452,1
gex_possorted_bam_1WGCZ:ATCTATGAGGAGGCATx-M2,Generalist_NE,0.14394064150943398,4
gex_possorted_bam_1WGCZ:ATCACACAGTTCCTCAx-M2,Generalist_nonNE,0.13028007547169812,3
gex_possorted_bam_1WGCZ:ATCACTAAGGAGGTTAx-M2,Arc_6,0.16206415094339624,4
gex_possorted_bam_1WGCZ:ATGACTCAGAGAAGGGx-M2,Generalist_NE,0.15822541509433963,6
gex_possorted_bam_1WGCZ:ATCACAATCTAGCGTGx-M2,Generalist_NE,0.14501624528301885,2
gex_possorted_bam_1WGCZ:ATCCATAAGCATTATGx-M2,Generalist_NE,0.1327701132075472,2
gex_possorted_bam_1WGCZ:ATGACTCAGGCCAATTx-M2,Generalist_nonNE,0.10927164150943396,2
gex_possorted_bam_1WGCZ:ATCAGGTTCAATCATGx-M2,Arc_6,0.1842002452830189,6
gex_possorted_bam_1WGCZ:ATGAAGCCAGGCGATAx-M2,Arc_5,0.14193933962264152,4
gex_possorted_bam_1WGCZ:ATGATGACAGCACGAAx-M2,Arc_4,0.12035190566037735,3
gex_possorted_bam_1WGCZ:ATCGGCCAGCTCATAAx-M2,Arc_5,0.1415379245283019,3
gex_possorted_bam_1WGCZ:ATCCCGCGTTCAAGATx-M2,Generalist_NE,0.17626271698113208,7
gex_possorted_bam_1WGCZ:ATCCATAAGCCTGAGCx-M2,Generalist_nonNE,0.14838903773584905,3
gex_possorted_bam_1WGCZ:ATGATGGAGCCGCAACx-M2,Generalist_nonNE,0.10927164150943396,2
gex_possorted_bam_1WGCZ:ATGACAACATGCTTAGx-M2,Arc_4,0.13620064150943398,2
gex_possorted_bam_1WGCZ:ATGACGAAGGACCTGCx-M2,Generalist_NE,0.21766594339622644,8
gex_possorted_bam_1WGCZ:ATGACGAAGCCTGTGAx-M2,Generalist_NE,0.13538235849056604,3
gex_possorted_bam_1WGCZ:ATCCTGACAATTAGGAx-M2,Generalist_NE,0.15752535849056606,3
gex_possorted_bam_1WGCZ:ATGCAGGCATTAAAGGx-M2,Generalist_NE,0.21259662264150944,4
gex_possorted_bam_1WGCZ:ATGAATGCACTAAGAAx-M2,Generalist_NE,0.14714754716981132,4
gex_possorted_bam_1WGCZ:ATCACCCTCCCTCTAAx-M2,Generalist_NE,0.13730875471698112,3
gex_possorted_bam_1WGCZ:ATCACTAAGCTTATGAx-M2,Arc_1,0.10646618867924527,1
gex_possorted_bam_1WGCZ:ATCCTCATCCAAGTGTx-M2,Arc_4,0.12297830188679247,1
gex_possorted_bam_1WGCZ:ATCCACCTCTAGCTTTx-M2,Generalist_NE,0.1316233396226415,2
gex_possorted_bam_1WGCZ:ATGATGGAGCTCGCTTx-M2,Arc_4,0.1427485471698113,4
gex_possorted_bam_1WGCZ:ATGAATGCATGACTATx-M2,Generalist_NE,0.14472909433962267,3
gex_possorted_bam_1WGCZ:ATCCAACAGGACCTTGx-M2,Generalist_NE,0.18456149056603777,5
gex_possorted_bam_1WGCZ:ATCCCGCGTTGAAGCCx-M2,Arc_1,0.16388194339622641,3
gex_possorted_bam_1WGCZ:ATGACGAAGCAATAGGx-M2,Generalist_NE,0.14159462264150943,3
gex_possorted_bam_1WGCZ:ATCCACCTCGGTCAATx-M2,Arc_6,0.17385232075471702,6
gex_possorted_bam_1WGCZ:ATCACACAGGTAGCTTx-M2,Arc_6,0.1339245471698113,2
gex_possorted_bam_1WGCZ:ATGACCAGTCAAGTATx-M2,Generalist_nonNE,0.13257669811320755,4
gex_possorted_bam_1WGCZ:ATCAAGCTCGGTCAATx-M2,Arc_5,0.1591839245283019,4
gex_possorted_bam_1WGCZ:ATCCACCTCACAGCCAx-M2,Arc_6,0.17216888679245285,7
gex_possorted_bam_1WGCZ:ATCGCCCGTGTGTCCCx-M2,Generalist_NE,0.13802333962264152,2
gex_possorted_bam_1WGCZ:ATCAGGTTCTAGCTTTx-M2,Generalist_NE,0.13802333962264152,2
gex_possorted_bam_1WGCZ:ATGAAGTAGTAGCGCCx-M2,Arc_6,0.17563781132075476,6
gex_possorted_bam_1WGCZ:ATGACGAAGGCCTAATx-M2,Generalist_nonNE,0.14624052830188677,4
gex_possorted_bam_1WGCZ:ATCTATGAGCTATATGx-M2,Generalist_NE,0.14710735849056605,3
gex_possorted_bam_1WGCZ:ATCCTTAGTTGTCATCx-M2,Generalist_NE,0.18883967924528308,5
gex_possorted_bam_1WGCZ:ATGATGACACGGTACTx-M2,Arc_5,0.15579086792452831,3
gex_possorted_bam_1WGCZ:ATCATGTCAGCCAGAAx-M2,Generalist_NE,0.1373119245283019,3
gex_possorted_bam_1WGCZ:ATGACAACATGTCAATx-M2,Generalist_nonNE,0.1538238867924528,4
gex_possorted_bam_1WGCZ:ATCCTTAGTGTTTGCTx-M2,Arc_6,0.17616301886792454,7
gex_possorted_bam_1WGCZ:ATCCCGCGTGTCCAGGx-M2,Generalist_NE,0.23708732075471697,9
gex_possorted_bam_1WGCZ:ATCCTTAGTTCTTTAGx-M2,Generalist_NE,0.13706105660377357,1
gex_possorted_bam_1WGCZ:ATGAAGTAGTTCCTCAx-M2,Generalist_NE,0.15736909433962268,4
gex_possorted_bam_1WGCZ:ATCCATAAGACTTACAx-M2,Generalist_NE,0.15815822641509433,3
gex_possorted_bam_1WGCZ:ATCCGTGAGCAGGCCTx-M2,Arc_4,0.10126513207547168,1
gex_possorted_bam_1WGCZ:ATGAATGCATGAGTTTx-M2,Arc_5,0.1309805283018868,1
gex_possorted_bam_1WGCZ:ATCAGGTTCAGGCTATx-M2,Generalist_nonNE,0.10927164150943396,2
gex_possorted_bam_1WGCZ:ATGATGGAGCTGGACCx-M2,Arc_3,0.16493452830188676,6
gex_possorted_bam_1WGCZ:ATCACCCTCCGCAACAx-M2,Generalist_NE,0.28883154716981135,12
gex_possorted_bam_1WGCZ:ATGAAGCCAATTGAGAx-M2,Arc_3,0.1789470754716981,7
gex_possorted_bam_1WGCZ:ATCCATAAGTTATCTCx-M2,Generalist_NE,0.13355290566037736,2
gex_possorted_bam_1WGCZ:ATCATCAAGCTCATAAx-M2,Generalist_NE,0.235255320754717,9
gex_possorted_bam_1WGCZ:ATCACCCTCACTAGGTx-M2,Generalist_NE,0.13241781132075472,2
gex_possorted_bam_1WGCZ:ATCCAACAGGAGGTTAx-M2,Arc_1,0.20538798113207543,8
gex_possorted_bam_1WGCZ:ATGCAAACAGGAATCGx-M2,Generalist_NE,0.13093422641509433,1
gex_possorted_bam_1WGCZ:ATCCCGCGTGAGCGAAx-M2,Generalist_NE,0.17372488679245282,1
gex_possorted_bam_1WGCZ:ATCACACAGGTTTGACx-M2,Generalist_nonNE,0.15722292452830186,4
gex_possorted_bam_1WGCZ:ATCCATAAGTCCTTCAx-M2,Generalist_NE,0.13742988679245283,3
gex_possorted_bam_1WGCZ:ATGAATGCAGGTTAAAx-M2,Generalist_NE,0.13562471698113207,2
gex_possorted_bam_1WGCZ:ATGATGGAGCATGTCGx-M2,Arc_5,0.2132858490566038,10
gex_possorted_bam_1WGCZ:ATCACAATCTTAGGACx-M2,Generalist_NE,0.1437639245283019,4
gex_possorted_bam_1WGCZ:ATGATGACAAAGCGCAx-M2,Arc_1,0.3307248301886791,14
gex_possorted_bam_1WGCZ:ATCCGTGAGTGAACCTx-M2,Generalist_NE,0.14437369811320755,4
gex_possorted_bam_1WGCZ:ATGACCAGTTCCTGTGx-M2,Generalist_NE,0.16439496226415093,4
gex_possorted_bam_1WGCZ:ATCAATCCAATAATCCx-M2,Generalist_nonNE,0.15312469811320756,4
gex_possorted_bam_1WGCZ:ATCCTCATCTCACACCx-M2,Generalist_NE,0.14539975471698113,4
gex_possorted_bam_1WGCZ:ATCCCGCGTGCACGCAx-M2,Generalist_nonNE,0.15266769811320755,4
gex_possorted_bam_1WGCZ:ATCATGTCAACCTAATx-M2,Generalist_NE,0.13501711320754717,2
gex_possorted_bam_1WGCZ:ATCATGTCAAACTAAGx-M2,Generalist_NE,0.21180849056603773,8
gex_possorted_bam_1WGCZ:ATGCAGGCAGCCAGAAx-M2,Generalist_NE,0.18286107547169814,5
gex_possorted_bam_1WGCZ:ATGAAGTAGCCTGAGCx-M2,Generalist_NE,0.1541425283018868,5
gex_possorted_bam_1WGCZ:ATCGAGGCAAATGCCCx-M2,Generalist_NE,0.134913320754717,2
gex_possorted_bam_1WGCZ:ATCCGTGAGCATCCAGx-M2,Generalist_NE,0.1621731886792453,5
gex_possorted_bam_1WGCZ:ATGCAAACACATTAACx-M2,Arc_1,0.1329073773584906,3
gex_possorted_bam_1WGCZ:ATCAGGTTCGGCCAGTx-M2,Arc_1,0.2757934905660377,9
gex_possorted_bam_1WGCZ:ATCCCGCGTTGAGCCGx-M2,Generalist_NE,0.13765150943396226,1
gex_possorted_bam_1WGCZ:ATCTATGAGCTATTGAx-M2,Generalist_NE,0.19354026415094341,10
gex_possorted_bam_1WGCZ:ATCCCGCGTGTAATACx-M2,Generalist_NE,0.15184220754716982,2
gex_possorted_bam_1WGCZ:ATGTCCACATCCCTCAx-M2,Arc_5,0.13777890566037737,2
gex_possorted_bam_1WGCZ:ATGTAAGCAAGTTATCx-M2,Generalist_NE,0.1609285283018868,5
gex_possorted_bam_1WGCZ:ATTAGCGGTGTGAGAGx-M2,Generalist_NE,0.15020988679245284,3
gex_possorted_bam_1WGCZ:ATGTTTGAGCTCAATAx-M2,Arc_4,0.10927164150943396,2
gex_possorted_bam_1WGCZ:ATGTTGTCACTTCACTx-M2,Generalist_NE,0.14740324528301887,2
gex_possorted_bam_1WGCZ:ATGTTTGAGTCACCAGx-M2,Generalist_NE,0.1372049622641509,3
gex_possorted_bam_1WGCZ:ATTATGGTCGCTCACTx-M2,Generalist_NE,0.1359406037735849,2
gex_possorted_bam_1WGCZ:ATGTAACGTTTGACCTx-M2,Generalist_NE,0.14449213207547168,3
gex_possorted_bam_1WGCZ:ATTACTGAGACAACAGx-M2,Generalist_NE,0.15543856603773584,3
gex_possorted_bam_1WGCZ:ATGGCTGTCCAGCACAx-M2,Generalist_NE,0.17957554716981133,7
gex_possorted_bam_1WGCZ:ATTAGTCCACAGAACGx-M2,Arc_6,0.1656941132075472,5
gex_possorted_bam_1WGCZ:ATTAACCCAAGCCAGAx-M2,Arc_5,0.1327701132075472,2
gex_possorted_bam_1WGCZ:ATTATCCTCCAGCACAx-M2,Arc_6,0.15734722641509435,5
gex_possorted_bam_1WGCZ:ATGGCTGTCTCGCCTGx-M2,Generalist_NE,0.17734486792452836,7
gex_possorted_bam_1WGCZ:ATGTTGTCAATCCCTTx-M2,Arc_4,0.12249398113207548,3
gex_possorted_bam_1WGCZ:ATGGTTATCCCATAAAx-M2,Arc_1,0.1973471320754717,7
gex_possorted_bam_1WGCZ:ATGTAACGTTCACCCAx-M2,Generalist_NE,0.14000490566037738,3
gex_possorted_bam_1WGCZ:ATGTTTGAGGGCCACTx-M2,Generalist_NE,0.14179341509433963,3
gex_possorted_bam_1WGCZ:ATTAGTCCAGCAGGTAx-M2,Arc_3,0.15528283018867922,5
gex_possorted_bam_1WGCZ:ATGTTTGAGGACCTTGx-M2,Generalist_NE,0.13978483018867924,3
gex_possorted_bam_1WGCZ:ATGCGATTCTTAGGACx-M2,Arc_5,0.1591839245283019,4
gex_possorted_bam_1WGCZ:ATGCTTAAGGATCACTx-M2,Generalist_NE,0.1424681509433962,3
gex_possorted_bam_1WGCZ:ATGTCCACAGTTTGGCx-M2,Generalist_NE,0.1316233396226415,2
gex_possorted_bam_1WGCZ:ATTACGTCACCTGCTCx-M2,Generalist_NE,0.13583681132075473,2
gex_possorted_bam_1WGCZ:ATTAGCTCAACAGGATx-M2,Generalist_nonNE,0.10126513207547168,1
gex_possorted_bam_1WGCZ:ATTACGTCATCACAGCx-M2,Generalist_NE,0.15090513207547168,5
gex_possorted_bam_1WGCZ:ATGGCTAGTACCGTTTx-M2,Generalist_NE,0.1869615660377358,5
gex_possorted_bam_1WGCZ:ATTAGTCCACAGAAACx-M2,Generalist_nonNE,0.149096,3
gex_possorted_bam_1WGCZ:ATTAGCGGTTTATCTGx-M2,Arc_5,0.18603779245283017,7
gex_possorted_bam_1WGCZ:ATTACCCGTTGAGGTCx-M2,Arc_6,0.16886279245283023,6
gex_possorted_bam_1WGCZ:ATGTTCAAGGCGCTACx-M2,Generalist_NE,0.1656941132075472,5
gex_possorted_bam_1WGCZ:ATTAGGTGTTCACCCAx-M2,Arc_4,0.12249398113207548,3
gex_possorted_bam_1WGCZ:ATGGCCGGTCACACCCx-M2,Generalist_NE,0.16444654716981133,5
gex_possorted_bam_1WGCZ:ATGTTTGAGAATCGCTx-M2,Generalist_NE,0.21031488679245286,8
gex_possorted_bam_1WGCZ:ATGGCCCAGGCTGTCAx-M2,Arc_1,0.13355290566037736,2
gex_possorted_bam_1WGCZ:ATGGCTTAGGTCATTAx-M2,Generalist_NE,0.1386723396226415,3
gex_possorted_bam_1WGCZ:ATGCATTCACCTCACCx-M2,Generalist_nonNE,0.10927164150943396,2
gex_possorted_bam_1WGCZ:ATTACCCGTACCAGGTx-M2,Generalist_NE,0.15091601886792455,6
gex_possorted_bam_1WGCZ:ATGGCCCAGCGGCTGTx-M2,Generalist_nonNE,0.12249398113207548,3
gex_possorted_bam_1WGCZ:ATGCGATTCGTTAAGCx-M2,Generalist_NE,0.1907396603773585,7
gex_possorted_bam_1WGCZ:ATTACGTCAGGCTTGTx-M2,Generalist_NE,0.15217564150943397,6
gex_possorted_bam_1WGCZ:ATTACTGAGCAGCTATx-M2,Generalist_NE,0.1374266037735849,2
gex_possorted_bam_1WGCZ:ATGTTCAAGTTGTCCCx-M2,Arc_1,0.2769175660377358,9
gex_possorted_bam_1WGCZ:ATTACTGAGTAGCGCCx-M2,Generalist_nonNE,0.12297830188679247,1
gex_possorted_bam_1WGCZ:ATTAGTCCAGTTAAAGx-M2,Generalist_NE,0.17378781132075471,7
gex_possorted_bam_1WGCZ:ATGCTTAAGCGTGCGTx-M2,Generalist_NE,0.1433953962264151,3
gex_possorted_bam_1WGCZ:ATGGCCCAGACAACGAx-M2,Generalist_NE,0.13242071698113209,3
gex_possorted_bam_1WGCZ:ATTACTGAGCCTGACAx-M2,Arc_6,0.16715573584905663,5
gex_possorted_bam_1WGCZ:ATGCGATTCGCTATAAx-M2,Arc_4,0.1239657358490566,3
gex_possorted_bam_1WGCZ:ATGTCATCACTTCATCx-M2,Arc_4,0.1239657358490566,3
gex_possorted_bam_1WGCZ:ATGTTTGAGCCGCTAAx-M2,Generalist_NE,0.13355290566037736,2
gex_possorted_bam_1WGCZ:ATGCCTGAGCGGCTGTx-M2,Generalist_NE,0.1480511320754717,3
gex_possorted_bam_1WGCZ:ATTAGCTCAGAGGCTAx-M2,Arc_6,0.1722089056603774,4
gex_possorted_bam_1WGCZ:ATTACTGAGCCTTAAAx-M2,Generalist_NE,0.13938654716981133,2
gex_possorted_bam_1WGCZ:ATTAGTCCATTTGCTCx-M2,Generalist_nonNE,0.10927164150943396,2
gex_possorted_bam_1WGCZ:ATTAGTCCACAGCCATx-M2,Generalist_NE,0.12586822641509435,0
gex_possorted_bam_1WGCZ:ATGGACAAGGCAAGTAx-M2,Generalist_NE,0.2100942452830189,4
gex_possorted_bam_1WGCZ:ATGGCCCAGCTCAAACx-M2,Arc_6,0.13501711320754717,2
gex_possorted_bam_1WGCZ:ATGTTCAAGTCCTTCAx-M2,Generalist_nonNE,0.12035190566037735,3
gex_possorted_bam_1WGCZ:ATGGTCTAGGCGGATGx-M2,Generalist_NE,0.16790573584905658,5
gex_possorted_bam_1WGCZ:ATGTTGTCAGTCTAATx-M2,Generalist_NE,0.1347043396226415,2
gex_possorted_bam_1WGCZ:ATGTGAGAGTGTTGCGx-M2,Generalist_NE,0.16391352830188682,4
gex_possorted_bam_1WGCZ:ATGGTCTAGCATCCAGx-M2,Generalist_NE,0.1361296037735849,2
gex_possorted_bam_1WGCZ:ATGGCCCAGTTTGCGGx-M2,Generalist_NE,0.1417275471698113,1
gex_possorted_bam_1WGCZ:ATGCTTAAGGCTAATCx-M2,Arc_6,0.15575537735849054,5
gex_possorted_bam_1WGCZ:ATGTCATCAAGGTAACx-M2,Generalist_NE,0.15640681132075474,3
gex_possorted_bam_1WGCZ:ATGCCTGAGCTGCACAx-M2,Arc_6,0.17417618867924534,6
gex_possorted_bam_1WGCZ:ATGTTTGAGCTTAGTAx-M2,Arc_1,0.16173283018867923,5
gex_possorted_bam_1WGCZ:ATGTCCACATAGCTGCx-M2,Generalist_NE,0.15099515094339622,4
gex_possorted_bam_1WGCZ:ATTAGGTGTCACAGACx-M2,Generalist_NE,0.19505305660377362,7
gex_possorted_bam_1WGCZ:ATGGACAAGGCTGGCTx-M2,Generalist_NE,0.15290554716981133,4
gex_possorted_bam_1WGCZ:ATTAGGTGTATTTGGGx-M2,Generalist_NE,0.1401599245283019,3
gex_possorted_bam_1WGCZ:ATTACCGCAATAAGCAx-M2,Arc_4,0.10927164150943396,2
gex_possorted_bam_1WGCZ:ATTAGTCCATGCATATx-M2,Generalist_NE,0.1372049622641509,3
gex_possorted_bam_1WGCZ:ATGGTCTAGGAGGTTAx-M2,Generalist_NE,0.13152467924528302,1
gex_possorted_bam_1WGCZ:ATGGTTATCCCGCATTx-M2,Generalist_NE,0.23518790566037734,9
gex_possorted_bam_1WGCZ:ATTAGCTCACGTAAGGx-M2,Arc_5,0.15425841509433963,5
gex_possorted_bam_1WGCZ:ATTACGTCACCTACTTx-M2,Generalist_NE,0.1437639245283019,4
gex_possorted_bam_1WGCZ:ATTATGGTCCTTGTTGx-M2,Generalist_NE,0.15723760377358495,2
gex_possorted_bam_1WGCZ:ATTACCCGTTGGCCGAx-M2,Arc_4,0.10126513207547168,1
gex_possorted_bam_1WGCZ:ATTAGGTGTAATCGTGx-M2,Generalist_NE,0.14336564150943398,3
gex_possorted_bam_1WGCZ:CAAACGCGTCCTTAGTx-M2,Generalist_NE,0.18038039622641508,6
gex_possorted_bam_1WGCZ:CAAGAACCAAGTGTTTx-M2,Generalist_NE,0.19219937735849058,7
gex_possorted_bam_1WGCZ:ATTTAGCCAAATACCTx-M2,Arc_6,0.14051088679245283,3
gex_possorted_bam_1WGCZ:ATTGTCCGTCTTTGACx-M2,Generalist_NE,0.13501711320754717,2
gex_possorted_bam_1WGCZ:ATTGCTCGTTAGAGCCx-M2,Generalist_NE,0.14010869811320756,3
gex_possorted_bam_1WGCZ:ATTTAGCCACATAGCCx-M2,Generalist_NE,0.16439496226415093,4
gex_possorted_bam_1WGCZ:CAACTAATCTTACTCGx-M2,Generalist_NE,0.14326184905660377,3
gex_possorted_bam_1WGCZ:ATTTGCAAGGAACGCGx-M2,Arc_1,0.14374139622641507,4
gex_possorted_bam_1WGCZ:ATTTGTGAGTGAACCTx-M2,Arc_3,0.17299828301886794,6
gex_possorted_bam_1WGCZ:CAACAGGCATCAATCGx-M2,Arc_1,0.14190143396226415,3
gex_possorted_bam_1WGCZ:ATTCAACCAATTGACTx-M2,Generalist_NE,0.14386771698113207,4
gex_possorted_bam_1WGCZ:ATTGACTCAATTGCGCx-M2,Generalist_nonNE,0.12766583018867925,2
gex_possorted_bam_1WGCZ:ATTGCACAGCACAGCCx-M2,Generalist_NE,0.13988862264150945,3
gex_possorted_bam_1WGCZ:CAAAGTGAGGAAGCACx-M2,Generalist_nonNE,0.12988549056603774,2
gex_possorted_bam_1WGCZ:ATTGACTCACCTAATGx-M2,Arc_4,0.10927164150943396,2
gex_possorted_bam_1WGCZ:ATTCCGGAGGAAGCTAx-M2,Generalist_NE,0.14781381132075472,3
gex_possorted_bam_1WGCZ:ATTGTCCGTGGCTTCCx-M2,Generalist_NE,0.1457727358490566,5
gex_possorted_bam_1WGCZ:ATTCACTTCCCTGATCx-M2,Generalist_NE,0.14554271698113208,3
gex_possorted_bam_1WGCZ:ATTCATGAGGATCACTx-M2,Generalist_NE,0.1521708679245283,4
gex_possorted_bam_1WGCZ:CAAACGCGTAGGTGTCx-M2,Arc_6,0.13501711320754717,2
gex_possorted_bam_1WGCZ:CAAACCGTCACAGCGCx-M2,Generalist_NE,0.22842894339622644,11
gex_possorted_bam_1WGCZ:CAACTAGGTTAGGACCx-M2,Generalist_NE,0.15736909433962268,4
gex_possorted_bam_1WGCZ:CAACAGGCACCTCGCTx-M2,Arc_6,0.17916250943396228,5
gex_possorted_bam_1WGCZ:ATTGTCCGTTATAGCGx-M2,Arc_4,0.10927164150943396,2
gex_possorted_bam_1WGCZ:CAAACATGTAACCAGCx-M2,Generalist_NE,0.1386723396226415,3
gex_possorted_bam_1WGCZ:ATTGAAGCAAATTGCTx-M2,Generalist_NE,0.21515088679245284,7
gex_possorted_bam_1WGCZ:CAAAGTGAGCTTTGGGx-M2,Generalist_NE,0.1668776037735849,7
gex_possorted_bam_1WGCZ:ATTGAAGCAAAGCTAAx-M2,Generalist_NE,0.15234979245283017,5
gex_possorted_bam_1WGCZ:CAAAGTGAGGGCTTATx-M2,Generalist_NE,0.13802333962264152,2
gex_possorted_bam_1WGCZ:ATTGAAGCAAGGTACGx-M2,Generalist_nonNE,0.13833198113207548,3
gex_possorted_bam_1WGCZ:ATTGCGCCAGTAGGATx-M2,Generalist_nonNE,0.12813832075471698,2
gex_possorted_bam_1WGCZ:ATTCAACCACAACAAAx-M2,Generalist_nonNE,0.13257669811320755,4
gex_possorted_bam_1WGCZ:ATTGCAGGTTGTGATGx-M2,Generalist_nonNE,0.12249398113207548,3
gex_possorted_bam_1WGCZ:CAACAGGCAGCGCTTGx-M2,Generalist_NE,0.22842894339622644,11
gex_possorted_bam_1WGCZ:CAAACACTCAGTATTGx-M2,Arc_4,0.10927164150943396,2
gex_possorted_bam_1WGCZ:ATTCACTTCCAGGGAGx-M2,Generalist_NE,0.1419179245283019,2
gex_possorted_bam_1WGCZ:ATTGGTTCAATGCCCGx-M2,Generalist_nonNE,0.12988549056603774,2
gex_possorted_bam_1WGCZ:ATTGCGCCAAGGTATAx-M2,Arc_4,0.10126513207547168,1
gex_possorted_bam_1WGCZ:CAAACTGGTAAAGCGGx-M2,Generalist_NE,0.1386723396226415,3
gex_possorted_bam_1WGCZ:ATTGAAGCAAGCTAAAx-M2,Generalist_nonNE,0.14624052830188677,4
gex_possorted_bam_1WGCZ:ATTGCGCCACAGGAATx-M2,Generalist_NE,0.1450774716981132,2
gex_possorted_bam_1WGCZ:ATTGCACAGGGTTATCx-M2,Generalist_nonNE,0.14271603773584904,4
gex_possorted_bam_1WGCZ:CAAGACAAGGCTACTGx-M2,Arc_6,0.18602975471698116,6
gex_possorted_bam_1WGCZ:ATTCAACCAGCCGCTAx-M2,Arc_4,0.13257669811320755,4
gex_possorted_bam_1WGCZ:ATTCAACCACTAAGTTx-M2,Generalist_NE,0.17916250943396228,5
gex_possorted_bam_1WGCZ:ATTTAGCCAAGCCACTx-M2,Arc_6,0.1705462264150944,5
gex_possorted_bam_1WGCZ:CAACAGGCACACAATTx-M2,Generalist_NE,0.16206415094339624,4
gex_possorted_bam_1WGCZ:ATTGCACAGTCACCAGx-M2,Generalist_nonNE,0.10927164150943396,2
gex_possorted_bam_1WGCZ:CAACCCTTCCTCACTAx-M2,Generalist_NE,0.13583681132075473,2
gex_possorted_bam_1WGCZ:CAAACAACACAATGTTx-M2,Arc_4,0.12249398113207548,3
gex_possorted_bam_1WGCZ:ATTGAAGCAGGTTATTx-M2,Arc_4,0.10927164150943396,2
gex_possorted_bam_1WGCZ:CAACAGGCAGAGGGAGx-M2,Arc_6,0.15794735849056604,6
gex_possorted_bam_1WGCZ:ATTCCTCCATAGGCGAx-M2,Arc_1,0.14100616981132078,4
gex_possorted_bam_1WGCZ:CAAACATGTTAAGCTGx-M2,Arc_4,0.10927164150943396,2
gex_possorted_bam_1WGCZ:CAAAGCGCAATCCTAGx-M2,Generalist_NE,0.152246,5
gex_possorted_bam_1WGCZ:ATTGTCCGTATTGCAGx-M2,Arc_1,0.3871368301886792,19
gex_possorted_bam_1WGCZ:ATTTGCGCAGCTCATAx-M2,Generalist_nonNE,0.14298701886792453,5
gex_possorted_bam_1WGCZ:ATTCCGGAGTTGTCAAx-M2,Generalist_NE,0.1327701132075472,2
gex_possorted_bam_1WGCZ:ATTGAAGCAGCAACAGx-M2,Generalist_nonNE,0.13257669811320755,4
gex_possorted_bam_1WGCZ:CAAACTGGTGGATTGCx-M2,Generalist_NE,0.14487609433962265,2
gex_possorted_bam_1WGCZ:ATTGCGCCAGAGGCTAx-M2,Generalist_NE,0.24142973584905664,9
gex_possorted_bam_1WGCZ:ATTGTGATCGCTCACTx-M2,Arc_6,0.14426990566037737,4
gex_possorted_bam_1WGCZ:ATTTGCAAGGCTACATx-M2,Arc_3,0.17854539622641513,7
gex_possorted_bam_1WGCZ:ATTGTGATCCTAATGAx-M2,Generalist_nonNE,0.10927164150943396,2
gex_possorted_bam_1WGCZ:ATTGCGCCACATAACTx-M2,Arc_6,0.13501711320754717,2
gex_possorted_bam_1WGCZ:ATTTGCGCAATAAGCAx-M2,Arc_4,0.10927164150943396,2
gex_possorted_bam_1WGCZ:CAAATCATCTGTTCATx-M2,Arc_4,0.1263202075471698,4
gex_possorted_bam_1WGCZ:CAAACACTCTCGCCTGx-M2,Generalist_NE,0.13802333962264152,2
gex_possorted_bam_1WGCZ:CAAACACTCCTCATCAx-M2,Generalist_NE,0.14051088679245283,3
gex_possorted_bam_1WGCZ:CAAACGCGTCGCAATAx-M2,Generalist_nonNE,0.16759228301886792,4
gex_possorted_bam_1WGCZ:ATTCGTTTCTCATCATx-M2,Generalist_NE,0.19488162264150946,5
gex_possorted_bam_1WGCZ:CAAACACTCCCATAGGx-M2,Generalist_NE,0.14382149056603774,4
gex_possorted_bam_1WGCZ:ATTCAACCAAATTGCTx-M2,Generalist_NE,0.1513143962264151,4
gex_possorted_bam_1WGCZ:CAAAGTGAGCAACATCx-M2,Generalist_NE,0.1336773396226415,3
gex_possorted_bam_1WGCZ:ATTGCAGGTGTTTGCTx-M2,Generalist_NE,0.14326184905660377,3
gex_possorted_bam_1WGCZ:ATTGCTCGTTCCTGTGx-M2,Arc_5,0.15249454716981134,2
gex_possorted_bam_1WGCZ:CAAACAACAAATACCTx-M2,Arc_4,0.10927164150943396,2
gex_possorted_bam_1WGCZ:CAAACATGTTACAAACx-M2,Generalist_NE,0.13706105660377357,1
gex_possorted_bam_1WGCZ:CAAGACAAGGAGCATAx-M2,Generalist_NE,0.17385232075471702,6
gex_possorted_bam_1WGCZ:ATTCCTCCAGGTTATTx-M2,Generalist_NE,0.14715441509433963,4
gex_possorted_bam_1WGCZ:ATTTGCGCAGTTTGTGx-M2,Arc_5,0.12969824528301888,2
gex_possorted_bam_1WGCZ:ATTTGTGAGCTGCACAx-M2,Arc_4,0.10927164150943396,2
gex_possorted_bam_1WGCZ:ATTGACTCACTAGGTCx-M2,Arc_5,0.13483488679245284,1
gex_possorted_bam_1WGCZ:CAATCTAAGCGGATTTx-M2,Generalist_NE,0.22619484905660378,9
gex_possorted_bam_1WGCZ:CAAGCTAGTTAGACCAx-M2,Generalist_NE,0.14622716981132075,4
gex_possorted_bam_1WGCZ:CAAGGTTTCAGCATTAx-M2,Generalist_NE,0.13459315094339622,2
gex_possorted_bam_1WGCZ:CACCTCAGTGGGAACAx-M2,Generalist_NE,0.15979116981132077,5
gex_possorted_bam_1WGCZ:CAATGTCAGCCTAATAx-M2,Generalist_nonNE,0.11138679245283017,3
gex_possorted_bam_1WGCZ:CAATAGCTCCAGGTTGx-M2,Arc_1,0.1617840566037736,4
gex_possorted_bam_1WGCZ:CAAGGTAAGGGACCTCx-M2,Arc_4,0.10927164150943396,2
gex_possorted_bam_1WGCZ:CACAATATCTAGCGTGx-M2,Generalist_NE,0.14128784905660377,4
gex_possorted_bam_1WGCZ:CAATAGCTCCTTGAGGx-M2,Generalist_NE,0.15927467924528307,4
gex_possorted_bam_1WGCZ:CACCAACCACGTTACAx-M2,Generalist_NE,0.13241781132075472,2
gex_possorted_bam_1WGCZ:CAATCCTGTGAGCAAGx-M2,Arc_4,0.12249398113207548,3
gex_possorted_bam_1WGCZ:CAATAGCTCTAGCTAAx-M2,Generalist_NE,0.14129101886792456,4
gex_possorted_bam_1WGCZ:CAATAAGCAAACCTATx-M2,Arc_1,0.1377940754716981,2
gex_possorted_bam_1WGCZ:CACGCAATCCCTGGAAx-M2,Arc_6,0.1624710188679246,3
gex_possorted_bam_1WGCZ:CAAGCTAGTTCCTGTGx-M2,Generalist_NE,0.26036837735849055,11
gex_possorted_bam_1WGCZ:CACAGGCTCATTTGCTx-M2,Arc_1,0.1632198679245283,6
gex_possorted_bam_1WGCZ:CACCTGTTCCTCAGCTx-M2,Generalist_NE,0.13706105660377357,1
gex_possorted_bam_1WGCZ:CACCGGTAGTGGACAAx-M2,Generalist_nonNE,0.1482511320754717,3
gex_possorted_bam_1WGCZ:CAAGTATGTTCCGCACx-M2,Generalist_nonNE,0.10927164150943396,2
gex_possorted_bam_1WGCZ:CAAGCTAGTGTTTGCTx-M2,Generalist_nonNE,0.12795343396226416,3
gex_possorted_bam_1WGCZ:CAATGAACACCAACCGx-M2,Generalist_NE,0.22081843396226417,9
gex_possorted_bam_1WGCZ:CAATGACTCGTTTCCAx-M2,Generalist_nonNE,0.14389075471698112,3
gex_possorted_bam_1WGCZ:CAATCTAAGGATAAACx-M2,Arc_4,0.1343020566037736,3
gex_possorted_bam_1WGCZ:CACCTCAGTTTGCTGTx-M2,Generalist_NE,0.14723696226415095,5
gex_possorted_bam_1WGCZ:CAAGTAACATGAATCTx-M2,Arc_5,0.1357346603773585,3
gex_possorted_bam_1WGCZ:CAAGGCTGTTATCCGTx-M2,Generalist_NE,0.16695513207547175,5
gex_possorted_bam_1WGCZ:CACAAGCGTCACAGCGx-M2,Arc_1,0.3096019433962264,13
gex_possorted_bam_1WGCZ:CAAGGTAAGGCTACATx-M2,Generalist_nonNE,0.13003764150943395,4
gex_possorted_bam_1WGCZ:CAAGTGAAGGCTGGCTx-M2,Arc_3,0.17448522641509437,7
gex_possorted_bam_1WGCZ:CAATGAACAGGCTTCGx-M2,Generalist_NE,0.12517398113207548,0
gex_possorted_bam_1WGCZ:CAATGAACAGTTAGCCx-M2,Arc_6,0.1704618301886793,6
gex_possorted_bam_1WGCZ:CACAGGCTCACTAAGCx-M2,Generalist_NE,0.20501792452830192,8
gex_possorted_bam_1WGCZ:CAAGTAACATAATCCGx-M2,Arc_1,0.26981950943396227,11
gex_possorted_bam_1WGCZ:CAATGCCCAGCTAACCx-M2,Generalist_NE,0.14386771698113207,4
gex_possorted_bam_1WGCZ:CACCAACCAGCATGGAx-M2,Arc_5,0.14715700000000004,5
gex_possorted_bam_1WGCZ:CAAGGTTTCCGGTTAGx-M2,Generalist_NE,0.14437369811320755,4
gex_possorted_bam_1WGCZ:CACGCAATCCTTGTTGx-M2,Arc_6,0.1655359056603774,4
gex_possorted_bam_1WGCZ:CAATGAACAGGCGATAx-M2,Generalist_NE,0.1477244716981132,3
gex_possorted_bam_1WGCZ:CAATATGTCCAGGTCAx-M2,Generalist_nonNE,0.10927164150943396,2
gex_possorted_bam_1WGCZ:CAAGTATGTGATGAAAx-M2,Generalist_NE,0.1522766037735849,3
gex_possorted_bam_1WGCZ:CAAGGGAGTAAAGCGGx-M2,Generalist_nonNE,0.1482511320754717,3
gex_possorted_bam_1WGCZ:CAATCGCCATTAAGTCx-M2,Arc_6,0.1741217735849057,5
gex_possorted_bam_1WGCZ:CACATAATCGCATTAAx-M2,Generalist_NE,0.1377940754716981,2
gex_possorted_bam_1WGCZ:CAATAAGCACAGGGACx-M2,Generalist_NE,0.1316233396226415,2
gex_possorted_bam_1WGCZ:CACATTAAGCTGGACCx-M2,Generalist_NE,0.16468828301886793,4
gex_possorted_bam_1WGCZ:CAAGGCTGTTTACGTCx-M2,Generalist_nonNE,0.13561477358490565,3
gex_possorted_bam_1WGCZ:CACCTGTTCGAGCTATx-M2,Generalist_NE,0.1656941132075472,5
gex_possorted_bam_1WGCZ:CAAGCTAGTCGTTACTx-M2,Generalist_NE,0.13857318867924528,3
gex_possorted_bam_1WGCZ:CAATGTGGTCATAACGx-M2,Generalist_NE,0.17153718867924533,7
gex_possorted_bam_1WGCZ:CACAGGCTCTACCTGCx-M2,Arc_5,0.16548558490566037,3
gex_possorted_bam_1WGCZ:CAATGTCAGTGAACAGx-M2,Generalist_NE,0.14314616981132075,4
gex_possorted_bam_1WGCZ:CACCTGTTCCTTAGTTx-M2,Generalist_NE,0.14075200000000002,3
gex_possorted_bam_1WGCZ:CAATAAGCAGTACCGTx-M2,Generalist_NE,0.14669579245283018,3
gex_possorted_bam_1WGCZ:CACATACAGCAAGGTAx-M2,Generalist_NE,0.1545439433962264,6
gex_possorted_bam_1WGCZ:CACAAGCGTGCTCCGTx-M2,Arc_5,0.14323315094339623,3
gex_possorted_bam_1WGCZ:CACCTCAGTGTTTGCTx-M2,Generalist_NE,0.13093422641509433,1
gex_possorted_bam_1WGCZ:CACGCAATCTGTGCAGx-M2,Generalist_nonNE,0.12297830188679247,1
gex_possorted_bam_1WGCZ:CAATCCCTCTAAGTGCx-M2,Arc_4,0.12263977358490566,3
gex_possorted_bam_1WGCZ:CACGCTAAGGCGCACTx-M2,Generalist_nonNE,0.12988549056603774,2
gex_possorted_bam_1WGCZ:CAAGGCTGTTAGCCAAx-M2,Generalist_NE,0.23758066037735853,12
gex_possorted_bam_1WGCZ:CAAGCTAGTACTTAGGx-M2,Generalist_NE,0.134913320754717,2
gex_possorted_bam_1WGCZ:CAAGTGAAGTTCCTGCx-M2,Generalist_NE,0.17457079245283022,6
gex_possorted_bam_1WGCZ:CAATGTGGTTAACGGCx-M2,Generalist_NE,0.15250233962264154,4
gex_possorted_bam_1WGCZ:CAATGCCCATGTCAGCx-M2,Arc_6,0.1491950754716981,4
gex_possorted_bam_1WGCZ:CAATCTAAGGCGCTTAx-M2,Generalist_NE,0.14603458490566038,3
gex_possorted_bam_1WGCZ:CACATACAGGCACAGGx-M2,Arc_4,0.12249398113207548,3
gex_possorted_bam_1WGCZ:CAAGTGAAGATTGAGGx-M2,Arc_4,0.10927164150943396,2
gex_possorted_bam_1WGCZ:CAAGTTATCATGTTTCx-M2,Arc_6,0.19811218867924527,8
gex_possorted_bam_1WGCZ:CAAGTTATCCGCAAATx-M2,Generalist_NE,0.15634283018867928,3
gex_possorted_bam_1WGCZ:CACCGGTAGCAGGTGGx-M2,Generalist_NE,0.1517569811320755,4
gex_possorted_bam_1WGCZ:CACAATATCCTAAGTAx-M2,Generalist_NE,0.13706105660377357,1
gex_possorted_bam_1WGCZ:CAAGGCCTCAATAGCCx-M2,Generalist_nonNE,0.12766583018867925,2
gex_possorted_bam_1WGCZ:CAAGGCTGTTTATCGCx-M2,Arc_1,0.16444654716981133,5
gex_possorted_bam_1WGCZ:CAATCTAAGCTAATTGx-M2,Generalist_NE,0.15634283018867928,3
gex_possorted_bam_1WGCZ:CACCAACCAAGGTCGAx-M2,Arc_6,0.15780609433962264,6
gex_possorted_bam_1WGCZ:CAATAAGCAGTTTGTGx-M2,Generalist_NE,0.239904641509434,8
gex_possorted_bam_1WGCZ:CAAGGTAAGCTCAAACx-M2,Arc_1,0.38949383018867917,21
gex_possorted_bam_1WGCZ:CAAGTATGTAGGTTGCx-M2,Generalist_NE,0.13640128301886792,4
gex_possorted_bam_1WGCZ:CAATCTAAGGGACCTCx-M2,Generalist_NE,0.13640128301886792,4
gex_possorted_bam_1WGCZ:CACCTCAGTTTAGCGAx-M2,Arc_1,0.3503081886792453,16
gex_possorted_bam_1WGCZ:CAAGACAAGTAACCACx-M2,Arc_5,0.13602581132075472,2
gex_possorted_bam_1WGCZ:CAGGTGGAGTATCGCGx-M2,Generalist_NE,0.154937,5
gex_possorted_bam_1WGCZ:CAGGTTTAGTTGTCTTx-M2,Generalist_NE,0.2869674528301887,12
gex_possorted_bam_1WGCZ:CATAATCCAAAGCGCAx-M2,Generalist_nonNE,0.10927164150943396,2
gex_possorted_bam_1WGCZ:CAGAATCTCCGTCCATx-M2,Arc_1,0.1679869811320755,5
gex_possorted_bam_1WGCZ:CACTGACCATCATGTGx-M2,Generalist_NE,0.1372049622641509,3
gex_possorted_bam_1WGCZ:CATAGACTCTTGTCTGx-M2,Arc_6,0.16886279245283023,6
gex_possorted_bam_1WGCZ:CATCAATCAGAGGCTAx-M2,Generalist_NE,0.21247156603773587,10
gex_possorted_bam_1WGCZ:CAGGGTGAGCAGCTATx-M2,Generalist_NE,0.13989971698113207,3
gex_possorted_bam_1WGCZ:CATAACGGTTGCAATGx-M2,Generalist_NE,0.15357996226415094,5
gex_possorted_bam_1WGCZ:CAGAACCGTCTTACTAx-M2,Arc_1,0.15773569811320756,4
gex_possorted_bam_1WGCZ:CAGAACCGTCTAACCTx-M2,Arc_4,0.10927164150943396,2
gex_possorted_bam_1WGCZ:CAGGTTAGTGACATGCx-M2,Arc_1,0.15978335849056607,2
gex_possorted_bam_1WGCZ:CAGGTTTAGTTAGAGGx-M2,Generalist_NE,0.14715441509433963,4
gex_possorted_bam_1WGCZ:CATATCGCAGCTACGTx-M2,Arc_4,0.14269571698113206,5
gex_possorted_bam_1WGCZ:CAGGGTGAGCAAGGGTx-M2,Generalist_NE,0.17056198113207546,6
gex_possorted_bam_1WGCZ:CATCAATCAACTGGCTx-M2,Generalist_NE,0.19532084905660377,6
gex_possorted_bam_1WGCZ:CAGTATGGTTGCACGGx-M2,Generalist_NE,0.13859862264150943,3
gex_possorted_bam_1WGCZ:CACGCTAAGGCTACATx-M2,Generalist_NE,0.22842894339622644,11
gex_possorted_bam_1WGCZ:CAGGACACATAGCGGAx-M2,Generalist_nonNE,0.13257669811320755,4
gex_possorted_bam_1WGCZ:CACTTAAAGTAACAGGx-M2,Arc_6,0.14560247169811322,4
gex_possorted_bam_1WGCZ:CAGCTATAGGATTGAGx-M2,Arc_1,0.39067490566037727,21
gex_possorted_bam_1WGCZ:CATAACGGTTCGCTTGx-M2,Generalist_NE,0.15054011320754718,2
gex_possorted_bam_1WGCZ:CAGCATTAGGTTACACx-M2,Arc_4,0.10927164150943396,2
gex_possorted_bam_1WGCZ:CAGGTCCAGTTTGTCTx-M2,Generalist_NE,0.15634283018867928,3
gex_possorted_bam_1WGCZ:CAGCATTAGCTCGCTTx-M2,Generalist_NE,0.178587320754717,7
gex_possorted_bam_1WGCZ:CACTAGCCACCCACCTx-M2,Generalist_NE,0.1359406037735849,2
gex_possorted_bam_1WGCZ:CACTTAAAGTGCACGCx-M2,Arc_6,0.17165064150943402,6
gex_possorted_bam_1WGCZ:CACTGACCAACAGCCTx-M2,Arc_5,0.2133662452830189,7
gex_possorted_bam_1WGCZ:CAGGTTAGTCACAGCGx-M2,Generalist_nonNE,0.10126513207547168,1
gex_possorted_bam_1WGCZ:CAGCCTTTCTTAGCCCx-M2,Arc_6,0.128118,1
gex_possorted_bam_1WGCZ:CAGCATTAGCAGCTATx-M2,Arc_4,0.10927164150943396,2
gex_possorted_bam_1WGCZ:CAGTATGGTCTAACAGx-M2,Arc_1,0.14204215094339623,2
gex_possorted_bam_1WGCZ:CATAGGTTCATTATGGx-M2,Arc_6,0.17726047169811324,8
gex_possorted_bam_1WGCZ:CAGGTGGAGTTATCCTx-M2,Generalist_NE,0.13717330188679247,3
gex_possorted_bam_1WGCZ:CAGGTGGAGTCCTTCAx-M2,Generalist_NE,0.1789283773584906,6
gex_possorted_bam_1WGCZ:CACTTAAAGTGATTCAx-M2,Arc_2,0.1570190188679245,5
gex_possorted_bam_1WGCZ:CAGCTCAAGACAAAGTx-M2,Arc_3,0.18279141509433966,7
gex_possorted_bam_1WGCZ:CAGGACCTCGAAGTGAx-M2,Generalist_NE,0.14491245283018866,2
gex_possorted_bam_1WGCZ:CATATCGCAGGTATTTx-M2,Generalist_NE,0.1327701132075472,2
gex_possorted_bam_1WGCZ:CAGTACCCAGCTTAATx-M2,Generalist_nonNE,0.10927164150943396,2
gex_possorted_bam_1WGCZ:CACTTTGTCAAGCCTGx-M2,Arc_4,0.10126513207547168,1
gex_possorted_bam_1WGCZ:CATATCGCAGGATGGCx-M2,Arc_6,0.16206415094339624,4
gex_possorted_bam_1WGCZ:CATAGACTCCCTCGCAx-M2,Generalist_NE,0.22485660377358488,8
gex_possorted_bam_1WGCZ:CAGCCAATCTAAGGAGx-M2,Generalist_NE,0.14051088679245283,3
gex_possorted_bam_1WGCZ:CATAATGTCATTGCGGx-M2,Generalist_NE,0.1372049622641509,3
gex_possorted_bam_1WGCZ:CAGGAAGGTTAGGCTAx-M2,Generalist_NE,0.128118,1
gex_possorted_bam_1WGCZ:CACTTTGTCTTAATGGx-M2,Generalist_NE,0.14061467924528304,3
gex_possorted_bam_1WGCZ:CAGAATCTCTAAATCGx-M2,Generalist_nonNE,0.13909969811320755,3
gex_possorted_bam_1WGCZ:CATAGTCAGCTCCCTGx-M2,Generalist_nonNE,0.12249398113207548,3
gex_possorted_bam_1WGCZ:CATAACGGTAACGGGAx-M2,Generalist_NE,0.13355290566037736,2
gex_possorted_bam_1WGCZ:CAGCTAAGTTGACTTCx-M2,Arc_6,0.16886279245283023,6
gex_possorted_bam_1WGCZ:CACTGACCAAGCCACTx-M2,Generalist_NE,0.16900020754716985,6
gex_possorted_bam_1WGCZ:CAGGAAGGTCACGAACx-M2,Arc_4,0.10927164150943396,2
gex_possorted_bam_1WGCZ:CAGATTCAGGTGCGGAx-M2,Generalist_NE,0.15249454716981134,2
gex_possorted_bam_1WGCZ:CACTGACCAAACCTTGx-M2,Arc_5,0.1327701132075472,2
gex_possorted_bam_1WGCZ:CATAAGCTCTGGCAATx-M2,Generalist_NE,0.134913320754717,2
gex_possorted_bam_1WGCZ:CATAATGTCGTTAAGCx-M2,Generalist_NE,0.16025835849056605,5
gex_possorted_bam_1WGCZ:CATAGCTAGACAAGTGx-M2,Generalist_nonNE,0.10927164150943396,2
gex_possorted_bam_1WGCZ:CAGAACCGTGATCAGCx-M2,Generalist_NE,0.18421979245283024,6
gex_possorted_bam_1WGCZ:CACTGACCAACTAGGGx-M2,Generalist_NE,0.13386322641509435,1
gex_possorted_bam_1WGCZ:CAGAATCTCTTGCAGGx-M2,Generalist_NE,0.14323315094339623,3
gex_possorted_bam_1WGCZ:CAGGACCTCCAACTGGx-M2,Generalist_nonNE,0.10126513207547168,1
gex_possorted_bam_1WGCZ:CAGATTCAGGTCCGTAx-M2,Generalist_NE,0.16120658490566037,3
gex_possorted_bam_1WGCZ:CAGGATGCAATTTGGTx-M2,Generalist_NE,0.1461929245283019,4
gex_possorted_bam_1WGCZ:CATAGACTCCGTCCATx-M2,Arc_5,0.15805860377358494,3
gex_possorted_bam_1WGCZ:CACTAAGGTTCAAGCAx-M2,Arc_4,0.10927164150943396,2
gex_possorted_bam_1WGCZ:CAGCTCAAGCTAATTGx-M2,Generalist_NE,0.1496979433962264,4
gex_possorted_bam_1WGCZ:CAGGCTATCCATAATGx-M2,Arc_5,0.15579086792452831,3
gex_possorted_bam_1WGCZ:CAGGACACAAGGATTAx-M2,Generalist_NE,0.13706105660377357,1
gex_possorted_bam_1WGCZ:CATATCGCACCGGTATx-M2,Arc_4,0.10426360377358489,1
gex_possorted_bam_1WGCZ:CACTGACCATTATGACx-M2,Arc_5,0.1385766603773585,3
gex_possorted_bam_1WGCZ:CAGGTCCAGTAGCGGGx-M2,Generalist_NE,0.3216516603773585,13
gex_possorted_bam_1WGCZ:CATAGTCAGAGGATATx-M2,Generalist_NE,0.15544671698113208,5
gex_possorted_bam_1WGCZ:CAGGAAGGTCAGTAATx-M2,Generalist_NE,0.14570626415094343,4
gex_possorted_bam_1WGCZ:CAGGAAGGTGACATGCx-M2,Generalist_nonNE,0.12263977358490566,3
gex_possorted_bam_1WGCZ:CACTTAAAGTCATTAGx-M2,Arc_4,0.10927164150943396,2
gex_possorted_bam_1WGCZ:CAGGAAGGTTAGGCGTx-M2,Generalist_nonNE,0.18084573584905658,6
gex_possorted_bam_1WGCZ:CATAGCTAGAGAGGCTx-M2,Generalist_NE,0.16444654716981133,5
gex_possorted_bam_1WGCZ:CAGCTATAGGACCTCAx-M2,Generalist_NE,0.13753716981132075,3
gex_possorted_bam_1WGCZ:CATAGCTAGGGACCTCx-M2,Arc_4,0.12249398113207548,3
gex_possorted_bam_1WGCZ:CATATCGCATGTTGGCx-M2,Generalist_NE,0.15707533962264153,3
gex_possorted_bam_1WGCZ:CATAGTCAGTTTAACGx-M2,Generalist_nonNE,0.12988549056603774,2
gex_possorted_bam_1WGCZ:CATAGGTTCCGCCTCAx-M2,Generalist_NE,0.14530360377358492,3
gex_possorted_bam_1WGCZ:CATAATGTCATGGCTGx-M2,Generalist_NE,0.14669579245283018,3
gex_possorted_bam_1WGCZ:CACTTAAAGCAAGGGTx-M2,Generalist_NE,0.134913320754717,2
gex_possorted_bam_1WGCZ:CAGGACACACTGACCGx-M2,Generalist_nonNE,0.12879743396226415,3
gex_possorted_bam_1WGCZ:CAGGGTGAGTAGCGGGx-M2,Generalist_NE,0.14061467924528304,3
gex_possorted_bam_1WGCZ:CAGGTGGAGTAATCCAx-M2,Generalist_NE,0.1624710188679246,3
gex_possorted_bam_1WGCZ:CAGGACACAGAAATGCx-M2,Generalist_NE,0.34066747169811323,11
gex_possorted_bam_1WGCZ:CCACTTGGTCGTAAATx-M2,Generalist_NE,0.1463312830188679,3
gex_possorted_bam_1WGCZ:CATTTGTTCACTAGGTx-M2,Generalist_nonNE,0.14027950943396225,3
gex_possorted_bam_1WGCZ:CCACAGGGTGGATTCAx-M2,Generalist_NE,0.12870845283018867,1
gex_possorted_bam_1WGCZ:CATTATGAGACCATACx-M2,Arc_4,0.10927164150943396,2
gex_possorted_bam_1WGCZ:CATTTGTTCGAGGAACx-M2,Arc_6,0.14386771698113207,4
gex_possorted_bam_1WGCZ:CCAAATCAGCTCGCTTx-M2,Generalist_NE,0.28143667924528304,12
gex_possorted_bam_1WGCZ:CCACAATAGCATTATGx-M2,Arc_6,0.18890039622641516,6
gex_possorted_bam_1WGCZ:CCACATTGTATTGGATx-M2,Arc_5,0.1479514716981132,5
gex_possorted_bam_1WGCZ:CATTATGAGCTTAGTAx-M2,Generalist_NE,0.1421905849056604,3
gex_possorted_bam_1WGCZ:CCACTTGGTGTCACGGx-M2,Arc_6,0.16886279245283023,6
gex_possorted_bam_1WGCZ:CATTGTAAGCACAGCCx-M2,Arc_5,0.13788947169811322,3
gex_possorted_bam_1WGCZ:CATGCATAGTGAGGGTx-M2,Generalist_nonNE,0.15312469811320756,4
gex_possorted_bam_1WGCZ:CCAAGGCTCCACCCTGx-M2,Generalist_nonNE,0.12333552830188681,3
gex_possorted_bam_1WGCZ:CATTCCTCATAAGTCTx-M2,Arc_6,0.149058,4
gex_possorted_bam_1WGCZ:CCACAATAGTATTGCAx-M2,Generalist_NE,0.2163114150943396,8
gex_possorted_bam_1WGCZ:CCAACATAGCTGAGGGx-M2,Arc_5,0.1385766603773585,3
gex_possorted_bam_1WGCZ:CATTCATTCGTCAAGTx-M2,Generalist_NE,0.15373849056603772,4
gex_possorted_bam_1WGCZ:CATCATAAGCTGCACAx-M2,Generalist_NE,0.26617354716981134,10
gex_possorted_bam_1WGCZ:CATTCATTCTGCAAACx-M2,Generalist_NE,0.13802333962264152,2
gex_possorted_bam_1WGCZ:CATTCCTCAAGGCCAAx-M2,Arc_5,0.14251349056603774,4
gex_possorted_bam_1WGCZ:CATCCTGGTGCTAGACx-M2,Arc_4,0.13257669811320755,4
gex_possorted_bam_1WGCZ:CCAAACCCAGGACCTTx-M2,Generalist_nonNE,0.132868,4
gex_possorted_bam_1WGCZ:CATGCGCAGTTAGGCTx-M2,Generalist_NE,0.17545988679245286,7
gex_possorted_bam_1WGCZ:CATCACACATTGCGGTx-M2,Generalist_NE,0.14494245283018867,1
gex_possorted_bam_1WGCZ:CATGCATAGTTTCCTGx-M2,Generalist_nonNE,0.13545824528301886,3
gex_possorted_bam_1WGCZ:CATTGCGAGGACGTAAx-M2,Generalist_NE,0.14869996226415094,3
gex_possorted_bam_1WGCZ:CATCCTGGTTAATGACx-M2,Arc_4,0.12446333962264153,4
gex_possorted_bam_1WGCZ:CCAACCAAGAGAAGGGx-M2,Generalist_NE,0.15297079245283018,5
gex_possorted_bam_1WGCZ:CCAACCCGTTTGAGGCx-M2,Generalist_NE,0.14439509433962264,3
gex_possorted_bam_1WGCZ:CATCCCAGTTTCAGGAx-M2,Arc_4,0.12249398113207548,3
gex_possorted_bam_1WGCZ:CATTCCTCAAAGCGCAx-M2,Arc_6,0.14010869811320756,3
gex_possorted_bam_1WGCZ:CCAAATCAGACAACGAx-M2,Generalist_NE,0.14202171698113208,2
gex_possorted_bam_1WGCZ:CATTATCTCTCAATGAx-M2,Generalist_nonNE,0.1482511320754717,3
gex_possorted_bam_1WGCZ:CATTTGTTCAGGCTATx-M2,Generalist_NE,0.14847103773584905,4
gex_possorted_bam_1WGCZ:CATTATCTCAGGCTATx-M2,Generalist_NE,0.1560180754716981,4
gex_possorted_bam_1WGCZ:CATGCAAGTTTGCGAAx-M2,Generalist_NE,0.13707250943396226,1
gex_possorted_bam_1WGCZ:CATTGCGAGAATCTCAx-M2,Generalist_NE,0.14162703773584906,2
gex_possorted_bam_1WGCZ:CATGCATAGAGCCGCTx-M2,Arc_1,0.1998022830188679,5
gex_possorted_bam_1WGCZ:CATCACACACCTCGCTx-M2,Arc_4,0.12470732075471698,2
gex_possorted_bam_1WGCZ:CATTCCTCATCCAGGTx-M2,Arc_6,0.1434991886792453,3
gex_possorted_bam_1WGCZ:CCAAACCCAGGCGAGTx-M2,Generalist_nonNE,0.1482511320754717,3
gex_possorted_bam_1WGCZ:CATGCAAGTAGGTTTGx-M2,Arc_6,0.16206415094339624,4
gex_possorted_bam_1WGCZ:CCACTTGGTTGAGGTCx-M2,Generalist_nonNE,0.10927164150943396,2
gex_possorted_bam_1WGCZ:CCAAACTAGCTTTGGGx-M2,Generalist_NE,0.15752535849056606,3
gex_possorted_bam_1WGCZ:CATCGCTTCAATGTGCx-M2,Generalist_NE,0.13643971698113208,2
gex_possorted_bam_1WGCZ:CCAACCCGTGCTCCGTx-M2,Generalist_nonNE,0.10426360377358489,1
gex_possorted_bam_1WGCZ:CCACTTGGTCCTTCTCx-M2,Generalist_NE,0.15748537735849058,1
gex_possorted_bam_1WGCZ:CATCAATCAGGCATGAx-M2,Generalist_nonNE,0.1343020566037736,3
gex_possorted_bam_1WGCZ:CCAAGTTAGCTCCTTAx-M2,Arc_4,0.10927164150943396,2
gex_possorted_bam_1WGCZ:CCACAGGGTTAAGTGTx-M2,Generalist_NE,0.14100616981132078,4
gex_possorted_bam_1WGCZ:CCAAGTTAGGTCCAATx-M2,Generalist_NE,0.13469324528301888,2
gex_possorted_bam_1WGCZ:CCAAGGCTCAACCAACx-M2,Arc_4,0.10927164150943396,2
gex_possorted_bam_1WGCZ:CATTCCTCAGTTAAAGx-M2,Generalist_NE,0.13501711320754717,2
gex_possorted_bam_1WGCZ:CATCCTCAGGACCTCAx-M2,Generalist_NE,0.14000490566037738,3
gex_possorted_bam_1WGCZ:CATGCATAGGTACCGCx-M2,Generalist_NE,0.15445166037735852,4
gex_possorted_bam_1WGCZ:CCAAGGCTCACCAATAx-M2,Arc_5,0.17527764150943395,4
gex_possorted_bam_1WGCZ:CCAACCCGTTCCGGGAx-M2,Generalist_NE,0.13355290566037736,2
gex_possorted_bam_1WGCZ:CCAAATCAGCTCCTTAx-M2,Generalist_NE,0.13802333962264152,2
gex_possorted_bam_1WGCZ:CATTCATTCCCGAAGCx-M2,Generalist_NE,0.13888462264150941,3
gex_possorted_bam_1WGCZ:CCACTTGGTTATTGCCx-M2,Generalist_NE,0.17298654716981135,4
gex_possorted_bam_1WGCZ:CATGCGGGTGACATATx-M2,Generalist_nonNE,0.10927164150943396,2
gex_possorted_bam_1WGCZ:CATGGATTCAGTTCCCx-M2,Generalist_NE,0.14000490566037738,3
gex_possorted_bam_1WGCZ:CATTCATTCGATTTGAx-M2,Generalist_NE,0.1556067358490566,5
gex_possorted_bam_1WGCZ:CCACAGGGTACAAAGAx-M2,Arc_1,0.22677964150943394,7
gex_possorted_bam_1WGCZ:CATCCTGGTCACGGATx-M2,Generalist_NE,0.13165375471698115,1
gex_possorted_bam_1WGCZ:CCAATATCAATGAGGTx-M2,Generalist_NE,0.18003356603773585,6
gex_possorted_bam_1WGCZ:CCAATATCATCATGTGx-M2,Generalist_NE,0.13562471698113207,2
gex_possorted_bam_1WGCZ:CATCATGCATGCATATx-M2,Generalist_NE,0.15408222641509436,5
gex_possorted_bam_1WGCZ:CATTATCTCACTCAAAx-M2,Generalist_NE,0.14205062264150947,3
gex_possorted_bam_1WGCZ:CATTATGAGGCATTGTx-M2,Generalist_NE,0.13853730188679247,2
gex_possorted_bam_1WGCZ:CATCCTCAGGTGCTGCx-M2,Generalist_NE,0.13187701886792455,2
gex_possorted_bam_1WGCZ:CATTTGTTCGTTACTTx-M2,Arc_6,0.1705462264150944,5
gex_possorted_bam_1WGCZ:CATTGCGAGCACTTGGx-M2,Generalist_NE,0.20855154716981134,9
gex_possorted_bam_1WGCZ:CCAACCCGTTGTGACAx-M2,Generalist_NE,0.13768356603773585,3
gex_possorted_bam_1WGCZ:CCAAACTAGTCTTGAAx-M2,Generalist_NE,0.14602222641509432,5
gex_possorted_bam_1WGCZ:CCAACCCGTTTGGCTTx-M2,Generalist_nonNE,0.16128905660377355,6
gex_possorted_bam_1WGCZ:CATCCTCAGACTAAGGx-M2,Generalist_NE,0.13501711320754717,2
gex_possorted_bam_1WGCZ:CATCACACATTATGACx-M2,Arc_6,0.134913320754717,2
gex_possorted_bam_1WGCZ:CCACAATAGCCACATGx-M2,Arc_4,0.10126513207547168,1
gex_possorted_bam_1WGCZ:CATTGTGCAGTCTAATx-M2,Arc_4,0.10927164150943396,2
gex_possorted_bam_1WGCZ:CCACTTGGTGTTTGTCx-M2,Generalist_NE,0.13501711320754717,2
gex_possorted_bam_1WGCZ:CATGGCGGTACCGTAAx-M2,Arc_1,0.23403201886792452,7
gex_possorted_bam_1WGCZ:CATGAGGCAGGCGAGTx-M2,Generalist_NE,0.14406122641509433,4
gex_possorted_bam_1WGCZ:CATTCCTCAAGTCGCTx-M2,Generalist_nonNE,0.13257669811320755,4
gex_possorted_bam_1WGCZ:CATCCCAGTTAGAGGGx-M2,Generalist_NE,0.13978483018867924,3
gex_possorted_bam_1WGCZ:CATGGATTCATCCTATx-M2,Arc_6,0.17055009433962265,5
gex_possorted_bam_1WGCZ:CCATCACTCGCTATAAx-M2,Generalist_NE,0.14548545283018868,4
gex_possorted_bam_1WGCZ:CCCAGTTTCTCTAGCCx-M2,Arc_1,0.16837294339622644,6
gex_possorted_bam_1WGCZ:CCAGCTGCAGCATGTCx-M2,Generalist_nonNE,0.10126513207547168,1
gex_possorted_bam_1WGCZ:CCGATGCAGGCACAGGx-M2,Arc_6,0.13501711320754717,2
gex_possorted_bam_1WGCZ:CCCTCATAGGATGATGx-M2,Generalist_nonNE,0.10927164150943396,2
gex_possorted_bam_1WGCZ:CCCAGTTTCCGCAAATx-M2,Generalist_NE,0.16563969811320758,4
gex_possorted_bam_1WGCZ:CCGACAGGTCGCGCAAx-M2,Generalist_NE,0.1385766603773585,3
gex_possorted_bam_1WGCZ:CCAGGAACAGGCTGTTx-M2,Arc_4,0.10927164150943396,2
gex_possorted_bam_1WGCZ:CCCAGCACAATACTGTx-M2,Generalist_NE,0.128118,1
gex_possorted_bam_1WGCZ:CCAGGATGTTCCTCCTx-M2,Generalist_NE,0.16131022641509435,4
gex_possorted_bam_1WGCZ:CCATTGTGTTGTCATCx-M2,Generalist_NE,0.1349454528301887,2
gex_possorted_bam_1WGCZ:CCAGGAACATGATTGTx-M2,Generalist_NE,0.14386771698113207,4
gex_possorted_bam_1WGCZ:CCATATTTCATTAGTGx-M2,Generalist_NE,0.17565830188679246,7
gex_possorted_bam_1WGCZ:CCAGCTAAGCTCAATAx-M2,Arc_4,0.13718807547169812,4
gex_possorted_bam_1WGCZ:CCGCAAATCGCTATAAx-M2,Generalist_NE,0.13706105660377357,1
gex_possorted_bam_1WGCZ:CCATATTTCTACTAAGx-M2,Generalist_NE,0.13459315094339622,2
gex_possorted_bam_1WGCZ:CCCGTTGTCGAAGTGAx-M2,Generalist_nonNE,0.12021894339622641,1
gex_possorted_bam_1WGCZ:CCCTCAGTCATTAGGCx-M2,Arc_4,0.10927164150943396,2
gex_possorted_bam_1WGCZ:CCCTCACCATCTAGCAx-M2,Generalist_NE,0.16383584905660378,4
gex_possorted_bam_1WGCZ:CCATAAATCACACAGTx-M2,Generalist_nonNE,0.11532901886792453,2
gex_possorted_bam_1WGCZ:CCAGTTTGTAACCTAGx-M2,Arc_4,0.10927164150943396,2
gex_possorted_bam_1WGCZ:CCATAAGGTGGAAACGx-M2,Generalist_nonNE,0.1259229811320755,2
gex_possorted_bam_1WGCZ:CCATAGCCATTCAGCAx-M2,Arc_6,0.18074841509433964,6
gex_possorted_bam_1WGCZ:CCAGCTGCAAGTTATCx-M2,Generalist_nonNE,0.12249398113207548,3
gex_possorted_bam_1WGCZ:CCCGTAAAGCTAATTGx-M2,Generalist_NE,0.13386322641509435,1
gex_possorted_bam_1WGCZ:CCCAGCACATCAGTATx-M2,Arc_5,0.18678783018867925,6
gex_possorted_bam_1WGCZ:CCCAATTGTACCCACCx-M2,Generalist_nonNE,0.12988549056603774,2
gex_possorted_bam_1WGCZ:CCATAAATCCTCATCAx-M2,Generalist_NE,0.13278449056603775,1
gex_possorted_bam_1WGCZ:CCATAAGGTGACATATx-M2,Arc_6,0.14854649056603772,5
gex_possorted_bam_1WGCZ:CCCTGTTAGGTGTTACx-M2,Generalist_NE,0.1653119056603774,4
gex_possorted_bam_1WGCZ:CCATAAGGTGGTGAGAx-M2,Generalist_NE,0.14570626415094343,4
gex_possorted_bam_1WGCZ:CCATAAGGTCACGAACx-M2,Generalist_NE,0.1378561320754717,2
gex_possorted_bam_1WGCZ:CCATAAATCGACCTGAx-M2,Generalist_NE,0.14759916981132076,5
gex_possorted_bam_1WGCZ:CCCTGGACAATTGCGCx-M2,Arc_4,0.12568911320754717,4
gex_possorted_bam_1WGCZ:CCCTTAATCGGTTTCCx-M2,Generalist_NE,0.13268069811320754,1
gex_possorted_bam_1WGCZ:CCAGGATGTGCGCAATx-M2,Generalist_nonNE,0.2512522075471698,12
gex_possorted_bam_1WGCZ:CCCTCAGTCTCATCATx-M2,Arc_5,0.1385766603773585,3
gex_possorted_bam_1WGCZ:CCATAAGGTTAAGGTTx-M2,Arc_6,0.1807196981132076,6
gex_possorted_bam_1WGCZ:CCGCAAGGTCACAGCGx-M2,Arc_5,0.14715700000000004,5
gex_possorted_bam_1WGCZ:CCGATGCAGCCTCTGTx-M2,Generalist_nonNE,0.1181798679245283,1
gex_possorted_bam_1WGCZ:CCCGTAAAGGTCCTGAx-M2,Arc_6,0.2714026037735849,8
gex_possorted_bam_1WGCZ:CCCATAACAGGCGATAx-M2,Generalist_NE,0.15822541509433963,6
gex_possorted_bam_1WGCZ:CCCTGGACAGGCTAAGx-M2,Generalist_NE,0.2067505849056604,5
gex_possorted_bam_1WGCZ:CCATTATTCGCTAGTGx-M2,Generalist_NE,0.14251349056603774,4
gex_possorted_bam_1WGCZ:CCCTCAGTCATGCATAx-M2,Arc_4,0.12835841509433962,4
gex_possorted_bam_1WGCZ:CCCAGTTTCAATGACCx-M2,Generalist_NE,0.16886279245283023,6
gex_possorted_bam_1WGCZ:CCAGCTGCACTTCACTx-M2,Arc_1,0.14421749056603775,2
gex_possorted_bam_1WGCZ:CCCTCACCACATAGCCx-M2,Generalist_NE,0.14539975471698113,4
gex_possorted_bam_1WGCZ:CCAGCTGCAGGACCTTx-M2,Generalist_NE,0.19072920754716985,4
gex_possorted_bam_1WGCZ:CCGATGCAGATAGACGx-M2,Generalist_NE,0.1535289433962264,6
gex_possorted_bam_1WGCZ:CCCTAATGTGATTTGGx-M2,Generalist_NE,0.14709681132075472,4
gex_possorted_bam_1WGCZ:CCATAATCATTAAACCx-M2,Generalist_nonNE,0.199718320754717,8
gex_possorted_bam_1WGCZ:CCCAAACCAGCTTACAx-M2,Generalist_NE,0.14003077358490565,2
gex_possorted_bam_1WGCZ:CCATCATGTATTGGATx-M2,Generalist_NE,0.15569630188679245,5
gex_possorted_bam_1WGCZ:CCATAAATCCCATAAAx-M2,Generalist_NE,0.13341062264150944,2
gex_possorted_bam_1WGCZ:CCAGCTAAGGGACCTCx-M2,Generalist_NE,0.1463404716981132,4
gex_possorted_bam_1WGCZ:CCAGGATGTATGGTGCx-M2,Generalist_NE,0.177119,5
gex_possorted_bam_1WGCZ:CCATAAATCAGGCCTAx-M2,Generalist_NE,0.18624218867924527,5
gex_possorted_bam_1WGCZ:CCATAAGGTTGCTGGGx-M2,Generalist_NE,0.14386771698113207,4
gex_possorted_bam_1WGCZ:CCGATGCAGTGAAGTGx-M2,Generalist_NE,0.13241781132075472,2
gex_possorted_bam_1WGCZ:CCATCACTCACTAATGx-M2,Arc_1,0.12103718867924528,2
gex_possorted_bam_1WGCZ:CCAGTTTGTTGCGGATx-M2,Generalist_nonNE,0.13833198113207548,3
gex_possorted_bam_1WGCZ:CCATAGCCAGTAAGTAx-M2,Arc_6,0.16206415094339624,4
gex_possorted_bam_1WGCZ:CCCTCATAGCTCATAAx-M2,Arc_6,0.17577201886792457,5
gex_possorted_bam_1WGCZ:CCCGTTGTCCTTAATCx-M2,Generalist_NE,0.1359406037735849,2
gex_possorted_bam_1WGCZ:CCCTGGACACTAGCGTx-M2,Generalist_nonNE,0.13833198113207548,3
gex_possorted_bam_1WGCZ:CCATCACTCAGGAAGCx-M2,Arc_1,0.10927164150943396,2
gex_possorted_bam_1WGCZ:CCATAATCACCTAATGx-M2,Generalist_NE,0.14162703773584906,2
gex_possorted_bam_1WGCZ:CCCTTAATCACGCCAAx-M2,Generalist_NE,0.1386723396226415,3
gex_possorted_bam_1WGCZ:CCCAGTTTCGGCCAGTx-M2,Arc_5,0.1421449245283019,4
gex_possorted_bam_1WGCZ:CCGCAAATCGGTCAATx-M2,Arc_4,0.10927164150943396,2
gex_possorted_bam_1WGCZ:CCAGCTGCATAGCTGCx-M2,Generalist_NE,0.13241781132075472,2
gex_possorted_bam_1WGCZ:CCCAACCGTCAGGCATx-M2,Generalist_NE,0.26509001886792455,11
gex_possorted_bam_1WGCZ:CCCTAATGTGGACCTGx-M2,Generalist_NE,0.1931155849056604,8
gex_possorted_bam_1WGCZ:CCCAACCGTTATCCTAx-M2,Generalist_NE,0.15590143396226416,4
gex_possorted_bam_1WGCZ:CCCAAATAGTCCTGAGx-M2,Generalist_NE,0.1450277358490566,3
gex_possorted_bam_1WGCZ:CCATCACTCCTAGTTTx-M2,Arc_4,0.10927164150943396,2
gex_possorted_bam_1WGCZ:CCATCACTCGGCCAGTx-M2,Arc_6,0.1842540943396227,6
gex_possorted_bam_1WGCZ:CCATCACTCTCAATTCx-M2,Generalist_NE,0.14051088679245283,3
gex_possorted_bam_1WGCZ:CCCAACCGTGAGCAAGx-M2,Generalist_NE,0.1816755094339623,7
gex_possorted_bam_1WGCZ:CCGACAGGTTTACGTCx-M2,Arc_6,0.16886279245283023,6
gex_possorted_bam_1WGCZ:CCCAACCGTAGCCTCCx-M2,Generalist_NE,0.13706105660377357,1
gex_possorted_bam_1WGCZ:CCGTGCTGTATTGTGGx-M2,Generalist_NE,0.14000490566037738,3
gex_possorted_bam_1WGCZ:CCTATATTCCAGGTTGx-M2,Arc_6,0.1624710188679246,3
gex_possorted_bam_1WGCZ:CCTAATCGTAGCTGGTx-M2,Generalist_nonNE,0.15612764150943398,5
gex_possorted_bam_1WGCZ:CCGGTTAAGCATTAGCx-M2,Generalist_NE,0.1357141320754717,3
gex_possorted_bam_1WGCZ:CCGCTAAAGGCCTGGTx-M2,Generalist_NE,0.15640681132075474,3
gex_possorted_bam_1WGCZ:CCTATTGTCTCAATGAx-M2,Generalist_NE,0.1619972452830189,5
gex_possorted_bam_1WGCZ:CCTATTTAGGCGGATGx-M2,Arc_4,0.10927164150943396,2
gex_possorted_bam_1WGCZ:CCTAAGCCAAGCCACTx-M2,Generalist_NE,0.14061467924528304,3
gex_possorted_bam_1WGCZ:CCGCACACATTGTCAGx-M2,Arc_6,0.15399226415094341,4
gex_possorted_bam_1WGCZ:CCTGACTTCGGTACGCx-M2,Arc_4,0.12333552830188681,3
gex_possorted_bam_1WGCZ:CCTAAATCAGCAATAAx-M2,Generalist_nonNE,0.13987481132075472,4
gex_possorted_bam_1WGCZ:CCTAAGTAGCTAATTGx-M2,Arc_6,0.14386771698113207,4
gex_possorted_bam_1WGCZ:CCGCACACAATCTCTCx-M2,Arc_4,0.13833198113207548,3
gex_possorted_bam_1WGCZ:CCTACTTCAAGTTATCx-M2,Arc_4,0.12249398113207548,3
gex_possorted_bam_1WGCZ:CCGGTAGGTAATCGTGx-M2,Generalist_NE,0.13501711320754717,2
gex_possorted_bam_1WGCZ:CCGTTAACATGAGTTTx-M2,Generalist_nonNE,0.2449120943396226,12
gex_possorted_bam_1WGCZ:CCGTTGCGTAAGCTTGx-M2,Generalist_nonNE,0.12988549056603774,2
gex_possorted_bam_1WGCZ:CCTGGTAAGTCCTTCAx-M2,Arc_5,0.13376292452830188,2
gex_possorted_bam_1WGCZ:CCTAAATCACAGGATGx-M2,Generalist_nonNE,0.10941743396226415,2
gex_possorted_bam_1WGCZ:CCGTTAACAAGGTGGCx-M2,Generalist_NE,0.1349454528301887,2
gex_possorted_bam_1WGCZ:CCTGACTTCCAAATCAx-M2,Arc_1,0.1327701132075472,2
gex_possorted_bam_1WGCZ:CCTATATTCCTAAGTAx-M2,Generalist_NE,0.13921716981132073,3
gex_possorted_bam_1WGCZ:CCTGAATAGTCAGGCCx-M2,Arc_4,0.10126513207547168,1
gex_possorted_bam_1WGCZ:CCTAATAAGTTTCCTGx-M2,Generalist_NE,0.1537737358490566,4
gex_possorted_bam_1WGCZ:CCTATTTAGGTCCTGAx-M2,Generalist_NE,0.15253988679245284,5
gex_possorted_bam_1WGCZ:CCTAATCGTCCTCCAAx-M2,Generalist_NE,0.13268069811320754,1
gex_possorted_bam_1WGCZ:CCTGAGTCAATTGAAGx-M2,Generalist_NE,0.1395694716981132,3
gex_possorted_bam_1WGCZ:CCGTTTGGTGCGCATGx-M2,Generalist_NE,0.13978483018867924,3
gex_possorted_bam_1WGCZ:CCGCACACAGCAAGATx-M2,Generalist_NE,0.18807128301886794,9
gex_possorted_bam_1WGCZ:CCTCCTCTCTCAATGAx-M2,Generalist_NE,0.1372049622641509,3
gex_possorted_bam_1WGCZ:CCGTTGCGTGGGTGAAx-M2,Generalist_NE,0.1367069433962264,3
gex_possorted_bam_1WGCZ:CCGCACACAGCTCAACx-M2,Arc_1,0.1386723396226415,3
gex_possorted_bam_1WGCZ:CCGCAAGGTCTTGCATx-M2,Generalist_NE,0.16705194339622645,5
gex_possorted_bam_1WGCZ:CCTGACTTCTTGAGGTx-M2,Arc_4,0.12713516981132075,4
gex_possorted_bam_1WGCZ:CCGTGCTGTGTCCAAAx-M2,Generalist_NE,0.134913320754717,2
gex_possorted_bam_1WGCZ:CCGCTAAAGGCACAGGx-M2,Generalist_NE,0.17282109433962267,5
gex_possorted_bam_1WGCZ:CCGTTAACAAAGCGGCx-M2,Generalist_NE,0.1580872452830189,3
gex_possorted_bam_1WGCZ:CCTAAGTAGTTAGGCTx-M2,Generalist_NE,0.14051088679245283,3
gex_possorted_bam_1WGCZ:CCTAAATCAGTTTGGCx-M2,Generalist_nonNE,0.1505129433962264,5
gex_possorted_bam_1WGCZ:CCGCTTAGTAGGATCCx-M2,Generalist_NE,0.13501711320754717,2
gex_possorted_bam_1WGCZ:CCTGATGAGGCCTAATx-M2,Arc_6,0.13768356603773585,3
gex_possorted_bam_1WGCZ:CCGTTAACATCCAGGTx-M2,Generalist_NE,0.14450788679245283,3
gex_possorted_bam_1WGCZ:CCGCACACATTTGCTCx-M2,Generalist_NE,0.13706105660377357,1
gex_possorted_bam_1WGCZ:CCTCCTCTCATCAGTAx-M2,Arc_6,0.1703580377358491,6
gex_possorted_bam_1WGCZ:CCTCCTCTCTAAATCGx-M2,Generalist_NE,0.14096398113207548,4
gex_possorted_bam_1WGCZ:CCTCCTGAGAACCTACx-M2,Arc_6,0.134913320754717,2
gex_possorted_bam_1WGCZ:CCTATTTAGAAGCTAGx-M2,Generalist_nonNE,0.12297830188679247,1
gex_possorted_bam_1WGCZ:CCGCAAGGTTTACGTCx-M2,Arc_1,0.17409560377358493,8
gex_possorted_bam_1WGCZ:CCTGAATAGTGAAGTGx-M2,Generalist_NE,0.1993833396226415,7
gex_possorted_bam_1WGCZ:CCTAAATCATTGCGTAx-M2,Generalist_NE,0.1347043396226415,2
gex_possorted_bam_1WGCZ:CCTAGTTGTTAGAGCCx-M2,Generalist_NE,0.14441352830188678,4
gex_possorted_bam_1WGCZ:CCTGCTCCAACTAGAAx-M2,Arc_5,0.1385766603773585,3
gex_possorted_bam_1WGCZ:CCGTTGCGTTAGTACGx-M2,Arc_5,0.1374266037735849,2
gex_possorted_bam_1WGCZ:CCTATATTCTTAGTCTx-M2,Generalist_NE,0.13459315094339622,2
gex_possorted_bam_1WGCZ:CCGCTAAAGACAAAGTx-M2,Arc_5,0.1488870566037736,5
gex_possorted_bam_1WGCZ:CCTGGTAAGGGATGACx-M2,Generalist_NE,0.1788432830188679,7
gex_possorted_bam_1WGCZ:CCTCCTGAGCTTACTTx-M2,Generalist_nonNE,0.12879743396226415,3
gex_possorted_bam_1WGCZ:CCTAATCGTAATAGCTx-M2,Generalist_NE,0.1513877358490566,3
gex_possorted_bam_1WGCZ:CCGTTATGTCACTCGCx-M2,Arc_4,0.10927164150943396,2
gex_possorted_bam_1WGCZ:CCTAAAGGTAATGGCCx-M2,Generalist_nonNE,0.14624052830188677,4
gex_possorted_bam_1WGCZ:CCTCCTCTCATTGCAAx-M2,Generalist_NE,0.22842894339622644,11
gex_possorted_bam_1WGCZ:CCTCAGTTCCATTACTx-M2,Generalist_NE,0.14670794339622642,5
gex_possorted_bam_1WGCZ:CCTAAGGTCATCAGTAx-M2,Generalist_NE,0.1465242075471698,4
gex_possorted_bam_1WGCZ:CCTGAATAGGCGCTTAx-M2,Generalist_NE,0.13859103773584908,2
gex_possorted_bam_1WGCZ:CCTAAAGGTGCCGCAAx-M2,Generalist_nonNE,0.1629567547169811,4
gex_possorted_bam_1WGCZ:CCGCTAAAGCTCATAAx-M2,Generalist_NE,0.17385232075471702,6
gex_possorted_bam_1WGCZ:CCGTTTGGTTAACGATx-M2,Generalist_NE,0.1422465849056604,4
gex_possorted_bam_1WGCZ:CCTAGTTGTATTGAGTx-M2,Generalist_NE,0.1417648867924528,3
gex_possorted_bam_1WGCZ:CCTGAATAGGAGGGTTx-M2,Generalist_NE,0.1692970566037736,4
gex_possorted_bam_1WGCZ:CCTACTGGTCTTACTAx-M2,Arc_5,0.14715700000000004,5
gex_possorted_bam_1WGCZ:CCGTTAACAGTTATCGx-M2,Generalist_NE,0.16214347169811322,5
gex_possorted_bam_1WGCZ:CCTAGTTGTGGGTGAAx-M2,Arc_1,0.14577677358490565,2
gex_possorted_bam_1WGCZ:CCGTTTGGTGGTTCTTx-M2,Generalist_NE,0.18954501886792452,5
gex_possorted_bam_1WGCZ:CCTACTGGTAGGTTATx-M2,Generalist_NE,0.1730410566037736,5
gex_possorted_bam_1WGCZ:CCTGAATAGTGAACGAx-M2,Arc_4,0.10927164150943396,2
gex_possorted_bam_1WGCZ:CCTAAGCCATTATGGTx-M2,Generalist_NE,0.14061467924528304,3
gex_possorted_bam_1WGCZ:CCTGAATAGCGATAAGx-M2,Generalist_nonNE,0.10927164150943396,2
gex_possorted_bam_1WGCZ:CCTGGATCAGGCTAGAx-M2,Generalist_NE,0.23448415094339622,12
gex_possorted_bam_1WGCZ:CCTGAATAGTAAACCCx-M2,Arc_1,0.1308247358490566,1
gex_possorted_bam_1WGCZ:CCGCCAACACAGGAATx-M2,Generalist_NE,0.14797175471698115,4
gex_possorted_bam_1WGCZ:CGACAAGCAACGTGCTx-M2,Arc_1,0.12171228301886793,1
gex_possorted_bam_1WGCZ:CGACCTGCACCCTCACx-M2,Generalist_nonNE,0.13987481132075472,4
gex_possorted_bam_1WGCZ:CCTTAGTGTTTACTTGx-M2,Arc_5,0.1385766603773585,3
gex_possorted_bam_1WGCZ:CGAGCGAAGCTGAGGGx-M2,Arc_1,0.13948558490566038,6
gex_possorted_bam_1WGCZ:CCTGTAACAGCAATAAx-M2,Generalist_NE,0.1401599245283019,3
gex_possorted_bam_1WGCZ:CGACAAGCACCTATAGx-M2,Generalist_NE,0.17766075471698112,7
gex_possorted_bam_1WGCZ:CGATGTCCATTGTCCTx-M2,Generalist_nonNE,0.20097220754716977,8
gex_possorted_bam_1WGCZ:CGATTATCAACCTAATx-M2,Arc_1,0.13408990566037737,3
gex_possorted_bam_1WGCZ:CGAGGCAAGGTGCTGCx-M2,Generalist_NE,0.1619603584905661,4
gex_possorted_bam_1WGCZ:CGATTCCTCTCGCCTGx-M2,Generalist_NE,0.2338434716981132,5
gex_possorted_bam_1WGCZ:CGATTGAGTACCCACCx-M2,Arc_4,0.10927164150943396,2
gex_possorted_bam_1WGCZ:CGATTCCTCTAGCGATx-M2,Generalist_NE,0.14118405660377356,4
gex_possorted_bam_1WGCZ:CCTTATGTCTTGATGAx-M2,Arc_5,0.1349196603773585,3
gex_possorted_bam_1WGCZ:CGACTAAGTTTCAGGAx-M2,Generalist_nonNE,0.12879743396226415,3
gex_possorted_bam_1WGCZ:CCTTCGTAGGACCTCAx-M2,Generalist_nonNE,0.12813832075471698,2
gex_possorted_bam_1WGCZ:CGAGGTGAGCTTTGGGx-M2,Arc_6,0.19523154716981134,6
gex_possorted_bam_1WGCZ:CGATGTCCATCCGTAAx-M2,Arc_4,0.10927164150943396,2
gex_possorted_bam_1WGCZ:CCTGTAACATAAGCAAx-M2,Generalist_NE,0.16418792452830192,5
gex_possorted_bam_1WGCZ:CCTTCGGTCGAGGAACx-M2,Generalist_NE,0.14925964150943397,4
gex_possorted_bam_1WGCZ:CGAAGCCTCTCACTATx-M2,Generalist_NE,0.157145320754717,6
gex_possorted_bam_1WGCZ:CCTGTAACAACCCTAAx-M2,Generalist_NE,0.1409283962264151,3
gex_possorted_bam_1WGCZ:CGAGGCAAGCTTAACAx-M2,Arc_4,0.12249398113207548,3
gex_possorted_bam_1WGCZ:CGAAGAATCCTCACACx-M2,Generalist_NE,0.14000490566037738,3
gex_possorted_bam_1WGCZ:CGAGCGAAGCTATGACx-M2,Generalist_NE,0.13297428301886793,2
gex_possorted_bam_1WGCZ:CGAGCTGGTTAGCAGCx-M2,Generalist_NE,0.13850022641509432,1
gex_possorted_bam_1WGCZ:CCTGTAACACCCACCTx-M2,Generalist_NE,0.1617840566037736,4
gex_possorted_bam_1WGCZ:CGACCTGCAAATACCTx-M2,Generalist_NE,0.13468813207547173,1
gex_possorted_bam_1WGCZ:CGATATTCATCTTGAGx-M2,Generalist_NE,0.13848724528301887,2
gex_possorted_bam_1WGCZ:CGATGTCCACAATTACx-M2,Generalist_NE,0.15269213207547172,3
gex_possorted_bam_1WGCZ:CGATGTCCAAGCCACTx-M2,Arc_5,0.16444654716981133,5
gex_possorted_bam_1WGCZ:CCTTGCGTCATTAGCAx-M2,Generalist_nonNE,0.12988549056603774,2
gex_possorted_bam_1WGCZ:CGAAGAATCTTGTCCAx-M2,Generalist_NE,0.18336209433962267,7
gex_possorted_bam_1WGCZ:CCTTAGTGTTTGCGAAx-M2,Arc_4,0.12713516981132075,4
gex_possorted_bam_1WGCZ:CGAAGCGAGGCGAAACx-M2,Generalist_nonNE,0.1343020566037736,3
gex_possorted_bam_1WGCZ:CGACAAGCAATTTGGTx-M2,Generalist_NE,0.15313486792452832,2
gex_possorted_bam_1WGCZ:CGATGTCCAGGGAGGAx-M2,Generalist_NE,0.16541135849056604,6
gex_possorted_bam_1WGCZ:CCTTAGTGTATTACCCx-M2,Arc_1,0.1181798679245283,1
gex_possorted_bam_1WGCZ:CCTTGTTCAGGACCAAx-M2,Generalist_NE,0.15348875471698115,5
gex_possorted_bam_1WGCZ:CCTTTAGTCACGAATCx-M2,Generalist_NE,0.13742988679245283,3
gex_possorted_bam_1WGCZ:CGAATCTAGGCGCACTx-M2,Generalist_nonNE,0.13496103773584905,3
gex_possorted_bam_1WGCZ:CGAGGAAGTGGAAGGCx-M2,Generalist_NE,0.20098884905660377,7
gex_possorted_bam_1WGCZ:CGAACCGGTTCGCTCAx-M2,Arc_2,0.13987481132075472,4
gex_possorted_bam_1WGCZ:CGATTATCAAACTGTTx-M2,Generalist_NE,0.1377940754716981,2
gex_possorted_bam_1WGCZ:CGACAAGCAGCAAGATx-M2,Arc_6,0.13706105660377357,1
gex_possorted_bam_1WGCZ:CGACTAAGTCAACAATx-M2,Generalist_nonNE,0.132868,4
gex_possorted_bam_1WGCZ:CGAGGAAGTCCTAAGAx-M2,Generalist_NE,0.16185483018867927,4
gex_possorted_bam_1WGCZ:CGATTCCTCTATCGCCx-M2,Generalist_NE,0.13562471698113207,2
gex_possorted_bam_1WGCZ:CGAGCGAAGTTATTCCx-M2,Generalist_NE,0.14488335849056605,5
gex_possorted_bam_1WGCZ:CGAATATGTGCTAGCGx-M2,Arc_6,0.1656941132075472,5
gex_possorted_bam_1WGCZ:CGAGGAAGTCATTAGGx-M2,Generalist_NE,0.13973945283018868,3
gex_possorted_bam_1WGCZ:CCTTATGTCGGTTTGGx-M2,Generalist_NE,0.13231915094339622,1
gex_possorted_bam_1WGCZ:CCTTCGGTCGATTTGAx-M2,Arc_4,0.12249398113207548,3
gex_possorted_bam_1WGCZ:CGAGTCGGTTGGTGACx-M2,Generalist_nonNE,0.12103718867924528,2
gex_possorted_bam_1WGCZ:CGAACCGGTTTGCGCCx-M2,Arc_4,0.1482511320754717,3
gex_possorted_bam_1WGCZ:CGAGGCAAGTTATCCTx-M2,Generalist_NE,0.15003473584905663,2
gex_possorted_bam_1WGCZ:CGATATTCATAGGCGAx-M2,Generalist_NE,0.16916179245283022,6
gex_possorted_bam_1WGCZ:CGATATTCATTGACATx-M2,Generalist_NE,0.1427092641509434,3
gex_possorted_bam_1WGCZ:CGATCCTTCTTGAGCGx-M2,Generalist_nonNE,0.12988549056603774,2
gex_possorted_bam_1WGCZ:CGAAGCCTCTAAGTGCx-M2,Generalist_NE,0.1565605471698113,6
gex_possorted_bam_1WGCZ:CGAAATGAGTCATTTCx-M2,Arc_1,0.15561837735849057,4
gex_possorted_bam_1WGCZ:CCTTTAGTCCTTCGTAx-M2,Generalist_NE,0.1805136037735849,7
gex_possorted_bam_1WGCZ:CGATTTGCAATTGCGCx-M2,Generalist_NE,0.18410924528301884,3
gex_possorted_bam_1WGCZ:CCTGTATGTTAAGCTGx-M2,Arc_1,0.14622716981132075,4
gex_possorted_bam_1WGCZ:CCTGTATGTAAAGCGGx-M2,Arc_6,0.17724107547169815,7
gex_possorted_bam_1WGCZ:CCTTGTTCAGCCAGTTx-M2,Generalist_nonNE,0.11057190566037736,2
gex_possorted_bam_1WGCZ:CGATGTCCACAAAGCGx-M2,Generalist_NE,0.14386771698113207,4
gex_possorted_bam_1WGCZ:CGACAAGCATCAGTATx-M2,Generalist_NE,0.13863722641509435,3
gex_possorted_bam_1WGCZ:CGATTGAGTTTGCTGTx-M2,Generalist_NE,0.1638822641509434,7
gex_possorted_bam_1WGCZ:CGACTAAGTCATCCTGx-M2,Generalist_NE,0.17267100000000002,3
gex_possorted_bam_1WGCZ:CGATGTCCACGGTTTAx-M2,Arc_6,0.14837849056603775,4
gex_possorted_bam_1WGCZ:CCTTACTCACGTAATTx-M2,Generalist_NE,0.13753716981132075,3
gex_possorted_bam_1WGCZ:CGAAGAATCATCACTTx-M2,Arc_5,0.1421449245283019,4
gex_possorted_bam_1WGCZ:CGAATCTAGCGAGTAAx-M2,Generalist_NE,0.13093422641509433,1
gex_possorted_bam_1WGCZ:CGAAGCCTCACTAATGx-M2,Generalist_NE,0.15634283018867928,3
gex_possorted_bam_1WGCZ:CGAAGGCCATTGTGGCx-M2,Generalist_nonNE,0.13798228301886792,2
gex_possorted_bam_1WGCZ:CCTGTATGTGTGAGGAx-M2,Generalist_NE,0.24821330188679247,8
gex_possorted_bam_1WGCZ:CGAGTCGGTTGTTGGAx-M2,Generalist_NE,0.1938877169811321,8
gex_possorted_bam_1WGCZ:CCTTCAATCATGCAACx-M2,Generalist_nonNE,0.13257669811320755,4
gex_possorted_bam_1WGCZ:CGATATTCACTTACAGx-M2,Generalist_NE,0.16641464150943397,6
gex_possorted_bam_1WGCZ:CCTTCGTAGGTAAGCAx-M2,Arc_4,0.1482511320754717,3
gex_possorted_bam_1WGCZ:CGATCCTTCATTCATCx-M2,Arc_6,0.1652664528301887,5
gex_possorted_bam_1WGCZ:CGAAGCGAGTCATGCGx-M2,Generalist_NE,0.1864606981132076,6
gex_possorted_bam_1WGCZ:CGATTTGCAACAACAAx-M2,Arc_6,0.14061467924528304,3
gex_possorted_bam_1WGCZ:CCTTCAATCCATAAGCx-M2,Arc_6,0.18890039622641516,6
gex_possorted_bam_1WGCZ:CGATATTCAACGTGCTx-M2,Generalist_NE,0.1842067169811321,7
gex_possorted_bam_1WGCZ:CCTTCGGTCAACAAGGx-M2,Arc_5,0.15752535849056606,3
gex_possorted_bam_1WGCZ:CCTTCAATCGCTATAAx-M2,Generalist_NE,0.15538054716981134,2
gex_possorted_bam_1WGCZ:CGAATATGTCAAGTATx-M2,Generalist_NE,0.134913320754717,2
gex_possorted_bam_1WGCZ:CGAATATGTTACTTGCx-M2,Generalist_NE,0.20184573584905663,6
gex_possorted_bam_1WGCZ:CGAAGGCCAAGCCACTx-M2,Generalist_NE,0.2129335660377359,10
gex_possorted_bam_1WGCZ:CGCACAATCTGTGCCTx-M2,Arc_6,0.1441280754716981,5
gex_possorted_bam_1WGCZ:CGCATTACAATTTGGTx-M2,Arc_6,0.16875900000000002,6
gex_possorted_bam_1WGCZ:CGCACAATCCACCTTAx-M2,Generalist_NE,0.22995815094339622,8
gex_possorted_bam_1WGCZ:CGCGATTCAGCAGGTAx-M2,Generalist_NE,0.15306511320754718,4
gex_possorted_bam_1WGCZ:CGCCACACATTGTGGCx-M2,Generalist_nonNE,0.12988549056603774,2
gex_possorted_bam_1WGCZ:CGCTTAACACAAAGACx-M2,Arc_5,0.150436320754717,2
gex_possorted_bam_1WGCZ:CGGACAACACTCGCTCx-M2,Generalist_nonNE,0.12297830188679247,1
gex_possorted_bam_1WGCZ:CGCACAATCAAGTGTCx-M2,Arc_4,0.12035190566037735,3
gex_possorted_bam_1WGCZ:CGCATATAGTCATTAGx-M2,Generalist_NE,0.14560247169811322,4
gex_possorted_bam_1WGCZ:CGCCTCATCATGCCTCx-M2,Generalist_NE,0.21766594339622644,8
gex_possorted_bam_1WGCZ:CGCTAATAGCGCATTGx-M2,Generalist_NE,0.13602581132075472,2
gex_possorted_bam_1WGCZ:CGCAAATTCATAATCGx-M2,Generalist_NE,0.13241781132075472,2
gex_possorted_bam_1WGCZ:CGCATGATCGCTAGCAx-M2,Generalist_NE,0.16717009433962268,6
gex_possorted_bam_1WGCZ:CGCTAATAGGAGGCATx-M2,Arc_4,0.10927164150943396,2
gex_possorted_bam_1WGCZ:CGCCACACATGGCCCAx-M2,Arc_1,0.13982364150943397,4
gex_possorted_bam_1WGCZ:CGCAATCCAACTAGCCx-M2,Arc_5,0.14465515094339626,4
gex_possorted_bam_1WGCZ:CGCTCAGCATCGTTCTx-M2,Generalist_NE,0.13093422641509433,1
gex_possorted_bam_1WGCZ:CGCCACACATAGACTTx-M2,Generalist_NE,0.18279450943396228,5
gex_possorted_bam_1WGCZ:CGCAATAGTTCGGTAAx-M2,Arc_4,0.10927164150943396,2
gex_possorted_bam_1WGCZ:CGCCACACAACTAGAAx-M2,Arc_4,0.10927164150943396,2
gex_possorted_bam_1WGCZ:CGCACACAGCGAGTAAx-M2,Arc_4,0.13257669811320755,4
gex_possorted_bam_1WGCZ:CGCTTGCGTGACCTGGx-M2,Generalist_NE,0.1300302641509434,1
gex_possorted_bam_1WGCZ:CGCTGTGCAACTAGCCx-M2,Generalist_NE,0.16206415094339624,4
gex_possorted_bam_1WGCZ:CGGACAACAAGCTAAAx-M2,Arc_5,0.14621528301886794,5
gex_possorted_bam_1WGCZ:CGCATATAGCAGCTATx-M2,Generalist_nonNE,0.10927164150943396,2
gex_possorted_bam_1WGCZ:CGCCTGTGTAACGTGCx-M2,Generalist_NE,0.14722854716981132,5
gex_possorted_bam_1WGCZ:CGCAATAGTGGATTATx-M2,Arc_6,0.13501711320754717,2
gex_possorted_bam_1WGCZ:CGCTATGAGCGATAGAx-M2,Generalist_NE,0.17648486792452833,5
gex_possorted_bam_1WGCZ:CGCGATTCATGTCAGCx-M2,Arc_4,0.10927164150943396,2
gex_possorted_bam_1WGCZ:CGCTACTTCCGGAACCx-M2,Generalist_NE,0.13501711320754717,2
gex_possorted_bam_1WGCZ:CGCCAAATCAAGCTTAx-M2,Generalist_NE,0.14110133962264154,3
gex_possorted_bam_1WGCZ:CGGAATCGTTTAACGGx-M2,Generalist_NE,0.22842894339622644,11
gex_possorted_bam_1WGCZ:CGCCTGTGTTATAGCGx-M2,Generalist_NE,0.1444004528301887,3
gex_possorted_bam_1WGCZ:CGCCTGTGTTGGATATx-M2,Generalist_NE,0.16206415094339624,4
gex_possorted_bam_1WGCZ:CGCTGTGCAGCTTAGCx-M2,Generalist_NE,0.13501711320754717,2
gex_possorted_bam_1WGCZ:CGCACACAGTTGCGTGx-M2,Arc_6,0.16886279245283023,6
gex_possorted_bam_1WGCZ:CGCAATAGTGGATGTCx-M2,Generalist_nonNE,0.10927164150943396,2
gex_possorted_bam_1WGCZ:CGCGGATTCGGGACTCx-M2,Arc_4,0.10126513207547168,1
gex_possorted_bam_1WGCZ:CGCATGATCACAGCGCx-M2,Generalist_NE,0.13459315094339622,2
gex_possorted_bam_1WGCZ:CGCTTGCGTAGCCATAx-M2,Generalist_NE,0.2408452075471698,8
gex_possorted_bam_1WGCZ:CGCACACAGCTTACTTx-M2,Arc_5,0.1412961886792453,4
gex_possorted_bam_1WGCZ:CGCTCCATCTTGCAGGx-M2,Arc_4,0.12713516981132075,4
gex_possorted_bam_1WGCZ:CGCATGATCGCTAAGTx-M2,Generalist_nonNE,0.10927164150943396,2
gex_possorted_bam_1WGCZ:CGGAATCGTTTGGCTTx-M2,Generalist_NE,0.13706105660377357,1
gex_possorted_bam_1WGCZ:CGGAATCGTTTAGTCCx-M2,Generalist_NE,0.17204496226415095,5
gex_possorted_bam_1WGCZ:CGCTACTTCATAATCGx-M2,Generalist_NE,0.13297428301886793,2
gex_possorted_bam_1WGCZ:CGCATATAGCTGTAACx-M2,Arc_5,0.2132858490566038,10
gex_possorted_bam_1WGCZ:CGATTTGCAGTATGTTx-M2,Generalist_NE,0.16227407547169811,4
gex_possorted_bam_1WGCZ:CGCATTACATGTCAGCx-M2,Arc_1,0.16472633962264152,5
gex_possorted_bam_1WGCZ:CGCTCAGCACAGAAACx-M2,Generalist_NE,0.3270710188679245,15
gex_possorted_bam_1WGCZ:CGCATTTGTGTAATACx-M2,Generalist_NE,0.14000490566037738,3
gex_possorted_bam_1WGCZ:CGCTCAGCAACTAACTx-M2,Arc_5,0.13536183018867926,3
gex_possorted_bam_1WGCZ:CGCACACAGCTATTGAx-M2,Generalist_NE,0.16242326415094344,4
gex_possorted_bam_1WGCZ:CGCTAATAGTAGCCATx-M2,Generalist_NE,0.15013783018867924,2
gex_possorted_bam_1WGCZ:CGCAATTAGAGGGACTx-M2,Arc_4,0.12249398113207548,3
gex_possorted_bam_1WGCZ:CGCTTGCGTATTGGATx-M2,Generalist_nonNE,0.10927164150943396,2
gex_possorted_bam_1WGCZ:CGCAATTAGTTTAACGx-M2,Generalist_nonNE,0.12988549056603774,2
gex_possorted_bam_1WGCZ:CGGACAACATGCAACCx-M2,Arc_6,0.13560756603773585,2
gex_possorted_bam_1WGCZ:CGCGATTCAGTCTAATx-M2,Generalist_NE,0.17461515094339625,6
gex_possorted_bam_1WGCZ:CGCACACAGTGAACGAx-M2,Generalist_nonNE,0.10126513207547168,1
gex_possorted_bam_1WGCZ:CGCTAATAGGTTAGAGx-M2,Generalist_NE,0.13602581132075472,2
gex_possorted_bam_1WGCZ:CGCTACTTCGTTAGCGx-M2,Arc_6,0.14235764150943395,4
gex_possorted_bam_1WGCZ:CGCTAATAGGGATGCGx-M2,Generalist_NE,0.2728437169811321,13
gex_possorted_bam_1WGCZ:CGCTGTGCAGGACCAAx-M2,Generalist_NE,0.14437369811320755,4
gex_possorted_bam_1WGCZ:CGCAATCCAGCCAGAAx-M2,Arc_5,0.15656307547169812,2
gex_possorted_bam_1WGCZ:CGCTCCATCATTACGAx-M2,Generalist_NE,0.1347043396226415,2
gex_possorted_bam_1WGCZ:CGCTTCTAGGTCCTGAx-M2,Generalist_NE,0.17345792452830192,6
gex_possorted_bam_1WGCZ:CGCTCAGCATCTAGCAx-M2,Arc_3,0.1966171132075472,7
gex_possorted_bam_1WGCZ:CGCTACTTCCTGATGGx-M2,Generalist_NE,0.18825007547169814,7
gex_possorted_bam_1WGCZ:CGCCTGTGTCCGGTTCx-M2,Generalist_NE,0.12969824528301888,2
gex_possorted_bam_1WGCZ:CGCAATCCAAACTGTTx-M2,Generalist_NE,0.17999569811320756,4
gex_possorted_bam_1WGCZ:CGCACCACAGAGAGCCx-M2,Generalist_NE,0.15609484905660378,5
gex_possorted_bam_1WGCZ:CGCTTAACACGTTACAx-M2,Generalist_NE,0.16886279245283023,6
gex_possorted_bam_1WGCZ:CGCAAATTCCGGTTAGx-M2,Generalist_NE,0.1415412075471698,4
gex_possorted_bam_1WGCZ:CGCGGATTCCCTGGTTx-M2,Arc_5,0.15854783018867927,3
gex_possorted_bam_1WGCZ:CGCTTCTAGCGGATAAx-M2,Generalist_NE,0.13241781132075472,2
gex_possorted_bam_1WGCZ:CGCACCACATGGCCTGx-M2,Arc_4,0.10927164150943396,2
gex_possorted_bam_1WGCZ:CGCAATGTCATTATGGx-M2,Arc_4,0.1181798679245283,1
gex_possorted_bam_1WGCZ:CGCATGATCGTTACAAx-M2,Generalist_NE,0.1617813773584906,3
gex_possorted_bam_1WGCZ:CGCTTACTCTGTGCCTx-M2,Arc_5,0.19455518867924523,6
gex_possorted_bam_1WGCZ:CGGAATCGTGCATCGGx-M2,Arc_4,0.12249398113207548,3
gex_possorted_bam_1WGCZ:CGGAATCGTTTAACCCx-M2,Generalist_nonNE,0.1228388679245283,1
gex_possorted_bam_1WGCZ:CGCATATAGGTTTGCGx-M2,Arc_1,0.15656409433962265,4
gex_possorted_bam_1WGCZ:CGCACCACATAAGTCTx-M2,Arc_1,0.14124767924528303,2
gex_possorted_bam_1WGCZ:CGCATTTGTTTAGCGAx-M2,Generalist_nonNE,0.10426360377358489,1
gex_possorted_bam_1WGCZ:CGCTACTTCTACTAAGx-M2,Generalist_NE,0.15466077358490568,5
gex_possorted_bam_1WGCZ:CGTAACCCATAAGCAAx-M2,Generalist_NE,0.13802333962264152,2
gex_possorted_bam_1WGCZ:CGTGAGGAGAAACTGGx-M2,Arc_1,0.15144396226415094,4
gex_possorted_bam_1WGCZ:CGGCTCACATTGTGCAx-M2,Generalist_NE,0.13197564150943397,2
gex_possorted_bam_1WGCZ:CGGTGAACATTGTGTGx-M2,Arc_5,0.1869615660377358,5
gex_possorted_bam_1WGCZ:CGGAGCAAGGCGTAAAx-M2,Generalist_NE,0.18055373584905662,7
gex_possorted_bam_1WGCZ:CGGCTCACACTTGTTCx-M2,Generalist_NE,0.1869177735849057,5
gex_possorted_bam_1WGCZ:CGTAACCCATGACTATx-M2,Generalist_NE,0.1488870566037736,5
gex_possorted_bam_1WGCZ:CGTAATGGTCAAAGAAx-M2,Generalist_NE,0.15761737735849057,5
gex_possorted_bam_1WGCZ:CGTACGGGTCATAACGx-M2,Generalist_NE,0.13093422641509433,1
gex_possorted_bam_1WGCZ:CGGCAATGTGAATCGCx-M2,Generalist_NE,0.21360377358490565,10
gex_possorted_bam_1WGCZ:CGTCATTGTTAGTTGGx-M2,Generalist_nonNE,0.10927164150943396,2
gex_possorted_bam_1WGCZ:CGGCAATGTATTGTCCx-M2,Arc_1,0.15960871698113208,4
gex_possorted_bam_1WGCZ:CGTCCTAGTGTCCAAAx-M2,Generalist_NE,0.2986527547169811,11
gex_possorted_bam_1WGCZ:CGGTGAACAGCTCATAx-M2,Generalist_NE,0.13824358490566035,1
gex_possorted_bam_1WGCZ:CGGTTATAGTTATGTGx-M2,Generalist_nonNE,0.14027950943396225,3
gex_possorted_bam_1WGCZ:CGTAGCGGTTGTCCATx-M2,Generalist_nonNE,0.13631047169811322,2
gex_possorted_bam_1WGCZ:CGTGACATCTTGAGCGx-M2,Generalist_NE,0.22866707547169812,9
gex_possorted_bam_1WGCZ:CGTCATTGTAGTTGGCx-M2,Arc_1,0.39328205660377347,21
gex_possorted_bam_1WGCZ:CGTCCTAGTCAAAGGGx-M2,Arc_5,0.18566839622641507,6
gex_possorted_bam_1WGCZ:CGGGTCTAGAACAAGTx-M2,Arc_4,0.10927164150943396,2
gex_possorted_bam_1WGCZ:CGGATAAAGACAGGTAx-M2,Generalist_NE,0.21360377358490565,10
gex_possorted_bam_1WGCZ:CGGGTCTAGGGTGAACx-M2,Generalist_nonNE,0.10927164150943396,2
gex_possorted_bam_1WGCZ:CGTAATGGTTAGTACGx-M2,Generalist_NE,0.13802333962264152,2
gex_possorted_bam_1WGCZ:CGTAACTAGAATCGCTx-M2,Arc_1,0.17727205660377357,6
gex_possorted_bam_1WGCZ:CGGTGAACAATTTAGCx-M2,Generalist_nonNE,0.14027950943396225,3
gex_possorted_bam_1WGCZ:CGTCATTGTGCACGCAx-M2,Generalist_NE,0.18095854716981138,6
gex_possorted_bam_1WGCZ:CGTGAGGAGGCGGGTAx-M2,Generalist_NE,0.2302211886792453,11
gex_possorted_bam_1WGCZ:CGGTGAGAGTGAACCTx-M2,Arc_5,0.15059298113207548,5
gex_possorted_bam_1WGCZ:CGTAACTAGTTTCCGCx-M2,Arc_5,0.14603975471698113,3
gex_possorted_bam_1WGCZ:CGGTTATAGGCTAGAAx-M2,Generalist_nonNE,0.12879743396226415,3
gex_possorted_bam_1WGCZ:CGGCCATAGGACCTCAx-M2,Generalist_NE,0.1386723396226415,3
gex_possorted_bam_1WGCZ:CGTAACCCAACACCTAx-M2,Generalist_NE,0.13459315094339622,2
gex_possorted_bam_1WGCZ:CGTAGCGGTCATCAAGx-M2,Generalist_NE,0.134913320754717,2
gex_possorted_bam_1WGCZ:CGGATAAAGGAGGCATx-M2,Generalist_NE,0.14509528301886793,1
gex_possorted_bam_1WGCZ:CGGAGTCTCATGAAGGx-M2,Arc_6,0.16729315094339625,5
gex_possorted_bam_1WGCZ:CGTAACCCAGCCTGCAx-M2,Generalist_NE,0.1338725471698113,2
gex_possorted_bam_1WGCZ:CGGCAATGTGCACGCAx-M2,Generalist_NE,0.14939869811320755,3
gex_possorted_bam_1WGCZ:CGGCTAATCATCCACCx-M2,Generalist_NE,0.13706105660377357,1
gex_possorted_bam_1WGCZ:CGGGCTTAGAAGGTGCx-M2,Generalist_NE,0.164552641509434,3
gex_possorted_bam_1WGCZ:CGGCTCACAGCTCATAx-M2,Generalist_NE,0.15874945283018868,3
gex_possorted_bam_1WGCZ:CGTGAGGAGGCTAATCx-M2,Generalist_nonNE,0.10927164150943396,2
gex_possorted_bam_1WGCZ:CGGTGAGAGATACTTGx-M2,Generalist_NE,0.13093422641509433,1
gex_possorted_bam_1WGCZ:CGGCAATGTTGGTTGAx-M2,Generalist_NE,0.21639118867924528,8
gex_possorted_bam_1WGCZ:CGTACGGGTTCCTGTGx-M2,Generalist_NE,0.14000490566037738,3
gex_possorted_bam_1WGCZ:CGGATTAGTAGGTTTGx-M2,Generalist_NE,0.16026615094339625,5
gex_possorted_bam_1WGCZ:CGTAGTTAGGTCCACAx-M2,Generalist_NE,0.1748205283018868,6
gex_possorted_bam_1WGCZ:CGTCATTGTTTCGCGCx-M2,Arc_1,0.35137071698113215,16
gex_possorted_bam_1WGCZ:CGGCAATGTTGCAATGx-M2,Generalist_NE,0.13788947169811322,3
gex_possorted_bam_1WGCZ:CGGCAATGTCAAGTGCx-M2,Generalist_NE,0.14132728301886793,2
gex_possorted_bam_1WGCZ:CGGTAACGTGGAGCAAx-M2,Arc_3,0.17736286792452835,7
gex_possorted_bam_1WGCZ:CGTATTGCACAATACTx-M2,Arc_4,0.13833198113207548,3
gex_possorted_bam_1WGCZ:CGTGAGGAGCCTGTTCx-M2,Generalist_NE,0.19693354716981132,8
gex_possorted_bam_1WGCZ:CGGTGAGAGTTCCCACx-M2,Arc_1,0.1640173584905661,6
gex_possorted_bam_1WGCZ:CGGGCTTAGGGACGCAx-M2,Generalist_NE,0.14927550943396226,4
gex_possorted_bam_1WGCZ:CGGCCATAGGCATTGTx-M2,Arc_4,0.10927164150943396,2
gex_possorted_bam_1WGCZ:CGGCTCACAGGCTACTx-M2,Arc_6,0.13870241509433964,3
gex_possorted_bam_1WGCZ:CGGCAATGTGTGAGAGx-M2,Arc_4,0.12263977358490566,3
gex_possorted_bam_1WGCZ:CGGGACAAGGCGGATGx-M2,Arc_5,0.14164849056603776,4
gex_possorted_bam_1WGCZ:CGGTGAGAGTCAGGCCx-M2,Generalist_NE,0.15172660377358488,4
gex_possorted_bam_1WGCZ:CGTAACTAGGAGGACTx-M2,Generalist_NE,0.16050098113207553,2
gex_possorted_bam_1WGCZ:CGGCCATAGCCGCAGTx-M2,Generalist_NE,0.1424562641509434,4
gex_possorted_bam_1WGCZ:CGTCAATAGACTCGCAx-M2,Generalist_NE,0.1424681509433962,3
gex_possorted_bam_1WGCZ:CGGAGCAAGGAGGGTTx-M2,Generalist_nonNE,0.13833198113207548,3
gex_possorted_bam_1WGCZ:CGGTAACGTTCACTGTx-M2,Generalist_nonNE,0.13179590566037735,3
gex_possorted_bam_1WGCZ:CGTATTGCAACTCGCGx-M2,Generalist_NE,0.14010869811320756,3
gex_possorted_bam_1WGCZ:CGTCAATAGCTCATAAx-M2,Generalist_NE,0.2314360377358491,8
gex_possorted_bam_1WGCZ:CGTATTGCAGGCATCTx-M2,Generalist_NE,0.134913320754717,2
gex_possorted_bam_1WGCZ:CGTGCACAGCATCCAGx-M2,Generalist_NE,0.14205062264150947,3
gex_possorted_bam_1WGCZ:CGGATTAGTGAATCGCx-M2,Generalist_NE,0.16716411320754718,2
gex_possorted_bam_1WGCZ:CGTGAGGAGGCATGAAx-M2,Generalist_NE,0.12969824528301888,2
gex_possorted_bam_1WGCZ:CGGCCATAGGTTTACAx-M2,Arc_4,0.1343020566037736,3
gex_possorted_bam_1WGCZ:CGGCTCACATTGGGAGx-M2,Generalist_NE,0.16282709433962267,5
gex_possorted_bam_1WGCZ:CGGGTATGTTTAACGGx-M2,Generalist_nonNE,0.10927164150943396,2
gex_possorted_bam_1WGCZ:CGGGTCTAGGCTAATCx-M2,Arc_4,0.13909969811320755,3
gex_possorted_bam_1WGCZ:CGGGACAAGGTGTCCAx-M2,Generalist_nonNE,0.12988549056603774,2
gex_possorted_bam_1WGCZ:CGGTTTCTCAGCATTAx-M2,Generalist_NE,0.13802333962264152,2
gex_possorted_bam_1WGCZ:CGTATTGCACTCGCTCx-M2,Arc_4,0.12470732075471698,2
gex_possorted_bam_1WGCZ:CGGTGAACACATAGCCx-M2,Generalist_NE,0.14386771698113207,4
gex_possorted_bam_1WGCZ:CGTAGCGGTAGTTAACx-M2,Arc_4,0.12988549056603774,2
gex_possorted_bam_1WGCZ:CGGTTGGGTACCAGGTx-M2,Arc_6,0.14690477358490567,3
gex_possorted_bam_1WGCZ:CGGTGAACATCAGTATx-M2,Arc_6,0.1791151320754717,6
gex_possorted_bam_1WGCZ:CGTAATGGTTTCGCCAx-M2,Generalist_NE,0.1327701132075472,2
gex_possorted_bam_1WGCZ:CGTAATGGTAGGTGTCx-M2,Generalist_NE,0.23693032075471698,12
gex_possorted_bam_1WGCZ:CGGCTCACAATAACGAx-M2,Generalist_NE,0.14369601886792455,4
gex_possorted_bam_1WGCZ:CGTAATGGTGTTTCACx-M2,Generalist_nonNE,0.10927164150943396,2
gex_possorted_bam_1WGCZ:CGTTAGGTCTACTAAGx-M2,Generalist_nonNE,0.1239657358490566,3
gex_possorted_bam_1WGCZ:CGTGCTGCACATTAACx-M2,Generalist_NE,0.1323169245283019,3
gex_possorted_bam_1WGCZ:CGTTTGGAGGCATGTTx-M2,Generalist_NE,0.17417618867924534,6
gex_possorted_bam_1WGCZ:CGTTAACAGGCTATGTx-M2,Arc_5,0.1327701132075472,2
gex_possorted_bam_1WGCZ:CTACGAAGTTTGAGGCx-M2,Arc_1,0.18063843396226417,5
gex_possorted_bam_1WGCZ:CTAATAGTCGCTATGGx-M2,Arc_6,0.16889641509433964,6
gex_possorted_bam_1WGCZ:CGTTAGGTCGGTCATGx-M2,Generalist_NE,0.14521484905660376,3
gex_possorted_bam_1WGCZ:CTAAAGCTCCAAGTTAx-M2,Generalist_NE,0.14530098113207549,4
gex_possorted_bam_1WGCZ:CGTGTGTCATAAAGCAx-M2,Generalist_NE,0.1387761320754717,3
gex_possorted_bam_1WGCZ:CTACTAAAGCCTGTGAx-M2,Generalist_nonNE,0.12835841509433962,4
gex_possorted_bam_1WGCZ:CGTGCTGCAACAGGATx-M2,Generalist_nonNE,0.12502001886792452,3
gex_possorted_bam_1WGCZ:CTAACCCTCGCTCACTx-M2,Arc_1,0.14610326415094338,3
gex_possorted_bam_1WGCZ:CTACCTCAGGAACCAAx-M2,Generalist_nonNE,0.10126513207547168,1
gex_possorted_bam_1WGCZ:CTACCTCAGGGCCACTx-M2,Generalist_NE,0.1391066037735849,2
gex_possorted_bam_1WGCZ:CGTGTGTCACTCAACAx-M2,Generalist_NE,0.15090513207547168,5
gex_possorted_bam_1WGCZ:CGTGGTTCAGCCAGAAx-M2,Generalist_nonNE,0.12813832075471698,2
gex_possorted_bam_1WGCZ:CTAAGTCAGTAATCCAx-M2,Generalist_NE,0.1540222075471698,4
gex_possorted_bam_1WGCZ:CTAACCCTCTCACTATx-M2,Arc_1,0.14750984905660378,2
gex_possorted_bam_1WGCZ:CGTGCTTTCGGTTCCTx-M2,Arc_6,0.134913320754717,2
gex_possorted_bam_1WGCZ:CTAAAGCTCCGCAACAx-M2,Arc_5,0.1385766603773585,3
gex_possorted_bam_1WGCZ:CGTGGTTCACTCGCTCx-M2,Generalist_nonNE,0.12988549056603774,2
gex_possorted_bam_1WGCZ:CTAAGGTTCTGCAAACx-M2,Generalist_nonNE,0.12126184905660377,2
gex_possorted_bam_1WGCZ:CTAAGGTTCTAAGTGCx-M2,Arc_6,0.1619603584905661,4
gex_possorted_bam_1WGCZ:CGTTGCAAGGAACGCGx-M2,Generalist_NE,0.13093422641509433,1
gex_possorted_bam_1WGCZ:CGTTAAATCCCTCGCAx-M2,Generalist_nonNE,0.12988549056603774,2
gex_possorted_bam_1WGCZ:CGTGTGTCAATAACGAx-M2,Arc_1,0.15507696226415096,6
gex_possorted_bam_1WGCZ:CTACGAAGTTTATGGGx-M2,Generalist_NE,0.13562471698113207,2
gex_possorted_bam_1WGCZ:CGTGCACAGCGTGCGTx-M2,Generalist_NE,0.1631947924528302,4
gex_possorted_bam_1WGCZ:CGTTTGGAGCTGCACAx-M2,Arc_5,0.13753716981132075,3
gex_possorted_bam_1WGCZ:CTAACCACACCGGTATx-M2,Generalist_NE,0.1424562641509434,4
gex_possorted_bam_1WGCZ:CGTTTCTCACGGTACTx-M2,Arc_6,0.14010869811320756,3
gex_possorted_bam_1WGCZ:CTACAACAGGGTGAACx-M2,Generalist_NE,0.15250269811320757,4
gex_possorted_bam_1WGCZ:CGTTAGTAGATGCCTGx-M2,Arc_4,0.12249398113207548,3
gex_possorted_bam_1WGCZ:CTAAATGTCGTTAGCGx-M2,Generalist_NE,0.2076304528301887,9
gex_possorted_bam_1WGCZ:CGTTAGGTCTCTAGCCx-M2,Generalist_nonNE,0.12171228301886793,1
gex_possorted_bam_1WGCZ:CGTTTGGAGTTTGGGTx-M2,Generalist_NE,0.16017188679245284,3
gex_possorted_bam_1WGCZ:CGTTGCGCAGGTTATTx-M2,Generalist_NE,0.14976699999999998,3
gex_possorted_bam_1WGCZ:CGTGTTACAAATTCGTx-M2,Generalist_NE,0.14853475471698113,5
gex_possorted_bam_1WGCZ:CTACGAAGTTACTTGCx-M2,Arc_1,0.20098203773584902,9
gex_possorted_bam_1WGCZ:CTAACCTGTTAACGGCx-M2,Generalist_NE,0.1488870566037736,5
gex_possorted_bam_1WGCZ:CTAATTGAGAGAGCCGx-M2,Generalist_NE,0.13989971698113207,3
gex_possorted_bam_1WGCZ:CGTGCTGCATTAGCGCx-M2,Generalist_NE,0.14334371698113207,4
gex_possorted_bam_1WGCZ:CTAATAGTCACCGGTAx-M2,Generalist_NE,0.13602581132075472,2
gex_possorted_bam_1WGCZ:CTAAAGCTCTTGTCTGx-M2,Generalist_NE,0.14530098113207549,4
gex_possorted_bam_1WGCZ:CGTTGCAAGCGAGGTGx-M2,Generalist_nonNE,0.147902,4
gex_possorted_bam_1WGCZ:CTAATGTCAATAACCTx-M2,Generalist_NE,0.18574254716981137,9
gex_possorted_bam_1WGCZ:CTACCTCAGCCTAACGx-M2,Generalist_NE,0.1334572641509434,3
gex_possorted_bam_1WGCZ:CTAATTGAGCATTATGx-M2,Generalist_NE,0.14909675471698117,4
gex_possorted_bam_1WGCZ:CTACTAAAGAGGGACTx-M2,Generalist_NE,0.21360377358490565,10
gex_possorted_bam_1WGCZ:CTAATAGTCAGGATGAx-M2,Arc_6,0.17298654716981135,4
gex_possorted_bam_1WGCZ:CTAATTGAGCAAGGGTx-M2,Generalist_nonNE,0.1343020566037736,3
gex_possorted_bam_1WGCZ:CGTGGTTCACATAACTx-M2,Generalist_nonNE,0.26541405660377354,13
gex_possorted_bam_1WGCZ:CGTGCACAGTGTGATCx-M2,Generalist_NE,0.13802333962264152,2
gex_possorted_bam_1WGCZ:CGTGTGTCAGCGCTTGx-M2,Generalist_NE,0.134913320754717,2
gex_possorted_bam_1WGCZ:CGTTGCGCAAGGGTTGx-M2,Generalist_NE,0.14488335849056605,5
gex_possorted_bam_1WGCZ:CGTGGTTCACCCTCACx-M2,Generalist_NE,0.25855394339622645,9
gex_possorted_bam_1WGCZ:CGTGCTGCATACCCGGx-M2,Generalist_NE,0.23448415094339622,12
gex_possorted_bam_1WGCZ:CGTGGTTCATTGTGATx-M2,Generalist_NE,0.15927467924528307,4
gex_possorted_bam_1WGCZ:CGTTGCAAGTAGAGGCx-M2,Arc_4,0.10927164150943396,2
gex_possorted_bam_1WGCZ:CGTTAGTAGGGCTTTGx-M2,Arc_6,0.1739543773584906,7
gex_possorted_bam_1WGCZ:CGTTAGTAGGGTCCACx-M2,Arc_6,0.16206415094339624,4
gex_possorted_bam_1WGCZ:CGTTTCTCAAGGTCCTx-M2,Generalist_nonNE,0.14655709433962263,5
gex_possorted_bam_1WGCZ:CTACAACAGGTCCACAx-M2,Generalist_NE,0.16886279245283023,6
gex_possorted_bam_1WGCZ:CGTTTGGAGCAGCTATx-M2,Arc_4,0.10927164150943396,2
gex_possorted_bam_1WGCZ:CTAATCTTCCGGAACCx-M2,Generalist_nonNE,0.10927164150943396,2
gex_possorted_bam_1WGCZ:CTACTAAAGTAGCCATx-M2,Arc_4,0.14351398113207545,4
gex_possorted_bam_1WGCZ:CGTTTGGAGGACACTTx-M2,Arc_2,0.1538238867924528,4
gex_possorted_bam_1WGCZ:CGTTGCAAGTCAGTACx-M2,Generalist_NE,0.16905828301886797,4
gex_possorted_bam_1WGCZ:CTAACCACAGGCCATTx-M2,Generalist_NE,0.16886279245283023,6
gex_possorted_bam_1WGCZ:CGTTATCGTGTTAAACx-M2,Arc_6,0.1920351698113208,7
gex_possorted_bam_1WGCZ:CTACTAAAGGTCCAATx-M2,Generalist_nonNE,0.10927164150943396,2
gex_possorted_bam_1WGCZ:CTAATCGCAGTTGCGTx-M2,Generalist_NE,0.134913320754717,2
gex_possorted_bam_1WGCZ:CTACAACAGTTTGCGGx-M2,Generalist_NE,0.13906849056603773,1
gex_possorted_bam_1WGCZ:CTAACCACACTTGTTCx-M2,Generalist_NE,0.14161515094339625,3
gex_possorted_bam_1WGCZ:CGTTAAATCTTTAGGAx-M2,Arc_1,0.12415594339622643,1
gex_possorted_bam_1WGCZ:CTAAGGTTCATGCTCCx-M2,Generalist_NE,0.13602581132075472,2
gex_possorted_bam_1WGCZ:CGTTTGGAGCTTTGGGx-M2,Generalist_NE,0.14565328301886793,4
gex_possorted_bam_1WGCZ:CGTTTGGAGACACTTAx-M2,Generalist_NE,0.17238479245283025,6
gex_possorted_bam_1WGCZ:CTACAACAGCTTAGCGx-M2,Generalist_NE,0.14286562264150945,3
gex_possorted_bam_1WGCZ:CTACGAAGTCCTTAGTx-M2,Generalist_nonNE,0.12766583018867925,2
gex_possorted_bam_1WGCZ:CTACCGGCATGCAACCx-M2,Generalist_NE,0.15634283018867928,3
gex_possorted_bam_1WGCZ:CTAACCACAGCAAGATx-M2,Arc_1,0.3516722452830188,14
gex_possorted_bam_1WGCZ:CGTTAAATCAAACTCAx-M2,Generalist_NE,0.17084562264150946,7
gex_possorted_bam_1WGCZ:CTATGGCCAATAGTCTx-M2,Generalist_NE,0.18916564150943393,6
gex_possorted_bam_1WGCZ:CTATGAGGTAACCTAGx-M2,Generalist_nonNE,0.10927164150943396,2
gex_possorted_bam_1WGCZ:CTAGCTGAGCTAAAGGx-M2,Arc_4,0.12263977358490566,3
gex_possorted_bam_1WGCZ:CTAGTTGCATACTCCTx-M2,Generalist_NE,0.13093422641509433,1
gex_possorted_bam_1WGCZ:CTCACAACACTTCACTx-M2,Arc_1,0.1526051132075472,3
gex_possorted_bam_1WGCZ:CTAGATTCACCTCACCx-M2,Generalist_nonNE,0.12470732075471698,2
gex_possorted_bam_1WGCZ:CTCACAACAGCACCATx-M2,Generalist_nonNE,0.15303586792452828,6
gex_possorted_bam_1WGCZ:CTAGTAATCTTGCAGGx-M2,Generalist_NE,0.15682458490566037,4
gex_possorted_bam_1WGCZ:CTATTACTCGTTTCTGx-M2,Generalist_NE,0.1968446981132075,5
gex_possorted_bam_1WGCZ:CTATTGAAGCTTCCCGx-M2,Generalist_NE,0.15634283018867928,3
gex_possorted_bam_1WGCZ:CTCCATCAGCTGGACCx-M2,Generalist_NE,0.13536183018867926,3
gex_possorted_bam_1WGCZ:CTCCCTGAGATTGAGGx-M2,Generalist_NE,0.152246,5
gex_possorted_bam_1WGCZ:CTCACTCAGCTGGAAAx-M2,Generalist_NE,0.14132615094339623,2
gex_possorted_bam_1WGCZ:CTCATTAGTTTAACGGx-M2,Arc_1,0.3105910188679245,12
gex_possorted_bam_1WGCZ:CTAGCGGGTTTCGCGCx-M2,Arc_2,0.13987481132075472,4
gex_possorted_bam_1WGCZ:CTCCAACTCAAGCGCCx-M2,Generalist_NE,0.1327701132075472,2
gex_possorted_bam_1WGCZ:CTATGTTTCCAGCACAx-M2,Generalist_NE,0.13859103773584908,2
gex_possorted_bam_1WGCZ:CTCCATCAGTATCGCGx-M2,Generalist_NE,0.1349454528301887,2
gex_possorted_bam_1WGCZ:CTCAGGATCTAATCCTx-M2,Arc_5,0.15143213207547168,5
gex_possorted_bam_1WGCZ:CTCAATAAGTAATCCAx-M2,Generalist_NE,0.22850062264150942,7
gex_possorted_bam_1WGCZ:CTCATTAGTTCCAGGGx-M2,Generalist_NE,0.1380658679245283,3
gex_possorted_bam_1WGCZ:CTCCAAACATGTCAGCx-M2,Generalist_NE,0.13583681132075473,2
gex_possorted_bam_1WGCZ:CTAGTAATCCAGCACAx-M2,Arc_4,0.14220622641509434,4
gex_possorted_bam_1WGCZ:CTAGTAATCACGCATGx-M2,Generalist_NE,0.13824358490566035,1
gex_possorted_bam_1WGCZ:CTATGTTTCTCACTATx-M2,Generalist_NE,0.15111618867924528,6
gex_possorted_bam_1WGCZ:CTCCAAACATGCAACCx-M2,Generalist_NE,0.1349454528301887,2
gex_possorted_bam_1WGCZ:CTCCCTGAGAACCTACx-M2,Generalist_NE,0.17385232075471702,6
gex_possorted_bam_1WGCZ:CTCATGACAGATTCATx-M2,Generalist_NE,0.15090513207547168,5
gex_possorted_bam_1WGCZ:CTCCAACTCTTGAGCGx-M2,Generalist_NE,0.16548558490566037,3
gex_possorted_bam_1WGCZ:CTATGAGGTTTACCGTx-M2,Generalist_NE,0.16839920754716983,6
gex_possorted_bam_1WGCZ:CTAGGACGTGGAAACGx-M2,Arc_2,0.14916488679245282,4
gex_possorted_bam_1WGCZ:CTAGCGGGTTTGCAGAx-M2,Generalist_NE,0.14403232075471697,3
gex_possorted_bam_1WGCZ:CTATGTTTCATTGTCTx-M2,Generalist_NE,0.17894390566037738,7
gex_possorted_bam_1WGCZ:CTAGATTCAAACGCGAx-M2,Arc_5,0.1399776037735849,3
gex_possorted_bam_1WGCZ:CTCATCATCGTGCCTTx-M2,Generalist_nonNE,0.12879743396226415,3
gex_possorted_bam_1WGCZ:CTCACACTCGCCTGTTx-M2,Arc_4,0.1343020566037736,3
gex_possorted_bam_1WGCZ:CTATGTTTCATGGTTAx-M2,Generalist_NE,0.2144692641509434,8
gex_possorted_bam_1WGCZ:CTCCCTGAGAAGGTGCx-M2,Generalist_NE,0.14827469811320754,4
gex_possorted_bam_1WGCZ:CTCCCTGAGGTCGAGGx-M2,Generalist_NE,0.13978483018867924,3
gex_possorted_bam_1WGCZ:CTCATGACACAGGAATx-M2,Generalist_NE,0.14336564150943398,3
gex_possorted_bam_1WGCZ:CTAGTCGAGCAACATCx-M2,Generalist_NE,0.1377821886792453,3
gex_possorted_bam_1WGCZ:CTAGCTTGTCCCGAAGx-M2,Generalist_NE,0.23693032075471698,12
gex_possorted_bam_1WGCZ:CTAGCTTGTTACATCCx-M2,Arc_6,0.22870775471698113,11
gex_possorted_bam_1WGCZ:CTAGGACGTCCAAGACx-M2,Generalist_NE,0.1571701320754717,5
gex_possorted_bam_1WGCZ:CTATGACAGGGACTAAx-M2,Generalist_NE,0.14010869811320756,3
gex_possorted_bam_1WGCZ:CTAGTGAGTTACTTCAx-M2,Generalist_NE,0.1956141320754717,5
gex_possorted_bam_1WGCZ:CTCCGGACAAAGCGGCx-M2,Generalist_NE,0.14570626415094343,4
gex_possorted_bam_1WGCZ:CTATGATCACTTACAGx-M2,Arc_5,0.1753882075471698,5
gex_possorted_bam_1WGCZ:CTATTACTCATTGACAx-M2,Generalist_NE,0.13278449056603775,1
gex_possorted_bam_1WGCZ:CTATGGCCAGGCTACTx-M2,Generalist_nonNE,0.10927164150943396,2
gex_possorted_bam_1WGCZ:CTCAATAAGTTAGGCTx-M2,Generalist_NE,0.144957,3
gex_possorted_bam_1WGCZ:CTAGGCGGTTGTGATGx-M2,Generalist_NE,0.14521484905660376,3
gex_possorted_bam_1WGCZ:CTCCAACTCGTACCGAx-M2,Generalist_NE,0.15736909433962268,4
gex_possorted_bam_1WGCZ:CTATAACCACTCAACAx-M2,Arc_6,0.17216888679245285,7
gex_possorted_bam_1WGCZ:CTATTGAAGCTCAAACx-M2,Generalist_nonNE,0.12171228301886793,1
gex_possorted_bam_1WGCZ:CTATAACCATTAGGCCx-M2,Generalist_NE,0.13501711320754717,2
gex_possorted_bam_1WGCZ:CTATTCAGTTTGGCTTx-M2,Generalist_NE,0.14504686792452828,5
gex_possorted_bam_1WGCZ:CTATGAGGTTGCTGGGx-M2,Generalist_NE,0.22862007547169813,7
gex_possorted_bam_1WGCZ:CTAGTAGGTTCACCCAx-M2,Generalist_NE,0.16882981132075475,6
gex_possorted_bam_1WGCZ:CTCCGGACACATAACTx-M2,Arc_6,0.17726047169811324,8
gex_possorted_bam_1WGCZ:CTCCAACTCCCAGTAGx-M2,Generalist_NE,0.1823326603773585,8
gex_possorted_bam_1WGCZ:CTCCCTGAGGACCTGCx-M2,Generalist_NE,0.2624900754716981,8
gex_possorted_bam_1WGCZ:CTCAATAAGTGACCTGx-M2,Arc_6,0.1339245471698113,2
gex_possorted_bam_1WGCZ:CTCAGGATCATAAGCCx-M2,Arc_4,0.10927164150943396,2
gex_possorted_bam_1WGCZ:CTATGGCCAGTAATAGx-M2,Generalist_NE,0.13920090566037738,3
gex_possorted_bam_1WGCZ:CTAGATTCAACTGGCTx-M2,Arc_3,0.13640128301886792,4
gex_possorted_bam_1WGCZ:CTAGTAGGTCATGAGCx-M2,Generalist_NE,0.1696572641509434,6
gex_possorted_bam_1WGCZ:CTATAACCAGGGAGCTx-M2,Generalist_NE,0.15542462264150944,4
gex_possorted_bam_1WGCZ:CTAGGCGGTTGCACAAx-M2,Arc_1,0.16849877358490567,4
gex_possorted_bam_1WGCZ:CTCATGCTCTCAATTCx-M2,Generalist_NE,0.1646768490566038,6
gex_possorted_bam_1WGCZ:CTAGTAGGTAAGGTTTx-M2,Generalist_NE,0.22460399999999997,10
gex_possorted_bam_1WGCZ:CTAGCGGGTATTACCCx-M2,Generalist_NE,0.14728790566037736,3
gex_possorted_bam_1WGCZ:CTATTGAAGCTCAATAx-M2,Generalist_nonNE,0.10927164150943396,2
gex_possorted_bam_1WGCZ:CTAGTCGAGCTCCTTAx-M2,Generalist_NE,0.1497699245283019,5
gex_possorted_bam_1WGCZ:CTCCGGACAATTGAAGx-M2,Arc_6,0.15053215094339623,4
gex_possorted_bam_1WGCZ:CTATTACTCTAATCAGx-M2,Generalist_NE,0.14559528301886793,3
gex_possorted_bam_1WGCZ:CTATGACAGTCCTGAGx-M2,Arc_1,0.11529267924528301,2
gex_possorted_bam_1WGCZ:CTATTACTCGTTAAGCx-M2,Arc_6,0.1761552264150944,5
gex_possorted_bam_1WGCZ:CTCATCATCGGTTTCCx-M2,Generalist_NE,0.12517398113207548,0
gex_possorted_bam_1WGCZ:CTAGGCGGTGGTTCTTx-M2,Generalist_NE,0.1656941132075472,5
gex_possorted_bam_1WGCZ:CTATAACCACCTCAGGx-M2,Arc_6,0.16206415094339624,4
gex_possorted_bam_1WGCZ:CTCGCTAGTTCCTGTGx-M2,Generalist_NE,0.16199050943396226,5
gex_possorted_bam_1WGCZ:CTCTAAGCAAACGCGAx-M2,Generalist_NE,0.1349454528301887,2
gex_possorted_bam_1WGCZ:CTGTGTGAGGCGCATCx-M2,Generalist_nonNE,0.12879743396226415,3
gex_possorted_bam_1WGCZ:CTCTAAGCATTGTGATx-M2,Generalist_NE,0.15056,4
gex_possorted_bam_1WGCZ:CTGGATGTCATGCCTCx-M2,Arc_4,0.13655786792452831,4
gex_possorted_bam_1WGCZ:CTCTCACAGCTGGACCx-M2,Generalist_nonNE,0.12988549056603774,2
gex_possorted_bam_1WGCZ:CTGATCACATAATCACx-M2,Generalist_NE,0.2014312075471698,7
gex_possorted_bam_1WGCZ:CTGACATAGGTTTGCGx-M2,Arc_5,0.14616194339622643,4
gex_possorted_bam_1WGCZ:CTGTACCTCCCGCCTAx-M2,Arc_6,0.17282862264150944,5
gex_possorted_bam_1WGCZ:CTCTAGCTCCCATAGGx-M2,Generalist_nonNE,0.12835841509433962,4
gex_possorted_bam_1WGCZ:CTCCGTCCACCTGTAAx-M2,Generalist_NE,0.13093422641509433,1
gex_possorted_bam_1WGCZ:CTGTTAAAGGACCTTGx-M2,Arc_5,0.13788947169811322,3
gex_possorted_bam_1WGCZ:CTGGTCAAGTTAGTGCx-M2,Generalist_NE,0.13355290566037736,2
gex_possorted_bam_1WGCZ:CTGAAACTCGTTAGCGx-M2,Generalist_nonNE,0.14381798113207547,4
gex_possorted_bam_1WGCZ:CTGTACCTCCCTTGCGx-M2,Generalist_NE,0.13602581132075472,2
gex_possorted_bam_1WGCZ:CTGGATGTCCGCTAGAx-M2,Generalist_NE,0.23804807547169807,12
gex_possorted_bam_1WGCZ:CTGAATATCTGTGCCTx-M2,Generalist_NE,0.14018162264150943,3
gex_possorted_bam_1WGCZ:CTGGTTACATGCAACCx-M2,Generalist_NE,0.13753716981132075,3
gex_possorted_bam_1WGCZ:CTCGACAAGACTAAGGx-M2,Arc_4,0.12249398113207548,3
gex_possorted_bam_1WGCZ:CTGGACCAGTTGCCTCx-M2,Arc_6,0.1938877169811321,8
gex_possorted_bam_1WGCZ:CTGGATGTCGGTCAATx-M2,Generalist_NE,0.169736,6
gex_possorted_bam_1WGCZ:CTCGACAAGGAAGCTAx-M2,Arc_6,0.16537024528301889,5
gex_possorted_bam_1WGCZ:CTGTAACAGGTCCTGAx-M2,Arc_5,0.1415412075471698,4
gex_possorted_bam_1WGCZ:CTCGTTATCAGCAAAGx-M2,Generalist_NE,0.1576884716981132,2
gex_possorted_bam_1WGCZ:CTGCTATGTGCATTTCx-M2,Generalist_NE,0.14853475471698113,5
gex_possorted_bam_1WGCZ:CTGAAACTCCATCAGGx-M2,Generalist_NE,0.14235764150943395,4
gex_possorted_bam_1WGCZ:CTGTGTGAGCTGGCTAx-M2,Arc_2,0.12988549056603774,2
gex_possorted_bam_1WGCZ:CTGCTATGTGCCTCACx-M2,Arc_4,0.10927164150943396,2
gex_possorted_bam_1WGCZ:CTGGTCAAGGTCCTGAx-M2,Arc_4,0.12879743396226415,3
gex_possorted_bam_1WGCZ:CTCTTGATCGCATCCTx-M2,Generalist_nonNE,0.10927164150943396,2
gex_possorted_bam_1WGCZ:CTGTAACAGCAGCTATx-M2,Generalist_NE,0.13501711320754717,2
gex_possorted_bam_1WGCZ:CTGTACCTCCTCATGCx-M2,Generalist_nonNE,0.1343020566037736,3
gex_possorted_bam_1WGCZ:CTCCTGAGTTTGGCTTx-M2,Generalist_NE,0.1862023018867925,7
gex_possorted_bam_1WGCZ:CTCTCACAGTTAACCAx-M2,Arc_6,0.19231267924528306,7
gex_possorted_bam_1WGCZ:CTCCTGAGTGCTCCGTx-M2,Generalist_NE,0.15237769811320756,3
gex_possorted_bam_1WGCZ:CTCTATGTCACGTTAAx-M2,Generalist_nonNE,0.17067405660377358,5
gex_possorted_bam_1WGCZ:CTGCTACTCATTTGTCx-M2,Arc_4,0.10927164150943396,2
gex_possorted_bam_1WGCZ:CTCTGTTCACAATGTTx-M2,Generalist_NE,0.13635464150943394,3
gex_possorted_bam_1WGCZ:CTGTGTGAGGTAACGAx-M2,Generalist_nonNE,0.14624052830188677,4
gex_possorted_bam_1WGCZ:CTCTTGATCCCGCCTAx-M2,Arc_4,0.12333552830188681,3
gex_possorted_bam_1WGCZ:CTGTACCTCGGTCAATx-M2,Arc_6,0.14246143396226416,4
gex_possorted_bam_1WGCZ:CTGGCTAAGACTTACAx-M2,Arc_4,0.10126513207547168,1
gex_possorted_bam_1WGCZ:CTGCAATAGGGACGCAx-M2,Generalist_NE,0.1359406037735849,2
gex_possorted_bam_1WGCZ:CTGAAACTCCTCACACx-M2,Arc_6,0.16900020754716985,6
gex_possorted_bam_1WGCZ:CTGGCTAAGAGAGGCTx-M2,Generalist_NE,0.1800238113207547,5
gex_possorted_bam_1WGCZ:CTGTATTTCATAGACCx-M2,Generalist_NE,0.1479451320754717,2
gex_possorted_bam_1WGCZ:CTGGATGTCCTGGTGAx-M2,Generalist_NE,0.1366497169811321,3
gex_possorted_bam_1WGCZ:CTGGCTAAGTTAGGCTx-M2,Generalist_NE,0.13459315094339622,2
gex_possorted_bam_1WGCZ:CTGGCTAAGTTGTCCCx-M2,Generalist_NE,0.1663903018867925,4
gex_possorted_bam_1WGCZ:CTGGATGTCGCTATGGx-M2,Arc_1,0.2578973962264151,10
gex_possorted_bam_1WGCZ:CTGTGTGAGACAGGCGx-M2,Generalist_NE,0.14437369811320755,4
gex_possorted_bam_1WGCZ:CTGGACCAGCTCCTTAx-M2,Generalist_nonNE,0.12879743396226415,3
gex_possorted_bam_1WGCZ:CTCTAAGCACGTAATTx-M2,Generalist_NE,0.20430550943396225,7
gex_possorted_bam_1WGCZ:CTGTGTGAGGTCCGTAx-M2,Generalist_NE,0.14575030188679244,2
gex_possorted_bam_1WGCZ:CTGCTACTCGCATCCTx-M2,Generalist_NE,0.20328735849056606,9
gex_possorted_bam_1WGCZ:CTGCTCCCAACTGGGAx-M2,Generalist_NE,0.16213635849056604,4
gex_possorted_bam_1WGCZ:CTGCAATAGCTGGCTAx-M2,Arc_1,0.14204215094339623,2
gex_possorted_bam_1WGCZ:CTGGCTAAGCGGATAAx-M2,Generalist_NE,0.15150235849056604,4
gex_possorted_bam_1WGCZ:CTGGTTTGTGGACATCx-M2,Arc_4,0.10927164150943396,2
gex_possorted_bam_1WGCZ:CTCTAGCTCTTGAGGTx-M2,Generalist_NE,0.13602581132075472,2
gex_possorted_bam_1WGCZ:CTGCTATGTTAGCCAAx-M2,Generalist_nonNE,0.13521581132075472,4
gex_possorted_bam_1WGCZ:CTCTCACAGTGAGGGTx-M2,Generalist_NE,0.16283000000000003,6
gex_possorted_bam_1WGCZ:CTGACATAGGATTGCTx-M2,Generalist_NE,0.1560180754716981,4
gex_possorted_bam_1WGCZ:CTGACCAAGGACCGCTx-M2,Generalist_nonNE,0.10927164150943396,2
gex_possorted_bam_1WGCZ:CTGACCAAGTTAGAGGx-M2,Arc_6,0.1705462264150944,5
gex_possorted_bam_1WGCZ:CTCTATGTCCTAGTAAx-M2,Arc_6,0.14000490566037738,3
gex_possorted_bam_1WGCZ:CTCGTTATCTTGCAGGx-M2,Generalist_NE,0.14705094339622643,2
gex_possorted_bam_1WGCZ:CTCTTGATCGCAATCGx-M2,Arc_1,0.15295741509433963,3
gex_possorted_bam_1WGCZ:CTCTGTTCAGCAACAGx-M2,Generalist_nonNE,0.13079354716981131,2
gex_possorted_bam_1WGCZ:CTGACCAAGGACAACAx-M2,Generalist_nonNE,0.10927164150943396,2
gex_possorted_bam_1WGCZ:CTGGCTAAGCATGTTAx-M2,Arc_6,0.13655109433962265,3
gex_possorted_bam_1WGCZ:CTGGTTACACCAAAGGx-M2,Arc_1,0.14147049056603775,3
gex_possorted_bam_1WGCZ:CTCCGGACATGCTCCCx-M2,Generalist_NE,0.13768356603773585,3
gex_possorted_bam_1WGCZ:CTCTAAGCATGGTTATx-M2,Generalist_NE,0.15594300000000003,3
gex_possorted_bam_1WGCZ:CTCTATGTCTCGCCTGx-M2,Generalist_NE,0.128118,1
gex_possorted_bam_1WGCZ:CTCTAGCTCCACCTGTx-M2,Arc_6,0.14061467924528304,3
gex_possorted_bam_1WGCZ:CTCTAGCTCAATGAGGx-M2,Generalist_nonNE,0.13257669811320755,4
gex_possorted_bam_1WGCZ:CTGTAACAGCTATTGAx-M2,Arc_6,0.18065096226415098,8
gex_possorted_bam_1WGCZ:CTTATGTTCTACCTGCx-M2,Generalist_NE,0.14014898113207547,4
gex_possorted_bam_1WGCZ:CTTAGTTTCTCGCCCAx-M2,Generalist_NE,0.16391352830188682,4
gex_possorted_bam_1WGCZ:CTTAAGATCAACCAACx-M2,Generalist_NE,0.14075200000000002,3
gex_possorted_bam_1WGCZ:CTTCAATTCTCAATAGx-M2,Generalist_NE,0.13264226415094338,3
gex_possorted_bam_1WGCZ:CTTGCTCAGTTAGGCTx-M2,Generalist_NE,0.13706105660377357,1
gex_possorted_bam_1WGCZ:CTTGAACAGTGAAGTGx-M2,Generalist_NE,0.15378075471698113,2
gex_possorted_bam_1WGCZ:CTGTTCATCCAGGGAGx-M2,Generalist_NE,0.13706105660377357,1
gex_possorted_bam_1WGCZ:CTTAGTTTCTTGACCCx-M2,Generalist_NE,0.1366162641509434,2
gex_possorted_bam_1WGCZ:CTTGTAAAGAAGGTGCx-M2,Generalist_NE,0.13654350943396226,2
gex_possorted_bam_1WGCZ:CTTACCGGTCTTACTAx-M2,Generalist_NE,0.1572477735849057,6
gex_possorted_bam_1WGCZ:CTTCTCAAGTTACCGGx-M2,Generalist_NE,0.1372049622641509,3
gex_possorted_bam_1WGCZ:CTTGCAACAACGTGCTx-M2,Generalist_NE,0.1457727358490566,5
gex_possorted_bam_1WGCZ:CTTAAGGGTGGATTATx-M2,Generalist_NE,0.14061467924528304,3
gex_possorted_bam_1WGCZ:CTTCTCAAGACTTATGx-M2,Generalist_NE,0.1617840566037736,4
gex_possorted_bam_1WGCZ:CTTATTGGTGACATATx-M2,Generalist_nonNE,0.10927164150943396,2
gex_possorted_bam_1WGCZ:CTTAGTTTCCGCCAAAx-M2,Arc_4,0.10927164150943396,2
gex_possorted_bam_1WGCZ:CTTAATGAGTTGTCTTx-M2,Arc_2,0.1343020566037736,3
gex_possorted_bam_1WGCZ:CTTACCTCACGGTACTx-M2,Generalist_nonNE,0.12879743396226415,3
gex_possorted_bam_1WGCZ:CTTGCTCAGACTATTGx-M2,Arc_4,0.12470732075471698,2
gex_possorted_bam_1WGCZ:CTTCAATTCGTAATCAx-M2,Arc_5,0.1591839245283019,4
gex_possorted_bam_1WGCZ:CTTAAGGGTCATGCCCx-M2,Generalist_NE,0.17727641509433964,8
gex_possorted_bam_1WGCZ:CTTAAGATCTCACTCAx-M2,Generalist_NE,0.1386723396226415,3
gex_possorted_bam_1WGCZ:CTTGGACCAGTTTCTCx-M2,Arc_4,0.10927164150943396,2
gex_possorted_bam_1WGCZ:CTTGCTCAGCTTTGGGx-M2,Generalist_NE,0.144077320754717,3
gex_possorted_bam_1WGCZ:CTTACTAGTAAAGCGGx-M2,Generalist_NE,0.15975383018867925,4
gex_possorted_bam_1WGCZ:CTTCAAGCATGTTGTGx-M2,Generalist_NE,0.18230701886792455,8
gex_possorted_bam_1WGCZ:CTTAAGGGTTGTTCACx-M2,Generalist_nonNE,0.111241,3
gex_possorted_bam_1WGCZ:CTTAATGAGGGATGCGx-M2,Generalist_NE,0.15448507547169807,5
gex_possorted_bam_1WGCZ:CTTCACTCATAGACTTx-M2,Generalist_NE,0.15062449056603772,2
gex_possorted_bam_1WGCZ:CTGTTTAGTGAATCGCx-M2,Arc_6,0.1763598490566038,4
gex_possorted_bam_1WGCZ:CTTGCATGTGTAACCAx-M2,Generalist_NE,0.16339083018867925,5
gex_possorted_bam_1WGCZ:CTTGTAAAGCACAGGGx-M2,Generalist_NE,0.17662660377358494,7
gex_possorted_bam_1WGCZ:CTTCAATTCAGCATTAx-M2,Arc_6,0.1488870566037736,5
gex_possorted_bam_1WGCZ:CTTCACTCAGTTATGTx-M2,Generalist_NE,0.1372049622641509,3
gex_possorted_bam_1WGCZ:CTTCTAAGTTTCCGGCx-M2,Generalist_NE,0.1385766603773585,3
gex_possorted_bam_1WGCZ:CTTGCAACAAAGCGGCx-M2,Generalist_NE,0.1488870566037736,5
gex_possorted_bam_1WGCZ:CTTCAAGCACAGGGACx-M2,Generalist_NE,0.14000490566037738,3
gex_possorted_bam_1WGCZ:CTTAGGAGTCTCACTGx-M2,Generalist_NE,0.13093422641509433,1
gex_possorted_bam_1WGCZ:CTTACCTCATGTCAGCx-M2,Arc_4,0.1482511320754717,3
gex_possorted_bam_1WGCZ:CTTCAGGAGCGAAGTAx-M2,Generalist_NE,0.23620077358490568,8
gex_possorted_bam_1WGCZ:CTTGAACAGAAACTGGx-M2,Generalist_NE,0.17267100000000002,3
gex_possorted_bam_1WGCZ:CTTAGTTTCAATGTGCx-M2,Arc_4,0.12249398113207548,3
gex_possorted_bam_1WGCZ:CTTAAGGGTTTCAGGAx-M2,Generalist_NE,0.15617798113207548,6
gex_possorted_bam_1WGCZ:CTTGAACAGTCATTTCx-M2,Generalist_NE,0.14010869811320756,3
gex_possorted_bam_1WGCZ:CTTAGTTTCGCTCCATx-M2,Generalist_NE,0.1450074528301887,4
gex_possorted_bam_1WGCZ:CTTAGTTTCTTGCTATx-M2,Arc_1,0.4004582264150943,22
gex_possorted_bam_1WGCZ:CTTAAGGGTAGCCTCCx-M2,Generalist_NE,0.13788947169811322,3
gex_possorted_bam_1WGCZ:CTTACCGGTCATAGATx-M2,Generalist_NE,0.1392058679245283,2
gex_possorted_bam_1WGCZ:CTTCTCAAGAAGGTGCx-M2,Generalist_NE,0.15609484905660378,5
gex_possorted_bam_1WGCZ:CTTGCAACACTAAATCx-M2,Arc_5,0.1745540754716981,6
gex_possorted_bam_1WGCZ:CTTAGTTTCCAAGTTAx-M2,Arc_1,0.13788947169811322,3
gex_possorted_bam_1WGCZ:CTTGAACAGCTATTGAx-M2,Generalist_nonNE,0.12813832075471698,2
gex_possorted_bam_1WGCZ:CTGTTTAGTTTGGCTTx-M2,Generalist_NE,0.13501711320754717,2
gex_possorted_bam_1WGCZ:CTTGAACAGGTACCGCx-M2,Arc_6,0.17216888679245285,7
gex_possorted_bam_1WGCZ:CTTATGTTCCCGCCTAx-M2,Generalist_NE,0.20501792452830192,8
gex_possorted_bam_1WGCZ:CTTGGACCATGTTGCAx-M2,Arc_4,0.10927164150943396,2
gex_possorted_bam_1WGCZ:CTTCAATTCAAACACCx-M2,Generalist_NE,0.14803454716981135,3
gex_possorted_bam_1WGCZ:CTTCGCGTCTTAATGGx-M2,Generalist_NE,0.16206415094339624,4
gex_possorted_bam_1WGCZ:CTTGCATGTTGAGGTCx-M2,Generalist_nonNE,0.12470732075471698,2
gex_possorted_bam_1WGCZ:CTTGGACCAAACCCTAx-M2,Generalist_NE,0.23693032075471698,12
gex_possorted_bam_1WGCZ:CTGTTAAAGGCTACATx-M2,Generalist_NE,0.14305003773584907,3
gex_possorted_bam_1WGCZ:CTTATTGGTGAGCACTx-M2,Generalist_NE,0.13863722641509435,3
gex_possorted_bam_1WGCZ:CTTAATGAGACAAGTGx-M2,Generalist_nonNE,0.12249398113207548,3
gex_possorted_bam_1WGCZ:CTTCTAAGTATTCGTCx-M2,Arc_5,0.1869615660377358,5
gex_possorted_bam_1WGCZ:CTTGAATCACATTAACx-M2,Generalist_NE,0.1361296037735849,2
gex_possorted_bam_1WGCZ:CTGTTCATCCGGTTGAx-M2,Generalist_NE,0.1376372641509434,3
gex_possorted_bam_1WGCZ:CTTAACAAGCTCCCTGx-M2,Generalist_NE,0.1869615660377358,5
gex_possorted_bam_1WGCZ:CTTGCGCGTCATAGATx-M2,Generalist_NE,0.22374743396226418,7
gex_possorted_bam_1WGCZ:CTTGGACCAAGGACCAx-M2,Generalist_nonNE,0.10927164150943396,2
gex_possorted_bam_1WGCZ:CTGTTGGAGGCTGTCAx-M2,Arc_5,0.15460060377358495,3
gex_possorted_bam_1WGCZ:CTTACCGGTGCGCAATx-M2,Generalist_NE,0.14827469811320754,4
gex_possorted_bam_1WGCZ:CTGTTGGAGTAGGCGGx-M2,Generalist_nonNE,0.12766583018867925,2
gex_possorted_bam_1WGCZ:CTTAATGAGAACCTACx-M2,Generalist_NE,0.1361296037735849,2
gex_possorted_bam_1WGCZ:CTTGGACCAGGTTATTx-M2,Arc_4,0.10927164150943396,2
gex_possorted_bam_1WGCZ:CTTCTCAAGTTGGATCx-M2,Generalist_NE,0.1377821886792453,3
gex_possorted_bam_1WGCZ:CTTAAGATCCAACTGGx-M2,Generalist_NE,0.13268069811320754,1
gex_possorted_bam_1WGCZ:CTTCACTCATTGGGAGx-M2,Generalist_nonNE,0.10927164150943396,2
gex_possorted_bam_1WGCZ:CTTCTAAGTTAGCATGx-M2,Arc_6,0.15736909433962268,4
gex_possorted_bam_1WGCZ:CTTGAATCAAATATCCx-M2,Generalist_nonNE,0.12103718867924528,2
gex_possorted_bam_1WGCZ:CTTACCTCATCGCTTTx-M2,Generalist_NE,0.15634283018867928,3
gex_possorted_bam_1WGCZ:CTGTTTAGTATTGTCCx-M2,Generalist_NE,0.2061738490566038,8
gex_possorted_bam_1WGCZ:CTTGCAACACAAAGACx-M2,Arc_6,0.250069679245283,12
gex_possorted_bam_1WGCZ:CTTCAATTCCTCAGTCx-M2,Generalist_NE,0.20538120754716982,9
gex_possorted_bam_1WGCZ:CTTCACTCAATAACGAx-M2,Generalist_NE,0.17339705660377358,5
gex_possorted_bam_1WGCZ:CTTGCAACAGTTTGGCx-M2,Generalist_NE,0.1332879811320755,2
gex_possorted_bam_1WGCZ:CTTGCATGTGCGCGTAx-M2,Generalist_NE,0.14817216981132078,5
gex_possorted_bam_1WGCZ:GAAGCCTGTGAATCGCx-M2,Arc_5,0.15854783018867927,3
gex_possorted_bam_1WGCZ:GAAGCCTGTTAGCATGx-M2,Generalist_NE,0.143161320754717,3
gex_possorted_bam_1WGCZ:GAAGTATAGTGTTGCGx-M2,Arc_6,0.2086364339622641,8
gex_possorted_bam_1WGCZ:GAAGCCTGTCGCAAACx-M2,Generalist_NE,0.14193933962264152,4
gex_possorted_bam_1WGCZ:GAACCGCTCACAGCGCx-M2,Generalist_nonNE,0.10927164150943396,2
gex_possorted_bam_1WGCZ:CTTTAGGCAGCACCATx-M2,Arc_4,0.12249398113207548,3
gex_possorted_bam_1WGCZ:CTTTGTCCATTCAGCAx-M2,Generalist_NE,0.15090513207547168,5
gex_possorted_bam_1WGCZ:GAACGAATCCCGCCTAx-M2,Generalist_NE,0.14529407547169815,4
gex_possorted_bam_1WGCZ:GAACCGCTCAGGTTTAx-M2,Generalist_NE,0.15939841509433963,7
gex_possorted_bam_1WGCZ:GAAGTATAGACAGGTAx-M2,Generalist_NE,0.17954945283018864,7
gex_possorted_bam_1WGCZ:GAAACTGAGTTGCGTGx-M2,Arc_1,0.12288992452830189,1
gex_possorted_bam_1WGCZ:GAAACCCGTTGGTTCTx-M2,Arc_4,0.10927164150943396,2
gex_possorted_bam_1WGCZ:GAAGTATAGTAGGCGGx-M2,Arc_1,0.17996811320754716,6
gex_possorted_bam_1WGCZ:CTTTAGGCACAGAACGx-M2,Generalist_NE,0.14143126415094343,3
gex_possorted_bam_1WGCZ:CTTTGGTGTAAGCTTGx-M2,Arc_6,0.13706105660377357,1
gex_possorted_bam_1WGCZ:GAAGCCTGTGCATTTCx-M2,Generalist_NE,0.13802333962264152,2
gex_possorted_bam_1WGCZ:GAAGCCTGTTGGATATx-M2,Generalist_nonNE,0.12470732075471698,2
gex_possorted_bam_1WGCZ:CTTTATGGTCGCAATAx-M2,Generalist_NE,0.19606415094339624,5
gex_possorted_bam_1WGCZ:CTTGTTCCAGTATGTTx-M2,Arc_5,0.1620257924528302,3
gex_possorted_bam_1WGCZ:GAAGCTAAGGCTGGCTx-M2,Generalist_NE,0.14061467924528304,3
gex_possorted_bam_1WGCZ:GAAGGAACATCATGGCx-M2,Generalist_NE,0.13680724528301888,2
gex_possorted_bam_1WGCZ:CTTTGAGCAGCCGCTAx-M2,Arc_4,0.13028007547169812,3
gex_possorted_bam_1WGCZ:CTTGTCCAGCGCTCAAx-M2,Generalist_NE,0.14205062264150947,3
gex_possorted_bam_1WGCZ:GAACGAATCTAATCAGx-M2,Arc_6,0.13187701886792455,2
gex_possorted_bam_1WGCZ:CTTGTCCAGTGGCGGAx-M2,Generalist_nonNE,0.12485928301886792,2
gex_possorted_bam_1WGCZ:CTTGTTTAGCACGTTGx-M2,Generalist_NE,0.14038037735849057,5
gex_possorted_bam_1WGCZ:CTTGTCCAGATGGAGCx-M2,Generalist_NE,0.1427092641509434,3
gex_possorted_bam_1WGCZ:GAAGGATGTTGGCCGAx-M2,Arc_4,0.12470732075471698,2
gex_possorted_bam_1WGCZ:GAAGTAAGTTACTTGCx-M2,Generalist_NE,0.16283000000000003,6
gex_possorted_bam_1WGCZ:GAACCAGCATGTCAGCx-M2,Generalist_nonNE,0.1482511320754717,3
gex_possorted_bam_1WGCZ:CTTTAGGCACACCAACx-M2,Generalist_NE,0.15780609433962264,6
gex_possorted_bam_1WGCZ:GAACCTTAGCATGACTx-M2,Generalist_NE,0.1361296037735849,2
gex_possorted_bam_1WGCZ:GAAGCTAAGGGACTAAx-M2,Generalist_NE,0.134913320754717,2
gex_possorted_bam_1WGCZ:GAAGGATGTAAGCTCAx-M2,Generalist_NE,0.17952852830188684,5
gex_possorted_bam_1WGCZ:CTTTAGTTCCCTGATCx-M2,Generalist_NE,0.20057288679245286,9
gex_possorted_bam_1WGCZ:GACACCGGTAGGTTTGx-M2,Generalist_NE,0.1372049622641509,3
gex_possorted_bam_1WGCZ:CTTGTAAAGTGATTCAx-M2,Generalist_NE,0.15066379245283018,4
gex_possorted_bam_1WGCZ:CTTTAGTTCCCTGACTx-M2,Arc_5,0.14421298113207548,4
gex_possorted_bam_1WGCZ:CTTGTTTAGGAACCGGx-M2,Generalist_NE,0.15455418867924528,1
gex_possorted_bam_1WGCZ:GAACCTTAGGAGTCGGx-M2,Generalist_nonNE,0.12297830188679247,1
gex_possorted_bam_1WGCZ:CTTTAGTTCCTAATGAx-M2,Generalist_NE,0.14118890566037734,4
gex_possorted_bam_1WGCZ:GAACACAAGGAATAACx-M2,Generalist_NE,0.26432345283018865,11
gex_possorted_bam_1WGCZ:CTTTGGGAGCTAATTGx-M2,Arc_1,0.26165032075471695,11
gex_possorted_bam_1WGCZ:GAACCAAAGTGAAGTGx-M2,Generalist_NE,0.14560247169811322,4
gex_possorted_bam_1WGCZ:GAACCGCTCTCAATGAx-M2,Arc_5,0.13906849056603773,1
gex_possorted_bam_1WGCZ:GAACACAAGTGAACCTx-M2,Arc_5,0.16548558490566037,3
gex_possorted_bam_1WGCZ:CTTTCTTGTAGTTACGx-M2,Generalist_NE,0.25059898113207546,8
gex_possorted_bam_1WGCZ:CTTTGGTGTATTACCCx-M2,Arc_6,0.17216888679245285,7
gex_possorted_bam_1WGCZ:GAACTTATCCTGTTCAx-M2,Generalist_NE,0.13706105660377357,1
gex_possorted_bam_1WGCZ:GAACGAATCGAAGTGAx-M2,Generalist_NE,0.14308050943396228,4
gex_possorted_bam_1WGCZ:GAAGTCAAGCACAGGGx-M2,Generalist_NE,0.15121411320754716,4
gex_possorted_bam_1WGCZ:CTTGTCCAGATTGAGGx-M2,Arc_5,0.1435854528301887,3
gex_possorted_bam_1WGCZ:CTTGTCCAGGCTTAACx-M2,Generalist_NE,0.14271622641509435,3
gex_possorted_bam_1WGCZ:GAACGAATCAATTACGx-M2,Generalist_NE,0.14449501886792454,4
gex_possorted_bam_1WGCZ:GAAAGCCAGCTATGACx-M2,Generalist_NE,0.13706105660377357,1
gex_possorted_bam_1WGCZ:CTTTCTTGTTGGTTCTx-M2,Generalist_NE,0.136800320754717,2
gex_possorted_bam_1WGCZ:CTTTGTCCATAATCGTx-M2,Generalist_NE,0.15290539622641508,4
gex_possorted_bam_1WGCZ:GAAGGATGTTAGACCAx-M2,Generalist_NE,0.13978483018867924,3
gex_possorted_bam_1WGCZ:GAAGTAAGTTTAACGGx-M2,Arc_6,0.16141501886792456,7
gex_possorted_bam_1WGCZ:GAAACTGAGGAAGTATx-M2,Generalist_nonNE,0.1290887358490566,3
gex_possorted_bam_1WGCZ:CTTTAGGCAACCCTAAx-M2,Generalist_NE,0.20293105660377359,5
gex_possorted_bam_1WGCZ:GAAGGCTAGAGCCGGAx-M2,Generalist_NE,0.1308247358490566,1
gex_possorted_bam_1WGCZ:GAAGTATAGTAGCGGGx-M2,Generalist_nonNE,0.15623339622641508,3
gex_possorted_bam_1WGCZ:CTTTGGTGTTTAGCTCx-M2,Generalist_NE,0.14143126415094343,3
gex_possorted_bam_1WGCZ:GAACCTGTCGATCAGTx-M2,Generalist_NE,0.15435581132075468,4
gex_possorted_bam_1WGCZ:GAACCAGCATTAAACCx-M2,Arc_4,0.1427485471698113,4
gex_possorted_bam_1WGCZ:CTTGTTTAGCAGGTGGx-M2,Generalist_NE,0.14307003773584903,2
gex_possorted_bam_1WGCZ:GACATAGAGGCTACATx-M2,Generalist_NE,0.13613524528301887,1
gex_possorted_bam_1WGCZ:CTTTGGGAGCCTAATAx-M2,Arc_6,0.17916250943396228,5
gex_possorted_bam_1WGCZ:GAAGGAACAACTAGCCx-M2,Generalist_NE,0.14740324528301887,2
gex_possorted_bam_1WGCZ:GAAGTAAGTCCTAACTx-M2,Generalist_NE,0.15853713207547168,5
gex_possorted_bam_1WGCZ:GAAGTCAAGCAGCTATx-M2,Generalist_nonNE,0.10927164150943396,2
gex_possorted_bam_1WGCZ:CTTTGTCCAGGCATGAx-M2,Generalist_NE,0.14039969811320754,3
gex_possorted_bam_1WGCZ:GAAAGGCTCTTGATGAx-M2,Generalist_nonNE,0.10927164150943396,2
gex_possorted_bam_1WGCZ:GAAAGCCAGTGGACAAx-M2,Generalist_NE,0.16290937735849056,5
gex_possorted_bam_1WGCZ:CTTGTCCAGCGCCTAAx-M2,Generalist_NE,0.14456979245283016,2
gex_possorted_bam_1WGCZ:GAACCAGCATTGTGTGx-M2,Generalist_nonNE,0.14926975471698112,5
gex_possorted_bam_1WGCZ:CTTTAGTTCACTAAGCx-M2,Generalist_NE,0.14207337735849057,3
gex_possorted_bam_1WGCZ:GAAAGGCTCCTCATGCx-M2,Arc_4,0.1343020566037736,3
gex_possorted_bam_1WGCZ:GACACCGGTGGTGAGAx-M2,Generalist_nonNE,0.12766583018867925,2
gex_possorted_bam_1WGCZ:GAACTTATCTTTGAGAx-M2,Generalist_NE,0.13523937735849056,3
gex_possorted_bam_1WGCZ:CTTGTTCCATAGGCGAx-M2,Generalist_nonNE,0.1490138867924528,5
gex_possorted_bam_1WGCZ:GAACCAAAGAGAAGGGx-M2,Arc_4,0.12171228301886793,1
gex_possorted_bam_1WGCZ:GAACCGCTCCAAGTTAx-M2,Generalist_NE,0.13730875471698112,3
gex_possorted_bam_1WGCZ:GAGCTTGTCGCTTCTAx-M2,Generalist_NE,0.2951167547169812,13
gex_possorted_bam_1WGCZ:GACTATTCAACTAGCCx-M2,Arc_1,0.15279154716981133,4
gex_possorted_bam_1WGCZ:GACATTATCTTGGACGx-M2,Generalist_NE,0.14000490566037738,3
gex_possorted_bam_1WGCZ:GAGAGGCGTTTAACGGx-M2,Generalist_NE,0.12969824528301888,2
gex_possorted_bam_1WGCZ:GACTAATGTTTGAGCAx-M2,Generalist_NE,0.14061467924528304,3
gex_possorted_bam_1WGCZ:GACTTAGGTGCTCACCx-M2,Generalist_NE,0.19395767924528307,7
gex_possorted_bam_1WGCZ:GAGAAACGTACCGAACx-M2,Generalist_NE,0.16805705660377362,6
gex_possorted_bam_1WGCZ:GAGCTTGTCCGTTATTx-M2,Generalist_NE,0.1407789811320755,4
gex_possorted_bam_1WGCZ:GACCGAACATAATTGCx-M2,Generalist_nonNE,0.10126513207547168,1
gex_possorted_bam_1WGCZ:GAGCAAATCCCTTGCGx-M2,Arc_5,0.17704613207547173,6
gex_possorted_bam_1WGCZ:GAGAACCAGACACTTAx-M2,Generalist_NE,0.2716331320754717,12
gex_possorted_bam_1WGCZ:GACGTAAAGGTTAGCTx-M2,Generalist_NE,0.15919233962264154,3
gex_possorted_bam_1WGCZ:GACCTGATCCTACCTAx-M2,Generalist_NE,0.13603145283018866,1
gex_possorted_bam_1WGCZ:GACCTGATCGTTAGCGx-M2,Generalist_NE,0.17749805660377357,6
gex_possorted_bam_1WGCZ:GAGCGGTCAAAGGCCAx-M2,Arc_3,0.1584493962264151,5
gex_possorted_bam_1WGCZ:GACGCCTAGGAAACTGx-M2,Arc_5,0.13376292452830188,2
gex_possorted_bam_1WGCZ:GACTATTCAATGCGCTx-M2,Arc_5,0.16223250943396228,3
gex_possorted_bam_1WGCZ:GAGCGAAGTGCATTAGx-M2,Generalist_NE,0.14968173584905659,3
gex_possorted_bam_1WGCZ:GAGGCCTTCCCTCGCAx-M2,Generalist_NE,0.14051088679245283,3
gex_possorted_bam_1WGCZ:GAGGACTAGTAACGAGx-M2,Generalist_NE,0.22176516981132074,10
gex_possorted_bam_1WGCZ:GAGCAAATCATCCTCAx-M2,Arc_6,0.18568433962264153,6
gex_possorted_bam_1WGCZ:GAGGCCTTCCAGGTTGx-M2,Generalist_NE,0.15506618867924532,5
gex_possorted_bam_1WGCZ:GACGCAACACAGAAACx-M2,Arc_6,0.134913320754717,2
gex_possorted_bam_1WGCZ:GACCTCAAGCAGCTCAx-M2,Generalist_NE,0.14827469811320754,4
gex_possorted_bam_1WGCZ:GACCTAAGTGGATTGCx-M2,Generalist_NE,0.22842894339622644,11
gex_possorted_bam_1WGCZ:GACTATTCATGTCAGCx-M2,Generalist_NE,0.13565460377358493,2
gex_possorted_bam_1WGCZ:GAGAACCAGGGTGAGTx-M2,Generalist_NE,0.1636348490566038,5
gex_possorted_bam_1WGCZ:GAGCCACTCATTGCAAx-M2,Arc_6,0.18233118867924533,6
gex_possorted_bam_1WGCZ:GAGGCAAGTGGTTATGx-M2,Arc_5,0.159122,7
gex_possorted_bam_1WGCZ:GAGGAGGCAATTGAAGx-M2,Generalist_NE,0.15309513207547173,3
gex_possorted_bam_1WGCZ:GAGAACCAGTAGCCATx-M2,Generalist_NE,0.22842894339622644,11
gex_possorted_bam_1WGCZ:GAGCCACTCGGTACGCx-M2,Generalist_NE,0.1347043396226415,2
gex_possorted_bam_1WGCZ:GAGCTTGTCTACTAAGx-M2,Generalist_nonNE,0.13510796226415095,3
gex_possorted_bam_1WGCZ:GACGCCTAGTCAATTGx-M2,Generalist_NE,0.20654592452830187,4
gex_possorted_bam_1WGCZ:GAGCGATAGTCACTAAx-M2,Generalist_NE,0.161503,6
gex_possorted_bam_1WGCZ:GACCTGCAGGAGTCGGx-M2,Generalist_NE,0.14853475471698113,5
gex_possorted_bam_1WGCZ:GAGGCAAGTTGTTGCTx-M2,Generalist_NE,0.2299314528301887,7
gex_possorted_bam_1WGCZ:GACTAATGTTAGCAGCx-M2,Generalist_NE,0.1725996037735849,4
gex_possorted_bam_1WGCZ:GACTATTCACTTACAGx-M2,Generalist_NE,0.134913320754717,2
gex_possorted_bam_1WGCZ:GACTCACCATAGCTTGx-M2,Generalist_NE,0.128118,1
gex_possorted_bam_1WGCZ:GACGCCTAGGCCTTAGx-M2,Generalist_NE,0.14456777358490566,2
gex_possorted_bam_1WGCZ:GAGCTGCTCCAGCACAx-M2,Generalist_NE,0.14853475471698113,5
gex_possorted_bam_1WGCZ:GACTATTCAAGTTATCx-M2,Generalist_NE,0.1559454716981132,5
gex_possorted_bam_1WGCZ:GACTCACCAGCCGCTAx-M2,Generalist_NE,0.13483488679245284,1
gex_possorted_bam_1WGCZ:GAGCTTAGTCCAAGACx-M2,Generalist_NE,0.13013405660377358,1
gex_possorted_bam_1WGCZ:GACTTAGGTAGCAGCTx-M2,Generalist_NE,0.14913694339622643,5
gex_possorted_bam_1WGCZ:GAGATAAGTAGCAGCTx-M2,Generalist_NE,0.17055009433962265,5
gex_possorted_bam_1WGCZ:GAGGAGGCACCTCAGGx-M2,Generalist_NE,0.1382416037735849,2
gex_possorted_bam_1WGCZ:GACGCAACACCTGGTGx-M2,Generalist_NE,0.18233118867924533,6
gex_possorted_bam_1WGCZ:GAGAGGCGTTACATCCx-M2,Generalist_nonNE,0.13257669811320755,4
gex_possorted_bam_1WGCZ:GACCGAACAGTAGCCTx-M2,Arc_5,0.1503921132075472,4
gex_possorted_bam_1WGCZ:GAGGCAAGTTTATGGGx-M2,Generalist_NE,0.1608232452830189,3
gex_possorted_bam_1WGCZ:GAGAACCAGCCGCTAAx-M2,Generalist_NE,0.14314556603773587,3
gex_possorted_bam_1WGCZ:GACGCAACAACTGGCTx-M2,Generalist_NE,0.15383690566037736,4
gex_possorted_bam_1WGCZ:GAGCATGCACAAAGGTx-M2,Arc_4,0.10927164150943396,2
gex_possorted_bam_1WGCZ:GACCTGCAGTGAACGAx-M2,Generalist_NE,0.16801288679245283,3
gex_possorted_bam_1WGCZ:GAGGAGGCACTAAGCCx-M2,Generalist_NE,0.1334572641509434,3
gex_possorted_bam_1WGCZ:GACGTAAAGGAGCACGx-M2,Generalist_NE,0.17084562264150946,7
gex_possorted_bam_1WGCZ:GAGCTGCTCTCTAGCCx-M2,Generalist_NE,0.18076475471698114,6
gex_possorted_bam_1WGCZ:GAGATAAGTGAACAAAx-M2,Arc_4,0.12835841509433962,4
gex_possorted_bam_1WGCZ:GACCTGCAGTGACCTGx-M2,Generalist_NE,0.13459315094339622,2
gex_possorted_bam_1WGCZ:GAGCCACTCGCGACACx-M2,Arc_6,0.13802333962264152,2
gex_possorted_bam_1WGCZ:GAGGAGGCATTATGCGx-M2,Generalist_nonNE,0.14206092452830188,3
gex_possorted_bam_1WGCZ:GAGCTAGCATTAAGCTx-M2,Generalist_nonNE,0.10126513207547168,1
gex_possorted_bam_1WGCZ:GACTTAGGTCAGTAATx-M2,Arc_1,0.10927164150943396,2
gex_possorted_bam_1WGCZ:GAGATAAGTGTGCAACx-M2,Generalist_NE,0.15634283018867928,3
gex_possorted_bam_1WGCZ:GACATTATCGATATTGx-M2,Generalist_NE,0.13959583018867924,3
gex_possorted_bam_1WGCZ:GACTATTCAAGGTAACx-M2,Generalist_NE,0.24099283018867929,8
gex_possorted_bam_1WGCZ:GACCTAAGTGCATTAGx-M2,Generalist_NE,0.21773322641509435,10
gex_possorted_bam_1WGCZ:GACTTGGTCATGTTTCx-M2,Arc_6,0.18907341509433964,7
gex_possorted_bam_1WGCZ:GACGCAACACATTAACx-M2,Generalist_NE,0.13355290566037736,2
gex_possorted_bam_1WGCZ:GAGGCCTTCCACCTGTx-M2,Generalist_NE,0.151261,4
gex_possorted_bam_1WGCZ:GACCTTTGTTAGCCAAx-M2,Generalist_NE,0.21441969811320755,8
gex_possorted_bam_1WGCZ:GAGAAACGTTCCAGGGx-M2,Generalist_NE,0.13938654716981133,2
gex_possorted_bam_1WGCZ:GACTTAGGTTACCGGGx-M2,Arc_1,0.27542228301886795,12
gex_possorted_bam_1WGCZ:GACTTGGTCAGGAACAx-M2,Generalist_NE,0.30825379245283024,13
gex_possorted_bam_1WGCZ:GACCGAACAACACTTGx-M2,Generalist_NE,0.1293005283018868,1
gex_possorted_bam_1WGCZ:GACGTAAAGTTTCCTGx-M2,Generalist_NE,0.1366497169811321,3
gex_possorted_bam_1WGCZ:GAGAAACGTTGCGGATx-M2,Arc_6,0.17165064150943402,6
gex_possorted_bam_1WGCZ:GACCTTTGTAAGGTCCx-M2,Arc_4,0.10927164150943396,2
gex_possorted_bam_1WGCZ:GAGCCACTCCTTGCGTx-M2,Generalist_NE,0.22842894339622644,11
gex_possorted_bam_1WGCZ:GAGAACCAGCATCCAGx-M2,Generalist_NE,0.1628981509433962,4
gex_possorted_bam_1WGCZ:GAGTTGCGTCCGCTGTx-M2,Generalist_nonNE,0.1924770566037736,6
gex_possorted_bam_1WGCZ:GATGACTTCATTCATCx-M2,Generalist_NE,0.1374266037735849,2
gex_possorted_bam_1WGCZ:GAGGGAGCAGTAGGTGx-M2,Generalist_NE,0.1869615660377358,5
gex_possorted_bam_1WGCZ:GATCGCTCAGTTTACGx-M2,Generalist_nonNE,0.13962003773584905,3
gex_possorted_bam_1WGCZ:GATGGCTGTCTATCGTx-M2,Generalist_NE,0.16479884905660377,5
gex_possorted_bam_1WGCZ:GATGACTTCTAAATCGx-M2,Generalist_NE,0.1383845283018868,2
gex_possorted_bam_1WGCZ:GAGTCATTCTTGTCCAx-M2,Arc_1,0.3172565283018868,15
gex_possorted_bam_1WGCZ:GATAAGCCAATTGAAGx-M2,Arc_5,0.18499137735849058,4
gex_possorted_bam_1WGCZ:GATCGCTCATGTTGGCx-M2,Generalist_NE,0.1551778679245283,4
gex_possorted_bam_1WGCZ:GATCAGTTCCCTCAACx-M2,Arc_6,0.1798289056603774,8
gex_possorted_bam_1WGCZ:GAGGTACAGAATCTCAx-M2,Generalist_NE,0.2835560377358491,11
gex_possorted_bam_1WGCZ:GAGGCTTGTGGGTACTx-M2,Generalist_NE,0.24706279245283017,12
gex_possorted_bam_1WGCZ:GATGCTTAGTCATGCGx-M2,Generalist_NE,0.159012320754717,5
gex_possorted_bam_1WGCZ:GATGCTTAGTGAGAGCx-M2,Generalist_NE,0.2381546037735849,9
gex_possorted_bam_1WGCZ:GATCGCTCAAGGTCGAx-M2,Arc_4,0.13737828301886792,2
gex_possorted_bam_1WGCZ:GAGTCAAAGAATGACGx-M2,Generalist_NE,0.142369,4
gex_possorted_bam_1WGCZ:GATCGCTCAACAGCCTx-M2,Generalist_NE,0.13501711320754717,2
gex_possorted_bam_1WGCZ:GAGTGTTTCAAACCGTx-M2,Generalist_NE,0.14128784905660377,4
gex_possorted_bam_1WGCZ:GATCAGTTCCTAAATGx-M2,Arc_4,0.10927164150943396,2
gex_possorted_bam_1WGCZ:GAGTAACCAGGTTCACx-M2,Arc_4,0.10927164150943396,2
gex_possorted_bam_1WGCZ:GAGGTAGGTCATGAGCx-M2,Generalist_nonNE,0.1343020566037736,3
gex_possorted_bam_1WGCZ:GATTAAGCAGCTTAATx-M2,Arc_5,0.16548558490566037,3
gex_possorted_bam_1WGCZ:GAGTGTTTCAATGAGGx-M2,Generalist_NE,0.1343473773584906,2
gex_possorted_bam_1WGCZ:GATCACTAGCAGCTCAx-M2,Generalist_NE,0.14560247169811322,4
gex_possorted_bam_1WGCZ:GAGTGAGGTTGCGGATx-M2,Generalist_nonNE,0.12988549056603774,2
gex_possorted_bam_1WGCZ:GATCAGTTCATAGCCGx-M2,Generalist_nonNE,0.22247830188679243,10
gex_possorted_bam_1WGCZ:GATCCGTCAACCTGGTx-M2,Generalist_NE,0.1329377924528302,1
gex_possorted_bam_1WGCZ:GATAAAGGTGATGGCTx-M2,Generalist_nonNE,0.12879743396226415,3
gex_possorted_bam_1WGCZ:GAGGCTTGTTGCTGGGx-M2,Generalist_nonNE,0.1427485471698113,4
gex_possorted_bam_1WGCZ:GATCAGTTCATTTGTCx-M2,Arc_5,0.15736909433962268,4
gex_possorted_bam_1WGCZ:GATGACTTCAATGTCAx-M2,Arc_6,0.14069915094339622,3
gex_possorted_bam_1WGCZ:GAGGTACAGGCCGGAAx-M2,Generalist_NE,0.13501711320754717,2
gex_possorted_bam_1WGCZ:GATCGCTCAATTGAGAx-M2,Arc_6,0.19576764150943401,7
gex_possorted_bam_1WGCZ:GATGACTTCAATACGCx-M2,Arc_3,0.2293361320754717,9
gex_possorted_bam_1WGCZ:GAGGTTAAGGTTTGCGx-M2,Generalist_NE,0.15442126415094343,6
gex_possorted_bam_1WGCZ:GAGTGATCATAGTCATx-M2,Generalist_NE,0.13152467924528302,1
gex_possorted_bam_1WGCZ:GAGTATCTCAATGTGCx-M2,Arc_6,0.17140943396226418,6
gex_possorted_bam_1WGCZ:GATCGAGCACCTCACCx-M2,Arc_6,0.14570626415094343,4
gex_possorted_bam_1WGCZ:GAGTAACCAGGTATTTx-M2,Generalist_NE,0.14450788679245283,3
gex_possorted_bam_1WGCZ:GAGGTGAGTTTGGGCGx-M2,Generalist_NE,0.2559048113207547,12
gex_possorted_bam_1WGCZ:GAGTATCTCGCAGGCTx-M2,Generalist_NE,0.1823790754716981,9
gex_possorted_bam_1WGCZ:GAGTCATTCGCAACATx-M2,Arc_6,0.13187701886792455,2
gex_possorted_bam_1WGCZ:GATAGACCACAAACTTx-M2,Generalist_NE,0.18383983018867928,5
gex_possorted_bam_1WGCZ:GATCAAGAGTATCGCGx-M2,Generalist_NE,0.15047869811320758,3
gex_possorted_bam_1WGCZ:GAGTGAGGTTGGTTCTx-M2,Arc_6,0.17084562264150946,7
gex_possorted_bam_1WGCZ:GATGGACAGGACGTAAx-M2,Arc_4,0.10126513207547168,1
gex_possorted_bam_1WGCZ:GAGGTGAGTATTGTCCx-M2,Generalist_NE,0.13501711320754717,2
gex_possorted_bam_1WGCZ:GAGTCATTCCGCACAAx-M2,Generalist_NE,0.13706105660377357,1
gex_possorted_bam_1WGCZ:GAGTCAAAGCCTGTTCx-M2,Arc_6,0.14000490566037738,3
gex_possorted_bam_1WGCZ:GAGTGATCAAATACCTx-M2,Arc_4,0.13620064150943398,2
gex_possorted_bam_1WGCZ:GATCAAGAGTAACAGGx-M2,Generalist_nonNE,0.12988549056603774,2
gex_possorted_bam_1WGCZ:GAGTCATTCTTGCATTx-M2,Arc_6,0.19564262264150947,7
gex_possorted_bam_1WGCZ:GAGTGTTTCCTAGTTTx-M2,Arc_4,0.10126513207547168,1
gex_possorted_bam_1WGCZ:GAGTTGCGTCCGTGAGx-M2,Generalist_NE,0.15461794339622642,4
gex_possorted_bam_1WGCZ:GAGTAACCAGCTACGTx-M2,Generalist_NE,0.1300302641509434,1
gex_possorted_bam_1WGCZ:GAGTCATTCAGAAACGx-M2,Arc_1,0.13459315094339622,2
gex_possorted_bam_1WGCZ:GATGCATTCCTTGAGGx-M2,Generalist_NE,0.1631947924528302,4
gex_possorted_bam_1WGCZ:GATAAAGGTTTCCGGCx-M2,Generalist_NE,0.15634283018867928,3
gex_possorted_bam_1WGCZ:GATGACTTCGTTAGTAx-M2,Generalist_NE,0.16413366037735852,6
gex_possorted_bam_1WGCZ:GAGTGATCACACAATTx-M2,Generalist_NE,0.13459315094339622,2
gex_possorted_bam_1WGCZ:GATCGAGCACCTACGGx-M2,Generalist_nonNE,0.10927164150943396,2
gex_possorted_bam_1WGCZ:GATTAAGCACCTGGTGx-M2,Generalist_NE,0.23369369811320753,9
gex_possorted_bam_1WGCZ:GAGTAATAGGTCGATTx-M2,Generalist_NE,0.14699722641509436,4
gex_possorted_bam_1WGCZ:GAGTATCTCTAATCCTx-M2,Arc_6,0.16715573584905663,5
gex_possorted_bam_1WGCZ:GATCGAGCAAGGTGGCx-M2,Generalist_NE,0.19149394339622644,4
gex_possorted_bam_1WGCZ:GATAAGCCAACCTGGTx-M2,Generalist_NE,0.15590143396226416,4
gex_possorted_bam_1WGCZ:GATCCGTCACAAACTTx-M2,Generalist_NE,0.14716150943396228,3
gex_possorted_bam_1WGCZ:GATCAGGCATAATTGCx-M2,Arc_4,0.10927164150943396,2
gex_possorted_bam_1WGCZ:GATCGATTCACTAATGx-M2,Generalist_NE,0.13562471698113207,2
gex_possorted_bam_1WGCZ:GAGTGATCATTAGGCCx-M2,Generalist_NE,0.14003077358490565,2
gex_possorted_bam_1WGCZ:GAGGTACAGACTAAGGx-M2,Generalist_NE,0.14000490566037738,3
gex_possorted_bam_1WGCZ:GAGTATCTCCTCAGTCx-M2,Generalist_NE,0.12870845283018867,1
gex_possorted_bam_1WGCZ:GAGTTACTCCTCAGTCx-M2,Generalist_NE,0.1526051132075472,3
gex_possorted_bam_1WGCZ:GATCGATTCAAACCGTx-M2,Arc_6,0.134913320754717,2
gex_possorted_bam_1WGCZ:GAGTTTGGTTGCAATGx-M2,Generalist_nonNE,0.12297830188679247,1
gex_possorted_bam_1WGCZ:GAGGCCTTCCTGATGGx-M2,Arc_5,0.14323315094339623,3
gex_possorted_bam_1WGCZ:GAGTCATTCATGCGTGx-M2,Arc_3,0.17766075471698112,7
gex_possorted_bam_1WGCZ:GAGTAACCAAACTAAGx-M2,Arc_1,0.32675573584905665,16
gex_possorted_bam_1WGCZ:GAGTCATTCCTAACGGx-M2,Generalist_NE,0.22842894339622644,11
gex_possorted_bam_1WGCZ:GATCACTAGAGGAGTCx-M2,Generalist_NE,0.15609484905660378,5
gex_possorted_bam_1WGCZ:GATGCTTAGGACGTAAx-M2,Generalist_NE,0.1349454528301887,2
gex_possorted_bam_1WGCZ:GAGTCATTCCTGGTGAx-M2,Arc_1,0.14159998113207545,2
gex_possorted_bam_1WGCZ:GAGGCCTTCCGCAACAx-M2,Arc_1,0.21900216981132078,7
gex_possorted_bam_1WGCZ:GATAATCGTCGTAATGx-M2,Generalist_NE,0.14598432075471698,4
gex_possorted_bam_1WGCZ:GAGTATCTCTTTGACTx-M2,Generalist_NE,0.1377940754716981,2
gex_possorted_bam_1WGCZ:GATGAGGGTATTTGGGx-M2,Generalist_NE,0.17326360377358493,5
gex_possorted_bam_1WGCZ:GATGCAGCAGGAACCAx-M2,Generalist_NE,0.18315188679245284,7
gex_possorted_bam_1WGCZ:GAGGCTACAAGTAAGCx-M2,Arc_4,0.10126513207547168,1
gex_possorted_bam_1WGCZ:GAGTCAAAGTGCACGCx-M2,Generalist_NE,0.14061467924528304,3
gex_possorted_bam_1WGCZ:GAGGGAGCAATACTGTx-M2,Generalist_NE,0.16286356603773589,7
gex_possorted_bam_1WGCZ:GATGCGACACTTACAGx-M2,Generalist_NE,0.18025101886792458,7
gex_possorted_bam_1WGCZ:GCACCTAAGTGAGCGGx-M2,Generalist_NE,0.1431039433962264,4
gex_possorted_bam_1WGCZ:GATTTGCAGCTCCCTGx-M2,Generalist_NE,0.19193960377358496,4
gex_possorted_bam_1WGCZ:GATTACGGTGACATGCx-M2,Arc_5,0.13753716981132075,3
gex_possorted_bam_1WGCZ:GATTCCTGTAGGTGTCx-M2,Generalist_NE,0.14999362264150942,3
gex_possorted_bam_1WGCZ:GCAAACAAGGGATGACx-M2,Generalist_nonNE,0.1731877924528302,5
gex_possorted_bam_1WGCZ:GCAAACCGTGATGATTx-M2,Generalist_NE,0.1468009811320755,3
gex_possorted_bam_1WGCZ:GCAAGCCTCATTAGCAx-M2,Arc_6,0.15784356603773586,6
gex_possorted_bam_1WGCZ:GCACCTAAGCGTGCGTx-M2,Generalist_NE,0.1334572641509434,3
gex_possorted_bam_1WGCZ:GATTGTTCAGTTATCGx-M2,Arc_6,0.17345792452830192,6
gex_possorted_bam_1WGCZ:GCAAGTGCAAGGTGGCx-M2,Generalist_NE,0.23034998113207547,10
gex_possorted_bam_1WGCZ:GCACGCTAGCATCCAGx-M2,Generalist_NE,0.26671416981132073,12
gex_possorted_bam_1WGCZ:GCACATTAGCCAAATCx-M2,Generalist_nonNE,0.13962003773584905,3
gex_possorted_bam_1WGCZ:GATTCAATCATAGCCGx-M2,Generalist_nonNE,0.1343020566037736,3
gex_possorted_bam_1WGCZ:GCAATCTAGCCGCTAAx-M2,Generalist_NE,0.13802333962264152,2
gex_possorted_bam_1WGCZ:GCAATCTAGGAATAACx-M2,Generalist_NE,0.13501711320754717,2
gex_possorted_bam_1WGCZ:GCACGAACAATTGAAGx-M2,Generalist_NE,0.1327701132075472,2
gex_possorted_bam_1WGCZ:GATTCGCCAGCCGCTAx-M2,Arc_5,0.1327701132075472,2
gex_possorted_bam_1WGCZ:GATTGCAGTTACCTGTx-M2,Generalist_NE,0.3399770188679246,17
gex_possorted_bam_1WGCZ:GATTAGCTCCGGTTAGx-M2,Generalist_nonNE,0.12713516981132075,4
gex_possorted_bam_1WGCZ:GATTGTTCAGCAGGTAx-M2,Arc_1,0.13725847169811323,4
gex_possorted_bam_1WGCZ:GCAATATGTTAACGGCx-M2,Generalist_NE,0.14261703773584905,3
gex_possorted_bam_1WGCZ:GATTGCGTCTAGCGTGx-M2,Generalist_NE,0.1437639245283019,4
gex_possorted_bam_1WGCZ:GCAAGCCTCACCAATAx-M2,Generalist_NE,0.1424562641509434,4
gex_possorted_bam_1WGCZ:GCAAGTCGTTGCTTCGx-M2,Generalist_NE,0.16444654716981133,5
gex_possorted_bam_1WGCZ:GCAAGTGCACTAGCGTx-M2,Generalist_NE,0.1300302641509434,1
gex_possorted_bam_1WGCZ:GCACGCTAGGTCCTGAx-M2,Generalist_NE,0.22737260377358487,8
gex_possorted_bam_1WGCZ:GATTCGCCAGGTATTTx-M2,Generalist_NE,0.13197564150943397,2
gex_possorted_bam_1WGCZ:GATTAAGCATTTGCTCx-M2,Generalist_nonNE,0.12470732075471698,2
gex_possorted_bam_1WGCZ:GATTCATCAACGTGCTx-M2,Generalist_nonNE,0.20422583018867924,6
gex_possorted_bam_1WGCZ:GATTGCAGTTGGTTAGx-M2,Generalist_nonNE,0.12297830188679247,1
gex_possorted_bam_1WGCZ:GATTGTTCAAGTTATCx-M2,Generalist_NE,0.15634283018867928,3
gex_possorted_bam_1WGCZ:GCACATTAGTACCGCAx-M2,Generalist_nonNE,0.18518543396226417,7
gex_possorted_bam_1WGCZ:GCAAACAAGTTAGAGGx-M2,Generalist_NE,0.14326511320754717,3
gex_possorted_bam_1WGCZ:GCAATAGAGGATTGCTx-M2,Generalist_NE,0.1397142641509434,2
gex_possorted_bam_1WGCZ:GCACATTAGCACCACAx-M2,Generalist_nonNE,0.12988549056603774,2
gex_possorted_bam_1WGCZ:GATTGATGTTCCAGGGx-M2,Arc_1,0.1646768490566038,6
gex_possorted_bam_1WGCZ:GATTCAGGTACGCGCAx-M2,Arc_1,0.183489679245283,5
gex_possorted_bam_1WGCZ:GATTCAATCCCGAAGCx-M2,Arc_2,0.13545824528301886,3
gex_possorted_bam_1WGCZ:GATTCGCCAACTAGAAx-M2,Generalist_NE,0.13501711320754717,2
gex_possorted_bam_1WGCZ:GCAATGTTCAGCAAAGx-M2,Arc_1,0.10927164150943396,2
gex_possorted_bam_1WGCZ:GATTCAATCCTGTTCAx-M2,Generalist_NE,0.16529916981132076,3
gex_possorted_bam_1WGCZ:GCAAGTCGTTTGTGGAx-M2,Arc_1,0.38838707547169804,19
gex_possorted_bam_1WGCZ:GATTGGCGTCACTCGCx-M2,Generalist_NE,0.16212283018867926,5
gex_possorted_bam_1WGCZ:GCACGAACAAGGTGGCx-M2,Generalist_NE,0.134913320754717,2
gex_possorted_bam_1WGCZ:GCAAACAAGGTCGAGGx-M2,Generalist_NE,0.17479286792452825,7
gex_possorted_bam_1WGCZ:GCAATATGTGCGCAATx-M2,Generalist_NE,0.1327701132075472,2
gex_possorted_bam_1WGCZ:GATTCCTGTGCTCCGTx-M2,Generalist_NE,0.1571820377358491,4
gex_possorted_bam_1WGCZ:GCAATATGTTAGCAGCx-M2,Generalist_NE,0.14061467924528304,3
gex_possorted_bam_1WGCZ:GCAAGTGCACCTGCCTx-M2,Generalist_NE,0.22301773584905665,9
gex_possorted_bam_1WGCZ:GATTCCTGTTCCTGTGx-M2,Arc_5,0.1349454528301887,2
gex_possorted_bam_1WGCZ:GATTCCTGTGAGGTAGx-M2,Generalist_nonNE,0.1290887358490566,3
gex_possorted_bam_1WGCZ:GATTCCTGTCCTTTAAx-M2,Generalist_nonNE,0.10927164150943396,2
gex_possorted_bam_1WGCZ:GATTACTCATCGTTCTx-M2,Arc_4,0.10927164150943396,2
gex_possorted_bam_1WGCZ:GCAAACCGTTAGGACCx-M2,Generalist_NE,0.16206415094339624,4
gex_possorted_bam_1WGCZ:GATTCCTGTATTACCCx-M2,Arc_5,0.14715700000000004,5
gex_possorted_bam_1WGCZ:GATTGCGTCAGAAACGx-M2,Generalist_NE,0.1619603584905661,4
gex_possorted_bam_1WGCZ:GATTACGGTCACAGACx-M2,Generalist_NE,0.29394269811320756,13
gex_possorted_bam_1WGCZ:GATTAAGCATTCAGCAx-M2,Generalist_NE,0.13978483018867924,3
gex_possorted_bam_1WGCZ:GCAATAGAGTCAGTACx-M2,Generalist_NE,0.26173052830188676,9
gex_possorted_bam_1WGCZ:GATTCATCAATACTGTx-M2,Generalist_NE,0.16559032075471702,5
gex_possorted_bam_1WGCZ:GATTCCTGTGTCACGGx-M2,Arc_4,0.10927164150943396,2
gex_possorted_bam_1WGCZ:GATTGTTCAGGCCATTx-M2,Arc_4,0.10927164150943396,2
gex_possorted_bam_1WGCZ:GATTCATCATTAAGTCx-M2,Arc_4,0.10927164150943396,2
gex_possorted_bam_1WGCZ:GCAATAGAGTTATGGCx-M2,Generalist_NE,0.13459315094339622,2
gex_possorted_bam_1WGCZ:GCAAGCCTCAATACGCx-M2,Generalist_NE,0.18016658490566037,6
gex_possorted_bam_1WGCZ:GCAAACCGTTGCATCTx-M2,Generalist_nonNE,0.12698937735849056,4
gex_possorted_bam_1WGCZ:GATTTGCAGAAACTGGx-M2,Generalist_NE,0.23422839622641511,8
gex_possorted_bam_1WGCZ:GATTGGCGTACAATGTx-M2,Generalist_NE,0.15217564150943397,6
gex_possorted_bam_1WGCZ:GATTCCTGTAGACAAAx-M2,Generalist_NE,0.19091569811320755,8
gex_possorted_bam_1WGCZ:GATTATGTCACCTGTCx-M2,Arc_4,0.10927164150943396,2
gex_possorted_bam_1WGCZ:GATTGGCGTCCTCCAAx-M2,Generalist_NE,0.17261049056603778,6
gex_possorted_bam_1WGCZ:GCAAACCGTTGGATATx-M2,Generalist_NE,0.20960762264150942,7
gex_possorted_bam_1WGCZ:GATTAGTGTCCGGTTCx-M2,Generalist_nonNE,0.17041530188679246,4
gex_possorted_bam_1WGCZ:GATTCGCCAGGCATGAx-M2,Arc_6,0.15250233962264154,4
gex_possorted_bam_1WGCZ:GATTGATGTAACGAGGx-M2,Generalist_nonNE,0.14027950943396225,3
gex_possorted_bam_1WGCZ:GCAAGTCGTCCTAACTx-M2,Arc_5,0.14591562264150945,3
gex_possorted_bam_1WGCZ:GATTGATGTTAGTACGx-M2,Generalist_nonNE,0.13987481132075472,4
gex_possorted_bam_1WGCZ:GATTCGCCAAAGCGCAx-M2,Generalist_NE,0.15667115094339626,5
gex_possorted_bam_1WGCZ:GCAATAGAGGAACCAAx-M2,Generalist_NE,0.15261,3
gex_possorted_bam_1WGCZ:GATTCATCATGGTTATx-M2,Arc_5,0.23198522641509434,10
gex_possorted_bam_1WGCZ:GATTCAATCTTAAGTGx-M2,Generalist_nonNE,0.22247830188679243,10
gex_possorted_bam_1WGCZ:GCATGAAAGGATCACTx-M2,Generalist_NE,0.13268069811320754,1
gex_possorted_bam_1WGCZ:GCCTAATAGGTCCTAGx-M2,Generalist_NE,0.1336773396226415,3
gex_possorted_bam_1WGCZ:GCCACACAGTTAGAGGx-M2,Generalist_nonNE,0.12249398113207548,3
gex_possorted_bam_1WGCZ:GCAGGTGAGACTTACAx-M2,Generalist_NE,0.196517320754717,7
gex_possorted_bam_1WGCZ:GCCAGGAAGTTTGGTAx-M2,Generalist_NE,0.1609382452830189,6
gex_possorted_bam_1WGCZ:GCCCGTTGTTAGTGATx-M2,Generalist_NE,0.1805939811320755,7
gex_possorted_bam_1WGCZ:GCCATGATCAATGTGCx-M2,Generalist_NE,0.15755569811320755,4
gex_possorted_bam_1WGCZ:GCCCAAATCTGGCTTCx-M2,Generalist_NE,0.134913320754717,2
gex_possorted_bam_1WGCZ:GCAGGAAGTCACAGACx-M2,Generalist_NE,0.15579086792452831,3
gex_possorted_bam_1WGCZ:GCCTCCATCGTTAAGCx-M2,Generalist_NE,0.1300302641509434,1
gex_possorted_bam_1WGCZ:GCCTAATAGGTTACGTx-M2,Arc_2,0.13987481132075472,4
gex_possorted_bam_1WGCZ:GCAGCCAGTGTCACGGx-M2,Generalist_NE,0.13640128301886792,4
gex_possorted_bam_1WGCZ:GCATTGCCACCTCACCx-M2,Generalist_NE,0.13187701886792455,2
gex_possorted_bam_1WGCZ:GCAGGTTGTCTAACCTx-M2,Generalist_NE,0.1680469056603774,6
gex_possorted_bam_1WGCZ:GCCGTGAGTCATCCTGx-M2,Generalist_NE,0.18366764150943396,5
gex_possorted_bam_1WGCZ:GCAGGACCAGTTATCGx-M2,Generalist_NE,0.15514950943396225,4
gex_possorted_bam_1WGCZ:GCCTAATAGGATTTGCx-M2,Generalist_NE,0.17944177358490565,7
gex_possorted_bam_1WGCZ:GCATCCTTCGGTAACTx-M2,Arc_3,0.14796111320754718,4
gex_possorted_bam_1WGCZ:GCCAACATCTTAGTGAx-M2,Generalist_NE,0.1437639245283019,4
gex_possorted_bam_1WGCZ:GCCAGGAAGCATGCATx-M2,Generalist_NE,0.15849896226415094,6
gex_possorted_bam_1WGCZ:GCAGCCAGTTGAAGCCx-M2,Arc_5,0.13753716981132075,3
gex_possorted_bam_1WGCZ:GCAGGCTTCCTTGTTGx-M2,Generalist_NE,0.14099815094339624,4
gex_possorted_bam_1WGCZ:GCCACAATCACATTGAx-M2,Arc_4,0.111241,3
gex_possorted_bam_1WGCZ:GCATTAGGTCCCGAAGx-M2,Generalist_NE,0.14061467924528304,3
gex_possorted_bam_1WGCZ:GCACGGTTCAGCAAAGx-M2,Arc_5,0.15736909433962268,4
gex_possorted_bam_1WGCZ:GCCTCAAAGCTTTGGGx-M2,Arc_4,0.12485928301886792,2
gex_possorted_bam_1WGCZ:GCATCCTTCTGTGAGTx-M2,Generalist_nonNE,0.18920096226415092,7
gex_possorted_bam_1WGCZ:GCATTGCCACCTCGCTx-M2,Arc_1,0.12931596226415096,2
gex_possorted_bam_1WGCZ:GCAGGCTTCCTAATGAx-M2,Generalist_nonNE,0.12470732075471698,2
gex_possorted_bam_1WGCZ:GCCAGGTTCATGTTTCx-M2,Generalist_NE,0.17683803773584908,7
gex_possorted_bam_1WGCZ:GCAGGACCAATCCTAGx-M2,Generalist_NE,0.13706105660377357,1
gex_possorted_bam_1WGCZ:GCAGGACCACTTAACGx-M2,Generalist_nonNE,0.10927164150943396,2
gex_possorted_bam_1WGCZ:GCAGGTTGTCATTACCx-M2,Arc_4,0.12988549056603774,2
gex_possorted_bam_1WGCZ:GCCAACATCTGGTCCTx-M2,Generalist_nonNE,0.10927164150943396,2
gex_possorted_bam_1WGCZ:GCCGTGAGTTAGAGGGx-M2,Generalist_NE,0.17543898113207548,5
gex_possorted_bam_1WGCZ:GCATCCTTCTCACTATx-M2,Generalist_NE,0.1589223773584906,4
gex_possorted_bam_1WGCZ:GCATTAGGTGAATCGCx-M2,Generalist_NE,0.14000490566037738,3
gex_possorted_bam_1WGCZ:GCATGAAAGCCTGGTAx-M2,Generalist_NE,0.16715573584905663,5
gex_possorted_bam_1WGCZ:GCATGAAAGTTATGTGx-M2,Generalist_NE,0.13323271698113207,3
gex_possorted_bam_1WGCZ:GCCAGGTTCACCAATAx-M2,Arc_4,0.10426360377358489,1
gex_possorted_bam_1WGCZ:GCAGGCTTCGAGGAGTx-M2,Generalist_NE,0.1786094339622642,8
gex_possorted_bam_1WGCZ:GCCCGTTGTTTCGCGCx-M2,Generalist_NE,0.13802333962264152,2
gex_possorted_bam_1WGCZ:GCACTTACAGAGAGCCx-M2,Generalist_NE,0.13617683018867924,3
gex_possorted_bam_1WGCZ:GCACTTACATTGCGGTx-M2,Generalist_NE,0.2262058679245283,7
gex_possorted_bam_1WGCZ:GCCAGGTTCCGCCTCAx-M2,Arc_6,0.16756260377358498,4
gex_possorted_bam_1WGCZ:GCATTGCCAACCCTAAx-M2,Generalist_NE,0.15528305660377356,4
gex_possorted_bam_1WGCZ:GCACGCTAGTAACAGGx-M2,Generalist_NE,0.1763598490566038,4
gex_possorted_bam_1WGCZ:GCCATTACAATTGCGCx-M2,Generalist_NE,0.14051088679245283,3
gex_possorted_bam_1WGCZ:GCCTCCATCATAATCGx-M2,Arc_3,0.14193933962264152,4
gex_possorted_bam_1WGCZ:GCCACAATCTAAATCGx-M2,Generalist_NE,0.14057930188679246,3
gex_possorted_bam_1WGCZ:GCATTGCCAATTAAGGx-M2,Generalist_NE,0.1721431886792453,6
gex_possorted_bam_1WGCZ:GCATTGCCACAATACTx-M2,Arc_6,0.21476664150943398,9
gex_possorted_bam_1WGCZ:GCACTTACAGTCTATGx-M2,Generalist_NE,0.13802333962264152,2
gex_possorted_bam_1WGCZ:GCATTGCCAGCACGAAx-M2,Generalist_NE,0.29553994339622647,13
gex_possorted_bam_1WGCZ:GCCGTGAGTGACCTGGx-M2,Arc_5,0.13777890566037737,2
gex_possorted_bam_1WGCZ:GCATGAAAGCCGCAACx-M2,Arc_6,0.14051088679245283,3
gex_possorted_bam_1WGCZ:GCCATTACAAGACTCCx-M2,Arc_1,0.28659050943396225,14
gex_possorted_bam_1WGCZ:GCCCAAATCATGCATAx-M2,Generalist_nonNE,0.13833198113207548,3
gex_possorted_bam_1WGCZ:GCAGCTATCCCTTGCGx-M2,Arc_6,0.13501711320754717,2
gex_possorted_bam_1WGCZ:GCAGCTATCTCACTCAx-M2,Generalist_NE,0.2764905283018868,13
gex_possorted_bam_1WGCZ:GCCACAATCCGTCCATx-M2,Arc_6,0.1472139245283019,5
gex_possorted_bam_1WGCZ:GCCAACATCACCAATAx-M2,Arc_1,0.15967758490566036,5
gex_possorted_bam_1WGCZ:GCAGCTATCGGTACGCx-M2,Generalist_NE,0.13268069811320754,1
gex_possorted_bam_1WGCZ:GCATTGCCAGGCATGAx-M2,Generalist_NE,0.13788947169811322,3
gex_possorted_bam_1WGCZ:GCCCGTTGTTAGCTGAx-M2,Generalist_NE,0.13938654716981133,2
gex_possorted_bam_1WGCZ:GCCTATTGTTCAAGATx-M2,Arc_6,0.14560247169811322,4
gex_possorted_bam_1WGCZ:GCAGGTTGTTACCGGGx-M2,Generalist_NE,0.13103801886792452,1
gex_possorted_bam_1WGCZ:GCACTAAGTGAGCAAGx-M2,Generalist_NE,0.159374320754717,4
gex_possorted_bam_1WGCZ:GCATATATCGATATTGx-M2,Generalist_NE,0.13706105660377357,1
gex_possorted_bam_1WGCZ:GCCGTGAGTCTAACAGx-M2,Generalist_NE,0.1705798490566038,5
gex_possorted_bam_1WGCZ:GCAGCTATCTTGTCCAx-M2,Arc_6,0.17272418867924533,5
gex_possorted_bam_1WGCZ:GCACGGTTCGGTACGCx-M2,Generalist_NE,0.2065637358490566,9
gex_possorted_bam_1WGCZ:GCCTAATAGGCTGTGCx-M2,Generalist_NE,0.3051853018867925,11
gex_possorted_bam_1WGCZ:GCCAGGAAGTTATGGCx-M2,Generalist_NE,0.15309554716981136,4
gex_possorted_bam_1WGCZ:GCACGGTTCGGCCAGTx-M2,Generalist_nonNE,0.10927164150943396,2
gex_possorted_bam_1WGCZ:GCACTTACATGAGTTTx-M2,Generalist_NE,0.13730875471698112,3
gex_possorted_bam_1WGCZ:GCCTCCATCTGGCAATx-M2,Generalist_NE,0.1472582075471698,4
gex_possorted_bam_1WGCZ:GCACTAAGTTAGGACCx-M2,Generalist_NE,0.22842894339622644,11
gex_possorted_bam_1WGCZ:GCCTCCATCCTGCGAAx-M2,Generalist_NE,0.13093422641509433,1
gex_possorted_bam_1WGCZ:GCCTACTTCCGTTAAAx-M2,Arc_4,0.10927164150943396,2
gex_possorted_bam_1WGCZ:GCGGAACCACAAGCCTx-M2,Arc_6,0.15889547169811324,3
gex_possorted_bam_1WGCZ:GCGGAACCAAATTGCTx-M2,Generalist_nonNE,0.12988549056603774,2
gex_possorted_bam_1WGCZ:GCGCGATTCATTGCAAx-M2,Arc_5,0.15707533962264153,3
gex_possorted_bam_1WGCZ:GCCTCGACAGCACCATx-M2,Generalist_NE,0.1349454528301887,2
gex_possorted_bam_1WGCZ:GCCTTTGGTCACGAACx-M2,Generalist_NE,0.14061467924528304,3
gex_possorted_bam_1WGCZ:GCCTTGCGTCCTTTAAx-M2,Generalist_NE,0.2809456037735849,11
gex_possorted_bam_1WGCZ:GCCTTGCGTAATGACTx-M2,Arc_4,0.1482511320754717,3
gex_possorted_bam_1WGCZ:GCGATATTCGCCTGTTx-M2,Generalist_NE,0.15815122641509435,3
gex_possorted_bam_1WGCZ:GCGTGCTAGAGGATATx-M2,Generalist_NE,0.1863271698113208,7
gex_possorted_bam_1WGCZ:GCGCTTAAGTCTGGGCx-M2,Arc_4,0.10927164150943396,2
gex_possorted_bam_1WGCZ:GCCTTAACAGGTTTGCx-M2,Arc_4,0.12698937735849056,4
gex_possorted_bam_1WGCZ:GCGGTTGGTGCTGGTGx-M2,Generalist_NE,0.14580964150943398,4
gex_possorted_bam_1WGCZ:GCGGTTATCTTGCAGGx-M2,Generalist_NE,0.20501792452830192,8
gex_possorted_bam_1WGCZ:GCTAACAGTTTGGGCGx-M2,Arc_1,0.14075200000000002,3
gex_possorted_bam_1WGCZ:GCGAAGTAGAAAGCATx-M2,Generalist_NE,0.13742481132075474,1
gex_possorted_bam_1WGCZ:GCGCGATTCATTGTTCx-M2,Generalist_NE,0.17710622641509438,6
gex_possorted_bam_1WGCZ:GCGCTAGGTCATGCAAx-M2,Arc_6,0.1842067169811321,7
gex_possorted_bam_1WGCZ:GCCTGAGGTAATCGGCx-M2,Arc_3,0.1545911886792453,5
gex_possorted_bam_1WGCZ:GCGCTTGCAACCTGGTx-M2,Generalist_NE,0.1391066037735849,2
gex_possorted_bam_1WGCZ:GCGCTTAAGCGATACTx-M2,Generalist_nonNE,0.12171228301886793,1
gex_possorted_bam_1WGCZ:GCGGTTGGTACGCGCAx-M2,Arc_4,0.10927164150943396,2
gex_possorted_bam_1WGCZ:GCCTTTATCCTTAAGAx-M2,Generalist_NE,0.13802333962264152,2
gex_possorted_bam_1WGCZ:GCGCGATTCGGTTCCTx-M2,Arc_6,0.14570626415094343,4
gex_possorted_bam_1WGCZ:GCGATATTCCAAATCAx-M2,Generalist_NE,0.1498995283018868,4
gex_possorted_bam_1WGCZ:GCGATTTAGGGCTTATx-M2,Generalist_NE,0.13264226415094338,3
gex_possorted_bam_1WGCZ:GCGTAACGTTAAGCGCx-M2,Arc_5,0.13920090566037738,3
gex_possorted_bam_1WGCZ:GCGCTTGCAGCAAGTGx-M2,Arc_5,0.14705094339622643,2
gex_possorted_bam_1WGCZ:GCGAGTGAGAAAGCATx-M2,Generalist_NE,0.134913320754717,2
gex_possorted_bam_1WGCZ:GCCTCCATCTTAGGACx-M2,Generalist_NE,0.12992279245283017,4
gex_possorted_bam_1WGCZ:GCGGGTTTCGACCTGAx-M2,Generalist_NE,0.15919233962264154,3
gex_possorted_bam_1WGCZ:GCCTTACTCGTTAAGCx-M2,Generalist_NE,0.12969824528301888,2
gex_possorted_bam_1WGCZ:GCCTGACAGAAACTGGx-M2,Generalist_NE,0.14096398113207548,4
gex_possorted_bam_1WGCZ:GCCTCGACATGCTTAGx-M2,Generalist_NE,0.13583681132075473,2
gex_possorted_bam_1WGCZ:GCCTTGCGTTGACTTCx-M2,Generalist_NE,0.13735477358490567,2
gex_possorted_bam_1WGCZ:GCGATTAGTGTTGCTTx-M2,Generalist_NE,0.13336056603773586,2
gex_possorted_bam_1WGCZ:GCGCCTTGTTAGCATGx-M2,Generalist_NE,0.13706105660377357,1
gex_possorted_bam_1WGCZ:GCGTTTCTCTAAATCGx-M2,Generalist_NE,0.18002920754716983,8
gex_possorted_bam_1WGCZ:GCCTGACAGAACAAGTx-M2,Arc_4,0.11057190566037736,2
gex_possorted_bam_1WGCZ:GCGATATTCCTAGTAAx-M2,Generalist_NE,0.14152067924528305,4
gex_possorted_bam_1WGCZ:GCCTTTGGTTGTAAACx-M2,Generalist_NE,0.14761969811320755,5
gex_possorted_bam_1WGCZ:GCCTTTATCGATCAGTx-M2,Arc_1,0.14214650943396226,4
gex_possorted_bam_1WGCZ:GCTAACAGTTATTGCCx-M2,Arc_4,0.14731611320754717,5
gex_possorted_bam_1WGCZ:GCGCGATTCCTCATGCx-M2,Arc_6,0.15736909433962268,4
gex_possorted_bam_1WGCZ:GCCTTTGGTTGAGGTCx-M2,Generalist_nonNE,0.10927164150943396,2
gex_possorted_bam_1WGCZ:GCGCAAACACGGTACTx-M2,Generalist_NE,0.1327701132075472,2
gex_possorted_bam_1WGCZ:GCCTGAGGTAGCCATAx-M2,Generalist_NE,0.1392058679245283,2
gex_possorted_bam_1WGCZ:GCGGATACATGGCCTGx-M2,Generalist_NE,0.15444515094339625,4
gex_possorted_bam_1WGCZ:GCGTTTCTCCAAGTGTx-M2,Generalist_NE,0.1372049622641509,3
gex_possorted_bam_1WGCZ:GCTAACAGTAATAGCTx-M2,Generalist_NE,0.14326333962264154,4
gex_possorted_bam_1WGCZ:GCGCTAGGTCACGAACx-M2,Arc_5,0.16548558490566037,3
gex_possorted_bam_1WGCZ:GCCTCGACACTTCATCx-M2,Generalist_NE,0.15758933962264152,3
gex_possorted_bam_1WGCZ:GCCTTAGAGATACTTGx-M2,Arc_4,0.10927164150943396,2
gex_possorted_bam_1WGCZ:GCGATATTCATTTGCTx-M2,Generalist_NE,0.1584493962264151,5
gex_possorted_bam_1WGCZ:GCGATTTAGGGCTTTGx-M2,Generalist_nonNE,0.13257669811320755,4
gex_possorted_bam_1WGCZ:GCCTTGCGTTAGCTGAx-M2,Generalist_NE,0.1620257924528302,3
gex_possorted_bam_1WGCZ:GCGTGCTAGATGCCTGx-M2,Generalist_NE,0.13550377358490567,2
gex_possorted_bam_1WGCZ:GCCTTACTCAATGTCAx-M2,Generalist_NE,0.13907094339622642,2
gex_possorted_bam_1WGCZ:GCGTTTCTCATTACTCx-M2,Generalist_NE,0.13268069811320754,1
gex_possorted_bam_1WGCZ:GCGGAACCACGTAATTx-M2,Generalist_NE,0.2883719245283019,10
gex_possorted_bam_1WGCZ:GCGAAGCCACCTACGGx-M2,Generalist_NE,0.17734486792452836,7
gex_possorted_bam_1WGCZ:GCGATATTCAGCTAACx-M2,Arc_6,0.1715578490566038,7
gex_possorted_bam_1WGCZ:GCGAAGCCATTGGGAGx-M2,Generalist_NE,0.2007566981132076,5
gex_possorted_bam_1WGCZ:GCCTGACAGTTAGACCx-M2,Arc_6,0.16206415094339624,4
gex_possorted_bam_1WGCZ:GCGAGTGAGCCTGATGx-M2,Generalist_NE,0.1388486037735849,3
gex_possorted_bam_1WGCZ:GCGCAAACAGGTTCACx-M2,Generalist_NE,0.14394064150943398,4
gex_possorted_bam_1WGCZ:GCGAAGTAGCTGTACGx-M2,Arc_3,0.19804483018867924,6
gex_possorted_bam_1WGCZ:GCGCAATGTTTGACCTx-M2,Generalist_NE,0.17736286792452835,7
gex_possorted_bam_1WGCZ:GCCTGACAGTGAGGGTx-M2,Arc_6,0.18240888679245287,4
gex_possorted_bam_1WGCZ:GCGCAAACAGCTAATTx-M2,Generalist_nonNE,0.12035190566037735,3
gex_possorted_bam_1WGCZ:GCGATTTAGGTACCGCx-M2,Arc_5,0.16708777358490565,6
gex_possorted_bam_1WGCZ:GCCTGCTGTAACCTAGx-M2,Generalist_nonNE,0.13436956603773584,3
gex_possorted_bam_1WGCZ:GCGATATTCCTGAGTGx-M2,Arc_4,0.14221437735849057,5
gex_possorted_bam_1WGCZ:GCGATTAGTCATTGTCx-M2,Generalist_NE,0.14702164150943395,4
gex_possorted_bam_1WGCZ:GCGGTTGGTTAGCTGAx-M2,Generalist_NE,0.16485783018867925,5
gex_possorted_bam_1WGCZ:GCCTTAGAGGTGAAATx-M2,Arc_6,0.1739543773584906,7
gex_possorted_bam_1WGCZ:GCTAACAGTGGATGTCx-M2,Arc_5,0.13802333962264152,2
gex_possorted_bam_1WGCZ:GCGTTTCTCTCCTCTTx-M2,Arc_1,0.14804383018867925,3
gex_possorted_bam_1WGCZ:GCCTTAACAAGTCGCTx-M2,Generalist_nonNE,0.12879743396226415,3
gex_possorted_bam_1WGCZ:GCGAAGCCACTAAGTTx-M2,Generalist_NE,0.14437369811320755,4
gex_possorted_bam_1WGCZ:GCGGTTATCCTGCGAAx-M2,Generalist_NE,0.14705094339622643,2
gex_possorted_bam_1WGCZ:GCGATATTCCGCTAGAx-M2,Generalist_NE,0.15640681132075474,3
gex_possorted_bam_1WGCZ:GCGCTTAAGGAGCAACx-M2,Arc_4,0.14579903773584907,5
gex_possorted_bam_1WGCZ:GCCTTTGGTCACAGCGx-M2,Arc_6,0.23678452830188682,12
gex_possorted_bam_1WGCZ:GCGCAATGTAGGTTTGx-M2,Generalist_NE,0.19518669811320757,4
gex_possorted_bam_1WGCZ:GCGGGTTTCGCAATCGx-M2,Arc_3,0.13602581132075472,2
gex_possorted_bam_1WGCZ:GCGGATACACAGGGACx-M2,Generalist_NE,0.17558088679245287,6
gex_possorted_bam_1WGCZ:GCTTAAATCGAAGTAGx-M2,Generalist_nonNE,0.12470732075471698,2
gex_possorted_bam_1WGCZ:GCTGGTTCATATTGACx-M2,Arc_5,0.13753716981132075,3
gex_possorted_bam_1WGCZ:GCTCCTTAGGTTACACx-M2,Generalist_NE,0.15656307547169812,2
gex_possorted_bam_1WGCZ:GCTGAGGAGGCTGGCTx-M2,Generalist_NE,0.18260571698113212,5
gex_possorted_bam_1WGCZ:GCTATTGCATTCAGCAx-M2,Generalist_nonNE,0.10927164150943396,2
gex_possorted_bam_1WGCZ:GCTAATATCTGTTGCCx-M2,Arc_6,0.1386723396226415,3
gex_possorted_bam_1WGCZ:GCTATAGGTCGACTAAx-M2,Generalist_NE,0.16223250943396228,3
gex_possorted_bam_1WGCZ:GCTAGCTCAATTGAAGx-M2,Generalist_NE,0.1984372641509434,5
gex_possorted_bam_1WGCZ:GCTAAGAAGGAAGCTAx-M2,Generalist_NE,0.14761277358490563,4
gex_possorted_bam_1WGCZ:GCTGACATCCATAATGx-M2,Generalist_NE,0.1374266037735849,2
gex_possorted_bam_1WGCZ:GCTATTGCAACGTGCTx-M2,Arc_5,0.22842894339622644,11
gex_possorted_bam_1WGCZ:GCTAAGTTCTATTGTCx-M2,Generalist_NE,0.18841477358490571,9
gex_possorted_bam_1WGCZ:GCTTAAATCCCTGGAAx-M2,Generalist_NE,0.1457727358490566,5
gex_possorted_bam_1WGCZ:GCTCCTTAGGGTGGATx-M2,Arc_4,0.12249398113207548,3
gex_possorted_bam_1WGCZ:GCTAGCGGTTTGACCTx-M2,Generalist_NE,0.2052001886792453,10
gex_possorted_bam_1WGCZ:GCTGGTTCAATTAACCx-M2,Arc_6,0.13103801886792452,1
gex_possorted_bam_1WGCZ:GCTATCCTCACCGGTAx-M2,Arc_1,0.1493546981132076,5
gex_possorted_bam_1WGCZ:GCTAGCTCAACTAGCCx-M2,Arc_3,0.1449430754716981,5
gex_possorted_bam_1WGCZ:GCTAAGCGTTATAGCGx-M2,Generalist_NE,0.15626135849056605,5
gex_possorted_bam_1WGCZ:GCTTACCTCAATGTCAx-M2,Generalist_nonNE,0.1615692075471698,7
gex_possorted_bam_1WGCZ:GCTTACCTCCTGATGGx-M2,Generalist_NE,0.19619788679245287,5
gex_possorted_bam_1WGCZ:GCTGATCCAGGCTTGTx-M2,Generalist_nonNE,0.10927164150943396,2
gex_possorted_bam_1WGCZ:GCTGACCAGGGTCTATx-M2,Arc_4,0.10927164150943396,2
gex_possorted_bam_1WGCZ:GCTGGTTCAATCTCTCx-M2,Generalist_NE,0.21560369811320754,10
gex_possorted_bam_1WGCZ:GCTGCACAGTTCCTCAx-M2,Arc_1,0.12249398113207548,3
gex_possorted_bam_1WGCZ:GCTATAGGTTTATGGGx-M2,Arc_4,0.10927164150943396,2
gex_possorted_bam_1WGCZ:GCTCTGTTCGCACAATx-M2,Generalist_NE,0.14061467924528304,3
gex_possorted_bam_1WGCZ:GCTTAAATCTAAGGAGx-M2,Arc_1,0.23438449056603775,7
gex_possorted_bam_1WGCZ:GCTAATATCGCAATCGx-M2,Generalist_NE,0.15975383018867925,4
gex_possorted_bam_1WGCZ:GCTCAACCACGAATTTx-M2,Arc_2,0.13562050943396226,3
gex_possorted_bam_1WGCZ:GCTAGCTCATGGCCCAx-M2,Generalist_nonNE,0.13833198113207548,3
gex_possorted_bam_1WGCZ:GCTGTAAGTGGCTTCCx-M2,Generalist_NE,0.128118,1
gex_possorted_bam_1WGCZ:GCTAGTGTCTGTAAGCx-M2,Generalist_NE,0.1554855849056604,3
gex_possorted_bam_1WGCZ:GCTCCTTAGTTTGCGGx-M2,Arc_1,0.17346888679245284,6
gex_possorted_bam_1WGCZ:GCTGCACAGTTATTCCx-M2,Generalist_NE,0.1349454528301887,2
gex_possorted_bam_1WGCZ:GCTTATCGTATTCGTCx-M2,Arc_6,0.1580872452830189,3
gex_possorted_bam_1WGCZ:GCTAGTGTCATTTGCTx-M2,Generalist_NE,0.15794735849056604,6
gex_possorted_bam_1WGCZ:GCTAGTGTCACAGACTx-M2,Generalist_nonNE,0.1409295283018868,3
gex_possorted_bam_1WGCZ:GCTCTGGCACACTAATx-M2,Generalist_nonNE,0.10927164150943396,2
gex_possorted_bam_1WGCZ:GCTAAGTTCAATCATGx-M2,Arc_6,0.13565460377358493,2
gex_possorted_bam_1WGCZ:GCTAGCGGTATTACCCx-M2,Generalist_NE,0.14661411320754716,3
gex_possorted_bam_1WGCZ:GCTCTGTTCGCAATCGx-M2,Generalist_NE,0.16167349056603775,3
gex_possorted_bam_1WGCZ:GCTGTGCAGTGCTGTGx-M2,Arc_6,0.1705462264150944,5
gex_possorted_bam_1WGCZ:GCTCATTGTACGATTGx-M2,Generalist_NE,0.14061467924528304,3
gex_possorted_bam_1WGCZ:GCTATTGCAATGAGGTx-M2,Generalist_nonNE,0.10927164150943396,2
gex_possorted_bam_1WGCZ:GCTGCACAGGAACGGTx-M2,Generalist_nonNE,0.12249398113207548,3
gex_possorted_bam_1WGCZ:GCTTAAATCCCGAAGCx-M2,Generalist_NE,0.15742250943396227,2
gex_possorted_bam_1WGCZ:GCTCACAAGACAAAGTx-M2,Arc_6,0.15306511320754718,4
gex_possorted_bam_1WGCZ:GCTTCGCGTCCGTAGGx-M2,Generalist_NE,0.20672516981132075,7
gex_possorted_bam_1WGCZ:GCTGTGATCCAGGTTGx-M2,Arc_2,0.1469,4
gex_possorted_bam_1WGCZ:GCTGAGGAGTATTGTGx-M2,Arc_6,0.16886279245283023,6
gex_possorted_bam_1WGCZ:GCTAATATCGAGCAAAx-M2,Generalist_NE,0.14000490566037738,3
gex_possorted_bam_1WGCZ:GCTCACAAGTAGAGGCx-M2,Generalist_NE,0.14575030188679244,2
gex_possorted_bam_1WGCZ:GCTGTGCAGGGACTAAx-M2,Arc_6,0.1705462264150944,5
gex_possorted_bam_1WGCZ:GCTCCTTAGCTTACTTx-M2,Arc_4,0.1427485471698113,4
gex_possorted_bam_1WGCZ:GCTGATCCAATATACCx-M2,Generalist_nonNE,0.13166535849056601,2
gex_possorted_bam_1WGCZ:GCTTATCGTAACTACGx-M2,Arc_6,0.14000490566037738,3
gex_possorted_bam_1WGCZ:GCTGTACCAACCTAATx-M2,Generalist_NE,0.20647628301886795,9
gex_possorted_bam_1WGCZ:GCTGCACAGGGTGAACx-M2,Generalist_NE,0.13742988679245283,3
gex_possorted_bam_1WGCZ:GCTTATCGTTAGGTTGx-M2,Generalist_NE,0.13501711320754717,2
gex_possorted_bam_1WGCZ:GCTTAAATCGATCAGTx-M2,Arc_4,0.1239657358490566,3
gex_possorted_bam_1WGCZ:GCTTAGTAGGCCAATTx-M2,Generalist_NE,0.14568737735849058,3
gex_possorted_bam_1WGCZ:GCTGTAAGTAGTCAATx-M2,Generalist_NE,0.14235696226415095,3
gex_possorted_bam_1WGCZ:GCTGGATGTACCTTACx-M2,Generalist_NE,0.17459988679245284,3
gex_possorted_bam_1WGCZ:GCTAAGTTCCTTGCACx-M2,Arc_4,0.10927164150943396,2
gex_possorted_bam_1WGCZ:GCTGGATGTTGCATCTx-M2,Generalist_NE,0.15712256603773586,5
gex_possorted_bam_1WGCZ:GCTATTGCATTAGCCAx-M2,Generalist_NE,0.1590817735849057,2
gex_possorted_bam_1WGCZ:GCTCCTTAGTAACCACx-M2,Generalist_NE,0.13768356603773585,3
gex_possorted_bam_1WGCZ:GCTGAGGAGGTGCTGCx-M2,Generalist_nonNE,0.12988549056603774,2
gex_possorted_bam_1WGCZ:GCTGTGCAGATAACCCx-M2,Generalist_NE,0.16585452830188677,6
gex_possorted_bam_1WGCZ:GCTAAGCGTACAAAGAx-M2,Generalist_NE,0.15428943396226416,7
gex_possorted_bam_1WGCZ:GCTGATCCAGTCTAATx-M2,Arc_4,0.10927164150943396,2
gex_possorted_bam_1WGCZ:GCTGATCCATGGCCCAx-M2,Arc_1,0.1614040566037736,5
gex_possorted_bam_1WGCZ:GCTGTAAGTTGGATATx-M2,Generalist_NE,0.15018777358490562,3
gex_possorted_bam_1WGCZ:GCTTATCGTTACTTCAx-M2,Generalist_nonNE,0.10927164150943396,2
gex_possorted_bam_1WGCZ:GCTAAGAAGTTGGATCx-M2,Generalist_NE,0.14386067924528304,4
gex_possorted_bam_1WGCZ:GCTAATATCCGGCTAAx-M2,Generalist_NE,0.1802302075471698,9
gex_possorted_bam_1WGCZ:GCTGTGATCTCCTCAAx-M2,Arc_5,0.17208733962264153,6
gex_possorted_bam_1WGCZ:GCTTAAATCCATAAGCx-M2,Generalist_NE,0.14570626415094343,4
gex_possorted_bam_1WGCZ:GCTATTGCACATAGCCx-M2,Generalist_NE,0.16440339622641512,5
gex_possorted_bam_1WGCZ:GCTGATCCAATAAGCAx-M2,Generalist_NE,0.13013405660377358,1
gex_possorted_bam_1WGCZ:GCTGCATCAGCCAGAAx-M2,Arc_5,0.16314909433962266,6
gex_possorted_bam_1WGCZ:GCTTAACAGAAACTGGx-M2,Generalist_NE,0.1810993396226415,7
gex_possorted_bam_1WGCZ:GCTGGATGTTTAGTCCx-M2,Generalist_NE,0.2173757924528302,7
gex_possorted_bam_1WGCZ:GCTTAGTAGTTTGCGGx-M2,Generalist_NE,0.1300302641509434,1
gex_possorted_bam_1WGCZ:GCTGTGATCGATCAGTx-M2,Arc_5,0.1327701132075472,2
gex_possorted_bam_1WGCZ:GGACATAAGTTGTCTTx-M2,Arc_4,0.12713516981132075,4
gex_possorted_bam_1WGCZ:GGACGGATCTGTGAGTx-M2,Arc_2,0.13987481132075472,4
gex_possorted_bam_1WGCZ:GGATGTAAGCTATTAGx-M2,Arc_6,0.1986875094339623,8
gex_possorted_bam_1WGCZ:GCTTTCATCTTAGGGTx-M2,Generalist_NE,0.1437639245283019,4
gex_possorted_bam_1WGCZ:GGATACTTCGCCTAAGx-M2,Generalist_NE,0.18337405660377357,7
gex_possorted_bam_1WGCZ:GCTTTGTGTTTGTGGAx-M2,Arc_5,0.13859390566037738,2
gex_possorted_bam_1WGCZ:GGAGTGAGTCCAAGACx-M2,Arc_4,0.10927164150943396,2
gex_possorted_bam_1WGCZ:GGATAACCACTAAGCCx-M2,Generalist_NE,0.22977384905660372,11
gex_possorted_bam_1WGCZ:GGATATTGTTAGGCGTx-M2,Arc_6,0.18003977358490567,7
gex_possorted_bam_1WGCZ:GCTTTCATCAACAAGGx-M2,Generalist_NE,0.21360377358490565,10
gex_possorted_bam_1WGCZ:GCTTTATTCTTTAAGGx-M2,Generalist_NE,0.15634283018867928,3
gex_possorted_bam_1WGCZ:GCTTTCATCATCCTCAx-M2,Arc_6,0.14051088679245283,3
gex_possorted_bam_1WGCZ:GGACCTCAGCAAGGACx-M2,Generalist_NE,0.14361635849056606,2
gex_possorted_bam_1WGCZ:GGAGCATAGCTGTACGx-M2,Arc_4,0.12249398113207548,3
gex_possorted_bam_1WGCZ:GGAACCTGTAGCCTCCx-M2,Arc_5,0.13788947169811322,3
gex_possorted_bam_1WGCZ:GGAATCTTCGATTTAGx-M2,Generalist_NE,0.13602581132075472,2
gex_possorted_bam_1WGCZ:GGACCTCAGGCCATCAx-M2,Arc_6,0.14000490566037738,3
gex_possorted_bam_1WGCZ:GGAACGGTCGAAGTGAx-M2,Generalist_NE,0.1377359433962264,2
gex_possorted_bam_1WGCZ:GGAACAATCCGCATGAx-M2,Generalist_NE,0.27439935849056607,11
gex_possorted_bam_1WGCZ:GGATATTGTGATTTGGx-M2,Arc_1,0.1526051132075472,3
gex_possorted_bam_1WGCZ:GGAACCTGTCAGGAAGx-M2,Arc_5,0.1869615660377358,5
gex_possorted_bam_1WGCZ:GGAGCAAGTTGTAACGx-M2,Generalist_NE,0.15884360377358492,4
gex_possorted_bam_1WGCZ:GGATATTGTGAATCGCx-M2,Generalist_NE,0.1574259433962264,5
gex_possorted_bam_1WGCZ:GGAGGTTAGCTTTGGGx-M2,Arc_1,0.23893275471698114,10
gex_possorted_bam_1WGCZ:GGAACAATCACTTCATx-M2,Arc_4,0.12249398113207548,3
gex_possorted_bam_1WGCZ:GGAACCACACTAAGTTx-M2,Arc_1,0.22249569811320752,8
gex_possorted_bam_1WGCZ:GGATATTGTTGTCATCx-M2,Generalist_NE,0.24242896226415095,8
gex_possorted_bam_1WGCZ:GGACGAAGTGAAACAAx-M2,Generalist_NE,0.13706105660377357,1
gex_possorted_bam_1WGCZ:GGATAACCAGGCATGAx-M2,Generalist_NE,0.1348081320754717,2
gex_possorted_bam_1WGCZ:GGAGCAAGTAGGTGTCx-M2,Generalist_nonNE,0.10927164150943396,2
gex_possorted_bam_1WGCZ:GCTTTATTCTAAGTCAx-M2,Generalist_nonNE,0.13725316981132077,3
gex_possorted_bam_1WGCZ:GGAGCATAGGAGTCGGx-M2,Generalist_NE,0.16138747169811318,5
gex_possorted_bam_1WGCZ:GGAGCGATCACAGCGCx-M2,Generalist_NE,0.13538235849056604,3
gex_possorted_bam_1WGCZ:GGAAGTATCTAGCTTTx-M2,Arc_4,0.10927164150943396,2
gex_possorted_bam_1WGCZ:GGAGCATAGACAAGTGx-M2,Generalist_NE,0.16886279245283023,6
gex_possorted_bam_1WGCZ:GCTTGACCACCTGGTGx-M2,Arc_5,0.1540222075471698,4
gex_possorted_bam_1WGCZ:GCTTTATTCTATGACAx-M2,Arc_2,0.23319124528301885,8
gex_possorted_bam_1WGCZ:GCTTTACGTACTGAATx-M2,Generalist_NE,0.21148809433962265,9
gex_possorted_bam_1WGCZ:GGAAGCTAGCGTGCGTx-M2,Generalist_NE,0.14061467924528304,3
gex_possorted_bam_1WGCZ:GGAACTAAGCGAAGTAx-M2,Generalist_nonNE,0.1343020566037736,3
gex_possorted_bam_1WGCZ:GGAGTCTGTTGGTTCTx-M2,Generalist_NE,0.19274583018867925,6
gex_possorted_bam_1WGCZ:GCTTTCATCATTAGGCx-M2,Generalist_nonNE,0.15312469811320756,4
gex_possorted_bam_1WGCZ:GGACATAAGGGCTTTGx-M2,Arc_6,0.13768356603773585,3
gex_possorted_bam_1WGCZ:GGATATTGTCACCTATx-M2,Generalist_NE,0.14560247169811322,4
gex_possorted_bam_1WGCZ:GGAGCAAGTTCCTCCTx-M2,Arc_3,0.20098884905660377,7
gex_possorted_bam_1WGCZ:GGATGTAAGCCACAATx-M2,Generalist_NE,0.1777043018867925,8
gex_possorted_bam_1WGCZ:GCTTTCATCGTTACAAx-M2,Arc_5,0.131084320754717,1
gex_possorted_bam_1WGCZ:GGATACTTCCGCAACAx-M2,Generalist_NE,0.164826,4
gex_possorted_bam_1WGCZ:GGAAGTATCCCGTTGTx-M2,Generalist_NE,0.1486433396226415,3
gex_possorted_bam_1WGCZ:GGATGTAAGGCAAGTAx-M2,Generalist_NE,0.15374828301886792,5
gex_possorted_bam_1WGCZ:GGAACGGTCCTGAGTGx-M2,Generalist_nonNE,0.13166535849056601,2
gex_possorted_bam_1WGCZ:GGAAGCTAGTGTTGTAx-M2,Generalist_NE,0.16101335849056606,4
gex_possorted_bam_1WGCZ:GGACTAAAGTAAGAACx-M2,Generalist_NE,0.187726,6
gex_possorted_bam_1WGCZ:GGAACCACATGTTGCAx-M2,Generalist_NE,0.13355290566037736,2
gex_possorted_bam_1WGCZ:GGATGTAAGGTGAAGCx-M2,Arc_5,0.136232,3
gex_possorted_bam_1WGCZ:GCTTTGTGTTGACTTCx-M2,Arc_6,0.1617581886792453,3
gex_possorted_bam_1WGCZ:GGATGAATCTGGTCCTx-M2,Generalist_NE,0.16900020754716985,6
gex_possorted_bam_1WGCZ:GGACGGATCTTTAGGAx-M2,Arc_6,0.2017701698113208,8
gex_possorted_bam_1WGCZ:GCTTTACGTTATGTGGx-M2,Arc_6,0.17592960377358494,7
gex_possorted_bam_1WGCZ:GGAACTAAGCCGGTACx-M2,Generalist_NE,0.14051088679245283,3
gex_possorted_bam_1WGCZ:GGATGGCCATGTCGCGx-M2,Generalist_NE,0.14853475471698113,5
gex_possorted_bam_1WGCZ:GGACTAAAGGTTTACAx-M2,Arc_1,0.3462143396226415,18
gex_possorted_bam_1WGCZ:GCTTTCATCGGGACCTx-M2,Arc_5,0.13742988679245283,3
gex_possorted_bam_1WGCZ:GGACTAAAGCATGGTTx-M2,Generalist_NE,0.16563969811320758,4
gex_possorted_bam_1WGCZ:GGAATCTTCAGTGAAGx-M2,Arc_3,0.18188249056603772,9
gex_possorted_bam_1WGCZ:GGATGAATCGTTACTTx-M2,Generalist_NE,0.22842894339622644,11
gex_possorted_bam_1WGCZ:GGATGAATCGCCTGTTx-M2,Generalist_NE,0.15752535849056606,3
gex_possorted_bam_1WGCZ:GGATATTGTCCTTAGTx-M2,Arc_1,0.16236841509433964,4
gex_possorted_bam_1WGCZ:GGACGAAGTGGTGAGAx-M2,Generalist_NE,0.16715573584905663,5
gex_possorted_bam_1WGCZ:GGACATAAGCGCTCAAx-M2,Arc_4,0.10927164150943396,2
gex_possorted_bam_1WGCZ:GGAAGTATCATGGCCAx-M2,Generalist_nonNE,0.12613454716981132,2
gex_possorted_bam_1WGCZ:GGATGAATCACAGACTx-M2,Generalist_NE,0.134913320754717,2
gex_possorted_bam_1WGCZ:GGAAGTATCATAACCAx-M2,Generalist_nonNE,0.13110083018867927,3
gex_possorted_bam_1WGCZ:GGAATCTTCATGCTAAx-M2,Generalist_NE,0.128118,1
gex_possorted_bam_1WGCZ:GGAGTCTGTGTTTGTCx-M2,Generalist_NE,0.16737754716981135,4
gex_possorted_bam_1WGCZ:GCTTCGCGTGTTTGCTx-M2,Generalist_nonNE,0.2385835849056604,11
gex_possorted_bam_1WGCZ:GCTTTCATCATGGCCAx-M2,Generalist_NE,0.14061467924528304,3
gex_possorted_bam_1WGCZ:GCTTTCATCGTTAGTAx-M2,Generalist_NE,0.1372049622641509,3
gex_possorted_bam_1WGCZ:GGAGTCTGTTGTCCATx-M2,Generalist_nonNE,0.12964305660377357,3
gex_possorted_bam_1WGCZ:GGGCGAATCATAATCGx-M2,Generalist_NE,0.17579467924528305,7
gex_possorted_bam_1WGCZ:GGATTATGTTTGAGCAx-M2,Generalist_nonNE,0.13987481132075472,4
gex_possorted_bam_1WGCZ:GGCCTCTGTAGCTAATx-M2,Arc_5,0.14251349056603774,4
gex_possorted_bam_1WGCZ:GGCGTTATCGGTTACGx-M2,Generalist_NE,0.14522237735849056,3
gex_possorted_bam_1WGCZ:GGATTCAGTCAGGCATx-M2,Generalist_NE,0.14307003773584903,2
gex_possorted_bam_1WGCZ:GGCCGTTAGCTTGCTCx-M2,Generalist_NE,0.1348081320754717,2
gex_possorted_bam_1WGCZ:GGGCAATAGGAGCATAx-M2,Generalist_NE,0.14061467924528304,3
gex_possorted_bam_1WGCZ:GGCAATCGTTGGCGTGx-M2,Generalist_NE,0.15525330188679246,4
gex_possorted_bam_1WGCZ:GGCTATTAGCTAATTGx-M2,Arc_6,0.1656941132075472,5
gex_possorted_bam_1WGCZ:GGGATTAAGTGTTGTAx-M2,Arc_4,0.12879743396226415,3
gex_possorted_bam_1WGCZ:GGCGTTATCTTTAAGGx-M2,Generalist_NE,0.1792627547169812,2
gex_possorted_bam_1WGCZ:GGCAATCGTATCTGGAx-M2,Arc_4,0.10927164150943396,2
gex_possorted_bam_1WGCZ:GGCAAGCCACGGTTTAx-M2,Generalist_NE,0.1642210566037736,5
gex_possorted_bam_1WGCZ:GGCTGAGAGTTCCCACx-M2,Generalist_NE,0.16167349056603775,3
gex_possorted_bam_1WGCZ:GGCGTTATCAGGGCCTx-M2,Generalist_NE,0.1619603584905661,4
gex_possorted_bam_1WGCZ:GGCTCAATCCACCCTGx-M2,Generalist_NE,0.1415412075471698,4
gex_possorted_bam_1WGCZ:GGCCTCTGTTAGCATGx-M2,Generalist_NE,0.13483488679245284,1
gex_possorted_bam_1WGCZ:GGCAAATCATTAGCGCx-M2,Generalist_NE,0.3062073018867924,14
gex_possorted_bam_1WGCZ:GGGTATTTCGAAGTAGx-M2,Arc_5,0.1357141320754717,3
gex_possorted_bam_1WGCZ:GGCTTAAGTATTGAGTx-M2,Generalist_NE,0.15928120754716982,4
gex_possorted_bam_1WGCZ:GGCAATCGTTTAACGGx-M2,Generalist_nonNE,0.13079354716981131,2
gex_possorted_bam_1WGCZ:GGCTCAATCAATTACGx-M2,Generalist_NE,0.15134745283018866,4
gex_possorted_bam_1WGCZ:GGCAATCGTAGACAAAx-M2,Arc_4,0.10927164150943396,2
gex_possorted_bam_1WGCZ:GGCGATACATAGCGAGx-M2,Generalist_NE,0.1924557924528302,6
gex_possorted_bam_1WGCZ:GGCTAGTGTTTGCGCCx-M2,Generalist_NE,0.1421449245283019,4
gex_possorted_bam_1WGCZ:GGCTCAATCAGTTCCCx-M2,Generalist_nonNE,0.2512522075471698,12
gex_possorted_bam_1WGCZ:GGCGATACACCAAAGGx-M2,Arc_1,0.16213635849056604,4
gex_possorted_bam_1WGCZ:GGCAGGATCTTTGTACx-M2,Generalist_NE,0.1377821886792453,3
gex_possorted_bam_1WGCZ:GGGTCAACAAGGTGGCx-M2,Generalist_NE,0.251038679245283,11
gex_possorted_bam_1WGCZ:GGATGTAAGTTCCTCAx-M2,Generalist_nonNE,0.1343020566037736,3
gex_possorted_bam_1WGCZ:GGCCGTTAGTAAGTGGx-M2,Generalist_NE,0.13583681132075473,2
gex_possorted_bam_1WGCZ:GGCGGTTTCTCCATGCx-M2,Arc_6,0.18253816981132076,6
gex_possorted_bam_1WGCZ:GGGTCACTCCGCACAAx-M2,Generalist_nonNE,0.10927164150943396,2
gex_possorted_bam_1WGCZ:GGCATTAGTTTACGTCx-M2,Arc_4,0.12835841509433962,4
gex_possorted_bam_1WGCZ:GGGTCAACATAGCGAGx-M2,Generalist_NE,0.15752535849056606,3
gex_possorted_bam_1WGCZ:GGCCAACTCACCTGTCx-M2,Arc_4,0.10927164150943396,2
gex_possorted_bam_1WGCZ:GGCTAGTGTGAAGCCTx-M2,Generalist_NE,0.17567786792452833,4
gex_possorted_bam_1WGCZ:GGGCAATAGAGGATATx-M2,Generalist_NE,0.13241781132075472,2
gex_possorted_bam_1WGCZ:GGCTAGTGTGCTGGTGx-M2,Generalist_NE,0.1327701132075472,2
gex_possorted_bam_1WGCZ:GGCGCTAGTAATAGCTx-M2,Generalist_NE,0.16552028301886793,5
gex_possorted_bam_1WGCZ:GGCTAGTGTTTGAGGCx-M2,Generalist_NE,0.14848698113207548,4
gex_possorted_bam_1WGCZ:GGGCATTGTCAACAATx-M2,Generalist_NE,0.14896894339622643,4
gex_possorted_bam_1WGCZ:GGCCTTAAGTAACTCAx-M2,Generalist_NE,0.15855226415094342,4
gex_possorted_bam_1WGCZ:GGCGGTTTCCGGTTAGx-M2,Generalist_NE,0.22842894339622644,11
gex_possorted_bam_1WGCZ:GGCGGTAAGCCTGTGAx-M2,Arc_3,0.17001233962264153,6
gex_possorted_bam_1WGCZ:GGCTGGTTCAAACCGTx-M2,Generalist_NE,0.14271181132075472,2
gex_possorted_bam_1WGCZ:GGCCTAATCCTTGCGTx-M2,Generalist_NE,0.14427130188679244,3
gex_possorted_bam_1WGCZ:GGCTGGTTCCTAATGAx-M2,Generalist_NE,0.15042977358490567,3
gex_possorted_bam_1WGCZ:GGCCTCTGTTGCCTCAx-M2,Arc_4,0.12249398113207548,3
gex_possorted_bam_1WGCZ:GGCTTAAGTATTCGTCx-M2,Arc_5,0.13788947169811322,3
gex_possorted_bam_1WGCZ:GGGAGTAGTGACATGCx-M2,Generalist_NE,0.16237650943396228,7
gex_possorted_bam_1WGCZ:GGCATTGTCTCACTCAx-M2,Generalist_NE,0.13788947169811322,3
gex_possorted_bam_1WGCZ:GGCCTCTGTTGCATCTx-M2,Arc_5,0.1357141320754717,3
gex_possorted_bam_1WGCZ:GGCTAGTGTTAGAGCCx-M2,Generalist_NE,0.17884011320754722,7
gex_possorted_bam_1WGCZ:GGATTATGTGCTTTACx-M2,Arc_4,0.12249398113207548,3
gex_possorted_bam_1WGCZ:GGCAGGATCCTTGAGGx-M2,Arc_6,0.17734486792452836,7
gex_possorted_bam_1WGCZ:GGCATGGAGTAAGTGGx-M2,Arc_4,0.13737828301886792,2
gex_possorted_bam_1WGCZ:GGCAAGCCAGGCTACTx-M2,Arc_6,0.18890039622641516,6
gex_possorted_bam_1WGCZ:GGCTAGACAACCTGGTx-M2,Arc_4,0.13833198113207548,3
gex_possorted_bam_1WGCZ:GGCTTAAGTTTGGCGGx-M2,Generalist_NE,0.18310466037735848,8
gex_possorted_bam_1WGCZ:GGCATTGTCTCACACCx-M2,Generalist_NE,0.1890011886792453,4
gex_possorted_bam_1WGCZ:GGCTATGTCAGGAACAx-M2,Generalist_nonNE,0.10927164150943396,2
gex_possorted_bam_1WGCZ:GGCTCAATCCCGCATTx-M2,Arc_5,0.1344825849056604,1
gex_possorted_bam_1WGCZ:GGATTCAGTGAGGTGAx-M2,Generalist_NE,0.19259896226415096,6
gex_possorted_bam_1WGCZ:GGGCTAACAAACGGGCx-M2,Generalist_NE,0.14681173584905663,5
gex_possorted_bam_1WGCZ:GGGCTAACACCATATGx-M2,Generalist_nonNE,0.10927164150943396,2
gex_possorted_bam_1WGCZ:GGCGGTTTCAAACTCAx-M2,Arc_4,0.10126513207547168,1
gex_possorted_bam_1WGCZ:GGCTTCAAGAATCTCAx-M2,Generalist_NE,0.13602581132075472,2
gex_possorted_bam_1WGCZ:GGGATTAAGCATGAAGx-M2,Generalist_NE,0.17812807547169815,5
gex_possorted_bam_1WGCZ:GGCGATACAAACCCTAx-M2,Generalist_NE,0.17748228301886795,7
gex_possorted_bam_1WGCZ:GGGCATTGTGATTACGx-M2,Generalist_NE,0.134913320754717,2
gex_possorted_bam_1WGCZ:GGCGGTAAGGGCTTATx-M2,Generalist_NE,0.16605454716981133,4
gex_possorted_bam_1WGCZ:GGCCTTAAGCAAGGTAx-M2,Generalist_NE,0.15854783018867927,3
gex_possorted_bam_1WGCZ:GGCCTTAAGTGAGCGGx-M2,Generalist_nonNE,0.14624052830188677,4
gex_possorted_bam_1WGCZ:GGGCGAATCGTTCACCx-M2,Generalist_NE,0.13768356603773585,3
gex_possorted_bam_1WGCZ:GGGTCACTCCTGGCTTx-M2,Generalist_NE,0.13706105660377357,1
gex_possorted_bam_1WGCZ:GGCATTAGTCATCAAGx-M2,Generalist_NE,0.1377940754716981,2
gex_possorted_bam_1WGCZ:GGGCCTAGTTTAGCGAx-M2,Generalist_NE,0.13501711320754717,2
gex_possorted_bam_1WGCZ:GGCGCTAGTTGGATCAx-M2,Arc_1,0.14615311320754718,4
gex_possorted_bam_1WGCZ:GGGAGTAGTTTAGTCCx-M2,Arc_1,0.1615692075471698,7
gex_possorted_bam_1WGCZ:GGCCAACTCGTCATTTx-M2,Generalist_NE,0.15640681132075474,3
gex_possorted_bam_1WGCZ:GGGATTAAGTCTCACCx-M2,Generalist_nonNE,0.15312469811320756,4
gex_possorted_bam_1WGCZ:GGGATTAAGACTATTGx-M2,Generalist_NE,0.13802333962264152,2
gex_possorted_bam_1WGCZ:GGCGGTTTCGGTACGCx-M2,Arc_4,0.12249398113207548,3
gex_possorted_bam_1WGCZ:GGTCGGTTCCCGAACAx-M2,Generalist_NE,0.15066379245283018,4
gex_possorted_bam_1WGCZ:GGTAGGAGTTGGCCGAx-M2,Generalist_NE,0.19537756603773587,8
gex_possorted_bam_1WGCZ:GGTCCTGCATAATCCGx-M2,Generalist_NE,0.2614771509433962,9
gex_possorted_bam_1WGCZ:GGTAATTGTTAATGACx-M2,Arc_5,0.13768356603773585,3
gex_possorted_bam_1WGCZ:GGTCGGTTCCAAGTGTx-M2,Generalist_NE,0.14051088679245283,3
gex_possorted_bam_1WGCZ:GGTAAACCACCCACCTx-M2,Arc_1,0.14624052830188677,4
gex_possorted_bam_1WGCZ:GGTAAGGGTGAGACTCx-M2,Arc_4,0.10927164150943396,2
gex_possorted_bam_1WGCZ:GGTAACTTCTTTGACTx-M2,Generalist_NE,0.28861233962264154,10
gex_possorted_bam_1WGCZ:GGTCTTTGTGCTGTAAx-M2,Generalist_nonNE,0.10927164150943396,2
gex_possorted_bam_1WGCZ:GGTCAGGAGGCTTAGTx-M2,Generalist_NE,0.22842894339622644,11
gex_possorted_bam_1WGCZ:GGTGAGCCAATTGAGAx-M2,Arc_4,0.12249398113207548,3
gex_possorted_bam_1WGCZ:GGGTTATTCATGCAACx-M2,Generalist_NE,0.128118,1
gex_possorted_bam_1WGCZ:GGTATTGGTCCTTTAAx-M2,Generalist_NE,0.13088077358490566,2
gex_possorted_bam_1WGCZ:GGTAAGGGTCACGAACx-M2,Generalist_nonNE,0.10126513207547168,1
gex_possorted_bam_1WGCZ:GGTCCTGCACACCAACx-M2,Generalist_nonNE,0.1469,4
gex_possorted_bam_1WGCZ:GGTAACCGTTAATGCGx-M2,Arc_6,0.16742035849056605,6
gex_possorted_bam_1WGCZ:GGTCAGGAGGTCCAATx-M2,Arc_6,0.1437639245283019,4
gex_possorted_bam_1WGCZ:GGTATGTTCATTAGGCx-M2,Generalist_nonNE,0.10927164150943396,2
gex_possorted_bam_1WGCZ:GGTCAATTCGCAAACTx-M2,Arc_4,0.14389075471698112,3
gex_possorted_bam_1WGCZ:GGGTTACGTAATGACTx-M2,Generalist_NE,0.1392058679245283,2
gex_possorted_bam_1WGCZ:GGTACAAAGCACCACAx-M2,Arc_5,0.22842894339622644,11
gex_possorted_bam_1WGCZ:GGTAATTGTTAGTGATx-M2,Arc_1,0.13396701886792453,1
gex_possorted_bam_1WGCZ:GGTAATTGTAGTTAACx-M2,Generalist_nonNE,0.1482511320754717,3
gex_possorted_bam_1WGCZ:GGTATTTCAATTTGGTx-M2,Generalist_NE,0.15295741509433963,3
gex_possorted_bam_1WGCZ:GGTCAAGCATTAAGTCx-M2,Arc_6,0.17374852830188683,6
gex_possorted_bam_1WGCZ:GGGTTTGTCACGAATCx-M2,Generalist_NE,0.15889547169811324,3
gex_possorted_bam_1WGCZ:GGGTTATTCAAACACCx-M2,Generalist_NE,0.14378067924528304,3
gex_possorted_bam_1WGCZ:GGGTTTGTCCCGTTACx-M2,Generalist_NE,0.1450038679245283,4
gex_possorted_bam_1WGCZ:GGTCAAGCAGGCGATAx-M2,Arc_6,0.16689483018867932,3
gex_possorted_bam_1WGCZ:GGTGCTTCAGTTAAAGx-M2,Arc_1,0.12297830188679247,1
gex_possorted_bam_1WGCZ:GGTAAGGGTTAGGACCx-M2,Arc_1,0.3295578113207548,17
gex_possorted_bam_1WGCZ:GGTACTAGTAAGCTCAx-M2,Generalist_NE,0.17361643396226417,5
gex_possorted_bam_1WGCZ:GGTGCTTCAACAACAAx-M2,Generalist_NE,0.14620664150943397,4
gex_possorted_bam_1WGCZ:GGTAAACCAGTGAACGx-M2,Generalist_NE,0.13341062264150944,2
gex_possorted_bam_1WGCZ:GGTGTCCAGCTTAGTAx-M2,Generalist_NE,0.13729139622641512,3
gex_possorted_bam_1WGCZ:GGTGAGGTCTGCAAGTx-M2,Generalist_NE,0.134913320754717,2
gex_possorted_bam_1WGCZ:GGTGATTTCGTGCTTCx-M2,Generalist_nonNE,0.1343020566037736,3
gex_possorted_bam_1WGCZ:GGTGATTTCAGGAAGCx-M2,Arc_1,0.15754841509433962,6
gex_possorted_bam_1WGCZ:GGTACTTAGCGATAAGx-M2,Generalist_NE,0.158036,5
gex_possorted_bam_1WGCZ:GGTGAGTAGAGCCGGAx-M2,Generalist_NE,0.15250233962264154,4
gex_possorted_bam_1WGCZ:GGTGAGGTCTAACTGAx-M2,Generalist_NE,0.14005643396226417,4
gex_possorted_bam_1WGCZ:GGTCCATCAATTAGGAx-M2,Generalist_NE,0.16886279245283023,6
gex_possorted_bam_1WGCZ:GGTCCGTAGGTCGAGGx-M2,Generalist_NE,0.18807862264150949,7
gex_possorted_bam_1WGCZ:GGTCTTGAGGCTGGCTx-M2,Arc_2,0.13545824528301886,3
gex_possorted_bam_1WGCZ:GGTACAAAGGAATAACx-M2,Arc_4,0.12249398113207548,3
gex_possorted_bam_1WGCZ:GGTCCATCATCCGTAAx-M2,Generalist_NE,0.15447077358490563,3
gex_possorted_bam_1WGCZ:GGTACAAAGTCATGCGx-M2,Generalist_NE,0.13402833962264152,2
gex_possorted_bam_1WGCZ:GGGTCACTCGTTATCTx-M2,Generalist_nonNE,0.13079354716981131,2
gex_possorted_bam_1WGCZ:GGTATGTTCGTTAGTAx-M2,Generalist_NE,0.1822008490566038,7
gex_possorted_bam_1WGCZ:GGTACTAGTCAAGTATx-M2,Arc_4,0.12713516981132075,4
gex_possorted_bam_1WGCZ:GGTCTTGAGGAAGTATx-M2,Generalist_NE,0.21488043396226417,10
gex_possorted_bam_1WGCZ:GGTAACCGTTACCTGTx-M2,Generalist_NE,0.16015664150943398,2
gex_possorted_bam_1WGCZ:GGTACTTAGGGATGACx-M2,Generalist_nonNE,0.13257669811320755,4
gex_possorted_bam_1WGCZ:GGTACCGGTTGCGTAAx-M2,Generalist_NE,0.16552028301886793,5
gex_possorted_bam_1WGCZ:GGGTTTCCATTGCGTAx-M2,Generalist_NE,0.16610873584905658,6
gex_possorted_bam_1WGCZ:GGGTTACGTGCTCCACx-M2,Generalist_NE,0.13928275471698115,2
gex_possorted_bam_1WGCZ:GGTCAATTCGCTTGCTx-M2,Generalist_NE,0.2250972641509434,8
gex_possorted_bam_1WGCZ:GGTCAAGCACCATATGx-M2,Generalist_NE,0.14155099999999998,3
gex_possorted_bam_1WGCZ:GGTAGGAGTAATCCCTx-M2,Generalist_NE,0.13093422641509433,1
gex_possorted_bam_1WGCZ:GGGTGAAGTCACAAATx-M2,Generalist_NE,0.1491646037735849,4
gex_possorted_bam_1WGCZ:GGTACAAAGTCACTAAx-M2,Generalist_NE,0.1949537924528302,8
gex_possorted_bam_1WGCZ:GGTACTTAGCAGGCCTx-M2,Generalist_NE,0.14202171698113208,3
gex_possorted_bam_1WGCZ:GGTGAGGTCGTAACGTx-M2,Generalist_NE,0.14426990566037737,4
gex_possorted_bam_1WGCZ:GGTGCTGGTCATTGTCx-M2,Generalist_NE,0.13706105660377357,1
gex_possorted_bam_1WGCZ:GGTGCTGGTTACGCAAx-M2,Generalist_NE,0.18608630188679248,6
gex_possorted_bam_1WGCZ:GGGTTATTCCAAGTTAx-M2,Arc_1,0.2905211886792453,12
gex_possorted_bam_1WGCZ:GGTAACCGTTACAAACx-M2,Arc_3,0.152246,5
gex_possorted_bam_1WGCZ:GGTGCTGGTCTAACCTx-M2,Generalist_NE,0.13743635849056604,4
gex_possorted_bam_1WGCZ:GGTGAGGTCAATTACGx-M2,Arc_6,0.16537024528301889,5
gex_possorted_bam_1WGCZ:GGTGCTGGTCTTTGACx-M2,Generalist_NE,0.23074032075471698,7
gex_possorted_bam_1WGCZ:GGTACAAAGCGATAGAx-M2,Arc_6,0.17563781132075476,6
gex_possorted_bam_1WGCZ:GGTGAGCCATGCTCCCx-M2,Generalist_NE,0.16101335849056606,4
gex_possorted_bam_1WGCZ:GGTACTAGTCTAACCTx-M2,Generalist_NE,0.18341996226415094,8
gex_possorted_bam_1WGCZ:GGTCCGTAGGTCGATTx-M2,Arc_4,0.10927164150943396,2
gex_possorted_bam_1WGCZ:GGTGCTTCATTGTGTGx-M2,Generalist_nonNE,0.10927164150943396,2
gex_possorted_bam_1WGCZ:GGTGATTTCACTTCATx-M2,Arc_4,0.12249398113207548,3
gex_possorted_bam_1WGCZ:GGTACTTAGCATTAGCx-M2,Generalist_NE,0.14272884905660377,4
gex_possorted_bam_1WGCZ:GGTACTAGTAGGTTATx-M2,Arc_2,0.13987481132075472,4
gex_possorted_bam_1WGCZ:GGTGTGACATTGCAGCx-M2,Generalist_NE,0.1437639245283019,4
gex_possorted_bam_1WGCZ:GGTTGCTCATACTCCTx-M2,Generalist_NE,0.13376292452830188,2
gex_possorted_bam_1WGCZ:GTACCGGGTAGGATTTx-M2,Generalist_NE,0.15693452830188678,6
gex_possorted_bam_1WGCZ:GTACCTTGTTCAAGCAx-M2,Generalist_NE,0.14421749056603775,2
gex_possorted_bam_1WGCZ:GGTGTTGTCCCTGTTAx-M2,Generalist_NE,0.14051088679245283,3
gex_possorted_bam_1WGCZ:GGTTTCCTCAAGCGCCx-M2,Generalist_NE,0.1584493962264151,5
gex_possorted_bam_1WGCZ:GGTTTCCTCTAGCTAAx-M2,Arc_5,0.13835216981132076,3
gex_possorted_bam_1WGCZ:GGTTTCCTCTTTGACTx-M2,Arc_1,0.13241781132075472,2
gex_possorted_bam_1WGCZ:GTACTAATCTAGCGTGx-M2,Generalist_NE,0.1366497169811321,3
gex_possorted_bam_1WGCZ:GGTTACTAGCTGAGGGx-M2,Generalist_NE,0.18670569811320756,6
gex_possorted_bam_1WGCZ:GTACACCCATGGCCTGx-M2,Generalist_nonNE,0.20701330188679246,8
gex_possorted_bam_1WGCZ:GTAAGCGCATGGCCTGx-M2,Generalist_NE,0.14669579245283018,3
gex_possorted_bam_1WGCZ:GTAAGCTTCCTAATTCx-M2,Generalist_NE,0.14669579245283018,3
gex_possorted_bam_1WGCZ:GGTGTTGTCAATGTGCx-M2,Arc_6,0.16886279245283023,6
gex_possorted_bam_1WGCZ:GGTTATGGTATTTGCCx-M2,Arc_4,0.12249398113207548,3
gex_possorted_bam_1WGCZ:GGTTGGTGTTGCACAAx-M2,Generalist_NE,0.14603975471698113,3
gex_possorted_bam_1WGCZ:GTACTAGGTGGAAGGCx-M2,Generalist_NE,0.13093422641509433,1
gex_possorted_bam_1WGCZ:GTAAGCTTCAACCAACx-M2,Generalist_NE,0.16548558490566037,3
gex_possorted_bam_1WGCZ:GGTTTCCTCATTACTCx-M2,Generalist_NE,0.1442035283018868,3
gex_possorted_bam_1WGCZ:GTAAGCGCATCCCGCTx-M2,Generalist_NE,0.1737187735849057,6
gex_possorted_bam_1WGCZ:GTACCTTGTGTGCACGx-M2,Arc_6,0.16737754716981135,4
gex_possorted_bam_1WGCZ:GGTTGGTGTAAGGTTTx-M2,Generalist_NE,0.14010869811320756,3
gex_possorted_bam_1WGCZ:GGTTTGTAGTGAGCGGx-M2,Arc_5,0.2244369245283019,8
gex_possorted_bam_1WGCZ:GTACTGGTCATGTCAAx-M2,Generalist_NE,0.1395694716981132,3
gex_possorted_bam_1WGCZ:GGTTTGTAGCCGCAACx-M2,Generalist_NE,0.13093422641509433,1
gex_possorted_bam_1WGCZ:GTAAGCTTCCAAGTGTx-M2,Generalist_NE,0.13802333962264152,2
gex_possorted_bam_1WGCZ:GTACTTAAGCAAACCTx-M2,Generalist_NE,0.12517398113207548,0
gex_possorted_bam_1WGCZ:GGTTTGTAGTGCACGCx-M2,Arc_5,0.14118562264150944,3
gex_possorted_bam_1WGCZ:GGTTGGTGTTATCCTAx-M2,Arc_6,0.134913320754717,2
gex_possorted_bam_1WGCZ:GTAATAGCAAGTGTCCx-M2,Generalist_nonNE,0.12988549056603774,2
gex_possorted_bam_1WGCZ:GTAATAGCATGCAACCx-M2,Arc_4,0.10927164150943396,2
gex_possorted_bam_1WGCZ:GGTTATGGTTAACGATx-M2,Generalist_NE,0.13706105660377357,1
gex_possorted_bam_1WGCZ:GGTTGGTGTCACGGATx-M2,Arc_1,0.2594657169811321,9
gex_possorted_bam_1WGCZ:GTACACCCATCAGCACx-M2,Generalist_NE,0.2391472075471698,8
gex_possorted_bam_1WGCZ:GGTTAGCGTGTGTGGTx-M2,Generalist_nonNE,0.1343020566037736,3
gex_possorted_bam_1WGCZ:GTACCTTGTAGCCTCCx-M2,Arc_6,0.14051088679245283,3
gex_possorted_bam_1WGCZ:GTAAGCGCACAAAGGTx-M2,Arc_4,0.10927164150943396,2
gex_possorted_bam_1WGCZ:GGTGTCCAGGTCCTGAx-M2,Generalist_nonNE,0.12988549056603774,2
gex_possorted_bam_1WGCZ:GTAGCGCTCATGAGCTx-M2,Arc_6,0.1739543773584906,7
gex_possorted_bam_1WGCZ:GGTTTCCTCCAATTAGx-M2,Arc_1,0.12103718867924528,2
gex_possorted_bam_1WGCZ:GTACTTAAGCGCTCAAx-M2,Arc_4,0.10927164150943396,2
gex_possorted_bam_1WGCZ:GGTTAATGTTCCGCACx-M2,Arc_4,0.1343020566037736,3
gex_possorted_bam_1WGCZ:GGTTACCCAGCATGAGx-M2,Arc_4,0.10927164150943396,2
gex_possorted_bam_1WGCZ:GGTGTCCAGTACCGCAx-M2,Arc_3,0.20098884905660377,7
gex_possorted_bam_1WGCZ:GGTTGAGCAGGCCTTGx-M2,Arc_6,0.17457079245283022,6
gex_possorted_bam_1WGCZ:GGTTAATGTTACCTGTx-M2,Generalist_NE,0.15634283018867928,3
gex_possorted_bam_1WGCZ:GGTTGGTGTTCGGGATx-M2,Arc_1,0.21002858490566043,5
gex_possorted_bam_1WGCZ:GTACAATGTTACATCCx-M2,Generalist_NE,0.13241781132075472,2
gex_possorted_bam_1WGCZ:GGTTGCGGTTTGGGCGx-M2,Generalist_NE,0.1591135094339623,4
gex_possorted_bam_1WGCZ:GTACGTAGTTTAAAGCx-M2,Arc_4,0.11057190566037736,2
gex_possorted_bam_1WGCZ:GGTTGCGGTAACCTAGx-M2,Arc_4,0.14221437735849057,5
gex_possorted_bam_1WGCZ:GGTTGAGCATGATTGTx-M2,Generalist_NE,0.2356980943396226,11
gex_possorted_bam_1WGCZ:GTAAAGCCAGGAAGCCx-M2,Generalist_NE,0.18233118867924533,6
gex_possorted_bam_1WGCZ:GGTTGCTCAACTAACTx-M2,Generalist_NE,0.24627115094339622,7
gex_possorted_bam_1WGCZ:GGTGTGACACAGGATGx-M2,Generalist_NE,0.2289410377358491,6
gex_possorted_bam_1WGCZ:GGTTTCCTCGGTTTGGx-M2,Generalist_NE,0.14061467924528304,3
gex_possorted_bam_1WGCZ:GGTTTGTAGTGAAGTGx-M2,Generalist_nonNE,0.12371975471698114,3
gex_possorted_bam_1WGCZ:GGTGTGACAATAGCAAx-M2,Arc_4,0.12713516981132075,4
gex_possorted_bam_1WGCZ:GGTTCTTGTGAGCAAGx-M2,Generalist_NE,0.13307807547169812,2
gex_possorted_bam_1WGCZ:GTAAGCAAGTGGCGGAx-M2,Generalist_nonNE,0.13545824528301886,3
gex_possorted_bam_1WGCZ:GGTGTTGTCTGGCATGx-M2,Generalist_NE,0.16900020754716985,6
gex_possorted_bam_1WGCZ:GGTTGACGTAATCGTGx-M2,Generalist_NE,0.16466303773584906,5
gex_possorted_bam_1WGCZ:GGTTGCGGTGACATATx-M2,Generalist_NE,0.2946315660377358,12
gex_possorted_bam_1WGCZ:GTAGCGCTCACCTGTCx-M2,Generalist_NE,0.22842894339622644,11
gex_possorted_bam_1WGCZ:GTAAGCGCATTAGCCAx-M2,Generalist_NE,0.14421298113207548,4
gex_possorted_bam_1WGCZ:GGTTGCTCAGCACCATx-M2,Generalist_nonNE,0.10126513207547168,1
gex_possorted_bam_1WGCZ:GGTTGCATCCCTCACGx-M2,Generalist_NE,0.13501711320754717,2
gex_possorted_bam_1WGCZ:GGTTGAGCAGGAAGCCx-M2,Generalist_NE,0.128118,1
gex_possorted_bam_1WGCZ:GTACGTAGTTGCCTCAx-M2,Generalist_NE,0.13483488679245284,1
gex_possorted_bam_1WGCZ:GGTTGCATCAAGTGAGx-M2,Generalist_NE,0.13956028301886794,3
gex_possorted_bam_1WGCZ:GGTTATGGTAGGATCCx-M2,Generalist_NE,0.16492922641509436,3
gex_possorted_bam_1WGCZ:GGTTAATGTCGTAATGx-M2,Generalist_NE,0.13501711320754717,2
gex_possorted_bam_1WGCZ:GTAAAGCCAAGGGTTGx-M2,Generalist_nonNE,0.15015233962264152,4
gex_possorted_bam_1WGCZ:GGTTGCTCATTGCGACx-M2,Generalist_NE,0.13706105660377357,1
gex_possorted_bam_1WGCZ:GGTTGCTCATCTTGAGx-M2,Arc_6,0.14570626415094343,4
gex_possorted_bam_1WGCZ:GTACTGGTCCTAGTAAx-M2,Generalist_NE,0.15932718867924528,4
gex_possorted_bam_1WGCZ:GGTTCCCGTTGCTTCGx-M2,Generalist_nonNE,0.13562050943396226,3
gex_possorted_bam_1WGCZ:GTACCGGGTGTGTCCCx-M2,Generalist_NE,0.14749956603773584,4
gex_possorted_bam_1WGCZ:GTCGAGGAGTGCTGTGx-M2,Generalist_NE,0.19249809433962264,5
gex_possorted_bam_1WGCZ:GTCCTCAGTAGGTTATx-M2,Generalist_NE,0.1739543773584906,7
gex_possorted_bam_1WGCZ:GTATGTTCAACAACAAx-M2,Generalist_NE,0.13268069811320754,1
gex_possorted_bam_1WGCZ:GTCGGTTCACATTGCAx-M2,Generalist_NE,0.16941820754716985,4
gex_possorted_bam_1WGCZ:GTCATTAAGATGCCTGx-M2,Generalist_NE,0.20262481132075474,7
gex_possorted_bam_1WGCZ:GTATGTTCAAGCGAGCx-M2,Arc_4,0.10126513207547168,1
gex_possorted_bam_1WGCZ:GTCAATATCGAGGAACx-M2,Arc_5,0.13788947169811322,3
gex_possorted_bam_1WGCZ:GTAGGAGGTTACCGGGx-M2,Arc_6,0.16886279245283023,6
gex_possorted_bam_1WGCZ:GTCGCAATCGCTTGCTx-M2,Generalist_NE,0.1424562641509434,4
gex_possorted_bam_1WGCZ:GTCCGTAAGTAAACCCx-M2,Arc_4,0.12835841509433962,4
gex_possorted_bam_1WGCZ:GTCCTAGAGTTGCGTGx-M2,Arc_1,0.21148809433962265,9
gex_possorted_bam_1WGCZ:GTCCAGGGTTGCACAAx-M2,Generalist_NE,0.17910179245283023,4
gex_possorted_bam_1WGCZ:GTATTGATCATGCTTTx-M2,Generalist_nonNE,0.12912388679245282,3
gex_possorted_bam_1WGCZ:GTCAATATCTCCATATx-M2,Generalist_NE,0.1409283962264151,3
gex_possorted_bam_1WGCZ:GTCCTAGAGGAACGCGx-M2,Arc_1,0.10126513207547168,1
gex_possorted_bam_1WGCZ:GTATTGTCACGAATCCx-M2,Generalist_NE,0.1316233396226415,2
gex_possorted_bam_1WGCZ:GTAGCGCTCCTTGTTGx-M2,Arc_1,0.22048675471698118,4
gex_possorted_bam_1WGCZ:GTCGAAGCAACAACAAx-M2,Arc_5,0.13536183018867926,3
gex_possorted_bam_1WGCZ:GTATGTGGTAATAGCTx-M2,Generalist_NE,0.1412051320754717,3
gex_possorted_bam_1WGCZ:GTCATGCCACCTGGTGx-M2,Generalist_NE,0.13501711320754717,2
gex_possorted_bam_1WGCZ:GTAGGAGGTTGCTTCGx-M2,Generalist_nonNE,0.12988549056603774,2
gex_possorted_bam_1WGCZ:GTCTAACAGCGCATTGx-M2,Arc_6,0.13187701886792455,2
gex_possorted_bam_1WGCZ:GTATTGTCAATAATGGx-M2,Arc_6,0.17724107547169815,7
gex_possorted_bam_1WGCZ:GTCCTCAGTCCGGTTCx-M2,Generalist_nonNE,0.12879743396226415,3
gex_possorted_bam_1WGCZ:GTATGTTCAAGGTGCAx-M2,Generalist_NE,0.14715441509433963,4
gex_possorted_bam_1WGCZ:GTCTAACAGTAACCACx-M2,Arc_5,0.1374266037735849,2
gex_possorted_bam_1WGCZ:GTCCTCCCAGTCTAATx-M2,Generalist_NE,0.1842002452830189,6
gex_possorted_bam_1WGCZ:GTCAATATCGCTAGATx-M2,Generalist_NE,0.15640681132075474,3
gex_possorted_bam_1WGCZ:GTCCTCCCAAGGAATCx-M2,Generalist_NE,0.14465515094339626,4
gex_possorted_bam_1WGCZ:GTCATGCCAGCTTACAx-M2,Generalist_NE,0.13818032075471698,3
gex_possorted_bam_1WGCZ:GTAGGATCATAGACCCx-M2,Generalist_nonNE,0.10927164150943396,2
gex_possorted_bam_1WGCZ:GTCTAATCAGCTCATAx-M2,Generalist_NE,0.18171818867924533,8
gex_possorted_bam_1WGCZ:GTCCTAGAGTCAATTGx-M2,Generalist_NE,0.15736909433962268,4
gex_possorted_bam_1WGCZ:GTCTAACAGCATGGTTx-M2,Arc_3,0.20096722641509435,6
gex_possorted_bam_1WGCZ:GTCAATATCGCTAGCAx-M2,Arc_6,0.17068043396226418,4
gex_possorted_bam_1WGCZ:GTATGTTCATAAGGACx-M2,Arc_1,0.21257,7
gex_possorted_bam_1WGCZ:GTAGGTGCACATTGCAx-M2,Arc_4,0.12912388679245282,3
gex_possorted_bam_1WGCZ:GTCCAGGGTAGGTGTCx-M2,Generalist_NE,0.14210396226415095,4
gex_possorted_bam_1WGCZ:GTAGGCGAGGCTTAACx-M2,Generalist_nonNE,0.15767488679245278,5
gex_possorted_bam_1WGCZ:GTAGGAGGTGTAACCAx-M2,Arc_4,0.1427485471698113,4
gex_possorted_bam_1WGCZ:GTCTAATCACTATGGCx-M2,Arc_1,0.1571701320754717,5
gex_possorted_bam_1WGCZ:GTATTGCAGCCTGACAx-M2,Arc_1,0.14437205660377359,4
gex_possorted_bam_1WGCZ:GTCATGCCAGGTTAAAx-M2,Generalist_NE,0.15662369811320753,5
gex_possorted_bam_1WGCZ:GTCTAATCATTAGGCCx-M2,Arc_5,0.16552028301886793,5
gex_possorted_bam_1WGCZ:GTCATGAGTAAGGTCCx-M2,Arc_6,0.18054716981132077,8
gex_possorted_bam_1WGCZ:GTCGGTTCACAACCTAx-M2,Generalist_NE,0.13835216981132076,3
gex_possorted_bam_1WGCZ:GTCTAGCCAATGCCCGx-M2,Arc_4,0.15266769811320755,4
gex_possorted_bam_1WGCZ:GTCCTAGAGCGCCTTTx-M2,Generalist_NE,0.15821307547169813,5
gex_possorted_bam_1WGCZ:GTAGCTGTCAAACCTAx-M2,Generalist_NE,0.17084562264150946,7
gex_possorted_bam_1WGCZ:GTAGGTGCAACTAGGGx-M2,Generalist_NE,0.134913320754717,2
gex_possorted_bam_1WGCZ:GTCCAGGGTTTAACGGx-M2,Generalist_NE,0.14100616981132078,4
gex_possorted_bam_1WGCZ:GTAGGTGCAGGGAGGAx-M2,Generalist_NE,0.1703026603773585,6
gex_possorted_bam_1WGCZ:GTCCTCCCATGAGTTTx-M2,Generalist_NE,0.13241781132075472,2
gex_possorted_bam_1WGCZ:GTATGTTCAGCCAGAAx-M2,Arc_1,0.16187084905660373,4
gex_possorted_bam_1WGCZ:GTCATCCTCCCATAGGx-M2,Generalist_NE,0.1428062830188679,1
gex_possorted_bam_1WGCZ:GTCCGTAAGGACCTTGx-M2,Generalist_NE,0.18590473584905665,6
gex_possorted_bam_1WGCZ:GTCGCAATCGATTTAGx-M2,Generalist_NE,0.13859862264150943,3
gex_possorted_bam_1WGCZ:GTAGGAGGTCTTGCATx-M2,Arc_5,0.13777890566037737,2
gex_possorted_bam_1WGCZ:GTATTGCAGTTGGCCAx-M2,Generalist_NE,0.14426990566037737,4
gex_possorted_bam_1WGCZ:GTAGGTGCACGTTACAx-M2,Generalist_NE,0.1515722830188679,3
gex_possorted_bam_1WGCZ:GTCATTAAGCCTCTGTx-M2,Arc_3,0.1859623018867925,9
gex_possorted_bam_1WGCZ:GTCCAGGGTTAATGCGx-M2,Generalist_NE,0.15163590566037735,4
gex_possorted_bam_1WGCZ:GTCATGCCAAGGACCAx-M2,Generalist_NE,0.22977384905660372,11
gex_possorted_bam_1WGCZ:GTAGCGCTCATTGTTCx-M2,Generalist_NE,0.13920090566037738,3
gex_possorted_bam_1WGCZ:GTCATCACACCTCGCTx-M2,Arc_5,0.2005842452830189,9
gex_possorted_bam_1WGCZ:GTCCATTGTCCTAACTx-M2,Generalist_NE,0.13268069811320754,1
gex_possorted_bam_1WGCZ:GTATGTGGTTAAGCGCx-M2,Generalist_NE,0.2139507358490566,10
gex_possorted_bam_1WGCZ:GTCATGCCAGGAACTGx-M2,Generalist_NE,0.15634283018867928,3
gex_possorted_bam_1WGCZ:GTCCAAGTCCCTGGAAx-M2,Generalist_NE,0.177226641509434,5
gex_possorted_bam_1WGCZ:GTATTCAAGCAGGCCTx-M2,Arc_2,0.13545824528301886,3
gex_possorted_bam_1WGCZ:GTCGCAATCCGTTAAAx-M2,Generalist_nonNE,0.10927164150943396,2
gex_possorted_bam_1WGCZ:GTCCAAGTCGAAGTGAx-M2,Generalist_NE,0.2087459245283019,7
gex_possorted_bam_1WGCZ:GTAGGATCAACCCTCCx-M2,Generalist_NE,0.17222696226415096,5
gex_possorted_bam_1WGCZ:GTCCAGGGTAAGCTCAx-M2,Generalist_NE,0.1739543773584906,7
gex_possorted_bam_1WGCZ:GTAGTTTCAGAAATGCx-M2,Generalist_NE,0.15656307547169812,2
gex_possorted_bam_1WGCZ:GTCTAGCCAGCCGCTAx-M2,Arc_5,0.15073541509433963,3
gex_possorted_bam_1WGCZ:GTAGTTATCGCTCACTx-M2,Arc_4,0.10126513207547168,1
gex_possorted_bam_1WGCZ:GTCCGTAAGGTCATTAx-M2,Generalist_nonNE,0.10126513207547168,1
gex_possorted_bam_1WGCZ:GTCGAAGCACCTGGTGx-M2,Generalist_nonNE,0.10927164150943396,2
gex_possorted_bam_1WGCZ:GTCCAGGGTGGGTGAAx-M2,Arc_3,0.16445211320754718,6
gex_possorted_bam_1WGCZ:GTCATCACAAATGCCCx-M2,Arc_5,0.1424029245283019,3
gex_possorted_bam_1WGCZ:GTGAGCGAGTGTGATCx-M2,Generalist_NE,0.13501711320754717,2
gex_possorted_bam_1WGCZ:GTGTGCGGTGTTTCACx-M2,Generalist_NE,0.16737754716981135,4
gex_possorted_bam_1WGCZ:GTGTAACTCCCGTTGTx-M2,Generalist_NE,0.1309285283018868,1
gex_possorted_bam_1WGCZ:GTTAAGCTCATGGTGTx-M2,Arc_5,0.1327701132075472,2
gex_possorted_bam_1WGCZ:GTGCGCAGTGGGAACAx-M2,Generalist_nonNE,0.10126513207547168,1
gex_possorted_bam_1WGCZ:GTCTCACTCGATTTGAx-M2,Generalist_NE,0.14051088679245283,3
gex_possorted_bam_1WGCZ:GTTACAGGTTAGGCGTx-M2,Generalist_nonNE,0.1510405471698113,4
gex_possorted_bam_1WGCZ:GTCTTTGTCAGTATTGx-M2,Generalist_NE,0.14895420754716984,4
gex_possorted_bam_1WGCZ:GTCTATGCAAACCCTAx-M2,Arc_1,0.18834349056603775,5
gex_possorted_bam_1WGCZ:GTCTATCGTTTCCTCCx-M2,Arc_4,0.10927164150943396,2
gex_possorted_bam_1WGCZ:GTGCTTCTCTTTGACTx-M2,Generalist_NE,0.19274518867924534,5
gex_possorted_bam_1WGCZ:GTGTCCAAGTTGCGTGx-M2,Generalist_NE,0.14488335849056605,5
gex_possorted_bam_1WGCZ:GTGTAACTCTGTAATGx-M2,Generalist_NE,0.250577358490566,11
gex_possorted_bam_1WGCZ:GTTAAGCTCAGGCCTAx-M2,Generalist_nonNE,0.12988549056603774,2
gex_possorted_bam_1WGCZ:GTGGTTAGTTTCGCCAx-M2,Generalist_NE,0.15855226415094342,4
gex_possorted_bam_1WGCZ:GTGTGTTAGCTCAATAx-M2,Generalist_NE,0.1656941132075472,5
gex_possorted_bam_1WGCZ:GTCTCACTCATTTGTCx-M2,Generalist_NE,0.1405662641509434,3
gex_possorted_bam_1WGCZ:GTGCGGTTCATCCTCAx-M2,Arc_6,0.1656941132075472,5
gex_possorted_bam_1WGCZ:GTCTTTAGTTATAGCGx-M2,Generalist_NE,0.15042977358490567,3
gex_possorted_bam_1WGCZ:GTCTTGCTCAATGTCAx-M2,Generalist_NE,0.16574728301886793,5
gex_possorted_bam_1WGCZ:GTGCATTAGGTACCGCx-M2,Arc_2,0.12988549056603774,2
gex_possorted_bam_1WGCZ:GTGAGGAGTTGAGGTCx-M2,Generalist_NE,0.18233118867924533,6
gex_possorted_bam_1WGCZ:GTGGTTAGTAATCACGx-M2,Generalist_NE,0.17448522641509437,7
gex_possorted_bam_1WGCZ:GTGAGCGAGGTAAGGCx-M2,Arc_6,0.2018561886792453,9
gex_possorted_bam_1WGCZ:GTGCTGATCAGGTCCAx-M2,Generalist_NE,0.15234979245283017,5
gex_possorted_bam_1WGCZ:GTGGACACACCACAACx-M2,Arc_5,0.19455518867924523,6
gex_possorted_bam_1WGCZ:GTGTTCCTCAAGTGTCx-M2,Generalist_NE,0.15752535849056606,3
gex_possorted_bam_1WGCZ:GTGTTACAGGTCCGTAx-M2,Generalist_NE,0.21360377358490565,10
gex_possorted_bam_1WGCZ:GTGCGCAGTGTGTGGTx-M2,Generalist_NE,0.16548558490566037,3
gex_possorted_bam_1WGCZ:GTGCAAGCAGAAACGTx-M2,Generalist_NE,0.16563084905660377,6
gex_possorted_bam_1WGCZ:GTGGATGCATGCTATGx-M2,Generalist_NE,0.16886279245283023,6
gex_possorted_bam_1WGCZ:GTTAATGTCCGCCTATx-M2,Arc_6,0.13602581132075472,2
gex_possorted_bam_1WGCZ:GTGTTCCTCCATAATGx-M2,Generalist_nonNE,0.12470732075471698,2
gex_possorted_bam_1WGCZ:GTGCCTTTCTCCTCTTx-M2,Generalist_NE,0.14568315094339623,2
gex_possorted_bam_1WGCZ:GTTAACGGTGCTCCACx-M2,Generalist_NE,0.1398732075471698,2
gex_possorted_bam_1WGCZ:GTGTTCCTCTTGGATAx-M2,Generalist_NE,0.128118,1
gex_possorted_bam_1WGCZ:GTGCAAGCATTAGCGCx-M2,Generalist_NE,0.14386067924528304,4
gex_possorted_bam_1WGCZ:GTGCATTAGGACCGCTx-M2,Arc_1,0.15801805660377358,4
gex_possorted_bam_1WGCZ:GTCTTTAGTTGCAATGx-M2,Arc_6,0.14386771698113207,4
gex_possorted_bam_1WGCZ:GTGAGGAGTTCGCGCTx-M2,Arc_4,0.12249398113207548,3
gex_possorted_bam_1WGCZ:GTGTTACAGGGACTAAx-M2,Generalist_NE,0.13768356603773585,3
gex_possorted_bam_1WGCZ:GTGCTTACACTAGGTCx-M2,Generalist_NE,0.20336769811320754,5
gex_possorted_bam_1WGCZ:GTTAAGCTCAATCTCTx-M2,Arc_6,0.16886279245283023,6
gex_possorted_bam_1WGCZ:GTTAACCAGTTGGCCAx-M2,Arc_6,0.14246143396226416,4
gex_possorted_bam_1WGCZ:GTGCGCAGTTGCCTCAx-M2,Generalist_NE,0.1428937924528302,2
gex_possorted_bam_1WGCZ:GTGAATCTCAATTACGx-M2,Generalist_NE,0.13640128301886792,4
gex_possorted_bam_1WGCZ:GTGCGGTTCAATGTGCx-M2,Generalist_NE,0.14560247169811322,4
gex_possorted_bam_1WGCZ:GTTACAGGTATACTGGx-M2,Generalist_NE,0.13197564150943397,2
gex_possorted_bam_1WGCZ:GTGCTTACATAATCACx-M2,Arc_4,0.14800822641509437,4
gex_possorted_bam_1WGCZ:GTTAAGCTCCTAAGACx-M2,Arc_4,0.10927164150943396,2
gex_possorted_bam_1WGCZ:GTGCTGATCACGAATCx-M2,Arc_4,0.12835841509433962,4
gex_possorted_bam_1WGCZ:GTGGTTAGTTTCAGGAx-M2,Generalist_NE,0.13846335849056604,3
gex_possorted_bam_1WGCZ:GTGAATCTCCGCCTATx-M2,Generalist_nonNE,0.10927164150943396,2
gex_possorted_bam_1WGCZ:GTGGACACATCTAGCAx-M2,Generalist_NE,0.1443931886792453,5
gex_possorted_bam_1WGCZ:GTGAGCGAGGTCTTGGx-M2,Generalist_NE,0.19021116981132075,4
gex_possorted_bam_1WGCZ:GTGCGCAGTTTACCGTx-M2,Arc_6,0.2006915849056604,8
gex_possorted_bam_1WGCZ:GTTAAGTGTTGGCCGAx-M2,Arc_6,0.17385232075471702,6
gex_possorted_bam_1WGCZ:GTGCACGGTTCCGGCTx-M2,Generalist_NE,0.13562471698113207,2
gex_possorted_bam_1WGCZ:GTGCTCAAGTTGGGCCx-M2,Generalist_NE,0.21582275471698117,10
gex_possorted_bam_1WGCZ:GTCTTTAGTGCCGCAAx-M2,Arc_4,0.10126513207547168,1
gex_possorted_bam_1WGCZ:GTGAGGAGTCCTCCAAx-M2,Arc_4,0.12249398113207548,3
gex_possorted_bam_1WGCZ:GTGCACGGTGATCAGCx-M2,Arc_5,0.1479514716981132,5
gex_possorted_bam_1WGCZ:GTGCTTCTCTGTTGCCx-M2,Arc_5,0.13376292452830188,2
gex_possorted_bam_1WGCZ:GTGTGTTAGTCCTGAGx-M2,Generalist_NE,0.1540222075471698,4
gex_possorted_bam_1WGCZ:GTGGTTAGTGAGCGAAx-M2,Generalist_NE,0.16149698113207547,6
gex_possorted_bam_1WGCZ:GTGAATCTCCCGTTGTx-M2,Generalist_NE,0.21345798113207548,10
gex_possorted_bam_1WGCZ:GTGCTGATCCGTTAAAx-M2,Arc_5,0.14210396226415095,4
gex_possorted_bam_1WGCZ:GTCTATGCAATTATGCx-M2,Arc_6,0.15369949056603774,5
gex_possorted_bam_1WGCZ:GTCTTTGTCCCTGGAAx-M2,Arc_4,0.12988549056603774,2
gex_possorted_bam_1WGCZ:GTGAATCTCAAGACTCx-M2,Generalist_NE,0.14421298113207548,4
gex_possorted_bam_1WGCZ:GTGCTCAAGGTCCGTAx-M2,Generalist_nonNE,0.13987481132075472,4
gex_possorted_bam_1WGCZ:GTGATCAGTAGGTTGCx-M2,Arc_1,0.1387347358490566,3
gex_possorted_bam_1WGCZ:GTTAACGGTTTACTTGx-M2,Generalist_NE,0.13945890566037739,2
gex_possorted_bam_1WGCZ:GTGAATCTCGTCAAGTx-M2,Arc_4,0.12035190566037735,3
gex_possorted_bam_1WGCZ:GTGCGCAGTAACGTGCx-M2,Arc_4,0.1277490566037736,3
gex_possorted_bam_1WGCZ:GTGCTCCGTCCTTAGTx-M2,Arc_6,0.16886279245283023,6
gex_possorted_bam_1WGCZ:GTGTGCGGTTGGTTCTx-M2,Arc_6,0.14010869811320756,3
gex_possorted_bam_1WGCZ:GTGTTCCTCAATGTGCx-M2,Generalist_NE,0.14235764150943395,4
gex_possorted_bam_1WGCZ:GTGGATGCAGGTTAAAx-M2,Generalist_NE,0.15240930188679244,6
gex_possorted_bam_1WGCZ:GTTACGTAGGCCCAGTx-M2,Generalist_NE,0.14336564150943398,3
gex_possorted_bam_1WGCZ:GTTGCGGGTCACCTATx-M2,Arc_4,0.10126513207547168,1
gex_possorted_bam_1WGCZ:GTTACGCCATCTAGCAx-M2,Arc_4,0.10927164150943396,2
gex_possorted_bam_1WGCZ:GTTGCATAGGAAGCTAx-M2,Arc_6,0.13878083018867926,3
gex_possorted_bam_1WGCZ:GTTTATCTCATCCTATx-M2,Generalist_NE,0.14827469811320754,4
gex_possorted_bam_1WGCZ:GTTCCTGGTCATGCCCx-M2,Arc_6,0.13906849056603773,1
gex_possorted_bam_1WGCZ:GTTAGGCGTACCCACCx-M2,Arc_1,0.13626184905660377,1
gex_possorted_bam_1WGCZ:GTTCGCGCATCGCTCCx-M2,Generalist_NE,0.14010869811320756,3
gex_possorted_bam_1WGCZ:GTTTAACCAGTTATGTx-M2,Arc_4,0.10927164150943396,2
gex_possorted_bam_1WGCZ:GTTAGACTCTACTAAGx-M2,Generalist_NE,0.14061467924528304,3
gex_possorted_bam_1WGCZ:GTTACGTAGTTAGCCGx-M2,Generalist_NE,0.1347043396226415,2
gex_possorted_bam_1WGCZ:GTTTATCTCTCACACCx-M2,Arc_1,0.12297830188679247,1
gex_possorted_bam_1WGCZ:GTTCTTGTCACCTGTCx-M2,Arc_4,0.10927164150943396,2
gex_possorted_bam_1WGCZ:GTTACTAAGGCCCAGTx-M2,Generalist_NE,0.16282709433962267,5
gex_possorted_bam_1WGCZ:GTTGTGAGTGCAATGCx-M2,Generalist_nonNE,0.12988549056603774,2
gex_possorted_bam_1WGCZ:GTTTATCTCACATTGAx-M2,Generalist_NE,0.134913320754717,2
gex_possorted_bam_1WGCZ:GTTCTTAGTGCTAGCGx-M2,Generalist_NE,0.1420431320754717,4
gex_possorted_bam_1WGCZ:GTTTATCTCCCTCGCAx-M2,Generalist_NE,0.14000490566037738,3
gex_possorted_bam_1WGCZ:GTTACGCCACAATGTTx-M2,Generalist_nonNE,0.10927164150943396,2
gex_possorted_bam_1WGCZ:GTTGGCCAGCTTTGGGx-M2,Arc_1,0.13974433962264152,3
gex_possorted_bam_1WGCZ:GTTCCCAGTTTGAGGCx-M2,Generalist_NE,0.16277884905660378,6
gex_possorted_bam_1WGCZ:GTTGTTGCAGTAGGTGx-M2,Generalist_NE,0.14061467924528304,3
gex_possorted_bam_1WGCZ:GTTCTCATCAATGTGCx-M2,Generalist_NE,0.15736909433962268,4
gex_possorted_bam_1WGCZ:GTTAGACTCTCAATTCx-M2,Generalist_NE,0.12635650943396226,0
gex_possorted_bam_1WGCZ:GTTCACCTCAAAGGCAx-M2,Arc_1,0.1424681509433962,3
gex_possorted_bam_1WGCZ:GTTTAGCAGGAGGACTx-M2,Generalist_NE,0.13753716981132075,3
gex_possorted_bam_1WGCZ:GTTAGACTCTGGCATGx-M2,Generalist_nonNE,0.12988549056603774,2
gex_possorted_bam_1WGCZ:GTTGCATAGTAGCGGGx-M2,Generalist_NE,0.14957415094339624,4
gex_possorted_bam_1WGCZ:GTTCACCTCTAACTGAx-M2,Arc_1,0.11138679245283017,3
gex_possorted_bam_1WGCZ:GTTCACCTCTAAGTGCx-M2,Arc_4,0.12988549056603774,2
gex_possorted_bam_1WGCZ:GTTCCTTCAAACATAGx-M2,Arc_5,0.1349454528301887,2
gex_possorted_bam_1WGCZ:GTTTAGCAGGTAAGGCx-M2,Arc_5,0.1364969245283019,3
gex_possorted_bam_1WGCZ:GTTTATCTCGTTTCTGx-M2,Arc_1,0.1465755849056604,4
gex_possorted_bam_1WGCZ:GTTTATCTCACGAATCx-M2,Arc_3,0.1788432830188679,7
gex_possorted_bam_1WGCZ:GTTGTGAGTTAGCAGCx-M2,Arc_3,0.17496764150943397,7
gex_possorted_bam_1WGCZ:GTTCGCTTCCGGCTAAx-M2,Generalist_NE,0.13093422641509433,1
gex_possorted_bam_1WGCZ:GTTCCCAGTTAAATGCx-M2,Generalist_NE,0.13386322641509435,1
gex_possorted_bam_1WGCZ:GTTGCTGAGCAAGACAx-M2,Generalist_NE,0.1406414339622642,2
gex_possorted_bam_1WGCZ:GTTGGCGGTATACTGGx-M2,Arc_6,0.14560247169811322,4
gex_possorted_bam_1WGCZ:GTTACTCGTTTGTCTAx-M2,Arc_6,0.1704618301886793,6
gex_possorted_bam_1WGCZ:GTTACGCCAACAGGTGx-M2,Generalist_NE,0.1470208679245283,4
gex_possorted_bam_1WGCZ:GTTACGCCAGTTTACGx-M2,Generalist_NE,0.13706105660377357,1
gex_possorted_bam_1WGCZ:GTTGGCGGTTGGATATx-M2,Generalist_NE,0.15437450943396225,4
gex_possorted_bam_1WGCZ:GTTCCTTCATGCATATx-M2,Generalist_NE,0.1858931132075472,6
gex_possorted_bam_1WGCZ:GTTAGGCGTTAACGGCx-M2,Arc_4,0.10927164150943396,2
gex_possorted_bam_1WGCZ:GTTCTCATCCTTGCACx-M2,Arc_6,0.14061467924528304,3
gex_possorted_bam_1WGCZ:GTTACTCGTTTCGCGCx-M2,Arc_6,0.14848698113207548,4
gex_possorted_bam_1WGCZ:GTTCTTAGTTTAGCTCx-M2,Arc_4,0.10927164150943396,2
gex_possorted_bam_1WGCZ:GTTACGCCACATTGCAx-M2,Arc_3,0.1638822641509434,7
gex_possorted_bam_1WGCZ:GTTCGCGCAGGCATCTx-M2,Generalist_nonNE,0.12835841509433962,4
gex_possorted_bam_1WGCZ:GTTGTTGCAAGGTCCTx-M2,Arc_5,0.22842894339622644,11
gex_possorted_bam_1WGCZ:GTTGGCCAGGATCCGCx-M2,Generalist_NE,0.13297428301886793,2
gex_possorted_bam_1WGCZ:GTTGCGGGTAAGGTCCx-M2,Generalist_NE,0.17044243396226416,5
gex_possorted_bam_1WGCZ:GTTAGGCGTGTCCTGCx-M2,Generalist_NE,0.13602581132075472,2
gex_possorted_bam_1WGCZ:GTTACGTAGGCGCACTx-M2,Generalist_NE,0.17299230188679246,4
gex_possorted_bam_1WGCZ:GTTTAACCATGGCCCAx-M2,Generalist_nonNE,0.13987481132075472,4
gex_possorted_bam_1WGCZ:GTTGGCGGTGGAAACGx-M2,Generalist_NE,0.14051088679245283,3
gex_possorted_bam_1WGCZ:GTTCTCATCCTTGAGGx-M2,Arc_6,0.1740917924528302,7
gex_possorted_bam_1WGCZ:GTTAGACTCACACAGTx-M2,Generalist_NE,0.13859862264150943,3
gex_possorted_bam_1WGCZ:GTTAGACTCCCTCAACx-M2,Generalist_NE,0.13838749056603775,3
gex_possorted_bam_1WGCZ:GTTGCGGGTCATTGTCx-M2,Generalist_NE,0.17472981132075477,4
gex_possorted_bam_1WGCZ:GTTCTCATCTTGCAAAx-M2,Arc_6,0.1739543773584906,7
gex_possorted_bam_1WGCZ:GTTACCTGTTCCAGGGx-M2,Arc_4,0.10927164150943396,2
gex_possorted_bam_1WGCZ:GTTTACCGTCACAAATx-M2,Generalist_NE,0.16886279245283023,6
gex_possorted_bam_1WGCZ:GTTAGACTCCATAATGx-M2,Generalist_NE,0.1656941132075472,5
gex_possorted_bam_1WGCZ:GTTGGAGCATTAGGTTx-M2,Generalist_NE,0.14051088679245283,3
gex_possorted_bam_1WGCZ:GTTGTTGCAGGAAGCCx-M2,Generalist_nonNE,0.1482511320754717,3
gex_possorted_bam_1WGCZ:GTTCATTTCAGGCTATx-M2,Generalist_NE,0.25102511320754717,10
gex_possorted_bam_1WGCZ:GTTACGCCAGGCCAAAx-M2,Generalist_NE,0.20213856603773583,6
gex_possorted_bam_1WGCZ:GTTCTTGTCCCTCGCAx-M2,Generalist_NE,0.13602581132075472,2
gex_possorted_bam_1WGCZ:GTTCGCGCAGATAGACx-M2,Generalist_NE,0.14616564150943395,4
gex_possorted_bam_1WGCZ:GTTGCATAGGGTCTATx-M2,Arc_4,0.13833198113207548,3
gex_possorted_bam_1WGCZ:GTTCATTTCTAACCTTx-M2,Generalist_NE,0.1418874150943396,4
gex_possorted_bam_1WGCZ:GTTGGCGGTACCGGATx-M2,Arc_5,0.1282217924528302,1
gex_possorted_bam_1WGCZ:GTTACCTGTGCAATGCx-M2,Generalist_NE,0.15872947169811322,2
gex_possorted_bam_1WGCZ:GTTCTTGTCAAACACCx-M2,Generalist_nonNE,0.12988549056603774,2
gex_possorted_bam_1WGCZ:GTTCCCAGTAAAGCAAx-M2,Generalist_nonNE,0.15500952830188677,4
gex_possorted_bam_1WGCZ:GTTCGCTTCGGTCAGCx-M2,Generalist_NE,0.16931222641509433,6
gex_possorted_bam_1WGCZ:GTTACGTAGGATGATGx-M2,Generalist_NE,0.16864443396226414,6
gex_possorted_bam_1WGCZ:GTTACGCCACCTATAGx-M2,Arc_6,0.14845722641509435,4
gex_possorted_bam_1WGCZ:GTTACGCCAAAGCTAAx-M2,Generalist_nonNE,0.1228388679245283,1
gex_possorted_bam_1WGCZ:GTTGTTGCACAGAAACx-M2,Generalist_NE,0.17446700000000004,6
gex_possorted_bam_1WGCZ:TAAGGCTTCCTCGATCx-M2,Generalist_NE,0.13706105660377357,1
gex_possorted_bam_1WGCZ:TACCAAATCAATGTGCx-M2,Arc_4,0.10927164150943396,2
gex_possorted_bam_1WGCZ:TAACAAGCAACGTGCTx-M2,Generalist_NE,0.18047118867924528,7
gex_possorted_bam_1WGCZ:TAAGTGCTCACGCGGTx-M2,Generalist_NE,0.14051088679245283,3
gex_possorted_bam_1WGCZ:TAATGGTGTCAACAATx-M2,Generalist_NE,0.1680469056603774,6
gex_possorted_bam_1WGCZ:GTTTCTAGTTTAGCGAx-M2,Generalist_nonNE,0.12879743396226415,3
gex_possorted_bam_1WGCZ:GTTTGCTGTCACAAATx-M2,Arc_5,0.13788947169811322,3
gex_possorted_bam_1WGCZ:TAAGTAGCAGGCAAGCx-M2,Generalist_NE,0.13856715094339622,3
gex_possorted_bam_1WGCZ:TAAAGCCTCTTGAGCGx-M2,Generalist_nonNE,0.1615692075471698,7
gex_possorted_bam_1WGCZ:TAAACAGCATGTCAGCx-M2,Generalist_NE,0.14603975471698113,3
gex_possorted_bam_1WGCZ:TACCAAATCACAGACTx-M2,Arc_4,0.12249398113207548,3
gex_possorted_bam_1WGCZ:TAACAAGCACAATGCCx-M2,Generalist_nonNE,0.19640894339622644,7
gex_possorted_bam_1WGCZ:GTTTCCTCATAGCAGGx-M2,Arc_3,0.1584493962264151,5
gex_possorted_bam_1WGCZ:GTTTCTAGTCGCAAACx-M2,Generalist_NE,0.128118,1
gex_possorted_bam_1WGCZ:TACAGGTTCCCTCTAAx-M2,Generalist_NE,0.13093422641509433,1
gex_possorted_bam_1WGCZ:TAAGGACCAAGTCGCTx-M2,Generalist_NE,0.13365669811320757,2
gex_possorted_bam_1WGCZ:TACAATGTCCTGGTCTx-M2,Generalist_NE,0.1472582075471698,4
gex_possorted_bam_1WGCZ:TAACCGGTCTCAATTCx-M2,Generalist_NE,0.23758066037735853,12
gex_possorted_bam_1WGCZ:TAATTGCCATTCAGCAx-M2,Generalist_NE,0.16996498113207548,6
gex_possorted_bam_1WGCZ:GTTTGTCGTCCTTAGTx-M2,Generalist_nonNE,0.12171228301886793,1
gex_possorted_bam_1WGCZ:TAAGCCAGTCAGTAATx-M2,Generalist_NE,0.13241781132075472,2
gex_possorted_bam_1WGCZ:TACAATGTCTAAGGAGx-M2,Generalist_nonNE,0.1482511320754717,3
gex_possorted_bam_1WGCZ:TAAGCTATCCGTTAAAx-M2,Generalist_NE,0.15634283018867928,3
gex_possorted_bam_1WGCZ:TACCAAATCATAATCGx-M2,Generalist_NE,0.29699235849056604,12
gex_possorted_bam_1WGCZ:GTTTCAGCACCGGCTAx-M2,Arc_4,0.12568911320754717,4
gex_possorted_bam_1WGCZ:TAATGCATCTGTGCCTx-M2,Generalist_NE,0.14126928301886793,3
gex_possorted_bam_1WGCZ:TAACAAGCAGCACCATx-M2,Generalist_NE,0.14690477358490567,3
gex_possorted_bam_1WGCZ:TAATGCATCCAGCACAx-M2,Arc_1,0.1343473773584906,2
gex_possorted_bam_1WGCZ:TAAGGCTTCTTCAATCx-M2,Generalist_NE,0.1774292452830189,8
gex_possorted_bam_1WGCZ:TAACCTAAGCACAGCCx-M2,Generalist_NE,0.1410220566037736,4
gex_possorted_bam_1WGCZ:TAATCCGCAGTACCGTx-M2,Generalist_NE,0.14148292452830188,3
gex_possorted_bam_1WGCZ:GTTTGCTGTTGCGCGAx-M2,Arc_5,0.13777890566037737,2
gex_possorted_bam_1WGCZ:TACATCAAGTTATGGCx-M2,Generalist_NE,0.1706819056603774,6
gex_possorted_bam_1WGCZ:GTTTGCTGTTAGCGTAx-M2,Arc_6,0.18065096226415098,8
gex_possorted_bam_1WGCZ:TAACAAGCACCTAAGCx-M2,Generalist_NE,0.1386723396226415,3
gex_possorted_bam_1WGCZ:TAAGGACCACCCACCTx-M2,Arc_5,0.14075200000000002,3
gex_possorted_bam_1WGCZ:TAATCACCATTGCGGTx-M2,Generalist_nonNE,0.15124275471698112,6
gex_possorted_bam_1WGCZ:TACCAAATCGTCATTTx-M2,Generalist_NE,0.14854649056603772,5
gex_possorted_bam_1WGCZ:GTTTCTAGTCATTACCx-M2,Generalist_NE,0.17576211320754714,7
gex_possorted_bam_1WGCZ:TAAGCTGGTAATAGCTx-M2,Arc_3,0.1662829245283019,6
gex_possorted_bam_1WGCZ:TAACCGGTCTCCTCAAx-M2,Generalist_nonNE,0.13962003773584905,3
gex_possorted_bam_1WGCZ:TACAACATCATTGCGGx-M2,Generalist_NE,0.1309805283018868,1
gex_possorted_bam_1WGCZ:GTTTGCTGTGTCCAGGx-M2,Generalist_NE,0.13602581132075472,2
gex_possorted_bam_1WGCZ:TAAAGCCTCGAGCTATx-M2,Arc_4,0.12249398113207548,3
gex_possorted_bam_1WGCZ:TACAATGTCGCAACATx-M2,Generalist_NE,0.16214347169811322,5
gex_possorted_bam_1WGCZ:TAATCCGCAATCATGTx-M2,Generalist_NE,0.13501711320754717,2
gex_possorted_bam_1WGCZ:TAATGGACAGCATGGAx-M2,Generalist_nonNE,0.15418866037735848,3
gex_possorted_bam_1WGCZ:TAAGCTATCGATTATGx-M2,Generalist_NE,0.13602581132075472,2
gex_possorted_bam_1WGCZ:TAAACAGCAATAATCCx-M2,Generalist_nonNE,0.1343020566037736,3
gex_possorted_bam_1WGCZ:TAACCTAAGGTCCTGAx-M2,Arc_6,0.13896983018867926,3
gex_possorted_bam_1WGCZ:TAAGGACCATCTTGAGx-M2,Generalist_NE,0.14118405660377356,4
gex_possorted_bam_1WGCZ:TAATGGTGTTTGACCTx-M2,Generalist_nonNE,0.15380235849056603,4
gex_possorted_bam_1WGCZ:TAAAGCCTCTTTAAGGx-M2,Generalist_NE,0.2622170566037736,12
gex_possorted_bam_1WGCZ:GTTTCCTCATAGCGAGx-M2,Generalist_NE,0.14395018867924528,5
gex_possorted_bam_1WGCZ:TAAGGCTTCAACCAACx-M2,Generalist_NE,0.1625191886792453,6
gex_possorted_bam_1WGCZ:TAAGTAGCATCATGTGx-M2,Generalist_NE,0.13602581132075472,2
gex_possorted_bam_1WGCZ:TACAACATCCAGGTTGx-M2,Arc_4,0.12263977358490566,3
gex_possorted_bam_1WGCZ:TAAGGACCACAATGCCx-M2,Arc_4,0.10927164150943396,2
gex_possorted_bam_1WGCZ:TAATCACCAATAACCTx-M2,Arc_1,0.1673137169811321,7
gex_possorted_bam_1WGCZ:GTTTCCTCAGCATGAGx-M2,Generalist_NE,0.13093422641509433,1
gex_possorted_bam_1WGCZ:TAATGCATCGACCTGAx-M2,Arc_4,0.10927164150943396,2
gex_possorted_bam_1WGCZ:TACATCAAGAGGAGGAx-M2,Generalist_NE,0.1442332641509434,3
gex_possorted_bam_1WGCZ:GTTTGCTGTGGGTACTx-M2,Generalist_NE,0.146592,3
gex_possorted_bam_1WGCZ:TAAGGACCAGTAAGTAx-M2,Generalist_NE,0.14000490566037738,3
gex_possorted_bam_1WGCZ:TAAGGCTTCCTGGCTTx-M2,Generalist_NE,0.13501711320754717,2
gex_possorted_bam_1WGCZ:TAAAGCCTCGGTTACGx-M2,Arc_4,0.10927164150943396,2
gex_possorted_bam_1WGCZ:TACATCAAGTGAGAGCx-M2,Arc_6,0.14774650943396225,5
gex_possorted_bam_1WGCZ:GTTTGTTTCATAATCGx-M2,Generalist_NE,0.19981000000000004,5
gex_possorted_bam_1WGCZ:GTTTGTCGTTGGTTCTx-M2,Generalist_nonNE,0.10927164150943396,2
gex_possorted_bam_1WGCZ:GTTTGTAAGCTGCACAx-M2,Generalist_nonNE,0.10646618867924527,1
gex_possorted_bam_1WGCZ:TAATTGCCATAGCGGAx-M2,Generalist_NE,0.1904405283018868,8
gex_possorted_bam_1WGCZ:TAATGCATCCTAGTTTx-M2,Generalist_NE,0.14837849056603775,4
gex_possorted_bam_1WGCZ:TAAGTAGCACATAGCCx-M2,Arc_4,0.10927164150943396,2
gex_possorted_bam_1WGCZ:TACATCAAGCGAGGTGx-M2,Arc_1,0.15901039622641508,5
gex_possorted_bam_1WGCZ:TAATCACCAATAGCCCx-M2,Arc_4,0.12249398113207548,3
gex_possorted_bam_1WGCZ:TAATGGACACGTAAGGx-M2,Arc_1,0.1480885849056604,3
gex_possorted_bam_1WGCZ:GTTTATCTCTTACTCGx-M2,Arc_4,0.10126513207547168,1
gex_possorted_bam_1WGCZ:TACCAAATCAAGCTACx-M2,Generalist_NE,0.14061467924528304,3
gex_possorted_bam_1WGCZ:GTTTCCTCAGTCTATGx-M2,Generalist_NE,0.1755545094339623,7
gex_possorted_bam_1WGCZ:GTTTGCTGTGGTTCTTx-M2,Generalist_nonNE,0.12988549056603774,2
gex_possorted_bam_1WGCZ:TAAGTAGCAATCGCACx-M2,Generalist_NE,0.15837118867924527,4
gex_possorted_bam_1WGCZ:TAGCCTTGTGGGTACTx-M2,Arc_1,0.2505071886792453,9
gex_possorted_bam_1WGCZ:TACCTCATCCGCACAAx-M2,Generalist_NE,0.2132858490566038,10
gex_possorted_bam_1WGCZ:TAGCTAATCTAAGTGCx-M2,Generalist_NE,0.1415379245283019,3
gex_possorted_bam_1WGCZ:TAGCGGCTCGGTAACTx-M2,Generalist_nonNE,0.12249398113207548,3
gex_possorted_bam_1WGCZ:TAGACCAGTTCGGTAAx-M2,Arc_4,0.10927164150943396,2
gex_possorted_bam_1WGCZ:TACCTGCTCCTAAATGx-M2,Generalist_NE,0.1488870566037736,5
gex_possorted_bam_1WGCZ:TACGGTTAGTGTGATCx-M2,Generalist_nonNE,0.12879743396226415,3
gex_possorted_bam_1WGCZ:TACTTGTTCATCAGTAx-M2,Arc_5,0.2273842641509434,11
gex_possorted_bam_1WGCZ:TAGCAGGCAGAGGGAGx-M2,Generalist_nonNE,0.12583490566037736,4
gex_possorted_bam_1WGCZ:TAGCTTGCAACATAAGx-M2,Arc_2,0.13545824528301886,3
gex_possorted_bam_1WGCZ:TAGGAACCACCACAACx-M2,Generalist_nonNE,0.12879743396226415,3
gex_possorted_bam_1WGCZ:TACTGAGGTAGCTGGTx-M2,Generalist_NE,0.13959583018867924,3
gex_possorted_bam_1WGCZ:TACGTAATCTCAATAGx-M2,Arc_6,0.1739543773584906,7
gex_possorted_bam_1WGCZ:TACTTCGTCTACCTGCx-M2,Arc_6,0.14000490566037738,3
gex_possorted_bam_1WGCZ:TACTGCACATCATGGCx-M2,Generalist_nonNE,0.10927164150943396,2
gex_possorted_bam_1WGCZ:TAGCTTGCACTTACAGx-M2,Generalist_NE,0.2275022830188679,12
gex_possorted_bam_1WGCZ:TACCTTAGTGCTGTAAx-M2,Generalist_NE,0.19015313207547171,6
gex_possorted_bam_1WGCZ:TACTGCACACACAATTx-M2,Generalist_NE,0.1738505849056604,7
gex_possorted_bam_1WGCZ:TACTCAAAGGTCCTGAx-M2,Generalist_NE,0.1571820377358491,4
gex_possorted_bam_1WGCZ:TAGCCGGGTAGCAGCTx-M2,Generalist_NE,0.14193933962264152,4
gex_possorted_bam_1WGCZ:TAGCATATCGCTAGATx-M2,Generalist_NE,0.13562471698113207,2
gex_possorted_bam_1WGCZ:TACCTGCTCTAAGGAGx-M2,Generalist_NE,0.1349454528301887,2
gex_possorted_bam_1WGCZ:TACCGAAGTGAGAAACx-M2,Generalist_NE,0.1300302641509434,1
gex_possorted_bam_1WGCZ:TAGCCTGAGGACCAGGx-M2,Generalist_NE,0.1374266037735849,2
gex_possorted_bam_1WGCZ:TACTGCACAGGGAGCTx-M2,Arc_2,0.1482511320754717,3
gex_possorted_bam_1WGCZ:TAGCGGACATATAACCx-M2,Arc_1,0.14604056603773585,3
gex_possorted_bam_1WGCZ:TACGTTAAGTAACCCGx-M2,Arc_1,0.1327701132075472,2
gex_possorted_bam_1WGCZ:TAGCTTGCACTCAACAx-M2,Generalist_NE,0.1526051132075472,3
gex_possorted_bam_1WGCZ:TACCTGCTCTTAGCGGx-M2,Generalist_NE,0.24960539622641506,9
gex_possorted_bam_1WGCZ:TACTGACAGACAAAGTx-M2,Generalist_NE,0.18929092452830187,5
gex_possorted_bam_1WGCZ:TACTCGCTCCTAGTCCx-M2,Generalist_NE,0.19221741509433962,6
gex_possorted_bam_1WGCZ:TACGTTAAGTTTGGGTx-M2,Arc_5,0.1421449245283019,4
gex_possorted_bam_1WGCZ:TACGTTAAGTGCTGTGx-M2,Generalist_NE,0.13264226415094338,3
gex_possorted_bam_1WGCZ:TACTCAAAGCATGGTTx-M2,Generalist_NE,0.22896998113207548,7
gex_possorted_bam_1WGCZ:TAGCGCGGTCGCGCAAx-M2,Generalist_NE,0.14501269811320755,4
gex_possorted_bam_1WGCZ:TAGCGCGGTCGACTCCx-M2,Generalist_NE,0.1568811132075472,2
gex_possorted_bam_1WGCZ:TAGCGGCTCGATTTGAx-M2,Arc_3,0.15234979245283017,5
gex_possorted_bam_1WGCZ:TACTGGCCATAGCGGAx-M2,Generalist_NE,0.14051088679245283,3
gex_possorted_bam_1WGCZ:TACCTCATCACAGGAAx-M2,Generalist_nonNE,0.10927164150943396,2
gex_possorted_bam_1WGCZ:TACTGAGGTTTGGTTCx-M2,Arc_6,0.16559032075471702,5
gex_possorted_bam_1WGCZ:TAGCAGGCAGTAGCCTx-M2,Generalist_NE,0.1434991886792453,3
gex_possorted_bam_1WGCZ:TACGGTTAGGGTCCACx-M2,Generalist_NE,0.21979292452830188,5
gex_possorted_bam_1WGCZ:TACCGCAAGGCGCATCx-M2,Generalist_NE,0.14151450943396227,2
gex_possorted_bam_1WGCZ:TACTGACAGAGAGCCGx-M2,Generalist_NE,0.31393083018867923,12
gex_possorted_bam_1WGCZ:TACGGATTCCTTTACGx-M2,Generalist_NE,0.13355290566037736,2
gex_possorted_bam_1WGCZ:TACGTACAGAGGGACTx-M2,Generalist_NE,0.1392400377358491,5
gex_possorted_bam_1WGCZ:TACGTACAGGGTCTATx-M2,Generalist_NE,0.13402833962264152,2
gex_possorted_bam_1WGCZ:TAGCTTAAGACAGGTAx-M2,Arc_4,0.12249398113207548,3
gex_possorted_bam_1WGCZ:TACCAGGTCGTACCGAx-M2,Generalist_NE,0.13093422641509433,1
gex_possorted_bam_1WGCZ:TAGCCGGGTTTGGGCGx-M2,Generalist_NE,0.13938715094339624,3
gex_possorted_bam_1WGCZ:TAGCTTGCAAGGTATAx-M2,Generalist_NE,0.1666308113207547,3
gex_possorted_bam_1WGCZ:TACTGACAGTCATCCCx-M2,Arc_5,0.2275022830188679,12
gex_possorted_bam_1WGCZ:TAGCAGGCATTAGCGCx-M2,Generalist_nonNE,0.10126513207547168,1
gex_possorted_bam_1WGCZ:TAGCGCGGTGCAACTAx-M2,Generalist_nonNE,0.12249398113207548,3
gex_possorted_bam_1WGCZ:TAGCGCGGTATTCGTCx-M2,Generalist_NE,0.1349454528301887,2
gex_possorted_bam_1WGCZ:TAGAGCCGTTCAAGATx-M2,Arc_3,0.16931222641509433,6
gex_possorted_bam_1WGCZ:TACCTTAGTACCGTTTx-M2,Generalist_NE,0.14671337735849058,4
gex_possorted_bam_1WGCZ:TACTGGCCACTAGCGTx-M2,Generalist_NE,0.15854783018867927,3
gex_possorted_bam_1WGCZ:TAGAGCCGTTGGTTCTx-M2,Generalist_nonNE,0.12171228301886793,1
gex_possorted_bam_1WGCZ:TAGCCTCTCATGCATAx-M2,Generalist_NE,0.1347043396226415,2
gex_possorted_bam_1WGCZ:TACGCTTGTCACAGACx-M2,Generalist_NE,0.13706105660377357,1
gex_possorted_bam_1WGCZ:TAGCGGCTCTTCAATCx-M2,Generalist_NE,0.16433598113207545,4
gex_possorted_bam_1WGCZ:TAGCCGGGTCAATAGTx-M2,Generalist_NE,0.12969824528301888,2
gex_possorted_bam_1WGCZ:TACCTCATCCATAATGx-M2,Arc_4,0.10927164150943396,2
gex_possorted_bam_1WGCZ:TAGGAACCAATCCCTTx-M2,Generalist_nonNE,0.1482511320754717,3
gex_possorted_bam_1WGCZ:TACTTCGTCGGGACCTx-M2,Generalist_NE,0.17784679245283017,4
gex_possorted_bam_1WGCZ:TACGCTTGTGCATTTCx-M2,Arc_1,0.24897279245283016,8
gex_possorted_bam_1WGCZ:TAGCAGGCACGAATTTx-M2,Arc_6,0.14069915094339622,3
gex_possorted_bam_1WGCZ:TACCGTTGTTGACTTCx-M2,Arc_4,0.10927164150943396,2
gex_possorted_bam_1WGCZ:TAGAGCCGTAGCTAATx-M2,Generalist_NE,0.15569630188679245,5
gex_possorted_bam_1WGCZ:TACGGATTCTTGTTCGx-M2,Arc_4,0.10927164150943396,2
gex_possorted_bam_1WGCZ:TAGCGGCTCATGCAACx-M2,Generalist_NE,0.14570626415094343,4
gex_possorted_bam_1WGCZ:TAGCGGACAGGCATCTx-M2,Generalist_NE,0.13241781132075472,2
gex_possorted_bam_1WGCZ:TAGCCTCTCAAAGGCAx-M2,Generalist_NE,0.14974911320754716,4
gex_possorted_bam_1WGCZ:TAGCGGCTCATCCTCAx-M2,Generalist_nonNE,0.12249398113207548,3
gex_possorted_bam_1WGCZ:TACGTTAAGGCTAAGAx-M2,Generalist_nonNE,0.14389075471698112,3
gex_possorted_bam_1WGCZ:TACCTGCTCCTTCGTAx-M2,Generalist_NE,0.15083901886792453,3
gex_possorted_bam_1WGCZ:TACGTTAAGCAGGTTTx-M2,Generalist_NE,0.14680469811320757,5
gex_possorted_bam_1WGCZ:TACGGATTCACCATTTx-M2,Generalist_NE,0.14814162264150943,4
gex_possorted_bam_1WGCZ:TACTTCGTCCTCACTAx-M2,Arc_5,0.1406414339622642,2
gex_possorted_bam_1WGCZ:TACCAGGTCTCGACCTx-M2,Generalist_NE,0.1409283962264151,3
gex_possorted_bam_1WGCZ:TAGACCAGTACAATGTx-M2,Arc_1,0.33749692452830193,17
gex_possorted_bam_1WGCZ:TAGCTTGCAGACAAACx-M2,Generalist_NE,0.1378561320754717,2
gex_possorted_bam_1WGCZ:TAGAGCCGTCAAGTGCx-M2,Generalist_NE,0.13969962264150945,3
gex_possorted_bam_1WGCZ:TAGCCGGGTGTGTGGTx-M2,Generalist_NE,0.1571820377358491,4
gex_possorted_bam_1WGCZ:TACCTTTAGCTCATAAx-M2,Generalist_nonNE,0.13987481132075472,4
gex_possorted_bam_1WGCZ:TAGCGGACAACTAGCCx-M2,Generalist_NE,0.13753200000000002,3
gex_possorted_bam_1WGCZ:TAGACCAGTCGCAATAx-M2,Arc_6,0.1656941132075472,5
gex_possorted_bam_1WGCZ:TAGCTTAAGGTGAAATx-M2,Arc_4,0.10927164150943396,2
gex_possorted_bam_1WGCZ:TATATCCTCAGGCCTAx-M2,Generalist_NE,0.1338782452830189,2
gex_possorted_bam_1WGCZ:TAGTACGGTGTGCACGx-M2,Generalist_NE,0.14851284905660375,3
gex_possorted_bam_1WGCZ:TATATCCTCGTTACTTx-M2,Arc_4,0.12912388679245282,3
gex_possorted_bam_1WGCZ:TAGTAACGTGTCCAGGx-M2,Generalist_NE,0.14894943396226415,4
gex_possorted_bam_1WGCZ:TAGGGTTTCTTGTTCGx-M2,Generalist_NE,0.13706105660377357,1
gex_possorted_bam_1WGCZ:TAGTTGTCAGCATGTCx-M2,Generalist_NE,0.2089594905660377,8
gex_possorted_bam_1WGCZ:TAGGTTATCTTGCAGGx-M2,Generalist_NE,0.13901886792452828,2
gex_possorted_bam_1WGCZ:TATCGCACAGGCTAAGx-M2,Generalist_NE,0.19622992452830196,7
gex_possorted_bam_1WGCZ:TATCGCACAGTAGGTGx-M2,Generalist_NE,0.18675207547169814,7
gex_possorted_bam_1WGCZ:TAGGGTTTCTAGCTAAx-M2,Generalist_NE,0.14061467924528304,3
gex_possorted_bam_1WGCZ:TAGGAGGGTTAGCAGCx-M2,Generalist_NE,0.23754184905660378,11
gex_possorted_bam_1WGCZ:TATCCGGAGGGCTAAAx-M2,Generalist_NE,0.20098884905660377,7
gex_possorted_bam_1WGCZ:TATCACAAGTGCACGCx-M2,Arc_4,0.12713516981132075,4
gex_possorted_bam_1WGCZ:TATCACAAGTTAGCCGx-M2,Generalist_NE,0.1377821886792453,3
gex_possorted_bam_1WGCZ:TAGTTGTCACCTGCCTx-M2,Generalist_nonNE,0.13545824528301886,3
gex_possorted_bam_1WGCZ:TAGGCTTAGTCCTGAGx-M2,Arc_4,0.12047103773584907,1
gex_possorted_bam_1WGCZ:TAGTCAATCGTGCTTCx-M2,Arc_4,0.15266769811320755,4
gex_possorted_bam_1WGCZ:TATAGGTGTCATCCTGx-M2,Generalist_NE,0.14607796226415093,3
gex_possorted_bam_1WGCZ:TAGGGTTTCGCAACATx-M2,Generalist_nonNE,0.14147049056603775,3
gex_possorted_bam_1WGCZ:TATCGCACACAGGATGx-M2,Arc_5,0.14671258490566036,3
gex_possorted_bam_1WGCZ:TAGTAGGAGTCATCCCx-M2,Generalist_NE,0.1451904150943396,3
gex_possorted_bam_1WGCZ:TAGGCTTAGGATAAACx-M2,Arc_6,0.17715667924528303,8
gex_possorted_bam_1WGCZ:TAGGAACCAGGCCAAAx-M2,Generalist_NE,0.1492537924528302,2
gex_possorted_bam_1WGCZ:TAGTTGTCACATTAACx-M2,Arc_4,0.14731611320754717,5
gex_possorted_bam_1WGCZ:TATCACAAGCCGCTTTx-M2,Generalist_NE,0.15884003773584907,3
gex_possorted_bam_1WGCZ:TAGGAACCATAATCACx-M2,Generalist_NE,0.1609456603773585,5
gex_possorted_bam_1WGCZ:TAGTCAATCTTGAGGTx-M2,Generalist_NE,0.13459315094339622,2
gex_possorted_bam_1WGCZ:TATCGCACACCTGTAAx-M2,Generalist_NE,0.2129335660377359,10
gex_possorted_bam_1WGCZ:TATCGAGGTTGAATCGx-M2,Generalist_NE,0.14801322641509435,3
gex_possorted_bam_1WGCZ:TAGGTTATCTAATTGGx-M2,Generalist_NE,0.14000490566037738,3
gex_possorted_bam_1WGCZ:TATCACGCAATAACCTx-M2,Generalist_NE,0.20508901886792455,6
gex_possorted_bam_1WGCZ:TATCCGGAGTTTGGTAx-M2,Generalist_NE,0.14826690566037737,4
gex_possorted_bam_1WGCZ:TAGGAACCAGGCTTCGx-M2,Arc_1,0.248986,11
gex_possorted_bam_1WGCZ:TAGGAGTCAATCATGTx-M2,Arc_6,0.134913320754717,2
gex_possorted_bam_1WGCZ:TATAGCCAGCCGCTTTx-M2,Arc_5,0.13536473584905662,4
gex_possorted_bam_1WGCZ:TATCCAGCAAATTGCTx-M2,Arc_5,0.15590143396226416,4
gex_possorted_bam_1WGCZ:TAGTACGGTGCTCCGTx-M2,Arc_3,0.20501792452830192,8
gex_possorted_bam_1WGCZ:TAGGTTGGTAATGACTx-M2,Generalist_NE,0.21357005660377362,8
gex_possorted_bam_1WGCZ:TATCACGCACTGACTAx-M2,Arc_6,0.16875900000000002,6
gex_possorted_bam_1WGCZ:TATCACAAGAGGGACTx-M2,Generalist_NE,0.14827469811320754,4
gex_possorted_bam_1WGCZ:TAGTTGTCATTAAACCx-M2,Generalist_nonNE,0.12988549056603774,2
gex_possorted_bam_1WGCZ:TATCACGCATCCTAGAx-M2,Generalist_NE,0.15835509433962264,4
gex_possorted_bam_1WGCZ:TAGTAGGAGTGAACAGx-M2,Generalist_NE,0.1536267924528302,6
gex_possorted_bam_1WGCZ:TAGGAGGGTACCGTTTx-M2,Generalist_NE,0.14143126415094343,3
gex_possorted_bam_1WGCZ:TATCACAAGACTTACAx-M2,Generalist_NE,0.13355290566037736,2
gex_possorted_bam_1WGCZ:TAGTACGGTGATTACGx-M2,Arc_5,0.134913320754717,2
gex_possorted_bam_1WGCZ:TATCCAGCATGTTGTGx-M2,Generalist_NE,0.14853475471698113,5
gex_possorted_bam_1WGCZ:TAGTTGTCACTCAACAx-M2,Generalist_NE,0.14096398113207548,4
gex_possorted_bam_1WGCZ:TATAACCCACAAACTTx-M2,Generalist_NE,0.14334371698113207,4
gex_possorted_bam_1WGCZ:TATCACGCATACTCCTx-M2,Generalist_NE,0.22161937735849058,10
gex_possorted_bam_1WGCZ:TATAACCCATGCTATGx-M2,Generalist_NE,0.14224626415094338,3
gex_possorted_bam_1WGCZ:TAGTGGCGTTAGTTGGx-M2,Generalist_NE,0.16410390566037736,6
gex_possorted_bam_1WGCZ:TAGGCTGTCTCACATTx-M2,Generalist_NE,0.2945111509433962,12
gex_possorted_bam_1WGCZ:TATAGGTGTCATTGAGx-M2,Generalist_NE,0.1472582075471698,4
gex_possorted_bam_1WGCZ:TATATCCTCTGTAAGCx-M2,Generalist_NE,0.1652664528301887,5
gex_possorted_bam_1WGCZ:TAGGCTTAGGTTACGTx-M2,Generalist_NE,0.14826690566037737,4
gex_possorted_bam_1WGCZ:TAGGTTATCCGCAAGCx-M2,Generalist_NE,0.1477244716981132,3
gex_possorted_bam_1WGCZ:TAGGTTGGTGTTAAACx-M2,Generalist_NE,0.1336773396226415,3
gex_possorted_bam_1WGCZ:TAGGAGGGTCGCAATAx-M2,Generalist_NE,0.16548558490566037,3
gex_possorted_bam_1WGCZ:TATCACGCAGCAGGTAx-M2,Generalist_NE,0.1300302641509434,1
gex_possorted_bam_1WGCZ:TAGTAAGCATGTTGGCx-M2,Generalist_NE,0.22842894339622644,11
gex_possorted_bam_1WGCZ:TAGTCAATCCAGGAAAx-M2,Arc_4,0.10927164150943396,2
gex_possorted_bam_1WGCZ:TAGTAACGTTTGGGCGx-M2,Generalist_nonNE,0.14221437735849057,5
gex_possorted_bam_1WGCZ:TAGGTTATCACGTTAAx-M2,Generalist_NE,0.128118,1
gex_possorted_bam_1WGCZ:TATCGAGGTGTTGTGAx-M2,Arc_1,0.1343020566037736,3
gex_possorted_bam_1WGCZ:TATCCGGAGACAGGTAx-M2,Generalist_NE,0.13103801886792452,1
gex_possorted_bam_1WGCZ:TATAGGTGTCACACCCx-M2,Arc_4,0.10927164150943396,2
gex_possorted_bam_1WGCZ:TATCCAGCATAATGAGx-M2,Generalist_NE,0.1443650754716981,4
gex_possorted_bam_1WGCZ:TATCACGCAGTTGCGTx-M2,Generalist_NE,0.1424562641509434,4
gex_possorted_bam_1WGCZ:TAGGCTGTCATCACTTx-M2,Generalist_NE,0.2163081132075472,5
gex_possorted_bam_1WGCZ:TAGGCTAGTTTATCGCx-M2,Generalist_nonNE,0.10927164150943396,2
gex_possorted_bam_1WGCZ:TATATCCTCCTTAGGGx-M2,Generalist_nonNE,0.12035190566037735,3
gex_possorted_bam_1WGCZ:TATAGCTCAGGACACAx-M2,Arc_4,0.10927164150943396,2
gex_possorted_bam_1WGCZ:TAGTAAGCACGGTACTx-M2,Generalist_NE,0.1309805283018868,1
gex_possorted_bam_1WGCZ:TAGGTTGGTTTACCGTx-M2,Generalist_NE,0.21767499999999998,7
gex_possorted_bam_1WGCZ:TAGTTGTCACCTATAGx-M2,Generalist_NE,0.14598816981132076,4
gex_possorted_bam_1WGCZ:TATCCAGCAATAATCCx-M2,Generalist_NE,0.16724400000000003,4
gex_possorted_bam_1WGCZ:TAGGCTTAGGCGAAACx-M2,Arc_4,0.12379424528301887,3
gex_possorted_bam_1WGCZ:TAGTAAGCAGTTAGCCx-M2,Generalist_nonNE,0.12988549056603774,2
gex_possorted_bam_1WGCZ:TAGTGAGAGCGATACTx-M2,Generalist_nonNE,0.10126513207547168,1
gex_possorted_bam_1WGCZ:TAGGTTGGTATCTGGAx-M2,Arc_5,0.1357141320754717,3
gex_possorted_bam_1WGCZ:TATAGCTCAAGCCAGAx-M2,Generalist_nonNE,0.16128905660377355,6
gex_possorted_bam_1WGCZ:TATCGCACATAATCACx-M2,Generalist_nonNE,0.10927164150943396,2
gex_possorted_bam_1WGCZ:TAGGAGTCATCTAGCAx-M2,Generalist_nonNE,0.14461688679245283,5
gex_possorted_bam_1WGCZ:TATAACCCATTGTGTGx-M2,Generalist_NE,0.1734290754716981,5
gex_possorted_bam_1WGCZ:TCACCTGGTACCGTAAx-M2,Generalist_NE,0.1359406037735849,2
gex_possorted_bam_1WGCZ:TCAAGAACACACCAACx-M2,Arc_4,0.1343020566037736,3
gex_possorted_bam_1WGCZ:TATGGTCAGTTGCCTCx-M2,Arc_4,0.10927164150943396,2
gex_possorted_bam_1WGCZ:TATTTGCTCTAAATCGx-M2,Generalist_NE,0.15752535849056606,3
gex_possorted_bam_1WGCZ:TCAAGGTTCGACAAAGx-M2,Generalist_nonNE,0.10623296226415094,2
gex_possorted_bam_1WGCZ:TATGGATGTAAGGTTTx-M2,Generalist_NE,0.1394106037735849,2
gex_possorted_bam_1WGCZ:TCAGTAGGTATACTGGx-M2,Generalist_NE,0.13753716981132075,3
gex_possorted_bam_1WGCZ:TATTAGCCAGCACGTTx-M2,Generalist_NE,0.14318641509433963,3
gex_possorted_bam_1WGCZ:TCACCGGCACCTAAGCx-M2,Arc_6,0.1838596603773585,6
gex_possorted_bam_1WGCZ:TCAAGTATCATGAGCTx-M2,Generalist_NE,0.19606415094339624,5
gex_possorted_bam_1WGCZ:TCAAGCTAGCTCAAACx-M2,Generalist_NE,0.13187701886792455,2
gex_possorted_bam_1WGCZ:TCAGGTCCAGGCCATTx-M2,Arc_1,0.13965509433962264,5
gex_possorted_bam_1WGCZ:TCAGTAATCAATGAGGx-M2,Generalist_NE,0.14061467924528304,3
gex_possorted_bam_1WGCZ:TATGCATCACCTCACCx-M2,Generalist_NE,0.13921716981132073,3
gex_possorted_bam_1WGCZ:TCAGCAAGTTGAAGCCx-M2,Arc_6,0.14061467924528304,3
gex_possorted_bam_1WGCZ:TATTAGGTCCCGCAAAx-M2,Generalist_NE,0.16886279245283023,6
gex_possorted_bam_1WGCZ:TCACCTGGTATTGGTGx-M2,Generalist_NE,0.1329073773584906,3
gex_possorted_bam_1WGCZ:TCAGGTCCATTGCGGTx-M2,Arc_5,0.13788947169811322,3
gex_possorted_bam_1WGCZ:TCAAGACTCGCTAAGTx-M2,Arc_5,0.1435854528301887,3
gex_possorted_bam_1WGCZ:TCAGCAAGTACGTTTCx-M2,Generalist_NE,0.14817216981132078,5
gex_possorted_bam_1WGCZ:TCAGGTCCAATATGGAx-M2,Generalist_nonNE,0.10927164150943396,2
gex_possorted_bam_1WGCZ:TCAGCGATCATGCGTGx-M2,Generalist_nonNE,0.10126513207547168,1
gex_possorted_bam_1WGCZ:TATTTGCTCCTTAGGGx-M2,Generalist_NE,0.1348081320754717,2
gex_possorted_bam_1WGCZ:TCACCGGCAAGGTGGCx-M2,Generalist_nonNE,0.12297830188679247,1
gex_possorted_bam_1WGCZ:TATTAGGTCGTAATCAx-M2,Generalist_NE,0.21079154716981133,6
gex_possorted_bam_1WGCZ:TATGACTCAACACCTAx-M2,Generalist_NE,0.1409283962264151,3
gex_possorted_bam_1WGCZ:TATTAGGTCCTGAGTGx-M2,Generalist_NE,0.13093422641509433,1
gex_possorted_bam_1WGCZ:TATGGTCAGTGAACGAx-M2,Generalist_NE,0.13870447169811323,3
gex_possorted_bam_1WGCZ:TCACTGACAGCATGAGx-M2,Arc_1,0.17367724528301887,6
gex_possorted_bam_1WGCZ:TATTGACCATGTCAGCx-M2,Arc_4,0.10927164150943396,2
gex_possorted_bam_1WGCZ:TCACATAAGGAAGCACx-M2,Arc_6,0.15489316981132076,5
gex_possorted_bam_1WGCZ:TCACATAAGCAAGGTAx-M2,Arc_4,0.10126513207547168,1
gex_possorted_bam_1WGCZ:TCACTGACAGCAAGTGx-M2,Generalist_NE,0.13640128301886792,4
gex_possorted_bam_1WGCZ:TCAGCCTTCCCTGACTx-M2,Generalist_NE,0.13706105660377357,1
gex_possorted_bam_1WGCZ:TATGGCCCAGCAAATAx-M2,Arc_4,0.10927164150943396,2
gex_possorted_bam_1WGCZ:TATTGACCAGGAACATx-M2,Generalist_NE,0.19372873584905664,9
gex_possorted_bam_1WGCZ:TATGAAGCAGCTTACAx-M2,Arc_6,0.1790321698113208,6
gex_possorted_bam_1WGCZ:TCAATCGCAATGCGCTx-M2,Arc_6,0.1338782452830189,2
gex_possorted_bam_1WGCZ:TCAGCGATCGCACAATx-M2,Generalist_NE,0.15917824528301888,4
gex_possorted_bam_1WGCZ:TCACGGATCCGCATGAx-M2,Generalist_NE,0.1437639245283019,4
gex_possorted_bam_1WGCZ:TCAGCGATCGATTATGx-M2,Generalist_nonNE,0.10646618867924527,1
gex_possorted_bam_1WGCZ:TATCGCGAGTTTGAGCx-M2,Generalist_NE,0.13682028301886795,2
gex_possorted_bam_1WGCZ:TCAAGACTCTGTAATGx-M2,Arc_5,0.13788947169811322,3
gex_possorted_bam_1WGCZ:TCAAGAACAAACGGGCx-M2,Arc_1,0.14645492452830192,4
gex_possorted_bam_1WGCZ:TATGCATCAGGCTGTTx-M2,Generalist_NE,0.134913320754717,2
gex_possorted_bam_1WGCZ:TATGGCCCAAGTGAACx-M2,Generalist_nonNE,0.1482511320754717,3
gex_possorted_bam_1WGCZ:TCAGCCTTCACAGCGCx-M2,Arc_5,0.1492537924528302,2
gex_possorted_bam_1WGCZ:TATTTGGAGGCATGAAx-M2,Generalist_NE,0.16886279245283023,6
gex_possorted_bam_1WGCZ:TCAGCGATCGTGCTTCx-M2,Arc_1,0.12297830188679247,1
gex_possorted_bam_1WGCZ:TCAAGCTAGCCTGTTCx-M2,Generalist_NE,0.14051088679245283,3
gex_possorted_bam_1WGCZ:TATGGCCCACTGACTAx-M2,Generalist_NE,0.14723094339622642,4
gex_possorted_bam_1WGCZ:TATGACATCGATCAGTx-M2,Generalist_NE,0.13897547169811322,2
gex_possorted_bam_1WGCZ:TATGCATCAGCAAGTGx-M2,Generalist_NE,0.152246,5
gex_possorted_bam_1WGCZ:TCAGGTTAGGTCGAGGx-M2,Arc_6,0.171353,7
gex_possorted_bam_1WGCZ:TATCGCGAGTTTGGTAx-M2,Arc_1,0.17473009433962264,4
gex_possorted_bam_1WGCZ:TATTACCTCGAGGTGGx-M2,Generalist_NE,0.1571701320754717,5
gex_possorted_bam_1WGCZ:TATGACATCTAACCAAx-M2,Generalist_NE,0.13743635849056604,4
gex_possorted_bam_1WGCZ:TATGACTCATCACAGCx-M2,Arc_6,0.1339245471698113,2
gex_possorted_bam_1WGCZ:TCAATCGCAAACATAGx-M2,Generalist_NE,0.15666469811320755,3
gex_possorted_bam_1WGCZ:TCAGGAGCATTGTGCAx-M2,Generalist_NE,0.15528179245283016,5
gex_possorted_bam_1WGCZ:TATGGATGTGCGCATGx-M2,Generalist_NE,0.19237483018867926,8
gex_possorted_bam_1WGCZ:TCAAGGAAGTAGAGGCx-M2,Generalist_nonNE,0.10927164150943396,2
gex_possorted_bam_1WGCZ:TCAAGGTTCCGCATGAx-M2,Generalist_NE,0.1442869245283019,3
gex_possorted_bam_1WGCZ:TCAAGAACACATACTGx-M2,Arc_4,0.12470732075471698,2
gex_possorted_bam_1WGCZ:TATGGGCGTTTAGCTCx-M2,Generalist_NE,0.1432687924528302,3
gex_possorted_bam_1WGCZ:TATGTGATCCATCAGGx-M2,Generalist_NE,0.14387241509433965,4
gex_possorted_bam_1WGCZ:TATTGACCAATTTGGTx-M2,Arc_6,0.14000490566037738,3
gex_possorted_bam_1WGCZ:TCAGCCTTCTTGCTATx-M2,Generalist_NE,0.1344825849056604,1
gex_possorted_bam_1WGCZ:TCACATAAGGAGGCATx-M2,Generalist_NE,0.18301828301886797,8
gex_possorted_bam_1WGCZ:TATGGTCAGCGGATTTx-M2,Generalist_nonNE,0.13987481132075472,4
gex_possorted_bam_1WGCZ:TATGACATCAAACCGTx-M2,Generalist_NE,0.134913320754717,2
gex_possorted_bam_1WGCZ:TATGGGCGTACCAGGTx-M2,Generalist_NE,0.2132858490566038,10
gex_possorted_bam_1WGCZ:TCAAGACTCTAATCTCx-M2,Arc_6,0.18502428301886795,9
gex_possorted_bam_1WGCZ:TCAGGTTAGACTAAGGx-M2,Arc_6,0.13802333962264152,2
gex_possorted_bam_1WGCZ:TCAGTAGGTCGCATAAx-M2,Generalist_NE,0.134913320754717,2
gex_possorted_bam_1WGCZ:TCAACAATCACATTGAx-M2,Generalist_NE,0.17309403773584908,6
gex_possorted_bam_1WGCZ:TATGGCCCAATCATGTx-M2,Generalist_NE,0.14690477358490567,3
gex_possorted_bam_1WGCZ:TCAAGGTTCACGAATCx-M2,Arc_6,0.13768356603773585,3
gex_possorted_bam_1WGCZ:TCACCGGCACATTGCAx-M2,Generalist_NE,0.13575839622641508,2
gex_possorted_bam_1WGCZ:TCAGGAGCATTAGCGCx-M2,Arc_1,0.15901039622641508,5
gex_possorted_bam_1WGCZ:TCAAGTATCTTAGGACx-M2,Generalist_NE,0.17927396226415096,4
gex_possorted_bam_1WGCZ:TCAGGAGCACCTAATGx-M2,Generalist_NE,0.16886279245283023,6
gex_possorted_bam_1WGCZ:TCAGGTCCATAAGGACx-M2,Generalist_NE,0.15189256603773582,4
gex_possorted_bam_1WGCZ:TATGACTCAATAGCCCx-M2,Generalist_nonNE,0.14624052830188677,4
gex_possorted_bam_1WGCZ:TCAGCGATCATGTTTCx-M2,Arc_4,0.12249398113207548,3
gex_possorted_bam_1WGCZ:TCAGGTTAGACAACAGx-M2,Generalist_NE,0.18039877358490566,8
gex_possorted_bam_1WGCZ:TCAGGTTAGCAACATCx-M2,Arc_4,0.12249398113207548,3
gex_possorted_bam_1WGCZ:TCAATCGCATAGACTTx-M2,Generalist_NE,0.1610420377358491,6
gex_possorted_bam_1WGCZ:TCACTGACAACTAACTx-M2,Arc_2,0.13545824528301886,3
gex_possorted_bam_1WGCZ:TATGAAGCAGTGAACGx-M2,Generalist_NE,0.13469324528301888,2
gex_possorted_bam_1WGCZ:TCAGGAGCAGCCTAACx-M2,Generalist_NE,0.1374266037735849,2
gex_possorted_bam_1WGCZ:TCATGTTTCTCACATTx-M2,Generalist_NE,0.13742988679245283,3
gex_possorted_bam_1WGCZ:TCATTGCGTGGATGTCx-M2,Generalist_nonNE,0.12171228301886793,1
gex_possorted_bam_1WGCZ:TCATGCCTCACAGCGCx-M2,Generalist_NE,0.20075347169811322,6
gex_possorted_bam_1WGCZ:TCCTTTACAGCAGGTAx-M2,Generalist_NE,0.14428013207547172,3
gex_possorted_bam_1WGCZ:TCATTTGGTCAAGTGCx-M2,Generalist_NE,0.17604605660377357,6
gex_possorted_bam_1WGCZ:TCATCCATCTAAGTCAx-M2,Generalist_NE,0.23575930188679245,12
gex_possorted_bam_1WGCZ:TCCATAAAGACTTACAx-M2,Generalist_NE,0.1398936037735849,3
gex_possorted_bam_1WGCZ:TCATTACTCGTTTCTGx-M2,Generalist_NE,0.1449430754716981,5
gex_possorted_bam_1WGCZ:TCCCTCACATTGCGGTx-M2,Generalist_nonNE,0.10941743396226415,2
gex_possorted_bam_1WGCZ:TCCTTAGTCTGCAAGTx-M2,Arc_6,0.1656941132075472,5
gex_possorted_bam_1WGCZ:TCATAACCACAGCCTGx-M2,Arc_1,0.1673137169811321,7
gex_possorted_bam_1WGCZ:TCCTTTACAAGATTCTx-M2,Arc_4,0.10927164150943396,2
gex_possorted_bam_1WGCZ:TCAGTAGGTTACTAGGx-M2,Generalist_NE,0.2914889245283019,12
gex_possorted_bam_1WGCZ:TCCTCAATCGCTAGATx-M2,Generalist_NE,0.14985758490566037,3
gex_possorted_bam_1WGCZ:TCCTCTAAGGGTGAGTx-M2,Arc_4,0.10927164150943396,2
gex_possorted_bam_1WGCZ:TCCTCACAGGGACGCAx-M2,Generalist_NE,0.14603975471698113,3
gex_possorted_bam_1WGCZ:TCAGTGAGTGTAACCAx-M2,Generalist_NE,0.1604361886792453,6
gex_possorted_bam_1WGCZ:TCCATATTCATTACTCx-M2,Generalist_NE,0.1409283962264151,3
gex_possorted_bam_1WGCZ:TCATACTTCGTTATCTx-M2,Arc_3,0.20920022641509436,9
gex_possorted_bam_1WGCZ:TCCATTGTCTGTTCATx-M2,Arc_6,0.18074841509433964,6
gex_possorted_bam_1WGCZ:TCCACAACAAGCGAGCx-M2,Arc_6,0.1739543773584906,7
gex_possorted_bam_1WGCZ:TCCAGGTCAATCCTAGx-M2,Arc_4,0.10927164150943396,2
gex_possorted_bam_1WGCZ:TCCTTTACAGGACACAx-M2,Arc_4,0.10927164150943396,2
gex_possorted_bam_1WGCZ:TCCAGGTCACATTGCAx-M2,Generalist_NE,0.12969824528301888,2
gex_possorted_bam_1WGCZ:TCCAGCAAGACAGGTAx-M2,Generalist_NE,0.2327033962264151,12
gex_possorted_bam_1WGCZ:TCATTTGGTCCTAATCx-M2,Generalist_NE,0.15640681132075474,3
gex_possorted_bam_1WGCZ:TCATTGTTCATGGCCAx-M2,Generalist_NE,0.13802333962264152,2
gex_possorted_bam_1WGCZ:TCATTGTTCTTGATGAx-M2,Generalist_NE,0.15471388679245285,5
gex_possorted_bam_1WGCZ:TCCATTGTCGATATTGx-M2,Generalist_NE,0.13602581132075472,2
gex_possorted_bam_1WGCZ:TCCTCACAGGTAGCTTx-M2,Generalist_NE,0.1409169811320755,3
gex_possorted_bam_1WGCZ:TCATCCATCAGGTCCAx-M2,Generalist_NE,0.13602581132075472,2
gex_possorted_bam_1WGCZ:TCCTTAGTCTAATCCTx-M2,Generalist_NE,0.14895420754716984,4
gex_possorted_bam_1WGCZ:TCCTAGTGTAAGGTCCx-M2,Generalist_NE,0.2023963773584906,7
gex_possorted_bam_1WGCZ:TCCGGAATCGATTATGx-M2,Generalist_NE,0.14061467924528304,3
gex_possorted_bam_1WGCZ:TCATTTGGTACCGAACx-M2,Generalist_NE,0.14061467924528304,3
gex_possorted_bam_1WGCZ:TCCTTCAAGGCATGAAx-M2,Arc_1,0.1869485849056604,5
gex_possorted_bam_1WGCZ:TCCTTTACATTGTCCTx-M2,Generalist_NE,0.1503921132075472,4
gex_possorted_bam_1WGCZ:TCATAACCAGCCTAACx-M2,Arc_5,0.1869615660377358,5
gex_possorted_bam_1WGCZ:TCATTTGGTCTTGCATx-M2,Generalist_nonNE,0.1615692075471698,7
gex_possorted_bam_1WGCZ:TCCTTTACAGGCTACTx-M2,Generalist_nonNE,0.10927164150943396,2
gex_possorted_bam_1WGCZ:TCATAACCAATTAGCTx-M2,Generalist_NE,0.1334572641509434,3
gex_possorted_bam_1WGCZ:TCCGGTAAGTATTGCAx-M2,Arc_4,0.10927164150943396,2
gex_possorted_bam_1WGCZ:TCCATAAAGGGCCACTx-M2,Arc_5,0.13365235849056606,1
gex_possorted_bam_1WGCZ:TCATTTGGTGGTGAGAx-M2,Generalist_NE,0.1349454528301887,2
gex_possorted_bam_1WGCZ:TCCTTTACACTAGCGTx-M2,Generalist_NE,0.14841662264150943,5
gex_possorted_bam_1WGCZ:TCCTGGTTCTCAATTCx-M2,Arc_1,0.15666469811320755,3
gex_possorted_bam_1WGCZ:TCCATAAAGTTAGCTAx-M2,Generalist_NE,0.13562471698113207,2
gex_possorted_bam_1WGCZ:TCATTGCGTCATGCAAx-M2,Generalist_NE,0.13103801886792452,1
gex_possorted_bam_1WGCZ:TCATGAGGTGCTAGCGx-M2,Generalist_NE,0.13504162264150946,2
gex_possorted_bam_1WGCZ:TCCTTCAAGCTTCTCAx-M2,Arc_6,0.1739543773584906,7
gex_possorted_bam_1WGCZ:TCCAGGTCAGGCTTCGx-M2,Arc_6,0.14051088679245283,3
gex_possorted_bam_1WGCZ:TCATGAGGTTTGTGGAx-M2,Generalist_NE,0.14314556603773587,3
gex_possorted_bam_1WGCZ:TCAGTGAGTTCCTGTGx-M2,Generalist_NE,0.1488152641509434,2
gex_possorted_bam_1WGCZ:TCATAACCAGCAACCTx-M2,Generalist_NE,0.34503254716981124,16
gex_possorted_bam_1WGCZ:TCCGGTAAGTAGGATGx-M2,Generalist_NE,0.13378113207547168,3
gex_possorted_bam_1WGCZ:TCCTCTAAGCCGGTACx-M2,Generalist_NE,0.14786581132075471,4
gex_possorted_bam_1WGCZ:TCATTTGGTCTATCGTx-M2,Arc_4,0.12988549056603774,2
gex_possorted_bam_1WGCZ:TCCCGTTAGTAATCCAx-M2,Generalist_nonNE,0.14624052830188677,4
gex_possorted_bam_1WGCZ:TCATGCCTCGCTAGATx-M2,Arc_5,0.14472909433962267,3
gex_possorted_bam_1WGCZ:TCCGGTAAGGCTGTGCx-M2,Arc_4,0.10927164150943396,2
gex_possorted_bam_1WGCZ:TCCTTTACATAAGCAAx-M2,Arc_6,0.1656941132075472,5
gex_possorted_bam_1WGCZ:TCCAGGATCCCTCAGTx-M2,Generalist_NE,0.1359406037735849,2
gex_possorted_bam_1WGCZ:TCATCCATCTGTAATGx-M2,Arc_6,0.15736909433962268,4
gex_possorted_bam_1WGCZ:TCCAGGATCTATTGTCx-M2,Generalist_nonNE,0.13833198113207548,3
gex_possorted_bam_1WGCZ:TCCTTGCAGTTCCTCAx-M2,Arc_4,0.1290887358490566,3
gex_possorted_bam_1WGCZ:TCCGGTAAGCAAGATGx-M2,Generalist_NE,0.14616564150943395,4
gex_possorted_bam_1WGCZ:TCATTGCGTTGCAATGx-M2,Generalist_NE,0.17082679245283022,5
gex_possorted_bam_1WGCZ:TCCCGTTAGGTAGCTTx-M2,Arc_4,0.10126513207547168,1
gex_possorted_bam_1WGCZ:TCATTGCGTTGCATCTx-M2,Generalist_nonNE,0.12297830188679247,1
gex_possorted_bam_1WGCZ:TCCTGTTCAAGTGTTTx-M2,Arc_1,0.1646768490566038,6
gex_possorted_bam_1WGCZ:TCATACTTCACAGCGCx-M2,Generalist_NE,0.14575030188679244,2
gex_possorted_bam_1WGCZ:TCCACAACAGGCCAAAx-M2,Arc_1,0.10927164150943396,2
gex_possorted_bam_1WGCZ:TCATAACCATAGGCGAx-M2,Generalist_nonNE,0.1563595471698113,5
gex_possorted_bam_1WGCZ:TCCAGCAAGGTGAAATx-M2,Generalist_NE,0.14152067924528305,4
gex_possorted_bam_1WGCZ:TCCATGCTCCTGCGAAx-M2,Generalist_NE,0.14162703773584906,2
gex_possorted_bam_1WGCZ:TCAGTGAGTAAACAAGx-M2,Generalist_NE,0.15919233962264154,3
gex_possorted_bam_1WGCZ:TCCTAGTGTTTGTGGAx-M2,Arc_1,0.1494460566037736,5
gex_possorted_bam_1WGCZ:TCATAACCAACACCTAx-M2,Generalist_NE,0.1946739056603774,7
gex_possorted_bam_1WGCZ:TCCTCAATCCGGCTAAx-M2,Arc_4,0.10927164150943396,2
gex_possorted_bam_1WGCZ:TCATAACCACATAACTx-M2,Arc_1,0.10927164150943396,2
gex_possorted_bam_1WGCZ:TCATACTTCCGCATGAx-M2,Generalist_nonNE,0.14027950943396225,3
gex_possorted_bam_1WGCZ:TCCATATTCGCTAGCAx-M2,Generalist_NE,0.15203371698113205,5
gex_possorted_bam_1WGCZ:TCATGTTTCATGAAGGx-M2,Generalist_nonNE,0.12988549056603774,2
gex_possorted_bam_1WGCZ:TCCATCATCCTGCGAAx-M2,Generalist_NE,0.131084320754717,1
gex_possorted_bam_1WGCZ:TCCATATTCTATCGCCx-M2,Arc_6,0.13988862264150945,3
gex_possorted_bam_1WGCZ:TCATGTTTCCCGCCTAx-M2,Generalist_NE,0.1912129056603774,7
gex_possorted_bam_1WGCZ:TCCTTGCAGCGCCTTTx-M2,Generalist_NE,0.1490044716981132,3
gex_possorted_bam_1WGCZ:TCATTGCGTTAGCAGCx-M2,Generalist_NE,0.17604894339622645,6
gex_possorted_bam_1WGCZ:TCCAGGTCATTAGCCAx-M2,Arc_3,0.1410220566037736,4
gex_possorted_bam_1WGCZ:TCCGCCATCTGGTCCTx-M2,Generalist_NE,0.19012781132075476,6
gex_possorted_bam_1WGCZ:TCCTGGTTCTTCAATCx-M2,Generalist_NE,0.15135307547169807,3
gex_possorted_bam_1WGCZ:TCATGAGGTGTAATACx-M2,Generalist_nonNE,0.12988549056603774,2
gex_possorted_bam_1WGCZ:TCGGTAAGTGTGTGGTx-M2,Generalist_NE,0.1609456603773585,5
gex_possorted_bam_1WGCZ:TCTACCTCATAATCACx-M2,Arc_1,0.12612530188679247,2
gex_possorted_bam_1WGCZ:TCGTTATTCTACTAAGx-M2,Generalist_NE,0.1428856603773585,3
gex_possorted_bam_1WGCZ:TCTAATCTCGTCAAGTx-M2,Arc_4,0.10927164150943396,2
gex_possorted_bam_1WGCZ:TCTAATCTCCCGTTGTx-M2,Arc_4,0.13718807547169812,4
gex_possorted_bam_1WGCZ:TCTACCTCATAGCAGGx-M2,Generalist_NE,0.1487689245283019,5
gex_possorted_bam_1WGCZ:TCTGGCTTCCCGCATTx-M2,Generalist_nonNE,0.13674224528301887,3
gex_possorted_bam_1WGCZ:TCGCATTGTATTGTGGx-M2,Generalist_NE,0.1565605471698113,6
gex_possorted_bam_1WGCZ:TCTACCTCACCTGTAAx-M2,Arc_6,0.1300302641509434,1
gex_possorted_bam_1WGCZ:TCGATTAAGACAACAGx-M2,Generalist_NE,0.13742988679245283,3
gex_possorted_bam_1WGCZ:TCGTTACGTTAGCCAAx-M2,Arc_6,0.1741217735849057,5
gex_possorted_bam_1WGCZ:TCGTTAAAGCCAGTATx-M2,Generalist_NE,0.14003077358490565,2
gex_possorted_bam_1WGCZ:TCTAGCGAGGGACCTCx-M2,Generalist_NE,0.13473954716981135,2
gex_possorted_bam_1WGCZ:TCTTAGCGTGTTGCTTx-M2,Generalist_nonNE,0.12988549056603774,2
gex_possorted_bam_1WGCZ:TCTAATCTCGAAGTGAx-M2,Generalist_NE,0.14895420754716984,4
gex_possorted_bam_1WGCZ:TCGTGCTTCATAATCGx-M2,Generalist_NE,0.14485569811320756,4
gex_possorted_bam_1WGCZ:TCGTTAAAGGATTGAGx-M2,Generalist_NE,0.14028913207547172,2
gex_possorted_bam_1WGCZ:TCTCACCAGACAACGAx-M2,Generalist_NE,0.13093422641509433,1
gex_possorted_bam_1WGCZ:TCGGTAAGTGTCACGGx-M2,Generalist_NE,0.19073260377358495,6
gex_possorted_bam_1WGCZ:TCGACAAGTGTTTGAGx-M2,Generalist_NE,0.15395673584905661,5
gex_possorted_bam_1WGCZ:TCGGTTCTCCTCAGTCx-M2,Generalist_NE,0.21382807547169813,8
gex_possorted_bam_1WGCZ:TCGTGCTTCTGGTCCTx-M2,Generalist_nonNE,0.24856322641509435,9
gex_possorted_bam_1WGCZ:TCTAATCTCATGAAGGx-M2,Generalist_NE,0.14672566037735849,2
gex_possorted_bam_1WGCZ:TCTAGCACATAGCGGAx-M2,Generalist_NE,0.1437639245283019,4
gex_possorted_bam_1WGCZ:TCTCAAGCACTAAATCx-M2,Generalist_NE,0.14051088679245283,3
gex_possorted_bam_1WGCZ:TCTAACCGTACTTAGGx-M2,Generalist_NE,0.13103801886792452,1
gex_possorted_bam_1WGCZ:TCTAGCGAGCAATAGGx-M2,Generalist_NE,0.1367069433962264,3
gex_possorted_bam_1WGCZ:TCTACCTCACCTGCCTx-M2,Arc_6,0.16206415094339624,4
gex_possorted_bam_1WGCZ:TCTCAATTCGTGCTTCx-M2,Arc_6,0.147077,4
gex_possorted_bam_1WGCZ:TCGTTAAAGTAGGATGx-M2,Generalist_NE,0.1450074528301887,4
gex_possorted_bam_1WGCZ:TCTACTAGTCACCTATx-M2,Generalist_NE,0.1476097358490566,1
gex_possorted_bam_1WGCZ:TCTAGCGAGGACACTTx-M2,Arc_6,0.1481012075471698,6
gex_possorted_bam_1WGCZ:TCTTAGTTCGGTACGCx-M2,Arc_1,0.2449120943396226,12
gex_possorted_bam_1WGCZ:TCGCGCACAAAGGCCAx-M2,Generalist_nonNE,0.1469,4
gex_possorted_bam_1WGCZ:TCGCGAGGTTGAGCCGx-M2,Generalist_nonNE,0.24078616981132073,11
gex_possorted_bam_1WGCZ:TCGTTAAAGATAGACGx-M2,Generalist_NE,0.22760975471698114,10
gex_possorted_bam_1WGCZ:TCTGGCTTCGCAACATx-M2,Arc_6,0.1461929245283019,4
gex_possorted_bam_1WGCZ:TCGCCCATCAGCTAACx-M2,Arc_4,0.11057190566037736,2
gex_possorted_bam_1WGCZ:TCGGTAAGTTAGAGCCx-M2,Generalist_NE,0.1470208679245283,4
gex_possorted_bam_1WGCZ:TCGTTACGTAGTTAACx-M2,Generalist_nonNE,0.13257669811320755,4
gex_possorted_bam_1WGCZ:TCTCAATTCGCTAAACx-M2,Arc_1,0.11138679245283017,3
gex_possorted_bam_1WGCZ:TCTCGCCCAGGCTACTx-M2,Arc_6,0.18069098113207552,5
gex_possorted_bam_1WGCZ:TCTCCTCGTGAGCGAAx-M2,Generalist_NE,0.13906849056603773,1
gex_possorted_bam_1WGCZ:TCTGTGACAGGAAGCCx-M2,Generalist_NE,0.1367069433962264,3
gex_possorted_bam_1WGCZ:TCGTTAAAGAGGAGTCx-M2,Generalist_NE,0.13365235849056606,1
gex_possorted_bam_1WGCZ:TCTCACCAGTGAACGAx-M2,Arc_6,0.13896983018867926,3
gex_possorted_bam_1WGCZ:TCGTCAACACATTAACx-M2,Arc_5,0.2132858490566038,10
gex_possorted_bam_1WGCZ:TCTAACCGTGAGGTAGx-M2,Generalist_NE,0.14000490566037738,3
gex_possorted_bam_1WGCZ:TCTAACTTCGCATTAAx-M2,Generalist_NE,0.14096398113207548,4
gex_possorted_bam_1WGCZ:TCTTCAAGTCGTAAATx-M2,Generalist_NE,0.13802333962264152,2
gex_possorted_bam_1WGCZ:TCTAGCGAGTAGCGGGx-M2,Generalist_NE,0.14317532075471698,3
gex_possorted_bam_1WGCZ:TCTCAAGCAAGGCCAAx-M2,Generalist_NE,0.15514950943396225,4
gex_possorted_bam_1WGCZ:TCTAATCTCGATTCTTx-M2,Generalist_NE,0.134913320754717,2
gex_possorted_bam_1WGCZ:TCGGTTACAAGGGTTGx-M2,Generalist_nonNE,0.12713516981132075,4
gex_possorted_bam_1WGCZ:TCGACAAGTATTCGTCx-M2,Generalist_NE,0.14949952830188679,3
gex_possorted_bam_1WGCZ:TCTACCTCAGGGAGCTx-M2,Arc_4,0.1343020566037736,3
gex_possorted_bam_1WGCZ:TCTCACCAGAGAGGAGx-M2,Generalist_NE,0.1704618301886793,6
gex_possorted_bam_1WGCZ:TCGGTTCTCATCCTCAx-M2,Generalist_NE,0.2505233396226415,13
gex_possorted_bam_1WGCZ:TCTTAGCGTGTAATACx-M2,Arc_1,0.18627875471698113,3
gex_possorted_bam_1WGCZ:TCGTTACGTGGTTCTTx-M2,Generalist_NE,0.14892783018867928,4
gex_possorted_bam_1WGCZ:TCTACCTCAGGAACATx-M2,Generalist_NE,0.21314005660377355,10
gex_possorted_bam_1WGCZ:TCTAGCCTCGCGACACx-M2,Generalist_NE,0.1377821886792453,3
gex_possorted_bam_1WGCZ:TCTACTAGTAAGGTTTx-M2,Generalist_NE,0.1503921132075472,4
gex_possorted_bam_1WGCZ:TCGTTAAAGGGCCACTx-M2,Generalist_nonNE,0.10927164150943396,2
gex_possorted_bam_1WGCZ:TCTGTGACAACAGCCTx-M2,Generalist_NE,0.134913320754717,2
gex_possorted_bam_1WGCZ:TCGACAAGTGTTTGCTx-M2,Generalist_NE,0.19488162264150946,5
gex_possorted_bam_1WGCZ:TCGTTACGTTGAAGCCx-M2,Generalist_NE,0.13459315094339622,2
gex_possorted_bam_1WGCZ:TCTTAGCGTGTTGTGAx-M2,Generalist_NE,0.13901996226415095,5
gex_possorted_bam_1WGCZ:TCTCACCAGCGAGGTGx-M2,Generalist_NE,0.13365235849056606,1
gex_possorted_bam_1WGCZ:TCGCCCATCCCGAAGCx-M2,Generalist_nonNE,0.12988549056603774,2
gex_possorted_bam_1WGCZ:TCGTTATTCCCGAACAx-M2,Generalist_NE,0.1805825094339623,9
gex_possorted_bam_1WGCZ:TCTTAGTTCAGCCAATx-M2,Generalist_NE,0.16689483018867932,3
gex_possorted_bam_1WGCZ:TCTCGCCCATCACTTCx-M2,Generalist_nonNE,0.13257669811320755,4
gex_possorted_bam_1WGCZ:TCTCAATTCTGGTCCTx-M2,Generalist_NE,0.13562471698113207,2
gex_possorted_bam_1WGCZ:TCTAAGGGTTGCAATGx-M2,Generalist_NE,0.1430467169811321,4
gex_possorted_bam_1WGCZ:TCTACCTCAGCTACGTx-M2,Generalist_NE,0.13706105660377357,1
gex_possorted_bam_1WGCZ:TCGGTAAGTATTTGGGx-M2,Generalist_NE,0.15736909433962268,4
gex_possorted_bam_1WGCZ:TCTCAATTCTCCATATx-M2,Arc_6,0.134913320754717,2
gex_possorted_bam_1WGCZ:TCGTCAACAGTTTGGCx-M2,Arc_4,0.12813832075471698,2
gex_possorted_bam_1WGCZ:TCGTTAAAGGTACCGCx-M2,Generalist_nonNE,0.10927164150943396,2
gex_possorted_bam_1WGCZ:TGACCTTGTAATCGTGx-M2,Generalist_NE,0.190953,6
gex_possorted_bam_1WGCZ:TGATCAGGTGGTGAGAx-M2,Arc_5,0.1631947924528302,4
gex_possorted_bam_1WGCZ:TGAACAACAGTAGCCTx-M2,Arc_4,0.11057190566037736,2
gex_possorted_bam_1WGCZ:TCTTGACGTAATCGTGx-M2,Generalist_NE,0.20501792452830192,8
gex_possorted_bam_1WGCZ:TGAGTTTCAACTAGAAx-M2,Generalist_NE,0.14669579245283018,3
gex_possorted_bam_1WGCZ:TGATGACTCGGGCCATx-M2,Generalist_NE,0.16600501886792451,3
gex_possorted_bam_1WGCZ:TGATCAGGTCCCGGAAx-M2,Generalist_NE,0.19859415094339625,7
gex_possorted_bam_1WGCZ:TGAGGAGGTGGAAGGCx-M2,Arc_1,0.24574716981132075,9
gex_possorted_bam_1WGCZ:TGACTTCGTTAGGTGCx-M2,Generalist_nonNE,0.13538569811320755,4
gex_possorted_bam_1WGCZ:TGAGCACGTGAGCGAAx-M2,Generalist_NE,0.23973886792452828,7
gex_possorted_bam_1WGCZ:TGATGAACATAATTGCx-M2,Generalist_NE,0.16929813207547173,4
gex_possorted_bam_1WGCZ:TGAGGGCCATCAGTATx-M2,Generalist_NE,0.19606415094339624,5
gex_possorted_bam_1WGCZ:TGACTTAAGCTAAAGGx-M2,Generalist_nonNE,0.10927164150943396,2
gex_possorted_bam_1WGCZ:TGAGTTTCAACACCTAx-M2,Generalist_nonNE,0.14045162264150943,4
gex_possorted_bam_1WGCZ:TGAACAACATTGTGATx-M2,Generalist_NE,0.14509528301886793,1
gex_possorted_bam_1WGCZ:TGAAGTGAGGTCCAATx-M2,Generalist_NE,0.1730410566037736,5
gex_possorted_bam_1WGCZ:TGACCAAGTTCATTTGx-M2,Arc_5,0.1477474528301887,5
gex_possorted_bam_1WGCZ:TGAACAGAGTAACAGGx-M2,Arc_1,0.12249398113207548,3
gex_possorted_bam_1WGCZ:TGAGGCACAGGCCTTGx-M2,Generalist_NE,0.17736286792452835,7
gex_possorted_bam_1WGCZ:TGAGGGCCATTGTGATx-M2,Arc_3,0.17448522641509437,7
gex_possorted_bam_1WGCZ:TGAGTGAAGCCTGTGAx-M2,Arc_1,0.31780590566037736,12
gex_possorted_bam_1WGCZ:TGATCAATCGTTACTTx-M2,Generalist_NE,0.14492739622641512,5
gex_possorted_bam_1WGCZ:TGAGAACCATTAAGCTx-M2,Generalist_NE,0.15633966037735852,3
gex_possorted_bam_1WGCZ:TGAAGCAAGCACAGAAx-M2,Generalist_nonNE,0.15266769811320755,4
gex_possorted_bam_1WGCZ:TGACTTAAGGTAACGAx-M2,Arc_1,0.1374266037735849,2
gex_possorted_bam_1WGCZ:TGAGAACCAATAATCCx-M2,Generalist_NE,0.13093422641509433,1
gex_possorted_bam_1WGCZ:TGAAGCAAGTTATCCTx-M2,Generalist_nonNE,0.13257669811320755,4
gex_possorted_bam_1WGCZ:TGAGGGCCAATTGAGAx-M2,Generalist_NE,0.2635067735849057,10
gex_possorted_bam_1WGCZ:TCTTGTCCAATCTCTCx-M2,Generalist_nonNE,0.10126513207547168,1
gex_possorted_bam_1WGCZ:TGAAGGATCCCTCAGTx-M2,Generalist_NE,0.1415412075471698,4
gex_possorted_bam_1WGCZ:TGACTCCTCTCACTATx-M2,Arc_4,0.12988549056603774,2
gex_possorted_bam_1WGCZ:TGAGCAAAGCACTAACx-M2,Generalist_NE,0.15147888679245283,3
gex_possorted_bam_1WGCZ:TGAGGGCCATAGCTGCx-M2,Generalist_NE,0.1316233396226415,2
gex_possorted_bam_1WGCZ:TGAGGCACAAGGTCGAx-M2,Generalist_NE,0.2547207169811321,10
gex_possorted_bam_1WGCZ:TGAGCTTAGTGAGAGCx-M2,Generalist_NE,0.134913320754717,2
gex_possorted_bam_1WGCZ:TGATGACTCAGGATGAx-M2,Generalist_NE,0.13268069811320754,1
gex_possorted_bam_1WGCZ:TGAGGAGGTGCTAGACx-M2,Arc_1,0.1493546981132076,5
gex_possorted_bam_1WGCZ:TGAGTGAAGCTTAGCGx-M2,Generalist_NE,0.16323166037735845,4
gex_possorted_bam_1WGCZ:TGAAGTGAGTTATGGCx-M2,Generalist_nonNE,0.2769001509433962,14
gex_possorted_bam_1WGCZ:TGATCAGGTCCTCCAAx-M2,Generalist_NE,0.13479703773584906,2
gex_possorted_bam_1WGCZ:TGAAGGATCAATTGGCx-M2,Generalist_nonNE,0.14269571698113206,5
gex_possorted_bam_1WGCZ:TCTTTGTAGGTAAGGCx-M2,Generalist_NE,0.1309805283018868,1
gex_possorted_bam_1WGCZ:TGAAGGATCCTGTTCAx-M2,Generalist_nonNE,0.12879743396226415,3
gex_possorted_bam_1WGCZ:TGATCACAGTAACAGGx-M2,Arc_5,0.18190326415094338,8
gex_possorted_bam_1WGCZ:TGAACAGAGTATCGCGx-M2,Generalist_NE,0.18416220754716983,8
gex_possorted_bam_1WGCZ:TGAGGCACAATAGCAAx-M2,Generalist_NE,0.23758066037735853,12
gex_possorted_bam_1WGCZ:TCTTTGTAGCGAAGTAx-M2,Generalist_NE,0.3043582830188679,13
gex_possorted_bam_1WGCZ:TGATGAACATGGTTATx-M2,Generalist_NE,0.2807927735849056,10
gex_possorted_bam_1WGCZ:TGAACAGAGGTCAAAGx-M2,Generalist_NE,0.15634283018867928,3
gex_possorted_bam_1WGCZ:TGAGGAGGTTGCACGGx-M2,Generalist_NE,0.1421449245283019,4
gex_possorted_bam_1WGCZ:TGAAACTGTAAGGTCCx-M2,Generalist_NE,0.13469324528301888,2
gex_possorted_bam_1WGCZ:TGAACAGAGAGGAGGAx-M2,Generalist_NE,0.16548558490566037,3
gex_possorted_bam_1WGCZ:TGATGACTCCGGTTGAx-M2,Arc_2,0.12988549056603774,2
gex_possorted_bam_1WGCZ:TGACCAAGTAGCAGCTx-M2,Generalist_NE,0.15784356603773586,6
gex_possorted_bam_1WGCZ:TGACTTCGTTGAGCCGx-M2,Arc_6,0.16206415094339624,4
gex_possorted_bam_1WGCZ:TGAGTTTCACAATGCCx-M2,Generalist_NE,0.14051088679245283,3
gex_possorted_bam_1WGCZ:TGATGACTCCTACCTAx-M2,Generalist_NE,0.14560247169811322,4
gex_possorted_bam_1WGCZ:TGAGCACGTCTTACTAx-M2,Arc_4,0.10927164150943396,2
gex_possorted_bam_1WGCZ:TGATCAATCAATGTGCx-M2,Generalist_nonNE,0.10927164150943396,2
gex_possorted_bam_1WGCZ:TCTTGTCCAGCACGTTx-M2,Arc_5,0.14075200000000002,3
gex_possorted_bam_1WGCZ:TGATCGAGTCCCGGAAx-M2,Generalist_nonNE,0.10927164150943396,2
gex_possorted_bam_1WGCZ:TGAACAGAGGTTTGACx-M2,Arc_2,0.12988549056603774,2
gex_possorted_bam_1WGCZ:TGAAGCAAGGCGCACTx-M2,Generalist_NE,0.14493469811320756,3
gex_possorted_bam_1WGCZ:TGAAGGATCATGACCGx-M2,Generalist_NE,0.13742988679245283,3
gex_possorted_bam_1WGCZ:TGATCGAGTTCGCTTGx-M2,Generalist_NE,0.22842894339622644,11
gex_possorted_bam_1WGCZ:TGAGTGAAGCTTTGGGx-M2,Generalist_NE,0.14010869811320756,3
gex_possorted_bam_1WGCZ:TCTTGTCCATGGCCTGx-M2,Generalist_NE,0.1327701132075472,2
gex_possorted_bam_1WGCZ:TGAGGTGCAAGGAATCx-M2,Arc_6,0.14051088679245283,3
gex_possorted_bam_1WGCZ:TGAGGAGGTGCTAGCGx-M2,Generalist_nonNE,0.1492386603773585,5
gex_possorted_bam_1WGCZ:TGACCAAGTTTAACCCx-M2,Generalist_NE,0.13459315094339622,2
gex_possorted_bam_1WGCZ:TGATCAATCGCAAACTx-M2,Generalist_NE,0.1404025849056604,3
gex_possorted_bam_1WGCZ:TGAACAGAGCTCATAAx-M2,Generalist_nonNE,0.12263977358490566,3
gex_possorted_bam_1WGCZ:TGACTTCGTGGAGCAAx-M2,Generalist_NE,0.15009932075471702,2
gex_possorted_bam_1WGCZ:TCTTGTCCATCCCTCAx-M2,Arc_4,0.10927164150943396,2
gex_possorted_bam_1WGCZ:TGAGGAGGTGATCATGx-M2,Arc_1,0.13412032075471697,1
gex_possorted_bam_1WGCZ:TGACTTCGTTAGGCGTx-M2,Generalist_NE,0.19466883018867923,6
gex_possorted_bam_1WGCZ:TGAACAGAGGTAACGAx-M2,Generalist_NE,0.15442649056603774,4
gex_possorted_bam_1WGCZ:TGACTTCGTTTGGGTAx-M2,Generalist_NE,0.14456777358490566,2
gex_possorted_bam_1WGCZ:TGATCAGGTGTTGCTTx-M2,Arc_1,0.1543468679245283,2
gex_possorted_bam_1WGCZ:TGAGTTTCAGTTATGTx-M2,Generalist_NE,0.20178994339622647,5
gex_possorted_bam_1WGCZ:TGAACAGAGGTGTTACx-M2,Generalist_NE,0.14756175471698113,6
gex_possorted_bam_1WGCZ:TGATGAACAGGTTTGCx-M2,Generalist_NE,0.1300302641509434,1
gex_possorted_bam_1WGCZ:TGAAACTGTGCAATGCx-M2,Arc_1,0.39371483018867925,18
gex_possorted_bam_1WGCZ:TGACCTTGTTAGGATTx-M2,Generalist_nonNE,0.14027950943396225,3
gex_possorted_bam_1WGCZ:TGAGTGAAGCACAGAAx-M2,Generalist_nonNE,0.10927164150943396,2
gex_possorted_bam_1WGCZ:TGAAGGATCTAACTGAx-M2,Arc_4,0.12249398113207548,3
gex_possorted_bam_1WGCZ:TGACTTCGTAGTTGGCx-M2,Arc_4,0.1385495283018868,2
gex_possorted_bam_1WGCZ:TGAGCTTAGTAAGGGCx-M2,Generalist_NE,0.24020650943396227,7
gex_possorted_bam_1WGCZ:TGAGCTTAGTCTCACCx-M2,Arc_6,0.20898030188679245,8
gex_possorted_bam_1WGCZ:TGATGACTCAGTGAAGx-M2,Generalist_NE,0.16444654716981133,5
gex_possorted_bam_1WGCZ:TGAGTGAAGGCCCAGTx-M2,Generalist_nonNE,0.12879743396226415,3
gex_possorted_bam_1WGCZ:TGCCATTGTAATCGCAx-M2,Generalist_NE,0.13355290566037736,2
gex_possorted_bam_1WGCZ:TGCTTCCAGGACCTCAx-M2,Arc_6,0.14000490566037738,3
gex_possorted_bam_1WGCZ:TGCTCCGTCGCACACAx-M2,Generalist_NE,0.22842894339622644,11
gex_possorted_bam_1WGCZ:TGGACAAAGACAACGAx-M2,Generalist_NE,0.13840643396226415,3
gex_possorted_bam_1WGCZ:TGCTTCATCCAATTAGx-M2,Generalist_nonNE,0.10927164150943396,2
gex_possorted_bam_1WGCZ:TGCTAACAGACAACAGx-M2,Generalist_NE,0.14000490566037738,3
gex_possorted_bam_1WGCZ:TGCTCCGTCGGGACCTx-M2,Generalist_NE,0.16069832075471702,6
gex_possorted_bam_1WGCZ:TGCTATGCAATTAGGAx-M2,Generalist_NE,0.1347043396226415,2
gex_possorted_bam_1WGCZ:TGCTATGCAATGAAGCx-M2,Arc_6,0.13501711320754717,2
gex_possorted_bam_1WGCZ:TGCTCACTCCATTACTx-M2,Generalist_NE,0.14003077358490565,2
gex_possorted_bam_1WGCZ:TGGACTAGTCTATCGTx-M2,Generalist_NE,0.164817320754717,3
gex_possorted_bam_1WGCZ:TGGCCAATCTAAATCGx-M2,Arc_6,0.17916250943396228,5
gex_possorted_bam_1WGCZ:TGATGATGTTACTTGCx-M2,Arc_5,0.14286562264150945,3
gex_possorted_bam_1WGCZ:TGCGGTTCATCCATCTx-M2,Generalist_NE,0.17496764150943397,7
gex_possorted_bam_1WGCZ:TGCCATTGTCCGCTGTx-M2,Generalist_NE,0.14386067924528304,4
gex_possorted_bam_1WGCZ:TGCTTCCAGCAATAGGx-M2,Generalist_nonNE,0.10927164150943396,2
gex_possorted_bam_1WGCZ:TGCTTGCTCACGAATCx-M2,Generalist_NE,0.1920351698113208,7
gex_possorted_bam_1WGCZ:TGCTGGATCTGTAAGCx-M2,Generalist_NE,0.19939954716981134,6
gex_possorted_bam_1WGCZ:TGCTTGCTCATCCTATx-M2,Arc_5,0.1309805283018868,1
gex_possorted_bam_1WGCZ:TGCTGGATCTCACAAAx-M2,Arc_6,0.13706105660377357,1
gex_possorted_bam_1WGCZ:TGCATGAGTAAGCACCx-M2,Generalist_nonNE,0.1469,4
gex_possorted_bam_1WGCZ:TGCAATATCCAGGTCAx-M2,Arc_4,0.10927164150943396,2
gex_possorted_bam_1WGCZ:TGATTCAAGTAACGGAx-M2,Generalist_NE,0.1869615660377358,5
gex_possorted_bam_1WGCZ:TGATTGCAGACTATTGx-M2,Generalist_NE,0.14658090566037735,3
gex_possorted_bam_1WGCZ:TGCTTAAAGCAAGGGTx-M2,Generalist_NE,0.1437639245283019,4
gex_possorted_bam_1WGCZ:TGCTCACTCTAGCTTTx-M2,Arc_4,0.13833198113207548,3
gex_possorted_bam_1WGCZ:TGCACTTGTTATCCGTx-M2,Generalist_NE,0.21292975471698114,6
gex_possorted_bam_1WGCZ:TGCTAACAGGAGGTTAx-M2,Generalist_NE,0.15634283018867928,3
gex_possorted_bam_1WGCZ:TGGATTCAGTAACTCAx-M2,Arc_6,0.14570626415094343,4
gex_possorted_bam_1WGCZ:TGCTCTCAGCCTCTCGx-M2,Generalist_NE,0.14560247169811322,4
gex_possorted_bam_1WGCZ:TGGATTCAGGAGTAATx-M2,Generalist_NE,0.17298654716981135,4
gex_possorted_bam_1WGCZ:TGCTTTAGTGACATGCx-M2,Generalist_nonNE,0.12470732075471698,2
gex_possorted_bam_1WGCZ:TGGATTGGTCACCAAAx-M2,Arc_5,0.1599543962264151,5
gex_possorted_bam_1WGCZ:TGGACGGAGTCATGCGx-M2,Arc_4,0.10126513207547168,1
gex_possorted_bam_1WGCZ:TGGACTAGTTACATCCx-M2,Generalist_NE,0.1434991886792453,3
gex_possorted_bam_1WGCZ:TGCACCTTCCCTGTTAx-M2,Generalist_NE,0.1334572641509434,3
gex_possorted_bam_1WGCZ:TGCATCCTCCTAATTCx-M2,Arc_6,0.13859862264150943,3
gex_possorted_bam_1WGCZ:TGCTTGCTCGGGATTTx-M2,Arc_4,0.10927164150943396,2
gex_possorted_bam_1WGCZ:TGGACGGAGAGGCTAAx-M2,Generalist_NE,0.13241781132075472,2
gex_possorted_bam_1WGCZ:TGGACAAAGGCATGAAx-M2,Arc_6,0.15189256603773582,4
gex_possorted_bam_1WGCZ:TGCTTGTGTACGGTACx-M2,Generalist_NE,0.14051088679245283,3
gex_possorted_bam_1WGCZ:TGGACCGGTTAGTACGx-M2,Generalist_NE,0.13706105660377357,1
gex_possorted_bam_1WGCZ:TGCAGGCTCCAAGTTAx-M2,Arc_3,0.1804384339622642,7
gex_possorted_bam_1WGCZ:TGGAACAAGTGTTGCGx-M2,Generalist_NE,0.128118,1
gex_possorted_bam_1WGCZ:TGCACTTGTGTTAAACx-M2,Generalist_NE,0.13753716981132075,3
gex_possorted_bam_1WGCZ:TGCGGTTCAGTTATGTx-M2,Generalist_NE,0.1357141320754717,3
gex_possorted_bam_1WGCZ:TGCTAACAGGCCTGGTx-M2,Arc_1,0.20354573584905658,5
gex_possorted_bam_1WGCZ:TGCACCTTCCTAAGGTx-M2,Generalist_NE,0.14702413207547171,4
gex_possorted_bam_1WGCZ:TGCCATTGTTAAATGCx-M2,Generalist_NE,0.14498616981132076,3
gex_possorted_bam_1WGCZ:TGCCATTGTGATGAAAx-M2,Arc_4,0.12171228301886793,1
gex_possorted_bam_1WGCZ:TGCAGGCTCGATTTGAx-M2,Arc_4,0.12249398113207548,3
gex_possorted_bam_1WGCZ:TGCTTCATCCTTAGGGx-M2,Generalist_NE,0.134913320754717,2
gex_possorted_bam_1WGCZ:TGCCGGTAGTCACCAGx-M2,Generalist_NE,0.13536664150943398,3
gex_possorted_bam_1WGCZ:TGCAGGCTCACAGGAAx-M2,Arc_5,0.15752535849056606,3
gex_possorted_bam_1WGCZ:TGGAACAAGGACGTAAx-M2,Generalist_NE,0.22870775471698113,11
gex_possorted_bam_1WGCZ:TGCGATTAGTTTGGTAx-M2,Generalist_NE,0.13013405660377358,1
gex_possorted_bam_1WGCZ:TGCTCAACAAGGTGCAx-M2,Generalist_NE,0.1327701132075472,2
gex_possorted_bam_1WGCZ:TGGACTAGTGAGGTGAx-M2,Generalist_NE,0.12969824528301888,2
gex_possorted_bam_1WGCZ:TGCTTGTGTAATTAGCx-M2,Generalist_nonNE,0.16043052830188675,4
gex_possorted_bam_1WGCZ:TGGACAAAGTATTGCAx-M2,Generalist_NE,0.15736909433962268,4
gex_possorted_bam_1WGCZ:TGATTAGTCATGGTTAx-M2,Generalist_NE,0.14603975471698113,3
gex_possorted_bam_1WGCZ:TGCACACCAATGCGCTx-M2,Generalist_NE,0.13822435849056605,3
gex_possorted_bam_1WGCZ:TGGCCAATCATGCAACx-M2,Arc_3,0.35066447169811316,16
gex_possorted_bam_1WGCZ:TGCTTGTGTGAGGTGAx-M2,Arc_5,0.1374266037735849,2
gex_possorted_bam_1WGCZ:TGCGCGAGTTTGAGCAx-M2,Generalist_nonNE,0.10927164150943396,2
gex_possorted_bam_1WGCZ:TGCATCCTCACAGCGCx-M2,Generalist_NE,0.14273866037735847,3
gex_possorted_bam_1WGCZ:TGCATGAGTGTTCCCAx-M2,Arc_1,0.12249398113207548,3
gex_possorted_bam_1WGCZ:TGCAAGCGTAATTAGCx-M2,Generalist_NE,0.2314037169811321,11
gex_possorted_bam_1WGCZ:TGCCTGTTCGGGCCATx-M2,Generalist_NE,0.14051088679245283,3
gex_possorted_bam_1WGCZ:TGATTAGTCTCACTCAx-M2,Arc_4,0.12249398113207548,3
gex_possorted_bam_1WGCZ:TGGATTGGTAGCTGCGx-M2,Arc_1,0.1754208301886792,7
gex_possorted_bam_1WGCZ:TGCAGGCTCTAACTGAx-M2,Arc_1,0.16128905660377355,6
gex_possorted_bam_1WGCZ:TGGACCGGTCACCAAAx-M2,Generalist_NE,0.15736909433962268,4
gex_possorted_bam_1WGCZ:TGCAATATCATGCATAx-M2,Generalist_NE,0.14539975471698113,4
gex_possorted_bam_1WGCZ:TGATTAGTCGGGCCATx-M2,Arc_2,0.12988549056603774,2
gex_possorted_bam_1WGCZ:TGATTAGTCGACAAAGx-M2,Generalist_NE,0.15890211320754716,4
gex_possorted_bam_1WGCZ:TGCGCAGGTCAATACGx-M2,Arc_1,0.12297830188679247,1
gex_possorted_bam_1WGCZ:TGATTGCAGTAACTCAx-M2,Generalist_nonNE,0.12613454716981132,2
gex_possorted_bam_1WGCZ:TGCTAACAGCTGTCAGx-M2,Arc_6,0.150003320754717,4
gex_possorted_bam_1WGCZ:TGGACAAAGCGTGCGTx-M2,Arc_2,0.15837015094339618,4
gex_possorted_bam_1WGCZ:TGGACCGGTGATCATGx-M2,Generalist_NE,0.21148809433962265,9
gex_possorted_bam_1WGCZ:TGCTCCGTCTGTGCCTx-M2,Generalist_NE,0.1643602641509434,2
gex_possorted_bam_1WGCZ:TGTAAGTGTGGAGCAAx-M2,Generalist_NE,0.1503999245283019,5
gex_possorted_bam_1WGCZ:TGGTTAATCACTTTACx-M2,Generalist_NE,0.12969824528301888,2
gex_possorted_bam_1WGCZ:TGTGCAAGTTTGGGCGx-M2,Generalist_NE,0.15754811320754716,5
gex_possorted_bam_1WGCZ:TGTAACTCAGAGGGAGx-M2,Arc_5,0.1354253396226415,1
gex_possorted_bam_1WGCZ:TGGCTAAGTTAAGCGCx-M2,Arc_1,0.12700635849056605,2
gex_possorted_bam_1WGCZ:TGTCATAAGTGGCGGAx-M2,Arc_1,0.16605454716981133,4
gex_possorted_bam_1WGCZ:TGGTGATTCCACCTTAx-M2,Generalist_NE,0.14780116981132074,4
gex_possorted_bam_1WGCZ:TGTCCTGGTCATGCAAx-M2,Generalist_nonNE,0.10927164150943396,2
gex_possorted_bam_1WGCZ:TGTAACTCAGTTAGCCx-M2,Generalist_NE,0.134913320754717,2
gex_possorted_bam_1WGCZ:TGTATCGCACAGAACGx-M2,Arc_6,0.1899843396226415,8
gex_possorted_bam_1WGCZ:TGTCAGTAGGTGCGGAx-M2,Arc_3,0.21367954716981127,9
gex_possorted_bam_1WGCZ:TGTCCTGGTGGACATCx-M2,Generalist_NE,0.14426990566037737,4
gex_possorted_bam_1WGCZ:TGTATCCGTGGAAACGx-M2,Generalist_NE,0.14072620754716983,4
gex_possorted_bam_1WGCZ:TGGCCTTTCTCTAGCCx-M2,Generalist_NE,0.14511858490566037,3
gex_possorted_bam_1WGCZ:TGGGCCTAGGAGTCTTx-M2,Generalist_NE,0.1339245471698113,2
gex_possorted_bam_1WGCZ:TGGTGCATCTATGACAx-M2,Generalist_NE,0.1675507358490566,5
gex_possorted_bam_1WGCZ:TGTGAAACAGAACCGAx-M2,Arc_6,0.1485907735849057,4
gex_possorted_bam_1WGCZ:TGGTTAATCATTCATCx-M2,Arc_3,0.22830545283018872,9
gex_possorted_bam_1WGCZ:TGGCCTTTCCGTCCATx-M2,Generalist_NE,0.13268069811320754,1
gex_possorted_bam_1WGCZ:TGTAAGTGTACCAGGTx-M2,Generalist_NE,0.13835216981132076,3
gex_possorted_bam_1WGCZ:TGGTCAAGTTCGCTCAx-M2,Generalist_NE,0.1472582075471698,4
gex_possorted_bam_1WGCZ:TGGGCCTAGAAGGTGCx-M2,Arc_6,0.17476256603773588,5
gex_possorted_bam_1WGCZ:TGTCCTGGTCTCAGCCx-M2,Generalist_NE,0.19148843396226414,8
gex_possorted_bam_1WGCZ:TGGCTAAGTAGGATTTx-M2,Generalist_NE,0.1308247358490566,1
gex_possorted_bam_1WGCZ:TGGTGATTCGGCTAGCx-M2,Generalist_NE,0.1358513962264151,4
gex_possorted_bam_1WGCZ:TGTCATAAGGCGAATAx-M2,Arc_5,0.16548558490566037,3
gex_possorted_bam_1WGCZ:TGGCCTTTCCTAGTAAx-M2,Generalist_NE,0.134913320754717,2
gex_possorted_bam_1WGCZ:TGTAAAGCACCGGTATx-M2,Generalist_nonNE,0.13833198113207548,3
gex_possorted_bam_1WGCZ:TGGCTATAGCAGGTTTx-M2,Generalist_nonNE,0.10927164150943396,2
gex_possorted_bam_1WGCZ:TGTAAAGCAGTGAACGx-M2,Generalist_NE,0.16886279245283023,6
gex_possorted_bam_1WGCZ:TGTAAGCTCACGCATGx-M2,Arc_1,0.24462801886792446,12
gex_possorted_bam_1WGCZ:TGTCCTGGTTAGTTGGx-M2,Arc_4,0.10126513207547168,1
gex_possorted_bam_1WGCZ:TGTATCGCAATAAGCAx-M2,Generalist_nonNE,0.12297830188679247,1
gex_possorted_bam_1WGCZ:TGTCAGTAGGCTACATx-M2,Generalist_NE,0.16131122641509435,7
gex_possorted_bam_1WGCZ:TGTGAAACAAGGATTAx-M2,Generalist_NE,0.16886279245283023,6
gex_possorted_bam_1WGCZ:TGGCTATAGCCGCTTTx-M2,Generalist_nonNE,0.12988549056603774,2
gex_possorted_bam_1WGCZ:TGTCATAAGTGACCTGx-M2,Generalist_NE,0.13706105660377357,1
gex_possorted_bam_1WGCZ:TGTGAAACACTATGGCx-M2,Generalist_NE,0.21148809433962265,9
gex_possorted_bam_1WGCZ:TGTAAGCTCATGCCTCx-M2,Generalist_NE,0.15385760377358487,3
gex_possorted_bam_1WGCZ:TGTAACTCAAGCCACTx-M2,Generalist_NE,0.1349454528301887,2
gex_possorted_bam_1WGCZ:TGTAACTCATGGCCCAx-M2,Generalist_NE,0.16997486792452834,4
gex_possorted_bam_1WGCZ:TGGCTATAGTCAGTACx-M2,Arc_4,0.10927164150943396,2
gex_possorted_bam_1WGCZ:TGGCTAAGTTTGGCTTx-M2,Generalist_NE,0.1427676603773585,5
gex_possorted_bam_1WGCZ:TGGTTCCTCCTAATGAx-M2,Arc_6,0.17073128301886797,5
gex_possorted_bam_1WGCZ:TGTGCGCAGGCCAATTx-M2,Arc_6,0.13187701886792455,2
gex_possorted_bam_1WGCZ:TGGCCATCAAACTCATx-M2,Arc_3,0.2020904339622642,6
gex_possorted_bam_1WGCZ:TGTCCTTCAGGGAGGAx-M2,Generalist_NE,0.1316233396226415,2
gex_possorted_bam_1WGCZ:TGTAAGTGTCCGTGAGx-M2,Generalist_NE,0.17579467924528305,7
gex_possorted_bam_1WGCZ:TGGCCATCAAATACCTx-M2,Generalist_NE,0.1339245471698113,2
gex_possorted_bam_1WGCZ:TGGCCTTTCTAATCTCx-M2,Generalist_NE,0.13197564150943397,2
gex_possorted_bam_1WGCZ:TGGTCAAGTGCTCCGTx-M2,Generalist_NE,0.16169160377358488,5
gex_possorted_bam_1WGCZ:TGGCCTTTCTACTAAGx-M2,Generalist_NE,0.20675601886792452,6
gex_possorted_bam_1WGCZ:TGGGCATGTTAGTTGGx-M2,Generalist_NE,0.1349454528301887,2
gex_possorted_bam_1WGCZ:TGTAATGTCTCCATGCx-M2,Arc_4,0.12233254716981132,3
gex_possorted_bam_1WGCZ:TGGTGCATCGCCTAAGx-M2,Generalist_NE,0.13459315094339622,2
gex_possorted_bam_1WGCZ:TGGTTCTGTTCCAGGGx-M2,Generalist_NE,0.17434403773584903,5
gex_possorted_bam_1WGCZ:TGGCCATCAAAGCTAAx-M2,Generalist_nonNE,0.10126513207547168,1
gex_possorted_bam_1WGCZ:TGTATCCGTCCAAGACx-M2,Generalist_NE,0.1622015660377359,4
gex_possorted_bam_1WGCZ:TGGGCATGTATTACCCx-M2,Generalist_NE,0.14472909433962267,3
gex_possorted_bam_1WGCZ:TGGTTGAGTCTCACTGx-M2,Generalist_NE,0.13501711320754717,2
gex_possorted_bam_1WGCZ:TGGTCAGTCACGCCAAx-M2,Arc_5,0.1385766603773585,3
gex_possorted_bam_1WGCZ:TGGTCATAGGAGCATAx-M2,Generalist_NE,0.14403232075471697,3
gex_possorted_bam_1WGCZ:TGGGCCTAGGCCAATTx-M2,Arc_6,0.16243075471698112,6
gex_possorted_bam_1WGCZ:TGGTGATTCCATAATGx-M2,Generalist_NE,0.15609484905660378,5
gex_possorted_bam_1WGCZ:TGTAATGTCCTCACACx-M2,Generalist_NE,0.14602222641509432,5
gex_possorted_bam_1WGCZ:TGGTTGAGTCAAGTGCx-M2,Generalist_NE,0.17180373584905662,3
gex_possorted_bam_1WGCZ:TGTCATAAGTGAACGAx-M2,Generalist_NE,0.128118,1
gex_possorted_bam_1WGCZ:TGGTTCCTCTTTAGGAx-M2,Arc_6,0.16886279245283023,6
gex_possorted_bam_1WGCZ:TGGCCATCAATGCCTAx-M2,Generalist_NE,0.1300302641509434,1
gex_possorted_bam_1WGCZ:TGGTGCATCAAACTCAx-M2,Generalist_nonNE,0.18768639622641506,6
gex_possorted_bam_1WGCZ:TGTCCTGGTAACGGGAx-M2,Generalist_NE,0.13307807547169812,2
gex_possorted_bam_1WGCZ:TGTGCAAGTACCGTTTx-M2,Generalist_NE,0.2581483773584905,9
gex_possorted_bam_1WGCZ:TGTAAGTGTGGTTCTTx-M2,Arc_5,0.1421449245283019,4
gex_possorted_bam_1WGCZ:TGGGCATGTGGGTGAAx-M2,Generalist_NE,0.17379194339622644,7
gex_possorted_bam_1WGCZ:TGTGCAAGTTGTGATGx-M2,Arc_1,0.16605454716981133,4
gex_possorted_bam_1WGCZ:TGTAAGCTCGGTTTCCx-M2,Generalist_NE,0.13938715094339624,3
gex_possorted_bam_1WGCZ:TGTCATAAGCTTACTTx-M2,Arc_6,0.14061467924528304,3
gex_possorted_bam_1WGCZ:TGTCCTTCATCGCTTTx-M2,Generalist_NE,0.16641464150943397,6
gex_possorted_bam_1WGCZ:TGGTTAATCTTGAGCGx-M2,Generalist_NE,0.20113554716981139,9
gex_possorted_bam_1WGCZ:TGTAACTCACTTACAGx-M2,Generalist_NE,0.18283462264150946,6
gex_possorted_bam_1WGCZ:TGGTTCCTCCGGAACCx-M2,Generalist_NE,0.1316233396226415,2
gex_possorted_bam_1WGCZ:TGGTCAGTCACAGGAAx-M2,Arc_4,0.10927164150943396,2
gex_possorted_bam_1WGCZ:TGGTTCTGTAATGGCCx-M2,Generalist_NE,0.1509502264150943,4
gex_possorted_bam_1WGCZ:TGTATCCGTCAGGAAGx-M2,Arc_4,0.12249398113207548,3
gex_possorted_bam_1WGCZ:TGGCCTGCACGTAAGGx-M2,Generalist_NE,0.13103801886792452,1
gex_possorted_bam_1WGCZ:TGGTCAGTCGCCTGTTx-M2,Arc_4,0.10927164150943396,2
gex_possorted_bam_1WGCZ:TGTGAAACATTGTCCTx-M2,Arc_4,0.12713516981132075,4
gex_possorted_bam_1WGCZ:TGTTGGCCAGGACCAAx-M2,Arc_1,0.16980347169811325,4
gex_possorted_bam_1WGCZ:TGTTGTTTCGCTAAACx-M2,Generalist_NE,0.17347749056603778,5
gex_possorted_bam_1WGCZ:TGTTGTTTCATAAGCCx-M2,Generalist_NE,0.1412961886792453,4
gex_possorted_bam_1WGCZ:TTACACCGTCACACCCx-M2,Generalist_NE,0.1410220566037736,4
gex_possorted_bam_1WGCZ:TTAAGTGTCATGCTCCx-M2,Arc_1,0.15759392452830187,5
gex_possorted_bam_1WGCZ:TGTTGCACAAATGCCCx-M2,Arc_4,0.10927164150943396,2
gex_possorted_bam_1WGCZ:TGTGGCTCACTTCACTx-M2,Generalist_NE,0.134913320754717,2
gex_possorted_bam_1WGCZ:TTAAGGACAAACCTTGx-M2,Generalist_NE,0.17380873584905662,4
gex_possorted_bam_1WGCZ:TGTGGCTCAATTAACCx-M2,Generalist_NE,0.2302211886792453,11
gex_possorted_bam_1WGCZ:TGTTAGCAGACAACAGx-M2,Arc_6,0.1883109811320755,9
gex_possorted_bam_1WGCZ:TTACAGCAGTTACCGGx-M2,Generalist_NE,0.14110996226415096,4
gex_possorted_bam_1WGCZ:TGTGGCGGTCTAACCTx-M2,Arc_1,0.12249398113207548,3
gex_possorted_bam_1WGCZ:TGTTGTAAGGGTGGATx-M2,Generalist_NE,0.15563171698113207,2
gex_possorted_bam_1WGCZ:TGTGTTAAGGAACACAx-M2,Generalist_NE,0.14801322641509435,3
gex_possorted_bam_1WGCZ:TTACCTGTCCTTTACGx-M2,Generalist_NE,0.1656941132075472,5
gex_possorted_bam_1WGCZ:TGTTCCTCAATTAGCTx-M2,Generalist_NE,0.13742988679245283,3
gex_possorted_bam_1WGCZ:TTAACTGAGGGATGACx-M2,Generalist_nonNE,0.10927164150943396,2
gex_possorted_bam_1WGCZ:TTAATCGAGTGAACGAx-M2,Generalist_NE,0.1615853962264151,5
gex_possorted_bam_1WGCZ:TTAAAGGCACCTGCTCx-M2,Arc_5,0.1555491320754717,4
gex_possorted_bam_1WGCZ:TGTGGAGCACAACCTAx-M2,Generalist_NE,0.16493452830188676,6
gex_possorted_bam_1WGCZ:TTAACCAAGGCTATGTx-M2,Generalist_NE,0.16493656603773585,5
gex_possorted_bam_1WGCZ:TGTTTGTTCTTCAATCx-M2,Generalist_NE,0.13093422641509433,1
gex_possorted_bam_1WGCZ:TTACGTTTCGAAGTAGx-M2,Arc_1,0.15208307547169814,5
gex_possorted_bam_1WGCZ:TGTGTGAGTGCTGGTGx-M2,Generalist_nonNE,0.14624052830188677,4
gex_possorted_bam_1WGCZ:TTAAGGTGTATTGTCCx-M2,Generalist_NE,0.15634283018867928,3
gex_possorted_bam_1WGCZ:TTAAAGGCAGTAATAGx-M2,Generalist_nonNE,0.16880886792452832,7
gex_possorted_bam_1WGCZ:TTAAAGGCAATATACCx-M2,Arc_4,0.12047103773584907,1
gex_possorted_bam_1WGCZ:TTACCGTGTGACCTGGx-M2,Generalist_NE,0.18322369811320754,8
gex_possorted_bam_1WGCZ:TGTGTGAGTCCCGGAAx-M2,Arc_3,0.16931222641509433,6
gex_possorted_bam_1WGCZ:TTAAGGACATGACTATx-M2,Generalist_NE,0.16773703773584908,4
gex_possorted_bam_1WGCZ:TTAAGGTGTGCAATGCx-M2,Generalist_NE,0.1412961886792453,4
gex_possorted_bam_1WGCZ:TTAAGCCAGGGTCCACx-M2,Generalist_NE,0.14000490566037738,3
gex_possorted_bam_1WGCZ:TGTGGCTCACATTAACx-M2,Generalist_NE,0.2752792452830189,12
gex_possorted_bam_1WGCZ:TGTTAGCAGACTTATGx-M2,Generalist_NE,0.17385232075471702,6
gex_possorted_bam_1WGCZ:TTACCTGTCTAGCGTGx-M2,Generalist_NE,0.15239854716981133,4
gex_possorted_bam_1WGCZ:TGTGCGGGTTGAAGCCx-M2,Generalist_NE,0.32211369811320756,15
gex_possorted_bam_1WGCZ:TGTTATGAGCCTAACGx-M2,Generalist_NE,0.14051088679245283,3
gex_possorted_bam_1WGCZ:TTACGTTTCGGTTCCTx-M2,Arc_6,0.15759392452830187,5
gex_possorted_bam_1WGCZ:TTACCGTGTCAAAGGGx-M2,Generalist_NE,0.1968877358490566,5
gex_possorted_bam_1WGCZ:TGTGCTGAGCACGTTGx-M2,Generalist_nonNE,0.12988549056603774,2
gex_possorted_bam_1WGCZ:TGTGGCTCACGTGCTGx-M2,Arc_2,0.12988549056603774,2
gex_possorted_bam_1WGCZ:TGTTGCACACCTAAGCx-M2,Arc_4,0.12249398113207548,3
gex_possorted_bam_1WGCZ:TTAAGTGTCACAAGCTx-M2,Arc_4,0.10927164150943396,2
gex_possorted_bam_1WGCZ:TGTTACTTCGCCTGTTx-M2,Generalist_NE,0.15499501886792452,2
gex_possorted_bam_1WGCZ:TTAACCAAGTGGCGGAx-M2,Generalist_NE,0.14305003773584907,3
gex_possorted_bam_1WGCZ:TTAAGGTGTAGCTAGCx-M2,Generalist_nonNE,0.11221069811320754,1
gex_possorted_bam_1WGCZ:TTACCTGTCGCACAATx-M2,Generalist_NE,0.167947679245283,6
gex_possorted_bam_1WGCZ:TGTTAGCAGGCAATAGx-M2,Arc_4,0.10927164150943396,2
gex_possorted_bam_1WGCZ:TGTGCTGAGTAGCGCCx-M2,Generalist_NE,0.14051088679245283,3
gex_possorted_bam_1WGCZ:TGTGTTAAGTAACCCGx-M2,Generalist_NE,0.1883362264150944,7
gex_possorted_bam_1WGCZ:TTAACTGAGGAGTCGGx-M2,Generalist_NE,0.17059128301886795,5
gex_possorted_bam_1WGCZ:TGTTACTTCTCAATAGx-M2,Generalist_nonNE,0.26432345283018865,11
gex_possorted_bam_1WGCZ:TGTTGCACATGCATATx-M2,Generalist_NE,0.13501711320754717,2
gex_possorted_bam_1WGCZ:TGTGTGAGTCCTAACTx-M2,Generalist_NE,0.12980203773584906,2
gex_possorted_bam_1WGCZ:TGTGTGAGTGTTGTAGx-M2,Generalist_nonNE,0.12171228301886793,1
gex_possorted_bam_1WGCZ:TGTTGTTTCGCTATAAx-M2,Generalist_NE,0.16984171698113212,5
gex_possorted_bam_1WGCZ:TGTTGTAAGGGTCTATx-M2,Generalist_NE,0.13165375471698115,1
gex_possorted_bam_1WGCZ:TGTGGCTCAGTTAAAGx-M2,Generalist_NE,0.1359406037735849,2
gex_possorted_bam_1WGCZ:TGTTCCTCACAGAAACx-M2,Generalist_NE,0.1723823018867925,6
gex_possorted_bam_1WGCZ:TTAACCAAGTTATCCTx-M2,Generalist_nonNE,0.13496103773584905,3
gex_possorted_bam_1WGCZ:TGTGTTAAGAACCTACx-M2,Generalist_NE,0.15590143396226416,4
gex_possorted_bam_1WGCZ:TGTGGCTCAGGAAGCCx-M2,Generalist_nonNE,0.12988549056603774,2
gex_possorted_bam_1WGCZ:TGTTGGCCAAGTAAGCx-M2,Generalist_NE,0.1439065283018868,5
gex_possorted_bam_1WGCZ:TGTTCCTCATGGAGGCx-M2,Arc_4,0.13828584905660377,3
gex_possorted_bam_1WGCZ:TGTGTGAGTGATTACGx-M2,Generalist_nonNE,0.2380460377358491,10
gex_possorted_bam_1WGCZ:TGTTTGTTCTCAATTCx-M2,Arc_4,0.1482511320754717,3
gex_possorted_bam_1WGCZ:TTAAGCCAGTGAAGTGx-M2,Generalist_NE,0.21676749056603775,6
gex_possorted_bam_1WGCZ:TGTTACTTCATGGTGTx-M2,Generalist_NE,0.2844513962264151,10
gex_possorted_bam_1WGCZ:TGTGGCGGTCACAAATx-M2,Generalist_NE,0.1722089056603774,4
gex_possorted_bam_1WGCZ:TTAACTGAGGTCCTAGx-M2,Arc_1,0.19797286792452828,8
gex_possorted_bam_1WGCZ:TTACGTTTCATAACGCx-M2,Arc_1,0.1710336037735849,4
gex_possorted_bam_1WGCZ:TTAACCAAGGCTAATCx-M2,Generalist_NE,0.16669064150943397,5
gex_possorted_bam_1WGCZ:TTAAGGACAGCTCATAx-M2,Generalist_NE,0.14173083018867924,2
gex_possorted_bam_1WGCZ:TTAAGTGTCCTTGCGTx-M2,Generalist_NE,0.18406675471698117,5
gex_possorted_bam_1WGCZ:TTAATCGAGGCCAATTx-M2,Generalist_nonNE,0.10927164150943396,2
gex_possorted_bam_1WGCZ:TGTTGCACATGTCGCGx-M2,Generalist_NE,0.1349454528301887,2
gex_possorted_bam_1WGCZ:TGTTTGTTCAGTGAAGx-M2,Generalist_nonNE,0.12470732075471698,2
gex_possorted_bam_1WGCZ:TGTTCATTCCTCAGCTx-M2,Generalist_NE,0.1327920754716981,2
gex_possorted_bam_1WGCZ:TTACAGCAGACAAAGTx-M2,Arc_3,0.1584493962264151,5
gex_possorted_bam_1WGCZ:TGTTACTTCAATTGGCx-M2,Generalist_nonNE,0.26550598113207546,11
gex_possorted_bam_1WGCZ:TGTTACTTCATGAGCTx-M2,Arc_1,0.26317054716981136,8
gex_possorted_bam_1WGCZ:TTAAGCCAGCAGGTGGx-M2,Generalist_NE,0.1552604716981132,2
gex_possorted_bam_1WGCZ:TTCAGTTTCCCTCTAAx-M2,Arc_4,0.12035190566037735,3
gex_possorted_bam_1WGCZ:TTGACATCATGCTTAGx-M2,Generalist_nonNE,0.13833198113207548,3
gex_possorted_bam_1WGCZ:TTAGCGGTCCATTACTx-M2,Generalist_NE,0.14468741509433963,4
gex_possorted_bam_1WGCZ:TTCCTCAAGCCTGATGx-M2,Arc_6,0.16206415094339624,4
gex_possorted_bam_1WGCZ:TTCATTCAGTATTGCAx-M2,Generalist_NE,0.13583681132075473,2
gex_possorted_bam_1WGCZ:TTACGTTTCGTCCTTAx-M2,Generalist_NE,0.1361296037735849,2
gex_possorted_bam_1WGCZ:TTCTTAGGTCAGGAAGx-M2,Generalist_NE,0.15707533962264153,3
gex_possorted_bam_1WGCZ:TTAGAAGCACGGTTTAx-M2,Generalist_NE,0.1386723396226415,3
gex_possorted_bam_1WGCZ:TTCCTTCTCGAGCTATx-M2,Generalist_NE,0.26046841509433966,10
gex_possorted_bam_1WGCZ:TTATTGCTCCAGCACAx-M2,Generalist_NE,0.13682028301886795,2
gex_possorted_bam_1WGCZ:TTCCTTGAGTAACAGGx-M2,Arc_1,0.37804203773584893,18
gex_possorted_bam_1WGCZ:TTAGCTGCACATGCTAx-M2,Generalist_nonNE,0.11999396226415095,4
gex_possorted_bam_1WGCZ:TTAGCGGTCCAAACACx-M2,Generalist_NE,0.13768356603773585,3
gex_possorted_bam_1WGCZ:TTATCCGTCGGCTATGx-M2,Generalist_NE,0.15015043396226416,5
gex_possorted_bam_1WGCZ:TTCAGGTAGTCTATGAx-M2,Generalist_NE,0.14421749056603775,2
gex_possorted_bam_1WGCZ:TTAGGCTAGACTATTGx-M2,Generalist_NE,0.13602581132075472,2
gex_possorted_bam_1WGCZ:TTATGCGCAAATGCCCx-M2,Arc_5,0.22842894339622644,11
gex_possorted_bam_1WGCZ:TTCACTGTCGGCCATAx-M2,Arc_1,0.1344825849056604,1
gex_possorted_bam_1WGCZ:TTCAGTTTCGCAGGCTx-M2,Generalist_NE,0.15640681132075474,3
gex_possorted_bam_1WGCZ:TTCAGGTAGGAACCAAx-M2,Arc_4,0.12249398113207548,3
gex_possorted_bam_1WGCZ:TTCCTTGAGTATTGGCx-M2,Generalist_NE,0.1387761320754717,3
gex_possorted_bam_1WGCZ:TTGATGTCACTGGCTGx-M2,Generalist_NE,0.20649201886792456,8
gex_possorted_bam_1WGCZ:TTATAGCCACCGGTATx-M2,Generalist_NE,0.17001233962264153,6
gex_possorted_bam_1WGCZ:TTAGGCTAGCTTACTTx-M2,Generalist_NE,0.1378978679245283,2
gex_possorted_bam_1WGCZ:TTATAGCCATCTTGAGx-M2,Generalist_nonNE,0.15612764150943398,5
gex_possorted_bam_1WGCZ:TTAGGCTAGCAGCTCAx-M2,Generalist_NE,0.14586841509433962,2
gex_possorted_bam_1WGCZ:TTGCAACAGACAACGAx-M2,Generalist_NE,0.14529469811320755,2
gex_possorted_bam_1WGCZ:TTCCTCAAGACTAAGGx-M2,Generalist_NE,0.13706105660377357,1
gex_possorted_bam_1WGCZ:TTCAACCGTCATGAGCx-M2,Generalist_NE,0.29527426415094343,12
gex_possorted_bam_1WGCZ:TTGACATCAATTTGGTx-M2,Generalist_NE,0.15736909433962268,4
gex_possorted_bam_1WGCZ:TTCCTTCTCCTGAATAx-M2,Generalist_NE,0.13583681132075473,2
gex_possorted_bam_1WGCZ:TTCGTGCTCTTGGACGx-M2,Arc_5,0.14740324528301887,2
gex_possorted_bam_1WGCZ:TTCACTGTCTCGCCTGx-M2,Generalist_NE,0.1300302641509434,1
gex_possorted_bam_1WGCZ:TTAGCGGTCGCACAATx-M2,Generalist_NE,0.1492610566037736,5
gex_possorted_bam_1WGCZ:TTCACTGTCGTAATCAx-M2,Generalist_NE,0.1530599245283019,3
gex_possorted_bam_1WGCZ:TTAGGCCCAACAGGATx-M2,Generalist_NE,0.15634283018867928,3
gex_possorted_bam_1WGCZ:TTCGGTACAGGAACATx-M2,Arc_4,0.1343020566037736,3
gex_possorted_bam_1WGCZ:TTCACTGTCAAACCGTx-M2,Generalist_NE,0.13562471698113207,2
gex_possorted_bam_1WGCZ:TTATAGCCAGTTTCTCx-M2,Generalist_NE,0.14747583018867924,4
gex_possorted_bam_1WGCZ:TTAGACTCAGGTTACCx-M2,Generalist_NE,0.1377821886792453,3
gex_possorted_bam_1WGCZ:TTAGGAACAGGCATGAx-M2,Generalist_NE,0.16213635849056604,4
gex_possorted_bam_1WGCZ:TTCAACCGTTTGCGCCx-M2,Arc_5,0.14498616981132076,3
gex_possorted_bam_1WGCZ:TTCATTCAGTTGTCAAx-M2,Generalist_NE,0.14690477358490567,3
gex_possorted_bam_1WGCZ:TTAGAAGCAGCTACGTx-M2,Generalist_NE,0.2132858490566038,10
gex_possorted_bam_1WGCZ:TTGACTAAGGCCATCAx-M2,Generalist_NE,0.14326184905660377,3
gex_possorted_bam_1WGCZ:TTCGCAACACCTCAGGx-M2,Arc_4,0.10927164150943396,2
gex_possorted_bam_1WGCZ:TTAGCAATCCACCTTAx-M2,Generalist_NE,0.134913320754717,2
gex_possorted_bam_1WGCZ:TTCTTAGGTTTAGCGAx-M2,Generalist_NE,0.13730875471698112,3
gex_possorted_bam_1WGCZ:TTGAGGCGTTAGAGGGx-M2,Generalist_NE,0.13268069811320754,1
gex_possorted_bam_1WGCZ:TTATCCTAGTTATGTGx-M2,Generalist_nonNE,0.16128905660377355,6
gex_possorted_bam_1WGCZ:TTCGTTAGTTAGCTGAx-M2,Generalist_nonNE,0.12470732075471698,2
gex_possorted_bam_1WGCZ:TTCATTCAGACAGGCGx-M2,Generalist_nonNE,0.28514118867924526,14
gex_possorted_bam_1WGCZ:TTCCTTGAGTTAGCTAx-M2,Generalist_NE,0.19571254716981135,6
gex_possorted_bam_1WGCZ:TTAGGCCCAGTCTATGx-M2,Generalist_NE,0.1386723396226415,3
gex_possorted_bam_1WGCZ:TTGAGGCGTCTTACTAx-M2,Generalist_NE,0.14318641509433963,3
gex_possorted_bam_1WGCZ:TTGAGGCGTTTAGCTCx-M2,Generalist_NE,0.22920107547169805,9
gex_possorted_bam_1WGCZ:TTCACTGTCAATCTAGx-M2,Generalist_NE,0.1617840566037736,4
gex_possorted_bam_1WGCZ:TTGATGTCAAAGCGCAx-M2,Generalist_NE,0.23888033962264155,13
gex_possorted_bam_1WGCZ:TTATCCGTCTTGTCTGx-M2,Arc_6,0.134913320754717,2
gex_possorted_bam_1WGCZ:TTCAGCACACAATACTx-M2,Generalist_NE,0.13264226415094338,3
gex_possorted_bam_1WGCZ:TTCCTCAAGTCTTGAAx-M2,Generalist_NE,0.15855162264150946,4
gex_possorted_bam_1WGCZ:TTAGCGGTCTCCATGCx-M2,Arc_5,0.15640681132075474,3
gex_possorted_bam_1WGCZ:TTAGCGGTCAATTACGx-M2,Generalist_nonNE,0.10927164150943396,2
gex_possorted_bam_1WGCZ:TTCATCCCAGCAAGATx-M2,Generalist_NE,0.18065096226415098,8
gex_possorted_bam_1WGCZ:TTCATCCCAGGATTAAx-M2,Arc_4,0.12249398113207548,3
gex_possorted_bam_1WGCZ:TTCCTCAAGTTTAACGx-M2,Arc_5,0.1374266037735849,2
gex_possorted_bam_1WGCZ:TTCGTGCTCCTACCTAx-M2,Generalist_NE,0.15156994339622643,3
gex_possorted_bam_1WGCZ:TTAGGCGTCTTTGACTx-M2,Generalist_NE,0.18622337735849062,7
gex_possorted_bam_1WGCZ:TTCAGCACATAGCTGCx-M2,Generalist_nonNE,0.14624052830188677,4
gex_possorted_bam_1WGCZ:TTAGGATGTGCGCGTAx-M2,Generalist_NE,0.13583681132075473,2
gex_possorted_bam_1WGCZ:TTCGTGCTCGGTCATGx-M2,Generalist_NE,0.1327701132075472,2
gex_possorted_bam_1WGCZ:TTCCTTGAGGTCAAAGx-M2,Generalist_NE,0.1581212641509434,5
gex_possorted_bam_1WGCZ:TTCGTTAGTCCTCCAAx-M2,Generalist_NE,0.18352547169811323,7
gex_possorted_bam_1WGCZ:TTCAACCGTCCTTCTCx-M2,Generalist_NE,0.14051088679245283,3
gex_possorted_bam_1WGCZ:TTAGGCCCACGGTTTAx-M2,Generalist_NE,0.22842894339622644,11
gex_possorted_bam_1WGCZ:TTAGGATGTTAGCGTAx-M2,Generalist_NE,0.22083088679245286,7
gex_possorted_bam_1WGCZ:TTAGCAATCCGCACAAx-M2,Generalist_NE,0.16307262264150943,4
gex_possorted_bam_1WGCZ:TTCAGTTTCGTTACAAx-M2,Generalist_NE,0.14235764150943395,4
gex_possorted_bam_1WGCZ:TTCGGTACATCCTGAAx-M2,Arc_6,0.14386771698113207,4
gex_possorted_bam_1WGCZ:TTCACTGTCAAACTCAx-M2,Arc_4,0.10927164150943396,2
gex_possorted_bam_1WGCZ:TTAGCGGTCCAGGGAGx-M2,Arc_1,0.14147049056603775,3
gex_possorted_bam_1WGCZ:TTGAGCTAGGAGGCATx-M2,Generalist_NE,0.15559207547169812,4
gex_possorted_bam_1WGCZ:TTCCCACAGCCTGTTCx-M2,Arc_6,0.16334090566037737,6
gex_possorted_bam_1WGCZ:TTGACATCACAGGAATx-M2,Arc_1,0.22004584905660374,10
gex_possorted_bam_1WGCZ:TTGGGCCAGCCTGTGAx-M2,Generalist_NE,0.134913320754717,2
gex_possorted_bam_1WGCZ:TTGTTGTTCTATCGCCx-M2,Generalist_NE,0.14314616981132075,4
gex_possorted_bam_1WGCZ:TTGCCCGTCCCTCAGTx-M2,Arc_4,0.10927164150943396,2
gex_possorted_bam_1WGCZ:TTGGTGAGTTCCTGATx-M2,Generalist_NE,0.14051088679245283,3
gex_possorted_bam_1WGCZ:TTGGAGGCATTAGGTTx-M2,Arc_5,0.22842894339622644,11
gex_possorted_bam_1WGCZ:TTGGGCCAGTCACTAAx-M2,Generalist_NE,0.16886279245283023,6
gex_possorted_bam_1WGCZ:TTGTCCCAGTCATTTCx-M2,Generalist_NE,0.1358513962264151,4
gex_possorted_bam_1WGCZ:TTGCAGCCACCCACAGx-M2,Arc_5,0.1327701132075472,2
gex_possorted_bam_1WGCZ:TTGGCTACATATAACCx-M2,Arc_6,0.18065096226415098,8
gex_possorted_bam_1WGCZ:TTGTCCGGTAAGGTCCx-M2,Generalist_NE,0.16486698113207549,5
gex_possorted_bam_1WGCZ:TTGCAATCAGTTTCTCx-M2,Generalist_NE,0.32069835849056594,13
gex_possorted_bam_1WGCZ:TTGTGCGAGAGAGCCGx-M2,Arc_5,0.13788947169811322,3
gex_possorted_bam_1WGCZ:TTGTGCCTCGACAAAGx-M2,Arc_4,0.10126513207547168,1
gex_possorted_bam_1WGCZ:TTGTCCCAGGGATGCGx-M2,Arc_5,0.1869615660377358,5
gex_possorted_bam_1WGCZ:TTGGTGAGTCGTAATGx-M2,Generalist_NE,0.15193945283018867,6
gex_possorted_bam_1WGCZ:TTGCATTTCCTTTACGx-M2,Generalist_NE,0.13093422641509433,1
gex_possorted_bam_1WGCZ:TTGGAGGCAACATAAGx-M2,Arc_2,0.12988549056603774,2
gex_possorted_bam_1WGCZ:TTGGGCCAGGAGCACGx-M2,Generalist_NE,0.1386723396226415,3
gex_possorted_bam_1WGCZ:TTGTCAAAGGTCCTGAx-M2,Generalist_NE,0.13778735849056606,3
gex_possorted_bam_1WGCZ:TTGTTCCCACAGAAACx-M2,Arc_1,0.12713516981132075,4
gex_possorted_bam_1WGCZ:TTGTCCGGTAATCGTGx-M2,Arc_4,0.10927164150943396,2
gex_possorted_bam_1WGCZ:TTGCTCTCAACTGGGAx-M2,Generalist_nonNE,0.10927164150943396,2
gex_possorted_bam_1WGCZ:TTGGGCGGTTCAAGATx-M2,Arc_1,0.13126637735849056,5
gex_possorted_bam_1WGCZ:TTGCTCTCAAACCCTAx-M2,Arc_5,0.15656307547169812,2
gex_possorted_bam_1WGCZ:TTGGATTCAATATGGAx-M2,Generalist_NE,0.14061467924528304,3
gex_possorted_bam_1WGCZ:TTGGGCCAGTTGGGCCx-M2,Generalist_NE,0.14646828301886794,4
gex_possorted_bam_1WGCZ:TTGGAGGCACCGGCTAx-M2,Generalist_NE,0.13753716981132075,3
gex_possorted_bam_1WGCZ:TTGCAGCCAGCAAGTGx-M2,Generalist_NE,0.14061467924528304,3
gex_possorted_bam_1WGCZ:TTGCAATCACTTCACTx-M2,Arc_2,0.12988549056603774,2
gex_possorted_bam_1WGCZ:TTGTTCCCAGCAACCTx-M2,Generalist_NE,0.1862601886792453,9
gex_possorted_bam_1WGCZ:TTGTGCCTCCTAAATGx-M2,Generalist_NE,0.2028517358490566,7
gex_possorted_bam_1WGCZ:TTGCATTTCTGTGCCTx-M2,Generalist_NE,0.14204215094339623,2
gex_possorted_bam_1WGCZ:TTGTGTGCAGATTCATx-M2,Arc_4,0.10927164150943396,2
gex_possorted_bam_1WGCZ:TTGGATTCAGCAACAGx-M2,Arc_6,0.17726047169811324,8
gex_possorted_bam_1WGCZ:TTGGCGGGTGTAACCAx-M2,Arc_4,0.1427485471698113,4
gex_possorted_bam_1WGCZ:TTGCCCGTCATTAGCAx-M2,Arc_4,0.10126513207547168,1
gex_possorted_bam_1WGCZ:TTGCTCTCATAGCGGAx-M2,Arc_4,0.12297830188679247,1
gex_possorted_bam_1WGCZ:TTGCCCGTCTGCAAGTx-M2,Generalist_NE,0.20417073584905662,6
gex_possorted_bam_1WGCZ:TTGGCTACAACCGCCAx-M2,Generalist_nonNE,0.12988549056603774,2
gex_possorted_bam_1WGCZ:TTGGCTTGTTGAAGCCx-M2,Generalist_NE,0.14986315094339625,4
gex_possorted_bam_1WGCZ:TTGGGCGGTTGGTTGAx-M2,Generalist_nonNE,0.17219730188679241,6
gex_possorted_bam_1WGCZ:TTGCACACAATCCTGAx-M2,Generalist_nonNE,0.12035190566037735,3
gex_possorted_bam_1WGCZ:TTGGTGAGTTGTTCACx-M2,Arc_6,0.14061467924528304,3
gex_possorted_bam_1WGCZ:TTGCAACAGGTCCTGAx-M2,Generalist_NE,0.1551760188679245,4
gex_possorted_bam_1WGCZ:TTGTTCCCAAAGCTCCx-M2,Generalist_nonNE,0.12470732075471698,2
gex_possorted_bam_1WGCZ:TTGTCCCAGCTACTGGx-M2,Arc_1,0.20595643396226415,6
gex_possorted_bam_1WGCZ:TTGGATCAGTCATTTCx-M2,Arc_4,0.12249398113207548,3
gex_possorted_bam_1WGCZ:TTGCTTAGTTGGTTAGx-M2,Generalist_NE,0.13386322641509435,1
gex_possorted_bam_1WGCZ:TTGCATTTCCTGGTCTx-M2,Generalist_nonNE,0.13674224528301887,3
gex_possorted_bam_1WGCZ:TTGGCTTGTTAACGATx-M2,Generalist_NE,0.1490044716981132,3
gex_possorted_bam_1WGCZ:TTGGGTTAGGCGCACTx-M2,Generalist_NE,0.16302245283018868,6
gex_possorted_bam_1WGCZ:TTGTCAAAGCGGATTTx-M2,Generalist_NE,0.14224626415094338,3
gex_possorted_bam_1WGCZ:TTGGATTCATAGCTGCx-M2,Arc_6,0.14560247169811322,4
gex_possorted_bam_1WGCZ:TTGGCTACATCAGTATx-M2,Arc_6,0.20501792452830192,8
gex_possorted_bam_1WGCZ:TTGGCTTGTTACAAACx-M2,Generalist_NE,0.16073243396226417,4
gex_possorted_bam_1WGCZ:TTGCAAGGTGTGAGGAx-M2,Generalist_NE,0.16875900000000002,6
gex_possorted_bam_1WGCZ:TTGGAGGCATCCTGAAx-M2,Generalist_NE,0.14826690566037737,4
gex_possorted_bam_1WGCZ:TTGTCCCAGGCTAGAAx-M2,Generalist_NE,0.1810187169811321,6
gex_possorted_bam_1WGCZ:TTGTAAGTCCAAATCAx-M2,Arc_4,0.1343020566037736,3
gex_possorted_bam_1WGCZ:TTGTTGTTCAATAGCCx-M2,Arc_6,0.15759392452830187,5
gex_possorted_bam_1WGCZ:TTGTCCATCGCACACAx-M2,Generalist_NE,0.15879154716981134,3
gex_possorted_bam_1WGCZ:TTGGCGGGTGCTGTAAx-M2,Generalist_NE,0.2028731132075472,7
gex_possorted_bam_1WGCZ:TTGGAGGCAAGTTATCx-M2,Arc_1,0.14930328301886794,3
gex_possorted_bam_1WGCZ:TTGCGAGTCATGCAACx-M2,Generalist_NE,0.21360377358490565,10
gex_possorted_bam_1WGCZ:TTGGGCGGTAGGATCCx-M2,Generalist_NE,0.1349454528301887,2
gex_possorted_bam_1WGCZ:TTGTTTGGTCTTACTAx-M2,Arc_5,0.15590143396226416,4
gex_possorted_bam_1WGCZ:TTGGCTACAGTAGCCTx-M2,Arc_6,0.16537024528301889,5
gex_possorted_bam_1WGCZ:TTGCAGCCAGGAACTGx-M2,Generalist_NE,0.14591843396226414,5
gex_possorted_bam_1WGCZ:TTGCTTTAGACTTACAx-M2,Arc_1,0.2235144150943396,11
gex_possorted_bam_1WGCZ:TTGTGCGAGGTTAGAGx-M2,Generalist_NE,0.16493452830188676,6
gex_possorted_bam_1WGCZ:TTGGGCGGTTGCAGTAx-M2,Generalist_NE,0.16439496226415093,4
gex_possorted_bam_1WGCZ:TTGGGTTAGGACAATGx-M2,Generalist_nonNE,0.13257669811320755,4
gex_possorted_bam_1WGCZ:TTGCCCGTCCTAATAGx-M2,Arc_6,0.14560247169811322,4
gex_possorted_bam_1WGCZ:TTGTCCCAGGCTATGTx-M2,Arc_5,0.1354253396226415,1
gex_possorted_bam_1WGCZ:TTGCAAGGTGAGGTGAx-M2,Generalist_NE,0.15325135849056604,3
gex_possorted_bam_1WGCZ:TTGGATATCTCAATGAx-M2,Generalist_nonNE,0.10927164150943396,2
gex_possorted_bam_1WGCZ:TTGCTCTCACTTAGGCx-M2,Arc_6,0.190311320754717,9
gex_possorted_bam_1WGCZ:TTGTTTGGTCAGGAAGx-M2,Generalist_NE,0.13264226415094338,3
gex_possorted_bam_1WGCZ:TTGCAACAGCTATTGAx-M2,Arc_4,0.12263977358490566,3
gex_possorted_bam_1WGCZ:TTGCTTTAGGGTCCACx-M2,Generalist_NE,0.14705094339622643,2
gex_possorted_bam_1WGCZ:TTGGGCGGTTACGCGGx-M2,Arc_4,0.13620064150943398,2
gex_possorted_bam_1WGCZ:TTGCATTTCAAACCGTx-M2,Arc_6,0.16206415094339624,4
gex_possorted_bam_1WGCZ:TTGTTCCCAATTGACTx-M2,Generalist_NE,0.1433953962264151,3
gex_possorted_bam_1WGCZ:TTGTTGTTCCAACTGGx-M2,Generalist_NE,0.13241781132075472,2
gex_possorted_bam_1WGCZ:TTGTGCGAGGCATTGTx-M2,Arc_6,0.15581767924528303,5
gex_possorted_bam_1WGCZ:TTGCTTTAGGTAGCTTx-M2,Generalist_NE,0.1466092075471698,3
gex_possorted_bam_1WGCZ:TTGTTGCGTTACAACGx-M2,Arc_6,0.14258311320754716,2
gex_possorted_bam_1WGCZ:TTGGATTCACTTCATCx-M2,Arc_6,0.13706105660377357,1
gex_possorted_bam_1WGCZ:TTTGAGTCACTATGGCx-M2,Arc_1,0.30820481132075467,12
gex_possorted_bam_1WGCZ:TTTCCTGAGCAGCTCAx-M2,Generalist_NE,0.13093422641509433,1
gex_possorted_bam_1WGCZ:TTTGTCCCATTAGGTTx-M2,Arc_6,0.134913320754717,2
gex_possorted_bam_1WGCZ:TTTCGTCCACAGCCTGx-M2,Generalist_NE,0.13848724528301887,2
gex_possorted_bam_1WGCZ:TTTGGCTGTCCTAATCx-M2,Arc_5,0.20675601886792452,6
gex_possorted_bam_1WGCZ:TTTAGCAAGAAAGCATx-M2,Arc_5,0.14075200000000002,3
gex_possorted_bam_1WGCZ:TTTACGCGTTGGTTAGx-M2,Generalist_NE,0.14437998113207548,2
gex_possorted_bam_1WGCZ:TTTCGTCCAGGAATCGx-M2,Generalist_NE,0.1656941132075472,5
gex_possorted_bam_1WGCZ:TTTGACCGTATTGAGTx-M2,Generalist_NE,0.15707533962264153,3
gex_possorted_bam_1WGCZ:TTTCTCACACCAGGTTx-M2,Generalist_NE,0.1488152641509434,2
gex_possorted_bam_1WGCZ:TTTGTGAAGCCAGGTCx-M2,Generalist_NE,0.14488335849056605,5
gex_possorted_bam_1WGCZ:TTTAGCTTCAGCACGCx-M2,Generalist_nonNE,0.12713516981132075,4
gex_possorted_bam_1WGCZ:TTTAGCAAGCAAACCTx-M2,Generalist_NE,0.1365291320754717,3
gex_possorted_bam_1WGCZ:TTTGCGGAGCAGCTATx-M2,Generalist_NE,0.128118,1
gex_possorted_bam_1WGCZ:TTTAGCAAGATTGAGGx-M2,Arc_5,0.16444654716981133,5
gex_possorted_bam_1WGCZ:TTTAGCTTCTGTAATGx-M2,Arc_1,0.16311769811320756,5
gex_possorted_bam_1WGCZ:TTTACGCGTCTAACCTx-M2,Generalist_NE,0.1385766603773585,3
gex_possorted_bam_1WGCZ:TTTCCACCAGAAATGCx-M2,Generalist_NE,0.13860401886792453,1
gex_possorted_bam_1WGCZ:TTTACGAAGTAACGGAx-M2,Generalist_NE,0.13750383018867926,2
gex_possorted_bam_1WGCZ:TTTATGGAGGACCGCTx-M2,Arc_1,0.27011913207547167,14
gex_possorted_bam_1WGCZ:TTTACGAAGGACCTTGx-M2,Generalist_nonNE,0.10927164150943396,2
gex_possorted_bam_1WGCZ:TTTCCACCACAGCCATx-M2,Arc_6,0.1656941132075472,5
gex_possorted_bam_1WGCZ:TTTCGTCCAAGGTACGx-M2,Arc_5,0.14386067924528304,4
gex_possorted_bam_1WGCZ:TTTCCGGGTCGTAAATx-M2,Generalist_NE,0.13583681132075473,2
gex_possorted_bam_1WGCZ:TTTGCATTCCCATAAAx-M2,Generalist_nonNE,0.13257669811320755,4
gex_possorted_bam_1WGCZ:TTTGTCCCAACAACAAx-M2,Generalist_nonNE,0.11621324528301888,2
gex_possorted_bam_1WGCZ:TTTAACGAGGAAGCTAx-M2,Generalist_NE,0.13501711320754717,2
gex_possorted_bam_1WGCZ:TTTAAGGTCAATGAGGx-M2,Generalist_nonNE,0.12249398113207548,3
gex_possorted_bam_1WGCZ:TTTGGTAAGGTCCAATx-M2,Arc_5,0.18374771698113207,5
gex_possorted_bam_1WGCZ:TTTACGCGTTAACACGx-M2,Generalist_NE,0.1458805283018868,4
gex_possorted_bam_1WGCZ:TTTGACCGTAGCTAGCx-M2,Arc_1,0.12297830188679247,1
gex_possorted_bam_1WGCZ:TTTGACTTCATTACTCx-M2,Generalist_NE,0.13768356603773585,3
gex_possorted_bam_1WGCZ:TTTCCACCATCTTGAGx-M2,Generalist_NE,0.23080211320754718,9
gex_possorted_bam_1WGCZ:TTTAACGAGCAATAGGx-M2,Arc_4,0.12249398113207548,3
gex_possorted_bam_1WGCZ:TTTGAGTCAGGCTTCGx-M2,Generalist_NE,0.16900020754716985,6
gex_possorted_bam_1WGCZ:TTTGGTGCACAATGTTx-M2,Generalist_NE,0.13501711320754717,2
gex_possorted_bam_1WGCZ:TTTGGTAAGGTCCACAx-M2,Arc_3,0.2139915849056604,9
gex_possorted_bam_1WGCZ:TTTAACGAGTTCCTGCx-M2,Generalist_NE,0.1656941132075472,5
gex_possorted_bam_1WGCZ:TTGTTTGGTGTTTGCTx-M2,Arc_6,0.17788230188679247,7
gex_possorted_bam_1WGCZ:TTGTTTGGTTGCACAAx-M2,Generalist_NE,0.13473954716981135,2
gex_possorted_bam_1WGCZ:TTTCTTGCAATATACCx-M2,Generalist_NE,0.1500225471698113,4
gex_possorted_bam_1WGCZ:TTTAAGCCAAAGCGCAx-M2,Generalist_NE,0.1334572641509434,3
gex_possorted_bam_1WGCZ:TTTGACCGTGATTACGx-M2,Arc_5,0.1374266037735849,2
gex_possorted_bam_1WGCZ:TTTGTCTAGTAGCCATx-M2,Arc_6,0.1334572641509434,3
gex_possorted_bam_1WGCZ:TTTGACTTCATTACAGx-M2,Generalist_NE,0.14690477358490567,3
gex_possorted_bam_1WGCZ:TTTGGTGCATTCAGCAx-M2,Arc_5,0.14235696226415095,3
gex_possorted_bam_1WGCZ:TTTAACGAGGCAATAGx-M2,Arc_6,0.15525330188679246,4
gex_possorted_bam_1WGCZ:TTTAACGAGTCCTTCAx-M2,Generalist_NE,0.1587692452830189,3
gex_possorted_bam_1WGCZ:TTTACGCGTCACCTATx-M2,Generalist_NE,0.26432345283018865,11
gex_possorted_bam_1WGCZ:TTTATGGAGGCAGGTGx-M2,Generalist_NE,0.1704947547169811,6
gex_possorted_bam_1WGCZ:TTTAGCTTCATCCTATx-M2,Generalist_NE,0.13103801886792452,1
gex_possorted_bam_1WGCZ:TTTGTCCCAGACAAACx-M2,Generalist_nonNE,0.13496103773584905,3
gex_possorted_bam_1WGCZ:TTTGTGAAGCTGGACCx-M2,Arc_4,0.10927164150943396,2
gex_possorted_bam_1WGCZ:TTTGCATTCGCCTAAGx-M2,Generalist_NE,0.165608320754717,5
gex_possorted_bam_1WGCZ:TTTGAGTCATTGTGCAx-M2,Arc_1,0.1705213396226415,5
gex_possorted_bam_1WGCZ:TTTCCTGAGAAAGCATx-M2,Generalist_NE,0.1656558301886793,4
gex_possorted_bam_1WGCZ:TTTAGCTTCCTTTACGx-M2,Arc_6,0.1387761320754717,3
gex_possorted_bam_1WGCZ:TTTAAGGTCGCGACACx-M2,Generalist_nonNE,0.111241,3
gex_possorted_bam_1WGCZ:TTTCCACCAACATAAGx-M2,Generalist_NE,0.14386100000000002,4
gex_possorted_bam_1WGCZ:TTTGCGACAATGAGGTx-M2,Arc_6,0.13501711320754717,2
gex_possorted_bam_1WGCZ:TTTCGTCCACTAGCGTx-M2,Generalist_NE,0.19131669811320762,7
gex_possorted_bam_1WGCZ:TTTGTCCCATTGCGGTx-M2,Generalist_NE,0.1652664528301887,5
gex_possorted_bam_1WGCZ:TTTCTTGCAGGTTCACx-M2,Generalist_NE,0.13376292452830188,2
gex_possorted_bam_1WGCZ:TTTAGCAAGCGATAAGx-M2,Arc_4,0.10927164150943396,2
gex_possorted_bam_1WGCZ:TTTCCACCAGGCGATAx-M2,Generalist_NE,0.1415379245283019,3
gex_possorted_bam_1WGCZ:TTTCTTGCAGGCCATTx-M2,Generalist_NE,0.14061467924528304,3
gex_possorted_bam_1WGCZ:TTTCAGTTCCTAAATGx-M2,Generalist_nonNE,0.13674224528301887,3
gex_possorted_bam_1WGCZ:TTTCGTCCAGTAGGTGx-M2,Generalist_NE,0.16174426415094342,3
gex_possorted_bam_1WGCZ:TTTGCGACAAGTGAACx-M2,Arc_6,0.1503921132075472,4
gex_possorted_bam_1WGCZ:TTTCATCAGAGAGGAGx-M2,Arc_5,0.16785539622641513,6
gex_possorted_bam_1WGCZ:TTTGCGGAGTTTGAGCx-M2,Generalist_NE,0.16911401886792451,8
gex_possorted_bam_1WGCZ:TTTAAGGTCCCATAAAx-M2,Generalist_NE,0.13459315094339622,2
gex_possorted_bam_1WGCZ:TTTGTCCCATTAAGCTx-M2,Generalist_NE,0.16045354716981133,4
gex_possorted_bam_1WGCZ:TTGTTTGGTGTGTGGTx-M2,Arc_4,0.10927164150943396,2
gex_possorted_bam_1WGCZ:TTTAGCAAGTAGCGCCx-M2,Generalist_NE,0.15474147169811323,4
gex_possorted_bam_1WGCZ:TTTAAGGTCAGGTCCAx-M2,Arc_6,0.14824541509433964,4
gex_possorted_bam_1WGCZ:TTTCCTGAGTTTCCGCx-M2,Generalist_NE,0.14485715094339624,3
gex_possorted_bam_1WGCZ:TTTAGGATCTCGCCTGx-M2,Generalist_nonNE,0.12415594339622643,1
gex_possorted_bam_1WGCZ:TTTCGTCCAAGCTAAAx-M2,Arc_5,0.16450552830188678,5
gex_possorted_bam_1WGCZ:TTTGTGAAGGTAGCTTx-M2,Arc_6,0.17715667924528303,8
gex_possorted_bam_1WGCZ:TTTGGTGCAGGCTAAGx-M2,Generalist_NE,0.14575030188679244,2
gex_possorted_bam_1WGCZ:TTTGACCGTTGGTTCTx-M2,Generalist_NE,0.13928275471698115,2
gex_possorted_bam_1WGCZ:TTTGGTGCACTAAATCx-M2,Arc_4,0.10126513207547168,1
gex_possorted_bam_1WGCZ:TTTCACCCAGTCTAGCx-M2,Arc_6,0.1908350566037736,8
gex_possorted_bam_1WGCZ:TTTGCGGAGGTCGATTx-M2,Generalist_nonNE,0.15500952830188677,4
gex_possorted_bam_1WGCZ:TTTAACCTCATTAGCAx-M2,Generalist_NE,0.13583681132075473,2
gex_possorted_bam_1WGCZ:TTTGGTAAGTTCCTGCx-M2,Arc_4,0.12698937735849056,4
gex_possorted_bam_1WGCZ:TTTAAGGTCCTAATTCx-M2,Generalist_NE,0.13947315094339624,4
gex_possorted_bam_1WGCZ:TTTGCATTCACTTCATx-M2,Arc_3,0.2228835660377359,8
gex_possorted_bam_1WGCZ:TTTGTGTTCCTTAGGGx-M2,Generalist_NE,0.22832775471698116,9
gex_possorted_bam_1WGCZ:TTTGTGGCATGGCCCAx-M2,Generalist_NE,0.167068320754717,5
gex_possorted_bam_1WGCZ:TTTGTGTTCGGCCATAx-M2,Generalist_NE,0.1876230566037736,6
gex_possorted_bam_1WGCZ:TTTGTTGGTCAAAGAAx-M2,Generalist_NE,0.14814988679245283,5
gex_possorted_bam_1WGCZ:TTTGTGAAGTAAACCCx-M2,Generalist_NE,0.1739543773584906,7
