gene,sample,n_regulators,n_well_populated_leaves,transferability,mean_abs_residual,sample_mean_r2
ASCL1,GEMM_held_out_test,6,16,0.9826989619377162,0.012016753858147664,
BACH1,GEMM_held_out_test,5,14,0.994279176201373,0.019300071503150378,
BACH2,GEMM_held_out_test,3,6,0.9910112359550561,0.05375411995215334,
CREB1,GEMM_held_out_test,1,2,1.0,0.02551945071732977,
CUX2,GEMM_held_out_test,7,20,0.8977072310405644,0.043961510293900184,
EGR1,GEMM_held_out_test,7,20,0.9553203997648442,0.04612880142108732,
EHF,GEMM_held_out_test,2,4,1.0,0.0346939570873137,
EPCAM,GEMM_held_out_test,6,17,0.9935972060535506,0.017162399071227456,
ESR1,GEMM_held_out_test,1,2,1.0,0.03173289100826061,
ETS1,GEMM_held_out_test,4,13,1.0,0.025718975685292564,
FOS,GEMM_held_out_test,8,17,0.9271641791044776,0.039183673429515946,
FOXO3,GEMM_held_out_test,4,11,0.9858836815358555,0.01701259649482216,
GRHL2,GEMM_held_out_test,4,8,1.0,0.01706594811047076,
HES1,GEMM_held_out_test,5,10,0.9461318051575931,0.02311634891567769,
HSF2,GEMM_held_out_test,6,15,1.0,0.023474145490171183,
ICAM1,GEMM_held_out_test,6,17,0.9518561484918794,0.023479412894844273,
JUN,GEMM_held_out_test,6,28,0.9810453762205629,0.020139146871365806,
JUNB,GEMM_held_out_test,3,7,1.0,0.016747218303811238,
JUND,GEMM_held_out_test,1,2,1.0,0.034584779195536354,
KMT2A,GEMM_held_out_test,7,26,0.9509803921568627,0.02530953425373876,
LMX1B,GEMM_held_out_test,4,11,0.9886428165814878,0.03176949655919093,
MEIS2,GEMM_held_out_test,4,10,0.9490084985835694,0.03401755825265321,
NCAM1,GEMM_held_out_test,7,19,0.9940652818991098,0.016034027157866122,
NFATC2,GEMM_held_out_test,3,7,1.0,0.033057187180707805,
NFIA,GEMM_held_out_test,7,19,1.0,0.02127889120215996,
NFIB,GEMM_held_out_test,8,14,0.9789156626506024,0.019684711438597968,
NFIX,GEMM_held_out_test,5,11,1.0,0.020883570711438627,
NFKB1,GEMM_held_out_test,4,10,1.0,0.01854792346806932,
NFYC,GEMM_held_out_test,1,2,1.0,0.035691487553067426,
NR6A1,GEMM_held_out_test,1,2,1.0,0.032396994770534863,
PBX1,GEMM_held_out_test,4,10,1.0,0.04253307186642628,
PKNOX2,GEMM_held_out_test,5,13,1.0,0.023360003550794418,
PROX1,GEMM_held_out_test,2,4,1.0,0.026854705996888197,
RBPJ,GEMM_held_out_test,1,2,1.0,0.030708102962113022,
REST,GEMM_held_out_test,3,8,0.9938271604938271,0.012924449314017275,
RORA_RORB,GEMM_held_out_test,5,14,0.9606837606837607,0.01706624373481902,
RUNX1,GEMM_held_out_test,7,21,0.9558043606364172,0.021615457430659204,
SIX1,GEMM_held_out_test,5,13,0.9903463940942646,0.013823049617779354,
SIX4,GEMM_held_out_test,8,18,0.9922155688622755,0.009047542494467393,
SMAD3,GEMM_held_out_test,5,15,0.9536613272311213,0.019784111534047157,
SOX11,GEMM_held_out_test,4,11,0.9892533936651584,0.016824596510151297,
SOX9,GEMM_held_out_test,1,2,1.0,0.0355643128511082,
STAT1,GEMM_held_out_test,1,2,1.0,0.037368729680356545,
STAT2,GEMM_held_out_test,5,13,0.9937535491198183,0.041029921950165894,
TBX15,GEMM_held_out_test,6,14,1.0,0.014156747512873694,
TCF4,GEMM_held_out_test,1,2,1.0,0.023923272787901167,
TCF7L1,GEMM_held_out_test,6,16,1.0,0.028148774784443442,
TCF7L2,GEMM_held_out_test,5,15,0.9841269841269841,0.014850100001393427,
TEAD1,GEMM_held_out_test,6,21,1.0,0.013705100600034173,
TFDP1,GEMM_held_out_test,1,2,1.0,0.02730104453716061,
THRB,GEMM_held_out_test,1,2,1.0,0.009664726649781514,
ZBTB20,GEMM_held_out_test,7,22,0.9795081967213115,0.01517245624929325,
ZEB1,GEMM_held_out_test,1,2,1.0,0.038962329181520074,
ASCL1,allograft_mt3,6,30,0.08764367816091954,0.611769941623838,0.10957240533100157
BACH1,allograft_mt3,5,23,0.40555555555555556,0.28845283333576993,0.10957240533100157
BACH2,allograft_mt3,3,8,0.47311095983662355,0.15015055607224087,0.10957240533100157
CREB1,allograft_mt3,1,2,1.0,0.0211359733581322,0.10957240533100157
CUX2,allograft_mt3,7,35,0.6731517509727627,0.14268160690036305,0.10957240533100157
EGR1,allograft_mt3,7,35,0.4840466926070039,0.20995195653079185,0.10957240533100157
EHF,allograft_mt3,2,4,0.5690946221919673,0.26197751562786314,0.10957240533100157
EPCAM,allograft_mt3,6,39,0.26953405017921145,0.32031811884929884,0.10957240533100157
ESR1,allograft_mt3,1,2,1.0,0.04598955388057784,0.10957240533100157
ETS1,allograft_mt3,4,15,0.33310580204778156,0.2251275126832376,0.10957240533100157
FOS,allograft_mt3,8,46,0.16482582837723025,0.3576944937973447,0.10957240533100157
FOXO3,allograft_mt3,4,13,0.6781292984869326,0.16089818235963632,0.10957240533100157
GRHL2,allograft_mt3,4,13,0.087465564738292,0.48319326622425424,0.10957240533100157
HES1,allograft_mt3,5,22,0.38748241912798875,0.2588212007522137,0.10957240533100157
HSF2,allograft_mt3,6,29,0.38860482103725347,0.2534254881899364,0.10957240533100157
ICAM1,allograft_mt3,6,31,0.43580599144079885,0.1805200208231926,0.10957240533100157
JUN,allograft_mt3,6,32,0.5408532176428055,0.2081262458910428,0.10957240533100157
JUNB,allograft_mt3,3,8,0.4247787610619469,0.2663628600962105,0.10957240533100157
JUND,allograft_mt3,1,2,1.0,0.030073329078044685,0.10957240533100157
KMT2A,allograft_mt3,7,40,0.4514637904468413,0.2893995206103499,0.10957240533100157
LMX1B,allograft_mt3,4,14,0.11485557083906466,0.2902632456575366,0.10957240533100157
MEIS2,allograft_mt3,4,16,0.27978216473791695,0.33942007845814043,0.10957240533100157
NCAM1,allograft_mt3,7,47,0.308095952023988,0.27960241768621114,0.10957240533100157
NFATC2,allograft_mt3,3,8,0.134785568413887,0.4075057430650239,0.10957240533100157
NFIA,allograft_mt3,7,37,0.20604182804027885,0.3529299291689669,0.10957240533100157
NFIB,allograft_mt3,8,37,0.4604377104377104,0.19671656396485637,0.10957240533100157
NFIX,allograft_mt3,5,27,0.21721027064538515,0.2793478355761795,0.10957240533100157
NFKB1,allograft_mt3,4,15,0.3290190735694823,0.28588528525881335,0.10957240533100157
NFYC,allograft_mt3,1,2,1.0,0.020272231318157176,0.10957240533100157
NR6A1,allograft_mt3,1,2,1.0,0.009835796355771993,0.10957240533100157
PBX1,allograft_mt3,4,15,0.12397820163487738,0.3392269235617952,0.10957240533100157
PKNOX2,allograft_mt3,5,29,0.22398345968297725,0.3625740406848041,0.10957240533100157
PROX1,allograft_mt3,2,4,0.7134104833219878,0.2142155875418202,0.10957240533100157
RBPJ,allograft_mt3,1,2,1.0,0.006362773374479338,0.10957240533100157
REST,allograft_mt3,3,8,0.24098025867937373,0.2842555765703429,0.10957240533100157
RORA_RORB,allograft_mt3,5,24,0.1597269624573379,0.6040652866245902,0.10957240533100157
RUNX1,allograft_mt3,7,40,0.3269230769230769,0.36176956271213373,0.10957240533100157
SIX1,allograft_mt3,5,23,0.5430974071478627,0.21644523132230467,0.10957240533100157
SIX4,allograft_mt3,8,48,0.4422560429722471,0.2005303842133052,0.10957240533100157
SMAD3,allograft_mt3,5,23,0.10284920083391244,0.5713374122697286,0.10957240533100157
SOX11,allograft_mt3,4,15,0.226775956284153,0.3939462760973093,0.10957240533100157
SOX9,allograft_mt3,1,2,1.0,0.029205823423982497,0.10957240533100157
STAT1,allograft_mt3,1,2,1.0,0.04477543460500484,0.10957240533100157
STAT2,allograft_mt3,5,21,0.43405443126308446,0.230529220514771,0.10957240533100157
TBX15,allograft_mt3,6,24,0.16678966789667896,0.26925564324627815,0.10957240533100157
TCF4,allograft_mt3,1,2,1.0,0.017425990443628817,0.10957240533100157
TCF7L1,allograft_mt3,6,34,0.49789915966386555,0.21592068046988422,0.10957240533100157
TCF7L2,allograft_mt3,5,22,0.17461430575035064,0.4274257214780743,0.10957240533100157
TEAD1,allograft_mt3,6,35,0.40486409155937053,0.21792322329836267,0.10957240533100157
TFDP1,allograft_mt3,1,2,1.0,0.019297567326680844,0.10957240533100157
THRB,allograft_mt3,1,2,0.0,0.30837402781585943,0.10957240533100157
ZBTB20,allograft_mt3,7,38,0.36363636363636365,0.334513051801333,0.10957240533100157
ZEB1,allograft_mt3,1,2,1.0,0.03357123584312135,0.10957240533100157
ASCL1,allograft_mt6,6,40,0.27395163758800123,0.259065166908719,0.25390221401441204
BACH1,allograft_mt6,5,26,0.7965947096381879,0.1224783077467561,0.25390221401441204
BACH2,allograft_mt6,3,8,0.3038890563762436,0.24068244475828682,0.25390221401441204
CREB1,allograft_mt6,1,2,1.0,0.029077221827547378,0.25390221401441204
CUX2,allograft_mt6,7,54,0.38095238095238093,0.27304474433318915,0.25390221401441204
EGR1,allograft_mt6,7,54,0.4480664749121125,0.2262487706900053,0.25390221401441204
EHF,allograft_mt6,2,4,0.0,0.2690203940192238,0.25390221401441204
EPCAM,allograft_mt6,6,37,0.33794587945879456,0.3599195433544433,0.25390221401441204
ESR1,allograft_mt6,1,2,1.0,0.03830309119441595,0.25390221401441204
ETS1,allograft_mt6,4,16,0.2071148628278565,0.447398260846535,0.25390221401441204
FOS,allograft_mt6,8,72,0.3303243062520896,0.24727964194047689,0.25390221401441204
FOXO3,allograft_mt6,4,15,0.7974607013301088,0.12417931085901622,0.25390221401441204
GRHL2,allograft_mt6,4,16,0.32559541754597526,0.2063975691976863,0.25390221401441204
HES1,allograft_mt6,5,29,0.5158658204895739,0.25247881360341046,0.25390221401441204
HSF2,allograft_mt6,6,44,0.5593323216995447,0.16243314184957652,0.25390221401441204
ICAM1,allograft_mt6,6,35,0.48095385568287397,0.24590000027902656,0.25390221401441204
JUN,allograft_mt6,6,39,0.36615384615384616,0.25679178918728435,0.25390221401441204
JUNB,allograft_mt6,3,8,0.23304190533614713,0.3539282637712163,0.25390221401441204
JUND,allograft_mt6,1,2,1.0,0.03294277638002795,0.25390221401441204
KMT2A,allograft_mt6,7,46,0.2444933920704846,0.28792663422887,0.25390221401441204
LMX1B,allograft_mt6,4,15,0.18212020537601933,0.25509512134596063,0.25390221401441204
MEIS2,allograft_mt6,4,16,0.36237564063913175,0.27037493142773755,0.25390221401441204
NCAM1,allograft_mt6,7,61,0.40582959641255606,0.25416550418339695,0.25390221401441204
NFATC2,allograft_mt6,3,8,0.10159782936388302,0.33329473656126846,0.25390221401441204
NFIA,allograft_mt6,7,51,0.7280534351145038,0.12696443154270773,0.25390221401441204
NFIB,allograft_mt6,8,65,0.4268292682926829,0.24612839026564176,0.25390221401441204
NFIX,allograft_mt6,5,30,0.19661733615221988,0.34908645993733173,0.25390221401441204
NFKB1,allograft_mt6,4,16,0.2484172444980404,0.31157541735886823,0.25390221401441204
NFYC,allograft_mt6,1,2,1.0,0.010411838385441336,0.25390221401441204
NR6A1,allograft_mt6,1,2,1.0,0.014699862637704394,0.25390221401441204
PBX1,allograft_mt6,4,16,0.38227313837805244,0.23641830946459733,0.25390221401441204
PKNOX2,allograft_mt6,5,32,0.344889960807959,0.25596611985157125,0.25390221401441204
PROX1,allograft_mt6,2,4,0.0,0.2650079770274428,0.25390221401441204
RBPJ,allograft_mt6,1,2,1.0,0.01136775319005644,0.25390221401441204
REST,allograft_mt6,3,8,0.241483268013265,0.2847886498735424,0.25390221401441204
RORA_RORB,allograft_mt6,5,30,0.44933655006031364,0.22254797257568013,0.25390221401441204
RUNX1,allograft_mt6,7,53,0.3323809523809524,0.2839399941024805,0.25390221401441204
SIX1,allograft_mt6,5,27,0.17652411282984531,0.4307795102857425,0.25390221401441204
SIX4,allograft_mt6,8,72,0.5363457760314342,0.21040495899357808,0.25390221401441204
SMAD3,allograft_mt6,5,28,0.6737224070154219,0.16226539472646787,0.25390221401441204
SOX11,allograft_mt6,4,16,0.35363280072354536,0.3781131791629246,0.25390221401441204
SOX9,allograft_mt6,1,2,1.0,0.02958833572583889,0.25390221401441204
STAT1,allograft_mt6,1,2,1.0,0.046168131092510035,0.25390221401441204
STAT2,allograft_mt6,5,28,0.7104784978800727,0.12736649742513115,0.25390221401441204
TBX15,allograft_mt6,6,33,0.548268464603126,0.2014264582975343,0.25390221401441204
TCF4,allograft_mt6,1,2,1.0,0.019795227041463435,0.25390221401441204
TCF7L1,allograft_mt6,6,38,0.3180559827745309,0.2705089952406159,0.25390221401441204
TCF7L2,allograft_mt6,5,27,0.3659872223912382,0.29937828693053836,0.25390221401441204
TEAD1,allograft_mt6,6,39,0.4233015677835844,0.23792993680258837,0.25390221401441204
TFDP1,allograft_mt6,1,2,1.0,0.020480809132700097,0.25390221401441204
THRB,allograft_mt6,1,2,1.0,0.05091892584305309,0.25390221401441204
ZBTB20,allograft_mt6,7,56,0.3491963441537977,0.2651488505545614,0.25390221401441204
ZEB1,allograft_mt6,1,2,1.0,0.026922180154456906,0.25390221401441204
ASCL1,allograft_3L,6,26,0.07287933094384708,0.5355450158549911,0.18335222526612685
BACH1,allograft_3L,5,20,0.037564029595902104,0.3469014506692366,0.18335222526612685
BACH2,allograft_3L,3,8,0.21876735147140478,0.24339852532270592,0.18335222526612685
CREB1,allograft_3L,1,2,1.0,0.024324173963545623,0.18335222526612685
CUX2,allograft_3L,7,37,0.5691937424789411,0.2271681199512632,0.18335222526612685
EGR1,allograft_3L,7,37,0.5932611311672683,0.18640323610870466,0.18335222526612685
EHF,allograft_3L,2,4,0.24430871737923376,0.19733875118199654,0.18335222526612685
EPCAM,allograft_3L,6,30,0.5151162790697674,0.17071097916327801,0.18335222526612685
ESR1,allograft_3L,1,2,1.0,0.039430197986537366,0.18335222526612685
ETS1,allograft_3L,4,16,0.441976679622432,0.2367028990295991,0.18335222526612685
FOS,allograft_3L,8,35,0.18386876281613124,0.26935119227864845,0.18335222526612685
FOXO3,allograft_3L,4,16,0.43808995002776235,0.24745392422270562,0.18335222526612685
GRHL2,allograft_3L,4,16,0.359800111049417,0.23262589769607123,0.18335222526612685
HES1,allograft_3L,5,22,0.22874720357941836,0.2672804612790624,0.18335222526612685
HSF2,allograft_3L,6,25,0.3888559573206876,0.23472213198786707,0.18335222526612685
ICAM1,allograft_3L,6,31,0.4395539906103286,0.26534519377965815,0.18335222526612685
JUN,allograft_3L,6,24,0.234375,0.29569057408136207,0.18335222526612685
JUNB,allograft_3L,3,8,0.24375347029428096,0.31039470634242894,0.18335222526612685
JUND,allograft_3L,1,2,1.0,0.03678230423388451,0.18335222526612685
KMT2A,allograft_3L,7,36,0.2515262515262515,0.4467648876673657,0.18335222526612685
LMX1B,allograft_3L,4,16,0.15824541921154914,0.3268675782468645,0.18335222526612685
MEIS2,allograft_3L,4,16,0.1532481954469739,0.4410382581956648,0.18335222526612685
NCAM1,allograft_3L,7,35,0.3192771084337349,0.27502519327990227,0.18335222526612685
NFATC2,allograft_3L,3,8,0.27040533037201553,0.2877530404556995,0.18335222526612685
NFIA,allograft_3L,7,35,0.31123388581952116,0.23943113324923632,0.18335222526612685
NFIB,allograft_3L,8,50,0.4191461836998706,0.23664445212991242,0.18335222526612685
NFIX,allograft_3L,5,23,0.04018109790605546,0.45018556732743276,0.18335222526612685
NFKB1,allograft_3L,4,13,0.188268156424581,0.4001216616658895,0.18335222526612685
NFYC,allograft_3L,1,2,1.0,0.014344553067960519,0.18335222526612685
NR6A1,allograft_3L,1,2,1.0,0.0027522708726281497,0.18335222526612685
PBX1,allograft_3L,4,13,0.43966480446927375,0.2035360841357343,0.18335222526612685
PKNOX2,allograft_3L,5,28,0.5019673974142776,0.22984581319919392,0.18335222526612685
PROX1,allograft_3L,2,4,0.8200999444752916,0.18257579545271152,0.18335222526612685
RBPJ,allograft_3L,1,2,1.0,0.005825864112857008,0.18335222526612685
REST,allograft_3L,3,8,0.21932259855635758,0.21742782279565787,0.18335222526612685
RORA_RORB,allograft_3L,5,20,0.2931726907630522,0.3834066895163683,0.18335222526612685
RUNX1,allograft_3L,7,33,0.44408322496749025,0.2509363486149574,0.18335222526612685
SIX1,allograft_3L,5,24,0.48867497168742924,0.272649877350619,0.18335222526612685
SIX4,allograft_3L,8,49,0.2793548387096774,0.24594620663504416,0.18335222526612685
SMAD3,allograft_3L,5,19,0.12372304199772985,0.5322172513559918,0.18335222526612685
SOX11,allograft_3L,4,15,0.20947075208913649,0.453806897469799,0.18335222526612685
SOX9,allograft_3L,1,2,1.0,0.028632141492144405,0.18335222526612685
STAT1,allograft_3L,1,2,1.0,0.037043823120778835,0.18335222526612685
STAT2,allograft_3L,5,22,0.4546998867497169,0.21273824318866538,0.18335222526612685
TBX15,allograft_3L,6,26,0.40174927113702624,0.17929181510637088,0.18335222526612685
TCF4,allograft_3L,1,2,1.0,0.01565592804463675,0.18335222526612685
TCF7L1,allograft_3L,6,34,0.42650462962962965,0.1944981080521212,0.18335222526612685
TCF7L2,allograft_3L,5,24,0.2261904761904762,0.35277404874657703,0.18335222526612685
TEAD1,allograft_3L,6,33,0.42780748663101603,0.21786331674583453,0.18335222526612685
TFDP1,allograft_3L,1,2,1.0,0.023207623620642357,0.18335222526612685
THRB,allograft_3L,1,2,0.5119378123264853,0.24121398597046373,0.18335222526612685
ZBTB20,allograft_3L,7,36,0.44582814445828145,0.20787696957084723,0.18335222526612685
ZEB1,allograft_3L,1,2,1.0,0.03381265662599657,0.18335222526612685
ASCL1,allograft_2LR,6,38,0.2135523613963039,0.2921728657463757,0.2925788503235253
BACH1,allograft_2LR,5,25,0.8600337268128162,0.09958412348127367,0.2925788503235253
BACH2,allograft_2LR,3,8,0.4161096256684492,0.2557933963806694,0.2925788503235253
CREB1,allograft_2LR,1,2,1.0,0.016637191277902877,0.2925788503235253
CUX2,allograft_2LR,7,47,0.5615164520743919,0.20834597620575462,0.2925788503235253
EGR1,allograft_2LR,7,47,0.45243204577968527,0.1880983941339219,0.2925788503235253
EHF,allograft_2LR,2,4,0.0,0.3689465031629195,0.2925788503235253
EPCAM,allograft_2LR,6,39,0.36,0.24153893569576126,0.2925788503235253
ESR1,allograft_2LR,1,2,1.0,0.04377034958886491,0.2925788503235253
ETS1,allograft_2LR,4,13,0.5134408602150538,0.23339429450921373,0.2925788503235253
FOS,allograft_2LR,8,68,0.2364620938628159,0.2998573690882452,0.2925788503235253
FOXO3,allograft_2LR,4,16,0.4090909090909091,0.21596756807765347,0.2925788503235253
GRHL2,allograft_2LR,4,14,0.789261744966443,0.1030171859630187,0.2925788503235253
HES1,allograft_2LR,5,26,0.43457786747393207,0.20097006752509913,0.2925788503235253
HSF2,allograft_2LR,6,27,0.09833795013850416,0.2807625249606348,0.2925788503235253
ICAM1,allograft_2LR,6,41,0.5410176531671859,0.19562201622000336,0.2925788503235253
JUN,allograft_2LR,6,37,0.42667574004763525,0.24180921248065854,0.2925788503235253
JUNB,allograft_2LR,3,8,0.21156417112299467,0.3042081241278558,0.2925788503235253
JUND,allograft_2LR,1,2,1.0,0.034096478396985416,0.2925788503235253
KMT2A,allograft_2LR,7,51,0.17155835080363382,0.3910521502723675,0.2925788503235253
LMX1B,allograft_2LR,4,16,0.2302807486631016,0.27088305168795956,0.2925788503235253
MEIS2,allograft_2LR,4,16,0.18148395721925134,0.2743544786515998,0.2925788503235253
NCAM1,allograft_2LR,7,45,0.33869839048285516,0.30814168530214087,0.2925788503235253
NFATC2,allograft_2LR,3,8,0.5481283422459893,0.16503420340471261,0.2925788503235253
NFIA,allograft_2LR,7,41,0.34767025089605735,0.2408309496970618,0.2925788503235253
NFIB,allograft_2LR,8,60,0.7083024462564863,0.12559319048104398,0.2925788503235253
NFIX,allograft_2LR,5,29,0.23926174496644295,0.4959647453209806,0.2925788503235253
NFKB1,allograft_2LR,4,14,0.2801608579088472,0.31600542543120735,0.2925788503235253
NFYC,allograft_2LR,1,2,1.0,0.024371414301766117,0.2925788503235253
NR6A1,allograft_2LR,1,2,1.0,0.011549685778002739,0.2925788503235253
PBX1,allograft_2LR,4,14,0.407171581769437,0.26211096053890015,0.2925788503235253
PKNOX2,allograft_2LR,5,28,0.2682108089963075,0.3286988633866399,0.2925788503235253
PROX1,allograft_2LR,2,4,0.8993983957219251,0.1342251669120594,0.2925788503235253
RBPJ,allograft_2LR,1,2,1.0,0.006550690024737508,0.2925788503235253
REST,allograft_2LR,3,8,0.25434491978609625,0.2672223984665816,0.2925788503235253
RORA_RORB,allograft_2LR,5,27,0.4675848169297951,0.236590351299194,0.2925788503235253
RUNX1,allograft_2LR,7,46,0.30628366247755834,0.26469764881438,0.2925788503235253
SIX1,allograft_2LR,5,27,0.5152941176470588,0.18539458701148856,0.2925788503235253
SIX4,allograft_2LR,8,49,0.5817394442439553,0.1348525896846613,0.2925788503235253
SMAD3,allograft_2LR,5,30,0.3227211796246649,0.36164211258987633,0.2925788503235253
SOX11,allograft_2LR,4,15,0.46604215456674475,0.2547797400519594,0.2925788503235253
SOX9,allograft_2LR,1,2,1.0,0.03149877448175585,0.2925788503235253
STAT1,allograft_2LR,1,2,1.0,0.03749306245040604,0.2925788503235253
STAT2,allograft_2LR,5,21,0.34893184130213634,0.19944936602347932,0.2925788503235253
TBX15,allograft_2LR,6,39,0.5772946859903382,0.18186005186656432,0.2925788503235253
TCF4,allograft_2LR,1,2,1.0,0.019384384029449024,0.2925788503235253
TCF7L1,allograft_2LR,6,42,0.3422040259297168,0.28867738010327587,0.2925788503235253
TCF7L2,allograft_2LR,5,26,0.14439946018893388,0.38548460299672027,0.2925788503235253
TEAD1,allograft_2LR,6,34,0.851608439986164,0.07331664780103385,0.2925788503235253
TFDP1,allograft_2LR,1,2,1.0,0.021046556718492145,0.2925788503235253
THRB,allograft_2LR,1,2,0.42312834224598933,0.17992028537742222,0.2925788503235253
ZBTB20,allograft_2LR,7,42,0.6779780841286673,0.13205078011752872,0.2925788503235253
ZEB1,allograft_2LR,1,2,1.0,0.0274314852083136,0.2925788503235253
ASCL1,allograft_mt5,6,49,0.0735775016350556,0.5000652160991765,0.25384168260020407
BACH1,allograft_mt5,5,28,0.6081871345029239,0.14227274675576884,0.25384168260020407
BACH2,allograft_mt5,3,8,0.2345360824742268,0.25499016931304797,0.25384168260020407
CREB1,allograft_mt5,1,2,1.0,0.028228527093916968,0.25384168260020407
CUX2,allograft_mt5,7,52,0.6630061770761839,0.13624481501246494,0.25384168260020407
EGR1,allograft_mt5,7,52,0.6839396019217571,0.15578325997552442,0.25384168260020407
EHF,allograft_mt5,2,4,0.6433634020618557,0.15679353386952904,0.25384168260020407
EPCAM,allograft_mt5,6,42,0.1776532630191167,0.34800683347404854,0.25384168260020407
ESR1,allograft_mt5,1,2,1.0,0.04188267317951118,0.25384168260020407
ETS1,allograft_mt5,4,16,0.3489046391752577,0.21726871104117657,0.25384168260020407
FOS,allograft_mt5,8,79,0.3179190751445087,0.2977106351288288,0.25384168260020407
FOXO3,allograft_mt5,4,16,0.32055412371134023,0.32388799479339014,0.25384168260020407
GRHL2,allograft_mt5,4,16,0.44007731958762886,0.24362397244792705,0.25384168260020407
HES1,allograft_mt5,5,29,0.21701164294954722,0.3971388415135095,0.25384168260020407
HSF2,allograft_mt5,6,37,0.700367033700367,0.13432876326223944,0.25384168260020407
ICAM1,allograft_mt5,6,36,0.4503022162525185,0.1749076273277339,0.25384168260020407
JUN,allograft_mt5,6,32,0.5021459227467812,0.19077627409964926,0.25384168260020407
JUNB,allograft_mt5,3,8,0.26836340206185566,0.26713426808662183,0.25384168260020407
JUND,allograft_mt5,1,2,1.0,0.04244863440849565,0.25384168260020407
KMT2A,allograft_mt5,7,51,0.1855111712931618,0.43607062134183694,0.25384168260020407
LMX1B,allograft_mt5,4,16,0.2615979381443299,0.17853545333202353,0.25384168260020407
MEIS2,allograft_mt5,4,16,0.2657860824742268,0.32609421108911346,0.25384168260020407
NCAM1,allograft_mt5,7,47,0.4233425414364641,0.1984811314710644,0.25384168260020407
NFATC2,allograft_mt5,3,8,0.38240979381443296,0.17936699399429107,0.25384168260020407
NFIA,allograft_mt5,7,48,0.5612386917188588,0.19554180231089321,0.25384168260020407
NFIB,allograft_mt5,8,58,0.4522058823529412,0.22842833136810897,0.25384168260020407
NFIX,allograft_mt5,5,28,0.10543442889684347,0.44433700494384676,0.25384168260020407
NFKB1,allograft_mt5,4,16,0.25579896907216493,0.26787669145228726,0.25384168260020407
NFYC,allograft_mt5,1,2,1.0,0.014978763977349163,0.25384168260020407
NR6A1,allograft_mt5,1,2,1.0,0.007491660458598555,0.25384168260020407
PBX1,allograft_mt5,4,16,0.7799613402061856,0.12882965685217096,0.25384168260020407
PKNOX2,allograft_mt5,5,30,0.23432449903038138,0.38985301149040935,0.25384168260020407
PROX1,allograft_mt5,2,4,0.8524484536082474,0.16196670095840163,0.25384168260020407
RBPJ,allograft_mt5,1,2,1.0,0.010297374729501138,0.25384168260020407
REST,allograft_mt5,3,8,0.15399484536082475,0.3585193000904827,0.25384168260020407
RORA_RORB,allograft_mt5,5,23,0.4582113821138211,0.2818506162154064,0.25384168260020407
RUNX1,allograft_mt5,7,53,0.5996615905245347,0.21954737020220885,0.25384168260020407
SIX1,allograft_mt5,5,28,0.15888456549935148,0.3213539107526149,0.25384168260020407
SIX4,allograft_mt5,8,67,0.5378368401624215,0.16037609867277408,0.25384168260020407
SMAD3,allograft_mt5,5,25,0.14267100977198696,0.45873105658558483,0.25384168260020407
SOX11,allograft_mt5,4,14,0.2641265741039716,0.36894546315854565,0.25384168260020407
SOX9,allograft_mt5,1,2,1.0,0.026327613818245853,0.25384168260020407
STAT1,allograft_mt5,1,2,1.0,0.03726792661991871,0.25384168260020407
STAT2,allograft_mt5,5,25,0.7987666342096722,0.08426272798357877,0.25384168260020407
TBX15,allograft_mt5,6,36,0.5480800787659993,0.16510824959939982,0.25384168260020407
TCF4,allograft_mt5,1,2,1.0,0.011116815385194653,0.25384168260020407
TCF7L1,allograft_mt5,6,45,0.5872911889944317,0.1743881182045621,0.25384168260020407
TCF7L2,allograft_mt5,5,26,0.39453125,0.38256891460747783,0.25384168260020407
TEAD1,allograft_mt5,6,44,0.7726072607260726,0.10339857787481224,0.25384168260020407
TFDP1,allograft_mt5,1,2,1.0,0.023116706281671347,0.25384168260020407
THRB,allograft_mt5,1,2,0.4900128865979381,0.22807165439555302,0.25384168260020407
ZBTB20,allograft_mt5,7,47,0.5176271186440679,0.15233096235986351,0.25384168260020407
ZEB1,allograft_mt5,1,2,1.0,0.03064350104870271,0.25384168260020407
ASCL1,allograft_2L,6,34,0.2,0.3938389137259981,0.2789601253201466
BACH1,allograft_2L,5,25,0.5037986704653371,0.17389661023490857,0.2789601253201466
BACH2,allograft_2L,3,8,0.3764705882352941,0.2707242653258083,0.2789601253201466
CREB1,allograft_2L,1,2,1.0,0.025460570174579523,0.2789601253201466
CUX2,allograft_2L,7,38,0.5099439061703213,0.19577614188491926,0.2789601253201466
EGR1,allograft_2L,7,38,0.4467108618052014,0.1834006197009295,0.2789601253201466
EHF,allograft_2L,2,4,0.33741176470588236,0.2526334173699058,0.2789601253201466
EPCAM,allograft_2L,6,31,0.28773125608568645,0.2935285426837185,0.2789601253201466
ESR1,allograft_2L,1,2,1.0,0.05195312198226147,0.2789601253201466
ETS1,allograft_2L,4,13,0.38203309692671394,0.2478301999303475,0.2789601253201466
FOS,allograft_2L,8,44,0.07609921082299888,0.3570717890953146,0.2789601253201466
FOXO3,allograft_2L,4,16,0.42023529411764704,0.22024662421187052,0.2789601253201466
GRHL2,allograft_2L,4,15,0.793022159358793,0.11682826028670237,0.2789601253201466
HES1,allograft_2L,5,24,0.34272076372315036,0.242258387404568,0.2789601253201466
HSF2,allograft_2L,6,26,0.4337231968810916,0.20504559940418332,0.2789601253201466
ICAM1,allograft_2L,6,29,0.2993062438057483,0.2583899018076865,0.2789601253201466
JUN,allograft_2L,6,24,0.6570871894788115,0.1667181931624242,0.2789601253201466
JUNB,allograft_2L,3,8,0.2842352941176471,0.30187805409253343,0.2789601253201466
JUND,allograft_2L,1,2,1.0,0.04176546668916841,0.2789601253201466
KMT2A,allograft_2L,7,43,0.10900945744151319,0.45233751649988424,0.2789601253201466
LMX1B,allograft_2L,4,15,0.3668555240793201,0.297706474983241,0.2789601253201466
MEIS2,allograft_2L,4,16,0.26494117647058824,0.33593445710997577,0.2789601253201466
NCAM1,allograft_2L,7,35,0.4324596774193548,0.28034709985702977,0.2789601253201466
NFATC2,allograft_2L,3,8,0.5581176470588235,0.20700350290532296,0.2789601253201466
NFIA,allograft_2L,7,36,0.5648854961832062,0.22772387650076395,0.2789601253201466
NFIB,allograft_2L,8,45,0.6562841530054645,0.14745334229928214,0.2789601253201466
NFIX,allograft_2L,5,25,0.2119047619047619,0.48519062309875094,0.2789601253201466
NFKB1,allograft_2L,4,14,0.3647502356267672,0.2477424698415831,0.2789601253201466
NFYC,allograft_2L,1,2,1.0,0.03197958313357948,0.2789601253201466
NR6A1,allograft_2L,1,2,1.0,0.006662255052750854,0.2789601253201466
PBX1,allograft_2L,4,14,0.5711592836946278,0.19845897581793484,0.2789601253201466
PKNOX2,allograft_2L,5,26,0.4301330798479088,0.31939305947885666,0.2789601253201466
PROX1,allograft_2L,2,4,0.9204705882352942,0.10841840012850754,0.2789601253201466
RBPJ,allograft_2L,1,2,1.0,0.005847164197747058,0.2789601253201466
REST,allograft_2L,3,8,0.1251764705882353,0.3843640124110548,0.2789601253201466
RORA_RORB,allograft_2L,5,24,0.5345402572653645,0.23799623347876617,0.2789601253201466
RUNX1,allograft_2L,7,40,0.3047962867457452,0.2757171804205194,0.2789601253201466
SIX1,allograft_2L,5,24,0.49282982791587,0.22934684565857927,0.2789601253201466
SIX4,allograft_2L,8,42,0.5431309904153354,0.14664284550445694,0.2789601253201466
SMAD3,allograft_2L,5,28,0.15664931377188832,0.43207495150725533,0.2789601253201466
SOX11,allograft_2L,4,14,0.7183231276495525,0.20372755403647788,0.2789601253201466
SOX9,allograft_2L,1,2,1.0,0.04321079123682537,0.2789601253201466
STAT1,allograft_2L,1,2,1.0,0.041249838876662594,0.2789601253201466
STAT2,allograft_2L,5,24,0.505938242280285,0.1807297002376253,0.2789601253201466
TBX15,allograft_2L,6,25,0.6633216256899147,0.2140070849946224,0.2789601253201466
TCF4,allograft_2L,1,2,1.0,0.010237671576983895,0.2789601253201466
TCF7L1,allograft_2L,6,38,0.4408759124087591,0.2620537721785543,0.2789601253201466
TCF7L2,allograft_2L,5,20,0.14820143884892087,0.41901343082949893,0.2789601253201466
TEAD1,allograft_2L,6,34,0.8834622823984526,0.06850742171400552,0.2789601253201466
TFDP1,allograft_2L,1,2,1.0,0.021333124291636262,0.2789601253201466
THRB,allograft_2L,1,2,0.45647058823529413,0.14516464699975182,0.2789601253201466
ZBTB20,allograft_2L,7,38,0.4163754368447329,0.22564954040436597,0.2789601253201466
ZEB1,allograft_2L,1,2,1.0,0.030196728676262538,0.2789601253201466
ASCL1,allograft_mt4Rf,6,46,0.3407258064516129,0.2548470855251819,0.23680429512579726
BACH1,allograft_mt4Rf,5,31,0.6225758329189458,0.1461664291908228,0.23680429512579726
BACH2,allograft_mt4Rf,3,8,0.10581222056631892,0.25398241862786586,0.23680429512579726
CREB1,allograft_mt4Rf,1,2,1.0,0.01433035799235225,0.23680429512579726
CUX2,allograft_mt4Rf,7,69,0.5506721820062047,0.2056875011295201,0.23680429512579726
EGR1,allograft_mt4Rf,7,69,0.5876421923474664,0.18875052638397088,0.23680429512579726
EHF,allograft_mt4Rf,2,4,0.13760556383507203,0.3900269256736873,0.23680429512579726
EPCAM,allograft_mt4Rf,6,51,0.49061796347260445,0.3327463236334721,0.23680429512579726
ESR1,allograft_mt4Rf,1,2,1.0,0.044045726113025555,0.23680429512579726
ETS1,allograft_mt4Rf,4,16,0.15424739195231,0.3780708305340572,0.23680429512579726
FOS,allograft_mt4Rf,8,61,0.11927097292950951,0.32846438930983274,0.23680429512579726
FOXO3,allograft_mt4Rf,4,15,0.037055458841084306,0.2893910613712243,0.23680429512579726
GRHL2,allograft_mt4Rf,4,16,0.39716840536512665,0.2757501038984359,0.23680429512579726
HES1,allograft_mt4Rf,5,29,0.20344053851907254,0.27593610258437146,0.23680429512579726
HSF2,allograft_mt4Rf,6,41,0.7350557244174265,0.1487255075875789,0.23680429512579726
ICAM1,allograft_mt4Rf,6,46,0.1850164515312579,0.3242383093518571,0.23680429512579726
JUN,allograft_mt4Rf,6,39,0.6837585248800202,0.13900439961188243,0.23680429512579726
JUNB,allograft_mt4Rf,3,8,0.14307004470938897,0.34845637994413636,0.23680429512579726
JUND,allograft_mt4Rf,1,2,1.0,0.03245299382667351,0.23680429512579726
KMT2A,allograft_mt4Rf,7,57,0.2026127049180328,0.45217055977774623,0.23680429512579726
LMX1B,allograft_mt4Rf,4,16,0.41306507699950323,0.3091021358642295,0.23680429512579726
MEIS2,allograft_mt4Rf,4,16,0.12021857923497267,0.3278470903508876,0.23680429512579726
NCAM1,allograft_mt4Rf,7,67,0.5827282157676349,0.21785771266730997,0.23680429512579726
NFATC2,allograft_mt4Rf,3,8,0.410829607550919,0.28317319378661854,0.23680429512579726
NFIA,allograft_mt4Rf,7,62,0.2083766909469303,0.26588155065935654,0.23680429512579726
NFIB,allograft_mt4Rf,8,70,0.6371822033898306,0.15811194773987156,0.23680429512579726
NFIX,allograft_mt4Rf,5,28,0.2389513108614232,0.38485451601101206,0.23680429512579726
NFKB1,allograft_mt4Rf,4,16,0.3211624441132638,0.2647388545523455,0.23680429512579726
NFYC,allograft_mt4Rf,1,2,1.0,0.010256081320922376,0.23680429512579726
NR6A1,allograft_mt4Rf,1,2,1.0,0.0122628711627755,0.23680429512579726
PBX1,allograft_mt4Rf,4,16,0.2414307004470939,0.26143706559145347,0.23680429512579726
PKNOX2,allograft_mt4Rf,5,25,0.36422845691382766,0.25862771226503517,0.23680429512579726
PROX1,allograft_mt4Rf,2,4,0.8154495777446598,0.11778336244278385,0.23680429512579726
RBPJ,allograft_mt4Rf,1,2,1.0,0.016936857182896826,0.23680429512579726
REST,allograft_mt4Rf,3,8,0.08420268256333831,0.423232586888577,0.23680429512579726
RORA_RORB,allograft_mt4Rf,5,29,0.4798206278026906,0.31827123912987126,0.23680429512579726
RUNX1,allograft_mt4Rf,7,52,0.5255681818181818,0.22105090825820808,0.23680429512579726
SIX1,allograft_mt4Rf,5,31,0.4301717699775952,0.26255320833744894,0.23680429512579726
SIX4,allograft_mt4Rf,8,64,0.5244755244755245,0.17700176296353679,0.23680429512579726
SMAD3,allograft_mt4Rf,5,26,0.168671679197995,0.3103998094325451,0.23680429512579726
SOX11,allograft_mt4Rf,4,15,0.2390547263681592,0.29958270959983846,0.23680429512579726
SOX9,allograft_mt4Rf,1,2,1.0,0.029214572010516516,0.23680429512579726
STAT1,allograft_mt4Rf,1,2,1.0,0.042471029278278644,0.23680429512579726
STAT2,allograft_mt4Rf,5,26,0.6390072699924794,0.14786604991896427,0.23680429512579726
TBX15,allograft_mt4Rf,6,41,0.18886380737396538,0.30696551515527803,0.23680429512579726
TCF4,allograft_mt4Rf,1,2,1.0,0.012865188449799714,0.23680429512579726
TCF7L1,allograft_mt4Rf,6,44,0.2760798181358929,0.2458185141969525,0.23680429512579726
TCF7L2,allograft_mt4Rf,5,30,0.3395615346287992,0.33010100435819645,0.23680429512579726
TEAD1,allograft_mt4Rf,6,44,0.6226798881261124,0.16332101739725507,0.23680429512579726
TFDP1,allograft_mt4Rf,1,2,1.0,0.027041846559678107,0.23680429512579726
THRB,allograft_mt4Rf,1,2,1.0,0.1092779819903889,0.23680429512579726
ZBTB20,allograft_mt4Rf,7,58,0.3668915412558381,0.2555056219715774,0.23680429512579726
ZEB1,allograft_mt4Rf,1,2,1.0,0.024498269449061978,0.23680429512579726
ASCL1,allograft_TKO-luc,6,23,0.7342606149341142,0.11362026250156257,0.5498306292431346
BACH1,allograft_TKO-luc,5,20,0.20267314702308628,0.3669777003867071,0.5498306292431346
BACH2,allograft_TKO-luc,3,8,0.47009165460685,0.11039251548002907,0.5498306292431346
CREB1,allograft_TKO-luc,1,2,1.0,0.012421413685092189,0.5498306292431346
CUX2,allograft_TKO-luc,7,27,0.8725079990155058,0.10994638879087282,0.5498306292431346
EGR1,allograft_TKO-luc,7,27,0.6874230863893674,0.1368986478051566,0.5498306292431346
EHF,allograft_TKO-luc,2,4,0.2819585142305837,0.2639699306870392,0.5498306292431346
EPCAM,allograft_TKO-luc,6,26,0.45093228655544654,0.22551915068891695,0.5498306292431346
ESR1,allograft_TKO-luc,1,2,1.0,0.04627954930255584,0.5498306292431346
ETS1,allograft_TKO-luc,4,16,0.681379643029426,0.15773839227190878,0.5498306292431346
FOS,allograft_TKO-luc,8,28,0.5608782435129741,0.22992421406609612,0.5498306292431346
FOXO3,allograft_TKO-luc,4,12,0.2559768171939145,0.24159357274597135,0.5498306292431346
GRHL2,allograft_TKO-luc,4,12,0.671584038694075,0.1355641237439874,0.5498306292431346
HES1,allograft_TKO-luc,5,18,0.5601549261679981,0.15490062782775368,0.5498306292431346
HSF2,allograft_TKO-luc,6,26,0.8786069651741294,0.08089194238151666,0.5498306292431346
ICAM1,allograft_TKO-luc,6,24,0.6725018234865062,0.11513874583283748,0.5498306292431346
JUN,allograft_TKO-luc,6,27,0.13603297769156159,0.4748588373592968,0.5498306292431346
JUNB,allograft_TKO-luc,3,8,0.21177038109020743,0.1696031833554208,0.5498306292431346
JUND,allograft_TKO-luc,1,2,1.0,0.04987026606828521,0.5498306292431346
KMT2A,allograft_TKO-luc,7,27,0.23940886699507388,0.2838303783984666,0.5498306292431346
LMX1B,allograft_TKO-luc,4,12,0.6997105643994211,0.10496672446322544,0.5498306292431346
MEIS2,allograft_TKO-luc,4,8,0.8642303969022265,0.07010863795532635,0.5498306292431346
NCAM1,allograft_TKO-luc,7,27,0.7421836228287841,0.10314820364156861,0.5498306292431346
NFATC2,allograft_TKO-luc,3,7,0.9126869271587071,0.09201134216331207,0.5498306292431346
NFIA,allograft_TKO-luc,7,31,0.5866831072749692,0.16696874932138,0.5498306292431346
NFIB,allograft_TKO-luc,8,39,0.8956413449564135,0.06707696995345099,0.5498306292431346
NFIX,allograft_TKO-luc,5,16,0.016755706653715396,0.3183833128972421,0.5498306292431346
NFKB1,allograft_TKO-luc,4,12,0.1544970986460348,0.5122665182779792,0.5498306292431346
NFYC,allograft_TKO-luc,1,2,1.0,0.02235649677616933,0.5498306292431346
NR6A1,allograft_TKO-luc,1,2,1.0,0.03865122942578683,0.5498306292431346
PBX1,allograft_TKO-luc,4,12,0.355174081237911,0.2787724687278724,0.5498306292431346
PKNOX2,allograft_TKO-luc,5,16,0.8165938864628821,0.09038304310645587,0.5498306292431346
PROX1,allograft_TKO-luc,2,4,0.9425952725518573,0.06199243460620011,0.5498306292431346
RBPJ,allograft_TKO-luc,1,2,1.0,0.005699721338286161,0.5498306292431346
REST,allograft_TKO-luc,3,8,0.773757838880849,0.14068661131933818,0.5498306292431346
RORA_RORB,allograft_TKO-luc,5,18,0.8840368753032508,0.07577535107604097,0.5498306292431346
RUNX1,allograft_TKO-luc,7,37,0.5137888198757764,0.22224443822005663,0.5498306292431346
SIX1,allograft_TKO-luc,5,13,0.9582726831635129,0.033727672086187294,0.5498306292431346
SIX4,allograft_TKO-luc,8,28,0.7942336126170527,0.07734872314061583,0.5498306292431346
SMAD3,allograft_TKO-luc,5,14,0.8802032913843175,0.11786934301295658,0.5498306292431346
SOX11,allograft_TKO-luc,4,16,0.42281717317896766,0.23399075498593114,0.5498306292431346
SOX9,allograft_TKO-luc,1,2,1.0,0.03438043419218498,0.5498306292431346
STAT1,allograft_TKO-luc,1,2,1.0,0.03296563332473855,0.5498306292431346
STAT2,allograft_TKO-luc,5,16,0.7485436893203884,0.13652402916619538,0.5498306292431346
TBX15,allograft_TKO-luc,6,28,0.7685365853658537,0.08762046629686791,0.5498306292431346
TCF4,allograft_TKO-luc,1,2,1.0,0.05416603904982162,0.5498306292431346
TCF7L1,allograft_TKO-luc,6,18,0.40004863813229574,0.20022579032310953,0.5498306292431346
TCF7L2,allograft_TKO-luc,5,15,0.7529126213592233,0.07290510509146617,0.5498306292431346
TEAD1,allograft_TKO-luc,6,27,0.5705190989226249,0.14120375337274726,0.5498306292431346
TFDP1,allograft_TKO-luc,1,2,1.0,0.03317825138347786,0.5498306292431346
THRB,allograft_TKO-luc,1,2,1.0,0.06527197264665092,0.5498306292431346
ZBTB20,allograft_TKO-luc,7,35,0.5961585816301403,0.20127283399718257,0.5498306292431346
ZEB1,allograft_TKO-luc,1,2,1.0,0.029590999670896564,0.5498306292431346
ASCL1,allograft_mt4,6,43,0.2891007472300953,0.3161161564926195,0.24106770302772618
BACH1,allograft_mt4,5,31,0.6090816844241502,0.1421163090251255,0.24106770302772618
BACH2,allograft_mt4,3,8,0.5685678073510773,0.22991536135114998,0.24106770302772618
CREB1,allograft_mt4,1,2,1.0,0.017528668923414075,0.24106770302772618
CUX2,allograft_mt4,7,58,0.3958779443254818,0.2753423811386105,0.24106770302772618
EGR1,allograft_mt4,7,58,0.5152569593147751,0.21035850407434192,0.24106770302772618
EHF,allograft_mt4,2,4,0.0,0.25869010171534473,0.24106770302772618
EPCAM,allograft_mt4,6,45,0.3869889431730522,0.2985556283213652,0.24106770302772618
ESR1,allograft_mt4,1,2,1.0,0.04064208350287946,0.24106770302772618
ETS1,allograft_mt4,4,16,0.29581749049429656,0.3713326932727084,0.24106770302772618
FOS,allograft_mt4,8,59,0.27406789092932665,0.2880432375332759,0.24106770302772618
FOXO3,allograft_mt4,4,15,0.4255642911488714,0.29961766446646937,0.24106770302772618
GRHL2,allograft_mt4,4,16,0.4403041825095057,0.2503720706693033,0.24106770302772618
HES1,allograft_mt4,5,29,0.41118170266836085,0.2989128038675485,0.24106770302772618
HSF2,allograft_mt4,6,39,0.2668219461697723,0.24913931450984325,0.24106770302772618
ICAM1,allograft_mt4,6,46,0.33610173890474954,0.2886908025587628,0.24106770302772618
JUN,allograft_mt4,6,35,0.4022633744855967,0.21951880917557792,0.24106770302772618
JUNB,allograft_mt4,3,8,0.13307984790874525,0.27784542603072104,0.24106770302772618
JUND,allograft_mt4,1,2,1.0,0.03644053312763866,0.24106770302772618
KMT2A,allograft_mt4,7,63,0.15270164447924825,0.4387948175156529,0.24106770302772618
LMX1B,allograft_mt4,4,16,0.3685678073510773,0.21008631713111667,0.24106770302772618
MEIS2,allograft_mt4,4,16,0.17465145754119138,0.3526431124915727,0.24106770302772618
NCAM1,allograft_mt4,7,68,0.3943100239298059,0.22092387824717225,0.24106770302772618
NFATC2,allograft_mt4,3,8,0.5726235741444867,0.20313011025566496,0.24106770302772618
NFIA,allograft_mt4,7,63,0.40644820295983086,0.2465799809722679,0.24106770302772618
NFIB,allograft_mt4,8,77,0.5572207084468664,0.17785489546822186,0.24106770302772618
NFIX,allograft_mt4,5,30,0.3142639206712433,0.40072699420580443,0.24106770302772618
NFKB1,allograft_mt4,4,16,0.048669201520912544,0.36462765891875387,0.24106770302772618
NFYC,allograft_mt4,1,2,1.0,0.009257060550488035,0.24106770302772618
NR6A1,allograft_mt4,1,2,1.0,0.014820025709362387,0.24106770302772618
PBX1,allograft_mt4,4,16,0.3683143219264892,0.23279477111951902,0.24106770302772618
PKNOX2,allograft_mt4,5,28,0.6005089058524173,0.20962462881435015,0.24106770302772618
PROX1,allograft_mt4,2,4,0.8005069708491762,0.09296747965445497,0.24106770302772618
RBPJ,allograft_mt4,1,2,1.0,0.025156616079849592,0.24106770302772618
REST,allograft_mt4,3,8,0.061596958174904945,0.392775136422971,0.24106770302772618
RORA_RORB,allograft_mt4,5,30,0.45244737509510524,0.27935333076035435,0.24106770302772618
RUNX1,allograft_mt4,7,50,0.6328207847295865,0.1804721123881067,0.24106770302772618
SIX1,allograft_mt4,5,31,0.36589698046181174,0.27779621489868717,0.24106770302772618
SIX4,allograft_mt4,8,68,0.47417582417582416,0.17363075744724193,0.24106770302772618
SMAD3,allograft_mt4,5,27,0.39658685685175754,0.27172767315507174,0.24106770302772618
SOX11,allograft_mt4,4,16,0.06768060836501902,0.41245975095214044,0.24106770302772618
SOX9,allograft_mt4,1,2,1.0,0.031294697452656346,0.24106770302772618
STAT1,allograft_mt4,1,2,1.0,0.03827756522180981,0.24106770302772618
STAT2,allograft_mt4,5,28,0.5838635785187071,0.15477514144896076,0.24106770302772618
TBX15,allograft_mt4,6,44,0.506033376123235,0.22884729965386053,0.24106770302772618
TCF4,allograft_mt4,1,2,1.0,0.01544308852344901,0.24106770302772618
TCF7L1,allograft_mt4,6,48,0.42024145902902643,0.2336522696831728,0.24106770302772618
TCF7L2,allograft_mt4,5,30,0.3788378584115707,0.3334099464020241,0.24106770302772618
TEAD1,allograft_mt4,6,44,0.6529245039938161,0.15749265755466363,0.24106770302772618
TFDP1,allograft_mt4,1,2,1.0,0.026498118410347896,0.24106770302772618
THRB,allograft_mt4,1,2,0.4679340937896071,0.09947034743038492,0.24106770302772618
ZBTB20,allograft_mt4,7,58,0.2131190727081138,0.3373322221037278,0.24106770302772618
ZEB1,allograft_mt4,1,2,1.0,0.02133039634602026,0.24106770302772618
ASCL1,allograft_5B,6,55,0.069067405355494,0.4420593091188847,0.15193191615347967
BACH1,allograft_5B,5,29,0.3287898323816541,0.2419745890894301,0.15193191615347967
BACH2,allograft_5B,3,8,0.09511568123393316,0.27906619533643745,0.15193191615347967
CREB1,allograft_5B,1,2,1.0,0.02312163268699961,0.15193191615347967
CUX2,allograft_5B,7,76,0.3271732981331322,0.27781614067812516,0.15193191615347967
EGR1,allograft_5B,7,76,0.36488779935885346,0.29895042626877344,0.15193191615347967
EHF,allograft_5B,2,4,0.25211164157179583,0.2250583281109379,0.15193191615347967
EPCAM,allograft_5B,6,56,0.4928690498240415,0.2000309485229968,0.15193191615347967
ESR1,allograft_5B,1,2,1.0,0.0475607380729728,0.15193191615347967
ETS1,allograft_5B,4,14,0.14403973509933773,0.40960388639544026,0.15193191615347967
FOS,allograft_5B,8,92,0.3154647126880062,0.31101707528433264,0.15193191615347967
FOXO3,allograft_5B,4,16,0.5751009915534337,0.24389824175895894,0.15193191615347967
GRHL2,allograft_5B,4,14,0.18753447324875896,0.3322535856168351,0.15193191615347967
HES1,allograft_5B,5,30,0.2622197721425946,0.3005373553736983,0.15193191615347967
HSF2,allograft_5B,6,40,0.17130660727542688,0.5033468618628135,0.15193191615347967
ICAM1,allograft_5B,6,50,0.2099630996309963,0.27383376693975275,0.15193191615347967
JUN,allograft_5B,6,46,0.3241430700447094,0.3466147884186444,0.15193191615347967
JUNB,allograft_5B,3,7,0.26776859504132233,0.24945356186403617,0.15193191615347967
JUND,allograft_5B,1,2,1.0,0.03406242219456941,0.15193191615347967
KMT2A,allograft_5B,7,77,0.25,0.3358164178624477,0.15193191615347967
LMX1B,allograft_5B,4,16,0.3696290855673889,0.2114558352238077,0.15193191615347967
MEIS2,allograft_5B,4,16,0.3018729342636798,0.25887056180070844,0.15193191615347967
NCAM1,allograft_5B,7,55,0.3062857142857143,0.3045884536329615,0.15193191615347967
NFATC2,allograft_5B,3,8,0.07822254865956665,0.26868300773034465,0.15193191615347967
NFIA,allograft_5B,7,55,0.06449771689497717,0.5199165668855837,0.15193191615347967
NFIB,allograft_5B,8,73,0.575279168271082,0.15101398808505304,0.15193191615347967
NFIX,allograft_5B,5,29,0.4888766317337746,0.2364874936590036,0.15193191615347967
NFKB1,allograft_5B,4,16,0.08777084098420859,0.5157960516853436,0.15193191615347967
NFYC,allograft_5B,1,2,1.0,0.018687536769000347,0.15193191615347967
NR6A1,allograft_5B,1,2,1.0,0.007210464627580759,0.15193191615347967
PBX1,allograft_5B,4,16,0.535438854204921,0.21816037618380252,0.15193191615347967
PKNOX2,allograft_5B,5,31,0.6460859977949284,0.15291551608670995,0.15193191615347967
PROX1,allograft_5B,2,4,0.13808299669482188,0.18861675933307764,0.15193191615347967
RBPJ,allograft_5B,1,2,1.0,0.006507172042055758,0.15193191615347967
REST,allograft_5B,3,8,0.26055820785897904,0.28462076765000355,0.15193191615347967
RORA_RORB,allograft_5B,5,28,0.21170839469808542,0.3552893293512771,0.15193191615347967
RUNX1,allograft_5B,7,62,0.5153700189753321,0.2474467360595194,0.15193191615347967
SIX1,allograft_5B,5,32,0.3824825560044069,0.2390735597282832,0.15193191615347967
SIX4,allograft_5B,8,68,0.6783569075760512,0.14414413856393238,0.15193191615347967
SMAD3,allograft_5B,5,30,0.46593001841620624,0.2408540498593218,0.15193191615347967
SOX11,allograft_5B,4,16,0.12082262210796915,0.3187191175210198,0.15193191615347967
SOX9,allograft_5B,1,2,1.0,0.03003733571474779,0.15193191615347967
STAT1,allograft_5B,1,2,1.0,0.03839855647717008,0.15193191615347967
STAT2,allograft_5B,5,26,0.24211690945970865,0.22787301922365685,0.15193191615347967
TBX15,allograft_5B,6,51,0.15780669144981413,0.36015379381058377,0.15193191615347967
TCF4,allograft_5B,1,2,1.0,0.01063382816611163,0.15193191615347967
TCF7L1,allograft_5B,6,51,0.38080207946528033,0.29288207506351066,0.15193191615347967
TCF7L2,allograft_5B,5,26,0.35521947620804134,0.2354076549008822,0.15193191615347967
TEAD1,allograft_5B,6,47,0.7357049729931086,0.10958832749944039,0.15193191615347967
TFDP1,allograft_5B,1,2,1.0,0.028285699173165896,0.15193191615347967
THRB,allograft_5B,1,2,0.0,0.3820339178331453,0.15193191615347967
ZBTB20,allograft_5B,7,70,0.5143993937097385,0.17374550585642504,0.15193191615347967
ZEB1,allograft_5B,1,2,1.0,0.020672367339540944,0.15193191615347967
ASCL1,allograft_mt2,6,22,0.4431927904731252,0.2143577208471079,0.11437624137526792
BACH1,allograft_mt2,5,19,0.6550969355847405,0.14159303039246435,0.11437624137526792
BACH2,allograft_mt2,3,8,0.4661910669975186,0.23508351918421394,0.11437624137526792
CREB1,allograft_mt2,1,2,1.0,0.026116473709997957,0.11437624137526792
CUX2,allograft_mt2,7,42,0.5897273303741281,0.18562542200727272,0.11437624137526792
EGR1,allograft_mt2,7,42,0.2967660114140774,0.314641822444787,0.11437624137526792
EHF,allograft_mt2,2,4,0.211848635235732,0.43993428797577033,0.11437624137526792
EPCAM,allograft_mt2,6,21,0.06967865097041044,0.5557691989248829,0.11437624137526792
ESR1,allograft_mt2,1,2,1.0,0.0411509598003029,0.11437624137526792
ETS1,allograft_mt2,4,12,0.06918043004051107,0.5957543711594729,0.11437624137526792
FOS,allograft_mt2,8,71,0.3583389149363697,0.23165954984008993,0.11437624137526792
FOXO3,allograft_mt2,4,15,0.2513219284603421,0.2481258198250865,0.11437624137526792
GRHL2,allograft_mt2,4,11,0.0,0.7289364738034705,0.11437624137526792
HES1,allograft_mt2,5,24,0.11211460604173155,0.4336003439671432,0.11437624137526792
HSF2,allograft_mt2,6,26,0.4717219589257504,0.2214810127193962,0.11437624137526792
ICAM1,allograft_mt2,6,28,0.39923833703586165,0.21155824918455932,0.11437624137526792
JUN,allograft_mt2,6,19,0.5006349206349207,0.15979114103470216,0.11437624137526792
JUNB,allograft_mt2,3,8,0.3356079404466501,0.1867666385882572,0.11437624137526792
JUND,allograft_mt2,1,2,1.0,0.0333413411365438,0.11437624137526792
KMT2A,allograft_mt2,7,26,0.1642903434867142,0.30869720512425364,0.11437624137526792
LMX1B,allograft_mt2,4,16,0.6650124069478908,0.1423609450962622,0.11437624137526792
MEIS2,allograft_mt2,4,16,0.38864764267990076,0.2866774711688187,0.11437624137526792
NCAM1,allograft_mt2,7,40,0.4701857282502444,0.26760440802883856,0.11437624137526792
NFATC2,allograft_mt2,3,8,0.22053349875930522,0.4624514709083771,0.11437624137526792
NFIA,allograft_mt2,7,20,0.044145873320537425,0.38519956933416255,0.11437624137526792
NFIB,allograft_mt2,8,37,0.08419689119170984,0.572176572014393,0.11437624137526792
NFIX,allograft_mt2,5,21,0.10380622837370242,0.33052954516286703,0.11437624137526792
NFKB1,allograft_mt2,4,13,0.4349984486503258,0.23291693840839164,0.11437624137526792
NFYC,allograft_mt2,1,2,1.0,0.012519383986426002,0.11437624137526792
NR6A1,allograft_mt2,1,2,1.0,0.022439807711153045,0.11437624137526792
PBX1,allograft_mt2,4,13,0.24232081911262798,0.3598855374435711,0.11437624137526792
PKNOX2,allograft_mt2,5,25,0.2803621604745551,0.426242784225928,0.11437624137526792
PROX1,allograft_mt2,2,4,0.08529776674937965,0.3061305630990489,0.11437624137526792
RBPJ,allograft_mt2,1,2,1.0,0.013912958456209943,0.11437624137526792
REST,allograft_mt2,3,8,0.5068238213399504,0.23964735982920793,0.11437624137526792
RORA_RORB,allograft_mt2,5,22,0.2681023720349563,0.3868918374079341,0.11437624137526792
RUNX1,allograft_mt2,7,35,0.5583253435602429,0.20853380694063886,0.11437624137526792
SIX1,allograft_mt2,5,23,0.33686506699906515,0.3736569068610447,0.11437624137526792
SIX4,allograft_mt2,8,58,0.31869220607661825,0.2803576092229761,0.11437624137526792
SMAD3,allograft_mt2,5,26,0.2457838850718301,0.4314394379689755,0.11437624137526792
SOX11,allograft_mt2,4,15,0.2789179104477612,0.3878990310201268,0.11437624137526792
SOX9,allograft_mt2,1,2,1.0,0.029134386123952652,0.11437624137526792
STAT1,allograft_mt2,1,2,1.0,0.08660848558027776,0.11437624137526792
STAT2,allograft_mt2,5,20,0.4726758793969849,0.18345580173326012,0.11437624137526792
TBX15,allograft_mt2,6,23,0.6924305333759182,0.14955643775023142,0.11437624137526792
TCF4,allograft_mt2,1,2,1.0,0.029809708347655877,0.11437624137526792
TCF7L1,allograft_mt2,6,32,0.45957043588123814,0.21224465339925333,0.11437624137526792
TCF7L2,allograft_mt2,5,24,0.16990595611285267,0.3922570173328227,0.11437624137526792
TEAD1,allograft_mt2,6,20,0.8459089461954792,0.12094938425415394,0.11437624137526792
TFDP1,allograft_mt2,1,2,1.0,0.02568549300829396,0.11437624137526792
THRB,allograft_mt2,1,2,0.3576302729528536,0.10462630836993196,0.11437624137526792
ZBTB20,allograft_mt2,7,37,0.2719869706840391,0.4168215922091823,0.11437624137526792
ZEB1,allograft_mt2,1,2,1.0,0.06257931495304211,0.11437624137526792
ASCL1,allograft_1L,6,17,0.5977611940298507,0.19383941952975112,0.35834947094260583
BACH1,allograft_1L,5,14,0.036523009495982466,0.5691980936642502,0.35834947094260583
BACH2,allograft_1L,3,7,0.03125,0.3156804037426517,0.35834947094260583
CREB1,allograft_1L,1,2,1.0,0.036834234176789195,0.35834947094260583
CUX2,allograft_1L,7,14,0.8960843373493976,0.047867070300390654,0.35834947094260583
EGR1,allograft_1L,7,14,0.8471385542168675,0.11568753160881913,0.35834947094260583
EHF,allograft_1L,2,4,0.0,0.6045682973756041,0.35834947094260583
EPCAM,allograft_1L,6,21,0.4118975903614458,0.26791050158687335,0.35834947094260583
ESR1,allograft_1L,1,2,1.0,0.0377012656005633,0.35834947094260583
ETS1,allograft_1L,4,13,0.4180626365622724,0.2751647532277001,0.35834947094260583
FOS,allograft_1L,8,15,0.2152671755725191,0.30016401155700645,0.35834947094260583
FOXO3,allograft_1L,4,11,0.577259475218659,0.29224105025316166,0.35834947094260583
GRHL2,allograft_1L,4,11,0.625904486251809,0.24408590854289192,0.35834947094260583
HES1,allograft_1L,5,16,0.33771929824561403,0.25917803774439746,0.35834947094260583
HSF2,allograft_1L,6,17,0.7561890472618155,0.14144772792383134,0.35834947094260583
ICAM1,allograft_1L,6,12,0.4128984432913269,0.15558801204091033,0.35834947094260583
JUN,allograft_1L,6,13,0.1432813659985152,0.5163223848877414,0.35834947094260583
JUNB,allograft_1L,3,6,0.08632040965618142,0.24616906342641692,0.35834947094260583
JUND,allograft_1L,1,2,1.0,0.03601062175200728,0.35834947094260583
KMT2A,allograft_1L,7,17,0.496274217585693,0.21128856849459096,0.35834947094260583
LMX1B,allograft_1L,4,7,0.8461538461538461,0.07438732271380105,0.35834947094260583
MEIS2,allograft_1L,4,5,0.9919236417033774,0.019401097668433735,0.35834947094260583
NCAM1,allograft_1L,7,19,0.5549698795180723,0.20564526134906952,0.35834947094260583
NFATC2,allograft_1L,3,6,0.7340579710144928,0.20356199004809827,0.35834947094260583
NFIA,allograft_1L,7,12,0.7987851176917237,0.124350587370199,0.35834947094260583
NFIB,allograft_1L,8,14,0.7726907630522089,0.11092882681250064,0.35834947094260583
NFIX,allograft_1L,5,7,0.2038547071905115,0.5752203471293393,0.35834947094260583
NFKB1,allograft_1L,4,9,0.0,0.8305416364468592,0.35834947094260583
NFYC,allograft_1L,1,2,1.0,0.027495553469661475,0.35834947094260583
NR6A1,allograft_1L,1,2,1.0,0.04479270018411868,0.35834947094260583
PBX1,allograft_1L,4,9,0.44694767441860467,0.22030706329852007,0.35834947094260583
PKNOX2,allograft_1L,5,8,0.6485294117647059,0.20096941855309217,0.35834947094260583
PROX1,allograft_1L,2,4,0.19088937093275488,0.3715676094505025,0.35834947094260583
RBPJ,allograft_1L,1,2,1.0,0.015174975582861351,0.35834947094260583
REST,allograft_1L,3,8,0.4945770065075922,0.14451439892310614,0.35834947094260583
RORA_RORB,allograft_1L,5,12,0.83690036900369,0.11752849113295001,0.35834947094260583
RUNX1,allograft_1L,7,17,0.4510542168674699,0.20479966381262057,0.35834947094260583
SIX1,allograft_1L,5,9,0.6906158357771262,0.16017952691219053,0.35834947094260583
SIX4,allograft_1L,8,14,0.6500389711613406,0.11384031763271045,0.35834947094260583
SMAD3,allograft_1L,5,9,0.9672489082969432,0.032371016893051274,0.35834947094260583
SOX11,allograft_1L,4,15,0.18944323933477947,0.39650517879475633,0.35834947094260583
SOX9,allograft_1L,1,2,1.0,0.031468086407551485,0.35834947094260583
STAT1,allograft_1L,1,2,1.0,0.10922810299977952,0.35834947094260583
STAT2,allograft_1L,5,11,0.06537890044576523,0.45077381470993966,0.35834947094260583
TBX15,allograft_1L,6,19,0.4126984126984127,0.23587035172306076,0.35834947094260583
TCF4,allograft_1L,1,2,1.0,0.014852132700009497,0.35834947094260583
TCF7L1,allograft_1L,6,11,0.0945054945054945,0.42138767904404684,0.35834947094260583
TCF7L2,allograft_1L,5,11,0.7096296296296296,0.12787659093855258,0.35834947094260583
TEAD1,allograft_1L,6,14,0.7776141384388807,0.08838298178436504,0.35834947094260583
TFDP1,allograft_1L,1,2,1.0,0.061145536642932485,0.35834947094260583
THRB,allograft_1L,1,2,0.6030368763557483,0.10291355766534076,0.35834947094260583
ZBTB20,allograft_1L,7,38,0.5210819411296739,0.19612935251687996,0.35834947094260583
ZEB1,allograft_1L,1,2,1.0,0.02829853235838578,0.35834947094260583
ASCL1,human_RU1181,6,44,0.40300230946882215,0.21336193690402086,0.22594277197595336
BACH1,human_RU1181,5,30,0.45016077170418006,0.2756371066654131,0.22594277197595336
BACH2,human_RU1181,3,8,0.2161852361302155,0.262633283143647,0.22594277197595336
CREB1,human_RU1181,1,2,1.0,0.0263509375760188,0.22594277197595336
CUX2,human_RU1181,7,68,0.4306344696969697,0.2374906823515942,0.22594277197595336
EGR1,human_RU1181,7,68,0.43986742424242425,0.2286182535566179,0.22594277197595336
EHF,human_RU1181,2,4,0.7303988995873453,0.16441469239541823,0.22594277197595336
EPCAM,human_RU1181,6,41,0.2836862927623924,0.443823207959933,0.22594277197595336
ESR1,human_RU1181,1,2,1.0,0.040275473982553676,0.22594277197595336
ETS1,human_RU1181,4,16,0.4211370930765704,0.2783915978039624,0.22594277197595336
FOS,human_RU1181,8,94,0.4025847354303828,0.24164574362132307,0.22594277197595336
FOXO3,human_RU1181,4,16,0.4390187987161852,0.21975815375459243,0.22594277197595336
GRHL2,human_RU1181,4,15,0.2319871500688389,0.3395036937022179,0.22594277197595336
HES1,human_RU1181,5,32,0.254699679046309,0.2900068837649063,0.22594277197595336
HSF2,human_RU1181,6,44,0.5192754296330702,0.2299632677763459,0.22594277197595336
ICAM1,human_RU1181,6,50,0.22209329310744952,0.33446712389333705,0.22594277197595336
JUN,human_RU1181,6,37,0.5581395348837209,0.2146729168697941,0.22594277197595336
JUNB,human_RU1181,3,8,0.2746446584135718,0.18738910038299855,0.22594277197595336
JUND,human_RU1181,1,2,1.0,0.03787807931227337,0.22594277197595336
KMT2A,human_RU1181,7,55,0.10064087348682649,0.41497363065898,0.22594277197595336
LMX1B,human_RU1181,4,16,0.494268684089867,0.2031149719254884,0.22594277197595336
MEIS2,human_RU1181,4,16,0.040806969280146724,0.4292900985671821,0.22594277197595336
NCAM1,human_RU1181,7,69,0.4565011820330969,0.2692016908944062,0.22594277197595336
NFATC2,human_RU1181,3,8,0.8085740486015589,0.08766541643464364,0.22594277197595336
NFIA,human_RU1181,7,63,0.4530399810740478,0.2824427840623636,0.22594277197595336
NFIB,human_RU1181,8,73,0.49738480697384807,0.21936329781546315,0.22594277197595336
NFIX,human_RU1181,5,27,0.10359944623904015,0.3702301407934081,0.22594277197595336
NFKB1,human_RU1181,4,16,0.2909215955983494,0.24982560331255857,0.22594277197595336
NFYC,human_RU1181,1,2,1.0,0.01306310798927298,0.22594277197595336
NR6A1,human_RU1181,1,2,1.0,0.011192234812782175,0.22594277197595336
PBX1,human_RU1181,4,16,0.5596056854653828,0.19652312839468292,0.22594277197595336
PKNOX2,human_RU1181,5,26,0.28103368712505766,0.3096167855802563,0.22594277197595336
PROX1,human_RU1181,2,4,0.3133883539660706,0.25097893889271417,0.22594277197595336
RBPJ,human_RU1181,1,2,1.0,0.007676991218655207,0.22594277197595336
REST,human_RU1181,3,8,0.14832645575424117,0.35458113645752826,0.22594277197595336
RORA_RORB,human_RU1181,5,31,0.599678825418674,0.14804429079772372,0.22594277197595336
RUNX1,human_RU1181,7,57,0.5352716873212583,0.2232452917124197,0.22594277197595336
SIX1,human_RU1181,5,32,0.3436497019715727,0.31619268671750955,0.22594277197595336
SIX4,human_RU1181,8,86,0.2740169238427078,0.27514231152071245,0.22594277197595336
SMAD3,human_RU1181,5,32,0.27831270059605684,0.25448289838559746,0.22594277197595336
SOX11,human_RU1181,4,16,0.3149931224209078,0.25406345387559753,0.22594277197595336
SOX9,human_RU1181,1,2,1.0,0.028621765693588007,0.22594277197595336
STAT1,human_RU1181,1,2,1.0,0.03572834048511588,0.22594277197595336
STAT2,human_RU1181,5,30,0.39696760854583046,0.24028369852514359,0.22594277197595336
TBX15,human_RU1181,6,42,0.14528126452812645,0.3245310356700029,0.22594277197595336
TCF4,human_RU1181,1,2,1.0,0.01291200489881812,0.22594277197595336
TCF7L1,human_RU1181,6,51,0.3411518810961449,0.2592399209261212,0.22594277197595336
TCF7L2,human_RU1181,5,28,0.29170506912442395,0.4009564599716615,0.22594277197595336
TEAD1,human_RU1181,6,43,0.6231749710312862,0.1654967957929686,0.22594277197595336
TFDP1,human_RU1181,1,2,1.0,0.02080942110647906,0.22594277197595336
THRB,human_RU1181,1,2,0.0,0.293208174744519,0.22594277197595336
ZBTB20,human_RU1181,7,59,0.34318128102103523,0.31495682707136485,0.22594277197595336
ZEB1,human_RU1181,1,2,1.0,0.03090129617269718,0.22594277197595336
ASCL1,human_PleuralEffusion,6,17,0.39878542510121456,0.21346005543620072,
BACH1,human_PleuralEffusion,5,12,0.23564356435643563,0.4052484202786481,
BACH2,human_PleuralEffusion,3,6,0.5648994515539305,0.19281015483747183,
CREB1,human_PleuralEffusion,1,2,1.0,0.014969121694658763,
CUX2,human_PleuralEffusion,7,19,0.07424593967517401,0.6419414566078571,
EGR1,human_PleuralEffusion,7,19,0.37819025522041766,0.2604763424550679,
EHF,human_PleuralEffusion,2,4,0.44543828264758495,0.22799333105558056,
EPCAM,human_PleuralEffusion,6,21,0.3516483516483517,0.2709897056042866,
ESR1,human_PleuralEffusion,1,2,1.0,0.03973238758541349,
ETS1,human_PleuralEffusion,4,11,0.020146520146520148,0.3262683671808277,
FOS,human_PleuralEffusion,8,18,0.2624113475177305,0.3307285204923433,
FOXO3,human_PleuralEffusion,4,13,0.13736263736263737,0.37530559358503685,
GRHL2,human_PleuralEffusion,4,10,0.3871559633027523,0.20311311396110107,
HES1,human_PleuralEffusion,5,12,0.65,0.1770937508167154,
HSF2,human_PleuralEffusion,6,15,0.18580375782881003,0.2221400989785811,
ICAM1,human_PleuralEffusion,6,22,0.41797752808988764,0.28388069517186754,
JUN,human_PleuralEffusion,6,17,0.42462845010615713,0.19183083030417772,
JUNB,human_PleuralEffusion,3,8,0.22540250447227192,0.31982173549225607,
JUND,human_PleuralEffusion,1,2,1.0,0.06083001405246273,
KMT2A,human_PleuralEffusion,7,21,0.3672055427251732,0.323927296963124,
LMX1B,human_PleuralEffusion,4,11,0.25464684014869887,0.4253767985877184,
MEIS2,human_PleuralEffusion,4,9,0.20566037735849058,0.5075845442188046,
NCAM1,human_PleuralEffusion,7,19,0.5717439293598234,0.1812445934099482,
NFATC2,human_PleuralEffusion,3,8,0.7245080500894454,0.15793463960860135,
NFIA,human_PleuralEffusion,7,19,0.3447488584474886,0.2466879800619977,
NFIB,human_PleuralEffusion,8,13,0.5335120643431636,0.1493370053348516,
NFIX,human_PleuralEffusion,5,22,0.16698656429942418,0.4613031397311002,
NFKB1,human_PleuralEffusion,4,11,0.10564663023679417,0.25291910293041164,
NFYC,human_PleuralEffusion,1,2,1.0,0.011668450221710445,
NR6A1,human_PleuralEffusion,1,2,1.0,0.005425048323703838,
PBX1,human_PleuralEffusion,4,11,0.639344262295082,0.14619945632585835,
PKNOX2,human_PleuralEffusion,5,17,0.45083487940630795,0.27574849921465844,
PROX1,human_PleuralEffusion,2,4,0.22003577817531306,0.4072254484600139,
RBPJ,human_PleuralEffusion,1,2,1.0,0.0030820798967237176,
REST,human_PleuralEffusion,3,7,0.5945454545454546,0.14429089455042785,
RORA_RORB,human_PleuralEffusion,5,16,0.37782340862423,0.2818916856107323,
RUNX1,human_PleuralEffusion,7,15,0.2632794457274827,0.3138990942035509,
SIX1,human_PleuralEffusion,5,18,0.32038834951456313,0.2543940839710241,
SIX4,human_PleuralEffusion,8,14,0.1984732824427481,0.437050872137129,
SMAD3,human_PleuralEffusion,5,15,0.3591682419659735,0.24561163728840582,
SOX11,human_PleuralEffusion,4,10,0.0,0.6491874204583304,
SOX9,human_PleuralEffusion,1,2,1.0,0.027582427047775544,
STAT1,human_PleuralEffusion,1,2,1.0,0.031824367970251254,
STAT2,human_PleuralEffusion,5,12,0.4810606060606061,0.2230039367161187,
TBX15,human_PleuralEffusion,6,16,0.2868525896414343,0.2788152264720062,
TCF4,human_PleuralEffusion,1,2,1.0,0.017648362541747214,
TCF7L1,human_PleuralEffusion,6,14,0.20089285714285715,0.35091337180867216,
TCF7L2,human_PleuralEffusion,5,18,0.08984375,0.5598416188936572,
TEAD1,human_PleuralEffusion,6,19,0.6957403651115619,0.14776627470035875,
TFDP1,human_PleuralEffusion,1,2,1.0,0.02283879378706439,
THRB,human_PleuralEffusion,1,2,0.0,0.6359930809400525,
ZBTB20,human_PleuralEffusion,7,18,0.28322440087145967,0.2406087782019509,
ZEB1,human_PleuralEffusion,1,2,1.0,0.03241560936972301,
ASCL1,human_RU1293,6,40,0.29052969502407705,0.369726393813757,0.1544156268089052
BACH1,human_RU1293,5,32,0.5277924827951297,0.1657238763012452,0.1544156268089052
BACH2,human_RU1293,3,8,0.20875242632786306,0.2940142431605178,0.1544156268089052
CREB1,human_RU1293,1,2,1.0,0.02085664036222718,0.1544156268089052
CUX2,human_RU1293,7,64,0.4126495106922798,0.18997844302093994,0.1544156268089052
EGR1,human_RU1293,7,64,0.46284885828198624,0.2256072467968662,0.1544156268089052
EHF,human_RU1293,2,4,0.28551261690488794,0.34929905180752263,0.1544156268089052
EPCAM,human_RU1293,6,39,0.49589871611982883,0.2248475536343552,0.1544156268089052
ESR1,human_RU1293,1,2,1.0,0.054554441396166595,0.1544156268089052
ETS1,human_RU1293,4,16,0.5475560261161109,0.20249117463669694,0.1544156268089052
FOS,human_RU1293,8,99,0.2774024024024024,0.28983093949683186,0.1544156268089052
FOXO3,human_RU1293,4,15,0.4080947331212443,0.24685153095738627,0.1544156268089052
GRHL2,human_RU1293,4,16,0.18457737780130581,0.33666157862094725,0.1544156268089052
HES1,human_RU1293,5,29,0.3798161894662425,0.292122068419454,0.1544156268089052
HSF2,human_RU1293,6,48,0.3140774973338073,0.3640869950780979,0.1544156268089052
ICAM1,human_RU1293,6,42,0.23385220969762033,0.2963765136926118,0.1544156268089052
JUN,human_RU1293,6,48,0.3688436830835118,0.2680594309615673,0.1544156268089052
JUNB,human_RU1293,3,8,0.45650255867301925,0.15890135713845546,0.1544156268089052
JUND,human_RU1293,1,2,1.0,0.03609533440694113,0.1544156268089052
KMT2A,human_RU1293,7,65,0.2709011943539631,0.3288502876742237,0.1544156268089052
LMX1B,human_RU1293,4,16,0.15493206281983413,0.35402342400588355,0.1544156268089052
MEIS2,human_RU1293,4,16,0.1679901182283395,0.40286140368221984,0.1544156268089052
NCAM1,human_RU1293,7,57,0.2620253164556962,0.29932451851454905,0.1544156268089052
NFATC2,human_RU1293,3,8,0.1521086994882654,0.36421597764605157,0.1544156268089052
NFIA,human_RU1293,7,62,0.2916818679314119,0.2640457916975186,0.1544156268089052
NFIB,human_RU1293,8,99,0.2617889221556886,0.3211183140029135,0.1544156268089052
NFIX,human_RU1293,5,30,0.6396603573323899,0.16705199540800214,0.1544156268089052
NFKB1,human_RU1293,4,16,0.7818951826363155,0.14891578675232234,0.1544156268089052
NFYC,human_RU1293,1,2,1.0,0.011823716819847277,0.1544156268089052
NR6A1,human_RU1293,1,2,1.0,0.012241886049687095,0.1544156268089052
PBX1,human_RU1293,4,16,0.09811187577201341,0.33526254858768284,0.1544156268089052
PKNOX2,human_RU1293,5,28,0.3566124469589816,0.32738787353998844,0.1544156268089052
PROX1,human_RU1293,2,4,0.1536968413622728,0.3735489204407274,0.1544156268089052
RBPJ,human_RU1293,1,2,1.0,0.015469117924978522,0.1544156268089052
REST,human_RU1293,3,8,0.5179107111346392,0.28234853767464846,0.1544156268089052
RORA_RORB,human_RU1293,5,32,0.20945826716075525,0.3421525151256541,0.1544156268089052
RUNX1,human_RU1293,7,59,0.16847041847041846,0.34519497699113133,0.1544156268089052
SIX1,human_RU1293,5,31,0.3441031073446328,0.29568440047978,0.1544156268089052
SIX4,human_RU1293,8,112,0.37791892396786847,0.2409438921775419,0.1544156268089052
SMAD3,human_RU1293,5,27,0.25961368066631224,0.2732228728227137,0.1544156268089052
SOX11,human_RU1293,4,16,0.035115581436386094,0.4259799576227111,0.1544156268089052
SOX9,human_RU1293,1,2,1.0,0.032230664157770504,0.1544156268089052
STAT1,human_RU1293,1,2,1.0,0.03775727356300616,0.1544156268089052
STAT2,human_RU1293,5,27,0.46225914795828177,0.1999104172249733,0.1544156268089052
TBX15,human_RU1293,6,44,0.2479471617279543,0.25056467828461176,0.1544156268089052
TCF4,human_RU1293,1,2,1.0,0.011724768843268615,0.1544156268089052
TCF7L1,human_RU1293,6,48,0.35004444444444444,0.25778984072137134,0.1544156268089052
TCF7L2,human_RU1293,5,27,0.300088573959256,0.3544568431615076,0.1544156268089052
TEAD1,human_RU1293,6,51,0.35184196476241325,0.21389353349614712,0.1544156268089052
TFDP1,human_RU1293,1,2,1.0,0.014318593742235111,0.1544156268089052
THRB,human_RU1293,1,2,0.4051526380801129,0.244966120659968,0.1544156268089052
ZBTB20,human_RU1293,7,65,0.44691625972146864,0.2606781912304746,0.1544156268089052
ZEB1,human_RU1293,1,2,1.0,0.03233504006651531,0.1544156268089052
ASCL1,human_RU1145,6,34,0.3988629563135847,0.2548842754289585,0.09792622507653337
BACH1,human_RU1145,5,24,0.538961038961039,0.20909081655682582,0.09792622507653337
BACH2,human_RU1145,3,8,0.6753360607831678,0.11985469911425681,0.09792622507653337
CREB1,human_RU1145,1,2,1.0,0.01219358888085291,0.09792622507653337
CUX2,human_RU1145,7,38,0.2716957988347133,0.2592205476371002,0.09792622507653337
EGR1,human_RU1145,7,38,0.23704385157927016,0.29580036804337223,0.09792622507653337
EHF,human_RU1145,2,4,0.0,0.39636520406699327,0.09792622507653337
EPCAM,human_RU1145,6,28,0.18385650224215247,0.42381683328990494,0.09792622507653337
ESR1,human_RU1145,1,2,1.0,0.06549049878202307,0.09792622507653337
ETS1,human_RU1145,4,16,0.0663354763296318,0.3039332571743313,0.09792622507653337
FOS,human_RU1145,8,63,0.17559153175591533,0.3095443066934374,0.09792622507653337
FOXO3,human_RU1145,4,16,0.30362361192285214,0.27716404561915586,0.09792622507653337
GRHL2,human_RU1145,4,15,0.029876977152899824,0.6962066660248593,0.09792622507653337
HES1,human_RU1145,5,24,0.05179517363154797,0.41311885917883057,0.09792622507653337
HSF2,human_RU1145,6,32,0.4222952779438135,0.20793662321789735,0.09792622507653337
ICAM1,human_RU1145,6,34,0.45479122859717636,0.22148576328209155,0.09792622507653337
JUN,human_RU1145,6,38,0.06301775147928994,0.561658921209288,0.09792622507653337
JUNB,human_RU1145,3,8,0.37463471654003505,0.21200284310544243,0.09792622507653337
JUND,human_RU1145,1,2,1.0,0.04044833228247558,0.09792622507653337
KMT2A,human_RU1145,7,50,0.05089820359281437,0.5375346096446488,0.09792622507653337
LMX1B,human_RU1145,4,14,0.17498532002348796,0.23729493131424384,0.09792622507653337
MEIS2,human_RU1145,4,15,0.1553540081919251,0.43143400902993645,0.09792622507653337
NCAM1,human_RU1145,7,45,0.29027355623100304,0.2722868069821066,0.09792622507653337
NFATC2,human_RU1145,3,8,0.7866744593804793,0.15210783026958224,0.09792622507653337
NFIA,human_RU1145,7,36,0.10330073349633252,0.3768278666206639,0.09792622507653337
NFIB,human_RU1145,8,39,0.2076417162543063,0.4799665987415282,0.09792622507653337
NFIX,human_RU1145,5,26,0.24713488098736408,0.45383812684375185,0.09792622507653337
NFKB1,human_RU1145,4,14,0.5966608084358523,0.2544639074916025,0.09792622507653337
NFYC,human_RU1145,1,2,1.0,0.01884361877739518,0.09792622507653337
NR6A1,human_RU1145,1,2,1.0,0.00957023516063087,0.09792622507653337
PBX1,human_RU1145,4,14,0.02753368482718219,0.3492988112828561,0.09792622507653337
PKNOX2,human_RU1145,5,25,0.32599118942731276,0.2574652700935135,0.09792622507653337
PROX1,human_RU1145,2,4,0.2375803623611923,0.3385012983574493,0.09792622507653337
RBPJ,human_RU1145,1,2,1.0,0.0013397215696168139,0.09792622507653337
REST,human_RU1145,3,8,0.47048509643483344,0.21961274725283444,0.09792622507653337
RORA_RORB,human_RU1145,5,30,0.5926034634575873,0.17449993441712733,0.09792622507653337
RUNX1,human_RU1145,7,31,0.4604707302353651,0.24960108853908902,0.09792622507653337
SIX1,human_RU1145,5,24,0.38235294117647056,0.27727251237967415,0.09792622507653337
SIX4,human_RU1145,8,56,0.3869123252858958,0.3117781587947426,0.09792622507653337
SMAD3,human_RU1145,5,25,0.09451130026416202,0.4082862678663354,0.09792622507653337
SOX11,human_RU1145,4,14,0.3899149809440047,0.1937520028562458,0.09792622507653337
SOX9,human_RU1145,1,2,1.0,0.02964127968196379,0.09792622507653337
STAT1,human_RU1145,1,2,1.0,0.03007055674632265,0.09792622507653337
STAT2,human_RU1145,5,22,0.2764251781472684,0.24470597885460962,0.09792622507653337
TBX15,human_RU1145,6,37,0.36431784107946025,0.2689531352599374,0.09792622507653337
TCF4,human_RU1145,1,2,1.0,0.029476975405005164,0.09792622507653337
TCF7L1,human_RU1145,6,32,0.15293067539422792,0.3836530510507013,0.09792622507653337
TCF7L2,human_RU1145,5,26,0.15173836181496758,0.501979538506974,0.09792622507653337
TEAD1,human_RU1145,6,31,0.7437668969660559,0.11918093523620361,0.09792622507653337
TFDP1,human_RU1145,1,2,1.0,0.022206706740321262,0.09792622507653337
THRB,human_RU1145,1,2,0.0,0.5387206858899422,0.09792622507653337
ZBTB20,human_RU1145,7,44,0.4576783555018138,0.2260337795089988,0.09792622507653337
ZEB1,human_RU1145,1,2,1.0,0.046340078233934,0.09792622507653337
ASCL1,human_RU426,6,26,0.21715184893784423,0.3852398737159665,
BACH1,human_RU426,5,26,0.6022222222222222,0.19304292338980458,
BACH2,human_RU426,3,8,0.7234352256186317,0.11755442491627505,
CREB1,human_RU426,1,2,1.0,0.029272661113643995,
CUX2,human_RU426,7,38,0.22701383238405207,0.4762626069376264,
EGR1,human_RU426,7,38,0.5557363710333605,0.2519670236068061,
EHF,human_RU426,2,4,0.2540029112081514,0.22592679754470202,
EPCAM,human_RU426,6,30,0.21879815100154082,0.3855327598254036,
ESR1,human_RU426,1,2,1.0,0.04817500108078361,
ETS1,human_RU426,4,14,0.424597364568082,0.30236535422623595,
FOS,human_RU426,8,31,0.5047801147227533,0.2204312637388263,
FOXO3,human_RU426,4,15,0.16923076923076924,0.4104222329946441,
GRHL2,human_RU426,4,15,0.36795903438185806,0.24194047541276212,
HES1,human_RU426,5,22,0.3078635014836795,0.2937931418012504,
HSF2,human_RU426,6,29,0.16834755624515127,0.3020433524791645,
ICAM1,human_RU426,6,27,0.3699921445404556,0.30198651233364976,
JUN,human_RU426,6,25,0.28289992119779356,0.2548339270987381,
JUNB,human_RU426,3,8,0.38573508005822416,0.2257701458643743,
JUND,human_RU426,1,2,1.0,0.02587545691083062,
KMT2A,human_RU426,7,28,0.1900756938603869,0.3629961049857592,
LMX1B,human_RU426,4,16,0.22561863173216884,0.3807996655736756,
MEIS2,human_RU426,4,15,0.3606437454279444,0.2740847721040976,
NCAM1,human_RU426,7,35,0.4524590163934426,0.3036568839027128,
NFATC2,human_RU426,3,8,0.21470160116448325,0.341747045036112,
NFIA,human_RU426,7,28,0.4414715719063545,0.26774775831478426,
NFIB,human_RU426,8,40,0.4485363550519358,0.22563899231653567,
NFIX,human_RU426,5,25,0.39463886820551003,0.32168308401895707,
NFKB1,human_RU426,4,16,0.363901018922853,0.19764726358077192,
NFYC,human_RU426,1,2,1.0,0.014783550158518595,
NR6A1,human_RU426,1,2,1.0,0.01181430835571299,
PBX1,human_RU426,4,16,0.4410480349344978,0.18007764770352572,
PKNOX2,human_RU426,5,27,0.14784546805349183,0.4951682540275047,
PROX1,human_RU426,2,4,0.6666666666666666,0.16367756090868849,
RBPJ,human_RU426,1,2,1.0,0.005057225983979396,
REST,human_RU426,3,8,0.06186317321688501,0.2955432895237692,
RORA_RORB,human_RU426,5,19,0.20947446336047373,0.48611795725036255,
RUNX1,human_RU426,7,40,0.1411192214111922,0.3422996531793831,
SIX1,human_RU426,5,22,0.4039334341906203,0.28982919086092457,
SIX4,human_RU426,8,36,0.41802492809204217,0.23755694325874316,
SMAD3,human_RU426,5,23,0.30460624071322434,0.3259406820487236,
SOX11,human_RU426,4,14,0.24099926524614254,0.3146351583707176,
SOX9,human_RU426,1,2,1.0,0.023336097645211742,
STAT1,human_RU426,1,2,1.0,0.036540824696230205,
STAT2,human_RU426,5,26,0.40311804008908686,0.2087282592172806,
TBX15,human_RU426,6,26,0.3328125,0.23980472215489437,
TCF4,human_RU426,1,2,1.0,0.022531113640654393,
TCF7L1,human_RU426,6,27,0.6085271317829457,0.1552964898636551,
TCF7L2,human_RU426,5,22,0.19557195571955718,0.3423433160982525,
TEAD1,human_RU426,6,31,0.47751937984496123,0.16748540491058375,
TFDP1,human_RU426,1,2,1.0,0.01527425831631487,
THRB,human_RU426,1,2,0.4708879184861718,0.16058463129080858,
ZBTB20,human_RU426,7,32,0.48456260720411665,0.2672538774991799,
ZEB1,human_RU426,1,2,1.0,0.029131940811608924,
ASCL1,human_RU1080,6,44,0.4063814866760168,0.32808008449999504,0.25722280260801655
BACH1,human_RU1080,5,27,0.6171310629514963,0.17142388304498912,0.25722280260801655
BACH2,human_RU1080,3,8,0.42778730703259005,0.1287638121919095,0.25722280260801655
CREB1,human_RU1080,1,2,1.0,0.028275705216923717,0.25722280260801655
CUX2,human_RU1080,7,52,0.22298518250813154,0.4999335645352648,0.25722280260801655
EGR1,human_RU1080,7,52,0.5182508131550415,0.23454250844561533,0.25722280260801655
EHF,human_RU1080,2,4,0.2785591766723842,0.17113048277087523,0.25722280260801655
EPCAM,human_RU1080,6,37,0.3702664796633941,0.27226077294803835,0.25722280260801655
ESR1,human_RU1080,1,2,1.0,0.05467811514130224,0.25722280260801655
ETS1,human_RU1080,4,16,0.18284734133790737,0.3719463013206847,0.25722280260801655
FOS,human_RU1080,8,70,0.20581737849779086,0.3255111947641061,0.25722280260801655
FOXO3,human_RU1080,4,16,0.3313893653516295,0.29941751928946697,0.25722280260801655
GRHL2,human_RU1080,4,15,0.623282967032967,0.16966028718008264,0.25722280260801655
HES1,human_RU1080,5,25,0.4775495997215454,0.20961979581479537,0.25722280260801655
HSF2,human_RU1080,6,40,0.6616515045486354,0.18016872972122,0.25722280260801655
ICAM1,human_RU1080,6,42,0.5845831880013952,0.1813041467237403,0.25722280260801655
JUN,human_RU1080,6,35,0.30782855118668084,0.3549961114861328,0.25722280260801655
JUNB,human_RU1080,3,8,0.1523156089193825,0.29189131341657715,0.25722280260801655
JUND,human_RU1080,1,2,1.0,0.030413685996866016,0.25722280260801655
KMT2A,human_RU1080,7,44,0.4424131627056673,0.31496966315368974,0.25722280260801655
LMX1B,human_RU1080,4,16,0.21818181818181817,0.36762387179667516,0.25722280260801655
MEIS2,human_RU1080,4,16,0.09331046312178387,0.3770684628052723,0.25722280260801655
NCAM1,human_RU1080,7,53,0.5476103611820503,0.19898507984852093,0.25722280260801655
NFATC2,human_RU1080,3,8,0.5300171526586621,0.30011181281123145,0.25722280260801655
NFIA,human_RU1080,7,43,0.49414348462664714,0.1919434177834922,0.25722280260801655
NFIB,human_RU1080,8,62,0.5407774390243902,0.19733087804192456,0.25722280260801655
NFIX,human_RU1080,5,25,0.24473593372454264,0.4695348225351746,0.25722280260801655
NFKB1,human_RU1080,4,16,0.7509433962264151,0.13433044804596264,0.25722280260801655
NFYC,human_RU1080,1,2,1.0,0.013447880092277776,0.25722280260801655
NR6A1,human_RU1080,1,2,1.0,0.012630338534735604,0.25722280260801655
PBX1,human_RU1080,4,16,0.486106346483705,0.16463367420865005,0.25722280260801655
PKNOX2,human_RU1080,5,24,0.46458333333333335,0.247873507694056,0.25722280260801655
PROX1,human_RU1080,2,4,0.7838765008576329,0.1070367140795225,0.25722280260801655
RBPJ,human_RU1080,1,2,1.0,0.006596321215135091,0.25722280260801655
REST,human_RU1080,3,8,0.5547169811320755,0.18393754872249599,0.25722280260801655
RORA_RORB,human_RU1080,5,25,0.3957609451007644,0.24466957717345925,0.25722280260801655
RUNX1,human_RU1080,7,54,0.5541951746489017,0.2241180578124082,0.25722280260801655
SIX1,human_RU1080,5,26,0.2566585956416465,0.3484030745160726,0.25722280260801655
SIX4,human_RU1080,8,71,0.5810034469551896,0.17120641129190708,0.25722280260801655
SMAD3,human_RU1080,5,28,0.39703856749311295,0.25915645616316474,0.25722280260801655
SOX11,human_RU1080,4,16,0.6164665523156089,0.17686872484545813,0.25722280260801655
SOX9,human_RU1080,1,2,1.0,0.0347776593326283,0.25722280260801655
STAT1,human_RU1080,1,2,1.0,0.03406352458633654,0.25722280260801655
STAT2,human_RU1080,5,29,0.5707401032702237,0.161010400521954,0.25722280260801655
TBX15,human_RU1080,6,40,0.23624255169996494,0.35996534021546284,0.25722280260801655
TCF4,human_RU1080,1,2,1.0,0.017229242023560902,0.25722280260801655
TCF7L1,human_RU1080,6,38,0.6099190995427366,0.1567361269578604,0.25722280260801655
TCF7L2,human_RU1080,5,27,0.2315644383184011,0.4049002317469397,0.25722280260801655
TEAD1,human_RU1080,6,37,0.6376811594202898,0.14520251640701956,0.25722280260801655
TFDP1,human_RU1080,1,2,1.0,0.012952631441607469,0.25722280260801655
THRB,human_RU1080,1,2,0.0,0.3696134568132177,0.25722280260801655
ZBTB20,human_RU1080,7,43,0.41515591007976793,0.2515495541241228,0.25722280260801655
ZEB1,human_RU1080,1,2,1.0,0.03126610070571299,0.25722280260801655
ASCL1,human_RU1152,6,26,0.3124076809453471,0.32248325712986936,0.11521843979202141
BACH1,human_RU1152,5,20,0.34919524142757175,0.322946741460684,0.11521843979202141
BACH2,human_RU1152,3,8,0.16115981119352663,0.27003294295072205,0.11521843979202141
CREB1,human_RU1152,1,2,1.0,0.022771788319451217,0.11521843979202141
CUX2,human_RU1152,7,38,0.25413533834586466,0.37213995570758085,0.11521843979202141
EGR1,human_RU1152,7,38,0.1593984962406015,0.3876988967747523,0.11521843979202141
EHF,human_RU1152,2,4,0.8287255563047876,0.1317358367247916,0.11521843979202141
EPCAM,human_RU1152,6,26,0.192831541218638,0.43600700474975324,0.11521843979202141
ESR1,human_RU1152,1,2,1.0,0.03909945729234416,0.11521843979202141
ETS1,human_RU1152,4,15,0.10277214334009466,0.3972878204998441,0.11521843979202141
FOS,human_RU1152,8,40,0.3327922077922078,0.24808681774337987,0.11521843979202141
FOXO3,human_RU1152,4,16,0.1935266351989211,0.39901722230487796,0.11521843979202141
GRHL2,human_RU1152,4,15,0.4722222222222222,0.2905737684033498,0.11521843979202141
HES1,human_RU1152,5,22,0.47050659264399725,0.23710591982709853,0.11521843979202141
HSF2,human_RU1152,6,36,0.5596330275229358,0.1525758259844909,0.11521843979202141
ICAM1,human_RU1152,6,28,0.42857142857142855,0.2377201778617619,0.11521843979202141
JUN,human_RU1152,6,19,0.5191059841384282,0.2066939648952429,0.11521843979202141
JUNB,human_RU1152,3,8,0.35738368172623064,0.2264222122375841,0.11521843979202141
JUND,human_RU1152,1,2,1.0,0.03988614793277032,0.11521843979202141
KMT2A,human_RU1152,7,30,0.3620309050772627,0.31930968643158936,0.11521843979202141
LMX1B,human_RU1152,4,14,0.07535641547861507,0.41601656028094347,0.11521843979202141
MEIS2,human_RU1152,4,13,0.4938858695652174,0.22052562171794127,0.11521843979202141
NCAM1,human_RU1152,7,36,0.3221117061973986,0.29452374234541867,0.11521843979202141
NFATC2,human_RU1152,3,8,0.5246122724207687,0.29543623471494374,0.11521843979202141
NFIA,human_RU1152,7,32,0.24642049736247174,0.3837452130529859,0.11521843979202141
NFIB,human_RU1152,8,40,0.454320987654321,0.22449755447980038,0.11521843979202141
NFIX,human_RU1152,5,19,0.23753462603878117,0.35337844580712763,0.11521843979202141
NFKB1,human_RU1152,4,14,0.39972714870395637,0.28923109665767943,0.11521843979202141
NFYC,human_RU1152,1,2,1.0,0.013300656216369704,0.11521843979202141
NR6A1,human_RU1152,1,2,1.0,0.01182702301099009,0.11521843979202141
PBX1,human_RU1152,4,14,0.4304229195088677,0.18359481786996415,0.11521843979202141
PKNOX2,human_RU1152,5,19,0.08551724137931034,0.5004693515186448,0.11521843979202141
PROX1,human_RU1152,2,4,0.22926500337154418,0.25890546385563157,0.11521843979202141
RBPJ,human_RU1152,1,2,1.0,0.014722265920424263,0.11521843979202141
REST,human_RU1152,3,8,0.28927848954821306,0.4390231297381616,0.11521843979202141
RORA_RORB,human_RU1152,5,21,0.2950591510090466,0.4792266753664494,0.11521843979202141
RUNX1,human_RU1152,7,35,0.5037764350453172,0.17145832173323008,0.11521843979202141
SIX1,human_RU1152,5,27,0.17397260273972603,0.39469327383293973,0.11521843979202141
SIX4,human_RU1152,8,36,0.3701754385964912,0.2547785321794763,0.11521843979202141
SMAD3,human_RU1152,5,24,0.038461538461538464,0.39285855910492057,0.11521843979202141
SOX11,human_RU1152,4,16,0.7909642616318274,0.13364663575616656,0.11521843979202141
SOX9,human_RU1152,1,2,1.0,0.030218963002521474,0.11521843979202141
STAT1,human_RU1152,1,2,1.0,0.036094727695911204,0.11521843979202141
STAT2,human_RU1152,5,26,0.359781121751026,0.3030706797722151,0.11521843979202141
TBX15,human_RU1152,6,27,0.4948905109489051,0.19825148987719357,0.11521843979202141
TCF4,human_RU1152,1,2,1.0,0.017119349537230273,0.11521843979202141
TCF7L1,human_RU1152,6,28,0.44516129032258067,0.2482156240511527,0.11521843979202141
TCF7L2,human_RU1152,5,20,0.3645251396648045,0.27938781514139976,0.11521843979202141
TEAD1,human_RU1152,6,25,0.45581737849779086,0.19601421031081273,0.11521843979202141
TFDP1,human_RU1152,1,2,1.0,0.020887361488803106,0.11521843979202141
THRB,human_RU1152,1,2,0.0,0.4271407905539982,0.11521843979202141
ZBTB20,human_RU1152,7,32,0.3075135553834237,0.25586228191579763,0.11521843979202141
ZEB1,human_RU1152,1,2,1.0,0.03614570363699305,0.11521843979202141
ASCL1,human_RU1124,6,11,0.8157276995305164,0.12972442084542563,0.46881989464106855
BACH1,human_RU1124,5,6,0.8632075471698113,0.05752496847427269,0.46881989464106855
BACH2,human_RU1124,3,5,0.01366742596810934,0.35260851658095305,0.46881989464106855
CREB1,human_RU1124,1,2,1.0,0.003098119528266625,0.46881989464106855
CUX2,human_RU1124,7,8,0.33650416171224734,0.20050317421984049,0.46881989464106855
EGR1,human_RU1124,7,8,0.8026159334126041,0.1491361546777599,0.46881989464106855
EHF,human_RU1124,2,4,0.9090909090909091,0.1391602441447738,0.46881989464106855
EPCAM,human_RU1124,6,5,0.6461538461538462,0.17707375613317214,0.46881989464106855
ESR1,human_RU1124,1,2,1.0,0.04961472570368529,0.46881989464106855
ETS1,human_RU1124,4,8,0.4875,0.24772779512219997,0.46881989464106855
FOS,human_RU1124,8,10,0.033047735618115054,0.3463967751122852,0.46881989464106855
FOXO3,human_RU1124,4,4,0.5414746543778802,0.26693708587778237,0.46881989464106855
GRHL2,human_RU1124,4,5,1.0,0.07316251186205645,0.46881989464106855
HES1,human_RU1124,5,9,0.06952491309385864,0.32763005459033034,0.46881989464106855
HSF2,human_RU1124,6,9,0.819557625145518,0.09275153073883655,0.46881989464106855
ICAM1,human_RU1124,6,4,0.0471584038694075,0.28656496284455635,0.46881989464106855
JUN,human_RU1124,6,4,0.0,0.3177498904206481,0.46881989464106855
JUNB,human_RU1124,3,3,0.012542759407069556,0.46475295856984,0.46881989464106855
JUND,human_RU1124,1,2,1.0,0.020769041742045403,0.46881989464106855
KMT2A,human_RU1124,7,3,0.14356435643564355,0.4793814417801685,0.46881989464106855
LMX1B,human_RU1124,4,7,0.5506912442396313,0.10413736123375025,0.46881989464106855
MEIS2,human_RU1124,4,9,0.06598407281001138,0.5039080958357272,0.46881989464106855
NCAM1,human_RU1124,7,11,0.7273838630806846,0.18563815494857752,0.46881989464106855
NFATC2,human_RU1124,3,4,0.9064994298745724,0.11411908774077688,0.46881989464106855
NFIA,human_RU1124,7,7,0.9614457831325302,0.07742988905761895,0.46881989464106855
NFIB,human_RU1124,8,14,0.8653366583541147,0.08889805949073082,0.46881989464106855
NFIX,human_RU1124,5,6,0.0,0.3594919673325981,0.46881989464106855
NFKB1,human_RU1124,4,7,0.9053591790193842,0.08607466951002009,0.46881989464106855
NFYC,human_RU1124,1,2,1.0,0.032076373916803756,0.46881989464106855
NR6A1,human_RU1124,1,2,1.0,0.05353410809501996,0.46881989464106855
PBX1,human_RU1124,4,7,0.5872291904218928,0.14576995111510124,0.46881989464106855
PKNOX2,human_RU1124,5,11,0.3697674418604651,0.3379366871382597,0.46881989464106855
PROX1,human_RU1124,2,4,0.9640852974186308,0.03037619688600974,0.46881989464106855
RBPJ,human_RU1124,1,2,1.0,0.014355503774980048,0.46881989464106855
REST,human_RU1124,3,8,0.015712682379349047,0.425308162439325,0.46881989464106855
RORA_RORB,human_RU1124,5,7,0.9239001189060642,0.08414108142528137,0.46881989464106855
RUNX1,human_RU1124,7,5,0.8662576687116564,0.12964789655283995,0.46881989464106855
SIX1,human_RU1124,5,7,0.03395784543325527,0.3460495201317444,0.46881989464106855
SIX4,human_RU1124,8,18,0.42706964520367935,0.18137639055548377,0.46881989464106855
SMAD3,human_RU1124,5,11,0.8290697674418605,0.1173871449053566,0.46881989464106855
SOX11,human_RU1124,4,7,0.5237556561085973,0.33089984552661256,0.46881989464106855
SOX9,human_RU1124,1,2,1.0,0.06130854350723084,0.46881989464106855
STAT1,human_RU1124,1,2,1.0,0.06773453363729069,0.46881989464106855
STAT2,human_RU1124,5,9,0.8619489559164734,0.15799537770488453,0.46881989464106855
TBX15,human_RU1124,6,15,0.04513064133016627,0.4620741943919871,0.46881989464106855
TCF4,human_RU1124,1,2,1.0,0.04885870156007816,0.46881989464106855
TCF7L1,human_RU1124,6,9,0.8189448441247003,0.11555153440752226,0.46881989464106855
TCF7L2,human_RU1124,5,5,0.20803782505910165,0.5131945069721707,0.46881989464106855
TEAD1,human_RU1124,6,6,0.9774346793349169,0.0472593593141988,0.46881989464106855
TFDP1,human_RU1124,1,2,1.0,0.03045896163511259,0.46881989464106855
THRB,human_RU1124,1,2,0.4882154882154882,0.11830872888029542,0.46881989464106855
ZBTB20,human_RU1124,7,9,0.3079667063020214,0.23270060669778303,0.46881989464106855
ZEB1,human_RU1124,1,2,1.0,0.06929163949692718,0.46881989464106855
ASCL1,human_RU1144,6,25,0.4553697931425333,0.3855774928313017,0.22980136077839336
BACH1,human_RU1144,5,22,0.33165688739871474,0.2072230297473741,0.22980136077839336
BACH2,human_RU1144,3,8,0.5565385678739286,0.18084737632567544,0.22980136077839336
CREB1,human_RU1144,1,2,1.0,0.022790678909215704,0.22980136077839336
CUX2,human_RU1144,7,38,0.6456602692638213,0.18015439980335107,0.22980136077839336
EGR1,human_RU1144,7,38,0.5319392724147809,0.18330502883800315,0.22980136077839336
EHF,human_RU1144,2,4,0.13574785734033729,0.3192624967874652,0.22980136077839336
EPCAM,human_RU1144,6,27,0.46206115515288787,0.270770766077116,0.22980136077839336
ESR1,human_RU1144,1,2,1.0,0.07920903537094161,0.22980136077839336
ETS1,human_RU1144,4,14,0.4768505683393402,0.2261852634774975,0.22980136077839336
FOS,human_RU1144,8,46,0.277037037037037,0.29496975808926035,0.22980136077839336
FOXO3,human_RU1144,4,15,0.25463090959358586,0.34822396877495093,0.22980136077839336
GRHL2,human_RU1144,4,13,0.3334257206208426,0.3081066650359597,0.22980136077839336
HES1,human_RU1144,5,18,0.23008107352530052,0.3637733751396782,0.22980136077839336
HSF2,human_RU1144,6,31,0.6464446952595937,0.20254469047623322,0.22980136077839336
ICAM1,human_RU1144,6,38,0.28993250843644547,0.3185985419374448,0.22980136077839336
JUN,human_RU1144,6,24,0.13463718820861678,0.34680286645233066,0.22980136077839336
JUNB,human_RU1144,3,8,0.30494885264030963,0.30276106425406213,0.22980136077839336
JUND,human_RU1144,1,2,1.0,0.0242547969516146,0.22980136077839336
KMT2A,human_RU1144,7,32,0.13552479815455595,0.4327152066903225,0.22980136077839336
LMX1B,human_RU1144,4,14,0.01606203267792855,0.2667533940597239,0.22980136077839336
MEIS2,human_RU1144,4,16,0.5628974288084048,0.19797390457415356,0.22980136077839336
NCAM1,human_RU1144,7,42,0.35654676258992807,0.251355019996665,0.22980136077839336
NFATC2,human_RU1144,3,8,0.7381808128283107,0.2183970561110937,0.22980136077839336
NFIA,human_RU1144,7,34,0.33076923076923076,0.42541890708737135,0.22980136077839336
NFIB,human_RU1144,8,59,0.577444476492645,0.18486963445936364,0.22980136077839336
NFIX,human_RU1144,5,27,0.1407202216066482,0.528884498275022,0.22980136077839336
NFKB1,human_RU1144,4,14,0.7198335644937587,0.12999804752075025,0.22980136077839336
NFYC,human_RU1144,1,2,1.0,0.026947132811129825,0.22980136077839336
NR6A1,human_RU1144,1,2,1.0,0.01693802322090226,0.22980136077839336
PBX1,human_RU1144,4,14,0.6590846047156727,0.16432031003932238,0.22980136077839336
PKNOX2,human_RU1144,5,28,0.2642084835042972,0.3224853322735983,0.22980136077839336
PROX1,human_RU1144,2,4,0.8791816422449544,0.14227977898271718,0.22980136077839336
RBPJ,human_RU1144,1,2,1.0,0.0120308801060986,0.22980136077839336
REST,human_RU1144,3,8,0.14376555156206802,0.2585616479145352,0.22980136077839336
RORA_RORB,human_RU1144,5,27,0.2836565096952909,0.31564371837907945,0.22980136077839336
RUNX1,human_RU1144,7,32,0.18166189111747852,0.44380854012014415,0.22980136077839336
SIX1,human_RU1144,5,27,0.29916897506925205,0.3770274953088982,0.22980136077839336
SIX4,human_RU1144,8,60,0.22294887039239,0.3194951478914483,0.22980136077839336
SMAD3,human_RU1144,5,29,0.5912995289553893,0.17444159674901555,0.22980136077839336
SOX11,human_RU1144,4,13,0.6988888888888889,0.17272523936035555,0.22980136077839336
SOX9,human_RU1144,1,2,1.0,0.02940800464012258,0.22980136077839336
STAT1,human_RU1144,1,2,1.0,0.03612742756151458,0.22980136077839336
STAT2,human_RU1144,5,23,0.21868898186889818,0.31532469532155627,0.22980136077839336
TBX15,human_RU1144,6,38,0.22134609969022812,0.3797784248389403,0.22980136077839336
TCF4,human_RU1144,1,2,1.0,0.03055274765747189,0.22980136077839336
TCF7L1,human_RU1144,6,37,0.3454699407281964,0.3088140296979985,0.22980136077839336
TCF7L2,human_RU1144,5,21,0.09095982142857142,0.3750443545121646,0.22980136077839336
TEAD1,human_RU1144,6,23,0.8070621468926553,0.10387214740626964,0.22980136077839336
TFDP1,human_RU1144,1,2,1.0,0.01826997691289798,0.22980136077839336
THRB,human_RU1144,1,2,0.5814210671827481,0.23890587666925467,0.22980136077839336
ZBTB20,human_RU1144,7,32,0.5182291666666666,0.1729520137087342,0.22980136077839336
ZEB1,human_RU1144,1,2,1.0,0.03646567809695788,0.22980136077839336
ASCL1,human_RU1065,6,2,0.4551282051282051,0.1901827338992856,0.4560631617526429
BACH1,human_RU1065,5,3,1.0,0.011315968669768977,0.4560631617526429
BACH2,human_RU1065,3,3,0.0,0.3859408975797062,0.4560631617526429
CREB1,human_RU1065,1,2,1.0,0.02638807564128659,0.4560631617526429
CUX2,human_RU1065,7,4,0.0,0.5304767637170172,0.4560631617526429
EGR1,human_RU1065,7,4,0.7536231884057971,0.20115752338847673,0.4560631617526429
EHF,human_RU1065,2,2,1.0,0.10327818696276572,0.4560631617526429
EPCAM,human_RU1065,6,2,0.5328947368421053,0.14871674848345393,0.4560631617526429
ESR1,human_RU1065,1,2,1.0,0.07957258874465144,0.4560631617526429
ETS1,human_RU1065,4,2,1.0,0.04561719942156307,0.4560631617526429
FOS,human_RU1065,8,4,0.0,0.3966034512002462,0.4560631617526429
FOXO3,human_RU1065,4,4,0.6568047337278107,0.19478205041641514,0.4560631617526429
GRHL2,human_RU1065,4,3,1.0,0.010406491756853159,0.4560631617526429
HES1,human_RU1065,5,3,0.5743243243243243,0.20344641023875748,0.4560631617526429
HSF2,human_RU1065,6,3,0.9251700680272109,0.02109704001289613,0.4560631617526429
ICAM1,human_RU1065,6,4,0.6174496644295302,0.18479416121933107,0.4560631617526429
JUN,human_RU1065,6,2,0.0,0.3298129326161974,0.4560631617526429
JUNB,human_RU1065,3,3,0.0,0.4466370764813837,0.4560631617526429
JUND,human_RU1065,1,2,1.0,0.06135306208911152,0.4560631617526429
KMT2A,human_RU1065,7,3,0.0,0.565429974509409,0.4560631617526429
LMX1B,human_RU1065,4,5,0.47368421052631576,0.14699837727254078,0.4560631617526429
MEIS2,human_RU1065,4,4,0.0,0.32281822602807625,0.4560631617526429
NCAM1,human_RU1065,7,4,0.841726618705036,0.21382491636876066,0.4560631617526429
NFATC2,human_RU1065,3,6,0.27218934911242604,0.25524209839956996,0.4560631617526429
NFIA,human_RU1065,7,3,1.0,0.0724086504051731,0.4560631617526429
NFIB,human_RU1065,8,7,0.32456140350877194,0.24349575038554733,0.4560631617526429
NFIX,human_RU1065,5,2,0.0,0.6772280069147453,0.4560631617526429
NFKB1,human_RU1065,4,3,0.8159509202453987,0.08759204888202356,0.4560631617526429
NFYC,human_RU1065,1,2,1.0,0.0632483099500906,0.4560631617526429
NR6A1,human_RU1065,1,2,1.0,0.04973243134603419,0.4560631617526429
PBX1,human_RU1065,4,3,0.0,0.1810068808141555,0.4560631617526429
PKNOX2,human_RU1065,5,4,0.5302013422818792,0.12071604648006258,0.4560631617526429
PROX1,human_RU1065,2,3,1.0,0.023621165369864958,0.4560631617526429
RBPJ,human_RU1065,1,2,1.0,0.03591855477107118,0.4560631617526429
REST,human_RU1065,3,4,0.24242424242424243,0.40828449381074994,0.4560631617526429
RORA_RORB,human_RU1065,5,3,1.0,0.058212126340185674,0.4560631617526429
RUNX1,human_RU1065,7,2,1.0,0.0068383824760004895,0.4560631617526429
SIX1,human_RU1065,5,2,0.5540540540540541,0.30791914926569136,0.4560631617526429
SIX4,human_RU1065,8,5,0.2986111111111111,0.19165872146881566,0.4560631617526429
SMAD3,human_RU1065,5,3,0.38064516129032255,0.17279725318009354,0.4560631617526429
SOX11,human_RU1065,4,5,0.573170731707317,0.25235337247533224,0.4560631617526429
SOX9,human_RU1065,1,2,1.0,0.06403337276778583,0.4560631617526429
STAT1,human_RU1065,1,2,1.0,0.07757281310855853,0.4560631617526429
STAT2,human_RU1065,5,4,0.632258064516129,0.28678500735734963,0.4560631617526429
TBX15,human_RU1065,6,2,1.0,0.07484537182056691,0.4560631617526429
TCF4,human_RU1065,1,2,1.0,0.0619872418286206,0.4560631617526429
TCF7L1,human_RU1065,6,3,0.0,0.3512492495970241,0.4560631617526429
TCF7L2,human_RU1065,5,4,0.07534246575342465,0.5976638077719273,0.4560631617526429
TEAD1,human_RU1065,6,2,1.0,0.04371824054913108,0.4560631617526429
TFDP1,human_RU1065,1,2,1.0,0.05381337426300313,0.4560631617526429
THRB,human_RU1065,1,2,0.0,0.3250752188826477,0.4560631617526429
ZBTB20,human_RU1065,7,4,1.0,0.056058208292735605,0.4560631617526429
ZEB1,human_RU1065,1,2,1.0,0.07310112175322027,0.4560631617526429
ASCL1,human_RU1322,6,41,0.24189776144336786,0.4064950164372684,0.09749170510337325
BACH1,human_RU1322,5,31,0.6641887524240465,0.16075614457590567,0.09749170510337325
BACH2,human_RU1322,3,8,0.3857327307940607,0.1951970295822272,0.09749170510337325
CREB1,human_RU1322,1,2,1.0,0.02277221177915762,0.09749170510337325
CUX2,human_RU1322,7,50,0.5055611729019212,0.2063231909659597,0.09749170510337325
EGR1,human_RU1322,7,50,0.41793056959892144,0.19071977201407922,0.09749170510337325
EHF,human_RU1322,2,4,0.27275661717236926,0.25085561783746013,0.09749170510337325
EPCAM,human_RU1322,6,45,0.514792899408284,0.21870912958473032,0.09749170510337325
ESR1,human_RU1322,1,2,1.0,0.084241088522217,0.09749170510337325
ETS1,human_RU1322,4,15,0.3072445019404916,0.30277860477652413,0.09749170510337325
FOS,human_RU1322,8,61,0.2750177430801987,0.3033501691184603,0.09749170510337325
FOXO3,human_RU1322,4,16,0.43511943189154295,0.19034623193826722,0.09749170510337325
GRHL2,human_RU1322,4,16,0.3114912846998063,0.31975341013328756,0.09749170510337325
HES1,human_RU1322,5,29,0.6891628812459442,0.13883638674541363,0.09749170510337325
HSF2,human_RU1322,6,37,0.11776447105788423,0.37544300238788253,0.09749170510337325
ICAM1,human_RU1322,6,41,0.09836065573770492,0.42796893149560866,0.09749170510337325
JUN,human_RU1322,6,41,0.3376322751322751,0.3135543646388776,0.09749170510337325
JUNB,human_RU1322,3,8,0.05971594577146546,0.3383639461745144,0.09749170510337325
JUND,human_RU1322,1,2,1.0,0.034870871137039836,0.09749170510337325
KMT2A,human_RU1322,7,57,0.3386821440764766,0.3802146769641354,0.09749170510337325
LMX1B,human_RU1322,4,16,0.30858618463524856,0.2783707058234733,0.09749170510337325
MEIS2,human_RU1322,4,16,0.08037443511943189,0.445302882914344,0.09749170510337325
NCAM1,human_RU1322,7,49,0.20385674931129477,0.378113827668481,0.09749170510337325
NFATC2,human_RU1322,3,8,0.7285345384118787,0.08992489998506721,0.09749170510337325
NFIA,human_RU1322,7,51,0.20006680026720106,0.4402443898882584,0.09749170510337325
NFIB,human_RU1322,8,63,0.33938100320170755,0.26607106357278654,0.09749170510337325
NFIX,human_RU1322,5,29,0.14064015518913675,0.46314461443619187,0.09749170510337325
NFKB1,human_RU1322,4,16,0.28211749515816653,0.28737376943389303,0.09749170510337325
NFYC,human_RU1322,1,2,1.0,0.022174999871311857,0.09749170510337325
NR6A1,human_RU1322,1,2,1.0,0.003555742415633975,0.09749170510337325
PBX1,human_RU1322,4,16,0.2972885732730794,0.24645120832874956,0.09749170510337325
PKNOX2,human_RU1322,5,28,0.20977662674004532,0.4217591444496292,0.09749170510337325
PROX1,human_RU1322,2,4,0.0,0.34382857722249827,0.09749170510337325
RBPJ,human_RU1322,1,2,1.0,0.007992715699232147,0.09749170510337325
REST,human_RU1322,3,8,0.3218205293737895,0.23110506946209325,0.09749170510337325
RORA_RORB,human_RU1322,5,28,0.5081116158338741,0.20478387694711525,0.09749170510337325
RUNX1,human_RU1322,7,44,0.3050789293067948,0.25380695032176015,0.09749170510337325
SIX1,human_RU1322,5,26,0.23466407010710807,0.31747331227479914,0.09749170510337325
SIX4,human_RU1322,8,71,0.34825174825174826,0.33648510526158376,0.09749170510337325
SMAD3,human_RU1322,5,27,0.39896373056994816,0.2334238462207516,0.09749170510337325
SOX11,human_RU1322,4,16,0.3198837959974177,0.23906389272719067,0.09749170510337325
SOX9,human_RU1322,1,2,1.0,0.03224510626526046,0.09749170510337325
STAT1,human_RU1322,1,2,1.0,0.043183493540566734,0.09749170510337325
STAT2,human_RU1322,5,27,0.28134158254640185,0.29728870543982217,0.09749170510337325
TBX15,human_RU1322,6,42,0.11704582921200132,0.317290095702146,0.09749170510337325
TCF4,human_RU1322,1,2,1.0,0.018388842507733413,0.09749170510337325
TCF7L1,human_RU1322,6,45,0.197708674304419,0.4015688503338936,0.09749170510337325
TCF7L2,human_RU1322,5,30,0.053057263021675835,0.482189076601905,0.09749170510337325
TEAD1,human_RU1322,6,47,0.549185667752443,0.18807486353266614,0.09749170510337325
TFDP1,human_RU1322,1,2,1.0,0.016824615158003264,0.09749170510337325
THRB,human_RU1322,1,2,0.0,0.3085116662918981,0.09749170510337325
ZBTB20,human_RU1322,7,55,0.5988896599583623,0.17642950374464508,0.09749170510337325
ZEB1,human_RU1322,1,2,1.0,0.04829629700591684,0.09749170510337325
ASCL1,human_RU1231,6,43,0.2612704918032787,0.28333882000508526,0.1401053005438147
BACH1,human_RU1231,5,31,0.17611336032388664,0.30231959293065347,0.1401053005438147
BACH2,human_RU1231,3,8,0.2535410764872521,0.19436910308354932,0.1401053005438147
CREB1,human_RU1231,1,2,1.0,0.0246548649208354,0.1401053005438147
CUX2,human_RU1231,7,63,0.4262734584450402,0.25633930651487774,0.1401053005438147
EGR1,human_RU1231,7,63,0.3503815219632914,0.30873905490958853,0.1401053005438147
EHF,human_RU1231,2,4,0.0,0.4744832696255216,0.1401053005438147
EPCAM,human_RU1231,6,39,0.27974605775138234,0.2725077744422032,0.1401053005438147
ESR1,human_RU1231,1,2,1.0,0.06971570211063643,0.1401053005438147
ETS1,human_RU1231,4,16,0.43160663698907326,0.2969443095869651,0.1401053005438147
FOS,human_RU1231,8,66,0.3132659643087508,0.2637382413353528,0.1401053005438147
FOXO3,human_RU1231,4,16,0.21934439498178876,0.4129797726311972,0.1401053005438147
GRHL2,human_RU1231,4,16,0.2679077296641036,0.3401671093667897,0.1401053005438147
HES1,human_RU1231,5,28,0.4668564457096381,0.16348149563523923,0.1401053005438147
HSF2,human_RU1231,6,51,0.3096063634509484,0.2703740576516862,0.1401053005438147
ICAM1,human_RU1231,6,48,0.48089887640449436,0.23286167252972817,0.1401053005438147
JUN,human_RU1231,6,43,0.4421074127016541,0.1934731882339511,0.1401053005438147
JUNB,human_RU1231,3,8,0.24686361796843384,0.25596166080216143,0.1401053005438147
JUND,human_RU1231,1,2,1.0,0.032654550506214616,0.1401053005438147
KMT2A,human_RU1231,7,51,0.12747344303270153,0.39027870880753956,0.1401053005438147
LMX1B,human_RU1231,4,15,0.2815730792621123,0.3469535374931884,0.1401053005438147
MEIS2,human_RU1231,4,16,0.339133953864832,0.27670259752991094,0.1401053005438147
NCAM1,human_RU1231,7,69,0.4163027656477438,0.22884329170244128,0.1401053005438147
NFATC2,human_RU1231,3,8,0.4170376365843788,0.25504814667408715,0.1401053005438147
NFIA,human_RU1231,7,63,0.3912497383294955,0.23972648002148556,0.1401053005438147
NFIB,human_RU1231,8,85,0.3117773019271949,0.2605819346633148,0.1401053005438147
NFIX,human_RU1231,5,26,0.1877285656237302,0.3600398259921714,0.1401053005438147
NFKB1,human_RU1231,4,16,0.3737353298259814,0.2893673394020677,0.1401053005438147
NFYC,human_RU1231,1,2,1.0,0.007602728557890668,0.1401053005438147
NR6A1,human_RU1231,1,2,1.0,0.010506432603169953,0.1401053005438147
PBX1,human_RU1231,4,16,0.09348441926345609,0.36651448824559685,0.1401053005438147
PKNOX2,human_RU1231,5,25,0.5696613263029812,0.21231013155778292,0.1401053005438147
PROX1,human_RU1231,2,4,0.2919870497774181,0.36054085376608835,0.1401053005438147
RBPJ,human_RU1231,1,2,1.0,0.009424163260139928,0.1401053005438147
REST,human_RU1231,3,8,0.5323755564548766,0.20642517131784088,0.1401053005438147
RORA_RORB,human_RU1231,5,25,0.20271915584415584,0.5021978037671004,0.1401053005438147
RUNX1,human_RU1231,7,60,0.1628344481605351,0.3111365239570085,0.1401053005438147
SIX1,human_RU1231,5,28,0.2954775907523829,0.33380562322189844,0.1401053005438147
SIX4,human_RU1231,8,85,0.3221577476896626,0.25068616416249695,0.1401053005438147
SMAD3,human_RU1231,5,31,0.31666329216440575,0.29400414374402056,0.1401053005438147
SOX11,human_RU1231,4,16,0.26972885471469044,0.25102525040978774,0.1401053005438147
SOX9,human_RU1231,1,2,1.0,0.026577812866727363,0.1401053005438147
STAT1,human_RU1231,1,2,1.0,0.035250745406969944,0.1401053005438147
STAT2,human_RU1231,5,28,0.37342799188640974,0.24131964785571353,0.1401053005438147
TBX15,human_RU1231,6,40,0.15413146507315062,0.4499013730133176,0.1401053005438147
TCF4,human_RU1231,1,2,1.0,0.012828423093133215,0.1401053005438147
TCF7L1,human_RU1231,6,44,0.3336732612686111,0.2826766337556365,0.1401053005438147
TCF7L2,human_RU1231,5,30,0.3933062880324544,0.3295189037368341,0.1401053005438147
TEAD1,human_RU1231,6,46,0.6561289006730573,0.1371927412090664,0.1401053005438147
TFDP1,human_RU1231,1,2,1.0,0.019638014891989245,0.1401053005438147
THRB,human_RU1231,1,2,0.5289356535815459,0.20310873961432416,0.1401053005438147
ZBTB20,human_RU1231,7,61,0.5618212197159566,0.17574960415543647,0.1401053005438147
ZEB1,human_RU1231,1,2,1.0,0.037862938606797306,0.1401053005438147
ASCL1,human_RU1229,6,38,0.4467323187108326,0.3005249740219108,0.14870008689403738
BACH1,human_RU1229,5,27,0.5174027493419129,0.18657064860192893,0.14870008689403738
BACH2,human_RU1229,3,8,0.3086994471923189,0.2152142267369387,0.14870008689403738
CREB1,human_RU1229,1,2,1.0,0.02288598801931268,0.14870008689403738
CUX2,human_RU1229,7,60,0.2548596112311015,0.3698548462299034,0.14870008689403738
EGR1,human_RU1229,7,60,0.3356988583770441,0.34737952512385784,0.14870008689403738
EHF,human_RU1229,2,4,0.5178935117835322,0.23243000239414174,0.14870008689403738
EPCAM,human_RU1229,6,40,0.45844424726412303,0.28148923949657834,0.14870008689403738
ESR1,human_RU1229,1,2,1.0,0.044663669714405066,0.14870008689403738
ETS1,human_RU1229,4,16,0.3692173407041024,0.236080864618442,0.14870008689403738
FOS,human_RU1229,8,58,0.3212418300653595,0.21235639202416265,0.14870008689403738
FOXO3,human_RU1229,4,16,0.395112016293279,0.29095589295248275,0.14870008689403738
GRHL2,human_RU1229,4,14,0.7550247596854064,0.06372395535848613,0.14870008689403738
HES1,human_RU1229,5,29,0.49926879204445745,0.2110411324500575,0.14870008689403738
HSF2,human_RU1229,6,39,0.3603179275831616,0.2696911082555261,0.14870008689403738
ICAM1,human_RU1229,6,46,0.2865618510827648,0.27916712076308553,0.14870008689403738
JUN,human_RU1229,6,34,0.5690265486725664,0.21617333194657365,0.14870008689403738
JUNB,human_RU1229,3,8,0.13616526040151294,0.22308720272707772,0.14870008689403738
JUND,human_RU1229,1,2,1.0,0.038559462768677374,0.14870008689403738
KMT2A,human_RU1229,7,58,0.2980091883614089,0.3740408462426967,0.14870008689403738
LMX1B,human_RU1229,4,15,0.33702623906705537,0.2945685502573915,0.14870008689403738
MEIS2,human_RU1229,4,16,0.2577829502473087,0.3800456373172303,0.14870008689403738
NCAM1,human_RU1229,7,47,0.5863221884498481,0.266075446113429,0.14870008689403738
NFATC2,human_RU1229,3,8,0.32121035787023566,0.21425627573206826,0.14870008689403738
NFIA,human_RU1229,7,57,0.31517747858017137,0.2753274052699681,0.14870008689403738
NFIB,human_RU1229,8,84,0.20404234841193455,0.2971958809105953,0.14870008689403738
NFIX,human_RU1229,5,32,0.2540005819028222,0.35530682262013585,0.14870008689403738
NFKB1,human_RU1229,4,16,0.10096013965667734,0.3574168207292966,0.14870008689403738
NFYC,human_RU1229,1,2,1.0,0.014789660872980916,0.14870008689403738
NR6A1,human_RU1229,1,2,1.0,0.005491442323199985,0.14870008689403738
PBX1,human_RU1229,4,16,0.5178935117835322,0.17964304822856947,0.14870008689403738
PKNOX2,human_RU1229,5,29,0.2816613044749927,0.308951546332773,0.14870008689403738
PROX1,human_RU1229,2,4,0.19406459121326738,0.3083120117643496,0.14870008689403738
RBPJ,human_RU1229,1,2,1.0,0.0026188731330228773,0.14870008689403738
REST,human_RU1229,3,8,0.5888856560954321,0.2467786409476452,0.14870008689403738
RORA_RORB,human_RU1229,5,29,0.32847141190198365,0.4145428758324793,0.14870008689403738
RUNX1,human_RU1229,7,50,0.6298224127372933,0.18849496609951005,0.14870008689403738
SIX1,human_RU1229,5,31,0.22637106184364061,0.35914664586511774,0.14870008689403738
SIX4,human_RU1229,8,69,0.43735836840401426,0.2633740400378234,0.14870008689403738
SMAD3,human_RU1229,5,29,0.3704352906806895,0.2497360932205813,0.14870008689403738
SOX11,human_RU1229,4,16,0.29386092522548735,0.3516870429854031,0.14870008689403738
SOX9,human_RU1229,1,2,1.0,0.030044787565942244,0.14870008689403738
STAT1,human_RU1229,1,2,1.0,0.04102994157223981,0.14870008689403738
STAT2,human_RU1229,5,26,0.15562043795620437,0.2791489428693451,0.14870008689403738
TBX15,human_RU1229,6,47,0.5225519287833827,0.18326811199462414,0.14870008689403738
TCF4,human_RU1229,1,2,1.0,0.016279800364032718,0.14870008689403738
TCF7L1,human_RU1229,6,45,0.39887971698113206,0.22547881175252948,0.14870008689403738
TCF7L2,human_RU1229,5,28,0.17300936768149883,0.4224097249265639,0.14870008689403738
TEAD1,human_RU1229,6,41,0.6265095729013255,0.15464152786377458,0.14870008689403738
TFDP1,human_RU1229,1,2,1.0,0.022188234364055204,0.14870008689403738
THRB,human_RU1229,1,2,0.0,0.3213707364068762,0.14870008689403738
ZBTB20,human_RU1229,7,49,0.5437041564792175,0.23523006448865671,0.14870008689403738
ZEB1,human_RU1229,1,2,1.0,0.02585957231914487,0.14870008689403738
ASCL1,human_RU1066,6,34,0.1421587062805566,0.32973204575111187,0.12370163505379853
BACH1,human_RU1066,5,19,0.34053460270963015,0.2996108207149167,0.12370163505379853
BACH2,human_RU1066,3,8,0.8044895003620565,0.13700186835582168,0.12370163505379853
CREB1,human_RU1066,1,2,1.0,0.02221578026619386,0.12370163505379853
CUX2,human_RU1066,7,40,0.2724458204334365,0.3101571107351662,0.12370163505379853
EGR1,human_RU1066,7,40,0.3664860681114551,0.26347156064990346,0.12370163505379853
EHF,human_RU1066,2,4,0.34685010861694426,0.19412568145005984,0.12370163505379853
EPCAM,human_RU1066,6,38,0.14904744116548374,0.34639377636208263,0.12370163505379853
ESR1,human_RU1066,1,2,1.0,0.050139232327416974,0.12370163505379853
ETS1,human_RU1066,4,11,0.062021160160525356,0.3833867899660185,0.12370163505379853
FOS,human_RU1066,8,46,0.43870967741935485,0.20445804188412536,0.12370163505379853
FOXO3,human_RU1066,4,15,0.46734397677793904,0.25402616308857173,0.12370163505379853
GRHL2,human_RU1066,4,15,0.05758783049619703,0.2904149433878032,0.12370163505379853
HES1,human_RU1066,5,24,0.37545520757465406,0.23637419835011989,0.12370163505379853
HSF2,human_RU1066,6,32,0.6622740963855421,0.1389237758817667,0.12370163505379853
ICAM1,human_RU1066,6,42,0.33917256802087214,0.29895853460098387,0.12370163505379853
JUN,human_RU1066,6,26,0.481673454276194,0.23329939457700846,0.12370163505379853
JUNB,human_RU1066,3,8,0.18464880521361332,0.2525912221888042,0.12370163505379853
JUND,human_RU1066,1,2,1.0,0.03520586627724389,0.12370163505379853
KMT2A,human_RU1066,7,48,0.25849277625927375,0.36464597903647805,0.12370163505379853
LMX1B,human_RU1066,4,16,0.21288921071687184,0.34209083517725647,0.12370163505379853
MEIS2,human_RU1066,4,16,0.2614047791455467,0.3204580868025303,0.12370163505379853
NCAM1,human_RU1066,7,47,0.23499806426635694,0.39941121984338585,0.12370163505379853
NFATC2,human_RU1066,3,8,0.0,0.33493010542407725,0.12370163505379853
NFIA,human_RU1066,7,31,0.2339466766804356,0.3626879248192805,0.12370163505379853
NFIB,human_RU1066,8,50,0.29328621908127206,0.2739881755803262,0.12370163505379853
NFIX,human_RU1066,5,30,0.2085600290170475,0.44375890146971697,0.12370163505379853
NFKB1,human_RU1066,4,13,0.28457059679767105,0.4234742435081617,0.12370163505379853
NFYC,human_RU1066,1,2,1.0,0.014968637718528023,0.12370163505379853
NR6A1,human_RU1066,1,2,1.0,0.014765210341884846,0.12370163505379853
PBX1,human_RU1066,4,13,0.324235807860262,0.33708524902077575,0.12370163505379853
PKNOX2,human_RU1066,5,24,0.02376599634369287,0.5594018684617953,0.12370163505379853
PROX1,human_RU1066,2,4,0.0,0.2658296819072906,0.12370163505379853
RBPJ,human_RU1066,1,2,1.0,0.003225998204236631,0.12370163505379853
REST,human_RU1066,3,8,0.37943519188993485,0.18740886087548103,0.12370163505379853
RORA_RORB,human_RU1066,5,30,0.18053033054849255,0.4370108014877049,0.12370163505379853
RUNX1,human_RU1066,7,48,0.3168505135032332,0.2792023022552106,0.12370163505379853
SIX1,human_RU1066,5,21,0.08777084098420859,0.2655796643071831,0.12370163505379853
SIX4,human_RU1066,8,62,0.47165160230073955,0.19264737725063621,0.12370163505379853
SMAD3,human_RU1066,5,29,0.10480349344978165,0.4288440198377843,0.12370163505379853
SOX11,human_RU1066,4,16,0.5405503258508327,0.2691235123507666,0.12370163505379853
SOX9,human_RU1066,1,2,1.0,0.04414599497836233,0.12370163505379853
STAT1,human_RU1066,1,2,1.0,0.0419789377366845,0.12370163505379853
STAT2,human_RU1066,5,23,0.43279766252739227,0.18653287642038477,0.12370163505379853
TBX15,human_RU1066,6,43,0.32079646017699115,0.28075360613467726,0.12370163505379853
TCF4,human_RU1066,1,2,1.0,0.04812613371582013,0.12370163505379853
TCF7L1,human_RU1066,6,37,0.4977728285077951,0.254253120664231,0.12370163505379853
TCF7L2,human_RU1066,5,30,0.3370909090909091,0.3279339928146487,0.12370163505379853
TEAD1,human_RU1066,6,28,0.8364312267657993,0.11301976231129585,0.12370163505379853
TFDP1,human_RU1066,1,2,1.0,0.025639250589120966,0.12370163505379853
THRB,human_RU1066,1,2,0.0,0.29074081693491505,0.12370163505379853
ZBTB20,human_RU1066,7,56,0.23773297831875237,0.3721438572630502,0.12370163505379853
ZEB1,human_RU1066,1,2,1.0,0.03061385635770704,0.12370163505379853
ASCL1,human_RU1195,6,8,0.4703389830508475,0.1761232596716443,0.42671937697872075
BACH1,human_RU1195,5,4,0.9248826291079812,0.07127440095181979,0.42671937697872075
BACH2,human_RU1195,3,5,0.14566929133858267,0.34268249299852854,0.42671937697872075
CREB1,human_RU1195,1,2,1.0,0.0203014384365269,0.42671937697872075
CUX2,human_RU1195,7,6,0.6732673267326733,0.17292548685603765,0.42671937697872075
EGR1,human_RU1195,7,6,0.599009900990099,0.18773500279115743,0.42671937697872075
EHF,human_RU1195,2,4,0.7715355805243446,0.12096721202956719,0.42671937697872075
EPCAM,human_RU1195,6,6,0.2813852813852814,0.14867033621774062,0.42671937697872075
ESR1,human_RU1195,1,2,1.0,0.05891837220799004,0.42671937697872075
ETS1,human_RU1195,4,5,0.39285714285714285,0.2977297122098201,0.42671937697872075
FOS,human_RU1195,8,6,0.3106796116504854,0.2789935208166705,0.42671937697872075
FOXO3,human_RU1195,4,3,0.5806451612903226,0.2032782169679772,0.42671937697872075
GRHL2,human_RU1195,4,4,0.6489795918367347,0.2163946051761582,0.42671937697872075
HES1,human_RU1195,5,6,0.6909090909090909,0.13667475413171037,0.42671937697872075
HSF2,human_RU1195,6,5,0.6636363636363637,0.13303662072608247,0.42671937697872075
ICAM1,human_RU1195,6,4,0.4090909090909091,0.21406260421668696,0.42671937697872075
JUN,human_RU1195,6,6,0.13765182186234817,0.2845504832708105,0.42671937697872075
JUNB,human_RU1195,3,4,0.04247104247104247,0.45963963122759505,0.42671937697872075
JUND,human_RU1195,1,2,1.0,0.05090450873320855,0.42671937697872075
KMT2A,human_RU1195,7,5,0.0514018691588785,0.49614833940208647,0.42671937697872075
LMX1B,human_RU1195,4,5,0.6122448979591837,0.12545601025188927,0.42671937697872075
MEIS2,human_RU1195,4,4,0.0,0.6294568335054135,0.42671937697872075
NCAM1,human_RU1195,7,5,0.3305084745762712,0.29744348197617154,0.42671937697872075
NFATC2,human_RU1195,3,4,0.23809523809523808,0.1911896478161929,0.42671937697872075
NFIA,human_RU1195,7,5,0.7727272727272727,0.11420010605301434,0.42671937697872075
NFIB,human_RU1195,8,10,0.9476190476190476,0.05787161722987868,0.42671937697872075
NFIX,human_RU1195,5,4,0.05069124423963134,0.586589768347404,0.42671937697872075
NFKB1,human_RU1195,4,7,0.937007874015748,0.04126502015970358,0.42671937697872075
NFYC,human_RU1195,1,2,1.0,0.041942568471572184,0.42671937697872075
NR6A1,human_RU1195,1,2,1.0,0.02171329864663093,0.42671937697872075
PBX1,human_RU1195,4,7,0.2874015748031496,0.1681247419955891,0.42671937697872075
PKNOX2,human_RU1195,5,4,0.4212962962962963,0.43218647415802836,0.42671937697872075
PROX1,human_RU1195,2,4,0.7752808988764045,0.14173862947483873,0.42671937697872075
RBPJ,human_RU1195,1,2,1.0,0.0034535616849026545,0.42671937697872075
REST,human_RU1195,3,7,0.704119850187266,0.2125803243479148,0.42671937697872075
RORA_RORB,human_RU1195,5,5,0.7880184331797235,0.08970618795618533,0.42671937697872075
RUNX1,human_RU1195,7,4,1.0,0.04505631010686835,0.42671937697872075
SIX1,human_RU1195,5,5,0.3915094339622642,0.36475629301687873,0.42671937697872075
SIX4,human_RU1195,8,5,0.38333333333333336,0.18175555855587164,0.42671937697872075
SMAD3,human_RU1195,5,7,0.51931330472103,0.14632229936364755,0.42671937697872075
SOX11,human_RU1195,4,3,0.4583333333333333,0.38544178928568307,0.42671937697872075
SOX9,human_RU1195,1,2,1.0,0.0598862220246079,0.42671937697872075
STAT1,human_RU1195,1,2,1.0,0.05842094065527043,0.42671937697872075
STAT2,human_RU1195,5,6,0.6577777777777778,0.19213682476529367,0.42671937697872075
TBX15,human_RU1195,6,4,0.4492753623188406,0.16639771161101707,0.42671937697872075
TCF4,human_RU1195,1,2,1.0,0.03409744668265465,0.42671937697872075
TCF7L1,human_RU1195,6,7,0.6009174311926605,0.18349807774279414,0.42671937697872075
TCF7L2,human_RU1195,5,7,0.052845528455284556,0.515832219388681,0.42671937697872075
TEAD1,human_RU1195,6,6,0.8388429752066116,0.10793579590269343,0.42671937697872075
TFDP1,human_RU1195,1,2,1.0,0.04018606451153292,0.42671937697872075
THRB,human_RU1195,1,2,0.0,0.4023386479034025,0.42671937697872075
ZBTB20,human_RU1195,7,5,0.7092511013215859,0.2123251507784219,0.42671937697872075
ZEB1,human_RU1195,1,2,1.0,0.030790316768797482,0.42671937697872075
ASCL1,human_RU1311,6,3,1.0,0.03388826714951905,0.5379865508748085
BACH1,human_RU1311,5,2,1.0,0.010024514602782912,0.5379865508748085
BACH2,human_RU1311,3,2,0.0,0.33499292142913556,0.5379865508748085
CREB1,human_RU1311,1,2,1.0,0.03782019895474768,0.5379865508748085
CUX2,human_RU1311,7,2,0.0,0.617306001481703,0.5379865508748085
EGR1,human_RU1311,7,2,1.0,0.05376020673757688,0.5379865508748085
EHF,human_RU1311,2,3,0.9300699300699301,0.0930078909497611,0.5379865508748085
EPCAM,human_RU1311,6,3,0.5,0.1880342682810176,0.5379865508748085
ESR1,human_RU1311,1,2,1.0,0.034603849447566615,0.5379865508748085
ETS1,human_RU1311,4,5,0.1897810218978102,0.22094031652682417,0.5379865508748085
FOS,human_RU1311,8,4,0.0,0.362377690104978,0.5379865508748085
FOXO3,human_RU1311,4,2,0.43609022556390975,0.2801647028980884,0.5379865508748085
GRHL2,human_RU1311,4,3,1.0,0.09887739985348593,0.5379865508748085
HES1,human_RU1311,5,2,0.4596774193548387,0.18911450707926591,0.5379865508748085
HSF2,human_RU1311,6,2,1.0,0.022410778937791333,0.5379865508748085
ICAM1,human_RU1311,6,3,0.5555555555555556,0.14198610931222977,0.5379865508748085
JUN,human_RU1311,6,2,0.0,0.2974367543497075,0.5379865508748085
JUNB,human_RU1311,3,2,0.0,0.4614554284854184,0.5379865508748085
JUND,human_RU1311,1,2,1.0,0.0961606885377169,0.5379865508748085
KMT2A,human_RU1311,7,3,0.0,0.485785305572428,0.5379865508748085
LMX1B,human_RU1311,4,2,0.0,0.18985160457591463,0.5379865508748085
MEIS2,human_RU1311,4,4,0.20300751879699247,0.402183197723619,0.5379865508748085
NCAM1,human_RU1311,7,5,0.7401574803149606,0.07422323269941129,0.5379865508748085
NFATC2,human_RU1311,3,2,0.5899280575539568,0.07993539311751469,0.5379865508748085
NFIA,human_RU1311,7,4,0.676923076923077,0.12548440747830766,0.5379865508748085
NFIB,human_RU1311,8,4,0.8050847457627118,0.051848932487121,0.5379865508748085
NFIX,human_RU1311,5,2,0.4444444444444444,0.2626476755764449,0.5379865508748085
NFKB1,human_RU1311,4,2,1.0,0.02853170072873878,0.5379865508748085
NFYC,human_RU1311,1,2,1.0,0.07289922804378769,0.5379865508748085
NR6A1,human_RU1311,1,2,1.0,0.05802953723759121,0.5379865508748085
PBX1,human_RU1311,4,2,0.5572519083969466,0.14659568094939965,0.5379865508748085
PKNOX2,human_RU1311,5,4,0.0,0.29791694094862137,0.5379865508748085
PROX1,human_RU1311,2,2,1.0,0.01890246493010147,0.5379865508748085
RBPJ,human_RU1311,1,2,1.0,0.029778233161773405,0.5379865508748085
REST,human_RU1311,3,3,0.42028985507246375,0.2585859177529072,0.5379865508748085
RORA_RORB,human_RU1311,5,4,1.0,0.06908928956363519,0.5379865508748085
RUNX1,human_RU1311,7,3,0.9242424242424242,0.05466004943150607,0.5379865508748085
SIX1,human_RU1311,5,4,0.6640625,0.2502846644854285,0.5379865508748085
SIX4,human_RU1311,8,7,0.9130434782608695,0.0678610576891468,0.5379865508748085
SMAD3,human_RU1311,5,4,0.2932330827067669,0.31663845454032646,0.5379865508748085
SOX11,human_RU1311,4,4,0.4154929577464789,0.2687763004753844,0.5379865508748085
SOX9,human_RU1311,1,2,1.0,0.07734185412755458,0.5379865508748085
STAT1,human_RU1311,1,2,1.0,0.09712817471016169,0.5379865508748085
STAT2,human_RU1311,5,3,0.8617886178861789,0.15256210707195694,0.5379865508748085
TBX15,human_RU1311,6,7,0.544,0.2182110752708718,0.5379865508748085
TCF4,human_RU1311,1,2,1.0,0.08060115925890958,0.5379865508748085
TCF7L1,human_RU1311,6,5,0.44,0.18435649542338164,0.5379865508748085
TCF7L2,human_RU1311,5,3,0.0,0.612144732957899,0.5379865508748085
TEAD1,human_RU1311,6,2,1.0,0.026199483365923943,0.5379865508748085
TFDP1,human_RU1311,1,2,1.0,0.02935997541562781,0.5379865508748085
THRB,human_RU1311,1,2,0.5724137931034483,0.1170641850343908,0.5379865508748085
ZBTB20,human_RU1311,7,2,1.0,0.01539839335707213,0.5379865508748085
ZEB1,human_RU1311,1,2,1.0,0.09493296158997319,0.5379865508748085
ASCL1,human_RU1215,6,55,0.09264024704065878,0.5095323817311459,0.033169142510470394
BACH1,human_RU1215,5,28,0.5780849974398361,0.15487438011850163,0.033169142510470394
BACH2,human_RU1215,3,8,0.15931684934998724,0.4429223469101251,0.033169142510470394
CREB1,human_RU1215,1,2,1.0,0.025663818755570406,0.033169142510470394
CUX2,human_RU1215,7,62,0.40310077519379844,0.26080958854350805,0.033169142510470394
EGR1,human_RU1215,7,62,0.3662122427158514,0.2902575425197992,0.033169142510470394
EHF,human_RU1215,2,4,0.22023961254142238,0.2401015169594711,0.033169142510470394
EPCAM,human_RU1215,6,41,0.367320598864223,0.33773768441477264,0.033169142510470394
ESR1,human_RU1215,1,2,1.0,0.04906354128144921,0.033169142510470394
ETS1,human_RU1215,4,16,0.3214376752485343,0.32931053629610846,0.033169142510470394
FOS,human_RU1215,8,89,0.4537604456824513,0.19187905474439199,0.033169142510470394
FOXO3,human_RU1215,4,16,0.1825133826153454,0.41159709822075236,0.033169142510470394
GRHL2,human_RU1215,4,16,0.09609992352791231,0.43625883906113744,0.033169142510470394
HES1,human_RU1215,5,28,0.4048106448311157,0.29233756983549325,0.033169142510470394
HSF2,human_RU1215,6,42,0.19652579725175007,0.32534169447759465,0.033169142510470394
ICAM1,human_RU1215,6,46,0.28404061442332723,0.29666785879226687,0.033169142510470394
JUN,human_RU1215,6,50,0.3304865424430642,0.30852875258349083,0.033169142510470394
JUNB,human_RU1215,3,8,0.08870762171807291,0.2640941624329269,0.033169142510470394
JUND,human_RU1215,1,2,1.0,0.036333103203418954,0.033169142510470394
KMT2A,human_RU1215,7,69,0.09850905218317359,0.48876520567336573,0.033169142510470394
LMX1B,human_RU1215,4,16,0.575834820290594,0.2604413161527366,0.033169142510470394
MEIS2,human_RU1215,4,16,0.2426714249299006,0.3860801058529916,0.033169142510470394
NCAM1,human_RU1215,7,74,0.3084458564998676,0.31180043984131844,0.033169142510470394
NFATC2,human_RU1215,3,8,0.40045883252612796,0.2602419700246719,0.033169142510470394
NFIA,human_RU1215,7,57,0.3046007403490217,0.2688275960449655,0.033169142510470394
NFIB,human_RU1215,8,70,0.20087455588958733,0.31980579736183135,0.033169142510470394
NFIX,human_RU1215,5,30,0.4292657968789972,0.2325191468370383,0.033169142510470394
NFKB1,human_RU1215,4,16,0.5485597756818761,0.23936582737056442,0.033169142510470394
NFYC,human_RU1215,1,2,1.0,0.01703706621548378,0.033169142510470394
NR6A1,human_RU1215,1,2,1.0,0.014444713730381517,0.033169142510470394
PBX1,human_RU1215,4,16,0.24394595972470048,0.2497667555263897,0.033169142510470394
PKNOX2,human_RU1215,5,25,0.30406797116374873,0.3952068644226599,0.033169142510470394
PROX1,human_RU1215,2,4,0.0,0.2696762867520647,0.033169142510470394
RBPJ,human_RU1215,1,2,1.0,0.0028326595057665163,0.033169142510470394
REST,human_RU1215,3,8,0.11139434106551109,0.3298530049590529,0.033169142510470394
RORA_RORB,human_RU1215,5,28,0.22432294328053143,0.3413878079793328,0.033169142510470394
RUNX1,human_RU1215,7,65,0.17207962283918282,0.2802342389612277,0.033169142510470394
SIX1,human_RU1215,5,30,0.21386543873113328,0.3755509642492448,0.033169142510470394
SIX4,human_RU1215,8,84,0.26522807975962853,0.3246159873929624,0.033169142510470394
SMAD3,human_RU1215,5,30,0.5575153374233128,0.24105859927094545,0.033169142510470394
SOX11,human_RU1215,4,15,0.4868588925746364,0.25458002863903295,0.033169142510470394
SOX9,human_RU1215,1,2,1.0,0.026003655765482088,0.033169142510470394
STAT1,human_RU1215,1,2,1.0,0.047432830941338225,0.033169142510470394
STAT2,human_RU1215,5,26,0.5367420349434738,0.20237907000062097,0.033169142510470394
TBX15,human_RU1215,6,48,0.24303203959364417,0.33917040055755504,0.033169142510470394
TCF4,human_RU1215,1,2,1.0,0.013314306878916965,0.033169142510470394
TCF7L1,human_RU1215,6,40,0.2981043884705271,0.26940339835327637,0.033169142510470394
TCF7L2,human_RU1215,5,27,0.11770726714431934,0.44364242832088546,0.033169142510470394
TEAD1,human_RU1215,6,49,0.39352684305163116,0.27196823944550375,0.033169142510470394
TFDP1,human_RU1215,1,2,1.0,0.018089435659549423,0.033169142510470394
THRB,human_RU1215,1,2,0.0,0.5041020604381903,0.033169142510470394
ZBTB20,human_RU1215,7,55,0.5423594615993665,0.21078774490552052,0.033169142510470394
ZEB1,human_RU1215,1,2,1.0,0.030137646472439338,0.033169142510470394
ASCL1,human_RU779,6,7,0.1534090909090909,0.716285143576089,
BACH1,human_RU779,5,6,0.653179190751445,0.164891022034381,
BACH2,human_RU779,3,4,0.4079601990049751,0.2232734226935334,
CREB1,human_RU779,1,2,1.0,0.023639113182947948,
CUX2,human_RU779,7,6,0.1793103448275862,0.3651983801895972,
EGR1,human_RU779,7,6,0.3310344827586207,0.26552995583505196,
EHF,human_RU779,2,4,0.19907407407407407,0.3854410904209714,
EPCAM,human_RU779,6,5,0.4117647058823529,0.25793045851285895,
ESR1,human_RU779,1,2,1.0,0.05490857510380581,
ETS1,human_RU779,4,6,0.32642487046632124,0.3682416038143386,
FOS,human_RU779,8,6,0.43529411764705883,0.23870024072508209,
FOXO3,human_RU779,4,4,0.0,0.23681030742456288,
GRHL2,human_RU779,4,5,0.0,0.22372578319235023,
HES1,human_RU779,5,4,0.0,0.240179890226515,
HSF2,human_RU779,6,5,0.43902439024390244,0.17312988406944496,
ICAM1,human_RU779,6,4,0.4388888888888889,0.2360250394390332,
JUN,human_RU779,6,5,0.0759493670886076,0.4070891888624747,
JUNB,human_RU779,3,3,0.0,0.4520832724592715,
JUND,human_RU779,1,2,1.0,0.0547241121242536,
KMT2A,human_RU779,7,5,0.0,0.4957864542416474,
LMX1B,human_RU779,4,3,0.0,0.48728420822859486,
MEIS2,human_RU779,4,4,0.17647058823529413,0.6692114192401365,
NCAM1,human_RU779,7,6,0.44370860927152317,0.16658986316496088,
NFATC2,human_RU779,3,4,0.1076923076923077,0.3011713037484725,
NFIA,human_RU779,7,6,0.14012738853503184,0.3323809257948065,
NFIB,human_RU779,8,4,0.0,0.7201036197849062,
NFIX,human_RU779,5,4,0.0,0.6239849091472768,
NFKB1,human_RU779,4,6,0.0,0.5571010443205852,
NFYC,human_RU779,1,2,1.0,0.055745961514098843,
NR6A1,human_RU779,1,2,1.0,0.04657235202431303,
PBX1,human_RU779,4,6,0.08333333333333333,0.5974051020541818,
PKNOX2,human_RU779,5,2,0.35678391959798994,0.5059757439448996,
PROX1,human_RU779,2,3,0.9198113207547169,0.11031854427925744,
RBPJ,human_RU779,1,2,1.0,0.0248096184286676,
REST,human_RU779,3,5,0.6091370558375635,0.1717112803147084,
RORA_RORB,human_RU779,5,5,0.36,0.4500376611296949,
RUNX1,human_RU779,7,4,0.3224043715846995,0.22596534865073528,
SIX1,human_RU779,5,6,0.3197969543147208,0.2561372036873903,
SIX4,human_RU779,8,8,0.5696969696969697,0.3116425040689583,
SMAD3,human_RU779,5,6,1.0,0.06449137551355487,
SOX11,human_RU779,4,5,0.4623115577889447,0.38443763042673296,
SOX9,human_RU779,1,2,1.0,0.037496234347901364,
STAT1,human_RU779,1,2,1.0,0.03548118616973724,
STAT2,human_RU779,5,4,0.5502958579881657,0.14674847663690263,
TBX15,human_RU779,6,4,0.0,0.5729684279255775,
TCF4,human_RU779,1,2,1.0,0.02206673310379784,
TCF7L1,human_RU779,6,5,0.25,0.2203250638709916,
TCF7L2,human_RU779,5,5,0.17582417582417584,0.5504405566300204,
TEAD1,human_RU779,6,4,0.0,0.3079403004646884,
TFDP1,human_RU779,1,2,1.0,0.02517309124149988,
THRB,human_RU779,1,2,1.0,0.05670276471086617,
ZBTB20,human_RU779,7,5,0.9341317365269461,0.09843641117919044,
ZEB1,human_RU779,1,2,1.0,0.026302242565737415,
ASCL1,human_RU1108,6,49,0.14266230223677032,0.46216483647954015,0.07765384075023023
BACH1,human_RU1108,5,32,0.37391461649782926,0.31442674791512604,0.07765384075023023
BACH2,human_RU1108,3,8,0.5142004341534009,0.19568552240577436,0.07765384075023023
CREB1,human_RU1108,1,2,1.0,0.027178287262834805,0.07765384075023023
CUX2,human_RU1108,7,89,0.24502464853021727,0.3398141686618118,0.07765384075023023
EGR1,human_RU1108,7,89,0.489318970239182,0.2505885413231428,0.07765384075023023
EHF,human_RU1108,2,4,0.26790882778581765,0.2904989564703898,0.07765384075023023
EPCAM,human_RU1108,6,58,0.19324152926254756,0.39264111987951966,0.07765384075023023
ESR1,human_RU1108,1,2,1.0,0.041911875901562465,0.07765384075023023
ETS1,human_RU1108,4,16,0.35121201157742404,0.312710522828987,0.07765384075023023
FOS,human_RU1108,8,105,0.206697136461151,0.2964846011448385,0.07765384075023023
FOXO3,human_RU1108,4,16,0.2434876989869754,0.37702725022725386,0.07765384075023023
GRHL2,human_RU1108,4,16,0.3606186685962373,0.19497948588290823,0.07765384075023023
HES1,human_RU1108,5,29,0.40208333333333335,0.25912271503183293,0.07765384075023023
HSF2,human_RU1108,6,59,0.25380710659898476,0.3060466323678826,0.07765384075023023
ICAM1,human_RU1108,6,51,0.6065558884954145,0.1828792831510165,0.07765384075023023
JUN,human_RU1108,6,49,0.2861171761280932,0.2791504179909547,0.07765384075023023
JUNB,human_RU1108,3,8,0.31105282199710566,0.2881837058153556,0.07765384075023023
JUND,human_RU1108,1,2,1.0,0.032918287602058144,0.07765384075023023
KMT2A,human_RU1108,7,80,0.38588602367624114,0.3286408475815003,0.07765384075023023
LMX1B,human_RU1108,4,16,0.5709117221418234,0.19357444811682686,0.07765384075023023
MEIS2,human_RU1108,4,16,0.30752532561505064,0.26290073612652454,0.07765384075023023
NCAM1,human_RU1108,7,83,0.30896096756459596,0.31794886468631445,0.07765384075023023
NFATC2,human_RU1108,3,8,0.3835021707670043,0.232560549662766,0.07765384075023023
NFIA,human_RU1108,7,101,0.37123287671232874,0.25850861474769915,0.07765384075023023
NFIB,human_RU1108,8,127,0.5541448155304076,0.19228201792080135,0.07765384075023023
NFIX,human_RU1108,5,30,0.16212792906903103,0.3931037981097078,0.07765384075023023
NFKB1,human_RU1108,4,16,0.3253437047756874,0.21703170761509263,0.07765384075023023
NFYC,human_RU1108,1,2,1.0,0.01677037460885847,0.07765384075023023
NR6A1,human_RU1108,1,2,1.0,0.006962957440119387,0.07765384075023023
PBX1,human_RU1108,4,16,0.26474312590448623,0.208855449457821,0.07765384075023023
PKNOX2,human_RU1108,5,32,0.20595151953690305,0.4777621854196817,0.07765384075023023
PROX1,human_RU1108,2,4,0.7326338639652678,0.213057835181178,0.07765384075023023
RBPJ,human_RU1108,1,2,1.0,0.00888460615505481,0.07765384075023023
REST,human_RU1108,3,8,0.33800651230101303,0.38823894270270204,0.07765384075023023
RORA_RORB,human_RU1108,5,29,0.151657909041493,0.47071132248697345,0.07765384075023023
RUNX1,human_RU1108,7,97,0.2195433789954338,0.3625761082352791,0.07765384075023023
SIX1,human_RU1108,5,32,0.3519356005788712,0.2454121842594544,0.07765384075023023
SIX4,human_RU1108,8,124,0.4520317608594115,0.17127770004128762,0.07765384075023023
SMAD3,human_RU1108,5,31,0.4534189580318379,0.24618615002808572,0.07765384075023023
SOX11,human_RU1108,4,16,0.2657380607814761,0.3506698803450524,0.07765384075023023
SOX9,human_RU1108,1,2,1.0,0.028190798755666414,0.07765384075023023
STAT1,human_RU1108,1,2,1.0,0.03328173547352179,0.07765384075023023
STAT2,human_RU1108,5,32,0.4467257597684515,0.15603508422643325,0.07765384075023023
TBX15,human_RU1108,6,56,0.14302557591148196,0.31777937521868577,0.07765384075023023
TCF4,human_RU1108,1,2,1.0,0.014511446422374745,0.07765384075023023
TCF7L1,human_RU1108,6,53,0.39279557208964705,0.2055303410923071,0.07765384075023023
TCF7L2,human_RU1108,5,29,0.24719202898550724,0.4075116319572193,0.07765384075023023
TEAD1,human_RU1108,6,63,0.5140271493212669,0.16985560026868354,0.07765384075023023
TFDP1,human_RU1108,1,2,1.0,0.022170391710000896,0.07765384075023023
THRB,human_RU1108,1,2,0.5016280752532561,0.12786390604775374,0.07765384075023023
ZBTB20,human_RU1108,7,86,0.4114898295766905,0.262535104611128,0.07765384075023023
ZEB1,human_RU1108,1,2,1.0,0.029807167165789624,0.07765384075023023
ASCL1,organoid_shGFP,6,64,0.12041825950078705,0.372501915910387,0.023188739280125447
BACH1,organoid_shGFP,5,32,0.41353721610074207,0.23318384393010597,0.023188739280125447
BACH2,organoid_shGFP,3,8,0.7557904205082078,0.1942752622130371,0.023188739280125447
CREB1,organoid_shGFP,1,2,1.0,0.022301625892607594,0.023188739280125447
CUX2,organoid_shGFP,7,75,0.1991505968778696,0.2811574655887236,0.023188739280125447
EGR1,organoid_shGFP,7,75,0.5159550045913682,0.19590377868125367,0.023188739280125447
EHF,organoid_shGFP,2,4,0.09613222397121655,0.5422760042502077,0.023188739280125447
EPCAM,organoid_shGFP,6,64,0.2096919271418934,0.3710571603814352,0.023188739280125447
ESR1,organoid_shGFP,1,2,1.0,0.057641571470195364,0.023188739280125447
ETS1,organoid_shGFP,4,16,0.34090398021137847,0.3822022472530111,0.023188739280125447
FOS,organoid_shGFP,8,174,0.46847584512808516,0.18616254305509616,0.023188739280125447
FOXO3,organoid_shGFP,4,16,0.2548909377108163,0.23309260954158037,0.023188739280125447
GRHL2,organoid_shGFP,4,16,0.02687204857207106,0.424082001481983,0.023188739280125447
HES1,organoid_shGFP,5,30,0.06349921188921415,0.4215768451046076,0.023188739280125447
HSF2,organoid_shGFP,6,64,0.31302001349224196,0.2017756369411222,0.023188739280125447
ICAM1,organoid_shGFP,6,59,0.12824565364642132,0.3696945281937844,0.023188739280125447
JUN,organoid_shGFP,6,61,0.23459154929577464,0.32932697022579654,0.023188739280125447
JUNB,organoid_shGFP,3,8,0.3115583539464808,0.26805264758901776,0.023188739280125447
JUND,organoid_shGFP,1,2,1.0,0.03448515803255738,0.023188739280125447
KMT2A,organoid_shGFP,7,119,0.34374646293152233,0.22817056374881067,0.023188739280125447
LMX1B,organoid_shGFP,4,16,0.12356644929165729,0.4247795220864524,0.023188739280125447
MEIS2,organoid_shGFP,4,16,0.38970092196986733,0.16797751387629983,0.023188739280125447
NCAM1,organoid_shGFP,7,86,0.3766990291262136,0.22340330207617193,0.023188739280125447
NFATC2,organoid_shGFP,3,8,0.4807735552057567,0.13177918934085392,0.023188739280125447
NFIA,organoid_shGFP,7,54,0.3132293471981514,0.2315373114228961,0.023188739280125447
NFIB,organoid_shGFP,8,150,0.0839891929989428,0.4731228653664273,0.023188739280125447
NFIX,organoid_shGFP,5,32,0.28412412862604003,0.2528974179662306,0.023188739280125447
NFKB1,organoid_shGFP,4,15,0.2740774077407741,0.2838949064208304,0.023188739280125447
NFYC,organoid_shGFP,1,2,1.0,0.017678912940894662,0.023188739280125447
NR6A1,organoid_shGFP,1,2,1.0,0.00863888087758722,0.023188739280125447
PBX1,organoid_shGFP,4,15,0.3486723672367237,0.25789362495106755,0.023188739280125447
PKNOX2,organoid_shGFP,5,32,0.25275466606701147,0.32733445910882963,0.023188739280125447
PROX1,organoid_shGFP,2,4,0.2559028558578817,0.28893250361430445,0.023188739280125447
RBPJ,organoid_shGFP,1,2,1.0,0.004778184720783096,0.023188739280125447
REST,organoid_shGFP,3,8,0.34798740724083654,0.22929797922968323,0.023188739280125447
RORA_RORB,organoid_shGFP,5,32,0.21553856532493815,0.29964231446363965,0.023188739280125447
RUNX1,organoid_shGFP,7,105,0.27455433178153743,0.3322429879562036,0.023188739280125447
SIX1,organoid_shGFP,5,32,0.294917922194738,0.3083204881784693,0.023188739280125447
SIX4,organoid_shGFP,8,124,0.45770676691729323,0.2176242171871708,0.023188739280125447
SMAD3,organoid_shGFP,5,32,0.29368113334832474,0.39275839309171606,0.023188739280125447
SOX11,organoid_shGFP,4,16,0.34146615695974813,0.27796953206531894,0.023188739280125447
SOX9,organoid_shGFP,1,2,1.0,0.05702204803665368,0.023188739280125447
STAT1,organoid_shGFP,1,2,1.0,0.04009072350499447,0.023188739280125447
STAT2,organoid_shGFP,5,28,0.3261507220216607,0.21038550122792582,0.023188739280125447
TBX15,organoid_shGFP,6,44,0.5261958997722096,0.17467204872482384,0.023188739280125447
TCF4,organoid_shGFP,1,2,1.0,0.010689163693660823,0.023188739280125447
TCF7L1,organoid_shGFP,6,46,0.10545990031717263,0.4673682613182072,0.023188739280125447
TCF7L2,organoid_shGFP,5,32,0.2279064537890713,0.23595685130515548,0.023188739280125447
TEAD1,organoid_shGFP,6,53,0.6765702666064166,0.13717473588513532,0.023188739280125447
TFDP1,organoid_shGFP,1,2,1.0,0.01984430834857194,0.023188739280125447
THRB,organoid_shGFP,1,2,0.0,0.46978896239615353,0.023188739280125447
ZBTB20,organoid_shGFP,7,110,0.3203739596397218,0.26304440243007143,0.023188739280125447
ZEB1,organoid_shGFP,1,2,1.0,0.050252335176972994,0.023188739280125447
ASCL1,organoid_shRORB1,6,62,0.15333549222797926,0.35678269063920776,0.15082702253875024
BACH1,organoid_shRORB1,5,32,0.30534474406588086,0.2484664956463847,0.15082702253875024
BACH2,organoid_shRORB1,3,8,0.39205554658485386,0.1646537782566177,0.15082702253875024
CREB1,organoid_shRORB1,1,2,1.0,0.023908962681365557,0.15082702253875024
CUX2,organoid_shRORB1,7,78,0.5171438082556591,0.20499522025080866,0.15082702253875024
EGR1,organoid_shRORB1,7,78,0.3127496671105193,0.3203962643655845,0.15082702253875024
EHF,organoid_shRORB1,2,4,0.25367350234135316,0.3420724724857247,0.15082702253875024
EPCAM,organoid_shRORB1,6,63,0.24830261881668284,0.33159279708914197,0.15082702253875024
ESR1,organoid_shRORB1,1,2,1.0,0.05056027497671961,0.15082702253875024
ETS1,organoid_shRORB1,4,16,0.30405296302276763,0.3556926104264441,0.15082702253875024
FOS,organoid_shRORB1,8,105,0.45600423205783813,0.19820867093016922,0.15082702253875024
FOXO3,organoid_shRORB1,4,16,0.16163410301953818,0.26533047959441175,0.15082702253875024
GRHL2,organoid_shRORB1,4,16,0.14742451154529307,0.3312479514409337,0.15082702253875024
HES1,organoid_shRORB1,5,29,0.26594367109096795,0.2820137355046307,0.15082702253875024
HSF2,organoid_shRORB1,6,63,0.5949919224555735,0.17223262202024572,0.15082702253875024
ICAM1,organoid_shRORB1,6,50,0.2780766096169519,0.22858729777335085,0.15082702253875024
JUN,organoid_shRORB1,6,57,0.26763990267639903,0.29676920345817354,0.15082702253875024
JUNB,organoid_shRORB1,3,8,0.5162279993541095,0.17293339359742668,0.15082702253875024
JUND,organoid_shRORB1,1,2,1.0,0.03599991126106701,0.15082702253875024
KMT2A,organoid_shRORB1,7,99,0.37826662256037047,0.24370783305116606,0.15082702253875024
LMX1B,organoid_shRORB1,4,16,0.26691425803326335,0.27633517582724537,0.15082702253875024
MEIS2,organoid_shRORB1,4,16,0.7103181010818667,0.14268905971430854,0.15082702253875024
NCAM1,organoid_shRORB1,7,71,0.5851063829787234,0.1697650688473345,0.15082702253875024
NFATC2,organoid_shRORB1,3,8,0.6029388018730825,0.11382205431682228,0.15082702253875024
NFIA,organoid_shRORB1,7,66,0.33377461525732255,0.2659723021720194,0.15082702253875024
NFIB,organoid_shRORB1,8,106,0.331225851773797,0.37109395918432214,0.15082702253875024
NFIX,organoid_shRORB1,5,30,0.45761889356195407,0.19229597889189196,0.15082702253875024
NFKB1,organoid_shRORB1,4,15,0.2451519069166128,0.4067762097709756,0.15082702253875024
NFYC,organoid_shRORB1,1,2,1.0,0.013966921576684924,0.15082702253875024
NR6A1,organoid_shRORB1,1,2,1.0,0.008023142092560524,0.15082702253875024
PBX1,organoid_shRORB1,4,15,0.19440853264382676,0.29961313995391553,0.15082702253875024
PKNOX2,organoid_shRORB1,5,32,0.3843048603261747,0.2716888350592264,0.15082702253875024
PROX1,organoid_shRORB1,2,4,0.5989019861133538,0.2271533689087804,0.15082702253875024
RBPJ,organoid_shRORB1,1,2,1.0,0.0070192084590994675,0.15082702253875024
REST,organoid_shRORB1,3,8,0.6786694655255934,0.15817378534824075,0.15082702253875024
RORA_RORB,organoid_shRORB1,5,31,0.3720291026677445,0.2698015474740152,0.15082702253875024
RUNX1,organoid_shRORB1,7,105,0.3068556361239288,0.2784638653729227,0.15082702253875024
SIX1,organoid_shRORB1,5,31,0.20433236340122857,0.336861812046063,0.15082702253875024
SIX4,organoid_shRORB1,8,88,0.4450298559887601,0.19881248389017941,0.15082702253875024
SMAD3,organoid_shRORB1,5,32,0.25141288551590507,0.3749960470895521,0.15082702253875024
SOX11,organoid_shRORB1,4,16,0.6263523332795091,0.23982500607050836,0.15082702253875024
SOX9,organoid_shRORB1,1,2,1.0,0.05799921547952891,0.15082702253875024
STAT1,organoid_shRORB1,1,2,1.0,0.042556528017848254,0.15082702253875024
STAT2,organoid_shRORB1,5,30,0.34012285806660203,0.27231908803570615,0.15082702253875024
TBX15,organoid_shRORB1,6,49,0.5039986943039008,0.19856358687956047,0.15082702253875024
TCF4,organoid_shRORB1,1,2,1.0,0.013394736990718572,0.15082702253875024
TCF7L1,organoid_shRORB1,6,51,0.18273615635179152,0.35557883227197673,0.15082702253875024
TCF7L2,organoid_shRORB1,5,31,0.3051559721997737,0.18152672566512965,0.15082702253875024
TEAD1,organoid_shRORB1,6,54,0.5928815212091663,0.1471226544180495,0.15082702253875024
TFDP1,organoid_shRORB1,1,2,1.0,0.01957132385160046,0.15082702253875024
THRB,organoid_shRORB1,1,2,0.0,0.31039748809819667,0.15082702253875024
ZBTB20,organoid_shRORB1,7,102,0.3270367936925099,0.24112124157483572,0.15082702253875024
ZEB1,organoid_shRORB1,1,2,1.0,0.04426087436927708,0.15082702253875024
ASCL1,organoid_shRORB2,6,58,0.5798528241845664,0.18772736263478815,0.16178585380406868
BACH1,organoid_shRORB2,5,32,0.3249183249183249,0.3452507873155619,0.16178585380406868
BACH2,organoid_shRORB2,3,8,0.3862983862983863,0.2536246149012183,0.16178585380406868
CREB1,organoid_shRORB2,1,2,1.0,0.024578371514049787,0.16178585380406868
CUX2,organoid_shRORB2,7,75,0.4651045348954651,0.1954540746051263,0.16178585380406868
EGR1,organoid_shRORB2,7,75,0.3314816685183315,0.2200979662156696,0.16178585380406868
EHF,organoid_shRORB2,2,4,0.0,0.5046660164628156,0.16178585380406868
EPCAM,organoid_shRORB2,6,64,0.20295020295020294,0.378987458813324,0.16178585380406868
ESR1,organoid_shRORB2,1,2,1.0,0.04633969471909719,0.16178585380406868
ETS1,organoid_shRORB2,4,16,0.3753093753093753,0.3086058932816762,0.16178585380406868
FOS,organoid_shRORB2,8,110,0.49901889910151814,0.19224162801040973,0.16178585380406868
FOXO3,organoid_shRORB2,4,16,0.4163944163944164,0.26074198845130075,0.16178585380406868
GRHL2,organoid_shRORB2,4,15,0.20447790766792154,0.29000566463340377,0.16178585380406868
HES1,organoid_shRORB2,5,28,0.11303916707982152,0.5276913731400893,0.16178585380406868
HSF2,organoid_shRORB2,6,62,0.7336374454581516,0.1225029127631051,0.16178585380406868
ICAM1,organoid_shRORB2,6,57,0.08777335984095427,0.2734438274029825,0.16178585380406868
JUN,organoid_shRORB2,6,55,0.29715479506565856,0.3310425181221352,0.16178585380406868
JUNB,organoid_shRORB2,3,8,0.21730521730521732,0.24187293584026517,0.16178585380406868
JUND,organoid_shRORB2,1,2,1.0,0.039234207650202274,0.16178585380406868
KMT2A,organoid_shRORB2,7,86,0.501412144442203,0.23532456783761127,0.16178585380406868
LMX1B,organoid_shRORB2,4,16,0.047322047322047325,0.3634005796501848,0.16178585380406868
MEIS2,organoid_shRORB2,4,16,0.7451737451737451,0.1480532281685782,0.16178585380406868
NCAM1,organoid_shRORB2,7,79,0.8262967430639324,0.11023982110235028,0.16178585380406868
NFATC2,organoid_shRORB2,3,8,1.0,0.09626097625202254,0.16178585380406868
NFIA,organoid_shRORB2,7,71,0.3552115790531712,0.37890376781047375,0.16178585380406868
NFIB,organoid_shRORB2,8,154,0.10121205842743189,0.5548089283566306,0.16178585380406868
NFIX,organoid_shRORB2,5,32,0.38204138204138205,0.22215587980522308,0.16178585380406868
NFKB1,organoid_shRORB2,4,15,0.04020598138245197,0.3421255022242751,0.16178585380406868
NFYC,organoid_shRORB2,1,2,1.0,0.015519806611782191,0.16178585380406868
NR6A1,organoid_shRORB2,1,2,1.0,0.00507173524510669,0.16178585380406868
PBX1,organoid_shRORB2,4,15,0.014359279065161419,0.381747015662544,0.16178585380406868
PKNOX2,organoid_shRORB2,5,32,0.38471438471438474,0.20842580091882504,0.16178585380406868
PROX1,organoid_shRORB2,2,4,0.6038016038016037,0.18230372147401108,0.16178585380406868
RBPJ,organoid_shRORB2,1,2,1.0,0.004019735735505381,0.16178585380406868
REST,organoid_shRORB2,3,8,0.4732204732204732,0.2242967529022095,0.16178585380406868
RORA_RORB,organoid_shRORB2,5,32,0.3671913671913672,0.357700790051659,0.16178585380406868
RUNX1,organoid_shRORB2,7,90,0.16180317971422822,0.3997170528537175,0.16178585380406868
SIX1,organoid_shRORB2,5,31,0.15373947498761764,0.2914681342571548,0.16178585380406868
SIX4,organoid_shRORB2,8,114,0.5561739847454134,0.1474581881647222,0.16178585380406868
SMAD3,organoid_shRORB2,5,30,0.3871703351179853,0.36329828269823694,0.16178585380406868
SOX11,organoid_shRORB2,4,16,0.7183447183447184,0.14093668434148302,0.16178585380406868
SOX9,organoid_shRORB2,1,2,1.0,0.03586349455312236,0.16178585380406868
STAT1,organoid_shRORB2,1,2,1.0,0.03919077267795288,0.16178585380406868
STAT2,organoid_shRORB2,5,29,0.24244226385171969,0.22367183370657534,0.16178585380406868
TBX15,organoid_shRORB2,6,54,0.3198967434471803,0.270381898066931,0.16178585380406868
TCF4,organoid_shRORB2,1,2,1.0,0.008545547118743472,0.16178585380406868
TCF7L1,organoid_shRORB2,6,45,0.40577977080219235,0.2656762437523491,0.16178585380406868
TCF7L2,organoid_shRORB2,5,32,0.17087417087417087,0.24168691743475557,0.16178585380406868
TEAD1,organoid_shRORB2,6,45,0.45993031358885017,0.17790268489533317,0.16178585380406868
TFDP1,organoid_shRORB2,1,2,1.0,0.020102336814943313,0.16178585380406868
THRB,organoid_shRORB2,1,2,0.5042075042075042,0.21996046591730795,0.16178585380406868
ZBTB20,organoid_shRORB2,7,89,0.28382175832998796,0.22533498974857086,0.16178585380406868
ZEB1,organoid_shRORB2,1,2,1.0,0.04050167314139622,0.16178585380406868
ASCL1,organoid_combined,6,64,0.2485310465300937,0.3191392028888338,0.0995993149327351
BACH1,organoid_combined,5,32,0.3199936477687788,0.3021694726105675,0.0995993149327351
BACH2,organoid_combined,3,8,0.6445529617278069,0.19987445152058206,0.0995993149327351
CREB1,organoid_combined,1,2,1.0,0.02539322931467153,0.0995993149327351
CUX2,organoid_combined,7,96,0.3030037097610595,0.24364232652705628,0.0995993149327351
EGR1,organoid_combined,7,96,0.45534325262276115,0.22148143881296217,0.0995993149327351
EHF,organoid_combined,2,4,0.07380498650150866,0.5179285085840836,0.0995993149327351
EPCAM,organoid_combined,6,64,0.21819914244878513,0.3980586476501533,0.0995993149327351
ESR1,organoid_combined,1,2,1.0,0.048279492474774956,0.0995993149327351
ETS1,organoid_combined,4,16,0.3979275845640781,0.31027948055060256,0.0995993149327351
FOS,organoid_combined,8,184,0.5030144694533762,0.20378338266874155,0.0995993149327351
FOXO3,organoid_combined,4,16,0.21879466412577417,0.26439038672399234,0.0995993149327351
GRHL2,organoid_combined,4,16,0.05165158011751628,0.36790578769952065,0.0995993149327351
HES1,organoid_combined,5,31,0.06096108022239873,0.48057768842685766,0.0995993149327351
HSF2,organoid_combined,6,64,0.7235191360965539,0.11917641137609795,0.0995993149327351
ICAM1,organoid_combined,6,64,0.15975861521359377,0.2900888601274987,0.0995993149327351
JUN,organoid_combined,6,61,0.21045938642505166,0.36375246291685703,0.0995993149327351
JUNB,organoid_combined,3,8,0.45291408607273304,0.24475094513578816,0.0995993149327351
JUND,organoid_combined,1,2,1.0,0.037195029376083925,0.0995993149327351
KMT2A,organoid_combined,7,125,0.4096289822833082,0.23094440474106476,0.0995993149327351
LMX1B,organoid_combined,4,16,0.2289185326345879,0.36027611088065775,0.0995993149327351
MEIS2,organoid_combined,4,16,0.8208273781165635,0.11821727748400959,0.0995993149327351
NCAM1,organoid_combined,7,95,0.6951803383338653,0.13926561765242376,0.0995993149327351
NFATC2,organoid_combined,3,8,0.8583452437668732,0.09202910495133357,0.0995993149327351
NFIA,organoid_combined,7,81,0.24633220067959224,0.29906560302365204,0.0995993149327351
NFIB,organoid_combined,8,195,0.12089060364922434,0.5467368836333775,0.0995993149327351
NFIX,organoid_combined,5,32,0.4692710814673654,0.21054822820623376,0.0995993149327351
NFKB1,organoid_combined,4,16,0.3326187073209465,0.31539297653024173,0.0995993149327351
NFYC,organoid_combined,1,2,1.0,0.013407319090961791,0.0995993149327351
NR6A1,organoid_combined,1,2,1.0,0.007119681261963652,0.0995993149327351
PBX1,organoid_combined,4,16,0.40682070827378114,0.31953769799547543,0.0995993149327351
PKNOX2,organoid_combined,5,32,0.35882166110846436,0.2859488368751603,0.0995993149327351
PROX1,organoid_combined,2,4,0.7586152135937748,0.21032904165064173,0.0995993149327351
RBPJ,organoid_combined,1,2,1.0,0.004574357993143465,0.0995993149327351
REST,organoid_combined,3,8,0.5569318723201524,0.21560222075427032,0.0995993149327351
RORA_RORB,organoid_combined,5,32,0.26468953469906303,0.3037770805147411,0.0995993149327351
RUNX1,organoid_combined,7,120,0.2423965332167137,0.3581571569211289,0.0995993149327351
SIX1,organoid_combined,5,32,0.15654279815785294,0.3461543220536235,0.0995993149327351
SIX4,organoid_combined,8,162,0.4087784878813457,0.18645820359832485,0.0995993149327351
SMAD3,organoid_combined,5,32,0.34032078767667145,0.41766156066083265,0.0995993149327351
SOX11,organoid_combined,4,16,0.5618548515165952,0.21918170961755715,0.0995993149327351
SOX9,organoid_combined,1,2,1.0,0.053259808194948056,0.0995993149327351
STAT1,organoid_combined,1,2,1.0,0.0390178898128027,0.0995993149327351
STAT2,organoid_combined,5,32,0.40650309671272034,0.19979346042121401,0.0995993149327351
TBX15,organoid_combined,6,59,0.4640572223326048,0.2460635924204525,0.0995993149327351
TCF4,organoid_combined,1,2,1.0,0.014898752585569414,0.0995993149327351
TCF7L1,organoid_combined,6,52,0.10141584473433025,0.4277013845012745,0.0995993149327351
TCF7L2,organoid_combined,5,32,0.20315229474352867,0.21649351388399052,0.0995993149327351
TEAD1,organoid_combined,6,55,0.602394304577815,0.1610756187072592,0.0995993149327351
TFDP1,organoid_combined,1,2,1.0,0.02332320721327863,0.0995993149327351
THRB,organoid_combined,1,2,0.0,0.3610100908568348,0.0995993149327351
ZBTB20,organoid_combined,7,118,0.33117038216560507,0.23275196319352687,0.0995993149327351
ZEB1,organoid_combined,1,2,1.0,0.043041462646923344,0.0995993149327351
ASCL1,mets_compiled,6,64,0.1816374480390385,0.2996367945439985,0.019325370558959512
BACH1,mets_compiled,5,32,0.3070666907645039,0.2539397883875326,0.019325370558959512
BACH2,mets_compiled,3,8,0.2718236038315561,0.2774777005503701,0.019325370558959512
CREB1,mets_compiled,1,2,1.0,0.027075481875807165,0.019325370558959512
CUX2,mets_compiled,7,123,0.2568673822084773,0.255973336111952,0.019325370558959512
EGR1,mets_compiled,7,123,0.274513370929598,0.3018120710508874,0.019325370558959512
EHF,mets_compiled,2,4,0.2559190312669438,0.20746037742883255,0.019325370558959512
EPCAM,mets_compiled,6,63,0.21433743664011587,0.2914233503753795,0.019325370558959512
ESR1,mets_compiled,1,2,1.0,0.04109186398700256,0.019325370558959512
ETS1,mets_compiled,4,16,0.03777335984095427,0.3657503696541445,0.019325370558959512
FOS,mets_compiled,8,181,0.5736769624237655,0.16715756034165735,0.019325370558959512
FOXO3,mets_compiled,4,16,0.06416049159587928,0.38199162798123765,0.019325370558959512
GRHL2,mets_compiled,4,16,0.2503162841135008,0.3183187601867903,0.019325370558959512
HES1,mets_compiled,5,32,0.5125609976504609,0.17013707573447281,0.019325370558959512
HSF2,mets_compiled,6,64,0.3920115669618652,0.20637019902310458,0.019325370558959512
ICAM1,mets_compiled,6,64,0.2783300198807157,0.31989198518251,0.019325370558959512
JUN,mets_compiled,6,63,0.5253347810351068,0.17520027908484007,0.019325370558959512
JUNB,mets_compiled,3,8,0.4624977408277607,0.18962693914006404,0.019325370558959512
JUND,mets_compiled,1,2,1.0,0.03641048429888777,0.019325370558959512
KMT2A,mets_compiled,7,121,0.28188286808976465,0.2957756861092091,0.019325370558959512
LMX1B,mets_compiled,4,16,0.33761069943972527,0.24942778169820376,0.019325370558959512
MEIS2,mets_compiled,4,16,0.2559190312669438,0.22659309780968165,0.019325370558959512
NCAM1,mets_compiled,7,117,0.23189465983906365,0.3215553774033521,0.019325370558959512
NFATC2,mets_compiled,3,8,0.11458521597686608,0.2325566889590671,0.019325370558959512
NFIA,mets_compiled,7,123,0.47752502274795267,0.17679272693094472,0.019325370558959512
NFIB,mets_compiled,8,209,0.3682795698924731,0.24658729911709407,0.019325370558959512
NFIX,mets_compiled,5,32,0.2964033977950479,0.2814520729508826,0.019325370558959512
NFKB1,mets_compiled,4,16,0.1973612868245075,0.29038481017099266,0.019325370558959512
NFYC,mets_compiled,1,2,1.0,0.01398316216172328,0.019325370558959512
NR6A1,mets_compiled,1,2,1.0,0.009300687240792693,0.019325370558959512
PBX1,mets_compiled,4,16,0.5801554310500633,0.15080973474764334,0.019325370558959512
PKNOX2,mets_compiled,5,32,0.1823603831556118,0.26271621057501,0.019325370558959512
PROX1,mets_compiled,2,4,0.0,0.3120344905103955,0.019325370558959512
RBPJ,mets_compiled,1,2,1.0,0.008121689329937367,0.019325370558959512
REST,mets_compiled,3,8,0.3061630218687873,0.23901078126439063,0.019325370558959512
RORA_RORB,mets_compiled,5,32,0.2047713717693837,0.34759315041520855,0.019325370558959512
RUNX1,mets_compiled,7,119,0.349432857665569,0.2253706720912783,0.019325370558959512
SIX1,mets_compiled,5,32,0.2172420025302729,0.2854988153300035,0.019325370558959512
SIX4,mets_compiled,8,207,0.3816118484323908,0.22071607144749097,0.019325370558959512
SMAD3,mets_compiled,5,32,0.15741912163383337,0.29172778429521584,0.019325370558959512
SOX11,mets_compiled,4,16,0.2727272727272727,0.21617316300476033,0.019325370558959512
SOX9,mets_compiled,1,2,1.0,0.03400577162157725,0.019325370558959512
STAT1,mets_compiled,1,2,1.0,0.038882356605522785,0.019325370558959512
STAT2,mets_compiled,5,32,0.3177299837339599,0.2319923854775819,0.019325370558959512
TBX15,mets_compiled,6,64,0.2857401048255919,0.3158271679183202,0.019325370558959512
TCF4,mets_compiled,1,2,1.0,0.01997684767183697,0.019325370558959512
TCF7L1,mets_compiled,6,64,0.43647207663112236,0.24172294948996537,0.019325370558959512
TCF7L2,mets_compiled,5,32,0.26477498644496655,0.24721177848086376,0.019325370558959512
TEAD1,mets_compiled,6,64,0.27543827941442256,0.241496579504723,0.019325370558959512
TFDP1,mets_compiled,1,2,1.0,0.020731239175702305,0.019325370558959512
THRB,mets_compiled,1,2,0.5172600759081872,0.21264539356543627,0.019325370558959512
ZBTB20,mets_compiled,7,119,0.3723986856516977,0.19979481170071903,0.019325370558959512
ZEB1,mets_compiled,1,2,1.0,0.027393838535297022,0.019325370558959512
