source,target,weight
Ascl1,Mpped2,2.1462313673947646
Ascl1,Fut8,11.0901251855275
Ascl1,Foxp2,2.7977227329920384
Ascl1,Galnt13,1.54681044326514
Ascl1,Syt1,32.74684418849456
Ascl1,Akt3,13.3121472969062
Ascl1,Foxp1,28.87719352319244
Ascl1,Hs3st5,6.676480403816925
Ascl1,Rims2,17.481304876342215
Ascl1,Stxbp5l,34.319537636111185
Ascl1,Tanc2,12.968931362506195
Ascl1,Grid2,5.338124012771279
Ascl1,Lingo2,1.3195075458140064
Ascl1,Sema6d,14.932081837116344
Ascl1,Snca,5.509932963434093
Ascl1,Nlgn1,42.66354702103122
Ascl1,Rora,1.587445277648152
Ascl1,2610316D01Rik,1.3460483444468678
Ascl1,Tox,31.980563218279823
Ascl1,Dab1,18.27992038094388
Ascl1,Fgf12,26.614998973606227
Ascl1,Tob1,5.202362036279163
Ascl1,Grm3,2.0072232367856637
Ascl1,Prr16,1.3961387132456176
Ascl1,Ptchd1,12.404573585886666
Ascl1,Dse,1.9601817979627496
Ascl1,1700113H08Rik,4.204026527593436
Ascl1,Frmpd4,12.646031514368772
Ascl1,Grm5,7.378144980935893
Ascl1,Trpc4,2.584062056431001
Ascl1,Dach1,24.39846596689477
Ascl1,Ccser1,13.88236067002368
Ascl1,Kcnc2,2.699650189886958
Ascl1,Chl1,5.475281519159079
Ascl1,Tmem200a,1.5318015538503893
Ascl1,Chrm2,1.88061621222775
Ascl1,Kcnj3,4.763963443610748
Ascl1,Pip5k1b,21.50672279160616
Ascl1,Adgrb3,3.9378584982617326
Ascl1,Mctp1,4.159419954723797
Ascl1,Efna5,10.496637323466
Ascl1,Bex1,1.3669143223254223
Ascl1,Ptprz1,10.270866236192122
Ascl1,Chsy3,3.5566630174551253
Ascl1,Pam,12.45473803403732
Ascl1,Nfib,1.7425086704897508
Ascl1,Etv1,14.610642413732688
Ascl1,Hecw1,21.863635359446107
Ascl1,Nol4,27.450788135061934
Ascl1,Rere,8.740068053328262
Ascl1,Dpp10,2.124720180693468
Ascl1,Ppp3ca,4.99380094422557
Ascl1,Tmeff2,3.777565216421789
Ascl1,Gria2,4.404761209700103
Ascl1,Klhl13,4.982681194868162
Ascl1,Cacna2d1,57.305525120443846
Ascl1,Klf8,3.1459034525864134
Ascl1,Cadm1,40.48241701154701
Ascl1,Anks1b,14.621498424026898
Ascl1,Acsl3,2.581034678435554
Ascl1,Runx1t1,41.43065358016624
Ascl1,Zfpm2,7.656814652516246
Ascl1,Hmgcs1,1.6144828038376722
Ascl1,Brinp1,16.117100624986254
Ascl1,Caln1,7.225877750618879
Ascl1,Neto2,4.429131512785469
Ascl1,Nrcam,23.7902503331344
Ascl1,Nxph1,13.9166297157493
Ascl1,Car10,1.315544768192669
Ascl1,Cntnap2,8.258615899000805
Ascl1,Cdh20,19.656081471432863
Ascl1,Sox6,5.165229820569167
Ascl1,Erc2,13.163648017744144
Ascl1,Cadm2,6.708671062208931
Ascl1,App,1.7544400947469354
Ascl1,5730522E02Rik,1.364048666198203
Ascl1,Tspan7,7.294605497214087
Ascl1,Npas3,1.3050697272820797
Ascl1,Csgalnact1,18.729308916486307
Ascl1,Mdga2,27.18201689952461
Ascl1,Stk32a,3.818530385583009
Ascl1,Rims1,22.598624010434992
Ascl1,Egflam,1.9788162986257247
Ascl1,Ppfia2,1.4315618369327638
Ascl1,Gpc6,3.229346610306743
Ascl1,Ctnna2,26.27931470068069
Ascl1,Auts2,5.210793690373273
Ascl1,Rorb,4.893966232701083
Ascl1,Mapt,3.124668167927823
Ascl1,Pcdh9,18.04894621852428
Ascl1,Dnm3,2.102213828021001
Ascl1,Fgf14,32.953242593354545
Ascl1,Unc5c,1.825704112128125
Ascl1,Pik3r3,5.541374782689072
Ascl1,Grm1,15.271884710853698
Ascl1,Ptprd,7.164769860620812
Ascl1,Nrxn1,23.364927398132583
Ascl1,Dlgap2,13.335356291949177
Ascl1,Dach2,1.5833892194658652
Ascl1,Kif20b,1.6975676243842082
Ascl1,Magi2,11.982054845831485
Ascl1,Khdrbs2,2.0138943551062893
Ascl1,Gpsm2,9.77590337541613
Ascl1,Xkr4,17.90210069168329
Ascl1,Ctnnd2,5.261642575992787
Ascl1,Bambi,2.3981550627179256
Ascl1,Immp2l,10.71711213287125
Ascl1,Pak7,11.02261674524166
Ascl1,Pcsk2,2.175834828364298
Ascl1,Lin7a,4.388871481512314
Ascl1,Map1b,5.752789444821479
Ascl1,Plcb1,2.1759797824469405
Ascl1,Robo2,8.993049957179794
Ascl1,Plppr1,9.025003335711874
Ascl1,Csmd1,1.7907823175139936
Ascl1,Fhl2,4.707007094882481
Ascl1,Serpini1,16.476370758057374
Ascl1,Hcn1,16.754843761885635
Ascl1,Nkain3,3.1819471332678875
Ascl1,Grm7,1.4954038282824196
Ascl1,Prickle1,2.5123623399842456
Ascl1,Glt28d2,3.561695919379825
Ascl1,9530059O14Rik,14.685245644087251
Ascl1,Pcdh7,11.561931155016348
Ascl1,Camta1,7.835764095234591
Ascl1,Far2,17.70958957651879
Ascl1,Kcnq3,2.2288734360875733
Ascl1,Hsp90ab1,1.2085597866447593
Ascl1,Slc35f1,1.505170022074937
Ascl1,Ptchd4,3.090401456966476
Ascl1,Ptprr,2.412640285052242
Ascl1,Eda,14.386725243251965
Ascl1,Grb14,1.564768690925111
Ascl1,Fstl5,1.7698355545652669
Ascl1,Sox11,6.708430261564856
Ascl1,Kcnh7,33.8922560995614
Ascl1,Fstl4,2.6250658831947224
Ascl1,E2f7,1.5854007265438244
Ascl1,Tgfbr3,16.423998704834066
Ascl1,Cplx2,29.698060960958166
Ascl1,Sh3kbp1,5.951447667295437
Ascl1,Tob2,1.158354512774347
Ascl1,Ptn,9.78917536182559
Ascl1,Zyg11b,3.910626813755005
Ascl1,Ralgapa2,1.5988604690495325
Ascl1,Cacnb2,13.46942320308431
Ascl1,Negr1,1.1931953302106817
Ascl1,Cacna1e,9.342312103174605
Ascl1,Samd5,1.7722260334135556
Ascl1,Tmem196,2.0558801984617383
Ascl1,Nrg3,1.5929752764493648
Ascl1,Stk33,33.67291917350388
Ascl1,Aldh1a2,9.094919225994392
Ascl1,Robo1,22.894460232948923
Ascl1,Enc1,2.114148040255591
Ascl1,Fam155a,28.31852716190516
Ascl1,Ptprt,15.093261131975758
Ascl1,Kcnn2,2.984952489758196
Ascl1,Col8a1,22.827511350377268
Ascl1,Ncam2,11.492393269130789
Ascl1,Kcnq5,9.234698090062674
Ascl1,Zc3h11a,2.211370863963119
Ascl1,Cacna2d3,18.188182839622
Ascl1,Egfr,2.720087446756281
Ascl1,Pde10a,1.2648909163645017
Ascl1,Fam135b,6.377686891358763
Ascl1,Rbfox1,1.2628638528039844
Ascl1,Kcnd2,5.802034853675805
Ascl1,Pitpnc1,4.415906563088523
Ascl1,Ipo11,3.399279585741588
Ascl1,Gabrb1,12.897992814616678
Ascl1,Tll1,9.785939911036204
Ascl1,Cntn4,16.15763836227691
Ascl1,Hgf,12.094399814870586
Ascl1,Ephb2,2.953630290762756
Ascl1,Pkia,2.509529834867836
Ascl1,Palld,5.395911586698523
Ascl1,March1,1.5987201118164371
Ascl1,Ank2,2.3629158769012517
Ascl1,Kcnma1,2.6041187809312563
Ascl1,Macrod2,24.200567182682786
Ascl1,Grin3a,3.5768099466404197
Ascl1,Map3k12,8.96056913786204
Ascl1,Igfbp5,52.71055214577091
Ascl1,Meis1,1.1231653882522494
Ascl1,Hmgcr,9.920004102503349
Ascl1,Nrxn3,1.421058689140018
Ascl1,Anln,1.3376077213677997
Ascl1,Cacng4,1.1510688698515648
Ascl1,Sdk1,2.332261430923894
Ascl1,Mgat5b,10.554098950539643
Ascl1,Clvs1,6.782540619935603
Ascl1,Sox21,4.134257334815152
Ascl1,H1f0,4.147114431446223
Ascl1,Astn2,9.055776671149104
Ascl1,Otud7a,2.8527985199430868
Ascl1,Nmnat2,3.80058760974158
Ascl1,Cit,2.1953857629199227
Ascl1,Zkscan8,1.9133114317645936
Ascl1,Ppm1e,5.1335596512586426
Ascl1,Akap12,2.8429195455887637
Ascl1,Dscaml1,3.966672490790949
Ascl1,Piezo2,21.197576504175764
Ascl1,Pappa,16.457315172116626
Ascl1,Knl1,8.164474108269035
Ascl1,Phactr1,10.195297190735424
Ascl1,Hs6st3,17.631374183674772
Ascl1,Aff3,8.117918565336335
Ascl1,Jhy,9.029407344924383
Ascl1,Dcc,2.2241215864806487
Ascl1,Nebl,8.345408790089069
Ascl1,Ccdc33,11.189295514608908
Ascl1,Slc24a2,1.6353268201298088
Ascl1,Plcl2,21.234584032524285
Ascl1,Pclo,39.18393641294181
Ascl1,Mctp2,52.34254676916774
Ascl1,B3gat2,49.58264554215414
Ascl1,Rab3b,3.5491265205808022
Ascl1,Lsamp,18.27607232037939
Ascl1,Gmds,15.005285943422797
Ascl1,Shisa6,34.91241547030621
Ascl1,Hdac9,10.934092719705678
Ascl1,Elavl3,14.337836250813996
Ascl1,Dusp22,17.419179168889002
Ascl1,Meis2,51.88532301349788
Ascl1,Rtn1,7.29357888279841
Ascl1,Ptpro,5.353976046255486
Ascl1,Atp8a1,5.221839932268889
Ascl1,Ugcg,1.7232153868674993
Ascl1,Fhit,2.6709159625008323
Ascl1,Zfp329,10.396475375768857
Ascl1,Celf2,4.469086825983863
Ascl1,Cenpf,6.355773460647114
Ascl1,4933406I18Rik,10.861310745875777
Ascl1,Adcy7,1.5984393767670708
Ascl1,Fras1,25.199334703594086
Ascl1,Zfp184,1.8142906344780727
Ascl1,Vdac3,5.005749541256049
Ascl1,Gad1os,4.8021227190039015
Ascl1,1300002E11Rik,2.0267239235509957
Ascl1,Cacnb4,2.562354082384912
Ascl1,Necab1,4.365289416155927
Ascl1,Usp1,2.867794071274885
Ascl1,Svip,6.106052910703743
Ascl1,Cdh18,4.794434063021411
Ascl1,Bzw2,1.7383983903502092
Ascl1,Cacna1a,12.75655073294528
Ascl1,Pde1a,1.84940996834841
Ascl1,Gria3,7.563122597325108
Ascl1,Mtor,4.883533253819179
Ascl1,Ust,4.079520670486769
Ascl1,Dgkg,1.7692908977121995
Ascl1,Plcxd2,2.2395876066192306
Ascl1,Sptbn4,3.047317010533948
Ascl1,Gabrb3,16.39812423552182
Ascl1,Plxna4,2.1056088840793272
Ascl1,Cry1,4.121716862417633
Ascl1,Cadps2,13.571002815339195
Ascl1,E2f3,8.28219532028572
Ascl1,Megf9,2.645757555716841
Ascl1,Dgki,4.424258252267876
Ascl1,Hoxb8,3.899404295685558
Ascl1,Jakmip2,13.47273850596461
Ascl1,Lrrtm3,2.229288881499316
Ascl1,Cdc14b,36.46343344016652
Ascl1,Gbe1,3.985179894858184
Ascl1,Fhod3,5.5365780652532415
Ascl1,Mns1,2.2876958635000424
Ascl1,Ss18,3.127139154726363
Ascl1,Sorcs1,1.7140275935822065
Ascl1,Synpr,1.2649620522550964
Ascl1,Peg3,12.742411299785603
Ascl1,Sema3e,12.275422330169786
Ascl1,Mmp24,1.62898276422971
Ascl1,Sowahb,2.2876810222010078
Ascl1,Cmc4,1.654672253587966
Ascl1,Krt18,1.9006434321292447
Ascl1,Tmem163,20.421721023826944
Ascl1,Farp2,11.90368933397476
Ascl1,Dlg2,5.975874290305545
Ascl1,Tardbp,4.218567174921795
Ascl1,Ngf,2.436337833991305
Ascl1,Erich5,6.516390838414538
Ascl1,Prickle2,21.336052921528456
Ascl1,Cntnap5b,1.9130603677198184
Ascl1,B4galnt3,3.5195615445774107
Ascl1,Cdh22,5.595020442118903
Ascl1,Tmem65,4.204917578223027
Ascl1,Agbl4,6.90657681954329
Ascl1,Ogfrl1,44.89998877013177
Ascl1,Lmx1b,8.70530310612283
Ascl1,Galnt14,7.638399702598883
Ascl1,Prkca,6.126119985437335
Ascl1,Cacna1c,16.353683151447953
Ascl1,Rgs7,14.129204564234255
Ascl1,Clstn2,19.055767537796317
Ascl1,Plcxd3,12.192206145870935
Ascl1,Lrrc9,7.522173534173553
Ascl1,Dpp6,3.913290458250742
Ascl1,Ptprn2,21.260848173097305
Ascl1,Slc38a11,8.4422315261283
Ascl1,Pld5,4.776151454265401
Ascl1,Dsg2,6.074951651427559
Ascl1,Kcnn3,11.398810995335058
Ascl1,Ccdc85a,14.043484631516083
Ascl1,Ascl1,1.0
Ascl1,Cdh11,0.4965535546176908
Ascl1,Vcan,0.7821752383391887
Ascl1,Mef2c,0.7069803749265106
Ascl1,Gabrg3,0.7105482503153444
Ascl1,Stpg2,0.2177735726407371
Ascl1,Prss23,0.9129539600238404
Ascl1,Rgs7bp,0.379161197554951
Ascl1,Lama2,2.566727913176095
Ascl1,Ggt1,1.4154992945504463
Ascl1,Lrrc66,3.481800703677018
Ascl1,Lrrc4c,0.1831069488450902
Ascl1,Grm8,0.1898476212951081
Ascl1,Sema3d,0.1045213584861286
Ascl1,Gria4,0.930259834365095
Ascl1,Pak3,0.2744509429689852
Ascl1,Dock10,0.3070379478278626
Ascl1,Phactr3,1.8397620958089955
Ascl1,Nrg1,0.5993199840022527
Ascl1,Pcsk1,22.743552758201968
Ascl1,Map1a,0.2485812817254699
Ascl1,Nell1,3.3291386842686133
Ascl1,Adarb1,0.5265364769452209
Ascl1,Tenm4,1.0290907206249418
Ascl1,Ptprn,9.369046119050822
Ascl1,Tmem45b,0.4836557792478547
Ascl1,Itga9,1.7408241494016083
Ascl1,Syt3,0.2127453169921988
Ascl1,Lmna,5.616365994030735
Ascl1,Colgalt2,9.826464830145522
Ascl1,Rgs16,1.50661714567262
Ascl1,Dcn,1.2622522095237994
Ascl1,Apc2,0.3193465122379784
Atf3,Hspa8,24.206526520963617
Atf3,Bhlhe40,14.19469786158792
Atf3,Tiparp,23.51015941928861
Atf3,Egr3,12.268356976676715
Atf3,Nrg1,11.899840459827647
Atf3,Gnas,12.180572731083569
Bach1,Gphn,3.9261004596527935
Bach1,Cadm2,2.0769201625889906
Bach1,March11,1.4551451746449189
Bach1,Fign,2.24293500651083
Bach1,Cntnap2,16.56224216768558
Bach1,Pcsk2,3.419608232047276
Bach1,Irs2,2.279554695376612
Bach1,Arhgap6,1.6178063803939948
Bach1,Slc16a10,3.051732513287986
Bach1,Cyp4b1,10.76960407586484
Bach1,Kcnc2,3.1699916213246224
Bach1,Adarb1,1.1516548711876244
Bach1,Slc35f1,15.692039708165591
Bach1,Mns1,3.611286295279628
Bach1,Basp1,3.928531331726434
Bach1,Gria2,1.3511917246872398
Bach1,Relb,2.9517903130320504
Bach1,Camk1d,2.290685541343784
Bach1,Vcl,1.7375285378897056
Bach1,Cachd1,2.460886734976892
Bach1,Incenp,2.2787987689820497
Bach1,Egr3,1.4373331945021497
Bach1,Ptgs2,1.5225765652213985
Bach1,Pid1,1.554263354317837
Bach1,Acsl3,8.938806093437412
Bach1,Utp14b,4.561181705461418
Bach1,Pappa,1.5495651961054837
Bach1,Slc8b1,2.2030863352064216
Bach1,Hsp90ab1,3.607922786292937
Bach1,Sox11,4.831261882220373
Bach1,Dcc,4.322620091500875
Bach1,Ptn,5.272575202149323
Bach1,Sox9,7.94614282798951
Bach1,Ano1,20.58179866488433
Bach1,Amotl2,3.9305471770997777
Bach1,4930520O04Rik,4.940134362501522
Bach1,Lama5,7.512638381824282
Bach1,Flrt3,9.483905986871711
Bach1,Kcnd2,15.168657246198167
Bach1,Ddit4,5.766059956770507
Bach1,Las1l,7.073074353684238
Bach1,Ero1l,6.993697710851028
Bach2,Atp10b,2.0312007738860816
Bach2,Pfkfb1,4.776079824655149
Bach2,Prlr,3.85011716052136
Bach2,Bmpr1b,13.12692420435448
Bach2,Itih4,0.661392598785305
Bach2,Phlda1,24.176398852434257
Bach2,Tbx21,2.6702779428491104
Bach2,Hc,19.124913417688237
Bach2,Rassf2,7.0098534906567895
Bach2,Sema3c,1.7906995400885906
Bach2,Lmx1a,0.4516731729897392
Bach2,Plxna4,11.613809190183977
Bach2,Tenm2,3.0914449509434334
Bach2,Adam19,3.690625905355133
Bach2,Ninj2,1.0103852427253668
Bach2,Afap1l1,7.464813787175957
Bach2,Prdx6,10.587660960913029
Bach2,Lrrk2,8.781294858725376
Bach2,Zmat2,3.1714510736817187
Bach2,Itga9,14.041535989854603
Bach2,Nell1,4.65125028975576
Bach2,Gbx1,1.9962555700979443
Bach2,Mpped2,0.8318032246234137
Bach2,Fut8,0.8582678197760729
Bach2,Ccnd2,0.3558055171032355
Bach2,Foxp2,1.128503437704866
Bach2,Mtus1,4.19211176477265
Bach2,Galnt13,0.4132110805069001
Bach2,Syt1,0.2044607572584362
Bach2,Akt3,2.4181786561400758
Bach2,Foxp1,1.92520871664146
Bach2,Basp1,2.0494586929648837
Bach2,Hivep2,8.079491956839055
Bach2,Hs3st5,1.277720191189511
Bach2,Rims2,2.166980460665394
Bach2,Gphn,7.377476791993833
Bach2,Stxbp5l,2.121080330814085
Bach2,Tanc2,3.1728975394940218
Bach2,Grid2,0.7081488576919385
Bach2,Tiparp,1.819840171928501
Bach2,Zfp804a,0.7219582673135271
Bach2,Nr2f2,0.6428424314798381
Bach2,1810062O18Rik,1.505303142832181
Bach2,Met,2.648431888903678
Bach2,P4ha1,4.235156185798808
Bach2,Nlgn1,1.667148599828348
Bach2,Rora,1.798554320969774
Bach2,2610316D01Rik,1.781689345615578
Bach2,Tox,1.5411235789783646
Bach2,Dab1,1.5314795777851498
Bach2,Fgf12,4.226917493064985
Bach2,Prr16,7.905932640337311
Bach2,Adamts6,0.2976381695036852
Bach2,Plxdc2,1.0902951086919777
Bach2,Dlgap1,2.884778959539204
Bach2,Slc16a1,0.8722457001486553
Bach2,Ptchd1,1.5466544483400628
Bach2,Magi1,2.1830522155181926
Bach2,Sema5a,2.7708609090935847
Bach2,Frmpd4,0.90561030021696
Bach2,Erbb4,2.1304850912818347
Bach2,Trpc4,2.2669675096453084
Bach2,Glis3,1.3569363121386235
Bach2,Dach1,3.081519946666003
Bach2,Ccser1,2.1993856251954536
Bach2,Kcnc2,0.5999112153098951
Bach2,Zfp521,1.0541192662474617
Bach2,Inpp4b,1.1471551105281503
Bach2,Pip5k1b,3.590209928488403
Bach2,Pak3,0.854290331977492
Bach2,Mctp1,0.0438580969265268
Bach2,Txlng,5.442565194000351
Bach2,Slc4a4,1.9980373323492893
Bach2,Stxbp6,1.2447074656898474
Bach2,Efna5,2.3322787063746717
Bach2,Gria4,1.4224505772585272
Bach2,Ptprz1,2.639556156099708
Bach2,Higd1a,0.1876879348169293
Bach2,Errfi1,1.8109393729483236
Bach2,Peak1,0.7306155156471238
Bach2,Chsy3,1.1108035128558271
Bach2,Pam,0.4956678575173112
Bach2,Nfib,9.539510256872203
Bach2,Fign,1.571852128782533
Bach2,Hecw1,0.7571318756238061
Bach2,Rere,1.465568845791733
Bach2,Ppp3ca,1.819602942922622
Bach2,Tmeff2,1.003584048186822
Bach2,Nr4a3,1.064996776433392
Bach2,Klhl13,2.3865116167028915
Bach2,Tc2n,3.781882694914731
Bach2,Klf8,0.8149941298035548
Bach2,Cadm1,3.120357050564391
Bach2,Anks1b,0.8903982802205433
Bach2,Acsl3,2.454250469610921
Bach2,Runx1t1,0.8842903104959274
Bach2,Hmgcs1,0.8259707925032641
Bach2,Dock10,0.4412335638354826
Bach2,Ppara,0.0315157598855297
Bach2,Nectin3,0.5762091541067849
Bach2,Caln1,0.4832468673276534
Bach2,Neto2,1.638526421864572
Bach2,Fn1,11.607930157008449
Bach2,Ptpn13,1.096607298178227
Bach2,Nxph1,1.7064795293565245
Bach2,Npas2,0.3200985735937917
Bach2,Cntnap2,0.838607639741762
Bach2,Msrb3,9.76480860204963
Bach2,Sox6,0.7057335475505515
Bach2,Nckap5,4.735927428873581
Bach2,Arhgap6,1.4926104510176064
Bach2,Alcam,6.276094605022806
Bach2,Cadm2,2.151285818684065
Bach2,5730522E02Rik,1.1990345255517776
Bach2,Ppp2r2b,0.6524830963640629
Bach2,Irs2,1.838434149870572
Bach2,Csgalnact1,0.7326676161644063
Bach2,Mdga2,2.579795483911709
Bach2,Stk32a,1.8082834700851007
Bach2,St3gal1,12.48943239277911
Bach2,9530026P05Rik,6.137817620503308
Bach2,Rims1,1.3654719420652306
Bach2,Gnas,1.4412077382382271
Bach2,Ppfia2,1.0730735361334445
Bach2,Ldlrad4,5.164845643816585
Bach2,Gpc6,3.613900149867694
Bach2,Dapk1,2.343602219897303
Bach2,Ctnna2,0.8612016426483874
Bach2,Pcdh9,0.7264675631473446
Bach2,Dnm3,1.082057438732875
Bach2,Fgf14,0.3363942343389142
Bach2,Abca5,1.401410101479981
Bach2,Cecr2,1.1040780709272953
Bach2,Zfp804b,1.0685618716048164
Bach2,Zbtb2,3.4957972423795183
Bach2,Plekhg1,1.5312409832349685
Bach2,Pik3r3,1.278156387459574
Bach2,Nfia,7.075113969897909
Bach2,Mob3b,2.796722418665217
Bach2,Nrxn1,0.3367713703841555
Bach2,Dlgap2,0.7784842338423189
Bach2,Chrm3,4.499065956091677
Bach2,Arhgap24,0.3918302735759795
Bach2,Rai14,3.166631582650214
Bach2,Nfe2l2,2.1456732471416657
Bach2,Epha4,1.8886303731863625
Bach2,Magi2,0.25039707788116
Bach2,Khdrbs2,0.5558452216549665
Bach2,Xkr4,2.7462938092338907
Bach2,Ctnnd2,1.459137864367765
Bach2,Ypel5,5.210725427868044
Bach2,Prmt8,0.2923066003673294
Bach2,Immp2l,1.3176441022310368
Bach2,Klf6,5.309970950883991
Bach2,Shroom4,1.6504611204026534
Bach2,Msn,2.8057523931125834
Bach2,Lhfpl2,1.528567702519343
Bach2,Pcsk2,8.652819845450331
Bach2,Map1b,1.392628711929977
Bach2,Lrrc8c,18.194268076733387
Bach2,Plcb1,1.347608395469173
Bach2,Bmp2,0.7378903524853894
Bach2,Hcn1,1.0513563853561243
Bach2,Lyn,0.7318687713618165
Bach2,Dclk1,0.864985431228606
Bach2,Jarid2,4.066037193251844
Bach2,1700012D14Rik,7.203599372752834
Bach2,Prickle1,1.6546409709481615
Bach2,Car2,2.0634240480485357
Bach2,Glt28d2,0.8665672190201618
Bach2,9530059O14Rik,2.6008532947118024
Bach2,Pcdh7,0.725560012030603
Bach2,Camta1,1.822386474289386
Bach2,Vcl,4.540356789340313
Bach2,Enah,1.4243813971960202
Bach2,Kcnq3,1.4076592252014537
Bach2,Slc35f1,2.2733328488143063
Bach2,Ptchd4,2.830153986852771
Bach2,Ptprr,0.3650331120410397
Bach2,Grb14,8.106844034953486
Bach2,Sox11,2.539128097772808
Bach2,Neat1,10.515761465493068
Bach2,Tspan9,0.841339888139133
Bach2,Kdr,2.278955711467717
Bach2,Onecut2,0.977448788552556
Bach2,Kcnh7,3.622102559280913
Bach2,Creb5,2.9890604471166444
Bach2,Kctd8,0.3984054131758051
Bach2,E2f7,6.586425778148746
Bach2,Lhfp,1.7557752235090054
Bach2,Tgfbr3,1.9355301786007104
Bach2,Tgfbr1,4.969761843505743
Bach2,Luzp1,4.64799928134636
Bach2,Nwd2,4.525745478814195
Bach2,Sh3kbp1,0.902032665563341
Bach2,Casp8ap2,4.885035231876365
Bach2,Por,1.5557285557810216
Bach2,Ralgapa2,1.8352491950969665
Bach2,Cacng8,1.2816002012730288
Bach2,Osmr,6.42254118571221
Bach2,Cacnb2,1.088869929391758
Bach2,Clip4,6.84453391094509
Bach2,Gprin3,1.0348467722171166
Bach2,Swap70,1.1800904116447148
Bach2,Pou5f1,0.1127080174073956
Bach2,Grb10,1.197054863164417
Bach2,Samd5,0.6155243787587609
Bach2,Tmem196,6.132648585588636
Bach2,March3,5.42339578756585
Bach2,Fbxo5,3.529036656254991
Bach2,Nrg3,0.9935469379498828
Bach2,Ahr,4.084696830115655
Bach2,Osbpl3,4.72595324769805
Bach2,Glul,12.25242186300884
Bach2,Stox2,0.9312846027987524
Bach2,Fam155a,0.8983860727673346
Bach2,Ptprt,5.537876645370623
Bach2,Kcnn2,0.5780826580309475
Bach2,Col8a1,0.7352292887603671
Bach2,Megf11,0.0474966443154276
Bach2,Pard3b,2.0350791155411714
Bach2,Ncam2,0.9797397001710586
Bach2,Etv5,7.917808552237051
Bach2,Kcnq5,1.5803831484960051
Bach2,Phldb2,2.393017835726256
Bach2,Iqgap2,1.9794822807446253
Bach2,Zfp36l1,2.905826865146102
Bach2,Prps1l3,0.7837222713036605
Bach2,Cnst,0.8243872645492978
Bach2,Zc3h11a,1.3004539053530544
Bach2,Cacna2d3,0.6469695240685405
Bach2,Tmem168,5.356215403883593
Bach2,Egfr,0.6450042048739885
Bach2,Ifrd1,2.360207937629068
Bach2,Grip1,2.0552647443469105
Bach2,Fam135b,3.026517478085472
Bach2,Rbms3,1.9144372448537372
Bach2,Kcnd2,2.811843199188181
Bach2,Pitpnc1,0.8299706095214768
Bach2,Ipo11,0.9117627282792388
Bach2,Epha7,0.7206495069586676
Bach2,Gabrb1,6.545025000595442
Bach2,Tll1,0.3266948438685103
Bach2,Tspan11,1.6207581602090406
Bach2,Ntrk3,0.4409790605594698
Bach2,Pkia,1.5504708756750762
Bach2,Palld,0.4416049889557057
Bach2,Samd4,3.2952766789853305
Bach2,Kif21a,6.620867615584269
Bach2,Ank2,0.5520318153568503
Bach2,Arf4,2.517876179645577
Bach2,Kcnma1,3.0983409603424805
Bach2,Me1,4.902894746122785
Bach2,Macrod2,1.6047244205114146
Bach2,Fzd5,1.898212480825199
Bach2,Porcn,1.3414943343077517
Bach2,Lepr,3.7750142748060713
Bach2,Atp6v1c2,2.880380249898147
Bach2,Hmgcr,0.5844089900131866
Bach2,Anln,1.9052589835850855
Bach2,Cacng4,1.1515146652248904
Bach2,Cfap221,0.0311542717384649
Bach2,Sdk1,3.288318133928391
Bach2,Ppp1r14c,7.48434688034949
Bach2,Dock4,5.584097546284063
Bach2,Cpm,2.089943060293907
Bach2,Mgat5b,1.3438299912225675
Bach2,Lpp,2.803317766877426
Bach2,Prag1,0.4271222563439476
Bach2,Otud7a,2.665045768673185
Bach2,Zkscan8,0.9910171311368462
Bach2,Malt1,7.131687132084373
Bach2,Btc,0.1989744769248308
Bach2,Agbl3,2.2992707213308545
Bach2,Fzd1,0.4468035026004269
Bach2,Def6,2.2757550103840534
Bach2,Ubb,2.119052868675308
Bach2,Esr1,0.9543954709461184
Bach2,Phactr1,2.4087249427086337
Bach2,Lurap1l,6.016320353582043
Bach2,Wwc2,1.0302709363477034
Bach2,Itga5,0.5579208844346678
Bach2,Ptgs2,0.4823195091590777
Bach2,Airn,5.487701610158889
Bach2,Aff3,1.86492855634165
Bach2,Bmp5,0.995454154131394
Bach2,Nebl,3.829436439883217
Bach2,Edn1,0.1481146070207678
Bach2,Slc24a2,3.603372729997525
Bach2,Pcx,2.8658489473281814
Bach2,Midn,3.705609176345931
Bach2,Runx1,2.0345042168008782
Bach2,Plcl2,0.7591044239639462
Bach2,Pclo,0.8176993599448846
Bach2,Mctp2,0.5445087473053347
Bach2,B3gat2,3.6489339108819543
Bach2,Dpyd,1.1652884675732669
Bach2,Lsamp,0.3292357437716378
Bach2,Gmds,2.929935581777424
Bach2,Adarb1,0.4939908197254411
Bach2,Shisa6,3.263996567657513
Bach2,Enpp1,4.3661171258757525
Bach2,Msc,0.0134135690562226
Bach2,Hdac9,6.248753167435827
Bach2,Smad3,0.6753604192563378
Bach2,Ptprk,4.471748144076755
Bach2,Dusp22,0.8255493158545884
Bach2,Meis2,0.5457048907738757
Bach2,Atp8a1,5.724242891825574
Bach2,Ugcg,1.818193991479284
Bach2,Fhit,2.387982887138356
Bach2,Hmcn1,0.3089181340078216
Bach2,Tshz2,1.1617053331126652
Bach2,Smc1b,0.0923364292385973
Bach2,Celf2,4.997228711271647
Bach2,Cd44,6.950511704156281
Bach2,Lipe,2.1287637610736048
Bach2,Stpg1,1.3184468935406
Bach2,Mtap,3.4064370086371127
Bach2,4933406I18Rik,1.4106648974421714
Bach2,Trpm3,2.02569964003791
Bach2,Adcy7,2.7844844440658947
Bach2,Fras1,0.5733475606037003
Bach2,Vdac3,1.386185772975847
Bach2,Myo3b,0.1273178679567835
Bach2,Tmtc1,0.7070135439941051
Bach2,Pvt1,1.9109257382074976
Bach2,Mgst1,0.7294346416464743
Bach2,Gad1os,0.0102028315388944
Bach2,Rest,1.7051862890589646
Bach2,Necab1,1.8934504624821773
Bach2,Ctsc,6.990020091243861
Bach2,Usp1,1.3011952174539314
Bach2,Wdr72,1.1104922434105866
Bach2,Tcf7l2,2.1589933390648226
Bach2,Slit3,2.8660499654455176
Bach2,Jun,2.7525079190522463
Bach2,Rasgef1b,2.168777625717546
Bach2,Dst,3.160595267684213
Bach2,Kif26b,0.2881554314975963
Bach2,Chn2,3.5803485536699777
Bach2,Plcl1,1.676197509026858
Bach2,Dmd,1.514930034902785
Bach2,D030056L22Rik,0.192100415664518
Bach2,Slc16a2,28.1826286590722
Bach2,Nfix,2.466053965716283
Bach2,Bzw2,1.9934784711096605
Bach2,Fosb,3.6791884438951854
Bach2,Dlc1,2.816270346167748
Bach2,Rnf150,2.716028914438158
Bach2,Glt1d1,4.0162374530696265
Bach2,Ust,0.7045118094593893
Bach2,Dgkg,1.3443306360512013
Bach2,Plcxd2,2.321581995028588
Bach2,Mlf1,2.387447114920578
Bach2,Nrp2,0.9634658438096816
Bach2,Gabrb3,1.5315137719158558
Bach2,9330111N05Rik,0.0059737405546052
Bach2,Slfn5,0.6879796426842821
Bach2,Cry1,2.362594653858991
Bach2,Adam12,8.701970646187942
Bach2,Cadps2,5.234594792879251
Bach2,E2f3,7.921961514294928
Bach2,Megf9,0.8747221164880706
Bach2,Dgki,0.9682215654192736
Bach2,Ikzf2,1.2769879126385053
Bach2,Znfx1,1.961523016983522
Bach2,Jakmip2,0.8255194482986448
Bach2,Fam129a,2.433565767495342
Bach2,Rnf128,1.1245522475149885
Bach2,Ptprj,18.38761906270882
Bach2,Cdc14b,1.222043059799171
Bach2,Eppk1,2.7730259451208963
Bach2,Gbe1,0.5530723476590218
Bach2,Lef1,1.7981077735223787
Bach2,Arrdc3,3.2064932632836123
Bach2,Wwtr1,1.435036464392592
Bach2,Mns1,0.69972499831933
Bach2,Ss18,2.4371648741165868
Bach2,Cachd1,2.9386396931681924
Bach2,Sorcs1,1.0185310724337635
Bach2,Synpr,1.9805408395727255
Bach2,Peg3,2.393238641327352
Bach2,Eya1,2.334756694990643
Bach2,Nr4a1,1.3049372327829698
Bach2,Cmc4,0.661981076271697
Bach2,Krt18,1.5196752018819184
Bach2,Mtcp1,0.8646872488899763
Bach2,Pakap,0.8034316739379064
Bach2,Epha1,0.5115054268250883
Bach2,Maml2,1.6143771860948957
Bach2,2410017I17Rik,0.3890871576172713
Bach2,Tnfaip2,1.2229825614722756
Bach2,Slc26a4,9.391057049263608
Bach2,Tmem108,0.9720594047464908
Bach2,Atf3,1.1761708903727524
Bach2,Ptprg,3.067217604623057
Bach2,Scnn1a,0.7863026704615164
Bach2,Sec14l2,0.0713225831515042
Bach2,Slit2,2.963790259794324
Bach2,Lama2,0.0573278721186206
Bach2,Itgb4,0.6002732970824202
Bach2,Celsr2,1.8295535374004133
Bach2,Ctsb,0.7166940192756077
Bach2,Pde1c,1.887656643265296
Bach2,Ngf,5.139429251841787
Bach2,Tmem45b,0.8857487406857787
Bach2,Tmprss2,3.0900145439466526
Bach2,Smox,1.121193859408926
Bach2,Lmcd1,5.300323498976455
Bach2,Pde4d,6.121896998508543
Bach2,Prdm16,3.9422287585598137
Bach2,Prkca,0.5206422700005248
Bach2,Plekhg6,0.2493384239789936
Bach2,Rbm47,3.677181171109011
Bach2,Slc34a2,5.098570220727656
Bach2,Hes1,3.3780938617932006
Bach2,Gsap,0.8771722285154651
Bach2,Cacna1c,2.842492553900525
Bach2,Rassf9,0.8610822496971237
Bach2,Rgs7,1.2876546378332203
Bach2,Xylt1,1.0999452453579517
Bach2,Kitl,0.540526608498881
Bach2,Efna1,1.4283036314432949
Bach2,Tardbp,1.0943449281101727
Bach2,Smad7,1.3537963189384816
Bach2,Clstn2,0.5913214833603727
Bach2,Prickle2,1.1867920255577504
Bach2,Dzip1l,0.4181531020635003
Bach2,Lonrf3,9.692064326899867
Bach2,Rasgrf1,1.0041978540484535
Bach2,Ptk2b,1.3448310406096058
Bach2,Dpp6,0.5292540862969727
Bach2,Flt4,0.4410900464513084
Bach2,Ptprn2,0.7214539174529504
Bach2,Slco4c1,1.2388828470061546
Bach2,Vegfa,0.574591659018493
Bach2,Shroom3,3.168893344237827
Bach2,Lamc2,4.403436800470007
Bach2,Pld5,0.2043313206702074
Bach2,Anxa3,3.26664836092222
Bach2,Syn3,1.3287763889119732
Bach2,Sftpb,21.9190601618438
Bach2,Nedd4l,5.095785349519154
Bach2,Panct2,1.4657981303235152
Bach2,Nhs,2.5635400887484026
Bach2,Spon1,1.1462492536602291
Bach2,Ctsh,3.418888447530437
Bach2,Scd1,1.4040910656278118
Bach2,Mboat1,6.46823625065401
Bach2,Sftpc,0.1851478789899597
Bach2,Ntrk2,0.8961848886384762
Bach2,Eogt,1.5565292389416288
Bach2,Ltbp1,2.236397238270078
Bach2,Tmem163,1.4077854759822344
Bach2,Sema3a,2.218904133858698
Bach2,Pou2f2,0.8276016967466119
Bhlhe40,Kdr,13.957744546937825
Bhlhe40,Flt1,1.769466650060209
Bhlhe40,Smox,11.311015402674252
Bhlhe40,Chst15,1.949478460155225
Bhlhe40,Slc26a4,1.449489849898106
Bnc2,Creb5,12.649490957190608
Bnc2,Plp1,6.884826007435828
Bnc2,Nfkbiz,1.4874934146901144
Bnc2,Dclk1,2.2902936091705683
Bnc2,Atf3,5.997802458360154
Bnc2,Tenm4,2.2157349537879205
Bnc2,Mir99ahg,1.750276678540963
Bnc2,Etv5,5.243570994609178
Bnc2,4930523C07Rik,4.283997700655219
Bnc2,Sema5a,2.873784973178146
Bnc2,St3gal1,1.99872399041618
Bnc2,Ccnd2,1.4490949679392149
Bnc2,Mdfic,1.7812498823494802
Bnc2,Zmat4,1.3091598243080904
Bnc2,Shroom4,7.941620827421845
Bnc2,Smad7,5.220014259426521
Bnc2,Npr2,2.963524455226438
Bnc2,Cacng8,1.1705346179308358
Bnc2,Rnf150,3.2827830359705783
Bnc2,Ckmt2,2.6527095401848224
Bnc2,Col4a2,3.045427706435249
Bnc2,Anxa1,2.322374241289296
Bnc2,Bmpr1b,1.6075057010945168
Bnc2,Lhfp,12.07022011057051
Bnc2,Myh6,6.649664377360526
Bnc2,Ubc,1.1983402081170031
Bnc2,Kctd8,32.895436095442655
Bnc2,Nrk,3.752673742131595
Bnc2,Wdr72,1.176803035742737
Bnc2,Kcnn3,4.7535887538618935
Bnc2,Cd36,47.542869292986026
Bnc2,Gadd45g,3.7111805641060687
Bnc2,Slc1a3,48.700698603426325
Bnc2,Sema3c,2.1621016118389345
Bnc2,Ctsc,40.810867029403504
Bnc2,Kcnq1ot1,2.1220583915372435
Bnc2,Phlda1,3.379062941524675
Bnc2,Ntm,20.26063034187218
Bnc2,F5,18.134138394563067
Bnc2,Cd44,23.955961277654424
Bnc2,Cckar,2.095609736821863
Bnc2,Osbpl3,2.3467394002670865
Bnc2,Alk,2.0824920947246004
Bnc2,Ppl,4.722722261340073
Bnc2,Cftr,4.4958437295384135
Bnc2,Areg,4.994891214152937
Cdx2,Dusp5,4.783843531025505
Cdx2,Cdx2,1.0
Cdx2,Id2,1.1321558308621995
Cdx2,Fbxo5,81.06848631426256
Cdx2,Gng7,1.5103317662418714
Cdx2,Hes1,2.1229942411677976
Cdx2,Sox11,3.834236539055828
Cdx2,Gadd45g,1.7090020004829187
Cdx2,E2f8,21.20011783727144
Cdx2,Ptma,2.650974098899407
Cdx2,Pak1ip1,4.464789975539127
Cdx2,Olfr655,3.337135285130953
Cdx2,Catsperg1,1.2289413975634595
Cdx2,Chmp1b,6.809745480242773
Cdx2,Top2a,0.0686172640257841
Cdx2,Akap5,0.1094518684534292
Cdx2,Rara,0.2367904572583504
Cdx2,Larp7,0.6562540233488968
Cdx2,Ubc,0.449286253731077
Cdx2,Cenpe,0.3555616238294342
Cdx2,Mlf1,0.7811029806967204
Cdx2,Topors,3.32874177759486
Cdx2,Tfip11,1.4664052003241916
Cdx2,Phactr3,0.2811165186577575
Cdx2,B4galnt3,0.1151292123975059
Cdx2,Ttc9c,0.1498276160195993
Cdx2,Hmox1,0.0995119382368083
Cdx2,Chd5,0.1514196052750237
Cdx2,Slx1b,0.9045397946125888
Cdx2,Tnfaip3,0.3854487139524297
Cebpd,Hck,14.099833283922829
Cebpd,Pak3,3.146445982499421
Cebpd,Gata3,1.5484676414519845
Cebpd,Jun,1.3401129824417304
Cebpd,Rnd3,2.8393963899833308
Cebpd,Sema5a,2.369070134512433
Cebpd,Casp4,2.2914325044362696
Cebpd,Kcnk2,1.6163107650975843
Cebpd,Tmsb4x,6.14523650459776
Cebpd,Hivep2,1.1911781807893984
Cebpd,Ciita,1.2353860180857086
Cebpd,Zbtb7c,1.941334605213104
Cebpd,C6,1.6115725703184107
Cebpd,Rasl11a,1.3989495924311817
Cebpd,Ankrd11,1.6450642572791487
Cebpd,Nrxn3,5.607754184947981
Cebpd,Insl5,6.257418360316179
Cebpd,Kif23,1.5783990058680175
Cebpd,AW011738,1.4266658833940031
Cebpd,Isg15,11.172532654409228
Cebpd,Zc3hav1,1.1775649855695605
Cebpd,Oasl1,1.530345584733862
Cebpd,Glis3,2.315411951167172
Cebpd,Nab2,1.1582509739167053
Cebpd,Eppk1,2.707850189242909
Cebpd,Dlg2,19.168108856120696
Cebpd,Def6,2.313148310262965
Cebpd,Gm12185,6.931814877232863
Cebpd,Ppp1r14c,3.4993827795750976
Cebpd,Dlc1,3.657494594787043
Cebpd,Opcml,11.012545741711188
Cebpd,Slc1a3,5.42884852010538
Cebpd,Hes1,4.247022852271795
Cebpd,Ikzf4,6.2144994322472105
Cebpd,Osmr,2.756060963805853
Cebpd,Sik1,6.257843236895996
Cebpd,Tmem45b,6.497513241796026
Cebpd,Fkbp4,0.6914350329590414
Cebpd,Flrt3,0.5596674006842498
Cebpd,Vmn1r1,0.6441985506188245
Cebpd,1700029J03Rik,0.0637426048810411
Cebpd,Cyp2b10,1.408019156850658
Cebpd,Kcnip4,0.7186477934977458
Cebpd,Hk2,4.708583268975621
Cebpd,Mgst2,5.231946101367528
Cebpd,Pthlh,1.0058297614868827
Cebpd,Arhgap24,1.2427720991758613
Cebpd,Scgb1a1,2.091018203381364
Cebpd,Nedd4l,1.1215703640534826
Cebpd,St8sia6,0.0910875739669561
Cebpd,Amotl2,2.451060107822738
Cebpd,Slco1a5,1.3729854922294586
Cebpd,4930425L21Rik,0.9529495512560404
Cebpd,Ikzf2,0.7514045180220956
Cebpd,Pde4b,0.5672992341770519
Cebpd,Epha7,0.0239585340206348
Cebpd,Cacng4,0.8789370632113624
Cebpd,Sox5,0.652185891888682
Cebpd,Adamts1,0.0098940940356013
Cebpd,Nr2f2,0.613573251320884
Cebpd,Npas2,0.6453327044640522
Cebpd,Rnf150,1.4763377113675094
Cebpd,Cxadr,1.2215980734194458
Cebpd,Tgfbr1,1.0783867991243143
Cebpd,Gm5893,0.4113257933755864
Cebpd,Itga5,0.9609125723941712
Cebpd,Anxa3,1.208632909967826
Cebpd,Col23a1,0.5110381276234135
Cebpd,Adrm1,0.6047537711611469
Cebpd,Msrb3,1.7756664272512703
Cebpd,Unc5c,1.178710544809468
Cebpd,Nwd2,1.5299537650279058
Cebpd,9530026P05Rik,1.2531130606463527
Cebpd,Gprin3,0.8519095838239991
Cebpd,Irs2,1.890594711691841
Cebpd,Mdfic,0.6435177458161955
Cebpd,Chn2,0.7353378960746668
Cebpd,Ero1l,0.976180152877327
Cebpd,Cradd,2.0313174131284586
Cebpd,Sema6a,0.977374563313266
Cebpd,St3gal1,1.8884426839177448
Cebpd,Il18r1,0.8278004055519171
Cebpd,Nfkbiz,1.0646575613322595
Cebpd,Gna14,2.868386435018732
Cebpd,Nfil3,0.893768146434474
Cebpd,Met,0.4470842721898471
Cebpd,Tgfb3,0.7081822959014118
Cebpd,Chmp1b,0.4651461337906449
Cebpd,Osgin1,1.0165359467933603
Cebpd,Celsr2,2.5034778752871
Cebpd,Syn3,1.8283039138262516
Cebpd,Clip4,1.232223456191934
Cebpd,Ptges,0.9422789550161724
Cebpd,Pfkfb3,0.3417510958796975
Cebpd,Ftsj1,0.1011940807517672
Cebpd,Zfp804b,1.925439921524452
Cebpd,Bag3,2.63984497579159
Cebpd,Gbp9,3.7929130213410818
Cebpd,Chit1,0.6691407519896763
Cebpd,Cracr2a,0.3134357119786399
Churc1,Grm5,4.074153363408514
Churc1,Grid2,2.825989892303394
Churc1,Cdh20,5.2350361376085335
Churc1,Csgalnact1,1.5753276244866583
Churc1,Robo1,1.6733509331360867
Churc1,Cntn5,3.65315810599667
Churc1,Epha7,1.457335456853618
Churc1,Ipo11,2.3723646075361664
Churc1,Lin7a,1.6078828645954633
Churc1,Zkscan8,1.426628905058603
Churc1,Cacna2d1,2.2167709844429724
Churc1,Ptprt,2.3495972813949835
Churc1,Stpg2,2.5592755832562637
Churc1,Zbtb20,1.330845501923944
Churc1,Pbx3,1.2364503230183432
Churc1,Adpgk,1.80134853083283
Churc1,Dcc,2.932536434396241
Churc1,Nol4,1.5529029883500538
Churc1,Anks1b,1.467200431345162
Churc1,Plcb1,1.7519659668924157
Churc1,Cyp2r1,1.1540754983870989
Churc1,Pde7b,1.6052630498093003
Churc1,Bzw2,1.5091471452899765
Churc1,Grip1,2.938877096129567
Churc1,Sorcs1,2.1285518436789883
Churc1,Syn3,1.4221276882120797
Churc1,Plcxd3,2.945084189969692
Churc1,Grin2b,4.850285405215302
Churc1,Lgi2,1.6570757287486602
Churc1,Mtcp1,1.4582808130628908
Churc1,Skp1a,13.119377885648248
Churc1,Gfra1,3.727505536167515
Churc1,Dnm3,1.4632722565251746
Churc1,Pou6f2,2.4161937041948134
Churc1,Lmx1b,2.8429436449600773
Dbp,Syt4,3.2304186347456665
Dbp,Kif26b,1.461758589985698
Dbp,Lingo2,4.1754272333387314
Dbp,Lrrc36,4.724414991586391
Dbp,Plk2,1.7413498273447423
Dbp,Nek2,1.4963000199751832
Dbp,Grm5,2.882881357394276
Dbp,Neurod1,3.524339854280761
Dbp,Acss3,1.9547605429978028
Dbp,Prss12,2.592601886623853
Dbp,Hist3h2ba,2.2795348156805213
Dbp,Rgs2,1.2462261254884277
Dlx2,Vcan,0.0172878053110152
Dlx2,Il1rapl1,1.798454448780197
Dlx2,Cald1,0.2705883823433643
Dlx2,Enc1,0.6015322086698007
Dlx2,Abca5,1.0204543339714274
Dlx2,Lrrc2,3.471156391214797
Dlx2,Arrdc4,0.083389888371018
Dlx2,Mycn,3.082953163209821
Dlx2,Dlx2,1.0
Dlx2,Tulp2,0.0760317531971747
Dlx2,Hirip3,0.357660144215402
Dlx3,Rest,0.1210563059335014
Dlx3,Dnajb9,0.0281936492669958
Dlx3,Jarid2,0.3606623634691708
Dlx3,Celsr2,1.4495395212807485
Dlx3,Myh6,8.944189819734834
Dlx3,Pdlim2,0.0431285211521587
Dlx3,Efna1,0.0434610465658046
Dlx3,Malat1,0.281236695979362
Dlx3,Olfml2a,0.0165883297846739
Dlx3,Dzip1l,0.7364450646237573
Dlx3,Rasd1,1.1948860084731898
Dlx3,Gramd2,0.043607129667703
Dlx3,Col4a2,0.0347656065534236
Dlx5,Peg10,0.5956681973001285
Dlx5,Nptx1,0.645418652560188
Dlx5,Maf,0.3693634798636662
Dlx5,Negr1,0.1649810507914928
Dlx5,Ntng1,0.0091492143036856
Dlx5,Opcml,0.1824215106789737
Dlx5,Rbm38,1.274819615924936
Dlx5,Avil,0.2234045841308827
Dlx5,Got1,0.1879005196292027
Dlx5,Hist1h2bc,0.0882116761258254
Dlx5,Dlx5,1.0
Dlx5,H1fx,3.0765226914490484
Dlx5,Rbfox1,0.1986448097434457
Dlx5,Adamts9,0.0215458437145372
Dlx5,Basp1,0.3798607805313376
E2f3,Svop,1.3460832345301066
E2f3,Klhl13,2.061626231635944
E2f3,Prr16,2.27054324065682
E2f3,Cadm2,1.5666790768614522
E2f3,Grid2,12.938316133087916
E2f3,Stxbp5l,5.0488328539889045
E2f3,Hs3st5,5.191009189575588
E2f3,Grm7,3.1798374132293463
E2f3,Phactr1,14.849249072698727
E2f3,Pcsk2,4.825066454041994
E2f3,Arhgap6,5.233096626993049
E2f3,Hmgcs1,11.00054971078555
E2f3,Nlgn1,1.934821253425219
E2f3,Slc16a10,5.883849389510196
E2f3,Auts2,17.099352254395363
E2f3,Car8,1.575980894826221
E2f3,Adgrb3,28.37022633955454
E2f3,Zfpm2,30.30566210577967
E2f3,Dlg2,1.341988369477724
E2f3,Rorb,1.2155819328914024
E2f3,Adarb1,2.6478701827036564
E2f3,Slc35f1,6.774138723211571
E2f3,Mns1,1.4936479211528908
E2f3,Rims2,9.53545580901621
E2f3,Btg2,2.8478688712697866
E2f3,Relb,2.3340781176770977
E2f3,Dock10,1.5083330911539825
E2f3,Cnst,4.150504122240644
E2f3,Akt3,13.51300974599053
E2f3,Ptpn13,1.2632380040429632
E2f3,Vcl,1.265186952641869
E2f3,Glt1d1,5.6913831909719335
E2f3,Grm5,6.260781046529253
E2f3,Scn2a,4.080494731572895
E2f3,Hcn1,2.8505253964346515
E2f3,Magi2,1.5590701092582044
E2f3,Zc3h11a,2.2781492570840256
E2f3,Msn,1.1707104813427942
E2f3,Zyg11b,1.441756607106484
E2f3,Kcnn2,1.891836687445673
E2f3,Mapk10,2.1827304192522523
E2f3,Tob1,3.6348307090023777
E2f3,Acsl3,6.331391945328397
E2f3,Csgalnact1,9.950227238784064
E2f3,Pappa,1.4839945324353911
E2f3,Dnm3,6.539146594446791
E2f3,Chgb,1.7710774032453858
E2f3,Agbl4,7.922850295356645
E2f3,Immp2l,5.741959728988404
E2f3,Mapt,1.220668218741587
E2f3,Ctnnd2,8.507002850294088
E2f3,Anks1b,17.766296431932513
E2f3,Xkr4,1.525080933548452
E2f3,Gria3,1.2843648448822378
E2f3,Ctnna2,1.5248795206121577
E2f3,5330434G04Rik,1.636140281233756
E2f3,Diaph3,8.159682927055792
E2f3,E2f8,6.979697671344115
E2f3,Foxp2,18.466194939757788
E2f3,Fut8,4.430848872296562
E2f3,Foxp1,8.278485427795534
E2f3,Pcdh7,3.798722235388321
E2f3,Cdh20,4.362961235981498
E2f3,Tenm4,12.179682657899551
E2f3,Tmeff2,2.373221590701231
E2f3,Efna5,12.381088867094002
E2f3,Robo2,4.280449690922832
E2f3,Pik3r3,8.563901469589608
E2f3,Homer1,1.264028546259531
E2f3,Tanc2,10.205470297399676
E2f3,Etv1,1.5867168261226254
E2f3,Nfib,8.53164147686735
E2f3,Chrm3,1.353560355980595
E2f3,Ldlrad4,1.5449247079947894
E2f3,Vgf,2.818400237304247
E2f3,Sema5a,5.851339805655548
E2f3,Caln1,2.0402932621335514
E2f3,Rbfox3,1.16888899315757
E2f3,Mdga2,6.701584086319635
E2f3,App,2.2475061281745408
E2f3,Col8a1,2.695191486563487
E2f3,Sox6,3.801890828740666
E2f3,9530059O14Rik,6.976523222594045
E2f3,2610307P16Rik,4.394769060523289
E2f3,Pam,3.0085968074902327
E2f3,Cacna2d1,1.9228774082063096
E2f3,Pip5k1b,1.692025455161174
E2f3,Lsamp,14.03529820494439
E2f3,Runx1t1,1.70614037994975
E2f3,Ccser1,3.906479230583712
E2f3,Dse,5.872716533996656
E2f3,Rere,7.830289674928175
E2f3,Higd1a,1.5615191347578
E2f3,Kcnq3,3.015671025586216
E2f3,Nrxn3,4.922814748657671
E2f3,Shisa6,2.718716832564088
E2f3,Sptbn4,2.493017017147132
E2f3,Fam155a,2.7289138265461093
E2f3,Luzp1,17.303532767732154
E2f3,Dscaml1,5.441682523100925
E2f3,Fgf14,2.971683257313692
E2f3,Fras1,10.760366270680391
E2f3,Igfbp5,1.718315028638122
E2f3,Robo1,10.653003213626796
E2f3,Stxbp6,2.241615387996521
E2f3,Kcnq5,4.226123889515243
E2f3,Rims1,4.219270808284529
E2f3,Nrcam,8.200031886397113
E2f3,Pcdh9,1.967029688743672
E2f3,Brd2,2.1270486182843107
E2f3,Rbfox1,8.126015887691429
E2f3,Tox,5.008653144537238
E2f3,Gpc6,60.376694975647695
E2f3,Elavl3,8.855634439546213
E2f3,Nrxn1,7.60150731591727
E2f3,Cadm1,1.155629501554616
E2f3,Cacnb2,6.905512589821438
E2f3,Kcnd2,2.315302280553282
E2f3,Nol4,3.1753241769194678
E2f3,Mlf1,2.034200269604856
E2f3,Serpini1,2.206750256221237
E2f3,Ptn,6.422055691519123
E2f3,Maf,3.335321004063056
E2f3,Ptprt,12.173718479395696
E2f3,Cacna1c,16.84044765336438
E2f3,5730522E02Rik,3.390615976974401
E2f3,Phactr3,1.6782883057754656
E2f3,Jakmip2,2.628024382025023
E2f3,Map3k12,7.881739026074805
E2f3,Tgfb1,2.119917047982001
E2f3,Cdh13,2.0762318825956223
E2f3,Astn2,9.689681225391604
E2f3,Syn1,1.6290147911051027
E2f3,Ptprz1,2.380286674347903
E2f3,Plcb1,1.4464298163301108
E2f3,Lin7a,1.574593869038634
E2f3,Tbx21,5.69068720664904
E2f3,Map1b,2.2897156182801828
E2f3,Bzw2,1.3243747347304728
E2f3,Casp8ap2,11.237611755185563
E2f3,Dock4,2.3522384160158927
E2f3,Neat1,1.2789786078490577
E2f3,Mid1,1.838376878546918
E2f3,Cntn5,1.8109775298146824
E2f3,Grip1,12.632353740492862
E2f3,Neto2,7.008079041242679
E2f3,Fhl2,1.8726898072829612
E2f3,Nhs,9.345186961012612
E2f3,Nmnat2,2.813339169600497
E2f3,Far2,3.452527331073725
E2f3,Ptprg,9.94697936951916
E2f3,Kcnh7,5.651904944007109
E2f3,Cacng4,9.10583458230512
E2f3,Lonrf3,2.871532475986512
E2f3,Piezo2,1.4600985895060077
E2f3,Klf8,1.723634428977282
E2f3,Rgs7,6.113965458517394
E2f3,Fstl4,6.568749825760544
E2f3,Synpr,2.8997197166411555
E2f3,Dgki,16.031396481231027
E2f3,Pde1c,1.2808976836446375
E2f3,Macrod2,11.59711464297608
E2f3,Stk32a,5.537692359195618
E2f3,Fbxo5,1.7107018178227806
E2f3,Sox11,1.3623185377974116
E2f3,Kcnma1,3.111812550980679
E2f3,Fam135b,3.1552594423194225
E2f3,Aff3,4.815647977237856
E2f3,Ptchd4,1.163488364377152
E2f3,Camta1,4.057137708293795
E2f3,Adcy7,2.782783211925558
E2f3,Sema3e,4.952392011229243
E2f3,Onecut2,2.134702615916694
E2f3,Zfp329,8.953945074983594
E2f3,Zkscan8,5.296932927903835
E2f3,Gnas,13.829198030677013
E2f3,Pitpnc1,8.803190463297739
E2f3,Hs6st3,46.484008125056285
E2f3,Chn2,1.7435949783046831
E2f3,Pvt1,7.155900066475522
E2f3,Prps1l3,3.4883041197949174
E2f3,Nhsl2,4.55651049272195
E2f3,Eda,1.581037434492095
E2f3,Necab1,23.78676467004477
E2f3,Usp1,8.783226111588757
E2f3,Cntn4,2.0101060170238725
E2f3,Sqstm1,3.249573610479041
E2f3,Sh3kbp1,1.3588814908697655
E2f3,Abtb2,5.261975013703346
E2f3,Efnb2,2.0055961100627995
E2f3,Sult2b1,4.13906607956346
E2f3,E2f7,32.67415084014939
E2f3,Ankrd11,6.273983437873333
E2f3,Wnt5b,14.88016843649123
E2f3,Cacna2d3,19.616593407949647
E2f3,Ephb2,3.6579551800492025
E2f3,Thsd7a,2.0556090592645457
E2f3,Plcl2,9.371515032723886
E2f3,Cntnap4,2.0834480540239744
E2f3,Hk2,1.6563478107021514
E2f3,Ipo11,7.954723268759216
E2f3,Frmd3,3.033045528643463
E2f3,Pclo,2.8111007036868747
E2f3,B4galnt3,5.735384557945313
E2f3,Iqgap2,3.305167902056514
E2f3,Pex5l,2.264046810109187
E2f3,Smad3,2.839021880861815
E2f3,Dpp6,4.380999651920428
E2f3,Ccdc85a,1.1203365217518888
E2f3,Plcl1,3.955644512501745
E2f3,Ascl1,6.3386939123967485
E2f3,Tspan7,3.8637092532809834
E2f3,Timp3,1.5180545024832284
E2f3,Ralgapa2,1.6764156983497138
E2f3,Pld5,2.117177850728944
E2f3,Tmem45b,3.697262856220958
E2f3,Tmem65,3.775822250641725
E2f3,Celf2,3.1695419632239688
E2f3,Tubb6,4.642274555514657
E2f3,Dusp10,3.8606341647430216
E2f3,Gria1,2.5204374198740545
E2f3,Galnt14,6.488103524723986
E2f3,Mctp2,3.084557219649941
E2f3,Clstn2,1.8445706448618515
E2f3,Gabrb3,14.002483948470443
E2f3,Lyzl4,2.190918144769197
E2f3,Fam102b,2.317150786842525
E2f3,Adamts18,2.028243931677922
E2f3,Agbl3,1.2588065389573766
E2f3,Sdk1,5.542646873674472
E2f3,Smox,8.865921393087989
E2f3,Vdac3,5.455952018215887
E2f3,Gpr158,7.606841836304119
E2f3,Cpe,14.088301013892158
E2f3,Pfkfb3,1.8692256972107903
E2f3,Sorcs1,4.734372761983295
E2f3,Stk33,1.630747086665052
E2f3,Opcml,2.3616046757668023
E2f3,Grb10,1.440005898741225
E2f3,Ngf,1.6067530091121516
E2f3,Egfr,3.340996866269853
E2f3,Cntnap5b,1.9987524195477264
E2f3,Slc2a13,7.4948112388463555
E2f3,Ppm1e,3.6770075846415424
E2f3,Gmds,9.938697843468454
E2f3,Hdac9,14.027819817487284
E2f3,Dusp22,165.31634003346366
E2f3,Tshz2,5.080948436034794
E2f3,4933406I18Rik,5.06811251455637
E2f3,Cacna1a,8.691505250287504
E2f3,Mtor,3.568121422003126
E2f3,Ust,7.9746211430242
E2f3,Cadps2,6.6523333443666095
E2f3,E2f3,1.0
E2f3,Gbe1,4.20691944520858
E2f3,Cntrl,3.5532108386085737
E2f3,Fhod3,4.304986576299975
E2f3,Ss18,5.0802819823110985
E2f3,St6galnac5,7.152846739754915
E2f3,Lamc2,5.287996524994006
E2f3,Cfap77,4.286742650289819
E2f3,Mdm2,8.510240063601795
E2f3,Zmat2,3.763947844774916
E2f3,Wdr53,2.9941000329396954
E2f3,Cdkn1a,7.727125026041003
E2f3,Ckap2,6.844033104567717
E2f3,Rmst,9.44228867766524
E2f3,Pbx3,21.053574251464664
E2f3,Kctd16,4.710081862437658
E2f3,Pfkfb1,4.094820561537925
E2f3,Pola1,33.24968544205376
E2f3,Cth,0.6105138967214642
E2f3,Ppm1g,13.521213682917368
E2f3,C530008M17Rik,13.591594655706086
E2f3,Rcor2,1.0598209789106483
E2f3,Klk1,5.7717512893111245
E2f3,Ddc,10.523593059176669
E2f7,Neto2,8.157751474351393
E2f7,Grid2,4.039845016558502
E2f7,Hs3st5,10.22273452944098
E2f7,Galnt13,5.696419059398625
E2f7,Fstl5,8.05760045267213
E2f7,Ptprd,3.570632854127224
E2f7,Khdrbs2,3.500995724548868
E2f7,Fam184a,8.891560481530224
E2f7,Ptprz1,5.650945971994951
E2f7,Prr16,7.456458260338151
E2f7,Xist,7.949919615548436
E2f7,Ppm1e,6.490128747267334
E2f7,Pld5,5.963840665265248
E2f7,Abca5,13.891485151799552
E2f7,Ctnna2,4.729877760689064
E2f7,Kif21a,3.94754134025226
E2f7,Car10,4.284985020370533
E2f7,Utp14b,3.553296292078119
E2f7,Acsl3,6.757294277496634
E2f7,Stat1,4.205387075957289
E2f7,Gphn,4.432685963560566
E2f7,2610316D01Rik,7.501122845108963
E2f7,Hcn1,4.699353786854276
E2f7,Tanc2,6.11852298322896
E2f7,Gria4,6.662999987775904
E2f7,Akt3,11.453488267214045
E2f7,Rtn1,3.5503939214117333
E2f7,Dock10,18.8055400977702
E2f7,Klhl13,6.757399153667451
E2f7,Rims2,8.399403596764937
E2f7,5730522E02Rik,20.82471439327714
E2f7,Htatsf1,3.7713271327347
E2f7,Zfp329,5.247454814837308
E2f7,Pola1,55.55810265761111
E2f7,Prpf4b,17.39263208071015
E2f7,Gpc6,62.140528082676354
E2f7,E2f7,1.0
E2f7,Nop56,21.95884519106524
E2f7,Agbl4,28.90460328531321
E2f7,Efna5,10.00193107423465
E2f7,Ncam2,15.984350077390737
E2f7,Map1b,8.576053935666348
E2f7,Pkia,10.789628543322754
E2f7,Dcc,7.447440053067531
E2f7,Cntn5,5.970134334525589
E2f7,Cntrl,15.853079309621384
E2f7,Casp8ap2,21.44375546546781
E2f7,Uty,8.408337330430944
E2f7,Stxbp5l,16.224879259785705
E2f7,Kif11,14.45286318310419
E2f7,Hist1h1e,5.837315509554461
E2f7,Sorcs1,4.000923221552356
E2f7,Cntnap5b,18.3475981138022
E2f7,Larp7,8.022064652613707
E2f7,Tmem196,3.5602569925228083
E2f7,Anks1b,17.126416731987945
E2f7,Hdac9,40.34957616352921
E2f7,Fgf12,4.917012947705042
E2f7,Anln,16.58286046439626
E2f7,Kcnh7,10.330864533178383
E2f7,Peg3,9.232018475964695
E2f7,Neil3,42.83130000436008
E2f7,Fstl4,11.431392842080026
E2f7,Ss18,14.133536710285538
E2f7,Clca3a2,22.340837082119663
E2f7,Nrg3,21.04033953969482
E2f7,Cacnb2,5.139544578793125
E2f7,Negr1,8.282903231097071
E2f7,Trpc4,5.359454601448897
E2f7,Synpr,45.73131880312757
E2f7,Mis18bp1,6.458038562094901
E2f7,Cacng4,41.21904517447092
E2f7,E2f8,53.87560761470391
E2f7,E2f2,44.4017053525556
E2f7,Pcsk2,22.86384684422777
E2f7,Fhod3,31.784479865368983
E2f7,Skp2,62.92902323735173
E2f7,Mki67,26.32118476287531
E2f7,Hmcn1,22.850623572614055
E2f7,Ccnf,43.25345384579952
E2f7,Cenpp,33.27720429328643
E2f7,Cacna1c,29.548081494461165
E2f7,Bpi,1.7800107740893265
E2f7,Sdk1,53.39282773124344
E2f7,Scg2,10.684951027437092
E2f7,Rufy4,5.642926200643758
E2f7,Dpf3,3.939910550195746
E2f7,Iqgap3,12.894600235431188
E2f7,Kif15,20.44254113340819
E2f7,Wdr35,24.012553304763177
E2f7,Diaph3,34.91202421045117
E2f7,Col6a5,34.450254086861136
E2f7,Enah,7.735388895587568
E2f7,Ryr3,8.916717266083557
E2f7,Inpp4b,13.972417960538396
E2f7,Sgcz,1.0120532288856945
E2f7,Epha5,0.5099725397677234
E2f7,Sema5a,7.599286623393
E2f7,Kcnq3,26.106690295862453
E2f7,Insc,2.011391612297651
E2f7,Foxp1,14.260868544655173
E2f7,Nrxn3,6.562861113082884
E2f7,Adgrb3,14.697548292507884
E2f7,Chsy3,7.043889194816029
E2f7,Kcnab1,3.510413194450924
E2f7,Oog4,0.7018239063773194
E2f7,Gabrb1,16.2528819780733
E2f7,Mkx,2.358829394692056
E2f7,Dync1i1,8.863422509425597
E2f7,Aff3,11.757924665099516
E2f7,Acod1,2.294527019634286
E2f7,9530059O14Rik,7.222759806971016
E2f7,Adcy7,22.825834657260952
E2f7,Tnfrsf11b,6.418508539855189
E2f7,Klf8,10.989260244129603
E2f8,Prr16,5.62896472578206
E2f8,Grid2,2.592650746429796
E2f8,Stxbp5l,7.482002543105722
E2f8,Hs3st5,4.551850933672321
E2f8,Grm7,4.338845691455874
E2f8,2610316D01Rik,2.542312866141705
E2f8,Phactr1,4.968488360366101
E2f8,Cntnap2,3.516999421058265
E2f8,Pcsk2,1.2346842258952264
E2f8,Irs2,8.304446615661421
E2f8,Dpp10,10.015446262627629
E2f8,Slc16a10,1.540378934176544
E2f8,Auts2,11.119569375630263
E2f8,Sgcz,1.7265545138262852
E2f8,Adgrb3,12.906149291323462
E2f8,Gria4,3.2379667578311646
E2f8,Slc35f1,8.13561801485266
E2f8,Mns1,16.227436886151736
E2f8,Syt3,3.9297159425977752
E2f8,Gria2,1.24096740170638
E2f8,Rims2,4.282368760513419
E2f8,Relb,1.8455021202851905
E2f8,Ptger4,1.2468907956877353
E2f8,Dock10,12.971612733247026
E2f8,Lingo2,2.3448756090143297
E2f8,Akt3,2.986947818908994
E2f8,Glt1d1,1.175814045475697
E2f8,Scn2a,1.7276130432047805
E2f8,Hcn1,1.564638318314813
E2f8,Incenp,16.43617635985537
E2f8,Magi2,1.7683327936129145
E2f8,Nkain3,4.686481551004551
E2f8,March1,2.750775597549059
E2f8,Kcnn2,1.8266561549877915
E2f8,Tob1,1.4334621962755645
E2f8,Acsl3,2.530185425593025
E2f8,Csgalnact1,1.424117431683519
E2f8,Utp14b,2.7686488289917617
E2f8,Unc5c,1.395480633867609
E2f8,Agbl4,9.494441473421208
E2f8,Arc,1.2098118873197046
E2f8,Ctnnd2,2.339260569789438
E2f8,Anks1b,8.355487159762351
E2f8,Ctnna2,2.712510099061355
E2f8,Smc1b,1.7659053965860327
E2f8,Diaph3,31.35555985823744
E2f8,E2f8,1.0
E2f8,Neto2,9.713707668131944
E2f8,Efnb2,6.172250700994634
E2f8,Efna5,6.952225765722921
E2f8,Ankrd11,11.390584143735804
E2f8,5730522E02Rik,7.681590632040034
E2f8,Fgf12,3.5167717640105627
E2f8,Usp1,23.714144550683304
E2f8,Grip1,10.659090371925258
E2f8,Sox11,17.113602810590663
E2f8,Ptprd,16.078908837441936
E2f8,Macrod2,6.7053301343548775
E2f8,Kcnq3,13.693266310862882
E2f8,Pld5,4.874311161284129
E2f8,Cadm1,4.998393209851384
E2f8,Wnt5b,18.97284026815112
E2f8,Luzp1,15.91051756902293
E2f8,Amd2,3.870653280393405
E2f8,Vdac3,3.6482014988543066
E2f8,Sorcs1,11.741998093288338
E2f8,Hdac9,18.24161346129697
E2f8,Gpc6,39.70435732454107
E2f8,Cacna2d3,3.6226321714858334
E2f8,Rims1,4.705938495729622
E2f8,Negr1,3.5673760509592376
E2f8,Ppm1g,3.6751389001103294
E2f8,Agbl3,10.631417322835151
E2f8,Fbxo5,69.0396253689539
E2f8,Casp8ap2,16.90937593113295
E2f8,Hs6st3,10.081449072022274
E2f8,Cenpf,6.240129083480451
E2f8,Prpf4b,7.072600520487285
E2f8,Knl1,21.301027754735312
E2f8,D430041D05Rik,32.594167654068606
E2f8,Gnas,6.485248813390817
E2f8,Cacna1c,9.757361348249797
E2f8,Iqgap2,3.585966608862984
E2f8,Nrg3,37.97859493549952
E2f8,E2f7,64.2572836755331
E2f8,Zbtb10,4.519266443263998
E2f8,Rgs7bp,6.539656135469861
E2f8,Wdr53,7.267144037145395
E2f8,Camta1,11.60012415777188
E2f8,Tardbp,9.08415969030431
E2f8,Cadps2,7.045536002948464
E2f8,Anln,9.387183151616847
E2f8,Cntn5,6.046641445128748
E2f8,Cep55,11.849048150356566
E2f8,Sema5a,6.507266516246542
E2f8,Acot7,5.309619355962317
E2f8,Necab1,26.434916912989603
E2f8,Gabrb3,20.340106411299928
E2f8,Stk32a,3.6781842455748
E2f8,Hmgb2,33.80965893024926
E2f8,Kif20b,14.289324752458183
E2f8,Elavl3,7.647903765751029
E2f8,Kif14,16.870062385451135
E2f8,Caln1,5.535307647809283
E2f8,Mdc1,33.47905607404968
E2f8,Ncam2,3.548038001014155
E2f8,Aff3,9.272457756965116
E2f8,Grid1,8.24267817866699
E2f8,Eldr,23.75310258636495
E2f8,Hist1h4a,5.637841397951329
E2f8,Kntc1,10.2613039064465
E2f8,Dlgap5,5.437497895140055
E2f8,Tbx21,4.467494933535441
E2f8,Neil3,28.75240042078881
E2f8,Eif3c,5.647242790964248
E2f8,Fanci,11.674695319337811
E2f8,B4galnt3,4.95467153246476
E2f8,Ntm,10.617952925227668
E2f8,Ppfia2,4.545878563664592
E2f8,Clspn,59.14988841158799
E2f8,H1fx,7.69299691007806
E2f8,Cdca7,4.21283363266544
E2f8,B3gat2,3.681666289250578
E2f8,Kif23,9.187653649063831
E2f8,Pfas,3.584908859180883
E2f8,Sdk1,26.54785686617269
E2f8,Cdt1,9.501817623568169
E2f8,Ercc6l,17.0807512676931
E2f8,Hist1h1c,6.173397085048277
E2f8,Ptma,23.95689065825005
E2f8,Pola1,9.328725039731388
E2f8,Synpr,17.009076863423957
E2f8,Kif15,27.692804638972223
E2f8,Hspa5,15.47688861043967
E2f8,Slfn9,37.02494211563343
E2f8,Mlf1,13.891458911783856
E2f8,Nop56,30.585012514061432
E2f8,Topors,6.905592547145493
E2f8,Cdca2,11.727757138971413
E2f8,Mis18bp1,6.467965849831872
E2f8,Tgfb1,7.047198884278262
E2f8,Hist1h4d,18.594977822343655
E2f8,Top2a,41.63209092347252
E2f8,Mki67,54.90256605143654
E2f8,Ccnf,22.20644272099734
E2f8,E2f2,21.607612285193024
E2f8,Art4,2.5533082154931144
E2f8,P2rx7,28.978571663642672
E2f8,Cacng4,24.85514979961727
E2f8,Prc1,29.89042190416957
E2f8,Pdzd7,3.504764127000051
E2f8,Rufy4,8.945019010606297
E2f8,Iqgap3,10.187787068224964
E2f8,Prss22,1.9964979217449168
E2f8,Ano2,2.202124803946769
E2f8,Wdr35,23.15230150314464
E2f8,Tfip11,8.806246439257405
E2f8,Neurod1,2.3754940280106323
E2f8,Hist1h1d,12.751207388093531
E2f8,Tpx2,27.827099876205057
E2f8,Trmt10c,7.121367894574485
E2f8,Gbx1,0.9114854672746034
E2f8,Pla2g4e,1.0926439434299304
E2f8,Gfra4,4.212570280807104
E2f8,H1f0,7.425748814780355
E2f8,Cckbr,0.6692834705775486
E2f8,Cntrl,13.04239957858882
E2f8,Aspm,9.545657880608312
E2f8,Rexo1,6.88270337654423
Egr1,Gphn,10.630221543109878
Egr1,Snca,2.0280985523322643
Egr1,Lrrc4c,2.8246430600857506
Egr1,Prr16,1.4059933650260588
Egr1,Hs3st5,1.95067934271925
Egr1,Enah,1.755898910081801
Egr1,Grid2,1.7326195547750387
Egr1,Rora,2.709223596130156
Egr1,2610316D01Rik,3.436760519115907
Egr1,P4ha1,2.467454715191137
Egr1,Kcnc2,12.0754138363874
Egr1,Dach1,4.828392716276055
Egr1,Chl1,2.4149509034301726
Egr1,Slc16a10,3.681648824019257
Egr1,Cadm2,6.182601277602114
Egr1,Fn1,1.6769607393356036
Egr1,March1,2.365665876066025
Egr1,Syt1,1.234945407729669
Egr1,Pcdh7,1.6643862462689774
Egr1,Arhgap6,1.5587745432366673
Egr1,Nlgn1,1.3931821759254472
Egr1,Grm7,4.83728088088273
Egr1,Krt18,41.85209101385159
Egr1,Adgrb3,2.637192405484877
Egr1,Zyg11b,4.107772460740783
Egr1,Arc,13.68107001104928
Egr1,Fut8,3.748196709410746
Egr1,Cacna1e,4.922993086172017
Egr1,App,4.607890663500359
Egr1,Brinp1,3.169932745939875
Egr1,March11,2.847530832765283
Egr1,Rims2,1.8607992250917864
Egr1,Chsy3,2.0673648472444253
Egr1,Zfpm2,2.4633741877333746
Egr1,Robo2,2.846253439977956
Egr1,Dlg2,2.6642186777415446
Egr1,Pak3,1.234819535111019
Egr1,Ppfia2,2.273674870269147
Egr1,Ppp3ca,1.2287548923284504
Egr1,Nr2f2,1.2424821682588325
Egr1,Plxdc2,3.1001447004150218
Egr1,Hivep2,4.258619994529892
Egr1,Egr3,13.109530765642534
Egr1,Negr1,2.090125913994126
Egr1,Hmgcs1,1.5095123386717395
Egr1,Txlng,8.621123954200671
Egr1,Tmem200a,7.677613758360757
Egr1,Znfx1,1.7199418862678328
Egr1,Celsr2,1.4567246520753774
Egr1,Foxp1,3.672091252011005
Egr1,Pcsk2,8.08497278797142
Egr1,Gria3,2.087061245804508
Egr1,Nt5dc3,3.595757127276219
Egr1,Phactr3,4.328806397444478
Egr1,Pik3r3,4.517276757714094
Egr1,Fgf14,1.2892333364827966
Egr1,Mdga2,5.884981759282205
Egr1,Far2,3.4308450457810027
Egr1,Relb,1.9595245639743
Egr1,Zc3h11a,2.629089546489477
Egr1,Akt3,2.659455747919337
Egr1,Tiparp,3.211629437142318
Egr1,Grip1,3.177054085198283
Egr1,Kcnj3,1.3027550610894136
Egr1,Pcsk1,1.723990705452171
Egr1,Stk32a,2.2496809694523323
Egr1,Map1a,9.656759238021992
Egr1,Slfn5,1.2922973275012517
Egr1,Sgcd,3.470325078512367
Egr1,Lingo2,2.8132059631951423
Egr1,Ptprr,1.73869494830784
Egr1,Plekhg1,2.71973679466488
Egr1,Nell1,1.3288729377079729
Egr1,Adarb1,2.032075635369508
Egr1,Timp3,1.9644580088014427
Egr1,Dock4,8.874336692964633
Egr1,Camk1d,18.58852676319236
Egr1,Gnas,23.748255810397247
Egr1,Nrxn1,1.444216671881638
Egr1,2610307P16Rik,6.836022959505098
Egr1,Klf6,6.790953576037337
Egr1,Tenm4,2.9473097863132005
Egr1,Ascl1,2.9249483874890414
Egr1,Ptprn,4.686699112383717
Egr1,Ptchd4,9.84191844918727
Egr1,Dab1,3.2385126207368438
Egr1,Anks1b,1.762406442679139
Egr1,Pak7,1.1299244063473473
Egr1,Chrm2,4.265755455564874
Egr1,Egflam,11.247741584662611
Egr1,Bhlhe40,1.3804893263702216
Egr1,Sox6,4.097030032792521
Egr1,Mrc2,1.4685348676141543
Egr1,Erc2,2.421655863520237
Egr1,Gria2,1.7469204737046116
Egr1,Basp1,7.348747714175146
Egr1,Nxph1,1.3219882636642657
Egr1,Itga9,2.989092544410348
Egr1,Pappa,2.1390098626541416
Egr1,Tob1,3.577014877592003
Egr1,Nwd2,1.5573549682167902
Egr1,Dse,3.555864829509518
Egr1,Dnm3,3.21227786474212
Egr1,Ptn,2.843694832937552
Egr1,Xkr4,2.255812237599407
Egr1,Inpp4b,2.818166178912525
Egr1,Ctnnd2,1.6555359261906282
Egr1,Ryr3,5.871252795768187
Egr1,Higd1a,1.803777966928616
Egr1,Lmna,13.000632132919243
Egr1,Abca5,1.9183359970288347
Egr1,Hsp90ab1,10.653689964958676
Egr1,Ptprt,11.005536561142238
Egr1,Immp2l,1.1866340919353136
Egr1,Tmsb4x,1.7357544069837596
Egr1,Cnst,5.347912007484843
Egr1,Nfib,1.8305226479149592
Egr1,Bmpr1b,5.879972380231283
Egr1,Unc13a,13.510287944522924
Egr1,Col8a1,1.3297352461817256
Egr1,Pakap,1.1721318683650204
Egr1,Mdga1,4.0043615964521
Egr1,Colgalt2,1.1753060983501753
Egr1,Serpini1,2.3118618913673195
Egr1,Tmem108,1.8120077324312187
Egr1,Porcn,1.7100687204624554
Egr1,1700113H08Rik,1.14872647446199
Egr1,Tgfb1,3.2621623665352244
Egr1,Slc4a5,1.5376003847604218
Egr1,Nr4a1,16.911260834830035
Egr1,Megf9,6.243890794909081
Egr1,Rgs16,1.6272494391475385
Egr1,Hcn1,2.228151880939605
Egr1,Hspa8,22.45027635023341
Egr1,Rorb,2.301829872635621
Egr1,Dcn,2.612419187673377
Egr1,Cdh22,8.832712375544165
Egr1,Samd5,1.973188784622864
Egr1,Apc2,3.974352898743601
Egr1,Dscaml1,6.892897142558134
Egr1,Galnt13,5.057006916504856
Egr1,Tanc2,3.210980263796964
Egr1,Dlgap1,1.4762745446508756
Egr1,Ralyl,4.949005001869634
Egr1,Sema5a,1.5974996911537909
Egr1,Grm5,4.147084082965153
Egr1,Trpc4,5.864863326225179
Egr1,Ccser1,2.6813303323725006
Egr1,Pip5k1b,1.2860866315955348
Egr1,Ptprz1,11.15755531867726
Egr1,Pam,2.191637094936137
Egr1,Ppp1r3b,3.1950024795804968
Egr1,Nol4,2.4894650196202237
Egr1,Rere,9.078521166008082
Egr1,Tmeff2,2.340775606712901
Egr1,Cacna2d1,1.590265197654647
Egr1,Klf8,1.4245458463355074
Egr1,Acsl3,3.491606751947131
Egr1,Utp14b,2.4284457876491112
Egr1,Caln1,1.1552029274118014
Egr1,Neto2,4.619907215126838
Egr1,Vgf,2.0605709000836234
Egr1,Nrcam,1.1284174990606552
Egr1,Esrrg,1.16635170535411
Egr1,Npas3,1.824835377096771
Egr1,Irs2,6.059749269735736
Egr1,9530026P05Rik,1.768300843738007
Egr1,Ldlrad4,2.9334950487107148
Egr1,Gpc6,1.2098082256211533
Egr1,Mapt,4.032282546884449
Egr1,Pcdh9,1.3755611281842164
Egr1,Eaf2,2.28573989050435
Egr1,Zbtb2,4.515488960994449
Egr1,Mob3b,1.2120620696460205
Egr1,Kif20b,2.348802677051103
Egr1,Nfe2l2,1.5382401572903688
Egr1,Khdrbs2,1.968282315596022
Egr1,Gpsm2,3.269391540099158
Egr1,Bambi,2.3397606465408263
Egr1,Fbn2,4.207066438545303
Egr1,Lin7a,1.8083908190244464
Egr1,Map1b,3.981141388723905
Egr1,Rnf24,1.2842864271860426
Egr1,Plcb1,6.3029617059018594
Egr1,Plppr1,3.646986655550277
Egr1,Fhl2,6.365305150063615
Egr1,Dclk1,2.415774537070554
Egr1,Jarid2,14.586624817783289
Egr1,Prickle1,2.854120824334203
Egr1,Pcsk5,8.87797995380043
Egr1,9530059O14Rik,1.7110813352631236
Egr1,Camta1,2.2006993048972445
Egr1,Vcl,5.533627358995481
Egr1,Kcnq3,2.0191979784822185
Egr1,Ankrd11,12.45900756528939
Egr1,Eda,1.4778899082462686
Egr1,Fstl5,2.063308777151301
Egr1,Sox11,1.2391323366715492
Egr1,Neat1,25.52787634990114
Egr1,E2f7,10.056340926110288
Egr1,Cplx2,13.54715462662024
Egr1,Tgfbr1,4.59187870667553
Egr1,Luzp1,2.284264925038456
Egr1,Csmd2,1.4295920084797045
Egr1,Sh3kbp1,1.5728807968791565
Egr1,Homer1,2.774762148858219
Egr1,Casp8ap2,18.12285661489681
Egr1,Thsd7a,1.492830739710747
Egr1,Ralgapa2,6.289056009517786
Egr1,Dstn,8.254544808259991
Egr1,Klf4,1.6922540408142848
Egr1,Fos,50.341981102298746
Egr1,Dync1i1,2.7034694498607514
Egr1,March3,2.2974870314348133
Egr1,Fbxo5,1.317128071728026
Egr1,Robo1,1.9891029429998563
Egr1,Dnajb9,4.710408790505277
Egr1,Enc1,2.164029450144327
Egr1,Glul,5.496143698199671
Egr1,Fam155a,1.4307242547850223
Egr1,Ncam2,1.6871311723198683
Egr1,Etv5,2.146144624319017
Egr1,Srrm2,27.54453971095352
Egr1,Kcnq5,1.1635996136044868
Egr1,Zfp36l1,7.825370496137433
Egr1,Prps1l3,2.3518593869750557
Egr1,Cacna2d3,3.351662499491428
Egr1,Rnd3,2.5503549686632856
Egr1,Egfr,5.388820608798066
Egr1,Ifrd1,5.3594645663613125
Egr1,Fam135b,2.407761305531593
Egr1,Fam107b,1.792447240843256
Egr1,Rbfox1,2.1307796571037025
Egr1,Prss23,1.9789765725895612
Egr1,Pitpnc1,1.832264921413389
Egr1,Gabrb1,1.878262271846473
Egr1,Tll1,1.5912532881377337
Egr1,Tspan11,2.2322171268290467
Egr1,Hgf,1.3312569773993663
Egr1,Ephb2,18.21613538005235
Egr1,Pkia,1.7644038780889533
Egr1,Palld,2.516802967676962
Egr1,Kif21a,1.1281500546334002
Egr1,Arf4,7.265336049453026
Egr1,Kcnma1,3.813321218888652
Egr1,Me1,2.6883347967493134
Egr1,Macrod2,2.8227409829951347
Egr1,Cep55,1.251718330424898
Egr1,Grin3a,2.9710958111746844
Egr1,Map3k12,4.142352760687857
Egr1,Atp6v1c2,1.614718740894854
Egr1,Lars2,20.802353677262698
Egr1,Rgs2,2.5657698895600864
Egr1,Hmgcr,1.58491482410755
Egr1,Anln,1.3660292027169183
Egr1,Cacng4,2.079723486279402
Egr1,H1f0,3.779233342807905
Egr1,Astn2,1.4935038903771796
Egr1,Otud7a,1.211435647705512
Egr1,Zkscan8,1.7739526789247513
Egr1,Sall3,1.4520608185361383
Egr1,Ppm1e,4.699943424535172
Egr1,Akap12,6.055511064635231
Egr1,Usp46,2.1994995381907434
Egr1,Def6,1.3097952302126905
Egr1,Ubb,12.620744582796396
Egr1,Piezo2,7.146270251413092
Egr1,Fam184a,4.044954217103405
Egr1,Cntn5,4.77501710219788
Egr1,Knl1,2.012495321875939
Egr1,Phactr1,6.83078672014272
Egr1,Hs6st3,1.2958458765208571
Egr1,Wwc2,1.502459738161912
Egr1,Ptgs2,3.431164145042244
Egr1,Aff3,4.790485053121116
Egr1,Jhy,3.543827447600993
Egr1,Dcc,6.23073666038743
Egr1,Nebl,3.833993139178615
Egr1,Slc24a2,2.2936391462044563
Egr1,Midn,16.45879796654328
Egr1,Plcl2,3.610922922949358
Egr1,Pclo,1.947546252552379
Egr1,Mctp2,1.8195910358317349
Egr1,Slc25a33,4.056375221950782
Egr1,Rab3b,3.698835470357521
Egr1,Gmds,2.0390778306730755
Egr1,Shisa6,1.58547815506953
Egr1,Enpp1,2.08652996958748
Egr1,Smad3,1.2612011914896644
Egr1,Elavl3,2.9325686162877243
Egr1,Meis2,2.972461480128092
Egr1,Rtn1,3.066378554633288
Egr1,Ugcg,2.240948402224726
Egr1,Zfp329,2.4953635009915462
Egr1,Tshz2,13.117315535729292
Egr1,Smc1b,8.011585273073935
Egr1,Celf2,1.6617850788962307
Egr1,Nhsl2,4.452606682042353
Egr1,Cenpf,5.853639604963482
Egr1,Stpg1,1.4164961341381468
Egr1,Mtap,2.5158952050701595
Egr1,4933406I18Rik,4.19978162065352
Egr1,Vdac3,1.4616818770892408
Egr1,Dkc1,2.45541170553697
Egr1,Tmtc1,5.537373383501253
Egr1,Pvt1,8.15468437109794
Egr1,Rest,2.5261028572591355
Egr1,Tmsb10,6.362007188486913
Egr1,Dnaja1,7.042198979310713
Egr1,Usp1,1.7193316980423157
Egr1,Svip,1.6752054145070252
Egr1,Jun,77.66073176038259
Egr1,Dst,11.882203238183337
Egr1,Chn2,1.6493872867309154
Egr1,Dmd,4.711576747995596
Egr1,Bzw2,3.649599363281384
Egr1,Cacna1a,16.522080475319502
Egr1,Fosb,21.667183333552885
Egr1,Ddit4,1.7326376635047234
Egr1,Hist1h1c,6.824595809342109
Egr1,Pde1a,1.4163279930227974
Egr1,Glt1d1,2.613272521490005
Egr1,Mtor,2.0552948352363494
Egr1,Dgkg,1.601263735265288
Egr1,Plcxd2,2.0856119271988427
Egr1,Mlf1,3.568663685100212
Egr1,Ero1l,1.659669284118544
Egr1,Sptbn4,2.034951706915465
Egr1,9330111N05Rik,2.102558203228638
Egr1,Plxna4,2.4965278070535915
Egr1,Cry1,2.1619128273219967
Egr1,Sult2b1,3.262599153077087
Egr1,Cadps2,1.857108584005741
Egr1,Phlda1,3.1430244504271965
Egr1,Jakmip2,2.4071706705173117
Egr1,Prpf4b,27.457476316458244
Egr1,Ptprj,6.969411690103359
Egr1,Lrrtm3,2.5121096627536312
Egr1,Cdc14b,1.3524509208483608
Egr1,Insc,2.665079454073192
Egr1,Eppk1,9.780248599986392
Egr1,Gbe1,2.1208510433717014
Egr1,Cntrl,6.928917199304372
Egr1,Svop,13.894331596181203
Egr1,Car8,5.187552637305762
Egr1,Btg2,76.46608256741209
Egr1,Scn2a,2.234723235912373
Egr1,Incenp,2.235564161185665
Egr1,Sftpd,2.313271647163328
Egr1,Mapk10,3.661510985040184
Egr1,Pid1,4.527760040382498
Egr1,Slc8b1,2.334226688657996
Egr1,Icam1,5.063615804171715
Egr1,5330434G04Rik,1.5379635514977423
Egr1,Foxp2,0.982909828054593
Egr1,Mtus1,0.8710613731602204
Egr1,Stxbp5l,0.5820196496166415
Egr1,Vcan,0.0626678888951503
Egr1,Meg3,0.5904872022998607
Egr1,Grm8,0.2930141924528627
Egr1,1810062O18Rik,0.8153943358737663
Egr1,Met,0.5926692986799307
Egr1,Tox,0.8264588539150558
Egr1,Fgf12,0.9697934706666947
Egr1,Ptchd1,0.6290168842580638
Egr1,Frmpd4,0.7465852826496587
Egr1,Slc4a4,0.9966155662285318
Egr1,Efna5,0.9170905456453634
Egr1,Bex1,0.3250519112749159
Egr1,Peak1,0.7533671141740956
Egr1,Etv1,0.9500460599149148
Egr1,Hecw1,1.0199731021989982
Egr1,Klhl13,1.005509991575651
Egr1,Tc2n,0.7249060873838997
Egr1,Cadm1,1.0125607430930927
Egr1,Unc5d,0.1427153280986774
Egr1,Runx1t1,0.5367400517311078
Egr1,Dock10,0.9793860014953736
Egr1,Npas2,0.5070224998762298
Egr1,Cntnap2,0.4176445525562371
Egr1,Cdh20,0.5843894801705786
Egr1,5730522E02Rik,0.8829953739724483
Egr1,Tspan7,0.8993163340243981
Egr1,Csgalnact1,1.022339843040569
Egr1,Rims1,0.9780799942640972
Egr1,Mecom,0.7501614754725854
Egr1,Dapk1,0.6855815337742165
Egr1,Ctnna2,0.9289810071779456
Egr1,Auts2,0.963829629657833
Egr1,Zfp804b,1.0478344887802329
Egr1,Il1rapl2,0.4040304045425749
Egr1,Nfia,0.3282923745548805
Egr1,Spry4,0.1299324822792281
Egr1,Chrm3,0.841770315504595
Egr1,Arhgap24,0.4132645744769128
Egr1,Rai14,0.4885994195729265
Egr1,Dnajb4,0.729272402217928
Egr1,Magi2,1.0736329112381144
Egr1,Epha5,0.4721075935626797
Egr1,Ypel5,0.7374698609741941
Egr1,Dusp5,1.0753411682132152
Egr1,Shroom4,0.7735033035979836
Egr1,Tnfaip3,0.877899822956154
Egr1,Nkain3,0.5130090484895682
Egr1,Glt28d2,0.8189140462313419
Egr1,Slc35f1,1.0248108562673877
Egr1,Grb14,1.1107371500955028
Egr1,Kcnh7,0.6548030896533878
Egr1,Fstl4,0.5745288778257817
Egr1,Por,0.4343930208541486
Egr1,Osmr,1.0405774195042723
Egr1,Cacnb2,1.096294463658796
Egr1,Pou5f1,0.7398209162241873
Egr1,Grb10,0.867703163634714
Egr1,Tmem196,0.8571292799169927
Egr1,Med7,1.082363711764467
Egr1,Ahr,0.5864626226847379
Egr1,Stk33,0.9007905725027048
Egr1,Aldh1a2,0.4157837211489472
Egr1,Grik4,0.917093878868694
Egr1,Kcnn2,0.559147305857317
Egr1,Megf11,0.8443657963974935
Egr1,Adcy8,0.276362041420755
Egr1,Tmem168,0.6616428046606976
Egr1,Rcor2,0.0637525973317318
Egr1,Pde10a,1.097012435786767
Egr1,Nrg1,0.7411180446745276
Egr1,Rbms3,1.056436811583962
Egr1,Kcnd2,0.7772769580048742
Egr1,Peg10,0.9544039620237756
Egr1,Gm16897,0.7990547274577554
Egr1,Cntn4,0.9135871973344696
Egr1,Ank2,0.1281070192604012
Egr1,Kirrel3,0.5730089508418795
Egr1,Eda2r,0.0403006356024971
Egr1,Ndrg1,0.5934840960441997
Egr1,Fzd5,0.3678178673276093
Egr1,Lepr,0.9934739068008156
Egr1,Igfbp5,0.4384756085527644
Egr1,Nrxn3,0.9635696196086724
Egr1,Sdk1,0.8461589197233405
Egr1,Ppp1r14c,0.8745228765162263
Egr1,Mgat5b,0.5967847849362466
Egr1,Clvs1,1.0418438658027669
Egr1,Nmnat2,1.1173127484161665
Egr1,Mkx,0.4465015636410823
Egr1,Stac,0.715517670347462
Egr1,Esr1,0.4128725461616545
Egr1,Pcx,0.6092610173794353
Egr1,Runx1,0.8636762685835021
Egr1,Morc4,0.951449003310839
Egr1,B3gat2,0.5042616219130588
Egr1,Lsamp,0.72920496283081
Egr1,Traf5,1.0097889721553432
Egr1,Mid1,1.0462202630980533
Egr1,Kcnab1,0.1920080011649809
Egr1,Hdac9,0.8085079388536967
Egr1,Htatsf1,0.8898825701878023
Egr1,Dusp22,0.6289922678109409
Egr1,Atp8a1,0.9127468996950224
Egr1,Fhit,0.8742158467449722
Egr1,Fras1,0.8353870219280705
Egr1,Arrdc4,0.1858567546323793
Egr1,Mgst1,0.4083873010061739
Egr1,1300002E11Rik,1.0680896905582031
Egr1,Cacnb4,0.4790509801233035
Egr1,Necab1,0.7503819676522684
Egr1,Wdr72,0.4667126347687124
Egr1,Prok2,0.6925273116153002
Egr1,Kif26b,0.0838236861904738
Egr1,D030056L22Rik,0.0866077560105187
Egr1,Dlc1,0.5096072780141446
Egr1,Ust,0.9008441863551524
Egr1,Rgs7bp,0.0767753043726808
Egr1,Gabrb3,1.007825732414963
Egr1,Ttpa,1.0682495869023934
Egr1,Dgki,1.0567131147395894
Egr1,Fat2,0.8119191814478709
Egr1,Fhod3,1.5659681084631352
Egr1,Mns1,0.7060557529186016
Egr1,Ss18,0.7460448702620543
Egr1,Cachd1,1.0831327451694075
Egr1,Sorcs1,0.9236872092695596
Egr1,Synpr,1.070325462270606
Egr1,Peg3,7.109175344824321
Egr1,Sema3e,2.2964825058103853
Egr1,Mmp24,0.9225283734442834
Egr1,Eya1,1.00999445021739
Egr1,Sowahb,0.805705163551558
Egr1,Sema7a,1.0102317340179108
Egr1,Cmc4,0.8652127118566236
Etv5,Ctsc,14.139679154018696
Etv5,Cxcl15,31.717711727078456
Etv5,Kcnc2,12.720397565928575
Etv5,Atp8a1,13.03349839449576
Etv5,Ptprz1,18.08750815954374
Etv5,Pde7b,23.9988756168417
Etv5,Trpc4,16.506234912040117
Etv5,Afap1l1,38.22670424204807
Etv5,St3gal1,11.470320060216732
Etv5,Itga9,78.41692310820054
Etv5,Ank3,21.311802063989862
Etv5,Cd36,22.75667672457773
Etv5,Epha7,8.738291819034245
Etv5,Cdh11,3.602050047937689
Etv5,Etv5,1.0
Etv5,Zeb2,4.600078796113606
Etv5,Grik2,3.4267013909131205
Etv5,Prmt8,6.216943154530695
Etv5,Msrb3,18.14472986381567
Etv5,Sgcz,4.553739725969906
Fhl2,Tanc2,4.272711750663607
Fhl2,Slc16a10,2.92643938095386
Fhl2,Rora,2.663918623533359
Fhl2,Fut8,11.97351445376106
Fhl2,Syt1,1.749485186310771
Fhl2,Stxbp5l,2.805916655609432
Fhl2,Akt3,3.2280713040143265
Fhl2,Rims2,2.7427849507749893
Fhl2,Gnas,2.7043474488318253
Fhl2,Foxp1,3.902155805944808
Fhl2,Tmem200a,1.9499755784840844
Fhl2,Grid2,3.2529634256406808
Fhl2,Prr16,3.421547217388589
Fhl2,Dab1,2.44296476811071
Fhl2,Trpc4,2.52897381041131
Fhl2,Rere,3.577427758951392
Fhl2,Ptprz1,9.012609384335242
Fhl2,Bex1,1.7896318412747023
Fhl2,Pak3,4.914975618755961
Fhl2,Kcnc2,1.9771055311485533
Fhl2,Erc2,2.18693139329942
Fhl2,Dach1,2.798443615974963
Fhl2,Dse,3.150607607545513
Fhl2,Cadm1,1.9001232499182852
Fhl2,Anks1b,1.3576329763259636
Fhl2,Basp1,7.205177535523871
Fhl2,Dll4,8.758378513542718
Fhl2,Zfpm2,6.109950693170957
Fhl2,Klf6,8.509762577306976
Fhl2,Gria2,1.1955194503463842
Fhl2,Hs3st5,1.3848853510139674
Fhl2,Mctp1,1.4528619506087206
Fhl2,Kcnj3,1.6911037159293942
Fhl2,Sema5a,2.743603966420439
Fhl2,Magi2,2.168733156516137
Fhl2,Mapt,1.324169355952063
Fhl2,Ctnnd2,2.2206805552645057
Fhl2,Pip5k1b,1.7419958127900832
Fhl2,Brinp1,3.737256409776048
Fhl2,Msn,5.9398659877523645
Fhl2,Egflam,6.688905106036783
Fhl2,Nlgn1,2.233501760767673
Fhl2,Stk32a,3.77537243456951
Fhl2,Chsy3,3.510936767855504
Fhl2,Serpini1,1.330655250443623
Fhl2,Eda,2.059836754578438
Fhl2,Fn1,11.519585294403752
Fhl2,Utp14b,1.1552341570732587
Fhl2,Pik3r3,4.874953367349336
Fhl2,Kcnma1,2.822818842173696
Fhl2,Tgfbr1,5.852697011409719
Fhl2,Sh3kbp1,7.480254160731568
Fhl2,Gpsm2,4.066949139968036
Fhl2,Tspan7,2.5166629277186696
Fhl2,Nrxn1,2.219610222426015
Fhl2,Ankrd11,3.504403047351955
Fhl2,Csgalnact1,2.6736919388224742
Fhl2,Pak7,1.2517828485918927
Fhl2,Rbpms,1.8675023717144703
Fhl2,Map1a,1.4449431825848378
Fhl2,Dlgap1,2.7783000297931317
Fhl2,Dnm3,6.747435293005089
Fhl2,Vgf,2.341719639472676
Fhl2,Map1b,8.471361058512091
Fhl2,Zyg11b,1.2177458900330451
Fhl2,Egr3,31.192132038563077
Fhl2,Chrm2,2.9750042329015858
Fhl2,Etv1,4.847762945823107
Fhl2,Xkr4,2.6758059558335376
Fhl2,Tmeff2,5.981705996768103
Fhl2,Robo1,5.40778272229263
Fhl2,Kcnq3,2.4797502106172176
Fhl2,Nkain3,3.2437357432105864
Fhl2,Errfi1,3.4292402719760937
Fhl2,Cacna2d3,2.9803642562725874
Fhl2,2610307P16Rik,6.369885818740821
Fhl2,E2f7,1.5448970023592106
Fhl2,Vcl,13.698348454735257
Fhl2,Grip1,4.532374867390127
Fhl2,Fbn2,3.0958276296208305
Fhl2,Fgf14,1.4197007500837795
Fhl2,Nrcam,3.3065036391513485
Fhl2,Efna5,2.420433274285691
Fhl2,Cplx2,1.7212257286774404
Fhl2,Dscaml1,13.956929623647374
Fhl2,Grm5,3.1869073434938318
Fhl2,Ralgapa2,9.231986553412442
Fhl2,Pappa,5.315176215913417
Fhl2,Neto2,5.463983662859921
Fhl2,Grb10,1.2236536744624296
Fhl2,Dlgap2,6.116074651750624
Fhl2,Plppr1,3.433934365065964
Fhl2,Ptprt,10.208982153556208
Fhl2,Ctnna2,1.2905145963215254
Fhl2,Dusp22,2.7009161980392453
Fhl2,Homer1,11.555158135235644
Fhl2,Rnf24,3.867067432005137
Fhl2,Pam,4.138693862190341
Fhl2,Mdga2,2.9092553835490724
Fhl2,Otud7a,10.250841501050925
Fhl2,Cacnb2,3.349623073693147
Fhl2,March11,8.820210127504248
Fhl2,Dusp5,3.454878824127462
Fhl2,Ugcg,6.202607130655059
Fhl2,Anln,1.2935597764475917
Fhl2,Rab3b,4.061259472924708
Fhl2,Nrg1,1.1370336101551208
Fhl2,Kcnab1,1.207032912798382
Fhl2,Adcy8,1.4667705254716557
Fhl2,Phactr1,4.611357095057828
Fhl2,Pcsk2,3.398176517896918
Fhl2,Pbx1,3.553955119138936
Fhl2,Gbe1,9.531868879759504
Fhl2,Meis2,6.252368757507547
Fhl2,Uty,3.103795528963221
Fhl2,Ppm1e,1.13997632599319
Fhl2,Ptn,1.8760122320606625
Fhl2,Zc3h11a,1.3948228351626342
Fhl2,Sorcs1,3.362575108651127
Fhl2,Necab1,2.463756982918515
Fhl2,Ephb2,17.969769204944225
Fhl2,Abca5,1.7446289300724582
Fhl2,Plcl2,1.8393197347732424
Fhl2,Malt1,4.254445847865218
Fhl2,Cdc14b,1.9814401305482383
Fhl2,Kcnq5,5.701203000173697
Fhl2,Hcn1,3.4355511464834576
Fhl2,Aff3,1.6569914888887567
Fhl2,Cd44,3.469447408064002
Fhl2,Pitpnc1,1.5164047187391327
Fhl2,Hgf,3.038105968552676
Fhl2,Ogfrl1,1.8699388907980912
Fhl2,Dlg2,2.88599813427473
Fhl2,Rorb,7.506200923856366
Fhl2,Col8a1,2.5169588879099565
Fhl2,Slc2a13,3.1048216346564006
Fhl2,Rerg,1.37968667505673
Fhl2,Unc5c,1.2948367969709411
Fhl2,Ptchd4,4.285562786220245
Fhl2,Peg10,1.3444982829927532
Fhl2,Palld,9.754469913574104
Fhl2,Sox6,3.071654385131609
Fhl2,Enc1,2.5357125018470548
Fhl2,Zbtb10,1.420806553963855
Fhl2,Pid1,3.0368127190355287
Fhl2,Gmds,1.7624028509589815
Fhl2,Cnst,2.2305891443466743
Fhl2,Pgk1,2.7452654475222604
Fhl2,Igfbp5,5.793217258935299
Fhl2,Plcb1,4.272017184992378
Fhl2,Stk33,1.776658393605711
Fhl2,Astn2,4.178208734070575
Fhl2,Cacng4,4.402008237659723
Fhl2,Kcnd2,1.1408171686906892
Fhl2,Fhl2,1.0
Fhl2,Ppfia2,2.535846016200076
Fhl2,Washc2,3.418143810438105
Fhl2,Nol4,1.9115972692629384
Fhl2,Clip2,10.179328351085378
Fhl2,Lingo2,2.5223539157668253
Fhl2,Mest,11.5737495152158
Fhl2,Cdh20,2.471749232121517
Fhl2,Cntn4,1.5797886368820089
Fhl2,Fam107b,2.1533113230957417
Fhl2,Mitf,1.46511462085717
Fhl2,Enpp1,23.09417096886348
Fhl2,Kcnip2,1.5158592803537383
Fhl2,9530059O14Rik,1.2002805643922148
Fhl2,Ttpa,4.485476608619773
Fhl2,Cacna1c,1.1628462371754107
Fhl2,Itga9,7.992212824456764
Fhl2,Grin3a,1.7893846232494532
Fhl2,Snca,1.0013466970474216
Fhl2,Lrrc4c,0.1958402182581854
Fhl2,Vcan,0.5728693209824867
Fhl2,Cntnap2,0.3243089488723916
Fhl2,Grm8,0.140313861266538
Fhl2,Sema3d,0.6330725343663643
Fhl2,Klhl13,0.5725843064051723
Fhl2,Dkk2,0.9373930411410136
Fhl2,Il11,0.4732782883911964
Fhl2,Chl1,0.6387838402997849
Fhl2,March1,0.1874092768015216
Fhl2,Pcdh7,1.026591271723211
Fhl2,Kcnn3,1.92430490465259
Fhl2,Grm7,0.3032700924226764
Fhl2,Adgrb3,0.841857094472669
Fhl2,Arc,0.3762215532982576
Fhl2,Cacna1e,0.6997907198363955
Fhl2,Lsamp,0.7144349917491938
Fhl2,Rims1,0.6854236328838205
Fhl2,Robo2,1.090746994330707
Fhl2,Ptchd1,0.5981556511149289
Fhl2,Dock10,0.2567668065689921
Fhl2,Ppp3ca,0.5446609576595579
Fhl2,Lmcd1,3.224806679016431
Fhl2,Ccdc33,0.2740418664876265
Fhl2,Lama2,1.602391832040463
Fhl2,Ntrk3,1.4948169536971174
Fhl2,Phactr3,0.7357047694687645
Fhl2,Far2,1.352885231165742
Fhl2,Aldh1a2,0.0934088449303743
Fhl2,Pcsk1,3.0486069046948487
Fhl2,Has1,4.2534305572761575
Fhl2,Ptprr,5.291437293269693e-05
Fhl2,Nell1,1.0680245360873233
Fhl2,Rgs7bp,0.2509248377806851
Fhl2,Adarb1,5.386587222380864
Fhl2,Timp3,2.4688904217062797
Fhl2,Tenm4,11.99479192414889
Fhl2,Ascl1,1.9115064835273463
Fhl2,Ptprn,17.68894603295917
Fhl2,Lef1,0.0237661406309292
Fhl2,Tmem45b,1.7006893034087194
Fhl2,Nxph1,3.821110672566237
Fhl2,Lmna,1.1559565059881856
Fhl2,Unc13a,5.908271898220808
Fhl2,Fgf12,1.0082098618802513
Fhl2,Mdga1,3.501215933535006
Fhl2,Colgalt2,2.825503609245488
Fhl2,Runx1t1,0.9678821742027154
Fhl2,Ptpro,0.4976586255512658
Fhl2,Synpr,1.0098748272299267
Fhl2,Prickle2,3.4674529305922146
Fhl2,1700113H08Rik,0.1006432012581024
Fhl2,Grm1,0.1198387496057903
Fhl2,Tgfb1,3.788204086675954
Fhl2,Nr4a1,0.8123752931429061
Fhl2,Megf9,5.440588965966128
Fhl2,Rgs16,0.2494608859107284
Fhl2,Dcn,4.001510578648212
Fhl2,Cdh22,0.9346549650803068
Fhl2,Samd5,19.064197270721447
Fhl2,Plcxd3,1.2679152120768449
Fhl2,Jakmip2,7.365190730810337
Fhl2,Syt4,4.132762939019456
Fhl2,5330434G04Rik,0.3767272879960158
Fhl2,Fzd5,0.162739947504179
Fhl2,Adamts18,3.731569915052568
Fhl2,Scn7a,2.1637300024176893
Fhl2,Grik4,0.7794910348467791
Fhl2,Lrrtm3,0.7401819076601927
Fhl2,Tll1,0.1682838818108971
Fhl2,Traf5,0.3763726695021588
Fhl2,Map3k12,0.8361600492709946
Fhl2,Prlr,9.260048604796276
Fhl2,Npas3,0.133947314476351
Fhl2,Gria1,4.955719092965135
Fhl2,Ralyl,0.1156424549832078
Fhl2,Pou5f1,0.1301590513323032
Fhl2,Tnfrsf11b,0.7765762836386356
Fhl2,Tmem132d,3.1346802463725023
Fhl2,Slc9a9,2.190597030075522
Fhl2,Frmd3,2.6532865547714937
Fhl2,Caln1,2.720292422057687
Fhl2,Serpinb12,1.7387001857478352
Fhl2,Tnc,0.5999789384806661
Fhl2,Slco6d1,2.40076064935526
Fhl2,Grik2,0.0329434117961711
Fhl2,Acss3,1.1286221696800962
Fhl2,Maml2,0.8875210575099406
Fhl2,Plekhg5,0.3707127665511149
Fhl2,Csmd2,0.3891388798815732
Fhl2,1700109H08Rik,1.1216123079317202
Fhl2,Scn2a,0.941681573097327
Fhl2,Lin7a,4.663227703992359
Fhl2,Kcnh1,4.963211071152912
Fhl2,Limch1,5.498047579953823
Fhl2,Ttc9,0.2352489125583573
Fhl2,Cdh18,1.1073037373354613
Fhl2,Dgki,2.5166003721029613
Fhl2,Fst,0.4027360229290498
Fhl2,Megf11,0.9801859051665288
Fhl2,Eda2r,1.0939621479446855
Fhl2,Tshz2,8.29843957830412
Fhl2,Ikzf4,0.8078201707116918
Fhl2,Pde10a,0.0260250878904379
Fhl2,Myo3b,0.2885184281102259
Fhl2,Frmpd4,0.8345496885852222
Fhl2,Glt1d1,2.0306833363124
Fhl2,Agbl4,0.7113800918469588
Fhl2,Oog4,0.4736693023002817
Fhl2,Clvs1,4.543950957110613
Fhl2,Sult2b1,8.325554805132748
Fhl2,Syn1,17.626192639141998
Fhl2,Tob2,5.577341221041671
Fhl2,Pamr1,8.388562469289614
Fhl2,Jhy,0.7912005810737911
Fhl2,Lrrc9,7.011576947850464
Fhl2,Rtn1,0.7102520050745602
Fhl2,Prkca,5.549491938826821
Fhl2,Ddc,0.4080099221658404
Fhl2,Lmod2,0.4212358528625159
Fhl2,Itga6,9.786203059633698
Fhl2,Shisa6,2.520716087737923
Fhl2,Piezo2,3.7248726009374473
Fhl2,Thbs2,0.9279596822176012
Fos,Midn,22.36460090944454
Fos,Gphn,25.177799759998653
Fos,Egr3,4.239638760034751
Fos,Camk1d,39.26147118291895
Fos,Tiparp,4.72511472506039
Fos,Eps8l1,3.627397566226281
Fos,Hsp90ab1,3.5680557653016383
Fos,Zbtb2,5.334400166183512
Fos,Klf4,6.779000175051658
Fos,Tgfb3,8.099982375187896
Fos,Zfp36l1,9.255810916784016
Fos,Dll4,7.255805828863227
Fos,Malat1,24.11411312280551
Fos,Nkx2-2,3.607263026066896
Fos,P4ha1,12.975049530030203
Fos,Emp1,6.91892663254534
Fos,Srrm2,19.701168438887244
Fos,Hspa8,10.798208712200134
Fos,Lmx1b,29.059078300986865
Fos,Dgkg,5.019336678593374
Fos,Fam13a,3.545359522041015
Fosb,Gphn,3.8847129425827664
Fosb,Tnfaip3,4.627940331358512
Fosb,Zbtb10,5.676273920642392
Fosb,Ptgs2,5.502189533488269
Fosb,Serpine1,21.05609831872322
Fosb,Camk1d,5.2882383678986935
Fosb,Lmcd1,14.126377901768084
Fosb,Nfkbiz,20.53070010237145
Fosb,Arf4,9.094059981976365
Fosb,Timp3,6.33641280024104
Fosb,Cyp4b1,10.92235447440286
Fosb,Cd74,5.7854772264442085
Fosb,Lonrf3,4.981692319843152
Fosb,Cckar,5.614698654296348
Fosb,Gja1,3.5045653853955265
Fosb,Lmna,29.095498469309334
Fosb,Smox,5.902629020687093
Fosb,Dnah7b,4.970267477866416
Fosb,Gprc5a,15.665052731760012
Fosb,Chst15,2.4137898657271526
Fosb,Cxcl16,21.377286522708804
Fosb,Syt6,2.4609273101662508
Fosb,Jun,45.90017108138916
Fosb,Tiparp,10.638061639941665
Fosb,Pdlim2,15.46881535691094
Fosb,Slc25a33,9.04793607597936
Fosb,Swt1,46.011120647255325
Gata3,Gata3,1.0
Gata3,Nkx2-2,1.5992984827490948
Gata3,Grin2b,5.52136093842406
Gata3,Sox9,5.634896756717561
Gata3,Chrm3,10.168820596233338
Gata3,Cdh11,1.2978904236216289
Gata3,Sox5,1.3451378050661558
Gata3,Emp1,4.503183617390796
Gata3,Zfp521,8.744595979707734
Gata3,Rmst,4.968483778898196
Gata3,Tmsb4x,8.65348324136492
Gata3,Gja1,9.081542929587403
Gata3,Mpped2,12.746963426723912
Gata3,Ackr3,2.263518193070128
Gata3,Edn1,4.95751876025681
Gata3,Ar,1.247563894150049
Gata3,Bmp5,2.753414217586933
Gata3,Pax7,2.9374649756571967
Gata3,Plxdc2,1.2243609121843422
Gata3,Scnn1a,1.1353502870894852
Gata3,Ppargc1a,2.5748939795512595
Gata3,Klk11,7.708144257260685
Gata3,Trpm3,3.7729425241837458
Gata3,Sox4,2.5533015418300766
Gata3,Nptx1,3.301838117644309
Gata3,Kitl,2.8579398797139826
Gata3,Arhgap6,1.122157991927296
Gata3,Adh7,5.555680020476206
Gata3,Cckar,1.8893093694784
Gata3,Tiparp,4.157536674641701
Gata3,Esrrg,0.0054000786626159
Gata3,Tcf7l2,0.5211160727830945
Gata3,Bcl2,0.7699645182497937
Gata3,Esr1,0.3138943544722
Gata3,Adamts1,0.0511569513038601
Gata3,Nhsl2,0.927143383527012
Gata3,Fzd5,0.6267283297307198
Gata3,Nrp2,0.5780363320054502
Gata3,P3h2,0.4408632808210152
Gata3,Igfbp7,0.5944680768709156
Gata3,Ebf3,0.593001451050823
Gata3,Pde7b,0.2937141037462912
Gata3,Rarb,0.6972581338362224
Gata3,Fgf18,0.3324120811249413
Gata3,Mgst1,1.0669882994910131
Gata3,1700054A03Rik,0.6091227764140603
Gata3,Has1,0.1199963064685507
Gata3,Zfp804a,0.8128771622292565
Gata3,Tcaf2,0.2631754354681985
Gata3,Rnf150,2.1668022432552143
Gata3,Tc2n,3.2952852197881213
Gata3,Dclk1,1.8853157658553452
Gata3,Anxa3,3.0559127423589096
Gata3,Clu,1.2147731331237306
Gbx1,Top2a,13.636257101479686
Gbx1,Nell2,0.0635295421695002
Gbx1,Kctd14,10.679692340946357
Gbx1,Srgn,0.991265963183432
Gbx1,Slc45a1,11.175897560907783
Gbx1,Ptcra,0.5478318093225105
Gbx1,Prokr2,1.0585590560225848
Gbx1,Sh2d3c,0.6598460991092191
Gbx1,Mis18bp1,12.957240812462194
Gbx1,Ntrk3,1.7996318535043991
Gbx1,Aspm,10.850732184764455
Gbx1,Kif23,15.332255516815897
Gbx1,Gbx1,1.0
Gbx1,Slc35d1,11.933782724094948
Gbx1,Lmod1,7.885078961505446
Gbx1,Acer1,1.2388965546866817
Gbx1,Pnpla1,0.3693419201707683
Gbx1,Iqgap3,15.893219228902712
Glis3,Lmx1b,3.67067481583187
Glis3,Nfix,1.258122591891463
Glis3,Col8a1,2.539124916007802
Glis3,Chl1,3.8067165896926607
Glis3,Hs3st5,2.502750840642132
Glis3,Syt1,6.805989125413875
Glis3,Rnd3,1.5566919690952932
Glis3,Tcf7l2,5.440151698711869
Glis3,Cald1,8.842175692946364
Glis3,Bcl2,1.530126569290921
Glis3,Creb5,2.2728703046714247
Glis3,Etv1,3.466079759723005
Glis3,Snca,5.184422936653427
Glis3,Aff3,2.848986612660117
Glis3,Ntrk3,2.703812031072851
Glis3,Ahnak,1.1978658150245265
Glis3,Dach1,10.840363129100428
Glis3,Nlgn1,3.704633873586066
Glis3,Shisa6,19.655082194169488
Glis3,Ccnd2,16.097425674683763
Glis3,Stk32a,1.956431111574436
Glis3,Chrm3,6.6179863347813255
Glis3,Hcn1,3.7381900050871137
Glis3,2610307P16Rik,9.000063610600504
Glis3,Pak3,2.579040293473275
Glis3,Rbms3,9.37846846155524
Glis3,Malat1,35.31163074381651
Glis3,Sox5,5.383528126717079
Glis3,Nrxn3,24.554477956884494
Glis3,Met,4.768306338134449
Glis3,Smad7,7.664225789610391
Glis3,Dmrt2,4.253769216844592
Glis3,St3gal1,6.700394986395387
Glis3,Shroom4,3.612589355503004
Glis3,Palld,3.111212245150992
Glis3,Vegfa,3.5129316066460965
Glis3,Frmpd4,8.163455832799693
Glis3,Naaladl2,5.574494919296625
Glis3,Pbx1,8.82147914214271
Glis3,Kcnma1,4.67440321586268
Glis3,Pcsk2,14.780895814787124
Glis3,Onecut2,3.7499583727278414
Glis3,Timp3,6.262670822118131
Glis3,Zfp521,3.49480513818942
Glis3,Prr16,5.580743208352854
Glis3,Igfbp5,3.4498541960199374
Glis3,Mid1,1.62849900132491
Glis3,Ppfia2,1.6892880972723054
Glis3,Tgfb3,2.7364433405743367
Glis3,Celf4,2.0288623813688607
Glis3,Gja1,1.247559347665116
Glis3,Nfib,3.490262820734479
Glis3,Cadm1,5.200132212698224
Glis3,Tenm4,5.198616503985514
Glis3,4930523C07Rik,3.9269469491363855
Glis3,9530036O11Rik,5.6913786135187925
Glis3,Plcxd3,2.8729220905081383
Glis3,Kirrel3,1.3598678182123187
Glis3,Clstn2,1.6562672012847892
Glis3,Skap1,2.3734914640342746
Glis3,Nhsl2,4.712241923187664
Glis3,Bmpr1b,2.081343106934147
Glis3,Prkg1,1.14594733035791
Glis3,Pde4b,2.2301219571399
Glis3,Magi1,2.069500091657586
Glis3,Fn1,12.01204574782577
Glis3,Erc2,13.457516429213417
Glis3,Stox2,1.5540381827231828
Glis3,Large1,10.515418726312744
Glis3,Vgf,1.6659654863444158
Glis3,Abtb2,4.351382182637112
Glis3,Samd4,3.428657047845426
Glis3,Srrm2,11.233629412835691
Glis3,Fgf14,2.1350010521260505
Glis3,Cdh13,1.9932219727426372
Glis3,Ntm,1.674511886254132
Glis3,Sftpd,4.409012450809032
Glis3,Nedd9,5.912930491297361
Glis3,Slit2,1.9462589516942368
Glis3,9530026P05Rik,13.386671424222603
Glis3,P4ha1,6.623605947381593
Glis3,Camk1d,6.714464683001704
Glis3,Rora,14.226446946115535
Glis3,St3gal4,26.17974580904283
Glis3,Runx1,2.3851542183275454
Glis3,Trpc4,11.64153746223215
Glis3,Grem2,2.1767301297024955
Glis3,Tmem29,3.988312189417401
Glis3,Nr2f2,1.1261051580615489
Glis3,Fhit,5.796034974829126
Glis3,Ptpn13,1.1412616079336295
Glis3,Ptn,1.1915749157263489
Glis3,Rasgef1b,2.6330781130261185
Glis3,Zfp36l1,4.103728001164262
Glis3,Dpp6,1.6670620556725115
Glis3,Prdm1,2.570557759929264
Glis3,Tgfbr1,1.1423116529157826
Glis3,Plxdc2,6.485063085763096
Glis3,Sema6a,1.22401189607292
Glis3,Scnn1a,2.0156094185522178
Glis3,Pde7b,1.856024987293302
Glis3,Ndrg1,3.1541897562294032
Glis3,Celf2,3.9750672698845184
Glis3,Btc,3.4754577171343097
Glis3,Ptprg,4.551296486263702
Glis3,Itga5,1.6270575320552372
Glis3,Sox6,1.269470350814151
Glis3,Cacna2d1,3.269851561366092
Glis3,Tgfbr3,1.8791829443282937
Glis3,Dlc1,1.6141661385339137
Glis3,Dlgap1,4.66444624524056
Glis3,Calca,4.284658288800699
Glis3,B3gat2,8.050097815191052
Glis3,F5,12.831212589550516
Glis3,Hgf,2.989601124097344
Glis3,Mdga2,2.734425647618745
Glis3,Klhl13,4.281027167458705
Glis3,Slfn9,1.478202911259876
Glis3,Glis3,1.0
Glis3,Trpm3,1.9803643865746972
Glis3,Pakap,3.7251208972998766
Glis3,Ptk2b,5.934777576238083
Glis3,Car2,2.0332170746094973
Glis3,Kcnc2,4.849414840024877
Glis3,Pde4d,2.583864510481434
Glis3,Tcerg1l,1.835657703430679
Glis3,Stxbp5l,9.47584295351276
Glis3,Ephb2,13.576818395646152
Glis3,Basp1,4.857394168049735
Glis3,Cyp26b1,7.801003309182646
Glis3,Maml2,4.347629605199866
Glis3,Crim1,3.799788227196855
Glis3,Hivep2,6.621426442107616
Glis3,Tanc2,6.447530134723164
Glis3,Slc4a4,28.58804377882165
Glis3,Pam,4.757520708249404
Glis3,Efna5,8.929372395483684
Glis3,Errfi1,3.7024207452435913
Glis3,App,5.428726031752848
Glis3,Chsy3,9.330349319728809
Glis3,Ankrd11,9.127636958169154
Glis3,Ldlrad4,28.758187733738072
Glis3,Txlng,7.937776145090919
Glis3,Bhlhe40,5.88816390831906
Glis3,Ppp3ca,4.241689445826928
Glis3,Nxph1,12.28239217063448
Glis3,Pip5k1b,8.755027528291333
Glis3,Clip4,9.447349583052112
Glis3,Inpp4b,9.394947741185575
Glis3,Jarid2,14.47544453460389
Glis3,Ahr,27.198481722069573
Glis3,E2f7,3.712718617207822
Glis3,Dach2,6.452889229276976
Glis3,Cited2,5.127145399304215
Glis3,Ypel5,4.458825059662818
Glis3,Ptchd4,11.934077530711782
Glis3,Grip1,7.27628130269369
Glis3,Tmem168,5.690819367515834
Glis3,Kif21a,7.184196702903895
Glis3,Prpf4b,5.857034819409381
Glis3,Xkr4,6.911101304116008
Glis3,Dstn,4.304204559926352
Glis3,Ralgapa2,23.484093287626795
Glis3,Ptprz1,13.481055411253394
Glis3,March3,5.243451886721312
Glis3,Me1,13.598688540336182
Glis3,Lrrc8c,12.139662193323248
Glis3,Lyn,14.080512737335011
Glis3,Samd5,4.341449349463315
Glis3,Fstl4,4.436672561615329
Glis3,Atp8a1,4.850308268930427
Glis3,Grb10,3.96277525940871
Glis3,Plcb1,4.858552251877192
Glis3,Ptprk,26.41754743238648
Glis3,Fam107b,14.33349544536754
Glis3,Arhgap6,3.595262587646767
Glis3,Klf6,7.072408800529612
Glis3,Fam155a,4.801516446090133
Glis3,Vcl,10.894347100590965
Glis3,Pard3b,3.527476223396804
Glis3,Phldb2,3.985238601905126
Glis3,Shroom3,4.253501512215148
Glis3,Polr3d,6.1567210015313165
Glis3,Cacna1e,4.955084581587469
Glis3,Egflam,9.067788601747289
Glis3,Ncam2,10.819354116872098
Glis3,Airn,14.313734698611407
Glis3,Lhfp,9.01587657046976
Glis3,Nwd2,7.105044418022206
Glis3,Lurap1l,3.8585488913510937
Glis3,Itpr2,9.879641747539187
Glis3,Rbpms,8.433632597728169
Glis3,Kcnh7,10.456915435078448
Glis3,Osbpl3,13.191466237058874
Glis3,Sftpb,4.15173186328692
Glis3,Serpini1,10.086522338236335
Glis3,Nebl,6.376294220186676
Glis3,Msn,5.471281850207528
Glis3,Hsp90ab1,4.275618285466871
Glis3,Malt1,8.247840385387695
Glis3,Farp2,10.92977393768262
Glis3,Ctsc,9.441687407694015
Glis3,Rbm47,4.274571151939242
Glis3,Ptprt,5.796560888995836
Glis3,Fam102b,3.8828815635421625
Glis3,Col25a1,5.998504462085671
Glis3,Clic4,5.303983203795503
Glis3,Dscaml1,5.9363668401844585
Glis3,Kcnh1,12.931159029009397
Glis3,Otud7a,5.482819516001667
Glis3,Tmtc1,5.9354364590952855
Glis3,Rbfox1,5.100154772759176
Glis3,Lpp,6.1200078722692215
Glis3,Tmem108,8.330271305586226
Glis3,Dpyd,7.312964729499267
Glis3,Anxa2,4.275179347858092
Glis3,Ptgs2,4.408363020261079
Glis3,Nedd4l,5.693018684161096
Glis3,Nmnat2,4.872364405160832
Glis3,Msmo1,6.470326932236339
Glis3,Ltbp1,4.960248400906384
Glis3,Ttpa,5.458427001536476
Glis3,Swt1,4.480037146536289
Glis3,Cradd,4.19982076961352
Glis3,Mcc,6.726116539195511
Glis3,Chrm2,6.406427220414117
Glis3,Ntn1,6.430770206141322
Glis3,Tchh,5.186052033642524
Glis3,Cxadr,15.76765930897095
Glis3,Rps23,4.768033031562894
Glis3,Itga9,4.127794434645784
Glis3,Mfhas1,11.971001689626918
Glis3,Odc1,10.367586145330003
Glis3,Peg3,10.114398515522485
Glis3,Myof,10.096829116397686
Glis3,Nhs,15.436001857127298
Glis3,Fam129a,10.10411944289256
Glis3,Neat1,15.66343410366138
Glis3,Vcan,0.1437449970095692
Glis3,Meis2,0.9687837413827708
Glis3,Nkx2-2,0.7875486723797941
Glis3,Sema3d,1.0111006306649584
Glis3,Esrrg,0.2569678980832435
Glis3,Sox9,0.8717599498030658
Glis3,Ryr3,0.9678440024155872
Glis3,Sema6d,0.6762197126811011
Glis3,Plp1,0.0565156265920602
Glis3,Ntng1,0.0601151570111047
Glis3,Erbb4,0.2441502843509924
Glis3,Cntnap2,0.4129672611565374
Glis3,Ccdc33,1.0655645003180378
Glis3,Steap4,0.0081102532666974
Glis3,Rorb,0.9805212642709776
Glis3,Emp1,1.0465273936016737
Glis3,Plppr1,0.3358973217161421
Glis3,Sema3e,0.4375476854488505
Glis3,Nfia,0.8365836624873378
Glis3,Cdh20,0.424823337929255
Glis3,Ppp1r14c,1.0476957088150154
Glis3,Esr1,0.9426119715637584
Glis3,Rmst,0.9673170131919412
Glis3,Mecom,0.813842635091713
Glis3,Camta1,0.953966534237664
Glis3,Mpped2,0.5828118342226799
Glis3,Nrxn1,0.3212075062863085
Glis3,Brinp1,0.2349538413422624
Glis3,Ackr3,0.4132426131332619
Glis3,Edn1,0.2861238529109391
Glis3,Zyg11b,0.7635585456534343
Glis3,Slit3,1.0235365978996191
Glis3,Galnt13,0.41159225344145
Glis3,Alk,0.5703559806317392
Glis3,Adamts6,0.819005858991031
Glis3,Thbs2,0.9658607869555406
Glis3,Bmp5,0.8213424502787691
Glis3,Nrp2,1.0775431756582017
Glis3,Cacnb2,0.5036364632284466
Glis3,Igfbp7,0.7965844878483552
Glis3,Ebf3,0.3593336660011013
Glis3,Etv5,0.6597050022875341
Glis3,Arhgap28,0.0519776295944897
Glis3,Ppargc1a,1.0050317135424431
Glis3,Nckap5,1.0377186357144397
Glis3,Ptpro,0.9798127794693164
Glis3,Hecw1,0.9111471549619344
Glis3,Kcnn3,0.9322563696076016
Glis3,Grik2,0.1829559451179614
Glis3,Fgf12,0.8137877517087316
Glis3,Rarb,0.9815023448910836
Glis3,Rara,0.959485945973193
Glis3,Ptger4,0.1562185561823261
Glis3,Meis1,0.2136802078001111
Glis3,Mob3b,0.7999928031115394
Glis3,Rims2,0.678642308247675
Hnf4g,Lmx1b,1.8778243852848
Hnf4g,Foxp2,31.70513520987576
Hnf4g,Tcf7l2,1.1934656997982322
Hnf4g,Ryr3,1.6187475765918466
Hnf4g,Bcl2,2.690875877252875
Hnf4g,Sema6d,2.937947501148415
Hnf4g,Etv1,8.322539790091689
Hnf4g,Il1rapl2,1.184082718568993
Hnf4g,5330434G04Rik,1.8113828456353995
Hnf4g,Pak3,1.95676546984874
Hnf4g,Sox5,1.907268170665506
Hnf4g,Nrxn3,3.734178320330012
Hnf4g,Prr16,2.804523993259027
Hnf4g,Mid1,1.6311231569797549
Hnf4g,Lhx9,2.93292549075125
Hnf4g,Cadm1,2.726932327774049
Hnf4g,Grid2,1.4519713467684108
Hnf4g,Ackr3,1.233378684884903
Hnf4g,Zyg11b,3.2140321392721347
Hnf4g,Galnt13,3.671979431287972
Hnf4g,Trpc4,7.697722908174533
Hnf4g,Gria3,4.805548408191986
Hnf4g,Celf2,1.4701569214378936
Hnf4g,Sox6,1.9422639733863925
Hnf4g,B3gat2,4.713954575885289
Hnf4g,Hgf,2.202646697132104
Hnf4g,Glis3,1.846228013441637
Hnf4g,Kcnc2,4.061894381085045
Hnf4g,Opcml,1.884615461312703
Hnf4g,Alcam,1.447279668030116
Hnf4g,Pigr,1.2718804469562373
Hnf4g,Wnt5b,2.4485227926391024
Hnf4g,Pkia,17.872859100267192
Hnf4g,Dnah7b,1.1706282195671582
Hnf4g,Prickle2,15.322832258143857
Hnf4g,2410017I17Rik,4.15905140387942
Hnf4g,Fras1,1.9049976143719412
Hnf4g,Rnf150,2.232573559715666
Hnf4g,Tc2n,2.3693207755239327
Hnf4g,Fam135b,3.183381207895077
Hnf4g,Clvs2,2.2082756687383496
Hnf4g,Epha4,1.6421628943301958
Hnf4g,Anxa3,1.3361421862600371
Hnf4g,Plod2,5.934793359897477
Hnf4g,Tenm3,4.485442501185102
Hnf4g,Prmt8,7.023188001550969
Hnf4g,Pappa,8.506054002555215
Hnf4g,Stpg1,2.817113735365583
Hnf4g,Kcnip4,7.171847722715304
Hnf4g,Tgfb2,4.882222804020976
Hnf4g,1300002E11Rik,6.597987214473285
Hnf4g,Gfra1,10.637114724078089
Hnf4g,Tnfaip2,10.038567720065275
Hnf4g,Meis2,0.2438175947720824
Hnf4g,Esrrg,0.0195480412050405
Hnf4g,Creb5,0.5913637089433161
Hnf4g,Cdh11,0.4361558828100179
Hnf4g,Rorb,0.3868175874356991
Hnf4g,Robo2,0.5342710206977698
Hnf4g,Naaladl2,0.9555700857898308
Hnf4g,Plcxd3,0.7582709486254062
Hnf4g,Mef2c,0.6343122939179376
Hnf4g,Alk,0.0677678673418294
Hnf4g,Samd4,0.4995213241028936
Hnf4g,Grem2,0.9878660749160846
Hnf4g,Scnn1a,1.103076782266272
Hnf4g,Nckap5,0.3207071124649435
Hnf4g,Pex5l,0.6638632578186615
Hnf4g,Unc5c,0.0438747313555577
Hnf4g,Rarb,0.6160171223297471
Hnf4g,Calca,0.7277344392808379
Hnf4g,Meis1,0.4293942481541912
Hnf4g,F5,1.095519341772898
Hnf4g,Mob3b,0.458276816970274
Hnf4g,Crim1,0.6693816990571078
Hnf4g,Sorbs2os,0.2984457588020009
Hnf4g,Ptchd4,0.7443016480709072
Hnf4g,Nxph1,0.9113720260101252
Hnf4g,Plpp3,0.3406509644952435
Hnf4g,Vtcn1,1.0880441172640642
Hnf4g,1700113H08Rik,0.3214831955238491
Hnf4g,Corin,0.4815132163442463
Hnf4g,Gabrb3,0.779583367003729
Ikzf2,Nfix,8.253277960704947
Ikzf2,Foxp2,5.689032077146401
Ikzf2,Tcf7l2,20.21100405759124
Ikzf2,Sox9,3.5583129846489205
Ikzf2,Bcl2,17.46217397086045
Ikzf2,Ahnak,20.7505678415646
Ikzf2,Chrm3,14.691110578472529
Ikzf2,Rbms3,23.30493248142943
Ikzf2,Sox5,23.367994090496857
Ikzf2,Met,7.896014906322778
Ikzf2,Smad7,11.973081841183394
Ikzf2,Shroom4,11.979504968892876
Ikzf2,Vegfa,9.134737440374796
Ikzf2,Naaladl2,10.876559279958602
Ikzf2,Pbx1,4.160778157294062
Ikzf2,Nfia,20.929445328556717
Ikzf2,Onecut2,5.581447201961883
Ikzf2,Zfp521,37.24382469115245
Ikzf2,Ppp1r14c,15.83283692769329
Ikzf2,Esr1,7.987070245085253
Ikzf2,Rmst,4.655300941873698
Ikzf2,Mecom,29.51903343383335
Ikzf2,Tmsb4x,8.563991553251505
Ikzf2,Mpped2,4.660444332531827
Ikzf2,4930523C07Rik,6.848333001013863
Ikzf2,Kirrel3,14.36570764819277
Ikzf2,Nhsl2,5.86773978429378
Ikzf2,Bmpr1b,7.011042475841605
Ikzf2,Pde4b,14.546839791818654
Ikzf2,Magi1,23.772875388866197
Ikzf2,Stox2,23.233541673096543
Ikzf2,Large1,15.31199575142054
Ikzf2,Samd4,9.49182520877968
Ikzf2,Bmp5,15.797364339012276
Ikzf2,9530026P05Rik,11.55526357772286
Ikzf2,P3h2,13.500044070494107
Ikzf2,Runx1,13.439316087635042
Ikzf2,Nr2f2,12.02243019444875
Ikzf2,Ptpn13,14.846366429324306
Ikzf2,Rasgef1b,5.568418096588978
Ikzf2,Zfp36l1,11.540915339086482
Ikzf2,Plxdc2,14.772522194884951
Ikzf2,Sema6a,4.879308399978355
Ikzf2,Scnn1a,11.772241157632385
Ikzf2,Ppargc1a,4.090992730859995
Ikzf2,Nckap5,25.458837286765736
Ikzf2,Celf2,6.230619196336344
Ikzf2,Rarb,11.562827882869849
Ikzf2,Rara,4.748391804305151
Ikzf2,Dlc1,14.77425973462184
Ikzf2,Prdm16,6.692987505999691
Ikzf2,Trpm3,6.392270131389962
Ikzf2,Mob3b,13.11955050997689
Ikzf2,Pde4d,14.77871205257935
Ikzf2,Maml2,13.412144329806326
Ikzf2,Crim1,9.68497800384348
Ikzf2,Kitl,8.802834022662434
Ikzf2,Fam13a,4.445824492425893
Ikzf2,Chn2,13.74791982223492
Ikzf2,Dpyd,10.998595832799722
Ikzf2,Plxna4,12.340835823814803
Ikzf2,Mgst1,17.461448997109027
Ikzf2,Arhgap31,14.38830735678262
Ikzf2,Alcam,14.514828721047625
Ikzf2,Msn,6.23263378769258
Ikzf2,Hes1,4.328449417505792
Ikzf2,Flnb,6.2721969929927806
Ikzf2,Dnah7b,7.643601636296998
Ikzf2,Mdfic,14.563018973826605
Ikzf2,Zfp804a,8.088130803404253
Ikzf2,Arhgap6,5.342632651983365
Ikzf2,Vtcn1,5.678375568816628
Ikzf2,Rnf150,3.576580856143054
Ikzf2,Tc2n,19.184880617261044
Ikzf2,Dclk1,6.855691032211375
Ikzf2,Epha4,14.829967577570692
Ikzf2,Eya2,17.13306966517939
Ikzf2,Anxa3,4.963020797955278
Ikzf2,Clu,8.477337231604373
Ikzf2,Col23a1,9.61167429412682
Ikzf2,Cry1,3.955875596476283
Ikzf2,Airn,5.55334481701178
Ikzf2,Mkx,4.5867845465131705
Ikzf2,Nedd4l,19.55836551426498
Ikzf2,Atp11a,18.731806210116986
Ikzf2,Ntrk2,13.353367953244854
Ikzf2,Npas2,6.64150973504018
Ikzf2,Hivep2,5.860017070683774
Ikzf2,Itgb6,13.426025544611392
Ikzf2,Ltbp1,16.61480027572504
Ikzf2,Adamts6,2.1209737581481667
Ikzf2,Grem2,2.717964821685178
Ikzf2,1700123O12Rik,3.264073695655547
Ikzf2,1700054A03Rik,0.9001024748127162
Ikzf2,Sema3c,1.386348843700559
Ikzf2,Arhgap24,12.352099610279213
Ikzf2,Ctnna3,0.247278651076963
Ikzf2,Ikzf2,1.0
Ikzf2,Coq8a,3.634955167636736
Ikzf2,A1bg,5.860470663195628
Ikzf2,Slco2a1,5.636009911691917
Ikzf2,Zfp804b,7.974658956418549
Ikzf2,Ifi204,3.1479960710774457
Ikzf2,Adamtsl1,9.138766972166795
Ikzf2,Hopx,8.285254863513924
Ikzf2,Fmo3,7.885384029428566
Ikzf2,Xdh,40.285924629853504
Ikzf2,Ppp2r2b,10.876868818701864
Ikzf2,Adarb2,8.900121863344296
Ikzf2,Gprin3,17.499466314736157
Ikzf2,Mir99ahg,18.862078365055694
Ikzf2,Clip4,10.089126684555238
Ikzf2,Rad51b,16.109065742912055
Ikzf2,Gm15987,0.1740491119854224
Ikzf2,B430010I23Rik,10.483357402190515
Ikzf2,Sema3a,19.412683642339324
Ikzf2,Wdr72,11.53109288012196
Ikzf2,Panct2,9.42200955870321
Ikzf2,Slco4c1,8.276508652372192
Ikzf2,Nectin3,21.11789733086837
Ikzf2,Lpp,32.25521736571728
Ikzf2,Mtg1,1.08232848411708
Ikzf2,Ap1s3,28.01173780366235
Ikzf2,Abca8a,3.8783544670299146
Ikzf2,Gata3,2.265227900933728
Ikzf2,Nkx2-2,1.9074141204597528
Ikzf2,Rnd3,0.1596164429488552
Ikzf2,Esrrg,0.1328674132642475
Ikzf2,Grin2b,1.5930676164237398
Ikzf2,Creb5,2.9935371393656007
Ikzf2,Ccnd2,0.3713863791380696
Ikzf2,Erbb4,1.220773336979847
Ikzf2,2610307P16Rik,1.3730878310314645
Ikzf2,Dmrt2,0.2953084223617116
Ikzf2,St3gal1,2.1458083569538458
Ikzf2,Mid1,2.809523808268968
Ikzf2,Gja1,2.34993173167061
Ikzf2,9530036O11Rik,2.710551612465248
Ikzf2,Ackr3,1.232753846120621
Ikzf2,Edn1,0.8448516228028873
Ikzf2,Zyg11b,0.7012007413175599
Ikzf2,Slit3,2.4469886975034543
Ikzf2,Ar,2.778700158593572
Ikzf2,Alk,0.1577300135343065
Ikzf2,Nrp2,2.6961569330206485
Ikzf2,Slit2,2.120256036853266
Ikzf2,P4ha1,1.6528683146243444
Ikzf2,St3gal4,2.430376102612517
Ikzf2,Igfbp7,1.1885090961649274
Ikzf2,Tmem29,1.9477851921475868
Ikzf2,Fhit,1.0902504796263248
Ikzf2,Ebf3,3.2194369504634888
Ikzf2,Cadm2,2.564592074993933
Ikzf2,Pde7b,1.0748284362510958
Ikzf2,Btc,2.0654705094808063
Ikzf2,Ptprg,3.1414875203640973
Ikzf2,Sox6,0.6787009450740111
Ikzf2,Hpgd,1.7227349710938504
Ikzf2,Ctnnd2,1.1930971381023767
Ikzf2,Glis3,1.359986541833322
Ikzf2,Pakap,2.439469963633805
Ikzf2,Prlr,1.4551815599700288
Ikzf2,Car2,2.1433318944731576
Ikzf2,M1ap,0.880734755242084
Ikzf2,Rassf2,2.200092750311496
Ikzf2,Fgf18,0.1330327250966251
Ikzf2,Cyp26b1,0.6011134260077993
Ikzf2,Lonrf3,1.684828379276737
Ikzf2,Sorbs2os,1.3199154111183635
Ikzf2,Plpp3,0.9723649069472856
Ikzf2,Auts2,1.7423859704899662
Ikzf2,Zbtb7c,1.2712585801851803
Ikzf2,Pigr,1.670944884974405
Ikzf2,Amotl2,1.618371998467747
Ikzf2,Tcaf2,0.6255071971659384
Ikzf2,2410017I17Rik,1.0901661835381522
Ikzf2,Ptgs2,0.7332493509457064
Ikzf2,Foxp1,0.7594753992437129
Ikzf2,Napsa,1.2727796059102257
Ikzf2,Nebl,1.0025503340087676
Ikzf2,Osmr,6.3437667806379485
Ikzf2,Gadd45g,3.1305597668495917
Ikzf2,Aldh1a1,1.0650072817808227
Ikzf2,Plod2,0.4446701394712112
Ikzf2,Plekha8,1.3859890504973305
Ikzf2,Bmp2,0.6831451561567684
Ikzf2,Epha7,0.1959359208737523
Ikzf2,Immp2l,0.4970755745453092
Ikzf2,Ngef,4.989454044225334
Ikzf2,Sik1,2.2167585305895097
Ikzf2,Prmt8,1.9779257273124675
Ikzf2,Cachd1,5.971362273871404
Ikzf2,Kcnk2,2.737455835073488
Ikzf2,Tnip3,0.0261040126030144
Ikzf2,Pbx3,1.2957155601983703
Ikzf2,Atp10b,0.5505882827510923
Ikzf2,Stpg1,1.604771392297026
Ikzf2,Dmd,6.688016641689806
Ikzf2,Slc6a14,2.3719700381212183
Ikzf2,Inpp4b,4.882253800540783
Ikzf2,Gsap,6.904239719459121
Ikzf2,Arl6ip5,1.2521816260591885
Ikzf2,Phldb2,6.213219553586121
Ikzf2,Sdc4,3.832648727476569
Ikzf2,Zfp329,0.9346869606733994
Ikzf2,Col6a3,1.071329282506004
Ikzf2,Cd44,2.7748180810232737
Ikzf2,Itga2,4.876624498268981
Ikzf2,Slco1a5,3.4043410444475857
Ikzf2,Klf4,0.5667483193333107
Ikzf2,Npr2,2.580579759009584
Ikzf2,Eps8l1,0.9909560027777942
Ikzf2,Tnfaip2,0.4997184606937146
Ikzf2,Rai14,6.899306079494028
Ikzf2,Gprc5a,1.3997357033771345
Ikzf2,Epha1,0.3967903354884066
Ikzf2,Pmepa1,1.5653244915603304
Ikzf2,Lrp2,0.0339528331477316
Ikzf2,Nwd2,1.9449595050663449
Ikzf2,Nfe2l2,1.54888241664521
Ikzf2,Lrrc8c,2.31103966981804
Ikzf2,Cyp4b1,2.192566657138272
Ikzf2,Kcnq1ot1,1.0959264382719478
Ikzf2,Atp2c2,3.3998876507146405
Ikzf2,Cadps2,0.7636160847099648
Ikzf2,Bnc2,0.2384553373465113
Ikzf2,Stambp,0.87142478760296
Ikzf2,Cnot7,1.5232667469937209
Ikzf2,Celsr2,2.0661766172998064
Ikzf2,Htr4,7.062942072933735
Ikzf2,Rgma,1.518304920493721
Ikzf2,Arf4,2.468042310358312
Ikzf2,9330111N05Rik,0.271174289907554
Ikzf2,Tmprss2,3.4764525040584484
Ikzf2,Pfkfb1,1.2316902787536896
Ikzf2,Col4a2,6.658905020421423
Ikzf2,Tchh,0.4741164818565922
Ikzf2,Tspan8,2.3989828188973195
Ikzf2,Cldn18,5.744273110818794
Ikzf2,Dstn,1.1100134177287762
Ikzf2,Sec14l2,0.1077098728047835
Ikzf2,Chst9,3.3296007902928952
Ikzf2,Prdx4,1.284283586339282
Ikzf2,Lrriq1,0.2643560502744153
Ikzf2,Cd36,0.0626933755652161
Ikzf2,Slc5a3,0.9123831540806832
Ikzf2,Pard3b,25.88497909602353
Ikzf2,Ppara,0.4264924472872434
Ikzf2,1810062O18Rik,1.6617663938030456
Ikzf2,Ccser1,1.9928732560533784
Ikzf2,Osbpl3,1.9809393298398923
Ikzf2,Csrp1,0.81138432743065
Ikzf2,Agmo,18.77802952546628
Ikzf2,Dock8,14.59161729790402
Ikzf2,Cnst,1.6783124128694085
Ikzf2,Lama5,0.9183958154381506
Irf8,Nefm,6.431843324778119
Irf8,Eif3c,60.64520917197989
Irf8,2610307P16Rik,0.7977587943053387
Irf8,Npas4,1.3259538061473657
Irf8,E2f7,3.39150440524872
Irf8,Wdr53,0.8504971020838529
Irf8,Cacna1i,1.824096565101976
Irf8,Tmem132c,5.152548476788303
Irf8,Egr4,5.479877983542398
Irf8,Tob2,11.078087944478026
Irf8,Spp1,0.6739714356259319
Irf8,Mycn,3.485599708425599
Irf8,Prss23,0.3133003674666019
Irf8,Egr3,1.6465268881319353
Irf8,Gpc6,3.0540904074745923
Irf8,Mafb,0.1146850084536717
Irf8,Ntn1,4.0879117383818855
Irf8,Slc16a1,0.5139388963983362
Irf8,Pfkfb3,0.3075773243662151
Irf8,Mboat1,10.353042647005465
Irf8,Egln3,0.9809733733270416
Irf8,Mdga1,1.6031638435584945
Jun,Gphn,56.60855520654744
Jun,P4ha1,5.014440136902758
Jun,Zbtb2,9.05746504672342
Jun,Tiparp,8.658621761571357
Jun,Hspa8,52.63310098572735
Jun,Hs3st5,5.371886462177472
Jun,Srrm2,68.57786338327243
Jun,Fn1,3.861649330411909
Jun,Mrc2,8.37065477845843
Jun,Klk11,4.593712806165721
Jun,Bhlhe40,10.207719062760374
Jun,Eps8l1,9.76144000695773
Jun,Erbb4,3.53842327172733
Jun,Brd2,12.56531832345328
Jun,Celsr2,11.847813473197029
Jun,Elavl3,3.783459694458195
Jun,Camk1d,98.54630715436625
Jun,Zfp36l1,19.61980037147036
Jun,Sox21,17.590317429747355
Jun,Nr4a1,12.51519886541195
Jun,Map1b,8.347515512882847
Jun,Lin7a,4.222065182180272
Jun,Midn,16.07699920351113
Jun,Sult2b1,4.195326652553246
Jun,Luzp1,4.521708417550938
Jun,Serpini1,3.6468946042080894
Jun,Grip1,3.9610969385973447
Jun,Unc13a,6.405212306825679
Jun,Map1a,7.886692016638438
Jun,Fos,97.26623878394146
Jun,Slc4a5,6.722828935285872
Jun,Maml2,5.951828823243046
Jun,Arf4,16.634166581496718
Jun,Egr3,7.332597493212212
Jun,Acsl3,3.589228940718413
Jun,Utp14b,23.822450729362973
Jun,Hivep2,13.313040749380532
Jun,Mapt,9.282147462242111
Jun,Muc4,9.885329848792589
Jun,Timp3,11.517958827112947
Jun,Bmpr1b,15.748447570163243
Jun,Cnst,8.009999463271907
Jun,Jarid2,76.18014431253506
Jun,Pdlim2,4.93352761529289
Jun,Syt4,4.532247236181912
Jun,Enc1,6.881306108988398
Jun,Akap12,17.912333413870286
Jun,Vcl,17.340036006383563
Jun,Ldlrad4,4.270796324345968
Jun,Gadd45g,4.186736605065147
Jun,Tgfb3,8.753229160784214
Jun,Anxa3,8.751804336292409
Jun,Il1rapl1,11.536778432800356
Jun,Gpsm2,16.739458045077384
Jun,Errfi1,10.309923029419751
Jun,Cplx2,8.746940153940887
Jun,Rbpms,6.743838483149864
Jun,Pcsk5,6.53060547129664
Jun,Nupr1,10.394565865816269
Jun,Tgfb1,13.755863729755454
Jun,Hsp90ab1,48.445073831401736
Jun,Eda2r,3.943188178409868
Jun,Cdh22,8.674465829813402
Jun,Csrp1,10.694992149764472
Jun,Pigr,5.255780015626482
Jun,Dnaja1,29.84443355438504
Jun,Bach1,5.994114541824155
Jun,Gnas,22.858038266937665
Jun,Peg10,17.855491311089523
Jun,Samd5,4.326036699739796
Jun,Celf4,5.675973861095784
Jun,Cldn18,4.613714362043074
Jun,Cd74,16.760128345572934
Jun,Sox4,20.662974718732677
Jun,Txnip,22.51880517246857
Jun,Jun,1.0
Jun,Pvt1,4.047864491650552
Jun,Btg2,20.698904340252323
Jun,Cacna1a,6.099116287384279
Jun,Cntrl,26.63719750319081
Jun,Slc16a10,6.3463396805100105
Jun,Rnf24,3.9969266672423727
Jun,Uty,18.6693901105927
Jun,Klf6,26.172305256398737
Jun,Lmna,16.163528559819227
Jun,Rnf20,18.32100191630376
Jun,Znfx1,8.281897094019367
Jun,Gria2,11.279276782146146
Jun,Rexo1,17.043396591077855
Jun,Arl6ip5,20.86669069734716
Jun,Casp8ap2,21.97531089951269
Jun,Serpine1,16.415872007576468
Jun,Hspa2,2.628339614967939
Jun,Dync1li1,13.369063008476926
Jun,Rpl35,11.49544598967308
Jun,Slc5a3,8.35050633012648
Jun,Slc25a21,1.1981259257337211
Jun,Nfkbiz,29.39311429109693
Jun,Ddit4,5.885735901591009
Jun,Sik1,12.197755117180908
Jun,Lmx1b,18.49719829893592
Jun,Tnfrsf12a,6.022826492857706
Jun,Tex14,3.2296277282317427
Jun,Psg19,16.24856319349411
Jun,Prdm1,17.35075158058215
Jun,Htatsf1,5.530423025087457
Jun,Ralgds,5.239806975644398
Jun,Ankrd11,45.17766946878044
Jun,Ackr3,4.071535464449914
Jun,Rptn,3.777681861414632
Jun,Tacc2,21.926294932466018
Jun,Krt18,28.73637153110196
Jun,Fosb,40.99239394599093
Jun,Hspe1,15.526477489662588
Jun,Sowahb,2.637043794379138
Jun,Zfp622,7.58641855989097
Jun,D130009I18Rik,25.15204631970705
Jun,Lonrf3,19.69597564152007
Jun,Bag3,8.396144577011812
Jun,Cxcl16,13.605874094867332
Jun,Fank1,0.3997792582251987
Jun,Tnfaip3,5.475395496559603
Jun,Casp4,20.116339526303104
Jun,Dst,17.424808168837256
Jun,Pfkfb3,4.148518399392735
Jun,Nfkbia,9.70106313094988
Jun,Cxcl1,1.6222086497552863
Jun,Ddx54,7.282064646313237
Jun,Cxcl2,2.476362828407565
Jun,Scd1,8.232787022218476
Jun,1700123O12Rik,0.7761538721823661
Jun,Cxcl10,1.974586893479726
Jun,Osbpl7,17.311211212683006
Jun,Aldh1a1,11.013723218333434
Jun,Ptges,9.413873490817426
Jun,Slc6a14,3.010405717750792
Klf4,D130009I18Rik,2.2353538955424503
Klf4,Nefm,15.794230073676747
Klf4,Trf,2.9637635013495927
Klf4,Epas1,1.16728118598774
Klf4,Ccnb1ip1,6.70490385094302
Klf4,Eif3c,1.9395514113166763
Klf4,Onecut2,1.935164936868338
Klf4,Insig1,5.666859297306114
Klf4,Csf3r,4.627766237312738
Klf4,Lepr,1.967033656004782
Klf4,Dock8,1.9625984224724329
Klf4,Sall3,1.1228207009203046
Klf4,Hmgb2,4.1416630975949404
Klf4,Hist1h4d,1.2569135743472573
Klf4,Ero1l,3.508879650327104
Klf4,Mfsd2a,7.666177874765139
Klf4,Aspa,1.324537272843889
Klf4,Gnas,5.469117500738402
Klf4,1810010H24Rik,2.2813670069648166
Klf4,Hes1,6.662414256547906
Klf4,Tnfaip3,2.6062777469664278
Klf4,Cdkal1,7.476666456665492
Klf4,Muc5b,1.715451834746181
Klf4,Zrsr1,3.016372349091269
Klf4,Hsp90aa1,9.555859160605031
Klf4,Stard6,6.103962530991747
Klf4,Atp2c2,4.7946398409686335
Klf4,Kitl,1.686768865810386
Klf4,Npas2,1.4963331763212466
Klf4,Luzp1,2.05244788065808
Klf4,Rarb,1.1561357198236526
Klf4,Bmpr1b,2.2413291018173256
Klf4,Pigr,2.1053869351650687
Klf4,Ppp1r15a,1.8514539418792384
Klf4,Wwox,9.32597310364756
Klf4,Fosb,2.071011214415793
Klf4,Pde4b,2.0870571408539123
Klf4,Dnajb1,3.4085075668606835
Klf4,Tnfaip2,5.698249689371477
Klf4,Bsg,2.4036008304337977
Klf4,Tob1,15.619805394954684
Klf4,Bach1,1.4643418316623096
Klf4,Fbxo5,3.761216405609346
Klf4,Fkbp4,2.120501159969334
Klf4,Art4,2.9448327887757886
Klf4,Anxa1,2.789176770420018
Klf4,Usp46,1.2665570361873018
Klf4,Hirip3,1.2254053196022778
Klf4,Higd1a,2.2685204549709788
Klf4,Bhlhe40,1.2822742132253389
Klf4,Efna1,1.125459253755009
Klf4,Dync1li1,14.146618795503134
Klf4,Emp1,1.8252653539742685
Klf4,Tgfbr1,2.914841573160327
Klf4,Tas1r2,2.9448327887757886
Klf4,Casp4,1.6285743038556886
Klf4,Gnl2,1.567915914336095
Klf4,Jarid2,7.6119400547033695
Klf4,Manba,2.908351653741275
Klf4,Gphn,2.1192174203240097
Klf4,Neurod1,1.2833253814456818
Klf4,Pdpn,5.61254100301631
Klf4,Plk2,1.6836105215140948
Klf4,Gdpd4,1.4356591777718684
Klf4,2410017I17Rik,1.3746481057159117
Klf4,Ltbp1,1.1319000425084844
Klf4,Ngf,8.085945986798976
Klf4,Rps27,4.11405493425255
Klf4,Lonrf3,3.887502106632588
Klf4,Abcc3,1.9626002321472524
Klf4,Trim17,1.5686475548360037
Klf4,Large1,5.9723004148489975
Klf4,Rpl34,1.4869005667633612
Klf4,Cited2,1.4893300144668606
Klf4,Brd2,2.318248183299332
Klf4,A630023A22Rik,1.7605071196627275
Klf4,Gm16796,7.803563381735615
Klf4,Cry1,3.5425946949582245
Klf4,Utp14b,7.07729353100004
Klf4,Peak1,4.741005366853731
Klf4,Rgs2,12.150654917948843
Klf4,Gpsm2,4.773950720110428
Klf4,Hmgn5,10.525564632524327
Klf4,Klf4,1.0
Klf4,Por,3.8533964974145496
Klf4,Rnf24,6.7151934653165615
Klf4,Hsp90ab1,17.25749018961729
Klf4,Stpg1,8.909693088444671
Klf4,Tbx15,22.105176959061776
Klf4,Mafb,9.163891811460868
Klf4,Ubc,6.924796167436828
Klf4,Nop56,5.902425671030819
Klf4,Btc,18.918435690193174
Klf4,Scn7a,15.328973424644586
Klf4,Jun,11.83605453267254
Klf4,Anxa10,11.671505692059585
Klf4,Myc,0.3799703406717344
Klf4,Fat4,0.1954184170708668
Klf4,Rpl28,0.9397800775954578
Klf4,Mob3b,0.3092563706711558
Klf4,Has1,0.1941770002247467
Klf4,Hist1h1c,0.7349619155647681
Klf4,Adamtsl1,0.8370816696946247
Klf4,Adm,0.4968415780273584
Klf4,Utp23,0.0731216813570446
Klf4,Aox1,1.0747489572595283
Klf4,Gadd45g,1.0471389000725848
Klf4,Ormdl3,0.4139333294491935
Klf4,Parm1,0.077912859693073
Klf4,Rilpl2,0.6300647931519134
Klf4,Meis1,0.8207220706586971
Klf4,Morc4,0.5681205750804256
Klf4,Rps25,1.0176200597019138
Klf4,Pgk1,1.0685009991048655
Klf4,Trim69,0.023625637068272
Klf4,Arhgap24,0.3957654630414132
Klf4,Nkain2,0.3268837434048318
Klf4,Rassf9,0.6260445813584516
Klf4,Ralgds,0.7178444126156738
Klf4,Fat2,0.9605946064612564
Klf4,Clip4,0.5185370025967635
Klf4,Cdx2,0.0041413276531359
Klf4,Hspa1b,0.8541260328275608
Klf4,Trmt10c,0.2361490923673762
Klf4,Rexo1,1.979275421675111
Klf6,Ctsb,16.919148351989033
Klf6,Neat1,15.097885777409973
Klf6,Zfp36l1,13.527323138928262
Klf6,Jun,29.54191991263053
Klf6,Mcc,12.801874272149742
Klf6,Hspa8,18.33769823080383
Klf6,Cd200,11.760909739583129
Klf6,Rasgef1b,12.702393739136827
Klf6,Gata3,1.3192270275832587
Klf6,Chl1,5.959741321167123
Klf6,Hs3st5,0.7048537501106931
Klf6,Rnd3,10.153395964137507
Klf6,Foxp2,1.734495721521583
Klf6,Tcf7l2,0.3424335681245069
Klf6,Ryr3,0.6085165120559815
Klf6,Bcl2,0.4354840613933604
Klf6,Creb5,1.73583748379255
Klf6,Ahnak,0.6474260418386998
Klf6,Nlgn1,0.4197338281328355
Klf6,Ntng1,0.1659751929966697
Klf6,Lingo2,1.6495390499757494
Klf6,Chrm3,5.760531127649189
Klf6,Hcn1,0.6559205858397152
Klf6,2610307P16Rik,1.1291578065897458
Klf6,Pak3,0.8959985814793988
Klf6,Steap4,2.57745175941936
Klf6,Rbms3,0.8309533160801731
Klf6,Sox5,0.5434442127843933
Klf6,Rorb,2.6238158351924965
Klf6,Emp1,1.3703887010292228
Klf6,Flrt3,0.4889276453400133
Klf6,Met,1.1381382495282848
Klf6,Shroom4,0.5818234651260331
Klf6,Palld,1.3046205540896854
Klf6,Frmpd4,2.237510008363373
Klf6,Pbx1,0.9094555454914302
Klf6,Sgcd,10.983466702966652
Klf6,Timp3,32.98381197014259
Klf6,Grm5,0.3439130646900969
Klf6,Zfp521,2.604799772759461
Klf6,Esr1,0.318367170517064
Klf6,Rmst,2.753295958008341
Klf6,Tmsb4x,1.268108092562586
Klf6,Gja1,4.351004669201027
Klf6,Nrxn1,0.3479362581907917
Klf6,4930523C07Rik,2.910374577237363
Klf6,Plcxd3,1.798746200016072
Klf6,Skap1,0.4210483764864523
Klf6,Brinp1,0.2514372104657181
Klf6,Bmpr1b,1.4117118969224738
Klf6,Pde4b,1.79177845237487
Klf6,Edn1,56.18698718214355
Klf6,Map1b,1.2983591721776049
Klf6,Magi1,0.9094926452976152
Klf6,Neurod1,1.0288295824175977
Klf6,Fn1,2.405309881654163
Klf6,Gnas,5.164173126011444
Klf6,Erc2,0.9553810233799658
Klf6,Abtb2,5.445734341568104
Klf6,Samd4,0.284587284425877
Klf6,Srrm2,3.719892953781887
Klf6,Adamts6,0.3425016591132717
Klf6,Fzd5,0.4634954695158167
Klf6,Ntm,3.666476015333899
Klf6,Sftpd,1.3104884978167612
Klf6,Bmp5,1.3360481539200284
Klf6,Nedd9,4.251912946523136
Klf6,Slit2,0.6424849022357589
Klf6,9530026P05Rik,0.8326424497983183
Klf6,P3h2,0.486200806370861
Klf6,Trpc4,0.8621383504984742
Klf6,Igfbp7,0.9106944570999488
Klf6,Grem2,0.2748793726657434
Klf6,Nr2f2,0.5005100620765399
Klf6,Ptpn13,0.193137175919861
Klf6,Prdm1,1.642065614452445
Klf6,Etv5,0.4113285653418487
Klf6,Homer1,5.980496339454285
Klf6,Nefm,0.0398494014160152
Klf6,Tgfbr1,2.686945925635934
Klf6,Arhgap28,0.7774188994085554
Klf6,Egr3,8.35998582940906
Klf6,Scnn1a,3.0117152258307063
Klf6,Nckap5,0.3954161537432604
Klf6,Kcnn3,1.5640475602649977
Klf6,Nrg1,1.780065535341781
Klf6,Rarb,1.350313865670022
Klf6,Rara,0.8261686787834721
Klf6,Dlc1,0.7537600887550552
Klf6,Insc,1.2565600667269912
Klf6,Dlgap1,1.7449356718144982
Klf6,Calca,0.5487969400134777
Klf6,Slfn9,4.529893042011536
Klf6,Glis3,6.44468326210123
Klf6,Pakap,3.800125840032384
Klf6,Sox4,12.896437185305013
Klf6,Kcnc2,0.6702410081113627
Klf6,Stxbp5l,0.4647628897661972
Klf6,Rassf2,0.6211549368396111
Klf6,Basp1,2.953654234595154
Klf6,Maml2,0.7613746980674756
Klf6,Midn,2.8229044304170343
Klf6,Kitl,3.784330516516792
Klf6,Fam13a,4.639850214647359
Klf6,Hsd11b1,0.1617903923435407
Klf6,Tgfb1,3.584883864573755
Klf6,Ddit4,0.5078554886372105
Klf6,Prickle1,0.7915170506145243
Klf6,Btg2,10.716804599223083
Klf6,Nxph1,1.5848776832417
Klf6,Efnb2,5.661605420674775
Klf6,Slc1a3,1.9568622569694416
Klf6,Grb10,3.6111765233410975
Klf6,Tnc,0.0748804941167077
Klf6,Msn,8.358129168138607
Klf6,Dkk2,3.651929289506004
Klf6,Pigr,1.6765526576812486
Klf6,Gem,2.698018672259584
Klf6,Hes1,5.66944001295612
Klf6,Flnb,2.0051615330996024
Klf6,Grm7,0.7923642303767142
Klf6,Enah,1.1856106824647676
Klf6,Pkia,1.0578844205129754
Klf6,Pcdh9,0.9943489998163184
Klf6,Ikzf4,2.0912849875535398
Klf6,Dcn,1.5082402839700773
Klf6,Vtcn1,2.7854833794557115
Klf6,Tcaf2,0.3370311548321533
Klf6,Nfkb2,2.740784982682148
Klf6,Hist1h2bc,0.1842714273658189
Klf6,Fhl2,10.26527566961098
Klf6,Ptgs2,5.750205026551173
Klf6,Eya2,1.1208460153318205
Klf6,Anxa3,10.323969455464622
Klf6,Ngf,2.916346114805856
Klf6,Clu,13.61731540179538
Klf6,Nebl,0.7930824902071286
Klf6,Lmna,4.548068689852065
Klf6,Sprr1a,2.151626502803488
Klf6,Gadd45g,7.575237586349415
Klf6,Aldh1a1,2.564271126085308
Klf6,Bmp1,5.251571251616288
Klf6,Phlda1,5.484535988190001
Klf6,Bmp2,5.198279291022939
Klf6,Bach1,4.087936417642202
Klf6,Epha7,0.9899925692489546
Klf6,Tll1,10.59720662458242
Klf6,Asic2,4.983182679788821
Klf6,Hbegf,3.011561476403386
Klf6,Esr2,0.1392441092858687
Klf6,Rgs4,8.225401782583871
Klf6,Cachd1,1.163655037963926
Klf6,Kcnk2,1.7760335653282815
Klf6,Calcb,2.141784324406641
Klf6,Tnip3,0.0227690376195299
Klf6,Arhgap24,0.7120494539032852
Klf6,Atp10b,0.418663864181614
Klf6,Ikzf2,0.4306919507768195
Klf6,Kcnj3,0.8078018232377722
Klf6,Fgfbp1,0.0325980085619776
Klf6,Tmsb10,1.008434877633941
Klf6,S100b,1.041811390387756
Klf6,Dmd,0.8024706724825251
Klf6,Slc8a1,0.3661452748605462
Klf6,Slco2a1,1.173321451009266
Klf6,Zfp804b,0.3748518906248013
Klf6,Enc1,0.4579155730878935
Klf6,Sox11,1.889243171396314
Klf6,Muc4,0.8787918558682628
Klf6,Arl6ip5,1.6206530138078403
Klf6,Nr1d1,5.2596180620247575
Klf6,Tanc2,1.215973664864385
Klf6,Nfkbiz,8.820397046694428
Klf6,Adamtsl1,0.6545440024023602
Klf6,Sdc4,20.88652483567328
Klf6,Cd44,5.941507547080796
Klf6,Hopx,2.083858822399972
Klf6,Vcl,19.083605186830383
Klf6,Hivep2,1.8054740546011596
Klf6,Itga2,2.7192496845746104
Klf6,Serpini1,1.6275406347954855
Klf6,Mctp1,2.0295650914339203
Klf6,Ppp2r2b,1.2169707245145465
Klf6,Fstl4,0.3072337900916037
Klf6,Klf4,2.124124781688924
Klf6,Ncam2,0.6205600599966459
Klf6,Anxa1,29.137820975806147
Klf6,B230216N24Rik,0.6023526854821319
Klf6,Chsy3,3.564257514834917
Klf6,Tnfaip2,3.744781274589291
Klf6,Art4,0.0135370319735861
Klf6,Sema5a,0.8336858572039315
Klf6,Gprc5a,10.161560476128642
Klf6,Nhs,1.7133232457001202
Klf6,Pamr1,0.8054704171367547
Klf6,Stat4,1.0943814839877135
Klf6,Pmepa1,2.134196378019549
Klf6,Nwd2,1.0201771871663918
Klf6,Nusap1,4.482134129840279
Klf6,Otud7a,0.536094515953543
Klf6,Atf3,39.32872096849067
Klf6,Nfe2l2,22.711644837271088
Klf6,Lrrc8c,8.54183738172654
Klf6,Cyp4b1,9.313604964239865
Klf6,Mir99ahg,1.3818896217652303
Klf6,Atp2c2,1.83186056706262
Klf6,Itga6,4.066707113237045
Klf6,Rad51b,1.2045079650381527
Klf6,Ccbe1,0.0445494143905569
Klf6,March11,1.0584973476134607
Klf6,Irs2,1.9086185214440377
Klf6,Itga9,4.503097143023364
Klf6,Hmgcs1,0.655555707956453
Klf6,Slc16a10,2.277731101571273
Klf6,Car8,1.9800933352229173
Klf6,Adarb1,1.898226737834214
Klf6,Relb,4.760351863758603
Klf6,Krt18,25.51144580698913
Klf6,Glt1d1,0.9923484796786674
Klf6,Incenp,1.3343874619225355
Klf6,Klf6,1.0
Klf6,Zc3h11a,1.4183004333134404
Klf6,Bnc2,0.1935238470221952
Klf6,Tob1,1.0545516337536498
Klf6,Pid1,1.5762895619787964
Klf6,Plekhg1,1.3627861048480647
Klf6,Arc,1.1551540415110837
Klf6,Mapt,3.1890861673760376
Klf6,Icam1,19.486870760900835
Klf6,Xkr4,0.5239525233736493
Klf6,E2f8,3.1994510437499706
Klf6,Bach2,3.4653279924498057
Klf6,Osgin1,2.104815208326263
Klf8,Snca,3.320381509683485
Klf8,Prr16,3.9160975033547714
Klf8,Hs3st5,1.1349724360323863
Klf8,Enah,2.6813984725678397
Klf8,Grid2,1.950246118034024
Klf8,Sema3d,7.086424838873957
Klf8,2610316D01Rik,1.1446757303170865
Klf8,Klhl13,3.9289755056464655
Klf8,Gria4,1.5097883632474571
Klf8,Kcnc2,1.3075367685401869
Klf8,Dach1,6.706476133700869
Klf8,Chl1,4.895292588543506
Klf8,Cadm2,1.3345034242213876
Klf8,Pcdh7,2.7629993639075066
Klf8,Stxbp5l,1.4925140224947446
Klf8,Nlgn1,3.3919463858444767
Klf8,Grm7,1.5782236863044783
Klf8,Svop,2.723751450645296
Klf8,Auts2,1.8995655484722376
Klf8,Dlg2,1.7832577558465863
Klf8,Slc35f1,2.6965595505634434
Klf8,Gria2,2.7610085821745702
Klf8,Sema6d,1.2939970776350584
Klf8,Akt3,1.71638168678671
Klf8,Chsy3,5.947678369529587
Klf8,Grm5,1.7350621449578385
Klf8,Incenp,1.3987535412958712
Klf8,Magi2,2.52930601039806
Klf8,Mapk10,7.258939076465015
Klf8,Acsl3,1.2752548935375008
Klf8,Nrg1,1.236434924876744
Klf8,Csgalnact1,2.397664370785464
Klf8,Utp14b,20.44967265278864
Klf8,Pappa,2.4992046869005544
Klf8,Mapt,3.7666272776958634
Klf8,Xkr4,2.0529515290406124
Klf8,Gria3,2.229671850357024
Klf8,Smc1b,1.4867938021278675
Klf8,Neto2,4.400048608631328
Klf8,Bambi,7.3800773591763615
Klf8,Pclo,4.1381004940877615
Klf8,Lin7a,81.651038695117
Klf8,Enc1,4.297820863883098
Klf8,Tmeff2,13.049179396687528
Klf8,Sox21,3.569171592140663
Klf8,1700113H08Rik,4.086222136874915
Klf8,Igfbp5,5.114905104405693
Klf8,Nhs,4.560887915499026
Klf8,Klf8,1.0
Klf8,Synpr,10.710098179116065
Klf8,Aff3,17.388652874567075
Klf8,Zfp329,3.974749021665029
Klf8,Gabrb1,11.67977966525723
Klf8,Pde11a,4.243706095281812
Klf8,Kif20b,6.184895456788129
Klf8,E2f7,10.030183109163314
Klf8,B3gat2,3.524093218294464
Klf8,Adamts18,8.166893780738496
Klf8,Neto1,4.410447673600105
Klf8,Pkia,4.185266214915274
Klf8,Cntnap5b,20.582240021074604
Klf8,Kcnq3,3.413208767647566
Klf8,Unc5d,2.5916954242522863
Klf8,Lrrc4c,0.6022371363470238
Klf8,Cntnap2,0.9960496190773392
Klf8,Syt1,0.6373360714106071
Klf8,Cdh20,0.502672953866097
Klf8,Cacna1e,0.6078436843847641
Klf8,Brinp1,0.9399229144053216
Klf8,Rims2,0.4679372559183506
Klf8,Rims1,0.859341502023326
Klf8,Etv1,1.647530498785486
Klf8,Ctnna2,0.8639729341329211
Klf8,Robo2,1.136585506372611
Klf8,Ptchd1,0.0369006155300045
Klf8,Dock10,0.2054605318035133
Klf8,Ppfia2,1.3043549113258264
Klf8,Hmcn1,2.5758185235650006
Klf8,Negr1,2.332619680010155
Klf8,Lama2,0.0229166845716379
Klf8,Pcsk2,0.7586643960634384
Klf8,Tmem196,1.0327341964307195
Klf8,Phactr3,0.7889634297791202
Klf8,Fgf14,0.9942169728282452
Klf8,Mns1,0.7332613703227988
Klf8,Mdga2,2.0073546169986702
Klf8,Far2,0.8503981342734486
Klf8,Kcnj3,0.6824909828592401
Klf8,Aldh1a2,0.2866561193517062
Klf8,Pcsk1,0.8523404407740885
Klf8,Map1a,0.3274114991500463
Klf8,Sgcd,0.6403258799136076
Klf8,Ptprr,0.2873258287049972
Klf8,Nell1,1.857702043287044
Klf8,Nrxn1,0.7583672916539959
Klf8,Nsg2,0.2560550003911362
Klf8,Ptchd4,1.0986728392200136
Klf8,Dab1,2.2084357961262837
Klf8,Pak7,2.2929757986092096
Klf8,Chrm2,0.5773739901307926
Klf8,Sox6,2.2501708512928285
Klf8,Erc2,1.0171971093141745
Klf8,Nxph1,1.0977430942690671
Klf8,Dse,0.2667698614337878
Klf8,Syt3,0.4621023906786483
Klf8,Nrxn3,2.420781541236868
Klf8,Ptprt,2.517752217203081
Klf8,Gpr21,0.524328613885512
Klf8,Nfib,0.8006876911035629
Klf8,Col8a1,1.7291284439712609
Klf8,Fgf12,1.3124475939443072
Klf8,Csmd1,2.387604161225898
Klf8,Colgalt2,0.9460399506169006
Klf8,Runx1t1,0.4529793008990725
Klf8,Serpini1,2.265692512951881
Klf8,Hcn1,0.3915065018322002
Klf8,Dcn,1.3607457245573296
Klf8,Cdh22,0.2510971530470984
Klf8,Samd5,3.189970559987192
Klf8,Phactr1,1.008591578546053
Klf8,Nkain3,0.0691552747992062
Klf8,Jakmip2,0.823723367997421
Klf8,Gabrg3,0.1863253820032922
Klf8,Mpped2,1.0411205359455848
Klf8,1810062O18Rik,0.7371879949026054
Klf8,Tox,0.4799128070219942
Klf8,Sema5a,0.6931456388237952
Klf8,Trpc4,0.9156517585856582
Klf8,Ccser1,0.6839693603441269
Klf8,Ptprz1,2.214034833609527
Klf8,Pam,0.352265630964044
Klf8,Nol4,2.146894240320584
Klf8,Caln1,0.7558937136642033
Klf8,Nrcam,1.5591927039911744
Klf8,Tspan7,0.5098561558620808
Klf8,Npas3,0.2031902502259445
Klf8,Gpc6,1.822999464054
Klf8,Pcdh9,0.8789383598595447
Klf8,Dnajb4,0.8537249136946078
Klf8,Plcb1,0.6765692958414606
Klf8,Bmp2,0.1926982454123007
Klf8,Fhl2,0.5254914216661072
Klf8,Glt28d2,1.302062108809119
Klf8,Camta1,0.9137079186479276
Klf8,Eda,1.7250593085693624
Klf8,Fstl5,3.352896603172306
Klf8,Sox11,0.6425662728778689
Klf8,Kcnh7,2.0108907766009825
Klf8,Fstl4,0.5978629708162705
Klf8,Tgfbr3,1.8000642334561374
Klf8,Csmd2,0.206373051584826
Klf8,Tob2,0.8419140403611319
Klf8,Cacnb2,1.503723244102782
Klf8,Pou5f1,0.4531921492389776
Klf8,Fbxo5,1.110312079036064
Klf8,Stk33,0.2665916942459571
Klf8,Robo1,0.8893331570250849
Klf8,Fam155a,0.8304123629283812
Klf8,Prps1l3,0.2339828840076865
Klf8,Cacna2d3,0.8882771177847608
Klf8,Egfr,0.6839104603936678
Klf8,Pde10a,0.7441123500997261
Klf8,Rbfox1,1.1789988462508827
Klf8,Kcnd2,0.7582289304046331
Klf8,Tll1,0.5339118897835847
Klf8,Hgf,1.5876578708915343
Klf8,Palld,1.442588408018266
Klf8,Kif21a,4.089760519198192
Klf8,Ank2,3.122853321421857
Klf8,Kcnma1,1.3681807603618823
Klf8,Macrod2,1.7311540637417997
Klf8,Hmgcr,0.6029588114166408
Klf8,Cacng4,0.755970260654279
Klf8,Sdk1,0.7727199501164634
Klf8,Clvs1,1.0557585375334817
Klf8,Mkx,2.019114045860152
Klf8,Piezo2,0.249808979192295
Klf8,Stac,2.735079838221923
Klf8,Knl1,1.579564535841984
Klf8,Hs6st3,0.7930944458118319
Klf8,Jhy,0.798641599230186
Klf8,Dcc,1.4564234933062423
Klf8,Slc24a2,0.9833311822955356
Klf8,Plcl2,3.06539365609579
Klf8,Mctp2,0.3764727002169366
Klf8,Slc25a33,6.3149528963949
Klf8,Gmds,0.3631002860157698
Klf8,Shisa6,0.5662061600549633
Klf8,Hdac9,3.2612005104708937
Klf8,Meis2,1.2462815736045707
Klf8,Rtn1,0.660527411326406
Klf8,Fhit,1.7278924568757426
Klf8,Stpg1,0.9877431551090144
Klf8,4933406I18Rik,1.4976281030035066
Klf8,Fras1,1.4826892301980834
Klf8,Zfp184,5.4736077413997455
Klf8,Cacnb4,1.0527721655407207
Klf8,Svip,1.1551830999515575
Klf8,Cacna1a,0.4122975076295939
Klf8,Ust,0.5392956493499995
Klf8,Dgkg,2.1992750014861504
Klf8,Plcxd2,3.070400787849397
Klf8,Gabrb3,0.7303525518832177
Klf8,Cadps2,1.4376615730491873
Klf8,Ttpa,1.8792852993836529
Klf8,Hoxb8,0.484142385651216
Klf8,Cdc14b,0.8538590322666425
Klf8,Fhod3,2.385291034364014
Klf8,Sorcs1,1.7264157757137608
Klf8,Sema3e,2.6435483011233907
Klf8,Mmp24,0.9926687925678626
Klf8,Cmc4,0.6859920961565396
Klf8,Tmem163,2.071478846863149
Klf8,Farp2,3.942682710422319
Lef1,Lef1,1.0
Lef1,Kif26b,2.7762353876456127
Lef1,Prickle1,8.721562929308252
Lef1,Uckl1os,4.670576625266221
Lef1,Pfkfb3,4.888856162180393
Lef1,Dnm3,2.062863398587826
Lef1,Tenm4,6.039798410734709
Lef1,Clstn2,1.9904210155157855
Lef1,Mafb,0.1190899659500074
Lef1,Prickle2,0.8893811377768179
Lef1,Sema7a,0.0299207265385136
Lef1,Cadm1,1.603658327029054
Lef1,Syt1,0.1921522546212361
Lef1,Dse,1.032152219077607
Lef1,Chd5,0.0574221893690607
Lef1,Lhfpl2,1.1895951322823703
Lef1,Prr15,1.9394397960127736
Lef1,Bnc2,0.3072288167464772
Lef1,Pdzrn4,0.1620840501752529
Lef1,Ccdc33,0.9984256855322612
Lef1,C530008M17Rik,1.3599391208968927
Lef1,Hist3h2ba,0.1787760767687722
Lef1,Mtap,4.357569040722829
Lef1,Eid3,0.3170013570955676
Lhx4,Sult2b1,1.6375061186515425
Lhx4,Gm3336,1.2571531999444727
Lhx4,Ppara,0.1938829571583942
Lhx4,Lhx4,1.0
Lhx4,Enah,0.4060166203568638
Lhx4,Fermt1,0.5125775467837834
Lhx4,Dst,0.4508562563675724
Lhx4,Txlng,0.7428771533011674
Lhx9,Phactr3,1.3130259991108784
Lhx9,Col6a6,1.7523859849120398
Lhx9,Ppm1g,7.072922503930234
Lhx9,AI661453,3.900891102245726
Lhx9,Gm5095,2.898456082475916
Lhx9,9530036O11Rik,5.678604587308503
Lhx9,Pdlim2,4.046919884518237
Lhx9,4931428L18Rik,1.1230140738668752
Lhx9,Rgs4,9.620869038575034
Lhx9,Dll4,4.366156434839692
Lhx9,B430212C06Rik,6.163794357889273
Lhx9,Sparc,1.9143049377788968
Lhx9,Eif3g,2.8623181769703328
Lhx9,Rasgrf1,2.0661435861450186
Lhx9,Tatdn3,2.100583705590244
Lhx9,Ccnb1ip1,1.8069493071360327
Lhx9,Ap1s3,0.5216182715751264
Lmx1b,Tacc2,54.80796954747785
Lmx1b,Dnm3,3.787615165146081
Lmx1b,Mnx1,7.040892667418282
Lmx1b,Tenm4,12.35004465272857
Lmx1b,Clstn2,7.243746306983499
Lmx1b,Palld,5.377699029605514
Lmx1b,Ptprn2,8.206692990612838
Lmx1b,Rgs2,10.30151138070653
Lmx1b,Tmem163,5.542374401736952
Lmx1b,Opcml,4.026230295821241
Lmx1b,Map1b,7.500109152563379
Lmx1b,Malat1,9.720292638809164
Lmx1b,Neto1,4.066890888311092
Ltf,Casp4,3.211177402088225
Ltf,Stpg1,2.068072388093213
Ltf,Ddx60,1.789902579025503
Ltf,Fam129a,4.487006155127758
Ltf,Hbegf,2.172156259565224
Ltf,Flnb,5.748787795211586
Ltf,Fth1,12.392748483043947
Ltf,Wfdc2,12.559868135024487
Ltf,Malat1,2.2964460114084164
Ltf,Trim5,8.318687479848032
Ltf,Cxcl15,3.11479389975646
Ltf,Pakap,4.433017731433033
Ltf,Sftpd,2.207607656909918
Ltf,Atp2c2,16.285810561856877
Ltf,Mlph,4.574845655957061
Ltf,Ido1,1.25747361653257
Ltf,Tmem37,2.952366178623601
Ltf,Nrxn3,1.2218918908077003
Ltf,Aspg,15.148677087656726
Ltf,Scgb1a1,11.389165553772145
Ltf,Porcn,1.575516227820504
Ltf,Eya2,2.382985193314639
Ltf,Slc1a1,1.9017802515293083
Ltf,Plxna4,2.904165088529841
Ltf,2610035D17Rik,3.778442677045324
Ltf,Celf2,2.792907882786975
Ltf,Trib1,2.6199781271339098
Ltf,Lcn2,9.372749099596112
Ltf,Tmsb10,1.610596180114894
Ltf,Nectin3,4.497318237622654
Ltf,1810062O18Rik,4.843870275948635
Ltf,Sox9,4.307604624268011
Ltf,Plcl1,7.386618085146705
Ltf,Anxa1,16.147434387708664
Ltf,Ciita,13.82113990903821
Ltf,Glis3,23.81368109777424
Ltf,Onecut2,50.43206693332796
Ltf,Clu,30.311451063822943
Ltf,Itgb4,8.310206097139071
Ltf,Epas1,9.441798569059989
Ltf,Cyp4b1,8.112669679290166
Ltf,B4galt5,7.089414370699318
Ltf,Ntn1,12.209926464082114
Ltf,Myo18b,0.7038021368697581
Ltf,Atp10b,3.831525561983039
Ltf,Grip2,1.1156198388082892
Ltf,Cradd,19.27611549547379
Ltf,Pigr,42.53140682241348
Ltf,Muc5b,3.9024188071897448
Ltf,Masp2,2.3673812345633016
Ltf,Ltf,1.0
Ltf,Flt4,5.596766679131042
Ltf,Slfn5,7.367693615964388
Ltf,Muc5ac,3.875725902921338
Ltf,Chl1,24.050203480295565
Ltf,Trf,22.250871221002704
Ltf,Scgb3a1,44.78238833285021
Ltf,Cyp26b1,4.0144893043092775
Ltf,Rbm34,5.223189161152781
Ltf,Gbp6,6.897430546063604
Ltf,Batf3,1.519503314001256
Ltf,A1bg,0.1608510232060729
Ltf,Tmem108,22.20591718257325
Ltf,Gm5893,5.869244066762371
Ltf,Emilin2,1.827724265256118
Ltf,Cxadr,17.942957061482108
Ltf,Lrp2bp,0.4620514648482245
Ltf,Rpl12,6.310425331147752
Ltf,Plekhg6,2.257880284786866
Ltf,St3gal4,15.544643732450906
Ltf,Plat,2.151622753418978
Ltf,Nkd2,1.83550018097681
Ltf,Klk10,7.801546041631251
Ltf,Rnd3,0.1408017269867354
Ltf,Esrrg,0.0352772350874458
Ltf,Tcf7l2,1.071740183407005
Ltf,Sema6d,1.7195390732235742
Ltf,Ccnd2,1.4224498725324526
Ltf,Erbb4,0.2637325209267887
Ltf,Steap4,0.0124254354241297
Ltf,Rbms3,1.710301361028976
Ltf,Met,2.262997220967414
Ltf,Dmrt2,2.187653510870581
Ltf,Naaladl2,0.9368713732109948
Ltf,Timp3,1.4125049203107345
Ltf,Esr1,0.8922871519639585
Ltf,Mid1,3.11061182674718
Ltf,Tmsb4x,2.561893639189365
Ltf,Nhsl2,3.485858701931665
Ltf,Bmpr1b,6.407566021787257
Ltf,Ackr3,0.7645583883007518
Ltf,Pde4b,1.9993929049873636
Ltf,Edn1,0.4118309555312237
Ltf,Zyg11b,1.1864074128813955
Ltf,Large1,6.123759404915229
Ltf,Slit2,1.44687350580556
Ltf,P4ha1,3.783978078076313
Ltf,Runx1,0.5378448013818865
Ltf,Tmem29,0.637694529768826
Ltf,Tgfbr1,1.0523688699189246
Ltf,Plxdc2,2.331965395008045
Ltf,Ppargc1a,1.0915326268317616
Ltf,Btc,0.8665791181414404
Ltf,Itga5,0.3222658090906658
Ltf,Rara,3.2961369661233904
Ltf,Ptger4,0.1357406457874028
Ltf,Prdm16,0.4303872732468689
Ltf,Slfn9,1.8043446406272925
Ltf,Mob3b,0.9497788375206566
Ltf,Sorbs2os,3.035916896184605
Ltf,Dpyd,0.7622687669069529
Ltf,Mgst1,1.3935242899407632
Ltf,Ido2,0.8591871904113048
Ltf,D130009I18Rik,2.20056882782011
Ltf,Zbtb7c,0.5179474330811578
Ltf,Hes1,0.8754878911038501
Ltf,Dnah7b,3.133337376325389
Ltf,Mdfic,2.7001217405112867
Ltf,Rps27a,0.4585024392154662
Ltf,Vtcn1,1.4611833399227012
Ltf,2410017I17Rik,1.876725181010117
Ltf,Bpifb1,0.1394407545309902
Ltf,Epha4,2.625358947388049
Ltf,Anxa3,2.0397707814814865
Ltf,Osmr,1.0137449517564003
Ltf,Aldh1a1,1.6561888182382971
Ltf,Znfx1,2.0337080803751806
Ltf,Phlda1,2.2535774504909045
Ltf,Tnip3,0.8702144430372195
Ltf,Arhgap24,1.069181616191577
Ltf,Ikzf2,1.4950971369458463
Ltf,Fgfbp1,1.05665270149086
Ltf,Dmd,2.18963302847573
Ltf,Zfp804b,0.33130419997349
Ltf,Muc4,23.16831050107243
Ltf,Arl6ip5,2.4485798142839728
Ltf,Gnl2,1.380877612480772
Ltf,Ifi204,4.295467666731889
Ltf,Adamtsl1,0.3745451578955107
Ltf,C1galt1c1,0.0569699244720771
Ltf,Sdc4,1.4123248800200632
Ltf,Itga2,4.943924018984345
Ltf,Slco1a5,1.5956540220230977
Ltf,Fmo3,0.9450655314560806
Ltf,Xdh,1.7206012709680494
Ltf,Klf4,6.194365261115708
Ltf,Kcnip4,0.9171100696948442
Ltf,Ltbp1,1.0839686239888364
Ltf,Chsy3,1.418269316607288
Ltf,Eps8l1,1.6979964957525138
Ltf,Tnfaip2,16.317496041175662
Ltf,Gprin3,0.4981327455373882
Ltf,Cntrl,4.50762405594648
Ltf,Nwd2,1.8537576569468983
Ltf,Atf3,0.8289895366433228
Ltf,Nfe2l2,0.8172679739884487
Ltf,Mir99ahg,0.2816183020532226
Ltf,Rad51b,4.14144539977265
Ltf,Cyp2f2,1.7579888376809347
Ltf,Atp11a,0.3786950138833813
Ltf,Dock8,0.7182323255040977
Ltf,Il18r1,1.1661882540034396
Ltf,Abca5,3.240474040227542
Ltf,Rnf128,3.6157813660094127
Ltf,Rptn,0.2287242204071555
Ltf,Lipe,3.197918690602719
Ltf,Ftsj1,0.1923138401705158
Ltf,Itpkc,1.842941316352444
Ltf,Far1os,0.2469562413276881
Ltf,Pdlim2,6.927120661308489
Ltf,4930412B13Rik,0.2357503845484928
Ltf,Gfra1,1.4057592000254022
Ltf,Rps23,1.916890790836088
Ltf,Sqstm1,1.2882885421698844
Ltf,Gabrp,2.8160480411121247
Ltf,1700029J03Rik,0.6658461564083956
Ltf,Scgb3a2,4.929480848507969
Ltf,Serping1,7.03781859453331
Ltf,Cbr2,0.4388067714735164
Ltf,Rassf9,0.4056585529436926
Ltf,Sec14l3,2.8609390567587263
Ltf,Ppp1r3b,2.121445972144886
Mafb,Mobp,7.482755654011057
Mafb,Maff,13.067903883467014
Mafb,Slc45a1,5.497264623386442
Mafb,Gm2115,8.102697664511341
Maff,Col4a2,5.152411667636772
Maff,Rorb,5.283770487177193
Maff,Erich3,5.038020962149985
Maff,Nfkb2,3.851244966592384
Maff,Gm2115,3.792129047054661
Meis1,Il1rapl2,10.222777540038887
Meis1,March1,8.572477230853305
Meis1,Cntnap2,8.46918035099697
Meis1,Cdh18,4.710523407760556
Meis1,Grm3,3.956431219607494
Meis1,Slc35f1,6.034755480527245
Meis1,Cntn4,11.054364770089022
Meis1,Fstl5,3.5162540201671613
Meis1,Ifih1,3.647132227247059
Meis1,Gna14,7.923656737999216
Meis1,Klf4,10.01016881025184
Meis1,Lingo2,8.35395466218542
Meis1,2610316D01Rik,13.783776121703369
Meis1,Snca,3.66040788476076
Meis1,Pdzrn4,16.29380406578246
Meis1,Gria4,6.605214575581512
Meis1,Sema6d,14.129038767472936
Meis1,Nrg3,5.348444663786403
Meis1,Mettl11b,6.525477185501899
Meis1,Ngf,9.920362365640552
Meis1,Glt1d1,5.3276834399714845
Meis1,Meis1,1.0
Meis1,Sgcz,0.1905466234638598
Meis1,Hs3st5,2.13658286715862
Meis1,Rora,1.9858371959578045
Meis1,Il11,0.5506630029266832
Meis1,Slc16a10,1.3443111871011106
Meis1,Cadm2,1.172441596613489
Meis1,Pcdh7,2.8713560398412032
Meis1,Zeb2,0.7491868443219981
Meis1,Mef2c,0.034219831137772
Meis1,Lsamp,1.052659245817435
Meis1,Rims1,0.5520938142257682
Meis1,Ctnna2,0.3893169268002656
Meis1,Auts2,1.072335272126343
Meis1,Car10,3.465025152711643
Meis1,Dock10,2.591380208421809
Nfe2l2,Nkx2-2,1.463671428905237
Nfe2l2,Nr2f1,1.1724374677143958
Nfe2l2,Naaladl2,1.8203476954171864
Nfe2l2,Creb5,2.860473186090997
Nfe2l2,Bmp5,2.735233888171851
Nfe2l2,Rai14,1.4440229886521447
Nfe2l2,Met,2.6894669214287634
Nfe2l2,Tcf7l2,3.2841832729176965
Nfe2l2,Nfia,10.08758459748953
Nfe2l2,Mob3b,2.0462807157707523
Nfe2l2,Dmd,2.771665765907562
Nfe2l2,Nfkbiz,1.5123501640831416
Nfe2l2,9530036O11Rik,1.3032483747166677
Nfe2l2,Lpp,3.076579752600264
Nfe2l2,Mecom,6.8704436135092735
Nfe2l2,Antxr1,1.9993774255556864
Nfe2l2,Lrrc8c,23.988253195917025
Nfe2l2,Samd4,1.5972808836707162
Nfe2l2,Lyn,2.1048149442962747
Nfe2l2,Mir99ahg,1.1853305837572723
Nfe2l2,Ank3,2.8672665448049366
Nfe2l2,Lonrf3,2.5875778186249265
Nfe2l2,4930523C07Rik,2.257483425233065
Nfe2l2,St3gal1,6.449413852739077
Nfe2l2,Sox5,3.803635133032832
Nfe2l2,9530026P05Rik,4.252742567435062
Nfe2l2,Vegfa,5.232545624382364
Nfe2l2,Fbxo5,1.2582926000902095
Nfe2l2,Slit3,10.234780602830783
Nfe2l2,Fhit,1.5834001148176706
Nfe2l2,Large1,10.317163536958628
Nfe2l2,Tgfbr1,9.38457310278388
Nfe2l2,Pde4d,3.2243022974505515
Nfe2l2,Rbms3,2.8728244783534773
Nfe2l2,Nfix,2.8819024351469547
Nfe2l2,Prdm16,4.602368644649419
Nfe2l2,Nr4a1,8.649766348782338
Nfe2l2,Kitl,1.8540649360034995
Nfe2l2,Tmsb4x,7.617716971938083
Nfe2l2,Smad7,3.0753264265347395
Nfe2l2,Casp4,4.819195765424303
Nfe2l2,Ap1s3,1.2160927359332705
Nfe2l2,Esr1,2.7324072076867147
Nfe2l2,Rnd3,8.93283841517973
Nfe2l2,Tacr1,4.378977368402726
Nfe2l2,Bcl2,1.4175769767358726
Nfe2l2,Nckap5,4.85122455656484
Nfe2l2,Znfx1,5.208519975702581
Nfe2l2,Ppargc1a,1.9799372954463128
Nfe2l2,Rarb,8.440917940185226
Nfe2l2,Slfn9,2.104952702426319
Nfe2l2,Ppp2r2b,3.496892158433236
Nfe2l2,Zbtb20,2.3240547452666043
Nfe2l2,Tnip3,6.345753501567909
Nfe2l2,Grb10,2.061309624430359
Nfe2l2,Timp3,12.893055024350994
Nfe2l2,Celf2,3.63130244919912
Nfe2l2,Nrp2,2.6781243727916317
Nfe2l2,Chsy3,1.4424859059088735
Nfe2l2,Anxa3,5.725476099411452
Nfe2l2,2610307P16Rik,1.3635993937297424
Nfe2l2,Efnb2,3.659565484119822
Nfe2l2,Lhfpl2,1.4827380517165472
Nfe2l2,Pde7b,3.0745241134588626
Nfe2l2,Npas2,3.7151458361171503
Nfe2l2,Nhsl2,2.073084115560933
Nfe2l2,Rnf150,2.9262295918696086
Nfe2l2,Plekha8,2.1978147519229605
Nfe2l2,Ebf3,2.6322144763492874
Nfe2l2,Runx1,6.949413840325834
Nfe2l2,Airn,2.289375244181567
Nfe2l2,Anxa1,4.028789135785157
Nfe2l2,Flnb,1.8132842350632168
Nfe2l2,Ppp1r14c,2.094569751574835
Nfe2l2,Bmpr1b,2.942901842967784
Nfe2l2,Epas1,5.53190075658667
Nfe2l2,Bhlhe40,19.372180913618674
Nfe2l2,Clip4,5.073382008464521
Nfe2l2,Clic4,5.08436064429868
Nfe2l2,Mtap,9.871737393595405
Nfe2l2,Rbm47,4.873521453413786
Nfe2l2,Nfe2l2,1.0
Nfe2l2,Neil3,3.662300070453338
Nfe2l2,Ypel5,4.117962475352342
Nfe2l2,Sdc4,30.461032052073755
Nfe2l2,Klf6,23.304464581991574
Nfe2l2,Msrb3,5.524479332389967
Nfe2l2,Kcnk2,5.11877601383223
Nfe2l2,Fosb,5.727927043471975
Nfe2l2,Chka,5.8579482381677686
Nfe2l2,Fzd1,6.969843410641908
Nfe2l2,App,3.898554081406504
Nfe2l2,Osmr,10.460897896924948
Nfe2l2,Pparg,4.916896427303919
Nfe2l2,Nfib,4.21007672551704
Nfe2l2,Aldh1a1,4.578998133705167
Nfe2l2,Hopx,5.361165769136105
Nfe2l2,Dock8,3.845393054007232
Nfe2l2,Phldb2,9.286681203501985
Nfe2l2,Serpinb6b,31.303103292080483
Nfe2l2,Clu,8.701429735313734
Nfe2l2,Arhgap31,4.832031828211446
Nfe2l2,BC005624,4.401701620749213
Nfe2l2,Phlda1,9.242453178100783
Nfe2l2,Zmat2,4.121122026240084
Nfe2l2,Arrdc3,6.13697599082851
Nfe2l2,Hp,4.723712889675022
Nfe2l2,Rassf2,7.4740437417108625
Nfe2l2,Gsap,9.145095601146297
Nfe2l2,Icam1,16.12875348052717
Nfe2l2,Cftr,4.794408059727852
Nfe2l2,Trpm3,8.867181350474276
Nfe2l2,Prdx6,7.845676529617772
Nfe2l2,Nedd9,4.785514962844422
Nfe2l2,Ptprk,4.379945712639995
Nfe2l2,Gm12185,10.455189327395589
Nfe2l2,Nwd2,4.064576246438614
Nfe2l2,Mid1,5.195091350832137
Nfe2l2,Atp8a1,13.083032889414422
Nfe2l2,Nedd4l,7.32478107838396
Nfe2l2,Pdpn,8.171304083830417
Nfia,Tcf7l2,29.822350127414406
Nfia,Rbms3,23.315341870639728
Nfia,Naaladl2,23.804935677621327
Nfia,Pbx1,36.95196952510685
Nfia,Nfia,1.0
Nfia,Ppp1r14c,24.82940413405775
Nfia,Mecom,56.580903800740096
Nfia,Nfib,36.62157783909155
Nfia,Bmpr1b,23.518108592186906
Nfia,Pde4b,24.73520892239137
Nfia,Magi1,26.192967003275847
Nfia,Large1,24.622844587829004
Nfia,Bmp5,26.26201928135767
Nfia,Runx1,38.331175734498615
Nfia,Ptpn13,33.81968334063051
Nfia,Nckap5,26.810240911263804
Nfia,Prdm16,26.946805160074945
Nfia,Mob3b,27.129450838170985
Nfia,Pde4d,32.31520760492577
Nfia,Maml2,23.876246600117412
Nfia,Rai14,22.63066969491701
Nfia,Met,22.856921657753627
Nfia,Nfkbiz,18.783886903937457
Nfia,Hpgd,4.325427612856423
Nfia,Lpp,38.16315016259245
Nfia,Onecut2,8.895516586094898
Nfia,Lyn,17.37801314926791
Nfia,Mir99ahg,19.503043739087097
Nfia,Ank3,25.20047127433692
Nfia,Sox5,16.174475587245666
Nfia,9530026P05Rik,15.67882470961519
Nfia,Nrxn3,9.022572603566054
Nfia,Tgfbr1,14.895122422094095
Nfia,Mdfic,14.713661830232784
Nfia,Shroom4,12.665372487239187
Nfia,Atp11a,35.21140573211439
Nfia,Nfix,15.568187456234824
Nfia,Nkx2-2,5.608802470437535
Nfia,Rnd3,2.147955848055031
Nfia,Grin2b,3.4127044721683752
Nfia,Sox9,7.510789463842942
Nfia,Bcl2,17.041423459522115
Nfia,Creb5,3.553360178716662
Nfia,Etv1,10.720764837785364
Nfia,Ahnak,17.00793880043005
Nfia,Dach1,5.056553756647015
Nfia,Erbb4,18.80299232239133
Nfia,Steap4,1.9829750699833897
Nfia,Smad7,22.785151237132663
Nfia,St3gal1,12.183378401259668
Nfia,Zfp521,20.453943075306245
Nfia,Esr1,17.87806498613006
Nfia,Mid1,11.88776668019624
Nfia,Rmst,4.493029003880168
Nfia,Tmsb4x,9.58768239881364
Nfia,4930523C07Rik,11.943840746324533
Nfia,9530036O11Rik,10.10724446748076
Nfia,Nhsl2,5.693251874563091
Nfia,Slit3,3.7512885865158183
Nfia,Stox2,20.31814289024124
Nfia,Samd4,17.524271358371397
Nfia,Slit2,6.628017415501302
Nfia,P3h2,10.677477493737983
Nfia,Igfbp7,7.898463031385125
Nfia,Tmem29,9.19861261340699
Nfia,Nr2f2,4.970591365303237
Nfia,Rasgef1b,11.306446213000058
Nfia,Zfp36l1,16.606417242302427
Nfia,Plxdc2,16.232914891705843
Nfia,Sema6a,6.147779166093858
Nfia,Scnn1a,11.090267370039658
Nfia,Ppargc1a,4.255412923842654
Nfia,Celf2,17.705828606019715
Nfia,Btc,3.085904082566926
Nfia,Rarb,14.304300673251646
Nfia,Rara,5.997230861031993
Nfia,Dlc1,17.124911515449025
Nfia,Glis3,10.429011692969354
Nfia,Trpm3,11.374986247147277
Nfia,Pakap,11.653114541172268
Nfia,Prlr,5.568598259157594
Nfia,M1ap,5.306086599412019
Nfia,Cyp26b1,1.9705532835111483
Nfia,Crim1,19.555034474392738
Nfia,Kitl,12.503128114092556
Nfia,Fam13a,5.694251647296577
Nfia,Sorbs2os,1.8080628260733684
Nfia,Chn2,23.3581660837881
Nfia,Dpyd,16.925023276611324
Nfia,Mgst1,15.081615685628543
Nfia,Gas6,1.295909408216407
Nfia,Efnb2,6.811284122044002
Nfia,Plpp3,12.118713247746015
Nfia,Arhgap31,17.2265338915953
Nfia,Slc1a3,6.1597265873133535
Nfia,Grb10,4.495546484106171
Nfia,Zbtb7c,19.471119728207924
Nfia,Alcam,36.84448432221839
Nfia,Msn,9.798193052147685
Nfia,Hes1,11.724167249271938
Nfia,Dnah7b,5.14251637233309
Nfib,Lmx1b,1.46745052740486
Nfib,Vcan,2.4522798962732173
Nfib,Gata3,1.1230819514665982
Nfib,Lrrc4c,12.479956088466905
Nfib,Meis2,5.708446176109628
Nfib,Nfix,3.4212415697288554
Nfib,Gad1os,1.744591536768212
Nfib,Col8a1,4.748243982208237
Nfib,Chl1,1.1401324626097218
Nfib,Hs3st5,4.756888824908174
Nfib,Syt1,12.143364317402122
Nfib,Rnd3,1.7313298572102156
Nfib,Esrrg,1.1851744583327883
Nfib,Grin2b,2.3548929347088685
Nfib,Foxp2,6.0272131542584
Nfib,Hoxb8,4.4846447258937765
Nfib,Tcf7l2,2.290247384803034
Nfib,Sox9,1.4432843424100448
Nfib,Bcl2,6.724097158765287
Nfib,Sema6d,12.96782297759974
Nfib,Creb5,3.2874538482660878
Nfib,Etv1,8.592137659615268
Nfib,Snca,4.710470796956206
Nfib,Aff3,4.411935324236253
Nfib,Ntrk3,2.8550043522608424
Nfib,Ahnak,3.1150393083875896
Nfib,Dach1,6.359530418010853
Nfib,Nlgn1,10.327551857240795
Nfib,Shisa6,6.949465718739985
Nfib,Lingo2,2.821648982815592
Nfib,5330434G04Rik,2.872980869829809
Nfib,Stk32a,19.435420549789967
Nfib,Chrm3,4.3014503077143456
Nfib,Hcn1,21.51234010689372
Nfib,Cntnap2,14.865367388229124
Nfib,2610307P16Rik,11.703450127160403
Nfib,Pak3,3.66481335323641
Nfib,Rbms3,11.909714534303417
Nfib,Malat1,5.087556527249007
Nfib,Sox5,4.968401248812131
Nfib,Rorb,5.411830247133085
Nfib,Emp1,1.2534418553233335
Nfib,Nrxn3,1.6714898193775811
Nfib,Cacng4,7.733488536827092
Nfib,Cacna1c,23.00811339243903
Nfib,Flrt3,2.120563850612988
Nfib,Met,3.4960581191020594
Nfib,Smad7,7.540277060831305
Nfib,Plppr1,4.585025236445324
Nfib,Robo2,9.409406711433244
Nfib,St3gal1,2.3439616795351053
Nfib,Shroom4,1.678890378358931
Nfib,Palld,2.4092372085329283
Nfib,Vegfa,2.8252969310046265
Nfib,Frmpd4,6.148150426263863
Nfib,Naaladl2,21.53323355439508
Nfib,Tob2,6.448836147597412
Nfib,Pbx1,54.75836938107911
Nfib,Kcnma1,5.046452866537882
Nfib,Sema3e,12.932054182402425
Nfib,Nfia,27.82023520417816
Nfib,Pcsk2,1.8309181568637127
Nfib,Ptprd,4.865659214495684
Nfib,Cdh20,4.913012824909323
Nfib,Onecut2,6.662910933858249
Nfib,Timp3,3.387903726354457
Nfib,Grm5,1.869459919167353
Nfib,Zfp521,3.5859898700507524
Nfib,Prr16,2.2568652874959434
Nfib,Ppp1r14c,2.5125119093638486
Nfib,Igfbp5,4.019529508634992
Nfib,Esr1,8.01125541380531
Nfib,Mid1,30.01958977235157
Nfib,Rmst,2.205667224455881
Nfib,Ppfia2,1.4123816720266829
Nfib,Mecom,14.452110801678318
Nfib,Tgfb3,1.9147026205204944
Nfib,Tmsb4x,1.6037088250717155
Nfib,Celf4,16.020083996014858
Nfib,Gja1,4.816672803326699
Nfib,Camta1,28.331929265660097
Nfib,Mpped2,6.60128722037992
Nfib,Nfib,1.0
Nfib,Mapk10,2.773491935815477
Nfib,Cadm1,21.6439091109613
Nfib,Nrxn1,14.626418069471278
Nfib,Tenm4,8.78167148234717
Nfib,4930523C07Rik,5.801636361676809
Nfib,9530036O11Rik,2.0194758847619183
Nfib,Plcxd3,3.948040839666972
Nfib,Kirrel3,7.833401144738798
Nfib,Grid2,4.481481069056429
Nfib,Clstn2,11.779902997365712
Nfib,Skap1,18.27039044612579
Nfib,Nhsl2,7.02851176579752
Nfib,Brinp1,7.818526714796171
Nfib,Bmpr1b,23.91419542512798
Nfib,2610316D01Rik,1.906900946179352
Nfib,Ackr3,1.938408984410693
Nfib,Adgrb3,18.31282523754505
Nfib,Pde4b,23.4906666680694
Nfib,Map1b,13.393045859576583
Nfib,Magi1,18.811168279002256
Nfib,Zyg11b,16.429632981541147
Nfib,Fn1,2.431915787586974
Nfib,Lsamp,18.821420133070955
Nfib,Gnas,63.58555380907583
Nfib,Car10,14.726743026523346
Nfib,Erc2,8.700817164975131
Nfib,Stox2,10.930202227556942
Nfib,Sh3kbp1,5.765147848054005
Nfib,Large1,28.51513449174001
Nfib,Ar,2.12643689347552
Nfib,Vgf,1.944551280577388
Nfib,Abtb2,2.4268162959273574
Nfib,Kcnmb2,5.660423640509805
Nfib,Samd4,11.136821092112903
Nfib,Srrm2,1.475049392469398
Nfib,Fgf14,11.193491939672016
Nfib,Cdh13,6.192103873179076
Nfib,Sftpd,1.7212711846310138
Nfib,Bmp5,7.441181231359788
Nfib,Nedd9,26.535124128696424
Nfib,Slit2,2.118609635104149
Nfib,9530026P05Rik,4.094409992427076
Nfib,P4ha1,2.0491436613945937
Nfib,P3h2,4.903892977615394
Nfib,Rora,5.862998640242742
Nfib,St3gal4,7.15472261031144
Nfib,Runx1,6.419482404869971
Nfib,Cacnb2,7.870701633487422
Nfib,Trpc4,3.4892540186872303
Nfib,Igfbp7,6.198617108819073
Nfib,Grem2,2.614065178950551
Nfib,Tmem29,10.741978429661206
Nfib,Nr2f2,3.62013158517918
Nfib,Fhit,3.9109425503843687
Nfib,Ptpn13,9.33751593772412
Nfib,Ptn,11.134914768893138
Nfib,Rasgef1b,5.0616506717468805
Nfib,Dpp6,1.2077095017220791
Nfib,Gria3,26.781432090950307
Nfib,Ebf3,1.405421364087278
Nfib,Cacna1a,4.361559767822568
Nfib,Homer1,3.142784083302905
Nfib,Tgfbr1,24.279114151109496
Nfib,Plxdc2,4.44686293776098
Nfib,Sema6a,1.2710767294871517
Nfib,Scnn1a,4.962299231399641
Nfib,Dll4,3.2294169746829438
Nfib,Ppargc1a,2.7378488621541663
Nfib,Samd14,1.747572591863482
Nfib,Cadm2,22.31743070985545
Nfib,D10Wsu102e,14.103868994765744
Nfib,Nckap5,7.902635988055866
Nfib,Hecw1,4.360634187901705
Nfib,Pde7b,2.463399731245436
Nfib,Kcnn3,5.703837493566967
Nfib,Nrg1,1.2402245407892147
Nfib,Celf2,59.52512158699014
Nfib,Pex5l,8.838110973708982
Nfib,Phactr3,1.5220028753757262
Nfib,Grm3,3.18962213944453
Nfib,Btc,1.4362103743727328
Nfib,Ptprg,16.607642782202277
Nfib,Pak7,2.431722709247435
Nfib,Pde10a,1.7610460324636663
Nfib,Fgf12,14.023113031951295
Nfib,Rarb,3.6700567402447146
Nfib,Sox6,5.705676725277444
Nfib,Cacna2d1,34.67235462553844
Nfib,Tgfbr3,6.9377100208821885
Nfib,Rara,1.6422229212491806
Nfib,Dlc1,3.016622870922061
Nfib,Prdm16,4.963062325748195
Nfib,Dlgap1,2.2346472267410724
Nfib,Calca,6.27940187333735
Nfib,Rtn1,5.012977278369536
Nfib,B3gat2,3.40019657596033
Nfib,F5,1.3518412016079613
Nfib,Ctnnd2,22.107072390030154
Nfib,Hgf,1.9595146941987327
Nfib,Mdga2,21.159809054940023
Nfib,Klhl13,12.013157465215157
Nfib,Slfn9,27.945613761720548
Nfib,Glis3,11.064413983487478
Nfib,Trpm3,3.2704387759565825
Nfib,Mob3b,12.421642547254796
Nfib,Pakap,9.049863129521318
Nfib,Sox4,10.283186055529242
Nfib,Ptk2b,1.5016620321799008
Nfib,Prlr,11.38535793800042
Nfib,M1ap,1.367391683091567
Nfib,Kcnc2,2.3125694341632905
Nfib,Pde4d,29.551758916183303
Nfib,Tcerg1l,3.095059582644918
Nfib,Stxbp5l,13.546920613456557
Nfib,Rims2,23.807026069973254
Nfib,Ephb2,1.4382785508142952
Nfib,Rassf2,2.849113532962566
Nfib,Dusp22,3.911807250584297
Nfib,Basp1,6.4475942887235975
Nfib,Cyp26b1,1.4269706580324637
Nfib,Maml2,26.901572851327032
Nfib,Crim1,11.967553036271024
Nfib,Midn,2.214134387078564
Nfib,Opcml,7.650940466191685
Nfib,Kitl,6.029401718877302
Nfib,Pld5,39.1049501883948
Nfib,Fam13a,4.7217324839502135
Nfib,Dusp5,4.801651936002992
Nfib,Cntn4,16.31868432614725
Nfib,Chrm2,9.893628974573742
Nfib,Lonrf3,10.8321956666488
Nfib,Chn2,12.483268914973172
Nfib,Dpyd,8.472604376932232
Nfib,Kcnd2,33.95199353127965
Nfib,Ptchd4,3.2240877092079887
Nfib,Kcnip1,4.597715967228948
Nfib,Plxna4,1.3428427056611154
Nfib,Mgst1,3.567473064019271
Nfib,Runx1t1,13.973678414088232
Nfib,Adamts18,7.0189736498720245
Nfib,Nrg3,6.645437077239806
Nfib,Ctnna2,18.39949113834175
Nfib,Btg2,9.828793886015765
Nfib,Nxph1,1.7001099763208622
Nfib,Efnb2,8.083572087837174
Nfib,Plpp3,3.133880795925629
Nfib,Dlg2,2.210076755050267
Nfib,Necab1,15.599683577117604
Nfib,Arhgap31,20.73335991753057
Nfib,Grb10,1.719384046787479
Nfib,Auts2,13.77037465331276
Nfib,Zbtb7c,8.094829554159826
Nfib,Alcam,29.279481014516545
Nfib,Msn,13.419971511533522
Nfib,Pigr,1.4040096995290647
Nfib,Gabrb1,2.360840973285109
Nfib,Wnt5b,3.4903293271904507
Nfib,Kcnh7,17.251967964744917
Nfib,Hes1,2.3582958555815194
Nfib,Flnb,10.930493911447932
Nfib,Grm7,22.51332295560757
Nfib,Enah,4.798774244541258
Nfib,Pkia,5.051154318931639
Nfib,Pcdh9,10.458370594559248
Nfib,Dnah7b,11.707958512295992
Nfib,Mdfic,8.921709696460239
Nfib,Dpp10,8.667963134321411
Nfib,Rps27a,4.47065386976008
Nfib,Fstl5,10.323152229548445
Nfib,Amotl2,1.8356060705019688
Nfib,Zfp804a,3.45094127835204
Nfib,Arhgap6,23.809613095969613
Nfib,Klf8,3.6761347803692734
Nfib,Tmeff2,5.634333372884655
Nfib,Vtcn1,3.878813350075689
Nfib,Prickle2,2.443743702196659
Nfib,2410017I17Rik,2.6863960019098823
Nfib,1700113H08Rik,1.871933928093135
Nfib,Fras1,18.958622338096536
Nfib,Rnf150,5.376102769709823
Nfib,Dgkg,1.7567636249970824
Nfib,Corin,3.14460010791842
Nfib,Dcaf12l1,6.094879528040799
Nfib,Tc2n,3.515853087350202
Nfib,Dclk1,7.063242488366165
Nfib,Dach2,2.934220802565719
Nfib,Fam135b,21.491339785195187
Nfib,Gabrb3,25.43761062192113
Nfib,Ccdc85a,5.148015325617692
Nfib,D430041D05Rik,11.311620973087368
Nfib,Clvs2,1.159047585995029
Nfib,Hdac9,22.00777580522376
Nfib,Efna5,52.27171843650208
Nfib,Epha4,5.693207140168288
Nfib,Eya2,3.6413744382782793
Nfib,Anxa3,5.337600104184423
Nfib,Ngf,5.427196836097112
Nfib,Clu,1.482046518541769
Nfib,Jakmip2,4.637837207806819
Nfib,Col23a1,2.42418926412675
Nfib,Clvs1,1.762395922954034
Nfib,Cry1,4.447381287407672
Nfib,Foxp1,64.64421988794174
Nfib,Nebl,22.274480957519312
Nfib,Lmna,1.5397067268146076
Nfib,Osmr,3.615059421787435
Nfib,Phactr1,9.587547345086415
Nfib,Aldh1a1,2.9944347583068485
Nfib,Map1a,2.370040924132121
Nfib,Plod2,6.248421858725485
Nfib,Bmp1,5.398245791805071
Nfib,Znfx1,2.799110684668761
Nfib,Plekha8,6.419518084142529
Nfib,Tenm3,3.430745438490227
Nfib,Phlda1,1.2111651927605396
Nfib,Bach1,26.125179246597423
Nfib,Tll1,5.14393934715169
Nfib,Asic2,1.1779990215915417
Nfib,Mfhas1,2.04829715357398
Nfib,Immp2l,20.38744337231386
Nfib,Luzp2,1.6089434791606545
Nfib,Cacna1e,3.339791394493177
Nfib,Ngef,1.5362538808419777
Nfib,Gpc6,19.103583393362012
Nfib,Sik1,2.2850867551813514
Nfib,Fbxo5,15.03738602745775
Nfib,Prmt8,1.6997710459743145
Nfib,Magi2,8.329239692305915
Nfib,Rgs4,1.343007273364328
Nfib,Nxpe4,8.125312798627023
Nfib,Cachd1,10.472941846923272
Nfib,Gria4,4.903445605550084
Nfib,Gpr158,3.986668861007539
Nfib,Tmem200a,2.2993495987714523
Nfib,Kcnk2,26.11680932610055
Nfib,Calcb,2.048657818833411
Nfib,Tnip3,6.412365062974486
Nfib,Tmem45b,1.9158914365975488
Nfib,Arhgap24,11.96919011705737
Nfib,Pbx3,48.42198938424055
Nfib,Pappa,5.114561125946817
Nfib,Ptprt,12.143398772671915
Nfib,Stpg1,4.315784268238383
Nfib,Ikzf2,2.508672715292755
Nfib,Rasgrf2,14.979890433963376
Nfib,Kcnj3,1.7658402268678373
Nfib,Tanc2,32.993359895246336
Nfib,Pparg,3.939978976660045
Nfib,Slc16a10,6.692274067842106
Nfib,Pcx,4.868297016993469
Nfib,Fut8,7.408445281297096
Nfib,Akt3,37.866692899078096
Nfib,Ptchd1,5.42539754419094
Nfib,Dab1,19.79960560758534
Nfib,Rere,21.20276177595697
Nfib,Ptprz1,8.582015389305159
Nfib,Tiparp,5.749833279174187
Nfib,Dapk1,8.542957960593942
Nfib,Hspa8,6.961166653018431
Nfib,Ccser1,48.01926599284343
Nfib,Anks1b,50.92448034194141
Nfib,Zfpm2,3.7807457958232074
Nfib,Tox,21.11371575332729
Nfib,Ppp3ca,42.43599470448783
Nfib,Dock10,4.039828578526766
Nfib,Peak1,26.90778571021931
Nfib,Sema5a,8.879327610434101
Nfib,Fign,26.70798220249368
Nfib,Tob1,6.4208844838088845
Nfib,Hmgcs1,8.208808037653016
Nfib,Pip5k1b,32.001550852061115
Nfib,Slc4a4,7.731970978946674
Nfib,Kif20b,7.32434487260941
Nfib,Chsy3,5.406113970113469
Nfib,Serpini1,6.361782296262946
Nfib,Hivep2,17.353176219933815
Nfib,Eda,10.413084222809294
Nfib,Nfe2l2,14.682595565431155
Nfib,Pik3r3,23.994669314118543
Nfib,Acsl3,13.644411619916802
Nfib,Tspan9,10.536152301145748
Nfib,Tspan7,8.146202973564217
Nfib,Cit,12.97091321920658
Nfib,Npas2,11.137454463594546
Nfib,Ankrd11,29.01978629251973
Nfib,Csgalnact1,5.226157843373563
Nfib,Rbpms,23.299945043101847
Nfib,App,49.08194665699698
Nfib,Dnm3,3.560621439825744
Nfib,Stxbp6,15.858258999589252
Nfib,Ldlrad4,49.43477674675822
Nfib,Xkr4,10.365295268210309
Nfib,Iqgap2,30.39402229185689
Nfib,Robo1,4.802654267784213
Nfib,Kcnq3,15.875072574341544
Nfib,Grb14,4.817817609638819
Nfib,Nectin3,17.249355176696497
Nfib,Errfi1,9.881270841235112
Nfib,Cacna2d3,13.25101391882012
Nfib,Plekhg1,4.322643767763184
Nfib,E2f7,16.815249731649978
Nfib,Rims1,40.574641968068605
Nfib,Vcl,11.464455348107338
Nfib,Grip1,20.164109072384687
Nfib,Inpp4b,17.30402343627338
Nfib,Nrcam,4.961711824204018
Nfib,Dscaml1,6.535179147580295
Nfib,Akap12,4.867058810214768
Nfib,Bhlhe40,3.7178783002832
Nfib,Ralgapa2,9.237510691825408
Nfib,Neto2,7.64406382087931
Nfib,Luzp1,36.533946090664685
Nfib,Ipo11,28.484945349727106
Nfib,Macrod2,38.7095341013042
Nfib,Atp8a1,37.25360905833495
Nfib,Ptprk,32.00332219160365
Nfib,Sgcz,0.6722481943485183
Nfib,Meg3,0.0335179522835347
Nfib,1810062O18Rik,3.066037589407565
Nfib,Pam,17.692964802896885
Nfib,Dazl,0.9882095499931564
Nfib,5730522E02Rik,24.68824079510243
Nfib,Epha5,1.4676348506232333
Nfib,Khdrbs2,4.225343418203814
Nfib,Stard6,3.950688361738615
Nfib,Lrrc8c,14.036635784045137
Nfib,Lyn,11.014065697757838
Nfib,1700012D14Rik,7.2720802319095235
Nfib,Glt28d2,5.6422365149814135
Nfib,9530059O14Rik,11.85661796904651
Nfib,Far2,9.085542749082297
Nfib,Slc35f1,12.455331817385442
Nfib,Ptprr,0.9071813145043536
Nfib,Sox11,11.64103018967221
Nfib,Neat1,19.08837603068175
Nfib,Kctd8,1.3806866261781063
Nfib,Itga4,0.6557712828192039
Nfib,Casp8ap2,24.10642450332217
Nfib,Clip4,17.699143417352936
Nfib,Swap70,8.780894469259144
Nfib,Pou5f1,3.945189940712154
Nfib,March3,14.51470468817218
Nfib,Med7,2.3753048464637625
Nfib,Osbpl3,11.303666828651004
Nfib,Dnajb9,4.0376243660415305
Nfib,Fam155a,24.088269556976623
Nfib,Kcnn2,7.305729083976369
Nfib,Pard3b,13.612190092631142
Nfib,Ncam2,13.738010027501934
Nfib,Prps1l3,4.6792782218822335
Nfib,Cnst,6.680174477896326
Nfib,Zc3h11a,13.205220419202645
Nfib,Tmem168,8.469680216902331
Nfib,Ifrd1,5.790157676854415
Nfib,Kif21a,12.8706626472897
Nfib,Me1,16.21690313616609
Nfib,Map3k12,5.101322529270278
Nfib,Lepr,3.6011311247293527
Nfib,Anln,9.564010113267624
Nfib,Sdk1,24.29148204269503
Nfib,Dock4,12.916052416599369
Nfib,Cpm,2.6686014436778085
Nfib,Mgat5b,7.313283037678085
Nfib,Lpp,22.61526604347836
Nfib,Zkscan8,10.583506095664262
Nfib,Ppm1e,7.689716556080222
Nfib,Usp46,15.322686974203188
Nfib,Knl1,12.82992747504265
Nfib,Lurap1l,10.181133259356418
Nfib,Hs6st3,23.685854843051533
Nfib,Wwc2,15.10979696168166
Nfib,Airn,25.22275604701222
Nfib,Slc24a2,9.77830680335576
Nfib,Plcl2,12.248286649284957
Nfib,Pclo,15.599745047997478
Nfib,Gmds,23.86257197093416
Nfib,Adarb1,5.702956207499658
Nfib,Msc,0.3616495929636715
Nfib,Elavl3,12.087578362942498
Nfib,Ugcg,9.545953517235564
Nfib,Zfp329,12.733350944092251
Nfib,Cenpf,7.637759545715532
Nfib,4933406I18Rik,15.796068163943596
Nfib,Zfp184,2.739700755567588
Nfib,Vdac3,19.07495478871059
Nfib,Dkc1,7.735400917187457
Nfib,Myo3b,1.2151305693621164
Nfib,1300002E11Rik,6.629468280664825
Nfib,Cacnb4,8.895388968522608
Nfib,Tmsb10,3.9889801973143366
Nfib,Usp1,18.925501128326516
Nfib,C230072F16Rik,2.183068753773356
Nfib,Plcl1,8.46944589826164
Nfib,Dmd,11.354473260883823
Nfib,Chst15,3.421863251515665
Nfib,Cdh18,5.706764770899794
Nfib,Bzw2,31.762631943290256
Nfib,Glt1d1,7.357848589406191
Nfib,Mtor,32.57393497153758
Nfib,Ust,15.459337675404608
Nfib,Rgs7bp,0.2665117318984532
Nfib,Cadps2,37.26129186738259
Nfib,Ttpa,5.46479848068617
Nfib,Megf9,11.67047905525007
Nfib,Dgki,17.70144490464032
Nfib,Rnf128,17.75636887128491
Nfib,Ptprj,38.8994114500959
Nfib,Gbe1,22.367388317448533
Nfib,Arrdc3,8.498876316954357
Nfib,Wwtr1,18.653016151806995
Nfib,Mns1,7.188608333362561
Nfib,Ss18,23.284483546333146
Nfib,Eya1,10.818046203737945
Nfib,Cmc4,7.821346721970441
Nfib,Mtcp1,9.612138108877971
Nfib,Tmem163,10.491582206488845
Nfib,Mcc,10.942034291642196
Nfib,Tardbp,49.38482533166903
Nfib,Nkx2-2,1.1159305959391916
Nfib,Sema3d,0.5424454396096984
Nfib,Cald1,0.5732080456092012
Nfib,Ryr3,0.6332862703814639
Nfib,Ccnd2,0.9207601845750089
Nfib,Grm1,0.2724819648008262
Nfib,Erbb4,0.7912055175012311
Nfib,March1,0.7281928711754774
Nfib,Tmem196,0.8759592707860386
Nfib,Ralyl,0.3155661094607002
Nfib,Dmrt2,0.8840850720865885
Nfib,Grm8,0.1718524988976585
Nfib,Edn1,0.7071698851336924
Nfib,Mef2c,0.0758745416312511
Nfib,Slit3,0.3897832497943867
Nfib,Alk,0.5107137702795268
Nfib,Adamts6,0.8782698586891846
Nfib,Kcnip2,1.0810369876997128
Nfib,Ntm,0.7168837522943918
Nfib,Nrp2,0.961074884336072
Nfib,Zfp36l1,1.0829619056388222
Nfib,Etv5,0.7799309846544942
Nfib,Arhgap28,0.1001457017353047
Nfib,Ptpro,0.0225179870738364
Nfib,Ndrg1,0.7677035479683575
Nfib,Grik2,0.1445523427357307
Nfib,Klk11,0.8351978695144592
Nfib,Unc5c,0.4331886249687104
Nfib,Itga5,0.5824374099168174
Nfib,Hpgd,0.329832600198526
Nfib,Meis1,0.3541049446117307
Nfib,Car2,0.6407418212634562
Nfib,Nptx1,0.7952405894129216
Nfib,Fbxl7,0.1116773142618691
Nfib,Cacng8,0.6463926948078952
Nfib,Hsd11b1,0.748359931900685
Nfib,Sorbs2os,1.0860394017199049
Nfib,Gabrg3,0.3994302907852797
Nfib,Ddit4,0.4098060907749721
Nfib,Nab2,0.3958302587958455
Nfib,Prickle1,0.8779011507420336
Nfib,Dync1i1,1.106997650449848
Nfib,Ikzf4,0.7294552868251238
Nfib,Dcn,1.0644145268003935
Nfib,Traf5,0.4666082288543224
Nfib,Tcaf2,1.0668925392131898
Nfib,Pkd2l1,0.0946202509872976
Nfib,Hist1h2bc,0.023773315922193
Nfib,Fhl2,1.001068684534529
Nfib,Ptgs2,0.285582197832459
Nfib,Tph1,0.2940648542938423
Nfib,Sprr1a,0.8870175086410954
Nfib,Bmp2,0.4716777513235415
Nfib,Epha7,1.1054533428943702
Nfib,Sema3c,0.5164862029135332
Nfib,Phyhd1,0.7096066356729538
Nfib,Ank2,0.2174648655629875
Nfib,Lama2,0.6698465222537078
Nfib,Atp10b,0.4439909408888826
Nfib,Il20ra,1.0437030923163175
Nfkb2,Myc,1.2565636011684649
Nfkb2,D130009I18Rik,1.3587849858394945
Nfkb2,Peg10,3.8190777594655536
Nfkb2,Topors,1.2264627666112202
Nfkb2,Nefm,1.4164817196973218
Nfkb2,Thbs1,4.96097039227405
Nfkb2,Kcnma1,1.825483188427731
Nfkb2,2610307P16Rik,1.1838896653260047
Nfkb2,Malt1,1.3583739332550715
Nfkb2,Slc16a2,1.6970944766525526
Nfkb2,Hmgb2,3.321803756113715
Nfkb2,Hist1h4d,1.4633300399311695
Nfkb2,Wdr53,1.621688268485508
Nfkb2,Mfsd2a,1.6305679797799244
Nfkb2,Gnas,4.417707248960562
Nfkb2,Tmtc1,1.4099757872573797
Nfkb2,Nfil3,3.811344072149317
Nfkb2,Tacc2,13.18120048058143
Nfkb2,Hist1h1c,2.167110074766145
Nfkb2,Tnfaip3,3.471377279258082
Nfkb2,Mki67,5.996737949818618
Nfkb2,Map1b,1.4210535535688296
Nfkb2,Gpi1,1.361858861146349
Nfkb2,Mfhas1,1.2540346706511023
Nfkb2,Nfkbia,6.197148967389679
Nfkb2,Hsp90aa1,2.4438354129197832
Nfkb2,Zbtb10,3.843547545282032
Nfkb2,Plk2,7.326906846800059
Nfkb2,Nfkbiz,4.969175023418751
Nfkb2,Hspa8,4.047983621058023
Nfkb2,Sema7a,5.3275474326391095
Nfkb2,Tspan8,6.618045337322716
Nfkb2,Mlph,3.539325603249641
Nfkb2,Rassf2,6.872383275970107
Nfkb2,Traf5,4.032115648603456
Nfkb2,Jun,7.090820920328711
Nfkb2,Nr1d1,7.754559434490278
Nfkb2,F3,5.313412263449223
Nfkb2,Tcof1,6.439062630967412
Nfkb2,Slc16a10,6.972914405348849
Nfkb2,Myo18b,4.137697294572721
Nfkb2,Large1,5.153587230111751
Nfkb2,Nop56,16.789721393374705
Nfkb2,Ddx21,8.164571091942536
Nfkb2,Utp14b,6.703904505904153
Nfkb2,Prpf4b,5.782481711097058
Nfkb2,Akap12,4.163491461483455
Nfkb2,Palld,0.912272596821214
Nfkb2,Fign,0.7128752219019333
Nfkb2,Tlr2,0.4581240242042345
Nfkb2,Mafb,5.881700244633255
Nfkb2,Rgs2,1.6836691914239572
Nfkb2,Fbxo5,0.8441269189473503
Nfkb2,Ntng1,0.9502682150914568
Nfkb2,Pak3,0.931696856428934
Nfkb2,Osbpl3,1.684873392692115
Nfkb2,Nrg1,1.763938466313202
Nfkb2,Prss12,1.2511027758178492
Nfkb2,Lhfp,3.7349587772362542
Nfkb2,Dse,0.995248442855042
Nfkb2,Ptger4,0.2514706094764383
Nfkb2,Mctp1,0.3120607805697817
Nfkb2,Homer1,0.8975365211959464
Nfkb2,Rbm38,0.1139856352790531
Nfkb2,Cytip,0.5471905468275884
Nfkb2,Brinp2,0.956950664005114
Nfkb2,Enc1,1.3188091393948078
Nfkb2,Hist3h2ba,0.3926307346208754
Nfkb2,Prok2,0.6115758654732889
Nfkb2,Sh3kbp1,1.4822223932734877
Nfkb2,Mtap,1.608294533882236
Nfkb2,Abca5,1.156721782426011
Nfkb2,Tnfrsf11b,0.5054115605467469
Nfkb2,Ntm,6.161901863509208
Nfkb2,Tacr1,0.226830875526897
Nfkb2,Dclk1,2.165994245646388
Nfkb2,Sema6a,0.3662033322657492
Nfkb2,Gabarapl2,4.550687308166171
Nfkb2,Gm6639,1.5769424983699512
Nfkb2,Ttc9,0.1846985283868155
Nfkb2,Ddx54,2.335571215194396
Nfkb2,Kcnk2,1.937370429787859
Nfkb2,Gm20139,1.35560533261786
Nfkb2,Tgfb2,1.5416244114515434
Nfkb2,Aox3,0.5597781572779443
Nfkb2,Grb14,1.1302541629146043
Nfkb2,Hopx,0.6531970816768192
Nfkb2,Eda2r,2.7611279123063923
Nfkb2,Osmr,1.852573027669796
Nfkb2,A4gnt,1.040174207840436
Nfkb2,Trpc4,0.8705200781096645
Nfkb2,Stmn4,2.272284576478176
Nfkb2,Anxa1,1.9868061668435009
Nfkb2,Ifi207,0.0685193061940535
Nfkb2,Glis3,1.779655148753538
Nfkb2,Dnaja1,3.793423392242083
Nfkb2,St3gal1,1.0252943462784214
Nr2f1,Nr2f1,1.0
Nr2f1,Bcl2,0.0703717889925933
Nr2f1,Met,0.1306246554863513
Nr2f1,Zfp521,2.279204707138814
Nr2f1,Mpped2,0.0423013396259554
Nr2f1,Bmp5,0.037361685333618
Nr2f1,Igfbp7,0.1194468219158856
Nr2f1,Pdlim2,2.9231955208484863
Nr2f1,Mrpl2,0.6740669332718449
Nr2f1,Klk13,0.0407823630792242
Nr2f1,Ggct,0.0618942079389068
Nr2f1,Nfkbiz,0.3898625551200131
Nr2f1,Slc43a2,8.984659533810348
Nr2f1,Gpr21,0.5161351397221672
Nr2f1,Xdh,4.055509039611563
Nr2f1,Rassf10,0.8456552339842964
Nr2f2,Esrrg,2.7001376039240808
Nr2f2,Foxp2,14.367726962237269
Nr2f2,Sox9,2.2847623863589885
Nr2f2,Ahnak,6.222053826933215
Nr2f2,Erbb4,1.7212166951848482
Nr2f2,Pak3,1.1759392783799238
Nr2f2,Malat1,1.5677172823456442
Nr2f2,Nrxn3,4.635874410633274
Nr2f2,Dmrt2,2.1091831643241776
Nr2f2,Gja1,4.904397801165969
Nr2f2,Camta1,1.2167077330392515
Nr2f2,Mpped2,6.680046219225223
Nr2f2,4930523C07Rik,1.7400551469316774
Nr2f2,Pde4b,4.801631783191612
Nr2f2,Gnas,1.9414472380815344
Nr2f2,Stox2,11.281509529093672
Nr2f2,Samd4,2.5670250363301514
Nr2f2,Srrm2,1.9251993957389384
Nr2f2,Adamts6,1.6590421215908782
Nr2f2,Nrp2,3.0931414209821164
Nr2f2,9530026P05Rik,4.620658928332764
Nr2f2,Camk1d,2.9285704717241265
Nr2f2,Igfbp7,3.419262023109394
Nr2f2,Tmem29,3.401544757373367
Nr2f2,Nr2f2,1.0
Nr2f2,Ebf3,4.353900817496688
Nr2f2,Etv5,1.270741997186731
Nr2f2,Sema6a,3.8543137721263263
Nr2f2,Cadm2,1.799297910087533
Nr2f2,Adarb2,13.898649569324697
Nr2f2,Ptchd1,6.69227877048366
Nr2f2,Htr4,8.901742058125006
Nr2f2,Peak1,3.631313619750523
Nr2f2,Nkain2,5.863168609236941
Nr2f2,Traf5,9.201303515709892
Nr2f2,Aldh3b3,7.709249207269056
Nr2f2,Gata3,0.0342221376464968
Nr2f2,Il1rapl1,1.007603309531137
Nr2f2,Rnd3,0.9058240721267854
Nr2f2,Grin2b,0.4730178818753189
Nr2f2,Ntng1,0.6628723364755286
Nr2f2,Met,0.3622834259023408
Nr2f2,Shroom4,0.6674067573857575
Nr2f2,Vegfa,0.5696491909824042
Nr2f2,Esr1,0.7631262651285884
Nr2f2,Slit3,0.2578739331133119
Nr2f2,Galnt13,0.4958293505551964
Nr2f2,Grem2,0.3440060819259522
Nr2f2,Klk11,2.0437379636972297
Nr2f2,Prdm16,0.4489244162940535
Nr2f2,Cfap45,0.6648802850728703
Nr2f2,Pakap,0.8184664659775012
Nr2f2,Prlr,6.454546901988201
Nr2f2,Gm17750,2.015056200187895
Nr2f2,M1ap,3.0434436264668383
Nr2f2,Pde4d,0.684819770227315
Nr2f2,Crim1,1.938411523432224
Nr2f2,Sorbs2os,0.3759325094991183
Nr2f2,Dpyd,5.4188055522168845
Nr2f2,Efnb2,1.5518050120910016
Nr2f2,Nrk,0.5615633382675617
Nr2f2,Auts2,1.780363229640679
Nr2f2,Tnc,0.2489234247582247
Nr2f2,Msn,1.332035628375804
Nr2f2,Pkia,1.1999917948386936
Nr2f2,Mdfic,0.6480537022078569
Nr2f2,Arhgap6,0.999984883489443
Nr2f2,Tcaf2,0.0778548551058492
Nr2f2,Nfkb2,2.755573561160223
Nr2f2,Rnf150,3.0719457785434257
Nr2f2,Ptgs2,0.6258562231298833
Nr2f2,Bpifb1,0.0295926468334715
Nr2f2,Eya2,0.4166401664102272
Nr2f2,Anxa3,2.533009479884857
Nr2f2,Plod2,0.445805683341096
Nr2f2,Plekha8,1.7343206159418123
Nr2f2,Bpi,0.4609383309833892
Nr2f2,Hbegf,1.1660539946378827
Nr2f2,Ngef,1.089507002330033
Nr2f2,Prmt8,0.8534740840281384
Nr2f2,Atp10b,0.0725136743318279
Nr2f2,Ikzf2,8.11011804582244
Nr2f2,Zfp804b,23.20640635397936
Nr2f2,Muc4,0.8000641442955936
Nr2f2,Gnl2,1.0064899833512084
Nr2f2,Ifi204,0.0607926768343939
Nr2f2,Hopx,2.1249221558346614
Nr2f2,Itga2,1.927725452305422
Nr2f2,Fmo3,2.1011722592466167
Nr2f2,Xdh,11.864916466068172
Nr2f2,Ppp2r2b,1.0348665025711217
Nr2f2,Neat1,2.098476452139727
Nr2f2,Npr2,1.0433267128963335
Nr2f2,Ltbp1,2.278882457531876
Nr2f2,Eps8l1,1.0842205169654249
Nr2f2,Tnfaip2,0.336898450908896
Nr2f2,Gprc5a,6.169841973579087
Nr2f2,Atf3,2.0637464745194687
Nr2f2,Lrrc8c,3.11744138908228
Nr2f2,Cyp4b1,2.47768514764856
Nr2f2,Rad51b,0.9545783645610866
Nr2f2,Ccbe1,0.0367467141381993
Nr2f2,Sema3a,0.3146944957529667
Nr2f2,Wdr72,2.274881076417406
Nr2f2,Panct2,2.037634161366093
Nr2f2,Slco4c1,0.8928315043465795
Nr2f2,Rex2,8.55216544845677
Nr2f2,Rgma,1.7324808802331206
Nr2f2,9330111N05Rik,0.2501204539838416
Nr2f2,Lpp,2.0454658008648257
Nr2f2,Tmprss2,2.0797564027737425
Nr2f2,Tspan8,0.9639847052903036
Nr2f2,Cldn18,0.0852520329857822
Nr2f2,Sec14l2,0.0348571452835067
Nr2f2,Ankub1,0.1005738643912124
Nr2f2,Chst9,1.438477604940685
Nr2f2,Cmss1,3.0959352858029554
Nr2f2,Lrriq1,0.0367293735156455
Nr2f2,Cd36,0.0227917134358583
Nr2f2,Pard3b,0.680080750198834
Nr2f2,Ppara,0.3936933006272635
Nr2f2,Osbpl3,1.1881540338838936
Nr2f2,Ntsr1,0.4202329492359418
Nr2f2,Agmo,2.705539166845866
Nr2f2,Cnst,2.193249531091868
Pbx1,Lmx1b,3.998300926705754
Pbx1,Meis2,22.805012405424826
Pbx1,Nfix,1.687467378193266
Pbx1,Gad1os,1.701040499547815
Pbx1,Col8a1,11.75644343757218
Pbx1,Chl1,3.707295950671328
Pbx1,Hs3st5,6.293439882609452
Pbx1,Syt1,12.668216665671157
Pbx1,Rnd3,1.3421217154784826
Pbx1,Sema3d,5.111288313635848
Pbx1,Grin2b,4.535889596488314
Pbx1,Foxp2,8.47028100143049
Pbx1,Tcf7l2,5.907471402479906
Pbx1,Cald1,1.4802986448919375
Pbx1,Ryr3,3.5387011770300774
Pbx1,Bcl2,34.60357928691013
Pbx1,Sema6d,2.616779411776066
Pbx1,Creb5,1.3694270031652196
Pbx1,Etv1,5.2824102249683325
Pbx1,Snca,1.8061327180010915
Pbx1,Aff3,8.966175988520627
Pbx1,Ntrk3,1.5548374116294628
Pbx1,Ahnak,3.711012598435031
Pbx1,Dach1,2.0855689836061417
Pbx1,Nlgn1,16.24213104999008
Pbx1,Shisa6,3.237684739179848
Pbx1,Lingo2,8.957978139434799
Pbx1,Erbb4,1.7743865101716825
Pbx1,March1,4.287589315083171
Pbx1,5330434G04Rik,4.170511187439479
Pbx1,Stk32a,4.295040265341593
Pbx1,Chrm3,2.746338543229023
Pbx1,Hcn1,18.046237316299337
Pbx1,Cntnap2,5.6146566269710485
Pbx1,2610307P16Rik,29.658520511916365
Pbx1,Tmem196,2.5363745113056653
Pbx1,Pak3,2.0433984673927754
Pbx1,Rbms3,23.677782505701472
Pbx1,Malat1,13.12440950494795
Pbx1,Sox5,9.565820278352906
Pbx1,Rorb,14.466139642961418
Pbx1,Nrxn3,6.254542785383181
Pbx1,Cacng4,1.129906856277734
Pbx1,Cacna1c,7.639971382256893
Pbx1,Met,13.325927039476356
Pbx1,Ralyl,2.2323133257152814
Pbx1,Smad7,3.618024981542872
Pbx1,Plppr1,12.161323325153274
Pbx1,Robo2,8.58407436964992
Pbx1,St3gal1,2.2891501384428303
Pbx1,Shroom4,6.243845179564654
Pbx1,Palld,7.904399748827118
Pbx1,Vegfa,1.5178777290879903
Pbx1,Frmpd4,6.324138448654307
Pbx1,Naaladl2,33.50538476999252
Pbx1,Tob2,10.415912340986536
Pbx1,Pbx1,1.0
Pbx1,Kcnma1,8.1979515127442
Pbx1,Sema3e,31.066213278445076
Pbx1,Nfia,16.550072278250447
Pbx1,Pcsk2,25.793867000585067
Pbx1,Ptprd,2.094117605286103
Pbx1,Cdh20,8.863612282431026
Pbx1,Onecut2,3.1428555397353013
Pbx1,Grm5,4.686921913057151
Pbx1,Zfp521,2.016787272135212
Pbx1,Prr16,3.853102114947101
Pbx1,Ppp1r14c,7.7658523603425715
Pbx1,Igfbp5,14.361741914630445
Pbx1,Esr1,5.957835366975046
Pbx1,Mid1,41.16847236875681
Pbx1,Rmst,2.3168686051923086
Pbx1,Ppfia2,2.363350120963725
Pbx1,Mecom,13.289643281606084
Pbx1,Tgfb3,1.5582771405083389
Pbx1,Tmsb4x,3.0105293561422197
Pbx1,Celf4,28.30420121322118
Pbx1,Gja1,1.3666667713840386
Pbx1,Camta1,11.31342337460394
Pbx1,Mpped2,3.134184788172832
Pbx1,Nfib,43.61839888172658
Pbx1,Mapk10,5.469022441808838
Pbx1,Cadm1,11.23791580177354
Pbx1,Nrxn1,10.891647331789107
Pbx1,Tenm4,19.189933135478352
Pbx1,4930523C07Rik,6.646411588375842
Pbx1,9530036O11Rik,3.066765689687251
Pbx1,Plcxd3,3.9301631788919913
Pbx1,Kirrel3,16.04818067774574
Pbx1,Grid2,11.793844978528128
Pbx1,Clstn2,20.36227199972469
Pbx1,Skap1,6.806553542067786
Pbx1,Nhsl2,5.694756421212425
Pbx1,Brinp1,14.73358315936465
Pbx1,Bmpr1b,7.209531812509364
Pbx1,2610316D01Rik,1.6212696035713736
Pbx1,Ackr3,1.1545161578524752
Pbx1,Adgrb3,5.271887700420187
Pbx1,Pde4b,5.819091809421881
Pbx1,Map1b,2.7796742745484893
Pbx1,Magi1,13.655305068425866
Pbx1,Zyg11b,27.781996298443488
Pbx1,Fn1,5.348206886083845
Pbx1,Lsamp,6.531437962926736
Pbx1,Gnas,4.685119338363405
Pbx1,Erc2,11.72293758256222
Pbx1,Stox2,7.855515632698641
Pbx1,Sh3kbp1,23.713322515349567
Pbx1,Large1,24.356018745966065
Pbx1,Ar,2.175549639978131
Pbx1,Vgf,5.659269712595209
Pbx1,Abtb2,18.55279735047777
Pbx1,Kcnmb2,4.131215205197477
Pbx1,Samd4,3.9617836445988335
Pbx1,Srrm2,1.573158528663516
Pbx1,Adamts6,1.5779757134451164
Pbx1,Thbs2,1.3862434445273266
Pbx1,Fgf14,15.770729036732437
Pbx1,Kcnip2,2.7079440630615337
Pbx1,Cdh13,22.166829381755424
Pbx1,Ntm,3.4938851895738408
Pbx1,Sftpd,3.939170692430249
Pbx1,Bmp5,3.7516237808742097
Pbx1,Nedd9,24.282033126734
Pbx1,Nrp2,1.6057450862745466
Pbx1,Slit2,2.188390719567963
Pbx1,9530026P05Rik,16.26864377308432
Pbx1,P4ha1,3.3374596600263757
Pbx1,P3h2,2.152945099896668
Pbx1,Rora,33.274060034152875
Pbx1,St3gal4,2.2313188886118605
Pbx1,Runx1,7.065586455717972
Pbx1,Cacnb2,10.865261307690073
Pbx1,Trpc4,18.34544879480412
Pbx1,Tmem29,13.682019726229925
Pbx1,Nr2f2,4.554971474128913
Pbx1,Fhit,23.404032939476508
Pbx1,Ptpn13,8.04533926367656
Pbx1,Ptn,7.2382987059834045
Pbx1,Rasgef1b,2.557183502530465
Pbx1,Zfp36l1,2.966287522520292
Pbx1,Dpp6,6.8864928323526025
Pbx1,Gria3,2.579065526485598
Pbx1,Prdm1,1.9751918209070636
Pbx1,Ebf3,3.662936596348164
Pbx1,Cacna1a,7.419532026906842
Pbx1,Etv5,4.29635513628811
Pbx1,Homer1,4.937607574379799
Pbx1,Tgfbr1,12.333022956086504
Pbx1,Plxdc2,5.091769920015955
Pbx1,Egr3,3.657876982079284
Pbx1,Scnn1a,3.443459645787221
Pbx1,Ppargc1a,3.149092729680785
Pbx1,Cadm2,8.959139635551729
Pbx1,D10Wsu102e,6.287384456974722
Pbx1,Nckap5,11.929829432415548
Pbx1,Hecw1,2.6844316784636724
Pbx1,Kcnn3,1.6661609160748676
Pbx1,Nrg1,8.204418820909824
Pbx1,Celf2,35.189989723169674
Pbx1,Pex5l,13.162764681208309
Pbx1,Grik2,2.4045577250466184
Pbx1,Phactr3,3.619509733990936
Pbx1,Btc,4.632067697907355
Pbx1,Ptprg,18.170743741345635
Pbx1,Pak7,3.694610779528773
Pbx1,Pde10a,1.2238277110050888
Pbx1,Fgf12,1.966656715577424
Pbx1,Rarb,6.882595772084267
Pbx1,Sox6,37.46318231914322
Pbx1,Cacna2d1,11.217541093652722
Pbx1,Hpgd,1.2853055816232677
Pbx1,Tgfbr3,1.398396446661177
Pbx1,Rara,1.995990828101713
Pbx1,Dlc1,8.185468156906127
Pbx1,Prdm16,1.6295454145601596
Pbx1,Insc,2.996322426544752
Pbx1,Dlgap1,18.87251585943604
Pbx1,Calca,8.384920318008461
Pbx1,Rtn1,5.6700370739027
Pbx1,B3gat2,3.523269882307875
Pbx1,F5,13.199267183528049
Pbx1,Ctnnd2,37.99252699192237
Pbx1,Hgf,8.006826347595053
Pbx1,Mdga2,6.051993711434395
Pbx1,Klhl13,10.68476368473007
Pbx1,Slfn9,3.929674394367112
Pbx1,Glis3,17.735154623786276
Pbx1,Trpm3,2.892078615198741
Pbx1,Mob3b,10.305458965342758
Pbx1,Pakap,1.3362485358343623
Pbx1,Sox4,12.302063163382938
Pbx1,Ptk2b,17.17160896764536
Pbx1,Prlr,7.618479093753817
Pbx1,Car2,1.7789186786898823
Pbx1,Kcnc2,18.62924750586336
Pbx1,Pde4d,39.8285971872462
Pbx1,Tcerg1l,17.96588580600883
Pbx1,Stxbp5l,11.063622276768738
Pbx1,Rims2,16.145022524360655
Pbx1,Ephb2,8.59983144659725
Pbx1,Rassf2,2.4254183682397765
Pbx1,Dusp22,4.79212465667393
Pbx1,Basp1,9.299457416138427
Pbx1,Maml2,32.758193849293484
Pbx1,Crim1,15.75187725894202
Pbx1,Midn,1.918125398651836
Pbx1,Opcml,2.3512279748907465
Pbx1,Kitl,11.359085103790273
Pbx1,Pld5,6.48575728294467
Pbx1,Fam13a,6.399508087720142
Pbx1,Cacng8,1.1690010032142766
Pbx1,Hsd11b1,11.469436300760083
Pbx1,Cntn4,9.588699422645275
Pbx1,Chrm2,1.866631056549744
Pbx1,Lonrf3,9.788796753231646
Pbx1,Sorbs2os,2.192977023391028
Pbx1,Chn2,16.313557448123323
Pbx1,Dpyd,6.689282936779721
Pbx1,Kcnd2,2.5775627221769013
Pbx1,Ddit4,2.558540146279307
Pbx1,Ptchd4,15.830842506935562
Pbx1,Nab2,6.660535026496947
Pbx1,Kcnip1,12.890879130175708
Pbx1,Plxna4,14.282142863444744
Pbx1,Mgst1,4.602202013367446
Pbx1,Prickle1,2.1632121526793924
Pbx1,Runx1t1,11.290221714938523
Pbx1,Adamts18,6.634593832354318
Pbx1,Ctnna2,9.82858036400263
Pbx1,Btg2,21.718647279046174
Pbx1,Nxph1,6.584190547110801
Pbx1,Efnb2,3.235483655657287
Pbx1,Plpp3,9.783924257080804
Pbx1,Necab1,3.432014505189335
Pbx1,Arhgap31,15.83874079226471
Pbx1,Grb10,9.598172491516344
Pbx1,Auts2,7.166988608185221
Pbx1,Zbtb7c,5.406042764845474
Pbx1,Alcam,35.37207749667466
Pbx1,Msn,7.865223577682331
Pbx1,Gabrb1,3.37558368883822
Pbx1,Wnt5b,6.47119034574841
Pbx1,Kcnh7,6.197923911148363
Pbx1,Hes1,2.51881068239616
Pbx1,Flnb,8.546055155139209
Pbx1,Grm7,5.53316251165707
Pbx1,Enah,4.96936016845713
Pbx1,Dync1i1,5.3744486866121495
Pbx1,Pkia,10.572344565905214
Pbx1,Pcdh9,6.500547417468727
Pbx1,Dnah7b,3.511067141200605
Pbx1,Mdfic,4.075469518031691
Pbx1,Rps27a,6.045842880133566
Pbx1,Zfp804a,3.5699953705290066
Pbx1,Dcn,19.46135839318584
Pbx1,Arhgap6,6.408920442052532
Pbx1,Traf5,5.53976527653474
Pbx1,Klf8,1.881712143396258
Pbx1,Tmeff2,1.818631149365836
Pbx1,Vtcn1,5.540859612170715
Pbx1,Prickle2,10.458428272023074
Pbx1,2410017I17Rik,1.388982208525817
Pbx1,Nfkb2,2.182949568552964
Pbx1,Fras1,5.175043981536409
Pbx1,Rnf150,21.02818755190453
Pbx1,Dgkg,4.667041595276195
Pbx1,Corin,3.0640328166314994
Pbx1,Tc2n,20.632402144837
Pbx1,Dclk1,2.3304586592747185
Pbx1,Fhl2,16.223771590070097
Pbx1,Gabrb3,4.974684010088485
Pbx1,Ccdc85a,13.617251288528193
Pbx1,D430041D05Rik,7.404512614026806
Pbx1,Hdac9,4.230384318672873
Pbx1,Efna5,24.409927094542265
Pbx1,Epha4,2.413489247538346
Pbx1,Eya2,3.924319112155694
Pbx1,Anxa3,3.658785697281545
Pbx1,Ngf,15.486434649166313
Pbx1,Clu,2.6290678428461147
Pbx1,Jakmip2,6.967475303860224
Pbx1,Col23a1,4.580889984245361
Pbx1,Clvs1,11.59110502324638
Pbx1,Cry1,4.537779182839799
Pbx1,Foxp1,56.10161625539729
Pbx1,Napsa,3.7554432137446767
Pbx1,Nebl,51.737951477374814
Pbx1,Lmna,1.359047554601574
Pbx1,Osmr,4.173403653197441
Pbx1,Sprr1a,5.359262679151667
Pbx1,Phactr1,15.759005599252424
Pbx1,Gadd45g,9.061706604926172
Pbx1,Aldh1a1,5.265857895574391
Pbx1,Plod2,5.614858039491101
Pbx1,Bmp1,6.271474605401412
Pbx1,Plekha8,14.81465195226006
Pbx1,Tenm3,2.3006222065698005
Pbx1,Phlda1,7.410347746036983
Pbx1,Bach1,6.080711802250389
Pbx1,Epha7,2.9635809990037187
Pbx1,Tll1,2.5071420223256804
Pbx1,Asic2,5.550701913165705
Pbx1,Mfhas1,3.8206215147347584
Pbx1,Immp2l,13.945727009847838
Pbx1,Cacna1e,1.911400196738673
Pbx1,Ngef,10.122659726016654
Pbx1,Gpc6,2.7147092785031868
Pbx1,Sik1,3.1052346264277726
Pbx1,Fbxo5,1.858022366851936
Pbx1,Magi2,11.072230208723768
Pbx1,Rgs4,1.800468482377391
Pbx1,Nxpe4,4.263948239368263
Pbx1,Cachd1,4.160933212211391
Pbx1,Gria4,2.335402064671224
Pbx1,Gpr158,13.136199416862674
Pbx1,Tmem200a,10.064986217849905
Pbx1,Kcnk2,7.347602737769487
Pbx1,Calcb,2.1775090401605808
Pbx1,Tmem45b,2.2932002277921804
Pbx1,Arhgap24,5.854441123587618
Pbx1,Pbx3,29.65412630360895
Pbx1,Pappa,7.993637483374591
Pbx1,Atp10b,1.5110991673960774
Pbx1,Ptprt,22.229580281280874
Pbx1,Stpg1,3.635519194056757
Pbx1,Ikzf2,6.515308011623403
Pbx1,Il20ra,4.238096768887652
Pbx1,Mmp7,3.911334365502413
Pbx1,Rasgrf2,2.047352837496
Pbx1,Kcnj3,4.971037749778009
Pbx1,Glt28d2,8.956393542580107
Pbx1,Tmsb10,5.252781497082646
Pbx1,Mettl11b,1.369353853966622
Pbx1,Fam107b,14.80486664489131
Pbx1,Coq8a,2.2127681924263354
Pbx1,Dmd,8.042292890576512
Pbx1,Slc6a14,1.7486142416171029
Pbx1,Slc8a1,8.225256015206957
Pbx1,Luzp1,4.354614997861939
Pbx1,Slco2a1,1.3250071471135625
Pbx1,Zfp804b,1.3006987326706083
Pbx1,Enc1,1.3991366518337314
Pbx1,Sox11,1.335474366857935
Pbx1,Inpp4b,32.377336792214976
Pbx1,Tmco3,5.62540768092421
Pbx1,Muc4,2.3368286000692824
Pbx1,Gsap,9.106463675633336
Pbx1,Arl6ip5,1.7287680115155295
Pbx1,Nr1d1,3.4944182495000544
Pbx1,Gnl2,4.229454636261367
Pbx1,4930419G24Rik,2.336634061359196
Pbx1,Tanc2,30.377885164382462
Pbx1,Nfkbiz,6.112518697292564
Pbx1,Mns1,1.8546774908955697
Pbx1,Phldb2,17.68252818165594
Pbx1,Ifi204,1.2232116423875468
Pbx1,Adamtsl1,4.083838510570413
Pbx1,Rims1,4.006800920631572
Pbx1,Sdc4,6.488217069206362
Pbx1,Tspan7,9.735359126825712
Pbx1,Map3k12,4.16544965773389
Pbx1,Zfp329,16.850999687828754
Pbx1,Cd44,11.767526993509176
Pbx1,Hopx,6.33995975473071
Pbx1,Vcl,16.528172451442128
Pbx1,Plcl2,9.079721606271544
Pbx1,Hivep2,23.84819896070175
Pbx1,Itga2,2.8556144241757995
Pbx1,Slco1a5,8.246134102357825
Pbx1,Slc9a9,16.049029534547614
Pbx1,Serpini1,3.5105359630210367
Pbx1,Mctp1,1.2540011307185248
Pbx1,Xdh,1.2189627492499673
Pbx1,Ppp2r2b,11.894627209324453
Pbx1,Fstl4,1.6771916698969809
Pbx1,Utp14b,1.563250625420362
Pbx1,Ppm1e,2.771622311752421
Pbx1,Acsl3,4.690073352334151
Pbx1,Kcnip4,11.15454476229775
Pbx1,Ncam2,7.6163604011492145
Pbx1,Rere,31.95855211044173
Pbx1,Gpx3,1.7953698265259384
Pbx1,9530059O14Rik,3.0545219486097577
Pbx1,Neat1,31.121555781520225
Pbx1,Npr2,1.4451444088864025
Pbx1,Ltbp1,3.921808128945297
Pbx1,Anxa1,4.038055877232992
Pbx1,Cpe,17.824596144553134
Pbx1,B230216N24Rik,20.67406802005463
Pbx1,Chsy3,15.38171776919078
Pbx1,Pde11a,3.417733365440696
Pbx1,Eps8l1,1.7775874345596143
Pbx1,Rai14,12.3212234673881
Pbx1,Sema5a,7.083745894811962
Pbx1,Astn2,3.3330008034498766
Pbx1,Nhs,5.029110287720937
Pbx1,Adarb2,6.498140276426846
Pbx1,Kcnq5,10.000145918274711
Pbx1,Pamr1,10.600704478031457
Pbx1,Kctd16,4.220754310981385
Pbx1,Limch1,43.40457738567655
Pbx1,Pam,50.60553671801227
Pbx1,Stat4,28.7175061419196
Pbx1,Gprin3,19.791797229751
Pbx1,Cntrl,2.057564535859102
Pbx1,Pmepa1,3.676435587101847
Pbx1,Dscaml1,20.298402728042888
Pbx1,Lrp2,1.3201705316515238
Pbx1,Dse,1.934941958157868
Pbx1,Otud7a,10.573197329941786
Pbx1,Dab1,4.9292688061487615
Pbx1,Atf3,2.848137471449204
Pbx1,Nfe2l2,4.414250283359919
Pbx1,Lrrc8c,8.035612121417175
Pbx1,Cntnap5b,28.01546984282468
Pbx1,Vcan,0.0711543405054052
Pbx1,Gata3,0.0338252283938432
Pbx1,Lrrc4c,0.198884109170998
Pbx1,Nkx2-2,0.8890418555733071
Pbx1,Esrrg,0.1360128365944518
Pbx1,Sox9,0.8173464224930265
Pbx1,Meg3,0.0531170566732786
Pbx1,Plp1,0.0533823541277189
Pbx1,Ccnd2,1.008162349199056
Pbx1,Grm1,0.2727797137197699
Pbx1,Ccdc33,0.1356433947904319
Pbx1,Steap4,0.0040797909383063
Pbx1,Emp1,0.6724310298425595
Pbx1,Pthlh,0.1268176296689301
Pbx1,Flrt3,0.9783917751283268
Pbx1,Dmrt2,0.2319040934008538
Pbx1,Grm8,0.2576246846638942
Pbx1,Sgcd,0.948157475200107
Pbx1,Timp3,1.1114538460247296
Pbx1,Prkg1,0.0029410453331415
Pbx1,Edn1,0.272238782257866
Pbx1,Slit3,0.3037990020956739
Pbx1,Galnt13,0.8533826371201559
Pbx1,Fzd5,0.7474187498576279
Pbx1,Igfbp7,1.0140095039856756
Pbx1,Grem2,0.7068275767233629
Pbx1,Sema6a,0.5340873161546232
Pbx1,Arhgap28,0.0164683747227753
Pbx1,Dll4,0.9079478433414118
Pbx1,Pde7b,0.9296582034750984
Pbx1,Ndrg1,1.00039349904466
Pbx1,Il11,0.2042505095148739
Pbx1,Ptger4,0.0314957145221197
Pbx1,Meis1,0.0503029703986499
Pbx1,M1ap,0.9512814174294176
Pbx1,Nptx1,1.0356549875412926
Pbx1,Fbxl7,0.4221116294043119
Pbx1,Dusp5,0.4731295051767666
Pbx1,Csf1,0.2097672522628727
Pbx1,Dlg2,0.5728373986125518
Pbx1,Ikzf4,0.9543031279305838
Pbx1,Fstl5,0.7054079352181067
Pbx1,Tcaf2,0.4167721697436964
Pbx1,Pkd2l1,0.1121450970282325
Pbx1,1700113H08Rik,0.7498538109762566
Pbx1,Fam135b,0.8496931227489775
Pbx1,Ptgs2,0.7564744926534588
Pbx1,Tph1,0.0642911318083569
Pbx1,Znfx1,0.8408096230556856
Pbx1,Bmp2,0.1643297089874101
Pbx1,Sema3c,0.1497261979827981
Pbx1,Luzp2,0.9578129075437836
Pbx1,Hbegf,0.6635180864858666
Pbx1,Ank2,0.0068784162683728
Pbx1,Prmt8,0.596507215032785
Pbx1,Tnip3,0.0810207176956113
Pbx1,Lama2,0.7161278707574065
Pbx1,Kcnab1,0.0325648040172198
Pbx1,Fgfbp1,0.6887298789384603
Pbx1,Lef1,0.0455255340446357
Pbx1,Armc4,0.4090690851231994
Pbx1,Col6a5,0.8141665881177791
Pbx1,C1galt1c1,0.2939606633052165
Pbx1,Col6a3,0.5959684616081187
Pbx1,Fmo3,0.5652501311816787
Pbx1,St6galnac5,0.971461045130112
Pbx1,Cartpt,0.0266078776617799
Pbx1,Sowahb,0.3303644980686159
Pbx1,Trnp1,0.244970050086479
Pbx1,BC025920,0.0500111520589837
Pbx1,Xkrx,0.6118552676599188
Pbx1,Epha1,0.4787738808195957
Pbx1,Nwd2,0.8827764463531388
Pbx1,Akap6,0.3024235314532965
Pbx4,Cartpt,3.99207741141732
Pbx4,Slc6a11,3.0577467013425705
Pbx4,Slc24a2,10.893104946523934
Pbx4,Gm38403,2.2331766259569474
Pbx4,Nell2,1.790367190365599
Pbx4,Mgat4c,2.0543017190685067
Pbx4,Ank2,1.7325549392939386
Pbx4,Lhx9,1.0972101001449013
Pbx4,Zkscan8,4.520084667184344
Pbx4,9130401M01Rik,0.5839683527960626
Pbx4,Adcy7,9.694538266161612
Pbx4,Pde10a,2.822447035041808
Pbx4,Gast,0.6124931249432436
Pbx4,Obp2a,1.1161938342871014
Pbx4,Carmil2,3.2144253584584668
Pbx4,Rgs7bp,0.5034573172410338
Pbx4,Cplx2,12.654000133456456
Pou4f2,Cald1,1.4244127663769703
Pou4f2,Plp1,0.3824422547079443
Pou4f2,Palld,0.2149288327479252
Pou4f2,Pou4f2,1.0
Pou4f2,Slc1a3,0.475673010746079
Pou4f2,Nefm,0.1186241948377793
Pou4f2,Leng1,0.3098134589943104
Pou4f2,Fst,0.379853447703436
Pou4f2,Dgat2,0.1396197292202544
Pou4f2,Gbp5,0.0175697181790302
Pou4f2,Sh2d4b,0.097131701004593
Pou4f2,Trnp1,0.3903274484293098
Pou4f2,Cd160,14.424769566154296
Pou5f1,Dlgap1,1.934622796364276
Pou5f1,Eya1,1.8990284793132768
Pou5f1,Pld5,4.341373569173375
Pou5f1,2610316D01Rik,4.667468877860561
Pou5f1,Rtn1,1.4079124244997796
Pou5f1,Ptgs2,6.572414046328378
Pou5f1,Dram1,6.805230363215969
Pou5f1,Cacnb4,1.2314161828616514
Pou5f1,Npas3,2.8332421420902896
Pou5f1,Glul,23.83175829575464
Pou5f1,Stat4,2.128845263010549
Pou5f1,Sorcs1,2.031570424707669
Pou5f1,P4ha1,1.0952968629754425
Pou5f1,Filip1,0.7949064112898526
Pou5f1,Spp1,0.6544200574043256
Pou5f1,Serpinb6b,18.654521794276885
Pou5f1,Tnni1,0.0542787849050192
Pou5f1,Adam19,3.8865638559919
Pou5f1,Lrrc2,0.1072474799034189
Pou5f1,S100g,1.0839533640382866
Pou5f1,Pla1a,0.1787116809245463
Pou5f1,C4b,3.705462613857665
Pparg,Gad1os,4.507241799928645
Pparg,Grin2b,3.9787146375196656
Pparg,Sox9,8.659946670514106
Pparg,Ahnak,6.864019860459337
Pparg,Chrm3,3.957408979045928
Pparg,Rbms3,11.952602041867983
Pparg,Sox5,4.08660936817828
Pparg,Smad7,3.726005866883961
Pparg,Naaladl2,3.598074882889762
Pparg,Tob2,6.671270946366486
Pparg,Zfp521,4.3106133094874055
Pparg,Esr1,5.027209441670716
Pparg,Tmsb4x,4.2839842493607705
Pparg,Mpped2,9.005561842459743
Pparg,Tenm4,16.493579920565818
Pparg,Kirrel3,12.60818090240321
Pparg,Bmpr1b,4.614477593677901
Pparg,Edn1,4.222191334986589
Pparg,Gnas,3.819740377102487
Pparg,Stox2,10.439033052860156
Pparg,Sh3kbp1,6.54388111588496
Pparg,Large1,4.66062115695878
Pparg,Kcnip2,5.246612106969681
Pparg,Nedd9,6.241851512153453
Pparg,9530026P05Rik,5.774609202798336
Pparg,Igfbp7,4.145177936689605
Pparg,Ptn,5.811724203309503
Pparg,Dpp6,6.116845770610722
Pparg,Ebf3,3.800286738167116
Pparg,Ppargc1a,4.346757506647136
Pparg,Nckap5,5.163369579258081
Pparg,Celf2,5.301772000066096
Pparg,Sox4,11.706623946345257
Pparg,Ephb2,5.692549751556794
Pparg,Wnt5b,5.746492403854004
Pparg,Zfp804a,14.013931667860705
Pparg,2410017I17Rik,3.818247507681343
Pparg,Rnf150,6.357661897363172
Pparg,Epha4,4.406807686101797
Pparg,Mfhas1,11.411520336721464
Pparg,Ngef,5.440947041561628
Pparg,Tmem45b,4.811331018062453
Pparg,Ikzf2,4.1196702061235255
Pparg,Mettl11b,10.523033921908125
Pparg,Fam107b,4.906211955055196
Pparg,Dmd,5.1824130423084185
Pparg,Phldb2,6.946766073850018
Pparg,Vcl,5.321247682278528
Pparg,Ppp2r2b,7.662505201121165
Pparg,Ltbp1,13.00195880472202
Pparg,Cpe,7.938232135749732
Pparg,Eps8l1,3.849886624014665
Pparg,Adarb2,13.273975226017024
Pparg,Kctd16,5.822130459299138
Pparg,Itga11,7.4529634738914545
Pparg,Stat4,4.449023307881053
Pparg,Dscaml1,3.534553757352908
Pparg,Nfe2l2,7.73713551145235
Pparg,Smox,5.478768949869664
Pparg,Sema3a,6.880447205346375
Pparg,Panct2,5.472858044144236
Pparg,Nectin3,3.625807489702239
Pparg,Cnot7,4.270909562983777
Pparg,Tshz2,3.527214014591254
Pparg,Htr4,3.696286405783891
Pparg,Lpp,4.566950457352108
Pparg,Pfkfb1,4.321807425760873
Pparg,Tspan8,9.139097285971587
Pparg,Pde1c,5.461912285116925
Pparg,Prdx4,9.047677341975463
Prdm1,Tenm4,14.480758578795983
Prdm1,Abca5,11.590868540470108
Prdm1,Fn1,15.220038267732097
Prdm1,March11,17.469244439711577
Prdm1,Lin7a,10.188577673502856
Prdm1,Dscaml1,9.636928835936644
Prdm1,Ptn,15.277393685526098
Prdm1,Unc13a,10.509537518946765
Prdm1,Ugcg,10.638529695480052
Prdm1,Fam3b,3.001681149819209
Prdm1,Tmem200a,8.797837296125037
Prdm1,Dse,7.948248643835457
Prdm1,Galr1,1.2889452942899495
Prdm1,Sema7a,13.97532814331062
Prdm1,Mapt,21.237270292778486
Prdm1,Enc1,4.815717275088338
Prdm1,Prok2,2.595265820755805
Prdm1,Dlgap1,6.512828792743167
Prdm1,Scrt1,3.1777868422184663
Prdm1,Maf,0.1825217550403088
Prdm1,Oog4,1.446093200095719
Prdm1,Slc9b2,0.3753808758598316
Rara,Osgin1,2.1598146306796795
Rara,Ddx60,8.84769167905518
Rara,Fam129a,2.1980590424629134
Rara,Prss22,1.2410630775724756
Rara,Hbegf,2.068002265395775
Rara,Ar,2.683995194057795
Rara,Cxcl15,1.743675080496976
Rara,Pakap,1.5996953645323877
Rara,Atp2c2,2.3597643601596743
Rara,Tmem37,1.8298273739359951
Rara,Vegfa,3.279267375539056
Rara,Ano1,2.360227668514405
Rarb,Kitl,24.485499136829443
Rarb,Gramd2,18.44877830121616
Rarb,Swap70,32.26316027051363
Rarb,Ifrd1,18.04687735241739
Rarb,Samd4,21.811864957865417
Rarb,Bmpr1b,18.436748821057936
Rarb,Clu,19.483165897722905
Rarb,Tspan9,16.63954541496083
Rarb,Ptpn13,22.64686741584516
Rarb,Epha4,22.271396787207355
Rarb,Magi1,18.55374591115377
Rarb,Gsap,17.257186572065574
Rarb,Spon1,16.829454458495807
Rarb,Malat1,21.782487123307888
Rarb,Msn,20.944480462273905
Rarb,Hopx,71.9672796659177
Rarb,Arhgap45,17.83634262012866
Rarb,Rarb,1.0
Rarb,Dmd,32.740647041242056
Rarb,Cyp4b1,12.699006773124308
Rarb,Prkg1,2.794888768577583
Rarb,Ano1,16.321130596716376
Rarb,Plekhg1,13.17042930169866
Rarb,Wnt3a,0.2855521262948478
Rarb,Rasgef1b,24.16575501372815
Rarb,Nedd9,27.803685590098148
Rarb,Tmsb4x,14.07504596552466
Rarb,Etl4,16.571759912052354
Rarb,Smad3,9.80388924342304
Rarb,Mtus1,13.631392859909552
Rarb,Arhgap6,7.299428773252023
Rarb,Rmst,4.69631631345682
Rarb,Akip1,3.1046303712036494
Rarb,Chst9,8.815854735132474
Rarb,Cyp2f2,14.898809909294483
Rarb,Rnd3,1.996758914394144
Rarb,Cckar,6.2561807794079
Rarb,Erbb4,3.0829140699677384
Rarb,Sorbs2os,26.95046394656287
Rarb,Col23a1,17.395569977501346
Rarb,Sdc4,5.70968647719392
Rarb,Naaladl2,15.564988047074438
Rarb,Rai14,12.046039494931945
Rarb,Dclk1,10.887103238799856
Rarb,Ppp2r2b,14.795240097627795
Rarb,Amotl2,11.952905813232258
Rarb,Meis1,0.6200367854403609
Rarb,Nrp2,8.919029024036133
Rarb,Grip2,0.416061311885762
Relb,Tlr2,0.8239444099494869
Relb,Creb5,0.8793035528473921
Relb,Asic2,0.8676324912949207
Relb,Smad3,1.6055009773590556
Relb,Basp1,2.929332717221889
Relb,Tbx15,1.954437316220045
Relb,Cacng4,1.0930566424976895
Relb,Enah,4.670458455910974
Relb,Ctsc,4.3326502466371135
Relb,Ccnd2,0.6770859432732963
Relb,Kcnk2,16.10476581090767
Relb,Dusp5,0.0922084369894594
Relb,Sall3,0.0851006364091407
Relb,Lhfpl2,0.3523769246297123
Relb,Ptger4,0.1133517162208756
Relb,Prdm16,0.6237989213764534
Relb,Clip4,2.011366988608136
Relb,Large1,2.4377136559308306
Relb,Klf4,2.858133340469576
Relb,Rerg,0.089724508049234
Relb,Rasgrf2,1.201735923770884
Relb,D130009I18Rik,5.719918651503385
Relb,Mtus1,0.4845306617448748
Runx1,Chn2,42.97377665433568
Runx1,Adamtsl1,19.23901960955404
Runx1,Slc5a3,15.811672382097774
Runx1,Vegfa,27.016530628110683
Runx1,Itpr2,13.305437713495753
Runx1,Phlda1,13.829747406472483
Runx1,Smad3,31.48850081035132
Runx1,Zfp804a,11.069559810392768
Runx1,Eya2,43.18810057508397
Runx1,Mecom,74.70689827840367
Runx1,Klk13,16.957284311536032
Runx1,Myo5c,31.49318723691547
Runx1,Ptges,14.977449459138688
Runx1,Agmo,37.357732670222696
Runx1,Grem2,5.156468501659935
Runx1,Sox5,38.98520105923542
Runx1,Alas1,14.048150368037676
Runx1,Dlc1,32.44965708771563
Runx1,4930523C07Rik,16.965659292237234
Runx1,Rnf128,20.893233175632997
Runx1,Rbms3,37.18773696749972
Runx1,Pcx,32.891581587220465
Sox4,Prps1l3,13.02428554139297
Sox4,Dnajb4,23.11771084617678
Sox4,Errfi1,23.06160319277214
Sox4,Efnb2,10.494356427796394
Sox4,Ifrd1,16.17541899368047
Sox4,Sema6d,10.715885491762709
Sox4,Sox11,8.01783109803801
Sox4,Chsy3,10.38532659705718
Sox4,Dnajb9,11.346133720946249
Sox4,Efna1,19.67224442920953
Sox4,Arhgap28,1.2869799063691605
Sox4,Hpgd,5.217134038666428
Sox4,Atp2c2,8.755231087725567
Sox4,Abt1,1.0374723340893974
Sox4,Gm20139,1.5352929138002969
Sox4,Flrt3,6.462498846171542
Sox9,Sox9,1.0
Sox9,Gata3,3.8365700309295385
Sox9,Tob1,11.25598700955828
Sox9,Emp1,6.654479199622854
Sox9,Hpgd,3.741285422654941
Sox9,Cyp26b1,4.142723246734673
Sox9,Pax7,2.0984465767947698
Sox9,Slc2a1,10.909721077702551
Sox9,Chrdl2,0.0701643158236516
Sox9,B4galt5,43.082990370678935
Sox9,Rhcg,1.334909595292047
Sox9,Col15a1,32.067428248636844
Sox9,Basp1,13.430764931619748
Sox9,Slc25a21,2.736399425862231
Sox9,Hsp90ab1,18.276679659057624
Sox9,Olfr57,1.195390155158461
Sox9,Flrt3,8.08570226384597
Sox9,Clu,15.077913826776255
Stat1,Brd2,4.575980257928122
Stat1,Nrp2,3.986269734384714
Stat1,Ldlrad4,6.101679737554559
Stat1,AW011738,21.297483840556584
Stat1,Apol7a,3.775753572644428
Stat1,Znfx1,37.54945395162969
Stat1,Clic4,35.95637528171832
Stat1,Isg15,6.017502090393184
Stat1,Cachd1,4.577400783317926
Stat1,Epha4,3.962789805895006
Stat1,Gata3,4.452316307446731
Stat1,Zfp960,4.326920468334416
Stat1,Tcof1,8.513734112283602
Stat1,Ccdc190,4.46133720896403
Stat1,Slfn9,28.92556164297423
Stat1,Plekha8,3.807745294173245
Stat1,Pde7b,8.479208479065413
Stat1,Slc4a4,7.353334667004233
Stat1,Ptprj,11.441071017544758
Stat1,E2f3,4.090875347792254
Stat1,Ddx60,59.79683058329329
Stat1,Rassf2,3.526666688435868
Stat1,Malat1,10.631567537342011
Stat1,Dclk1,4.320413007966625
Stat1,Camk1d,8.240456961944766
Stat1,Kcnd2,4.258978828538104
Stat1,Muc4,9.884888369390705
Stat1,Shroom4,3.5208027475025863
Stat1,Rorb,8.471947857140785
Stat1,Rasgef1b,3.966200496942652
Stat1,Lmna,5.17644405163937
Stat1,Slc1a1,9.797069610010832
Stat1,Mtus1,3.936788404623411
Stat1,Cd44,3.607789388327853
Stat1,Etv1,5.849667048527049
Stat1,Gsap,9.781206730902753
Stat1,Tgfb3,4.481789850763544
Stat1,Cxcl17,5.1078336844877725
Stat1,Cntrl,4.704898038133002
Stat1,Ifih1,10.302840764972244
Stat1,Sema3d,3.5167173792360518
Stat1,Dusp22,5.864500483080468
Stat1,Wwtr1,6.296229949995714
Stat1,Pde4b,4.375360182639912
Stat1,Airn,6.92656515592538
Stat1,AI661453,4.833883246868385
Stat1,Igfbp7,8.071515336311819
Stat1,Gbp5,3.5600015556512044
Stat1,Ptprd,6.736236470663224
Stat1,Osbpl3,4.530951326216026
Stat1,Gm4951,33.79328771280415
Stat1,St3gal4,4.901178818008848
Stat1,Pde1c,3.5825480923098048
Stat1,Nfix,4.890885420024553
Stat1,Pou6f2,9.83678469585448
Stat1,Cldn18,12.583732057589993
Stat1,Ptchd4,4.131646548505194
Stat1,Negr1,3.57465020790106
Stat1,Lipe,6.990988511958087
Stat1,Ifit1,4.715176299882524
Stat1,Cxcl16,4.666050322398124
Stat1,Smad3,4.7163843801005525
Stat1,B4galt5,4.717371878237024
Stat1,Phldb2,15.419885251386493
Stat1,Mettl7a1,4.836859215281053
Stat1,Zfp746,5.096228930123422
Stat1,Cebpd,16.8478363747034
Stat1,Pmepa1,8.452766079493916
Stat1,Parpbp,4.639367941045723
Stat1,Inpp4b,23.145540398518545
Stat1,Ciita,16.568946406190005
Stat1,Nedd4l,3.598140978432556
Stat1,Gbp6,17.475294779063706
Stat1,Jarid2,7.818106992730261
Stat1,Ntn1,4.14110402738856
Stat1,Ss18,3.599781079266298
Stat1,Gm12185,31.681054637189064
Stat1,Sh2d4b,6.147844384775859
Stat1,Spon1,3.6931099685141255
Stat1,Eppk1,8.093784697013573
Stat1,Sp110,10.965512636356268
Stat1,Edar,5.203432835525788
Stat1,Ptk2b,3.66281569418604
Stat1,St3gal1,15.2315256961192
Stat1,Tmem168,5.224996980468014
Stat1,Stat1,1.0
Stat1,Alkbh3,4.3945272091842655
Stat1,Zc3hav1,30.3922688806958
Stat1,Oas2,40.82511812201483
Stat1,Zbtb7c,14.567429839686945
Stat1,Casp4,25.149643371415053
Stat1,App,8.938588054535462
Stat1,Plpp3,4.983110239704458
Stat1,Cecr2,10.58781763382679
Stat1,Glis3,4.857623095790113
Stat1,Zbtb2,3.8340926520051646
Stat1,Epsti1,14.11701504067134
Stat1,Pde11a,6.129811641623695
Stat1,Daam2,9.714235243415756
Stat1,Trim30d,23.246775900937248
Stat1,Ppl,3.808813365562839
Stat1,Grem2,3.564942821360146
Stat1,Hivep2,6.130055220951454
Stat1,Gbp9,12.550321211962666
Stat1,Rsad2,13.399306447964738
Stat1,Plin2,10.62627052790115
Stat1,Tnfaip2,11.352272896891348
Stat1,Olfr56,11.11076130827112
Stat1,Parp14,67.66698104266754
Tbx15,Snca,4.6179354095862495
Tbx15,Prr16,7.179383075264507
Tbx15,Sgcz,1.2944239075385549
Tbx15,Hs3st5,4.239387163339776
Tbx15,Enah,1.2002128756434702
Tbx15,Grid2,12.420830681314902
Tbx15,Rora,5.141675703599841
Tbx15,Klhl13,3.926895319859619
Tbx15,Gria4,3.228985670711192
Tbx15,Kcnc2,3.6841462156994
Tbx15,Dach1,4.391983733691106
Tbx15,Chl1,3.7964909136703913
Tbx15,Slc16a10,1.5765040391466107
Tbx15,March1,2.790100908971984
Tbx15,Syt1,6.148326714236107
Tbx15,Pcdh7,3.170556983617656
Tbx15,Stxbp5l,6.126429869032406
Tbx15,Nlgn1,20.60178886800207
Tbx15,Kcnn3,2.137725184594677
Tbx15,Grm7,2.558042467207719
Tbx15,Cdh20,8.117842088047114
Tbx15,Adgrb3,2.2325280631607147
Tbx15,Zyg11b,2.035831423817567
Tbx15,Fut8,7.052699126801502
Tbx15,Cacna1e,5.475649272563127
Tbx15,App,1.6505301479274892
Tbx15,Lsamp,4.801957225786151
Tbx15,Brinp1,8.385946505812385
Tbx15,March11,4.482984308541547
Tbx15,Rims2,7.050715451130136
Tbx15,Chsy3,1.8978412706899908
Tbx15,Rims1,1.8776043326355212
Tbx15,Etv1,15.876465015052675
Tbx15,Zfpm2,14.685040390057017
Tbx15,Ctnna2,6.87577721889784
Tbx15,Robo2,1.970304270759632
Tbx15,Ptchd1,5.835720959791014
Tbx15,Auts2,4.971949118452629
Tbx15,Dlg2,17.32471206506786
Tbx15,Ppfia2,1.135965091828249
Tbx15,Egr3,2.431679446394361
Tbx15,Negr1,4.353039024865146
Tbx15,Tmem200a,3.3233793122818
Tbx15,Foxp1,7.64870566238696
Tbx15,Magi2,3.532663446899119
Tbx15,Pcsk2,20.960331369553984
Tbx15,Gria3,1.248643610741144
Tbx15,Tmem196,1.221692855870797
Tbx15,Pik3r3,8.385448498910561
Tbx15,Fgf14,10.370224780456155
Tbx15,Mns1,1.2680776702889995
Tbx15,Mdga2,5.090401013330158
Tbx15,Far2,3.1346328585061443
Tbx15,Relb,4.568772540580724
Tbx15,Zc3h11a,1.177128962947549
Tbx15,Nrg1,4.662327880891997
Tbx15,Akt3,6.74897078248707
Tbx15,Grip1,8.979584217139577
Tbx15,Kcnj3,1.2033322953212229
Tbx15,Aldh1a2,1.1530443924713634
Tbx15,Pcsk1,10.341802761586116
Tbx15,Stk32a,5.086890118212787
Tbx15,Lingo2,1.4059918225367047
Tbx15,Nell1,2.6379872823917903
Tbx15,Adarb1,2.503290695412573
Tbx15,Gnas,6.338337744050183
Tbx15,Nrxn1,7.359000891398769
Tbx15,Tenm4,2.2670535358102333
Tbx15,Ascl1,9.1334790639187
Tbx15,Ptprn,2.86949183177526
Tbx15,Ptchd4,10.432038007725172
Tbx15,Dab1,3.112100793003378
Tbx15,Anks1b,2.847469928985248
Tbx15,Pak7,3.583382659487546
Tbx15,Chrm2,2.6357358443522374
Tbx15,Egflam,2.058134270979129
Tbx15,Sox6,3.324156958871725
Tbx15,Erc2,2.0464853513775525
Tbx15,Gria2,4.904392889691645
Tbx15,Basp1,2.4624595541315406
Tbx15,Tmem45b,8.944115768351933
Tbx15,Nxph1,6.608611177020343
Tbx15,Pappa,6.592674989540196
Tbx15,Dse,5.816660184527625
Tbx15,Glis3,1.307493675337985
Tbx15,Dnm3,2.7980103555091045
Tbx15,Ptn,4.191321031623506
Tbx15,Xkr4,12.240802835926797
Tbx15,Inpp4b,1.8153599769185
Tbx15,Ctnnd2,3.6076957802972087
Tbx15,Lmna,1.5250255225038587
Tbx15,Abca5,4.991947384521931
Tbx15,Hsp90ab1,6.626496515951659
Tbx15,Rem2,4.341009432470724
Tbx15,Ptprt,15.66017022427956
Tbx15,Immp2l,6.849050897237818
Tbx15,Unc13a,2.571795592746556
Tbx15,Col8a1,9.502817683746512
Tbx15,Fgf12,2.470459757442538
Tbx15,Csmd1,1.1348916423294866
Tbx15,Colgalt2,4.262237809107587
Tbx15,Runx1t1,6.936245142066739
Tbx15,Synpr,4.4776285456875
Tbx15,Serpini1,9.517029225229964
Tbx15,Prickle2,22.802284550475143
Tbx15,Tgfb1,3.38887294430941
Tbx15,Megf9,15.656122767659614
Tbx15,Rgs16,4.379233706292187
Tbx15,Hcn1,16.015558479022843
Tbx15,Hspa8,1.1227540049190612
Tbx15,Rorb,6.337178937853593
Tbx15,Dcn,4.879497997545479
Tbx15,Cdh22,2.834174308502826
Tbx15,Samd5,5.964148746339737
Tbx15,Dscaml1,8.769429922490216
Tbx15,Tanc2,5.595297747036027
Tbx15,Tox,10.797744505319226
Tbx15,Dlgap1,1.4561383342417442
Tbx15,Sema5a,6.7244044288474605
Tbx15,Frmpd4,3.495075362518512
Tbx15,Grm5,5.525651418550041
Tbx15,Trpc4,11.823477085071692
Tbx15,Ccser1,1.5071601645876629
Tbx15,Pip5k1b,7.354638643865442
Tbx15,Efna5,7.221047982516553
Tbx15,Ptprz1,8.255859762606589
Tbx15,Pam,9.705849908214171
Tbx15,Hecw1,1.943682314185205
Tbx15,Nol4,6.396640658903413
Tbx15,Rere,3.4370397532191523
Tbx15,Tmeff2,2.8592186564011737
Tbx15,Cacna2d1,5.539495557796805
Tbx15,Klf8,4.954556279220763
Tbx15,Cadm1,10.749026071665751
Tbx15,Acsl3,2.158323538904783
Tbx15,Utp14b,4.331246891479148
Tbx15,Caln1,5.441891562756629
Tbx15,Neto2,4.918957671085444
Tbx15,Vgf,5.126403859841326
Tbx15,Nrcam,9.483853902804118
Tbx15,Tspan7,4.026364522622227
Tbx15,Csgalnact1,5.752280677219998
Tbx15,Gpc6,1.1714988388376009
Tbx15,Mapt,1.210785386894275
Tbx15,Pcdh9,3.73426162681524
Tbx15,Dlgap2,10.789117765927632
Tbx15,Dach2,3.461376992822734
Tbx15,Kif20b,2.134289859113137
Tbx15,Khdrbs2,1.7189806935228278
Tbx15,Gpsm2,10.77416800059627
Tbx15,Lin7a,2.3410642305323446
Tbx15,Map1b,5.520120813544147
Tbx15,Plcb1,8.006660129482388
Tbx15,Plppr1,6.982930840710556
Tbx15,Fhl2,4.207829229586015
Tbx15,Jarid2,2.4150413352768574
Tbx15,1700012D14Rik,2.3143822710074446
Tbx15,Prickle1,3.6648064402243863
Tbx15,Glt28d2,1.495254456401425
Tbx15,9530059O14Rik,4.285793750020384
Tbx15,Camta1,1.5931756400562778
Tbx15,Vcl,2.004833883116591
Tbx15,Kcnq3,3.296890832396401
Tbx15,Nefm,12.824051056008948
Tbx15,Ankrd11,1.2693993230026075
Tbx15,Eda,5.349295555094426
Tbx15,Kcnh7,6.596719236247127
Tbx15,Fstl4,4.203753623694096
Tbx15,Tgfbr3,2.439940637284725
Tbx15,Cplx2,6.464601726185883
Tbx15,Homer1,1.4905200161305816
Tbx15,Casp8ap2,1.7061461829723532
Tbx15,Ralgapa2,4.339866807277974
Tbx15,Cacnb2,9.571735073015718
Tbx15,Klf4,40.362715957415055
Tbx15,Dync1i1,2.319529968290423
Tbx15,March3,1.2524232304433136
Tbx15,Stk33,4.045820374093608
Tbx15,Robo1,7.948760841594264
Tbx15,Grik4,2.139595861882329
Tbx15,Fam155a,9.2530438263283
Tbx15,Ncam2,2.736243254476095
Tbx15,Rbpms,5.411331500179681
Tbx15,Kcnq5,7.251261896017004
Tbx15,Cacna2d3,8.621023606638852
Tbx15,Egfr,8.6778835108005
Tbx15,Pde10a,1.8072869670476028
Tbx15,Fam135b,2.999972025792371
Tbx15,Rbfox1,7.627042213607188
Tbx15,Pitpnc1,6.499781985644791
Tbx15,Peg10,1.747148042387227
Tbx15,Gabrb1,1.754825929786614
Tbx15,Tll1,2.148587226082205
Tbx15,Cntn4,5.241563184451729
Tbx15,Hgf,11.634809607440523
Tbx15,Ephb2,5.614779113984444
Tbx15,Pkia,2.821474195312632
Tbx15,Palld,19.55731150711895
Tbx15,Kcnma1,12.179053653778794
Tbx15,Macrod2,4.123929372427741
Tbx15,Igfbp5,5.329354845894006
Tbx15,Rgs2,20.613460998886385
Tbx15,Hmgcr,1.5743035793904423
Tbx15,Anln,1.158109249501014
Tbx15,Cacng4,4.816818995332024
Tbx15,Sdk1,1.6914084152685476
Tbx15,Mgat5b,1.6672133080695697
Tbx15,Clvs1,3.5323589480126145
Tbx15,Astn2,7.129369762580708
Tbx15,Otud7a,9.657621506365858
Tbx15,Btc,15.201337074983035
Tbx15,Ppm1e,7.945011090944961
Tbx15,Akap12,5.415859270403554
Tbx15,Piezo2,5.644844928899238
Tbx15,Cntn5,1.5998482619132914
Tbx15,Knl1,1.423297989897626
Tbx15,Phactr1,10.591379121712466
Tbx15,Hs6st3,6.026882588404017
Tbx15,Aff3,14.732141650532068
Tbx15,Jhy,9.179557332628262
Tbx15,Dcc,1.181448140853552
Tbx15,Nebl,2.259670650952464
Tbx15,Slc24a2,4.304299960212102
Tbx15,Plcl2,11.625671426465752
Tbx15,Pclo,8.699192922533143
Tbx15,Mctp2,8.245718995699054
Tbx15,B3gat2,3.769824803496489
Tbx15,Rab3b,2.4726933859911604
Tbx15,Gmds,5.564067436442841
Tbx15,Traf5,2.7156928965580884
Tbx15,Shisa6,7.440352850126159
Tbx15,Enpp1,1.5798804550015175
Tbx15,Hdac9,5.813156198417733
Tbx15,Elavl3,2.4190158162995936
Tbx15,Meis2,15.105190830243432
Tbx15,Rtn1,3.1917714866847176
Tbx15,Ugcg,3.484839137610392
Tbx15,Fhit,5.467383901789392
Tbx15,Zfp329,1.7457672054934814
Tbx15,Tshz2,15.330200280600147
Tbx15,Cenpf,1.5852781693678908
Tbx15,4933406I18Rik,7.550260147684006
Tbx15,Fras1,4.134950090783003
Tbx15,Tmtc1,6.893695952765964
Tbx15,Pvt1,4.215313838665994
Tbx15,Necab1,2.867168222793864
Tbx15,Dnaja1,6.9222704553559256
Tbx15,Svip,3.631677969636836
Tbx15,Dst,12.623167008160696
Tbx15,Prok2,1.3098086214632814
Tbx15,Plcl1,1.2058163912677484
Tbx15,Cacna1a,7.066904113569829
Tbx15,Glt1d1,1.9355888301208868
Tbx15,Ust,2.02975921857798
Tbx15,Dgkg,2.6549158227819425
Tbx15,Plcxd2,1.342038422507421
Tbx15,Mlf1,1.1274104163799434
Tbx15,Gabrb3,8.104431580773547
Tbx15,Sult2b1,3.669278182382318
Tbx15,Cadps2,3.945336075786287
Tbx15,Ttpa,3.846605629475415
Tbx15,E2f3,1.1838716961265725
Tbx15,Jakmip2,6.9820578935640425
Tbx15,Prpf4b,1.8517302642052456
Tbx15,Cdc14b,8.03178586116085
Tbx15,Insc,2.127469764898446
Tbx15,Gbe1,10.412021917306038
Tbx15,Cntrl,3.3028793571538317
Tbx15,Fhod3,1.9295233010471275
Tbx15,Sorcs1,2.4784823470111337
Tbx15,Peg3,23.676411833368874
Tbx15,Sema3e,9.956320466698209
Tbx15,Mmp24,1.9811802236054996
Tbx15,Tmem163,11.372073613298264
Tbx15,Farp2,6.523453343444545
Tbx15,Cntnap5b,9.83004016760862
Tbx15,Cpne7,3.6108607904119823
Tbx15,Lrrc4c,0.1538606036483125
Tbx15,Vcan,0.4086476716625392
Tbx15,Cntnap2,0.641046095098136
Tbx15,Grm8,0.5053450862800368
Tbx15,Sema3d,0.7281788149927882
Tbx15,2610316D01Rik,0.575381138977272
Tbx15,Il11,0.073095060687556
Tbx15,Cadm2,1.095455519797388
Tbx15,Stmn4,0.1739188512565709
Tbx15,Mef2c,0.1218470599872945
Tbx15,Dock10,0.1099499675478768
Tbx15,Ppp3ca,0.8059358759815375
Tbx15,Ccdc33,0.0775521809068808
Tbx15,Ntrk3,0.1256560152353316
Tbx15,Phactr3,1.0306160063704488
Tbx15,Unc5c,0.0778811352922523
Tbx15,Map1a,0.7353608917124252
Tbx15,Sema6d,0.7575893527572414
Tbx15,Ptprr,0.3004870617816707
Tbx15,Rgs7bp,0.0849950515058596
Tbx15,Nrxn3,0.6835666672127271
Tbx15,Ptpro,0.0076939542239791
Tbx15,1700113H08Rik,0.4043292162836285
Tbx15,Grm1,0.7158612150418576
Tbx15,Apc2,0.6763870429154928
Tbx15,Brinp2,0.2014573160756089
Tbx15,Nkain3,0.6409336746977689
Tbx15,Plcxd3,8.254152732778365
Tbx15,Syt4,2.0553079844778264
Tbx15,5330434G04Rik,4.541061639592613
Tbx15,Adamts18,3.673016163202613
Tbx15,Scn7a,25.21799801944837
Tbx15,Slc35f1,0.7902866639575523
Tbx15,Sh2d3c,1.662442650773295
Tbx15,Adcy8,0.4640652563789
Tbx15,Chat,0.5304770895952338
Tbx15,Mrpl4,0.9858445790057592
Tbx15,Mpped2,0.8424631471872324
Tbx15,Map3k12,0.6338886643361853
Tbx15,Prlr,0.7450161119060338
Tbx15,Npas3,0.9978471190981344
Tbx15,Gria1,1.585668839969615
Tbx15,Ralyl,0.1590387722497182
Tbx15,Tnfrsf11b,0.5262955701742379
Tbx15,Tmem132d,5.439064909733286
Tbx15,Slc9a9,2.7543167416538767
Tbx15,Frmd3,2.036345614382468
Tbx15,Uty,1.469719932491605
Tbx15,5430431A17Rik,0.6631000608914333
Tbx15,Slco6d1,5.887698664068556
Tbx15,Acss3,1.9602810128463737
Tbx15,Csmd2,0.1538479910604874
Tbx15,Scn2a,5.7444890614415405
Tbx15,Kcnh1,0.9910352467035642
Tbx15,Limch1,9.536544697144144
Tbx15,Dgki,0.563693968401133
Tbx15,Eda2r,0.1619477740493695
Tbx15,Ikzf4,0.0785285300474208
Tbx15,Tsix,1.2437641049318964
Tbx15,Igip,0.6498848750532196
Tbx15,Agbl4,3.984608838480622
Tbx15,Mctp1,0.0195816086220339
Tbx15,Oog4,0.0230898317784059
Tbx15,Pid1,7.916942338872271
Tbx15,Syn1,6.60592331246264
Tbx15,Tob2,0.9544477183786896
Tbx15,Pamr1,1.255324635449875
Tbx15,Dusp22,0.9299334601589316
Tbx15,Lrrc9,1.4486751737211463
Tbx15,Hexim1,2.0991676837576567
Tbx15,Prkca,5.523617453721572
Tbx15,Cacng8,0.8149105640397009
Tbx15,Ddc,4.054705929414222
Tbx15,Lmod2,0.0766284810197853
Tbx15,Galnt13,1.090151940680967
Tbx15,Fbn2,0.1849343259773584
Tbx15,Pcsk5,0.3721735968934214
Tbx15,Itga4,0.1066037601941497
Tbx15,Enc1,1.0132929014788217
Tbx15,Prss23,0.0527829055690836
Tbx15,Rbms3,0.7593592626356584
Tbx15,Kcnd2,1.0024128377096808
Tbx15,Ank2,0.2182353077652831
Tbx15,Grin3a,0.8368873640787592
Tbx15,Nmnat2,0.7096696543917252
Tbx15,Mkx,0.6498982565629621
Tbx15,Fam184a,0.756370313658547
Tbx15,Stac,0.8635799540663289
Tbx15,Slc25a33,0.6088218617334323
Tbx15,Parm1,0.2019675191625889
Tbx15,Lmx1a,0.462510498611769
Tbx15,Smc1b,0.1104093630033379
Tbx15,Cacnb4,0.7983256022235617
Tbx15,Tmsb10,0.7557394790197374
Tbx15,Fermt1,0.366869718803436
Tbx15,D030056L22Rik,0.0451418863748038
Tbx15,Sptbn4,0.5110649301031789
Tbx15,Plxna4,0.7897238404729041
Tcf7l2,Nfix,13.149848276808868
Tcf7l2,Nkx2-2,4.417564801298238
Tcf7l2,Foxp2,2.1236135961283056
Tcf7l2,Tcf7l2,1.0
Tcf7l2,Sox9,2.494488997499431
Tcf7l2,Bcl2,8.11778299681789
Tcf7l2,Ahnak,17.791314772761076
Tcf7l2,Erbb4,12.518386875294537
Tcf7l2,Chrm3,6.380273996392106
Tcf7l2,Rbms3,13.190105999242748
Tcf7l2,Malat1,8.692301071478285
Tcf7l2,Sox5,15.50135265680716
Tcf7l2,Emp1,1.151290182727121
Tcf7l2,Met,10.774090042715695
Tcf7l2,Smad7,1.8003281489359704
Tcf7l2,St3gal1,8.392080955158976
Tcf7l2,Shroom4,4.706727462490208
Tcf7l2,Vegfa,3.58807969311621
Tcf7l2,Naaladl2,15.051893562073868
Tcf7l2,Nfia,22.225485121792484
Tcf7l2,Onecut2,2.2147133270155783
Tcf7l2,Timp3,1.403909379140356
Tcf7l2,Zfp521,4.663825958553916
Tcf7l2,Ppp1r14c,8.431734319851387
Tcf7l2,Esr1,10.436757492594898
Tcf7l2,Rmst,1.307099246873347
Tcf7l2,Mecom,20.548616595912517
Tcf7l2,Tgfb3,1.2121210659829569
Tcf7l2,Tmsb4x,6.017953695844809
Tcf7l2,Gja1,1.7646054571210965
Tcf7l2,Nfib,2.607220583538985
Tcf7l2,4930523C07Rik,3.7119958470555656
Tcf7l2,9530036O11Rik,9.600826810809544
Tcf7l2,Kirrel3,4.858622079165175
Tcf7l2,Bmpr1b,24.846291175809657
Tcf7l2,Ackr3,3.640090168516844
Tcf7l2,Pde4b,21.316131991461944
Tcf7l2,Edn1,1.2392639585425609
Tcf7l2,Magi1,11.31814639837208
Tcf7l2,Fn1,1.155029012029542
Tcf7l2,Stox2,14.797254959981636
Tcf7l2,Large1,13.94883270161984
Tcf7l2,Ar,1.368403963809297
Tcf7l2,Samd4,19.19896537031321
Tcf7l2,Sftpd,1.7116394119099276
Tcf7l2,Bmp5,12.87530855764602
Tcf7l2,Nedd9,1.577960352267706
Tcf7l2,Slit2,1.481128760824194
Tcf7l2,9530026P05Rik,8.287050479653416
Tcf7l2,P4ha1,1.3147668280575977
Tcf7l2,P3h2,7.099654319558566
Tcf7l2,St3gal4,1.9789927912692664
Tcf7l2,Runx1,23.162688691821383
Tcf7l2,Igfbp7,2.196649499720475
Tcf7l2,Grem2,1.5814557110459149
Tcf7l2,Nr2f2,1.944194820930942
Tcf7l2,Ptpn13,14.700167122474824
Tcf7l2,Zfp36l1,20.46986300323629
Tcf7l2,Ebf3,1.8588814277442625
Tcf7l2,Plxdc2,24.3983941099173
Tcf7l2,Sema6a,1.9088838791099905
Tcf7l2,Scnn1a,9.914504537672238
Tcf7l2,Ppargc1a,1.836181876350078
Tcf7l2,Nckap5,15.040362655962834
Tcf7l2,Celf2,2.7149378889242253
Tcf7l2,Klk11,2.163259898673778
Tcf7l2,Rarb,7.595357728711594
Tcf7l2,Hpgd,1.1643853179503445
Tcf7l2,Rara,8.5986560344898
Tcf7l2,Dlc1,13.244370170211033
Tcf7l2,Prdm16,15.43881139083812
Tcf7l2,Meis1,1.4742813998101834
Tcf7l2,Glis3,13.819542897071356
Tcf7l2,Trpm3,5.442650774417856
Tcf7l2,Mob3b,16.593463144248027
Tcf7l2,Pakap,8.684873381062127
Tcf7l2,Prlr,2.2676567689256477
Tcf7l2,Car2,1.796594281956911
Tcf7l2,Pde4d,3.28903237840854
Tcf7l2,Rassf2,2.911020954472655
Tcf7l2,Fgf18,1.85421250617024
Tcf7l2,Maml2,14.885809879180606
Tcf7l2,Crim1,12.168266273471827
Tcf7l2,Kitl,9.392666598487391
Tcf7l2,Gna14,35.19872627504045
Tcf7l2,Ngef,14.924206753772408
Tcf7l2,Ppp2r2b,16.14727056914662
Tcf7l2,Pcx,12.589247000057709
Tcf7l2,Adh7,4.626402252727783
Tcf7l2,Rad51b,21.75442949689676
Tcf7l2,Ntsr2,0.6278582601027303
Tcf7l2,Chn2,19.306753753816157
Tcf7l2,Dpyd,9.665364707861206
Tcf7l2,Mgst1,12.480648010564224
Tcf7l2,Ido2,0.0821513501490136
Zbtb10,Slc16a10,8.415280461291298
Zbtb10,Gnas,20.20819314040046
Zbtb10,Erc2,4.278567276903271
Zbtb10,H1f0,4.879106230457296
Zbtb10,Dpp10,6.912688073442878
Zbtb10,Pid1,3.754535190325092
Zbtb10,Tspan7,3.515186012951323
Zbtb10,Lrrc4c,3.96958556709595
Zbtb10,Cadm1,3.9118837604222367
Zbtb10,Nxph1,6.18863356941546
Zbtb10,Dse,6.405314669820525
Zbtb10,Sh3kbp1,5.019809717964513
Zbtb10,Grb10,7.355231975633469
Zbtb10,Sox11,10.59049298161524
Zbtb10,Mki67,10.628908304359634
Zbtb10,Basp1,9.436477030083823
Zbtb10,Map1b,7.417143684878953
