"","nCount_RNA","nFeature_RNA","percent.mt"
"AAACAGCCAAACCTAT-1",2058,1188,0.777453838678328
"AAACAGCCACTGACTA-1",1685,1033,0.593471810089021
"AAACAGCCAGCAACCT-1",814,598,1.22850122850123
"AAACAGCCATTGTGTG-1",921,648,0.651465798045603
"AAACATGCAACAGGAT-1",820,579,0.24390243902439
"AAACATGCAAGGTCCT-1",884,628,1.01809954751131
"AAACATGCATAATCCG-1",2140,1347,1.02803738317757
"AAACATGCATCTTGAG-1",1314,839,0.45662100456621
"AAACATGCATTAAACC-1",811,587,1.23304562268804
"AAACCAACAAATTGCT-1",1701,1010,0.529100529100529
"AAACCAACATCAGTAT-1",1161,731,0.689061154177433
"AAACCGAAGGAGGTTA-1",1984,1236,0.604838709677419
"AAACCGAAGTTTGGTA-1",821,624,0.852618757612667
"AAACCGCGTAGCCTAA-1",1187,876,2.106149957877
"AAACCGCGTAGCTAAT-1",955,638,1.2565445026178
"AAACCGCGTATCTGGA-1",903,684,0.8859357696567
"AAACCGCGTCCTAGTT-1",1247,891,1.36327185244587
"AAACGCGCATCAGTAT-1",760,582,1.05263157894737
"AAACGGATCATGTTTC-1",825,582,0.606060606060606
"AAACGGATCCTCATGC-1",862,618,1.39211136890951
"AAACGTACAAACCCTA-1",909,635,0.22002200220022
"AAACGTACAAAGCGCA-1",863,660,1.27462340672074
"AAACGTACAACTGGGA-1",778,553,0.89974293059126
"AAACGTACAAGGAATC-1",885,613,1.01694915254237
"AAACGTACAGAAATTG-1",1271,832,0.3147128245476
"AAACGTACAGTGAACG-1",1204,865,0.74750830564784
"AAACGTACATATAACC-1",2001,1124,0.999500249875062
"AAAGCAAGTAATCACG-1",1090,830,0.458715596330275
"AAAGCAAGTTGGTTCT-1",964,731,1.03734439834025
"AAAGCACCAATAACCT-1",4273,2012,1.0531242686637
"AAAGCACCAATGCGCT-1",768,603,0.520833333333333
"AAAGCACCACAAACTT-1",1059,722,0.944287063267233
"AAAGCACCATGAATCT-1",1238,820,0.969305331179321
"AAAGCCCGTTCATTTG-1",866,630,0.577367205542725
"AAAGCGGGTCAGTAAT-1",4024,2349,0.944333996023857
"AAAGGACGTACGATTG-1",1122,821,1.06951871657754
"AAAGGACGTATCTGGA-1",855,601,0.233918128654971
"AAAGGAGCAATTAGCT-1",799,596,1.00125156445557
"AAAGGAGCACCTATAG-1",1743,1097,1.03270223752151
"AAAGGCTCAAACTCAT-1",1517,1004,0.659195781147001
"AAAGGCTCATAATTGC-1",1132,820,0.441696113074205
"AAAGGCTCATTGCGGT-1",1282,887,0.46801872074883
"AAAGGCTCATTGTCAG-1",1853,1171,0.701565029681597
"AAAGGTTAGACTCGCA-1",1128,812,0.620567375886525
"AAAGGTTAGTAAGTCC-1",1147,814,0.610287707061901
"AAATCCGGTAATCGCA-1",1282,911,0.858034321372855
"AAATCCGGTCATTGTC-1",940,706,0.319148936170213
"AAATCCGGTGCTTAGA-1",2315,1338,1.33909287257019
"AAATGCCTCCCTCAAC-1",928,666,2.58620689655172
"AAATGGCCAACCTGGT-1",1977,1228,1.16337885685382
"AAATGGCCAGTTAAAG-1",1143,801,0.437445319335083
"AAATGGCCATGGAGGC-1",803,593,1.61892901618929
"AACAAAGGTAACTACG-1",1095,737,1.27853881278539
"AACAAAGGTACGTTTC-1",1081,708,1.01757631822387
"AACAAAGGTCCTTCTC-1",2341,1402,0.768902178556173
"AACAAAGGTGCACGCA-1",1194,850,0.83752093802345
"AACAAAGGTTGTAAAC-1",1118,816,0.35778175313059
"AACAAAGGTTTCAGGA-1",2129,1275,0.422733677782997
"AACAAGCCACCAGGTT-1",1084,747,0.461254612546125
"AACAAGCCAGCATGAG-1",1812,1181,0.827814569536424
"AACAAGCCATTGCGTA-1",1559,1035,0.769724182168056
"AACAGATAGCCTGATG-1",1350,838,0.666666666666667
"AACAGATAGCTCAAAC-1",2480,1435,1.04838709677419
"AACAGATAGTCAGTAC-1",1430,912,0.48951048951049
"AACAGCAAGACTTATG-1",2167,1281,0.830641439778496
"AACAGCAAGTTGTCTT-1",835,593,0.359281437125749
"AACAGGATCATGGTGT-1",1528,1037,1.70157068062827
"AACAGGATCGTTTCTG-1",2962,1694,0.979068197164078
"AACAGGATCTAATCCT-1",1955,1119,0.920716112531969
"AACAGGATCTCAATTC-1",2886,1584,0.693000693000693
"AACAGGATCTTAGTGA-1",1048,735,0.954198473282443
"AACATAGCAATTAGGA-1",1576,1016,1.01522842639594
"AACATAGCAGTTATCG-1",1225,798,0.653061224489796
"AACATAGCAGTTTCTC-1",3385,1724,0.827178729689808
"AACATAGCATAAGGAC-1",1168,767,0.941780821917808
"AACATCATCTAATCTC-1",2097,1172,1.38292799237005
"AACATTGTCATCACTT-1",2872,1577,1.07938718662953
"AACATTGTCCAATAGC-1",1349,871,0.667160859896219
"AACATTGTCCCTTGCG-1",1185,808,1.09704641350211
"AACATTGTCGTTATCT-1",1258,765,0.556438791732909
"AACCCGCAGCCACATG-1",895,680,1.7877094972067
"AACCCGCAGTTATGGC-1",1122,803,1.42602495543672
"AACCGCTCAATGCCTA-1",904,643,0.884955752212389
"AACCGCTCAGTAAAGC-1",804,588,2.23880597014925
"AACCGCTCATGGAGGC-1",782,628,1.66240409207161
"AACCGCTCATTGTGCA-1",941,695,0.212539851222104
"AACCGGCTCCGTGACA-1",1240,889,1.61290322580645
"AACCGGCTCCGTTAAA-1",776,578,1.03092783505155
"AACCTAATCAAAGGCA-1",2874,1744,1.1482254697286
"AACCTCACAACTGGCT-1",1541,992,1.23296560674886
"AACCTCACAAGACTCC-1",1494,852,0.669344042838019
"AACCTCACAAGGACCA-1",2102,1239,1.23691722169363
"AACCTCACAAGTAAGC-1",1058,724,1.13421550094518
"AACCTCACAATTGAGA-1",2279,1397,1.44800351031154
"AACCTCACAGAACCGA-1",792,597,0
"AACCTCACAGGTATTT-1",1609,999,0.683654443753884
"AACCTCACAGTAAGTA-1",1722,1118,1.04529616724739
"AACCTCACATACCCGG-1",3608,1717,1.27494456762749
"AACCTCACATGAGTTT-1",1461,941,0.752908966461328
"AACCTCCTCAGCAAGA-1",1461,1023,1.50581793292266
"AACCTCCTCATCGTTT-1",3779,1851,0.740936755755491
"AACCTCCTCATTACTC-1",1954,1103,1.33060388945752
"AACCTCCTCCATAATG-1",1944,1109,1.08024691358025
"AACCTCCTCCGCACAA-1",817,613,0.611995104039168
"AACCTCCTCTAACCTT-1",1697,1005,1.17855038302887
"AACCTTAAGATAACCC-1",1891,1160,0.475938656795346
"AACCTTAAGCACCACA-1",2205,1309,0.952380952380952
"AACCTTAAGCCGGTAC-1",959,657,0.625651720542232
"AACCTTAAGTCTTGAA-1",931,666,0.966702470461869
"AACCTTGCAAACATAG-1",878,617,1.0250569476082
"AACCTTGCAACCTGGT-1",1032,752,0.581395348837209
"AACCTTGCACAAAGAC-1",1030,719,0.776699029126214
"AACCTTGCAGCAAATA-1",941,665,0.637619553666312
"AACGACAAGCTTACTT-1",1043,730,1.15052732502397
"AACGCTAGTCAATGTG-1",1079,773,1.11214087117702
"AACGGTAAGGTTTACA-1",890,630,0.561797752808989
"AACGGTAAGTAAAGGT-1",1340,919,0.522388059701493
"AACGGTAAGTTAACCA-1",983,718,1.42421159715158
"AACTACTCAGGTTATT-1",1502,1020,0.066577896138482
"AACTAGCTCGTTCACC-1",884,671,0.565610859728507
"AACTAGCTCTCAATAG-1",1412,950,0.212464589235128
"AACTAGCTCTCTAGCC-1",1234,782,0.486223662884927
"AACTAGCTCTGTGCAG-1",1050,761,2
"AACTAGTGTAAAGCGG-1",1108,837,0.992779783393502
"AACTAGTGTTAGGCGT-1",868,634,1.84331797235023
"AACTCACAGGGACCTC-1",1129,715,0.442869796279894
"AACTCACAGTCTATGA-1",1327,857,0.52750565184627
"AACTGTTCAAACATAG-1",2024,1311,0.642292490118577
"AACTGTTCAAGCTTAT-1",1610,954,0.434782608695652
"AACTGTTCACAAAGAC-1",946,676,0.845665961945032
"AACTGTTCACACCAAC-1",1035,745,1.35265700483092
"AACTGTTCAGGCGATA-1",4317,2493,1.11188325225851
"AACTGTTCAGTCTAGC-1",1949,1212,0.513083632632119
"AACTGTTCATAATTGC-1",2705,1549,0.480591497227357
"AACTTAGTCGCATTAA-1",870,637,0.689655172413793
"AACTTAGTCGGGACTC-1",2237,1477,1.43048725972284
"AAGAACAGTGGATTAT-1",1372,949,0.65597667638484
"AAGAACAGTTACCTGT-1",1278,805,0.54773082942097
"AAGAACAGTTTAGTCC-1",828,573,0.72463768115942
"AAGAATCAGCAAACCT-1",939,641,1.06496272630458
"AAGAATCAGCTACTGG-1",1927,1166,0.985988583290088
"AAGAATCAGGCAACAA-1",1949,1253,0.615700359158543
"AAGAATCAGGGCTAAA-1",2616,1507,0.535168195718654
"AAGAATCAGTTAGGCT-1",1637,1062,0.671960904092853
"AAGACAAGTCTTGCAT-1",1037,754,0.482160077145612
"AAGACATAGCAACAAG-1",860,595,0.581395348837209
"AAGACATAGTCAATTG-1",1887,1098,0.211976682564918
"AAGACATAGTTAACCA-1",1380,907,1.23188405797101
"AAGACCAAGGCTAATC-1",795,627,0.754716981132076
"AAGACCAAGTTGTCCC-1",812,596,1.35467980295567
"AAGCAAGTCGATTATG-1",1645,960,1.39817629179331
"AAGCAAGTCTTAAGTG-1",1142,814,0.525394045534151
"AAGCAAGTCTTAATGG-1",1100,810,0.818181818181818
"AAGCATGAGAACCTAC-1",20293,5519,0.818016064652836
"AAGCATGAGGGATGAC-1",2930,1756,1.12627986348123
"AAGCATGAGGTTACAC-1",920,674,0.326086956521739
"AAGCCACGTCTTGCAT-1",852,609,1.99530516431925
"AAGCCTCCAAAGGCCA-1",1440,972,1.66666666666667
"AAGCCTCCAATAGTCT-1",1269,809,0.472813238770686
"AAGCCTCCATAAGGAC-1",5797,2722,1.34552354666207
"AAGCCTGTCACTTTAC-1",2163,1369,0.739713361072584
"AAGCCTTAGACAGGCG-1",1158,847,1.72711571675302
"AAGCCTTAGCCAAATC-1",1604,1074,1.05985037406484
"AAGCCTTAGGTGTTAC-1",917,615,0.54525627044711
"AAGCGAATCACTAATG-1",990,677,0.909090909090909
"AAGCGAATCATGCTTT-1",1513,984,0.396563119629874
"AAGCGAATCGTACCGA-1",1224,903,0.735294117647059
"AAGCGAATCGTGCTAG-1",1015,781,0.689655172413793
"AAGCGGGTCATGGCTG-1",754,587,1.59151193633952
"AAGCGTTTCAATCTCT-1",4073,2070,0.785661674441444
"AAGCGTTTCTACCTAT-1",971,687,1.13285272914521
"AAGCGTTTCTTTAAGG-1",1649,1098,0.303214069132808
"AAGCTATGTACGGGTT-1",5776,2589,1.00415512465374
"AAGCTATGTTTCCTCC-1",1605,1057,0.996884735202492
"AAGCTCCCAACAGGAT-1",5506,2615,1.23501634580458
"AAGCTCCCAAGACTCC-1",982,690,0.509164969450102
"AAGCTCCCAGAACCGA-1",3146,1760,1.17609663064209
"AAGCTCCCAGCTTAAT-1",1137,838,1.67106420404573
"AAGCTCCCAGTCTAAT-1",1275,842,0.627450980392157
"AAGCTTGGTTGGTTGA-1",1746,1165,0.916380297823597
"AAGGATCCACACTAAT-1",1660,1068,1.50602409638554
"AAGGATCCAGTTAAAG-1",2293,1356,0.654164849542085
"AAGGATCCATAAACCT-1",1665,1010,0.720720720720721
"AAGGATGTCACAAGCT-1",1011,732,1.78041543026706
"AAGGATGTCTTTGAGA-1",794,543,0.251889168765743
"AAGGATTAGCCAAATC-1",1003,752,0.598205383848455
"AAGGATTAGGACAACA-1",847,591,0.708382526564345
"AAGGATTAGTATCGCG-1",961,718,0.936524453694069
"AAGGATTAGTTAGCTA-1",860,623,0.813953488372093
"AAGGCCCTCCTAATTC-1",1579,1021,0.696643445218493
"AAGGCCCTCTGCAAGT-1",759,584,1.58102766798419
"AAGGTATAGCCTAATA-1",1069,731,0.374181478016838
"AAGGTATAGCCTGGTA-1",905,637,0.552486187845304
"AAGGTATAGTAAGTGG-1",850,634,0.470588235294118
"AAGGTATAGTTATCTC-1",790,564,0.126582278481013
"AAGGTATAGTTGGCCA-1",1571,975,0.318268618714195
"AAGGTCAAGTCAATCA-1",1173,801,1.19352088661552
"AAGGTGCAGACAACAG-1",765,563,1.04575163398693
"AAGGTGCAGCTGTAAC-1",788,559,0.126903553299492
"AAGTAGCCACAAAGGT-1",1816,1145,0.440528634361234
"AAGTAGCCAGCACCAT-1",863,645,0.579374275782155
"AAGTAGCCAGTTATCG-1",1100,738,1.09090909090909
"AAGTCTATCATGTTTC-1",1488,880,0.806451612903226
"AAGTCTATCCCTGATC-1",2441,1425,1.4338385907415
"AAGTCTATCGTTACAA-1",2210,1377,2.21719457013575
"AAGTGAAGTGTTTGAG-1",1552,1045,0.708762886597938
"AAGTTACGTTTCAGGA-1",1132,800,0.795053003533569
"AAGTTAGCATGAGCAG-1",3783,2002,1.29526830557758
"AAGTTTGTCATGGTGT-1",1050,738,0.666666666666667
"AAGTTTGTCTTACTCG-1",4180,2445,0.69377990430622
"AATAACCGTAATCCCT-1",2498,1340,0.480384307445957
"AATAACCGTCCAAATG-1",2303,1338,0.955275727312201
"AATAACCGTTGGATAT-1",3033,1659,1.05506099571381
"AATACCGGTAAAGCAA-1",932,718,1.07296137339056
"AATACCGGTATTGCAG-1",890,620,0.898876404494382
"AATACCGGTCAATGTG-1",1506,1052,1.12881806108898
"AATACCGGTCTAGCTT-1",974,685,1.23203285420945
"AATACCGGTGACCTGG-1",902,649,0.997782705099778
"AATACCGGTTTACCGT-1",1048,742,0.572519083969466
"AATAGAGGTTTAGTCC-1",780,581,0.384615384615385
"AATAGCTGTACTGAAT-1",2258,1282,0.797165633303809
"AATAGCTGTCATCCTG-1",847,598,0.236127508854782
"AATAGCTGTTGAGCCG-1",837,630,0.836320191158901
"AATAGCTGTTTGCGAA-1",867,577,0.346020761245675
"AATATCCCAAATATCC-1",1257,848,1.19331742243437
"AATATCCCAACCTGGT-1",4109,2017,1.0221465076661
"AATATCCCAAGTTATC-1",1187,768,0.8424599831508
"AATATCCCACAAACTT-1",1714,998,1.4585764294049
"AATATCCCAGAGGGAG-1",892,664,1.12107623318386
"AATATCCCAGGCTACT-1",1339,886,0.0746825989544436
"AATATCCCATAGACCC-1",2392,1398,0.794314381270903
"AATATCCCATGGCCTG-1",1563,1023,1.47152911068458
"AATCATCCAACAGCCT-1",837,573,1.5531660692951
"AATCATCCAACTAACT-1",1457,945,0.411805078929307
"AATCATCCATCAGCAC-1",1660,997,1.02409638554217
"AATCATCCATTTGCTC-1",1021,717,1.56709108716944
"AATCATGTCCACCTTA-1",7406,3064,1.47177963813124
"AATCATGTCCCGTTAC-1",1572,914,0.699745547073791
"AATCATGTCCTAATTC-1",1083,708,0.554016620498615
"AATCCATCAATATGGA-1",1208,820,0.662251655629139
"AATCCATCAATTTGGT-1",2175,1261,0.735632183908046
"AATCCATCACTTCATC-1",1535,951,0.912052117263844
"AATCCATCAGGTCCTG-1",1635,992,0.244648318042813
"AATCCATCAGTCTATG-1",3590,1792,1.6991643454039
"AATCCCTGTAAGGTTT-1",2446,1417,1.39002452984464
"AATCCCTGTGACCTGG-1",991,702,0.70635721493441
"AATCCCTGTGTTTCAC-1",1087,728,0.827966881324747
"AATCCCTGTTGGTTAG-1",876,618,0.799086757990868
"AATCCCTGTTTGTGGA-1",856,638,0.58411214953271
"AATCCGTAGACAGGTA-1",994,691,0.402414486921529
"AATCCGTAGCCTAATA-1",1767,1049,0.452744765138653
"AATCCGTAGCTCATAA-1",2535,1473,0.788954635108481
"AATCCGTAGGAAACTG-1",932,678,1.18025751072961
"AATCCGTAGGATTGCT-1",853,621,0.937866354044549
"AATCCGTAGGCCTAAT-1",1430,917,1.11888111888112
"AATCCTAAGCGTGCAC-1",2141,1391,2.33535730966838
"AATCCTAAGGAAGCTA-1",787,577,0.635324015247776
"AATCCTAAGTTTGAGC-1",1052,774,0.855513307984791
"AATCGCCCAAATTGCT-1",1212,836,0.907590759075908
"AATCGCCCAATTTAGC-1",847,593,0.354191263282172
"AATCGCCCATTAAGCT-1",1025,740,1.17073170731707
"AATCTCAAGAACCTAC-1",1931,1270,0.776799585706888
"AATCTCAAGCACTTGG-1",1026,732,0.0974658869395711
"AATCTCAAGGACCTTG-1",895,648,1.11731843575419
"AATCTCAAGGCTACTG-1",957,674,0.313479623824451
"AATCTCAAGGTAACGA-1",1669,1017,0.778909526662672
"AATCTTGAGCTGGCTA-1",991,717,0.908173562058527
"AATCTTGAGGACCTCA-1",1141,760,0.7011393514461
"AATCTTGAGGCCTGGT-1",800,574,0.875
"AATCTTGAGTTAGGCT-1",2290,1413,0.436681222707424
"AATCTTGAGTTGCCTC-1",795,582,0.628930817610063
"AATGAAGGTCAATAGT-1",955,678,0.837696335078534
"AATGCAACAGCTACGT-1",881,639,0.794551645856981
"AATGCAACAGGACCAA-1",820,603,0.48780487804878
"AATGCAACAGGTTATT-1",2687,1532,0.409378489021213
"AATGCAACATCATGTG-1",1378,913,0.435413642960813
"AATGCATGTAGACAAA-1",1233,854,1.05433901054339
"AATGCATGTCACTCGC-1",1301,878,1.15295926210607
"AATGCATGTGGTTATG-1",1480,962,0.0675675675675676
"AATGCATGTGTAATAC-1",1030,752,1.55339805825243
"AATGTCATCACCGGTA-1",878,602,1.48063781321185
"AATGTCATCACTAAGC-1",1637,1017,1.5271838729383
"AATGTCATCCTCGATC-1",1703,994,0.528479154433353
"AATGTCATCTCGACCT-1",1342,865,1.71385991058122
"AATGTCCAGCTCAATA-1",1270,846,1.10236220472441
"AATGTCCAGCTGGAAA-1",3355,1684,0.536512667660209
"AATTACCCACATTAAC-1",2315,1295,0.518358531317495
"AATTACCCAGTAGCCT-1",2327,1293,0.773528147829824
"AATTACCCATAAGTCT-1",1410,879,0.567375886524823
"AATTACCCATAGACCC-1",5183,2176,0.655990738954274
"AATTACCCATCACAGC-1",1151,783,0.695047784535187
"AATTACCCATGCAACC-1",1413,900,3.32625619249823
"AATTAGCGTCACAAAT-1",2385,1526,0.838574423480084
"AATTAGCGTCCTAGTT-1",937,669,0.533617929562433
"AATTAGCGTGGGTGAA-1",786,622,1.14503816793893
"AATTAGCGTGTCACGG-1",2345,1435,1.36460554371002
"AATTAGCGTGTTGCAA-1",841,650,0.951248513674197
"AATTAGCGTTCATTTG-1",1088,715,1.5625
"AATTAGGCAACAACAA-1",1085,753,0.829493087557604
"AATTCGTCAAGGATTA-1",2697,1591,0.667408231368187
"AATTCGTCACATACTG-1",2036,1160,0.589390962671906
"AATTCGTCACGAATTT-1",797,603,0.250941028858218
"AATTGACGTAATAGCT-1",1846,1091,0.704225352112676
"AATTGACGTAATGACT-1",1398,925,0.357653791130186
"AATTGACGTCTAACAG-1",1065,777,0.469483568075117
"AATTGACGTGTGAGAG-1",921,668,1.085776330076
"AATTGACGTTCGGTAA-1",940,693,0.851063829787234
"AATTGCCAGACAAGTG-1",837,635,0.2389486260454
"AATTGCCAGGACACTT-1",901,647,1.33185349611543
"AATTGCTCAGGCATCT-1",2088,1293,0.862068965517241
"AATTGCTCATAACGGG-1",1214,844,0.329489291598023
"AATTGCTCATACCCGG-1",940,654,1.27659574468085
"AATTGCTCATCACAGC-1",3222,1750,1.24146492861577
"AATTGCTCATTATCCC-1",2048,1217,1.318359375
"AATTGGACAACCCTCC-1",2188,1298,1.0054844606947
"AATTGGACACAATTAC-1",1115,754,0.986547085201794
"AATTGGACACTTAACG-1",1013,723,1.18460019743337
"AATTGGACACTTAGGC-1",964,695,0.20746887966805
"AATTGGACATAATCGT-1",971,641,0.514933058702369
"AATTGGACATAATGTC-1",892,632,0.896860986547085
"AATTGTGTCAAACACC-1",1221,843,0.900900900900901
"AATTGTGTCACCAATA-1",1418,934,0.564174894217207
"AATTGTGTCATAACTG-1",1218,821,0.90311986863711
"AATTGTGTCATGACCG-1",883,603,0.679501698754247
"AATTGTGTCCCGAACA-1",767,578,1.17340286831812
"AATTGTGTCGTTACAA-1",1164,812,1.28865979381443
"AATTGTGTCTTAGTCT-1",1295,860,0.386100386100386
"AATTTCCTCATGCCTC-1",1491,939,1.60965794768612
"AATTTCCTCATTAGGC-1",2651,1436,0.829875518672199
"AATTTCCTCCAAGTTA-1",5602,2534,0.856836843984291
"AATTTCCTCTCCTCTT-1",1279,853,1.01641907740422
"AATTTCCTCTTGGACG-1",1395,915,0.931899641577061
"AATTTGCCACCTCAGG-1",1915,1231,1.40992167101828
"AATTTGCCATTAGGCC-1",2216,1378,0.72202166064982
"AATTTGGTCGTTTCGC-1",761,528,0.657030223390276
"ACAAACTGTGTTGCAA-1",992,679,0.705645161290323
"ACAAACTGTTAATGAC-1",1532,914,0.97911227154047
"ACAAACTGTTCAAGAT-1",1603,1087,0.374298190892077
"ACAAAGGTCAATACGC-1",836,576,1.31578947368421
"ACAAAGGTCAATCTCT-1",1742,1092,0.287026406429392
"ACAACAACAACAACAA-1",1401,844,1.14204139900071
"ACAACAACAACCCTCC-1",2196,1255,0.728597449908925
"ACAACAACAATTGCGC-1",1967,1178,1.32180986273513
"ACAACAACACAGCCTG-1",1063,719,0.188146754468485
"ACAACAACATGTTGCA-1",966,671,1.13871635610766
"ACAACACTCAGTTCCC-1",1255,796,0.557768924302789
"ACAACACTCATTACGA-1",1048,733,0.763358778625954
"ACAACACTCCTCCTAA-1",1299,822,1.53964588144727
"ACAACACTCCTCGATC-1",2103,1274,1.37898240608654
"ACAACACTCGATTATG-1",1694,1081,1.12160566706021
"ACAACACTCTTAGTCT-1",2054,1208,0.827653359298929
"ACAACAGAGCTATTAG-1",1517,913,0.659195781147001
"ACAACAGAGGAAGCAC-1",1408,1000,1.42045454545455
"ACAACAGAGTCTCACC-1",944,630,0.847457627118644
"ACAACAGAGTTATGGC-1",1019,712,2.64965652600589
"ACACAATGTACCAGGT-1",6339,2809,0.804543303360151
"ACACAATGTCGAAGTC-1",2641,1570,1.09806891329042
"ACACAATGTGCTTAGA-1",798,593,0.6265664160401
"ACACAATGTTATCGAG-1",1091,787,1.09990834097159
"ACACAATGTTGTAACG-1",1183,742,1.01437024513948
"ACACCTTGTAGCTGGT-1",3867,2018,1.88776829583657
"ACACCTTGTAGGTTGC-1",1178,842,0.933786078098472
"ACACCTTGTATTGTCC-1",2503,1462,1.27846584099081
"ACACCTTGTTCACCCA-1",2761,1531,0.833031510322347
"ACACCTTGTTCACTGT-1",1470,900,0.476190476190476
"ACACCTTGTTCCAGGG-1",3287,1822,1.18649224216611
"ACACCTTGTTCGGTAA-1",2060,1333,1.31067961165049
"ACACGGACAACCTAAT-1",2273,1318,0.395952485701716
"ACACGGACAATTATGC-1",1202,814,1.24792013311148
"ACACTAATCAGAAACG-1",1178,756,0.764006791171477
"ACACTAATCCCGTTAC-1",2015,1144,1.04218362282878
"ACACTAGGTAACCTAG-1",1822,1203,0.823271130625686
"ACACTTAAGGCCTAAT-1",1279,824,1.01641907740422
"ACACTTAAGGGATGCG-1",853,646,0.586166471277843
"ACACTTAAGGTTTACA-1",1956,1200,1.12474437627812
"ACACTTAAGTTCCCAC-1",1192,776,0.922818791946309
"ACACTTGCAAACATAG-1",851,609,0.940070505287897
"ACACTTGCACACAATT-1",2935,1617,0.715502555366269
"ACACTTGCACTAAATC-1",2180,1160,1.28440366972477
"ACACTTGCAGTTAAAG-1",1018,661,0.196463654223969
"ACACTTGCATGACTAT-1",856,634,0.934579439252336
"ACAGCCGGTGCATTAG-1",1295,897,2.47104247104247
"ACAGCCGGTTGGATAT-1",1739,980,1.32259919493962
"ACAGCGCTCCATAATG-1",831,657,0.962695547533093
"ACAGGAATCCCTGTTA-1",1033,752,0.968054211035818
"ACAGGAATCCTAAGTA-1",1071,772,1.21381886087768
"ACAGGAATCGTGCTAG-1",891,712,0.673400673400673
"ACAGGAATCTTGTCTG-1",1289,871,0.543056633048875
"ACAGGATCAACAGGAT-1",1012,734,1.08695652173913
"ACAGGATCAAGATTCT-1",982,674,1.42566191446029
"ACAGGATCAATAGCCC-1",1042,681,0.959692898272553
"ACAGGATCACAGGGAC-1",906,657,0.883002207505519
"ACAGGATCAGTCTAAT-1",1740,1026,0.574712643678161
"ACAGGATCATAAGTTC-1",1291,865,0.309837335398916
"ACAGGATCATCCTGAA-1",1366,879,0.585651537335286
"ACAGGCTGTAACCTAG-1",1332,863,0.675675675675676
"ACAGGCTGTCAATACG-1",2077,1245,1.01107366393837
"ACAGGCTGTGATTACG-1",1141,780,1.05170902716915
"ACAGGCTGTGCATTTC-1",974,702,1.54004106776181
"ACAGGTAAGGCATGAA-1",966,666,1.5527950310559
"ACAGGTAAGGTGAGAC-1",898,646,0.89086859688196
"ACAGGTAAGTAGCCAT-1",945,673,0.634920634920635
"ACAGGTAAGTCAGTAC-1",1341,876,1.11856823266219
"ACAGTATGTACCAGGT-1",2329,1390,0.8587376556462
"ACAGTATGTCAGTAAT-1",1215,841,0.823045267489712
"ACAGTATGTCATTAGG-1",767,584,0.521512385919166
"ACAGTATGTGGAAACG-1",1097,802,1.36736554238833
"ACAGTATGTTTATGGG-1",2163,1254,0.554785020804438
"ACATAGCTCAATTGGC-1",1922,1194,0.520291363163372
"ACATAGCTCACGCATG-1",1765,1165,1.13314447592068
"ACATAGCTCAGGATGA-1",2174,1315,1.47194112235511
"ACATAGCTCCCTCTAA-1",4781,2248,0.899393432336331
"ACATAGCTCCTAATTC-1",1647,922,1.3357619914997
"ACATAGCTCTGTTCAT-1",2352,1413,1.06292517006803
"ACATAGCTCTTAGTGA-1",788,619,1.01522842639594
"ACATCAATCAAACACC-1",1980,1159,1.11111111111111
"ACATCAATCAGGATGA-1",1853,1142,0.971397733405289
"ACATCAATCCAAACAC-1",1709,971,1.05324751316559
"ACATCATCAAATTCGT-1",1206,752,0.912106135986733
"ACATCATCACCTCAGG-1",1160,757,1.37931034482759
"ACATCATCATCCCGCT-1",1210,846,1.40495867768595
"ACATCATCATTCCTGT-1",2188,1174,0.594149908592322
"ACATTAGTCCCGAACA-1",1809,1151,1.16086235489221
"ACATTGCAGACAAAGT-1",3244,1759,1.04808877928483
"ACATTGCAGCACTAAC-1",4303,2025,0.604229607250755
"ACATTGCAGCTCAATA-1",1549,948,1.16204002582311
"ACATTGCAGGTCTTGG-1",1229,829,0.65093572009764
"ACATTGCAGTAACGAG-1",1174,820,0.511073253833049
"ACATTGCAGTATCGCG-1",1425,960,1.6140350877193
"ACATTGCAGTTTAACG-1",871,594,0.803673938002296
"ACCAAACTCGGTTACG-1",1051,727,0.475737392959087
"ACCAAACTCTCGCCCA-1",800,573,1.125
"ACCAAACTCTTAGGAC-1",3069,1679,0.977517106549365
"ACCAAGTTCAATGTCA-1",2963,1558,0.742490718866014
"ACCAAGTTCAGCACCA-1",1208,829,0.745033112582781
"ACCAAGTTCCAAACAC-1",1692,1044,1.77304964539007
"ACCAAGTTCTTAGGAC-1",956,674,0.418410041841004
"ACCAATATCAGCTAAC-1",2172,1239,1.24309392265193
"ACCAATATCCTGGCTT-1",1162,812,0.774526678141136
"ACCAATATCGTAATCA-1",2678,1522,1.23226288274832
"ACCACACCAACAGCCT-1",1928,1198,0.985477178423236
"ACCACACCAATTTGGT-1",1398,831,0.858369098712446
"ACCACACCAGATTCAT-1",1611,974,0.931098696461825
"ACCACACCAGTAGGAT-1",842,582,1.18764845605701
"ACCACACCATAGCAGG-1",2020,1233,0.792079207920792
"ACCACACCATCCAGGT-1",760,554,0.789473684210526
"ACCACATAGCTTTGTT-1",2690,1591,0.929368029739777
"ACCACATAGGAGTCTT-1",1816,1118,1.76211453744493
"ACCACATAGTTAGGCT-1",2705,1453,1.21996303142329
"ACCACATAGTTCCCGT-1",1157,744,0.345721694036301
"ACCACATAGTTTCCTG-1",3002,1568,0.966022651565623
"ACCAGCTCAATAAGCA-1",1316,893,1.59574468085106
"ACCAGCTCATTGTGCA-1",752,581,1.59574468085106
"ACCAGGACAAAGGTAC-1",884,648,1.35746606334842
"ACCAGGACAATAACCT-1",2020,1137,0.445544554455445
"ACCAGGACATAGGCGA-1",3185,1870,1.287284144427
"ACCAGGACATGCATAT-1",1360,886,0.220588235294118
"ACCAGGACATTTAAGC-1",1306,838,0.842266462480858
"ACCAGGCTCATTTAGG-1",800,576,1
"ACCAGGGAGACACTTA-1",940,671,1.80851063829787
"ACCATAATCATCCACC-1",3638,1867,1.12699285321605
"ACCATAATCCAATTAG-1",1395,883,0.931899641577061
"ACCATAATCCTCAGTC-1",1933,1072,0.931195033626487
"ACCATAATCTAAGGTC-1",1737,1109,0.921128382268279
"ACCATTAAGACAACGA-1",1368,888,0.804093567251462
"ACCATTAAGACCATAC-1",2221,1206,0.630346690679874
"ACCATTAAGACTAAGG-1",1492,951,0.603217158176944
"ACCATTAAGCGGTTAT-1",1037,714,1.54291224686596
"ACCATTAAGGCCTTAG-1",1275,815,0.392156862745098
"ACCCAACCAAACCTAT-1",1106,732,1.80831826401447
"ACCCAACCAAACTGTT-1",1542,932,1.10246433203632
"ACCCAACCACAATGTT-1",1741,998,0.631820792647903
"ACCCAACCACGGTACT-1",2377,1424,1.93521245267143
"ACCCAACCAGATTCAT-1",1036,742,0.965250965250965
"ACCCAACCAGGCTAAG-1",760,598,0.921052631578947
"ACCCAACCAGTAAGTA-1",927,650,1.1866235167206
"ACCCAGGGTACTGATG-1",982,715,0.610997963340122
"ACCCAGGGTATACTGG-1",774,541,0.904392764857881
"ACCCAGGGTTCCATTA-1",1486,997,0.807537012113055
"ACCCGCTGTAATCGCA-1",916,694,1.31004366812227
"ACCCGCTGTCACAGAC-1",882,583,0.90702947845805
"ACCCGGTAGCATTTCT-1",936,653,0.32051282051282
"ACCCGTAAGTAGCTTA-1",1136,756,0.704225352112676
"ACCCGTAAGTGAACAG-1",790,565,0.886075949367089
"ACCCTCCCAAAGGCCA-1",912,653,2.08333333333333
"ACCCTCCCAATTAGGA-1",2622,1504,1.56369183829138
"ACCCTCCCACACAATT-1",2449,1348,1.26582278481013
"ACCCTCCCACTCGCTC-1",1896,1201,1.10759493670886
"ACCCTCCCAGGACCAA-1",1441,928,0.346981263011797
"ACCCTCCCATAGCGAG-1",2111,1284,0.805305542396968
"ACCCTGTTCACACAGT-1",1131,747,0.35366931918656
"ACCCTGTTCACGTTAA-1",1477,924,0.4062288422478
"ACCCTGTTCCACCTGT-1",1709,1058,0.351082504388531
"ACCCTGTTCTCGACCT-1",1366,870,0.292825768667643
"ACCGAAGCAATAAGCA-1",2511,1405,1.194743130227
"ACCGAAGCAATAATGG-1",823,573,0.486026731470231
"ACCGAAGCAATATACC-1",1592,959,1.31909547738693
"ACCGAAGCAGGAACTG-1",1038,805,0.578034682080925
"ACCGAAGCATAGACTT-1",923,626,0.650054171180932
"ACCGAAGCATCATGGC-1",1590,1103,1.57232704402516
"ACCGAAGCATGGCCCA-1",6302,2986,1.84068549666772
"ACCGAAGCATTATCCC-1",1281,833,0.702576112412178
"ACCGCAATCAACAAGG-1",930,695,1.18279569892473
"ACCGCAATCATTGTTC-1",1511,967,0.661813368630046
"ACCGCAATCCGTTAAA-1",1050,727,0.857142857142857
"ACCGCAATCGCACACA-1",1113,780,0.808625336927224
"ACCGCAATCTACTAAG-1",1941,1162,1.44255538382277
"ACCGCAATCTTGATGA-1",2496,1386,0.600961538461539
"ACCGGCTAGGACCGCT-1",1038,780,0.963391136801541
"ACCGGTTCACTAAATC-1",2374,1308,0.4212299915754
"ACCTAAATCACACAGT-1",5860,2583,1.31399317406143
"ACCTAAATCAGCAAAG-1",768,586,0.651041666666667
"ACCTAAATCCCTGGTT-1",3136,1603,0.350765306122449
"ACCTAAATCTACTAAG-1",888,641,1.8018018018018
"ACCTAAGGTATTTGGG-1",1164,792,0.515463917525773
"ACCTAAGGTCAAGACC-1",900,658,0.444444444444444
"ACCTAAGGTCCAAGAC-1",1087,717,0.459981600735971
"ACCTAAGGTGAGAAAC-1",1234,788,0.648298217179903
"ACCTAAGGTGTTAAAC-1",1370,911,0.510948905109489
"ACCTACCTCCTCCATA-1",983,668,0.81383519837233
"ACCTACCTCGCCTGTT-1",880,651,1.47727272727273
"ACCTACCTCTAACCTT-1",2161,1175,0.694123091161499
"ACCTACCTCTTTAAGG-1",1609,953,0.559353635798633
"ACCTCACTCAGCACGC-1",1385,927,1.87725631768953
"ACCTCACTCATGGTTA-1",1444,919,0.831024930747922
"ACCTCACTCCAAGTGT-1",2571,1528,0.933488914819136
"ACCTCACTCCCATAGG-1",1095,775,1.36986301369863
"ACCTCACTCGATTATG-1",2032,1151,1.5748031496063
"ACCTCACTCTAAATCG-1",2873,1562,1.35746606334842
"ACCTCACTCTAATCCT-1",1429,874,0.489853044086774
"ACCTCACTCTATCGCC-1",1465,911,0.614334470989761
"ACCTCACTCTGGCTTC-1",1405,870,0.355871886120996
"ACCTCACTCTGTAATG-1",1128,738,1.15248226950355
"ACCTGGATCCAAACAC-1",917,637,0.981461286804798
"ACCTGGATCCCATAAA-1",943,701,1.59066808059385
"ACCTGGATCGATTATG-1",1329,913,1.8058690744921
"ACCTGGTCAAAGCTCC-1",797,563,0.250941028858218
"ACCTGGTCAACCTAAT-1",1047,720,1.05062082139446
"ACCTGGTCACAGGAAT-1",1247,822,0.882117080994387
"ACCTGGTCACCAAAGG-1",1206,825,0.912106135986733
"ACCTGGTCATTGCGTA-1",2176,1358,0.413602941176471
"ACCTGTTGTAATCCCT-1",2107,1171,0.854295206454675
"ACCTGTTGTCACAGAC-1",1108,796,1.17328519855596
"ACCTGTTGTTGTCCAT-1",1166,830,1.11492281303602
"ACCTGTTGTTGTTGGA-1",1065,733,0.469483568075117
"ACCTTCATCATTAGGC-1",2021,1212,0.98960910440376
"ACCTTCATCGCTATAA-1",2127,1242,1.73953925716972
"ACCTTCATCGCTCACT-1",2649,1490,1.24575311438279
"ACCTTCATCTGCAAGT-1",1281,873,0.78064012490242
"ACCTTCCAGAGGATAT-1",1084,744,1.56826568265683
"ACCTTCCAGCTATGAC-1",2810,1558,1.03202846975089
"ACCTTCCAGTTTGGGT-1",1476,909,0.609756097560976
"ACCTTGCTCAGTATTG-1",991,666,1.91725529767911
"ACCTTGCTCATGGCTG-1",1256,852,1.19426751592357
"ACCTTGCTCGCTTGCT-1",910,690,2.08791208791209
"ACCTTGTGTAAAGCGG-1",781,611,0.89628681177977
"ACCTTGTGTACTTCAC-1",1684,1065,0.653206650831354
"ACCTTGTGTAGACAAA-1",1101,733,0.454132606721163
"ACCTTGTGTATTGGTG-1",895,695,0.446927374301676
"ACCTTGTGTTAGCTGA-1",1311,977,0.53394355453852
"ACCTTGTGTTTACGTC-1",891,650,0.561167227833894
"ACGAACAAGAAACTGG-1",775,576,0.129032258064516
"ACGAACAAGCAACAAG-1",808,610,0.742574257425743
"ACGAACAAGGACGTAA-1",779,560,0.641848523748395
"ACGAACAAGGGTGAAC-1",837,620,0.1194743130227
"ACGAACAAGTTAACCA-1",1423,908,0.210822206605762
"ACGAACAAGTTGTCCC-1",947,678,0.527983104540655
"ACGAAGTCAAACTGTT-1",1203,887,0.748129675810474
"ACGAAGTCAAGTGTCC-1",928,725,1.61637931034483
"ACGAAGTCAGAAATTG-1",1107,760,1.0840108401084
"ACGAATCTCAATTACG-1",3093,1666,0.517297122534756
"ACGAATCTCAGCTAAC-1",4060,2004,0.886699507389163
"ACGAATCTCAGTGAAG-1",1308,915,1.52905198776758
"ACGAATCTCATAACCA-1",1148,771,0.78397212543554
"ACGAATCTCCGCCTAT-1",791,566,1.01137800252845
"ACGAATCTCGCTATAA-1",855,580,1.16959064327485
"ACGAATCTCGTTTCTG-1",1189,786,0.420521446593776
"ACGAATCTCTAATCAG-1",1366,876,0.658857979502196
"ACGAATCTCTTTAGGA-1",1094,707,0.731261425959781
"ACGACAAAGGCTAATC-1",849,594,0.706713780918728
"ACGACAAAGTAACCCG-1",3903,2052,1.05047399436331
"ACGACTTAGAATGACG-1",1069,738,1.12254443405051
"ACGACTTAGACACTTA-1",1501,991,0.532978014656895
"ACGACTTAGCCGCAAC-1",876,664,1.02739726027397
"ACGACTTAGGAAGTAT-1",753,574,0.265604249667995
"ACGACTTAGTCCTTCA-1",975,667,0.615384615384615
"ACGACTTAGTTCCTGC-1",1346,887,0.742942050520059
"ACGAGTAAGGACTAAG-1",966,698,1.34575569358178
"ACGATTCAGAATGACG-1",751,566,1.33155792276964
"ACGATTCAGCATCCAG-1",4445,2124,0.94488188976378
"ACGATTCAGCTATTGA-1",1686,1048,0.29655990510083
"ACGATTCAGGTCAAAG-1",1565,990,1.34185303514377
"ACGCAAGCACTAAATC-1",1533,957,2.0221787345075
"ACGCAAGCAGGCCATT-1",782,593,1.0230179028133
"ACGCACGGTCGACTCC-1",800,640,0.5
"ACGCACGGTGAGACTC-1",817,653,1.8359853121175
"ACGCACGGTTTGAGGC-1",971,738,1.13285272914521
"ACGCCACAGGAGCATA-1",1193,878,2.26320201173512
"ACGCCACAGGCTAAGA-1",833,615,5.16206482593037
"ACGCCACAGGTCCAAT-1",777,575,1.15830115830116
"ACGCCTAAGCATGTTA-1",931,649,1.50375939849624
"ACGCCTTTCTAAATCG-1",1334,865,0.824587706146927
"ACGCCTTTCTCCTCAA-1",1780,1079,1.23595505617978
"ACGCCTTTCTTTGACT-1",1715,1012,0.641399416909621
"ACGCTTGAGTCACTCC-1",957,678,0.731452455590387
"ACGGGAAGTGAACAAA-1",952,711,1.15546218487395
"ACGGTACGTTCATCTA-1",16546,5129,0.936782303880092
"ACGGTTAGTGAGCAAG-1",782,591,1.0230179028133
"ACGGTTAGTTATCGAG-1",774,599,0.904392764857881
"ACGGTTAGTTGTAAAC-1",862,597,1.04408352668213
"ACGGTTTAGTCCTTCA-1",1408,1000,1.06534090909091
"ACGGTTTAGTGAACAG-1",1831,1193,0.382304751501912
"ACGTACCCAAATGCCC-1",1492,1031,2.14477211796247
"ACGTACCCAACTGGCT-1",794,580,1.38539042821159
"ACGTACCCAAGTGAAC-1",1153,775,0.867302688638335
"ACGTACCCACCTAATG-1",2354,1343,1.31690739167375
"ACGTACCCACTTAACG-1",788,556,1.26903553299492
"ACGTACCCATGACTAT-1",1194,812,1.08877721943049
"ACGTACCCATGTCAGC-1",1129,768,1.32860938883968
"ACGTACCCATTGTGTG-1",1619,994,0.432365657813465
"ACGTCAAGTACAATGT-1",771,596,1.42671854734112
"ACGTCCAAGCAAGGAC-1",2215,1402,1.26410835214447
"ACGTTACAGAATGACG-1",982,725,0.610997963340122
"ACGTTACAGCATTAGC-1",1341,889,0.52199850857569
"ACGTTACAGGTGAAGC-1",1588,1054,0.944584382871537
"ACGTTACAGTCATGCG-1",1129,847,0.885739592559788
"ACGTTGTAGGAAGTAT-1",1203,846,0.831255195344971
"ACTAAAGCAACACTTG-1",3108,1752,0.611325611325611
"ACTAAAGCAATCATGT-1",2373,1426,0.884955752212389
"ACTAAAGCACAGGGAC-1",936,688,0.32051282051282
"ACTAAAGCAGCATGGA-1",801,593,0.998751560549313
"ACTAAAGCATAATTGC-1",1539,1006,1.49447693307342
"ACTAAAGCATCCATCT-1",1261,794,0.63441712926249
"ACTAAAGCATGCAACC-1",1753,1155,1.25499144324016
"ACTAAAGCATTGCAGC-1",754,533,1.06100795755968
"ACTAACCAGGGTGGAT-1",756,592,1.05820105820106
"ACTAACGGTAACTACG-1",943,676,0.95440084835631
"ACTAACGGTGCAATAT-1",2767,1620,1.04806649801229
"ACTAACTCAAGGTAAC-1",1361,857,1.02865540044085
"ACTAACTCAATTGAGA-1",1580,1020,0.759493670886076
"ACTAACTCAGAGGGAG-1",797,622,0.250941028858218
"ACTAACTCAGCAGGTA-1",1186,798,1.18043844856661
"ACTAACTCATTATCCC-1",3823,1867,0.60162176301334
"ACTAATCCAAAGGCCA-1",1431,960,0.489168413696716
"ACTAATCCACCTGGTG-1",5962,2537,0.771553170077155
"ACTAATCCACTGGCTG-1",3113,1774,0.867330549309348
"ACTAATCCAGCTAATT-1",1798,1054,0.889877641824249
"ACTAATCCATGTCAGC-1",860,638,1.51162790697674
"ACTAATCCATTCCTCG-1",1280,801,0.46875
"ACTAGGCGTTAGCGTA-1",1135,807,1.49779735682819
"ACTATCCGTTGCAATG-1",3707,1950,1.10601564607499
"ACTATGTCAGCAATAA-1",2416,1315,1.07615894039735
"ACTATGTCAGGTTCAC-1",1639,999,1.52532031726663
"ACTATGTCATAGCTGC-1",1080,716,2.59259259259259
"ACTATGTCATGAGTTT-1",5399,2529,0.796443785886275
"ACTCACCTCAGCATTA-1",1889,1113,1.95870831127581
"ACTCACCTCTTTGTAC-1",2414,1342,0.497100248550124
"ACTCAGTAGCGGTTAT-1",1053,761,1.04463437796771
"ACTCAGTAGCTTACTT-1",1518,982,0.329380764163373
"ACTCAGTAGGTAACGA-1",1095,752,0.821917808219178
"ACTCAGTAGTCTATGA-1",813,557,1.3530135301353
"ACTCCTCAGACACCGC-1",820,626,0.365853658536585
"ACTCCTCAGTCATCCC-1",2801,1584,1.71367368796858
"ACTCCTCAGTCATTAG-1",1656,1011,0.483091787439614
"ACTCCTCAGTCTGGGC-1",1101,758,0.544959128065395
"ACTCGCGCAATATACC-1",1383,878,1.01229211858279
"ACTCGCTTCATGCAAC-1",1286,838,1.01088646967341
"ACTCGCTTCCACCTGT-1",2712,1551,1.5117994100295
"ACTGAAACACCAACCG-1",765,564,1.69934640522876
"ACTGAAACAGCATGAG-1",767,549,0.782268578878748
"ACTGAAACAGCTCAAC-1",1546,961,0.776196636481242
"ACTGAAACATCACAGC-1",986,677,0.811359026369168
"ACTGAATGTAGCAGCT-1",1005,743,1.09452736318408
"ACTGAATGTCACAAAT-1",2552,1371,1.37147335423198
"ACTGAATGTCATTACC-1",3424,1718,0.992990654205607
"ACTGAATGTGATCAGC-1",1988,1251,0.955734406438632
"ACTGAATGTGTGAGGA-1",772,607,1.03626943005181
"ACTGAATGTTAGCATG-1",2258,1233,0.575730735163862
"ACTGAATGTTAGTGAT-1",1306,878,0.382848392036753
"ACTGAATGTTGCTGGG-1",850,594,0.117647058823529
"ACTTACAAGGGTGAAC-1",1298,903,0.847457627118644
"ACTTACAAGTAACAGG-1",3216,1768,1.05721393034826
"ACTTACAAGTGAACCT-1",1435,935,0.48780487804878
"ACTTACTTCAGAAACG-1",803,608,0.99626400996264
"ACTTACTTCAGCATTA-1",1356,787,0.958702064896755
"ACTTACTTCATTTGCT-1",2117,1253,0.330656589513462
"ACTTACTTCCAGGTTG-1",3578,1753,0.475125768585802
"ACTTACTTCCCATAAA-1",766,574,0.652741514360313
"ACTTACTTCGATTTGA-1",895,646,1.22905027932961
"ACTTACTTCGGTACGC-1",773,575,0.905562742561449
"ACTTACTTCTTGCATT-1",15280,4354,0.903141361256544
"ACTTAGGGTACTTCAC-1",2307,1327,1.1703511053316
"ACTTAGGGTGCTGTAA-1",1302,843,0.537634408602151
"ACTTAGGGTGCTTTAC-1",1998,1153,0.4004004004004
"ACTTAGGGTGGTTATG-1",796,559,0.753768844221105
"ACTTAGGGTGTTTGAG-1",913,656,0.766703176341731
"ACTTAGGGTTTGGCGG-1",1033,763,1.35527589545015
"ACTTAGTCACAACAGG-1",1049,756,1.04861773117255
"ACTTAGTCACCTATAG-1",1073,731,0.65237651444548
"ACTTAGTCACGAATTT-1",1247,767,0.641539695268645
"ACTTAGTCAGCAACAG-1",1244,798,0.723472668810289
"ACTTATCTCAATCTCT-1",7187,2901,1.307917072492
"ACTTATCTCATGGCCA-1",1917,1192,1.25195618153365
"ACTTATCTCCCGTTTA-1",1505,910,1.06312292358804
"ACTTATCTCCGTAAAC-1",2098,1243,0.238322211630124
"ACTTATCTCGCGACAC-1",907,686,0.330760749724366
"ACTTATCTCTTTGTAC-1",3706,1892,0.593631948192121
"ACTTCGCTCACGAATC-1",777,583,0.900900900900901
"ACTTCGCTCATAACTG-1",1381,879,1.52063721940623
"ACTTCGCTCATCAGTA-1",1136,774,0.880281690140845
"ACTTCGCTCATTGCAA-1",1162,800,1.80722891566265
"ACTTCGCTCCCTGGAA-1",1179,835,0.593723494486853
"ACTTCGCTCTGTGCAG-1",797,617,0.501882057716437
"ACTTGAATCAGGATGA-1",907,618,0.771775082690187
"ACTTGAATCATTTGCT-1",993,723,0.503524672708963
"ACTTGAATCCTTGCGT-1",772,574,0.38860103626943
"ACTTGAATCTAATCTC-1",1653,994,0.483968542044767
"ACTTGAATCTCCTCTT-1",1046,766,0.573613766730402
"ACTTGCACAATAATGG-1",1208,813,1.73841059602649
"ACTTGCACAATGCCTA-1",815,567,1.22699386503067
"ACTTGCACAGTAGGAT-1",1314,911,1.2937595129376
"ACTTGCACAGTTTCTC-1",1918,1171,0.990615224191867
"ACTTGCACATAAGGAC-1",1166,785,1.45797598627787
"ACTTGTAAGCTCCTAC-1",1540,925,0.584415584415584
"ACTTGTAAGGCATTAC-1",1005,663,0.696517412935323
"ACTTGTAAGTCATTAG-1",1436,916,0.766016713091922
"ACTTGTCGTCTCACTG-1",1148,826,0.609756097560976
"ACTTGTCGTCTTACTA-1",1383,956,0.723065798987708
"ACTTTGTTCAATACGC-1",1227,829,0.814995925020375
"ACTTTGTTCATCCACC-1",1101,753,0.72661217075386
"ACTTTGTTCCATCAGG-1",4177,2128,1.19703136222169
"ACTTTGTTCCTAGTTT-1",1353,899,0.886917960088692
"ACTTTGTTCGATATTG-1",1052,725,0.380228136882129
"ACTTTGTTCGCTAGCA-1",1069,721,0.654817586529467
"AGAAACCCAACACTTG-1",1363,837,0.880410858400587
"AGAAACCCAATGCCTA-1",869,613,1.61104718066743
"AGAAACTAGCAAACCT-1",1494,949,0.669344042838019
"AGAAACTAGCAGCTCA-1",899,641,0.556173526140156
"AGAAACTAGCATCCAG-1",907,667,0.220507166482911
"AGAAACTAGCCAAATC-1",1141,754,1.05170902716915
"AGAAACTAGGCATTAC-1",1442,921,1.17891816920943
"AGAACAAGTAACCTAG-1",1085,715,0.645161290322581
"AGAACAAGTGCAACTA-1",1001,753,1.3986013986014
"AGAACAAGTTTGCGAA-1",1037,755,0.675024108003857
"AGAACCAAGCTATTGA-1",6945,2876,1.13750899928006
"AGAACCAAGGATGATG-1",997,712,0.702106318956871
"AGAACCAAGGATTTGC-1",783,560,0.766283524904214
"AGAACCAAGTAAGTGG-1",2076,1285,0.770712909441233
"AGAATCGAGGCTTAAC-1",2305,1363,0.563991323210412
"AGAATCGAGGGCTTAT-1",758,570,0.659630606860158
"AGAATCGAGTACTGGT-1",1245,830,0.562248995983936
"AGAATCTGTAATAACC-1",1766,1055,0.906002265005663
"AGAATCTGTCATAACG-1",1838,1125,0.0544069640914037
"AGAATCTGTCATAAGT-1",7041,2968,0.752733986649624
"AGAATCTGTGAACAAA-1",3381,1817,1.62673765158237
"AGAATCTGTGTTGCTT-1",1503,1021,0.798403193612774
"AGAATCTGTTCCTGAT-1",1156,787,0.519031141868512
"AGAATCTGTTCGCTTG-1",838,632,0.596658711217184
"AGAATCTGTTTAGCTC-1",1981,1172,0.353356890459364
"AGACAATAGGCCTGGT-1",971,694,1.23583934088568
"AGACACGCAAACTGTT-1",1173,776,0.426257459505541
"AGACACGCACTTCACT-1",876,641,0.684931506849315
"AGACACGCAGGAATCG-1",1486,1046,1.14401076716016
"AGACCCGGTACTTAGG-1",1544,992,0.712435233160622
"AGACCCGGTTAAATGC-1",2186,1337,0.914913083257091
"AGACCCGGTTTAAAGC-1",1200,813,0.333333333333333
"AGACCCGGTTTGTGGA-1",860,661,0.581395348837209
"AGACTATGTAATGGCC-1",2389,1346,1.5069066555044
"AGACTATGTCATCATC-1",2004,1133,1.14770459081836
"AGACTATGTTGCACGG-1",825,587,1.57575757575758
"AGACTATGTTTGCTGT-1",2041,1213,0.391964723174914
"AGAGAAGCAACAGGTG-1",1492,987,0.603217158176944
"AGAGAAGCAATCCTAG-1",1073,746,0.838769804287046
"AGAGAAGCACAGCCAT-1",925,686,1.08108108108108
"AGAGAAGCACCTGCTC-1",1050,799,0.285714285714286
"AGAGAGGAGCATTTCT-1",802,625,0.748129675810474
"AGAGATTAGACAGGCG-1",1024,709,0.48828125
"AGAGATTAGGCTGGCT-1",907,659,1.21278941565601
"AGAGATTAGGGCTTAT-1",1307,830,0.841622035195103
"AGAGGAACAAGTGTCC-1",921,695,0.325732899022801
"AGAGGAACAATGCGCT-1",1128,828,1.06382978723404
"AGAGGAACACTAAATC-1",791,577,0.884955752212389
"AGAGGAACATTGACAT-1",1360,861,0.661764705882353
"AGAGGATGTTTGTTGC-1",1144,800,0.34965034965035
"AGATGAAGTCAATACG-1",1210,873,0.991735537190083
"AGATGAAGTTGACTTC-1",1153,797,0.693842150910668
"AGATGCTTCCCATAGG-1",927,687,0.862998921251348
"AGATGCTTCGAAGTAG-1",1438,943,0.90403337969402
"AGATGCTTCTCATCAT-1",1290,903,1.0077519379845
"AGCAAATAGCATTATG-1",1149,751,0.870322019147084
"AGCAAATAGTAGCCAT-1",1349,894,0.815418828762046
"AGCAAATAGTTTAACG-1",1017,679,0.589970501474926
"AGCAAATAGTTTGAGC-1",1096,770,0.456204379562044
"AGCAACAAGGCATGTT-1",1332,947,0.675675675675676
"AGCAACAAGTAAGGGC-1",1043,766,0.671140939597315
"AGCAACAAGTGAACGA-1",1214,819,0.823723228995058
"AGCAATACATGCAACC-1",3627,1795,0.937413840639647
"AGCAATTGTTAATGAC-1",1735,1064,0.806916426512968
"AGCACAGCATGCTATG-1",3145,1800,1.24006359300477
"AGCACAGCATGTTGGC-1",6171,2933,1.26397666504618
"AGCACTAGTCATCCTG-1",1855,1185,0.970350404312669
"AGCACTAGTGTCCAAA-1",927,678,1.94174757281553
"AGCACTTAGGATCACT-1",991,678,0.302724520686176
"AGCACTTAGGTCCGTA-1",928,635,0.646551724137931
"AGCAGGTAGCATGCAT-1",764,568,0.523560209424084
"AGCATCCCACCAGCAT-1",1159,809,0.94909404659189
"AGCATCCCATAAGTTC-1",1572,964,0.572519083969466
"AGCATCCCATCCTGAA-1",1112,745,0.809352517985611
"AGCATCCCATCGCTTT-1",1033,687,0.677637947725073
"AGCATTTCAATAGCCC-1",5217,2371,0.728387962430516
"AGCATTTCACAACAGG-1",1975,1206,0.455696202531646
"AGCATTTCACAGCCAT-1",1054,696,0.759013282732448
"AGCATTTCACCTGGTG-1",1352,852,0.517751479289941
"AGCATTTCACTTGTTC-1",2892,1681,0.795297372060857
"AGCATTTCAGTTTGGC-1",1177,757,1.35938827527613
"AGCCGCTAGCCTTAAA-1",1501,1008,2.26515656229181
"AGCCGGTTCCTAGTTT-1",1154,769,0.433275563258232
"AGCCTAGTCAGGAACA-1",1671,1088,0.718132854578097
"AGCCTCCGTACTTAGG-1",1566,1009,0.766283524904214
"AGCCTCCGTATTTGCC-1",2436,1479,1.76518883415435
"AGCGGACCAGTTTACG-1",902,695,1.33037694013304
"AGCGGACCATAAGTCT-1",1320,904,0.984848484848485
"AGCTAAACACTAGCGT-1",1993,1250,1.85649774209734
"AGCTAAACAGAATGAC-1",1424,890,0.98314606741573
"AGCTAAACAGCCAGAA-1",766,556,1.0443864229765
"AGCTAAACAGGACCTT-1",897,657,1.00334448160535
"AGCTAAACATGAAATG-1",1357,909,0.294767870302137
"AGCTAACTCAATCTAG-1",2339,1340,1.58187259512612
"AGCTAACTCCAAACAC-1",1423,935,0.5621925509487
"AGCTAACTCGACAAAG-1",1332,872,1.27627627627628
"AGCTAACTCGATTCTT-1",1959,1144,0.663603879530373
"AGCTAACTCGATTTAG-1",1501,984,0.399733510992672
"AGCTAACTCGCTAGTG-1",1537,1138,0.975927130774236
"AGCTAACTCTTGTCTG-1",1040,699,0.480769230769231
"AGCTACGTCCTCCTAA-1",1051,704,0.285442435775452
"AGCTACGTCTTGCATT-1",923,661,0.866738894907909
"AGCTACTAGGCGTAAA-1",1044,773,0.478927203065134
"AGCTACTAGTGAACGA-1",1039,715,1.15495668912416
"AGCTAGTTCATTAGGC-1",2518,1515,1.38999205718824
"AGCTATATCAAACTCA-1",1597,1073,1.12711333750783
"AGCTATATCATGGCCA-1",911,583,1.86608122941822
"AGCTATATCCCAGTAG-1",975,682,1.53846153846154
"AGCTATATCCTAAGTA-1",1723,1120,1.27684271619269
"AGCTATATCGATTTGA-1",2924,1614,0.718194254445964
"AGCTATATCGGTACGC-1",1412,950,1.48725212464589
"AGCTATATCTAGCGTG-1",890,651,1.23595505617978
"AGCTATATCTGTTCAT-1",3775,1807,0.927152317880795
"AGCTCATAGATAACCC-1",1453,988,1.16999311768754
"AGCTCATAGGCTATGT-1",1111,747,0.81008100810081
"AGCTCATAGGTTACGT-1",1088,753,1.93014705882353
"AGCTCATAGTATTGTG-1",960,696,1.25
"AGCTCATAGTCACGAT-1",878,658,1.13895216400911
"AGCTCATAGTCATTGA-1",3163,1774,0.980082200442618
"AGCTGCTCAATATACC-1",1778,1111,0.78740157480315
"AGCTGCTCACATAACT-1",1575,972,0.317460317460317
"AGCTTAATCAAACCTA-1",948,587,1.16033755274262
"AGCTTAATCAGCACGC-1",1033,712,0.968054211035818
"AGCTTAATCATGCTCC-1",2433,1386,0.82203041512536
"AGCTTAATCCAAATCA-1",5005,2374,1.23876123876124
"AGCTTAATCCTTGTTG-1",1908,1184,0.681341719077568
"AGCTTAATCGGCCATA-1",1320,942,0.984848484848485
"AGCTTAATCGTTATCT-1",1359,861,0.588668138337012
"AGCTTAATCTCCTCAA-1",1628,990,1.22850122850123
"AGCTTCCTCCAGGTCA-1",3343,1861,0.957224050254263
"AGCTTCCTCCTAGTTT-1",1422,899,0.351617440225035
"AGCTTCCTCTCACTCA-1",1714,991,0.408401400233372
"AGCTTGGTCCGCCTAT-1",1319,868,1.28885519332828
"AGCTTGGTCTAATCAG-1",922,625,0.86767895878525
"AGCTTTAAGCAGCTCA-1",1923,1320,0.832033281331253
"AGCTTTAAGCTCGCTT-1",904,634,0.774336283185841
"AGCTTTAAGGTCAAAG-1",1149,790,0.609225413402959
"AGGAAACGTTGTAACG-1",1071,811,0.65359477124183
"AGGAAACGTTTCCTCC-1",795,557,0.50314465408805
"AGGAACCAGGATAAAC-1",1832,1143,0.600436681222707
"AGGAACCAGGCTAATC-1",793,596,0.252206809583859
"AGGAACCAGTCCTTCA-1",785,543,0.382165605095541
"AGGAACGGTCTAACCT-1",861,613,0.580720092915215
"AGGAACGGTTGTTGGA-1",1351,966,1.18430792005922
"AGGACGTAGATAGACG-1",850,633,0.470588235294118
"AGGACGTAGGGTTATC-1",1106,856,1.1754068716094
"AGGACTAAGGACTAAG-1",1428,981,0.700280112044818
"AGGACTAAGTAAGAAC-1",1509,1045,0.530152418820411
"AGGAGCTAGCATTTCT-1",756,578,0.661375661375661
"AGGAGCTAGCTTATGA-1",1901,1253,1.10468174644924
"AGGAGCTAGTCTCACC-1",824,640,1.09223300970874
"AGGATATAGACAACGA-1",789,594,0.887198986058302
"AGGATATAGCATGGTT-1",1163,807,0.429922613929493
"AGGATATAGTATTGTG-1",903,677,1.43964562569214
"AGGATATAGTCCTTCA-1",1921,1195,0.62467464862051
"AGGATATAGTTAGCTA-1",830,631,0.72289156626506
"AGGATCCGTCATGAGC-1",772,580,0.906735751295337
"AGGATCCGTCATTAGG-1",1230,838,0.48780487804878
"AGGATCCGTGATTACG-1",920,669,1.08695652173913
"AGGATGCAGACAACAG-1",964,694,1.03734439834025
"AGGATGCAGATAACCC-1",944,672,1.0593220338983
"AGGATGTCACCATATG-1",1171,828,0.512382578992314
"AGGATGTCACTTACAG-1",1150,772,0.956521739130435
"AGGATGTCAGCATTAT-1",789,563,1.39416983523447
"AGGATGTCATTATCCC-1",907,603,1.43329658213892
"AGGATTGAGGACCTCA-1",1042,717,0.767754318618042
"AGGCAATCAAACATAG-1",936,670,1.38888888888889
"AGGCAATCAAAGCTCC-1",933,657,0.535905680600214
"AGGCCCAGTGTAATAC-1",843,622,1.54211150652432
"AGGCCCAGTTACTAGG-1",1358,938,1.25184094256259
"AGGCCCAGTTACTTCA-1",1864,1157,1.28755364806867
"AGGCTAAAGGACCTTG-1",4519,2281,0.553219738880283
"AGGCTAAAGTAACCAC-1",1135,762,0.352422907488987
"AGGCTAAAGTACTGGT-1",4533,2230,0.507390249283036
"AGGCTAAAGTGATTCA-1",1193,838,1.25733445096396
"AGGCTAGCAAGGTAAC-1",814,600,1.84275184275184
"AGGCTAGCACAATGCC-1",997,700,0.802407221664995
"AGGCTAGCACCACAAC-1",1623,1082,1.47874306839187
"AGGGCCTTCAGCAAAG-1",2458,1586,2.96989422294548
"AGGGCCTTCATAATCG-1",1013,717,1.38203356367226
"AGGGCCTTCGCTAAGT-1",973,711,2.87769784172662
"AGGGCCTTCTACTAAG-1",1822,1187,1.04281009879254
"AGGGCTACATCCATCT-1",1255,791,1.59362549800797
"AGGTAACCAACTAGAA-1",903,644,0.332225913621262
"AGGTAACCAAGGAATC-1",981,672,0.509683995922528
"AGGTAACCAAGTGTTT-1",942,677,0.849256900212314
"AGGTAACCACGAATCC-1",771,545,0.389105058365759
"AGGTAACCAGAAATTG-1",2855,1639,0.525394045534151
"AGGTAACCAGTTAAAG-1",1051,730,0.570884871550904
"AGGTAACCAGTTTCTC-1",1456,941,0.274725274725275
"AGGTAACCATAGTCAT-1",821,577,0.48721071863581
"AGGTAACCATATTGAC-1",1109,741,0.991884580703336
"AGGTACGCAGATAGAC-1",830,591,0.481927710843374
"AGGTATTGTCCTAGTT-1",966,655,0.82815734989648
"AGGTATTGTGGTTCTT-1",1624,1011,0.307881773399015
"AGGTATTGTTGTTGGA-1",830,609,0.481927710843374
"AGGTCATTCACAGCCA-1",1171,845,0.597779675491033
"AGGTCATTCAGGTTTA-1",6833,2770,0.848821893750915
"AGGTCATTCCCTCAGT-1",1051,638,1.23691722169363
"AGGTCATTCTCGCCTG-1",1364,916,0.659824046920821
"AGGTCCGGTGGCTTCC-1",983,695,2.13631739572737
"AGGTCCGGTTATCCGT-1",1091,802,0.73327222731439
"AGGTCTTAGCTTCCCG-1",865,659,0.69364161849711
"AGGTCTTAGTCTATGA-1",858,616,0.699300699300699
"AGGTCTTAGTTCCTGC-1",1338,897,0.448430493273543
"AGGTGAATCAACAAGG-1",975,682,0.615384615384615
"AGGTGAATCATTACTC-1",1967,1242,0.864260294865277
"AGGTGAATCCTTGCAC-1",1274,866,0.86342229199372
"AGGTGAATCTGTTGCC-1",1185,815,0.843881856540084
"AGGTGAGGTGCTTAGA-1",763,585,1.04849279161206
"AGGTGAGGTTGTTGCT-1",791,637,0
"AGGTTAACAAGCTTAT-1",3898,2041,0.641354540790149
"AGGTTAACACCCTCAC-1",1452,887,0.206611570247934
"AGGTTAACACTAAGCC-1",2691,1562,1.52359717577109
"AGGTTAACAGGAACCA-1",863,659,0.695249130938586
"AGGTTAACAGTTATCG-1",931,640,0.214822771213749
"AGGTTAACATCCTAGA-1",1684,1143,0.296912114014252
"AGGTTACTCCCAGTAG-1",991,712,0.302724520686176
"AGGTTACTCCTTCGTA-1",788,603,0.634517766497462
"AGGTTACTCTCCTCAA-1",1722,968,0.638792102206736
"AGGTTAGAGGCTACAT-1",1069,767,0.841908325537886
"AGGTTTATCCATAAGC-1",2256,1334,0.620567375886525
"AGGTTTATCGCCTAAG-1",2242,1395,0.4014272970562
"AGGTTTATCTGGCATG-1",1047,719,0.764087870105062
"AGGTTTGGTATTGAGT-1",1587,1031,0.189035916824197
"AGGTTTGGTTTGGCGG-1",1534,1076,1.17340286831812
"AGTAAACAGCAAGATG-1",1570,1053,0.700636942675159
"AGTAAACAGGTGTCCA-1",1173,762,0.51150895140665
"AGTAAACAGTAACCCG-1",812,596,0.985221674876847
"AGTAAACAGTTGGCCA-1",1323,904,0.755857898715042
"AGTAACACAAAGGTAC-1",963,698,0.103842159916926
"AGTAACACAAGGTCCT-1",901,663,0.221975582685905
"AGTAACACACCTATAG-1",1219,773,0.574241181296144
"AGTAACACAGGAACTG-1",953,651,0.734522560335782
"AGTAACACATCACTTC-1",1061,799,0.56550424128181
"AGTAACCTCAGGGCCT-1",832,618,2.04326923076923
"AGTAACCTCATGTTTC-1",760,545,0.394736842105263
"AGTAACCTCGCTCACT-1",1232,838,1.13636363636364
"AGTAACGAGCAAGACA-1",1672,1115,0.83732057416268
"AGTAACGAGCTTCTCA-1",823,575,0.972053462940462
"AGTAACGAGGGCCATC-1",987,720,1.31712259371834
"AGTAAGTAGACTCGCA-1",1869,1230,0.428036383092563
"AGTAAGTAGCAGCTAT-1",821,598,0.97442143727162
"AGTAAGTAGCCAGTAT-1",1207,862,0.579950289975145
"AGTAAGTAGGAGTAAT-1",954,697,0.419287211740042
"AGTAAGTAGTGAACCT-1",942,664,0.743099787685775
"AGTAAGTAGTTCCTGC-1",1405,1002,0.355871886120996
"AGTAATCGTCGACTAA-1",918,630,0.326797385620915
"AGTAATCGTGGTTCTT-1",974,703,0.718685831622177
"AGTAATCGTTATAGCG-1",772,579,0.647668393782383
"AGTAATCGTTCATCTA-1",1902,1228,0.841219768664564
"AGTAATGCAATGCGCT-1",838,571,0.477326968973747
"AGTAATGCAGGCTGTT-1",871,647,0.34443168771527
"AGTAATGCATACTCCT-1",1862,1113,0.537056928034372
"AGTAATGCATGCAACC-1",1352,880,1.18343195266272
"AGTAATGCATTGCGAC-1",1977,1223,0.606980273141123
"AGTAGCTTCAGCATTA-1",889,626,1.68728908886389
"AGTAGCTTCATCCTAT-1",864,637,1.50462962962963
"AGTAGCTTCCGTAAAC-1",1065,766,0.375586854460094
"AGTAGCTTCCTCACTA-1",6216,2717,1.11003861003861
"AGTAGCTTCTTAATGG-1",917,646,1.09051254089422
"AGTAGGATCAACAAGG-1",1023,717,0.684261974584555
"AGTAGGATCCATAAGC-1",786,586,1.78117048346056
"AGTAGGATCCTGGTCT-1",1379,887,0.217548948513416
"AGTAGGATCGATTATG-1",2490,1453,1.76706827309237
"AGTATAGCAATGAATG-1",1187,784,0.8424599831508
"AGTATAGCACAGGGAC-1",899,618,2.11345939933259
"AGTATAGCATAGCAGG-1",1107,753,0.4516711833785
"AGTATAGCATAGCGGA-1",859,615,1.16414435389988
"AGTATAGCATAGCTTG-1",923,669,0.866738894907909
"AGTATAGCATTGTGGC-1",1193,807,1.25733445096396
"AGTCAATGTCATCCTG-1",1185,770,1.0126582278481
"AGTCAATGTCTTACTA-1",1123,787,1.51380231522707
"AGTCAATGTGCTGTAA-1",822,561,0.48661800486618
"AGTCAATGTTAAGTGT-1",997,718,0.300902708124373
"AGTCAATGTTATGTGG-1",1591,998,0.314267756128221
"AGTCAATGTTGCTGGG-1",2768,1626,0.433526011560694
"AGTCAGGCATTATGAC-1",1144,791,2.01048951048951
"AGTCCTGAGAAACTGG-1",1477,998,0.541638456330399
"AGTCCTGAGTTTGGTA-1",1241,860,0.16116035455278
"AGTCCTTGTAAGGTTT-1",2652,1511,1.24434389140271
"AGTCCTTGTGGGAACA-1",1788,1219,0.447427293064877
"AGTCCTTGTTAGACCA-1",1194,848,0.50251256281407
"AGTCCTTGTTGTTGGA-1",1161,811,1.03359173126615
"AGTCCTTGTTTCCTCC-1",1146,768,0.785340314136126
"AGTCGCATCCTTAGGG-1",2762,1660,1.23099203475742
"AGTCGCATCGGTTACG-1",932,711,1.28755364806867
"AGTCTTGCAATCTCTC-1",1374,897,0.727802037845706
"AGTCTTGCATATAACC-1",5720,2568,0.996503496503496
"AGTGAACCACAGGAAT-1",1030,777,0.776699029126214
"AGTGAACCAGCTTAGC-1",4766,2448,0.881242131766681
"AGTGAACCAGGTCCTG-1",2205,1349,0.408163265306122
"AGTGAACCAGTTATGT-1",1451,951,0.895933838731909
"AGTGAACCATAAGTCT-1",1383,893,0.506146059291396
"AGTGAACCATGACTAT-1",1040,732,0.961538461538462
"AGTGAGTCACAAACTT-1",928,685,0.538793103448276
"AGTGATGAGCATCCAG-1",1352,954,0.813609467455621
"AGTGCACGTACGCGCA-1",1801,1233,0.888395335924486
"AGTGCACGTTAGAGCC-1",772,541,0.129533678756477
"AGTGGACAGACTTATG-1",857,656,0.933488914819136
"AGTGGACAGGATGATG-1",1482,1035,0.87719298245614
"AGTGTTTCAATTTGGT-1",1725,1157,0.869565217391304
"AGTTACATCATGCATA-1",1442,884,1.94174757281553
"AGTTACATCCTAAGTA-1",1277,796,0.704776820673453
"AGTTACATCGGGACTC-1",1454,979,1.37551581843191
"AGTTACATCTATGACA-1",1397,941,0.572655690765927
"AGTTACTCATCAGTAT-1",1179,788,0.932994062765055
"AGTTATGTCCCGTTTA-1",779,591,0.641848523748395
"AGTTATGTCCTTCAAT-1",1519,905,0.592495062541145
"AGTTATGTCGGTTTGG-1",1109,761,0.901713255184851
"AGTTGCAGTCGACTAA-1",792,576,0.252525252525253
"AGTTGCAGTGCTGTAA-1",844,634,0.947867298578199
"AGTTGCAGTGGAAACG-1",1004,728,0.796812749003984
"AGTTGCAGTTCGCTTG-1",781,628,0.640204865556978
"AGTTGTCAGATAACCC-1",1482,958,0.944669365721997
"AGTTGTCAGCAGGTTT-1",758,579,0
"AGTTGTCAGCGGGCAA-1",1041,762,0.384245917387128
"AGTTGTCAGTGAACAG-1",845,663,0.118343195266272
"AGTTTGATCAGAAACG-1",1122,780,0.71301247771836
"AGTTTGATCAGGAACA-1",860,650,0.232558139534884
"AGTTTGATCATTAGGC-1",1032,728,0.193798449612403
"AGTTTGCAGCATGAAG-1",2883,1602,0.520291363163372
"AGTTTGCAGGGCTTAT-1",862,664,0.812064965197216
"AGTTTGCAGTAAGTCC-1",2544,1390,0.275157232704403
"AGTTTGCAGTGTGATC-1",2012,1264,0.646123260437376
"ATAACGACAACCTGGT-1",2076,1274,1.0597302504817
"ATAACGACACATTAAC-1",1337,821,0.673148840688108
"ATAACGACATGCTTAG-1",1230,754,0.56910569105691
"ATAAGCCTCAACAAGG-1",849,583,0.824499411071849
"ATAAGCCTCCACCTGT-1",1772,1061,0.677200902934537
"ATAAGCCTCCCTCACG-1",1215,813,0.65843621399177
"ATAAGCCTCTCGCCCA-1",770,562,0.779220779220779
"ATAAGCCTCTTAGCCC-1",2633,1454,0.873528294720851
"ATAATGGCAACAACAA-1",1538,925,0.5851755526658
"ATAATGGCACACTAAT-1",5565,2267,1.04222821203953
"ATAATGGCATTCAGCA-1",2039,1278,0.931829328102011
"ATACCGGTCATTGTCT-1",4406,2023,0.88515660463005
"ATACCGGTCCGGGACT-1",1080,744,0.277777777777778
"ATACCTGCACATGCTA-1",1267,845,0.631412786108919
"ATACCTGCACTGGCCA-1",1072,739,1.21268656716418
"ATACCTGCAGCAGGTA-1",888,652,0.563063063063063
"ATACCTGCAGCTAACC-1",1165,774,1.28755364806867
"ATACCTGCAGGATAAC-1",1170,760,0.427350427350427
"ATACCTGCAGGCCATT-1",1067,700,0.656044985941893
"ATACCTGCAGTTTGGC-1",1281,811,0.39032006245121
"ATACCTGCATAGCTGC-1",1099,762,0.363967242948135
"ATAGATGCAATTAACC-1",2030,1223,1.08374384236453
"ATAGATGCACAAAGGT-1",1524,964,0.721784776902887
"ATAGATGCACAAGCCT-1",4149,1985,0.86767895878525
"ATAGATGCACATTAAC-1",2612,1467,1.03369065849923
"ATAGATGCACCTCACC-1",1402,844,2.06847360912981
"ATAGATGCACTGGCCA-1",1014,691,0.29585798816568
"ATAGATGCAGGAACTG-1",2850,1664,0.771929824561404
"ATAGATGCATTAGCCA-1",1254,822,1.99362041467305
"ATAGATGCATTCAGCA-1",1031,716,0.5819592628516
"ATAGCATGTAACGTGC-1",907,679,0.110253583241455
"ATAGCATGTCATTACC-1",1816,1099,1.98237885462555
"ATAGCATGTTAAGCCA-1",2161,1299,1.6196205460435
"ATAGGTACAAACTGTT-1",1770,1103,0.3954802259887
"ATAGGTACAATCTCTC-1",1230,802,0.975609756097561
"ATAGGTACACATAGCC-1",1898,1164,1.84404636459431
"ATAGGTACAGGACACA-1",1089,700,0.734618916437098
"ATAGGTACAGTACCGT-1",1641,953,0.304692260816575
"ATATAGGCACAAACTT-1",2214,1349,0.813008130081301
"ATATAGGCACATTAAC-1",2946,1619,1.663272233537
"ATATAGGCACCAAAGG-1",931,643,0.644468313641246
"ATATAGGCACTTGTTC-1",1129,726,0.620017714791851
"ATATAGGCAGGAATCG-1",797,582,0.752823086574655
"ATATAGGCATGTTGCA-1",1041,741,0.768491834774256
"ATATGCATCACTAATG-1",834,547,1.43884892086331
"ATATGCATCATAGCCG-1",891,576,1.79573512906846
"ATATGCATCATTGTTC-1",844,595,0.23696682464455
"ATATGCATCCCTTGCG-1",1712,1055,0.759345794392523
"ATATGCATCTAATTGG-1",1448,958,0.621546961325967
"ATATGCTCAAACTAAG-1",1681,1040,0.594883997620464
"ATATGCTCACACAATT-1",1488,899,0.604838709677419
"ATATGCTCACTGACCG-1",827,611,1.20918984280532
"ATATGCTCAGGTTCAC-1",1225,781,1.46938775510204
"ATATGCTCATAGCGAG-1",2264,1382,0.706713780918728
"ATATGGTGTAGGTTGC-1",1238,863,0.565428109854604
"ATATGGTGTCCTAAGA-1",1384,939,0.794797687861272
"ATATGGTGTTGGTTCT-1",1137,808,0
"ATATGTCCACCTGGTG-1",802,565,0.498753117206983
"ATATGTCCATTAAGTC-1",2590,1490,0.656370656370656
"ATCAAGACACCAGGTT-1",1011,644,1.08803165182987
"ATCAAGACAGCACGTT-1",934,697,1.17773019271949
"ATCAAGACAGCTTAGC-1",2144,1337,0.652985074626866
"ATCAAGCTCATCAGTA-1",1435,943,1.25435540069686
"ATCAAGCTCATGCTAA-1",1318,821,1.28983308042489
"ATCAATCCAAGCCACT-1",1364,795,0.806451612903226
"ATCAATCCAAGTCGCT-1",1017,571,0.393313667649951
"ATCAATCCAATTTGGT-1",988,686,0.202429149797571
"ATCAATCCAGCAGGTA-1",3354,1874,1.22242098986285
"ATCAATCCATAATTGC-1",1251,811,1.35891286970424
"ATCACAATCAATCATG-1",1932,1108,0.77639751552795
"ATCACAATCACGCCAA-1",1164,739,0.77319587628866
"ATCACAATCCTAAGTA-1",1985,1173,0.604534005037783
"ATCACAATCCTGGCTT-1",1411,910,0.212615166548547
"ATCACAATCGATATTG-1",1799,1099,1.11172873818788
"ATCACAATCGCTTGCT-1",3891,2039,1.00231303006939
"ATCACAATCTAATTGG-1",1439,940,0.347463516330785
"ATCACACAGCAACATC-1",1521,918,0.788954635108481
"ATCACACAGCTATTGA-1",1216,794,0.822368421052632
"ATCACACAGCTCCTTA-1",3838,2018,0.859822824387702
"ATCACACAGTAGAGGC-1",2397,1475,1.7104714226116
"ATCACCCTCAGCTAAC-1",1009,681,0.297324083250743
"ATCACCCTCCAATTAG-1",836,620,0.956937799043062
"ATCACCCTCCCAGTAG-1",1551,1004,0.709219858156028
"ATCACCCTCCTAGTCC-1",1046,740,0.191204588910134
"ATCACCCTCGATATTG-1",7230,2873,1.56293222683264
"ATCACCCTCTCGCCTG-1",796,547,1.00502512562814
"ATCACTAAGACTTACA-1",1625,1036,1.29230769230769
"ATCACTAAGTAGGATG-1",1490,1049,0.939597315436242
"ATCACTAAGTCACCTC-1",1819,1129,2.19901044529962
"ATCAGGTTCCCTCAGT-1",1073,740,0.372786579683131
"ATCAGGTTCTCACATT-1",1376,839,0.290697674418605
"ATCAGGTTCTTCAATC-1",2261,1218,0.530738611233967
"ATCATCAAGACTAAGG-1",1110,766,1.26126126126126
"ATCATCAAGCGCAATT-1",956,693,1.15062761506276
"ATCATCAAGGATGATG-1",869,620,1.15074798619102
"ATCATCAAGGTTAGAG-1",882,648,0.793650793650794
"ATCATCAAGTCTATGA-1",1918,1125,0.677789363920751
"ATCATCAAGTTTGGGT-1",1604,1014,1.30922693266833
"ATCATGTCAAAGCTCC-1",1022,710,1.56555772994129
"ATCATGTCAATCATGT-1",974,712,0.205338809034908
"ATCCAACAGTTTAACG-1",1550,1007,1.03225806451613
"ATCCACCTCAACCAAC-1",942,639,0.636942675159236
"ATCCACCTCAATGTGC-1",1168,789,1.96917808219178
"ATCCACCTCATCCTGC-1",1010,666,1.38613861386139
"ATCCACCTCCTTAAGA-1",1621,1025,0.67859346082665
"ATCCACCTCGCATCCT-1",1203,787,2.49376558603491
"ATCCATAAGCAAGGTA-1",805,584,1.86335403726708
"ATCCATAAGGGATTAG-1",2267,1408,0.661667401852669
"ATCCCGCGTATTTGGG-1",1118,796,1.61001788908766
"ATCCCGCGTGATTTGG-1",1299,908,1.30869899923018
"ATCCGTGAGAAAGCAT-1",1498,1028,0.600801068090788
"ATCCGTGAGTCAATTG-1",836,627,0.717703349282297
"ATCCTCATCAGCAAAG-1",3456,1910,1.5625
"ATCCTCATCCTTCTAG-1",2573,1366,0.855033035367276
"ATCCTCATCTTGGATA-1",1100,775,0.545454545454546
"ATCCTGACAAGCCACT-1",1956,1145,1.07361963190184
"ATCCTGACAATACTGT-1",1821,1042,0.823723228995058
"ATCCTGACACTTAGGC-1",2460,1472,0.650406504065041
"ATCCTGACAGTAAGTA-1",1018,702,1.76817288801572
"ATCCTGACATCAGCAC-1",1926,1193,0.623052959501558
"ATCCTGACATTATCCC-1",2718,1492,0.183958793230316
"ATCCTTAGTTAAGCCA-1",2765,1548,0.831826401446655
"ATCGAGGCATCCGTAA-1",834,645,1.55875299760192
"ATCGAGGCATTAAGTC-1",1019,690,0.490677134445535
"ATCGCTTGTACCTTAC-1",979,689,0.715015321756895
"ATCGCTTGTTCGCGCT-1",919,685,1.63220892274211
"ATCGCTTGTTGGATAT-1",2538,1521,1.26083530338849
"ATCGGCCAGCACCACA-1",880,686,3.63636363636364
"ATCGGCCAGTTAGAGG-1",1168,811,0.599315068493151
"ATCTATGAGCTACTGG-1",858,633,0.34965034965035
"ATCTATGAGTTAGACC-1",1071,749,0.746965452847806
"ATCTTTGGTAACGTGC-1",1044,739,1.14942528735632
"ATCTTTGGTCAGTAAT-1",2830,1521,0.706713780918728
"ATCTTTGGTGCTTTAC-1",4383,1987,0.912616929044034
"ATCTTTGGTTAGTGAT-1",1801,1168,0.555247084952804
"ATCTTTGGTTGTCATC-1",1885,1113,0.318302387267904
"ATGAAGCCAATTTAGC-1",2791,1505,0.895736295234683
"ATGAAGCCAGGAACCA-1",1314,924,1.36986301369863
"ATGAAGCCATTGTTGG-1",932,686,0.429184549356223
"ATGAAGTAGCCACAAT-1",1188,841,2.52525252525253
"ATGAAGTAGTGAGGTA-1",1125,818,1.15555555555556
"ATGAATGCAAGCCACT-1",1131,820,1.3262599469496
"ATGAATGCAGGATAAC-1",954,609,1.25786163522013
"ATGAATGCATCTAGCA-1",822,622,1.09489051094891
"ATGACAACAACTGGGA-1",1178,790,0.848896434634975
"ATGACAACACACTAAT-1",1068,676,1.77902621722846
"ATGACCAGTAAGGTTT-1",1342,879,1.04321907600596
"ATGACCAGTAATGGAA-1",4499,2223,1.55590131140253
"ATGACCAGTATACTGG-1",990,691,1.01010101010101
"ATGACCAGTATTGTCC-1",1069,686,1.0289990645463
"ATGACGAAGCACAGGG-1",808,605,0.99009900990099
"ATGACTCAGATGGACA-1",1449,947,1.38026224982747
"ATGACTCAGCATGAAG-1",1182,800,1.43824027072758
"ATGACTCAGCTATATG-1",2049,1200,2.2938018545632
"ATGACTCAGGATCCGC-1",941,680,1.80658873538789
"ATGAGCCGTTAACGGC-1",1020,743,0.686274509803922
"ATGATGACAAACCTTG-1",1415,930,1.06007067137809
"ATGATGACAAATTGCT-1",954,663,0.838574423480084
"ATGATGACATGGCCTG-1",769,566,0.650195058517555
"ATGATGGAGTGATTCA-1",1476,1064,0.40650406504065
"ATGATGGAGTTATCTC-1",3180,1818,1.16352201257862
"ATGCAAACAATAACCT-1",3191,1754,0.940144155437167
"ATGCAAACACTAAATC-1",2635,1407,0.79696394686907
"ATGCAAACACTGACTA-1",1631,947,1.47148988350705
"ATGCAAACATTAGCGC-1",1412,910,0.637393767705382
"ATGCAAACATTGTCCT-1",1793,1063,0.613496932515337
"ATGCAGGCAAGTTATC-1",752,568,0.531914893617021
"ATGCAGGCAATATACC-1",1699,1002,2.06003531489111
"ATGCAGGCACTTACAG-1",2445,1392,1.02249488752556
"ATGCAGGCAGCCTTGG-1",1385,991,1.5884476534296
"ATGCAGGCATAAAGCA-1",771,566,1.03761348897536
"ATGCAGGCATTCCTGT-1",820,590,0.975609756097561
"ATGCATTCACCTGTAA-1",1719,1043,1.16346713205352
"ATGCATTCAGCGCTTG-1",943,698,2.01484623541888
"ATGCATTCAGTAAGTA-1",915,638,0.765027322404372
"ATGCATTCAGTTATCG-1",2341,1285,0.982486117043998
"ATGCATTCATGAATAG-1",1905,1188,1.15485564304462
"ATGCATTCATTGTCCT-1",1830,1086,0.546448087431694
"ATGCCTGAGACCATAC-1",1146,749,2.5305410122164
"ATGCCTGAGGGCCACT-1",1494,1015,1.13788487282463
"ATGCGATTCACCATTT-1",1425,837,0.56140350877193
"ATGCGATTCATGCTTT-1",1933,1096,0.672529746508019
"ATGCGATTCCCATAGG-1",2118,1380,1.08593012275732
"ATGCGATTCCTTAGGG-1",2833,1652,0.882456759618779
"ATGCTTAAGAACAAGT-1",1092,714,1.83150183150183
"ATGCTTAAGCTAGAAG-1",882,642,0.453514739229025
"ATGCTTAAGTCATCCC-1",2281,1357,1.75361683472161
"ATGCTTAAGTGACCTG-1",825,586,0.848484848484849
"ATGGACAAGATAACCC-1",788,552,0.634517766497462
"ATGGACAAGCTAATCA-1",1067,730,1.03092783505155
"ATGGCCCAGGCGCTAC-1",1040,751,3.26923076923077
"ATGGCCCAGGCTGTGC-1",936,721,6.83760683760684
"ATGGCCGGTCGACTAA-1",848,671,3.30188679245283
"ATGGCTAGTAAATTGC-1",1146,768,0.87260034904014
"ATGGCTAGTTAAGGTT-1",1824,1173,1.2609649122807
"ATGGCTGTCCTCAGTC-1",5897,2889,2.42496184500594
"ATGGCTTAGAGCCGGA-1",1275,923,2.58823529411765
"ATGGCTTAGCATTAGC-1",951,675,1.26182965299685
"ATGGCTTAGCTCAATA-1",1646,974,0.972053462940462
"ATGGCTTAGCTTCCCG-1",1806,1211,2.60243632336656
"ATGGTCTAGAATGACG-1",1175,834,0.595744680851064
"ATGGTCTAGGATGATG-1",1370,983,1.38686131386861
"ATGGTCTAGGGCTAAA-1",947,660,1.3727560718057
"ATGGTCTAGGTCGATT-1",1473,978,1.76510522742702
"ATGGTCTAGTCATGCG-1",1024,688,1.5625
"ATGGTCTAGTCATTGA-1",1870,1169,0.909090909090909
"ATGGTTATCCGTGACA-1",4809,2281,1.24766063630692
"ATGGTTATCGTTTCTG-1",1074,676,0.37243947858473
"ATGGTTATCTCAATGA-1",4641,2246,0.926524455936221
"ATGTAACGTCGTTATC-1",879,603,1.02389078498294
"ATGTAACGTGTTGCTT-1",1730,1187,1.04046242774566
"ATGTAAGCATTGACAT-1",1222,838,0.572831423895254
"ATGTCAATCAAGCTAC-1",1983,1173,0.453857791225416
"ATGTCAATCACTAATG-1",1213,804,2.3083264633141
"ATGTCAATCATTGCAA-1",2208,1370,0.72463768115942
"ATGTCAATCCCTGATC-1",1012,689,2.07509881422925
"ATGTCAATCCTGAATA-1",2033,1274,1.03295622233153
"ATGTCAATCCTTGAGG-1",2214,1369,0.948509485094851
"ATGTCATCAAATGCCC-1",769,562,1.56046814044213
"ATGTCATCAAATTGCT-1",1728,1025,1.09953703703704
"ATGTCATCAACCTGGT-1",1277,831,1.25293657008614
"ATGTCATCAATGAGGT-1",1512,977,0.85978835978836
"ATGTCATCACGTAATT-1",1015,664,1.37931034482759
"ATGTCATCAGCTAACC-1",1127,797,1.06477373558119
"ATGTCATCAGTTAGCC-1",859,553,1.62980209545984
"ATGTCATCATGCATAT-1",1080,706,1.38888888888889
"ATGTCATCATGCTCCC-1",1644,1053,0.425790754257908
"ATGTCATCATGTTGGC-1",2367,1426,1.05618926911703
"ATGTCATCATTAGGCC-1",1851,1156,1.72879524581307
"ATGTCCACAAACTCAT-1",1814,1147,1.54355016538037
"ATGTCCACAATAAGCA-1",899,617,1.89098998887653
"ATGTCCACAGGACCAA-1",824,613,1.94174757281553
"ATGTCCACAGTTAGCC-1",1450,929,0.689655172413793
"ATGTGAGAGGACTAAG-1",796,602,0.628140703517588
"ATGTTCAAGAATGACG-1",1569,1079,0.701083492670491
"ATGTTCAAGCCTCTGT-1",2081,1228,1.00913022585296
"ATGTTCAAGGTTTGAC-1",983,728,0.610376398779247
"ATGTTCAAGTCTGGGC-1",795,589,0.50314465408805
"ATGTTCAAGTTATTCC-1",6323,2656,1.17033053930096
"ATGTTGTCAAACTCAT-1",1261,864,0.793021411578113
"ATGTTGTCAATATGGA-1",1315,868,0.91254752851711
"ATGTTGTCAATTAGGA-1",1697,1086,0.589275191514437
"ATGTTGTCACGTAATT-1",952,660,0.315126050420168
"ATGTTGTCATCTAGCA-1",1119,746,1.60857908847185
"ATGTTGTCATTAGCCA-1",900,642,0.555555555555556
"ATGTTGTCATTATGGT-1",2222,1270,0.72007200720072
"ATGTTGTCATTGTGGC-1",897,629,0.557413600891862
"ATGTTTGAGACTAAGG-1",2072,1220,1.3030888030888
"ATGTTTGAGAGGAGGA-1",1142,828,1.22591943957968
"ATGTTTGAGCCACAAT-1",943,699,0.848356309650053
"ATGTTTGAGGAAACTG-1",1094,775,0.639853747714808
"ATGTTTGAGGAATAAC-1",1141,811,0.438212094653812
"ATTAACCCAGTTTCTC-1",3443,1806,0.697066511762997
"ATTAACCCATCACTTC-1",1890,1020,0.37037037037037
"ATTACCCGTAAGGTCC-1",1201,827,2.41465445462115
"ATTACCCGTCCAAATG-1",1535,983,1.49837133550489
"ATTACCCGTGAATCGC-1",939,667,2.0234291799787
"ATTACCGCAAGCTAAA-1",1254,865,1.03668261562998
"ATTACCGCAATATACC-1",1044,738,1.53256704980843
"ATTACCGCATTAAAGG-1",950,701,0.631578947368421
"ATTACGTCAAAGGCCA-1",856,602,1.51869158878505
"ATTACGTCAATATACC-1",1040,758,1.53846153846154
"ATTACGTCACCTATAG-1",5216,2481,1.03527607361963
"ATTACGTCATCAGCAC-1",1388,931,1.29682997118156
"ATTACTGAGTTATGGC-1",1060,783,0.754716981132076
"ATTAGCGGTCAATAGT-1",798,611,0.25062656641604
"ATTAGCGGTCCTAACT-1",1436,997,1.04456824512535
"ATTAGCGGTTCACTGT-1",898,697,1.89309576837416
"ATTAGCTCACATAGCC-1",996,699,0.70281124497992
"ATTAGCTCACCACAAC-1",1055,687,0.947867298578199
"ATTAGCTCAGGATGGC-1",818,623,1.10024449877751
"ATTAGCTCATTATCCC-1",1640,862,0.48780487804878
"ATTAGGTGTAGCTAGC-1",1691,1077,1.0053222945003
"ATTAGGTGTGCTCCGT-1",783,604,1.14942528735632
"ATTAGTCCAAATGCCC-1",1385,859,1.08303249097473
"ATTAGTCCAATCCTAG-1",2502,1540,1.15907274180655
"ATTAGTCCACCATATG-1",2053,1130,1.07160253287871
"ATTAGTCCACGAACAG-1",1298,848,1.30970724191063
"ATTAGTCCAGTAAGTA-1",2153,1369,0.743149094287041
"ATTAGTCCATAATTGC-1",2540,1399,0.31496062992126
"ATTAGTCCATCCCGCT-1",842,615,1.18764845605701
"ATTAGTCCATGACTAT-1",1320,906,0.757575757575758
"ATTAGTCCATTAGCGC-1",1692,1045,0.709219858156028
"ATTATCCTCACATTGA-1",1230,826,1.21951219512195
"ATTATCCTCACTTCAT-1",2279,1311,0.921456779289162
"ATTATCCTCCAAGTTA-1",973,670,1.02774922918808
"ATTATCCTCCATCAGG-1",4016,2082,0.896414342629482
"ATTATCCTCCGCACAA-1",1159,741,1.72562553925798
"ATTATCCTCCGCCAAA-1",1702,1099,1.17508813160987
"ATTATCCTCTAGCTAA-1",3054,1602,1.37524557956778
"ATTATGGTCCCTCAGT-1",2131,1165,1.0793054903801
"ATTCAACCAAGACTCC-1",933,667,1.71489817792069
"ATTCAACCACAAACTT-1",2152,1193,1.20817843866171
"ATTCAACCACAGAACG-1",2318,1378,1.12165660051769
"ATTCAACCAGGCATCT-1",1401,915,0.785153461812991
"ATTCAACCAGTAATAG-1",1153,780,0.780572419774501
"ATTCAACCATTGTCAG-1",1319,857,1.28885519332828
"ATTCACTTCACCGGTA-1",1283,882,0.701480904130943
"ATTCACTTCCGGTTGA-1",1413,858,0.636942675159236
"ATTCACTTCGCTCACT-1",948,646,1.05485232067511
"ATTCACTTCTAGCGTG-1",1358,884,0.810014727540501
"ATTCACTTCTTACTCG-1",1145,763,0.786026200873363
"ATTCATGAGAAACTGG-1",1147,771,0.3487358326068
"ATTCATGAGCTAATTG-1",3666,1957,0.900163666121113
"ATTCATGAGCTTACTT-1",2572,1429,0.583203732503888
"ATTCATGAGGGACTAA-1",800,596,0.625
"ATTCATGAGTCAATTG-1",1850,1164,0.540540540540541
"ATTCATGAGTCACCTC-1",3296,1839,1.24393203883495
"ATTCCGGAGATGGAGC-1",1360,943,0.808823529411765
"ATTCCTAGTGATGGCT-1",2544,1558,1.88679245283019
"ATTCCTAGTTTAGTCC-1",1602,991,0.936329588014981
"ATTCCTCCAACTAACT-1",2008,1149,0.946215139442231
"ATTCCTCCAGCTTAAT-1",1288,818,0.77639751552795
"ATTCCTCCATTAAGTC-1",1582,1009,0.505689001264223
"ATTCGTTTCAGCAAGA-1",4054,2047,1.01134681795757
"ATTCGTTTCATCCTGC-1",1591,961,0.754242614707731
"ATTCGTTTCCTTAGGG-1",1025,722,0.390243902439024
"ATTCGTTTCGACCTGA-1",1831,1178,1.09229929000546
"ATTCGTTTCTCAATTC-1",1665,1050,0.600600600600601
"ATTCGTTTCTGGCATG-1",1235,848,0.97165991902834
"ATTCGTTTCTTTGTAC-1",1776,1038,0.563063063063063
"ATTGACTCAAGGTACG-1",1979,1198,0.656897422940879
"ATTGACTCAAGTGAAC-1",1618,1062,0.741656365883807
"ATTGACTCACAATACT-1",2546,1396,1.02120974076984
"ATTGACTCATAGCGAG-1",1241,840,0.72522159548751
"ATTGACTCATGAATCT-1",5301,2527,0.980946991133748
"ATTGACTCATTATGGT-1",1822,1118,0.768386388583974
"ATTGCACAGCATTAGC-1",908,608,0.66079295154185
"ATTGCACAGGTCCAAT-1",1631,1004,0.551808706315144
"ATTGCAGGTAGCTGGT-1",924,645,1.08225108225108
"ATTGCAGGTCACACCC-1",917,637,0.763358778625954
"ATTGCAGGTCCTAATC-1",1195,826,0.920502092050209
"ATTGCAGGTGTTAAAC-1",876,614,0.342465753424658
"ATTGCGCCACAGGAAT-1",778,584,1.15681233933162
"ATTGCGCCATTATGAC-1",1323,872,2.11640211640212
"ATTGCTCGTAATGACT-1",1020,734,0.490196078431373
"ATTGCTCGTACCGTTT-1",1131,818,0.618921308576481
"ATTGGCTAGCCATCAG-1",866,606,0.115473441108545
"ATTGGCTAGTATGTGC-1",1105,782,0.633484162895928
"ATTGGCTAGTGATTCA-1",767,594,1.04302477183833
"ATTGGTTCAAGCTTTG-1",1560,1021,0.32051282051282
"ATTGGTTCACACCAAC-1",2050,1206,1.02439024390244
"ATTGGTTCACAGGAAT-1",1625,985,0.430769230769231
"ATTGGTTCACTCAACA-1",1194,731,0.921273031825796
"ATTGGTTCAGGTATTT-1",2383,1290,0.545530843474612
"ATTGGTTCATGAATCT-1",3193,1460,0.407140620106483
"ATTGGTTCATTCCTCG-1",2003,1194,1.09835247129306
"ATTGTCCGTAGCAGCT-1",1048,680,0.66793893129771
"ATTGTCCGTGCATTTC-1",1117,788,0.35810205908684
"ATTGTGATCAACCAAC-1",1328,876,0.903614457831325
"ATTGTGATCATGACCG-1",2709,1557,1.51347360649686
"ATTGTGATCCTGTTCA-1",4411,2120,0.816141464520517
"ATTGTGATCGCACAAT-1",811,599,0.739827373612824
"ATTGTGATCGCTAAAC-1",989,722,0.70778564206269
"ATTGTGATCGTAATCA-1",824,615,0.485436893203883
"ATTGTGATCTATGACA-1",1688,1003,2.72511848341232
"ATTGTGATCTTTGACT-1",969,667,0.412796697626419
"ATTTAGCCACGTTACA-1",1946,1179,0.976361767728674
"ATTTAGCCATGAATAG-1",785,565,0.636942675159236
"ATTTAGGTCGTTCACC-1",760,605,0.789473684210526
"ATTTAGGTCTGTTGCC-1",1012,699,0.494071146245059
"ATTTGCAAGATAAAGC-1",2671,1505,0.935979034069637
"ATTTGCAAGCAAGGTA-1",1097,825,1.18505013673655
"ATTTGCAAGGACAACA-1",1393,962,1.14860014357502
"ATTTGCAAGTAACCAC-1",1167,783,0.685518423307626
"ATTTGCAAGTAAGTGG-1",905,681,0.331491712707182
"ATTTGCAAGTTTGAGC-1",843,637,0.474495848161329
"ATTTGCGCAACAGGAT-1",1920,1176,0.572916666666667
"ATTTGCGCACAACAAA-1",2203,1328,0.453926463912846
"ATTTGCGCACATAACT-1",4734,2274,1.39416983523447
"ATTTGCGCACGAATTT-1",801,561,0.499375780274657
"ATTTGCGCACTCAACA-1",789,563,0.506970849176172
"ATTTGTGAGCTGTCAG-1",838,630,1.43198090692124
"ATTTGTGAGGATGATG-1",1457,1024,1.02951269732327
"CAAACAACAAACTGTT-1",976,710,0.614754098360656
"CAAACAACAACCTAAT-1",1929,1117,0.62208398133748
"CAAACAACACGAATCC-1",839,584,0.476758045292014
"CAAACAACAGTTTGTG-1",834,610,0.479616306954436
"CAAACAACATGTTGGC-1",2887,1535,0.311742293037755
"CAAACACTCATCCTCA-1",1730,1090,1.15606936416185
"CAAACACTCATGCAAC-1",957,721,0.83594566353187
"CAAACACTCCACCTGT-1",1836,1132,1.08932461873638
"CAAACACTCCTCATCA-1",1143,688,1.48731408573928
"CAAACACTCGATTCTT-1",1909,1117,0.838135149292824
"CAAACACTCGCACAAT-1",885,635,0.225988700564972
"CAAACACTCGGTTAGT-1",1254,810,0.717703349282297
"CAAACATGTGATTACG-1",2202,1372,1.27157129881926
"CAAACATGTTTATCTG-1",1311,857,0.61022120518688
"CAAACCGTCATGCCTC-1",1317,944,1.89825360668185
"CAAACCGTCCAAGTGT-1",794,626,1.13350125944584
"CAAACTGGTAAACAAG-1",837,582,0.836320191158901
"CAAACTGGTACCGTTT-1",1341,844,1.11856823266219
"CAAACTGGTCATTGAG-1",830,609,0.72289156626506
"CAAAGGATCTTAGTGA-1",1725,1100,0.173913043478261
"CAAAGTGAGGCATGAA-1",751,596,0.66577896138482
"CAAATCATCAATGTCA-1",2973,1571,0.807265388496468
"CAAATCATCATGGCCA-1",1339,838,2.24047796863331
"CAAATCATCATTGTCT-1",1563,931,0.447856685860525
"CAAATCATCTGCAAAC-1",1129,746,0.70859167404783
"CAAATCATCTGTGAGT-1",825,613,0.848484848484849
"CAACAATGTTGGTTCT-1",866,624,1.61662817551963
"CAACAGGCAGCAAATA-1",967,673,0.517063081695967
"CAACAGGCATGAGTTT-1",1785,1184,1.62464985994398
"CAACCCGCAATGAGGT-1",755,581,1.05960264900662
"CAACCCGCATATAACC-1",1028,699,1.36186770428016
"CAACCCTTCAAACCGT-1",1356,872,0.958702064896755
"CAACCCTTCATTACGA-1",1472,987,1.97010869565217
"CAACCCTTCCACCCTG-1",1142,761,1.66374781085814
"CAACCCTTCGATTATG-1",2547,1483,1.06007067137809
"CAACTAATCACTCGCT-1",1599,1030,0.500312695434647
"CAACTAATCAGGAAGC-1",777,569,0.643500643500644
"CAACTAATCCGGTATG-1",1219,798,0.902378999179656
"CAACTAATCGCACACA-1",1868,1161,0.642398286937901
"CAACTAGGTCAAGTAT-1",1492,970,1.00536193029491
"CAACTAGGTCGACTAA-1",930,676,0.752688172043011
"CAACTAGGTGATCAGC-1",1000,726,1.1
"CAACTAGGTGGACATC-1",1064,707,0.845864661654135
"CAACTAGGTGTCACGG-1",772,587,1.03626943005181
"CAACTAGGTTGGATAT-1",824,621,1.21359223300971
"CAACTAGGTTGTAAAC-1",1193,809,0.670578373847443
"CAAGAACCAACACCTA-1",2179,1262,0.596603946764571
"CAAGAACCAATTAACC-1",1921,1176,1.04112441436752
"CAAGAACCACCAGCAT-1",916,655,2.29257641921397
"CAAGAACCACTGACTA-1",1907,1067,0.734137388568432
"CAAGAACCAGTTTCTC-1",1091,754,1.28322639780018
"CAAGAACCATGTCAGC-1",1400,905,1.35714285714286
"CAAGAACCATTGACAT-1",1216,800,0.904605263157895
"CAAGACAAGAACCTAC-1",1153,810,1.040763226366
"CAAGACAAGACAAAGT-1",1169,816,0.76988879384089
"CAAGACAAGACTCGCA-1",1030,725,1.06796116504854
"CAAGACAAGCATGACT-1",1449,1011,1.44927536231884
"CAAGACAAGTCACTAA-1",879,688,1.36518771331058
"CAAGACAAGTCTTGAA-1",1109,785,0.36068530207394
"CAAGCTAGTTCAAGAT-1",1913,1235,1.62049137480397
"CAAGGCTGTAAGCTCA-1",937,715,0.64034151547492
"CAAGGCTGTTTGGCTT-1",1366,961,0.585651537335286
"CAAGGTAAGTTATCTC-1",1369,930,0.43827611395179
"CAAGGTTTCCTCAGCT-1",1354,887,0.147710487444609
"CAAGGTTTCTATGACA-1",1200,821,1.33333333333333
"CAAGTAACAACTAGCC-1",1634,1017,0.428396572827417
"CAAGTAACAACTGGCT-1",1153,750,1.21422376409367
"CAAGTAACACATAGCC-1",1006,705,1.19284294234592
"CAAGTAACACCCACAG-1",1149,755,0.522193211488251
"CAAGTAACAGATTCAT-1",1234,814,0.486223662884927
"CAAGTAACAGGATTAA-1",1763,1094,0.850822461712989
"CAAGTAACATAAACCT-1",884,637,0.452488687782805
"CAAGTATGTAGCTAGC-1",1388,883,0.432276657060519
"CAAGTATGTATTTGGG-1",1858,1110,0.538213132400431
"CAAGTATGTCCTTCTC-1",2167,1235,0.50761421319797
"CAAGTATGTTTGCGAA-1",806,577,0.992555831265509
"CAAGTGAAGGACCAGG-1",1295,895,0.84942084942085
"CAAGTTATCAAGCTAC-1",1025,677,2.04878048780488
"CAAGTTATCAATGACC-1",2257,1248,1.24058484714222
"CAAGTTATCAGGCCTA-1",1541,961,1.75210902011681
"CAAGTTATCCAATAGC-1",1090,705,0.458715596330275
"CAAGTTATCTTGTCCA-1",2148,1281,1.0707635009311
"CAATAAGCAAACTAAG-1",2794,1705,0.286327845382963
"CAATAAGCAACCCTCC-1",867,583,0.576701268742791
"CAATAAGCAGGCCAAA-1",1093,757,1.09789569990851
"CAATAGCTCACTTCAT-1",1748,963,1.1441647597254
"CAATAGCTCCCGAACA-1",841,605,0.713436385255648
"CAATAGCTCCCGCCTA-1",864,637,0.347222222222222
"CAATAGCTCCTGAGTG-1",1039,748,0.962463907603465
"CAATATGTCATGCGTG-1",1390,968,0.79136690647482
"CAATATGTCGGTTTCC-1",1065,709,0.938967136150235
"CAATATGTCTAATCCT-1",1827,1080,0.656814449917898
"CAATCCCTCAATAGCC-1",865,615,1.61849710982659
"CAATCCCTCATGCTTT-1",1388,885,0.720461095100865
"CAATCCCTCCCGCAAA-1",794,588,1.13350125944584
"CAATCCCTCCCTGTTA-1",1376,868,0.872093023255814
"CAATCCCTCTTAGCCC-1",1303,808,0.306983883346124
"CAATCCTGTCGACTAA-1",916,581,0.545851528384279
"CAATCCTGTTTAGCTC-1",1709,1081,0.292568753657109
"CAATCGCCATGCTTAG-1",826,613,0.726392251815981
"CAATGAACAAACAACA-1",842,588,1.06888361045131
"CAATGAACAAAGCTAA-1",1179,762,0.678541136556404
"CAATGAACAAAGGTAC-1",814,564,0.614250614250614
"CAATGAACAATAGCCC-1",1123,760,0.6233303650935
"CAATGAACACCTAAGC-1",1378,907,0.58055152394775
"CAATGAACACGTTACA-1",1474,931,0.407055630936228
"CAATGAACATCAGTAT-1",1187,791,0.33698399326032
"CAATGAACATGAATAG-1",1894,1195,0.263991552270327
"CAATGACTCAAATCGC-1",1692,1088,1.18203309692671
"CAATGACTCAATTACG-1",1336,911,0.673652694610778
"CAATGACTCACTAAGC-1",1226,812,1.46818923327896
"CAATGACTCCTTCGTA-1",997,677,1.40421263791374
"CAATGCCCAATAGTCT-1",906,638,1.32450331125828
"CAATGCCCAATCTCTC-1",973,679,1.64439876670092
"CAATGCCCACGAATCC-1",1061,696,0.848256361922714
"CAATGCCCAGAACCGA-1",1072,753,0.746268656716418
"CAATGCCCATTAAGCT-1",2576,1481,1.16459627329193
"CAATGTCAGAGAGGCT-1",6239,2917,1.18608751402468
"CAATGTCAGCAACATC-1",922,672,0.86767895878525
"CAATGTCAGCACAGAA-1",1121,775,0.624442462087422
"CAATGTCAGGTCCTAG-1",883,658,0.566251415628539
"CAATGTCAGTTGTCAA-1",1173,791,0.767263427109974
"CAATGTGGTGAGCAAG-1",1445,1050,0.761245674740484
"CACAATATCAGCAAAG-1",1183,804,0.929839391377853
"CACAATATCATGCAAC-1",1297,790,0.848111025443331
"CACAATATCATTGTCT-1",1789,1079,1.22973728339855
"CACAATATCCCGCAAA-1",795,603,1.13207547169811
"CACAATATCCCGTTTA-1",1597,924,1.00187852222918
"CACAATATCGATTCTT-1",5747,2507,0.765616843570559
"CACAATATCTACTAAG-1",1242,809,2.01288244766506
"CACAATATCTCCATGC-1",993,690,1.71198388721047
"CACAATATCTTTAAGG-1",1496,976,0.401069518716578
"CACAGGCTCTAAGTGC-1",815,614,0.368098159509202
"CACAGGGAGCCGCAAC-1",1338,981,2.24215246636771
"CACAGGGAGTCCTTCA-1",935,697,0.748663101604278
"CACATACAGCTGCACA-1",1432,862,1.39664804469274
"CACATACAGGACCGCT-1",1962,1275,1.07033639143731
"CACATTAAGCATGACT-1",4036,2013,1.09018830525273
"CACATTAAGCATTATG-1",1812,1130,1.21412803532009
"CACATTAAGTAGCTTA-1",3734,1892,0.589180503481521
"CACCAACCACCCACAG-1",1635,1096,1.46788990825688
"CACCAACCACTTGTTC-1",1225,821,1.71428571428571
"CACCAACCAGTCTAGC-1",1205,775,1.16182572614108
"CACCGGTAGTCATTGA-1",995,698,0.904522613065327
"CACCTCAGTACTTCAC-1",1079,747,0.92678405931418
"CACCTCAGTGTCCAGG-1",757,573,1.71730515191546
"CACCTCAGTTCACTGT-1",1200,749,0.333333333333333
"CACCTCAGTTGTTGTC-1",2501,1519,1.39944022391044
"CACCTGTTCAAGACTC-1",2956,1670,0.91339648173207
"CACCTGTTCAGGAACA-1",1905,1127,0.94488188976378
"CACCTGTTCCACCCTG-1",1167,842,1.19965724078835
"CACCTGTTCCTTTACG-1",1555,954,0.707395498392283
"CACCTGTTCGTTAAGC-1",1008,686,0.793650793650794
"CACCTGTTCTTGTTCG-1",1399,914,0.786275911365261
"CACGCAATCATGCTAA-1",885,629,1.24293785310734
"CACGCAATCCTGAATA-1",3513,2193,0.540848277825221
"CACGCAATCGACCTGA-1",1345,913,1.2639405204461
"CACGCAATCGTTATCT-1",1233,800,0.48661800486618
"CACGCTAAGACTAAGG-1",6427,2907,1.60261397230434
"CACTAAGGTACGTTTC-1",1236,808,0.970873786407767
"CACTAAGGTTCCTGAT-1",1576,1012,1.14213197969543
"CACTAGCCACATAACT-1",3060,1644,1.43790849673203
"CACTAGCCAGCATTAT-1",3872,1970,0.903925619834711
"CACTAGCCAGCTAATT-1",1034,714,0.870406189555126
"CACTAGCCAGGAACAT-1",1474,994,0.67842605156038
"CACTAGCCATAATGTC-1",1466,949,1.97817189631651
"CACTTAAAGCTTTGGG-1",921,636,0.434310532030402
"CACTTAAAGTAATCCA-1",1532,917,0.913838120104439
"CACTTAAAGTCCTTCA-1",1584,997,1.01010101010101
"CACTTTGTCAAGCTAC-1",2186,1341,0.823421774931381
"CACTTTGTCAGGGCCT-1",798,555,0.25062656641604
"CACTTTGTCTGCAACG-1",824,599,0.364077669902913
"CAGAACCGTGTAATAC-1",789,572,1.7743979721166
"CAGAATCTCCAGCACA-1",1276,907,0.470219435736677
"CAGAATCTCGCTTCTA-1",773,575,0.905562742561449
"CAGAATCTCTCACATT-1",1657,1013,0.543150271575136
"CAGATTCAGAATCTCA-1",1311,768,0.3813882532418
"CAGATTCAGATAAAGC-1",1645,1064,0.364741641337386
"CAGATTCAGGAGTCTT-1",1886,1225,0.63626723223754
"CAGATTCAGTAAGAAC-1",1364,939,0.366568914956012
"CAGCAAGCACATACTG-1",1220,761,0.327868852459016
"CAGCAAGCAGCTTAAT-1",990,696,0.707070707070707
"CAGCAAGCAGCTTAGC-1",1426,992,1.61290322580645
"CAGCAAGCAGGATTAA-1",909,642,0.44004400440044
"CAGCAAGCATAATGTC-1",974,670,1.64271047227926
"CAGCATGTCCCTCATA-1",1783,1107,1.28996074032529
"CAGCATGTCCTCCATA-1",1808,1119,1.21681415929204
"CAGCATGTCTTAGTGA-1",831,630,1.323706377858
"CAGCATTAGCTATATG-1",4118,1977,1.06847984458475
"CAGCATTAGGCTAGAA-1",1133,799,0.706090026478376
"CAGCATTAGTCGCTAG-1",861,649,3.2520325203252
"CAGCCAATCACAGCCA-1",1292,940,1.39318885448916
"CAGCCAATCACATTGA-1",792,614,1.01010101010101
"CAGCCTAAGCTTAACA-1",1535,965,1.43322475570033
"CAGCCTAAGGTAAGGC-1",1566,1097,2.23499361430396
"CAGCCTAAGTAACAGG-1",823,603,0.972053462940462
"CAGCCTAAGTCATTAG-1",1111,769,1.26012601260126
"CAGCCTTTCTTGACCC-1",1007,712,1.5888778550149
"CAGCTAAGTAGGATTT-1",1373,896,2.1849963583394
"CAGCTAAGTAGGTTTG-1",1170,785,0.769230769230769
"CAGCTAAGTCTTTGAC-1",814,617,2.08845208845209
"CAGCTAAGTTAAGTGT-1",795,572,1.63522012578616
"CAGCTATAGACACTTA-1",2485,1437,1.73038229376258
"CAGCTATAGCCACATG-1",913,605,1.86199342825849
"CAGCTATAGGAACGGT-1",1079,764,1.11214087117702
"CAGCTATAGGTGTTAC-1",1863,1140,0.697799248523886
"CAGCTCAAGACTTATG-1",2934,1662,1.0906612133606
"CAGCTCAAGCCTGTGA-1",1026,767,1.16959064327485
"CAGCTCAAGCGCCTAA-1",1413,1018,1.76928520877565
"CAGCTCAAGGCTAAGA-1",784,594,0.76530612244898
"CAGCTCAAGTGAACCT-1",1001,712,0.899100899100899
"CAGCTCAAGTTTGGGT-1",949,669,0.526870389884089
"CAGGAAGGTAACGAGG-1",864,649,1.15740740740741
"CAGGAAGGTACTGAAT-1",899,640,0.444938820912125
"CAGGACACAAGGTAAC-1",1991,1221,0.552486187845304
"CAGGACACATAATGTC-1",787,598,0.508259212198221
"CAGGATGCACCTAATG-1",869,628,0.920598388952819
"CAGGATGCACTTACAG-1",994,730,1.60965794768612
"CAGGATGCATGGTTAT-1",1361,826,0.514327700220426
"CAGGCTATCAATCTAG-1",1611,995,0.620732464307883
"CAGGCTATCCCGTTAC-1",804,544,2.36318407960199
"CAGGGTGAGAACCTGT-1",838,627,1.3126491646778
"CAGGGTGAGGCACAGG-1",1666,1159,0.720288115246098
"CAGGTGGAGTAACTCA-1",993,756,0.40281973816717
"CAGGTTAGTGCATTTC-1",1099,797,0.545950864422202
"CAGGTTAGTTAGCAGC-1",1546,998,0.388098318240621
"CAGGTTAGTTAGTACG-1",987,688,1.41843971631206
"CAGGTTTAGCACCACA-1",1498,1043,0.867823765020027
"CAGGTTTAGCATTAGC-1",1106,757,0.632911392405063
"CAGGTTTAGCGAGTAA-1",1816,1239,1.10132158590308
"CAGGTTTAGCTTGCTC-1",917,673,0.218102508178844
"CAGGTTTAGGGCTTTG-1",1230,875,0.894308943089431
"CAGGTTTAGGTCCTAG-1",1221,858,0.40950040950041
"CAGTACCCACCAAAGG-1",866,629,0.346420323325635
"CAGTACCCACCTGTAA-1",1357,870,0.957995578481945
"CAGTACCCACTGACCG-1",1280,895,0.78125
"CAGTACCCATCAATCG-1",2269,1348,1.01366240634641
"CAGTACCCATTGTGTG-1",1053,705,0.379867046533713
"CAGTATGGTAGCTAGC-1",993,671,0.503524672708963
"CAGTATGGTCAATACG-1",844,597,0.23696682464455
"CAGTATGGTGCAATGC-1",1052,736,0.665399239543726
"CAGTATGGTGCTTACT-1",937,676,0.426894343649947
"CAGTATGGTGTTTGTC-1",919,647,0.43525571273123
"CAGTATGGTTACAACG-1",1381,888,1.23099203475742
"CAGTATGGTTGCATCT-1",1440,926,0.555555555555556
"CAGTATGGTTTAAAGC-1",864,574,0.462962962962963
"CAGTATGGTTTATCTG-1",4959,2323,0.786448880822747
"CAGTATGGTTTGGCTT-1",1123,711,0.534283170080142
"CATAACGGTAATCCCT-1",1191,780,0.755667506297229
"CATAACGGTATTTGGG-1",3683,1886,0.51588379038827
"CATAACGGTCATAAGT-1",1345,921,0.446096654275093
"CATAAGCTCCACCTTA-1",1071,687,0.466853408029879
"CATAAGCTCGATATTG-1",1169,793,0.598802395209581
"CATAATCCAAAGCTCC-1",1581,924,0.759013282732448
"CATAATCCAGATTCAT-1",1786,1079,0.671892497200448
"CATAATCCAGCTCATA-1",1575,1006,0.634920634920635
"CATAATCCAGGTATTT-1",1451,869,0.827015851137147
"CATAATCCATAGCGGA-1",5746,2660,1.00939784197703
"CATAATGTCAGGAAGC-1",776,570,0.644329896907216
"CATAATGTCCGCCAAA-1",1035,723,1.15942028985507
"CATAATGTCTCACATT-1",1549,970,0.387346675274371
"CATAATGTCTTACTCG-1",2401,1307,0.708038317367763
"CATAGACTCAAACACC-1",958,627,0.417536534446764
"CATAGACTCACCAATA-1",848,604,1.29716981132075
"CATAGACTCATCAGTA-1",2268,1307,0.573192239858906
"CATAGACTCCTGATGG-1",3042,1700,0.690335305719921
"CATAGACTCGCACACA-1",1270,789,0.94488188976378
"CATAGACTCGCTATGG-1",924,638,1.08225108225108
"CATAGACTCTTTGTAC-1",1915,1142,0.939947780678851
"CATAGCTAGAAAGCAT-1",978,665,0.920245398773006
"CATAGCTAGCATGGTT-1",1030,742,0.87378640776699
"CATAGCTAGGGTGAGT-1",2484,1459,1.32850241545894
"CATAGGTTCAAGCTAC-1",1323,879,0.680272108843537
"CATAGGTTCCCATAAA-1",1234,815,0.972447325769854
"CATAGGTTCCCATAGG-1",1031,727,1.26091173617847
"CATAGGTTCCTAGTCC-1",2921,1467,0.78740157480315
"CATAGGTTCGTTTCGC-1",1522,1057,1.37976346911958
"CATAGGTTCTCAATAG-1",3174,1586,0.945179584120983
"CATAGTCAGCCTGACA-1",1919,1171,1.04220948410631
"CATAGTCAGCTAAAGG-1",1638,1025,0.488400488400488
"CATAGTCAGCTGTACG-1",920,648,0.869565217391304
"CATAGTCAGGCATGTT-1",861,586,2.09059233449477
"CATATCGCACTTAGGC-1",1214,833,1.07084019769358
"CATATCGCAGTTTGTG-1",1997,1219,0.701051577366049
"CATCAATCACAATGCC-1",1015,752,1.77339901477833
"CATCAATCACAATGTT-1",950,709,1.47368421052632
"CATCAATCAGATAGAC-1",1577,981,1.26823081800888
"CATCAATCAGCATGAG-1",1429,1008,0.909727081875437
"CATCAATCAGTTATCG-1",1782,1119,0.953984287317621
"CATCAATCATCCTAGA-1",1281,854,1.01483216237315
"CATCACACAACAGGTG-1",1448,922,1.24309392265193
"CATCACACACAACAGG-1",1108,737,0.451263537906137
"CATCACACACAGCCTG-1",1124,756,0.711743772241993
"CATCACACAGGACCTT-1",810,566,1.60493827160494
"CATCACACATAGCAGG-1",1002,706,1.19760479041916
"CATCACACATTGTCAG-1",1062,708,0.0941619585687382
"CATCAGCCACTTCACT-1",1421,912,0.562983814215341
"CATCAGCCATCGCTTT-1",1502,1050,0.66577896138482
"CATCATAAGGAGTCTT-1",1344,931,0.595238095238095
"CATCATAAGTCATTGA-1",1637,947,0.794135613927917
"CATCATGCAAGATTCT-1",1329,858,0.601956358164033
"CATCATGCAGGCTACT-1",2181,1339,1.14626318202659
"CATCATGCATACCCGG-1",881,605,1.02156640181612
"CATCATGCATCATGTG-1",783,563,0.766283524904214
"CATCCCAGTAAGCTTG-1",2464,1430,1.2987012987013
"CATCCCAGTTAGTACG-1",2260,1349,0.663716814159292
"CATCCTCAGACAACAG-1",973,715,0.822199383350462
"CATCCTCAGATTGAGG-1",852,599,1.05633802816901
"CATCCTCAGCCACAAT-1",1003,689,2.99102691924227
"CATCCTCAGCTGTCAG-1",1259,915,1.66799046862589
"CATCCTCAGGATTGCT-1",1423,973,2.17849613492621
"CATCCTCAGTAAAGGT-1",2153,1226,0.882489549465862
"CATCCTGGTACCGAAC-1",1528,1013,0.589005235602094
"CATCCTGGTCGTAATG-1",758,576,1.18733509234828
"CATCCTGGTCTAGCTT-1",3120,1736,0.833333333333333
"CATCCTGGTTAGGCTA-1",806,590,0.86848635235732
"CATCCTGGTTTGCAGA-1",810,580,0.864197530864197
"CATCGCTTCAGGTTTA-1",1275,827,0.941176470588235
"CATCGCTTCATAATCG-1",1258,813,0.874403815580286
"CATCGCTTCCTTCAAT-1",1414,942,1.2022630834512
"CATGAGGCAAACAACA-1",1427,944,0.840925017519271
"CATGCAAGTAAGCTTG-1",1646,1111,0.850546780072904
"CATGCAAGTTATCCGT-1",1043,719,0.958772770853308
"CATGCATAGCTATTGA-1",1910,1177,1.04712041884817
"CATGCATAGTTACCGG-1",1794,1138,0.72463768115942
"CATGCATAGTTGTCTT-1",778,583,1.15681233933162
"CATGCGGGTTTGCGAA-1",2302,1501,2.04170286707211
"CATGGATTCTGTAAGC-1",880,603,1.47727272727273
"CATTATCTCACATTGA-1",1326,832,0.678733031674208
"CATTATCTCACCAATA-1",2147,1217,1.25756870051234
"CATTATCTCATGCTAA-1",2011,1073,0.596718050721034
"CATTATCTCCAGGAAA-1",1254,839,0.956937799043062
"CATTATCTCCCTCAAC-1",2636,1486,1.36570561456753
"CATTATCTCCTCAGCT-1",2167,1160,0.369173973234887
"CATTATCTCCTCCCTC-1",1963,1177,0.356597045338767
"CATTATCTCGCTAGAT-1",1185,766,0.759493670886076
"CATTATCTCGTTTCCA-1",2243,1273,0.668747213553277
"CATTATGAGCAAACCT-1",2424,1329,0.783828382838284
"CATTATGAGGGCCATC-1",1261,839,0.872323552735924
"CATTATGAGTCATTGA-1",1455,954,0.756013745704467
"CATTCATTCAAAGGCA-1",1083,781,0.646352723915051
"CATTCATTCAAGCTAC-1",943,685,0.424178154825027
"CATTCATTCAAGCTTA-1",1953,1095,1.68970814132104
"CATTCATTCACAGCCA-1",999,659,0.700700700700701
"CATTCATTCACTTTAC-1",1432,945,0.977653631284916
"CATTCATTCATGGTTA-1",1848,1080,0.432900432900433
"CATTCATTCCGTTATT-1",1788,1043,0.391498881431767
"CATTCATTCCTGAGTG-1",911,635,1.97585071350165
"CATTCATTCCTTCTAG-1",971,657,0.411946446961895
"CATTCATTCGCAAACT-1",2562,1469,0.702576112412178
"CATTCATTCGGTCATG-1",877,633,0.456100342075257
"CATTCATTCTCAATAG-1",1102,747,0.998185117967332
"CATTCCTCAAGATTCT-1",1708,1039,1.46370023419204
"CATTCCTCACAATTAC-1",2494,1288,1.12269446672013
"CATTCCTCACAGAAAC-1",4843,2246,0.970472847408631
"CATTCCTCATACCCGG-1",1701,1038,1.23456790123457
"CATTGCGAGTGTGATC-1",2950,1921,1.66101694915254
"CATTGCGAGTTTGAGC-1",756,610,1.98412698412698
"CATTGTAAGCTCATAA-1",2044,1204,0.293542074363992
"CATTGTAAGCTTTGGG-1",1161,805,0.172265288544358
"CATTGTAAGGAAGCTA-1",972,680,0.925925925925926
"CATTGTAAGGGTTATC-1",1178,778,0.594227504244482
"CATTGTAAGTCAATCA-1",2058,1238,0.340136054421769
"CATTGTAAGTCACGAT-1",1834,1106,0.272628135223555
"CATTGTAAGTCAGGCC-1",777,594,0.386100386100386
"CATTGTGCAATGAGGT-1",753,572,0.929614873837981
"CATTGTGCACGTTACA-1",3584,1836,0.697544642857143
"CATTGTGCAGATTCAT-1",755,559,0.662251655629139
"CATTGTGCAGCAAGGC-1",811,615,0.986436498150432
"CATTGTGCAGCTCAAC-1",959,691,0.625651720542232
"CATTGTGCATTGTGGC-1",1097,743,1.00273473108478
"CATTTGTTCAATCTCT-1",1565,949,0.575079872204473
"CATTTGTTCCCATAGG-1",960,663,0.416666666666667
"CATTTGTTCCTTAAGA-1",1277,875,0.548159749412686
"CATTTGTTCGGCCAGT-1",784,582,0.38265306122449
"CATTTGTTCGGTTCCT-1",1387,900,0.576784426820476
"CATTTGTTCTAATCCT-1",1560,1015,1.02564102564103
"CATTTGTTCTAGCTAA-1",2076,1209,0.722543352601156
"CATTTGTTCTCCATGC-1",1537,949,0.715679895901106
"CCAAACCCACGAATTT-1",1875,1140,0.96
"CCAAACTAGCCTGATG-1",1944,1222,1.38888888888889
"CCAAACTAGTGATTCA-1",911,651,1.53677277716795
"CCAAATCAGTGATTCA-1",1600,998,0.5625
"CCAACATAGACCATAC-1",7517,3185,1.06425435679127
"CCAACATAGATAACCC-1",2098,1180,1.00095328884652
"CCAACATAGGATTGAG-1",2038,1272,2.60058881256133
"CCAACATAGTCACTCC-1",1548,976,0.839793281653747
"CCAACATAGTTCCCGT-1",1760,1088,0.681818181818182
"CCAACCAAGCAAGACA-1",822,629,2.55474452554745
"CCAACCAAGCAGCTCA-1",782,573,1.53452685421995
"CCAACCAAGTTAGACC-1",1458,1002,1.23456790123457
"CCAACCAAGTTTGCGG-1",4218,2244,2.20483641536273
"CCAACCCGTCCGTAGG-1",881,677,1.92962542565267
"CCAACCCGTTAGGCGT-1",996,770,1.20481927710843
"CCAAGGCTCATTACAG-1",1273,818,2.04241948153967
"CCAAGTTAGCAGCTAT-1",1251,850,0.559552358113509
"CCAAGTTAGCTAATTG-1",1203,824,0.665004156275977
"CCAAGTTAGGCCTGGT-1",1261,856,0.317208564631245
"CCAAGTTAGTTTGTCT-1",2270,1276,0.352422907488987
"CCAATATCAAAGCTCC-1",1728,1096,0.752314814814815
"CCAATATCAACTGGCT-1",880,635,0.454545454545455
"CCAATATCAAGCCAGA-1",900,639,1.33333333333333
"CCAATATCAATGCCCG-1",1063,692,0.752587017873942
"CCAATATCACAGGGAC-1",1196,806,1.00334448160535
"CCAATATCACCTGCCT-1",1122,780,1.33689839572193
"CCAATATCACGGTACT-1",1115,738,0.986547085201794
"CCAATATCACTAAGCC-1",1701,1031,0.881834215167548
"CCAATATCAGGCTACT-1",1243,795,0.563153660498793
"CCAATATCAGGTTATT-1",774,554,1.42118863049096
"CCAATATCAGTACCGT-1",2363,1311,1.22725349132459
"CCAATATCATCAATCG-1",932,647,0.75107296137339
"CCACAATAGAACCTAC-1",1559,960,1.21872995509942
"CCACAATAGGATAAAC-1",1020,708,1.47058823529412
"CCACAATAGGATCCGC-1",1389,925,2.01583873290137
"CCACAATAGGCTTAGT-1",989,657,0.910010111223458
"CCACAATAGGTCTTGG-1",776,589,0.128865979381443
"CCACAATAGTTAGAGG-1",1141,800,0.438212094653812
"CCACAATAGTTGGGCC-1",2640,1539,1.13636363636364
"CCACACAAGGTAAGCA-1",1190,841,1.76470588235294
"CCACACAAGGTCATTA-1",1989,1197,0.804424333836098
"CCACACAAGTAAGAAC-1",1151,717,0.52128583840139
"CCACAGGGTAACCTAG-1",1370,884,0.510948905109489
"CCACAGGGTCTCAGCC-1",2190,1375,1.05022831050228
"CCACATTGTATTCGTC-1",992,673,1.10887096774194
"CCACATTGTCAGGCAT-1",2100,1280,1
"CCACATTGTCCGGTTC-1",1192,868,1.25838926174497
"CCACATTGTGCTGTAA-1",1203,786,2.07813798836243
"CCACTTGGTCATAGAT-1",884,617,0.339366515837104
"CCACTTGGTTTGGCTT-1",4198,2152,1.02429728442115
"CCAGACTCAAGGACCA-1",1115,741,0.717488789237668
"CCAGACTCACGAACAG-1",1355,921,1.77121771217712
"CCAGCCTGTTAAATGC-1",1132,774,0.706713780918728
"CCAGCCTGTTCGCTCA-1",1033,708,1.35527589545015
"CCAGCTAAGGAAACTG-1",1471,973,0.8837525492862
"CCAGCTAAGGTTACGT-1",879,628,0.68259385665529
"CCAGCTAAGTAGGATG-1",1336,957,1.27245508982036
"CCAGCTGCAGCAAATA-1",1898,1170,1.05374077976818
"CCAGCTGCAGGCATCT-1",807,596,0.619578686493185
"CCAGGAACAAGATTCT-1",1227,849,0.6519967400163
"CCAGGAACAGGAACAT-1",906,689,0.993377483443709
"CCAGGAACATGGCCTG-1",1407,1008,1.84790334044065
"CCAGGAACATTAAGTC-1",1175,781,0.765957446808511
"CCAGGATGTCATGCAA-1",1258,884,0.95389507154213
"CCAGGATGTCGTAAAT-1",860,644,0.813953488372093
"CCAGTTTGTAATCGTG-1",1579,1025,0.633312222925903
"CCAGTTTGTACTGAAT-1",3827,1921,0.914554481316958
"CCAGTTTGTGTTGCAA-1",978,729,0.715746421267894
"CCAGTTTGTTACAACG-1",927,640,1.51024811218986
"CCAGTTTGTTCAAGAT-1",2588,1501,0.850077279752705
"CCAGTTTGTTTAACGG-1",852,598,0.469483568075117
"CCATAAATCCATAATG-1",1654,1017,0.544135429262394
"CCATAAATCCTTTACG-1",817,549,0.979192166462668
"CCATAAATCGTTACAA-1",1549,1030,1.67850225952227
"CCATAAATCTATCGCC-1",1895,1127,1.42480211081794
"CCATAAATCTATGACA-1",1990,1193,1.00502512562814
"CCATAAATCTGCAAAC-1",964,641,0.933609958506224
"CCATAAATCTGGCATG-1",2993,1531,0.868693618443034
"CCATAAGGTGGTTAGC-1",1456,976,0.54945054945055
"CCATAAGGTTAACAGT-1",5323,2419,0.450873567537103
"CCATAAGGTTTATCGC-1",1609,1110,0.870105655686762
"CCATAATCAACTAGGG-1",753,547,1.85922974767596
"CCATAATCATGATTGT-1",4756,2172,0.735912531539109
"CCATAATCATTAGCGC-1",3089,1687,0.841696341858207
"CCATAGCCAACAACAA-1",1106,725,2.07956600361664
"CCATAGCCATGAGTTT-1",1104,786,1.90217391304348
"CCATAGCCATGCAACC-1",913,624,1.75246440306681
"CCATATTTCAAACCGT-1",2403,1395,1.99750312109863
"CCATATTTCGCTAGCA-1",3035,1743,1.51565074135091
"CCATCACTCAGGTTTA-1",1733,1001,0.634737449509521
"CCATCACTCATGCATA-1",1913,1133,1.35912179822269
"CCATCACTCGAGCTAT-1",955,657,1.04712041884817
"CCATCATGTACCGTAA-1",2958,1591,0.50709939148073
"CCATCATGTCACCTAT-1",752,570,2.12765957446809
"CCATCATGTCATCCTG-1",4480,2238,1.76339285714286
"CCATTGTGTTCAAGCA-1",1201,814,0.832639467110741
"CCATTGTGTTTAAAGC-1",1548,992,0.710594315245478
"CCCAAACCAAGCTAAA-1",2282,1369,1.00788781770377
"CCCAAACCAATAATGG-1",1043,664,0.575263662511985
"CCCAAACCACTAAGCC-1",962,689,0.415800415800416
"CCCAAACCACTTACAG-1",878,602,0.911161731207289
"CCCAAACCAGGCTACT-1",4525,2572,0.707182320441989
"CCCAAACCATGGTTAT-1",1120,749,0.178571428571429
"CCCAAACCATTAGCCA-1",1202,756,0.582362728785358
"CCCAAACCATTGTCAG-1",1521,947,0.525969756738987
"CCCAAATAGACTCGCA-1",3044,1722,1.08409986859396
"CCCAAATAGCTAATTG-1",2110,1159,0.4739336492891
"CCCAAATAGGAGGTTA-1",1264,874,0.870253164556962
"CCCAAATAGGCGAAAC-1",894,630,1.56599552572707
"CCCAAATAGGGATTAG-1",838,640,0.71599045346062
"CCCAACCGTATCTGGA-1",1573,970,0.572155117609663
"CCCAACCGTCCTTAGT-1",930,672,0.860215053763441
"CCCAACCGTGCTAGAC-1",1409,977,1.63236337828247
"CCCAATTGTAACCACA-1",1940,1117,0.515463917525773
"CCCAATTGTAAGGTTT-1",1718,1060,0.465657741559953
"CCCAATTGTATACTGG-1",4068,1932,0.467059980334317
"CCCAATTGTGTTCCCA-1",2267,1468,1.41155712395236
"CCCAATTGTTAACAGT-1",1882,1148,0.584484590860786
"CCCAGCACAATCGCAC-1",1674,1100,1.13500597371565
"CCCAGCACACGAATTT-1",763,593,0.786369593709043
"CCCAGCACACTTAACG-1",1210,829,0.330578512396694
"CCCAGCACAGCAATAA-1",1867,1178,0.749866095340118
"CCCAGCACATCCCTCA-1",2442,1551,1.55610155610156
"CCCAGCACATTCCTCG-1",1573,1017,0.572155117609663
"CCCAGTTTCAGCACGC-1",1766,1128,0.566251415628539
"CCCAGTTTCATCCACC-1",838,562,0.954653937947494
"CCCAGTTTCCAGGTTG-1",1166,777,0.343053173241852
"CCCAGTTTCGACAAAG-1",2988,1725,1.67336010709505
"CCCGCAACAATGAATG-1",1084,738,0.18450184501845
"CCCGCAACACATAGCC-1",1039,774,2.11742059672762
"CCCGCAACATAATGTC-1",1012,687,0.592885375494071
"CCCGCTTCAATTTGGT-1",867,640,1.26874279123414
"CCCGCTTCACCAAAGG-1",864,629,1.96759259259259
"CCCGCTTCACTATGGC-1",1705,1100,1.46627565982405
"CCCGCTTCAGGAACTG-1",1559,1118,1.15458627325208
"CCCGCTTCATAGCTTG-1",1006,690,0.99403578528827
"CCCGCTTCATTGTGTG-1",915,705,0.765027322404372
"CCCGTAAAGGACAATG-1",1854,1190,1.24056094929881
"CCCGTAAAGTTAGAGG-1",1445,980,0.484429065743945
"CCCGTTGTCACTCAAA-1",766,591,2.088772845953
"CCCGTTGTCTCACTAT-1",981,624,0.203873598369011
"CCCTAATGTAAATTGC-1",1650,1006,1.39393939393939
"CCCTAATGTACTGAAT-1",1268,818,0.473186119873817
"CCCTAATGTAGCTGCG-1",935,670,0.962566844919786
"CCCTAATGTCAATGTG-1",1424,884,0.842696629213483
"CCCTAATGTGATGATT-1",1881,1167,1.80754917597023
"CCCTAATGTGTTGTAG-1",1378,916,1.37880986937591
"CCCTAATGTTGTAAAC-1",4616,2333,1.21317157712305
"CCCTAATGTTTAGTCC-1",924,638,1.08225108225108
"CCCTCACCAATTGAAG-1",3410,1875,2.02346041055718
"CCCTCACCAGCAACAG-1",801,583,0.624219725343321
"CCCTCAGTCACCGGTA-1",1619,933,0.741198270537369
"CCCTCAGTCAGCCAAT-1",1080,710,0.740740740740741
"CCCTCAGTCAGTGAAG-1",1134,789,0.617283950617284
"CCCTCAGTCATGCTCC-1",1197,791,1.00250626566416
"CCCTCAGTCGCAAACT-1",795,590,1.0062893081761
"CCCTCAGTCGGGCCAT-1",1197,944,1.00250626566416
"CCCTCATAGAACCTGT-1",2570,1308,0.622568093385214
"CCCTCATAGCACGATT-1",1717,1115,0.81537565521258
"CCCTCATAGCCTGTGA-1",1470,973,0.680272108843537
"CCCTCATAGGGTGGAT-1",951,692,2.10304942166141
"CCCTGGACAATTAGCT-1",1186,788,0.843170320404722
"CCCTGGACACTTACAG-1",1540,995,0.779220779220779
"CCCTGGACAGTCTAAT-1",2345,1418,0.724946695095949
"CCCTGTTAGCCTCTGT-1",1019,700,1.4720314033366
"CCCTGTTAGCTAAGTC-1",1027,716,1.55793573515093
"CCCTGTTAGCTAATCA-1",1608,969,0.870646766169154
"CCCTGTTAGGTCTTGG-1",1513,973,0.594844679444812
"CCCTTAATCAATAGCC-1",4256,1984,0.963345864661654
"CCCTTAATCACTAAGC-1",881,636,1.36208853575482
"CCCTTAATCATAGACC-1",2629,1500,0.760745530620008
"CCCTTAATCGCTTCTA-1",2010,1120,0.646766169154229
"CCCTTAATCGTTACAA-1",1143,709,0.962379702537183
"CCCTTAATCTATTGTC-1",3010,1489,1.59468438538206
"CCCTTAATCTCTAGCC-1",1139,717,0.351185250219491
"CCCTTAATCTTAGTCT-1",1999,1078,0.750375187593797
"CCGACAGGTCATTAGG-1",752,576,0.930851063829787
"CCGATGCAGTATTGGC-1",803,588,0.49813200498132
"CCGCAAATCAATAGCC-1",888,625,0.788288288288288
"CCGCAAATCCATTACT-1",1535,974,0.781758957654723
"CCGCAAATCCTAAATG-1",1774,1085,0.338218714768884
"CCGCAAATCCTTGTTG-1",1903,1177,0.735680504466632
"CCGCAAATCGGGATTT-1",855,635,0.818713450292398
"CCGCAAATCGTACCGA-1",1102,778,2.17785843920145
"CCGCAAATCTTGGATA-1",1747,1159,0.801373783629079
"CCGCAAGGTACCAGGT-1",1080,756,0.555555555555556
"CCGCAAGGTCCTTCTC-1",2008,1353,0.697211155378486
"CCGCACACAAAGCTCC-1",753,597,1.46082337317397
"CCGCACACAAATTGCT-1",2953,1683,1.38841855739925
"CCGCCAACAATTAGGA-1",1540,1061,1.03896103896104
"CCGCCAACACTAAGTT-1",889,652,1.01237345331834
"CCGCTAAAGAAAGCAT-1",852,644,1.76056338028169
"CCGCTAAAGCTAATCA-1",1329,846,1.7306245297216
"CCGCTAAAGTAATCCA-1",2012,1245,1.19284294234592
"CCGCTAAAGTCACTCC-1",887,651,0.338218714768884
"CCGCTAGCAATGCCTA-1",2260,1394,1.46017699115044
"CCGCTAGCACCTGTAA-1",2127,1384,1.36342266102492
"CCGCTAGCATCACTTC-1",954,684,0.733752620545073
"CCGCTTAGTATGGTGC-1",897,643,1.00334448160535
"CCGCTTAGTCCTTAGT-1",1475,900,0.338983050847458
"CCGCTTAGTTCCATTA-1",1464,929,0.683060109289617
"CCGGTAGGTACTGAAT-1",807,588,0.743494423791822
"CCGTTAACATAATGAG-1",1568,969,0.829081632653061
"CCGTTACTCACATTGA-1",1103,745,0.634632819582956
"CCGTTACTCAGCACGC-1",2380,1497,1.80672268907563
"CCGTTACTCATTAGCA-1",1413,894,0.92002830856334
"CCGTTACTCCACCCTG-1",1310,945,0.687022900763359
"CCGTTACTCCCTGACT-1",1239,829,0.564971751412429
"CCGTTACTCCGGGACT-1",850,636,0.823529411764706
"CCGTTACTCGTTACAA-1",1659,1095,1.02471368294153
"CCGTTACTCTCCATGC-1",1008,730,1.19047619047619
"CCGTTACTCTTTGACT-1",1992,1187,0.602409638554217
"CCGTTATGTAACCACA-1",904,628,0.331858407079646
"CCGTTATGTGTTTCAC-1",1187,802,0.92670598146588
"CCGTTATGTTACGCAA-1",1028,703,1.65369649805447
"CCGTTTGGTCTTGCAT-1",757,545,0.264200792602378
"CCGTTTGGTTACCTGT-1",1221,798,0.655200655200655
"CCGTTTGGTTGTTGCT-1",1035,717,0.483091787439614
"CCTAAAGGTAGCCTCC-1",2107,1205,0.901756051257712
"CCTAAAGGTCTAGCTT-1",852,595,0.469483568075117
"CCTAAATCAAGTCGCT-1",927,514,1.29449838187702
"CCTAAATCAATACTGT-1",4838,2205,1.01281521289789
"CCTAAATCACGAATTT-1",1932,1138,0.87991718426501
"CCTAAATCACTAAGCC-1",924,605,0.432900432900433
"CCTAAATCAGGAACAT-1",1234,840,2.26904376012966
"CCTAAATCAGTAGGAT-1",1313,846,1.14242193450114
"CCTAAGCCAACTAGGG-1",958,708,0.521920668058455
"CCTAAGCCAAGTTATC-1",2304,1322,0.998263888888889
"CCTAAGCCAGGCTTGT-1",1203,845,0.997506234413965
"CCTAAGCCATCCAGGT-1",766,552,0.130548302872063
"CCTAAGCCATTTAAGC-1",967,632,1.13753877973113
"CCTAAGGTCATAACCA-1",1102,772,1.72413793103448
"CCTAAGGTCATGTCAA-1",869,603,1.49597238204833
"CCTAAGGTCATTGTTC-1",902,664,1.10864745011086
"CCTAAGGTCCAGCACA-1",772,575,0.38860103626943
"CCTAAGTAGGTCCTAG-1",1407,908,0.568585643212509
"CCTAAGTAGGTCTTGG-1",1405,981,0.569395017793594
"CCTAATAAGAAGGTGC-1",1008,719,0.694444444444444
"CCTAATAAGCACTAAC-1",1548,923,0.645994832041344
"CCTAATAAGCCTGTTC-1",1737,1001,0.921128382268279
"CCTAATAAGTTAGCTA-1",1071,713,0.65359477124183
"CCTAATCGTCCTAGTT-1",1763,1078,0.397050482132728
"CCTACTGGTTTACGTC-1",1450,906,1.03448275862069
"CCTACTTCAATTAACC-1",1561,906,1.02498398462524
"CCTACTTCACGTTACA-1",1491,899,0.603621730382294
"CCTACTTCAGCACCAT-1",924,659,0.865800865800866
"CCTACTTCAGTAAAGC-1",1112,772,1.16906474820144
"CCTAGTTGTGGGTGAA-1",3509,1922,0.284981476204047
"CCTATAGCAAGTTATC-1",1014,706,0.493096646942801
"CCTATAGCAATAATGG-1",3059,1712,1.01340307289964
"CCTATAGCACAGCCAT-1",1338,901,1.64424514200299
"CCTATAGCAGCTTAGC-1",1607,972,0.622277535780958
"CCTATAGCATAGACTT-1",1380,786,0.434782608695652
"CCTATAGCATTGTGAT-1",1318,862,1.66919575113809
"CCTATATTCACAGACT-1",3195,1705,1.03286384976526
"CCTATATTCAGGCCTA-1",3257,1574,0.798280626343261
"CCTATATTCCTACCTA-1",1182,780,0.930626057529611
"CCTATATTCGAGCTAT-1",1779,1053,1.29286115795391
"CCTATATTCGTTATCT-1",2946,1625,1.05227427019688
"CCTATATTCGTTTCGC-1",1948,1199,0.82135523613963
"CCTATTGTCATGGCCA-1",2034,1250,2.26155358898722
"CCTATTGTCCAATTAG-1",3620,1800,0.828729281767956
"CCTATTTAGGGCCATC-1",2058,1291,2.1379980563654
"CCTATTTAGTTTAACG-1",2942,1493,0.407885791978246
"CCTATTTAGTTTCCTG-1",2871,1385,0.696621386276559
"CCTCAAACAGAAATTG-1",1238,808,1.13085621970921
"CCTCAAACAGCAACCT-1",1029,699,0.777453838678328
"CCTCAAACAGGCATCT-1",1773,1136,0.95882684715172
"CCTCAAACATTTGCTC-1",1325,830,0.679245283018868
"CCTCAATGTAAGCACC-1",1149,749,0.957354221061793
"CCTCAATGTACCTTAC-1",2786,1470,0.394831299353912
"CCTCAATGTTAAGGTT-1",982,669,1.12016293279022
"CCTCAGTTCATGACCG-1",1414,901,1.48514851485149
"CCTCAGTTCCCGTTAC-1",822,606,0.97323600973236
"CCTCAGTTCGTTAAGC-1",1300,895,1.15384615384615
"CCTCAGTTCGTTTCTG-1",773,562,0.905562742561449
"CCTCCTCTCGAGCTAT-1",1085,759,1.01382488479263
"CCTCCTCTCGCTAGAT-1",873,648,1.71821305841924
"CCTCCTCTCGCTATAA-1",1300,851,0.846153846153846
"CCTCCTCTCTACTAAG-1",5580,2479,1.25448028673835
"CCTCCTCTCTGTAATG-1",3018,1633,0.364479787939032
"CCTCCTCTCTGTGCAG-1",1778,1211,1.01237345331834
"CCTCCTGAGGATCACT-1",807,641,0.867410161090459
"CCTGAATAGCACAGAA-1",1535,999,0.586319218241042
"CCTGAATAGCTGTAAC-1",1804,1178,0.554323725055432
"CCTGAATAGGCAAGTA-1",984,661,0.40650406504065
"CCTGAATAGGCATGAA-1",881,611,0.681044267877412
"CCTGAATAGTGAACCT-1",5105,2420,0.803134182174339
"CCTGACTTCATAGCCG-1",888,618,0.900900900900901
"CCTGACTTCCTAAGTA-1",3433,1750,0.436935624817944
"CCTGACTTCGGTAACT-1",969,683,0.412796697626419
"CCTGACTTCTCCTCTT-1",2176,1225,0.597426470588235
"CCTGACTTCTTAAGTG-1",884,644,2.03619909502262
"CCTGAGTCACTAAGCC-1",1237,843,1.535974130962
"CCTGAGTCAGGTATTT-1",826,629,0.726392251815981
"CCTGATGAGAAAGCAT-1",839,617,0.119189511323004
"CCTGATGAGGATTGCT-1",1042,715,0.383877159309021
"CCTGATGAGTCCTGAG-1",806,632,1.24069478908189
"CCTGCTCCAGGTTATT-1",1150,818,0.608695652173913
"CCTGCTCCAGTTTCTC-1",1034,731,0.676982591876209
"CCTGCTCCATTGTGGC-1",1704,1155,0.762910798122066
"CCTGGATCAAGGATTA-1",937,696,0.64034151547492
"CCTGGATCAGAATGAC-1",1126,790,1.24333925399645
"CCTGGATCATGTCAAT-1",1045,736,0.287081339712919
"CCTGGTAAGGTGCTGC-1",880,663,0.568181818181818
"CCTGGTAAGGTTTGAC-1",803,604,0.49813200498132
"CCTGGTAAGTCATCCC-1",3972,2222,1.00704934541793
"CCTGTAACAAGGATTA-1",1522,1033,0.328515111695138
"CCTGTAACACAACCTA-1",1864,1101,0.590128755364807
"CCTGTAACACCAGCAT-1",1088,776,1.19485294117647
"CCTGTAACAGACAAAC-1",1793,1042,0.780814277746793
"CCTGTAACAGCCAGAA-1",911,653,1.7563117453348
"CCTGTAACAGGACCTT-1",1586,1021,0.567465321563682
"CCTGTAACATTGGGAG-1",765,554,0.522875816993464
"CCTGTTGGTATTGGTG-1",4312,2154,0.76530612244898
"CCTGTTGGTGGGTACT-1",1885,1169,0.795755968169761
"CCTTAACGTAAACAAG-1",907,670,0.551267916207277
"CCTTAACGTAGACAAA-1",2528,1493,0.474683544303797
"CCTTAACGTATTGTGG-1",1611,1019,0.434512725015518
"CCTTAACGTCAATGTG-1",4362,2162,0.641907381934892
"CCTTAACGTCCAAATG-1",2601,1452,0.999615532487505
"CCTTAACGTTTGCAGA-1",1427,935,0.700770847932726
"CCTTACTCAAATATCC-1",7074,2774,1.34294599943455
"CCTTACTCAATAACCT-1",1850,994,0.486486486486486
"CCTTACTCACAATGCC-1",1631,1010,0.735744941753525
"CCTTACTCACCGGTAT-1",1013,700,0.592300098716683
"CCTTACTCACCTACGG-1",1125,731,1.86666666666667
"CCTTACTCATAAGTCT-1",1970,1141,0.609137055837563
"CCTTACTCATATTGAC-1",953,678,1.57397691500525
"CCTTAGTGTATTGGAT-1",879,648,1.2514220705347
"CCTTAGTGTCATTGTC-1",1506,945,0.929614873837981
"CCTTAGTGTTTGACCT-1",884,644,0.452488687782805
"CCTTATGTCATTAGGC-1",3717,1936,1.12994350282486
"CCTTATGTCGAGCAAA-1",1883,1196,0.265533722782793
"CCTTATGTCGCTATGG-1",9255,3496,1.38303619665046
"CCTTATGTCTAAGGTC-1",1362,983,1.10132158590308
"CCTTATGTCTTTAGGA-1",1585,1065,0.504731861198738
"CCTTCAATCCGTAAAC-1",1481,914,0.337609723160027
"CCTTCAATCCGTTAAA-1",1757,1062,0.739897552646557
"CCTTCAATCTAATCCT-1",1523,1027,0.853578463558766
"CCTTCAGGTAATCACG-1",797,552,0.376411543287327
"CCTTCAGGTTAAATGC-1",8501,3270,0.835195859310669
"CCTTCAGGTTAGCTGA-1",1158,793,0.863557858376511
"CCTTCAGGTTTACTTG-1",1524,980,0.196850393700787
"CCTTCGTAGCGCAATT-1",1143,792,0.612423447069116
"CCTTCGTAGGACGTAA-1",1977,1241,1.3151239251391
"CCTTGCGTCTAATTGG-1",1024,735,0.390625
"CCTTGTTCAAACCCTA-1",2355,1325,1.01910828025478
"CCTTGTTCACGGTACT-1",1038,625,0.578034682080925
"CCTTGTTCACTTCATC-1",1590,998,0.50314465408805
"CCTTGTTCAGATTCAT-1",948,645,0.738396624472574
"CCTTGTTCAGGCATCT-1",943,701,2.01484623541888
"CCTTGTTCATCACTTC-1",1724,975,0.232018561484919
"CCTTGTTCATCATGGC-1",751,536,0.66577896138482
"CCTTGTTCATTAAACC-1",1246,839,0.963081861958266
"CCTTTAGTCCACCTTA-1",1294,872,0.154559505409583
"CCTTTAGTCCTCGATC-1",1354,888,1.55096011816839
"CCTTTAGTCTAATCTC-1",3744,1721,0.827991452991453
"CCTTTAGTCTTAGTGA-1",1252,867,0.479233226837061
"CGAAATGAGGCTAAGA-1",763,593,0
"CGAAATGAGTACTGGT-1",777,528,0.514800514800515
"CGAAATGAGTTATGTG-1",828,617,0.72463768115942
"CGAACAAAGGAAGTAT-1",1370,945,1.53284671532847
"CGAACAAAGGCATTAC-1",783,560,1.27713920817369
"CGAACAAAGGCGAAAC-1",1611,1093,2.04841713221601
"CGAAGAATCACATTGA-1",1187,767,0.67396798652064
"CGAAGAATCACTCAAA-1",2362,1409,0.635055038103302
"CGAAGCCTCCTAAGTA-1",1282,850,1.17004680187207
"CGAAGCCTCCTTCTAG-1",1301,974,1.38355111452729
"CGAATATGTACAATGT-1",1644,1101,0.669099756690998
"CGAATATGTACTGAAT-1",4005,2023,0.848938826466916
"CGAATATGTCAATGTG-1",778,555,0.77120822622108
"CGAATATGTGCAATGC-1",1609,1029,1.05655686761964
"CGAATATGTTAGGTGC-1",1175,717,1.27659574468085
"CGAATATGTTATAGCG-1",1606,992,0.435865504358655
"CGAATCTAGAACCTGT-1",1645,1006,0.60790273556231
"CGAATCTAGCTATGAC-1",1650,1026,1.51515151515152
"CGACCTGCAAACCCTA-1",1079,820,2.13160333642261
"CGACCTGCAAACTGTT-1",4273,2297,1.02972150713784
"CGACCTGCACCAACCG-1",974,756,1.23203285420945
"CGACCTGCATCATGTG-1",922,708,1.30151843817787
"CGACTAAGTGATGAGG-1",2139,1321,1.35577372604021
"CGACTAAGTTAACAGT-1",1603,976,0.561447286338116
"CGACTAAGTTTGCAGA-1",989,712,1.01112234580384
"CGAGCTGGTATACTGG-1",2084,1300,1.53550863723608
"CGAGGAAGTTACTTCA-1",3749,2037,0.693518271539077
"CGAGGAAGTTTCAGGA-1",924,678,0.324675324675325
"CGATATTCACCGGTAT-1",2046,1272,0.488758553274682
"CGATATTCAGCTTAGC-1",3394,1735,0.500883912787272
"CGATATTCATCGTTCT-1",1784,1149,0.112107623318386
"CGATCCTTCATGCAAC-1",1143,760,1.66229221347332
"CGATCCTTCCATAATG-1",1713,1072,0.758902510215995
"CGATCCTTCGTTACAA-1",1123,812,0.712377560106857
"CGATCCTTCGTTTCTG-1",1908,1137,0.786163522012579
"CGATCCTTCTTAAGTG-1",3017,1686,1.19323831620815
"CGATTATCAAGGTGGC-1",772,602,1.16580310880829
"CGATTATCAATCATGT-1",1437,930,1.25260960334029
"CGATTATCACCTACGG-1",1327,866,0.452147701582517
"CGATTATCAGCAAGTG-1",963,739,1.66147455867082
"CGATTATCAGGCAAGC-1",985,747,0.609137055837563
"CGATTATCATCAGTAT-1",2258,1235,1.28432240921169
"CGATTATCATCGCTCC-1",1043,714,0.0958772770853308
"CGATTATCATGTGGGA-1",1563,1015,0.255918106206014
"CGATTCCTCACAGCCA-1",1167,784,1.02827763496144
"CGATTCCTCATCACTT-1",3851,1977,0.96078940534926
"CGATTGAGTCCTAGTT-1",2020,1241,0.742574257425743
"CGATTTGCAACATAAG-1",1066,757,0.562851782363977
"CGATTTGCAATTAGGA-1",1972,1209,0.760649087221095
"CGATTTGCAGAATGAC-1",1141,800,0.876424189307625
"CGATTTGCAGTTATCG-1",1142,786,0.437828371278459
"CGATTTGCATGGCCTG-1",875,649,1.14285714285714
"CGCAAATTCATGGTTA-1",1113,743,1.25786163522013
"CGCAAATTCCAAACAC-1",806,564,0.992555831265509
"CGCAAATTCGTTATCT-1",1085,726,0.737327188940092
"CGCAAATTCTCCTCAA-1",3056,1719,0.948952879581152
"CGCAATAGTAAGGTCC-1",3315,2079,0.603318250377074
"CGCAATAGTCGTAATG-1",789,601,0.633713561470215
"CGCAATAGTTTAGCTC-1",1666,1012,0.660264105642257
"CGCAATCCAACATAAG-1",2104,1274,1.09315589353612
"CGCAATCCATAAGGAC-1",1228,849,1.0586319218241
"CGCAATGTCATGGCTG-1",1523,1030,1.90413657255417
"CGCAATGTCGGTAACT-1",1202,846,0.665557404326123
"CGCAATGTCTAATCTC-1",782,586,0.383631713554987
"CGCAATTAGCTAAAGG-1",1307,941,0.688599846977812
"CGCAATTAGGGACCTC-1",1780,1083,1.51685393258427
"CGCAATTAGGTGAAAT-1",1010,710,0.594059405940594
"CGCACAATCCTCCTAA-1",1026,701,0.389863547758285
"CGCACAATCTAAATCG-1",1502,974,1.4647137150466
"CGCACAATCTCAATGA-1",855,594,0.350877192982456
"CGCACACAGTTAGACC-1",822,609,0.851581508515815
"CGCACACAGTTTGTCT-1",932,687,1.18025751072961
"CGCACCACATCCCTCA-1",1324,937,1.28398791540786
"CGCACCACATGAGTTT-1",1866,1192,1.87566988210075
"CGCACCACATTAGGTT-1",1083,744,1.10803324099723
"CGCATATAGATGGACA-1",1076,746,1.85873605947955
"CGCATATAGCTAGAAG-1",767,562,1.04302477183833
"CGCATATAGTTTGGGT-1",2212,1399,1.35623869801085
"CGCATGATCATCCTCA-1",1079,729,1.0194624652456
"CGCATGATCCTAATTC-1",1387,871,1.08147080028839
"CGCATGATCTCAATGA-1",1475,968,0.474576271186441
"CGCATTTGTACCGTTT-1",1188,791,0.673400673400673
"CGCATTTGTACTGATG-1",980,685,1.3265306122449
"CGCATTTGTCTCACTG-1",1224,826,0.571895424836601
"CGCATTTGTGTTGTAG-1",780,561,1.15384615384615
"CGCCAAATCCATCAGG-1",787,594,1.52477763659466
"CGCCAAATCTTGGATA-1",829,591,1.32689987937274
"CGCCACACATAAGTTC-1",971,692,0.617919670442842
"CGCCTCATCACTCAAA-1",2158,1297,1.0194624652456
"CGCCTCATCCGTTAAA-1",2019,1297,1.1887072808321
"CGCGATTCAACACTTG-1",1307,909,0.459066564651875
"CGCGATTCACCTAATG-1",754,564,0.530503978779841
"CGCGATTCAGTTTCTC-1",859,624,0.582072176949942
"CGCGATTCATAGGCGA-1",1817,1316,0.880572372041827
"CGCTAACCAATAACCT-1",5045,2452,1.34786917740337
"CGCTAACCATAATCCG-1",751,525,1.06524633821571
"CGCTAATAGACCATAC-1",1148,721,1.4808362369338
"CGCTAATAGATAGACG-1",1606,1013,1.86799501867995
"CGCTAATAGGATCCGC-1",765,585,0.915032679738562
"CGCTAATAGTGCACGC-1",756,560,2.24867724867725
"CGCTAATAGTTAGTGC-1",930,664,1.50537634408602
"CGCTACTTCCGCATGA-1",1257,903,1.19331742243437
"CGCTACTTCGATAACC-1",871,626,1.49253731343284
"CGCTACTTCTAAGTGC-1",799,598,1.37672090112641
"CGCTACTTCTTAATGG-1",4107,2084,1.99659118578038
"CGCTCAGCAATACTGT-1",867,566,0.69204152249135
"CGCTCAGCACTAAGAA-1",2128,1324,0.56390977443609
"CGCTCCATCAGCACGC-1",767,606,0.782268578878748
"CGCTCCATCATCAGTA-1",1208,856,0.662251655629139
"CGCTCCATCATTGACA-1",1226,836,1.71288743882545
"CGCTTAACAATTAGCT-1",1188,801,1.09427609427609
"CGCTTAACATGACTAT-1",1647,981,0.910746812386157
"CGCTTACTCAAGCTTA-1",1951,1256,0.768836494105587
"CGCTTACTCAATCTAG-1",1195,784,0.502092050209205
"CGCTTACTCATCCTCA-1",3628,1871,1.5986769570011
"CGCTTACTCTGCAAAC-1",4000,2082,1.4
"CGCTTACTCTTCAATC-1",1175,791,1.19148936170213
"CGCTTACTCTTGTCCA-1",915,643,0.87431693989071
"CGCTTCTAGTAGCTTA-1",1495,984,0.936454849498328
"CGCTTCTAGTCAGTAC-1",1311,914,0.68649885583524
"CGCTTCTAGTCTTGAA-1",1445,947,0.899653979238754
"CGGAATCGTGCATTAG-1",929,715,1.72228202368138
"CGGACAACAAGATTCT-1",1868,1178,0.749464668094218
"CGGACAACAATATGGA-1",951,739,0.525762355415352
"CGGACAACAATTATGC-1",1575,990,0.952380952380952
"CGGACAACATGTCAAT-1",1684,1148,0.712589073634204
"CGGACCTAGGGTTAGA-1",1312,935,0.533536585365854
"CGGAGTCTCAGCATTA-1",906,697,0.993377483443709
"CGGATTAGTCAGTAAT-1",3601,1945,0.694251596778673
"CGGATTAGTTGCGGAT-1",1069,796,0.374181478016838
"CGGCCATAGGTTAGAG-1",1266,913,1.4218009478673
"CGGCTAATCCCGTTAC-1",1332,927,1.5015015015015
"CGGCTAATCCCTGGTT-1",1283,844,1.16913484021824
"CGGCTAATCTGGCTTC-1",1681,1104,0.65437239738251
"CGGCTAATCTGTGAGT-1",876,624,0.342465753424658
"CGGCTCACAGAGGCTA-1",1012,747,0.592885375494071
"CGGGACAAGCGCAATT-1",957,765,1.46290491118077
"CGGTAACGTGAAACAA-1",963,673,0.103842159916926
"CGGTGAACAATGCCTA-1",1089,774,1.92837465564738
"CGGTTATAGCTTCTCA-1",1094,772,0.36563071297989
"CGGTTCCGTCCTTTAA-1",782,603,0.255754475703325
"CGGTTCCGTGACATAT-1",1109,811,1.17222723174031
"CGGTTCCGTGTTTCAC-1",857,652,0.933488914819136
"CGGTTTCTCGCTATAA-1",1904,1281,0.78781512605042
"CGGTTTCTCTTTAGGA-1",959,678,0.625651720542232
"CGGTTTGAGGAAGTAT-1",1244,902,1.12540192926045
"CGTAACCCAATGAGGT-1",1748,1129,0.34324942791762
"CGTAACCCAGCAAATA-1",788,609,1.52284263959391
"CGTAACCCAGTTTGTG-1",1006,657,0.695825049701789
"CGTAACTAGACAGGTA-1",1282,864,0.858034321372855
"CGTAACTAGGAGCACG-1",1058,780,0.850661625708885
"CGTAATGGTGATCATG-1",2581,1555,0.774893452150329
"CGTAATGGTTAACAGT-1",1325,901,0.60377358490566
"CGTAATGGTTCAAGAT-1",1498,976,0.267022696929239
"CGTAATGGTTGGTGAC-1",1513,999,0.528750826173166
"CGTAATGGTTTGAGGC-1",1036,717,0.772200772200772
"CGTACGGGTAATGGAA-1",1381,955,0.868935553946416
"CGTAGTTAGCAAGACA-1",2913,1753,1.02986611740474
"CGTATTGCACTATGGC-1",964,685,0.518672199170124
"CGTATTGCAGGTATTT-1",865,611,1.27167630057803
"CGTCAATAGGCATGTT-1",1272,890,0.314465408805031
"CGTCAATAGGCTATGT-1",1177,821,0.594732370433305
"CGTCAATAGTGAAGTG-1",2170,1341,1.33640552995392
"CGTCATTGTTACCTGT-1",1027,688,0.486854917234664
"CGTCATTGTTTAACGG-1",751,581,0.798934753661784
"CGTCCTAGTACGGTAC-1",804,580,0.746268656716418
"CGTCCTAGTGATGATT-1",2034,1229,0.393313667649951
"CGTCCTAGTTAACACG-1",1622,995,1.23304562268804
"CGTGTTACAAATGCCC-1",788,633,2.28426395939086
"CGTGTTACACTAGGTC-1",798,597,0.6265664160401
"CGTTAAATCCACCTTA-1",1323,930,0.90702947845805
"CGTTAAATCCTGGTGA-1",1429,915,0.699790062981106
"CGTTAAATCCTGTTCA-1",1842,1178,0.434310532030402
"CGTTAAATCGCTAGCA-1",2381,1411,1.09197816043679
"CGTTAAATCTAATCAG-1",1378,878,0.653120464441219
"CGTTAAATCTTTGAGA-1",1809,1212,0.442233278054174
"CGTTAACAGAAACTGG-1",2540,1386,0.826771653543307
"CGTTAACAGCTAATTG-1",1244,874,0.562700964630225
"CGTTAGGTCATTGACA-1",828,600,0.72463768115942
"CGTTAGGTCTTTAGGA-1",797,617,0.878293601003764
"CGTTAGTAGTAAGTGG-1",825,592,0.96969696969697
"CGTTATCGTTCACTGT-1",1271,858,0.865460267505901
"CGTTATTTCACAGGAA-1",886,625,0.564334085778781
"CGTTATTTCTTGACCC-1",2813,1588,0.853181656594383
"CGTTGCGCATAATTGC-1",2045,1320,0.537897310513447
"CGTTGCGCATCCTAGA-1",1079,764,0.278035217794254
"CGTTTCTCAAACTGTT-1",1114,752,0.538599640933573
"CGTTTCTCAAGCTACC-1",1796,1116,1.16926503340757
"CTAAAGCTCATTGCAA-1",2718,1607,0.993377483443709
"CTAAAGCTCCACCTGT-1",1225,826,0.489795918367347
"CTAAAGCTCGAAGTAG-1",841,665,1.30796670630202
"CTAAAGCTCGCTTCTA-1",843,598,1.18623962040332
"CTAAAGCTCTAATTGG-1",836,610,0.358851674641148
"CTAAATGTCAAATCGC-1",1067,732,0.656044985941893
"CTAAATGTCCAAGTGT-1",2109,1323,0.521574205784732
"CTAAATGTCCACCCTG-1",952,658,1.26050420168067
"CTAAATGTCCTCAGTC-1",3342,1850,0.508677438659485
"CTAAATGTCGATATTG-1",1241,848,0.40290088638195
"CTAACCACACAACCTA-1",1076,699,0.650557620817844
"CTAACCACACAAGCCT-1",1258,752,0.715421303656598
"CTAACCACACATTGCA-1",2240,1284,0.9375
"CTAACCACATTCCTCG-1",1385,935,1.15523465703971
"CTAACCACATTTAAGC-1",1939,1162,0.567302733367715
"CTAACCCTCATTACTC-1",10138,3482,1.87413691063326
"CTAACCCTCTATCGCC-1",793,580,2.77427490542245
"CTAACCCTCTTGGACG-1",840,628,2.14285714285714
"CTAACCCTCTTGTCTG-1",1697,1044,1.11962286387743
"CTAACCTGTACGGGTT-1",2712,1551,1.03244837758112
"CTAACCTGTAGCCTAA-1",1698,1070,0.647820965842167
"CTAACCTGTAGCTGCG-1",2197,1392,1.22894856622667
"CTAACCTGTCAAGTAT-1",1779,1081,1.5177065767285
"CTAACCTGTCCTCCAA-1",3205,1773,0.78003120124805
"CTAACCTGTGAACAAA-1",6015,2703,0.631753948462178
"CTAACCTGTGCTGGTG-1",1487,1021,1.88298587760592
"CTAAGGTTCATCGTTT-1",1146,712,1.04712041884817
"CTAAGTCAGTTCCTCA-1",1245,894,0.321285140562249
"CTAATAGTCACCGGTA-1",1628,986,0.307125307125307
"CTAATAGTCCAGGGAG-1",2725,1662,0.990825688073394
"CTAATAGTCGCAACAT-1",1175,754,1.1063829787234
"CTAATCCGTAATCGCA-1",927,642,0.75512405609493
"CTAATCCGTCATGCAA-1",1495,1008,0.40133779264214
"CTAATCCGTCCTAATC-1",1347,848,0.816629547141797
"CTAATCCGTGCGCAAT-1",1253,919,0.638467677573823
"CTAATCCGTGTTAGCA-1",867,624,1.3840830449827
"CTAATCCGTTAGCATG-1",1120,782,1.07142857142857
"CTAATCCGTTCCGGCT-1",863,658,0.926998841251448
"CTAATCGCATCACAGC-1",1560,958,1.02564102564103
"CTAATCGCATTGTCAG-1",1800,1238,1.22222222222222
"CTAATCTTCCCGAAGC-1",925,602,0.864864864864865
"CTAATCTTCCTAACGG-1",1114,733,1.16696588868941
"CTAATCTTCGGTCATG-1",1414,913,0.777934936350778
"CTAATGTCAATAACCT-1",1943,1021,0.874935666495111
"CTAATGTCAATGAATG-1",2707,1580,0.480236424085704
"CTAATGTCACTGGCTG-1",2398,1425,0.834028356964137
"CTAATGTCAGCACCAT-1",1331,887,1.20210368144252
"CTAATGTCAGGAATCG-1",1295,882,1.23552123552124
"CTAATGTCATAGCAGG-1",1275,815,0.705882352941177
"CTAATGTCATCAGTAT-1",1517,938,1.3843111404087
"CTAATGTCATCCAGGT-1",1587,991,0.630119722747322
"CTAATTGAGAAGGTGC-1",1828,1216,0.87527352297593
"CTAATTGAGCAGCTCA-1",1356,847,0.589970501474926
"CTAATTGAGCCACATG-1",1624,1049,0.738916256157635
"CTAATTGAGGCCTAAT-1",1490,932,0.87248322147651
"CTACAACAGCAAGGAC-1",1149,845,0.783289817232376
"CTACAACAGCCTAATA-1",1196,788,1.25418060200669
"CTACAACAGCTAAAGG-1",1591,1039,0.251414204902577
"CTACCGGCAGCACGAA-1",917,719,1.52671755725191
"CTACCTCAGAAGCTAG-1",1024,705,0.29296875
"CTACCTCAGGCGAATA-1",967,700,1.03412616339193
"CTACCTCAGGGCCACT-1",1098,738,0.455373406193078
"CTACCTCAGTACCGCA-1",1127,799,0.709849157054126
"CTACCTCAGTCACGAT-1",1826,1057,0.602409638554217
"CTACGAAGTATTGTGG-1",1087,752,0.827966881324747
"CTACGAAGTGGAAACG-1",2481,1561,1.1285771866183
"CTACGAAGTTCCATTA-1",1083,739,0.554016620498615
"CTACGAAGTTTACCGT-1",1341,835,0.671140939597315
"CTACGAAGTTTCCTCC-1",1257,817,0.795544948289578
"CTACTAAAGACAACAG-1",1929,1190,0.881285640228098
"CTACTAAAGGTGTCCA-1",824,631,1.45631067961165
"CTACTAAAGTGAGGTA-1",8598,3510,1.45382647127239
"CTACTAAAGTTACTTC-1",2055,1220,0.437956204379562
"CTACTTAGTACCGTTT-1",1853,1095,0.809498111171074
"CTACTTAGTATTGAGT-1",1517,937,0.659195781147001
"CTACTTAGTCAAGTGC-1",1148,766,0.78397212543554
"CTACTTAGTCCTAAGA-1",800,544,1.375
"CTACTTAGTTAACGAT-1",1224,812,0.408496732026144
"CTACTTAGTTAAGCCA-1",1392,867,0.431034482758621
"CTACTTAGTTAGCCAA-1",5801,2455,0.861920358558869
"CTAGATTCACACAATT-1",1605,1017,1.30841121495327
"CTAGATTCACATACTG-1",1393,876,0.430725053840632
"CTAGATTCACTAGCGT-1",766,582,0.522193211488251
"CTAGATTCAGCCAGTT-1",1114,759,1.07719928186715
"CTAGATTCATAGCTTG-1",2822,1560,1.13394755492558
"CTAGCGGGTTCCTGAT-1",875,633,0.914285714285714
"CTAGCTGAGGAAGCAC-1",1113,841,1.43755615453729
"CTAGCTGAGTTACTTC-1",1415,940,0.989399293286219
"CTAGCTTGTGATTTGG-1",1126,783,0.799289520426288
"CTAGCTTGTTCGCTCA-1",897,673,1.00334448160535
"CTAGCTTGTTGCCTCA-1",2027,1247,0.542673902318698
"CTAGGACGTAGGATCC-1",2202,1395,1.45322434150772
"CTAGGACGTATTGAGT-1",1291,825,1.23934934159566
"CTAGGACGTCTAGCTT-1",840,632,1.9047619047619
"CTAGGACGTTCACTGT-1",1583,1058,0.884396715097915
"CTAGTAATCAAGGACA-1",829,589,0.241254523522316
"CTAGTAATCACACAGT-1",1840,1116,0.815217391304348
"CTAGTAATCCCGTTGT-1",1268,834,0.788643533123028
"CTAGTAATCGCTAAGT-1",945,684,0.740740740740741
"CTAGTAATCGTTACTT-1",1496,974,1.00267379679144
"CTAGTAATCTCCTCTT-1",10295,3422,0.524526469159786
"CTAGTAGGTACGTTTC-1",2379,1350,0.504413619167718
"CTAGTAGGTCATGCAA-1",882,679,1.36054421768707
"CTAGTAGGTCATTACC-1",1854,1138,0.539374325782093
"CTAGTAGGTTAGCTGA-1",2398,1414,1.00083402835696
"CTAGTAGGTTCATTTG-1",1346,887,0.0742942050520059
"CTAGTGAGTATTGAGT-1",2363,1405,0.67710537452391
"CTAGTGAGTATTGTGG-1",757,523,0.264200792602378
"CTAGTGAGTTCACCAT-1",1783,1104,1.45821648906338
"CTAGTGAGTTGTAACG-1",751,547,0.399467376830892
"CTAGTTGCACAATGTT-1",2323,1356,0.602668962548429
"CTAGTTGCAGAGGCTA-1",1250,848,0.8
"CTAGTTGCAGTTTGTG-1",1152,760,0.694444444444444
"CTAGTTGCATGAATAG-1",2002,1130,0.24975024975025
"CTAGTTGCATGGTTAT-1",1142,804,0.875656742556918
"CTATAACCAAGCTTAT-1",1752,990,1.36986301369863
"CTATAACCACAGAACG-1",903,636,1.88261351052049
"CTATAACCACATGCTA-1",1097,772,0.72926162260711
"CTATAACCATTGCAGC-1",3177,1695,0.912810827824992
"CTATGACAGCACGTTG-1",1553,1005,1.41661300708307
"CTATGACAGCCTCTCG-1",1228,839,1.30293159609121
"CTATGACAGCTCCTAC-1",1144,772,1.74825174825175
"CTATGACAGGTCCACA-1",6054,2647,1.53617443012884
"CTATGAGGTGTGAGAG-1",1585,1128,2.20820189274448
"CTATGATCAAGTTATC-1",1733,1020,1.21177149451818
"CTATGATCACATTGCA-1",2032,1225,1.82086614173228
"CTATGATCACCAAAGG-1",983,698,1.22075279755849
"CTATGATCAGCATGTC-1",793,589,0.504413619167718
"CTATGATCAGTTATGT-1",2231,1251,0.268937696100403
"CTATGGCCATGAGTTT-1",5057,2230,0.889855645639707
"CTATGGCCATGTCAAT-1",2257,1301,1.77226406734603
"CTATGTTTCAAGTGTC-1",1150,767,0.695652173913043
"CTATGTTTCCGGAACC-1",1407,932,0.852878464818763
"CTATGTTTCCTTGCGT-1",1174,770,0.936967632027257
"CTATGTTTCGGTTCCT-1",910,623,0.769230769230769
"CTATTACTCAATCATG-1",1922,1023,0.936524453694069
"CTATTACTCACAGGAA-1",1052,746,1.23574144486692
"CTATTACTCCCGAACA-1",1483,936,0.876601483479434
"CTATTACTCCTCAGCT-1",2061,1227,0.339640950994663
"CTATTACTCCTGCGAA-1",1248,846,1.12179487179487
"CTATTACTCTGCAAAC-1",1051,686,0.570884871550904
"CTATTCAGTCAGGCAT-1",1512,932,0.793650793650794
"CTATTCAGTGATTACG-1",2381,1426,0.335993280134397
"CTATTCAGTGCTAGAC-1",998,676,0.801603206412826
"CTATTCAGTGGAAACG-1",771,582,0.518806744487678
"CTATTCAGTTTACGTC-1",1928,1158,0.311203319502075
"CTATTGAAGCACAGGG-1",1432,969,0.768156424581006
"CTATTGAAGGCACAGG-1",760,576,0.394736842105263
"CTATTGAAGGGTGAAC-1",808,630,0.247524752475248
"CTATTGAAGTCTTGAA-1",1537,1051,0.845803513337671
"CTATTGAAGTGAGGTA-1",3107,1842,0.740263920180238
"CTCAATAAGAAACTGG-1",1200,784,0.583333333333333
"CTCAATAAGCACGATT-1",1347,850,0.816629547141797
"CTCAATAAGCTGGAAA-1",1388,896,0.288184438040346
"CTCAATAAGGAGGTTA-1",1628,1054,0.614250614250614
"CTCAATAAGTTAGTTG-1",2094,1240,0.286532951289398
"CTCACAACACAGGGAC-1",1283,806,1.01325019485581
"CTCACAACATCCCTCA-1",1710,1068,0.818713450292398
"CTCACAACATGTCAAT-1",1521,870,0.920447074293228
"CTCACACTCGCTTCTA-1",3160,1593,0.917721518987342
"CTCACTCAGCAAGACA-1",1287,848,0.699300699300699
"CTCACTCAGCGATACT-1",1154,828,0.173310225303293
"CTCACTCAGCTATGAC-1",1242,809,2.01288244766506
"CTCACTCAGGTTAGCT-1",2912,1586,0.583791208791209
"CTCACTCAGTAACCAC-1",2431,1434,0.53475935828877
"CTCACTCAGTAGCTTA-1",2085,1213,0.479616306954436
"CTCAGGATCACACAGT-1",2017,1264,0.44620723847298
"CTCAGGATCCATCAGG-1",1111,773,0.36003600360036
"CTCATCATCAAAGGCA-1",1715,1111,1.10787172011662
"CTCATCATCATTAGGC-1",1242,779,0.72463768115942
"CTCATCATCCAAGTTA-1",1684,1016,0.653206650831354
"CTCATGACAGGCTAGA-1",2528,1449,1.74050632911392
"CTCATGACATCAGTAT-1",2216,1308,0.496389891696751
"CTCATGCTCGTAATCA-1",1074,754,2.79329608938547
"CTCATGCTCTCGCCTG-1",1200,842,1.75
"CTCATGCTCTTAAGTG-1",2651,1459,1.0562052055828
"CTCATTAGTCATCATC-1",2234,1209,1.25335720680394
"CTCATTAGTGGATTAT-1",3567,1772,0.672834314550042
"CTCATTGTCACGAATC-1",2512,1427,0.477707006369427
"CTCATTGTCCGCCTAT-1",801,586,0.998751560549313
"CTCATTGTCCTTCTAG-1",2272,1240,0.352112676056338
"CTCATTTAGACACTTA-1",1860,1105,1.29032258064516
"CTCATTTAGAGAAGGG-1",919,678,1.74102285092492
"CTCATTTAGCACAGGG-1",944,656,2.01271186440678
"CTCATTTAGCGATACT-1",2179,1245,0.413033501606241
"CTCATTTAGGAGGCAT-1",1516,966,0.461741424802111
"CTCATTTAGGATGATG-1",892,635,0.7847533632287
"CTCATTTAGGCTAGAA-1",1486,946,0.336473755047106
"CTCATTTAGGGATGAC-1",1167,757,1.19965724078835
"CTCATTTAGGTAGCTT-1",835,602,0.239520958083832
"CTCATTTAGGTCCTAG-1",1442,942,0.346740638002774
"CTCCAAACAATAACGA-1",1950,1107,1.17948717948718
"CTCCAAACAGGAACCA-1",853,614,1.40679953106682
"CTCCAAACAGTGAACG-1",1151,768,0.608166811468288
"CTCCAAACATGGTTAT-1",1444,963,0.969529085872576
"CTCCAAACATTGCGAC-1",1169,810,0.940975192472198
"CTCCAACTCAAAGGCA-1",914,618,0.765864332603939
"CTCCAACTCAGCACGC-1",1767,1165,1.92416525183928
"CTCCAACTCAGTTCCC-1",1547,889,0.96961861667744
"CTCCAACTCGCTAAAC-1",1098,768,1.00182149362477
"CTCCAACTCTATGACA-1",1876,1143,0.746268656716418
"CTCCATCAGCGCTAAT-1",1176,754,1.19047619047619
"CTCCATCAGGTGTTAC-1",1530,976,1.04575163398693
"CTCCCTGAGCTTAACA-1",1076,765,0.371747211895911
"CTCCCTGAGGGCTTTG-1",985,769,0.913705583756345
"CTCCCTGAGGTCATTA-1",1053,819,1.329534662868
"CTCCGGACACTAAATC-1",1249,830,1.20096076861489
"CTCCGGACATGAATCT-1",3292,1697,0.729040097205346
"CTCCGTCCACCTGTAA-1",909,626,0.44004400440044
"CTCCGTCCATAATGAG-1",763,527,1.8348623853211
"CTCCGTCCATTCCTGT-1",1058,717,1.32325141776938
"CTCCTAATCCTTGTTG-1",2306,1414,0.780572419774501
"CTCCTAATCGAGCTAT-1",1997,1167,0.500751126690035
"CTCCTAATCTAAGGTC-1",1567,995,0.893426930440332
"CTCCTCACAAGACTCC-1",2912,1618,0.686813186813187
"CTCCTCACAATAACCT-1",1553,984,0.901481004507405
"CTCCTCACAATTGAAG-1",1876,1124,0.639658848614073
"CTCCTCACACATTAAC-1",1881,1091,0.850611376927166
"CTCCTCACACCGTTCC-1",1375,918,1.01818181818182
"CTCCTCACACTATGGC-1",1801,1037,1.33259300388673
"CTCCTCACAGCTTAGC-1",1203,763,0.58187863674148
"CTCCTGAGTTGCACGG-1",761,570,0.788436268068331
"CTCGACAAGTGAACAG-1",949,671,0.210748155953635
"CTCGCTAGTAGGTTGC-1",949,671,1.15911485774499
"CTCGCTAGTCAAAGGG-1",767,599,1.17340286831812
"CTCGCTCCATAAAGCA-1",854,619,1.87353629976581
"CTCGTTATCAAGCTTA-1",1165,790,0.772532188841202
"CTCGTTATCACTTTAC-1",1129,721,1.59433126660762
"CTCGTTATCTTGAGGT-1",1411,904,0.496102055279943
"CTCGTTATCTTGATGA-1",1806,1105,0.830564784053156
"CTCTAAGCACCAACCG-1",3602,1826,0.694058856191005
"CTCTAAGCACGAATTT-1",827,615,0.483675937122128
"CTCTAAGCACTAGCGT-1",1123,727,0.6233303650935
"CTCTAAGCAGCCTAAC-1",1346,892,0.445765230312036
"CTCTAAGCAGCTTAGC-1",1191,792,0.587741393786734
"CTCTAAGCATTCCTCG-1",1106,727,0.994575045207957
"CTCTAAGCATTTAAGC-1",1956,1155,0.511247443762781
"CTCTAGCTCAATGTGC-1",1160,759,0.517241379310345
"CTCTAGCTCCCGTTTA-1",1610,998,0.807453416149068
"CTCTAGCTCCGCAAAT-1",1224,875,0.571895424836601
"CTCTAGCTCCTTTACG-1",2628,1389,0.799086757990868
"CTCTAGCTCGATTATG-1",1866,1137,1.28617363344051
"CTCTATGTCATTTGCT-1",2032,1084,0.639763779527559
"CTCTATGTCCATAAGC-1",1353,831,1.03473762010347
"CTCTATGTCCATAATG-1",2453,1408,0.489196901752956
"CTCTATGTCGCCTGTT-1",3189,1769,1.41110065851364
"CTCTATGTCTCAATTC-1",12725,3868,1.00589390962672
"CTCTATGTCTGCAAGT-1",1133,750,1.94174757281553
"CTCTCACAGAAGCTAG-1",906,627,0.772626931567329
"CTCTCACAGGACCGCT-1",2092,1279,1.19502868068834
"CTCTCACAGGAGTCTT-1",936,676,0.32051282051282
"CTCTCACAGGCATTAC-1",947,682,0.527983104540655
"CTCTGTTCAATCCTAG-1",2526,1357,0.752177355502771
"CTCTGTTCACAACAAA-1",2397,1254,0.584063412599082
"CTCTGTTCACGGTACT-1",1577,952,0.443880786303107
"CTCTGTTCAGGATGGC-1",929,684,1.07642626480086
"CTCTGTTCATTAAGCT-1",2231,1260,1.07575078440161
"CTCTTGATCAAACTCA-1",1363,846,2.71460014673514
"CTCTTGATCAATGTCA-1",1146,768,1.30890052356021
"CTGAAACTCACTTCAT-1",3983,1926,1.00426813959327
"CTGAAACTCAGGAACA-1",786,569,0.636132315521628
"CTGAAACTCTTAGTCT-1",1356,858,0.51622418879056
"CTGAATATCACAAGCT-1",10384,3697,0.934129429892142
"CTGAATATCAGGAACA-1",1221,827,0.40950040950041
"CTGAATATCATTACGA-1",1531,876,0.391900718484651
"CTGAATATCCTAATAG-1",3081,1542,0.68159688412853
"CTGACATAGACACTTA-1",6157,2623,1.3155757674192
"CTGACATAGATGGACA-1",869,631,0.575373993095512
"CTGACATAGCAAGGAC-1",920,661,0.978260869565218
"CTGACATAGCGATAAG-1",900,624,0
"CTGACATAGGAGGACT-1",1866,1234,1.23258306538049
"CTGACATAGTAACCAC-1",1328,871,0.451807228915663
"CTGACATAGTTAGGCT-1",2499,1471,0.960384153661465
"CTGACCAAGCCTCTGT-1",886,626,0.790067720090293
"CTGACCAAGGTTACAC-1",1490,901,0.738255033557047
"CTGATCACACAAGCCT-1",810,583,1.23456790123457
"CTGATCACACAGAAAC-1",2269,1389,1.23402379903041
"CTGATCACACGGTTTA-1",1539,1030,0.779727095516569
"CTGATCACACTTACAG-1",992,705,0.30241935483871
"CTGATCACAGTAGCCT-1",1223,790,0.572363041700736
"CTGCAATAGAAGCTAG-1",1410,958,0.567375886524823
"CTGCAATAGCAACATC-1",2475,1412,0.848484848484849
"CTGCAATAGGCTTAAC-1",1327,932,0.452147701582517
"CTGCAATAGTGAGGTA-1",839,616,0.119189511323004
"CTGCAATAGTGTTGTA-1",761,572,0.26281208935611
"CTGCTACTCACCGGTA-1",1067,705,0
"CTGCTACTCCCGTTAC-1",1330,856,0.451127819548872
"CTGCTACTCCTAAGAC-1",1823,1108,1.04223806911684
"CTGCTACTCCTTCAAT-1",2205,1253,0.589569160997732
"CTGCTACTCCTTGTTG-1",1224,805,1.06209150326797
"CTGCTACTCTTAGGAC-1",1228,861,0.162866449511401
"CTGCTACTCTTCAATC-1",1548,993,0.516795865633075
"CTGCTATGTCAGTAAT-1",3939,1912,1.09164762630109
"CTGCTATGTCGTAATG-1",2289,1422,0.961118392311053
"CTGCTATGTGGGTACT-1",1346,881,0.891530460624071
"CTGCTATGTTACTTGC-1",4691,2170,0.788744404178214
"CTGCTCCCAACCGCCA-1",841,598,1.07015457788347
"CTGCTCCCAAGCTTAT-1",2360,1360,0.677966101694915
"CTGCTCCCAATATAGG-1",1544,937,1.10103626943005
"CTGCTCCCATTGTCAG-1",1011,734,2.07715133531157
"CTGCTCCCATTGTTGG-1",1255,848,1.35458167330677
"CTGGACCAGGACTTAC-1",1829,1062,0.437397484964461
"CTGGACCAGTTAGTGC-1",993,719,0.604229607250755
"CTGGATGTCCAATTAG-1",788,614,0.50761421319797
"CTGGATGTCCCAGTAG-1",1099,769,0.454959053685168
"CTGGATGTCTAGCTAA-1",1175,779,1.02127659574468
"CTGGATGTCTATGACA-1",790,558,0.632911392405063
"CTGGATGTCTCACTAT-1",2466,1411,0.689375506893755
"CTGGATGTCTGTTGCC-1",977,695,0.307062436028659
"CTGGCTAAGAACAAGT-1",882,616,0.453514739229025
"CTGGCTAAGCATTTCT-1",1142,748,0.700525394045534
"CTGGCTAAGTCTCACC-1",1907,1236,0.576822233875197
"CTGGCTTTCAATGTGC-1",872,631,2.17889908256881
"CTGGTAAGTAAATTGC-1",3091,1663,0.711743772241993
"CTGGTAAGTAATAACC-1",1802,1122,0.554938956714761
"CTGGTAAGTGAGACTC-1",978,734,0.511247443762781
"CTGGTAAGTGCTTTAC-1",911,603,0.329308452250274
"CTGGTAAGTTACCTGT-1",1446,887,0.484094052558783
"CTGGTAAGTTTAGTCC-1",979,619,0.612870275791624
"CTGGTCAAGGCATTAC-1",2118,1335,0.991501416430595
"CTGGTCAAGTATTGCA-1",944,636,0.847457627118644
"CTGGTCAAGTCAGGCC-1",1092,795,0.732600732600733
"CTGGTCAAGTCATTGA-1",1134,807,0.529100529100529
"CTGGTTACAATACTGT-1",1012,663,1.08695652173913
"CTGGTTACACAATACT-1",2420,1242,0.413223140495868
"CTGGTTACACTAGCGT-1",1836,1153,1.4161220043573
"CTGGTTACAGCTCATA-1",1290,734,0.465116279069767
"CTGGTTACATAAGCAA-1",2758,1545,0.97897026831037
"CTGGTTTGTCCTTCTC-1",3504,1715,0.228310502283105
"CTGGTTTGTGATTTGG-1",2433,1368,0.61652281134402
"CTGGTTTGTGTGAGGA-1",762,562,0.78740157480315
"CTGGTTTGTTTAACGG-1",1338,902,0.298953662182362
"CTGGTTTGTTTGAGCA-1",837,627,0.1194743130227
"CTGTAACAGCACTTGG-1",2383,1431,0.671422576584138
"CTGTAACAGCCTGTTC-1",1108,773,1.17328519855596
"CTGTAACAGTCACCAG-1",809,602,0
"CTGTAACAGTCACCTC-1",999,715,0.500500500500501
"CTGTACCTCAAGCTAC-1",802,584,0.872817955112219
"CTGTACCTCCCTCTAA-1",1039,713,0.384985563041386
"CTGTACCTCCGTTAAA-1",2633,1364,0.455753892897835
"CTGTACCTCGATAACC-1",1138,744,0.263620386643234
"CTGTACCTCTATGACA-1",1270,876,1.65354330708661
"CTGTATTTCATGCTTT-1",1879,1070,1.11761575306014
"CTGTATTTCATTCATC-1",982,693,0.916496945010183
"CTGTATTTCATTGCAA-1",2033,1125,0.14756517461879
"CTGTATTTCCAAGTGT-1",1114,745,0.269299820466786
"CTGTATTTCCGCATGA-1",1387,829,0.720980533525595
"CTGTATTTCTGTGCAG-1",1205,791,0.24896265560166
"CTGTGTGAGGCATGTT-1",786,588,1.14503816793893
"CTGTGTGAGGGTGAAC-1",2194,1448,0.638103919781221
"CTGTGTGAGGTGAGAC-1",997,750,1.00300902708124
"CTGTTAAAGCATGACT-1",1377,901,1.30718954248366
"CTGTTAAAGCCTTAAA-1",3473,1933,0.518283904405413
"CTGTTAAAGGACCTGC-1",8891,3498,0.753571026881116
"CTGTTAAAGGGTGGAT-1",789,629,0
"CTGTTAAAGTCATTTC-1",815,569,0.736196319018405
"CTGTTCATCATAGACC-1",1379,885,0.50761421319797
"CTGTTCATCCGGTTAG-1",10501,3782,0.695171888391582
"CTGTTCATCCTCATGC-1",978,658,1.02249488752556
"CTGTTCATCCTTGTTG-1",1302,857,0.614439324116744
"CTGTTCATCGGTCAAT-1",845,582,0.828402366863905
"CTGTTTAGTGCATTAG-1",2629,1556,0.912894636744009
"CTGTTTAGTTCCTCCT-1",2357,1324,0.509121764955452
"CTGTTTAGTTTGGGTA-1",1122,790,0.35650623885918
"CTTAACAAGATTCCTT-1",1440,953,0.694444444444444
"CTTAACAAGCTTTGTT-1",1453,965,0.688231245698555
"CTTAACAAGTTGTCTT-1",1584,1000,0.378787878787879
"CTTAAGATCCTTCTAG-1",1270,803,0.47244094488189
"CTTAAGGGTCATTGTC-1",810,586,0.617283950617284
"CTTACCGGTAAGCTTG-1",762,575,0.5249343832021
"CTTACCTCACATACTG-1",3219,1596,0.465983224603914
"CTTACCTCACCTGCTC-1",1294,847,1.08191653786708
"CTTACCTCACTAGGTC-1",753,570,0.531208499335989
"CTTACCTCATCCAGGT-1",1724,1015,0.638051044083527
"CTTAGGAGTAATTAGC-1",878,650,0.797266514806378
"CTTAGGAGTCGCATAA-1",827,655,0.483675937122128
"CTTAGGAGTGATTTGG-1",914,657,1.42231947483589
"CTTAGGAGTTATCCGT-1",4823,2270,0.912295251917893
"CTTAGGAGTTGTAACG-1",901,646,0.887902330743618
"CTTAGTTTCCAGCACA-1",2086,1302,0.910834132310642
"CTTAGTTTCGATCAGT-1",860,569,0.232558139534884
"CTTAGTTTCTGTTGCC-1",1395,893,0.860215053763441
"CTTAGTTTCTTAGGGT-1",1894,1162,0.527983104540655
"CTTATGTTCAAACCGT-1",1573,957,0.953591862682772
"CTTATGTTCCCGCAAA-1",2065,1222,0.145278450363196
"CTTATGTTCGAGCTAT-1",1079,756,1.29749768303985
"CTTATGTTCGGCTATG-1",867,634,0.230680507497116
"CTTATGTTCGTTATAG-1",2630,1458,0.64638783269962
"CTTATGTTCTATTGTC-1",1580,965,0.189873417721519
"CTTATGTTCTTAGCCC-1",1903,1040,1.05097214923805
"CTTATGTTCTTCAATC-1",3738,1764,0.347779561262707
"CTTATTGGTAAGCTTG-1",2228,1395,1.12208258527828
"CTTATTGGTCTTACTA-1",1679,1122,0.119118522930316
"CTTATTGGTGGATTAT-1",1134,737,0.440917107583774
"CTTATTGGTTAGTACG-1",751,553,0.532623169107856
"CTTATTGGTTTGTCTA-1",972,664,1.02880658436214
"CTTCAAGCACATAGCC-1",959,653,0.417101147028154
"CTTCAAGCAGTATGTT-1",1068,682,0.0936329588014981
"CTTCAAGCATTTAAGC-1",2394,1511,0.543024227234754
"CTTCAATTCACTTCAT-1",5202,2297,1.24951941560938
"CTTCAATTCAGCAAGA-1",1421,877,0.985221674876847
"CTTCAATTCCCTCAAC-1",4448,2119,0.764388489208633
"CTTCAATTCCGGCTAA-1",1047,696,0.573065902578797
"CTTCAATTCGGGATTT-1",970,672,0.412371134020619
"CTTCAATTCTTGTTCG-1",1073,717,0.279589934762349
"CTTCACTCAATTGAAG-1",1053,735,1.42450142450142
"CTTCACTCACATACTG-1",888,579,0.337837837837838
"CTTCACTCACCTCACC-1",1405,884,0.711743772241993
"CTTCACTCAGCCGCTA-1",1581,1024,1.01201771030993
"CTTCAGGAGCTGGACC-1",853,656,1.17233294255569
"CTTCAGGAGGCCAATT-1",812,610,0.246305418719212
"CTTCATCCAGGCTACT-1",1856,1114,0.592672413793103
"CTTCATCCAGTATGTT-1",1137,707,0.615655233069481
"CTTCATCCAGTTAAAG-1",838,603,0.835322195704057
"CTTCTAAGTAATCGCA-1",867,626,1.3840830449827
"CTTCTAAGTCACAGAC-1",1362,913,1.46842878120411
"CTTCTAAGTCCTTTAA-1",1284,893,1.01246105919003
"CTTCTAAGTCTTTGAC-1",929,693,0.753498385360603
"CTTCTAAGTTACAACG-1",1137,741,0.527704485488127
"CTTCTAAGTTGGATAT-1",787,573,0.635324015247776
"CTTCTAAGTTGTCCAT-1",1012,744,0.494071146245059
"CTTCTAAGTTTAGCGA-1",3256,1672,0.982800982800983
"CTTCTCAAGAGGGACT-1",790,611,1.77215189873418
"CTTCTCAAGCCGCTTT-1",1000,564,1
"CTTCTCAAGGCTGTCA-1",1939,1254,0.773594636410521
"CTTCTCAAGGTTAGCT-1",1866,1197,0.160771704180064
"CTTCTCAAGTCATCCC-1",1001,657,1.1988011988012
"CTTCTCAAGTGAACGA-1",1254,885,0.797448165869218
"CTTCTCAAGTTAGCCG-1",3152,1670,0.285532994923858
"CTTCTCAAGTTGGCCA-1",1041,680,0.576368876080692
"CTTGAACAGCCTTAAA-1",788,593,1.14213197969543
"CTTGAACAGGCATTAC-1",1515,965,0.528052805280528
"CTTGAACAGTGACCTG-1",1171,802,0.341588385994876
"CTTGAACAGTTAGCTA-1",1189,831,0.336417157275021
"CTTGAACAGTTTCCTG-1",1345,888,0.297397769516729
"CTTGAATCAAACCTAT-1",3663,1818,1.03740103740104
"CTTGAATCAACATAAG-1",914,668,0.765864332603939
"CTTGAATCATCATGTG-1",1132,797,0.706713780918728
"CTTGACGAGAACAAGT-1",911,667,0.768386388583974
"CTTGCAACACATGCTA-1",1053,740,1.61443494776828
"CTTGCAACACCTACTT-1",1001,698,1.3986013986014
"CTTGCAACATATAACC-1",2422,1314,0.867052023121387
"CTTGCATGTACCGTAA-1",2064,1252,1.01744186046512
"CTTGCATGTATTACCC-1",2752,1548,1.52616279069767
"CTTGCATGTATTGTGG-1",1440,850,0.347222222222222
"CTTGCATGTGAGGTGA-1",1528,991,0.719895287958115
"CTTGCATGTGGGAACA-1",1316,935,0.455927051671732
"CTTGCATGTTAAGTGT-1",1100,728,0.181818181818182
"CTTGCATGTTCATCTA-1",874,627,0.34324942791762
"CTTGCGCGTATTGCAG-1",874,661,1.25858123569794
"CTTGCTCAGCATGACT-1",2063,1233,1.26030053320407
"CTTGCTCAGGTACCGC-1",1109,777,0.18034265103697
"CTTGCTCAGTTGCGTG-1",771,593,0.907911802853437
"CTTGGACCAGCTAACC-1",849,610,1.29564193168433
"CTTGGACCAGGTTACC-1",908,644,0.550660792951542
"CTTGGACCAGTAATAG-1",1516,932,0.131926121372032
"CTTGGACCATTATGGT-1",1257,807,0.636435958631663
"CTTGTAAAGCAGCTCA-1",874,652,0.68649885583524
"CTTGTAAAGTGAACGA-1",849,680,0.824499411071849
"CTTGTCCAGTCTATGA-1",1059,730,1.51085930122757
"CTTGTTCCAAGCTACC-1",1070,743,0.467289719626168
"CTTGTTCCAATTAAGG-1",914,621,0
"CTTGTTCCACTAGGTC-1",887,634,1.01465614430665
"CTTGTTCCAGGACCTT-1",3907,1995,0.563091886357819
"CTTGTTTAGAATGACG-1",1571,939,0.509229789942712
"CTTGTTTAGCTTCCCG-1",818,579,0.244498777506112
"CTTGTTTAGGCTGTCA-1",988,728,0.101214574898785
"CTTGTTTAGTCTGGGC-1",1351,863,0.370096225018505
"CTTGTTTAGTTATGTG-1",2248,1383,0.311387900355872
"CTTTAGGCACAAAGAC-1",760,562,1.31578947368421
"CTTTAGGCAGGTTATT-1",881,657,0.454029511918275
"CTTTAGGCATCATGGC-1",925,661,0.972972972972973
"CTTTAGGCATTTGCTC-1",1341,866,0.223713646532438
"CTTTAGTTCATGCCTC-1",1213,790,1.31904369332234
"CTTTAGTTCGTTAGTA-1",765,572,0.65359477124183
"CTTTAGTTCTTGTCCA-1",1443,880,0.346500346500347
"CTTTATCAGCATCCAG-1",3799,1924,0.605422479599895
"CTTTATCAGCGCATTG-1",1263,883,0.950118764845606
"CTTTATCAGCTTCCCG-1",1344,883,0.892857142857143
"CTTTATGGTCGTAAAT-1",798,559,1.00250626566416
"CTTTATGGTGCTAGAC-1",2382,1360,0.419815281276238
"CTTTATGGTGCTTAGA-1",1317,813,0.531511009870919
"CTTTCTTGTAGCAGCT-1",1186,767,0.927487352445194
"CTTTCTTGTCATTACC-1",3434,1700,0.728013977868375
"CTTTCTTGTTAATCGG-1",773,572,1.29366106080207
"CTTTCTTGTTGCATCT-1",4939,2164,0.425187284875481
"CTTTCTTGTTGTTGTC-1",2120,1207,0.330188679245283
"CTTTGAGCAAACCTAT-1",1053,726,1.13960113960114
"CTTTGAGCATGTCAAT-1",1641,1098,1.27970749542962
"CTTTGTCCAACTAACT-1",1731,992,0.808781051415367
"CTTTGTCCAACTCGCG-1",937,698,1.28068303094984
"CTTTGTCCAATATGGA-1",759,566,0.263504611330698
"CTTTGTCCACTAAGTT-1",1356,805,0.811209439528024
"CTTTGTCCATAAGTCT-1",1613,961,2.47985120892746
"GAAACCCGTATCTGGA-1",1200,805,1.08333333333333
"GAAACCCGTTACATCC-1",809,543,1.85414091470952
"GAAAGGCTCAATCATG-1",767,544,0.782268578878748
"GAACACAAGCCTGGTA-1",858,624,0.34965034965035
"GAACACAAGCTTACTT-1",1013,695,0.493583415597236
"GAACACAAGTAAAGGT-1",1075,766,0.465116279069767
"GAACACAAGTAAGAAC-1",1260,883,0.158730158730159
"GAACACAAGTCAATCA-1",1350,850,0.444444444444444
"GAACCAAAGCATGAAG-1",1672,1188,1.31578947368421
"GAACCAAAGCTTTGTT-1",1548,978,0.193798449612403
"GAACCGCTCCTAAATG-1",4204,2101,1.16555661274976
"GAACCTGTCAAGACTC-1",814,565,1.84275184275184
"GAACCTGTCAGTATTG-1",843,575,0.711743772241993
"GAACCTGTCCTAAGAC-1",827,616,1.81378476420798
"GAACCTGTCGTTATAG-1",1062,591,0.659133709981168
"GAACCTGTCTCCATAT-1",1176,816,0.935374149659864
"GAACCTTAGCGAAGTA-1",900,715,1.11111111111111
"GAACCTTAGGCTATGT-1",1735,1050,1.32564841498559
"GAACCTTAGTGAGCAA-1",844,646,0.947867298578199
"GAACGAATCACTTTAC-1",1354,870,0.812407680945347
"GAACGAATCATTCATC-1",1672,1045,0.717703349282297
"GAACGAATCCAAGTTA-1",1091,728,0.824931255728689
"GAACGAATCCCTGTTA-1",1165,780,1.28755364806867
"GAACGAATCCGTCCAT-1",765,568,1.04575163398693
"GAACGAATCCTAGTAA-1",917,629,0.436205016357688
"GAACGAATCCTTTACG-1",1040,697,0.769230769230769
"GAACTTATCAATGTCA-1",1675,1048,0.716417910447761
"GAACTTATCACTAATG-1",1681,1042,0.713860797144557
"GAACTTATCAGGATGA-1",924,681,0.541125541125541
"GAACTTATCATAATCG-1",1343,880,0.744601638123604
"GAACTTATCCCGCCTA-1",1326,826,0.603318250377074
"GAACTTATCGATTTAG-1",1576,976,0.571065989847716
"GAACTTATCGCATCCT-1",987,637,0.506585612968592
"GAACTTATCTCACTAT-1",1383,915,0.723065798987708
"GAAGCCTGTTAAATGC-1",1878,1243,2.12992545260916
"GAAGCCTGTTATCCTA-1",3857,2005,0.985221674876847
"GAAGCTAAGCTCATAA-1",1219,791,0.902378999179656
"GAAGCTAAGGGACCTC-1",1047,775,1.81470869149952
"GAAGGAACAGCACCAT-1",995,737,0.804020100502513
"GAAGGCCCAATCGCAC-1",2383,1520,1.88837599664289
"GAAGGCCCACGGTTTA-1",1244,866,0.401929260450161
"GAAGGCCCATTCCTGT-1",948,668,0.421940928270042
"GAAGTAAGTGTGAGGA-1",1407,979,1.20824449182658
"GAAGTAAGTGTTCCCA-1",4156,2247,1.4436958614052
"GAAGTATAGGACACTT-1",1722,1031,0.348432055749129
"GAAGTATAGGACCTCA-1",2780,1588,0.935251798561151
"GAAGTCAAGCGATAGA-1",1239,899,1.04923325262308
"GAAGTCAAGCTAATTG-1",1274,861,0.86342229199372
"GAAGTCAAGTCATTTC-1",891,677,0.897867564534231
"GAAGTGATCACACAGT-1",1291,921,0.619674670797831
"GAATTTGTCATTTGCT-1",1470,864,0.476190476190476
"GAATTTGTCGCTTGCT-1",825,566,0.242424242424242
"GAATTTGTCTCACTAT-1",2201,1202,0.590640617900954
"GAATTTGTCTCCATAT-1",2265,1232,1.05960264900662
"GAATTTGTCTCCTCAA-1",1134,749,0.264550264550265
"GACAATACAACCCTAA-1",787,518,1.77890724269377
"GACAATACAACCCTCC-1",1365,811,0.805860805860806
"GACAATACAATTAGCT-1",1239,814,0.645682001614205
"GACAATACAGCTTACA-1",3301,1695,1.21175401393517
"GACACCGGTGTGAGAG-1",1035,766,0.772946859903382
"GACACCGGTTCATTTG-1",903,661,0.664451827242525
"GACATAGAGACCATAC-1",1433,825,1.25610607117934
"GACATAGAGCTGGAAA-1",991,723,1.2108980827447
"GACATAGAGGATAAAC-1",921,674,1.95439739413681
"GACATAGAGGCTGGCT-1",2888,1637,1.55817174515235
"GACATAGAGGTTAGCT-1",935,703,0.320855614973262
"GACATTATCAGCCAAT-1",1260,832,0.634920634920635
"GACATTATCTCGCCTG-1",833,575,1.4405762304922
"GACCGAACATTTAAGC-1",762,541,0.131233595800525
"GACCGTTCAATATAGG-1",1132,758,0.706713780918728
"GACCGTTCACATAGCC-1",1962,1292,1.47808358817533
"GACCGTTCACATGCTA-1",1402,913,0.855920114122682
"GACCGTTCACTGACTA-1",1836,1150,1.08932461873638
"GACCTAAGTAACTACG-1",3098,1637,1.03292446739832
"GACCTAAGTAGGTTTG-1",835,627,0.838323353293413
"GACCTAAGTCGACTAA-1",764,545,1.70157068062827
"GACCTAGTCACATTGA-1",883,640,0.792751981879955
"GACCTAGTCACGTTAA-1",827,609,1.69286577992745
"GACCTAGTCATCCACC-1",757,560,2.11360634081902
"GACCTAGTCCCGTTTA-1",803,457,0.62266500622665
"GACCTAGTCGATTCTT-1",892,518,2.46636771300448
"GACCTCAAGCTATTAG-1",810,604,1.23456790123457
"GACCTGATCATAGACC-1",1666,1144,1.68067226890756
"GACCTGATCGATAACC-1",3044,1768,0.985545335085414
"GACCTGATCTTAATGG-1",2631,1471,1.02622576966933
"GACCTTTGTGATTTGG-1",1058,773,1.51228733459357
"GACCTTTGTTACTAGG-1",1034,706,0.0967117988394584
"GACCTTTGTTCGCTTG-1",802,587,1.3715710723192
"GACCTTTGTTCTTTAG-1",5013,2364,0.638340315180531
"GACGCAACACAGGATG-1",771,629,1.94552529182879
"GACGCAACATAATCAC-1",8499,3271,1.09424638192729
"GACGCCTAGGTCCGTA-1",974,726,2.56673511293634
"GACGTAAAGAAACTGG-1",1040,701,0.384615384615385
"GACGTAAAGAGGAGGA-1",1120,820,1.07142857142857
"GACGTAAAGTCCTTCA-1",1856,1248,0.431034482758621
"GACTAATGTGTCCTGC-1",1366,953,0.658857979502196
"GACTAATGTTGCCTCA-1",3272,1633,1.13080684596577
"GACTAATGTTGTTGTC-1",1101,749,0.635785649409628
"GACTAATGTTTAGCGA-1",1314,864,0.532724505327245
"GACTAATGTTTCCGGC-1",802,558,0.997506234413965
"GACTATTCAAATTCGT-1",1010,707,0.99009900990099
"GACTATTCAACTAACT-1",2235,1257,0.894854586129754
"GACTATTCAAGGTCCT-1",3022,1663,0.893448047650563
"GACTATTCAGGCTTCG-1",837,626,1.0752688172043
"GACTCACCAAACATAG-1",1084,733,0.830258302583026
"GACTCACCAAACTGTT-1",1095,800,1.27853881278539
"GACTCACCAGCTTAAT-1",1242,813,0.885668276972625
"GACTCACCAGTAGGAT-1",1766,1156,1.41562853907135
"GACTTACAGCGGATTT-1",1112,789,0.899280575539568
"GACTTACAGGAACCAA-1",2432,1366,1.11019736842105
"GACTTACAGGACCTTG-1",1101,721,0.36330608537693
"GACTTACAGTCATGCG-1",1074,805,1.30353817504655
"GACTTAGGTATTCGCT-1",1540,891,0.25974025974026
"GACTTAGGTTAAATGC-1",1810,1155,0.883977900552486
"GACTTAGGTTGCAATG-1",1683,1093,0.35650623885918
"GACTTAGGTTGCACAA-1",978,657,1.43149284253579
"GACTTAGGTTGGCCGA-1",6220,2848,1.41479099678457
"GACTTAGGTTGTCCAT-1",1445,955,0.899653979238754
"GACTTGGTCAGCAAAG-1",1940,1202,1.54639175257732
"GACTTGGTCCTCCCTC-1",2692,1611,0.668647845468053
"GAGAAACGTCACCAAA-1",2084,1353,1.67946257197697
"GAGAAACGTCTTTGAC-1",769,578,0.650195058517555
"GAGAAACGTTATAGCG-1",1076,736,0.0929368029739777
"GAGAAACGTTTACGTC-1",1388,989,1.00864553314121
"GAGAACCAGCTATATG-1",2731,1525,0.732332478945441
"GAGAACCAGCTGCACA-1",767,558,0.651890482398957
"GAGAACCAGGACCTGC-1",1455,1019,1.09965635738832
"GAGATAAGTACCAGGT-1",2796,1556,0.858369098712446
"GAGCCACTCCCTCAAC-1",867,627,1.61476355247982
"GAGCCACTCTAACCAA-1",939,641,0.851970181043664
"GAGCCTTCAGCAAGAT-1",4359,2334,1.53704978206011
"GAGCCTTCATGAATCT-1",2005,1049,0.748129675810474
"GAGCCTTCATTAGCCA-1",876,630,2.1689497716895
"GAGCCTTCATTCCTGT-1",2040,1159,0.0980392156862745
"GAGCTAGCATTGTGAT-1",862,670,0.812064965197216
"GAGCTGCTCGTTAGTA-1",910,696,3.95604395604396
"GAGGACTAGTAACAGG-1",1707,1129,1.40597539543058
"GAGGAGGCATAAACCT-1",1009,758,0.297324083250743
"GAGGCAAGTCACAAAT-1",767,607,1.04302477183833
"GAGGCCTTCAATTACG-1",885,621,0.451977401129944
"GAGGCCTTCACATTGA-1",3463,1816,1.03956107421311
"GAGGCCTTCCTAATAG-1",765,545,0.522875816993464
"GAGGCCTTCTCACAAA-1",1024,689,0.29296875
"GAGGCTACAAGGTATA-1",4545,2231,0.836083608360836
"GAGGCTACATGTTGGC-1",2912,1753,1.06456043956044
"GAGGCTACATTAAAGG-1",865,643,1.27167630057803
"GAGGTACAGCTATATG-1",1077,789,0.464252553389044
"GAGGTAGGTTATGTGG-1",1111,753,0.72007200720072
"GAGGTGAGTTCACCAT-1",1386,992,0.793650793650794
"GAGGTTAAGCATGAAG-1",1151,810,0.52128583840139
"GAGGTTAAGTCACCAG-1",1613,1087,1.11593304401736
"GAGGTTAAGTTACCGG-1",776,568,0
"GAGGTTAAGTTTGTCT-1",915,659,0.546448087431694
"GAGTAACCAACTAACT-1",1007,644,0.893743793445879
"GAGTAACCACGTTACA-1",1025,736,0.682926829268293
"GAGTAATAGCAGCTCA-1",1446,897,1.31396957123098
"GAGTAATAGCCAGTAT-1",1124,804,0.533807829181495
"GAGTAATAGGCATTAC-1",855,621,0.233918128654971
"GAGTAATAGTTAGGCT-1",2003,1216,1.59760359460809
"GAGTATCTCAGGCCTA-1",871,630,0.68886337543054
"GAGTATCTCGCAAACT-1",2188,1227,0.685557586837294
"GAGTATCTCTAACCTT-1",1879,1191,0.532197977647685
"GAGTATCTCTTGTCTG-1",1356,903,0.294985250737463
"GAGTCAAAGCGGATAA-1",816,652,1.22549019607843
"GAGTCAAAGGATCACT-1",1294,889,1.70015455950541
"GAGTCATTCCAAGTGT-1",1308,838,0.611620795107034
"GAGTCATTCCTGTTCA-1",984,702,0.813008130081301
"GAGTCATTCTCACTCA-1",1094,743,1.09689213893967
"GAGTGAGGTAACCACA-1",964,697,0.518672199170124
"GAGTGAGGTAGACAAA-1",9892,3796,1.17266477961989
"GAGTGATCAAGACTCC-1",1622,1049,0.369913686806412
"GAGTGTTTCCGGTTAG-1",853,654,1.17233294255569
"GAGTGTTTCCTAAGTA-1",940,720,0.74468085106383
"GAGTTACTCCAATAGC-1",1319,875,0.985595147839272
"GAGTTACTCCACAATA-1",1272,843,0.471698113207547
"GAGTTACTCGTTATCT-1",1527,995,0.45841519318926
"GAGTTTGGTCCTAACT-1",11730,4065,1.07416879795396
"GAGTTTGGTCGTAAAT-1",975,686,0.615384615384615
"GAGTTTGGTTAGGATT-1",1059,701,0.755429650613787
"GATAAAGGTCCTTCAG-1",1058,705,0.945179584120983
"GATAAAGGTTACAAAC-1",973,667,0.616649537512847
"GATAAAGGTTACGCAA-1",844,619,0.118483412322275
"GATAACGAGGACACTT-1",772,547,0.647668393782383
"GATAAGCCAGCTTACA-1",1417,958,0.846859562455893
"GATAAGCCATAAGCAA-1",908,656,0.440528634361234
"GATAAGCCATCCCTCA-1",2239,1388,0.848593121929433
"GATAATCGTCAACAAT-1",1124,755,0.889679715302491
"GATAATCGTTTAGCTC-1",2524,1486,0.475435816164818
"GATAATCGTTTCCGGC-1",2624,1525,0.38109756097561
"GATAATCGTTTGGTTC-1",1215,771,0.329218106995885
"GATCAAGAGGAGTCTT-1",794,584,0.755667506297229
"GATCACTAGGATAAAC-1",2175,1169,0.551724137931034
"GATCACTAGGCGCTAC-1",1073,727,1.95712954333644
"GATCACTAGGTCCACA-1",3252,1813,1.3530135301353
"GATCACTAGTAACAGG-1",1522,966,0.722733245729304
"GATCACTAGTCACCAG-1",1461,885,0.479123887748118
"GATCACTAGTTAGCTA-1",2185,1355,1.00686498855835
"GATCAGGCATTGTTGG-1",1082,717,0.369685767097967
"GATCAGTTCAATGTGC-1",1373,921,0.582665695557174
"GATCAGTTCACCGGTA-1",1164,752,0.515463917525773
"GATCAGTTCACTAATG-1",1908,1094,0.419287211740042
"GATCAGTTCCCTCTAA-1",2888,1395,0.519390581717452
"GATCAGTTCCGGTTAG-1",1669,1021,0.359496704613541
"GATCCGTCACAATACT-1",1717,1049,0.87361677344205
"GATCCGTCACATTGCA-1",2039,1275,0.294261893084846
"GATCCGTCACCTATAG-1",3692,1938,0.785482123510292
"GATCCGTCACTAAATC-1",2007,1215,1.44494270054808
"GATCGATTCGCGCTAA-1",1084,800,1.19926199261993
"GATCGCTCAACCCTCC-1",896,619,1.11607142857143
"GATCGCTCACCTAAGC-1",805,615,0.745341614906832
"GATCGCTCACCTACTT-1",821,578,0
"GATCGCTCACCTGCTC-1",1067,752,0.656044985941893
"GATCGCTCATCAGTAT-1",757,504,0.660501981505945
"GATCGCTCATTATGGT-1",3716,1826,0.538213132400431
"GATGACTTCCTCAGTC-1",992,690,1.00806451612903
"GATGACTTCGCTCCAT-1",978,718,0.715746421267894
"GATGAGGGTAGCTGCG-1",786,635,2.16284987277354
"GATGCAGCAATATGGA-1",1685,1080,0.474777448071217
"GATGCAGCACGGTACT-1",1266,895,1.34281200631912
"GATGCAGCAGAAATGC-1",905,663,0.552486187845304
"GATGCATTCACCTGTC-1",1281,847,0.936768149882904
"GATGCATTCAGGTCCA-1",756,534,1.32275132275132
"GATGCATTCATTACAG-1",974,709,0.82135523613963
"GATGCATTCCGGTTAG-1",3518,1930,0.653780557134736
"GATGCATTCGCTAGAT-1",1490,985,0.939597315436242
"GATGCATTCGTTAACA-1",843,586,0.830367734282325
"GATGCATTCTGTAAGC-1",963,735,0.726895119418484
"GATGCTTAGGATCACT-1",1369,894,0.511322132943755
"GATGCTTAGTTCCCAC-1",1128,816,1.15248226950355
"GATGGACAGATACTTG-1",1365,861,0.586080586080586
"GATGGACAGCAGCTAT-1",937,688,0.64034151547492
"GATGGACAGGACCAGG-1",768,567,0.390625
"GATGGACAGTAAACCC-1",2793,1675,0.644468313641246
"GATGGCTGTATTTGCC-1",756,547,1.71957671957672
"GATTAAGCAAACCTTG-1",971,646,0.514933058702369
"GATTAAGCAGAAATTG-1",5163,2444,0.503583188068952
"GATTAAGCAGGCATCT-1",1702,1064,0.411280846063455
"GATTAAGCATATTGAC-1",1346,897,0.594353640416048
"GATTAAGCATCATGGC-1",2126,1324,1.50517403574788
"GATTAAGCATTGCAGC-1",928,646,0.969827586206897
"GATTACGGTGCATTAG-1",1752,1133,0.627853881278539
"GATTACGGTTTAGCTC-1",1272,863,0.314465408805031
"GATTACTCAACAACAA-1",1241,823,0.48348106365834
"GATTACTCAATCATGT-1",2930,1612,0.409556313993174
"GATTACTCACGTAATT-1",1123,770,0.6233303650935
"GATTAGCTCCTCCTAA-1",1714,1055,0.408401400233372
"GATTAGTGTACCGTTT-1",840,627,0.119047619047619
"GATTAGTGTATTGTGG-1",1164,817,0.429553264604811
"GATTAGTGTGAGGTGA-1",1802,1164,0.998890122086571
"GATTAGTGTGATGGCT-1",1143,812,0.78740157480315
"GATTAGTGTGTTGCTT-1",1657,1091,0.844900422450211
"GATTAGTGTTATGTGG-1",775,565,0.516129032258065
"GATTAGTGTTCACCAT-1",2024,1240,1.18577075098814
"GATTAGTGTTTAACGG-1",1355,934,0.590405904059041
"GATTATGTCACACAGT-1",1634,960,0.734394124847001
"GATTATGTCAGTGAAG-1",2263,1429,0.70702607158639
"GATTATGTCCATAAGC-1",1036,720,1.06177606177606
"GATTATGTCCGTAAAC-1",4094,1939,1.07474352711285
"GATTATGTCGCTAAGT-1",1151,785,0.260642919200695
"GATTATGTCTTAGCCC-1",3016,1548,0.928381962864721
"GATTCAATCACAAGCT-1",3262,1663,1.13427345187002
"GATTCAATCACCATTT-1",2901,1519,0.758359186487418
"GATTCAATCTTAGCGG-1",2108,1297,0.569259962049336
"GATTCAATCTTGACCC-1",1408,923,0.639204545454546
"GATTCAGGTAGCAGCT-1",1584,1122,0.505050505050505
"GATTCAGGTATGGTGC-1",1765,1127,0.623229461756374
"GATTCAGGTCTTGCAT-1",834,604,0.359712230215827
"GATTCAGGTGACATGC-1",753,569,0.265604249667995
"GATTCAGGTTAATGAC-1",790,586,0.506329113924051
"GATTCAGGTTAGGACC-1",1113,812,0.988319856244385
"GATTCATCAATAAGCA-1",2004,1234,0.748502994011976
"GATTCATCATCCTAGA-1",1113,745,1.70709793351303
"GATTCCTGTAGCTAGC-1",1283,835,0.857365549493375
"GATTCCTGTCAAAGAA-1",961,708,0.520291363163372
"GATTCCTGTGTTAGCA-1",1164,791,1.63230240549828
"GATTCCTGTTCATCTA-1",1217,836,2.13640098603122
"GATTCCTGTTTCCTCC-1",3967,1957,0.882278800100832
"GATTCGCCATGGTTAT-1",867,633,1.03806228373702
"GATTGATGTAATAGCT-1",2503,1395,0.519376747902517
"GATTGATGTCTTTGAC-1",1020,700,0.196078431372549
"GATTGATGTGCATTTC-1",1480,906,0.810810810810811
"GATTGATGTTATCCGT-1",2583,1353,0.735578784359272
"GATTGATGTTTGCGAA-1",946,670,0.951374207188161
"GATTGATGTTTGTGGA-1",1435,928,0.48780487804878
"GATTGCAGTCAAAGAA-1",1247,872,0.962309542902967
"GATTGCAGTGCATTAG-1",810,583,0
"GATTGCAGTTGTTGCT-1",879,663,0.796359499431172
"GATTGCAGTTTGGGTA-1",1742,1097,0.401836969001148
"GATTGGTTCACAGCGC-1",1354,935,0.812407680945347
"GATTGGTTCCCTCAGT-1",2002,1204,0.599400599400599
"GATTGGTTCCTCACAC-1",1224,838,0.408496732026144
"GATTGGTTCCTCACTA-1",920,605,0.434782608695652
"GATTGGTTCGTTATAG-1",815,598,0.613496932515337
"GATTGGTTCGTTTCTG-1",1211,787,0.165152766308836
"GATTGGTTCTTAGTGA-1",2783,1508,0.359324469996407
"GATTGTTCACAAGCCT-1",3149,1874,1.2702445220705
"GATTGTTCAGTAGGAT-1",907,689,1.43329658213892
"GATTGTTCATCACAGC-1",1575,1032,1.33333333333333
"GATTTGCAGACTTACA-1",996,667,1.10441767068273
"GATTTGCAGAGAAGGG-1",1173,880,1.27877237851662
"GATTTGCAGTTGTCAA-1",982,686,0.509164969450102
"GCAAACAAGCACGTTG-1",1463,1029,1.09364319890636
"GCAAACAAGCTCATAA-1",1921,1192,0.989068193649141
"GCAAACAAGTTACTTC-1",1842,1053,0.542888165038002
"GCAAACTTCCTAATAG-1",1361,844,1.1756061719324
"GCAAACTTCGAAGTGA-1",808,615,0.618811881188119
"GCAAACTTCGATTTGA-1",1883,1269,0.79660116834838
"GCAAACTTCTCGACCT-1",1488,967,0.604838709677419
"GCAACAGCAGTTTACG-1",973,711,0.92497430626927
"GCAACAGCATCGCTCC-1",1075,778,1.3953488372093
"GCAACAGCATGCATAT-1",858,618,1.16550116550117
"GCAAGCCTCCTAGTTT-1",1059,666,0.661000944287063
"GCAATAGAGAGAGGCT-1",1356,964,1.54867256637168
"GCAATAGAGATAGACG-1",859,632,0.69848661233993
"GCAATAGAGCATTAGC-1",1947,1233,1.12994350282486
"GCAATAGAGGTGAAAT-1",2459,1394,0.732004880032534
"GCAATAGAGTAACGGA-1",1066,769,0.469043151969981
"GCAATATGTACCGGAT-1",1314,826,0.76103500761035
"GCAATATGTATTGTCC-1",1908,1122,0.419287211740042
"GCAATATGTGGTGAGA-1",960,706,0.104166666666667
"GCAATATGTTACGCAA-1",1571,940,0.381922342457034
"GCAATCTAGGACCTCA-1",784,599,0.76530612244898
"GCAATCTAGGTGTTAC-1",2110,1271,0.853080568720379
"GCAATCTAGTGAAGTG-1",890,646,0
"GCAATCTAGTTATGTG-1",1019,720,0.098135426889107
"GCAATGAAGACAAGTG-1",752,588,0.531914893617021
"GCAATGAAGCTATTGA-1",1724,1016,0.754060324825986
"GCAATGAAGTCTCACC-1",857,604,0.116686114352392
"GCAATGTTCCGGTTAG-1",1039,734,1.92492781520693
"GCACATTAGACAAGTG-1",1042,749,0.383877159309021
"GCACATTAGCACCACA-1",903,691,0.996677740863787
"GCACATTAGGGTGAAC-1",1412,938,1.69971671388102
"GCACATTAGTTATTCC-1",1792,1081,1.22767857142857
"GCACATTAGTTTCCTG-1",2593,1484,0.887003470883147
"GCACCTAAGAAACTGG-1",976,662,1.53688524590164
"GCACCTAAGCCACAAT-1",1158,780,1.03626943005181
"GCACCTAAGCTCATAA-1",981,645,0.91743119266055
"GCACCTAAGGCCTGGT-1",2284,1406,1.97022767075306
"GCACCTAAGGTGAAAT-1",954,697,1.36268343815514
"GCACCTAAGTTGGGCC-1",992,733,1.31048387096774
"GCACGAACACAAGCCT-1",2048,1298,1.611328125
"GCACGAACACTTACAG-1",798,611,1.12781954887218
"GCACGAACAGAATGAC-1",1721,1107,0.813480534572923
"GCACGAACATTAGCCA-1",809,615,1.35970333745365
"GCACGGTTCAATGTCA-1",829,579,0.361881785283474
"GCACGGTTCATTACTC-1",1221,829,0.655200655200655
"GCACGGTTCTCCATGC-1",860,656,1.04651162790698
"GCACGGTTCTTGGACG-1",1409,1014,1.63236337828247
"GCACTAAGTACTTCAC-1",1645,988,0.486322188449848
"GCACTAAGTCATCATC-1",1350,852,1.55555555555556
"GCACTAAGTCTATCGT-1",2018,1206,0.346878097125867
"GCACTAAGTTGCTGGG-1",946,681,0.845665961945032
"GCACTTACACGAATTT-1",7200,2813,0.652777777777778
"GCACTTACAGTCTATG-1",1367,842,1.02414045354792
"GCACTTACAGTTTGGC-1",920,686,0.978260869565218
"GCACTTACATCGTTCT-1",784,576,0.255102040816327
"GCAGCAACATCCATCT-1",770,558,1.94805194805195
"GCAGCCAGTAAATTGC-1",850,593,1.88235294117647
"GCAGCCAGTAGCTGCG-1",1185,889,3.79746835443038
"GCAGCCAGTTGAGGTC-1",933,720,1.71489817792069
"GCAGCTATCCTCCCTC-1",1028,728,2.43190661478599
"GCAGCTATCCTTAAGA-1",1391,893,1.22214234363767
"GCAGCTATCTAATCCT-1",1050,679,0.857142857142857
"GCAGGAAGTAGCCTAA-1",1050,803,2.38095238095238
"GCAGGAAGTCAATAGT-1",799,587,0.500625782227785
"GCAGGAAGTCATAGAT-1",888,625,0.900900900900901
"GCAGGACCAGGAACTG-1",799,629,1.00125156445557
"GCAGGCTTCATGCCTC-1",3163,1865,1.16977552956054
"GCAGGCTTCATGCTAA-1",1737,1147,0.460564191134139
"GCAGGCTTCTCACTCA-1",865,623,0.69364161849711
"GCATATATCCGCACAA-1",1208,798,0.248344370860927
"GCATATATCCTAAGAC-1",4024,1967,1.1182902584493
"GCATATATCCTGGTGA-1",1418,844,0.846262341325811
"GCATATATCCTTGCGT-1",1109,725,0.450856627592426
"GCATATATCTTAGGGT-1",1824,1118,0.493421052631579
"GCATCCTTCAAATCGC-1",1572,1059,2.67175572519084
"GCATCCTTCAATGACC-1",1477,958,1.1509817197021
"GCATCCTTCAGCACGC-1",1709,1093,1.52135751901697
"GCATCCTTCAGCTAAC-1",973,664,1.54162384378212
"GCATCCTTCGACAAAG-1",1159,821,1.72562553925798
"GCATCCTTCTATCGCC-1",1061,744,0.377002827521206
"GCATCCTTCTCCTCTT-1",4293,2284,0.76869322152341
"GCATCCTTCTTGTCTG-1",6499,3196,0.523157408832128
"GCATGAGCAATAATCC-1",1507,957,0.59721300597213
"GCATGAGCAGTAATAG-1",807,620,0.619578686493185
"GCATTAGGTAGGATCC-1",982,728,0.712830957230143
"GCATTAGGTGTAACCA-1",1597,1003,0.688791484032561
"GCATTGCCAATAATCC-1",3069,1757,1.01010101010101
"GCATTGCCACGAATTT-1",2521,1494,1.03133677112257
"GCATTGCCATGTCAAT-1",781,569,0.640204865556978
"GCATTGCCATTAAAGG-1",1032,729,1.45348837209302
"GCCAACATCATAACCA-1",1088,750,1.47058823529412
"GCCAACATCTCCATAT-1",993,693,1.91339375629406
"GCCAATAGTTTAGTCC-1",990,700,1.11111111111111
"GCCAATTAGCTAATCA-1",1298,806,0.924499229583975
"GCCAATTAGGAGCAAC-1",799,576,0.625782227784731
"GCCAATTAGTCACTCC-1",1228,812,0.407166123778502
"GCCACAATCGCAAACT-1",892,652,1.5695067264574
"GCCACAATCGTTACAA-1",1580,1016,0.822784810126582
"GCCACAATCTACTAAG-1",1332,914,0.525525525525526
"GCCACAATCTGTAATG-1",3267,1712,0.734618916437098
"GCCACAATCTTTGACT-1",1050,779,1.52380952380952
"GCCACTAAGCTGTAAC-1",997,684,0.802407221664995
"GCCACTAAGGGTTAGA-1",961,697,1.87304890738814
"GCCACTAAGGTCCTGA-1",1133,799,1.58870255957635
"GCCAGGTTCATCACTT-1",790,581,0.506329113924051
"GCCAGGTTCGTTATCT-1",1614,1093,0.619578686493185
"GCCATGATCAATCATG-1",1211,865,2.3121387283237
"GCCATTACACATGCTA-1",1789,1140,1.22973728339855
"GCCATTACAGCTTAGC-1",846,629,1.41843971631206
"GCCATTACAGGATAAC-1",1744,1081,1.20412844036697
"GCCATTACATATTGAC-1",3693,1953,1.40806932033577
"GCCCAAATCAGGAACA-1",878,675,1.0250569476082
"GCCCAAATCATTAGGC-1",918,647,0.980392156862745
"GCCCATAAGACAGGTA-1",772,584,1.81347150259067
"GCCCATAAGCACGATT-1",919,644,0.326441784548422
"GCCCATAAGCTAATCA-1",1029,723,1.26336248785228
"GCCCATAAGGTATTGC-1",1072,784,1.30597014925373
"GCCCGTTGTACAATGT-1",972,704,0.720164609053498
"GCCCTCATCTAATCCT-1",1031,735,1.26091173617847
"GCCGTGAGTCAATAGT-1",2818,1711,0.816181689141235
"GCCTAATAGATGCCTG-1",2033,1221,1.03295622233153
"GCCTAATAGCCAGTAT-1",1265,881,1.02766798418972
"GCCTAATAGGAACACA-1",886,609,0.790067720090293
"GCCTAATAGGCATGAA-1",2128,1305,1.36278195488722
"GCCTAATAGTCTGGGC-1",762,560,1.70603674540682
"GCCTACTTCACGCATG-1",1551,1011,1.67633784655061
"GCCTACTTCATCAGTA-1",2784,1508,0.754310344827586
"GCCTACTTCCCGAAGC-1",1982,1183,0.554994954591322
"GCCTACTTCCCTCACG-1",1464,951,0.751366120218579
"GCCTACTTCGTAATCA-1",1535,970,1.23778501628664
"GCCTACTTCGTACCGA-1",978,686,1.73824130879346
"GCCTACTTCTAAGTGC-1",1526,956,0.786369593709043
"GCCTACTTCTCAATTC-1",1203,809,0.332502078137988
"GCCTACTTCTTAAGTG-1",955,678,0.418848167539267
"GCCTACTTCTTGCATT-1",2711,1551,1.10660272962007
"GCCTATTGTGTTTCAC-1",1578,1038,0.380228136882129
"GCCTATTGTTCCTGAT-1",1788,1074,1.00671140939597
"GCCTATTGTTTGACCT-1",14365,4330,0.793595544726766
"GCCTCAAAGGCGAAAC-1",1173,857,1.36402387041773
"GCCTCCATCATCCTCA-1",1580,1023,1.64556962025316
"GCCTCGACAAGATTCT-1",756,570,0.925925925925926
"GCCTGACAGTAGCCAT-1",3170,1824,0.725552050473186
"GCCTGAGGTGCTTACT-1",919,683,0.43525571273123
"GCCTGAGGTTTGAGGC-1",1166,884,1.20068610634648
"GCCTGCTGTATTCGCT-1",1130,797,1.15044247787611
"GCCTGCTGTTATTGCC-1",1033,719,0.387221684414327
"GCCTGTGCAAAGCTCC-1",956,714,0.627615062761506
"GCCTGTGCAACTGGCT-1",1693,1183,0.945067926757236
"GCCTGTGCAGAACCGA-1",753,617,0.531208499335989
"GCCTTAACAACAGGTG-1",983,686,1.01729399796541
"GCCTTAACAACTAGCC-1",811,588,1.10974106041924
"GCCTTAACACATTGCA-1",939,638,0.851970181043664
"GCCTTAACAGATTCAT-1",944,697,1.48305084745763
"GCCTTAACAGGACCTT-1",773,558,1.16429495472186
"GCCTTAACATAATTGC-1",1755,1020,0.683760683760684
"GCCTTAACATCCGTAA-1",994,669,0.503018108651911
"GCCTTAACATGTCAAT-1",1462,943,0.752393980848153
"GCCTTAACATTAGCCA-1",1173,795,0.426257459505541
"GCCTTACTCACGCATG-1",984,722,0.914634146341463
"GCCTTACTCATCCTAT-1",1316,878,0.759878419452888
"GCCTTACTCATGACCG-1",3010,1639,1.99335548172757
"GCCTTACTCCATCAGG-1",982,677,0.305498981670061
"GCCTTACTCCGGTTGA-1",1564,1065,0.767263427109974
"GCCTTACTCCTAAGTA-1",2193,1214,0.54719562243502
"GCCTTACTCCTAATTC-1",2577,1385,0.931315483119907
"GCCTTACTCGTAATCA-1",1709,1129,1.52135751901697
"GCCTTACTCGTTACTT-1",819,532,0.976800976800977
"GCCTTACTCTAACCTT-1",1513,1051,0.594844679444812
"GCCTTACTCTAATTGG-1",1186,783,0.337268128161889
"GCCTTAGAGCTAATTG-1",762,576,0.26246719160105
"GCCTTAGAGGTCCAAT-1",1231,809,0.893582453290008
"GCCTTGCGTGTGTCCC-1",889,719,3.1496062992126
"GCCTTTATCAATTGGC-1",2464,1445,0.649350649350649
"GCCTTTATCACAAGCT-1",798,589,1.12781954887218
"GCCTTTATCATTGCAA-1",1119,733,0.178731009830206
"GCCTTTATCCAAACAC-1",1536,950,0.9765625
"GCCTTTATCCTGAGTG-1",993,693,1.3091641490433
"GCCTTTATCGATTTGA-1",2065,1217,0.484261501210654
"GCCTTTATCGCGACAC-1",1968,1301,1.27032520325203
"GCCTTTGGTTAGTGAT-1",1098,724,0.0910746812386157
"GCCTTTGGTTGTTCAC-1",1225,821,0.73469387755102
"GCGAAGCCATATAACC-1",978,633,0.81799591002045
"GCGAAGCCATTATCCC-1",769,525,0.780234070221066
"GCGATATTCAATCATG-1",2219,1255,1.30689499774673
"GCGATATTCCAGGTTG-1",1219,850,0.656275635767022
"GCGATATTCTAATTGG-1",1840,1074,0.543478260869565
"GCGATTAGTAATAGCT-1",870,656,1.14942528735632
"GCGATTAGTCATCCTG-1",2680,1572,0.932835820895522
"GCGATTAGTCTAACCT-1",1031,713,0.969932104752667
"GCGATTAGTTGGTGAC-1",819,647,1.22100122100122
"GCGCAAACATATTGAC-1",829,592,1.68878166465621
"GCGCAAACATTAGGTT-1",763,564,0.393184796854522
"GCGCAATGTACCTTAC-1",828,620,0.36231884057971
"GCGCCTTGTTACTAGG-1",867,664,1.3840830449827
"GCGCCTTGTTGAAGCC-1",774,622,0.904392764857881
"GCGCTTAAGCTATGAC-1",1283,928,1.24707716289945
"GCGCTTAAGGGATTAG-1",788,566,1.77664974619289
"GCGCTTAAGGGTTATC-1",980,686,0.714285714285714
"GCGGAACCAATCATGT-1",6399,2893,0.922019065478981
"GCGGAACCATGAATCT-1",772,567,2.33160621761658
"GCGGGTTTCAACAAGG-1",1053,766,0.664767331433998
"GCGGGTTTCTAATCTC-1",1547,1074,1.03425985778927
"GCGGTTATCAGCAAGA-1",931,702,1.07411385606874
"GCGGTTATCATTAGTG-1",1403,934,0.427655024946543
"GCGGTTATCCGCACAA-1",1851,1250,1.45867098865478
"GCGGTTATCCTAAGTA-1",2576,1477,0.737577639751553
"GCGTTTCTCTCACTCA-1",2439,1485,1.2710127101271
"GCTAACAGTATTTGCC-1",1461,938,0.54757015742642
"GCTAACAGTCGTTACT-1",838,576,0.596658711217184
"GCTAACCCAACCTAAT-1",872,613,1.14678899082569
"GCTAACCCATAGACTT-1",1872,1151,1.17521367521368
"GCTAACCCATTGTGGC-1",1035,669,0.869565217391304
"GCTAAGTTCAAGTGTC-1",1141,821,0.788781770376862
"GCTAATATCTCCTCAA-1",6882,2953,1.0752688172043
"GCTAATATCTGCAACG-1",1700,1060,0.352941176470588
"GCTAATATCTGTGAGT-1",1304,859,0.843558282208589
"GCTAGCGGTTACTTCA-1",853,629,0.468933177022274
"GCTAGCTCATCATGGC-1",935,656,0.427807486631016
"GCTAGCTCATTATGAC-1",839,618,2.02622169249106
"GCTAGTGTCCTAATTC-1",1734,1230,1.21107266435986
"GCTAGTGTCGTTATAG-1",933,586,0.857449088960343
"GCTATAGGTACTTCAC-1",4653,2204,0.924134966688158
"GCTATAGGTAGCTGGT-1",1107,820,1.5356820234869
"GCTATAGGTCAAAGGG-1",896,671,2.00892857142857
"GCTATAGGTGAGGTGA-1",907,700,0.220507166482911
"GCTATAGGTGTTGCTT-1",965,637,0.207253886010363
"GCTATAGGTTAACAGT-1",1455,909,0.343642611683849
"GCTATAGGTTTGGCTT-1",935,626,0.320855614973262
"GCTATCCTCACCAATA-1",3370,1875,1.42433234421365
"GCTATCCTCCCTGTTA-1",1428,918,0.700280112044818
"GCTATCCTCCTTGCAC-1",1310,880,0.458015267175573
"GCTATCCTCCTTTACG-1",4535,2238,1.2348401323043
"GCTATCCTCGGTCAAT-1",1132,765,1.76678445229682
"GCTATCCTCGGTTACG-1",1794,1164,1.83946488294314
"GCTATTGCACATTAAC-1",1084,754,1.01476014760148
"GCTATTGCACTATGGC-1",772,594,3.10880829015544
"GCTCAACCAATAACGA-1",1174,802,0.511073253833049
"GCTCAACCAATTTAGC-1",1715,1056,0.233236151603499
"GCTCACAAGTAAGTCC-1",1556,1026,0.77120822622108
"GCTCACAAGTTACCGG-1",1675,1116,0.238805970149254
"GCTCATTGTTAGCATG-1",1048,746,1.33587786259542
"GCTCATTGTTCGGGAT-1",785,563,0.89171974522293
"GCTCATTGTTTAGCTC-1",1695,1043,0.825958702064897
"GCTCCTTAGCTTTGTT-1",1374,933,1.45560407569141
"GCTCCTTAGGTTAGAG-1",772,562,1.16580310880829
"GCTCCTTAGTTTAACG-1",879,616,1.2514220705347
"GCTCGATCAAATTCGT-1",1410,991,0.780141843971631
"GCTCGATCACAGAAAC-1",1536,1017,0.455729166666667
"GCTCGATCATGAATAG-1",1501,981,0.599600266489007
"GCTCTGGCATTGTCCT-1",783,596,0.766283524904214
"GCTCTGTTCATAACTG-1",1764,1096,0.963718820861678
"GCTCTGTTCCAGGTTG-1",893,668,0.335946248600224
"GCTCTGTTCCCGAAGC-1",841,594,0.356718192627824
"GCTCTGTTCCTAGTTT-1",1275,858,0.313725490196078
"GCTCTGTTCTAACCTT-1",1179,749,0.169635284139101
"GCTCTGTTCTGTTCAT-1",1211,796,0.330305532617671
"GCTGACATCGCTAGCA-1",2602,1619,0.999231360491929
"GCTGACATCGCTATAA-1",1452,1011,0.482093663911846
"GCTGAGGAGAAAGGAA-1",1303,950,2.37912509593246
"GCTGAGGAGCAGGTTT-1",1307,990,1.07115531752104
"GCTGATCCAGGTTACC-1",1332,926,0.600600600600601
"GCTGATCCAGTAGGAT-1",1594,1075,0.439146800501882
"GCTGATCCATCTAGCA-1",1039,712,0.769971126082772
"GCTGCAATCAAGCGCC-1",805,646,1.11801242236025
"GCTGCAATCCTGATGG-1",758,570,0.527704485488127
"GCTGCAATCTTTGTAC-1",1063,702,0
"GCTGCATCACATGCTA-1",835,646,1.19760479041916
"GCTGCATCATTATGGT-1",1122,760,0.623885918003565
"GCTGGATGTCGTAATG-1",1410,992,1.20567375886525
"GCTGGTTCAAACTCAT-1",2202,1380,1.58946412352407
"GCTGGTTCAAATACCT-1",3344,1865,0.956937799043062
"GCTGGTTCAAATGCCC-1",920,645,0.978260869565218
"GCTGGTTCAAGCTAAA-1",910,640,0.32967032967033
"GCTGGTTCACCTGGTG-1",1163,830,1.11779879621668
"GCTGGTTCACTTACAG-1",782,554,0.383631713554987
"GCTGGTTCAGATTCAT-1",3414,1871,1.49384885764499
"GCTGGTTCATAGCTTG-1",1089,807,1.19375573921028
"GCTGGTTCATTAGCCA-1",1126,835,1.59857904085258
"GCTGGTTCATTAGGCC-1",1315,884,2.0532319391635
"GCTGTAAGTCATTGAG-1",1086,734,0.368324125230203
"GCTGTAAGTTAGGTTG-1",1001,731,0.799200799200799
"GCTGTACCAAGGTCCT-1",887,657,0.676437429537768
"GCTGTACCATATAACC-1",1578,995,0.82382762991128
"GCTGTGATCAGTATTG-1",1371,874,0.145878920495988
"GCTGTGATCCTAAGTA-1",904,658,0.331858407079646
"GCTGTGATCCTTCTAG-1",925,672,0.540540540540541
"GCTGTGCAGTTTGGTA-1",881,728,0.908059023836549
"GCTTAAATCACAGCGC-1",829,649,0.60313630880579
"GCTTAAATCACGTTAA-1",2456,1354,0.529315960912052
"GCTTAAATCATAAGCC-1",1133,734,0.176522506619594
"GCTTAAATCCGTTATT-1",1812,1088,0.883002207505519
"GCTTAAATCCTAATAG-1",1327,868,0.301431801055011
"GCTTAAATCGGCTATG-1",988,754,0.708502024291498
"GCTTAAATCTCTAGCC-1",5868,2526,1.03953646898432
"GCTTAAATCTTAGGGT-1",1644,997,0.24330900243309
"GCTTAACAGTGAACAG-1",782,558,0.767263427109974
"GCTTACCTCAAGTGTC-1",1038,708,0.963391136801541
"GCTTACCTCAATGTCA-1",1996,1145,0.851703406813627
"GCTTACCTCACTAGGT-1",1466,943,0.545702592087312
"GCTTAGTAGCGAAGTA-1",800,635,1.25
"GCTTAGTAGGCATTGT-1",1252,863,1.03833865814696
"GCTTATCGTGACCTGG-1",823,622,0.972053462940462
"GCTTCGCGTTGAATCG-1",820,643,2.31707317073171
"GCTTGACCATTTGCTC-1",975,656,0.615384615384615
"GCTTGTTGTTTCGCGC-1",942,754,0.212314225053079
"GCTTTACGTAATGACT-1",3200,1410,0.375
"GCTTTACGTCTAACAG-1",1031,754,0.872938894277401
"GCTTTACGTTCATCTA-1",1259,878,0.079428117553614
"GCTTTACGTTTCAGGA-1",1033,707,1.16166505324298
"GCTTTATTCATCCTGC-1",3678,1766,0.625339858618815
"GCTTTATTCCCTCGCA-1",1198,802,0.667779632721202
"GCTTTATTCCTCATGC-1",1481,916,0.472653612424038
"GCTTTATTCGGTCAGC-1",976,728,0.204918032786885
"GCTTTATTCTTGCAGG-1",827,601,0.362756952841596
"GCTTTCATCCCTCGCA-1",891,621,1.68350168350168
"GCTTTCATCGCACACA-1",760,569,1.31578947368421
"GCTTTCATCTTAGCCC-1",761,534,0.657030223390276
"GCTTTCATCTTGATGA-1",988,662,0.202429149797571
"GCTTTGTGTTGTAAAC-1",840,651,1.30952380952381
"GGAACAATCACTAAGC-1",811,585,0.739827373612824
"GGAACAATCATGACCG-1",1342,909,1.93740685543964
"GGAACAATCATTACTC-1",3892,2009,1.05344295991778
"GGAACAATCCAAACAC-1",814,580,0.982800982800983
"GGAACAATCCTAAATG-1",1293,880,0.386697602474865
"GGAACAATCCTTAGGG-1",815,620,0.49079754601227
"GGAACAATCTACTAAG-1",1396,922,1.00286532951289
"GGAACCACACATTAAC-1",896,623,0.446428571428571
"GGAACCACACTTCACT-1",1303,842,0.997697620874904
"GGAACCACATGAGTTT-1",1149,769,1.30548302872063
"GGAACCTGTAGCTAGC-1",990,723,1.11111111111111
"GGAACCTGTTAGACCA-1",1004,692,1.29482071713147
"GGAACCTGTTAGGATT-1",1177,773,1.01954120645709
"GGAACTAAGTTAGTTG-1",1456,988,0.480769230769231
"GGAAGTATCAAACTCA-1",1118,794,1.34168157423971
"GGAAGTATCAATCATG-1",3808,1977,0.997899159663865
"GGAAGTATCACTAATG-1",1067,687,1.12464854732896
"GGAAGTATCTCATCAT-1",1579,952,0.886637112096264
"GGAATCTTCCAACTGG-1",1304,871,0.690184049079755
"GGAATCTTCTAATTGG-1",2780,1529,0.39568345323741
"GGAATCTTCTCGCCCA-1",4145,2211,0.916767189384801
"GGACAGCCACATTAAC-1",1917,1260,0.782472613458529
"GGACAGCCACCATATG-1",903,650,0.8859357696567
"GGACATAAGCACGATT-1",1601,1077,0.437226733291693
"GGACATAAGGTAGCTT-1",875,618,0.8
"GGACATAAGTTGCCTC-1",1742,1149,1.09070034443169
"GGACCGAAGTAAAGGT-1",1708,1128,0.702576112412178
"GGACGAAGTTAACACG-1",764,600,0.392670157068063
"GGACTAAAGTCTCACC-1",866,600,0.69284064665127
"GGAGCATAGCTAATCA-1",851,594,0.705052878965923
"GGAGCATAGGAACACA-1",3240,1990,0.709876543209877
"GGAGCATAGGATAAAC-1",1999,1300,0.550275137568784
"GGAGTCTGTTCCTGAT-1",1305,967,0.306513409961686
"GGAGTGAGTTAGGCTA-1",839,650,0.715137067938021
"GGATAACCAAGCTAAA-1",2071,1232,1.40028971511347
"GGATAACCAAGGACCA-1",1550,1002,1.35483870967742
"GGATACTTCCTCGATC-1",1524,983,0.459317585301837
"GGATATTGTAAATTGC-1",1635,1026,1.46788990825688
"GGATATTGTGCATTAG-1",948,662,0.316455696202532
"GGATATTGTGGGTACT-1",2259,1324,0.752545374059318
"GGATATTGTTGTCATC-1",1470,986,1.15646258503401
"GGATGAATCAACAAGG-1",995,716,1.10552763819095
"GGATGAATCCATTACT-1",2059,1158,0.485672656629432
"GGATGAATCCTAATAG-1",859,612,1.0477299185099
"GGATGGCCAATATAGG-1",1204,865,0.996677740863787
"GGATGGCCAGTCTAGC-1",1047,769,1.43266475644699
"GGATGGCCATCAGTAT-1",1042,731,1.05566218809981
"GGATGTAAGGCTAATC-1",1732,1211,0.750577367205543
"GGATTATGTAGCTGGT-1",1022,670,0.684931506849315
"GGATTATGTAGGTTAT-1",1938,1013,0.257997936016512
"GGATTATGTATACTGG-1",816,602,0.735294117647059
"GGATTATGTCGCAATA-1",1527,995,0.523903077930583
"GGATTATGTTAATGAC-1",1536,980,0.5859375
"GGATTATGTTACAAAC-1",1054,748,0.664136622390892
"GGATTATGTTAGGTGC-1",7345,3001,0.571817562968005
"GGATTATGTTTATCTG-1",2060,1229,0.533980582524272
"GGATTCAGTAACCACA-1",1045,701,0.574162679425837
"GGATTCAGTAATCCCT-1",2410,1403,0.663900414937759
"GGATTCAGTTAACAGT-1",938,701,0.639658848614073
"GGATTCAGTTACATCC-1",928,661,0.431034482758621
"GGATTGCGTATACTGG-1",926,690,0.647948164146868
"GGATTTATCAAGTGTC-1",1418,1001,0.77574047954866
"GGATTTATCTCTAGCC-1",1496,876,0.53475935828877
"GGCAAATCACAAAGAC-1",846,584,0.591016548463357
"GGCATGGAGGCTAATC-1",1080,838,1.11111111111111
"GGCATGGAGTTCCCGT-1",1066,814,1.03189493433396
"GGCATTAGTCATTGAG-1",1106,736,0.0904159132007233
"GGCATTAGTGGATTAT-1",1010,704,0.99009900990099
"GGCATTAGTGTAACCA-1",866,641,0.346420323325635
"GGCATTGTCACTAATG-1",847,598,1.53482880755608
"GGCATTGTCATTAGTG-1",1025,743,0.682926829268293
"GGCATTGTCCCGTTGT-1",3303,1825,0.696336663639116
"GGCATTGTCCCTGTTA-1",799,583,0.500625782227785
"GGCATTGTCCGGCTAA-1",894,667,0.894854586129754
"GGCATTGTCCTTCGTA-1",1843,1176,0.651112316874661
"GGCATTGTCGATATTG-1",966,644,0.41407867494824
"GGCATTGTCTCACATT-1",831,574,1.68471720818291
"GGCCATCAGTAGGCGG-1",957,763,2.61233019853709
"GGCCGTTAGCATGTTA-1",3061,1725,2.02548186867037
"GGCCGTTAGCGAGCGA-1",1139,883,1.75592625109745
"GGCCTAATCCTCGATC-1",869,638,1.49597238204833
"GGCCTAATCGAGGAGT-1",1034,805,1.74081237911025
"GGCCTAATCGTTTCGC-1",793,584,0.630517023959647
"GGCCTAATCTTAATGG-1",1542,1009,1.75097276264591
"GGCCTCTGTTACATCC-1",1177,832,0.764655904842821
"GGCCTCTGTTAGCCAA-1",1378,938,1.01596516690856
"GGCCTCTGTTGTCATC-1",801,584,1.49812734082397
"GGCCTTAAGAAACTGG-1",1092,744,0.54945054945055
"GGCCTTAAGGACAATG-1",3292,1965,1.51883353584447
"GGCCTTAAGGCCTAAT-1",779,593,0.513478818998716
"GGCCTTAAGTCATTTC-1",2930,1639,1.5358361774744
"GGCCTTCGTAATTAGC-1",2719,1573,1.36079440970945
"GGCGATACAATCCTGA-1",1020,692,1.07843137254902
"GGCGATACAATTAGCT-1",791,582,1.26422250316056
"GGCGATACACGTAATT-1",780,596,1.66666666666667
"GGCGATACAGCACGAA-1",965,747,0.414507772020725
"GGCGATACAGGCCTTG-1",961,730,0.104058272632674
"GGCGCTAGTGCATTTC-1",1003,778,1.89431704885344
"GGCGGTAAGAGGATAT-1",982,724,1.22199592668024
"GGCGTTATCATTGACA-1",1055,709,0.4739336492891
"GGCTAGACACCCTCAC-1",903,660,0.996677740863787
"GGCTAGACAGCTCATA-1",1236,838,0.242718446601942
"GGCTAGACAGGAACAT-1",825,642,0.727272727272727
"GGCTAGACATACTCCT-1",3788,1857,0.607180570221753
"GGCTAGACATGAGTTT-1",1547,916,1.03425985778927
"GGCTAGACATGCTTAG-1",799,593,1.37672090112641
"GGCTATGTCATAATCG-1",1725,1108,1.91304347826087
"GGCTATGTCCGGGACT-1",878,648,1.93621867881549
"GGCTATGTCGCACAAT-1",768,555,1.171875
"GGCTATGTCTAACTGA-1",1715,1077,1.16618075801749
"GGCTATGTCTCCATGC-1",842,621,1.06888361045131
"GGCTATTAGCTGTAAC-1",1011,761,0.39564787339268
"GGCTATTAGGCATTAC-1",996,733,1.60642570281124
"GGCTATTAGGTCATTA-1",1295,878,0.617760617760618
"GGCTCAATCAACCAAC-1",784,550,1.14795918367347
"GGCTCAATCATGCCTC-1",811,574,1.47965474722565
"GGCTCAATCTCCTCTT-1",2880,1629,1.25
"GGCTCACAGCACTTGG-1",1169,891,1.11206159110351
"GGCTCACAGGTAAGCA-1",783,578,0.638569604086845
"GGCTGGTTCATTAGGC-1",1499,993,0.266844563042028
"GGCTGTCAGTACCGCA-1",767,559,1.04302477183833
"GGCTTAAGTACGTTTC-1",1307,851,0.459066564651875
"GGCTTCAAGACCATAC-1",3055,1721,1.66939443535188
"GGGAATATCAAACACC-1",1294,858,0.927357032457496
"GGGAATATCTGCAAAC-1",1303,886,1.30468150422103
"GGGAATATCTTTGTAC-1",2168,1349,0.691881918819188
"GGGATAATCTTTGTAC-1",2704,1557,1.03550295857988
"GGGATTAAGCACCACA-1",925,672,1.18918918918919
"GGGATTAAGGACCTGC-1",1170,815,1.1965811965812
"GGGATTAAGTGAACCT-1",1490,956,0.335570469798658
"GGGCAATAGCCACATG-1",1289,917,2.01706749418154
"GGGCAATAGCTCCTAC-1",1865,1244,1.17962466487936
"GGGCAATAGGTCATTA-1",808,586,1.48514851485149
"GGGCAATAGGTCCTAG-1",756,570,2.24867724867725
"GGGCAATAGTCATTAG-1",962,739,0.51975051975052
"GGGCATTGTAATCCCT-1",1524,1004,0.656167979002625
"GGGCATTGTACTGATG-1",786,582,2.03562340966921
"GGGCATTGTTGGCCGA-1",777,606,2.96010296010296
"GGGCATTGTTGTAACG-1",793,618,0.504413619167718
"GGGCCTAGTAAAGCAA-1",1132,826,0.88339222614841
"GGGCCTAGTCACCTAT-1",835,612,1.19760479041916
"GGGCCTAGTTAGTGAT-1",961,709,0.312174817898023
"GGGCGAATCTCACTAT-1",1786,1162,0.671892497200448
"GGGCTAACAAACCCTA-1",792,589,1.76767676767677
"GGGCTAACAACCTGGT-1",754,569,0.663129973474801
"GGGCTAACAGCAATAA-1",939,674,0.851970181043664
"GGGCTAACAGGTTCAC-1",810,612,0.740740740740741
"GGGCTAACATAATTGC-1",1024,708,0.390625
"GGGCTAACATCATGTG-1",3267,1801,0.489745944291399
"GGGCTAACATTATGCG-1",839,632,0.595947556615018
"GGGTATTTCATGAGCT-1",871,621,1.37772675086108
"GGGTATTTCGCTTCTA-1",981,719,0.91743119266055
"GGGTATTTCTAATCAG-1",1123,803,0.534283170080142
"GGGTATTTCTTAATGG-1",947,676,0.422386483632524
"GGGTCAACATATAACC-1",1601,1007,1.12429731417864
"GGGTCACTCTCCTCTT-1",903,658,0.664451827242525
"GGGTCACTCTTGTCTG-1",775,571,0.258064516129032
"GGGTGAAGTGTTTGCT-1",935,738,0.748663101604278
"GGGTGAAGTTATTGCC-1",1942,1205,0.566426364572606
"GGGTGTTGTTTGTCTA-1",1535,1090,0.716612377850163
"GGGTTACGTACCGGAT-1",1253,879,0.319233838786911
"GGGTTACGTATTGAGT-1",1255,830,1.03585657370518
"GGGTTTCCAACAGGAT-1",2495,1590,1.40280561122244
"GGGTTTCCAATTTAGC-1",933,651,0.321543408360129
"GGGTTTCCACTAAGCC-1",867,630,1.26874279123414
"GGGTTTCCAGTACCGT-1",793,585,1.76544766708701
"GGGTTTCCATCAGTAT-1",977,707,0.409416581371546
"GGGTTTGTCCCATAGG-1",1087,826,0.827966881324747
"GGGTTTGTCCTTCAAT-1",1903,1260,0.893326326852338
"GGGTTTGTCTTAGGGT-1",791,557,0.758533501896334
"GGTAAACCAACCTGGT-1",1036,681,0.386100386100386
"GGTAAACCAATTTGGT-1",10879,3864,0.70778564206269
"GGTAAACCACAGAAAC-1",918,636,0.65359477124183
"GGTAAACCAGTACCGT-1",1233,822,0.64882400648824
"GGTAACTTCAAGCCTG-1",784,582,0.38265306122449
"GGTAACTTCATGTGGT-1",993,698,0.503524672708963
"GGTAACTTCCCTGACT-1",790,568,0.379746835443038
"GGTAACTTCCTTCAAT-1",1331,902,0.826446280991736
"GGTAACTTCTAAGTGC-1",998,672,0.100200400801603
"GGTAACTTCTCCATAT-1",1087,744,1.19595216191352
"GGTAACTTCTCGCCCA-1",1296,940,0.848765432098765
"GGTAACTTCTTAGTCT-1",1579,1013,0.633312222925903
"GGTAATTGTAAATTGC-1",1557,984,0.834938985228003
"GGTAATTGTAACCACA-1",1041,706,0.768491834774256
"GGTAATTGTATTCGCT-1",968,681,0.516528925619835
"GGTAATTGTCAATACG-1",1577,954,0.0634115409004439
"GGTAATTGTCATCATC-1",1234,795,0.648298217179903
"GGTAATTGTTTGCAGA-1",776,549,0.644329896907216
"GGTACAAAGGAGGTTA-1",1669,1104,1.91731575793889
"GGTACAAAGTTCCTCA-1",893,671,0.895856662933931
"GGTACCGGTATTGAGT-1",1848,1163,0.811688311688312
"GGTACCGGTATTGTCC-1",857,616,0.933488914819136
"GGTACCGGTCGTAATG-1",1688,1150,0.533175355450237
"GGTACTAGTTATGTGG-1",1634,1045,0.734394124847001
"GGTACTAGTTTACTTG-1",3449,1745,0.608872136851261
"GGTACTTAGAGGAAGG-1",2003,1344,1.39790314528208
"GGTACTTAGATAAAGC-1",1739,1062,0.805060379528465
"GGTACTTAGCATTATG-1",1187,856,0.4212299915754
"GGTACTTAGGAGCATA-1",790,564,0.759493670886076
"GGTACTTAGTCATTGA-1",1228,826,0.162866449511401
"GGTACTTAGTCTGGGC-1",2562,1517,0.741608118657299
"GGTACTTAGTGACCTG-1",1681,1069,1.07079119571684
"GGTAGGAGTACCGTTT-1",1332,938,0.45045045045045
"GGTATGTTCAGTATTG-1",1412,880,0.28328611898017
"GGTATGTTCATAGCCG-1",919,656,2.50272034820457
"GGTATGTTCCAGCACA-1",2410,1495,1.49377593360996
"GGTATGTTCCAGGAAA-1",1027,726,1.55793573515093
"GGTATGTTCGCCTAAG-1",912,692,1.64473684210526
"GGTATTGGTAAGGTCC-1",1559,1071,0.513149454778704
"GGTATTGGTGATTTGG-1",4937,2250,0.243062588616569
"GGTATTTCACCATATG-1",6589,2953,1.06237668842009
"GGTATTTCACTTCATC-1",875,601,1.14285714285714
"GGTATTTCAGGACACA-1",1279,833,0.390930414386239
"GGTATTTCAGTTTGTG-1",1697,1133,0.766057748968768
"GGTATTTCATAAGTCT-1",1191,846,0.419815281276238
"GGTATTTCATGTCAGC-1",1092,755,0.54945054945055
"GGTCAAGCACTAAGTT-1",967,692,0.62047569803516
"GGTCAAGCATGGTTAT-1",779,545,0.385109114249037
"GGTCAATTCAGGCCTA-1",1681,1046,0.237953599048186
"GGTCAATTCGCTTGCT-1",1013,784,0.296150049358342
"GGTCAATTCGGTCAAT-1",828,555,0.966183574879227
"GGTCAATTCTCTAGCC-1",1419,885,0.98661028893587
"GGTCAATTCTTAAGTG-1",1041,731,0.192122958693564
"GGTCAGGAGAATCTCA-1",1498,968,0.333778371161549
"GGTCAGGAGCATGTTA-1",849,665,1.06007067137809
"GGTCATTAGACAACGA-1",2628,1539,0.494672754946728
"GGTCCATCAACCGCCA-1",2054,1361,1.70399221032132
"GGTCCATCAAGACTCC-1",1382,879,0.940665701881331
"GGTCCATCATGAAGTA-1",1533,1011,1.56555772994129
"GGTCCTGCACGTAATT-1",1688,1144,0.710900473933649
"GGTCTTGAGACAACAG-1",1155,826,0.606060606060606
"GGTCTTGAGGAGTCTT-1",904,670,0.442477876106195
"GGTCTTGAGTAACGAG-1",1667,1148,0.539892021595681
"GGTCTTGAGTTATGTG-1",810,581,0.493827160493827
"GGTCTTGAGTTGGATC-1",1508,1008,0.26525198938992
"GGTCTTTGTGATTTGG-1",834,606,0.599520383693046
"GGTCTTTGTGCTCACC-1",820,609,1.21951219512195
"GGTCTTTGTTAGTACG-1",923,670,0.216684723726977
"GGTCTTTGTTCCATTA-1",1464,1001,0.751366120218579
"GGTCTTTGTTGTTGTC-1",1026,658,0.292397660818713
"GGTGAGCCACATTAAC-1",1611,1030,0.558659217877095
"GGTGAGCCACTTGTTC-1",1094,744,0.639853747714808
"GGTGAGGTCTAATCAG-1",794,601,1.13350125944584
"GGTGAGTAGCCTTAAA-1",852,614,0.586854460093897
"GGTGAGTAGCTATTGA-1",1473,1012,0.407331975560081
"GGTGAGTAGGTCGAGG-1",2107,1342,1.42382534409112
"GGTGATTTCAATGAGG-1",3575,2047,0.783216783216783
"GGTGATTTCATGGTGT-1",2009,1233,0.348432055749129
"GGTGATTTCTCGACCT-1",982,703,0.407331975560081
"GGTGCTGGTTTATGGG-1",907,715,0.330760749724366
"GGTGCTTCAACTAGGG-1",1899,1168,0.737230121116377
"GGTGCTTCAATTAAGG-1",2993,1721,0.768459739391914
"GGTGTCCAGTAAGAAC-1",880,677,0.909090909090909
"GGTGTTGTCCCTGACT-1",1621,1193,0.987045033929673
"GGTGTTGTCCTAAATG-1",1429,1003,0.769769069279216
"GGTTAATGTATTGAGT-1",5681,2547,0.792114064425277
"GGTTAATGTTAAGTGT-1",2079,1268,0.817700817700818
"GGTTAATGTTAGCTGA-1",1325,895,0.452830188679245
"GGTTAATGTTCTTTAG-1",1929,1171,0.518403317781234
"GGTTACCCAAGCTTAT-1",1292,835,0.386996904024768
"GGTTACCCAATAGCCC-1",952,662,0.630252100840336
"GGTTACCCAATATAGG-1",930,652,0.32258064516129
"GGTTACCCACCTAAGC-1",2193,1299,0.683994528043776
"GGTTACCCAGTTATCG-1",1914,1293,1.09717868338558
"GGTTACCCATCATGGC-1",2553,1530,1.29259694477086
"GGTTACCCATGTCAAT-1",777,569,0.900900900900901
"GGTTACTAGCTCAATA-1",1657,1028,0.965600482800241
"GGTTACTAGGCCATCA-1",932,644,0.965665236051502
"GGTTACTAGTATGTGC-1",2274,1294,1.36323658751099
"GGTTAGCGTAGGTTGC-1",1190,896,1.00840336134454
"GGTTAGCGTTAATGAC-1",3182,1730,0.942803268384664
"GGTTAGCGTTAGGCTA-1",3493,1925,1.00200400801603
"GGTTATATCATCAGTA-1",1277,827,1.33124510571652
"GGTTATATCCACCTGT-1",1678,1038,0.476758045292014
"GGTTATGGTAGGTTGC-1",870,624,0.689655172413793
"GGTTATGGTATTGGTG-1",1772,1086,0.395033860045147
"GGTTCCCGTTTCAGGA-1",863,646,1.27462340672074
"GGTTCTTGTCAGGCCA-1",1387,1003,0.576784426820476
"GGTTGACGTATACTGG-1",3836,1928,0.834202294056309
"GGTTGCATCAAGGACA-1",804,612,0.497512437810945
"GGTTGCATCTTGTCTG-1",1163,826,1.03181427343078
"GGTTGCGGTTTGGCTT-1",759,534,0.263504611330698
"GGTTGCTCACTTACAG-1",926,671,0.647948164146868
"GGTTGGTGTTTCAGGA-1",1471,966,0.475866757307954
"GGTTTAATCACTTCAT-1",1245,849,0.642570281124498
"GGTTTAATCATGCATA-1",1892,1088,0.528541226215645
"GGTTTAATCTAACCAA-1",906,647,1.65562913907285
"GGTTTAATCTAGCTTT-1",1695,1014,0.176991150442478
"GGTTTCCTCAATACGC-1",1053,741,0.759734093067426
"GGTTTCCTCAGTATTG-1",2210,1276,1.58371040723982
"GGTTTCCTCCCGCAAA-1",1466,1024,1.22783083219645
"GGTTTCCTCCCTCTAA-1",1753,1093,1.42612664004564
"GGTTTCCTCTTCAATC-1",1148,723,0.609756097560976
"GGTTTCCTCTTTGAGA-1",1280,831,0.9375
"GGTTTCTGTACGGGTT-1",3008,1648,0.398936170212766
"GGTTTCTGTCTATCGT-1",1638,1034,0.427350427350427
"GGTTTCTGTTAGAGGG-1",8376,3439,0.680515759312321
"GGTTTGTAGGAAGCAC-1",1183,879,1.43702451394759
"GGTTTGTAGGTCCGTA-1",1208,858,1.73841059602649
"GGTTTGTAGTTATTCC-1",4373,2149,0.777498284930254
"GTAAAGCCAATCCTAG-1",753,548,0.265604249667995
"GTAAAGCCAGCATGGA-1",1099,795,0.818926296633303
"GTAAAGCCAGCTTACA-1",924,653,0.541125541125541
"GTAAAGCCATCAGTAT-1",811,557,1.10974106041924
"GTAAAGCCATGTCAAT-1",842,586,0.593824228028504
"GTAAGCTTCACTCGCT-1",1377,929,0.508351488743646
"GTAAGCTTCCCGTTAC-1",1462,980,0.615595075239398
"GTAAGCTTCCCTCAAC-1",898,626,0.44543429844098
"GTAAGCTTCCTGGTCT-1",1120,803,0.803571428571428
"GTAAGCTTCTGGCATG-1",1001,703,2.4975024975025
"GTAAGGTCAAATGCCC-1",1094,820,1.18829981718464
"GTAAGGTCACCAGCAT-1",892,615,0.224215246636771
"GTAAGGTCACTAAGTT-1",886,635,0.677200902934537
"GTAATAGCACATACTG-1",2567,1427,1.36345929100117
"GTACAATGTACCTTAC-1",1656,896,0.845410628019324
"GTACAATGTCCTAGTT-1",1696,1089,1.17924528301887
"GTACAATGTCGCAATA-1",1281,899,1.17096018735363
"GTACAATGTTCGGTAA-1",1073,796,0.931966449207828
"GTACACCCAATTAACC-1",839,593,0.595947556615018
"GTACACCCACATAACT-1",807,576,2.10656753407683
"GTACACCCATAAACCT-1",2870,1628,1.14982578397213
"GTACCGGGTTAGTTGG-1",1392,972,0.933908045977012
"GTACCTTGTCAAGTGC-1",2021,1325,1.03908955962395
"GTACCTTGTTGAAGCC-1",1659,1136,0.904159132007233
"GTACGTAGTCATTGAG-1",981,649,1.22324159021407
"GTACGTAGTTTATCTG-1",899,647,0.778642936596218
"GTACTAATCAATGAGG-1",1044,726,0.478927203065134
"GTACTAATCAATTACG-1",1716,1101,0.699300699300699
"GTACTAATCCTGAATA-1",907,636,0.771775082690187
"GTACTAATCTAACCTT-1",2027,1197,1.03601381351751
"GTACTAGGTATACTGG-1",1911,1208,0.994243851386709
"GTACTAGGTATTGTGG-1",2867,1608,1.18590861527729
"GTACTAGGTCATAACG-1",1199,800,0.750625521267723
"GTACTAGGTTACCGGG-1",1053,696,0.474833808167141
"GTACTTAAGGCGAATA-1",878,660,0.797266514806378
"GTACTTAAGGGATGAC-1",951,644,0.736067297581493
"GTACTTAAGTAACGAG-1",1167,770,1.37103684661525
"GTACTTCGTACAATGT-1",2924,1651,0.820793433652531
"GTACTTCGTCGTAATG-1",774,578,0.516795865633075
"GTACTTCGTGAACAAA-1",1013,722,0.789733464955577
"GTACTTCGTTTATTCG-1",1290,888,0.62015503875969
"GTAGCTGTCAATGAGG-1",1309,871,1.37509549274255
"GTAGCTGTCCTTCAAT-1",4064,2116,0.836614173228347
"GTAGCTGTCGATTTAG-1",2374,1289,1.34793597304128
"GTAGGAGGTAACTACG-1",1840,1197,0.815217391304348
"GTAGGATCAATTGAGA-1",1107,772,1.1743450767841
"GTAGGATCACAAACTT-1",2107,1257,0.616990982439487
"GTAGGATCAGTTATCG-1",1420,943,0.774647887323944
"GTAGGATCATCCATCT-1",3346,1884,1.10579796772265
"GTAGGTGCATTGTCAG-1",864,633,0.810185185185185
"GTAGTTATCAACAAGG-1",1083,751,0.831024930747922
"GTAGTTATCCCATAGG-1",849,626,0.353356890459364
"GTAGTTATCTAATCTC-1",753,539,1.06241699867198
"GTAGTTATCTTGTCCA-1",888,653,0
"GTAGTTTCAATAGCAA-1",1977,1257,0.404653515427415
"GTAGTTTCACCTACGG-1",1359,951,0.367917586460633
"GTAGTTTCAGGTATTT-1",1110,785,1.17117117117117
"GTATCGCCATAATCGT-1",851,634,0.82256169212691
"GTATGTTCAAACTCAT-1",1140,770,0.87719298245614
"GTATGTTCAATCTCTC-1",1717,1046,0.52417006406523
"GTATGTTCAGTATGTT-1",2309,1322,0.822867042009528
"GTATGTTCAGTTAGCC-1",854,609,1.17096018735363
"GTATGTTCAGTTATGT-1",1199,835,0.333611342785655
"GTATGTTCATAAGCAA-1",1196,856,0.836120401337793
"GTATTCAAGCAAGACA-1",765,527,0.65359477124183
"GTATTCAAGGAACCAA-1",1061,744,2.07351555136664
"GTATTCAAGTAGCTTA-1",2443,1439,0.859598853868195
"GTATTCAAGTCACTAA-1",1157,763,0.691443388072602
"GTATTCAAGTTTCCTG-1",1115,725,0.717488789237668
"GTATTGATCAAGTGAG-1",1272,910,0.471698113207547
"GTATTGATCATTAGTG-1",1078,661,0.185528756957328
"GTATTGCAGTAACTCA-1",1022,699,0.684931506849315
"GTATTGTCAAACCTAT-1",1157,796,1.21002592912705
"GTATTGTCAATTGCGC-1",2146,1321,0.97856477166822
"GTATTGTCAGAAACGT-1",1308,880,0.382262996941896
"GTATTGTCAGGAACAT-1",1315,924,1.06463878326996
"GTATTGTCAGGCATGA-1",1131,788,0.442086648983201
"GTATTGTCAGGCCAAA-1",773,554,0.646830530401035
"GTATTGTCAGTAATAG-1",845,581,0.828402366863905
"GTATTGTCATCATGGC-1",1099,770,1.3648771610555
"GTATTGTCATTAAGTC-1",1125,731,1.06666666666667
"GTATTGTCATTATCCC-1",1140,754,1.05263157894737
"GTCAAACTCAGGTCCA-1",794,573,0.755667506297229
"GTCAAACTCATAATCG-1",1226,827,0.97879282218597
"GTCAAACTCATGCATA-1",1330,824,1.57894736842105
"GTCAAACTCCAAGTTA-1",870,621,0.919540229885057
"GTCAAACTCCAATTAG-1",1153,755,1.040763226366
"GTCAAACTCCTAATAG-1",2756,1658,0.616835994194485
"GTCAATATCATCCACC-1",3963,2036,1.31213726974514
"GTCAATATCATTCATC-1",2006,1182,0.797607178464606
"GTCAATATCCATCAGG-1",1109,740,0.18034265103697
"GTCAATATCGCCTGTT-1",754,563,0.795755968169761
"GTCAATATCTGTAAGC-1",1051,739,1.04662226450999
"GTCAATATCTGTTGCC-1",1740,1051,0.28735632183908
"GTCAGGCTCATCCTCA-1",5038,2524,0.893211591901548
"GTCATCACAACCCTAA-1",1063,698,0.752587017873942
"GTCATCACATAATCCG-1",3876,1984,0.928792569659443
"GTCATCCTCAATCATG-1",1241,804,0.88638195004029
"GTCATCCTCGTTACAA-1",1833,1169,2.61865793780687
"GTCATGAGTCATTAGG-1",1070,743,0.373831775700935
"GTCATGAGTGAGCACT-1",1529,1016,0.65402223675605
"GTCATGAGTGAGGTAG-1",1149,821,0.696257615317667
"GTCATGAGTGATGGCT-1",798,633,2.00501253132832
"GTCATGAGTGGATTCA-1",1340,980,0.373134328358209
"GTCATGAGTTACGCGG-1",1150,868,0.782608695652174
"GTCATGAGTTAGGCTA-1",2100,1292,0.428571428571429
"GTCATGAGTTTAACCC-1",1090,758,0.458715596330275
"GTCATGCCAAAGCTCC-1",855,648,1.16959064327485
"GTCATTAAGCGGATTT-1",757,539,0.396301188903567
"GTCATTAAGCTCCTAC-1",1626,989,0.55350553505535
"GTCATTAAGCTGCACA-1",1201,822,0.666111573688593
"GTCATTAAGGCATGTT-1",1147,804,0.4359197907585
"GTCATTAAGTTATCTC-1",3283,1733,1.55345720377703
"GTCCAAGTCAGGTTTA-1",1281,870,0.468384074941452
"GTCCAAGTCCTACCTA-1",918,658,1.08932461873638
"GTCCAAGTCCTCATCA-1",1312,916,0.609756097560976
"GTCCAAGTCCTGGTCT-1",891,670,0.561167227833894
"GTCCAAGTCGATTTAG-1",841,531,1.07015457788347
"GTCCAGGGTACTTAGG-1",1776,1114,0.619369369369369
"GTCCAGGGTTATCCGT-1",1075,740,0.744186046511628
"GTCCAGGGTTGACTTC-1",1113,817,1.07816711590297
"GTCCATTGTGTTTGCT-1",1888,1220,1.53601694915254
"GTCCATTGTTAACACG-1",1227,805,0.6519967400163
"GTCCATTGTTGGTTAG-1",905,624,0.110497237569061
"GTCCGTAAGTTTCCTG-1",1318,928,0.834597875569044
"GTCCTAGAGCATTTCT-1",1545,1010,0.906148867313916
"GTCCTAGAGGCCTAAT-1",814,638,2.7027027027027
"GTCCTAGAGTTACTTC-1",1171,790,0.597779675491033
"GTCCTCAGTAGCCATA-1",980,701,1.53061224489796
"GTCCTCAGTAGCTAAT-1",3105,1736,0.901771336553945
"GTCCTCAGTTAACGAT-1",1173,793,1.27877237851662
"GTCCTCAGTTGTTGGA-1",1187,841,0.58972198820556
"GTCCTCAGTTTAGCTC-1",928,646,0.862068965517241
"GTCCTCAGTTTATTCG-1",1964,1238,0.916496945010183
"GTCCTCCCAAATGCCC-1",794,577,1.00755667506297
"GTCCTCCCACATACTG-1",1249,806,1.20096076861489
"GTCCTCCCATTGTGAT-1",1069,708,0.467726847521048
"GTCGAAGCAGCTCATA-1",2664,1666,0.788288288288288
"GTCGCAATCACAAGCT-1",1161,823,1.03359173126615
"GTCGCAATCCTAAGAC-1",769,616,1.82054616384915
"GTCGCAATCTATTGTC-1",1366,906,0.585651537335286
"GTCGGTTCACAACAAA-1",764,588,0.785340314136126
"GTCGGTTCATAATGTC-1",1729,1178,1.15673799884326
"GTCGGTTCATTAGGTT-1",4259,2320,0.516553181498004
"GTCTAACAGAACCTGT-1",1193,796,1.00586756077117
"GTCTAACAGCATCCAG-1",767,545,0.782268578878748
"GTCTAACAGGTCCTGA-1",1276,897,0.626959247648903
"GTCTAACAGTTATCCT-1",928,661,1.61637931034483
"GTCTAACAGTTCCTGC-1",816,605,0.490196078431373
"GTCTAATCAATTGAGA-1",1451,925,0.895933838731909
"GTCTAATCACAGACTC-1",1171,807,1.53714773697694
"GTCTAATCACGAATCC-1",3363,1742,0.505501040737437
"GTCTAATCAGCAAATA-1",1514,914,0.396301188903567
"GTCTAATCAGTAGGTG-1",1116,779,0.896057347670251
"GTCTAATCATCAGCAC-1",1841,1150,1.35795763172189
"GTCTAATCATGACTAT-1",1290,810,1.0077519379845
"GTCTAATCATGTCAGC-1",5945,2561,1.37931034482759
"GTCTAGCCAAATATCC-1",985,683,1.31979695431472
"GTCTAGCCAATTGACT-1",1623,1011,0.739371534195933
"GTCTAGCCACTGGCTG-1",1422,986,0.632911392405063
"GTCTATCGTGAAGCCT-1",1102,773,1.5426497277677
"GTCTATCGTTTCCTCC-1",1310,816,0.152671755725191
"GTCTATGCAACCCTCC-1",952,621,1.26050420168067
"GTCTATGCACAACAAA-1",1361,883,1.32255694342395
"GTCTATGCAGTTTACG-1",793,554,0.378310214375788
"GTCTATGCATTAAACC-1",1494,933,0.669344042838019
"GTCTCACTCATCACTT-1",2258,1298,0.66430469441984
"GTCTCACTCCCTGATC-1",1767,1111,0.565930956423316
"GTCTCACTCGGCCAGT-1",1268,901,1.18296529968454
"GTCTCACTCGTTAAGC-1",1014,724,0.788954635108481
"GTCTTGCTCATAATCG-1",1100,737,0.909090909090909
"GTCTTGCTCCCGTTAC-1",839,607,0.953516090584029
"GTCTTGCTCGCTAGCA-1",1022,797,1.07632093933464
"GTCTTGCTCTGTTCAT-1",5181,2389,0.482532329666088
"GTCTTTAGTAATCGCA-1",1454,923,1.03163686382393
"GTCTTTAGTACGTTTC-1",1977,1221,0.809307030854831
"GTCTTTAGTCGCATAA-1",1875,1213,0.426666666666667
"GTCTTTAGTTAGGTGC-1",988,647,0.607287449392713
"GTCTTTAGTTTATTCG-1",1953,1103,0.665642601126472
"GTCTTTGTCATGTCAA-1",1903,1063,0.735680504466632
"GTCTTTGTCCAGGAAA-1",1245,893,0.160642570281124
"GTGAACAAGCATGACT-1",1458,965,0.960219478737997
"GTGAACAAGCCTGTTC-1",5022,2582,0.816407805655118
"GTGAACAAGGCTAATC-1",1016,722,1.27952755905512
"GTGAATCTCAATACGC-1",910,663,0.989010989010989
"GTGAATCTCATCGTTT-1",2272,1335,1.05633802816901
"GTGAATCTCCTAAGTA-1",1227,828,0.488997555012225
"GTGAATCTCTACTAAG-1",953,671,1.04931794333683
"GTGAATCTCTCCATAT-1",3941,2101,0.761228114691703
"GTGAATCTCTTGCAGG-1",2094,1327,0.382043935052531
"GTGAGGAGTTTGTTGC-1",874,624,1.1441647597254
"GTGCAAGCACCACAAC-1",828,623,0.845410628019324
"GTGCAAGCAGGCTAGA-1",877,671,1.14025085518814
"GTGCACGGTATTGAGT-1",1033,733,0.677637947725073
"GTGCATTAGCCTTAAA-1",976,681,1.63934426229508
"GTGCATTAGCGCCTAA-1",789,629,2.6615969581749
"GTGCATTAGCTAATTG-1",1724,1131,0.580046403712297
"GTGCATTAGCTGGCTA-1",1484,1060,1.61725067385445
"GTGCATTAGGTCGATT-1",793,564,1.26103404791929
"GTGCCTTTCAGGCCTA-1",4334,2420,2.28426395939086
"GTGCCTTTCTATTGTC-1",1500,947,1.6
"GTGCGGTTCCTTGAGG-1",1215,847,1.56378600823045
"GTGCTCAAGGAGGCAT-1",794,616,1.13350125944584
"GTGCTCAAGTTCCTCA-1",859,647,0.931315483119907
"GTGCTCCGTAATAGCT-1",952,689,4.41176470588235
"GTGCTTACAAGGATTA-1",922,659,0.86767895878525
"GTGCTTACAATTTAGC-1",874,604,0.34324942791762
"GTGCTTCTCATTGCAA-1",912,642,0.219298245614035
"GTGCTTCTCCAGGTTG-1",770,589,0.649350649350649
"GTGCTTCTCCCGTTGT-1",1422,972,1.26582278481013
"GTGCTTCTCCGGAACC-1",1028,755,1.36186770428016
"GTGGACACAGAAACGT-1",1015,688,0.394088669950739
"GTGGACACAGGAACTG-1",792,592,0.378787878787879
"GTGGACACAGTATGTT-1",2433,1377,0.287710645293876
"GTGGACACATAAGCAA-1",789,589,0.253485424588086
"GTGGACACATGACTAT-1",1089,790,0.826446280991736
"GTGGATGCATTCCTGT-1",831,620,1.56438026474128
"GTGGTTAGTCAACAAT-1",761,554,1.31406044678055
"GTGGTTAGTCATCAAG-1",865,628,0.578034682080925
"GTGGTTAGTCCGTAGG-1",919,674,0.544069640914037
"GTGGTTAGTCCTAAGA-1",1284,831,0.233644859813084
"GTGGTTAGTTGTTGCT-1",1965,1252,0.407124681933842
"GTGGTTAGTTTATTCG-1",1288,815,0.46583850931677
"GTGTAACTCATTACGA-1",1700,1186,0.588235294117647
"GTGTGTTAGAATCTCA-1",1218,873,0.328407224958949
"GTGTGTTAGACAACAG-1",785,610,0.764331210191083
"GTGTGTTAGCGAAGTA-1",901,685,0.665926748057714
"GTGTGTTAGGGTTAGA-1",1015,694,1.18226600985222
"GTGTGTTAGTTTGGTA-1",1150,835,0.608695652173913
"GTGTTACAGCTTTGGG-1",871,703,0.918484500574053
"GTTAAACGTTAGTTGG-1",2998,1737,0.466977985323549
"GTTAAACGTTATGTGG-1",1264,844,1.10759493670886
"GTTAACCAGAGAGGCT-1",1987,1306,0.956215400100654
"GTTAACCAGCGATAGA-1",900,651,0.555555555555556
"GTTAACCAGCTCCCTG-1",819,608,0.61050061050061
"GTTAACGGTTAGGACC-1",843,609,0.948991696322657
"GTTAAGCTCATGCTTT-1",1780,1114,0.955056179775281
"GTTAAGCTCCTAATAG-1",1374,886,0.509461426491994
"GTTAAGCTCCTCAGTC-1",1242,835,0.644122383252818
"GTTAAGCTCCTCCTAA-1",904,604,0.884955752212389
"GTTAAGCTCTAATCAG-1",1377,846,0.580973129992738
"GTTAAGCTCTTTAAGG-1",1476,977,0.40650406504065
"GTTAAGTGTATTGGAT-1",788,642,1.77664974619289
"GTTAAGTGTCATGCAA-1",906,716,1.43487858719647
"GTTAATGTCAATAGCC-1",1036,718,1.06177606177606
"GTTAATGTCCACCTTA-1",1103,827,1.26926563916591
"GTTAATGTCCAGGTCA-1",1070,778,0.373831775700935
"GTTACAGGTACCCACC-1",922,673,1.30151843817787
"GTTACAGGTCAGTAAT-1",1017,707,0.393313667649951
"GTTACAGGTGTTTGCT-1",1048,734,0.286259541984733
"GTTACAGGTTTCGCGC-1",976,746,1.22950819672131
"GTTACAGGTTTGGGTA-1",1221,844,0.327600327600328
"GTTACCTGTAATGGAA-1",1228,869,0.814332247557003
"GTTACCTGTATTCGTC-1",2340,1371,1.06837606837607
"GTTACCTGTCCTAACT-1",1385,899,1.37184115523466
"GTTACCTGTGTAACCA-1",782,575,1.66240409207161
"GTTACCTGTTAGTACG-1",1209,822,1.0752688172043
"GTTACCTGTTTGCTGT-1",774,629,0.775193798449612
"GTTACGTAGGTTACGT-1",1080,744,0.833333333333333
"GTTACGTAGTCACCTC-1",783,564,0.510855683269476
"GTTACTAAGCCTGTGA-1",850,627,1.17647058823529
"GTTACTAAGCTAAAGG-1",1022,725,0.587084148727984
"GTTACTAAGGCACAGG-1",982,730,0.712830957230143
"GTTACTAAGGGACCTC-1",2300,1438,0.91304347826087
"GTTACTAAGGGACTAA-1",1617,1075,0.371057513914657
"GTTACTAAGTAAAGGT-1",1054,695,0.94876660341556
"GTTACTAAGTTTGGTA-1",1359,915,0.367917586460633
"GTTACTCGTAATCACG-1",1497,947,0.601202404809619
"GTTACTCGTTGGTTCT-1",1057,738,1.0406811731315
"GTTACTCGTTTCCTCC-1",4460,2300,0.7847533632287
"GTTAGACTCACTCGCT-1",1778,1171,0.78740157480315
"GTTAGACTCCGTGACA-1",792,583,0.631313131313131
"GTTAGACTCCTCACTA-1",1369,858,0.949598246895544
"GTTAGACTCGATATTG-1",2639,1523,0.871542250852596
"GTTAGACTCTATTGTC-1",1844,1060,0.27114967462039
"GTTAGGCGTATTGGAT-1",850,643,0.588235294117647
"GTTCACCTCCGGTTAG-1",916,624,0.764192139737991
"GTTCACCTCCTGTTCA-1",1019,730,1.27576054955839
"GTTCACCTCCTTCAAT-1",971,688,1.02986611740474
"GTTCACCTCGGTTTCC-1",824,599,0.728155339805825
"GTTCATTTCAATCTCT-1",2128,1314,0.845864661654135
"GTTCATTTCAATGTCA-1",796,569,1.38190954773869
"GTTCATTTCTTAGCCC-1",4451,2338,1.0334756234554
"GTTCCCAGTCCTTAGT-1",1552,1035,0.902061855670103
"GTTCCCAGTCTAACCT-1",1452,917,1.17079889807163
"GTTCCCAGTTTGTCTA-1",2112,1255,0.426136363636364
"GTTCCTGGTAAGGTTT-1",911,654,0.987925356750823
"GTTCCTGGTGATCAGC-1",1563,1026,0.767754318618042
"GTTCCTGGTTAGCAGC-1",926,690,0.647948164146868
"GTTCCTTCAAAGCGCA-1",1046,781,2.19885277246654
"GTTCCTTCAATATACC-1",4739,2180,0.907364422874024
"GTTCCTTCACAAGCCT-1",1201,777,0.666111573688593
"GTTCCTTCACACAATT-1",1480,898,1.08108108108108
"GTTCCTTCACTAGCGT-1",823,601,3.28068043742406
"GTTCGCGCAGAATGAC-1",814,652,0.491400491400491
"GTTCGCTTCAATTGGC-1",1088,729,0.827205882352941
"GTTCGCTTCAGTTCCC-1",1433,982,1.25610607117934
"GTTCGCTTCATGTGGT-1",934,683,1.07066381156317
"GTTCGCTTCTAACCTT-1",811,540,0.986436498150432
"GTTCTCATCTTGCAAA-1",1168,788,0.342465753424658
"GTTCTTAGTAGGTTGC-1",956,691,0.104602510460251
"GTTCTTAGTCTTTGAC-1",1175,833,1.27659574468085
"GTTCTTGTCACTAAGC-1",1230,789,0.40650406504065
"GTTCTTGTCATGCTAA-1",1514,945,1.58520475561427
"GTTCTTGTCGTTTCTG-1",1108,644,0.270758122743682
"GTTGCATAGACTATTG-1",1181,795,0.508044030482642
"GTTGCATAGTCAATTG-1",876,646,1.36986301369863
"GTTGCATAGTGTTGCG-1",2767,1703,1.3371882905674
"GTTGCATAGTTTCCTG-1",1259,860,0.39714058776807
"GTTGCCCGTCAAGTAT-1",1439,922,1.25086865879083
"GTTGCCCGTGCATTTC-1",875,699,2.28571428571429
"GTTGCCCGTTTAGTCC-1",1334,962,3.07346326836582
"GTTGCGGGTATACTGG-1",1494,955,0.401606425702811
"GTTGGCGGTACTTAGG-1",3209,1782,0.872545964474914
"GTTGTTGCACTTGTTC-1",1606,1031,0.560398505603985
"GTTTAACCAATTTGGT-1",1698,1117,0.706713780918728
"GTTTACCGTTCCTCCT-1",2542,1360,0.786782061369001
"GTTTACCGTTGTCATC-1",900,635,0.888888888888889
"GTTTACCGTTTAGCGA-1",993,678,0.604229607250755
"GTTTAGCAGCTCATAA-1",1115,779,0.448430493273543
"GTTTAGCAGGGCTTAT-1",3689,1971,0.515044727568447
"GTTTAGCAGTTACCGG-1",864,638,0.347222222222222
"GTTTAGCAGTTCCCGT-1",971,691,0.617919670442842
"GTTTATCTCACCATTT-1",1538,957,0.650195058517555
"GTTTATCTCATCCACC-1",1020,726,1.66666666666667
"GTTTATCTCTTACTCG-1",1466,887,0.68212824010914
"GTTTCAGCAAGTTATC-1",1298,844,0.308166409861325
"GTTTCAGCAATTAGGA-1",1257,889,0.795544948289578
"GTTTCAGCAATTGCGC-1",841,650,0.475624256837099
"GTTTCAGCATTAAGTC-1",1862,1201,0.912996777658432
"GTTTCCTCAATAGTCT-1",1440,931,0.833333333333333
"GTTTCCTCACAACAAA-1",828,594,0.966183574879227
"GTTTCCTCACATAGCC-1",1416,925,1.27118644067797
"GTTTCCTCACCTAATG-1",1737,1100,1.03626943005181
"GTTTCCTCAGCACGAA-1",967,658,0.827300930713547
"GTTTCCTCATGTTGGC-1",1231,870,1.70593013809911
"GTTTCTAGTAACAGGG-1",923,647,0
"GTTTCTAGTAATCACG-1",1402,887,0.499286733238231
"GTTTCTAGTACCGGAT-1",2322,1315,0.215331610680448
"GTTTCTAGTGTGAGAG-1",809,595,1.23609394313968
"GTTTCTAGTTACTTGC-1",965,645,0.103626943005181
"GTTTCTAGTTAGTGAT-1",2355,1427,0.934182590233546
"GTTTGCTGTGTTTGTC-1",1486,990,1.48048452220727
"GTTTGCTGTTATGTGG-1",2460,1419,0.772357723577236
"GTTTGCTGTTGCGCGA-1",2728,1654,1.09970674486804
"GTTTGCTGTTGCTGGG-1",1588,1093,0.314861460957179
"GTTTGTAAGACTTATG-1",2526,1475,0.435471100554236
"GTTTGTAAGATAGACG-1",787,558,1.39771283354511
"GTTTGTAAGGTTAGCT-1",854,609,0.585480093676815
"GTTTGTCGTCATTACC-1",1355,881,0.664206642066421
"GTTTGTCGTGTTGTAG-1",817,638,0.979192166462668
"GTTTGTCGTTTCCTCC-1",800,577,1.25
"GTTTGTTTCCAGGTCA-1",858,627,0.699300699300699
"GTTTGTTTCCTTAGGG-1",1235,803,1.1336032388664
"GTTTGTTTCCTTCGTA-1",2174,1222,1.01195952161914
"TAAACAGCAATTGAGA-1",786,611,0.89058524173028
"TAAACAGCAGCTTAGC-1",758,577,1.84696569920844
"TAAACAGCATCCGTAA-1",832,577,0.360576923076923
"TAAACAGCATGACTAT-1",2530,1370,0.8300395256917
"TAAAGCCTCAATAGCC-1",1276,807,0.940438871473354
"TAAAGCCTCCTAGTAA-1",755,576,1.19205298013245
"TAACAAGCATGCTTAG-1",1432,884,0.279329608938547
"TAACCAGGTCATTAGG-1",1404,864,0.56980056980057
"TAACCAGGTTCCGGCT-1",935,730,0.748663101604278
"TAACCGGTCTCACTCA-1",1022,737,0.587084148727984
"TAACCTAAGAACCTAC-1",1383,869,0.578452639190166
"TAACCTAAGCCGCTAA-1",880,614,1.93181818181818
"TAACCTAAGTCTATGA-1",889,636,1.12485939257593
"TAAGCCTAGAAAGCAT-1",759,558,1.05401844532279
"TAAGCCTAGCTGGACC-1",1149,832,0.522193211488251
"TAAGCCTAGTTGCCTC-1",1348,952,1.11275964391691
"TAAGCTATCAATAGCC-1",1932,1178,0.98343685300207
"TAAGCTATCTTTAAGG-1",964,697,1.14107883817427
"TAAGGACCAATACTGT-1",962,683,0.51975051975052
"TAAGGACCAATGCCTA-1",2117,1249,1.79499291450165
"TAAGGACCAGGACCTT-1",1017,713,1.5732546705998
"TAAGGACCAGGTCCTG-1",936,652,0.32051282051282
"TAAGGACCATCTTGAG-1",3303,1794,0.908265213442325
"TAAGGCTTCAGCTAAC-1",791,581,0.632111251580278
"TAAGGCTTCCGTTATT-1",3069,1730,0.586510263929619
"TAAGGCTTCCTAGTAA-1",1666,996,0.0600240096038415
"TAAGGCTTCCTGATGG-1",909,659,0.44004400440044
"TAAGTAGCACATTAAC-1",2159,1263,0.972672533580361
"TAAGTAGCAGCTAATT-1",1193,760,0.335289186923722
"TAAGTAGCAGTAATAG-1",1116,772,0.985663082437276
"TAAGTAGCATAATGTC-1",1384,897,1.15606936416185
"TAAGTGCTCACATTGA-1",759,575,0.527009222661397
"TAAGTGCTCAGGTCCA-1",984,735,0.101626016260163
"TAAGTGCTCCCTTGCG-1",857,634,1.4002333722287
"TAAGTGCTCTCCATAT-1",3613,1963,0.858012731801827
"TAAGTGCTCTGTGAGT-1",919,657,0.761697497279652
"TAATCACCACAGGGAC-1",1330,934,1.50375939849624
"TAATCACCACTCAACA-1",1039,690,1.2512030798845
"TAATCACCACTTAGGC-1",1490,961,0.671140939597315
"TAATCACCAGGACCAA-1",1334,906,2.69865067466267
"TAATCACCAGGCTAGA-1",1460,956,0.205479452054795
"TAATCCGCAAGCTAAA-1",1311,883,0.83905415713196
"TAATCCGCAATGAAGC-1",1111,771,0.54005400540054
"TAATCCGCACAATGCC-1",1570,1039,0.828025477707006
"TAATCCGCACATTAAC-1",791,568,0
"TAATGCATCAGGCCTA-1",2428,1359,1.56507413509061
"TAATGCATCCAAGTTA-1",922,622,0.976138828633406
"TAATGCATCCGCCTAT-1",868,647,1.84331797235023
"TAATGCATCCTAAGAC-1",1382,896,1.30246020260492
"TAATGCATCGTAATCA-1",1075,756,0.465116279069767
"TAATGCATCTTGCAAA-1",2293,1391,0.610553859572612
"TAATGCATCTTGTTCG-1",1104,783,1.35869565217391
"TAATGGACACGGTTTA-1",916,687,0.982532751091703
"TAATGGACATACTCCT-1",5479,2504,0.967329804708889
"TAATGGTGTGCAATGC-1",771,576,0.259403372243839
"TAATGGTGTGTAACCA-1",851,617,0.587544065804935
"TAATGGTGTTTGTGGA-1",1275,870,0.470588235294118
"TAATTGCCAATTGCGC-1",4690,2682,0.575692963752665
"TACAACATCAGCCAAT-1",1346,972,0.520059435364042
"TACAACATCGCTTGCT-1",1045,699,0.191387559808612
"TACAACATCGGTTACG-1",824,624,1.33495145631068
"TACAACATCGTTCACC-1",1118,751,1.43112701252236
"TACAAGCTCCCTGACT-1",879,624,0.455062571103527
"TACAAGCTCGGTTTCC-1",2015,1437,1.29032258064516
"TACAATGTCACCAATA-1",953,626,1.46904512067156
"TACAATGTCACTAGGT-1",2010,1104,0.646766169154229
"TACAATGTCCGGTTGA-1",836,657,0.598086124401914
"TACAATGTCCTCGATC-1",1107,733,0.993676603432701
"TACAGCTAGTTAGAGG-1",2242,1411,1.02586975914362
"TACAGGTTCAATTGGC-1",761,539,1.05124835742444
"TACAGGTTCCAAATCA-1",6892,2814,0.725478816018572
"TACAGGTTCCTTGCGT-1",1749,1144,0.514579759862779
"TACAGGTTCGAGGAAC-1",11193,4250,1.01849370142053
"TACAGGTTCGATATTG-1",1074,719,0.279329608938547
"TACAGGTTCTAATTGG-1",12324,3978,0.868224602401818
"TACAGGTTCTTTGTAC-1",828,606,0.72463768115942
"TACATCAAGAAGGTGC-1",976,728,1.12704918032787
"TACATCAAGCCTGTTC-1",900,638,0.444444444444444
"TACATCAAGCGCAATT-1",1198,831,1.25208681135225
"TACATCAAGGTCCTAG-1",1679,1079,0.893388921977368
"TACATCAAGTTTCCGC-1",1072,763,0.652985074626866
"TACCAAATCAAGCTAC-1",1250,812,0.4
"TACCAAATCACAGCCA-1",1065,736,1.31455399061033
"TACCAAATCCAAGTTA-1",906,614,0.883002207505519
"TACCAAATCCATAATG-1",2644,1461,0.264750378214826
"TACCAAATCCTTGAGG-1",1617,993,0.371057513914657
"TACCAAATCGCTTCTA-1",1412,867,1.20396600566572
"TACCAAATCGGTTACG-1",1810,1223,0.994475138121547
"TACCAAATCTCCTCTT-1",2614,1364,0.114766641162969
"TACCAGGTCAATTACG-1",1275,801,1.09803921568627
"TACCAGGTCATCCTGC-1",807,621,1.85873605947955
"TACCAGGTCTAATCAG-1",1654,1088,0.423216444981862
"TACCAGGTCTAGCGTG-1",977,763,0.818833162743091
"TACCCGGCACCTGGTG-1",1690,1159,0.828402366863905
"TACCCGGCATTCCTGT-1",1072,716,1.11940298507463
"TACCGAAGTAAGCTCA-1",1567,1079,1.40395660497766
"TACCGAAGTCACCTAT-1",766,578,0.522193211488251
"TACCGAAGTCATAACG-1",1759,1044,0.45480386583286
"TACCGAAGTGGATTAT-1",1104,776,0.634057971014493
"TACCGAAGTTATGTGG-1",891,630,0.897867564534231
"TACCGCAAGCACTTGG-1",893,683,1.00783874580067
"TACCGTTGTTCTTTAG-1",3657,1930,0.683620453923981
"TACCTCATCAAACCTA-1",6942,2766,0.979544799769519
"TACCTCATCCTTCGTA-1",8786,3322,0.967448213066242
"TACCTCATCCTTGTTG-1",1266,843,0.631911532385466
"TACCTCATCGCTCACT-1",1499,938,0.733822548365577
"TACCTCATCGTCCTTA-1",1525,968,0.852459016393443
"TACCTCATCTAAGTCA-1",931,679,0.859291084854995
"TACCTGCTCAAACTCA-1",1292,837,0.309597523219814
"TACCTGCTCCTTGTTG-1",1547,1007,1.35746606334842
"TACCTGCTCTTAGGGT-1",1310,881,0.83969465648855
"TACCTTAGTCAAGTAT-1",1183,794,0.591715976331361
"TACCTTAGTTGAGGTC-1",908,618,0.770925110132159
"TACCTTTAGGCGAATA-1",1450,918,0.137931034482759
"TACCTTTAGTTAGTGC-1",3348,1720,0.776583034647551
"TACGCTTGTAAGCTCA-1",1032,725,2.22868217054264
"TACGCTTGTTAACAGT-1",1110,741,1.98198198198198
"TACGCTTGTTATTGCC-1",1080,724,1.94444444444444
"TACGCTTGTTTACCGT-1",939,674,0.958466453674121
"TACGGATTCAATCATG-1",2378,1308,0.546677880571909
"TACGGATTCCGCTAGA-1",936,706,0.534188034188034
"TACGGATTCCTGAATA-1",1263,799,0.475059382422803
"TACGGATTCTAATTGG-1",1430,953,0.839160839160839
"TACGGTTAGCTCAATA-1",781,581,0.640204865556978
"TACGTAATCCTGTTCA-1",5783,2709,1.08939996541587
"TACGTAATCTTTAGGA-1",817,589,0.367197062423501
"TACGTAATCTTTGAGA-1",1914,1104,0.208986415882968
"TACGTACAGCTATGAC-1",884,661,2.37556561085973
"TACGTACAGGCGCTAC-1",1439,964,0.764419735927728
"TACGTACAGTTGTCCC-1",768,591,0.520833333333333
"TACGTACAGTTTGCGG-1",2748,1606,0.764192139737991
"TACGTTAAGCTATTGA-1",1390,913,0.503597122302158
"TACGTTAAGGAACCAA-1",2970,1665,0.572390572390572
"TACGTTAAGTCACTCC-1",916,618,0.545851528384279
"TACTAAGTCAGGATGA-1",946,697,0.422832980972516
"TACTAAGTCTCAATTC-1",1704,976,0.997652582159624
"TACTAAGTCTCTAGCC-1",1729,1048,0.867553499132447
"TACTCAAAGACAGGTA-1",843,607,0.830367734282325
"TACTCAAAGTAAGTCC-1",856,647,0.817757009345794
"TACTGACAGCAAGACA-1",816,602,0.980392156862745
"TACTGACAGGACCTCA-1",793,579,0.756620428751576
"TACTGACAGTCACGAT-1",2197,1291,0.500682749203459
"TACTGACAGTTTGGTA-1",1799,1120,0.555864369093941
"TACTGAGGTCCAAGAC-1",1126,778,0.799289520426288
"TACTGAGGTCCTAACT-1",821,590,0.609013398294762
"TACTGAGGTGCATTAG-1",1768,1209,0.961538461538462
"TACTGAGGTTACCGGG-1",808,587,1.11386138613861
"TACTGCACAGAACCGA-1",1240,842,1.61290322580645
"TACTGCACAGCTTAAT-1",1238,800,0.807754442649435
"TACTGCACATCCTGAA-1",4193,2020,0.62008108752683
"TACTGGCCAAGCGAGC-1",1168,887,0.684931506849315
"TACTGGCCAATCCCTT-1",1005,652,1.29353233830846
"TACTGGCCACCAACCG-1",832,627,1.44230769230769
"TACTGGCCAGACAAAC-1",2366,1416,1.39475908706678
"TACTGGCCAGCTAATT-1",1759,1006,0.909607731665719
"TACTGGCCATAAGTCT-1",1006,705,0.497017892644135
"TACTGGCCATCCTAGA-1",1385,904,0.794223826714801
"TACTGGCCATGACTAT-1",1159,858,1.38050043140638
"TACTTCGTCATCCTCA-1",1140,748,1.75438596491228
"TACTTCGTCATCGTTT-1",989,688,0.70778564206269
"TACTTCGTCCTCAGTC-1",1097,773,1.45852324521422
"TACTTGTTCAAGCTAC-1",3158,1650,0.411652944901837
"TACTTGTTCGTTAGTA-1",1302,875,0.768049155145929
"TACTTGTTCTTAGTCT-1",2795,1561,0.536672629695885
"TAGACCAGTGTTTGAG-1",1843,1169,1.03092783505155
"TAGACCAGTTAACGGC-1",1480,990,1.01351351351351
"TAGCAGGCAAATTCGT-1",1053,763,0.854700854700855
"TAGCAGGCAATCCCTT-1",970,676,0.927835051546392
"TAGCATATCCAATTAG-1",1601,946,0.562148657089319
"TAGCATATCCTTGTTG-1",4433,2214,0.473719828558538
"TAGCATATCGTTACTT-1",1408,935,1.49147727272727
"TAGCCGGGTATTGCAG-1",875,689,1.02857142857143
"TAGCCTCTCCAGGAAA-1",2734,1615,1.13386978785662
"TAGCCTCTCTTGGACG-1",1535,969,1.30293159609121
"TAGCCTCTCTTGGATA-1",1692,1055,0.768321513002364
"TAGCCTGAGCATTTCT-1",1084,758,1.1070110701107
"TAGCCTGAGGTTAGCT-1",2051,1315,1.31643100926377
"TAGCCTGAGTATGTGC-1",1504,1055,0.797872340425532
"TAGCCTGAGTCCTGAG-1",1733,1109,0.461627236006924
"TAGCCTTGTAAGGTCC-1",1544,1054,1.55440414507772
"TAGCCTTGTATTGGTG-1",1099,718,0.909918107370337
"TAGCCTTGTCCTTCTC-1",2105,1274,0.617577197149644
"TAGCCTTGTTGACTTC-1",833,590,0.840336134453782
"TAGCGGACAGGACCTT-1",772,614,1.03626943005181
"TAGCGGACAGTTAAAG-1",868,653,0.806451612903226
"TAGCTAATCAATCATG-1",2357,1309,0.381841323716589
"TAGCTAATCCCTGATC-1",849,612,1.17785630153121
"TAGCTAATCGATTCTT-1",3533,1649,0.764223039909425
"TAGCTAGGTACTTAGG-1",1902,1196,0.420609884332282
"TAGCTAGGTTATCCGT-1",1135,794,0.52863436123348
"TAGCTAGGTTTGTTGC-1",1737,1141,0.921128382268279
"TAGCTTAAGGCGTAAA-1",1412,991,1.27478753541076
"TAGCTTAAGGCTTAAC-1",1182,789,0.930626057529611
"TAGCTTAAGTAGAGGC-1",755,562,1.32450331125828
"TAGCTTAAGTTAGAGG-1",872,678,1.03211009174312
"TAGCTTAAGTTAGTGC-1",985,691,0.609137055837563
"TAGCTTGCAAAGCTAA-1",946,680,0.951374207188161
"TAGCTTGCAATATACC-1",1767,1029,1.13186191284663
"TAGCTTGCACAGACTC-1",792,585,0.505050505050505
"TAGCTTGCACTATGGC-1",1839,1143,1.84883088635128
"TAGCTTGCACTGACTA-1",909,660,0.33003300330033
"TAGCTTGCAGCTAATT-1",842,630,0.950118764845606
"TAGCTTGCATGGCCCA-1",927,683,1.40237324703344
"TAGGAGGGTAGGTTTG-1",775,624,1.54838709677419
"TAGGAGTCACTCAACA-1",2156,1345,0.927643784786642
"TAGGAGTCAGCATTAT-1",972,709,0.925925925925926
"TAGGAGTCATAGGCGA-1",763,605,0.786369593709043
"TAGGAGTCATTCAGCA-1",1237,845,0.485044462409054
"TAGGCTAGTAATGACT-1",921,689,1.62866449511401
"TAGGCTAGTTATCCGT-1",751,582,1.06524633821571
"TAGGCTGTCAGCACCA-1",1492,1026,1.27345844504021
"TAGGCTGTCTAGCTAA-1",1027,712,0.778967867575463
"TAGGCTGTCTTAGGGT-1",1083,753,0.831024930747922
"TAGGGTTTCAATGTCA-1",4204,2004,0.71360608943863
"TAGGGTTTCCATTACT-1",1248,901,0.801282051282051
"TAGGGTTTCCTAGTTT-1",1438,886,0.278164116828929
"TAGGTGCGTAATCCCT-1",1091,777,0.549954170485793
"TAGGTGCGTTAGCCAA-1",808,608,0.618811881188119
"TAGGTTATCACATTGA-1",1631,951,0.367872470876763
"TAGGTTATCCTGGCTT-1",2086,1234,0.767018216682646
"TAGGTTATCTATTGTC-1",1581,949,0.885515496521189
"TAGGTTGGTGCTTTAC-1",1079,813,0.278035217794254
"TAGGTTGGTTAAATGC-1",892,611,0.448430493273543
"TAGGTTGGTTAATGAC-1",794,579,1.25944584382872
"TAGGTTGGTTACTAGG-1",6508,2674,0.691456668715427
"TAGTAACGTGGATTCA-1",771,551,0.518806744487678
"TAGTAACGTTGTTGCT-1",1435,973,0.766550522648084
"TAGTAAGCAACAACAA-1",1134,778,0.881834215167548
"TAGTAAGCAATTGACT-1",1505,975,0.730897009966777
"TAGTAAGCAGGCTACT-1",896,621,0.446428571428571
"TAGTAAGCAGTTTGGC-1",845,620,0.236686390532544
"TAGTAAGCATAATCCG-1",1017,664,1.08161258603736
"TAGTAAGCATTAAGCT-1",6540,2835,1.08562691131498
"TAGTACGGTCAAGTAT-1",1283,870,0.623538581449727
"TAGTACGGTTATTGCC-1",1283,872,0.779423226812159
"TAGTAGGAGCACTTGG-1",1084,713,0.18450184501845
"TAGTAGGAGCCTTAAA-1",827,604,0.967351874244256
"TAGTAGGAGGTTACAC-1",1854,1216,1.1866235167206
"TAGTCAATCACCAATA-1",1221,802,1.06470106470106
"TAGTCAATCATCCACC-1",833,619,0.960384153661465
"TAGTCAATCTGTAAGC-1",812,588,1.10837438423645
"TAGTGGCGTCATAACG-1",1072,811,1.11940298507463
"TAGTGTGGTGTTGTAG-1",2652,1616,0.980392156862745
"TAGTGTGGTTAGCATG-1",1399,880,0.571837026447462
"TAGTGTGGTTCATTTG-1",911,658,0.439077936333699
"TAGTTGTCACAGAAAC-1",1056,762,0.662878787878788
"TAGTTGTCAGTTAGCC-1",2170,1285,0.645161290322581
"TAGTTGTCATCTAGCA-1",3238,1740,0.957381099444101
"TAGTTTGAGCTCAATA-1",2962,1604,0.50641458474004
"TAGTTTGAGTACTGGT-1",4496,2231,0.667259786476868
"TATAACCCAAGTGTCC-1",1156,799,0.0865051903114187
"TATAACCCACACCAAC-1",3154,1637,1.42675967025999
"TATAACCCACAGCCTG-1",1549,1022,1.3557133634603
"TATAACCCACAGGAAT-1",1670,1047,0.658682634730539
"TATAACCCACGGTACT-1",1056,720,0.852272727272727
"TATAACCCACGTGCTG-1",1630,1072,0.49079754601227
"TATAACCCAGGGAGCT-1",1314,852,0.30441400304414
"TATAACCCATAAACCT-1",1352,824,1.18343195266272
"TATAACCCATATAACC-1",2119,1179,0.755073147711185
"TATAGCCAGACAACAG-1",1422,918,0.351617440225035
"TATAGCCAGATGCCTG-1",769,522,0.390117035110533
"TATAGCCAGCAAGGAC-1",1860,1154,0.483870967741935
"TATAGCCAGCCGCTTT-1",761,441,2.75952693823916
"TATAGCCAGCTACTGG-1",830,605,0.481927710843374
"TATAGCCAGGAAACTG-1",1691,1075,1.18273211117682
"TATAGCCAGGCCATCA-1",1111,759,0.99009900990099
"TATAGCCAGTAACTCA-1",1079,757,1.11214087117702
"TATAGCCAGTCATCCC-1",790,590,1.0126582278481
"TATAGCTCATCGTTCT-1",1390,984,0.719424460431655
"TATAGGTGTACGATTG-1",1225,852,0.816326530612245
"TATAGGTGTCCTTCAG-1",1013,698,0.394866732477789
"TATAGGTGTGATGAAA-1",1637,1123,0.733048259010385
"TATAGGTGTTCAAGCA-1",1005,734,0.597014925373134
"TATAGGTGTTCCAGGG-1",836,609,0.598086124401914
"TATAGGTGTTCGCTCA-1",1201,847,0.915903413821815
"TATAGGTGTTCTTTAG-1",4547,2619,0.791730811524082
"TATATCCTCACTTTAC-1",1563,929,0.383877159309021
"TATATCCTCATGGTTA-1",1201,779,0.832639467110741
"TATATCCTCATTAGCA-1",1121,751,0.624442462087422
"TATATCCTCGAAGTAG-1",2459,1486,0.976006506710045
"TATATCCTCGGGACCT-1",845,609,0.236686390532544
"TATATCCTCGGTCAAT-1",1334,836,0.824587706146927
"TATATCCTCTAACCTT-1",1628,1002,1.10565110565111
"TATATCCTCTGGCTTC-1",2315,1267,0.518358531317495
"TATATCCTCTTTAAGG-1",915,612,0.546448087431694
"TATCACAAGCACCACA-1",852,582,1.29107981220657
"TATCACAAGCATGAAG-1",828,603,0.483091787439614
"TATCACAAGCTCAAAC-1",1120,774,0.892857142857143
"TATCACAAGGAGGTTA-1",1117,784,0.44762757385855
"TATCACAAGGGCCATC-1",1532,1015,1.17493472584856
"TATCACAAGTGATTCA-1",1090,741,0.91743119266055
"TATCACAAGTTAGTTG-1",1082,782,0.646950092421442
"TATCACGCAGAGGGAG-1",1992,1328,1.05421686746988
"TATCACGCAGCCGCTA-1",988,687,0.910931174089069
"TATCACGCATTCAGCA-1",1209,802,0.992555831265509
"TATCCAGCAAAGCTAA-1",1475,907,0.610169491525424
"TATCCAGCAAGCTTTG-1",1503,1021,1.46373918829009
"TATCCAGCAAGGTATA-1",1352,917,0.665680473372781
"TATCCAGCACAATTAC-1",2208,1262,0.769927536231884
"TATCCAGCACCCTCAC-1",987,681,0.506585612968592
"TATCCGGAGCTGGAAA-1",840,624,1.42857142857143
"TATCGCACAAGCCAGA-1",1103,775,0.906618313689937
"TATCGCACAAGGTAAC-1",824,586,1.69902912621359
"TATCGCACACCAACCG-1",941,728,2.76301806588735
"TATCGCACAGCAACCT-1",915,700,0.655737704918033
"TATCGCACAGCATTAT-1",934,622,0.321199143468951
"TATCGCACAGGCTACT-1",766,553,0.652741514360313
"TATCGCACATGACTAT-1",1819,1127,1.20945574491479
"TATCGCGAGTAACTCA-1",798,574,0
"TATGAAGCACAACAGG-1",876,603,0.799086757990868
"TATGAAGCAGCTAACC-1",878,635,1.13895216400911
"TATGAAGCATACCCGG-1",877,596,0.456100342075257
"TATGAAGCATTAAGCT-1",1199,854,0.750625521267723
"TATGACATCAAACACC-1",3251,1660,1.56874807751461
"TATGACATCAGCAAGA-1",3279,1674,0.945410186032327
"TATGACATCCAGGAAA-1",1154,785,0.606585788561525
"TATGACATCTTTGAGA-1",1040,703,0.769230769230769
"TATGACTCAAATATCC-1",1793,1127,0.446179587283882
"TATGACTCAAGACTCC-1",1837,1025,0.326619488296135
"TATGACTCAATTTGGT-1",1635,1034,0.611620795107034
"TATGACTCACACCAAC-1",1230,787,2.35772357723577
"TATGACTCAGCCAGAA-1",1206,824,1.90713101160862
"TATGACTCAGGCGATA-1",979,652,0.510725229826353
"TATGCATCAACCCTCC-1",1106,735,0.904159132007233
"TATGCATCACGGTTTA-1",1279,817,0.781860828772478
"TATGCATCAGGCATCT-1",1178,793,1.27334465195246
"TATGCATCAGGCCATT-1",1234,771,0.972447325769854
"TATGCATCAGTTTCTC-1",1604,968,0.187032418952618
"TATGCATCATATTGAC-1",1277,830,0.313234142521535
"TATGGATGTAGGTTTG-1",918,690,0.544662309368192
"TATGGATGTCAAGTGC-1",786,591,0.89058524173028
"TATGGATGTTACAAAC-1",4333,2184,0.992384029540734
"TATGGATGTTAGCCAA-1",935,676,0.748663101604278
"TATGGCCCACCGTTCC-1",858,632,3.72960372960373
"TATGGCCCACGGTTTA-1",891,610,2.1324354657688
"TATGGCCCACTAGCGT-1",1063,762,4.98588899341486
"TATGGTCAGCCTAACG-1",1031,714,1.35790494665373
"TATGGTCAGGTTTACA-1",1101,770,1.72570390554042
"TATGGTCAGTAACAGG-1",1239,798,0.564971751412429
"TATGTGATCATGCAAC-1",2250,1300,0.888888888888889
"TATGTGATCATGCCTC-1",1844,1121,1.51843817787419
"TATGTGATCATTCATC-1",5231,2422,0.898489772510036
"TATGTGATCTTAGGGT-1",1008,681,0.0992063492063492
"TATTACCTCAGCAAAG-1",1306,864,0.995405819295559
"TATTACCTCCAATAGC-1",1408,917,1.27840909090909
"TATTACCTCCAGGTCA-1",1211,816,0.990916597853014
"TATTAGCCAAACTCAT-1",2069,1187,1.11164813919768
"TATTAGCCAAAGCTAA-1",1514,1035,0.462351387054161
"TATTAGCCAAATTGCT-1",1687,1003,0.4149377593361
"TATTAGCCAAGGTATA-1",1066,731,0.75046904315197
"TATTAGCCACTAAGTT-1",2808,1581,0.676638176638177
"TATTAGCCATTAGGCC-1",1322,920,0.75642965204236
"TATTAGGTCATTAGGC-1",1286,866,0.544323483670295
"TATTAGGTCCACAATA-1",1937,1109,0.361383582860093
"TATTCGTTCAGCCAAT-1",1861,1170,1.07469102632993
"TATTCGTTCCCAGTAG-1",777,616,0.643500643500644
"TATTCGTTCCCGCATT-1",973,632,0.308324768756423
"TATTCGTTCGGTTACG-1",1527,1016,1.17878192534381
"TATTCGTTCGTTATCT-1",1387,883,0.720980533525595
"TATTCGTTCTATGACA-1",1071,760,1.58730158730159
"TATTGACCAGCCTAAC-1",1422,901,1.82841068917018
"TATTGACCAGCGCTTG-1",1163,852,0.687876182287188
"TATTGACCAGTGAACG-1",1580,1039,0.506329113924051
"TATTGACCATGCTTAG-1",1557,939,0.321130378933847
"TATTTGCTCACTTTAC-1",2090,1206,0.669856459330144
"TATTTGCTCAGCACGC-1",1318,875,0.910470409711684
"TATTTGCTCCTTCTAG-1",2854,1426,0.28030833917309
"TATTTGCTCTCACTAT-1",1430,852,0.55944055944056
"TATTTGGAGACTAAGG-1",2642,1495,0.378501135503407
"TATTTGGAGCACCACA-1",805,604,0.248447204968944
"TATTTGGAGCTCCTTA-1",2028,1184,0.936883629191321
"TATTTGGAGGAACGCG-1",1371,1020,0.291757840991977
"TATTTGGAGTAACCAC-1",1298,869,1.15562403697997
"TCAAACCAGACAAAGT-1",1862,1195,0.912996777658432
"TCAAACCAGCTATTAG-1",1436,904,0.835654596100279
"TCAAACCAGGATTTGC-1",950,694,0.736842105263158
"TCAAACCAGGTGAGAC-1",3091,1706,0.841151730831446
"TCAACAATCATGGCCA-1",1048,720,1.52671755725191
"TCAACAATCCAATTAG-1",897,595,1.00334448160535
"TCAACAATCCTAATAG-1",6755,2905,0.932642487046632
"TCAAGAACAATAACCT-1",1372,872,0.801749271137026
"TCAAGAACAGGCGAGT-1",1525,1074,0.918032786885246
"TCAAGAACATAGTCAT-1",823,631,1.09356014580802
"TCAAGAACATATAACC-1",1311,931,1.1441647597254
"TCAAGAACATGCTATG-1",1125,721,1.24444444444444
"TCAAGACTCAGGCCTA-1",766,527,1.30548302872063
"TCAAGACTCCAAACAC-1",777,551,0.257400257400257
"TCAAGACTCCCTCACG-1",809,597,0.370828182941904
"TCAAGACTCCTAGTTT-1",1707,1048,0.527240773286467
"TCAAGACTCGCAAACT-1",792,594,0.378787878787879
"TCAAGCTAGCATGTTA-1",849,630,0.706713780918728
"TCAAGCTAGCCTAATA-1",1036,705,0.772200772200772
"TCAAGCTAGCTAAAGG-1",766,553,0.522193211488251
"TCAAGCTAGGTAACGA-1",1402,938,1.21255349500713
"TCAAGCTAGGTCTTGG-1",1049,763,1.14394661582459
"TCAAGGAAGCATTATG-1",849,592,0.824499411071849
"TCAAGGAAGTATTGTG-1",1147,826,1.4821272885789
"TCAAGTATCAGGCCTA-1",3896,2049,0.949691991786448
"TCAAGTATCCGGAACC-1",778,593,1.02827763496144
"TCAAGTATCCGGTATG-1",897,662,0.334448160535117
"TCAAGTATCCTAAGAC-1",1360,838,0.735294117647059
"TCAAGTATCGTAATCA-1",1304,910,0.690184049079755
"TCAAGTATCTCGACCT-1",1648,1108,0.970873786407767
"TCAAGTATCTTTAAGG-1",1044,760,0.383141762452107
"TCAATCGCAATAATGG-1",3209,1733,0.436272982237457
"TCAATCGCACAGGATG-1",772,573,1.29533678756477
"TCAATCGCACCTACTT-1",1026,705,0.584795321637427
"TCAATCGCATTATGGT-1",1985,1227,1.6624685138539
"TCACATAAGACTATTG-1",1734,1063,0.807381776239908
"TCACATAAGCAAGGTA-1",861,637,1.6260162601626
"TCACATAAGCATTTCT-1",1534,975,1.04302477183833
"TCACATAAGCGATACT-1",844,608,1.06635071090047
"TCACATAAGGGTCCAC-1",1233,817,1.78426601784266
"TCACATAAGGTCCAAT-1",751,573,0.798934753661784
"TCACATAAGGTTAGCT-1",1493,935,0.468854655056932
"TCACCGGCAGCCTGCA-1",1180,865,1.35593220338983
"TCACCTCAGCATGCAT-1",1673,995,0.657501494321578
"TCACCTGGTCAATAGT-1",1257,802,0.954653937947494
"TCACCTGGTGAACAAA-1",2876,1562,0.591098748261474
"TCACCTGGTTACAAAC-1",1818,1163,0.825082508250825
"TCACGGATCAATGTCA-1",770,568,0.38961038961039
"TCACGGATCATGGTTA-1",1314,875,1.06544901065449
"TCACGGATCCTAATTC-1",1163,796,0.257953568357696
"TCACTGACAACCCTAA-1",4107,2016,0.876552227903579
"TCACTGACAACTGGCT-1",1810,1111,1.10497237569061
"TCACTGACAATAACCT-1",3498,1770,0.514579759862779
"TCACTGACAATACTGT-1",1606,931,0.435865504358655
"TCACTGACAATAGCAA-1",990,678,0.202020202020202
"TCACTGACACACAATT-1",1553,961,0.837089504185447
"TCACTGACAGCAGGTA-1",4656,2381,0.751718213058419
"TCACTGACATTTGCTC-1",945,665,0.529100529100529
"TCAGCAAGTCAGTAAT-1",966,709,1.96687370600414
"TCAGCCTTCAAGCTTA-1",1458,897,1.02880658436214
"TCAGCCTTCATTAGGC-1",1486,985,0.807537012113055
"TCAGCCTTCCCGTTGT-1",1127,840,0.532386867790595
"TCAGCCTTCGCTTGCT-1",1074,740,1.95530726256983
"TCAGCCTTCTCCATGC-1",2630,1469,0.722433460076046
"TCAGCGATCAATCTCT-1",4026,2002,1.19225037257824
"TCAGGTCCAAATTGCT-1",1121,758,0.535236396074933
"TCAGGTCCAATAAGCA-1",796,557,0.50251256281407
"TCAGGTCCACTAGGTC-1",2089,1328,0.765916706558162
"TCAGGTCCAGTTATCG-1",1111,743,0.54005400540054
"TCAGGTCCATAATCGT-1",977,673,0.102354145342886
"TCAGGTCCATGAATAG-1",1923,1225,0.728029121164847
"TCAGGTCCATTGTGAT-1",927,699,0.107874865156419
"TCAGGTTAGCAGGTTT-1",1140,805,0.701754385964912
"TCAGGTTAGCTAAAGG-1",916,627,0.436681222707424
"TCAGTAATCAACCAAC-1",1931,1160,1.08751941998964
"TCAGTAATCACCAATA-1",1181,758,0.762066045723963
"TCAGTAATCAGTGAAG-1",975,671,0.615384615384615
"TCAGTAATCCCTGTTA-1",1756,1074,0.797266514806378
"TCAGTAATCTGCAACG-1",1243,852,0.241351568785197
"TCAGTAATCTTAGCCC-1",18342,4827,1.05768182313815
"TCAGTAATCTTGAGGT-1",1035,745,0.676328502415459
"TCAGTAGGTGGATGTC-1",764,614,0.654450261780105
"TCAGTGAGTGATCATG-1",972,749,0.411522633744856
"TCAGTGAGTTACTTCA-1",1846,1126,0.433369447453954
"TCATAACCAAGGTGCA-1",1755,1058,0.683760683760684
"TCATAACCAGGCCTTG-1",1370,956,0.875912408759124
"TCATAACCATGCTTAG-1",1375,851,0.654545454545455
"TCATACTTCAAGCTTA-1",1799,1082,0.611450806003335
"TCATACTTCAAGGACA-1",4314,2174,0.533147890588781
"TCATACTTCATGCTTT-1",2765,1451,0.433996383363472
"TCATACTTCCGCCTCA-1",1852,1173,1.67386609071274
"TCATACTTCTAAGTGC-1",2477,1503,0.767056923698022
"TCATACTTCTATTGTC-1",2908,1470,0.859697386519945
"TCATACTTCTTGTTCG-1",881,653,0.454029511918275
"TCATACTTCTTTAAGG-1",2184,1273,0.228937728937729
"TCATCCATCACTCAAA-1",2213,1246,0.632625395390872
"TCATCCATCATGGCCA-1",1288,831,2.25155279503106
"TCATCCATCCCTCAGT-1",1370,879,1.09489051094891
"TCATCCATCGCATTAA-1",1169,842,1.71086398631309
"TCATGAGGTCTAACCT-1",1513,985,0.330469266358229
"TCATGCCTCACCAATA-1",1788,1106,1.28635346756152
"TCATGCCTCCAGGAAA-1",2957,1682,1.99526547176192
"TCATGCCTCGATTTGA-1",1223,757,0.327064595257563
"TCATGTTTCCTGGTCT-1",1217,800,0.493015612161052
"TCATGTTTCCTTTACG-1",1326,866,1.20663650075415
"TCATGTTTCGATTATG-1",1870,1174,0.802139037433155
"TCATTACTCAAACACC-1",1440,934,0.416666666666667
"TCATTACTCACTTTAC-1",1075,679,0.744186046511628
"TCATTACTCATTGTTC-1",2029,1168,0.640709709216363
"TCATTACTCCGGGACT-1",4895,2355,0.469867211440245
"TCATTACTCGGTCAAT-1",992,679,1.51209677419355
"TCATTACTCGTAATCA-1",1358,864,0.810014727540501
"TCATTACTCTCACATT-1",2459,1346,0.528670191134608
"TCATTGCGTAATCGGC-1",1209,845,0.413564929693962
"TCATTGCGTGTCCTGC-1",959,701,1.3555787278415
"TCATTGTTCAAGGACA-1",820,584,0.365853658536585
"TCATTGTTCACGAATC-1",1390,881,0.575539568345324
"TCATTGTTCCCTCACG-1",3111,1735,0.996464159434265
"TCATTGTTCCTAATAG-1",1111,728,0.45004500450045
"TCATTGTTCCTTAAGA-1",1172,740,0.255972696245734
"TCATTGTTCGCTTCTA-1",1216,808,1.06907894736842
"TCATTGTTCTAACCAA-1",3576,1791,1.11856823266219
"TCATTTGGTTAGTACG-1",1332,880,0.525525525525526
"TCATTTGGTTCGGTAA-1",1024,772,0.9765625
"TCATTTGGTTGTTGCT-1",1205,803,0.4149377593361
"TCCACAACAAACTGTT-1",2775,1545,0.792792792792793
"TCCACAACAGATTCAT-1",1034,644,1.1605415860735
"TCCACAACAGTTATGT-1",2471,1470,0.445163901254553
"TCCACAACATAGACCC-1",1578,979,0.82382762991128
"TCCACAACATAGCGAG-1",825,623,1.33333333333333
"TCCAGGATCCACCTGT-1",1481,964,0.945307224848076
"TCCAGGATCCCTGTTA-1",1016,681,0.78740157480315
"TCCAGGATCTCCATAT-1",1304,875,0.766871165644172
"TCCAGGTCACATAACT-1",2397,1502,1.41843971631206
"TCCAGGTCAGCCTGCA-1",973,732,0.513874614594039
"TCCAGGTCATGAATAG-1",861,628,0.348432055749129
"TCCATAAAGAACAAGT-1",1374,877,0.363901018922853
"TCCATAAAGCACCACA-1",1138,742,0.263620386643234
"TCCATAAAGGTCTTGG-1",1374,949,1.31004366812227
"TCCATAAAGTTGGGCC-1",1370,926,0.437956204379562
"TCCATATTCCAGGTTG-1",2145,1217,0.466200466200466
"TCCATATTCCCTCACG-1",2493,1363,0.641797031688728
"TCCATATTCGTTAGCG-1",1174,823,0.766609880749574
"TCCATATTCTAGCGAT-1",996,655,1.10441767068273
"TCCATCATCAGCAAGA-1",2958,1628,1.65652467883705
"TCCATGCTCTTCAATC-1",2340,1290,0.982905982905983
"TCCATTGTCCAGGAAA-1",1311,933,0.83905415713196
"TCCATTGTCGACAAAG-1",1712,954,0.467289719626168
"TCCCGGACATATTGAC-1",1480,928,1.14864864864865
"TCCCGGACATCCTAGA-1",954,677,1.0482180293501
"TCCCGTTAGGGTGAGT-1",935,693,1.49732620320856
"TCCCGTTAGGTTTACA-1",1059,687,0.661000944287063
"TCCCTCACACAACAAA-1",1906,1148,1.5215110178384
"TCCCTCACACAACCTA-1",954,710,1.25786163522013
"TCCCTCACACTAAGAA-1",2323,1276,0.86095566078347
"TCCCTGGTCATTAGCA-1",1657,1007,0.905250452625226
"TCCCTGGTCTTAGTCT-1",1922,1134,0.884495317377731
"TCCCTGGTCTTGCAAA-1",784,587,1.53061224489796
"TCCCTGGTCTTTAGGA-1",2111,1316,0.473709142586452
"TCCCTGGTCTTTGACT-1",2358,1286,0.805767599660729
"TCCGCCATCAAGCTTA-1",2132,1271,1.64165103189493
"TCCGCCATCATTGTCT-1",1069,778,1.21608980355472
"TCCGCCATCTGTTCAT-1",948,674,0.738396624472574
"TCCGGAATCAACCAAC-1",1039,735,1.2512030798845
"TCCGGAATCAATCTAG-1",967,652,0.517063081695967
"TCCGGAATCCCGAACA-1",1148,845,0.261324041811847
"TCCGGAATCGTTTCCA-1",1595,958,1.44200626959248
"TCCGGTAAGGTGTTAC-1",821,689,0.730816077953715
"TCCGGTAAGTTATTCC-1",2070,1169,0.434782608695652
"TCCGGTAAGTTGTCTT-1",978,691,0.408997955010225
"TCCGGTTTCACGCCAA-1",913,691,0.547645125958379
"TCCGGTTTCATGAGCT-1",999,751,0.3003003003003
"TCCGGTTTCCAAATCA-1",1806,1151,0.498338870431894
"TCCTAGTGTCCGCTGT-1",804,645,1.24378109452736
"TCCTAGTGTGTTTGCT-1",2030,1320,1.08374384236453
"TCCTAGTGTTAACAGT-1",888,656,0.675675675675676
"TCCTCAATCCCGTTAC-1",3140,1652,1.17834394904459
"TCCTCAATCTGCAAAC-1",1031,703,0.5819592628516
"TCCTCACAGCAAGACA-1",1306,850,0.995405819295559
"TCCTCACAGCACGTTG-1",2095,1375,1.76610978520286
"TCCTCACAGCCACATG-1",1577,1051,1.33164235890932
"TCCTCACAGCTTACTT-1",978,665,0.715746421267894
"TCCTCACAGTCACCTC-1",8213,3384,0.998417143552904
"TCCTCACAGTTGTCTT-1",1989,1133,0.402212166918049
"TCCTCTAAGCTATTAG-1",1146,750,0.43630017452007
"TCCTCTAAGGATAAAC-1",3753,2087,0.639488409272582
"TCCTCTAAGGCCATCA-1",841,585,1.30796670630202
"TCCTCTAAGGTGTTAC-1",2353,1345,0.552486187845304
"TCCTCTAAGTAGCTTA-1",1292,806,0.773993808049536
"TCCTGGTTCAGGAACA-1",1023,698,1.17302052785924
"TCCTGGTTCATTGACA-1",1557,936,0.321130378933847
"TCCTGGTTCGTTATCT-1",1197,758,1.00250626566416
"TCCTGGTTCGTTCACC-1",959,683,1.04275286757039
"TCCTGTTCAAGTGTCC-1",1348,891,0.890207715133531
"TCCTGTTCACAACAAA-1",1264,825,0.632911392405063
"TCCTGTTCAGAAATTG-1",861,611,0.929152148664344
"TCCTGTTCAGAACCGA-1",1047,733,0.286532951289398
"TCCTGTTCAGAGGCTA-1",981,735,0.509683995922528
"TCCTGTTCAGATAGAC-1",1870,1153,1.12299465240642
"TCCTGTTCATCTTGAG-1",2390,1394,0.334728033472803
"TCCTGTTCATGTTGGC-1",4238,2148,0.660689004247286
"TCCTTAGTCATTAGGC-1",2497,1351,0.440528634361234
"TCCTTAGTCCTGAGTG-1",1228,891,0.814332247557003
"TCCTTAGTCTCATCAT-1",2170,1198,0.967741935483871
"TCCTTAGTCTTTAGGA-1",1646,1025,0.0607533414337789
"TCCTTCAAGAGGATAT-1",1050,746,0.571428571428571
"TCCTTCAAGCCTTAAA-1",1301,807,0.999231360491929
"TCCTTCAAGGCCTAAT-1",2722,1497,1.1756061719324
"TCCTTCAAGGCGAAAC-1",1186,858,0.337268128161889
"TCCTTCAAGTCATTGA-1",1171,797,0.512382578992314
"TCCTTGCAGCATTAGC-1",1930,1273,1.19170984455959
"TCCTTGCAGCTATTGA-1",1163,719,0.171969045571797
"TCCTTGCAGCTGGACC-1",2023,1297,0.69204152249135
"TCCTTGCAGTAAAGGT-1",3862,2013,1.6053858104609
"TCCTTGCAGTTACCGG-1",2319,1422,0.474342388960759
"TCCTTTACAAAGCTAA-1",5679,2515,0.880436696601514
"TCCTTTACAAAGCTCC-1",2276,1264,0.483304042179262
"TCCTTTACAAGGTGCA-1",1197,804,0.334168755221387
"TCCTTTACAGTAATAG-1",4846,2229,0.433347090383822
"TCGACAAGTTAATCGG-1",969,684,0.206398348813209
"TCGACAAGTTGAAGCC-1",868,677,1.036866359447
"TCGATTAAGACTTACA-1",1089,750,0.826446280991736
"TCGATTAAGGGTCTAT-1",1419,927,0.634249471458774
"TCGATTAAGGTTACAC-1",1019,667,0.883218842001963
"TCGATTAAGGTTAGCT-1",804,605,0.248756218905473
"TCGATTAAGTTAGCTA-1",809,569,0.618046971569839
"TCGATTAAGTTGCCTC-1",906,665,0.993377483443709
"TCGCATTGTTAGCTGA-1",1096,750,1.18613138686131
"TCGCATTGTTCCTGAT-1",1874,1161,1.33404482390608
"TCGCTAACAAGCCAGA-1",1627,1064,1.04486785494776
"TCGCTAACAGGAACCA-1",991,686,1.10998990918264
"TCGCTAACAGTTAAAG-1",1177,787,0.764655904842821
"TCGCTAACATCATGTG-1",877,638,1.71037628278221
"TCGCTAACATCTAGCA-1",917,617,0.436205016357688
"TCGGTAAGTAGACAAA-1",1706,1089,1.05509964830012
"TCGGTTACATGTTTGG-1",1566,947,0.830140485312899
"TCGGTTCTCATTAGGC-1",827,604,0.846432889963724
"TCGGTTTGTCAATACG-1",1545,967,0.647249190938511
"TCGGTTTGTGTAATAC-1",884,643,0.904977375565611
"TCGGTTTGTTGGATAT-1",1210,820,0.909090909090909
"TCGTAATCAAATTCGT-1",2684,1586,0.894187779433681
"TCGTAATCAATATGGA-1",1049,748,1.62059103908484
"TCGTCAACAGCAATAA-1",759,586,1.05401844532279
"TCGTGCTTCTAAATCG-1",967,745,0.413650465356774
"TCGTTAAAGTAACGAG-1",1405,963,0.355871886120996
"TCGTTAAAGTAGAGGC-1",1360,922,0.514705882352941
"TCGTTACGTACCGTAA-1",1089,754,0.826446280991736
"TCGTTACGTCCAAATG-1",842,620,0.593824228028504
"TCGTTATTCACTAAGC-1",2128,1321,1.36278195488722
"TCGTTATTCATCCTGC-1",1735,1120,1.09510086455331
"TCGTTATTCCTCGATC-1",1698,1134,0.824499411071849
"TCGTTATTCTTGTCTG-1",2860,1593,0.664335664335664
"TCGTTTCCAGTATGTT-1",1856,1229,0.431034482758621
"TCTAACCGTCTATCGT-1",1273,816,1.09976433621367
"TCTAACCGTGCTTTAC-1",1232,730,0.811688311688312
"TCTAACCGTTACAACG-1",1653,994,0.241984271022384
"TCTAACTTCAAAGGCA-1",1351,917,0.370096225018505
"TCTAACTTCATCCACC-1",2036,1240,0.834970530451866
"TCTAACTTCCGGTTAG-1",941,663,0.318809776833156
"TCTAACTTCGGTCAAT-1",1544,1019,0.971502590673575
"TCTAACTTCTAATCCT-1",1846,1107,0.704225352112676
"TCTAACTTCTTTAAGG-1",1012,722,0.494071146245059
"TCTAAGGGTAATAACC-1",2345,1250,0.383795309168444
"TCTAATCTCATTCATC-1",3279,1642,2.13479719426654
"TCTAATCTCCTTGTTG-1",4410,2099,0.702947845804989
"TCTAATCTCTAAGGTC-1",1195,817,0.920502092050209
"TCTAATCTCTCGCCTG-1",1254,822,0.558213716108453
"TCTACCTCACCTGTAA-1",1623,991,0.55452865064695
"TCTACCTCACGCAACT-1",1037,695,1.35004821600771
"TCTACCTCAGGAACCA-1",1553,892,0.579523502897617
"TCTACCTCAGTAAAGC-1",1769,1099,0.960994912379876
"TCTACCTCATATTGAC-1",2299,1222,1.30491518051327
"TCTACCTCATGGCCCA-1",1064,783,2.06766917293233
"TCTACCTCATGTTGCA-1",2800,1526,0.642857142857143
"TCTACTAGTAAGCACC-1",1224,838,0.980392156862745
"TCTACTAGTATTTGGG-1",1662,1014,0.240673886883273
"TCTACTAGTTGCTTCG-1",2798,1603,1.03645461043603
"TCTAGCACAATTTAGC-1",1633,977,0.857317819963258
"TCTAGCACATCCCGCT-1",973,675,1.3360739979445
"TCTAGCACATGCATAT-1",2659,1418,1.27867619405792
"TCTAGCCTCACGCATG-1",871,624,1.72215843857635
"TCTAGCCTCCCATAGG-1",925,670,1.51351351351351
"TCTAGCCTCGTTAAGC-1",1017,726,1.17994100294985
"TCTAGCCTCTATGACA-1",1300,867,1.92307692307692
"TCTAGCCTCTATTGTC-1",810,599,0.987654320987654
"TCTATGTTCTTGACCC-1",5393,2460,1.85425551641016
"TCTCAAGCAGGACCTT-1",917,652,0.763358778625954
"TCTCAAGCAGGCTAAG-1",963,662,0.311526479750779
"TCTCAATTCATAACGC-1",1118,788,0.894454382826476
"TCTCAATTCCGCACAA-1",879,619,1.47895335608646
"TCTCAATTCGAGCAAA-1",827,617,0.483675937122128
"TCTCAATTCGATCAGT-1",1715,1012,0.524781341107872
"TCTCAATTCGTTTCCA-1",1364,900,1.02639296187683
"TCTCACCAGCGGTTAT-1",800,602,0.5
"TCTCACCAGGACAATG-1",1105,754,0.904977375565611
"TCTCACCAGTCAATCA-1",2841,1434,0.703977472720873
"TCTCACCAGTTGTCCC-1",981,684,0.305810397553517
"TCTCCTCGTAATCGCA-1",1227,823,1.05949470252649
"TCTCCTCGTACAAAGA-1",1259,830,1.03256552819698
"TCTCCTCGTGAATCGC-1",980,740,1.53061224489796
"TCTCCTCGTTTACGTC-1",994,703,1.00603621730382
"TCTCCTCGTTTGGGTA-1",981,735,0.407747196738022
"TCTGGCTTCACTTCAT-1",1553,927,0.708306503541533
"TCTGGCTTCCCGTTAC-1",3091,1730,1.61759948236817
"TCTGGCTTCCGGCTAA-1",771,560,1.2970168612192
"TCTGGCTTCCTCCCTC-1",834,603,0.599520383693046
"TCTGGCTTCGATTTGA-1",862,658,0.696055684454756
"TCTGTGACACCCACCT-1",864,628,0.925925925925926
"TCTGTGACACCTAATG-1",1054,736,0.569259962049336
"TCTGTGACAGCTACGT-1",801,569,0.873907615480649
"TCTTAGCGTAACTACG-1",1514,982,0.462351387054161
"TCTTAGCGTACCTTAC-1",950,642,0.631578947368421
"TCTTAGTTCCTAAATG-1",1722,1077,0.290360046457607
"TCTTCAAGTAATGACT-1",1362,917,0.513950073421439
"TCTTCAAGTGACATAT-1",887,600,0.56369785794814
"TCTTCAAGTTAAATGC-1",1333,909,0.525131282820705
"TCTTGACGTTAGCATG-1",2301,1433,0.782268578878748
"TCTTGACGTTAGTTGG-1",1217,810,0.57518488085456
"TCTTGACGTTTAACCC-1",6876,2830,0.799883653286795
"TCTTGTCCACACTAAT-1",912,649,0.986842105263158
"TCTTGTCCAGTTTGGC-1",1389,933,0.791936645068395
"TCTTGTCCATTAGGCC-1",1303,902,1.45817344589409
"TCTTGTCCATTTAAGC-1",2214,1317,1.0840108401084
"TCTTTGTAGCATGCAT-1",887,615,0.676437429537768
"TCTTTGTAGCCAGTAT-1",924,654,0.541125541125541
"TCTTTGTAGCTATTAG-1",1847,1181,0.649702219815918
"TCTTTGTAGGTCAAAG-1",1956,1303,0.511247443762781
"TCTTTGTAGGTGCTGC-1",1464,947,0.546448087431694
"TCTTTGTAGTCGCTAG-1",766,572,0.913838120104439
"TGAAACTGTGTTCCCA-1",1110,736,0.810810810810811
"TGAAACTGTTGTTGTC-1",1234,793,0.486223662884927
"TGAACAACAATCCTAG-1",901,643,0.887902330743618
"TGAACAACAGCAACCT-1",3471,1869,1.00835494093921
"TGAACAACAGGCATCT-1",894,657,0.111856823266219
"TGAACAGAGACAACAG-1",1368,876,0.292397660818713
"TGAACAGAGTTGCCTC-1",756,541,0.396825396825397
"TGAAGCAAGAACAAGT-1",1453,1022,1.51410874053682
"TGAAGGATCAAGGACA-1",942,662,1.27388535031847
"TGAAGGATCATTGTCT-1",1170,781,0.94017094017094
"TGAAGGATCCGTAAAC-1",1052,742,0.570342205323194
"TGAAGGATCTCGCCTG-1",1002,734,0.698602794411178
"TGAAGTGAGTGAACAG-1",788,587,0.888324873096447
"TGACCAAGTAAGCTCA-1",1127,778,0.709849157054126
"TGACCAAGTTAAGGTT-1",1145,775,0.960698689956332
"TGACCAAGTTAAGTGT-1",888,628,0.788288288288288
"TGACCAAGTTCACCAT-1",883,645,0.906002265005663
"TGACCTTGTAATCACG-1",1158,808,1.38169257340242
"TGACCTTGTACTTAGG-1",1655,995,0.302114803625378
"TGACCTTGTCTTACTA-1",759,571,0.790513833992095
"TGACCTTGTTAGGTGC-1",859,629,0.814901047729918
"TGACCTTGTTGACTTC-1",1333,893,0.450112528132033
"TGACTCCTCCGTCCAT-1",1121,822,0.356824264049955
"TGACTTAAGACTATTG-1",1452,926,0.895316804407714
"TGACTTAAGGCATTAC-1",1106,757,1.26582278481013
"TGACTTCGTAATGGAA-1",1815,1176,0.385674931129477
"TGACTTCGTACTGAAT-1",917,660,0.436205016357688
"TGACTTCGTCGACTAA-1",801,599,1.24843945068664
"TGAGAACCAAAGGCCA-1",908,585,0.770925110132159
"TGAGAACCAGGCAAGC-1",1471,1011,1.29163834126445
"TGAGCAAAGTTCCTCA-1",2235,1455,1.29753914988814
"TGAGCTTAGCTTTGTT-1",892,619,0.896860986547085
"TGAGGAGGTACTTCAC-1",1033,741,0.193610842207164
"TGAGGAGGTAGGTTAT-1",1500,1063,0.866666666666667
"TGAGGAGGTATTGTCC-1",886,644,0.677200902934537
"TGAGGAGGTTAGTACG-1",838,638,0.596658711217184
"TGAGGCACACATAACT-1",869,623,0.920598388952819
"TGAGGCACAGCACGTT-1",2632,1648,1.17781155015198
"TGAGGCACATAAAGCA-1",1064,755,0.469924812030075
"TGAGGTGCAATCCCTT-1",3014,1752,0.86264100862641
"TGAGTGAAGCGAAGTA-1",809,635,0.741656365883807
"TGAGTGAAGCTCCTTA-1",763,565,0.393184796854522
"TGAGTTTCAAGCGAGC-1",809,615,0.988875154511743
"TGAGTTTCAGCCAGTT-1",783,589,0.255427841634738
"TGATCAATCATTAGTG-1",1058,746,0.945179584120983
"TGATCAATCCAAGTTA-1",4094,2048,1.07474352711285
"TGATCAATCCCGTTTA-1",1112,796,0.359712230215827
"TGATCAATCCTTCTAG-1",1162,815,0.516351118760757
"TGATCAATCGCTATAA-1",2963,1756,0.40499493756328
"TGATCAATCTGGTCCT-1",2854,1507,0.560616678346181
"TGATCAATCTTAAGTG-1",1214,877,0.494233937397035
"TGATCAATCTTTAAGG-1",956,697,1.04602510460251
"TGATCACAGCTATGAC-1",927,683,1.61812297734628
"TGATCACAGGCAATAG-1",1981,1211,1.00959111559818
"TGATCACAGGTAAGGC-1",1116,816,0.896057347670251
"TGATCACAGGTGCTGC-1",1092,803,0.824175824175824
"TGATCAGGTAATCGGC-1",984,754,1.01626016260163
"TGATCAGGTATTACCC-1",2262,1349,0.707338638373121
"TGATGAACAATTTAGC-1",1932,1186,0.56935817805383
"TGATGAACAGGATGGC-1",2221,1435,1.26069338135975
"TGATGAACAGTAAAGC-1",1095,754,0.821917808219178
"TGATGAACATAATTGC-1",1401,894,0.713775874375446
"TGATGACTCCGCCTAT-1",925,717,2.37837837837838
"TGATGACTCCTGAATA-1",1593,952,0.502197112366604
"TGATGACTCCTTAGGG-1",885,643,1.46892655367232
"TGATGATGTGGATTCA-1",1235,847,0.242914979757085
"TGATGATGTTGTTGGA-1",1104,761,0.452898550724638
"TGATTAGTCAACCAAC-1",1591,970,0.817096165933375
"TGATTAGTCATCCTGC-1",1743,1056,0.57372346528973
"TGATTAGTCCTAATAG-1",809,614,1.11248454882571
"TGATTAGTCGATTTGA-1",800,564,0.375
"TGATTAGTCTCACTCA-1",1167,772,0.51413881748072
"TGATTAGTCTTAATGG-1",3461,1883,0.462294134643167
"TGATTCAAGTACTGGT-1",1047,704,0.859598853868195
"TGATTGCAGATACTTG-1",2968,1652,1.28032345013477
"TGATTGCAGCATTTCT-1",1123,765,0.356188780053428
"TGATTGCAGCCTGTTC-1",1064,739,0.37593984962406
"TGATTGCAGTTATGTG-1",2474,1426,0.444624090541633
"TGCAAGCGTAATTAGC-1",1775,1138,0.507042253521127
"TGCAATATCAAGTGAG-1",821,630,0.97442143727162
"TGCAATATCATGAGCT-1",955,677,1.2565445026178
"TGCAATATCATTACAG-1",1196,814,0.585284280936455
"TGCAATATCCGTGACA-1",1598,1026,0.876095118898623
"TGCAATATCGACAAAG-1",809,620,0.123609394313968
"TGCAATATCGTAACGT-1",2614,1374,0.53557765876052
"TGCAATATCGTCCTTA-1",2430,1322,0.699588477366255
"TGCAATATCTTGTCTG-1",1346,907,0.0742942050520059
"TGCACACCATAAGCAA-1",890,591,0.561797752808989
"TGCACACCATAGACCC-1",821,571,0.730816077953715
"TGCACCTTCAAACACC-1",957,643,1.14942528735632
"TGCACCTTCGTTACTT-1",1589,965,0.881057268722467
"TGCACCTTCTTGCATT-1",1011,724,1.68150346191889
"TGCACTTGTGTGTGGT-1",1362,971,0.513950073421439
"TGCACTTGTTCACCAT-1",1949,1277,1.02616726526424
"TGCACTTGTTCCGGGA-1",1122,815,0.802139037433155
"TGCAGGCTCGTTATCT-1",1347,1004,1.03934669636229
"TGCAGGCTCTAACCAA-1",1442,1008,0.624133148404993
"TGCATCCTCAGTTCCC-1",920,647,0.543478260869565
"TGCATCCTCCAAATCA-1",879,602,1.2514220705347
"TGCATCCTCCACCTTA-1",2515,1439,0.47713717693837
"TGCATCCTCCCAGTAG-1",853,593,0.351699882766706
"TGCATCCTCCTCACAC-1",869,602,0.46029919447641
"TGCATCCTCTTAGTGA-1",2399,1398,0.583576490204252
"TGCATCCTCTTGATGA-1",2432,1428,1.43914473684211
"TGCATGAGTGGATTAT-1",1500,1059,1.2
"TGCATGAGTTCACTGT-1",2314,1297,0.691443388072602
"TGCATGAGTTTACTTG-1",1216,816,0.328947368421053
"TGCATTAAGGCAAGTA-1",1129,800,0.620017714791851
"TGCATTAAGGCTATGT-1",1164,805,1.28865979381443
"TGCATTAAGGTTTACA-1",1691,1025,0.65050266114725
"TGCCATTGTACTTCAC-1",936,652,0.641025641025641
"TGCCATTGTCAAGACC-1",763,586,1.04849279161206
"TGCCATTGTCATCCTG-1",1222,776,1.30932896890344
"TGCCATTGTCCTAATC-1",1217,827,0.657354149548069
"TGCCATTGTCCTTCTC-1",1393,894,1.00502512562814
"TGCCATTGTTAGCATG-1",970,664,0.824742268041237
"TGCCGGTAGGATGATG-1",1125,810,1.15555555555556
"TGCCTGTTCAATGACC-1",1549,948,1.09748224661072
"TGCCTGTTCAGCACGC-1",1604,1094,1.24688279301746
"TGCGATTAGGAGTAAT-1",755,561,0.794701986754967
"TGCGATTAGGTCCACA-1",1216,857,1.23355263157895
"TGCGATTAGGTTACGT-1",862,606,0.580046403712297
"TGCGCAGGTCTAGCTT-1",793,635,1.13493064312736
"TGCGCAGGTTCTTTAG-1",781,576,0.384122919334187
"TGCGCAGGTTGTCCAT-1",1092,816,0.54945054945055
"TGCGGTTCAATTAGCT-1",1050,750,0.380952380952381
"TGCGGTTCAATTTAGC-1",1010,696,0.495049504950495
"TGCGGTTCACCATATG-1",1079,794,0.648748841519926
"TGCGGTTCATAAGCAA-1",1050,743,0.571428571428571
"TGCGGTTCATTTGCTC-1",791,615,0.758533501896334
"TGCTAACAGGATAAAC-1",1661,1023,0.481637567730283
"TGCTAACAGGCTTAGT-1",974,725,1.54004106776181
"TGCTAACAGGGACCTC-1",1103,757,0.634632819582956
"TGCTAGCCAATGAATG-1",800,553,1.125
"TGCTAGCCATTTGCTC-1",1412,911,0.354107648725212
"TGCTATGCAGGCCATT-1",2048,1350,2.490234375
"TGCTATGCAGTAGGTG-1",817,618,0.367197062423501
"TGCTCAACAAACCTTG-1",921,627,0.760043431053203
"TGCTCAACAGTTTGTG-1",969,684,0.619195046439629
"TGCTCAACATAGCTTG-1",2641,1584,1.40098447557743
"TGCTCAACATTCCTCG-1",1082,771,0.55452865064695
"TGCTCACTCCGTAAAC-1",828,567,0.603864734299517
"TGCTCACTCGACAAAG-1",871,619,1.49253731343284
"TGCTCACTCGATTTGA-1",1237,858,0.646725949878739
"TGCTCCGTCCTGGTCT-1",1340,953,1.11940298507463
"TGCTCCGTCCTTAGGG-1",798,624,0.6265664160401
"TGCTCTCAGATAAAGC-1",2843,1530,1.61800914526908
"TGCTCTCAGCGATACT-1",946,664,0.317124735729387
"TGCTGGATCACACAGT-1",1456,1006,0.686813186813187
"TGCTGGATCACGTTAA-1",1540,1059,1.1038961038961
"TGCTTAAAGGCAATAG-1",877,611,1.14025085518814
"TGCTTAAAGGTAACGA-1",1146,733,0.43630017452007
"TGCTTCATCAATCATG-1",916,634,1.41921397379913
"TGCTTCATCGCTATAA-1",3742,1959,0.801710315339391
"TGCTTCATCTCAATGA-1",1256,833,1.51273885350318
"TGCTTCCAGGCTAATC-1",1585,1079,1.26182965299685
"TGCTTCCAGTTTAACG-1",1020,685,1.76470588235294
"TGCTTGCTCACATTGA-1",955,620,0.523560209424084
"TGCTTGCTCCAAGTGT-1",828,600,0.36231884057971
"TGCTTGCTCCGTAAAC-1",1058,735,0.378071833648393
"TGCTTGCTCGCATTAA-1",2173,1320,0.690289921767142
"TGCTTGCTCGGGACCT-1",820,680,1.09756097560976
"TGCTTGCTCGTAATCA-1",870,627,1.03448275862069
"TGCTTGCTCTAATCAG-1",1157,757,0.432152117545376
"TGCTTGCTCTATTGTC-1",1490,939,0.671140939597315
"TGCTTGCTCTGTAATG-1",1062,751,0.376647834274953
"TGCTTTAGTATGGTGC-1",3182,1780,0.408548082966688
"TGCTTTAGTCAACAAT-1",1305,809,0.842911877394636
"TGCTTTAGTCCGTAGG-1",792,610,0.378787878787879
"TGCTTTAGTCGTTACT-1",1227,809,0.407497962510187
"TGCTTTAGTTGTTGCT-1",1638,990,0.488400488400488
"TGGAACAAGACTTATG-1",1202,831,0.915141430948419
"TGGACAAAGATGGAGC-1",1139,826,0.351185250219491
"TGGACCGGTCTTACTA-1",1057,688,0.473036896877956
"TGGACCGGTTTATCTG-1",857,640,0.350058343057176
"TGGACTAGTAACCACA-1",1113,768,0.628930817610063
"TGGACTAGTAAGGTTT-1",1333,891,0.750187546886722
"TGGACTAGTCCAAATG-1",1430,893,0.769230769230769
"TGGACTAGTCTTACTA-1",950,662,0.210526315789474
"TGGACTAGTTCGCTTG-1",3803,2040,0.920326058374967
"TGGATTCAGCATGGTT-1",899,663,0.556173526140156
"TGGATTCAGGGTTAGA-1",850,624,0.117647058823529
"TGGATTCAGTTAACCA-1",3437,1790,0.872854233343032
"TGGATTGGTAGTTAAC-1",2569,1512,0.934215648112106
"TGGATTGGTCATAGAT-1",1063,767,0.0940733772342427
"TGGCCAATCATGCATA-1",1133,745,0.794351279788173
"TGGCCAATCATTGTTC-1",1149,784,0.783289817232376
"TGGCCATCAACAACAA-1",982,753,1.52749490835031
"TGGCCATCACATAACT-1",903,604,1.10741971207087
"TGGCCATCACTAAGCC-1",801,620,1.7478152309613
"TGGCCTGCAGTTGCGT-1",906,682,0.772626931567329
"TGGCCTGCAGTTTGGC-1",7834,3407,0.868011233086546
"TGGCCTGCATAAACCT-1",1115,811,0.986547085201794
"TGGCCTGCATCCCGCT-1",753,578,1.06241699867198
"TGGCCTTTCCTCAGCT-1",1122,792,1.06951871657754
"TGGCCTTTCTACCTCA-1",1245,799,1.60642570281124
"TGGCGGTTCCTTCAAT-1",987,730,0.911854103343465
"TGGCTAAGTCACCTAT-1",1993,1171,1.05368790767687
"TGGCTATAGATGGACA-1",1515,1052,0.726072607260726
"TGGCTATAGCACGTTG-1",2314,1484,1.25324114088159
"TGGCTATAGCCTTAAA-1",1338,795,0.822122571001495
"TGGCTATAGGATAAAC-1",945,674,1.16402116402116
"TGGCTATAGGGATGAC-1",815,625,1.47239263803681
"TGGCTATAGGTAGCTT-1",879,619,1.02389078498294
"TGGCTATAGGTCCGTA-1",802,586,0.623441396508728
"TGGCTATAGTCAATCA-1",2292,1306,0.479930191972077
"TGGCTTTGTTCATTTG-1",893,641,0.671892497200448
"TGGCTTTGTTTGGTTC-1",3348,1880,0.29868578255675
"TGGGCATGTACGGTAC-1",837,626,1.3142174432497
"TGGGCATGTTGGTGAC-1",911,668,0.439077936333699
"TGGTAAACAAGTTATC-1",3616,1900,0.497787610619469
"TGGTAAACAATGAATG-1",6776,2825,0.900236127508855
"TGGTAAACAGCAGGTA-1",2919,1655,0.548132922233642
"TGGTCAAGTCTAACAG-1",1993,1284,0.602107375815354
"TGGTCAAGTTAGTTGG-1",913,640,0.547645125958379
"TGGTCAAGTTGGTTAG-1",1151,806,0.695047784535187
"TGGTCAAGTTTGGGTA-1",1683,1103,0.5941770647653
"TGGTCAGTCACTAGGT-1",1038,728,0.385356454720617
"TGGTCAGTCCACCTGT-1",923,678,0.216684723726977
"TGGTCAGTCGCAAACT-1",2057,1295,0.729217306757414
"TGGTCAGTCTCACATT-1",869,655,0.575373993095512
"TGGTCAGTCTTGTCTG-1",772,600,0.259067357512953
"TGGTCATAGACTCGCA-1",1230,854,0.56910569105691
"TGGTCATAGCACTAGT-1",1394,914,0.502152080344333
"TGGTCATAGCCAAATC-1",1327,956,1.05501130369254
"TGGTCATAGCTGAGGG-1",1031,802,1.7458777885548
"TGGTCATAGTAAGTCC-1",1751,1108,0.456881781838949
"TGGTCCTTCCTGATGG-1",820,585,1.34146341463415
"TGGTCCTTCTTAGCGG-1",1197,857,1.33667502088555
"TGGTGATTCCCTGATC-1",2207,1353,0.6343452650657
"TGGTGATTCGCTAGCA-1",1340,928,0.522388059701493
"TGGTGATTCGTCATTT-1",3156,1616,0.633713561470215
"TGGTGCATCTCCTCTT-1",2695,1439,0.630797773654917
"TGGTGCATCTGGTCCT-1",1335,944,0.674157303370786
"TGGTTAATCCATAATG-1",1574,1054,0.635324015247776
"TGGTTAATCCATCAGG-1",1211,811,0.165152766308836
"TGGTTAATCTCACTCA-1",1918,1186,0.469238790406674
"TGGTTAATCTTAGTGA-1",969,643,0.619195046439629
"TGGTTCCTCAATGTGC-1",880,638,1.02272727272727
"TGGTTCCTCATCCTCA-1",1156,834,1.47058823529412
"TGGTTCCTCCAAGTTA-1",2412,1450,0.746268656716418
"TGGTTCCTCCTACCTA-1",828,567,0.72463768115942
"TGGTTCCTCGCCTAAG-1",1161,840,1.55038759689922
"TGGTTCCTCTAACTGA-1",1009,772,0.0991080277502478
"TGGTTCCTCTTGGATA-1",1242,833,1.44927536231884
"TGGTTCTGTCCTAATC-1",914,609,0.547045951859956
"TGGTTCTGTCCTAGTT-1",1052,696,0.190114068441065
"TGGTTCTGTGATTACG-1",2982,1742,0.603621730382294
"TGGTTCTGTGTAACCA-1",891,635,1.34680134680135
"TGGTTCTGTGTTGCTT-1",1612,980,0.310173697270472
"TGGTTCTGTTACATCC-1",1033,733,0.290416263310745
"TGGTTCTGTTTGGGTA-1",1021,699,0.29382957884427
"TGGTTGAGTAAACAAG-1",1197,871,1.83792815371763
"TGGTTGAGTAAGGTCC-1",1712,1099,0.467289719626168
"TGGTTGAGTCAACAAT-1",1027,701,0.292112950340798
"TGGTTGAGTGCTGTAA-1",989,778,0.404448938321537
"TGTAAAGCATCTAGCA-1",1224,816,0.571895424836601
"TGTAACTCAAACCTAT-1",962,691,1.14345114345114
"TGTAACTCACCAGCAT-1",1605,1115,0.934579439252336
"TGTAAGCTCCTCCCTC-1",1300,979,0.692307692307692
"TGTAAGTGTTTGGCGG-1",1023,762,0.977517106549365
"TGTATCCGTATTGGTG-1",994,732,0.905432595573441
"TGTATCCGTCATGAGC-1",819,612,2.44200244200244
"TGTATCCGTTAGAGGG-1",898,653,1.0022271714922
"TGTATCCGTTCCTCCT-1",1733,1192,1.09636468551645
"TGTATCCGTTGGTTAG-1",1002,715,0.199600798403194
"TGTCAATCAGATAGAC-1",1054,767,0.284629981024668
"TGTCAGTAGCACTAGT-1",752,581,0.930851063829787
"TGTCCTGGTCAGTAAT-1",1064,762,0.657894736842105
"TGTCCTTCAATTGAAG-1",844,586,1.8957345971564
"TGTCCTTCACCTCAGG-1",1064,841,1.40977443609023
"TGTCCTTCAGTTATGT-1",2141,1288,0.560485754320411
"TGTGAAACAACCTAAT-1",808,588,1.60891089108911
"TGTGAAACAATTGAGA-1",947,687,1.3727560718057
"TGTGAAACACCGGCTA-1",921,714,1.085776330076
"TGTGAAACAGCAATAA-1",927,662,0.539374325782093
"TGTGAAACAGGTTACC-1",870,635,0.344827586206897
"TGTGAAACATTAAGCT-1",1420,945,0.422535211267606
"TGTGATCAGGAACACA-1",1464,952,0.204918032786885
"TGTGATCAGTTAGAGG-1",1230,867,0.813008130081301
"TGTGATCAGTTCCTCA-1",851,639,0.705052878965923
"TGTGCAAGTATCTGGA-1",1689,1126,0.651272942569568
"TGTGCGCAGTTTGGGT-1",860,674,0.697674418604651
"TGTGGCCAGTGCTGTG-1",834,656,2.27817745803357
"TGTGGCTCAATTAGCT-1",2255,1389,0.665188470066519
"TGTGGCTCACTAAGAA-1",800,634,1.5
"TGTGTTAAGCTATATG-1",1130,780,0.619469026548673
"TGTGTTAAGGAGGTTA-1",1569,1045,0.127469725940089
"TGTGTTAAGTATTGGC-1",1115,807,0.717488789237668
"TGTGTTAAGTTGGGCC-1",1165,854,1.03004291845494
"TGTTACTTCAAGCTTA-1",791,595,0.252844500632111
"TGTTACTTCCTCATGC-1",780,589,1.02564102564103
"TGTTACTTCGTTAACA-1",1263,892,1.10847189231987
"TGTTAGCAGACTATTG-1",752,588,0.664893617021277
"TGTTAGCAGACTTATG-1",952,684,1.68067226890756
"TGTTATGAGTCAATCA-1",1257,889,1.03420843277645
"TGTTGCACATGTTTGG-1",845,618,1.06508875739645
"TGTTGTAAGCGGATTT-1",766,604,0.522193211488251
"TGTTGTGCAGGAACAT-1",827,634,0.846432889963724
"TGTTGTGCATAGACTT-1",868,637,0.460829493087558
"TGTTGTTTCTCTAGCC-1",2354,1438,0.892098555649957
"TGTTTGTTCATGGTTA-1",2139,1313,0.935016362786349
"TGTTTGTTCCGTAAAC-1",2379,1541,0.672551492223623
"TGTTTGTTCTTTAGGA-1",1887,1255,0.476947535771065
"TTAAAGGCAAAGCGCA-1",1093,800,0.457456541628545
"TTAAAGGCAAGGTATA-1",835,611,0.359281437125749
"TTAAAGGCACATAGCC-1",1433,982,0.976971388695045
"TTAAAGGCACCTGCTC-1",1005,779,0.696517412935323
"TTAAAGGCATTCCTCG-1",928,626,0.21551724137931
"TTAACCAAGACACTTA-1",1696,994,0.707547169811321
"TTAACTGAGACAAAGT-1",1621,1061,0.67859346082665
"TTAACTGAGGTCCGTA-1",873,672,0.343642611683849
"TTAAGGACAATAAGCA-1",938,641,0.213219616204691
"TTAAGGACAATAATGG-1",1018,699,0.196463654223969
"TTAAGGACAATAGCAA-1",1669,1091,0.718993409227082
"TTAAGGACAATAGCCC-1",1893,1246,0.792393026941363
"TTAAGGACACAACCTA-1",980,689,0.918367346938776
"TTAAGGACAGCCTAAC-1",1781,1156,0.617630544637844
"TTAAGGACAGGAACAT-1",881,627,0.908059023836549
"TTAAGGTGTACTTAGG-1",778,570,0.6426735218509
"TTAAGGTGTTCACCAT-1",1127,805,0.976042590949423
"TTAAGGTGTTTCGCCA-1",899,666,0.444938820912125
"TTAAGTGTCCTCGATC-1",886,662,0.338600451467269
"TTAATCGAGACTATTG-1",2403,1359,0.873907615480649
"TTAATCGAGGGCTTAT-1",1124,790,0.711743772241993
"TTAATCGAGGTCCAAT-1",1107,756,0.2710027100271
"TTACACCGTAGCTGCG-1",776,592,0.902061855670103
"TTACACCGTAGGTGTC-1",1279,859,0.938232994526974
"TTACACCGTTAGCAGC-1",3444,1922,1.07433217189315
"TTACACCGTTGGTTCT-1",1363,844,0.807043286867205
"TTACAGCAGATGGACA-1",765,550,0.522875816993464
"TTACAGCAGCACTAGT-1",794,545,0.755667506297229
"TTACAGCAGTAAGTGG-1",813,603,1.7220172201722
"TTACAGCAGTTAGCTA-1",1570,960,1.21019108280255
"TTACCGTGTCTATCGT-1",977,688,0.614124872057318
"TTACCGTGTTGCTGGG-1",1796,1238,1.05790645879733
"TTACCGTGTTTAACGG-1",887,630,0.56369785794814
"TTACCGTGTTTAGCTC-1",1060,739,0.754716981132076
"TTACCTGTCACACAGT-1",1533,1010,0.326157860404436
"TTACCTGTCACTCAAA-1",1517,935,0.922874093605801
"TTACCTGTCATCGTTT-1",3645,1742,0.768175582990398
"TTACCTGTCGCTAGAT-1",923,486,0.75839653304442
"TTACCTGTCGGCCATA-1",1002,719,0.698602794411178
"TTACGTTTCACGCATG-1",980,680,0.816326530612245
"TTACGTTTCCAATTAG-1",792,528,0.378787878787879
"TTAGAAGCAACAGGAT-1",1555,957,0.578778135048232
"TTAGAAGCAGTTTACG-1",1033,734,0.387221684414327
"TTAGAAGCATAGTCAT-1",898,643,0.66815144766147
"TTAGAAGCATTGCGGT-1",1418,990,0.77574047954866
"TTAGACTCAACTCGCG-1",2077,1326,0.625902744342802
"TTAGACTCACAGAAAC-1",1499,915,0.133422281521014
"TTAGACTCACCATATG-1",1061,722,0.377002827521206
"TTAGACTCACGCAACT-1",1221,755,0.245700245700246
"TTAGACTCAGCAAATA-1",1011,693,0.494559841740851
"TTAGACTCAGCATGAG-1",763,543,0.131061598951507
"TTAGACTCATTAGCCA-1",1224,776,1.06209150326797
"TTAGCAATCAATGTCA-1",1943,1087,0.36026762738034
"TTAGCAATCCCTCAGT-1",1455,919,0.343642611683849
"TTAGCAATCCTCAGCT-1",1231,852,0.487408610885459
"TTAGCAATCGGTTTCC-1",970,727,0.721649484536082
"TTAGCAATCTTGATGA-1",1495,951,0.267558528428094
"TTAGCAGGTACCGGAT-1",949,714,0.737618545837724
"TTAGCAGGTACGTTTC-1",830,607,0.602409638554217
"TTAGCAGGTCACCAAA-1",1165,821,0.257510729613734
"TTAGCAGGTTACTAGG-1",839,595,1.07270560190703
"TTAGCCTGTCCGCTGT-1",844,598,0.23696682464455
"TTAGCCTGTGGTGAGA-1",4867,2573,1.13005958495993
"TTAGCCTGTGTGCACG-1",815,581,0
"TTAGCCTGTGTTGCAA-1",912,645,1.09649122807018
"TTAGCCTGTGTTGTAG-1",1337,925,0.523560209424084
"TTAGCTGCAAGGTCCT-1",834,619,0.239808153477218
"TTAGCTGCACACAATT-1",801,583,0.124843945068664
"TTAGCTGCAGTAATAG-1",1188,793,0.420875420875421
"TTAGGAACAAGCTAAA-1",922,682,0.433839479392625
"TTAGGAACAAGGCCAA-1",1981,1314,0.403836446239273
"TTAGGAACAATTTAGC-1",989,675,0.808897876643074
"TTAGGAACACATTAAC-1",1615,1040,0.743034055727554
"TTAGGAACAGCATGAG-1",1141,841,0.175284837861525
"TTAGGAACAGGATAAC-1",759,542,0.527009222661397
"TTAGGAACATAATTGC-1",1584,955,0.757575757575758
"TTAGGAACATTCCTCG-1",3452,1852,0.434530706836616
"TTAGGATGTGGGTACT-1",1014,696,0.591715976331361
"TTAGGATGTTCCGGGA-1",760,541,0
"TTAGGCCCAAATTGCT-1",1697,1021,0.353565114908662
"TTAGGCCCAATCCTAG-1",1089,709,0.918273645546373
"TTAGGCTAGGTCGAGG-1",1870,1219,0.909090909090909
"TTAGGCTAGGTGAAAT-1",1241,844,1.04754230459307
"TTAGGCTAGTTGGGCC-1",1335,949,0.674157303370786
"TTAGTCAAGCAACATC-1",962,707,0.831600831600832
"TTAGTCAAGTTAACCA-1",1775,1110,0.28169014084507
"TTATAGCCAAATTCGT-1",874,635,0.91533180778032
"TTATAGCCACAGAACG-1",1167,804,1.11396743787489
"TTATAGCCAGAACCGA-1",988,696,1.21457489878543
"TTATCCGTCTTGGATA-1",949,695,0.526870389884089
"TTATCCTAGCAATAGG-1",1264,876,0.237341772151899
"TTATCCTAGCTGAGGG-1",776,600,1.03092783505155
"TTATCCTAGGATAAAC-1",1145,719,0.436681222707424
"TTATGACCAGATAGAC-1",2809,1570,1.42399430402278
"TTATGACCAGGCATCT-1",1367,885,0.950987564008778
"TTATGACCAGTAAAGC-1",752,578,0.531914893617021
"TTATGACCATGCTCCC-1",974,682,1.3347022587269
"TTATGACCATGTCAAT-1",4253,2240,1.19915353867858
"TTATGCGCAAGACTCC-1",3196,1787,1.59574468085106
"TTATGCGCAATAACGA-1",916,641,0.655021834061135
"TTATTGCTCACAGCGC-1",2248,1479,2.3576512455516
"TTATTGCTCAGCAAGA-1",1128,804,0.975177304964539
"TTATTGCTCCTTCAAT-1",5546,2346,0.775333573746845
"TTATTGCTCTAGCGAT-1",1021,702,0.783545543584721
"TTATTGCTCTATCGCC-1",1114,738,1.8850987432675
"TTCAACCGTAAGGTTT-1",1122,743,0.623885918003565
"TTCAACCGTACTGAAT-1",1582,993,0.316055625790139
"TTCAACCGTAGCAGCT-1",950,669,0.210526315789474
"TTCAACCGTCACCAAA-1",917,644,0.763358778625954
"TTCAACCGTGATGGCT-1",1252,856,0.718849840255591
"TTCAACCGTTACAAAC-1",1301,841,0.768639508070715
"TTCAACCGTTTGCGCC-1",892,669,1.90582959641256
"TTCACTGTCAAGCCTG-1",2857,1685,1.50507525376269
"TTCACTGTCAATAGCC-1",1665,1040,1.26126126126126
"TTCACTGTCAGGAACA-1",1972,1307,0.912778904665314
"TTCACTGTCATGCAAC-1",1665,1054,1.38138138138138
"TTCACTGTCCTAATAG-1",1223,841,0.899427636958299
"TTCACTGTCGACAAAG-1",1025,700,0.682926829268293
"TTCAGCACACAAACTT-1",2064,1130,0.62984496124031
"TTCAGCACACCAGCAT-1",996,695,0.803212851405622
"TTCAGGTAGGCTACAT-1",1358,890,0.736377025036819
"TTCAGGTAGGTAACGA-1",2878,1656,0.660180681028492
"TTCAGGTAGTTATCTC-1",872,638,0.344036697247706
"TTCAGTTTCAATGAGG-1",889,598,0.337457817772778
"TTCAGTTTCCTGGTGA-1",971,698,0.205973223480947
"TTCAGTTTCGATTATG-1",2669,1370,0.936680404645935
"TTCAGTTTCTACTAAG-1",1740,994,0.172413793103448
"TTCAGTTTCTTTGTAC-1",1667,1118,1.1997600479904
"TTCATCCCAAGCTTAT-1",1225,787,1.22448979591837
"TTCATCCCAATTGAAG-1",999,694,1.3013013013013
"TTCATCCCACAATGCC-1",1158,751,0.949913644214162
"TTCATCCCATTGCGTA-1",2590,1566,1.38996138996139
"TTCATTCAGACAACGA-1",1026,708,0.682261208576998
"TTCATTCAGCCACAAT-1",5064,2293,0.928120063191153
"TTCATTCAGCCTAACG-1",1510,977,0.993377483443709
"TTCATTCAGTATTGCA-1",2563,1380,0.507218103784627
"TTCCACGGTACCAGGT-1",2129,1323,1.3621418506341
"TTCCACGGTTACCGGG-1",924,676,0.432900432900433
"TTCCACGGTTATCCGT-1",868,635,0.806451612903226
"TTCCCACAGAACCTGT-1",898,611,0.334075723830735
"TTCCCACAGCAGCTCA-1",993,701,1.00704934541793
"TTCCCACAGTTATTCC-1",2287,1218,1.26803672933975
"TTCCCGCCACTTGTTC-1",1851,1118,0.810372771474878
"TTCCTCAAGCTAATCA-1",1991,1132,0.552486187845304
"TTCCTCAAGCTGTAAC-1",1087,719,0.919963201471941
"TTCCTCAAGGCCAATT-1",1031,713,0.484966052376334
"TTCCTCAAGGTCCACA-1",1247,833,1.04250200481155
"TTCCTCAAGTGGACAA-1",1558,1027,0.834403080872914
"TTCCTCAAGTTAGTTG-1",988,695,0.404858299595142
"TTCCTCAAGTTGTCCC-1",910,673,0.769230769230769
"TTCCTTCTCGCTAGCA-1",1775,1018,0.563380281690141
"TTCCTTCTCGTTATCT-1",2155,1216,0.696055684454756
"TTCCTTCTCTAATCTC-1",1375,833,0.872727272727273
"TTCCTTCTCTGTGCAG-1",1357,837,0.442151805453206
"TTCCTTGAGACACTTA-1",2380,1374,0.630252100840336
"TTCCTTGAGCATTAGC-1",1316,855,0.911854103343465
"TTCCTTGAGTGAACCT-1",1396,918,0.859598853868195
"TTCGCAACAACTGGGA-1",1363,936,0.880410858400587
"TTCGCAACATGTTGCA-1",1123,810,1.06856634016028
"TTCGGTACACCTCACC-1",1646,1059,0.789793438639125
"TTCGGTACATAAAGCA-1",956,680,0.523012552301255
"TTCGGTACATCAATCG-1",1726,1125,1.5063731170336
"TTCGGTACATCAGTAT-1",2653,1528,0.603090840557859
"TTCGTGCTCCTAGTTT-1",2565,1438,0.779727095516569
"TTCGTGCTCGTTATAG-1",2796,1663,0.822603719599428
"TTCGTTAGTACGGTAC-1",4403,2328,0.885759709289121
"TTCGTTAGTACGTTTC-1",1338,907,0.597907324364723
"TTCGTTAGTCACACCC-1",915,651,0.765027322404372
"TTCGTTAGTCATCCTG-1",1812,1109,0.551876379690949
"TTCGTTAGTCCTTTAA-1",1109,781,1.08205590622182
"TTCGTTAGTTAATGCG-1",1145,776,1.1353711790393
"TTCGTTAGTTACTTGC-1",1016,674,0.78740157480315
"TTCGTTAGTTTATCGC-1",3697,1877,0.757370841222613
"TTCTTAGGTAAGCTTG-1",1036,745,0.675675675675676
"TTCTTAGGTAATCCCT-1",1997,1164,0.100150225338007
"TTGACATCAGCATTAT-1",1673,992,1.19545726240287
"TTGACATCAGCCTAAC-1",1120,702,1.33928571428571
"TTGACATCAGGCTGTT-1",1070,749,0.841121495327103
"TTGACATCAGGTCCTG-1",963,714,0.623052959501558
"TTGACATCAGTGAACG-1",913,654,0.876232201533406
"TTGACGTAGTTGTCTT-1",1330,872,1.2781954887218
"TTGACTAAGGAATAAC-1",1040,771,0.384615384615385
"TTGACTAAGTAAGAAC-1",1154,836,0.606585788561525
"TTGACTAAGTTATTCC-1",1849,1140,0.703082747431044
"TTGAGCTAGCTAATCA-1",2569,1611,1.4791747761775
"TTGATGTCAGGCATGA-1",1375,918,0.872727272727273
"TTGCAACAGACAAAGT-1",814,565,0.85995085995086
"TTGCAACAGCCAGTAT-1",1343,879,0.670141474311243
"TTGCAACAGCTGTCAG-1",997,671,0.501504513540622
"TTGCAACAGCTTTGTT-1",949,659,1.36986301369863
"TTGCAACAGTTTGGTA-1",948,648,0.316455696202532
"TTGCAAGGTACTGAAT-1",1409,922,0.78069552874379
"TTGCAAGGTCCTTAGT-1",879,645,0.910125142207053
"TTGCAAGGTTCATCTA-1",1291,807,0.0774593338497289
"TTGCAATCAAACGCGA-1",862,663,1.16009280742459
"TTGCAATCAAGCTACC-1",895,666,0.670391061452514
"TTGCAATCAAGGATTA-1",1131,790,0.707338638373121
"TTGCAATCACTTCATC-1",2689,1402,0.557828188917813
"TTGCAATCATGCTATG-1",1791,1026,1.89838079285315
"TTGCAATCATTAGGCC-1",1440,858,0.763888888888889
"TTGCACACACTAAGAA-1",1278,851,0.782472613458529
"TTGCACACATAAGCAA-1",1352,823,0.29585798816568
"TTGCACACATTAGCCA-1",1201,852,0.999167360532889
"TTGCATTTCCCTCAAC-1",1522,918,0.854139290407359
"TTGCATTTCCCTGGTT-1",1883,1007,1.11524163568773
"TTGCATTTCCTTTACG-1",1083,712,1.2927054478301
"TTGCCCGTCAATCTAG-1",1535,972,0.651465798045603
"TTGCCCGTCATCAGTA-1",898,662,0.556792873051225
"TTGCCCGTCATTTAGG-1",876,672,0.91324200913242
"TTGCGAGTCAGCATTA-1",1138,819,0.70298769771529
"TTGCTCTCAATCCTAG-1",4311,2093,0.835073068893528
"TTGCTCTCACGTGCTG-1",820,642,0.853658536585366
"TTGCTTAGTATTACCC-1",2164,1235,0.508317929759704
"TTGCTTTAGACAAGTG-1",1149,814,0.870322019147084
"TTGCTTTAGCCAGTAT-1",1321,898,1.13550340651022
"TTGCTTTAGTGAGGTA-1",1283,890,0.233826968043648
"TTGGAGGCAGCATTAT-1",808,598,0.495049504950495
"TTGGATATCAGTATTG-1",2643,1452,0.643208475217556
"TTGGATATCATGCATA-1",1059,723,0.755429650613787
"TTGGATATCATGCTTT-1",3993,1891,0.525920360631104
"TTGGATATCGATTTGA-1",901,689,0.443951165371809
"TTGGATATCTGCAACG-1",890,629,0.561797752808989
"TTGGATCAGCCTGACA-1",893,682,0.783874580067189
"TTGGATCAGGCCATCA-1",1531,1019,0.587851077726976
"TTGGATCAGTGTTGTA-1",1754,1157,0.513112884834664
"TTGGATCAGTTATGTG-1",1236,816,0.485436893203883
"TTGGCTACACAGACTC-1",1863,1148,1.07353730542136
"TTGGCTACACCAGCAT-1",845,587,0.118343195266272
"TTGGCTACACTATGGC-1",1573,998,1.20788302606484
"TTGGCTACAGGTTCAC-1",1142,802,1.31348511383538
"TTGGCTACAGTTAGCC-1",785,581,1.14649681528662
"TTGGCTACATAAGTCT-1",2618,1419,0.496562261268144
"TTGGCTACATCCATCT-1",1179,779,0.593723494486853
"TTGGCTACATCGTTCT-1",1794,1089,0.780379041248606
"TTGGCTACATTGACAT-1",1730,1018,0.578034682080925
"TTGGCTACATTTGCTC-1",1431,936,0.978336827393431
"TTGGCTGAGGCATTGT-1",1014,745,0.788954635108481
"TTGGCTGAGTTTGTCT-1",771,590,0.259403372243839
"TTGGCTTGTAGCCTCC-1",754,584,1.19363395225464
"TTGGCTTGTATTGTGG-1",1750,1033,0.971428571428571
"TTGGCTTGTGATTTGG-1",1140,801,0.526315789473684
"TTGGGCCAGGTAACGA-1",1258,919,1.66931637519873
"TTGGGCGGTTAACGAT-1",1350,967,1.33333333333333
"TTGGGTTAGGCAAGTA-1",1624,1073,0.554187192118227
"TTGGGTTAGGCATGAA-1",946,692,0.634249471458774
"TTGGGTTAGGCTACAT-1",924,659,0.324675324675325
"TTGGGTTAGGTAAGCA-1",1976,1277,0.55668016194332
"TTGGGTTAGGTAGCTT-1",1187,863,1.09519797809604
"TTGGTGAGTTAGGCTA-1",906,657,0.441501103752759
"TTGGTGAGTTATGTGG-1",864,621,0.694444444444444
"TTGGTGAGTTTGGGTA-1",953,701,0.104931794333683
"TTGTAAGTCAGCAAAG-1",993,757,0.201409869083585
"TTGTAAGTCATTAGTG-1",1060,737,0.754716981132076
"TTGTAAGTCCAAATCA-1",778,565,0.6426735218509
"TTGTAAGTCCATAAGC-1",1171,787,0.170794192997438
"TTGTAAGTCGCAAACT-1",1403,966,0.641482537419815
"TTGTAAGTCGCTTCTA-1",1223,690,1.06295993458708
"TTGTCAAAGCCTAACG-1",3941,2017,1.04034509007866
"TTGTCAAAGTAAGTGG-1",1053,730,0.854700854700855
"TTGTCCATCATAACCA-1",1863,1187,0.483091787439614
"TTGTCCATCATTGCAA-1",1439,901,0.833912439193885
"TTGTCCATCCTCCATA-1",1554,1022,0.579150579150579
"TTGTCCATCGCAAACT-1",785,581,1.40127388535032
"TTGTCCATCGTTACTT-1",1466,931,0.34106412005457
"TTGTCCATCTGTTGCC-1",1147,802,0.4359197907585
"TTGTCCGGTATACTGG-1",1041,707,0.96061479346782
"TTGTCCGGTATTGTGG-1",4269,2207,0.491918482080112
"TTGTCCGGTGATCAGC-1",1568,1119,0.956632653061224
"TTGTGAGGTATTACCC-1",1900,1202,1.15789473684211
"TTGTGAGGTTACAACG-1",765,550,0.784313725490196
"TTGTGCCTCATTACTC-1",1119,769,3.2171581769437
"TTGTGCCTCCTAAGTA-1",1055,759,0.568720379146919
"TTGTGCCTCGATATTG-1",1064,763,1.40977443609023
"TTGTGCCTCGCTAGTG-1",2338,1464,2.26689478186484
"TTGTGCCTCTAGCTAA-1",1434,1004,2.58019525801953
"TTGTGTGCAAGATTCT-1",1995,1291,0.75187969924812
"TTGTGTGCAATAATGG-1",1010,709,0.495049504950495
"TTGTGTGCACATAGCC-1",1359,943,1.69242089771891
"TTGTTCCCACTTCATC-1",2099,1196,1.23868508813721
"TTGTTCCCAGAAACGT-1",2874,1607,1.1830201809325
"TTGTTCCCAGTGAACG-1",856,621,1.28504672897196
"TTGTTCCCATAATCAC-1",1818,1109,1.21012101210121
"TTGTTCCCATGGCCTG-1",788,637,0.50761421319797
"TTGTTGTTCACAGACT-1",1014,663,0.493096646942801
"TTGTTGTTCATTTAGG-1",905,608,0.331491712707182
"TTGTTGTTCGTTTCTG-1",1986,1288,0.302114803625378
"TTTAACCTCACTCAAA-1",1514,941,1.25495376486129
"TTTAACCTCTGTAAGC-1",2030,1220,0.443349753694581
"TTTAACCTCTTAGTGA-1",3475,1747,0.575539568345324
"TTTAACCTCTTGGACG-1",1003,667,1.09670987038883
"TTTAACGAGATGCCTG-1",923,654,0.975081256771398
"TTTAACGAGGAATAAC-1",4826,2433,0.559469539991712
"TTTAACGAGTAAAGGT-1",778,594,1.02827763496144
"TTTAACGAGTAACCAC-1",1159,721,0.345125107851596
"TTTAACGAGTCACCTC-1",1050,717,1.04761904761905
"TTTAACGAGTTATTCC-1",2367,1327,0.506970849176172
"TTTAAGCCAACCTGGT-1",1261,869,0.63441712926249
"TTTAAGCCAATACTGT-1",3053,1693,0.524074680641991
"TTTAAGCCAATGAGGT-1",919,661,0.979325353645267
"TTTAAGCCACAGCCAT-1",766,540,1.82767624020888
"TTTAAGCCAGAAACGT-1",1344,895,0.446428571428571
"TTTAAGCCAGGATTAA-1",1110,796,0.630630630630631
"TTTAAGCCAGGCTAGA-1",778,565,1.2853470437018
"TTTAAGGTCTTTGACT-1",3779,2046,1.27017729558084
"TTTACGAAGTGATTCA-1",1270,859,0.551181102362205
"TTTAGCTTCCCTCGCA-1",1091,730,0.183318056828598
"TTTAGCTTCGATTCTT-1",1628,1036,0.85995085995086
"TTTAGCTTCGTTTCTG-1",863,565,0.695249130938586
"TTTAGCTTCTTAGGGT-1",1327,856,0.753579502637528
"TTTAGGATCCTTCAAT-1",1256,857,0.71656050955414
"TTTCACCCAAGGTATA-1",1260,828,0.714285714285714
"TTTCACCCACTTGTTC-1",1509,923,0.596421471172962
"TTTCACCCAGGCTACT-1",1569,971,0.573613766730402
"TTTCACCCATAAGTCT-1",1630,1003,0.858895705521472
"TTTCACCCATAATCCG-1",1689,974,0.29603315571344
"TTTCAGTTCACGCCAA-1",1323,904,1.05820105820106
"TTTCAGTTCAGCCAAT-1",1047,798,0
"TTTCAGTTCATCCTCA-1",1488,909,0.672043010752688
"TTTCAGTTCGTAATCA-1",1177,842,0.679694137638063
"TTTCAGTTCTCTAGCC-1",1442,884,0.416088765603329
"TTTCATCAGGTTACAC-1",2453,1406,0.529963310232369
"TTTCATCAGTTCCTCA-1",2218,1404,0.541027953110911
"TTTCCACCAAACGGGC-1",859,634,0.814901047729918
"TTTCCACCAACTAACT-1",1476,898,0.203252032520325
"TTTCCGGGTTCATCTA-1",848,626,0.471698113207547
"TTTCCTGAGGCCCAGT-1",2521,1590,0.833002776675922
"TTTCCTGAGGGTTAGA-1",1954,1230,0.716479017400205
"TTTCCTGAGGTAGCTT-1",828,585,0.36231884057971
"TTTCCTGAGTAACTCA-1",1027,681,0.778967867575463
"TTTCCTGAGTTATGGC-1",3266,1785,1.01041028781384
"TTTCGTCCACGGTTTA-1",1477,960,0.541638456330399
"TTTCGTCCATCATGTG-1",1969,1205,0.964956830878619
"TTTCGTCCATGAAGTA-1",997,667,0.702106318956871
"TTTCTCACAACCCTAA-1",1605,929,0.311526479750779
"TTTCTCACACATTAAC-1",2651,1573,0.792153904187099
"TTTCTCACACCTCAGG-1",867,586,0.346020761245675
"TTTCTCACACTAAATC-1",4673,2065,0.877380697624652
"TTTCTCACAGCACCAT-1",1746,1158,0.400916380297824
"TTTCTCACATCCTGAA-1",2565,1484,0.584795321637427
"TTTCTCACATGCATAT-1",1242,817,0.805152979066022
"TTTCTTGCAGGGAGCT-1",1935,1302,0.723514211886305
"TTTCTTGCATCCCTCA-1",799,587,1.00125156445557
"TTTGACCGTAATCGGC-1",798,577,0.6265664160401
"TTTGACCGTAATTAGC-1",3428,1921,0.845974329054842
"TTTGACCGTCTCAGCC-1",1423,1001,1.33520730850316
"TTTGACCGTTATGTGG-1",847,598,0.826446280991736
"TTTGACTTCAAGACTC-1",1637,1046,2.07697006719609
"TTTGACTTCCCTCTAA-1",1064,688,0.37593984962406
"TTTGACTTCCTCACTA-1",1301,844,0.845503458877786
"TTTGACTTCGTTACTT-1",1217,838,0.328677074774035
"TTTGACTTCGTTAGTA-1",879,633,0.68259385665529
"TTTGAGTCAGATTCAT-1",1378,913,0.943396226415094
"TTTGAGTCAGGCTAGA-1",959,702,0.625651720542232
"TTTGAGTCATCCCTCA-1",1382,867,0.217076700434153
"TTTGAGTCATGCATAT-1",873,610,1.03092783505155
"TTTGCATTCACCAATA-1",1199,836,1.25104253544621
"TTTGCATTCCAACTGG-1",870,663,0.919540229885057
"TTTGCATTCCTCATGC-1",1079,763,0.741427247451344
"TTTGCATTCCTTCGTA-1",2006,1219,0.648055832502493
"TTTGCATTCTCACAAA-1",1580,940,0.506329113924051
"TTTGCATTCTTGACCC-1",1045,686,1.5311004784689
"TTTGCGACATTAAGTC-1",1146,790,0.349040139616056
"TTTGCGACATTATGAC-1",1796,1168,1.44766146993318
"TTTGCGACATTGCAGC-1",903,681,1.10741971207087
"TTTGCGGAGTCATTTC-1",1522,1043,1.1826544021025
"TTTGGCTGTACCTTAC-1",1878,1054,0.479233226837061
"TTTGGCTGTCAGTAAT-1",2804,1560,0.427960057061341
"TTTGGCTGTCATCATC-1",1020,711,1.66666666666667
"TTTGGCTGTTCCATTA-1",1099,714,0.727934485896269
"TTTGGCTGTTTACTTG-1",1163,752,0.257953568357696
"TTTGGCTGTTTGGTTC-1",1337,837,0.448765893792072
"TTTGGTAAGCACTAAC-1",1327,929,0.753579502637528
"TTTGGTAAGGTCCGTA-1",2949,1739,1.01729399796541
"TTTGGTGCAATCCTAG-1",1217,811,0.821692686935086
"TTTGGTGCACGGTACT-1",1737,1096,0.402993667242372
"TTTGGTGCAGCCAGTT-1",1071,764,1.02707749766573
"TTTGGTGCATCCATCT-1",5931,2507,1.07907604113977
"TTTGGTGCATGCTATG-1",947,660,0.422386483632524
"TTTGTCCCAGCCAGTT-1",934,682,0.642398286937901
"TTTGTCCCAGCTCAAC-1",837,639,1.194743130227
"TTTGTCCCAGTCTAGC-1",1246,877,1.12359550561798
"TTTGTCCCAGTTTCTC-1",1178,720,0.594227504244482
"TTTGTCCCATAGCTGC-1",795,538,1.13207547169811
"TTTGTCTAGAGCCGCT-1",2892,1393,1.45228215767635
"TTTGTCTAGCTAAAGG-1",1603,1016,0.311915159076731
"TTTGTCTAGGCATGTT-1",1228,813,0.325732899022801
"TTTGTCTAGGCGCACT-1",774,556,0.129198966408269
"TTTGTCTAGGTCAAAG-1",1879,1217,0.638637573177222
"TTTGTCTAGTAGCTTA-1",1073,699,0.65237651444548
"TTTGTCTAGTCCTGAG-1",1050,710,0.857142857142857
"TTTGTGAAGACTATTG-1",2531,1538,0.711181351244567
"TTTGTGGCACTAAATC-1",969,738,0.722394220846233
"TTTGTGGCATGGCCTG-1",818,616,1.58924205378973
"TTTGTGTTCCTCAGTC-1",932,649,1.28755364806867
"TTTGTGTTCTCATCAT-1",1548,990,0.968992248062015
"TTTGTGTTCTTTGTAC-1",1646,996,1.27582017010936
"TTTGTTGGTGCCTCAC-1",858,597,0.233100233100233
"TTTGTTGGTGTTGTGA-1",3928,2145,0.560081466395112
"TTTGTTGGTTGTAAAC-1",1474,912,0.33921302578019
