CellID,CEBPA,CJUN,EGRNAB,EKLF,FLI1,FOG1,GATA1,GATA2,GFI1,PU1,SCL
E0_574,0.00908204041829894,0.0,0.9791641116069378,1.0,1.0,1.0,1.0,0.4937759972247751,0.0,0.0,1.0
E1_584,1.0,0.0,0.892739725966557,1.0,0.037574825013443246,1.0,0.43523980686228664,0.2992740297905678,1.0,0.2717327978010811,0.0
E2_1319,1.0,0.01064441964988263,0.0,0.0,0.0,0.0,0.010347280579058017,0.13376337120154685,0.9478101119011415,1.0,0.0
E4_149,0.9959094257637844,1.0,1.0,1.0,0.0,0.0,0.0,1.0,1.0,1.0,0.0
E5_841,1.0,1.0,1.0,1.0,0.0,0.3369161967850468,0.031451479597841524,0.10880234666475465,0.0,0.9898862426395648,1.0
E6_87,0.7022311784087396,1.0,1.0,1.0,0.0,1.0,0.0,1.0,0.5683758668424206,1.0,0.0
E7_1349,0.0,0.03376652722216208,0.0015109839894593194,1.0,0.0,1.0,1.0,0.47777292274313665,0.0080720819317003,0.0,1.0
E8_1200,0.008193240335416027,0.0,0.0,0.047505688550268585,1.0,1.0,1.0,0.0,0.039210451674345025,0.0,1.0
E11_615,0.0,1.0,1.0,1.0,1.0,0.09496438979662047,0.0,1.0,0.0,1.0,0.18778310515901758
E13_29,0.8466407915611168,1.0,1.0,0.5826485206693611,0.5595564855739837,0.3953454664230611,1.0,1.0,0.7959048181409494,0.0,0.0
E14_491,0.0,0.0,0.3543610524779494,0.855894384973735,1.0,1.0,1.0,1.0,0.0,0.0,1.0
E17_694,0.9647013116342723,0.1733795676642039,0.21321581796403244,0.0,0.0,0.21335924375725504,0.637010210962675,0.0,1.0,0.5338475819599032,0.0
E20_341,0.0,0.052591177966078095,0.0,1.0,1.0,1.0,1.0,1.0,0.0,0.0,1.0
E21_961,1.0,0.0,0.0,1.0,0.19113136421979923,0.0,0.0,0.6816479595149664,1.0,0.8398660330205205,0.0
E22_932,0.0048708199066376245,1.0,1.0,0.5710917208493898,0.259081054605098,1.0,0.0,1.0,0.0,0.3526001330368179,0.46196389528262966
E23_1385,0.9040730510827928,0.0,0.0,0.2854099460838797,1.0,0.02729768939742365,0.44268709606623524,0.0,1.0,1.0,0.0
E25_1026,0.9620492037285024,0.016499081273927796,0.015709249826656477,0.0,0.001864529094600592,0.6642185566898859,0.0,0.0038264798103388106,1.0,0.0,0.013382958542165728
E27_788,0.0,1.0,1.0,0.0,0.0,0.0,0.13946671115413364,0.6985818985832388,0.0,0.8881163360345807,0.0
E28_331,0.932754677561077,0.0,0.7847258320770516,0.09430393235013579,0.0,0.04369249733513856,0.0,0.26111526761295945,0.7182059551918384,0.0,0.3952354331437054
E29_201,0.6205811256530257,0.0,0.4443412414769488,1.0,1.0,1.0,1.0,1.0,1.0,0.0,1.0
E30_42,0.8128955609449413,0.46486847973347545,0.1393561328033522,0.617067570172969,0.6986432153398924,0.0,1.0,1.0,1.0,0.0,0.0
E31_884,1.0,0.010807015166437084,0.6861848761138736,0.29076862969101885,0.3002254498574337,0.0,0.0,0.0,1.0,0.2574068113160584,0.0
E34_528,0.0,1.0,1.0,0.10709946797154211,0.02824645690623695,0.0,0.0,0.027944313029495946,0.0,1.0,0.08361833444332284
E36_590,0.014767788305956982,0.00770627464004805,0.363911346981395,1.0,0.6220657976092959,1.0,1.0,0.7981245836846352,0.0,0.0,1.0
E37_48,0.8627218595457088,0.169402483201396,0.0,0.0,1.0,0.0,1.0,1.0,0.4137555673454891,0.0,1.0
E38_454,0.7798250044308856,0.04964161494531523,0.3802955016154717,1.0,0.4955958851984497,0.34488694272838866,0.08012281483209156,3.7401387429259576e-05,1.0,0.871075896280895,0.15423529937355485
E39_869,0.014270088511615158,1.0,1.0,0.4664437627453901,0.07310457217768782,0.16608250002513705,1.0,0.0,0.015045107192275248,1.0,0.4080704548077249
E40_1363,1.0,0.0171395964460775,0.391789094628586,0.31582847111259704,1.0,0.37927575715469714,0.21966819466991472,0.15249632531803525,1.0,1.0,0.0
E41_1419,0.002461853450364136,1.0,1.0,0.012203679361760474,0.0,0.053594911144215863,0.13473573857576784,1.0,0.0,0.032872032428143745,0.13108177166902305
E42_1068,0.855162166348506,0.12195258286713656,0.8638108104461677,0.0,0.22331677387301882,0.17655417165928175,0.32610731996719394,0.03978856694994039,1.0,0.9097802946415714,0.10465944518453209
E44_175,1.0,0.1608254507720067,0.09396094111754484,0.7298976491828563,0.7871283592609707,0.0,0.41141325699536574,0.9281566957724182,0.8195420149449731,1.0,1.0
E45_1201,0.0,0.04212184568465945,0.0,1.0,1.0,1.0,1.0,0.5043062111272323,0.0,0.0,1.0
E46_114,1.0,1.0,0.22552308287480488,1.0,0.0,0.0,0.0,0.2701089771041184,0.9810728167037462,0.4616971971878574,0.2490829218005462
E47_328,0.8561421914094193,0.02466775201544848,0.0,0.0,0.0,0.0,0.039382931931857115,0.1350430564420275,0.7830221536111793,1.0,0.6551080430130336
E48_853,0.0019331212910535132,0.0,0.792748159701536,0.48631519154745506,1.0,1.0,1.0,1.0,0.0,0.0,1.0
E49_6,0.7414537522312039,0.7342268522578195,0.23069525549386669,1.0,0.017352326180025524,0.004864680851806432,1.0,1.0,0.4355157661106824,0.0,0.5600940285811756
E50_260,1.0,0.05298754816172511,0.0,0.0,0.09048296980686044,0.0,0.0,0.21139782959333123,0.9334145310989925,0.8797441780819748,1.0
E52_983,1.0,0.0,0.0,0.0,0.0,0.028436369358155807,0.1560000008603469,1.0,1.0,0.9150589322093886,0.12005032410972725
E53_307,0.008797063039740453,1.0,1.0,1.0,0.2605301585014581,1.0,0.020627902774597143,0.09763100374058753,0.01652051434924579,0.6342211736929011,0.08007094061217097
E55_1465,1.0,0.01828259826206534,0.6656467023320001,0.5222911074369369,0.026786941704635015,0.0,0.6234646260544241,0.0,1.0,0.5184385600722714,1.0
E56_1094,1.0,0.0,0.0,0.29734934166538945,1.0,0.0,0.4524715569376662,0.6400048737121319,1.0,1.0,0.6364075452311706
E57_608,0.0,1.0,1.0,0.3882611103006422,1.0,0.0,0.0,0.02804048166110039,0.0,1.0,0.4108675770073728
E58_1248,1.0,0.0,0.0,0.0,0.0,0.0,0.0,0.0,0.9805057583128808,1.0,0.0
E59_302,1.0,0.0,0.0,0.2088764981496909,1.0,0.08439914688518693,0.0,0.3367043696020496,0.9403335703976288,0.3887283653017083,1.0
E60_1338,1.0,0.0,0.0,0.0,1.0,0.0845880411770046,0.0,1.0,0.9259057435503855,0.7938687954404764,0.5569027841786672
E62_1167,0.8649439947903025,0.002212705595922882,0.5312193735274461,0.0,1.0,0.0,0.15469815477711463,0.0,1.0,0.841927851719221,0.0
E63_370,0.009567961551781875,0.008197571997282823,0.030294699487921295,1.0,1.0,1.0,1.0,0.0,0.0,0.0,1.0
E64_588,0.0,1.0,1.0,1.0,0.0,0.2055421089522687,0.0,0.0,0.0,1.0,0.0
E65_1392,1.0,0.021529089041150692,0.5481327784664214,0.0,0.10308368185223508,0.2028255353837405,0.0010176193692698298,0.0,0.9376116992899622,0.0,0.13204674836099356
E67_1113,0.0,1.0,1.0,0.09193045277892663,0.9760468285033395,0.43658918033239247,0.0,0.0,0.0,0.9814687278740398,0.017144832073739638
E68_309,0.0,0.0,0.0,1.0,1.0,1.0,1.0,1.0,0.0,0.0,1.0
E69_1062,0.010485559498140196,1.0,1.0,0.0,0.0,1.0,0.0,0.0,0.0,0.5547363101423257,0.0
E70_1399,1.0,0.15522742091069572,0.0,0.03290896493067058,0.8987245245062204,0.14174389634582862,0.08127499917451812,0.35044293279980393,1.0,0.26529444285864656,0.0
E71_1012,1.0,0.0,0.0,0.0,0.6230763781431333,0.8778577969179985,0.1645037469143172,0.0,1.0,0.37844241888684277,0.21259015916696336
E73_1298,1.0,0.003437608370771188,0.3262557088748266,0.5701668188708386,0.15905490383248858,0.028654692676461722,0.39965721542801946,1.0,0.9818560905202283,0.5998179558148584,0.09721535128836836
E74_1464,0.007942381986590901,0.01528958795403095,1.0,0.1541806142817077,1.0,1.0,1.0,0.10896570266705782,0.0,0.0,1.0
E75_168,0.057730670955080776,0.008846677192774391,0.04328330705614415,1.0,1.0,1.0,1.0,1.0,0.015569238393816626,0.0,1.0
E76_139,0.0,1.0,1.0,1.0,0.0,0.0,0.29910246238516014,0.5417720183950695,0.011345465563664283,1.0,0.0
E77_1313,0.0,0.0,0.0,1.0,1.0,1.0,1.0,1.0,0.0,0.0,1.0
E78_294,0.0027731230503222006,1.0,1.0,1.0,0.25641093259743625,0.0,0.0,1.0,0.0,0.382228371487713,0.0
E79_504,1.0,0.0016879064337759504,0.0,0.8726113926602913,0.24291180065967072,0.018146906085628037,0.0,0.7974190140879706,1.0,0.283335378834182,0.21348719591603327
E80_274,0.10075996882685267,1.0,1.0,0.0,0.00807369001733101,0.20237185021713847,0.8055623574952314,0.0011666674564414978,0.0019249514277340492,1.0,0.0
E81_472,0.0,1.0,1.0,1.0,0.0,0.3522070304819623,0.019766607703156372,1.0,0.0,1.0,0.0
E82_493,0.9043535719603328,0.0,0.02052409599220724,0.0,1.0,0.0,0.5041712909486777,1.0,0.9357526923296591,1.0,0.17730202934157535
E83_1327,0.9331165624026021,0.17263849754948746,0.1347579978998233,1.0,0.0,0.0,0.0,0.7667925404569713,1.0,1.0,0.0
E85_1321,0.028758953010836686,1.0,1.0,0.0,0.05676213115495994,1.0,0.0,0.5337301588644727,0.0,1.0,0.19136864691451103
E86_530,0.0,1.0,1.0,1.0,1.0,1.0,0.0,0.0,0.0,0.611491882820837,0.2704139591378394
E89_22,0.5286026808771882,0.7916764140924746,0.0,0.5847285258363404,0.0,0.0,1.0,1.0,0.39060748909309373,0.0,0.0
E92_823,1.0,0.030658122419671426,0.026962334659557816,0.03213035811174393,0.22996117107149275,0.0,0.6203552482081518,0.13857518388993292,0.8224435452482994,1.0,0.0
E93_1121,0.9730392937511901,0.007823221558941948,0.0,0.0,1.0,0.0,0.10260518490588157,0.0,0.9033774383426404,0.7674986447033899,0.34944649333125805
E94_1457,0.9087980708886619,0.0,0.0,0.03765477654058891,0.0,0.0,0.391094013839564,0.20268468031166936,0.9804076029002496,0.6746548530756926,0.0
E96_1014,0.0,0.0,0.47062297820170734,0.676006060010797,1.0,1.0,1.0,0.11197994967503559,0.0,0.0,1.0
E97_714,1.0,0.0,0.0,0.0,1.0,0.0,0.0,0.9200559837401838,1.0,1.0,0.0
E98_126,0.8177178891525813,0.48895153121667895,0.4261785414847247,0.0,0.0,0.0,0.08662346784330227,0.0,1.0,1.0,0.0
E99_1101,1.0,0.0,0.469653804685598,0.0,1.0,0.0,0.0,1.0,1.0,1.0,0.0
E101_1093,1.0,0.08535524721841102,0.0,1.0,0.40949672621126487,0.0,0.0,0.2145912824240951,1.0,0.6272147243181443,0.0
E102_522,1.0,0.05741782295835181,0.2669599996732437,1.0,0.08656618860219631,0.20921898376070092,0.9397774155666282,0.0,0.9968097472297311,1.0,0.10874464832804029
E103_1282,0.0016343212865765947,0.017012122509685597,0.8979870101213917,0.1255084455780283,1.0,1.0,1.0,1.0,0.00956296054190167,0.0,1.0
E104_237,0.0,1.0,1.0,0.99603456536864,0.0,0.0,1.0,0.0,0.0,0.6172193657569436,0.10477218781884637
E105_1302,0.0,0.0,0.0,1.0,0.0,1.0,1.0,0.07857852591786248,0.0,0.0,1.0
E106_291,1.0,0.0,0.04175421243445113,0.0,0.0,0.39686063141757016,0.24734276950941322,0.4831777721055543,1.0,0.09943704486628285,0.3007453747364733
E108_1177,1.0,0.0,0.0,0.04923402843905065,0.12902707879652478,1.0,0.0,1.0,1.0,1.0,0.0
E109_626,0.8115287175631103,0.0,1.0,1.0,1.0,0.2548642722365593,0.0,0.0,1.0,1.0,0.0
E110_1376,0.0,1.0,1.0,0.0,1.0,0.0,0.062043573491751824,0.3864478084661978,0.07059441780818254,1.0,0.9930035149479534
E111_837,0.9851562167969403,0.0,0.03343452924829602,0.0,0.11601571329327552,0.6108995840462492,0.0,0.0,0.9312385741666858,1.0,0.038689973241317586
E112_978,0.9795021588478032,0.14843724715671583,0.2183690255125504,0.0,1.0,0.6490622783599032,0.047919383810237644,1.0,0.6621123410662112,0.2620570203145168,0.15880297463961385
E113_47,0.9739744634361825,1.0,0.16823994535890022,0.2189657924876209,1.0,0.8411795920308761,0.48280965442770435,0.8745166752816331,0.8867808291278263,0.40805946105078716,0.0
E114_1276,0.9691562005172005,0.0,0.0,0.0,0.0,0.0,0.0,0.29217464519381686,1.0,0.4756977948893314,0.8906495506556634
E116_1200,0.0,1.0,1.0,0.7083822390243019,0.8762329986270765,0.9756770930128523,0.0,0.11460386785701666,0.0,0.8315407256097411,0.0
E117_1022,0.0,1.0,1.0,1.0,1.0,0.0,0.0,0.8292459063696292,0.0,1.0,0.6330158759113957
E118_943,1.0,0.027999889112991096,0.5213685539703286,0.0014406304285117166,0.2614829743252603,0.23013851266970117,0.0,0.0,1.0,0.7701109124113639,0.16525423392870855
E119_1045,1.0,0.0,0.0,1.0,0.0,0.0,0.2976164966898013,0.5479451295244185,1.0,0.6041986610548402,0.19610244689807127
E120_634,0.0005215383421439858,0.0,0.7934486970826475,0.0,1.0,1.0,1.0,0.633905027526146,0.0,0.0,1.0
E121_1064,0.0,0.0,0.18881417252077137,0.2839966243593665,1.0,1.0,1.0,0.11214562300966949,0.0,0.0,1.0
E122_1365,0.0019715785686893975,1.0,1.0,0.0,0.0,0.21983100021665725,0.06119165989214301,0.4244863723889922,0.0010528761019917565,1.0,1.0
E123_1206,0.0,1.0,1.0,0.19235494973040043,1.0,0.031557939039698266,0.20664648919490083,0.5449046191035143,0.0,1.0,0.0
E124_601,0.8818075754405446,0.0,0.0,0.0,0.09705090275685785,0.016205897933612906,0.06666786103949562,0.0,1.0,1.0,0.5706067417911408
E125_1228,0.008573377421128871,1.0,1.0,1.0,0.056773959664735175,0.0,0.0,1.0,0.005941530636026684,0.9986284777570169,1.0
E126_1253,0.0,1.0,1.0,0.0,0.4928478862542795,0.4968701335655896,0.0,0.0,0.0,0.6447041877478492,0.22424693387657074
E128_312,0.7672389726973443,0.0,0.2676556679897119,1.0,0.0,0.0,0.07213609119728114,0.5283395628220525,1.0,1.0,0.0
E129_102,0.6279136067815541,1.0,1.0,1.0,0.0,0.04222340683309797,0.0,0.4466401673727309,0.5323750852301301,1.0,0.002661842873937423
E130_1234,0.9121712218095042,0.02332011376242426,0.3365368029711295,0.0,0.0,0.0,0.0,1.0,1.0,0.8093774954592581,0.0250416926039864
E131_450,0.0,1.0,1.0,0.4645703724381143,1.0,0.0,0.0,1.0,0.0,0.9993963686712684,1.0
E132_234,0.0,0.008780925859621359,0.0,1.0,1.0,1.0,1.0,1.0,0.5052242387658124,0.0,1.0
E133_1072,1.0,0.12324374597315484,0.0,1.0,1.0,0.4453050027495838,0.1744879883858772,0.5466625159364906,1.0,0.34434145216624434,0.09300327715288344
E134_400,0.78220199156744,0.05986013735168348,0.593501299817945,1.0,0.2589465609815394,0.0,0.0,0.0585374275519567,1.0,1.0,0.0
E135_913,0.9633304764893317,0.024551026870903367,0.9981239642175548,0.3913591665947031,0.6843048830364846,0.0,0.0,0.0,1.0,1.0,1.0
E136_136,0.8785965198029411,1.0,1.0,0.19681870588342337,0.13364495359054906,0.053249171147061146,1.0,0.9796423365868447,1.0,0.2994875178805835,0.5060909741248042
E137_576,0.0004962324059755732,0.0,0.3496712867883159,1.0,1.0,1.0,1.0,0.2957428560754868,0.0,0.0,1.0
E138_45,1.0,1.0,0.3189767842053812,0.2495865020314197,0.0,0.40035551127283503,0.4123288529573175,0.2646178842718492,0.9956863937446048,1.0,0.1359662416395593
E139_705,1.0,0.07132390611809335,0.06216092684729843,0.0,0.0,1.0,1.0,0.0,0.8011293075824869,1.0,0.12356585068856883
E140_1138,1.0,0.0,0.0,0.0,0.0,0.0,0.0386850119256368,1.0,1.0,0.5643419595253721,0.10842271802083875
E141_446,1.0,0.0,0.17162190246444428,1.0,0.6547827802751678,0.0,0.11929077552007791,0.0,1.0,0.38100436794102327,0.0
E142_1249,0.0,1.0,1.0,0.0,0.0,0.0,0.0,0.21882590411371353,0.0,0.8501578564457208,0.050102447928412196
E143_352,0.0,1.0,1.0,0.0,0.6247968913789734,1.0,0.06858805514961946,0.8378417776792683,0.0,0.28165409592532986,0.0
E144_417,0.0,1.0,1.0,0.0,0.0,0.15631834560695396,0.0,0.20857271029266963,0.007579380167936275,1.0,0.11097776384408427
E145_62,0.4569758570865947,1.0,1.0,1.0,0.0,0.3756030943612527,0.0,1.0,0.4780481672759437,0.2105165709207447,1.0
E146_1140,0.0,0.0,0.37187965110019766,1.0,0.0,1.0,1.0,0.0,0.09257905216557188,0.0,1.0
E147_509,0.00042431581409221636,0.0301578351947599,0.0,1.0,1.0,1.0,1.0,0.0,0.0,0.0,1.0
E148_709,1.0,0.0,0.9727798854540936,0.0,1.0,0.0,1.0,0.5248134135941201,1.0,0.5764224644305846,0.4366902027816823
E150_95,0.0,0.0,0.06807190012209573,1.0,1.0,1.0,1.0,1.0,0.05319483803426879,0.0,1.0
E153_1170,1.0,0.1019881506631404,0.22507114285884264,0.06138487724875061,0.4595938219423051,0.0,0.43081672757747447,0.0,1.0,0.0,0.0
E154_656,1.0,0.03019400226503024,0.13609820167538889,0.0,0.5448225050032119,0.0,0.0,0.03982349432155238,1.0,0.5691334132752016,0.0
E155_402,0.013204218932330255,1.0,1.0,0.13229640970367812,0.0,0.0,0.10207759568207284,0.05286294395601189,0.032354552525093054,0.5228256322337127,0.5700370950482884
E156_1165,0.020216636080470304,0.0,0.5161481451732323,1.0,1.0,1.0,1.0,0.0,0.0,0.0,1.0
E157_1326,1.0,0.002518155690004818,0.27023822883609516,0.0,0.03711042273176888,0.012071846730221207,0.23899111712268914,0.0,1.0,1.0,0.1375158868910578
E158_544,0.001552299091420605,0.0,0.0,0.02133154935202886,1.0,1.0,1.0,0.6090898542063153,0.05954457439304851,0.0,1.0
E159_478,1.0,0.0,0.0,0.10887151665584734,0.0,0.0,0.0,0.13104149422222702,1.0,0.9219038992000451,0.26070613025796124
E160_269,1.0,0.42185948347812796,0.0,0.12327220808987092,0.0,0.5450151942339827,0.0,0.0,1.0,0.7160879786151607,0.013314985901406751
E163_295,0.0,1.0,1.0,1.0,1.0,0.18422594704532833,0.0,0.0,0.0003732515348992559,0.5890223057676288,0.5236338917122786
E164_458,1.0,0.0,0.0,0.45148863214903684,0.0,0.0,0.24320757260117623,0.047502592664840075,0.9667404608068557,0.9959628162458151,0.25922299541189736
E165_187,0.0,1.0,1.0,0.01225933360352453,0.0,0.4502778298377203,0.0,0.0,0.0033289969781575817,0.0,0.4191911640289533
E166_1062,1.0,0.0,0.0,0.3637893637434776,0.07135917318934804,0.0,0.07788988132595409,0.0,1.0,1.0,0.3799157632523064
E167_1095,1.0,0.0,0.0,1.0,0.0,1.0,1.0,0.0,1.0,1.0,1.0
E168_205,0.7930447278170853,0.0,0.42808012791801087,0.39922750686909514,0.0,0.0,1.0,1.0,1.0,1.0,0.09772820161719419
E169_1403,0.9714425242863515,0.011638482319485803,0.0,0.0,1.0,0.0,0.0,1.0,1.0,1.0,0.0
E170_1007,0.0,0.0,0.31856611886725755,1.0,0.41000090106407855,1.0,1.0,1.0,0.0,0.0,1.0
E171_208,0.9042861727594934,0.0,0.0,1.0,1.0,0.07152826047522104,0.0,0.07926779643543917,0.9982526068393955,1.0,0.41674060140760594
E173_988,1.0,0.010607079690265612,0.4373519602832158,0.0,0.6824237625162632,0.7959562977529621,0.0,0.37611523228889604,1.0,0.6449274548696021,0.014207176317024898
E174_558,0.0027387308724676953,1.0,1.0,0.3270595619893036,0.18956388114096676,0.1316053087518212,0.8779310047227431,0.0,0.0012333865209477968,0.9605900075368936,0.0
E175_655,1.0,0.005782198652484946,0.0,1.0,0.36301155898892984,0.0,0.0680613316839418,0.0,1.0,0.9698820806802495,0.0
E176_135,1.0,0.3684441624965911,0.0,0.4825307556707007,1.0,0.005213064315044619,1.0,1.0,0.8687476749505353,0.0,0.5043856079605782
E177_421,0.0,0.0,0.14699797766287687,0.07083902375588683,1.0,1.0,1.0,1.0,0.8147121213976345,0.0,1.0
E179_1473,0.9822803499278817,0.09348576096756545,0.18219844448360392,0.49118529970497293,0.4880629684296537,0.17740643354554292,0.18304015419876665,0.0,0.7063337673983597,0.7114522241072484,0.0
E180_71,0.17260374542755383,1.0,0.37965790886363693,0.5966964120031581,0.0,0.0,0.7328682312708198,1.0,0.17880697586360722,0.4384412598036887,0.04857172446974029
E181_15,0.6536165023686179,0.7459421688720167,0.1873242984811927,0.0,0.0629142150953368,0.0,1.0,1.0,0.25885694679741345,0.0,0.0703779331805879
E182_811,1.0,0.0,0.0,0.0,0.0,0.0,0.0,0.4052604337184629,1.0,1.0,0.2741478910558868
E183_1003,1.0,0.0034143611085198163,0.28132974681388806,0.5099713754457645,0.0,0.0,0.017695407363863623,0.0,0.930582179857951,1.0,0.0
E184_1348,0.012888667016049401,0.04990151704720915,0.5740825505374546,0.0,1.0,1.0,1.0,0.0,0.04606020158858966,0.0,1.0
E185_769,0.0,1.0,1.0,1.0,0.057352675713434935,0.3699826617451275,0.0,0.0,0.0,0.6433059217537365,0.0
E186_707,1.0,0.0,0.06516321987175622,0.4334495141664159,0.238987934066876,0.12708872715860836,0.14647591009204705,1.0,1.0,1.0,0.23620999316032162
E187_1002,0.0,1.0,1.0,0.0,0.794442608682097,0.0,0.0,1.0,0.0,1.0,0.22234983253485494
E188_535,0.0,0.057531606480848436,0.0,1.0,0.6168756582806927,1.0,1.0,1.0,0.0,0.0,1.0
E189_638,0.8885464425667455,0.0,0.1148278486413161,0.08759618080946821,0.0,1.0,0.0,1.0,1.0,0.5285879806160989,0.5494803442611053
E190_1162,0.0,1.0,1.0,0.0,1.0,0.2772483500297162,0.0,1.0,0.0,0.7381512445183036,1.0
E192_7,0.7151019972451034,1.0,0.008890833143970812,0.0,0.42469787145033433,0.69113606912241,1.0,1.0,0.3871445907744627,0.0,0.0
E193_1328,0.7474086449108418,0.0,0.11519177515986002,0.0,0.0,1.0,0.0,0.0,1.0,0.834528775388537,0.0
E194_574,0.006407288233605529,1.0,1.0,0.9891974779330909,0.0,0.4766900237705118,0.008798173807579817,1.0,0.01557325106378938,1.0,0.0
E195_312,0.8961770496664963,0.0,0.1301497236620958,0.0,0.0,0.0,0.0,0.0,0.819711759705691,0.5513114968627296,0.03406830371015172
E196_954,0.9776132737391688,0.058944694667712724,0.7623074067450626,0.23101398616896848,0.0,0.6833915195398383,0.0,0.15533867498949405,1.0,1.0,0.0
E197_1124,0.0,1.0,1.0,1.0,0.0,0.18551884060132004,0.048043606252991526,0.0,0.0,0.48901310885780636,0.0
E198_1163,0.0,1.0,1.0,1.0,0.7699582619523099,0.3218754647468963,0.0,0.0,0.0,0.47374713399608187,0.6164705859533105
E199_924,1.0,1.0,1.0,0.0,1.0,0.0,0.07733974435339222,1.0,0.0,0.997886717366106,0.13392310433670077
E200_1233,1.0,0.034253608588825965,1.0,0.0,0.05646572591176135,0.5004861896599953,0.09387352953481694,0.0,1.0,0.5858615485751284,0.0
E201_873,0.0,1.0,1.0,1.0,0.0,0.0,0.0,0.0,0.0,0.9670609386409538,0.5679208579303161
E202_228,0.7992746022767083,0.0,0.03642585230251937,0.1585029594025189,0.0,1.0,0.08480201045985677,0.0,0.819598432081802,1.0,0.28836834624375546
E203_1131,0.0,0.0,0.035263731659672004,1.0,1.0,1.0,1.0,1.0,0.014184065283575959,0.0,1.0
E205_136,1.0,0.5348336981036613,0.0,0.0,1.0,0.0,0.3268119633611477,1.0,0.8751146777318846,1.0,0.0
E206_487,0.006569782166123518,1.0,1.0,0.2736876790697857,1.0,0.3947326920542928,0.32203728874195253,0.15125165176137892,0.0,0.8033814039761678,0.5388172109069415
E208_1005,1.0,0.01678277571234222,0.1598234253509141,0.0,0.34907463614073764,0.08179892408687552,0.0,0.029876065288844334,1.0,1.0,0.034516577324568795
E209_936,0.0,0.0,0.0,1.0,0.3699352466194816,1.0,1.0,0.22097144413734213,0.0,0.0,1.0
E210_1312,1.0,0.003639019697617296,1.0,0.0,0.0,0.10510080737115045,0.5991501932876037,0.48629510918514923,0.9452331720043501,0.5101364175330595,0.0
E211_774,0.0,0.04033850389187716,0.002624416105107475,1.0,1.0,1.0,1.0,0.119819295013335,0.0015460389040268757,0.0,1.0
E212_502,1.0,0.031130473292926918,0.0,1.0,0.0,0.0,0.08075398417057514,1.0,1.0,0.0,0.4006292085167138
E213_1429,0.00993948530167135,1.0,1.0,0.0,0.0,0.33542547672432327,0.3548309611564857,0.0,0.0,1.0,1.0
E214_889,0.0,1.0,1.0,0.8795722597407681,0.5050006248119165,0.41604200564155563,0.0,0.43117554638704586,0.0,1.0,0.0
E215_1410,0.007498611850466927,1.0,1.0,1.0,1.0,0.7519118349630532,0.0,0.2852861295756747,0.0,0.9262145027155225,0.0
E216_599,1.0,0.0,0.1941708371199931,0.0,0.2444568756702314,0.3618614944456662,0.7252162759934004,0.0,1.0,1.0,0.29923409342618296
E217_1452,0.0,1.0,1.0,0.0,0.04998783861910954,0.0,0.0,0.09161954491592754,0.009345338177931466,0.6227324078366051,0.5626268073970511
E219_350,0.0,1.0,1.0,0.0,0.059436663808914825,0.10146790818771691,0.35304426423620416,1.0,0.04368595342321428,0.5361113854787951,0.09360233711871246
E220_959,1.0,0.0942218260535854,0.24104949021367156,0.7334614957821622,0.19419357758805889,0.0,0.0,0.0,0.9950748848580862,0.8167431366402869,0.058766487387701107
E221_870,0.03055602198367212,0.06572981041907969,0.0,1.0,1.0,1.0,1.0,1.0,0.0,0.0,1.0
E222_1399,0.9743548104152112,0.0,0.09579574097109238,0.0,1.0,0.30945134575885686,0.3952740453591261,1.0,1.0,1.0,0.0
E224_414,0.8450257249283012,0.029577810343421006,0.0008277056046272183,0.1405599255197608,0.0,0.009461561630507006,0.6477382753032519,0.0,1.0,0.9513137694388448,0.0
E225_1142,0.0,0.03562843484702842,0.0,1.0,0.0,1.0,1.0,0.16605873290320455,0.007155397237733765,0.0,1.0
E226_612,0.0,1.0,1.0,1.0,0.13715901126105873,0.744703519077764,0.06373750635722406,0.7465903425039417,0.02770303163328249,0.363290940145552,1.0
E228_903,0.0,0.07647995263203704,0.23941744884768557,1.0,1.0,1.0,1.0,1.0,7.908155539419416e-05,0.0,1.0
E229_1149,1.0,0.0,0.0,0.0,0.0,0.12984206187454206,0.0,0.00524997869224167,1.0,0.47371254509425353,0.18009552822339778
E232_404,0.007803363059845545,0.0,0.0,1.0,1.0,1.0,1.0,1.0,0.0,0.0,1.0
E233_214,1.0,0.3480369085387995,0.0,0.4974895251901382,0.4905466118732828,1.0,0.0,0.2670081885071865,1.0,1.0,0.0
E235_882,0.0007285880306151715,1.0,1.0,0.04470876931898304,0.9036477357317884,0.0,0.0,1.0,0.0,0.8980204657145044,0.8024463413813451
E236_1060,1.0,1.0,1.0,0.5736050515923498,0.0,0.2501630094658648,0.0,0.03860683242558049,0.04756231058089368,0.2621991573537521,0.0
E237_166,0.0,0.0,0.0,1.0,1.0,1.0,1.0,1.0,0.0,0.0,1.0
E238_467,0.0,1.0,1.0,1.0,1.0,0.1812620883553128,0.07427793350525522,0.691872801208523,0.0,1.0,0.30265168343518817
E239_915,0.9144726254974316,0.05283895463401302,0.11634326215592161,0.24259624781717215,0.0,0.1158755495517084,0.6968755562277636,1.0,1.0,0.8429125356170474,0.0
E242_703,0.006356955392265523,0.010270780789824747,0.0015345821720854729,0.22217162099919485,1.0,1.0,1.0,0.0,0.0,0.0,1.0
E243_892,0.0020923734446892596,0.0,0.0681786263424292,1.0,0.0,1.0,1.0,0.19509608903651215,0.0,0.0,1.0
E245_498,1.0,0.0,0.1795341388857411,0.2545430571901956,0.47900522480942404,0.0,0.9076720870246099,0.23978120180494913,0.887169790292442,1.0,1.0
E246_588,0.004603212731203971,1.0,1.0,1.0,1.0,0.0,0.1342488361312144,1.0,0.005694734174502197,1.0,1.0
E247_214,0.0,1.0,1.0,0.0,1.0,0.0,0.020610101001774885,1.0,0.0016776239075623396,0.9909062262793332,0.4272840252086248
E249_1044,0.0,0.022453405269656015,0.0,1.0,0.5327978764247001,1.0,1.0,0.0,0.0,0.0,1.0
E250_651,0.8797195800886638,0.02486751743345858,0.2029742663112176,0.0,0.1223202723513922,0.0,0.0,1.0,1.0,1.0,0.0
E252_1208,0.0,0.0,0.23656701282150872,0.0,1.0,1.0,1.0,0.5412341454313725,0.0,0.0,1.0
E254_765,0.020471768524815196,1.0,1.0,1.0,0.11513246058348886,0.6914433592616678,0.0,0.05177498475377312,0.0,0.0,0.4107173071317543
E257_17,0.6610090602649039,1.0,0.2915234061081409,0.10138934920060383,1.0,0.0,1.0,1.0,0.775751123726314,0.0,0.10623688013883872
E258_813,0.0005314525373299186,1.0,1.0,0.0,1.0,0.0,0.052482929003337196,0.22405535780045555,0.0,0.5163923610272632,0.0
E259_574,1.0,0.06771145145477481,0.9498040816312685,0.1954356306294913,0.0,0.14771268684150657,0.0,0.12267065918374821,1.0,1.0,0.6121768648248977
E260_1085,1.0,0.005564818067391948,0.0,1.0,0.634251338239885,0.45363462059784604,0.09720505411590047,1.0,1.0,1.0,0.0
E261_329,0.0,0.006678305285173203,0.0,1.0,0.9323090556996996,1.0,1.0,0.0897618494128454,0.002136020088325321,0.0,1.0
E262_1338,0.0,1.0,1.0,0.0,1.0,0.0,0.8393990225763456,1.0,0.0,0.35805622757388916,0.02152705748366834
E263_1060,1.0,0.0,0.284220696935746,0.15906108092704702,1.0,0.7519621490212205,0.08488398689172563,0.057540693215100816,1.0,1.0,0.0
E264_38,1.0,1.0,0.4535757318089411,0.0,0.6442025706879252,0.0,1.0,1.0,0.7080488715564794,0.0,0.0
E265_933,0.014801749400873218,0.04895559162889107,0.0,1.0,0.9652887800948766,1.0,1.0,1.0,0.0,0.0,1.0
E266_573,0.0,0.0,0.0,1.0,1.0,1.0,1.0,1.0,0.0,0.0,1.0
E267_1084,0.0,0.0,0.08656756088244966,1.0,1.0,1.0,1.0,0.007341835503185049,0.0012297495374920583,0.0,1.0
E268_770,0.0,1.0,1.0,0.0,0.9112005513887207,0.20450483353145085,0.20071337185239366,0.7407624403162599,0.0,0.5252663768268536,0.25457572018563407
E269_227,0.004111356903447425,1.0,1.0,0.3267116726696383,0.0,0.0,0.10248243754666932,0.43589525576251265,0.0,0.0,0.12615035962174245
E272_1491,0.0,1.0,1.0,0.31037152779348093,0.0,1.0,0.06532991725429046,0.11043725635889078,0.018952743090043314,1.0,0.026768924072277593
E273_544,0.0,0.0,0.6179351419597542,0.0,1.0,1.0,1.0,1.0,0.0,0.0,1.0
E274_1313,0.8794843507039241,0.031659197523207866,0.0,0.0,0.0,1.0,0.02067114728405589,0.0,1.0,1.0,0.0
E275_938,1.0,0.0,0.0,0.0,1.0,0.4266195514657122,0.04303060657957367,1.0,1.0,1.0,0.0
E276_297,0.00679035971561588,0.03300427588127517,0.0018090313678890742,1.0,1.0,1.0,1.0,1.0,0.016854644390599506,0.0,1.0
E278_37,0.6870529238046987,1.0,0.47712460310812216,0.0,0.38942829726216394,0.01889761092717408,0.5724856215591084,1.0,0.8229829778080716,0.0,0.35595946810670825
E279_653,1.0,0.010736082065408685,1.0,1.0,0.1391766818364952,0.0,0.22196120127001878,0.2864168305788582,0.9511106810300196,0.7289030811275512,0.01154426578974321
E280_627,0.0,1.0,1.0,0.8500709393730527,0.5778833468446628,1.0,0.0,0.3948285546575829,0.0,1.0,0.7610840143974056
E281_443,0.9482954386926893,0.0779362054518867,0.0,0.12489454388058764,0.26558898786348084,0.0,0.18052530302600536,0.0,1.0,0.36333405705431426,0.07330724562972575
E282_413,1.0,0.0,0.0,0.6873316684504414,1.0,0.9075731111572287,0.0,0.6872093149913119,1.0,1.0,0.0
E287_1278,1.0,0.08734081532078963,0.08048872109553724,0.033312753993454056,0.0,0.0,0.0,0.0,0.8523705787010104,0.9078207740760139,0.4311353065288196
E289_1300,0.0,1.0,1.0,0.0,0.05331931362598678,1.0,0.04132072286463543,0.6696232930155878,0.0,0.8298528098193838,0.22673546692717733
E290_1372,0.0,0.03064819469956484,0.5632279986734605,1.0,0.5460896195953662,1.0,1.0,0.08871417108340962,0.030759777388649913,0.0,1.0
E291_158,1.0,0.029340833043949438,0.0,0.9675532079245996,0.0,0.3050292174832777,0.0,0.5715599256449134,1.0,1.0,0.18493137197268986
E292_1276,0.048533288284649534,0.06469001841859788,0.0,0.16646994390593392,1.0,1.0,1.0,0.0,0.0,0.0,1.0
E294_168,1.0,0.0,0.5855499327986503,1.0,1.0,1.0,1.0,1.0,1.0,0.0,1.0
E297_1168,1.0,0.14304217379645365,0.0,1.0,0.0,0.04057941907643225,0.0,0.0,1.0,1.0,0.6813085377539291
E298_829,0.9200849119304825,0.0,0.0,0.6887158114322505,1.0,0.36049364379361554,0.0,1.0,1.0,0.0,1.0
E299_1340,1.0,0.08251761304201745,0.04340795183533282,0.0,0.26463102824823986,0.0,0.051753159918063306,1.0,1.0,0.36231993188173395,0.01716676205636669
E300_1037,0.0,0.09066062841528703,0.0,1.0,0.19066029170650772,1.0,1.0,0.2831190967931951,0.0,0.0,1.0
E301_1070,0.005635796290010809,1.0,1.0,0.9675359935318243,1.0,0.747796339045537,0.0,0.0,0.0,0.7825469055271139,0.0
E303_1141,0.0,1.0,1.0,0.0,0.858489458469839,0.18037635935707566,0.0,0.6013161952953966,0.04066118022544039,0.0,0.0
E304_551,0.0,0.0,1.0,1.0,0.19984565355244832,1.0,1.0,0.0,0.0,0.0,1.0
E306_260,0.0,1.0,1.0,0.0,0.0,0.0,0.2789687778277036,0.0,0.0,0.9890767136735126,0.6729394354906638
E307_648,0.0,0.0,0.07351014209069347,0.401043572698483,1.0,1.0,1.0,0.0,0.0,0.0,1.0
E309_692,0.0,1.0,1.0,0.28925065589216625,0.16351551686131005,0.8629390908141592,0.1268021359742069,0.7924656392925759,0.0,1.0,0.0
E310_1042,0.5916179850430603,0.01952294559001787,0.07589535843736357,0.6936109026839831,0.3740353441165832,0.0,0.11073021450386616,0.0,1.0,0.5341335301248861,0.0
E311_771,0.003410863530125058,0.0,0.10445061855158186,0.19651105052373755,1.0,1.0,1.0,0.8798935622203454,0.0,0.0,1.0
E312_13,0.5216362928374542,1.0,0.0,0.0,0.0,0.008733222723412646,1.0,1.0,0.6584978873182055,0.0,0.0
E313_1287,1.0,0.17133121002536855,0.6039507563954675,1.0,1.0,0.0,0.7355451663621708,0.49176955325918553,1.0,1.0,0.0
E314_60,1.0,0.7287531213428753,0.15383386473128882,0.05419163735751343,1.0,0.15037416871312065,0.13883167090489745,1.0,0.9630451885721317,0.29350388544797484,0.0
E315_1296,0.0,1.0,1.0,0.0,0.8703925255267861,0.26838789653813666,0.12333578935800248,0.0,0.0,0.8197695696127643,1.0
E316_76,0.6970594055075668,1.0,0.8758686323257372,1.0,0.01185052561811738,0.464064247171238,0.0,0.15369267778674514,1.0,0.9481823675769571,1.0
E317_524,0.0,1.0,1.0,1.0,0.6439486471652801,0.19025604015254674,0.14947443832697566,0.7985942386655849,0.009754275822277116,0.4045596400876392,0.16610978952948557
E318_281,0.09712968752300906,1.0,1.0,1.0,0.15339859153655458,0.4096518008051075,0.0,0.7697247873233044,0.0,0.19456025649353942,0.0
E319_735,0.785219621289816,0.03475998163384605,0.0,0.9477320469053612,0.1109597817630236,1.0,0.2042850031280299,1.0,1.0,0.8376765267360773,0.0
E321_1257,0.0,0.006131113329038925,0.4411079822828886,1.0,0.08577288452484544,1.0,1.0,1.0,0.0,0.0,1.0
E324_1191,0.0,1.0,1.0,0.0,0.3265667523696189,0.22657615640420922,0.20143423190209467,0.3261133632736415,0.0,1.0,0.5797603450678488
E325_1267,0.8316753843093878,0.03784833699086005,0.33206284134550623,0.5686656475526226,0.0,0.0,0.0,1.0,1.0,0.2743561806041726,0.5673851115754869
E327_637,0.8824433061528704,0.0946752367100014,0.8641300285934205,0.0,0.14019230604314142,0.7222373443279636,1.0,0.0,0.5308534470685132,0.5282288446050094,0.27602749482621086
E328_769,1.0,0.0,0.0,0.0,0.0,0.1619787072180399,0.13745538195212376,0.0,1.0,1.0,0.10758494332856339
E329_1035,0.0,0.0,1.0,1.0,1.0,1.0,1.0,0.0,0.0,0.0,1.0
E330_361,0.0,1.0,1.0,0.14670039628541803,0.879174611312274,0.41138833120797474,0.0,0.0,0.0026457598855380944,1.0,0.29275840789779023
E331_1252,1.0,0.0,0.0,0.13830161638390093,0.9103753516949011,0.1268775850684445,0.36708693907919765,0.15884067750752937,1.0,0.8530337197170161,0.0
E333_1104,0.0,1.0,1.0,0.7536223724554868,1.0,0.8796544509328972,0.17989368224906596,0.006871655068720744,0.0,1.0,0.2068398734533071
E334_802,0.8484651522519575,0.00900814692920067,0.0,1.0,1.0,0.0,0.17254239955133888,0.9734898340115709,0.9899471958401658,0.7416552568590615,1.0
E335_566,0.0006532062466697861,0.0,0.9149776174917781,1.0,0.0,1.0,1.0,0.0,0.0,0.0,1.0
E336_619,0.0,0.013628369510227317,0.7839831332060141,0.0,1.0,1.0,1.0,0.6041988005238884,0.022469603466403257,0.0,1.0
E337_1299,0.8073983025792392,0.0,0.0,1.0,1.0,0.8002383752313069,0.0,0.16048562490216384,0.9821932489039005,0.7124226596655528,0.36355717166061463
E338_1344,0.0,0.0,0.08976868555688479,1.0,0.0,1.0,1.0,0.0,0.03795917627878109,0.0,1.0
E339_7,0.42229495513682386,0.7805696645738855,1.0,0.02406759034311793,0.2862179799050055,0.0,1.0,1.0,0.2178920038716247,0.0,0.0
E340_1368,0.007541292143538943,1.0,1.0,0.0,0.8194665465397533,0.3017594529704287,0.0,1.0,0.0,0.48047219605466035,0.04630749086032395
E342_574,1.0,0.0,0.11185672629846163,0.8431303809619805,0.1807720439320526,0.17953207981265443,0.0,0.0,0.7716000460616619,1.0,0.09647005282071523
E343_166,0.0,0.0,0.0,1.0,1.0,1.0,1.0,1.0,0.0,0.0,1.0
E344_594,1.0,0.0,0.5462850290207355,0.0,0.29672170896315553,1.0,0.0,0.21790191601065892,1.0,0.9589197713122675,0.0
E345_793,0.0,1.0,1.0,0.25013229809305787,0.4465760446314493,0.11791651534072457,0.0,0.0,0.0,0.762116837132198,0.3212582088460005
E349_1013,1.0,0.0008924836257035607,0.0,0.0,1.0,0.5480003167016418,0.26233492674068304,0.0,0.8070072020993371,1.0,0.11032300327585949
E351_1206,1.0,0.10768074296266401,0.8116023513799768,0.0,1.0,0.0,0.0,0.5487899110575105,0.9855018045624855,0.0,0.6141652660745696
E352_353,0.9808619005776746,0.016219193620533742,0.8636402345771933,0.0040681739209152135,0.0,0.41592033262143396,0.3116137007200122,0.0037769022628617744,1.0,0.0,0.04728497554623222
E353_1452,1.0,0.0,0.0,0.43967239256959456,0.41906456612941634,1.0,0.02148790035727377,0.0,0.7482454020048842,1.0,0.0
E354_40,0.47930636934379434,1.0,0.0,0.10126064156496395,1.0,0.002247096777450818,1.0,1.0,0.63632296932677,0.0,0.16543292036488427
E355_997,1.0,0.0,0.33293819814047837,1.0,1.0,0.0,0.0,0.0,0.9704620144750403,0.025139814712686066,0.0
E356_928,0.0,0.0,0.0,1.0,0.0,1.0,1.0,1.0,0.0,0.0,1.0
E359_793,0.011912156388224687,0.019365033047272686,0.24872786294149088,1.0,1.0,1.0,1.0,1.0,0.0,0.0,1.0
E361_2,0.6213581036631147,0.2844739799499251,0.021840409719677264,0.0,0.4372740796939642,0.06048576850783035,1.0,1.0,0.09472186140318481,0.0,0.057811067716645854
E363_771,1.0,0.021710928469365075,0.03632966285421484,0.0,0.3264197427240366,0.0,0.1235083330449485,0.0,1.0,0.408639556763958,0.7558770037239996
E364_582,0.0,1.0,1.0,0.0,0.14894020728105614,0.5219558649732194,1.0,0.6241098867649971,0.0,0.6195992405966393,0.0
E365_299,1.0,0.02515025824627202,0.3460563576735578,1.0,0.07804906017505432,0.6286100352843241,0.35021765179085723,0.4750934213102691,0.9598860407281556,0.808315281922768,0.0
E366_1213,0.0149261629043122,1.0,1.0,0.021845107705418136,1.0,0.21582316224315226,0.3998576139278895,0.0,0.014369891060486863,1.0,1.0
E367_56,0.6253136135524254,1.0,0.7974029554396826,0.8033316125758379,0.28063356906089115,1.0,0.0,1.0,0.89433162531554,0.0,0.0
E368_47,1.0,1.0,0.5091850090519877,0.0,0.0,0.0,1.0,1.0,0.7304758993927868,0.0,0.0
E370_1143,0.9263488300620739,0.018072776240695396,0.14543687771055375,0.0,0.0,0.371736509496738,0.045226593824104884,0.0,0.8091818062233547,0.7777828931321046,0.0
E371_772,0.0,0.0,0.6227919415829226,1.0,0.0,1.0,1.0,0.7090893199164217,0.026176650125363677,0.0,1.0
E372_1095,0.004261790407587209,1.0,1.0,0.0,0.0,0.35904767118725783,0.0,0.0,0.0,0.2956327990077276,0.1122873721808397
E374_228,0.9753668076023385,0.020151565958957215,0.3722566063214076,0.9759480039740145,0.442951212922731,0.19154451528165825,0.6096730031884798,1.0,0.8698326955443102,0.8742327356962384,0.0
E375_1062,1.0,0.0,0.2611602590546171,1.0,0.3640139477941023,0.0,0.0,0.16418939616766068,1.0,0.19967993901720577,0.04703230151414139
E376_442,1.0,0.0,1.0,0.0,1.0,0.0,0.44534389912649197,0.38529738916663603,1.0,1.0,0.0
E377_881,0.018521222541243533,0.0,0.017249971391280722,1.0,1.0,1.0,1.0,1.0,0.0010620969820031754,0.0,1.0
E378_1359,1.0,0.0,0.7212367361768329,0.1452751083386789,1.0,0.5461926393939245,0.0,1.0,1.0,0.615234929997487,0.0
E379_291,0.8340634622684703,0.013145216585594267,0.9802420295183224,0.9001842673224365,1.0,0.6560855536204047,0.0,0.07984841030350216,1.0,0.8309008781214993,0.0
E380_77,1.0,1.0,0.34231664495554887,0.0,1.0,0.16786855482754853,1.0,1.0,1.0,0.5080412762809213,0.0
E381_1072,1.0,0.0,0.0,0.08725133793460717,0.32241234747278863,0.8095137485042481,0.09317490419455655,0.0,1.0,1.0,0.0
E383_1061,1.0,0.046025584625525334,0.4042165117190299,0.2776684513110696,0.0,0.7112633291075633,0.5385963413176356,0.9000612274607277,1.0,1.0,0.7807340741766983
E386_114,1.0,1.0,1.0,0.0,0.4754851149281341,0.0,0.19916316699131706,0.9976751928214262,0.9793558947825637,0.4901809912406819,0.4432018630371509
E388_36,0.2632509898966248,1.0,0.0,0.5594899446885843,0.15329324316818066,0.0,0.0,0.49356018571333077,0.3282497830298522,0.44653396395219197,0.03491776409869432
E389_1223,0.9369052931008703,0.0,0.22383253364143663,0.9986151185937263,0.0,0.21725999199344545,0.5401204634143775,0.0,1.0,0.7333769038071826,1.0
E390_56,1.0,0.9992656462217885,0.0,0.0,0.2650952992734022,0.0,1.0,1.0,1.0,0.009582546153682573,0.16992963801133137
E391_1394,0.0,1.0,1.0,1.0,0.2799315289018171,0.4500177599017266,0.6105032651347376,0.39246005473572,0.02700622564634449,0.7451414012463274,0.0
E393_887,0.05643954461192511,0.0488431833377429,0.0,0.4440058492896687,1.0,1.0,1.0,0.0,0.0,0.0,1.0
E395_1156,0.00047073478032646734,0.0,0.2564831815302049,0.0,1.0,1.0,1.0,0.04750035522521072,0.0,0.0,1.0
E396_552,0.8856602126773525,0.03832101292599441,0.0,1.0,0.0,0.2181567831841713,0.21183765147511713,0.035531544295789974,1.0,0.9662724747980371,0.1081448772464256
E397_1234,0.0,0.0,0.4641590450320984,1.0,0.5569456391544015,1.0,1.0,0.0,0.0,0.0,1.0
E398_672,0.0,0.010554520644521111,0.001108693157547512,1.0,1.0,1.0,1.0,0.0,0.0,0.0,1.0
E401_725,0.0,0.0,0.0,0.6413578489296957,1.0,1.0,1.0,0.8104597421047393,0.0,0.0,1.0
E402_73,0.918711223531178,1.0,1.0,0.0,0.0,0.24264234778990668,0.0,0.5065392109902012,0.800464142984667,1.0,0.0
E403_671,1.0,0.017956882967761677,0.2351695372096971,0.37748514790767906,1.0,0.08256258810959488,0.3042774635102573,1.0,0.9665556335064504,1.0,0.08834208009846234
E404_693,0.005821222530255767,0.0,0.0,0.7902001942135737,1.0,1.0,1.0,0.0,0.0,0.0,1.0
E405_1222,1.0,0.0,1.0,0.3243809091935096,0.018835883682325843,0.0,0.12700531735827666,1.0,0.9358313399702409,1.0,0.0832826744628403
E407_402,0.9072726122494762,0.12262726488335808,0.0,0.0,0.0,0.0,0.0,0.0,0.7783375035730915,0.8826255389107566,0.0
E408_1462,0.0,1.0,1.0,0.0,0.4627557279862332,0.0,0.04869977746469964,0.9967186820836788,0.0,1.0,0.0
E409_157,0.9611998894282061,0.0,1.0,1.0,1.0,1.0,1.0,1.0,1.0,0.0,1.0
E410_1346,0.0,0.030457717602422236,0.0,1.0,1.0,1.0,1.0,0.12626172850196116,0.0,0.0,1.0
E411_1001,0.8783244797829133,0.0,0.0,0.0,0.0,0.0,0.09856557721978754,0.0,1.0,1.0,0.0
E412_288,1.0,0.015295878297154088,0.04848145600438739,0.0,0.0,0.0,0.36738813247123037,0.0,0.9216164619089654,0.4657152149609445,0.0
E413_276,0.0,1.0,1.0,0.0,1.0,0.0,0.11990196459838526,0.8943063533054421,0.0,0.2304795091074491,0.3714310851921828
E414_205,1.0,0.0,0.0,1.0,0.0,0.0,0.4212659561345657,0.2982361105195792,0.9177476144157829,0.5317696387155565,0.0
E415_928,0.0,1.0,1.0,0.0,0.0,0.5390201507282243,0.7368031078827426,0.6219917515967041,0.0030364682866825935,0.04145591956780274,0.0
E416_933,0.8943769028400735,0.013637971536624795,0.0,0.0,0.2811933729661009,1.0,0.5035100279484688,0.0,1.0,1.0,0.0
E418_30,0.3890229079736746,0.3209160629480771,0.0,0.0,1.0,1.0,1.0,1.0,0.5367659046500284,0.0,0.0
E419_733,0.8499965861708466,0.06638360698292105,0.0,0.5020977555318215,0.0,0.0,0.21409568594079909,0.3154591624104166,0.9700029008494496,0.5130275040899547,0.9834818547037508
E421_33,0.18837625389902887,0.5673441454175588,0.21069784409768724,0.0,0.48449547635218265,0.3243559203610115,1.0,1.0,0.17556862403344672,0.0,0.31400023073549094
E422_166,0.0,0.0,0.04112695401357192,1.0,1.0,1.0,1.0,1.0,0.0,0.0,1.0
E423_1268,0.0014488133349486517,1.0,1.0,0.3442260181451412,0.0,0.0,0.0,0.08115204459281593,0.030474014279535652,0.4527789524172729,0.02152132099529347
E424_1350,0.7692274748359854,0.005446212163003576,0.0773537248085351,0.8572764462256132,0.45255931177503816,0.0466865457556078,0.8943838947742574,1.0,0.8380272327438432,0.6329697805683208,0.0
E426_649,1.0,0.013239742143695379,0.0,0.0,0.16449036993417,0.2950921367879448,0.4839791378028742,1.0,1.0,0.3550484763850347,0.9243304744749593
E428_1416,0.749782435306449,0.0014109403437116959,0.05126339738089059,0.0,0.0,0.05323253222280747,0.0,0.19719168764195386,1.0,1.0,0.0
E429_148,0.0,1.0,1.0,0.4166857545852257,1.0,0.6939553655645223,0.17417059212910055,1.0,0.0,0.0,0.10811058752688081
E431_1000,4.173276562870871e-05,0.10238241068962661,0.08698640769815887,1.0,0.0,1.0,1.0,1.0,0.0,0.0,1.0
E432_1168,0.824060208119991,0.0,0.0,0.0,0.0,0.0,0.0,0.0,1.0,0.7988763374206123,0.8112516525848892
E433_857,0.0,1.0,1.0,1.0,0.29681721371454883,0.1629046237061566,0.06990195014233123,1.0,0.0,0.977427212452576,0.3738960138419843
E434_651,1.0,0.018567459345847925,0.26740697980449474,0.07138851797606129,0.0,0.0,1.0,0.24100450430793632,0.9571707634441472,1.0,0.0
E435_640,0.0,1.0,1.0,0.5399577709561673,0.5068154010924074,0.0,0.02982180481624949,0.0,0.0,1.0,0.2662240121556119
E436_600,1.0,0.0,0.0,0.2360994991230537,0.0,0.05486571963534389,0.5853349858133148,1.0,1.0,1.0,0.0
E438_1237,0.0,1.0,1.0,0.07595704784090235,0.0,0.0,0.22005744886735512,0.0,0.0031551996363223212,1.0,0.07871419515495251
E439_1157,0.8760090508991871,0.0,0.4211907820606708,1.0,0.0,0.0,1.0,0.0,1.0,0.5395749935402462,0.10435904690457704
E440_313,0.9607530367808919,0.0,0.0,1.0,0.0,0.24192291638797747,0.0,0.0,1.0,0.669781919159544,0.3385415633284557
E441_325,1.0,0.09137266839487908,0.0,1.0,0.0,0.3604732061103185,0.1551375206490717,1.0,1.0,0.8770991394427448,0.14366564756889005
E443_1007,0.040316071604904594,1.0,1.0,1.0,0.30087379917766177,0.050494364805616136,0.730396984221059,0.0,0.012173112112379758,1.0,0.0
E444_966,0.0,1.0,1.0,0.0,0.0,0.0,0.08611386936875502,0.0,0.0,0.19742124595961727,0.034235298768351
E446_506,1.0,0.0,0.05194638881627888,0.0,0.0,0.0,0.0,0.05368364898957261,0.735319894705359,0.5346588429030583,0.0
E447_383,1.0,0.0,0.0,1.0,1.0,0.3302256003308814,0.043940337409543326,0.0,0.9698425695812419,0.5282809006807081,0.23299918018084137
E448_489,0.0,0.0,0.0,1.0,0.0,1.0,1.0,0.0,0.0,0.0,1.0
E449_222,0.8713444092219895,0.05955516130810173,0.17955483342564724,0.0,0.0,1.0,0.0,1.0,1.0,0.2740690688260985,0.0
E450_1415,0.0,1.0,1.0,0.5843955892376758,1.0,0.014240194412159752,0.03798049384199792,0.0,0.0,0.0,0.0
E452_995,0.0,0.033645226407101055,0.0,0.0,1.0,1.0,1.0,0.7537107486231828,0.01131871897225439,0.0,1.0
E453_1296,0.014461373481294079,0.2795880603376526,0.07403784769658811,0.0,1.0,1.0,1.0,0.44883408740812697,0.0,0.0,1.0
E454_484,1.0,0.0705730568131501,1.0,0.0,0.14124436222986064,0.20895426487692378,0.021637397676533644,0.39537085268962713,1.0,1.0,0.2240641868379376
E455_184,0.0,0.0,0.5126164794628922,1.0,1.0,1.0,1.0,1.0,0.0014071672252721392,0.0,1.0
E456_624,0.0,1.0,1.0,0.8284786549928825,0.0,0.0,0.0,0.0,0.0,0.3311286137872298,0.06933903267576906
E457_143,0.0,0.0,0.44730782502491406,1.0,1.0,1.0,1.0,1.0,0.0,0.0,1.0
E458_1245,1.0,0.0,0.4179805020885351,0.46889843946252496,0.285026820020515,0.0,0.0,1.0,0.9675069032612786,0.0,0.07694259177391424
E461_796,0.010256264315420678,0.0,0.0,1.0,0.09834409464005767,1.0,1.0,0.10079678806723004,0.013268272509118014,0.0,1.0
E462_1158,1.0,0.1076588118005228,0.18651105809288757,0.17105698032477815,0.0,1.0,0.15509337968820244,0.08911873920229485,0.9254506871584411,1.0,0.08787893722561849
E464_1401,0.0,0.0,0.5845755286016612,1.0,0.04473098381714133,1.0,1.0,0.0,0.0,0.0,1.0
E466_120,1.0,1.0,0.0,0.0,0.0,0.0,0.5216586491513104,1.0,0.6466911704941998,1.0,0.16649089638895262
E467_217,0.024743492058762535,1.0,1.0,1.0,1.0,0.8480345185979039,0.0,0.07484906435383108,0.020437264043466876,1.0,0.0
E468_929,0.0,1.0,1.0,0.22159842967265944,0.16881852388922505,0.42613551916423703,0.02546337850767542,1.0,0.0,0.9212987149592767,0.0
E469_1130,0.842550351406038,0.0022479620133097366,0.0,0.0,1.0,0.0,1.0,0.7863402627822998,1.0,0.8116569151899293,1.0
E470_485,0.0,0.023303734995520724,0.0,0.2188683869770067,1.0,1.0,1.0,1.0,0.0,0.0,1.0
E471_1473,0.0,0.0,0.0,0.20798782495467358,1.0,1.0,1.0,0.2197451191492811,0.0,0.0,1.0
E472_74,0.1078395988984759,1.0,0.07732624731874944,0.2501171198483432,0.38013118980865557,0.0,0.09003860586573763,0.42731783716847715,0.09582893947169523,0.0,0.7029720497576334
E473_55,0.6154220718099979,1.0,0.12268892828892353,0.0,0.0,0.5223371654537544,1.0,1.0,0.44950780660259276,0.0,0.0
E474_1276,0.0,0.0,0.0,1.0,0.07477846933879151,1.0,1.0,0.0,0.0,0.0,1.0
E475_1240,0.0,1.0,1.0,0.0,0.0836044543916263,0.06052034594471206,0.3698470679005717,0.0,0.0,1.0,0.24140898046359274
E477_301,1.0,0.08668664749455039,0.35608306172309107,0.7915985423695165,0.042515456904102696,0.0,0.0,0.6484574463420519,0.9409742669861356,0.6645798724153527,1.0
E478_602,0.9639296238103898,0.027137305038789576,0.3407405506647483,0.0,0.3357062965090472,0.0,0.21771790677450087,0.07687003818019406,1.0,1.0,0.02853568060265473
E479_164,0.0,0.0369978956544567,0.044474056724675845,1.0,1.0,1.0,1.0,1.0,0.007504643973990248,0.0,1.0
E480_974,1.0,0.0,0.22472030770941465,0.00975943366471961,0.40283582327275824,0.282170438012237,0.1549082530465914,0.8838412629312108,1.0,0.3149679662428259,0.0
E481_1081,0.954878765891186,0.0,0.0,0.0,0.0,0.0,0.14159577399207152,0.0,0.8256588679591841,0.3241998232208696,1.0
E482_1480,0.0,1.0,1.0,0.0,0.874157233545999,0.28759479493883694,0.0,0.148899475440497,0.0,0.19523460280055666,0.0
E483_553,0.02227926245402646,1.0,1.0,0.16606427651826333,0.0,0.3106525471914318,0.028140015962954883,1.0,0.0,1.0,0.0
E486_279,0.8405589138631552,0.005801779167778222,0.06599576293561575,0.3970016970745948,0.012592213940654443,0.0,0.0,0.8314806986416877,1.0,1.0,7.778652925168751e-05
E488_1447,0.9435549206500399,0.0,0.35496807679416353,0.0,0.0,0.0,0.0,0.0,1.0,0.08505394709520765,0.21857949489978146
E489_1379,1.0,0.06649862886930788,0.0,0.12003580151380354,0.320821889477748,0.08011181704666759,0.0,1.0,1.0,1.0,0.0
E490_521,0.9878212343590708,0.002396289820506507,0.42925025939290035,1.0,0.43014274664833735,0.18859512415794896,0.0,1.0,1.0,0.3480268468056902,1.0
E491_835,1.0,0.053817790431781656,0.03257676070261179,1.0,1.0,0.015436634238763888,0.02131795324561904,1.0,1.0,0.0,0.0
E492_1206,0.0,1.0,1.0,0.0,1.0,0.0,1.0,0.07520475778733052,0.0,0.8542676239791848,0.060863681700549274
E493_1313,1.0,1.0,1.0,1.0,0.15787954290999875,0.037299766340018824,0.0,0.6461029305596107,0.0,1.0,0.0
E494_1392,0.9370220469170999,0.013480544080026358,0.24650737004663048,0.6065431412236252,0.0,0.5367181303783557,0.38628969641231514,0.822389707709552,1.0,1.0,1.0
E495_1457,1.0,0.0853554187275058,0.0,0.15327754883493977,0.1625233751540226,0.0,0.0,1.0,1.0,0.9448699098189045,0.1303322178960301
E496_1469,0.0,1.0,1.0,0.060345747216267266,1.0,0.0,0.799453295176688,0.9176465178667527,0.0,0.36277048911888066,0.0535972215755963
E497_645,0.0,0.00044393196951995916,0.1319858888855967,1.0,0.2707973693942208,1.0,1.0,0.0,0.003859665717668592,0.0,1.0
E498_814,0.9602737842094525,0.06657839533041222,0.2797179170278644,0.1504735271331036,0.0,1.0,0.04877228882318003,0.0,0.9326407260690731,1.0,0.0
E499_138,0.6836303396909681,0.0045550490610662174,0.3337669300846228,1.0,1.0,1.0,1.0,1.0,1.0,0.0,1.0
E500_1129,0.0,1.0,1.0,0.24305732318917855,0.2111255769683828,0.45937703059917057,0.0,0.0,0.005573519430894045,1.0,0.10267719762250724
E501_620,1.0,0.0,0.0,0.1940256644392549,0.25600203333348376,0.581459983799725,0.0715995177280901,0.0,1.0,0.3241729809122211,0.3065912471490465
E502_43,0.040601595707849575,1.0,0.0,0.0,0.0,0.0,1.0,0.06174904591869847,0.08542459124765382,0.0,0.14459724963230372
E503_894,1.0,0.012333182783304936,0.016280046121827603,0.3454839765588405,0.7110984751995039,0.11387305626306478,0.13267927984613703,0.0,1.0,1.0,0.17239064324027842
E504_893,0.0,0.0,0.0,1.0,0.24871571643837487,1.0,1.0,1.0,0.0,0.0,1.0
E505_318,0.055933012325762144,0.0005954913794585609,0.0,0.9438201528635085,1.0,1.0,1.0,0.0,0.0,0.0,1.0
E507_518,0.8956636064460579,0.07449722065451622,0.1494772898179907,0.0,0.0,0.05765281245828851,0.5398896033027504,1.0,0.9190365399121626,0.744490312645594,0.6021153749273012
E510_1053,0.010988582670992389,1.0,1.0,0.10038642967989993,0.32299378486321867,0.3082913275724884,0.4297367701914778,0.0,0.0013499442440622893,1.0,0.0
E511_322,1.0,0.048662800940909794,0.0,0.7678834313174993,0.5226233760070841,0.12095643699120662,0.7426782935458525,1.0,1.0,0.512920989844512,0.5688922042738808
E512_624,1.0,0.0,0.0018527065833733247,1.0,1.0,0.343096731146391,0.8542752702955818,1.0,0.9950708817317462,1.0,0.07105820109928931
E513_899,1.0,0.005911194697556961,0.5843700044116744,0.3368817782158359,0.04958501209229741,0.28924549179726194,0.0,1.0,0.9920515681779632,1.0,0.7535389613867349
E514_159,0.0,0.028994691926356803,0.0,1.0,1.0,1.0,1.0,1.0,0.0,0.0,1.0
E515_939,1.0,0.004202761629955596,0.0,0.14197751578192663,0.3714285805453777,0.0,0.07816462177788784,0.7022755348785947,1.0,0.5734422051258887,0.17275490106797192
E516_8,0.6025139498716456,0.7489700133856273,0.4437311471905865,0.09231931817647362,0.0,0.05973621669160746,1.0,1.0,0.3541743662282015,0.0,0.13866973605857666
E517_1171,1.0,0.08494535614933865,0.0,1.0,0.0,0.26097803270588393,0.0,1.0,1.0,1.0,0.08574767063397978
E518_382,1.0,0.004228472202709682,0.0,0.19694732962515207,0.02628570838192875,0.46857103517962145,0.10946909537348178,0.16161072327031956,0.8649382916528048,1.0,0.19956455141511759
E519_1134,0.0,0.0,0.13510146184112487,0.0,1.0,1.0,1.0,0.4253071891399922,0.06103310650256733,0.0,1.0
E520_769,0.8608799569421909,0.0,0.026119345030770808,1.0,0.0,0.0,0.0,0.0,0.9986832578864663,1.0,0.8510080385502544
E521_109,0.9880062066521177,0.15816267088158165,0.4620026990005858,0.0,0.3569968023296044,0.0,1.0,0.2973773606613041,1.0,1.0,0.42447026552594475
E522_286,1.0,0.022004938487995812,1.0,0.0,0.08826972976464283,1.0,0.3072059343615156,0.0,1.0,1.0,0.3750070768919251
E524_911,1.0,0.01081200463285366,0.04151364025805073,1.0,1.0,1.0,0.08051297783729286,0.9267863350930101,0.7818074467503382,0.7120550337505794,0.16934240747910562
E525_1261,0.0,1.0,1.0,0.0,0.0,0.0,0.21715645875652048,1.0,0.0,0.5214023278841994,0.0
E526_823,1.0,0.0,0.4416840009654139,0.0,1.0,0.2579450062500939,0.0,1.0,0.8180377630022362,1.0,0.0
E528_448,1.0,0.0,0.0,0.024667091289757047,1.0,0.17362690368354627,0.1871847151732085,0.0,1.0,0.44469514742180327,0.1127338663066558
E529_871,0.0,1.0,1.0,1.0,0.2710927246561453,0.20394660495340303,0.0,0.0,0.0,0.47370550621741814,0.021838726274089643
E530_285,1.0,0.02753513004422635,0.0,1.0,0.0,0.0,0.00046962526626035875,0.02073574187966132,0.9729426660473688,0.5815907009459333,0.0
E531_835,1.0,0.003248859376455635,0.0,0.0,0.08081498279269737,0.028082584673105464,0.14079948492267974,0.0,1.0,1.0,0.0
E532_454,1.0,0.026926986503453734,0.5823894169674587,0.0911281897706346,0.0,0.0,0.13191437498059141,0.23764288119916424,0.997410188135567,0.9044595522551867,0.0
E533_896,0.0,1.0,1.0,0.3528550227713368,0.0,0.0,0.0,1.0,0.0013059098910945543,0.5356712656166239,0.05475433457950155
E534_366,0.991994414856457,0.0,0.0,0.09463914177538842,0.6960691836987438,0.0,0.8026080890536472,0.39628945111262237,0.9870972829388526,0.49779284778302885,0.03853495475108342
E535_1358,0.012100733423529486,1.0,1.0,0.20058149725568253,1.0,0.0,0.0,1.0,0.0,1.0,0.4682902602467918
E537_544,0.045284667456686925,0.0,0.3406654329966732,0.15223701904748882,1.0,1.0,1.0,0.0,0.0,0.0,1.0
E538_377,0.0,1.0,1.0,0.0,0.6882072255290644,0.0,0.0,0.0,0.0026299660875093635,1.0,0.0
E539_1147,1.0,0.0,1.0,0.11311624398265313,0.8020949597603032,1.0,0.0,0.28257443548522154,1.0,0.34384593732870555,0.0
E540_831,0.0,1.0,1.0,0.8658398523598211,0.2990827279663664,0.0,0.08296852073762861,0.0,0.01904297203314509,0.8984728544827815,0.8001838657295081
E541_394,1.0,0.0,0.13493563810988585,0.0,1.0,0.3363745060602651,0.0,0.0,0.940674102007727,0.5108651049057213,0.1691493928612789
E543_1345,0.9820204678797192,0.0,0.0,0.056051514524432716,1.0,0.0834426444037499,0.608463953998699,0.5187245681573687,1.0,1.0,0.09694059026422758
E544_1015,1.0,0.2576888540260672,0.02045441491865793,1.0,0.0,0.7887954691251887,0.5974046655740939,0.0,1.0,0.6772271130539839,0.0
E546_743,0.015332833886805149,0.04072450429198857,0.048900204384654554,0.0,1.0,1.0,1.0,0.0,0.0,0.0,1.0
E547_848,1.0,0.0,0.14561895515082524,0.0,0.0,0.0,0.013761481319552557,0.8245024121290796,1.0,0.4445940236801656,0.327661300393146
E549_888,0.0018561156510734222,1.0,1.0,0.30896099159858104,0.7835903472447088,0.0,0.0,0.05442169516419076,0.02021982516798819,1.0,0.0
E550_186,0.830280522930062,0.7879519430958639,1.0,0.6227327994869059,0.0,0.0,0.1497392204462517,0.4501886586285215,0.8846022605343689,0.8053407427252368,0.0
E551_1099,1.0,0.033770591928151315,0.0,0.0,0.07537157621357334,0.7628381623518777,0.0,0.3522605912419804,1.0,0.20158209550844486,0.025568775269532922
E552_280,0.0,0.19294302934945662,0.376448049698718,0.004194451755044659,1.0,1.0,1.0,1.0,0.0,0.0,1.0
E553_876,0.004227313301324528,1.0,1.0,0.0,1.0,0.7232618405011548,0.6376209277028937,1.0,0.0037034823604696686,0.6008609768018328,0.34135083826764506
E554_1185,0.0021743503754778565,0.023018919399533586,0.32916091889927307,1.0,0.0,1.0,1.0,0.6155061243456298,0.036498341435242075,0.0,1.0
E555_551,1.0,0.005794955651491438,0.0,0.13780195019082966,0.06784505836592555,1.0,0.0,1.0,1.0,0.9746476797366973,1.0
E556_1242,0.0,1.0,1.0,0.0,0.2623739403697455,0.0,0.0,0.0,0.0004328743007738352,0.8930700593147086,0.250616981207153
E557_797,0.0,1.0,1.0,0.47118850921285843,0.0,0.0,0.0,0.11010362074068421,0.0449862758963287,0.6988895203546359,0.0
E558_1331,1.0,0.0,0.39167466300227843,0.0,0.05007700830758534,0.02777725713567604,0.0,0.2102276148795555,1.0,1.0,0.23973674385534002
E559_372,0.002836243161932243,0.013490965650800513,0.0,1.0,1.0,1.0,1.0,1.0,0.0,0.0,1.0
E560_473,1.0,1.0,1.0,0.3598991458542518,0.17142053503495866,0.0,0.07208662069996774,0.0,0.034679116248352376,0.35038259855733594,0.0
E561_331,0.0,0.021820410054776116,0.2294100356570949,1.0,1.0,1.0,1.0,1.0,0.17433001155445796,0.0,1.0
E562_691,0.0,1.0,1.0,0.5963489980210854,1.0,0.9349146893630492,0.21427990210314465,0.5700995736890042,0.0,1.0,0.008896093364559703
E563_528,0.9239105686398442,0.01608529288026043,0.07415178527055923,0.0,0.7023846725318585,0.0,0.0,1.0,1.0,1.0,0.0
E565_74,1.0,0.27376586302622163,0.5538980381135804,0.04146098586863786,0.19944782797803084,0.07629178012449904,1.0,1.0,1.0,0.0,0.010052042695766967
E566_439,1.0,0.05378940235773381,0.26268319635293935,0.0,0.0035780768332172863,0.6493804531237023,0.0,1.0,0.6910199547641737,0.5838894236416569,0.0
E567_765,0.7633891070706519,0.09946548001602794,0.9433282397395514,0.22346182201725878,1.0,0.0,0.21590964419935288,0.0,0.945909443623908,0.20342672600041836,0.4099909737109841
E568_1184,1.0,0.17750115662243998,0.0,1.0,0.09000514227841629,0.3797411247479759,0.15501630268021455,0.32555783476763434,0.8366677593491212,0.7552456557774931,0.0
E569_1349,0.0,1.0,1.0,0.18251314353545428,0.6239413876560246,0.0,1.0,1.0,0.0,0.9794744835667825,0.0
E570_332,0.02144014222350527,0.0,0.8249974343560336,1.0,1.0,1.0,1.0,0.39441555143370643,0.0,0.0,1.0
E571_414,0.01897481906225023,1.0,1.0,0.0,0.9811131188060462,0.7378843765726197,0.0,1.0,0.0,0.9502609625629601,0.056461575021608874
E572_1196,1.0,0.0,0.0,0.4562144435453086,0.7864522958282049,0.23675888800230047,0.0,0.0,1.0,1.0,0.0
E574_825,0.0,1.0,1.0,0.2882858316985342,1.0,0.16802260859571097,0.18234786850927845,0.0,0.0,0.5433991709051478,0.002090056087562416
E578_337,1.0,0.18805518060488152,0.0,0.07595238652446451,1.0,1.0,0.028078402699518876,1.0,0.9543505944817776,0.7322158991544131,0.028368645132420708
E579_590,1.0,0.06461180403024928,0.18484851658900406,1.0,0.0,1.0,0.0,1.0,1.0,1.0,0.060840689388559424
E580_700,1.0,0.0016288012621814179,0.09533967231127403,0.0,0.0,0.297458175746217,0.3905667854509416,1.0,1.0,1.0,0.0
E581_104,0.9100495198567918,0.17759506606311123,0.0,1.0,0.0,0.6010245327607177,0.04822372270987711,0.0,1.0,0.3754725160370055,0.0
E582_116,0.03547483003149806,1.0,1.0,1.0,0.15738490628462154,0.0,0.035854492415092844,1.0,0.004411009285928994,0.9412258286637445,0.0
E583_493,0.7380666651401587,0.004930440362032281,0.3573133369868897,0.256050844799145,0.0,0.41398684037937067,0.0,0.9293965236045194,0.8403530510102482,1.0,0.08465909881414294
E585_105,0.7835097544656889,1.0,1.0,0.0,0.0,0.0,0.4386773659355293,0.30392483387619473,1.0,0.8919075434888434,0.0
E587_206,0.7328067386982896,0.0,0.1709816888555361,1.0,1.0,1.0,1.0,1.0,0.7971998092598942,0.0,1.0
E588_867,0.9869119105198275,0.4452856684173586,0.0,0.653541568663052,0.0,0.021446000720724025,0.0572782951122495,1.0,1.0,0.7309915456212471,0.0
E589_1256,0.0,1.0,1.0,0.09734635951364139,1.0,0.5643461796555477,0.0,1.0,0.0,0.40161550088143216,0.0
E591_124,0.0,0.9723443130203109,0.8508569268296726,0.0,0.13602302641568292,1.0,1.0,1.0,0.018801799641838507,0.0,1.0
E592_1033,0.0,0.03353261584205944,0.0,1.0,1.0,1.0,1.0,0.15823982892187177,0.034514629125913604,0.0,1.0
E593_453,1.0,0.07946968934068076,0.0,0.3185983413928504,0.9218966744412792,1.0,0.6513117892736906,0.7855521525114866,1.0,1.0,0.11094564197201258
E594_84,0.011808403929284731,1.0,0.8601904495448839,0.0,0.0,0.1432903540690889,0.0,1.0,0.0,0.7443649618438002,0.042225036607431876
E595_1254,0.0,1.0,1.0,0.0,0.0,0.0,0.0,0.0,0.0054418564231738095,1.0,0.0
E596_83,0.36750533225343,1.0,0.0,0.0,0.0,0.026048583861468577,1.0,1.0,0.6073303265861406,0.0,0.11523161357329004
E599_778,0.01683421020756164,0.0023328034156917766,0.0,0.5882117237579805,1.0,1.0,1.0,1.0,0.0,0.0,1.0
E600_867,0.0,1.0,1.0,0.8770270113046031,0.24210444044153412,0.0,0.24206198699460035,0.0,0.0014844070687423131,0.7930695201066631,0.8638640170685525
E601_749,0.0,0.0,0.18709020887779204,1.0,0.19193435506743325,1.0,1.0,0.0,0.0,0.0,1.0
E603_35,0.9084737919509275,0.38733351704210084,0.0,0.5472430928308505,0.10948907910989507,0.0,1.0,1.0,0.7056017573956984,0.18610160344454335,1.0
E604_159,0.0001688062290712046,1.0,1.0,0.0390497150394753,0.17812351834934895,0.0,0.0,0.0,0.004106839093800311,0.9929763811787181,0.17362979847140655
E605_1336,0.003967037687508268,1.0,1.0,0.0,1.0,0.0,0.08366207018164126,0.5074346188383234,0.0,1.0,0.2589090590160361
E606_1016,0.0,0.03080745690007224,0.004053376688182075,1.0,1.0,1.0,1.0,0.0,5.595729197394162e-05,0.0,1.0
E607_1033,1.0,0.016919321680076614,1.0,0.581458579578852,0.8653899583440665,0.05768686825374372,0.5258951913926823,0.0,1.0,1.0,0.1544692432799537
E608_818,1.0,0.008521659812364343,0.026583011683304618,1.0,0.0,1.0,0.24330943147443432,0.0,1.0,0.0,0.0
E609_1289,1.0,0.009269046436773513,0.0,0.0,0.05625416375745783,1.0,0.0,1.0,1.0,1.0,0.0
E610_1133,0.9901388247827008,0.0,0.6893269737818024,0.0741624867058719,0.3924074861270014,0.0,0.4368406285517506,0.4262297127035949,1.0,0.9391289352925613,0.0
E612_1160,0.023327213273375308,1.0,1.0,0.0,1.0,0.0,0.0,0.0,0.000566253888512761,0.3072537111240076,0.0
E614_108,0.06445575838613148,0.006571838000793742,0.07623189769096701,1.0,1.0,1.0,1.0,1.0,0.0,0.0,1.0
E615_521,0.7895359348036598,0.02656713800719752,0.04615003226250428,0.13329768736689646,0.0,0.10185354809830864,0.0,0.4950583939136745,1.0,0.12013654048547291,0.0
E618_522,0.0211852891130855,1.0,1.0,0.0,0.7951632995967568,0.0,0.0,0.0,0.0,1.0,1.0
E622_1027,0.002800921805243693,1.0,1.0,0.8004171133864959,0.0,0.5692659036635099,0.0,0.0,0.0,0.6753683432354319,0.0
E623_1056,1.0,0.0,0.0,0.10428425014244787,0.3708513474287548,0.0,0.0,0.0,0.8084604904901225,0.07754997304779912,0.621950784284114
E625_1415,0.023297469093025033,0.003944214596115418,0.0,1.0,1.0,1.0,1.0,0.4470053616482136,0.02023145195745667,0.0,1.0
E626_276,1.0,0.06881735206887692,0.0,1.0,0.0,0.29503598984216745,0.0,0.8947497208112934,1.0,0.6611699730116763,0.0
E627_959,0.9247256314797576,0.0039992310689134095,1.0,0.9886319655023174,0.0,0.0,0.16767027953727928,0.32708894099482727,1.0,0.3935805097459602,0.30787688717819855
E628_1051,0.0126855864719429,0.009336758112446072,0.471798490548604,1.0,0.8091140991788185,1.0,1.0,0.26355261728384527,0.0,0.0,1.0
E629_349,0.9877521844718071,0.0036491908059101182,0.4343556845248902,0.7678836111141641,0.5016983128775483,0.0,0.31418249083952055,0.14231626481605664,1.0,0.7973030173306163,0.0
E630_973,0.0014815586215102402,1.0,1.0,1.0,0.6306953071602548,0.0,0.0,0.4112943929799548,0.0,0.6692962297551963,0.3236363930944387
E631_255,1.0,0.004349315537428479,0.4893077411989345,0.11162117881482973,0.0,1.0,0.0,0.0,0.918436049076343,1.0,0.0
E632_508,0.0,0.005024440384727378,0.1365807779822464,0.07528910861096032,1.0,1.0,1.0,0.2911275423047964,0.021394473973033654,0.0,1.0
E633_101,1.0,1.0,0.0,0.40957120504994904,1.0,0.7336298034421554,0.0,0.22990679769862424,1.0,0.47690120229144506,0.23124661137680602
E634_530,0.0,1.0,1.0,0.8399177881716426,1.0,0.0,0.18072873022893227,0.802423608611573,0.0,0.8685010810376564,0.09544381649172906
E635_398,0.9977997659868479,0.08641029279699192,0.0,0.0,0.0,0.029519869677761094,0.0,1.0,1.0,0.8773251841919076,1.0
E636_713,1.0,0.0,0.5732129332440621,0.0,0.14665395364949327,0.0,0.0,1.0,1.0,1.0,0.9503565332507437
E637_902,1.0,0.34087648988051117,0.017302183324229045,1.0,0.4435636127999752,0.5975409471929789,0.08239578625361771,0.0,0.9951491900544339,0.6802724099506005,0.17547478876945913
E638_1120,0.9380456238355955,0.029040987852357942,0.0,0.0,0.14462517007298295,0.2525220609700856,0.197680996013584,0.0,1.0,0.8097535948521918,0.0
E639_137,0.011830259690107581,1.0,1.0,0.5284986429881203,0.0,0.0,0.04306283829056619,1.0,0.0,0.867509366279689,0.5026028001784053
E640_115,0.04004932170339621,0.023760942155854916,0.09875699932867166,1.0,1.0,1.0,1.0,1.0,0.0,0.0,1.0
E641_669,0.0,1.0,1.0,0.0,0.0,0.16706533304777083,0.0465226563862226,0.5190006693442795,0.0,1.0,0.041664411333799035
E643_301,0.9140747648480413,0.0,0.0,0.4569341099599201,0.6909645409117987,0.0,0.3694969676689194,0.07708350190734867,0.9216808285464917,0.9667787946868535,1.0
E644_1412,1.0,0.0,0.0,0.0,0.0,0.12284125136536098,0.18775966573010117,0.0,0.9588313862437632,1.0,1.0
E645_726,0.0,1.0,1.0,0.13030776351864207,0.026776828154688466,0.0,0.0,0.0,0.0,0.9153376983017006,0.0
E646_1409,0.7590428073227777,0.16938068150628338,0.0,0.6772119895700548,0.6176279451232476,0.0,0.10824325962986207,0.9951531328845087,1.0,1.0,0.0
E648_529,0.0,1.0,1.0,0.4616858845292103,0.42560028320304527,0.0,0.16119344165742344,0.11740072303353699,0.0,0.9870139285704894,0.3474084288576693
E649_909,1.0,0.0,1.0,0.7739517898792297,0.0,0.22652715075005145,0.04645540170967482,0.9061760349367178,0.7842801413872822,0.15501125646833624,0.2708501729446742
E650_1260,0.006532685175067478,1.0,1.0,0.7803176262289819,0.3426970080822688,1.0,0.786897412825802,1.0,0.0,0.41578344114012306,0.1727570473560984
E652_1419,0.9319069586363323,0.0014797242303646757,0.0,0.2099727338981903,0.0,0.08085895453028186,0.3437524440834053,0.0,1.0,0.16514509788693799,0.0
E653_1366,0.9850728893830065,0.08384118684022131,0.0,0.8367926945426601,0.7051332659530268,0.0,0.008467638388672902,0.0,1.0,1.0,1.0
E654_1304,1.0,0.053461833399112875,0.24149712046057822,1.0,1.0,0.0,1.0,0.4032702131979767,1.0,1.0,0.30003073005696923
E655_937,0.0,0.0,0.0,1.0,0.4748424227360589,1.0,1.0,1.0,0.0028816818901797234,0.0,1.0
E656_867,0.0,0.007210671886271313,0.08985693698384142,0.0,1.0,1.0,1.0,0.014714358291702808,0.00445132304708836,0.0,1.0
E657_646,1.0,0.03811411245179362,0.7618661186159179,0.03069248943098973,1.0,0.49305716784496034,0.0,0.3241517652846883,0.9963445819649667,0.9006726856612393,0.42306498595607345
E658_104,0.02773029620491589,0.0,0.6250338759181643,0.03143688077059861,0.0,0.76573881705725,1.0,1.0,0.016909541542826617,0.0,0.0
E660_61,0.13179062328238483,1.0,0.524114350445091,0.7053548270856776,0.0,0.0,1.0,1.0,0.1902667616685403,0.0,0.0
E662_717,0.02961927102676044,0.0,0.7554564173155147,1.0,1.0,1.0,1.0,0.0,0.0,0.0,1.0
E663_424,0.8869203185418102,0.0,0.2546046465601858,0.13933938282073016,0.0,0.05477725710573337,0.0,0.8755160505324805,0.9692390394854559,1.0,0.23955994431397226
E664_404,0.0,0.0,0.0,0.4018506917202959,1.0,1.0,1.0,1.0,0.0,0.0,1.0
E666_894,0.013004898154562917,1.0,1.0,0.4332667034764295,1.0,0.2792270493970945,0.26522751005037754,0.0,0.009429913234314082,1.0,0.41752304048296346
E668_1404,0.0,0.01103651465409221,0.0,0.17562873746103222,1.0,1.0,1.0,0.40230950330086834,0.0,0.0,1.0
E669_836,1.0,0.0,0.08921115903088922,0.0,0.16171984871057354,1.0,0.0,0.4903571173084427,1.0,0.7183925645560699,0.897886000105935
E670_979,1.0,0.11964092225595208,1.0,0.0,1.0,0.46200543205638006,0.0,0.1659751393846723,1.0,0.5258633265064594,0.11347475875395996
E674_461,0.7664018623886982,0.0,0.44952407675426587,0.0,0.5983388919036262,0.4472531708055743,0.0,0.6218179548157833,0.8068520284704631,0.0007227364949809362,0.0
E675_177,1.0,0.0,0.07526948428319569,1.0,1.0,1.0,1.0,1.0,1.0,0.0,1.0
E676_353,1.0,0.009036039439295714,0.08189845546344642,1.0,0.0,0.645292473152559,0.0,0.3627792364141823,1.0,0.06473565269670842,0.0
E679_449,0.0,1.0,1.0,0.0,1.0,0.15058738458622806,0.0,0.9185364326694974,0.0,0.7928826028152628,0.10153036836443574
E680_913,0.0,0.0,0.0,1.0,0.0,1.0,1.0,1.0,0.11415754653036214,0.0,1.0
E681_722,0.005101169173197482,0.010572360176333704,0.0,1.0,0.24670529337286598,1.0,1.0,1.0,0.0,0.0,1.0
E683_828,0.02183080491045506,1.0,1.0,1.0,0.2094277950281984,1.0,0.18456506514023296,0.0,0.0,1.0,0.22692204402134994
E685_162,0.0,1.0,1.0,0.0,0.0,0.0,0.0,1.0,0.0,0.24725979152670619,0.0
E688_470,0.0,1.0,1.0,1.0,0.0,0.4425585524771743,0.0,0.41417870716555644,0.00048637921439392243,1.0,1.0
E689_424,0.0,0.0,0.5268214891328997,1.0,0.10992895176539676,1.0,1.0,0.4796902304721805,0.0,0.0,1.0
E691_728,1.0,0.0,0.0,0.0,0.0,0.41494214048468137,1.0,0.25911654065864287,1.0,0.47820415241680597,0.012362442641705502
E692_350,0.0,1.0,1.0,0.0,0.2847387388547665,0.0,0.0,0.0,0.0,1.0,0.4366210732834094
E694_438,1.0,0.032027554823587184,0.0,0.0,0.1744307105246238,0.09274103203736715,0.07440421701008111,0.2423188133998264,1.0,1.0,0.0
E695_326,1.0,0.09259930390469481,0.041876144740245445,0.0,0.1356322259670088,0.6981078415961172,0.0,0.0,1.0,0.4841251385868884,0.41314906863471174
E697_547,1.0,0.1307878573559406,0.022161894940011417,0.0,0.0,0.04379893017866592,0.4205417580004496,0.0,0.7708210000058202,0.7055534674772855,0.05004094234414738
E698_151,0.9620752886806171,0.0,0.0,1.0,0.0,0.16505960876763348,0.0,0.7844536331586887,0.9506563967721366,0.8652871506710713,0.0
E699_1459,0.0,0.007047003111876001,0.0,1.0,0.0,1.0,1.0,0.4340175285168258,0.0,0.0,1.0
E700_593,0.015106935105296844,0.008443560041152202,0.0,1.0,1.0,1.0,1.0,0.0,0.0,0.0,1.0
E701_1057,0.0,0.05635432832157407,0.4079759746868877,1.0,1.0,1.0,1.0,1.0,0.0024669300206400986,0.0,1.0
E702_595,0.8209005164505785,0.01301809024547843,0.0,0.0,0.6417317863951829,0.3308180691597396,0.0,1.0,1.0,0.9360126827435822,0.0
E704_205,0.0,0.0,0.23494740859941607,1.0,1.0,1.0,1.0,1.0,0.0,0.0,1.0
E705_356,0.0,0.0,0.0,1.0,1.0,1.0,1.0,0.0,0.0,0.0,1.0
E706_1394,0.0,0.027645316106466294,0.0,1.0,1.0,1.0,1.0,0.0,0.0,0.0,1.0
E707_188,0.9048802887352428,0.10307016337274182,0.0,0.8340340870475217,0.0,0.0,0.0,0.5171962148848953,1.0,1.0,0.0
E709_128,1.0,0.13740612654038556,0.9856284954095393,0.18172263851983447,0.0,0.0,0.0,0.05255738975856271,1.0,0.1079622392315368,0.0695054128806883
E711_291,1.0,0.3131895637883295,0.9765007853567735,0.13762770718326897,0.0,0.0,0.0,0.43583198067479195,1.0,1.0,0.11202414952094358
E712_503,1.0,0.12287098409574794,0.3945454252691234,1.0,0.3239619050761459,0.0,0.13658421543912824,0.0902557153503442,0.7707070326984193,1.0,0.39376704754791153
E713_1328,0.01705362814011403,1.0,1.0,0.3043316280927047,0.0,0.0,0.08974939546009209,0.0,0.0,0.7508438984395259,1.0
E714_1052,1.0,0.24043215025919779,0.05547352140837107,0.5872619440946222,1.0,0.08797429274870712,0.3714168692038563,0.766474499832672,1.0,0.285310583812718,0.09718874979439002
E715_622,1.0,0.012353906797865126,0.0953365438634002,0.0,0.0,0.4098823308018279,0.15448747987056624,1.0,0.7970865086729372,0.4678826357802646,0.0
E716_104,1.0,0.0008455572296804635,0.0,0.4301302385962951,0.9390920643170488,0.4497757285924837,1.0,1.0,1.0,0.0,0.0
E717_462,1.0,0.021436585199132482,0.3640943577627443,0.2424291277288524,0.06257831604308571,0.09109247761287749,0.5839345318036538,0.0,1.0,0.47895487684342025,1.0
E718_862,1.0,0.0,0.0,0.0,0.0,0.22010245968941322,0.0,0.13287927515837317,1.0,0.6293508163391449,0.038173363012856926
E719_485,0.0,1.0,1.0,0.0,0.0,0.0,0.0,0.07593638077927765,0.027851283953022537,0.20596784210381183,0.0
E720_1335,0.0018963454752751712,0.0,0.2066981307100492,1.0,0.29169331533667253,1.0,1.0,0.18571860179640806,0.04708415684804497,0.0,1.0
E722_335,0.028567781593667678,0.10957592632093528,0.0,0.5198816206448982,1.0,1.0,1.0,0.3178093638856144,0.2256178058536714,0.0,1.0
E723_1143,1.0,0.0,0.20938154042970444,0.0,0.0,0.0,0.04026047985609869,0.6619134062113995,1.0,1.0,0.2769590044817356
E724_27,0.2311592452598736,1.0,0.0,0.9665884464876912,0.0,0.16793625941183593,1.0,1.0,0.5013620469944795,0.0,0.05974531653334471
E727_220,1.0,0.0,0.056404844033207224,1.0,0.11871486897826375,0.40896575106816263,0.9823418779902923,0.0,0.9538286824803077,1.0,0.0085409250105401
E728_82,1.0,1.0,0.2953720595407012,0.30125441838389727,0.0610970302769711,0.01659998147436398,0.0,1.0,0.7975717045937443,0.8580261247363933,0.24265099775903867
E729_1019,0.0,1.0,1.0,0.0,0.0,0.15704446542367476,0.9015992289603273,1.0,0.005634031228797757,0.8120355951643041,0.0
E730_1207,0.015850622968512258,0.0,0.27158896548485395,1.0,0.0,1.0,1.0,1.0,0.0,0.0,1.0
E731_812,1.0,0.03896622890643925,0.0,0.17703562724731897,1.0,0.0,0.0,0.6840595558165297,0.9432977324203186,1.0,0.060315667354500765
E732_1347,0.0,0.09565532772072713,1.0,1.0,1.0,1.0,1.0,1.0,0.0,0.0,1.0
E734_527,0.9828677403935444,0.008023076077868497,0.5952111121857333,0.057512063868006655,0.10701398120960613,0.30017294087610497,0.0,0.0,1.0,0.14540331445415183,0.0
E736_356,0.0,0.0,0.14627666670162198,1.0,1.0,1.0,1.0,0.4817970895380504,0.0,0.0,1.0
E737_1461,0.8000077970960475,0.38413358813539655,0.0,0.0,0.7394546410790193,0.0,0.04377140561644324,1.0,0.9998956389389511,0.9073152628578766,0.0
E738_1267,0.0046467808472730006,0.0,0.2287050797482112,0.48496438692404475,1.0,1.0,1.0,1.0,0.009026089736887408,0.0,1.0
E739_827,1.0,0.11343367444765627,0.0,0.6178599073960191,0.0,0.3708582747494798,0.0,1.0,0.9738240034609409,0.7943197809110335,0.0
E740_1187,0.0,0.007118244462389134,0.0,1.0,0.6029109154152679,1.0,1.0,1.0,0.0,0.0,1.0
E741_1045,1.0,0.10932274169678023,0.4667561212764551,1.0,0.4767536157815784,1.0,0.0,0.48126052641087474,0.9166200348577788,1.0,0.05651576244218649
E742_356,0.0009605825534594618,0.0,0.0,0.37368530774928366,1.0,1.0,1.0,0.0,0.0,0.0,1.0
E743_742,0.0,1.0,1.0,0.0,0.0,0.0,0.3192726527054901,0.0,0.0,1.0,0.022359174210807457
E744_1464,0.0,1.0,1.0,0.0,0.0,0.0,0.0,0.7808330208647448,0.0,0.037376785597918474,0.015059883812666066
E745_65,0.030396096517249567,0.0,0.42627668252205414,0.24106990473202042,1.0,0.018407860991427046,1.0,1.0,0.06080166361074952,0.0,0.02918091993290076
E746_1279,1.0,0.0,0.14828890354330654,1.0,0.9421866593270266,0.8256814108437013,0.0,0.15430170798733422,1.0,1.0,0.2057164936665329
E747_965,0.0,1.0,1.0,0.9599028551421088,0.5187558704256446,0.08678438738598454,0.0,1.0,0.0,1.0,0.6013391001265391
E748_292,0.9204644777155763,0.38065134473227935,0.21608513732595794,0.0,0.34502299310709633,0.3129790063748048,0.083474686775599,1.0,1.0,1.0,0.0
E751_1494,0.9000596741390317,0.024706310993001232,0.0,0.3087410997422228,0.37226664796267417,0.009720674717725492,0.16240111518953476,0.0,0.9709929368451976,0.12928212357386024,0.0
E752_75,1.0,1.0,0.23282117312299438,0.3515823630860982,0.9521161194564391,1.0,0.5211785906389759,1.0,0.8277801755218226,0.0,0.46845643215852606
E753_597,1.0,0.011427514166530182,0.25940957063003806,0.23862794123553313,0.21934945250366478,0.0,0.1358656805588441,0.09823181144506099,0.8019111102002341,0.9316083989141108,0.37400366833531073
E754_1110,0.9208597887718462,0.0,0.0,0.0,0.0,0.29928199425882096,0.0,0.5449744515803399,0.9628193618883036,1.0,0.0
E757_261,1.0,0.008420505700573653,0.3508947025412684,0.12018861291988904,0.0,0.0,0.032914709341858556,0.34587075213795426,0.9134635515382431,1.0,0.0
E758_761,0.9384229751308204,0.0,0.01754399945367288,0.0,0.7574939100188494,1.0,0.06072949239073554,1.0,1.0,0.4708419860204185,0.9948434378060649
E759_880,0.8147234571571056,0.0,0.0,0.5543182757983716,0.32228189359133785,0.0029683572256494553,0.06913765933041463,1.0,0.9660306785710476,0.26480973432658444,1.0
E760_1494,0.0,0.0004366416332534392,0.0,1.0,1.0,1.0,1.0,1.0,0.0,0.0,1.0
E761_1333,1.0,0.049752883372052296,0.44372735216003045,0.0,0.0,0.24330521658738516,0.2641148108486317,0.0,1.0,1.0,0.20069322292475605
E762_671,0.024681232200587634,0.09821321747290294,0.4676527753303312,1.0,0.06427181242273998,1.0,1.0,0.06411576242748328,0.04171765403256916,0.0,1.0
E763_368,0.0,0.027741376334495717,0.2918715125311362,0.9328250349261957,1.0,1.0,1.0,0.0,0.00815306998848277,0.0,1.0
E764_685,1.0,0.03614690873479521,0.007220740147338811,0.16099256579418902,0.12100059548806133,0.817107084029964,0.0461180889631721,0.0,1.0,0.8335168090804748,0.0
E765_187,1.0,0.05403726167584968,0.06033782781749756,1.0,0.0,0.0,0.20537599850684646,0.6549889200767421,1.0,1.0,1.0
E767_1173,0.002319332928321214,0.0017736577507815948,0.3423360938606177,0.9421028663514298,1.0,1.0,1.0,0.5513519308871577,0.0,0.0,1.0
E768_380,0.0,1.0,1.0,0.0466969046089943,0.0,0.8828964696806951,0.6566926439117078,0.15309163071292722,0.0,0.7857512405419288,0.6539615058353435
E769_536,0.9695092252189309,0.013685829436039758,0.008604465160762222,0.0,0.0,0.5369599096784539,0.0,1.0,1.0,1.0,0.0
E770_309,0.03293853858579957,1.0,1.0,0.051125695641472235,0.0,1.0,0.0,0.0,0.0,0.8176202459856642,0.0
E772_555,0.0,1.0,1.0,1.0,0.0,0.08653122119050449,0.004259527446239335,0.0,0.009483273060453438,1.0,0.0
E773_657,0.011829095621954827,1.0,1.0,0.392794376933626,0.045527684657382404,0.0,0.35342476163250447,0.8673647689393492,0.0,1.0,0.9272313272498177
E774_607,1.0,0.0,0.07722003053411536,0.0,0.5905014874576378,0.0,0.8701116486035834,0.0,0.8063301573615218,1.0,1.0
E775_625,1.0,0.0,0.35683428647767235,0.0,1.0,0.3990315954875015,0.21475520240868778,1.0,0.8451220619524185,1.0,0.0
E776_646,0.0,1.0,1.0,0.007771170736631491,0.09485330085026315,1.0,0.0,0.0,0.0,0.6809752253246559,1.0
E777_28,0.8572258741493908,1.0,0.3450633849835461,0.5104119132357323,0.5473015881062794,0.7439741053619379,1.0,1.0,0.7767746829381456,0.0,0.23611584621428178
E779_416,1.0,0.11976292716028605,0.5019683580849206,0.0,0.0,1.0,0.02382310852397539,1.0,1.0,0.09117112491500777,1.0
E780_1142,1.0,0.049871305109200785,0.055518937985834495,0.21857568505627376,0.0,0.0,0.2034372134792632,1.0,1.0,1.0,0.07774760092063987
E781_1060,1.0,0.0,0.06598574099819791,0.0,0.013400859889885269,0.0,0.0,0.45347292269544415,1.0,1.0,0.8077321287474204
E782_629,0.004696485686777901,0.01359265360194662,0.0,0.6734982627674696,1.0,1.0,1.0,0.5075696993390569,0.0,0.0,1.0
E783_1464,0.0,1.0,1.0,0.27193913989615726,0.0,0.0,0.0,1.0,0.0,1.0,0.12804827432323562
E784_596,0.007500641145616205,1.0,1.0,0.1750826555867051,0.5796284761969065,0.0,0.013139350633027999,0.7141433535117806,0.0,0.7671947788372295,0.0
E785_930,0.9540135544033782,0.0,0.07695258633859256,0.35177384891055813,0.0,0.0,0.02999529331725721,0.39774195907661364,0.9445704123413806,0.4346652893120896,0.0
E786_951,0.0081272015435975,1.0,1.0,1.0,1.0,0.337614022852957,0.2872698340620733,0.32415375090500076,0.046762087210249416,1.0,1.0
E787_780,1.0,0.0014550505530298071,0.1682297456019441,0.036847310543620504,0.41725904374343165,0.29991144255705504,0.4328534612937279,0.0,1.0,0.6509096134124216,0.4491478902752276
E788_1441,1.0,0.0,1.0,1.0,1.0,0.0,0.44651703030223266,0.0,0.9193689045859414,0.38741296640451406,0.6288686665567399
E789_536,0.8704752874216267,0.1554812029679904,0.48744737651106823,1.0,0.5659658098047009,0.0,0.04016533062268118,1.0,1.0,0.25080293130601083,0.0
E792_383,0.011942674920102614,0.0,0.052424641974131284,1.0,0.2609233194564466,1.0,1.0,1.0,0.0053006394906173595,0.0,1.0
E793_277,0.01317718516155036,0.0,0.0,1.0,1.0,1.0,1.0,1.0,0.0,0.0,1.0
E794_33,0.33979420851048425,1.0,0.0,0.23318281876674368,0.0,0.03092607734961274,1.0,1.0,0.6300983421224255,0.0,0.05358755691350516
E795_529,0.0,1.0,1.0,1.0,0.7907470879457397,0.0,0.7482686768511438,1.0,0.0,0.9469875780687048,0.6597286062525524
E796_1412,0.00948960171432991,1.0,1.0,1.0,0.35069271885930536,0.0,0.0748002518483198,0.37718400271893116,0.0,1.0,0.0
E797_225,0.0012235201922253438,1.0,1.0,0.656459547809179,1.0,0.03351628007502704,0.0,1.0,0.0,0.9177467224453993,0.0
E798_1232,1.0,0.0,0.0,0.4123908450289275,0.4552162323330953,0.19059439224119815,0.0,0.0,0.9978755238470874,1.0,0.32533312285799854
E799_1208,0.911981138902207,0.08648461969212225,0.09384635305576036,0.0,0.0,0.008116951114868388,1.0,1.0,1.0,0.0,0.07860558906338987
E801_256,0.3947608837707672,0.029325522635561218,0.0,1.0,1.0,1.0,1.0,1.0,1.0,0.0,1.0
E803_1073,0.8444219052782083,0.0,1.0,1.0,0.15620724973223182,1.0,0.0,0.5331913432217341,1.0,0.9815409075961798,0.0
E805_1059,1.0,0.0,1.0,0.0,0.0,0.0,0.0,0.0,1.0,1.0,1.0
E806_228,0.0,1.0,1.0,1.0,0.28019394329359615,0.0,0.11712961946341638,0.0,0.0,0.691299068931993,0.5924883425423368
E807_1062,0.06012608472896722,1.0,1.0,0.0,0.0,0.7679055090761626,0.014660063276593437,0.4245143947800401,0.008630778805413963,0.45795184762396685,0.020902471137441366
E808_172,1.0,0.07993492228230094,0.7679979927732067,0.0,1.0,0.0,0.0,1.0,1.0,1.0,0.12046400034690757
E809_232,0.4892824428949302,0.0,0.6826931974978885,1.0,1.0,1.0,1.0,1.0,1.0,0.0,1.0
E810_917,1.0,0.0,0.13085764335137412,0.0,0.0,0.041334296384327826,0.48324205230543116,0.0,1.0,1.0,0.0
E812_719,0.0,1.0,1.0,0.0029488694218393493,0.3691926375538549,1.0,0.0,0.6115957111962906,0.0008787619705075186,1.0,0.9152344737755181
E813_105,1.0,0.20788284621754985,0.1975735782412271,0.0,0.08937307513495252,0.15523610955722333,0.5541750681565047,0.0,0.7671492551415882,1.0,0.0
E814_200,0.9643644726451001,0.04886351213307103,0.0,1.0,0.48039824928384894,0.07573816070368618,0.10422488853743327,0.0,1.0,0.20153503657374114,1.0
E816_420,0.9745605392180968,0.0,0.0,0.0,0.6152238260129163,0.378790798860746,0.42353007824838035,1.0,0.9558710253119526,0.23784183414432747,0.9544501073384669
E818_1115,1.0,0.0,0.0,0.0,0.0,0.09918703356919617,1.0,0.4684125373028151,0.9222290666239598,0.7879871315127118,0.0
E819_402,0.0,1.0,1.0,0.002285304969222589,0.4103482231382454,0.263700435870369,0.0,0.5198430662514426,0.008669480119859505,1.0,0.033289754614482546
E820_995,0.0,1.0,1.0,0.28743325923238033,1.0,0.8887049038016489,0.0,0.0,0.0,1.0,0.3079226395900081
E821_1094,0.0,0.0,0.0,1.0,0.0,1.0,1.0,0.31189092587304273,0.04777811012821539,0.0,1.0
E822_1069,0.0,1.0,1.0,0.17621877391727134,0.22296131494524252,0.1957431254629222,0.3537995403336067,0.0,0.006348698873990301,0.48264725382370294,0.0
E823_1132,0.0025784221481343107,1.0,1.0,0.0,0.7159578714796242,0.0,1.0,0.29247655262657424,0.0,0.7309147693783142,0.6571590853762282
E824_1267,1.0,0.0,0.0,0.1976519738538176,0.21986599346629201,0.0,0.0,0.0,1.0,0.6926963091511218,1.0
E825_1357,0.0,0.0,0.0,1.0,0.0,1.0,1.0,0.0,0.0,0.0,1.0
E826_378,0.0,1.0,1.0,1.0,0.2906711009656642,1.0,0.17482478375042182,0.0,0.0009661393014551389,0.522018311482655,0.1600254012464729
E827_1162,1.0,0.007563980638158516,0.11189781055010625,0.0,0.0,0.0,1.0,0.0,1.0,1.0,0.0
E828_927,0.0,0.0,1.0,1.0,1.0,1.0,1.0,1.0,0.0,0.0,1.0
E829_30,0.2968457579486658,1.0,0.0,0.01416119783447883,0.6173140515573916,0.08341282731240286,1.0,1.0,0.2176273210696365,0.0,0.16085312972164462
E830_359,0.0,0.0,1.0,1.0,1.0,1.0,1.0,0.09529366469819392,0.015456022363184937,0.0,1.0
E831_1079,0.003302908623941062,0.005214612896796663,0.0,0.0,1.0,1.0,1.0,0.0,0.0,0.0,1.0
E832_498,0.0,0.008474247447997149,0.21719034322627853,0.47337304285699244,1.0,1.0,1.0,1.0,0.013548521401161695,0.0,1.0
E833_398,1.0,0.03550788614775792,0.0,0.07975102968336492,0.0,0.03244926077430829,0.24010513719786816,0.0,0.9283155026411343,0.1830442885324412,0.6333869323462906
E834_407,0.0,1.0,1.0,0.3589935782436419,0.052029264816020576,0.05873579214108473,0.5536064863798812,0.8480605284158957,0.0,0.5113831634918389,0.05158658089116732
E836_223,0.0038826965009619045,1.0,1.0,0.0,0.0,0.82149158423998,0.0,0.0,0.0,1.0,0.0649263460698516
E838_860,0.0001380229934684051,0.0,1.0,0.40046486326536385,1.0,1.0,1.0,0.002153633030816173,0.0,0.0,1.0
E839_321,0.8930734199428935,0.0,0.0,1.0,0.0,0.0,0.16549570884908035,0.0,1.0,0.8671986418128349,0.05194940400425214
E840_1493,0.0,1.0,1.0,0.0,0.05272096926376666,0.0,0.5376344514369723,1.0,0.0037926785122721126,0.9979335034588676,0.0
E841_878,0.0,1.0,1.0,1.0,1.0,0.262663147968731,0.5090803911972619,0.08068362736733269,0.0,1.0,0.0
E842_798,0.9397101003954011,0.07026139453959215,0.9483920077209249,0.6672813900704023,0.036605703778663026,0.9817437428086746,0.0,0.0,1.0,0.8806170359309141,0.0
E843_761,1.0,0.0,0.0,0.0,1.0,0.0,0.1867143994375202,0.020393038980593328,1.0,1.0,0.0
E844_250,0.0,1.0,1.0,0.3340431856538689,0.33117785682679807,0.0,1.0,0.0,0.0025176714526064996,1.0,0.0
E845_790,0.005518428835064845,1.0,1.0,0.0,0.0,0.08067625325194715,0.0,0.04728077581550651,0.0027395586654461,0.1633749888390309,0.7790636039528572
E846_198,0.012277658349001951,1.0,1.0,0.9988878647326392,0.19672344632141983,0.5876078732721294,0.14020696420994208,0.0,0.0035553789803464053,0.6012865222400948,0.00789177520002576
E847_411,0.9078718517682646,0.0,0.4792170302725221,0.0,0.17189127964348702,0.0,0.0,0.0,1.0,1.0,0.0
E848_1196,0.038886636500786664,0.0,0.0,1.0,1.0,1.0,1.0,0.028545341487838567,0.0,0.0,1.0
E849_899,0.8726191190317018,1.0,0.0,0.0,0.037160363164218654,1.0,0.4709059990397265,0.924295543598223,0.8525141542106959,0.925468384522621,0.0902560261091511
E850_713,1.0,0.08719982595095663,0.07330828736764997,0.07345074134989445,0.534294382515399,1.0,0.0,0.0,1.0,0.473321296717945,0.0
E851_1357,0.0,0.07006881357014809,0.4415398540778819,0.0,1.0,1.0,1.0,0.2592624739058798,0.0,0.0,1.0
E852_483,0.008501246942494173,1.0,1.0,1.0,0.0,1.0,0.0,0.5305764565342795,0.010131258567238816,0.5585920369857159,0.7710693885197555
E854_1069,0.026128842283091498,1.0,1.0,1.0,0.7190815506515738,0.14345709004776547,0.0,0.13954931408402704,0.01373549861822915,1.0,0.16280978802403426
E855_1261,0.001357585493085163,0.0,1.0,1.0,0.0,1.0,1.0,0.1433246464105329,0.0,0.0,1.0
E856_232,0.025134197421238347,1.0,1.0,0.0011823909018619401,0.0,0.5328962483236201,0.0,0.09523318274244438,0.03656544951504845,0.4767364148930291,0.0
E858_209,0.9729525637669177,0.09705631151160084,0.1806898391438283,1.0,0.0,0.44566390865611216,0.0,1.0,1.0,1.0,0.35341427358983435
E859_469,1.0,0.10968693023489476,0.17535971579504878,0.7357552035905706,0.9175417790158846,0.0,0.0,0.2268225398658275,1.0,0.5392183690260237,0.0
E860_9,0.6779089172070408,1.0,0.15167484693371916,0.0,0.5889741008258798,0.3396529753495867,1.0,1.0,0.5167997860510772,0.0,0.0
E863_240,0.010941757660551617,1.0,1.0,0.01707767725762061,0.11237356185034596,0.28086695463903033,0.0,1.0,0.03185361827572298,1.0,0.0
E864_1132,0.0,0.0,0.14218946439500915,1.0,0.0,1.0,1.0,0.0,0.014935151868725407,0.0,1.0
E865_227,1.0,0.14356801738533514,1.0,0.0,0.0,0.0,0.0,0.0,0.9788002913793532,0.40503087750282857,0.3390800216242361
E866_1082,0.0,0.043659080178596515,0.0,0.0,1.0,1.0,1.0,0.427647027484242,0.010026764751140182,0.0,1.0
E867_750,0.0,1.0,1.0,0.4631858202197829,0.19852844759448462,0.0,0.5182375387820788,0.48690510315263874,0.0,0.9673765550830519,0.0
E869_711,0.0,0.04778311056465471,0.311614235748977,0.0,1.0,1.0,1.0,0.40769430746523366,0.0006875789314671755,0.0,1.0
E870_1428,0.0013490745891074794,0.0,1.0,1.0,1.0,1.0,1.0,0.14280164948181062,0.018239458730356383,0.0,1.0
E871_193,0.0,0.0,0.0,1.0,1.0,1.0,1.0,1.0,0.0,0.0,1.0
E872_275,0.0,0.09545709396636647,0.761561124411387,1.0,1.0,1.0,1.0,0.48156676715321306,0.9558764144941732,0.0,1.0
E873_837,0.0,0.014171930591547331,0.16125367603183063,0.457065204431863,1.0,1.0,1.0,0.6825615881805844,0.0006983156098261682,0.0,1.0
E874_680,0.8895289097664129,0.017441333396905203,0.0,0.0,0.586444909555454,0.01282286665112167,0.139968407059497,0.0,0.8980970061515653,1.0,0.8249810818563292
E876_920,1.0,0.04695674156910874,1.0,0.0,1.0,0.6694661298356743,0.5075549538224826,0.0,1.0,0.633512560775815,0.0
E877_193,0.010151072700044493,0.0,0.0,1.0,1.0,1.0,1.0,1.0,1.0,0.0,1.0
E878_1286,0.8183343522606472,0.0,0.0,0.0,0.0,0.0,0.0,0.0,0.9737972159329977,0.22357459456175896,0.0
E880_53,0.0,1.0,1.0,1.0,0.10900556720182975,0.5787035189988922,0.19284023384786161,0.10567339152285651,0.0,0.0,0.36046368490851427
E881_1225,0.0,0.0024882324911319627,0.06571040588062324,0.0,1.0,1.0,1.0,0.36047460587569535,0.0,0.0,1.0
E884_511,1.0,0.0,0.09351667431381287,0.7172904024757145,1.0,0.20255384654607067,0.0,0.0,1.0,0.6268117799391908,0.0
E885_301,0.001997777288710613,1.0,1.0,0.7453154763692386,0.05602192792383651,0.21202951454836305,0.0,0.9573662797884336,0.0,0.4725603265698537,0.5405838812063202
E886_515,0.002175036012089766,1.0,1.0,0.11464121644330302,0.0,0.0,0.2006076224252891,1.0,0.04428657135042365,1.0,0.7462448303483287
E887_78,0.0002987248210661119,0.01708234035524406,0.8503367136343614,0.3184331124913769,0.1256176587690776,0.8335999326693421,1.0,1.0,0.05853356692865547,0.0,0.2640112740769623
E888_936,0.0093283568048087,1.0,1.0,0.0,0.0,0.5660878379190324,0.23104007765604706,0.0,0.0,0.21067839198545693,0.0
E890_609,1.0,0.003440736974142028,0.40751131305355714,0.25011300352289134,0.0,0.0,0.0,0.11971865436598604,1.0,0.8402882419276296,1.0
E891_1483,0.0,1.0,1.0,0.9269860471976001,0.24243480636780798,0.14858938476079733,0.12338488042070182,1.0,0.0,1.0,1.0
E892_550,0.0054980828652049065,0.09974644024718952,1.0,1.0,1.0,1.0,1.0,1.0,0.003171883084661327,0.0,1.0
E893_845,0.0,0.0,0.032812173579980196,0.45717142917558834,1.0,1.0,1.0,0.6763067019250064,0.0017368071913452918,0.0,1.0
E894_848,0.7560697668631251,0.00914381556324376,0.13802560976141737,0.0,0.731834881366483,0.6996537347607117,0.0,0.0733824931824352,1.0,0.2128044096306729,0.8456069650650234
E895_497,0.0,1.0,1.0,0.0,0.8709958011188463,0.25342963985480005,1.0,0.8761070460398181,0.013965489235166103,1.0,1.0
E896_530,0.9068847417904612,0.033574121889158495,0.0,0.8105402275821267,0.21894450050372743,0.36458132350605993,0.0,0.0,0.9071684223572642,1.0,0.47568110810525266
E898_944,0.0,0.0,0.30493099921920946,1.0,0.3225868080289829,1.0,1.0,0.3408828072510082,0.02680723890104526,0.0,1.0
E900_863,0.9828187054426686,0.0,0.1010180473495435,0.3036809343386285,0.13927693003805694,0.07047805697183021,0.0,0.0,0.864619380428747,1.0,0.0
E902_262,1.0,0.07192559445580558,0.03225048285692297,0.13740835497879558,0.2329882101004966,0.0,0.33691679714058065,0.7300532829095525,1.0,0.5100384806709024,0.20062620724304706
E903_642,0.0,0.0,0.4814168070485342,0.40400379564704103,1.0,1.0,1.0,1.0,0.015197375450580015,0.0,1.0
E904_1416,0.0,1.0,1.0,0.11464879484965636,0.1428539364049194,0.0,0.08841251773587125,0.49011644953106454,0.0,1.0,0.0
E905_1249,0.10172313853114964,1.0,1.0,0.0,0.43562204494781986,0.0,0.4288394711879947,1.0,0.0,1.0,0.0
E906_1487,1.0,0.0,0.0,0.0,0.23559360066459586,0.0,0.3535975725036053,1.0,0.908198922999531,1.0,0.0
E907_1447,0.0016715910110863617,1.0,1.0,0.0,1.0,0.09177331134807956,0.9630365163321032,1.0,0.006361475701777416,1.0,0.23234387506930404
E908_848,0.0,0.1063756070812891,0.24647239651021907,1.0,0.8119412764110271,1.0,1.0,0.724382236952752,0.0,0.0,1.0
E910_852,0.057740658705749376,1.0,1.0,0.0,0.0,0.40431251494453296,0.9551632902662861,0.9297480465249636,0.0,1.0,0.25482850880740987
E912_612,0.7614347406369996,0.002438109146498086,0.0,1.0,0.6239468817594614,1.0,0.12674041630092556,0.0,1.0,1.0,0.04674168611763264
E913_572,0.0,1.0,1.0,0.13542217826422306,1.0,0.07783218450686634,0.0,0.9800531767244653,0.06411351739562877,0.5793346836124027,0.0
E915_1276,0.01631559462913971,0.017934492134528142,0.0,0.3039403442406018,1.0,1.0,1.0,0.09145383532938778,0.0,0.0,1.0
E916_1109,0.01736113792929055,1.0,1.0,0.0,0.0,0.9063331486740652,0.0,1.0,0.00012935365340256046,1.0,0.8704037405843945
E917_853,1.0,0.0878775154601387,0.0,0.6406269161240147,0.0,1.0,0.021990786257215202,1.0,1.0,0.5830630855429518,0.0
E918_391,1.0,0.0,0.15861301591675034,0.0,0.0,0.0,0.12047587266524655,0.09064581551117926,1.0,0.32329166775441776,1.0
E919_371,0.7648243842740792,0.02625936971657732,0.0,0.0,0.0,0.0,0.5460680214862831,0.0,1.0,0.9995965519606538,0.15154801108734248
E920_835,1.0,0.03692710503179431,0.0,0.0,0.1250089531146987,0.0,0.8888428329672556,0.1841258227055601,1.0,0.043657468304182045,0.2342106113626718
E921_1360,1.0,0.007871558437040233,0.0,0.12818262309900802,0.05259058075720779,0.11469959488921434,0.0,0.0,1.0,0.13308432204450635,0.2587785527950813
E922_1378,1.0,0.0,0.49318876700796,0.022675432904086502,0.0,0.3151571063345045,0.0,0.0,0.7886343499920883,0.18876652338747588,0.0
E924_1405,1.0,0.15582956776985785,0.0,0.0,1.0,0.0,1.0,0.20037005245852585,1.0,1.0,0.0
E926_60,0.0,0.0,0.0,0.7909558168470742,1.0,0.28673264748008803,1.0,1.0,0.009267127330627175,0.0,1.0
E927_1301,1.4582763966226095e-06,1.0,1.0,0.1483740411562848,0.060290332117391376,0.2748457211231233,0.007491020042597187,0.880569977151024,0.0,0.7183532004226881,0.0
E928_1324,0.0015986405751811578,0.01251955074556127,0.0,1.0,1.0,1.0,1.0,0.0,0.0,0.0,1.0
E929_576,0.0,1.0,1.0,0.3145696434831531,0.0,0.20022210405394364,0.0,0.1036328275062367,0.0,0.7089670335406402,0.1089392251520708
E930_1363,0.0,1.0,1.0,0.7458774466114566,0.6790094593661978,0.0,0.08112912243784583,0.46895844900289335,0.01826983249480916,0.5518547682433792,0.0
E931_743,0.9070389344362825,0.05790727827268877,0.0,0.37144993578728724,0.0,0.0,0.33778738785332724,1.0,1.0,1.0,0.08395764076742668
E932_166,0.9495731526802392,0.28391936081632513,0.003569442667163097,1.0,0.0,0.0,0.0,0.013537263635048319,0.8589991380401839,0.7533041365840358,0.0
E934_38,1.0,1.0,0.0,0.0,0.0,0.10029609980667815,1.0,1.0,0.9787970560077105,0.0,0.08858485955682664
E936_453,0.0,1.0,1.0,0.3785411296475283,0.0,0.0,0.0,0.0,0.0,1.0,0.0
E937_436,1.0,0.0,0.0,1.0,0.0,0.1855151634746044,0.166169892473115,1.0,0.934550466538039,1.0,0.367996314521187
E938_741,1.0,0.0,1.0,0.0,0.4578741467518464,0.05623040499771516,0.17183591739325113,1.0,1.0,0.5410143858433074,0.0
E939_226,0.7279707433793903,0.3301656035006106,1.0,1.0,1.0,0.0,0.024031082073659615,0.0,0.6921100397109373,1.0,0.5184025065910409
E940_335,1.0,0.02923275470673228,0.7621228816422329,0.09105984000633452,0.8807004090973041,0.0,0.0,1.0,1.0,0.009156298731152522,0.03698073076761777
E942_1306,0.0,0.0,0.0,0.6672443880185052,1.0,1.0,1.0,0.0,0.0,0.0,1.0
E943_618,0.9363018749546052,0.013876794968927499,0.1881677558034882,0.0,0.1350843673199596,0.35188345780874786,0.2346748280506567,1.0,0.8990811178772681,0.18035911147352526,0.0
E944_1188,0.8354517825520861,0.009558496251140702,0.4416338638001108,0.0,0.12427870600711075,0.0,0.0,1.0,1.0,0.2417472432255267,0.043837666521727436
E945_418,0.0,1.0,1.0,1.0,0.0,0.2719549506258923,0.0,0.0,0.0,0.6894131754773621,0.0
E947_111,0.7720366966987301,0.19304129201765702,0.8961938182300401,1.0,0.01409202896400602,0.0,0.2932041271240618,1.0,0.8899971243878793,0.0,0.2736621618282166
E948_736,0.7408938491834172,0.027817729127448038,0.15637754434230702,1.0,0.10369348933538551,0.0,0.0,0.06116177067928766,0.8535510345148319,1.0,0.16256356266772518
E950_922,1.0,0.0,0.0,0.0,0.3644336242695287,0.039122493780815115,0.07667052513186111,0.0,1.0,0.09735292441495194,0.0
E951_1451,0.0,1.0,1.0,0.0,0.06322512276635796,0.16630918868400404,0.31550612540918327,0.0,0.0,0.7211530171508659,0.21118482032900587
E952_722,0.0,1.0,1.0,1.0,0.0,0.8693041597368162,0.0,0.08423736591432705,0.0,1.0,0.380895857954088
E953_1200,1.0,0.030535565467733745,0.0,0.0,0.38532502278996567,0.0,0.17309742630708463,0.7545350039689376,1.0,0.4093690352179475,0.7037350369865346
E955_1216,0.949475704901326,0.03324550635825303,0.7645535658011456,0.0,0.0,1.0,0.0,0.023707912443115122,1.0,0.7214604818730643,0.02514098608162134
E956_1398,0.0,1.0,1.0,0.35810456222934595,0.0,1.0,0.3645694017549825,0.29221862230378726,0.01190977492891495,1.0,1.0
E959_1119,1.0,0.0,0.0,0.0,0.13764686100107149,0.0,0.0,0.0,1.0,0.2678888307645736,0.16645060428712208
E960_1258,1.0,0.0,0.0,0.17534841660285158,0.0,0.40338855732079465,0.6626614044644892,0.5381588675334288,0.98551310728149,0.5592120719165756,0.7170484213944661
E961_218,0.0,0.0,0.7610116337991008,1.0,1.0,1.0,1.0,1.0,0.0,0.0,1.0
E962_575,1.0,0.019934300240835846,0.30366153089562986,0.6978417580685833,0.1720224134430204,0.26563885591227,0.19274485818926107,0.0,1.0,0.14869001770941095,1.0
E963_988,0.9100258472546182,0.0568991757689797,0.0,0.01637539264992494,1.0,0.0,0.0,0.466450584621264,0.800442238088309,1.0,1.0
E965_449,0.020903661993375806,1.0,1.0,0.38865798498744614,0.14868185564058797,0.7370643523608478,0.0029377285424743316,1.0,0.014588059247668502,1.0,1.0
E966_223,0.0,1.0,1.0,0.42769129102241343,0.0,0.1306409330046009,0.4031119004818511,1.0,0.0,0.28289715174348523,0.0
E967_1267,0.004307864329965253,1.0,1.0,0.0,0.0,0.0,0.0,0.4847595195253577,0.0,1.0,0.0
E968_41,0.7234497058454779,1.0,0.609058958232208,0.03532728531098622,1.0,1.0,0.9988217364224261,1.0,0.793652205530541,0.0,0.2611844873767078
E970_990,0.0,0.0,0.056319869373672414,0.19284926613581083,1.0,1.0,1.0,0.019725470498864306,0.0,0.0,1.0
E971_630,0.0,0.0,0.2598651719469356,1.0,1.0,1.0,1.0,1.0,0.0,0.0,1.0
E974_543,0.0,0.0,0.22239392194346735,1.0,0.978731370747788,1.0,1.0,0.5628693385452108,0.0,0.0,1.0
E975_90,0.02420939357801337,1.0,1.0,1.0,0.6009295989469625,0.5497434666463145,0.4465604990888932,0.30376081669815647,0.21510266205650808,1.0,0.05357969456840386
E976_433,0.8702166648096624,0.042358881520659926,0.0,0.03791738220365825,0.2706735243570472,0.01807146607932013,0.013228321477233478,0.0,1.0,1.0,0.0781649359266234
E978_1034,0.0,1.0,1.0,0.0,0.7918479070504395,0.0,0.21176482603110033,1.0,0.0,0.6926693194854904,0.0
E979_13,0.7669905579046616,0.7707638291388457,0.3661758821958363,0.5595882719113936,0.7708430674930815,0.468258477288725,1.0,1.0,0.5942905622356645,0.0,0.6275966974604419
E980_292,1.0,0.004900681476013045,0.0,0.6453300241182564,0.0,1.0,0.3922173890348979,0.23684635804120116,0.9932370918726038,0.0,0.0
E981_1155,1.0,0.0,0.8182097692253922,0.0,0.6399262553974058,0.3942588080982151,0.3868511950254764,0.4564965769560412,1.0,1.0,0.0
E982_669,0.0,1.0,1.0,0.6624199353073442,0.47541440906662313,0.0,0.0,1.0,0.016573813543380653,0.8134336991327168,0.8867781813062142
E984_729,1.0,0.0,0.0,1.0,0.014512018315370226,0.7747457765201077,0.0,0.0,1.0,0.0316233440077624,0.7268387252157391
E985_528,0.0,1.0,1.0,0.0,0.0,0.0,0.08102652675175834,0.8807046074335945,0.0,1.0,0.0
E986_1305,0.0,0.0,0.06435039217758122,1.0,0.1983041034015418,1.0,1.0,0.25913818688200924,0.0,0.0,1.0
E988_568,0.0,1.0,1.0,0.39546219818918216,0.7215627250224551,0.0,0.0,1.0,0.011850345223666736,0.5826368124107036,0.9436073125683034
E990_466,0.9540078395058597,0.0,0.2023332278334217,0.0,0.0,0.3687489437026966,1.0,1.0,0.9377936625762402,0.0658957905117934,0.7288920729446016
E991_1401,0.0,1.0,1.0,0.0,1.0,0.27283007974303636,0.43920835280721143,1.0,0.007624397027373849,1.0,0.0
E992_139,0.0,1.0,1.0,1.0,0.22704369714403075,0.0,0.6791358716143703,0.2793143774489376,0.02804684955451982,1.0,0.13170345966702524
E993_1220,0.0,1.0,1.0,0.0,0.20212754178839465,0.0,0.0,0.5535256906208241,0.00968846917959969,1.0,0.0303467474666869
E994_453,0.9126874660057638,0.0,0.0,0.0,0.8147091498902214,0.07515088536178907,0.19483983946597655,0.014293372698229037,1.0,0.9613910309225737,0.28522611174878026
E995_354,1.0,0.0,0.0,0.0,1.0,0.296065988788952,0.0,1.0,1.0,1.0,0.6657991673319281
E996_956,0.0,0.0,0.0,0.0,1.0,1.0,1.0,0.3145750643549491,0.0,0.0,1.0
E997_109,1.0,0.01382159495196949,0.14932709263376695,0.15643029978678866,0.0,0.2511108634624889,1.0,1.0,0.9157822063825103,1.0,0.15537349667934866
E998_464,1.0,0.04225108070976198,0.0,0.359621160320751,0.0,0.3122541135134108,0.3337553100833173,1.0,1.0,1.0,0.0
E1000_877,0.0,0.0,0.0002097671848846478,0.0,1.0,1.0,1.0,0.0,0.0,0.0,1.0
E1001_776,1.0,0.0,0.08462782504314363,0.0,1.0,0.623103270887042,1.0,1.0,0.8636527285620021,1.0,0.08954804752194083
E1002_473,0.0003445881345235682,1.0,1.0,0.6938351399872615,1.0,0.0,0.032359904321236366,1.0,0.0,0.6355788525256333,0.0
E1003_807,1.0,0.0,0.12073773053481383,1.0,0.0,0.0,0.22198811026040854,1.0,0.9369202670116351,1.0,0.21513634635772994
E1004_764,1.0,0.026563025164231726,0.0,1.0,0.0,0.46561083469460557,0.0,0.0,1.0,1.0,0.0
E1005_611,1.0,1.0,1.0,0.039162830724000564,0.5372026628676163,0.5499106519718853,0.09660372135927917,0.0,0.0,1.0,0.03838628139660486
E1006_187,0.9263343629944916,0.4540172668443738,0.7750856991258324,0.0,0.254942913717587,0.0,0.22883675758907113,0.0,0.5817287761531745,1.0,0.21532746480768844
E1007_315,0.0,0.0,0.0,1.0,1.0,1.0,1.0,0.0,0.04114768356395424,0.0,1.0
E1008_5,0.6504221074123628,0.5976082797345634,0.9311024783215808,0.0,0.0,0.0,1.0,1.0,0.3167940231854551,0.0,0.11627948932725411
E1009_702,0.8556151930097705,0.1879530502055631,0.0,0.501111937403084,1.0,0.0,0.7462037088785598,0.011159156513047197,1.0,1.0,0.03296774874440516
E1012_1431,0.010856470226280885,1.0,1.0,0.3001649840167269,0.5009321998187722,0.0,0.21520035500436366,1.0,0.0,0.5097361983252754,0.0
E1013_1035,0.8808742957297734,0.017141613476924084,0.008068050462884557,0.0,0.9641194305654253,0.0,0.0,0.2285833877216856,1.0,1.0,0.0
E1014_1119,0.0017614865717444608,0.0,0.2536480027329871,1.0,1.0,1.0,1.0,0.05346035455173609,0.0,0.0,1.0
E1015_1192,0.05717358306213797,0.0,0.19847127324570438,1.0,0.07033345966249681,1.0,1.0,0.0,0.0,0.0,1.0
E1016_496,0.8883776633807827,0.0,0.63480386650283,0.36311723088389036,0.0,0.0,0.15349571106534513,1.0,1.0,1.0,0.43975025462358547
E1017_754,1.0,0.08138347674248125,0.7445995679924783,1.0,1.0,0.26348020494706437,0.838639900492274,0.016919781935417134,0.875556681747157,1.0,0.0
E1018_756,0.8585545925105609,0.057937124730133675,0.011885848921247754,0.0,0.44230237934526073,0.43832807915340083,0.27720395797063035,0.0,1.0,1.0,0.0
E1019_1051,0.8285174052315495,0.012977642431097917,0.0,0.8916506279137134,0.02630026139733,0.0,0.5307418131497185,0.1826303621378775,0.8462585401007713,0.8513158918616427,0.10207007493056039
E1020_1176,0.0,0.09061773238719356,0.42977425154568377,1.0,0.08347446724823436,1.0,1.0,0.0,0.0818440482514464,0.0,1.0
E1021_1471,0.00678472444261938,0.003983930862085725,0.0,1.0,1.0,1.0,1.0,0.3992649831831113,0.0,0.0,1.0
E1022_431,0.0,1.0,1.0,0.0,1.0,0.00022663903059217096,0.05621813044180871,0.0,0.0,0.27632444990460286,0.25379219608635767
E1023_873,1.0,0.0,0.0,0.0,1.0,1.0,0.0,1.0,1.0,1.0,0.3542438680689683
E1024_1073,0.0,1.0,1.0,0.0,0.0,0.9986829802479532,0.034937873335437054,0.032408320950321666,0.0,1.0,0.0
E1025_775,1.0,0.09325420918878317,0.664246401054573,0.0005848872088462823,1.0,0.0,0.0,0.36378599184337346,1.0,1.0,0.0
E1026_735,1.0,0.0,0.04704772212383972,0.0,1.0,0.0,0.7979579179743874,0.9370470017022297,1.0,0.03601267481168016,0.39188353657749153
E1027_1250,1.0,0.15280501038749134,0.0,1.0,1.0,0.7619587058204534,0.06709036412985542,0.03578316454470774,1.0,1.0,0.0
E1029_927,1.0,0.023838625932582163,0.31929732800853694,0.3770707688420263,0.9972760962249813,0.09189244263572383,0.5275882627016236,0.0,1.0,1.0,0.0
E1030_299,0.0,1.0,1.0,0.0,0.0,0.6166440900318654,0.07793066273405412,0.9499865187161673,0.0,0.9409934741592741,1.0
E1031_1369,1.0,0.0,0.0,0.05992559648502559,0.5107285532759556,1.0,0.0,0.0,1.0,1.0,0.1358475508283305
E1032_802,1.0,0.0,0.0,0.7692997029837675,1.0,0.0,0.0,0.7933974081999339,1.0,0.9779632114280542,0.0
E1033_408,1.0,0.0,0.012542179084366454,0.2101517561356546,1.0,0.0,0.24896788843528503,0.0,1.0,1.0,0.2601596542540396
E1034_868,0.00892431550917919,1.0,1.0,0.5067030059946301,1.0,0.19385581515325018,0.0,0.5137429108158835,0.0,0.11101038342301328,0.0
E1035_669,1.0,0.0,1.0,1.0,0.0,1.0,0.43498233717405005,0.6682560744059943,0.9560423606018266,0.0,0.0
E1036_1069,0.0,1.0,1.0,0.5756063278488901,1.0,0.4534876479803618,0.0,0.1221363034689136,0.0,0.11291207633106742,0.09493207515928384
E1037_265,0.0,0.08509026847666185,0.0,1.0,1.0,1.0,1.0,0.0,0.19823950538360205,0.0,1.0
E1038_835,0.04341420099886455,0.0,0.5229759281244653,1.0,0.0,1.0,1.0,0.3155232620112891,0.0,0.0,1.0
E1039_1180,0.0,1.0,1.0,0.11453382026343266,1.0,0.0,0.3084543743094139,0.17605434921351357,0.0,1.0,0.0
E1040_205,1.0,0.015449873008840313,0.1667535911983378,0.0,0.4751357565882812,0.0,0.0,0.13462429042499507,1.0,1.0,0.9733395810299874
E1041_668,0.0,1.0,1.0,0.1445923097369614,0.5208981541609122,1.0,0.16940684487086993,0.271250476850378,0.0,0.20894458278319278,0.21684263166445278
E1042_1202,0.9212926890269152,0.03668128896998916,1.0,0.00011381612697391802,0.0,0.0,0.0,0.0,0.8684679743120127,0.6378495489082697,0.0
E1043_1056,0.9704766577388018,0.0,0.07264914632681123,0.0,0.7289594398296488,0.0,0.29290303131644724,0.0,1.0,1.0,0.0
E1044_1170,0.006264040205105316,1.0,1.0,0.0,0.1300350796359705,0.08132864956183651,0.004300777295495122,1.0,0.0,0.9349733449769768,0.0
E1045_1284,0.0,0.0,0.0,1.0,0.18166358347513642,1.0,1.0,1.0,0.0,0.0,1.0
E1046_1006,0.9752857162989801,0.14066352252515316,0.15823530777381573,1.0,0.0,0.031127960399438825,0.969803532102787,0.6287660311211036,1.0,0.6329677929028535,0.18946078191777374
E1047_1031,1.0,0.0,0.26926466980487457,0.43429401347529695,1.0,0.0,0.0,0.30613666305699466,1.0,1.0,0.0
E1049_1180,1.0,0.0,0.0,0.20603964814384326,0.0,0.0,0.07463271809526933,1.0,1.0,1.0,1.0
E1050_1466,0.8424703657239981,0.0,0.6622922519352551,0.8444630346149964,0.07830113013448028,0.10024193325861107,0.0,0.0,0.9066807116239528,0.1857647327881423,0.0
E1051_52,0.10406245108931128,0.0,0.04075943913806433,0.37011580272374744,0.017360745853850883,0.3073576543726779,1.0,1.0,0.08412614022999601,0.0,0.3352076669803406
E1052_1383,0.0,1.0,1.0,1.0,0.47081104601232104,0.29660756534629856,0.2931984305239506,0.0,0.0035390080903634756,0.4617383932792729,0.23773483860004968
E1053_455,0.9478996091789286,0.22975013412898995,0.11639697304862255,0.0,1.0,0.5312296459174487,0.20678453376508588,1.0,1.0,0.5903710738086074,0.10676293018211304
E1054_853,1.0,0.046001354570292585,0.0,0.0,1.0,0.0,0.14932209528672863,0.34160907318429307,0.8497025787340147,1.0,0.0
E1055_408,1.0,0.005230385760625344,0.0,0.0,0.0,0.5392203007062109,0.0,0.0,0.6629671125990431,0.7657585248396964,0.49487390741023496
E1056_1392,1.0,0.0,0.0,0.35908061345841114,0.0,1.0,0.17930238629989323,0.32462250059407627,1.0,1.0,0.08669937994581062
E1057_225,0.0,1.0,1.0,0.02313498006528417,0.6132377352884959,0.0,0.0,1.0,0.0,0.5023229348834678,0.0
E1059_1152,1.0,0.0,0.2269139583389846,1.0,0.0,0.7463072200963894,0.0,0.13103408087179808,1.0,1.0,0.0
E1060_546,1.0,0.0468988817092797,0.1165525962129251,1.0,0.38904240732227513,0.06905154314428213,0.0,0.0,0.913079142319311,0.090621300897857,0.01410089095803816
E1062_873,0.0,0.0,0.022094021313793195,0.7137044952403179,1.0,1.0,1.0,0.0,0.0,0.0,1.0
E1063_1431,1.0,0.0,0.0,1.0,0.2866501392540284,0.0,0.4277426318163036,0.0,0.6534390931681969,0.012145733161455258,1.0
E1064_1357,1.0,0.007630844757185018,0.31382333021017483,0.21211955958300427,0.3060513166751659,0.014104696351011704,0.0,1.0,1.0,0.0,0.04775668660779055
E1065_984,1.0,0.2775530424199503,0.0,0.0,0.2814627145008938,0.10596569296205816,0.0,0.3762175323770782,0.8107355627945894,0.933821127204599,0.0
E1066_999,0.9600344849558063,0.0,0.18996879707128,0.43181841206932753,0.05584943341133745,0.0,0.0,0.14488955226340133,1.0,1.0,0.7011077204650212
E1067_1028,0.9496121228806097,0.0,0.22970933522668463,1.0,1.0,0.0,0.13242298175623582,0.0,1.0,0.45863551417910375,0.5883068964004037
E1068_327,0.0,1.0,1.0,0.3609065196686867,1.0,0.4269283176907344,0.09951025048168415,0.2439538901682875,0.0,0.9291421355553261,0.0
E1069_564,0.0,1.0,1.0,0.5335961190118239,0.0,0.1374681768880996,0.0,0.14371133184115703,0.011045667824129631,0.9020749905131799,0.0
E1070_981,0.0,0.007779253223044969,0.0,1.0,0.023676682925900663,1.0,1.0,0.36180795977332136,0.0,0.0,1.0
E1072_1126,0.9286262961393316,0.0,0.0,0.0,0.0,0.0,0.0,0.0,1.0,0.7990736986143356,0.20437507259636536
E1073_174,0.8175605518115187,0.05623199150039302,0.4932757425128977,1.0,1.0,1.0,1.0,1.0,1.0,0.0,1.0
E1074_87,0.0,1.0,0.047168608850153323,0.0,0.12901444529833497,0.23495380649065037,0.16098346481627668,1.0,0.0,0.16613143975996505,0.0
E1075_312,0.9173529833795735,0.0767311806223942,0.0,1.0,0.0,0.0,0.05482004621100945,1.0,1.0,1.0,0.6153244275406357
E1076_599,0.0,1.0,1.0,1.0,0.430734328931281,1.0,0.11744422737775602,0.8635317517642042,0.0,0.3892440693770115,1.0
E1077_1070,0.0,1.0,1.0,0.33150792588594963,0.0,1.0,0.032009926449773435,0.1797236408211472,0.0,1.0,0.0
E1078_763,1.0,0.0,0.18468929529625588,0.9210859847356719,0.3598172780519511,0.41161669224662845,0.061410748895939164,0.2738258320918532,0.9254848201628095,1.0,0.17274242231182155
E1081_254,0.004351162541920924,1.0,1.0,1.0,0.3956664982950642,0.24361130324642635,0.07234045153648486,0.0,0.0,0.8423166799033606,0.03337007713859042
E1082_42,0.6860530060238196,0.8824049764382794,0.0,0.5547572374936275,0.0,0.26095600599682073,0.33534720083523045,1.0,0.7418315310055427,0.0,0.31845166732952396
E1084_1289,0.0482417727402357,1.0,1.0,1.0,0.48047332083796884,0.4490937963870976,0.0,0.3074270535519156,0.0,1.0,0.0
E1085_829,0.0,1.0,1.0,1.0,0.0,0.19872373523753747,0.05622349053379744,1.0,0.0,0.0,1.0
E1086_1454,1.0,0.003933493987219022,0.0,0.07780278575426021,0.018702572239689155,0.0,0.2927693632260716,0.4202795287426981,0.971841797310131,1.0,0.6699475029640692
E1087_240,0.0,0.0,0.06648728934607134,1.0,1.0,1.0,1.0,1.0,0.0,0.0,1.0
E1088_1441,0.05948816838974469,1.0,1.0,0.9232439862174598,0.0,0.29144353873425166,0.21306723015507753,1.0,0.0,0.5375588040362893,0.0
E1089_942,0.003070263720743238,1.0,1.0,0.0,0.17454807964081204,0.23143073043986148,0.10546364209914001,1.0,0.0,1.0,0.0
E1090_279,1.0,0.0370779287869003,0.0,0.0,0.38290574200132144,0.0,0.9723099581531204,0.7613583165921907,0.9714534247749924,0.3983842710842303,0.31528835012608897
E1091_1451,1.0,0.02133158240754673,0.08359782398128635,0.0,0.14046689868364767,0.34312832262013615,0.008263430216367261,1.0,1.0,1.0,0.17379936593009826
E1092_1101,1.0,0.04512549107646368,0.02353618554978984,0.0,0.14654726869135454,0.27121414090633944,0.3663560430222341,0.2818062321821404,0.9600430486922947,0.9614776313266538,0.07039058811764337
E1093_1248,0.0,1.0,1.0,1.0,0.0,0.16638800367033707,0.4727542089629088,0.058788716233016895,0.002367020734323474,1.0,1.0
E1094_1035,1.0,0.0,0.0,0.8307395335442638,0.0,1.0,0.1948280113758895,0.08658478461683254,1.0,0.6152501059230044,0.0
E1095_1148,1.0,0.009072984017185424,0.03467175216556008,0.549051076962806,0.0,0.0,0.0,1.0,0.938483286811277,0.9146242327078163,1.0
E1096_1060,0.0,0.11809982739310862,0.0,1.0,0.4948311426069398,1.0,1.0,0.0,0.006188218780363144,0.0,1.0
E1098_1482,1.0,0.0,0.3927818791487396,0.2832013741722473,0.4976415284418331,0.1251038251472871,0.0,0.0,1.0,0.7234377396086017,0.0
E1100_588,0.0,1.0,1.0,1.0,0.0,0.40288213164637915,0.37618601492248077,0.655540691799218,0.0,0.8089296106096169,0.0
E1101_1096,1.0,0.0,0.17699090426949365,0.7386028408946245,1.0,0.0858580217914664,1.0,0.0960756964054325,1.0,1.0,0.0
E1103_338,0.012442626643976624,0.009324986866278712,0.5421909217145799,0.0,1.0,1.0,1.0,0.3742343057973966,0.02303132739650744,0.0,1.0
E1104_123,0.0,1.0,1.0,0.0,0.29397031954201963,0.0,0.0,0.0,0.0,0.7958317938137631,0.0
E1105_97,0.6115648841331507,1.0,0.0,0.17468634290358612,0.09030769874179345,0.0,0.0,0.0,1.0,1.0,0.0
E1106_1329,0.8814659700403177,0.02549210654528456,1.0,1.0,0.3110238465432716,0.059213843278638566,0.30975750874305696,1.0,1.0,1.0,0.0
E1107_475,0.9649420314850885,0.04853714034891112,0.0,0.2837863444899699,0.04450968459476604,0.710569047207349,0.0,0.0,1.0,0.8188728157317396,0.31949226475238474
E1108_18,0.6887660275017996,1.0,0.10459859295156394,0.0,0.0,0.0,1.0,1.0,0.868709568129558,0.0,0.11251451528776743
E1109_703,0.8885034769253374,0.008614669464324204,0.0,0.0,0.6728119096808381,0.8117277300227485,0.5532923381636636,1.0,0.8898586704471296,0.9166327054359423,0.13839755975213444
E1110_361,0.0,0.012321187652984773,0.013049540815169392,1.0,1.0,1.0,1.0,0.3705851859989213,0.0,0.0,1.0
E1111_971,0.01601136414730006,1.0,1.0,0.0,0.0,0.5610747048280741,0.08902022366991134,0.0,0.00290104905244553,0.5269025125500669,0.778981837513285
E1112_1138,1.0,0.0,0.3643306420288392,0.0,0.05481629263259594,0.1179649489237833,0.10861364505036113,1.0,0.9999087712853311,0.8111606900403511,0.44197449748073486
E1113_852,1.0,0.0,0.0,0.4141381817034239,0.0,0.04241217229726384,0.1653120811420853,1.0,0.9377149218136458,1.0,0.0
E1115_53,0.7837534044146888,1.0,0.0,0.021373301956764918,1.0,0.0,1.0,1.0,0.9831640444590846,0.0,0.3694818230739153
E1116_818,0.0,1.0,1.0,1.0,0.306606091466625,0.0,0.68687137855086,1.0,0.0,1.0,0.0
E1118_18,0.7649116815119738,1.0,0.0,1.0,0.035728817484830505,1.0,1.0,1.0,0.579855394057715,0.0,0.49640837957964884
E1119_488,0.0,1.0,1.0,0.16385002760763512,0.12517762705993277,0.0,0.0,1.0,0.02051241639302598,1.0,0.31120834592206986
E1120_767,0.031731493654914775,0.0,0.25962710126997046,0.2757411292224395,1.0,1.0,1.0,0.06399466171973357,0.0,0.0,1.0
E1121_842,0.865669082341369,0.07132085966137143,0.0,0.48060063678259385,0.024148053373962967,0.2685953980949458,0.03542216388947295,0.0,0.989472914768746,0.6918827835798643,0.06430792157345644
E1122_1000,0.0,0.0,0.0,1.0,0.25743791588594045,1.0,1.0,0.4185333664827945,0.0,0.0,1.0
E1123_814,0.955970977711975,0.04101620648189152,0.08704699686042573,0.11848312482643268,0.22498060290837424,0.6098313332042833,0.1064581233016391,0.5916747416896951,0.8931607722420478,1.0,0.2847528392723874
E1124_315,0.8739251127410003,0.018501132083694992,0.6012091803933917,0.06839097431176189,0.0,0.0,0.0,0.49848481724602617,1.0,0.9121563197507463,0.0
E1125_1126,1.0,0.0,0.14997685749220713,1.0,0.0,0.1763901192644665,0.19619487523345366,0.717183362512712,1.0,0.0,0.22588395512165363
E1126_123,1.0,1.0,1.0,0.0,0.0,0.0,0.2243022215410392,0.2853880508565828,0.859337667693204,1.0,0.0
E1127_1254,1.0,0.004826522812124035,1.0,0.0,0.1858086316713695,0.0,0.0,0.7839355863818018,1.0,0.4078366234417513,0.7127928048773617
E1129_1228,1.0,0.0,0.421821293706235,0.9034577867099552,0.0,0.0,0.3884278260525044,0.0,1.0,0.38671731873717374,0.0
E1131_1148,0.0,1.0,1.0,0.0,0.24799797401322907,0.0,0.0,0.25397286017070364,0.0,0.679461631559158,0.7053574846835008
E1132_881,1.0,0.02702958381006916,0.4402480198614068,0.0,0.0,1.0,0.0,1.0,1.0,1.0,0.0
E1133_570,0.8887961383545406,0.0,0.0,0.09658476615880725,0.0004168799857527762,0.0,0.0,0.0,1.0,1.0,0.0
E1134_913,1.0,0.008396172089698862,0.06538101922670063,0.14834340463982648,1.0,0.7102710571116873,0.13879388984312593,1.0,1.0,1.0,0.0
E1136_67,0.9257952584107502,1.0,0.019635353118834086,0.13264088452129358,0.3471659323882575,0.0,0.0,0.2763587791745745,0.9781032810541088,0.9822203091811634,0.017858269763049314
E1137_24,0.5839960811924423,1.0,1.0,0.0,0.0,0.31642170922038515,1.0,1.0,0.7616036915732551,0.0,0.006666847788085095
E1139_1208,0.0,0.0,0.0,1.0,0.1970997242595884,1.0,1.0,1.0,0.0,0.0,1.0
E1140_747,1.0,0.02297092214840227,1.0,0.3853978232937685,0.3403712098065308,0.0,0.0,0.0,0.9616135377895416,0.0066290924998571605,0.7899915729559973
E1141_1236,0.0,0.0,0.2974668862836687,0.24253664702764569,1.0,1.0,1.0,0.08450347377042362,0.0,0.0,1.0
E1142_847,0.021560175883550376,1.0,1.0,0.0,0.014441149684057136,0.0,0.5442063875296059,0.0,0.0,0.0546019256047336,0.0
E1143_1172,0.0032682885239308707,1.0,1.0,1.0,0.0,0.23212216482456652,0.0,0.8448116015078209,0.0,0.5985202207294594,0.1255573311131731
E1145_834,0.008028611062340256,1.0,1.0,0.0,0.0,0.0,0.3436138403928845,0.4944925070599436,0.0,1.0,0.2451521858198645
E1146_181,0.707926478193007,0.012733192180787263,0.3459473358527785,0.0,0.0,0.0,0.0,0.5345528810302222,1.0,0.8696512686988261,0.9885542009723729
E1147_573,1.0,0.0,0.0,0.337983634648725,1.0,1.0,0.0,0.0,1.0,1.0,0.2331505088358271
E1148_1039,0.0,0.006147422974035415,0.22264022487034235,0.0,1.0,1.0,1.0,1.0,0.0010806058442565294,0.0,1.0
E1150_20,0.12590241716653383,0.4703452611310243,0.7891767872047905,0.0,0.0,0.0,1.0,1.0,0.052015321893592606,0.0,1.0
E1152_892,0.03812414731412126,1.0,1.0,0.8079092145561907,1.0,0.054667666231399854,0.0,0.12199788053781573,0.010731370449514048,0.46361011694736276,1.0
E1153_1278,1.0,0.0,0.2697704707748145,0.5241387399248665,0.4027870795266476,0.029462419470463356,0.0,0.30846253710034005,1.0,0.0,0.024230640109120766
E1154_939,0.0,1.0,1.0,0.0,0.0,1.0,0.0,0.47889230480421935,0.0,0.9563610072616268,0.2747447649383489
E1155_1392,0.0017321534290965263,1.0,1.0,0.0,0.6048758407527367,0.07904660890708298,0.30878111420379617,0.5997354436133544,0.0,0.8446148968924619,0.0
E1156_1316,1.0,0.12700174070728945,0.7342520162864704,0.8608880993356145,0.05045893238067701,0.23516578111251993,0.48603900515820425,0.0,1.0,0.8136742202201678,0.0
E1157_1323,1.0,0.0,0.0,0.36409949707778244,0.0,0.0,0.0,0.0,1.0,1.0,0.15778954208624812
E1158_1465,0.0,0.02049012198782248,0.1750256449938462,0.030398035942884226,1.0,1.0,1.0,0.03831047274212423,0.0,0.0,1.0
E1159_911,0.0,0.0,0.11507989802352292,1.0,1.0,1.0,1.0,0.2143407047597382,0.0,0.0,1.0
E1160_1089,1.0,0.0,0.2168163239101944,0.0,0.0,0.3366476275339597,0.1592173070704786,0.27436120146942666,1.0,0.42045178538417505,0.0
E1161_1035,1.0,0.0,0.3522833599715095,0.5515818022407908,0.0,0.10594161792107538,0.05080480171509844,0.3161628826793189,1.0,0.37562473627650217,0.11386512589115778
E1162_292,0.0,0.0017427551420237336,0.9401327837672827,1.0,1.0,1.0,1.0,0.4243068993920864,0.0,0.0,1.0
E1164_1459,0.0,1.0,1.0,0.0,0.0,0.6382614647494165,0.0,0.30016859666578055,0.018888797256647685,1.0,0.8107572501784941
E1165_204,0.0,1.0,1.0,0.0723522624922419,0.15557679387263426,0.20822053084617892,0.018494193910988888,1.0,0.0,0.674459301430314,0.28082583355747026
E1166_676,0.0,1.0,1.0,0.5360361574634995,0.8942128023139987,1.0,0.0,0.4517823107066196,0.006803854188127478,1.0,0.7740401355864832
E1168_1015,1.0,0.09385539298710258,1.0,0.05301684777609255,0.23110508870236304,0.027768378526990725,0.0,0.0,1.0,1.0,0.0
E1170_825,0.0,0.0,0.0,1.0,0.604965983200103,1.0,1.0,0.22780142378573176,0.013812998745025108,0.0,1.0
E1171_616,0.013217570853849586,1.0,1.0,1.0,0.3133345411775519,0.0,0.0,0.0,0.0,0.22099547883807255,0.0
E1172_65,0.7684673982213125,1.0,0.08109638524401065,0.30366161554487514,0.48774920222506546,1.0,0.02552315764327893,1.0,0.7474394017501591,1.0,0.0
E1174_1414,0.0,1.0,1.0,0.33486282524059435,1.0976083648231887e-05,0.08355822346505455,0.0,0.08229990698204107,0.013818102560074009,1.0,0.0
E1177_809,0.009006196962758655,0.023484144659336847,0.0,1.0,1.0,1.0,1.0,0.0,0.0,0.0,1.0
E1179_830,1.0,0.02421842431238264,0.06230267789733377,1.0,1.0,1.0,0.6427943900166879,0.2411163397137926,1.0,1.0,1.0
E1181_1177,1.0,0.0,0.023982879280552497,1.0,0.22775710572838237,0.0,0.0,0.0,0.9260397274668046,1.0,0.0
E1182_287,0.8535818699263855,0.10973676218909954,0.10005163962828939,0.20898968210413119,1.0,0.0,0.06370890700368782,0.0,0.9821715284506644,0.7588750173856353,0.38066746015536
E1183_804,0.0,1.0,1.0,0.0,0.0,0.30186089605823846,0.14269679312943317,0.31344091893771964,0.020611417008963642,1.0,0.6989675487177455
E1185_38,0.483852769824258,1.0,0.0,0.0,0.0866486317211462,0.0,1.0,1.0,0.398694131933775,0.0,0.3543257979459631
E1186_350,1.0,0.0,0.0,1.0,0.0,0.8580372844030477,0.0,0.017517539813472264,0.910173726107096,1.0,1.0
E1188_701,1.0,0.009123349754111687,0.13400831963588883,0.5915107597988889,0.0,0.0,1.0,0.7002087344910856,1.0,1.0,0.45280107897245947
E1189_47,1.0,0.0,0.0,0.0,0.01333703528688867,0.0,1.0,1.0,0.9749306618154967,0.0,0.0
E1190_1186,0.0,1.0,1.0,0.9134216682467317,0.8140741285955976,0.2734180502466957,0.0,0.19029975736905178,0.0,1.0,0.0
E1191_1444,0.0,0.0,0.0,1.0,1.0,1.0,1.0,0.13808213612642448,0.021406891026617716,0.0,1.0
E1194_445,0.015768511398945025,1.0,1.0,0.0,0.0,0.0,0.13670124249303126,0.15111466649790672,0.0,0.9567149372786474,0.21210604205592185
E1195_645,0.8611190156718243,0.15452160825898817,0.14025836680437334,0.1279072451457944,0.0,0.0,0.17700564229522112,0.28107604568505773,0.9758013201838025,1.0,0.0
E1196_753,1.0,0.0,0.8954915576414798,0.0,1.0,0.037737450652189176,0.5817928618396492,0.0,1.0,1.0,0.14191785278074154
E1198_742,0.0002763120456875362,1.0,1.0,0.0,0.0,0.7321813852405535,0.09840985765174676,0.7333369060251088,0.009596817607646774,1.0,0.0
E1199_1031,1.0,0.0,0.13639540853034238,0.0,0.0,0.0,0.10912383778830233,0.0,0.9465666010850102,1.0,0.61077549467351
E1200_107,0.014091985003127257,0.02595176333926815,0.39169418041814935,1.0,1.0,1.0,1.0,1.0,0.0,0.0,1.0
E1201_1011,0.0,1.0,1.0,0.44811082735849106,1.0,0.0,0.0,0.0,0.0,1.0,0.028962968738972545
E1202_623,0.8506585557618803,0.011572886462928538,0.0,0.0,0.0,0.0,0.0,0.4598837193077842,1.0,0.4390925672023148,0.004782337486219246
E1203_872,0.0,0.08486102065968129,0.4018922153790772,1.0,0.6093115806721093,1.0,1.0,1.0,0.013514006725357327,0.0,1.0
E1204_594,0.0,0.0,0.20533788626632496,1.0,0.11850555757007304,1.0,1.0,0.0,0.0,0.0,1.0
E1205_1003,0.0029748222684961956,1.0,1.0,0.4198486429512929,0.3218064708095391,0.0,0.053990959914688656,1.0,0.0,0.7907701281809869,0.9732141523990474
E1206_538,0.0,1.0,1.0,0.31039362723695807,0.0,0.14669513385424568,0.0,0.815449763655608,0.0,1.0,0.0
E1207_91,0.12515610823383286,1.0,0.15417080754391047,0.0,0.9766499339760655,1.0,1.0,1.0,0.1640887933807129,0.0,1.0
E1208_330,1.0,0.08335901164941961,0.051253025745664295,0.0,0.0,0.0,1.0,0.0,0.9480646753168219,0.3105040940030072,0.9124871709180373
E1209_53,0.6983331301852442,1.0,0.3179024449846618,0.0,0.0,0.6288494220016891,1.0,0.15877300771900468,0.46844933552762286,0.698920622510722,1.0
E1210_955,0.0,0.11969042485127665,0.0,0.0,1.0,1.0,1.0,1.0,0.0,0.0,1.0
E1211_1177,0.02053414043801812,1.0,1.0,1.0,0.4996515534502396,0.20524903710105113,0.5577817495254443,0.012059687254030747,0.0,1.0,0.0
E1212_1012,0.006022708028388403,0.0,0.026597160501834142,0.012537831991397764,1.0,1.0,1.0,0.42173788708357357,0.00380024356569419,0.0,1.0
E1213_107,0.0,0.0030992582654366546,0.09310445344305472,1.0,1.0,1.0,1.0,1.0,0.009545958130913789,0.0,1.0
E1214_1075,1.0,0.05580699687026835,0.506421121911525,0.0,0.0,0.420060919081424,0.38206587262412606,0.0006130880597915355,1.0,0.710522708842635,0.0
E1215_1075,0.9554967085541818,0.0,0.5294430281350179,0.0,1.0,0.0,0.0,0.4996733704035565,1.0,0.9577817684519255,0.19644807936210928
E1216_1013,1.0,0.0,0.0,0.0,0.0,0.74381274885186,0.0,0.0,0.9601583905716646,1.0,1.0
E1217_1345,1.0,0.13965176854231107,0.0,1.0,0.24232368171958307,0.005627908077902007,0.02680679900911261,0.0,1.0,0.8374053635781007,0.6966528030277603
E1218_1038,0.0,0.027047837341040947,0.0,1.0,0.7872079045256165,1.0,1.0,0.09592776007026031,0.0,0.0,1.0
E1220_1244,1.0,0.0,0.0,1.0,0.3002249311053242,1.0,0.0,0.32459488124833236,0.818059466182155,1.0,0.0
E1221_220,0.0,0.03488596067551507,0.0,1.0,1.0,1.0,1.0,1.0,0.0328278589251218,0.0,1.0
E1222_418,1.0,0.0,0.0,0.0,0.22476861547213636,0.28647272395956197,0.0,0.0,1.0,1.0,1.0
E1223_605,0.0,0.006819487938848959,0.6637954608404655,1.0,0.28290775348301594,1.0,1.0,0.0,0.0,0.0,1.0
E1224_1298,1.0,0.2457307546492998,0.0,0.12579520074693354,0.0,0.22477656471157906,0.0,0.0,1.0,1.0,0.0
E1225_950,0.009375130327521516,0.0,0.134952393908531,1.0,0.39974403686425536,1.0,1.0,0.0,0.0,0.0,1.0
E1226_1008,1.0,0.034263439739209776,0.20589504604050007,0.16119542866586556,0.0,0.0,0.7762533136331251,0.0,1.0,1.0,0.2605745543168305
E1227_696,0.0,0.025720703273263625,0.0,1.0,1.0,1.0,1.0,0.0,0.0,0.0,1.0
E1228_274,0.9697364841733384,0.15274923428093976,0.0,0.0,0.06511600228037825,0.4110670552655387,0.0,0.0,1.0,0.6144173409836222,0.0
E1230_44,0.3251010465849713,1.0,0.7984262635141717,0.6756246433705566,1.0,0.3279020325240473,1.0,1.0,0.37478693539783814,0.0,0.0
E1231_505,0.0,1.0,1.0,0.9703889645782359,0.4114205665866866,0.6942656025338605,0.12318931583160686,0.9913450011141393,0.0010456802514709257,1.0,0.09112569679003202
E1233_1277,0.9363889050810822,0.0,0.03151411364668933,0.20937291921773057,1.0,0.0,0.0,0.028988241144815154,1.0,1.0,0.03936862055633314
E1234_523,0.0,0.22289896583374474,0.0550020000404052,1.0,0.0,1.0,1.0,0.017189447971436993,0.0,0.0,1.0
E1235_1253,0.0,1.0,1.0,0.0,0.3232697159590005,0.9203915533607746,1.0,0.49662448348978555,0.0,0.07307908444225161,0.0
E1236_894,1.0,0.0028906349739918286,0.0,0.8767232179306029,0.6725851591384467,0.043433422808889524,0.012706033391800793,0.0,1.0,1.0,0.0
E1237_246,0.8409393532449959,0.0,0.5379536782710073,1.0,0.1282120470216036,0.05161580855245024,0.2893291070605372,0.0,1.0,0.11773628994434177,0.0
E1238_763,0.005837395103969946,1.0,1.0,0.1377457107149624,0.04060208654112691,0.22882396258125695,0.12180533601829815,0.1728107104976347,0.0,0.0,0.034244928212000675
E1240_1471,0.0,0.0,0.0,0.21252908117757516,1.0,1.0,1.0,0.822625676657048,0.0023648679889123176,0.0,1.0
E1242_1044,0.0,0.0,0.0,0.0,1.0,1.0,1.0,0.0,0.0,0.0,1.0
E1243_258,1.0,0.037702514919625375,1.0,1.0,0.36994820719930227,0.0,0.0488534872693732,0.0,1.0,1.0,1.0
E1245_272,1.0,0.049751532208878964,0.0,0.216678413929894,1.0,0.10977407158564848,1.0,0.0,1.0,1.0,0.0
E1246_392,0.0,0.0,0.32325218933786704,1.0,0.6684506235046627,1.0,1.0,1.0,0.0,0.0,1.0
E1247_626,1.0,0.0007279176770337165,0.4405058558026228,0.0,0.12244797302269599,0.0,0.0,0.0,1.0,0.3813060318841125,0.0
E1252_533,0.0,1.0,1.0,0.0,0.0,0.17409934114880243,0.1428284462796045,1.0,0.0,0.5134403757680184,0.35906400078987444
E1253_1132,1.0,0.018273338934416128,0.14222980545181213,0.1634809987654731,0.0,0.25550288695203566,0.0,0.0,0.9272792043519902,1.0,1.0
E1254_580,0.0,1.0,1.0,0.7311817567818296,0.0,0.4053109487815364,0.0,0.26609026045707346,0.0,1.0,0.923801548077143
E1255_82,1.0,1.0,0.0,0.030322966533801815,0.48116039494628887,0.33970982927659976,0.8039691594210808,1.0,0.9787153293564081,0.8757888348871302,0.2673368847453242
E1256_824,1.0,0.026756772111967024,0.0,1.0,0.0,0.0,0.0,1.0,1.0,0.29643261819708544,0.05657214894914204
E1257_858,0.0,1.0,1.0,1.0,0.4084556204145656,0.0,0.0,0.0,0.0009696231970146606,1.0,0.0
E1258_1027,0.0,1.0,1.0,0.8377943764915564,0.0,0.0,0.031129595705564297,1.0,0.009534903532823784,1.0,0.10759751626037284
E1259_618,1.0,0.05764900165245912,0.0,0.0,0.0,0.0,0.0,0.04604382807698393,1.0,0.9405556005412014,0.3982039769047335
E1260_444,1.0,0.052276224887937525,0.0,1.0,0.025401072021213316,0.0,0.31264273519725827,0.0,0.9341786046850781,1.0,0.719732599752884
E1261_1027,1.0,0.08188805723253936,0.0,0.0,1.0,0.037495117069734026,0.0,0.2380603615062647,0.7237381020878686,0.7888252266697618,0.0
E1262_515,0.9409587408365343,0.39225632070436867,0.0,0.3916504400026201,0.2597646764442584,0.16470655823395772,0.19898828924662038,0.0,1.0,0.8746112772473423,0.0
E1263_229,0.0,0.023500368921315958,0.3021703152936613,1.0,1.0,1.0,1.0,1.0,0.015480371330536024,0.0,1.0
E1265_726,0.9124357586357937,0.15420814908717123,0.4866329267721992,0.5967292478494796,0.6569245959571445,0.7989003206828723,0.0,0.12216106070582546,1.0,0.7848184407220422,0.0
E1266_1220,0.0,1.0,1.0,1.0,0.0,0.5448590193355397,0.0,1.0,0.0037448966648406822,1.0,0.14749014583475842
E1267_1023,0.009113473977234974,0.0009036275129416196,0.05547934459637166,0.5765712577212159,1.0,1.0,1.0,0.5659987461508031,0.0,0.0,1.0
E1275_438,1.0,0.0,0.0,0.09711424653774421,0.0,0.0,0.05369825962287747,1.0,1.0,1.0,0.0
E1276_1116,0.002112141004165801,0.009476967150794609,0.2607618264732174,0.0,1.0,1.0,1.0,1.0,0.0,0.0,1.0
E1278_215,0.0,0.0,0.0,1.0,1.0,1.0,1.0,1.0,0.01350292644249006,0.0,1.0
E1279_462,0.0,0.0044202208191293346,0.5437828732977738,0.3282719118841557,1.0,1.0,1.0,1.0,0.006784098912318354,0.0,1.0
E1282_574,0.9704432004373025,0.19173439044889007,1.0,0.14117647287081622,1.0,0.4058193314982057,0.0,0.0,0.9746053174274952,0.0,0.770661765724344
E1284_581,1.0,0.05155098332929317,0.11533558921078792,0.8309686491508252,0.0,0.2183547468121678,0.050518398230921836,0.11572798834983854,1.0,1.0,0.0
E1285_462,1.0,0.0,1.0,0.0,1.0,0.0,0.0838270002137317,0.027269580050082173,1.0,1.0,0.0
E1288_7,0.41988625704978827,0.4114203832161848,0.49359745909134145,0.0,0.7204193658356024,1.0,1.0,1.0,0.3137829306741861,0.0,0.24811737513974963
E1290_585,0.0,0.0,0.0,0.0,1.0,1.0,1.0,0.34978300067840257,0.0,0.0,1.0
E1291_18,0.6405476033332581,1.0,0.0,0.9551537634683119,0.5571455257590909,1.0,1.0,1.0,0.4958713534020683,0.052319592193610355,0.4580679785898834
E1292_1358,0.006080853193736194,0.0,1.0,0.0,1.0,1.0,1.0,0.08605362365791361,0.0,0.0,1.0
E1294_507,0.008017284832894836,0.0,0.1600914140942823,1.0,1.0,1.0,1.0,0.0,0.0,0.0,1.0
E1295_361,0.9732030005768944,0.0,0.05419429049412298,0.26432544429381516,0.0,0.009602655971002762,0.04151537286883828,0.0,1.0,1.0,0.9257815905110508
E1296_271,0.22251802758049213,0.11582309227299938,0.0,1.0,1.0,1.0,1.0,1.0,0.9920125576818848,0.0,1.0
E1298_913,0.8977889647938835,0.08172148972336422,0.024451691031333274,0.30157640376149963,0.0,0.6861648425860086,0.03884602703609558,0.4844221100875045,0.7708692125935003,0.828883323772585,0.0
E1299_60,0.9520417976961286,0.5996579518231571,0.0,1.0,0.0,0.1878006869076973,0.19950578282988293,1.0,1.0,0.5926809712070032,1.0
E1300_905,1.0,0.008694655388778767,0.026608336258436602,0.0,1.0,0.03423856018078224,0.0,0.0,1.0,0.6399050034878802,0.0
E1301_666,0.004684916800065223,1.0,1.0,0.0,0.0,0.1390982328675509,0.403832982536215,0.0,0.002925758882615265,0.16232096188422168,0.5076361483147106
E1302_1387,0.0,1.0,1.0,0.40960465184119366,0.1410150251875692,0.0,0.0,1.0,0.0,1.0,0.5039424518596646
E1303_850,0.7014826080460194,0.0,0.35730524880808345,0.47362135726773885,0.6181712147876408,0.8318899939413348,0.09222977799571713,1.0,1.0,1.0,0.23515027529773944
E1304_374,1.0,0.0,0.008440355415684305,0.0,0.0,0.19378293619525874,0.0,0.12004290600100964,0.8239957300508517,0.6707563390390533,0.1027901140127373
E1305_746,1.0,0.0,0.7633436995612767,0.0,0.0,0.2526240530851367,0.2167256558162727,0.03842304161905608,1.0,1.0,0.0
E1308_434,1.0,0.025505970293187626,0.0,0.0,0.0,0.0,0.0,0.0,1.0,1.0,0.0
E1309_658,0.0,1.0,1.0,0.07244813664406653,1.0,1.0,0.10795961837488044,0.45150542542169464,0.0,1.0,0.0
E1311_1305,1.0,0.04047817225814707,0.2529991173357821,0.04915503301992338,0.0,0.0,0.0,1.0,0.9675656093743359,0.6539532221714414,0.0
E1312_264,0.0,0.009481080074379087,0.5130943917589581,1.0,1.0,1.0,1.0,1.0,0.4591791879221709,0.0,1.0
E1313_852,1.0,0.016060489234293946,1.0,0.39064763075390063,0.0,0.0,0.00793960816042891,0.8914417884066672,1.0,0.8716467245904357,0.0
E1314_612,1.0,0.0,0.0,0.0,0.0,0.26290756967738954,0.0,1.0,1.0,0.31723906640951255,0.6733513666618379
E1317_1403,1.0,0.10463501326683611,0.46838090399530596,0.0,0.0,0.0,0.0,0.20094830912681247,0.9915447163497819,1.0,0.0
E1318_219,0.0,1.0,1.0,0.13319613364265023,0.6291919030222702,0.4069623233960836,0.0,0.6564971985666772,0.0,0.5860859757981125,0.4908718680561493
E1319_1058,0.04374325828649094,0.0,0.21876571758902796,0.0,1.0,1.0,1.0,0.6528121898786567,0.0,0.0,1.0
E1320_1459,0.006464711883600693,0.0,0.5600878044944554,0.12782124408137754,1.0,1.0,1.0,1.0,0.0,0.0,1.0
E1322_134,0.07578248692959345,0.0,0.27802657339616144,1.0,1.0,1.0,1.0,1.0,0.07984715552996904,0.0,1.0
E1323_1111,0.0,1.0,1.0,0.7779522300532494,0.0,1.0,0.0,0.08100400482542318,0.0024875824059498023,0.6617608817564429,0.0
E1324_638,0.0,1.0,1.0,0.0,0.0,0.1407110836143094,1.0,0.15105428431794976,0.0,0.584669647584976,0.0
E1325_973,0.0,0.0,0.0,0.35645501482702224,1.0,1.0,1.0,0.5480461901326628,0.0008554213500451922,0.0,1.0
E1326_895,1.0,0.056369264495139855,0.5114373389801061,0.9022553422763817,0.0,0.009582274352582704,0.17272673274149195,0.13487549776769203,1.0,1.0,1.0
E1327_102,0.828973333769767,1.0,1.0,0.0,0.11015057111074335,0.14000716575165936,0.0,0.0,1.0,1.0,0.0
E1328_841,0.0,1.0,1.0,0.0,0.024727391252345424,0.01657197896206784,0.0,0.2564390864816528,0.0,0.1845806296310527,0.10533182359351194
E1329_44,1.0,0.4013163303048727,0.5160819696721514,0.0,0.5688448341027997,0.4061503371131095,1.0,1.0,0.9735265774692932,0.0,0.0
E1330_415,0.023965179352997433,0.027347233037084095,0.0,1.0,0.9199637787359553,1.0,1.0,0.0,0.0,0.0,1.0
E1332_1374,1.0,0.0,0.0,0.0,0.0,0.24235117016979726,0.5721639761016221,0.0,1.0,1.0,0.02046996158267037
E1334_587,1.0,0.0,0.0,1.0,0.0,0.6201379418927716,0.018200018101585898,0.6564874760072722,0.8716364929561068,0.9137810084688793,0.146924177205723
E1335_559,0.0,1.0,1.0,0.10825322643961344,0.37304573715836553,0.5527571985302401,0.0,0.0,0.0,0.7603976870629865,0.0
E1337_1293,1.0,0.0,0.0,0.4982318294490499,0.0,0.9155777480219781,0.0,0.0,1.0,0.8736892391045921,1.0
E1338_316,1.0,0.022306406796240307,0.16820791685640232,0.35237950475991286,1.0,0.0,0.1298244284396489,0.34576872519822255,1.0,0.8244103199645628,0.0
E1339_258,1.0,1.0,0.16525151257960102,0.0,0.953026949165911,0.15168569631145104,0.03517019845705786,0.0,0.7776978152026219,0.6769870499804924,0.019976116784142014
E1340_53,0.4358407924559485,1.0,0.15249435461780103,0.0,0.0898387740836082,0.5694276188358465,1.0,1.0,0.4896274020393984,0.0,0.0
E1341_1222,1.0,0.18702225289267307,0.390688696448643,1.0,0.0,0.8437451543669983,0.0,1.0,0.9737087414519192,0.5028836732779708,0.0
E1342_1359,1.0,0.041700483729868204,0.0,0.039823604129620306,1.0,0.009771627162062434,0.15397114448027285,1.0,1.0,1.0,0.27820059265393765
E1343_1466,0.010933995585287118,0.1497251261628305,0.4365749543536605,1.0,0.20688343241187584,1.0,1.0,0.17969102822321167,0.0,0.0,1.0
E1344_297,0.0015825683345020735,0.0,0.0,0.13734619606437762,1.0,1.0,1.0,0.6520617159315332,0.03216645594882393,0.0,1.0
E1345_171,1.0,0.009020031790088189,0.2837217629977879,0.0,0.0,0.0,0.0,0.0,0.9198777385277228,1.0,0.24416384210789083
E1346_1354,0.0,1.0,1.0,0.3812808442544286,0.0,0.525195509694926,0.0,0.4011238469202694,0.0,0.9507385246312592,1.0
E1347_1176,0.7642238865040343,0.0,0.6745222998644476,0.9884646013859854,0.7567989124049797,0.0,0.5799520777669672,1.0,1.0,0.14384472976236762,0.0
E1349_286,0.9976487029593161,0.0,0.0,0.08724107075561877,0.045356939840266154,0.0,0.002228003665187023,0.4441346836187544,1.0,0.49808376844135077,0.036569786643196746
E1352_922,0.016435157308248825,0.0,0.2517955539391157,1.0,0.016099183454994,1.0,1.0,0.3046483575077227,0.0,0.0,1.0
E1353_420,0.920767137164075,0.0,0.3321846256672542,0.0,1.0,0.0,0.027775423697610928,0.0,0.967476532036747,0.35184912207743985,0.5496748827729148
E1354_130,0.753836483347403,0.9190317590708191,1.0,0.26163469485652263,0.012536440389458853,0.2187334992269622,0.0007281913116844098,0.0,0.9629423388752905,0.6668977785079827,0.0
E1355_426,1.0,0.11438069873532365,0.023540019167946822,0.09106055363368719,0.0,0.1423034274112645,1.0,0.0,1.0,0.5226305665046345,0.09425454248708068
E1356_239,1.0,0.0,0.5552554503711686,0.2949679266346993,0.0,0.0,0.0,0.0,1.0,0.08328291199235575,0.5140103911504373
E1357_850,0.0,1.0,1.0,0.14823092292025528,0.877535212907474,0.6808373908458754,0.0,0.0,0.0,0.6834965921116674,0.0
E1358_229,0.016028949621485496,1.0,0.7167656424567582,1.0,0.17636786394212525,0.0,0.29113399691929664,1.0,0.002202246991272614,0.0,0.0
E1360_1152,1.0,0.11767488495049652,0.0,1.0,0.5002834747308474,0.0,0.1261936105929651,0.108101533775299,0.9921191921327646,1.0,1.0
E1361_650,0.0,0.10989313386400318,1.0,0.016628258153434203,1.0,1.0,1.0,0.0,0.002171483462150951,0.0,1.0
E1362_385,0.7742265085501544,0.0,0.0,0.4267201996121795,0.0,0.32088245562414136,0.0472190888109092,0.0,0.759935592047447,0.8080906361365578,0.0
E1363_848,0.0028374750128134043,0.030953014208494355,0.0,1.0,0.0,1.0,1.0,0.0,0.0,0.0,1.0
E1364_502,0.0,1.0,1.0,0.0,0.054373168539001274,0.0,0.4109123722263937,1.0,0.0,1.0,0.3570098225893458
E1365_1007,0.937811831529785,0.003196345830471801,0.0,0.3124145607758465,0.0,0.18902573306240403,0.0,0.7807644031919828,1.0,1.0,0.0
E1367_735,1.0,0.011814250184745566,0.03521387976498606,0.0,0.6962026726586137,0.16614957625399074,0.26425471135277073,0.0,1.0,0.945701272067786,0.024483924888250932
E1368_1019,1.0,0.0,0.5472537201353477,0.0,0.49244315040125874,0.268846372649648,0.0,0.0,1.0,1.0,0.28044142392990085
E1369_256,1.0,0.0,0.08239277303428842,0.0,0.0,0.6287726072849245,0.0,0.21705691857044773,0.7402420617271441,1.0,1.0
E1371_1151,0.0,0.0,0.08274444754898246,1.0,1.0,1.0,1.0,0.0,0.0,0.0,1.0
E1373_426,1.0,0.006709354943245385,0.036629930084112444,0.0,0.0028797458241047063,0.4510962347592768,0.27955709010954755,1.0,1.0,1.0,0.20813254672522633
E1375_1176,0.8616938168028722,0.05185698045638469,0.0,0.0,1.0,0.0,0.48738343253840594,0.06535587094259547,1.0,0.11281584287723968,1.0
E1377_365,0.0,0.028970229293376094,0.0,1.0,1.0,1.0,1.0,0.6290270833629683,0.0,0.0,1.0
E1378_95,0.8068728373472152,0.742740524282884,0.13166550376766967,0.0,0.5884929628081949,0.08737640027875414,0.6494908886810611,0.0,0.5867436687813835,0.06117129160592856,0.1862531166224938
E1379_1123,0.0,0.01555020457343332,0.0,1.0,0.0,1.0,1.0,0.3214950670018405,0.0,0.0,1.0
E1380_537,1.0,0.020304535937273386,0.09071125608531277,0.0,0.07519110808838328,0.11311281655894072,0.0,1.0,1.0,1.0,0.0
E1381_491,1.0,0.0,0.0,0.38936140532971875,0.8627810451932088,0.0,0.0,1.0,0.8746775307648308,0.2673604461989911,0.4294732573032244
E1382_969,0.0,1.0,1.0,1.0,0.0,0.6573263640984999,0.059429051464459474,0.4537596528727835,0.0,0.33956989539342786,0.0
E1383_535,0.00044377774502021833,1.0,1.0,0.22906630245942058,0.0027706526146253374,0.810135316363794,0.060666717419572955,0.0,0.0,0.2730088629426385,0.006979844179774913
E1384_859,0.841690570259666,0.0,0.6320641355336776,0.0,0.24303454811683825,0.02918865742485759,0.0,0.0,0.9370998324649921,0.5370204896652245,0.04634108022182709
E1385_197,1.0,0.005094736758107283,0.48408518961758146,0.057849365337377584,0.0,0.0,0.03224034256333606,0.0,0.9963415870485025,0.777947587415576,0.7637786888862756
E1387_913,1.0,0.07915602045397256,0.0,1.0,0.0,0.0,0.0,0.191135757027594,0.9677689557472129,0.8955192675631917,0.0
E1388_441,0.014276574891940149,0.0,0.1506989261004277,1.0,0.908620633991021,1.0,1.0,1.0,0.003383067702955137,0.0,1.0
E1390_648,0.0,1.0,1.0,1.0,1.0,1.0,0.20342308005582635,0.1827566291583049,0.0,0.7729441654738473,0.3753584161655935
E1391_679,0.0,1.0,1.0,0.0,0.0,0.1735428584840773,0.0,1.0,0.00564003168729353,0.7727579158642058,0.020597240902279608
E1393_893,1.0,0.0,1.0,0.0,0.0,0.1756783538108663,0.0,0.9254915928978048,1.0,0.9235862541486878,0.05645384602689695
E1395_302,0.0,0.0,0.3485371075085596,1.0,1.0,1.0,1.0,0.40913525559611974,0.0,0.0,1.0
E1396_1138,0.9349759670221829,0.02534744124264245,0.04374196315810464,1.0,0.0,0.02683837680820054,0.0,0.03681731198130691,1.0,1.0,0.11586877493249678
E1398_997,0.0,1.0,1.0,0.08102007664077018,0.0,0.2139649025978545,0.0,0.0,0.0,1.0,0.0
E1399_1210,1.0,0.0,0.31566813821169193,0.26922269361384094,0.0,0.0,0.0,0.11988251541692817,0.9651561770476046,1.0,0.0
E1401_1370,0.7869685858066441,0.004888181170699309,0.2640521914387241,0.5211449676036954,0.9997029681906084,0.010755803214252943,0.2613508535984956,0.0,1.0,0.6038505544990797,0.0
E1402_143,0.0,0.2913171540521577,0.0,1.0,1.0,1.0,1.0,1.0,0.003794791959996801,0.0,1.0
E1403_1396,1.0,0.0007594103752789019,0.0,1.0,0.011778434918365192,0.052450878415774664,0.06297099239266153,1.0,1.0,1.0,0.8350214469855958
E1404_1466,0.0,0.10608081264157111,0.09420013184342495,1.0,1.0,1.0,1.0,0.0,0.0012653446456246673,0.0,1.0
E1405_344,0.8831926888454366,0.27258392049922564,0.0,1.0,1.0,0.0,0.3628397227765312,0.7461178535268035,1.0,1.0,0.0
E1406_447,1.0,0.02037837748383871,0.26838784555275913,0.0,1.0,0.030464472677325535,0.32539107301066966,0.48201278313328577,1.0,1.0,0.0
E1407_918,0.05265384344811464,1.0,1.0,0.8728242311485898,1.0,0.12379946821331932,0.0,1.0,0.027062692556256405,1.0,0.0
E1409_1061,0.8281256305149598,0.009119254362550143,0.0,0.0,0.0,1.0,0.0,0.10551139271151067,0.7021120709165627,0.9789285313615719,0.0932385766288518
E1410_114,0.07609193396087573,0.04787494787490665,0.0,1.0,1.0,1.0,1.0,1.0,0.10053315184724188,0.0,1.0
E1411_1443,0.8417408591006103,0.0,0.12500396626569502,0.0,0.0,0.0,0.0705091936840269,0.03771631792776866,1.0,0.49999065864061665,0.5459377126538255
E1412_1025,0.8583978893449479,0.2874148708681782,0.20735395407909504,1.0,0.13231303993780663,0.0,0.0,1.0,1.0,1.0,0.16436204590895812
E1413_795,0.021102697896709537,0.026073565575716752,0.0,0.42773107726005516,1.0,1.0,1.0,1.0,0.01246954620634042,0.0,1.0
E1414_502,1.0,0.034136958051906315,0.1682419769063333,0.0,0.025691565619835585,0.0,0.0,0.0,1.0,1.0,0.0
E1416_252,0.0,1.0,1.0,1.0,0.0,0.0,0.0,0.0,0.0,0.7704112368528298,0.24822273990268726
E1417_997,0.0,0.0,0.0,1.0,0.6944483598973317,1.0,1.0,1.0,0.0,0.0,1.0
E1418_895,0.0,1.0,1.0,0.036227964324023185,0.8082917807903937,0.0,0.0,1.0,0.002922088806929937,0.5006442495599772,0.41510381611706104
E1419_1391,1.0,0.0,0.0,0.0,1.0,0.0,0.2877061398617143,0.6401518853226792,1.0,0.3112612821961959,0.4301741088926297
E1420_976,1.0,0.0,0.536345803873935,0.42811900857364593,0.0,1.0,0.0,0.9547333641734445,1.0,1.0,0.0
E1421_413,1.0,0.06397242643398539,0.0,0.1666234281490804,0.3529202029974086,0.0,0.0,0.0,1.0,1.0,1.0
E1422_479,0.0,0.0,0.0,0.7213822252743772,1.0,1.0,1.0,0.21328623005052333,0.0,0.0,1.0
E1423_1094,0.9053464294312857,0.0,0.0,0.0,1.0,0.0,0.0,0.0,0.7380076189474325,0.6784566915408771,0.0
E1424_895,1.0,0.0,0.0,0.0039199299805489736,0.21120288511257182,0.0,0.5794047277175308,0.9703832581408587,1.0,1.0,0.0
E1425_418,1.0,0.0028038084514849277,0.02769600049865927,0.27823958784745345,0.5960345501146563,0.22607781698177495,0.1544055134684511,1.0,0.9881144294728854,0.9503873148658387,0.4190011004897556
E1426_386,0.8598753738133911,0.0,0.205702082471138,0.18156317763496432,1.0,0.0,0.0,1.0,1.0,0.8213883286038306,0.11879103862525084
E1427_1052,1.0,0.015054421271066527,0.05102183469087671,0.0,1.0,0.0,0.0,0.0,1.0,1.0,0.43582734663097283
E1428_344,0.9587710098718679,0.23928702169940996,0.27748725147582964,0.3387489292143478,0.0,0.0,0.9708804682356275,0.0,0.7194515437090383,0.895470891491585,0.8303740875416572
E1430_104,0.6408390655424612,1.0,0.0,0.0,0.6306347285694863,1.0,0.0,0.0,1.0,1.0,0.42619237859787323
E1431_272,0.0,0.0,0.0,1.0,1.0,1.0,1.0,0.45602956140444734,0.18967385978554357,0.0,1.0
E1432_758,0.0,1.0,1.0,0.0,0.14536372925277338,0.5145584862298774,0.0,0.4636714262337463,0.00855165276078457,1.0,0.0
E1433_283,0.02149016192325701,1.0,1.0,1.0,0.0,0.45744481613977306,0.23032890461839448,0.0,0.0,1.0,0.00026229761107600174
E1434_899,0.9035694470467199,0.0,0.0,0.5348383830745049,0.06942711756850492,0.179303616670552,0.0,0.0,0.9020685087964375,1.0,0.02844184713883206
E1435_1370,0.0,1.0,1.0,0.0,0.0,0.13129559244701652,0.8344591567179143,0.0,0.0,1.0,0.0
E1436_829,0.012471705525606374,0.09386189068183648,0.22015458723512135,0.004935052362309589,1.0,1.0,1.0,0.9765884649612744,0.0,0.0,1.0
E1438_718,0.9700891060728017,0.0,0.11412316305954236,0.0,0.0,1.0,0.0,0.2611857472031943,1.0,0.5961694666578221,0.0
E1439_443,0.0,0.0,0.2213323593064901,1.0,0.3889056966829077,1.0,1.0,1.0,0.0,0.0,1.0
E1440_839,0.0,0.0,0.6812748907856425,1.0,0.9490375740141213,1.0,1.0,0.0,0.0,0.0,1.0
E1441_631,0.8189998026891472,0.0,0.3062359318680122,0.0,0.0,0.8907452392985464,0.0118930250219849,0.0,1.0,0.6767524227002513,0.0
E1443_897,0.05487016714779711,0.0,0.7078299072834944,0.0845445942070972,1.0,1.0,1.0,0.0,0.011916764194519036,0.0,1.0
E1444_593,0.0,0.0,0.644435456281864,1.0,0.1759539996755376,1.0,1.0,0.0,0.0,0.0,1.0
E1445_89,0.371450360845197,1.0,0.0,0.0,0.32751119551576857,0.12124642346785305,0.1528244961766469,0.0,0.4241898320202558,0.09373413368120273,0.5389858027198041
E1447_1430,0.9673141055886328,0.0,0.0,0.45601741293177017,0.0,0.1632702103712944,0.6047598582821451,0.19672035000734103,1.0,0.28599908543619834,0.06244404877563457
E1448_305,0.0,0.0,0.0,1.0,0.0,1.0,1.0,0.0,0.0,0.0,1.0
E1449_618,0.9853204626058618,0.0,1.0,0.0,1.0,1.0,0.13862993446961344,1.0,1.0,1.0,0.29418627364375266
E1451_898,0.010602187117875509,1.0,1.0,0.0,1.0,0.28541067619046007,0.5628187684341044,0.0,0.0,0.6556820592759902,0.48390142017502613
E1452_306,0.9196754287941842,0.09539763406395184,0.10171279473117367,0.5903977553198364,0.6595618685433531,0.06832127235434125,0.0,0.24828256046524297,0.80416808188228,1.0,0.0
E1453_1447,0.0,1.0,1.0,0.0,0.11044309413657385,0.0,0.021101421620505646,0.0,0.0,0.35319828225957567,0.0
E1454_534,0.03745510596979121,1.0,1.0,0.3868869802994431,0.0,0.0,0.0,0.0,0.0,1.0,0.014238054781789949
E1455_1215,0.8541530272075157,0.0,0.6174052495991603,0.09897685000281083,0.0,0.0,1.0,0.0,1.0,1.0,0.051707470838344344
E1456_247,0.0,1.0,1.0,1.0,0.9359444512684313,0.1119830726284279,0.04716002874167716,0.0,0.0,1.0,0.0
E1457_159,0.9262165894918454,0.9361646217984348,0.7808137979617539,0.0,0.1856847333709971,0.0,0.0,0.11092229861235542,0.9772695909812812,0.0,0.0
E1458_249,1.0,0.38312223428382486,0.0,1.0,1.0,0.259607445282544,0.03574308009657748,0.0,1.0,1.0,1.0
E1459_48,0.01697836457122536,1.0,0.0560256670739388,1.0,0.0,0.0,1.0,1.0,0.048235977119028106,0.0,0.44105003871688236
E1460_855,0.0010634104505718351,1.0,1.0,0.0,0.47351715771418457,0.6475352195415028,0.0,1.0,0.0,1.0,0.590092699874003
E1462_58,0.6611148407210296,1.0,0.37521483320747645,0.03385467520437389,0.020582447762746182,0.0,1.0,1.0,0.8763432202301069,0.0,1.0
E1463_854,0.0,0.015109703307208202,0.0,1.0,0.0,1.0,1.0,0.22135697685530117,0.0,0.0,1.0
E1464_1010,0.0,0.011410156781895109,1.0,1.0,0.525549472706168,1.0,1.0,0.0,0.0,0.0,1.0
E1465_293,0.0,1.0,1.0,1.0,0.18488505604396396,0.1399520725791962,0.26449054942040656,0.11127600696826448,0.0,0.0,0.03157192995574026
E1466_1487,0.8758800289143384,0.004556868569483526,0.6463226894589279,0.14249291267761185,0.0,0.0,0.21490431431244586,0.4190528505032425,0.9649727849220839,0.07229483138023102,0.0
E1467_996,1.0,0.01937398853152205,0.15423321988338776,0.0,0.0,0.0,0.0,0.766662200159876,1.0,0.13303444132553088,0.3432048574453043
E1469_1398,0.9448069992550949,0.0,0.25901858244815396,0.7386026509509118,0.0,0.0,0.027166095072500993,0.0,0.8055484890879838,0.17775895832886046,1.0
E1470_309,0.0,1.0,1.0,0.0,0.0,0.24746684777704664,0.6314103455667268,1.0,0.00979893639335334,0.8356135223839689,0.3033514004922628
E1471_945,0.0,1.0,1.0,0.0,0.0,0.01785240436748664,0.0,0.0,0.0,0.5499174880603765,0.265632765299102
E1472_792,0.9351309940723732,0.0,0.13237499151173568,1.0,0.355057435549703,0.0,0.0,0.0,1.0,1.0,0.06722654156528596
E1473_1378,0.0,4.4788017007277116e-05,0.0,1.0,0.0,1.0,1.0,1.0,0.04207819911013963,0.0,1.0
E1474_1244,0.8311218941540167,0.051829832060088135,0.0,0.029761525249680724,0.432342262745711,0.0,1.0,0.12253538834106056,1.0,1.0,1.0
E1475_1201,0.0,1.0,1.0,0.11461492014419646,0.4671442468896025,1.0,0.47234241550719974,0.0,0.0,0.5619208355455796,0.0
E1477_864,1.0,0.013302986304558848,0.0,0.0,0.48640900316385866,1.0,0.041354862181439786,1.0,1.0,1.0,0.0
E1481_231,1.0,0.08266159860872897,0.0,0.0,0.0,0.0,0.6239651113854685,0.3346412117699284,0.9995421327268553,0.942772608079222,0.0019531533935354755
E1482_1265,1.0,0.008544675394015306,0.0,0.32082600702454556,0.13393021060839827,1.0,0.0,0.4810310618422616,1.0,0.018052661615111834,0.0
E1483_279,0.0,1.0,1.0,0.23455192424519364,0.3963760710271517,0.0,0.0,0.0,0.0,0.6437328593935336,0.8807628968138193
E1484_1198,0.0,0.016383385567615483,0.48817923116298667,0.19765887339851995,1.0,1.0,1.0,0.0,0.0,0.0,1.0
E1485_33,0.5259376674385838,1.0,0.0,0.0,0.0,0.0,0.1334084790356569,0.2507277952368564,0.29502005358183764,0.0,0.23136387347316795
E1486_527,0.8233734920163466,0.0001311585594424036,0.2951665576751613,0.19468070732594692,1.0,0.07738296070165028,0.0,0.0,1.0,1.0,0.0
E1487_615,0.0,1.0,1.0,0.07692680696885747,0.7918641777549527,0.0,0.0,0.0331458527574049,0.0,1.0,0.0
E1488_904,0.8807089607723277,0.028486846378282426,0.13769768767670795,0.1332797976050364,0.07269111144902388,0.0,0.0,0.0,1.0,1.0,0.5836887158285564
E1489_1387,0.9238218942621341,0.02460370101340173,0.010238717670356319,0.2843564070745122,0.08366979877279988,1.0,0.09125516784058813,0.0,1.0,1.0,0.0
E1490_5,0.5157411304371181,1.0,0.0,0.0,0.5163683770682523,0.16928169430738219,1.0,1.0,0.17992058335698793,0.0,0.0
E1491_105,0.8982210633733966,0.30384346352343705,0.05826494724789902,0.24536109634465267,0.0,0.6819581837323958,0.010928180354688287,0.18306591570303252,1.0,0.8866249071135952,0.0
E1492_23,0.47892305134323004,0.7500946492415088,0.0,0.21091897859314548,0.0,0.08296533710165155,1.0,1.0,0.3876660221841569,0.0,0.06173602535572642
E1494_567,0.0,0.062306780985110735,0.0,1.0,1.0,1.0,1.0,0.10710052426186194,0.015297850523694128,0.0,1.0
E1495_324,0.8326673812536007,0.10019017721531727,0.0,0.6061872549365471,0.0,0.9440978865968662,1.0,0.0,0.8511119245634811,0.6729359479479441,0.0
E1496_226,0.8824933814687703,0.059964302845136055,0.0,0.034279725263870985,0.0,0.13597550393234592,0.0,0.012222508672301128,0.667556857455259,1.0,0.04408081728683445
E1497_1296,0.0009400407373038585,1.0,1.0,0.0,0.0,0.5969283055868871,0.4105972976638549,0.19491563636899856,0.0,0.9718795939100501,0.2990446380597038
E1498_347,0.0,0.03143717961181957,1.0,0.0665636763531885,1.0,1.0,1.0,0.0,0.011088099152460873,0.0,1.0
E1499_626,1.0,0.01160981081016699,0.1835746681202117,1.0,0.0,0.0329242751950756,0.20222120759165796,0.0,1.0,0.6159154105683032,0.5298763868815787
E1500_729,0.0,1.0,1.0,0.07189956725951144,0.30365582653880346,0.015726621274317096,0.022665789163135008,0.0,0.0,0.8264710826186188,0.18914147551348623
E1501_716,0.024849509901066595,0.0,0.0,1.0,0.11628732289672974,1.0,1.0,0.23666147847821417,0.0,0.0,1.0
E1502_1368,0.0,1.0,1.0,0.0,0.16753593459381666,1.0,0.01816415657626466,0.1173065554684784,0.00558524025129923,0.9255180665912898,0.0
E1504_1268,0.01282722247825381,0.0,0.5544975223358171,1.0,0.0,1.0,1.0,0.0,0.006189008934983411,0.0,1.0
E1505_1023,0.0,1.0,1.0,0.41821781963676413,0.0,0.0,0.0,1.0,0.006204401278250394,1.0,0.3900787030481595
E1509_631,0.9190041023984025,0.008498997733906765,0.24602398852042115,0.0,0.6100147448146507,0.19444425087437903,0.194146089609646,1.0,1.0,1.0,0.0
E1510_680,0.0321978131513808,1.0,1.0,1.0,1.0,0.04672494183077569,0.0,0.12317629366947257,0.0,0.6007619118228004,0.23670059231166396
E1511_782,0.01802178942135664,0.04619863874312802,0.0,1.0,1.0,1.0,1.0,0.0,0.0,0.0,1.0
E1512_312,0.7755933991155738,0.0,0.5407582029476358,0.27381973999624304,0.0,0.6562466536734041,0.0,0.5250184515398639,1.0,0.19262247496848572,0.0
E1513_1297,0.9656114110207794,0.0020798749155486974,0.0,0.0,0.0030720865079507708,0.595221554727678,0.0,0.8340620714485354,0.7844350250801737,1.0,0.4989499253529794
E1516_468,1.0,0.0,0.08024734470176889,0.5642017364994335,0.4700085773881096,0.0,0.0,0.9779249298778795,1.0,0.6629774335966575,1.0
E1518_1485,0.003788943398637199,0.0,0.06696894894297181,0.0,1.0,1.0,1.0,0.03350664436227079,0.002510749613060349,0.0,1.0
E1519_80,1.0,0.09819967592698826,0.13116094499713538,0.0,0.5671957231826852,0.0,1.0,1.0,0.6924129302947736,0.0,0.21539476986938164
E1520_403,0.0,0.008881692489189501,0.25355030028258424,1.0,1.0,1.0,1.0,0.0,0.0,0.0,1.0
E1521_670,1.0,0.0,0.17622110932576904,0.7404593370915546,0.0,0.0,0.7232308076463474,0.6614775211947261,0.834764049995456,1.0,0.0
E1522_8,0.4750307601892544,0.7364980277513804,0.4385892561740544,0.0,1.0,0.0,1.0,1.0,0.3428337443297197,0.0,0.29051632520912724
E1523_578,1.0,0.0020236920401290313,0.0,0.0156283638966208,0.16245199584705425,0.26330622393179454,0.05932522668440041,0.0,1.0,1.0,0.2306238453094863
E1524_527,1.0,0.0,0.9724173755021623,0.0,0.0,0.0,0.4056034439814788,0.0,1.0,1.0,0.0
E1525_59,0.5669277517993019,0.018721633507499,0.0,0.0,0.0,0.0069969696379060375,1.0,1.0,0.40998429791898683,0.0,0.0
E1527_557,0.023203947677058,0.0,0.1945516310992299,1.0,0.1335714697955779,1.0,1.0,0.0,0.0,0.0,1.0
E1528_38,1.0,0.1542487934196531,0.02390951033856166,0.07007825019586356,1.0,0.0,1.0,1.0,0.6225072248883435,0.0,0.4117026112715227
E1531_1195,1.0,0.039152250152401584,0.0,0.43418838446340086,0.0,0.0,1.0,0.3214847668328196,0.8453002962035102,0.2015529988705011,0.7108154865044863
E1532_206,1.0,0.0,0.0,0.0,0.35556111205949537,1.0,0.0,0.6429013962395934,0.7776977109216193,1.0,1.0
E1533_167,0.9042420495418443,0.0,0.5365539781780139,1.0,1.0,1.0,1.0,1.0,0.8177389773990227,0.0,1.0
E1534_185,1.0,0.1301915513819101,0.0,0.6481317662915715,0.5338740417458044,0.7546108151964235,0.0,0.04825433937577256,1.0,0.7182774705298949,0.0
E1535_481,1.0,0.10272689284263228,0.7017927330819044,0.01488135624561886,0.0,0.16858348081406382,0.0,0.13619858320957084,1.0,1.0,0.06786360366876545
E1536_850,0.761128866714655,0.0,0.6263156943821456,0.35375685471047513,0.0,0.0,0.15745649251870272,1.0,1.0,1.0,0.0
E1537_735,0.033844091129420176,0.0,0.0622497522840207,0.04128466902390596,1.0,1.0,1.0,0.5759779151460082,0.0,0.0,1.0
E1538_125,0.819659399738238,0.017335174532921355,0.2295271961162823,1.0,1.0,1.0,1.0,1.0,0.8452315069021891,0.0,1.0
E1539_806,0.9603048084530332,0.10054728306853132,0.04236374849939336,0.0,0.5399322483139186,0.0,0.0,0.0,0.6560478846534554,0.8575153734475145,0.9438799005685335
E1540_110,1.0,1.0,0.0,0.4380523891380951,0.24843173563679713,0.04034712026244526,0.059872609456418605,0.0726149235540443,1.0,0.7472122755781448,0.13229915509035434
E1541_551,0.0,1.0,1.0,0.0,0.7147658747422939,1.0,0.12391570758273149,0.0,0.0,1.0,0.0
E1542_1045,0.0,1.0,1.0,0.7009341946143598,0.0,1.0,0.5723382860427971,1.0,8.643991024144377e-05,0.8082162067823607,1.0
E1544_137,1.0,0.2840140852328551,0.5045327329435743,0.0,0.0,0.0,0.06222222841855408,0.6879130047549067,0.9826943360284606,1.0,0.0
E1547_1346,0.009030425135035325,1.0,1.0,1.0,0.07889160821013624,0.0,0.6876802854283959,0.0,0.004429842369272797,1.0,0.1387977500641522
E1548_1123,1.0,0.0,0.0,0.46101296736863195,0.5967860357221731,0.00044544849092712033,0.8561635132796621,0.47100974712064514,1.0,0.25020779355036343,0.08202771979006375
E1549_390,0.0,1.0,1.0,0.28773011126881237,0.06200578460484941,0.0,0.0,0.4376554757013718,0.0,1.0,1.0
E1551_1301,1.0,0.0,0.0,0.48384194118838814,0.0,0.08644006685180387,0.0,0.19999008819982947,0.8435101418463118,0.6933443771755379,0.004367155941665192
E1552_974,1.0,0.0,0.11848607496113304,0.0,0.0,0.06468822487793928,0.0,0.0,1.0,1.0,0.2865582733074767
E1553_1046,0.007508107673548273,1.0,1.0,0.9153879782348552,0.7121951647451847,0.23449031365236728,0.0,0.0,0.0,0.4736339111674782,0.06165658888967209
E1554_1421,0.9978721843596425,0.08954107025567776,1.0,0.33507591600451386,0.03344438042532996,0.6509377654488455,1.0,0.0,1.0,0.5636716472400712,0.1234804224309708
E1555_1059,0.8876884152856541,0.18554088668696816,0.10702228063820597,0.1424966289064753,0.0,0.7436183454788174,0.0,0.01523839829031727,0.9636525408454019,0.770353061082853,0.0
E1556_385,0.0,0.009659966342661185,0.0,1.0,1.0,1.0,1.0,0.0,0.0,0.0,1.0
E1557_518,0.015646337579780775,0.0,0.0,1.0,1.0,1.0,1.0,0.9654906129295839,0.0004322157059732714,0.0,1.0
E1559_1259,0.0,0.021581549592760273,0.023887750865416942,1.0,1.0,1.0,1.0,0.09497809785495756,0.0007642980320643046,0.0,1.0
E1560_1485,0.9486589877668572,0.21218405629857617,0.0,0.0,0.0,1.0,0.0,0.04913504178532123,1.0,0.18371343862437295,0.0
E1561_139,0.024068973874859994,1.0,1.0,0.0022519627030434105,1.0,0.6533315645542073,0.12012443251575908,1.0,0.030494901788382652,1.0,0.2948954980219104
E1562_1037,0.9485991573073648,0.013415062573384023,0.0,0.0,0.0,0.06951499395636332,0.009141431531824257,0.2017736022972431,0.8939323304725454,1.0,0.26625338246586955
E1563_167,1.0,0.32992078803804925,0.04323969809771896,1.0,0.22741473535551487,0.3069678685405189,0.531536938858537,0.31215198282849455,1.0,0.805699684492149,0.0
E1564_67,1.0,0.09980895495336049,0.3770611971359556,0.13356401510829727,0.5213328343002651,0.5344801141310527,1.0,1.0,1.0,0.0,0.1539029986974432
E1565_96,1.0,1.0,0.2863779612081533,1.0,0.2182698221286943,0.0,0.2748306851490245,0.0,1.0,0.9519747067373848,0.7708319499544609
E1566_582,1.0,0.004706604908091127,0.3237484840992881,0.038665673947191476,1.0,0.19743510037658946,0.6383221331719644,1.0,1.0,0.8508597144254555,0.7350991757610479
E1567_1301,0.8794447938705009,0.008739158453291346,0.10974968776351202,1.0,0.0,0.0,0.2612193775973313,0.8762310855233127,1.0,0.8053848293140072,0.0
E1568_178,1.0,0.0,0.0,0.16232302415810343,0.0,0.06368581174307048,0.16405746721332032,0.1221820236434059,0.748108088704808,0.3476754576106376,0.30723700985551256
E1569_79,0.7530870361093516,1.0,0.2219918375966712,1.0,0.0,0.1600838978467719,0.21009073346842008,0.0,0.9877248132324146,0.0641508704485117,0.0
E1571_535,1.0,0.11146399270359487,0.0,0.0,0.0,1.0,0.03189080245329201,0.0,1.0,1.0,0.9079323621228196
E1572_180,1.0,0.6170432739739408,0.732113584640115,1.0,0.5851058298627844,0.3569357430712152,0.0317931797847363,1.0,1.0,1.0,0.0
E1573_639,0.0,0.012023858932561318,0.1538289880458916,1.0,1.0,1.0,1.0,0.0,0.0,0.0,1.0
E1574_51,0.6345395424341728,1.0,0.04400311677667336,0.0,0.0,1.0,0.8327428401334144,1.0,0.7352060114272063,0.5169038757006053,0.0
E1575_359,1.0,0.0,0.0,1.0,1.0,0.23939076086427222,0.06511403677414562,0.27228579289664406,1.0,0.7510797996005057,0.11718645827913904
E1576_1386,0.0,1.0,1.0,0.7731151323486615,0.0,0.4746371361834892,0.0,0.933130911642568,0.0,0.18877448997942248,1.0
E1577_1173,0.0,1.0,1.0,0.20834910788663025,1.0,0.06862911898817696,0.0,0.423916995693635,0.0036456991535478733,1.0,0.0
E1578_1045,1.0,0.0200234960167787,1.0,0.0,0.0,0.11657097223881256,0.27522764946193656,0.0,1.0,0.9465333241630112,0.0
E1579_269,1.0,0.2913008807868068,0.04424423708947512,0.9525695638051467,0.6169868597746668,0.0,0.0,0.0,0.9729082652672092,0.2118901996907678,0.0
E1580_1057,1.0,0.0,0.08999307814176562,1.0,0.0,0.04788887148531344,0.25322167638010956,1.0,0.8038834113366043,0.6704594997923298,0.34729381497134965
E1581_1314,0.928008826887288,0.021644914893669775,1.0,0.27204969820950825,0.06696992024169417,0.2624176155439314,0.011628381878939957,0.18195297571557695,1.0,1.0,0.0
E1582_82,0.286210171620716,1.0,1.0,0.0,0.42598733694667545,0.25900331303279905,0.07459129701164306,0.0,0.08233823885178092,0.9369234535088834,0.42960097254352775
E1583_1083,0.0,0.00979058043881124,0.0330347106223494,1.0,1.0,1.0,1.0,0.0,0.04116854907850391,0.0,1.0
E1584_1396,0.0,0.01844414120050612,0.5051352245953684,1.0,0.4010341914722031,1.0,1.0,0.0,0.08754043270964747,0.0,1.0
E1585_347,0.9720435291381094,0.05060138794319234,0.01643221255358254,0.23537529149918623,0.2774882142447021,0.0,0.0,1.0,0.8603305343298425,0.6681111618487424,1.0
E1586_767,0.0,1.0,1.0,0.0,0.8142122364067436,0.046187980151512084,0.0,0.0,0.0,0.42789261450415916,0.3845579453570349
E1588_354,0.0,1.0,1.0,0.0,0.16187426272216893,0.20000301062657114,0.12406549930479455,0.09967244271366371,0.0,1.0,0.0
E1589_384,0.0,0.0,0.0,1.0,1.0,1.0,1.0,1.0,0.0,0.0,1.0
E1590_1471,0.0,0.05226180251517737,0.9950295383776143,0.1025386767600983,1.0,1.0,1.0,0.0,0.0,0.0,1.0
E1591_437,0.0,1.0,1.0,0.5638536255953747,0.0,0.7930593867591628,0.0,1.0,0.0,1.0,0.608399305432326
E1592_1209,0.0,1.0,1.0,0.0,0.8435320452862846,0.0,0.0,0.1521501236841741,0.0,0.21526790048882008,0.0
E1593_497,1.0,0.026343002555842394,0.08853883482152687,0.15295171210671465,0.35156937637149915,0.1297354628863512,0.0,0.19162184881671226,0.8212054675714899,0.0,0.05059141516599298
E1594_559,0.9033674499285793,0.06927686076016908,0.4298756895688479,0.7414720177971277,0.7214234447579225,0.0,0.0,0.0,0.8988415250250862,1.0,0.29067796407721935
E1595_1433,0.022661824259700685,1.0,1.0,0.2820270303533927,0.0,0.0,0.4943303206443728,0.14387507647201114,0.0,1.0,0.022022321893804465
E1596_877,0.008882766955906283,1.0,1.0,0.0,0.17366398693420312,0.0,0.5683613738754536,0.005621999647276417,0.0017691841411663477,0.2051662533549603,1.0
E1597_1292,0.7563422600602252,0.10564686059400134,0.8575182708349712,0.23609900169953713,0.11965624495293485,0.5578712390255752,0.0,0.0,0.9257698580432024,1.0,0.020528714526258266
E1598_605,0.9203674616587649,0.006638657761795114,0.0,0.3032304562912045,0.6785484326331105,0.0657655428946229,0.0,0.0,0.6789004409611092,0.965640166471307,0.0
E1599_1143,0.0,0.10388033045356318,0.12492204186216677,0.0,1.0,1.0,1.0,0.0,0.0,0.0,1.0
E1600_1141,0.0,1.0,1.0,0.3332346244253213,0.05063141747852159,0.44791997238652037,0.0,0.36505157788566195,0.0,0.5559135070700266,0.6466751839535494
E1601_1293,1.0,0.0,0.019770872570610505,1.0,0.11900334427442834,1.0,0.0,1.0,1.0,1.0,0.0
E1602_674,0.0,1.0,1.0,1.0,0.33558944002119284,0.0,0.4020310498347189,0.7969089439192208,0.0,0.3705988524611434,0.7272387973366868
E1603_1321,0.0,0.0,0.0,0.21900097561950277,1.0,1.0,1.0,0.46478653220201555,0.0,0.0,1.0
E1604_492,1.0,0.0,0.0,0.0,0.0,0.18771122961833678,0.02135735920538987,0.0,1.0,0.7262900330437108,0.0
E1605_705,0.9212731901136822,0.0,0.0,0.6222887185394446,0.0,0.0,0.0,1.0,0.943213863933086,1.0,0.012659649784579749
E1606_487,0.0,0.0,0.681797341050278,1.0,1.0,1.0,1.0,0.791190502243405,0.01255856810135341,0.0,1.0
E1607_1342,0.0,0.04339382332138541,0.3776952982153983,0.0,1.0,1.0,1.0,0.8452225305957304,0.014246037340492604,0.0,1.0
E1608_1071,0.014227115750161792,1.0,1.0,0.363650099302284,0.14081831451497379,0.057557175341874406,0.0,0.0,0.0,1.0,0.24540066000578417
E1609_503,0.9340448563160201,0.0,0.0,0.18409727797759043,0.0,0.11340545055564712,0.1033354888076104,1.0,0.8904981419584295,0.9423447767487132,0.8599346693609681
E1610_173,1.0,0.08973771737804043,0.0,1.0,1.0,1.0,1.0,1.0,1.0,0.0,1.0
E1611_117,0.7612100844347226,0.013162542214494043,0.13118712884647582,1.0,1.0,1.0,1.0,1.0,0.9984005722892101,0.0,1.0
E1612_116,0.0,0.04135827099873634,0.12998751345584314,0.5049518465279631,0.9346759522931078,0.14475758952090337,1.0,1.0,0.0,0.0,0.12345872054453536
E1614_444,0.8242679197105508,0.2639957926608473,0.023408938695431373,0.5968418765814422,0.0,0.0,0.1849052115104374,1.0,0.8831251012695549,0.32740129728337936,0.6649191052229427
E1615_542,1.0,0.0,0.0,0.0,0.0,0.013915529921829433,0.06864766863190484,0.0,0.97754215418448,1.0,0.0
E1616_867,0.5222918031437354,0.2641209803796391,0.0,0.47198082531734753,0.0,0.7528459528393063,0.43054153879218837,0.0,0.5872332173777742,1.0,0.11198780344563546
E1617_273,1.0,0.0,0.05711458590192326,0.29939521508273376,0.0,0.2577941769975328,0.0,0.2514055986755346,0.9187238506340482,0.9511669119385391,0.0
E1618_659,0.0,1.0,1.0,0.3795734223766375,0.03619919204903253,0.0,0.41641271445349304,0.9995539661430987,0.01111485783246985,1.0,0.0
E1619_1374,1.0,0.15246790680214928,0.5675063614287468,0.5464461527345299,0.0,0.0,0.374835757025074,0.24215713842302009,1.0,0.7697441627441258,0.06657422391696241
E1620_441,1.0,0.0,0.7553244555511218,0.3399105392110617,0.0,0.0,0.775429681699395,0.0,0.9985116774332189,1.0,0.0
E1621_100,0.9791292021128538,0.45701563378876775,0.31306349418416285,0.0,1.0,0.0,1.0,1.0,0.9218025592244502,0.0,0.0
E1622_1235,1.0,0.0,0.0,1.0,0.16549972600334661,0.0,0.07928501965955921,0.0,1.0,1.0,0.11487203906178163
E1623_465,1.0,0.006022099422704333,0.07241733552825681,0.0,0.36714833491720117,0.0,0.36976296905522826,0.0,1.0,0.2751953167000864,1.0
E1624_712,0.9366811895202654,0.002596715113978163,0.0,0.43195738768006336,0.8425538757564585,0.3379164438232234,0.28973794728957286,1.0,1.0,0.09140606434876614,0.4650459498254193
E1626_1361,0.0035431605850208873,0.0,0.13509696153558695,0.35342923095228307,1.0,1.0,1.0,0.20759334791062742,0.0,0.0,1.0
E1629_1146,0.8255865221512504,0.0,0.0,0.9755193229296574,0.0,0.0,0.0,0.0,0.8611949548711929,0.0,0.141826581912482
E1631_889,1.0,0.013320692297433278,0.0,1.0,0.0,0.0,0.0,0.0,0.8884666304523723,0.2113737128071245,0.0
E1632_1054,1.0,0.05379038061270023,0.46014662041669563,0.49405543952147346,0.10404344034697824,1.0,0.37506620773907473,0.0,1.0,0.9890775964036038,0.8157012103667188
E1633_1467,0.000402697165467493,1.0,1.0,0.7205773675377544,0.0,0.6996970636798926,0.20558329367844358,0.14489205231547603,0.013041657512329692,1.0,0.9453805139042128
E1634_214,1.0,0.0,0.0,1.0,1.0,1.0,1.0,1.0,0.8607904846825357,0.0,1.0
E1635_161,0.8575636929591818,0.2056034802925662,0.04206655245588079,0.08245957338026136,0.3325590725816536,0.14719515143430684,0.00740590243851241,0.43078735678267804,0.9457386214304333,0.48356924255261513,0.7466019566697659
E1636_120,1.0,0.0461576714680429,0.30490232957178415,0.019300497985904816,0.2753745454706515,0.0,0.0,0.27716819648844787,0.9851928615352696,0.35942408742460275,0.0
E1637_366,1.0,0.047790919484620824,0.019908428309582678,0.0,0.9047926839928435,0.0,0.4450980129183557,1.0,0.8199365219425548,1.0,0.0
E1638_257,0.8116203136208712,0.0077657193905372665,0.06575805885054817,0.0,1.0,0.0,0.0885430621804541,1.0,1.0,0.7821493486529455,0.40943484519722745
E1639_1460,0.0,0.11658508682994036,0.0,0.0,1.0,1.0,1.0,0.672084822501589,0.038679559739948265,0.0,1.0
E1640_483,0.016201342697507577,1.0,1.0,0.8870263674262583,0.17906493161571496,0.0,0.16700014827351986,0.0,0.06817988818038506,0.3353940267826773,0.2965208930053981
E1642_969,0.0,0.023973027460648808,0.0,1.0,0.0,1.0,1.0,0.9421351245739894,0.0063636572418313865,0.0,1.0
E1643_169,1.0,0.48072351547859643,0.0990089526501433,1.0,0.4225690277895002,0.0,0.0,0.2600962409856079,1.0,0.9037322764268949,0.03014198592261548
E1644_598,0.9345372191527171,0.030709721322189975,0.0,0.0,0.6499192154959171,0.15369813208004843,0.3074877412808093,0.0,1.0,1.0,0.015534116863624768
E1645_1488,1.0,0.04849192398302659,0.9273808637229097,0.0,0.17081922197004631,0.0,0.14251496566799038,0.44255439569828153,0.9441898111675907,0.7652156482397187,1.0
E1646_1344,0.909998674489736,0.044640518814131246,0.0,0.0,1.0,0.14524675764480943,0.02203375171117564,1.0,1.0,0.4953770342595924,0.7109206625956969
E1647_961,0.005673737925203083,1.0,1.0,0.22749014832125392,1.0,0.0,0.24983326282065402,0.6580480725185662,0.03398976574581712,0.9168169284572335,0.0
E1648_765,1.0,0.0,0.022001733777197535,0.8681286214119169,0.0,0.29016698150486026,0.18470756068092803,0.0,0.8401121077113247,0.5260017077273116,1.0
E1649_1041,0.0,1.0,1.0,0.0,0.0,0.391198612302557,0.2508468564583975,0.0,0.010220600284499694,0.0,0.0
E1650_1239,1.0,0.0,0.0,0.05449681984991966,0.0,0.0,0.1465724350609792,0.07985054911337237,1.0,0.741637117900364,0.3397415798535886
E1651_982,0.0,1.0,1.0,0.1820869455127229,0.35980872994155466,0.0,0.0,0.0,0.0,0.7021524110177427,0.0
E1652_528,0.9006331202405269,0.0,0.0,0.2756502339067176,1.0,1.0,0.0,0.40951940740923015,0.9803058951244156,0.8175202757187077,0.0
E1653_1392,0.7729637839638709,0.049303733596767985,1.0,0.0,0.15425806327309385,0.02601275956779652,0.0,0.31386260121597565,0.6551278818871062,0.5857080211503497,0.0
E1654_573,0.00017671110718982477,0.10477623777657355,0.09061042070953736,1.0,0.16379577957229807,1.0,1.0,1.0,0.0,0.0,1.0
E1655_1242,0.965952513031602,0.0,0.006302184188467295,0.12269717048285249,0.0,0.2689393423897151,0.29674386235359246,0.0,1.0,0.7526862016700389,0.0
E1656_245,1.0,0.007337653374387561,0.0,0.0,0.6029943518068135,0.8259546501536256,0.0,0.0,0.8237748925304663,1.0,0.020459018263163983
E1657_776,0.9820124712367283,0.0715906542789182,1.0,0.35594533531661887,0.753522492521959,0.0,0.0,1.0,1.0,1.0,0.0
E1659_1031,1.0,0.0,0.0,0.0,0.009331571364274722,0.4499890464884098,0.10172408555664501,1.0,1.0,1.0,0.6726436632005957
E1660_190,0.0,0.0,0.15557140847440765,1.0,1.0,1.0,1.0,1.0,0.00020069023998213513,0.0,1.0
E1661_1400,1.0,0.00870369225055727,0.0,0.1957665268090598,0.0,0.0,0.0,0.005239590032902948,0.8412977012811552,1.0,0.16001281984215296
E1662_1341,0.0,1.0,1.0,0.0,0.3067534983929278,0.513615261977089,0.0,1.0,0.049715781571708896,0.8407456655350429,0.0
E1663_307,1.0,0.029786675709814667,0.6814166910633422,0.0,0.0,0.0,1.0,1.0,1.0,0.6446093697332715,0.5855319981827908
E1664_1285,1.0,0.0,0.0,1.0,0.39787370459775134,0.0,0.02444672284536689,0.0,1.0,1.0,0.4002140124093835
E1665_792,0.0,1.0,1.0,0.20936480662325566,0.0,0.932518899001475,0.0,0.3078854477586954,0.01372808092105514,0.14959283151775374,0.03025416763818238
E1666_187,1.0,0.03898728312691467,0.08629956723412568,0.3515394747778692,0.0,0.0,0.0,0.1497054996910751,0.8401643846534418,1.0,0.11421288402210947
E1667_1085,0.0,1.0,1.0,1.0,0.27472349783266964,0.9804779531586821,0.1760381312645181,0.0,0.0,1.0,0.3529720694926112
E1668_273,0.0,0.022979036891412518,0.868973601433266,0.3183092129392716,1.0,1.0,1.0,0.4210700624394545,0.016560881233300254,0.0,1.0
E1669_1007,0.0,1.0,1.0,1.0,0.09877578275531429,0.556006245562477,0.1106511608273794,0.0,0.0,0.936798123462608,0.0
E1670_15,0.5663521458722827,0.4182722614122117,0.0,0.1774083470129527,0.44749013442612817,1.0,1.0,1.0,0.7115898645887105,0.0,0.062144238212530185
E1671_1116,1.0,0.028183237892048404,0.0,0.0,1.0,0.7599800618526248,0.0,1.0,1.0,0.5876663890971827,0.11159901408395582
E1672_1027,0.0,0.0,0.0,1.0,1.0,1.0,1.0,0.09343562861975746,0.03554856108204081,0.0,1.0
E1673_802,0.0,1.0,1.0,0.0,0.9863984162566212,0.24879383019795437,0.2635246526683634,0.0,0.10048387482323887,1.0,0.403716399872138
E1674_1038,1.0,0.0,0.025172929136865304,0.0,0.0,0.3739901969020181,0.1511150914414123,0.0,0.9422416946581038,1.0,0.0
E1675_425,0.013109576738515755,0.014505073127907593,0.2408270267422227,1.0,0.2558596137037709,1.0,1.0,0.08615062442391684,0.0,0.0,1.0
E1677_1206,0.8099548897846248,0.02398875816924571,0.09219393447189511,0.0,0.11926172105414644,0.0,0.26755714012591614,0.6532955089681566,0.9671521984209261,1.0,0.0
E1678_1042,1.0,0.0,0.4411142435047293,1.0,0.8188423538059356,0.004241508943892492,0.0,0.6378383272814441,0.8390931153710827,0.9524919952667884,0.0
E1679_1319,0.0,0.20421259648808374,0.01582391978359874,1.0,1.0,1.0,1.0,0.0,0.0,0.0,1.0
E1680_1269,0.003917284110148668,1.0,1.0,0.26779304790713465,0.0,1.0,0.0,0.25694411538962403,0.0,1.0,0.0
E1681_1075,1.0,0.0041801517435887505,0.3770937639769371,1.0,1.0,0.6276375263028131,0.06740043330883241,0.0,1.0,1.0,0.1598840120117461
E1682_122,0.04239555226371396,0.009786734741613979,0.011658086645236043,1.0,1.0,1.0,1.0,1.0,0.0,0.0,1.0
E1683_501,0.821057509538662,0.0014995556840768688,0.0,0.5055216408313212,0.0,0.9658349389862998,0.0,0.0,0.9602285629927937,0.7110925100648797,1.0
E1685_521,0.0,1.0,1.0,0.030145818777035278,0.46505667507366705,0.17235056682367492,0.24415177150547704,0.0,0.0,1.0,0.0
E1686_142,0.04487010944166858,0.0590099369158901,1.0,1.0,1.0,1.0,1.0,1.0,0.0,0.0,1.0
E1687_1204,1.0,0.0,0.0,0.0,0.0,0.1770125382989179,0.3928171868126917,1.0,1.0,1.0,0.12009002150570985
E1688_1011,1.0,0.0,0.07412029128712129,0.003896793497066177,0.1360861990758099,0.09502842731355335,0.0,0.0,0.9937603147851447,1.0,0.09051544050567978
E1689_457,0.022142674007724253,0.0,0.18361899265787093,1.0,1.0,1.0,1.0,1.0,0.0,0.0,1.0
E1690_1001,0.0,0.0,0.0,1.0,1.0,1.0,1.0,0.1248640469730482,0.0,0.0,1.0
E1691_705,0.07221136936143062,1.0,1.0,1.0,0.04320376887031447,0.0,0.4434252664533019,0.0,0.04302608426767242,0.8132502115661954,0.0
E1692_342,0.008583332834506931,1.0,1.0,0.0,0.0,0.0,0.02974944886850801,0.0,0.01846521372044733,0.28886594007067007,0.0
E1693_1246,0.0,1.0,1.0,0.592560212736716,1.0,0.0,0.5414880516467626,0.0,0.02081866612037011,1.0,0.013711075771557524
E1694_1481,1.0,0.02013387927345027,0.0,0.6864377250762806,0.0,0.7823697594019549,1.0,0.0,1.0,0.601350432376698,0.23135583936094975
E1695_124,1.0,1.0,1.0,0.0,0.10967899149624379,0.21084564300009181,1.0,0.0,0.79541016575223,0.0,0.5318522092286306
E1696_88,1.0,1.0,0.0,0.4569716342544373,0.3164855310368606,0.19369451867299078,0.003951844963802347,1.0,1.0,0.25626747935705674,0.0
E1697_1112,0.0,0.0,0.336595185907902,0.5746061119992409,1.0,1.0,1.0,1.0,0.0,0.0,1.0
E1699_1308,0.030715270607741114,1.0,1.0,0.0,0.33633073523177626,0.05699944897047576,0.17905188757297916,1.0,0.0,0.4121087057127213,0.23244531809019875
E1700_1095,0.0,1.0,1.0,0.9535874611814764,0.0,0.12128887859198592,0.0,0.0,0.018249469881718824,1.0,0.0
E1701_1420,0.0,0.0,0.0,0.7462994484289448,1.0,1.0,1.0,0.22299940519718808,0.0,0.0,1.0
E1702_876,1.0,0.0,0.0,1.0,0.4019231065494741,0.24729157152332065,0.0,1.0,1.0,0.46805724594195314,0.1340870154985826
E1703_1303,1.0,0.0,0.0,0.0,0.0,0.6807524068193685,0.16957550565942064,0.9036539571828747,1.0,0.9711957321454954,0.0
E1704_720,0.034821794445625824,0.07969548217419854,0.9281058374919247,1.0,0.7689338644048288,1.0,1.0,0.0372866355553239,0.0,0.0,1.0
E1707_860,0.0,1.0,1.0,0.14647235523690183,0.12187211511286647,0.4166056471441628,0.23157032089005966,0.7385940719087369,0.026047145742422916,0.9313112370001837,0.3749650663332743
E1708_524,0.0,0.06025142446768381,0.0,1.0,1.0,1.0,1.0,0.30316490896643544,0.0,0.0,1.0
E1709_317,1.0,0.009915104310807566,0.0,0.0,0.0,0.0,0.0,1.0,1.0,1.0,0.18264879046099639
E1710_1402,0.0,1.0,1.0,0.0,0.0,0.0,0.08277753084852488,1.0,0.0,1.0,1.0
E1711_1442,0.0,0.00892904687917495,0.0,0.34305413836851323,1.0,1.0,1.0,0.3284371206942475,0.0,0.0,1.0
E1712_1015,0.9696136389800972,0.009982931349122249,0.18018169423960645,0.0,0.0,0.0,0.3309871868905457,0.0,1.0,0.1320813822601591,0.0
E1714_444,0.0,1.0,1.0,0.29242947532268626,0.7983652164636983,0.0,0.26669412929524233,0.766873603710533,0.0,1.0,1.0
E1715_1305,1.0,0.0,0.0,0.2073005136822442,0.0,0.0,0.09077823317147897,0.0,0.9931292303560493,1.0,1.0
E1716_861,0.0,1.0,1.0,0.0,0.5254025520758279,0.809477641477184,0.1843252004949402,0.0,0.0,0.07110666152485903,0.063970002795959
E1717_119,1.0,1.0,1.0,0.0,0.6116268429926812,0.09716252625567293,0.004313179203100823,0.0,1.0,1.0,0.0734289538026017
E1718_1180,0.0010988927733391134,0.0,0.0,1.0,1.0,1.0,1.0,1.0,0.0,0.0,1.0
E1720_942,0.029931666332789913,0.02570708966659288,0.30068901620216076,1.0,0.10398980481337373,1.0,1.0,0.0,0.00845178328251973,0.0,1.0
E1722_1105,0.0,0.0,0.2688113996938204,0.0,1.0,1.0,1.0,0.027105345204177945,0.0,0.0,1.0
E1723_1031,1.0,0.012449887451640237,0.8441852064166402,0.0,0.5322980099764268,0.0,0.10183916646431587,0.0,1.0,0.9515912518293652,0.07458330863520102
E1724_1002,0.0,0.0,0.0,1.0,1.0,1.0,1.0,0.0,0.020585427287396634,0.0,1.0
E1726_776,1.0,0.019160362587304976,0.932011647242858,0.049120712250549224,1.0,1.0,0.0,0.6265031845076342,1.0,1.0,0.1388531169974046
E1727_1270,1.0,0.019341796785266204,0.0,1.0,0.0,0.0,0.20453207947426436,0.0,0.801825570570041,0.9933062967533451,0.9248381453537475
E1728_1087,0.8703518760040474,0.0008845173390646908,0.39103969061644345,0.3191193155067347,0.420480423149691,0.0,0.5828265285822262,0.770306132115714,0.9629042671443394,1.0,0.028034381879586116
E1729_413,0.0,1.0,1.0,0.2354730127207265,0.0,0.6165288692732361,0.0,0.6404206788016841,0.0,0.7164865474815465,0.24222896549019696
E1731_203,0.008786147630280046,1.0,0.0,1.0,0.7652776003359182,1.0,0.12232525281165454,0.0,0.0042176751281680904,0.9268793873703465,0.0
E1732_29,0.4376103615651572,1.0,0.43372600390683214,0.0,0.2030861133283032,0.013261139229202233,0.9096472313773083,1.0,0.24931237823474678,0.19447100074905493,0.45656888113172306
E1733_980,0.9378860970539264,0.0,0.0,0.16267865528951903,0.0,0.0,0.4061371587694077,0.026605427044252637,0.8773361816962597,0.8886680551383473,0.9795397277856511
E1734_440,0.055888606524521746,1.0,1.0,0.8042312316975415,1.0,0.11707137685761639,0.0,0.8288744297925582,0.0,0.9025333526638788,1.0
E1736_176,1.0,0.0,0.5501471180791673,1.0,1.0,1.0,1.0,1.0,1.0,0.0,1.0
E1737_170,0.7205197133312123,0.0,0.0,0.662940443684704,0.0,0.0,0.0,1.0,1.0,0.9364560240853529,1.0
E1738_344,1.0,0.04307946244435606,0.5061184627688776,0.4191648303311646,0.0,0.1327199034909795,0.0,0.0,1.0,0.6758975873940122,0.0
E1739_1075,0.0,1.0,1.0,0.3587488495183239,0.0,0.05303909272819328,0.050891197410235324,0.0,0.00987453628403542,1.0,0.0
E1740_494,0.015958367865237466,1.0,1.0,0.0,0.0,0.2943200054799657,0.0,0.0,0.0,0.7492938840023319,0.0
E1741_167,0.0,0.07066654085348742,0.14946440930046623,1.0,1.0,1.0,1.0,1.0,0.0,0.0,1.0
E1742_444,0.0,0.041771803169666,0.0,0.6565701865062586,1.0,1.0,1.0,0.0,0.0,0.0,1.0
E1743_1038,0.915466244494023,0.0,0.0,0.0,1.0,0.0,0.566087814526666,1.0,1.0,0.6138726507090074,1.0
E1744_191,0.0,1.0,1.0,1.0,1.0,0.0,0.0,0.3062416917747159,0.0,0.009116248474744517,0.0
E1745_1037,0.034805532391748405,0.035488151890346306,0.1121400256522795,1.0,1.0,1.0,1.0,1.0,0.0,0.0,1.0
E1746_675,0.00022824128771641134,0.00624577210776099,0.029439902158091245,1.0,0.21713620249276788,1.0,1.0,0.26219913377255116,0.0,0.0,1.0
E1747_144,0.2566454760867065,1.0,1.0,0.0743978619207019,0.19588253885746038,0.0,0.4398144506619684,0.27797339344658567,0.13065458793613152,1.0,0.05241732270064199
E1748_865,0.00383766344097001,0.0,0.0,1.0,0.05909740267924363,1.0,1.0,1.0,0.04396204499994802,0.0,1.0
E1749_598,0.018208985334776804,0.04594354367122158,0.0,1.0,1.0,1.0,1.0,0.3752895929193554,0.0,0.0,1.0
E1751_354,0.7461422202431462,0.0,0.0,0.0,0.54729987146463,1.0,0.0,0.7131521666773751,0.9438702609629527,1.0,0.0
E1752_177,0.0,0.01450577737078941,0.0,1.0,1.0,1.0,1.0,1.0,0.05353678095582172,0.0,1.0
E1753_1078,0.016268405152299444,1.0,1.0,0.39060994843308855,0.8554377505098492,0.05107130059870342,0.15611001433609695,0.014577716766513552,0.1405280312293852,1.0,0.0
E1754_131,0.952033848061464,1.0,1.0,0.0,0.2158590941963516,0.5257396481307133,0.0,0.5940499482223938,0.9760450780957127,1.0,0.12635402166714657
E1755_371,0.0,0.0,0.0,1.0,1.0,1.0,1.0,1.0,0.0,0.0,1.0
E1756_314,0.9052951004314372,0.055178705813231387,0.3009859366818875,1.0,1.0,0.0,0.0,0.0,1.0,0.31778218651758927,0.0
E1757_7,0.4732172033071147,0.6447136447721308,0.0,1.0,0.04611182424807767,0.0,1.0,1.0,0.2857277860172459,0.0,0.6263835279681639
E1758_784,1.0,0.0342615029483965,0.5278246758037164,1.0,0.4701279985530034,1.0,0.0,0.3106898211924187,0.9964118853373125,0.856107133201957,0.0
E1759_864,1.0,0.01943669853184592,0.0,0.0,0.0,0.0,0.28947047293278616,0.5748735197751275,1.0,0.947406882111703,0.35704712365045305
E1760_1460,1.0,0.1337017750270938,0.09356714816185434,0.0,1.0,0.5921930893395176,0.0,0.0,0.9140635521760812,0.7935982843673399,0.0
E1761_56,0.003367112408193802,0.5980172926347066,0.23279885230041522,1.0,1.0,0.06493158762435963,1.0,1.0,0.0,0.0,1.0
E1762_1003,1.0,0.0707407671369422,0.5559338729637063,0.06316090926063936,1.0,0.0,0.0,0.13966185533343303,0.9784877124563245,0.8867545730197854,0.23957064992271335
E1763_559,0.0,1.0,1.0,1.0,0.0,0.5115592461480687,0.17483402922950086,1.0,0.0,1.0,0.0
E1764_371,1.0,0.0,0.37622843185507787,0.12118407875613003,1.0,0.9469275873649396,0.22719603979146522,0.7308120738745819,1.0,0.29617489906552275,0.429297674138552
E1765_1106,0.0,0.0,0.0,1.0,0.0,1.0,1.0,1.0,0.0,0.0,1.0
E1769_133,1.0,0.0,0.06437220371517247,1.0,1.0,1.0,1.0,1.0,1.0,0.0,1.0
E1770_1262,0.7393327103207865,0.022569678089609028,0.0,0.0,0.0,0.5264304747859997,0.1691203518087085,0.39630917795153303,0.5437815051624265,0.8292503197487243,0.4267653427895714
E1771_1194,0.0,1.0,1.0,0.2333311510727453,1.0,0.19950543249027625,0.029947289344192062,0.935348601760797,0.0,0.11569089123225622,0.0
E1772_406,0.0,0.0,0.07185781611941831,1.0,0.4950538211197702,1.0,1.0,0.7473040432874164,0.0,0.0,1.0
E1773_241,0.0,1.0,1.0,0.0,0.0,0.03791442487126834,0.055839245151753286,1.0,0.0,0.7389671640250549,0.0
E1774_474,0.9509937085657779,0.10541203012738425,0.0,0.0,0.22886608672561734,0.2576292832276124,0.46149242494907017,0.1623807402991518,1.0,1.0,0.0
E1775_111,0.8083886636975881,1.0,0.0,0.07296016743202634,0.0,0.0,1.0,1.0,1.0,0.0,0.01715094331792121
E1776_1070,0.9900166528511677,0.008533385161767227,0.30717750601596017,0.2903359275794313,0.0,0.0,0.19255770094517238,1.0,1.0,1.0,1.0
E1777_452,0.0,0.0,0.25460969528268723,1.0,1.0,1.0,1.0,1.0,0.0,0.0,1.0
E1778_237,1.0,0.0,0.07364961989406786,1.0,0.06122861358980818,0.0,0.5578651185769425,0.0,1.0,1.0,1.0
E1779_1217,0.05759793047300082,1.0,1.0,0.0,0.15234999718327732,0.0,0.0,0.6741821295803193,0.0007675789304050976,1.0,0.0
E1780_1256,1.0,0.120311657423018,0.3913618627844381,1.0,0.22718833752368475,0.0,0.00939275711952258,0.2959848493850624,1.0,0.8754660032914847,0.41906381209142396
E1781_337,0.0030694749486658668,0.025983545595748846,0.11120541829418962,1.0,1.0,1.0,1.0,0.6025361878507606,0.012206573300821484,0.0,1.0
E1782_948,0.0,0.008559237267025356,0.13291523466595567,0.0,1.0,1.0,1.0,0.1753016590375455,0.0,0.0,1.0
E1784_347,0.3724036257362948,0.08037231915045065,0.07629563613423054,0.0,0.0,0.3688708247084809,0.17497181618075344,0.12899709805083864,0.5650447313239154,0.37716997794601725,1.0
E1785_1421,0.0,1.0,1.0,0.48833923793678086,0.0,0.0,0.0,0.9212508612408468,0.0,0.2760108354436456,0.0
E1786_257,0.9987713173659443,0.42726050527538234,0.0,0.1351166843153091,0.0,0.005799044502354308,0.0,1.0,1.0,0.98127110936977,0.3896377415952481
E1787_1473,1.0,0.0,0.0,1.0,0.0,0.0,0.0,1.0,1.0,0.4289027593231017,0.28719964111414586
E1788_163,0.9950050435565433,0.45606469280648293,0.1083334555127626,1.0,1.0,0.9335619578020252,0.05815840085319168,0.0,0.9786048832325078,1.0,0.06873472350610242
E1789_642,1.0,0.20421918519773255,0.0,0.16242982576946075,1.0,0.06168395151317606,0.0,1.0,1.0,1.0,0.0
E1790_361,0.0,1.0,1.0,0.3285635438225067,0.9853093142777862,0.6326933964319479,0.09408752777089528,0.9931595506083056,0.0,0.6071681938166046,0.0
E1791_72,1.0,0.393850766778558,0.0,0.6857277968644772,0.001987418596256302,1.0,0.6327680960412476,1.0,0.9712478432166837,0.9498964056345868,0.2929170838266158
E1792_1041,0.0,0.0,1.0,1.0,0.18972921908128768,1.0,1.0,1.0,0.018979286965134772,0.0,1.0
E1793_208,0.0,0.028933066281868567,0.0,1.0,1.0,1.0,1.0,1.0,0.023218534240212287,0.0,1.0
E1794_251,0.0,1.0,1.0,0.0,0.9297608787625337,0.0,0.2865586720658604,0.19549827577141485,0.0,1.0,1.0
E1795_458,0.0031911055429952695,1.0,1.0,0.0,1.0,0.5501335917577809,0.0,0.0,0.0,1.0,1.0
E1796_1280,0.0,1.0,1.0,0.08428263892961786,0.32401335963045624,0.4214668065856027,0.012169966575075231,0.68218269211532,0.029806449968044844,1.0,0.0
E1798_357,1.0,0.0,0.0,0.5730671978788797,0.0,0.11787760141091602,0.5835049500046836,0.022722567263600536,0.9210278801898055,1.0,0.0
E1799_1224,0.0004428924937492063,1.0,1.0,0.18577339885077132,0.0,0.0,0.13680478852261557,0.02821955437243225,0.0,1.0,0.651143919914891
E1801_1335,0.003417492637616391,0.0,0.0,1.0,0.5905071156333352,1.0,1.0,0.34226911000664845,0.0,0.0,1.0
E1802_436,1.0,0.0,0.4504360916560878,0.18301902182556237,0.24027884265720298,0.4289457989137595,0.0,1.0,1.0,0.35713438700838573,0.12272486011994126
E1803_20,0.6971056784155231,1.0,0.0,0.462340521539736,0.0,0.0,1.0,1.0,0.6232660190608154,0.0,1.0
E1804_1052,0.0,1.0,1.0,0.728876954512388,0.15950294607666568,1.0,0.04415060320159403,0.8113452339493532,0.0,0.7158775946226728,0.3212433315751082
E1805_1365,0.0,1.0,1.0,0.22648459539610882,0.391260440109396,0.7958693204216728,0.020869148568348424,1.0,0.029663623001269852,1.0,0.0
E1807_592,0.0033117346806477593,1.0,1.0,0.06279555229694948,0.0069101209755660364,0.0,0.10440673848433127,1.0,0.0,0.8703026005457277,0.0
E1808_1466,0.0,0.0,0.258601475199574,0.4526938929026225,1.0,1.0,1.0,0.4686019337090259,0.0,0.0,1.0
E1809_1088,1.0,0.0,0.0,0.5252273262933403,0.0,0.32806366207568055,0.25418812247045425,0.39543052624927844,0.9560824750288279,0.8698542454813851,0.08179761313326624
E1810_171,0.0059717068800881805,0.01735035252942403,0.19429267783448842,1.0,1.0,1.0,1.0,1.0,0.0,0.0,1.0
E1812_1486,0.026381489867200906,0.021075912484268464,0.2683172729361864,1.0,1.0,1.0,1.0,0.6916509985374146,0.0,0.0,1.0
E1813_1124,0.9801520037069166,0.0,0.022615786185294123,1.0,0.5984298587150143,1.0,0.1755365474236628,0.24169826039987072,0.9281033603546369,1.0,0.7194388065921364
E1814_1358,1.0,0.0,0.5530495520784933,0.0,0.2852937134360956,0.0,0.0851776462811084,1.0,1.0,0.44297299749302976,0.0
E1815_1252,1.0,0.0,0.0,0.03458514080875755,0.28699159313839195,0.8849364308034421,0.2550731336595753,0.7633422763576702,0.9709094498467894,1.0,0.0
E1816_1451,0.0,0.03169202392661743,0.3164959483011589,0.15746518276453267,1.0,1.0,1.0,0.0,0.0,0.0,1.0
E1817_915,1.0,0.0025723231735417964,0.0,0.0,0.3640258601545015,0.0,1.0,0.06624737716217657,1.0,0.9506801274014222,0.1273348930551958
E1819_183,1.0,0.0,0.12258416867037347,1.0,0.0,0.0,0.0,0.24908102270849816,0.9249937508045123,1.0,0.9002901474668106
E1823_1099,0.0,1.0,1.0,0.8010633986494714,1.0,0.0,0.03702748997992027,1.0,0.0,0.6753969018984102,0.16818185561609125
E1824_150,0.010064961991489735,1.0,1.0,0.08091042747603792,0.3884009739102412,0.1919560830578328,0.2691726754091445,0.0,0.0017384152984487897,0.9936670961980533,0.03879267409899831
E1825_1224,1.0,0.0,0.09896771490456754,0.685083170618374,1.0,0.0,0.2220443046493403,0.0,1.0,1.0,0.0142077444094067
E1827_799,0.0032546798081022274,0.0,0.09804139245739067,1.0,0.484528924578762,1.0,1.0,0.0,0.0,0.0,1.0
E1828_129,0.9245814142630957,0.06337569826595515,0.0,0.0,0.0162348709759913,0.3320187294464817,0.32375352091135934,1.0,0.833523702677799,0.5091134713754205,0.0
E1829_957,0.0,1.0,1.0,1.0,1.0,0.4406563052681946,0.02211124022922141,1.0,0.0,0.4343630484467717,0.0
E1830_1007,0.0,0.016475573017358906,0.0,0.03737328865564565,1.0,1.0,1.0,0.0,0.0,0.0,1.0
E1831_602,0.0,1.0,1.0,0.0,1.0,0.0,0.29554347762688216,0.33701549572987916,0.0,0.0,0.1830373362507049
E1833_398,0.028375609414013063,0.0,0.0593288280076022,1.0,0.014399756155023409,1.0,1.0,0.17307471235033084,0.0,0.0,1.0
E1834_1059,0.0,1.0,1.0,0.6163805518410628,0.6745922860387835,0.531730408188072,0.0,0.0,0.0,0.5648193252819221,0.06337219208470918
E1835_941,0.0,1.0,1.0,1.0,0.709848148431054,0.06226677966297044,0.0,0.0,0.0,0.6835100309364233,1.0
E1836_1016,1.0,0.2540883199037165,0.6033345356543665,0.22616300126106473,0.0,0.0,0.155030917268652,0.0,0.8573339599763691,0.5456432165058299,0.5005966692405397
E1837_637,0.0,0.0,1.0,1.0,1.0,1.0,1.0,1.0,0.0,0.0,1.0
E1838_1492,0.043099859837032246,0.012900353132500191,0.7633617819944001,1.0,1.0,1.0,1.0,0.0,0.0,0.0,1.0
E1839_957,1.0,0.0,0.16684402689256025,1.0,0.022540330557396453,0.6049508191779105,0.0,0.0,0.8092956638106352,1.0,0.0
E1840_1024,0.006881527258733211,1.0,1.0,1.0,1.0,0.5976804578466067,0.0,0.3618598486835541,0.0,1.0,0.0
E1841_280,0.0,1.0,1.0,0.0,0.0,0.0,0.0,0.05204302893468252,0.02472885778776491,0.7163479905806537,1.0
E1842_886,0.04734987569236347,1.0,1.0,0.3826757021927592,1.0,0.0,0.057705935855505514,0.3274997274905699,0.0,1.0,0.0
E1843_409,1.0,0.0,0.06776040974594655,0.0,1.0,0.10652335165489406,0.23851049685009323,0.9281520862490833,1.0,1.0,0.666908124731142
E1844_1212,0.0,0.030590104006646465,0.7537950043374533,1.0,1.0,1.0,1.0,0.0,0.07760793342374243,0.0,1.0
E1846_358,0.0,1.0,1.0,0.0,0.0,1.0,1.0,0.0,0.0,1.0,0.0
E1848_1133,0.7606645995794011,0.07757599981348817,0.0,1.0,1.0,0.031169059709504024,0.2794010079348137,1.0,1.0,1.0,0.0
E1849_1155,0.0,0.005957515391699226,0.27708612189231274,0.0,1.0,1.0,1.0,0.0,0.0,0.0,1.0
E1850_1155,0.010580717615516686,0.015290730974869814,0.0,1.0,0.0,1.0,1.0,0.6078597160541238,0.0,0.0,1.0
E1851_434,0.9999507875121096,0.07687089433661788,0.0,0.39557960949556886,1.0,0.23608914281725907,0.002788376388919494,0.0,0.985501764337972,1.0,0.11274052415561898
E1852_644,1.0,0.2210408571288694,0.0,0.9257253674547463,0.7077726508014148,0.0,0.0,0.0995414382568544,1.0,1.0,0.0
E1853_157,0.9515258115384102,0.0,0.0,1.0,1.0,1.0,1.0,1.0,0.9144862127383157,0.0,1.0
E1855_125,1.0,0.039690481315063544,0.0,1.0,1.0,1.0,1.0,1.0,1.0,0.0,1.0
E1856_1215,0.00640217338649269,1.0,1.0,1.0,0.24573582375190672,0.0,0.0,1.0,0.0,0.9254633655538479,0.0
E1857_1436,1.0,0.07141936720553291,0.13939261231566122,0.6089996595313767,1.0,1.0,0.1865658000825622,1.0,1.0,1.0,0.0
E1858_406,1.0,0.006580638305232925,0.0,0.10211271311555634,0.0,0.0,0.02152049064315864,1.0,1.0,1.0,0.025933002433083465
E1859_524,1.0,0.0,0.0930854945470295,0.24843606773219332,0.5128425634261817,0.05972051016068855,0.4083406888768773,0.23427501446856713,1.0,1.0,0.0
E1860_1273,0.8542060454354994,0.0,0.0,0.24420311523607105,0.6244097733041007,0.4067529615151494,0.5021977259222213,1.0,0.8759757450702758,0.520095577742644,1.0
E1861_444,0.9608747712348257,0.0,0.0,0.0,0.0,0.7930569928401585,0.3924223152337078,1.0,1.0,0.829402560999494,1.0
E1863_278,1.0,0.10556496516828946,0.0,0.8893526980519377,0.8521733271208517,0.0,0.0,0.9709645545153478,1.0,0.6963922336316827,0.16023854213397215
E1864_1114,0.005713108230030841,0.0043851388246529364,0.3620436765069495,1.0,1.0,1.0,1.0,0.0,0.004846017133592323,0.0,1.0
E1865_937,1.0,0.0,0.0,0.3971750409060925,0.06224773200449494,0.0,0.01282353469018585,0.24650771407445665,1.0,0.6456190750758456,0.0
E1867_1075,0.0,1.0,1.0,0.051469002804019184,0.0,0.0,0.0,0.09287430918602695,0.018786110306038755,1.0,0.0
E1870_246,0.23188318418102266,0.08361061405524949,0.15706994588235368,1.0,1.0,1.0,1.0,1.0,0.9830403707291039,0.0,1.0
E1871_1497,0.08478595531638447,1.0,1.0,0.3080479659590853,0.0,0.6891769348914243,0.0,0.27372119088762165,0.0,0.8052307703601027,0.056080242568193064
E1872_251,1.0,0.00898512864860717,0.0,0.3131684522418015,0.5916701990405782,0.0,0.0,0.21248113967786855,0.8904320365037279,1.0,0.0
E1873_1030,0.0,1.0,1.0,0.7997113724453063,0.0,0.0,0.2277583772264789,0.43143494762334217,0.0,1.0,0.08563390534173732
E1875_672,0.0,0.007282693289178654,1.0,0.5088297337070053,1.0,1.0,1.0,0.5917915171657648,0.0,0.0,1.0
E1877_274,0.0,0.0,0.07639294019497295,1.0,1.0,1.0,1.0,0.0,0.5737157791361387,0.0,1.0
E1878_960,0.9346274336001972,0.0,0.0,0.036824091267461535,0.710285790949366,0.011043466645664978,0.3420621998082989,0.31640581964572034,0.8743217619622815,1.0,0.0
E1879_742,1.0,0.0,1.0,0.8519024934826057,0.1435941180522858,0.11562338682359681,0.0,0.15766217109680178,1.0,1.0,0.0
E1881_671,0.0,0.0,0.0,0.34350896971284717,1.0,1.0,1.0,0.0,0.0,0.0,1.0
E1882_1077,1.0,0.015886836305481863,0.0,1.0,0.3141358457966708,1.0,0.05222997117295022,0.0,0.888639214540783,1.0,0.7781174301060648
E1883_1303,0.0,0.0,0.15984950800033892,1.0,0.6583161601030834,1.0,1.0,1.0,0.0,0.0,1.0
E1884_1269,1.0,0.0,0.44919300022408265,1.0,1.0,1.0,0.03765088628070169,1.0,0.7065506215459904,1.0,0.0
E1885_34,1.0,1.0,0.10227874753171487,0.46772561980669053,0.12966034494041015,0.0,1.0,1.0,0.6881828894279601,0.0,0.0
E1887_557,0.0,0.0,0.03950758526256282,0.7270572321731398,1.0,1.0,1.0,0.19042582134456684,0.0,0.0,1.0
E1892_685,0.0,0.0,0.0,1.0,0.0,1.0,1.0,0.8301503269282327,0.006669638852182166,0.0,1.0
E1893_1220,0.02166548827794715,0.0,0.021358820059722894,0.510744814531969,1.0,1.0,1.0,1.0,0.0,0.0,1.0
E1895_181,0.9236022363859708,0.0,0.19261549493846444,1.0,0.3617470840583795,0.14336774366129523,0.5823256036159866,0.27174602427571065,1.0,0.4478061628221676,0.5245455074804266
E1896_304,0.0,0.0,0.6051206560762831,1.0,1.0,1.0,1.0,0.20975243020905085,0.0,0.0,1.0
E1897_547,0.9971865485494542,0.0,0.18090455025017818,1.0,1.0,0.0,0.0,0.0,1.0,0.6124979790043201,0.0
E1900_1276,0.00113173556771664,0.0,0.0013272813829984297,1.0,1.0,1.0,1.0,0.5161092939193884,0.008374482920151572,0.0,1.0
E1901_548,0.0,1.0,1.0,0.11821339487645745,1.0,1.0,0.0,0.11190015061762772,0.0,0.5139285233634333,0.5957529879425697
E1902_211,1.0,0.15644685861386962,0.0,0.16467299520744919,0.0,0.31921707643012426,0.0,0.0,1.0,0.07635278731968091,0.8118209100472142
E1903_809,0.0,0.010764765493817708,0.0,1.0,1.0,1.0,1.0,0.0,0.0,0.0,1.0
E1904_792,0.01635262065481049,1.0,1.0,0.28473572833095767,0.0,0.18614642097186132,0.24899003798944394,0.0,0.0049086145892198365,0.051849677956976425,0.0
E1906_921,0.916982846595866,0.09888991740207193,0.0,0.0,1.0,0.029349111487953834,0.0,0.4232707048128695,1.0,0.6433673195942026,0.4432971535203593
E1907_747,0.0,0.0,0.6313863317613808,1.0,1.0,1.0,1.0,0.018898590183261798,0.0,0.0,1.0
E1908_587,0.0,1.0,1.0,0.0,0.0,0.009467563041242206,0.0,1.0,0.0,0.684071405854975,0.4355820347144457
E1909_324,1.0,0.2795880154814518,0.5593013980416085,0.813065558204785,0.27782698839694575,0.16542584114072076,0.0,0.6992859444577831,1.0,0.6550691022149192,0.19605048401823164
E1910_193,1.0,1.0,0.0,0.0,1.0,0.0,0.2676937750189178,0.023488129328141236,1.0,0.6383313831356143,0.4543587931653321
E1911_1358,1.0,0.028498957249203597,1.0,0.0809097722592264,1.0,0.0,0.1443038001246367,0.0,0.809184106781507,0.6460622892330296,0.4146054858663629
E1912_300,1.0,0.0,0.35537754154704027,0.0,1.0,0.17028949685130568,0.08127146963421099,0.41596823193256016,1.0,0.5080234283787768,0.22587145918732557
E1913_200,0.010916742234742273,1.0,1.0,1.0,1.0,0.3688414553022297,0.0,0.4860355881184267,0.0,0.9523781052730864,0.7016730403380145
E1915_835,0.0010217872823267023,1.0,1.0,0.0,0.012712586426596863,0.2682090218155396,0.0,1.0,0.0,0.3314440398819921,1.0
E1916_1249,0.0,1.0,1.0,0.0,0.5032030653016675,0.0,0.0,1.0,0.0,0.7728043485871742,0.12428894941386988
E1917_583,1.0,0.04604477152742678,1.0,1.0,0.3672941708138216,1.0,0.12723431154848683,0.0,0.8037856403347868,0.28603117602350997,0.680048893574736
E1918_224,0.0,0.0,0.0,1.0,0.16803223767903291,1.0,1.0,1.0,0.0,0.0,1.0
E1920_919,0.9437621376101253,0.0,0.04860774206710361,0.0,0.22055238006082467,0.0,0.0,0.0,0.9709926288386481,1.0,1.0
E1921_990,0.03845044340014556,0.0,0.009976489382119829,1.0,1.0,1.0,1.0,0.0,0.0,0.0,1.0
E1923_25,0.02989974379674048,0.8444301284491098,0.03043171477350402,1.0,0.4634996044549769,0.3031240787003896,1.0,1.0,0.22319683562958373,0.0,0.0
E1925_587,0.0,0.06928190559191692,0.0,0.0,1.0,1.0,1.0,0.0,0.002697474233083127,0.0,1.0
E1926_1045,0.0,1.0,1.0,0.9019658940869831,1.0,0.8292631066732531,0.31674481398636034,1.0,0.0,1.0,0.019610947675597973
E1927_997,0.9152391426338131,0.0,0.0,1.0,0.0,0.0,0.0,1.0,1.0,0.6305328589848097,0.24969259131259836
E1928_838,0.0,0.0018457720263315922,0.748837509316476,1.0,1.0,1.0,1.0,1.0,0.0,0.0,1.0
E1929_530,0.019937919317463935,0.007549503707591474,1.0,1.0,1.0,1.0,1.0,0.13585511204600026,0.004757390246829882,0.0,1.0
E1930_651,0.001011419794383358,1.0,1.0,0.0,0.0,0.0,0.0,0.0,0.018237252561760474,1.0,0.0
E1931_216,0.66125377627223,0.08112021923237915,0.0,0.01278869467075722,0.18855408283574662,0.8610848949210359,0.0796662899234029,0.0,0.8744287190544261,1.0,0.0
E1932_1233,1.0,0.032209274828444344,0.2028897153950352,0.0,0.08647863882997238,0.23560184608751017,1.0,0.0,0.8585055116079879,0.8497704401842328,0.17019235107756261
E1934_190,0.0,0.2711705092687354,0.043081870959167434,1.0,1.0,1.0,1.0,1.0,0.0,0.0,1.0
E1935_1414,0.0,0.0,0.0,1.0,1.0,1.0,1.0,0.13075920811576244,0.0,0.0,1.0
E1937_1291,0.0,0.0197426412530877,0.0,1.0,1.0,1.0,1.0,0.05107505139728633,0.0,0.0,1.0
E1938_855,1.0,0.10397489811836672,0.0,0.0,0.04994136002698101,0.0,0.29658174308563984,0.16982436684901842,1.0,1.0,0.18679354625957767
E1939_693,0.9914738930765102,0.21563552619841161,0.06272855322815132,0.0,0.0,1.0,0.0,0.898082531730905,1.0,1.0,0.0
E1940_161,0.0,1.0,1.0,0.19365564883022549,0.9293458893577118,0.0,0.54768770099761,0.0,0.0038131044048211465,0.4651959148975792,1.0
E1941_1232,0.020374447139103063,0.0005511021746474178,1.0,1.0,0.0,1.0,1.0,1.0,0.0,0.0,1.0
E1942_371,0.0,1.0,1.0,0.0,0.0,0.7093529016403637,0.2703743378836964,0.0,0.014792149367591292,0.0,0.0
E1943_1423,0.9247212766751244,0.024054732311757678,0.5571015392151114,0.03774433880919305,1.0,1.0,0.0,0.45384922041823816,0.9971011595633342,1.0,0.0
E1944_416,0.0,1.0,1.0,0.21609174291149874,0.0,0.570657472357507,0.0,0.4187849610612651,0.0,0.8350617549291404,0.6185789920274897
E1945_638,0.0,1.0,1.0,0.0,0.0,0.0,0.0,0.6840788200810303,0.0,0.9669218801861809,0.0
E1946_471,0.0,0.009542004646450873,0.0,1.0,0.29983111918330363,1.0,1.0,0.0,0.0,0.0,1.0
E1947_1082,1.0,0.0,0.0,0.2527837807142516,1.0,0.31267569396299344,0.0015491091475372824,0.43934901164641776,0.792568581002556,1.0,1.0
E1948_1050,1.0,0.08192976884452774,0.12420309339642527,0.09278227259847671,0.6610640041891701,0.6108584807418556,0.33660498385159604,1.0,0.9402588557959998,1.0,0.0
E1950_1196,0.0,0.0,0.4505081871902234,1.0,0.0,1.0,1.0,1.0,0.0,0.0,1.0
E1951_135,0.7818238925267714,0.03770082179082826,0.0,0.122364016125683,0.22041426612911424,1.0,0.12618370039120816,1.0,1.0,0.3065309504091396,0.28499703475096594
E1952_265,0.9053875112879981,0.00414952048292653,1.0,1.0,0.09959558520729835,0.0,0.0,1.0,0.9131594771498628,1.0,1.0
E1953_553,1.0,0.0,0.5496991680767608,0.600791242935117,0.0,0.0,1.0,0.0,1.0,0.4644446254645589,0.09104304366380826
E1956_90,0.0,0.0298934434946103,0.0,1.0,1.0,1.0,1.0,1.0,0.006749013187913412,0.0,1.0
E1957_139,0.8884427775571548,0.11583274018669343,0.0,0.7934161208338852,1.0,0.03679751413576881,0.5178426916155783,0.0,1.0,1.0,0.0
E1958_4,0.5201804774432846,0.7508536216000464,0.525062563680668,0.9362106880171732,0.06732498857797892,0.06680752475849353,1.0,1.0,0.19016784579597326,0.0,0.0
E1959_1246,0.0,0.061380532974403636,0.09689396183317081,1.0,0.0,1.0,1.0,0.9092390214723056,0.0,0.0,1.0
E1960_822,1.0,0.0,0.49770603636274235,0.4121634813564365,0.0,0.667962337661147,0.0,0.0,0.8931286601716957,0.9134544818767584,0.2399288916113594
E1961_238,0.7660118752834382,0.0,0.03450469688293158,0.8172456660478977,0.02157225561145772,0.0,1.0,0.0,0.99211874029391,1.0,0.20184803171786195
E1962_88,0.9559539107950983,0.5620480612714492,1.0,0.6392546156497961,0.0,1.0,0.45558943119977957,1.0,1.0,0.3267389421654359,1.0
E1963_480,1.0,0.020642785948001206,0.19698365164319714,0.1009790291882195,0.0,0.0,0.10598081529806808,1.0,1.0,0.5050494111058648,0.24388736240463918
E1964_383,0.8084948947276701,0.03093158284752441,0.05798468122485229,0.6878844195217577,1.0,1.0,0.2244263382947102,0.5462302124904742,1.0,0.7124680206829692,0.12790620057298946
E1966_719,0.6985521167669007,0.0,0.05827386996825582,0.547160345559154,0.8357570895993873,0.7517418716809774,0.3683945652513025,1.0,1.0,0.39209057684354043,0.686869228292383
E1967_1000,0.0,0.029008425981682406,0.12879058847136646,1.0,0.0,1.0,1.0,0.0,0.0,0.0,1.0
E1968_124,1.0,1.0,1.0,0.1015473305817306,0.4095244750430004,0.0,0.0,0.0963807024872487,0.880785248879284,0.34304688004645456,0.0
E1969_323,0.0019948975803319533,1.0,1.0,0.3228941027004116,0.35889524696867187,0.04108002706319384,0.27093392603426136,0.34959833132228185,0.0,0.9483931073482318,0.4762507400034407
E1970_757,0.02393388620333327,0.0,0.0,1.0,1.0,1.0,1.0,0.3418378694582456,0.0,0.0,1.0
E1971_73,1.0,0.14840810863822482,0.236445170462685,0.5001630416488895,0.0,0.0,1.0,1.0,0.946777452603839,0.0,0.2562836378952427
E1974_1414,1.0,0.1337109920412077,0.0,0.26817199487912274,0.0,1.0,0.21196662017707116,0.2877367013604004,0.9465299794994795,1.0,0.6613235396030783
E1975_810,1.0,0.0011526034012787445,0.0,0.0,0.0,0.26237108364101747,0.05009393921643665,1.0,1.0,0.7864932633540535,0.10484921086842872
E1976_800,1.0,0.0,0.027138927709652615,0.0,1.0,0.9150584711286393,0.07808825419684379,0.528175450389198,0.894024950339052,0.0,0.0
E1977_1370,1.0,0.04629956679134628,0.06321185501201883,1.0,0.0,0.0,0.25225053356485494,0.5999129039258911,0.9526750422464842,0.8106455578354519,0.18427823873489815
E1978_88,0.03930383304447733,1.0,1.0,0.4954313562572326,1.0,0.7289003812440561,0.11967543770096893,0.33182847841303886,0.18541128081371203,0.0,0.2500309754378116
E1980_1467,0.8224136143885202,0.006607438073750697,0.0,0.05255946807501977,0.0946974276205396,1.0,0.0,1.0,0.955395588970706,1.0,0.0
E1981_212,1.0,0.0,0.0,0.0,0.0,0.1995966767347313,0.04202652509358569,0.0,1.0,0.8602881345311638,0.8311780637122012
E1982_1213,0.804464155250077,0.0024288210391272347,0.27458620903702463,0.0,0.4295758138586136,0.0,0.0050843506568830745,0.4076299129303731,1.0,0.41976258990324794,0.460055108124599
E1983_190,0.018849924610340317,0.0,0.1296251035686011,1.0,1.0,1.0,1.0,1.0,0.0032581555460564496,0.0,1.0
E1984_185,1.0,0.022332279485705764,0.0,0.3738313101308972,1.0,0.13666847827714018,0.0,1.0,0.7329401912098419,1.0,0.0
E1985_648,0.0,1.0,1.0,0.21598015195625078,0.0,0.9748449401929125,0.0,0.4345988687045446,0.05526080328918218,0.0,0.0
E1986_270,1.0,0.13730772884237433,0.0,0.0910462091923763,1.0,0.03075510601240021,0.0,0.011146613538026413,0.9396656661134266,1.0,0.03944212046553576
E1988_185,0.0,1.0,1.0,1.0,0.0,0.5613170887115938,1.0,0.027344854031111757,0.0005955761391397394,0.41533492663898075,0.034374195014993975
E1989_1454,1.0,0.07763678246679212,0.0,0.1301256941223639,1.0,1.0,0.0,0.0,0.842123386715398,1.0,0.7207390816055123
E1991_1409,0.0,1.0,1.0,0.2605392887147673,1.0,0.09826542446305608,0.0,1.0,0.0,1.0,0.0
E1992_1208,0.0034577019318550936,0.0,0.05068739961922252,0.6479982141000167,1.0,1.0,1.0,0.27327637846030844,0.0,0.0,1.0
E1993_84,1.0,1.0,1.0,0.48453796678821953,1.0,1.0,0.43198398608446525,1.0,1.0,0.6068804558855057,0.043449592168830126
E1994_947,0.0,1.0,1.0,0.04229559387694075,0.0,0.0,0.0,0.06838553386856157,0.016388346553771704,1.0,0.0
E1995_432,0.9850817596101974,0.034778386294905456,0.0,0.0,0.8097464303077816,0.06960446125516644,0.043877437871350865,0.0,0.8037100346747478,0.0,0.0
E1996_716,0.0,0.0,0.7044650608122457,0.4376281900028431,1.0,1.0,1.0,0.0,0.0,0.0,1.0
E1997_221,1.0,0.0,0.2970870485334886,0.16501672478866902,0.4775695128860959,0.27234177414394184,0.043263222127027615,0.0,1.0,1.0,0.0
E1998_295,0.9634160449026705,0.0,0.1755484027373425,1.0,0.0,0.15018413564599248,0.03839489178341107,0.0,1.0,0.99052454860917,0.0
E1999_47,0.315816443411829,1.0,0.775786251405842,0.04750054399296466,0.0,0.8388414950292441,0.0,0.7652336104543586,0.2386132319208067,0.46702024862736036,0.4819088052749454
