CellID,CEBPA,EGRNAB,EKLF,FLI1,FOG1,GATA1,GATA2,GFI1,PU1,SCL,CJUN
E0_574,0.00970082661311095,0.022432984467853533,0.8676725306151996,0.020800295233194273,0.8673625383503636,0.6362201259764677,0.006334793946822438,0.0005945114853785127,0.003919261171240953,0.6540251653932186,0.0017079122165226848
E1_584,0.6516480956724643,0.020702907734716443,0.0172080822758502,0.002397576015826203,0.021691322203791018,0.012049700066815374,0.004698886616586636,0.6694848406020694,0.47508083748229596,0.001909432727649541,0.0032692875321784203
E2_1319,0.549113326536459,0.00026820795168834083,0.0009502461745431269,0.001080333324993539,0.000898813328355548,0.002979292778036636,0.0033068179234536192,0.5873292788688712,0.6664799852467997,0.0009756015564303673,0.005798885268473033
E3_1209,0.0012738671372157916,0.6170530483533524,0.005677347767552737,0.0028258844041386716,0.0003035440247709196,0.011729901740586888,0.001267625810235189,0.021076398345031493,0.6315405857922941,0.0008865571335994719,0.8554080836377441
E4_149,0.5159845874038745,0.12068548755302021,0.01636197035756479,0.0003733637138736039,0.002387172880969944,0.0011941125887103394,0.028550010572272664,0.8360054639567362,0.7755281284169847,0.0004296731927018927,0.22857913120891993
E5_841,0.5414416819442425,0.6534044823492665,0.0240030942937545,0.001527233457659913,0.00772224465453378,0.003429815366132775,0.0030968769981838994,0.0023495515935910865,0.6008397373177713,0.02747061707390865,0.6174417685590846
E6_87,0.36531535209348825,0.13170395387775533,0.017954411212121536,0.0009232069675834203,0.030741598696292418,0.0015974105798822235,0.017294211806376934,0.3548158913246483,0.6526591300879867,0.0013044068376431518,0.5565857051302964
E7_1349,0.00040142809938750447,0.0028619465410369975,0.7119134796028438,0.0010353161736563344,0.5706934182617948,0.5329893083592893,0.0062001960957252765,0.011467517317764958,0.012922407343355924,0.6033996457995152,0.010184757573358265
E8_1200,0.009244834962255435,0.0008720260568618513,0.0025118775367539347,0.6736463582855157,0.560836188878451,0.7138245571741869,0.002072205127212471,0.030548788778506118,0.0011709055392505239,0.523362876429582,0.0004231753701838238
E9_1076,0.5294546900898441,0.015465607200161548,0.010486409483311757,0.01431339616614001,0.013753378604300908,4.9958093277301165e-05,0.008423704511581899,0.7100744218161369,0.5109563810071662,0.0035956161639010826,0.0013541435432151948
E10_998,0.00465810493969852,0.6289486718866775,0.014776909265105538,0.0005063570338307911,0.01459597504968598,0.005938827408481488,0.009346149162095887,0.002625390564704788,0.4237022497659956,0.00047832820399720317,0.5382186608358723
E11_615,0.004634049540935614,0.7497274524515816,0.020731109140286415,0.022110996727046035,0.004069115202724559,2.2499102535987787e-05,0.022238040058467412,0.006257164995988946,0.7100815930063172,0.005111244555051855,0.6243269902826906
E12_760,0.6371227506906217,0.005621851283363315,0.00465112534996195,0.029246904241059867,0.031186552224112266,0.0027535986284793375,0.00036272194468070707,0.7371289201786652,0.6002969903235568,0.0027900428839938885,0.004078769662103564
E13_29,0.43940352914131964,0.03766534093545921,0.007439097441702679,0.007079183172909615,0.00860444383468921,0.07354173179800508,0.21541380987809272,0.4942432833425146,0.25912201341092894,0.0015853221753193124,0.5145894380120946
E14_491,0.001211314625405592,0.009925435500251953,0.00995495373415097,0.5717495535080896,0.61787419234733,0.7645440786408645,0.030655306161945443,0.003906069447699981,0.006518865284023526,0.62725639279747,0.0019208731099197806
E15_962,0.6370570601915044,0.0007640521379903014,0.09552159525985815,0.009921893906322412,0.018517696090403518,0.005273760848894062,0.005850164284234811,0.5523647202746682,0.7474604414121524,0.008689568886278625,0.002530184659071982
E16_1309,0.0036238238302751147,0.7706533611896981,0.009590319379142818,0.0006828548344304727,0.004346263298818749,0.025733485690850703,0.0027452253991233923,0.020568933609746327,0.5815143762803023,0.0011260974114017143,0.5332296521413309
E17_694,0.49997351837264253,0.007099935678456153,0.001505377654676821,0.0007963246474037197,0.005856709737891303,0.01635700045644858,6.272020574590525e-05,0.6805621887120599,0.5209808705787606,0.0005960337448884934,0.036666987428982244
E18_160,0.42612655879439637,0.027192795505805833,0.001576466031156979,0.010816317338282162,0.005538651250753044,0.008080804715492333,0.0023794770322480294,0.8077236576563069,0.5707182414362283,0.00010961340426658455,0.04795349240567469
E19_206,0.28084503335115074,0.04100520804026818,0.030348524575578465,0.002832056133183459,0.0003722611966642437,0.0019944568435419857,0.008656035436271166,0.24025811778763512,0.46034141743853063,0.0004510157857101291,0.19304282133999245
E20_341,0.0018942515030629253,0.0024004856992090864,0.6362157529929693,0.07838705581379377,0.8870641059141375,0.86842112103863,0.08191173503210655,0.0005300967670673391,0.006691408432232787,0.7578728793776143,0.013755475082079631
E21_961,0.5746176107291142,0.0002811607321144306,0.03100274722121174,0.003774810978819894,0.0002545347669163884,0.0024884926380610672,0.007914937964441515,0.7224644620678486,0.5745690612521269,0.0006507800856307939,0.0005121776899464134
E22_932,0.00754029419394157,0.657518125052666,0.007332690533690851,0.004384245717365699,0.022059062005855487,0.00047954106510139725,0.02280553075708459,0.005993324123685934,0.4892418600116247,0.008999642755974506,0.5500855446898331
E23_1385,0.4688686825948442,0.0019267076873527409,0.004702333098963147,0.01482909729385018,0.0030474439070566723,0.01220868131995258,0.0004953618962225648,0.7661613154791752,0.8312734624763312,0.002334322827909158,0.0026515333445979376
E24_1439,0.0006446499429428334,0.6651936945298865,0.00044247941006205345,0.004366362652930278,0.0001045229559722542,0.01121079432273923,0.002749969298306926,0.000731407414391111,0.5322613034721063,0.004563442932786608,0.618469097822665
E25_1026,0.49861287599030124,0.0031461729106410964,0.000466085273913839,0.002077293543113103,0.012664046517878403,0.0004279892888321733,0.002213951275887095,0.7524574809365007,0.4203895348985673,0.002637923152630194,0.006909415447917302
E26_977,0.47279297607484677,0.0016253353564335473,0.0040141620276579575,0.005905150059433089,0.016497972426518435,0.003503229371845779,0.00016885604818278285,0.7353672477571049,0.5782026058863279,0.024463514227685817,0.0051627281762494925
E27_788,0.003738677593062935,0.6642674548818598,0.0020660433938140188,0.0006423603625034571,0.0005939676839198755,0.005735674102170406,0.008057365084418705,0.0020370246570789573,0.5830183767394894,0.0006972139886547215,0.5178902830996817
E28_331,0.48358355769322625,0.018540643886508536,0.002942762946270216,0.001990548814576829,0.003294982276286013,0.0023531406454738264,0.004377942825721491,0.4466302224027035,0.40257272949269074,0.008053307923346981,0.0009398965806446266
E29_201,0.3234254568678356,0.011726693678449614,0.5882974895844144,0.7199134054876306,0.6287434894676913,0.602413636389803,0.38267391340571016,0.6629449490791129,0.007629928804772677,0.8216612807262977,0.000530195034824473
E30_42,0.42209081313969826,0.005621383972632712,0.007756003911610951,0.008326639700076001,0.001386709592036632,0.34264973848074565,0.20321460475636643,0.68625713557542,0.24895626391383302,0.0012254711508268836,0.09195749858283657
E31_884,0.5852085727012812,0.016568012968628767,0.004751672099597554,0.004753266144405814,0.0014225229469103293,0.0014189065002840028,0.00048533856697584527,0.7198502940476383,0.47257215314420226,0.002194671850133688,0.0058297268849098974
E32_1074,0.7421336162874664,6.818781560618514e-05,0.006792799498318735,0.003629198454373721,0.00033771606172034547,0.0029283920953196967,0.011649246698985323,0.7193585548363693,0.3968383047900339,0.003053210826320037,0.0009654156215132357
E33_1117,0.5294317729636411,0.0003576255688689716,0.011648126863066008,0.010333533256345536,0.011409973539288513,2.717918142391208e-05,0.0019340686463908373,0.7849205548493002,0.43317692786469186,0.01442739402406704,0.00869480418566097
E34_528,0.00018035120022517694,0.6641278671415622,0.0030605752648219025,0.0023139107107124995,0.00226399230261286,0.0016693032644882312,0.0024168003301824337,0.0016061888694675936,0.6251260877235919,0.003633992604366963,0.6111720678803775
E35_1441,0.4712675819110222,0.004917531994649505,0.001631591785713625,0.01265608421517161,0.0006049069565102155,0.002768820259706075,0.0019139434773987453,0.6316938529288779,0.5788758722499585,0.04795370823943668,0.014054565770394264
E36_590,0.012617853305133563,0.010116616984419763,0.6089791215966005,0.007639823641187021,0.8744045881307808,0.7039877870489035,0.008894593675866319,0.0015877733897451767,0.0046596851503785605,0.6777904694198004,0.005241568908531099
E37_48,0.4476537902281872,0.0025402431654133186,0.0012345945497580287,0.01201978711673224,0.0014291800699044986,0.5641426414296037,0.5991952919691526,0.26006616831646273,0.06807859017685766,0.02556658394088318,0.0359126018460464
E38_454,0.40512423319672486,0.010444601320258548,0.01284730223198999,0.006505526228395718,0.007842591624126396,0.004468828308358626,0.0021820822863408014,0.6627926234908292,0.5800343529608133,0.004635473704722415,0.01319599291879339
E39_869,0.012362512475150429,0.6668196585972379,0.006369165524600394,0.0027162391627936436,0.0051428978963385,0.02726397654655843,0.0020437647611657086,0.015740515197850333,0.7000892183523115,0.008235332619988427,0.8224284282834073
E40_1363,0.53626305815722,0.010674684504591211,0.004982405545056063,0.04811928122325124,0.008361813994718368,0.0074477779299687,0.0034643761083933957,0.7381755137139285,0.8025955799909742,0.001222300131882317,0.0070309103309252035
E41_1419,0.006304393553958899,0.6348209169901217,0.0021868413932826223,0.0002556407820545701,0.0034444946935736228,0.005634679508235804,0.015422220997666852,0.00018033145776968288,0.43325291437887603,0.0043071132261100434,0.6921367051045133
E42_1068,0.4437753511423442,0.020123797530046082,0.0009767706081007944,0.004063479059656914,0.005301005300174527,0.009719990685398874,0.0025164193832194494,0.6888347055408793,0.5868120445413743,0.003932395045743862,0.026912159170349857
E43_1298,0.0014534393783679584,0.0016717142405176819,0.9747222852500264,0.0034552144824048347,0.6110612435014242,0.6060751545800457,0.001874813238626278,0.008531168124435808,0.0029697994295933877,0.7735171482272203,0.00025545227889730855
E44_175,0.5348353056403626,0.004712645491589721,0.008794864151919195,0.00912025509765845,0.001435552392912954,0.011541062003750624,0.009988261200861473,0.5087279134794241,0.7118552866834171,0.019907758924316066,0.034285684019781354
E45_1201,0.0011989013422497136,0.00025771164704282404,0.05519073447003542,0.6243268310561156,0.8470140768420671,0.6488320957505805,0.006423360938402108,0.0005556217519701876,0.0006741296181676616,0.5700128795823337,0.011769620014146135
E46_114,0.5749921702178648,0.007346307261116627,0.012840788705538243,0.0014041388085897293,0.00030497821379223383,0.0015138958749309594,0.004453586663553499,0.6077123209196492,0.5083463102673784,0.005980591005758198,0.36334052505535125
E47_328,0.4442781450259317,0.0018816623206684437,0.0010023255419310468,0.001580304784712234,0.00024147767970981952,0.0035991323077376423,0.0033175810354823983,0.48634891953792697,0.6770045909738864,0.011738789273916491,0.008458873976339498
E48_853,0.00603313182162142,0.018701237939516696,0.0065521277052682835,0.6178689840140743,0.8036515662932167,0.5573606512489468,0.011695154804834636,0.00012175733074530919,0.008594499850692305,0.9392248366290186,0.000978251325640252
E49_6,0.3854381744610276,0.007449845810354819,0.011651155636913433,0.002216202219722055,0.002708737264478862,0.08724460730791209,0.28547893212475595,0.2734005934360185,0.1582767791716345,0.010391312221958408,0.14305022109744803
E50_260,0.5293761506830595,0.00015794304049807968,0.001118542043922904,0.0028721044677777877,0.0008207628208138938,0.0007014361659714744,0.003959781907506772,0.5785078155941048,0.5815522926025466,0.06653188705294448,0.013830659796887131
E51_731,0.5712986525933252,0.002293424563420813,0.007718422238572782,0.0007969473714468844,0.002441143036283458,0.00020336641208096854,0.004041596387510374,0.8154206117857354,0.4744042834882296,0.02610703967171448,0.0013970534303614577
E52_983,0.52324476978116,0.00028424816102868607,0.000835708209267518,0.001642512586111266,0.003064636361010684,0.006088619052204172,0.01772618795020833,0.6539454392996288,0.5877364091850726,0.004150666595316575,0.0020412172205488944
E53_307,0.009554621287742551,0.7470629992109126,0.02423489286832345,0.004397242601519122,0.040052986245787285,0.003198758701128507,0.003002917630989223,0.01664462946940517,0.5385577165294417,0.003583683901905379,0.6888719048926387
E54_607,0.0003702266138610765,0.0076127084061376115,0.003968778751175213,0.6715841354834006,0.6744774257491697,0.8052380752979083,0.010690952530889425,0.01543038296375319,0.002407765190062447,0.7585736466304781,0.014888515137546948
E55_1465,0.5599409739269897,0.016156871873000987,0.006883368709034404,0.0023008204484868634,0.0022792189402615092,0.01606783563362302,0.00171396878183268,0.644542304472277,0.5182825313114956,0.03057138645952357,0.0072477184222077854
E56_1094,0.5473367985669353,0.0014736575007877474,0.004812262680434551,0.056393404439041506,0.0014457950570687839,0.0124175554227317,0.007564688400300067,0.6480947502800246,0.7187314680666412,0.011473581117288951,0.0011796401853392954
E57_608,0.0034534534051227288,0.5870821382402657,0.005649314490023246,0.015904714916063954,0.0015758317204120308,0.00019880037445652499,0.0024176091804550717,0.0002886358352266411,0.7299359249196539,0.0082750010625659,0.6918868827706222
E58_1248,0.593446921199829,0.0010527556098601522,0.0016935115273375156,0.0009470268391346959,0.0022909294642731695,0.0003492813745138897,0.00045226432731221175,0.6073648333928576,0.712401393561071,0.0006336589757880168,0.0016542038692717476
E59_302,0.6928671644735284,0.001104913809439359,0.003997666782939718,0.021660141461517558,0.003909595005187315,0.0027307478217409365,0.0050137038293818475,0.5827477314341433,0.4955684282057729,0.03308845181542067,0.0022921153341169593
E60_1338,0.7292680077934954,0.000829858157193361,0.0008957906952508449,0.021236476116383934,0.003912447041339995,0.000184923312779853,0.014533396954300577,0.5739065081158978,0.5665142896220356,0.010346054386835012,0.0030317576588034054
E61_842,0.37229426995029674,0.011287018074153972,0.026612233636121085,0.0006673480706597223,0.0013723626741780905,0.0007163268765582963,0.0045271072589063285,0.5553263340660505,0.6095368570411516,0.00012034912027727002,0.0070312258387876395
E62_1167,0.44879383863515837,0.013465853682483896,0.0008580558069132717,0.015022096180545775,1.8562395181227388e-05,0.006060827849789936,0.0,0.6883393756559782,0.5749301150813223,0.002019079731500723,0.0041995318775084715
E63_370,0.009950124496976742,0.0034381500755849437,0.7355357861603792,0.09233866188392839,0.6658253027676361,0.4941927160349796,0.000662591115197596,0.004039548802065991,0.0014997883460311698,0.742906311459697,0.005334759698593057
E64_588,0.0005961872178545005,0.772505262968339,0.0116007020824486,0.00019688573439667772,0.0057386820788285706,0.0007080060055926711,0.0021394884145521094,0.004370604261199758,0.6450047649187935,0.00014679870122283093,0.5272290856883282
E65_1392,0.7692116530811971,0.013804432755348806,0.0007956459944997421,0.002985119135060561,0.005697665667193853,0.0027801275261096843,0.0001552725049927338,0.581079796923898,0.4210332408723994,0.004320798406721341,0.007863522753692027
E66_1423,0.7617474801516058,0.0005241942263665533,0.0008957800917811626,0.00012491329198943525,0.018148114873054465,0.005713489113103366,0.001325728120209593,0.6198566058028,0.6006974191791286,0.007710433783530401,0.0001667756420620423
E67_1113,0.0010907040096409908,1.0,0.00292090961088883,0.01081464807069994,0.009227165474422181,0.00021359707243019375,0.001623293834870229,0.00022599076998970903,0.5993657105566808,0.002691273579790593,0.8060904673574801
E68_309,0.0006875873296972398,0.0012308951222640846,0.25542317934878184,0.4433256009229099,0.9625758308652622,0.7123331617581573,0.16749411972647027,0.0020419377474483386,0.0006683833112272296,0.6187490020570989,0.0014907713344644142
E69_1062,0.010420890657376204,0.7475920688175076,0.00010474035791572033,0.0015744682040340153,0.0275532143218776,0.002506525654473303,0.00044402537171529366,0.0017620633255563693,0.5246387844884747,0.0024444326497809208,0.5638339889389283
E70_1399,0.5521624239010454,0.000627060799323003,0.0023774811422797625,0.010121151193038828,0.004775419467375874,0.004493424601800128,0.005129255443273418,0.6720975083685025,0.4739533898036275,0.001300424035090194,0.03322383254046032
E71_1012,0.5441474745801732,0.001984974653495044,0.001253229431778166,0.007648887448246765,0.015889696329110446,0.0062701530529656,0.0013501418854754215,0.631700332676519,0.4937672124430454,0.005463055140072092,0.003710285334971665
E72_1175,0.00020599742882087158,0.813337151041908,0.00021085637203585014,3.321999973956122e-05,0.01132186949908151,0.00047926870804826903,0.0031500349030681887,0.004877283265270101,0.7051442036161653,0.016416590181580832,0.6494006145073042
E73_1298,0.5193936905590671,0.009362811876325785,0.007324174684901826,0.0034871200542730602,0.0030679327337637696,0.011290099516713266,0.012271505126719666,0.608192303026738,0.5325332229309798,0.0038268238228281143,0.004431875193946679
E74_1464,0.009116134127484393,0.05748627345195544,0.003494065442254862,0.673351751552617,0.9334964753906269,0.708639866920478,0.0030982509446026226,0.002333641667661052,0.010592097216322961,0.5352130099663818,0.006679995044171837
E75_168,0.03465961068339636,0.0036981610387306855,0.47459430864320645,0.7057743689510095,0.6292061943238546,0.5850537476915958,0.499658050625168,0.016061697386266557,0.0059733041677953475,0.7918266100972013,0.005457883963583362
E76_139,0.00011275667276648169,0.026598283524309208,0.01175628659394056,1.513440064769709e-05,0.0020722267052929112,0.00914350359303416,0.006738476459089089,0.01347341300828698,0.6191033824134445,0.000947897588567415,0.5872613198152246
E77_1313,0.0002784997320116163,0.0008522460476661283,0.014097276555307946,0.6684605729824797,0.591326112029362,0.5616922108137158,0.015679119698423855,0.0014383474781051707,0.0039368927844504195,0.8048395648471828,0.003651965389174631
E78_294,0.006464087889591228,0.6896095247286776,0.012314370840464406,0.004360297630208824,0.002106290512633818,0.0010055595654484965,0.01718241533699842,0.006095603867243461,0.4944301866825156,0.0006473114766711775,0.6291857265928925
E79_504,0.5726248384439946,0.00245693815423179,0.010108872217368253,0.004239225114698696,0.002909280045254842,0.00034480088892200955,0.008888659306716297,0.6645628611694852,0.47711261472497546,0.005475776804779745,0.004099986362304367
E80_274,0.05673544185125532,0.5488692533909911,0.0014262363542929127,0.0021329829560019597,0.005690815664027593,0.01995517299156413,0.0021915802603945686,0.007700619216797715,0.6345263383359221,0.0002913456046847699,0.7130713607214987
E81_472,0.0035534647917469827,0.8401784331833142,0.014227084837307866,0.0005645387197412835,0.007953114577003897,0.003180372176041507,0.025341698620269554,0.003443904535458821,0.6332029783608454,0.0004656606155644047,0.5821491626629481
E82_493,0.46901260154862523,0.0032425583609156615,0.001167527476618841,0.011430931979110347,0.0013624628897448302,0.013521217208227125,0.02556414109580384,0.5799406166537,0.6512706165924294,0.004962603228524519,0.0009121363074255755
E83_1327,0.4837692197667168,0.00552933673210599,0.018562995254462793,0.001707957608040026,0.0011019513457146727,0.0010376793268700075,0.008631067708167671,0.7310561085733206,0.6616200901055264,0.0020229078790005403,0.03652641897595721
E84_665,0.012277909748552392,0.7935048846293241,0.014280662750663255,0.001737140479789279,0.003410316227523283,0.01862384410152816,0.0028395801706260237,0.0064957900182755525,0.48427378168350305,0.0023004410020555336,0.5937336085773682
E85_1321,0.01979590651871511,0.8000126110617867,0.00012996672240361422,0.0025696652606108103,0.034956126242575505,0.0015289494560806484,0.006670838392860879,0.0009480069170295555,0.6262657103066194,0.005162094266678682,0.6649379403579537
E86_530,0.00249443805170239,0.8791474960567757,0.011623607308358652,0.04191506608012363,0.0219482208300222,0.00037213645699433817,0.0012107373563385918,0.0012715140285827476,0.5345774938699874,0.006283105150417069,0.5760290346482121
E87_928,0.5888590862327162,0.0021579507938593407,0.0008603543479706818,0.0043881698515183245,0.0009147277234067164,0.0020475318032845513,0.004494918980647228,0.5349563582139456,0.43088205658142703,0.0040376257922650795,0.014237218289957738
E88_19,0.15117310660589695,0.0015470371618896872,0.008515636665875292,0.0019110749871564829,0.0031808189920326086,0.1078732912330251,0.26525368095299234,0.0928517272614824,0.18284718758078977,0.0018815109995304199,0.2636898698089332
E89_22,0.2762366641525893,0.0007938859828110113,0.007458248670582187,0.001364913104587077,2.0717870243856837e-05,0.15139929001533287,0.23243460838233412,0.24588126497762403,0.2856903594764391,0.0011340714315731114,0.15394743024634416
E90_646,0.48470870445253555,0.0015516425741681295,0.000683608984370936,0.005160880943247787,0.002528671400848577,0.013856706916984053,0.008538811422072586,0.7107919953918441,0.519962836248315,0.0035042178777721046,0.004758275973201135
E91_409,0.004930857517487151,0.013176142358020832,0.6875239083367478,0.0002924105155902597,0.570680762131543,0.5167992585987086,0.0013515492091977996,0.0040109403015614175,0.001598315605947601,0.5831501680977638,0.009063036280151959
E92_823,0.529442218824171,0.0033714415093260537,0.002370312276724471,0.004123072068050192,0.0006262351880787827,0.0160014580869829,0.0033472888747375276,0.5105059412897084,0.6392119771073577,0.0006047919836517449,0.009595145813573881
E93_1121,0.504251252256245,0.0014556747983141677,0.00041346036451303736,0.018299848077416064,0.000760628233126152,0.004948771448733884,0.001926416853506922,0.5601013952993877,0.561896500528317,0.007403934817708819,0.005263751758909839
E94_1457,0.47129281556141045,0.0013962313545694655,0.0024211772473680775,0.0012711129097539848,0.0012914519089323871,0.011107296286958578,0.003886497791323546,0.6073046847694956,0.5456382298543118,0.0006740766818158361,0.003479814159213705
E95_103,0.3592918205304046,0.04789322484492372,0.006550237861021992,6.144082889293111e-05,0.002217092814808126,0.014111072163439141,0.007138338702036939,0.1758975956200231,0.40666288254678923,0.00017932276097780298,0.7194705491709739
E96_1014,0.0005781839459406075,0.01225281163551728,0.008298668192746158,0.6638019103288076,0.6787026879926125,0.7060556339191589,0.003123603021193667,0.0007569943399266114,0.0010992514191167486,0.6851952215769879,2.6164287336113062e-05
E97_714,0.5719889571670552,0.0019120196331931982,5.734924031295991e-05,0.01108842926970758,0.00024710789438652967,0.002171580135695443,0.009920128140983002,0.6313947003057373,0.824475817622625,0.0009861061138498666,0.0015921648364050401
E98_126,0.42456486939004906,0.011363105734668975,0.0010979270792522916,0.0015075059271975524,0.0021793499095120344,0.004607601213993105,5.19223349717318e-06,0.7099577939792197,0.7889250108631821,0.00010017077434431379,0.09652564567700274
E99_1101,0.5457177570263085,0.012233410345728854,0.0006349198097583883,0.01983834362431286,0.0016547555676455462,0.0015121563765189035,0.01598659408998659,0.737086211934295,0.7523970746237101,0.0016809531419517444,0.0027624184606417942
E100_953,0.005731967344121581,0.6800377859668064,0.0013131167284517696,0.0056283525708708485,0.0017462514801490326,0.0011300218794131193,0.0012544359907325023,0.0014526231808532845,0.6888359632528983,0.001850364077877288,0.6529698135058137
E101_1093,0.5666392020515629,0.002319207487003152,0.013042654429551041,0.005733310517789311,0.0011174265075932716,0.0015239663259382383,0.003986641239386696,0.7383955005395761,0.5373307874219436,0.0011188361949862277,0.01997026426078867
E102_522,0.5451641040368119,0.008175807466582035,0.01762665367571426,0.0028369752049971146,0.005794197678486517,0.022820333392580803,0.0009021828835327977,0.6173557494551484,0.6816988089947194,0.003990330893643566,0.014671007912767823
E103_1282,0.00587983491049256,0.0208079498956895,0.0032300722204912304,0.6564617086745719,0.5387223220838729,0.7156769662391902,0.04706055066194455,0.012381112336109945,0.018612909940073346,0.561103047030753,0.007006730683569647
E104_237,0.003804630669909123,0.9271468449469197,0.011245266235564043,0.0008152412553537368,0.0009417714688541709,0.024455453158691753,0.0004852867756523814,0.00040496628276959863,0.5355804577324433,0.003933993947899763,0.6668861328133945
E105_1302,0.00395136433609696,0.0015546492108189616,0.6008474720273973,0.0004015913054692544,0.6377233087153564,0.7376569929968482,0.0028426720121890467,0.0029394058715524404,0.011710576800348295,0.499797177677141,0.0030671624098519324
E106_291,0.598704633312922,0.0036675510319813193,0.0005807836015920966,0.0005610523061892046,0.008627320679192625,0.008038561833686349,0.006245654929933659,0.7934018100312918,0.44490939641891947,0.006713261551206432,0.0001117347933668451
E107_1482,0.4832784385855609,0.0038875242876923173,0.0012549011108970106,0.00896663018978245,0.05869257748112515,0.0010856754382758175,0.00502955143919033,0.669512340062206,0.7329425877279978,0.0005550381343805062,0.0034142235880797
E108_1177,0.634629732162759,0.0006408795908920624,0.002527790878373043,0.0032178031582559426,0.017881841042509464,0.0017856686990672529,0.014911055690163755,0.8267329911744854,0.6300431839017389,0.0009735984321158789,0.001520662192239597
E109_626,0.42138956526388754,0.04640101782784477,0.022276860474616075,0.01667366698552408,0.006483376857361015,0.000587225675427805,0.0011069562435518387,0.7634581599197648,0.8184695342083991,0.001092850722654679,0.0009278303061159013
E110_1376,0.004329551161637379,0.7207714365323181,0.0006923126514226514,0.022566157246911845,4.2379158586190894e-05,0.004082881104571639,0.005432083434187231,0.049780559171878055,0.661623598328857,0.016530781245999257,0.6343566923601534
E111_837,0.510467741036263,0.00350100440048625,0.0009601039603522025,0.0031011053765790564,0.011859005581300574,0.0025019825957838114,0.001103764623543784,0.5771744116537127,0.6611393282842831,0.002996824118604277,0.0009571936207841393
E112_978,0.5075669726093553,0.007203094577586934,0.0008488974975366403,0.021208590327545948,0.012435208190790732,0.0037813644971698506,0.034340268330237456,0.4122566348580959,0.4733864709920859,0.004700251912849,0.03193585154997994
E113_47,0.5047310334541794,0.006199591288731982,0.004090561929627797,0.01651859027854004,0.015335907406512951,0.013065198964519735,0.009537108423990194,0.5499311645399398,0.498953578484576,0.0015133348557063078,0.2995979414228909
E114_1276,0.5022590628670975,0.0005744590499082277,0.0019828452857679705,0.0002373290981825143,0.002130361120158512,0.001349945888449456,0.004639175470960742,0.6277711750187669,0.510798014393608,0.01507920992901526,0.0028107770463708113
E115_211,0.12338818337512196,0.0019295504565964392,0.0009580220286557243,0.0030992279437244046,0.00231449274917259,0.015455669776970426,0.005148349444887023,0.33232489781444546,0.6445118298037434,0.00390777286169672,0.0013627115477731844
E116_1200,0.001206758225508633,0.8266488514131496,0.008596765343837205,0.009919426694870705,0.017366629095049456,0.0007873044175908791,0.003145672139796764,0.0009854932598476669,0.5731111813125449,0.00020524580067413052,0.5930737477472804
E117_1022,0.00105487994558158,0.7030614698264472,0.028419630157636322,0.018911543061763396,0.0016686592839238476,0.00020556090044368636,0.009156347325860808,0.0008825008983996259,0.6294026900952733,0.01142548088067064,0.5240783786943264
E118_943,0.6283380255070777,0.013268656171713947,0.0020877427867819352,0.004405788322024574,0.006110052923077014,0.0001720410617211023,0.0015147203276292202,0.7501736814766689,0.5623539458213691,0.00479174287763218,0.009090923964278895
E119_1045,0.6165996487329332,0.0023699177555502986,0.014156819126703517,0.0014687716130187005,1.7266207267651017e-05,0.009111781891097038,0.00679039695058886,0.6555464251617059,0.5333003468310922,0.005229228435091088,0.0003989360735152693
E120_634,0.005308930674941888,0.018715261567394014,0.002022867790235851,0.7468737634489011,0.6912050099820368,0.694320705580886,0.00751338412188786,0.0013081640678247214,0.0017183441424823195,0.7536937755504259,0.002931807100550826
E121_1064,0.000160142532325219,0.0066114541148461345,0.00468932022367989,0.6186836685846517,0.7043325079694132,0.5788829676899772,0.0031249964581142363,0.005080952625329919,0.0027576656908749712,0.7693829102872735,0.0032183689566215286
E122_1365,0.006052862015007219,0.9153388159504329,0.002002947570414938,0.000271524973959777,0.005954424090270249,0.004064694850765511,0.005752016267637879,0.007166220461749441,0.6790439480991938,0.023351808812114447,0.49936092748852107
E123_1206,0.0005793047433860719,0.7211354716531257,0.0038455479515807425,0.017254161137943223,0.003111767640092414,0.007169796640709351,0.006764823979010013,0.00011951021263802584,0.6605267715519729,0.0010410603057770546,0.5857664650253219
E124_601,0.4574455614782712,0.0018686131802171566,0.0005401100942479997,0.002931011675117005,0.0028799735724717246,0.004181598236278785,0.0016083012262153578,0.6459044418418629,0.617666177472679,0.010540402226090451,0.0016766339416331227
E125_1228,0.009439861201118201,0.6596480409189284,0.01182057491295603,0.002569771349464589,0.0007770706894369295,0.0005411223829496278,0.030184796383806646,0.010161937482668295,0.6023706272388258,0.023710737630719424,0.5413038287676308
E126_1253,7.026495069966511e-05,0.6650597119551223,0.000520802879268705,0.006480879669911516,0.010137322453121095,0.0013263548254965581,0.0017592956058147904,0.0019562916335495277,0.5403934416436011,0.00562837008350393,0.7027411476422297
E127_331,0.5573350276866887,0.012450542133642844,0.00016178097794533594,0.0034722593088321995,0.00016560272381663257,0.000865022831017183,0.0024468529083244484,0.7143146883319189,0.4824350971802733,0.002592614953848376,0.0018924048373103
E128_312,0.39866707202130985,0.008189733623642783,0.023441676453413475,0.001904156429428501,0.00017819636298513103,0.004298331460827969,0.006625499439756805,0.7270029786210269,1.0,0.0022693039728992007,0.00010764771749357044
E129_102,0.32718732665054234,0.28673562900840055,0.031627460456687066,0.0011135529250848267,0.003272801091333675,0.0007649667465470401,0.005938346288277336,0.33275498407675885,0.7107524267932308,0.002485877610499213,0.5900654459275192
E130_1234,0.47302338319591214,0.009568622789014478,0.00017406163755837568,0.0014729359974452398,0.002512684291318909,0.0027172822365804914,0.02620896007946793,0.7664082978119964,0.5692300839501949,0.0028032658833538502,0.008203249817838003
E131_450,0.0037787040811971618,0.4939974620518669,0.006351916660450946,0.02287625752617289,0.0011974677535522228,0.0008997599284409284,0.02330387126586767,0.0015166234029429428,0.602505095878173,0.017099319188357335,0.5344738675442264
E132_234,0.0028593169772545856,0.002272347629720869,0.0211059364247283,0.5246680333898213,0.7310309639091825,0.5953698320456012,0.06178345131505614,0.31611722570802064,0.00385887612677728,0.5690506377198634,0.005445412048980287
E133_1072,0.6443497787817618,0.0012961792569845603,0.014399425136834856,0.020458936017165228,0.009358762043033464,0.006483291978728227,0.006779609208963232,0.6231061100906254,0.4877956473284714,0.003767088706144016,0.027157070949696698
E134_400,0.40634372710692346,0.014712637339338778,0.022357033771674972,0.004383039456000139,0.0009676736738101857,0.002233606489512119,0.0026741113536247803,0.7042556759220802,0.6276469428598231,0.0020600938860422407,0.015134273600121413
E135_913,0.4992702225552471,0.02281253012064918,0.005677839219726339,0.008198040471014682,0.00024828102381167116,0.000538674943224339,0.00024476448081150673,0.8451515721089992,0.6657915190510519,0.01725282974413953,0.008436733192799572
E136_136,0.45579815550995684,0.5533400722193957,0.003886647087826152,0.0032592204671763104,0.003439274509513037,0.0515251560575959,0.010421294029892824,0.651819587739147,0.47994108439404726,0.00962544755398584,0.45580825640565387
E137_576,0.00529594767029083,0.00983155395925659,0.815304907261743,0.013115440700456001,0.5551979798997492,0.7155114372167607,0.0046691867989393605,0.0020381339409753594,0.0005310233770397665,0.5265731265443542,9.793836524888456e-05
E138_45,0.5787434000886035,0.009217099550810758,0.004372495948944442,0.0013196285774983935,0.008680088412935678,0.01156060771889772,0.00440740245712194,0.6166673700385885,0.629205962554279,0.004376384177723158,0.6868365993382939
E139_705,0.5683992454522588,0.004076060523183869,0.0015411665846877915,0.000320190877756758,0.02151056681021478,0.03702472716631756,0.000916346111519979,0.4974447965271059,0.7485332721402027,0.004200523360330285,0.01730875643154308
E140_1138,0.5339606520967652,0.001130483479993314,0.0010889905667172694,0.000991250224487071,0.0009837348765670186,0.003584233437270896,0.011036724330796395,0.6538086286194388,0.5263208705486326,0.003985765317671609,0.0024413195539617484
E141_446,0.6778453060322348,0.006267292612350433,0.011367807734614137,0.007933259353166392,0.0017680916780851378,0.005304967647449057,0.0001034475193646523,0.7314579161065274,0.49421584622292064,0.0016078554335666466,0.0021044549650151693
E142_1249,2.1494452156231566e-05,0.7244517612969193,0.00037227142177141616,0.00048334159068955573,0.0021807752339029385,7.744046041613845e-05,0.0040222575817517375,0.005838129203184829,0.5763713061630947,0.003158674429201731,0.5405694234498898
E143_352,2.9911700841734536e-05,0.7814620936142405,0.0007966962707940763,0.007664318578662517,0.031241395647045422,0.004222589643693426,0.009228645046396592,0.0005185986404770068,0.47681819813413534,0.0024359636655081674,0.4458385108409239
E144_417,0.0007839801769012546,0.7701379830126523,0.0003598477177591566,0.0006118126061458661,0.004995472999946735,0.0019751091121817457,0.00393602053669029,0.011165594764295707,0.6742127222062341,0.004022000662890079,0.5367436040129386
E145_62,0.23948910499410167,0.029450699470403366,0.018949220359538617,6.140803952090926e-05,0.008306361990518438,0.0009744358695009281,0.034333466211242974,0.29946400970408443,0.46436100399840674,0.03662151134935659,0.556809150545949
E146_1140,0.0014353166716391693,0.01027612957402457,0.7268763762339753,0.00023271002604447993,0.5755074995801325,0.7854230529045613,0.0009524382970271444,0.06325251610493401,0.0064370939827082824,0.7415791982249353,0.002360252729304556
E147_509,0.005259051447970069,0.0023646732960480345,0.5764397257175103,0.011345539361482049,0.8197467948211361,0.7228529941999456,0.0018981995971504594,0.0005672586647588701,0.009861270517929916,0.5000937642442577,0.009500249797829288
E148_709,0.5239589813454103,0.022305182562820845,0.00031166115207361794,0.02101631856982072,0.0016062854107313361,0.024364226172599656,0.006595841881812469,0.6395787226528208,0.5284363390703749,0.008641214361311836,0.00045265814753075214
E149_11,0.23058241500927343,0.009089160454805048,0.0027142817130022786,0.0014178282289910322,0.006770636309835236,0.0617973024622654,0.1878427252612489,0.14949281721472674,0.2952030303124316,0.019975516181745305,0.22759904275804982
E150_95,0.004630257861799602,0.0041943886693100695,0.06629236976462125,0.04191567514568469,0.05740941041596635,0.6188030987742242,0.6142076612949516,0.0391182763448429,0.01547442274949407,0.03542670793546627,0.0025212793734684436
E151_249,0.004922990251199061,0.011190952039050177,0.5464719777092474,0.025184635296684826,0.8547483237137825,0.6273258663084567,0.07140856643437682,0.3480684620155144,0.009627472561332466,0.6841111709972798,0.0009374583690350538
E152_673,0.6700327493172025,0.0008654640477765212,0.01307347591133682,0.007597283863640066,0.00016813561048261612,0.013236411733577166,0.0019133906383877128,0.6874986772762016,0.667215129403673,0.009039730387413273,0.0034760312886305683
E153_1170,0.6201860711225989,0.007337260151315436,0.0026396673728784083,0.0061826269203458855,0.0018512636281158511,0.011955278235170664,0.0004506724906149652,0.7471703020206264,0.35499337664863456,9.866646143929551e-05,0.02312524441733489
E154_656,0.5373481537518311,0.005556165448938498,0.0012817633185964478,0.006947035409675267,0.0022238837275074426,0.002111397174965242,0.002516713148593642,0.705193053735732,0.5271599223648175,0.00123748196826479,0.009507110078681798
E155_402,0.011815676759881062,0.6641082365737461,0.0032925710337922136,0.0007541596888884616,0.00015287152222930768,0.0049375087202905505,0.002626384693414727,0.02634756457006014,0.519050770150266,0.010532323566133763,0.6323837164069884
E156_1165,0.015413340321630551,0.013164152012032642,0.43185451885293563,0.011794275015336716,0.6638421239174888,0.5518062366160897,0.0019389771076012933,2.4303815112417034e-05,0.005391840246430233,0.545157959274257,0.0014265290470852619
E157_1326,0.6410307083799354,0.00824143232417887,0.0006931089434990183,0.0023934108330048807,0.002817555257046122,0.00786027465752787,0.001340512011329331,0.7120463545094186,0.7805711849742341,0.004398361055845369,0.004257470588500518
E158_544,0.005837754090636301,0.002469715851439509,0.002270884418819885,0.6567373783279085,0.8472639192780631,0.5338644382981619,0.007304669914671884,0.043009329221644056,2.2191523328589026e-05,0.7545454627531857,0.002404064944978067
E159_478,0.6840013820941397,0.00023608306593110955,0.0030768910463774665,0.001811855307594703,0.0007275527445260699,0.0004810962330047128,0.0032839248979423183,0.6443357238896542,0.58893506042645,0.006145429916735042,0.003333537162474806
E160_269,0.7215046309605326,0.0006628310754266669,0.003209482513963328,0.0004968466651633196,0.010864244650049544,0.0011380661047586602,0.0006347386229452554,0.7590217592602996,0.5528937604404813,0.0026369591730095896,0.08379942021789608
E161_1482,0.4727301565203084,0.0043198888053169225,0.0032941143262409643,0.0021396943609420585,0.01225923205270938,0.0021508375728724444,0.02043782253376905,0.7919331000351186,0.7042148533265862,0.00582506449153826,0.004086244588383321
E162_1416,0.5159940269717982,4.3172581048849944e-05,0.0003008432374957844,0.0001953529427660827,0.00273895663667762,0.0072375837869270016,0.001464885383451048,0.7679623600664575,0.7257612766595223,0.009840615364342702,5.2751176251851544e-05
E163_295,0.003687573571555056,0.5370519996227835,0.01585702649560544,0.02546167851751237,0.005416838237978427,0.0012125950734849338,4.940725073992935e-06,0.006749753544461861,0.5306427508003981,0.009874239050849344,0.624212735804218
E164_458,0.6247262929930143,0.002190772301061537,0.006231469170033352,0.0006098995901293528,0.0020140334208854564,0.00795028558061807,0.002581300121337943,0.5989296012139999,0.6019038319301186,0.006124396280992164,0.0033440897501456016
E165_187,0.0006167810934636484,0.34354404125137084,0.0021873538185107153,0.00010145460566851788,0.00943384468581488,0.00024399459786304041,0.00011600917419834644,0.008561003832700972,0.29035268112425694,0.008393045148679197,0.2724405374445265
E166_1062,0.6026773951883706,0.0003773496233716985,0.00542399580964805,0.002700584834273709,0.0011160597968222592,0.00442116068632119,0.0013655189527074726,0.6302022222853135,0.6419081852782568,0.007836046251522389,0.0013712411987529946
E167_1095,0.5506889296926945,0.0006610852091747198,0.05261845450741574,0.0002773237480372312,0.05753225934578491,0.028311691398944395,0.001448081928894116,0.6719318274490216,0.6140960288760067,0.021541117250820075,0.0006935951767696908
E168_205,0.41190650471854284,0.011401172426377582,0.005750285378942175,0.0017767540580335178,0.0024793632806513885,0.04130118625873412,0.019136425148791887,0.7479861373684104,0.6968659725749787,0.003834097003035466,0.00022389668746295008
E169_1403,0.5034320426743267,0.0003330650382653503,0.0002588035114646075,0.018621438049511985,0.00014920302231966208,0.002135500607845624,0.014248537823876046,0.7326921380741986,0.6070004457120497,0.0020028910585674613,0.005987442125511477
E170_1007,0.004472448734543719,0.009208878693452858,0.6626034853256053,0.0057378324172691775,0.5608766699544816,0.6371313210004441,0.01791598585144911,0.003477770776784851,0.010079715709900718,0.4874011767330265,0.001200573840910292
E171_208,0.468978022937024,0.0022907610964279794,0.0332356663566326,0.011590496110070375,0.003715262857804839,0.0015949257727217554,0.0028484692938674496,0.6182399189257819,0.6536786699789601,0.008358291571363257,0.0006696164466338405
E172_446,0.0031313967448486696,0.7563254206834085,6.137984717521341e-05,0.003995820468684746,0.013258940125273047,0.006017966650204601,0.0035547025169721095,0.012471519528465256,0.6988339891633282,0.0006729446650521915,0.7661117595750636
E173_988,0.5521689774808639,0.011586779547906195,0.0006253745266133034,0.008181168868128552,0.014653099742082575,0.00010025287724802352,0.005345178724010551,0.851418660013453,0.5404325388975416,0.0026496121076130205,0.005791802510370724
E174_558,0.006446443262572895,0.606116438809762,0.005085813553536416,0.0037607523622918007,0.004622341160582376,0.02150006508706298,0.0003392198694107174,0.0072768353826351325,0.5957095491632579,0.0022353599081078087,0.6255841307006412
E175_655,0.5907423906410258,0.0003200253279555341,0.013238398433408367,0.005316389181256999,0.0014086071787604527,0.004211345397050559,3.127461468294477e-05,0.6442838437338447,0.5973367235562764,0.002070394776837574,0.004876604271982752
E176_135,0.5697399511964344,0.0002646783220418074,0.006517283273722521,0.013492422754355303,0.002713997361131625,0.6389859082328256,0.5712131364318006,0.5388806338604534,0.09804061888082526,0.009601262261055978,0.07366743825141041
E177_421,0.0023490666045807387,0.0057743613746905195,0.002726714523766761,0.5447182621545203,0.5100123034424618,0.4809269372965405,0.15698669518569133,0.5057682045844194,0.008183449724053632,0.5084574104579633,0.0002170381304319821
E178_1096,0.39050076950873214,0.011343503333362629,0.004369111143606962,0.0,0.0013033687165329062,0.01007687997250568,0.01742683442900763,0.7940434317900513,0.6918528787440892,0.0022616228450771793,0.007737862686915336
E179_1473,0.5089923009384076,0.006479017915675559,0.006596968245798216,0.006437964166884559,0.0053138732470442455,0.006665859621898212,0.00024001210074789484,0.43935506830849236,0.5520819737798276,0.00012749457012088268,0.021512485053829824
E180_71,0.09359430688374554,0.01043183774228239,0.007568440573382766,0.0014923593831155074,0.0023953861596064372,0.018403332722390385,0.0335296436001794,0.1160920974053308,0.5042738643004395,0.003136965897615223,0.5769457022235752
E181_15,0.34037398810144565,0.006581629240858521,0.0011824838030044904,0.0026248427551138886,0.0006749483594009104,0.06340236841575819,0.31120974613796054,0.16514589304192498,0.3424777247052752,0.0034462188641778426,0.14527241829640794
E182_811,0.6113962890526874,0.00020664576032074173,0.00012520832616606258,0.0013986514927942775,0.0012664713499813992,0.000978718592464588,0.005590311713094333,0.7197723474948831,0.6066552172562059,0.0063360593130553314,0.0033812664034689713
E183_1003,0.6513905823100004,0.008463466615153126,0.006769937256631013,0.0012479647255586174,0.002286032966572737,0.0031361571581442313,0.0013922633982388641,0.576772179998884,0.6421735280546343,0.0006906900408536533,0.004427465581918237
E184_1348,0.011653785416702079,0.014323905315756972,0.0016033336658239858,0.5882902876624033,0.5215724224410946,0.42950364811823954,0.0010491626396596499,0.03474624479923326,0.0004795959366964255,0.7353323598060298,0.013245291946882131
E185_769,0.003494930065233332,0.730165134442182,0.03730969345217696,0.0025749618023103125,0.008221501421889332,0.0020048900718629583,0.002036637633744488,0.0013343237513972128,0.5401485853467181,0.0003025853508917764,0.6156453342026
E186_707,0.5327168069397598,0.004136161584582089,0.006065377622399786,0.0042040323037011405,0.00455414717829709,0.005885303208832008,0.04099936354534989,0.6772507835095485,0.6557824516189807,0.005798028717048273,0.00018621999012939576
E187_1002,0.003701826345602172,0.9095845355645138,0.0013960596919670497,0.009185855951147915,0.0015260962585797835,0.0009628344319402096,0.01267324045334854,0.0043116893493803645,0.7242173660167236,0.00560146562589855,0.6620481734675618
E188_535,0.003244653683391372,0.0005853313026181337,0.6236971340279924,0.00759327374247809,0.6842561342126615,0.7126405498750644,0.02550224302854958,0.0010874466753861215,0.02134389453029543,0.48900477835596,0.014692590720412492
E189_638,0.46090288242698796,0.005130367306236192,0.0028810026741990405,5.9182927687536355e-06,0.02638668692694778,0.00021575502940469793,0.019759992837973583,0.7844783158238444,0.520059839449099,0.010240790257977219,9.650143329409111e-05
E190_1162,0.0003222338907622438,0.619804113501367,0.0006311133861222515,0.012691706682421257,0.006821344714909115,0.0010233851072876479,0.013188023894926772,0.0005566225328884245,0.5567573526389158,0.040261346812885186,0.7703151060405822
E191_1324,0.0024815321090093014,0.016479311195390662,0.0017031589941788176,0.6751507983524652,0.7723759858995094,0.7329144378028349,0.008876758373335509,0.005196410213774073,0.015173857370167125,0.45525349107980095,0.00498262914451763
E192_7,0.3719186209748534,0.0030096792118760015,4.8053887853872036e-05,0.005869648239445484,0.01307046281482889,0.12646573416372117,0.19745083313558914,0.2437592366439361,0.13496502416200848,0.0012775786690637724,0.21917478529683207
E193_1328,0.38849328369869535,0.005137652527850826,0.001741151338843915,0.001281215017680955,0.020959941374574798,0.0025427361199058243,0.0013238859649873777,0.6583628585938869,0.5736344314000238,0.00030645532124278424,0.0011350785003289004
E194_574,0.008328566767711706,0.7741491029090084,0.011182315129275465,0.0015678059093134833,0.009832631389430592,0.002946223169884126,0.019031635013633027,0.01606415630899322,0.6198217644351909,0.0003460293027349777,0.6683328871138532
E195_312,0.4648177033135465,0.005437086518470891,0.0011124854342225152,0.0008530025886025624,0.00057029514665428,0.001799416010183618,0.0008718266928626678,0.5088319313161017,0.5240390508893679,0.0029312801704591083,0.0003018282846107887
E196_954,0.5065978954731688,0.018091863189104076,0.004201493247702897,0.0001272009572259206,0.012953531089774801,0.0009934351125153932,0.003488282399542801,0.7226170907396166,0.6085543452443464,0.0018288438698624847,0.01496062962317057
E197_1124,6.502997864668888e-05,0.7927835334997974,0.0205965800891445,0.0013462080240034735,0.0054363590987078925,0.003784016339884169,0.0003079724917988405,0.0002592944784427694,0.513129715574845,8.936473728502811e-05,0.8595043483003943
E198_1163,0.0006288405065629127,0.4601348139064859,0.05110725197033191,0.008966258019750189,0.007495150912729379,0.0013066977332806381,0.0018825665935331198,0.0007286209408080786,0.5104564258798296,0.011190837615992077,0.5639375317488913
E199_924,0.5702830352543033,0.8334615394659953,0.0012501688310262527,0.01865388792784276,0.00020003610419727581,0.004409416619063966,0.01060127068889499,0.005715931542162201,0.6022407344264012,0.0043474086561007454,0.5584483493009281
E200_1233,0.5516521121742735,0.026056751784242275,0.0007137381872044345,0.002567006828307994,0.010191919776374306,0.004762372146271125,0.0016384437531099365,0.8987913361217467,0.5300892571841901,2.735408231168246e-05,0.010277148661393783
E201_873,0.003877554857579843,0.608365146152747,0.012072789116298333,0.00010846213432408946,0.00016690799714563212,0.0005447990185529959,0.000970405888821021,0.00029054686010603287,0.5968427013919446,0.010502311351935422,0.6072976331112437
E202_228,0.41510269112105946,0.0035608858607831194,0.0035338625648865633,0.0007408262486781863,0.048046414816313,0.004568717592124016,7.268662351672886e-05,0.5087624853183408,0.6242928882361249,0.006537732057319722,0.0015917257848591033
E203_1131,0.0002604278170622475,0.00353762208088591,0.011826330863837574,0.6274219516445808,0.5940684881105156,0.6653655452154733,0.028056209971514586,0.01521287760684108,0.005294785103085565,0.7262730227214793,0.0018972147426388945
E204_64,0.4612017864050695,0.0002123528901934692,9.64748505050293e-05,0.0038728096366338347,0.0014263851977121028,0.006898994816985348,0.0005151617624249717,0.6360697078577855,0.6349111272701369,0.0031545155018488373,0.47357946553596225
E205_136,0.6670121973179588,0.0007315552847409224,0.0008818914070466096,0.015080113778994379,0.001097042834792412,0.009735033083608175,0.017693832667960506,0.5427822674227216,0.68893136021489,0.0012499273317934593,0.1052287158624814
E206_487,0.008411932957668107,0.8432606305296929,0.004594402685069225,0.016400091604756566,0.00859519180999171,0.009633105558908353,0.0034539074708677645,0.0018941473881865759,0.5681800829042543,0.010089567013884035,0.5799348890494302
E207_77,0.006339699967899265,0.004379675135202391,0.0070294443507537855,0.0037782592884583314,0.0008922946357709907,0.44066593571040086,0.6223697135544543,0.01645269303032025,0.02395870447462682,0.004491647979058759,0.005683899016216843
E208_1005,0.6649790474167161,0.006031106140334294,0.0016179792385065737,0.005191390157950713,0.003870335325319693,0.0001756487080496035,0.0024330478145804533,0.7960896162792457,0.6516848096095021,0.002937637531655145,0.006963227479394203
E209_936,0.0044316679867635435,0.0022883836990715304,0.8296910408285116,0.005378487120732078,0.7154834669548288,0.7480018973134104,0.004040303181486666,0.004454128933687006,0.005448836828355331,0.46762010444230334,0.0033099673965018583
E210_1312,0.8062827880600255,0.03488582962428283,0.0007682576288573252,0.00038522008383635244,0.0042221607452987715,0.015548782474180883,0.006271874071295568,0.5857501567081709,0.5168287078709586,0.00019654196982215417,0.004470079512369735
E211_774,0.001633648907128482,0.0028842356551907872,0.6398969919092778,0.049361283556092324,0.5835088192225034,0.5156838834890503,0.0031895377912751002,0.007468425534710785,0.0011090382187239262,0.5442304851180386,0.011431350271448286
E212_502,0.5456106384485965,0.0007545354836120162,0.023115212189595866,0.001696890032872414,0.00011425172052197462,0.0044823022167333896,0.011692902049013463,0.6369553220717417,0.42305940979641943,0.008129801781458366,0.009684742776425226
E213_1429,0.010140731733977252,0.6487468490552548,0.0004362627561842417,0.001709522296408596,0.0076997368938932845,0.010333169567792191,0.0019346875854473623,0.0023286360265538627,0.6027756491564427,0.022045629621093722,0.6639516771515731
E214_889,0.004792155520290323,0.5911607788035121,0.010172962999821214,0.00658987650276677,0.008916932250918438,4.094721188919282e-05,0.0058082772346655515,0.0015477408202126265,0.6096295380963327,0.0006770374871853487,0.689584729449628
E215_1410,0.00888846146985452,0.6441454863929204,0.018423780614280277,0.012227961641314488,0.01398809076277523,0.0013227709377940616,0.004581237891496529,0.00022113773886231722,0.5896899085158515,0.001468853714220693,0.5734983879166764
E216_599,0.7246818521076301,0.006718685895803194,0.0012328777467320825,0.004253082755252393,0.008098883302958956,0.01823998235346566,0.001625659596122589,0.7581485862377568,0.7345611511089384,0.006691828745774053,0.0028279748296999685
E217_1452,0.0005728408840121429,0.5838069760699459,0.001108807001046861,0.0025089072324725797,0.0016234713626083568,0.00011383890942475831,0.0029523567565343575,0.012247755598516983,0.5365458699457634,0.01042723177922043,0.5610495625979336
E218_692,0.5213200842793093,0.03362664289627863,0.004120591994974652,0.003971021956593509,0.002778804785951725,0.0017582909582784523,0.006126178108462897,0.7062744725310633,0.5871396673328206,0.011694919798845524,0.024641813796139066
E219_350,0.0012237364817519836,0.42677527080275457,3.672511123677436e-05,0.0025936529064625614,0.004167309115266984,0.010295027996062652,0.010631693819562173,0.03329133003866218,0.5213772948276808,0.0037755845008068042,0.5393923566170763
E220_959,0.5840373314094701,0.007657120880295323,0.008827677552096347,0.0038022756985687223,8.221178773909948e-05,0.001868357682889381,0.0021329832461584957,0.6162926437070319,0.570519912660433,0.003281546769860713,0.02165210413765583
E221_870,0.020717878133486488,0.00012073793974188693,0.6679537139036763,0.04821264514619857,0.5541695957602029,0.6051484613920523,0.014196608495331152,1.75503294657561e-05,0.0008878463286659284,0.573135172991839,0.01624765119619699
E222_1399,0.5049261673771,0.004749375223748877,0.001397086820488258,0.021796232159495322,0.007307564320370691,0.011196529648378252,0.030766517389028022,0.7653755956115635,0.7913568861916742,7.561413701208009e-05,0.0008288281798640587
E223_1200,0.5157116503229181,0.00022714575909802204,0.000588504224338515,0.0003665223514905781,0.030901250309836925,0.005674804177304593,0.00042318824743539267,0.5590705064722906,0.6466619707307691,0.0014857295866290816,0.032128900795557774
E224_414,0.43857493234624456,0.0028482684104133536,0.0033686556922611047,3.123060715106088e-05,0.0027781436506850625,0.016586018165563078,0.0013859249063797657,0.7260115720163781,0.594085147712277,0.001990939332738507,0.009390228904462132
E225_1142,0.002820994657864945,0.0004949325671199656,0.7083052545741109,0.0019516520511057274,0.7190392683691774,0.6676521683062665,0.00357844612155007,0.010905782402480432,0.0018442293783987526,0.5516393757213426,0.010537929924132439
E226_612,0.0034175289675006416,0.5631379041559244,0.025082271712902914,0.0032907377383444045,0.013879255406733668,0.004119042392566294,0.008461152081327453,0.023497160596585825,0.4911139726499621,0.019386197433382713,0.6840683025822093
E227_1358,0.4753150533269759,9.184722837462339e-05,0.002043767665284782,0.007813908224611772,0.0013594168454968102,0.0015027674740685573,0.028994344023796737,0.7073298833248345,0.5555182964070681,0.006438666271225703,0.00909200895818136
E228_903,0.0009075475625298242,0.007624450045855672,0.018550236324213088,0.4557964508561059,0.6182388676533277,0.8122955557750335,0.015229806436594369,0.006569489218457352,0.01928146610305804,0.7573948692224682,0.018286771153493295
E229_1149,0.616894270597634,0.0006500490883671815,0.0014053226168880444,0.001773364363861466,0.004595718631168832,5.888454801170862e-05,0.0022259239684320853,0.7885883089482496,0.510450368870326,0.00500222028565484,9.933092344927558e-05
E230_851,0.00022186544036850204,0.7259280022729079,0.00819083739202653,0.0009591999519688989,0.0018012546568111501,0.0005929292222310713,0.00011653091368285204,0.006678458425436031,0.6904916109152408,0.009153340323642147,0.5721170099604103
E231_689,0.0001675231253794899,0.946675558993015,0.0006660437635351557,0.004421965785964599,0.009760045735748847,0.0009686906081945106,0.0013868409595566799,0.005441327567404933,0.525693236472356,0.0024208835464373238,0.5934892724486238
E232_404,0.009044811598236665,0.0001572424091294691,0.45861763678869844,0.04602894096966748,0.8915651617666494,0.8407501566004327,0.01190502427353537,0.002853923736695606,0.002038600851214888,0.8475400433070102,0.0014054348943919788
E233_214,0.6096781446689621,0.0018394165276607738,0.006655013132941377,0.006460239744361441,0.018930002068427872,0.0015973916728192442,0.004427506707334279,0.62381490091214,0.8191593548423817,0.0006893662290307492,0.06979652770952106
E234_926,0.003348463924734704,0.0069928257594792645,0.6230695488270146,0.0004377915128729785,0.7039889740396829,0.5709941395113439,0.0010776493410190535,0.011688057332659782,0.008427823551180807,0.5730477727741423,0.0005362962050550611
E235_882,0.005415155832964832,0.6312261783121543,0.002486125465938898,0.010165307037297231,0.0003706225360511162,0.00015253769490814126,0.013173540443367352,0.0007110900032473331,0.584752730952126,0.01382832287706955,0.5647531557044762
E236_1060,0.54737298488944,0.5722339297457031,0.007355831520584758,0.0012006067366109041,0.0064123944509798135,0.0019758818272784954,0.002506480110129854,0.035666721679772063,0.4734113612127046,0.0020552684551688478,0.610050503835128
E237_166,0.00036950692226791066,0.002016922847525409,0.5378875347034088,0.6161881031925118,0.532968142172134,0.6479705137738428,0.6968922409840204,0.0012255338322756564,0.0008919807906200545,0.7808340737484494,0.0021096677849358416
E238_467,0.003985172260651879,0.6581688523347097,0.017782388006240383,0.013709633962025439,0.0053720881714000735,0.004344054510493229,0.008000936546860269,0.005857211194503349,0.622198813450599,0.006740296586414923,0.6025784426391858
E239_915,0.4742040996327727,0.005160703439299439,0.004308134590372733,0.001500425655912123,0.004384844084949651,0.01763497789885656,0.01891188393395512,0.7710049426601684,0.5751025472607769,0.001223401158200078,0.013802474120653298
E240_795,0.55769908882381,0.0035968119487726096,0.0081639342468711,0.00048422490735050366,0.0028641036945244542,0.014080510895052285,0.022220596979864282,0.7710663615856572,0.6638221054582404,0.00400038320893046,0.00407096604223535
E241_623,0.0005486017087868547,0.8030242147980551,0.0006032033506194187,9.273370367183656e-05,0.0022501607538008323,0.046795543041152486,0.0028259295790366277,0.006114816122868912,0.4559268990464783,0.018657368775972457,0.7882386470283
E242_703,0.008302743912992303,0.0028624189385715025,0.004120078950329575,0.5772135330020318,0.6914318587676991,0.5537343928706355,0.00033209303473923617,0.005567132018771484,0.0014075000747375184,0.6286020337560231,0.0057280123031417645
E243_892,0.006114834843298843,0.004196525156011699,0.5836628057216172,0.0015419278246110548,0.8553573864553209,0.6020733913708203,0.00382267205085953,0.0016516334406625687,0.015071155732487261,0.5309003437063848,0.002158868609781793
E244_834,5.525657603129487e-05,0.6163853227142029,0.005587213445250555,0.0020311528232541676,0.007038632266295862,0.0012676707695792446,0.0018611395590742805,0.00014172580045101414,0.7149818669367931,0.001251367808242153,0.6144896586206842
E245_498,0.5523768762242577,0.006425682817130428,0.004418132432837155,0.006356726068760602,2.545462924478829e-05,0.022134963827332176,0.0041985073418574406,0.550169515925419,0.7301233730897784,0.02585749424284351,0.0005742244465506858
E246_588,0.007403000509954795,0.621165848131372,0.02527217695725469,0.020168897355434028,0.00047698763020407247,0.005624285342161318,0.0222583007266071,0.010010703159329554,0.6564711446984555,0.017670443678378674,0.6311757997701363
E247_214,0.0005324403976135055,0.7049455699179306,0.000513256340483725,0.016191249348716193,0.00023527708636076768,0.0031983786771931457,0.020537243833247315,0.007549059466203462,0.6010183509849609,0.008507817109315674,0.5045024864493495
E248_391,0.6048016617251828,0.00269854028726448,0.01166840628557763,0.0064138807188471435,0.00045711970591006974,0.009133843868235526,0.002434289036603471,0.9254364289340062,0.4702750994188753,0.003117982357121937,0.007202237299443306
E249_1044,0.001716523519817256,0.0014304643199732848,0.7050415917716822,0.006839187583845561,0.6818886705916692,0.7731154511771227,0.0015672702792301632,0.0005894800265303408,0.0008682700793195876,0.7023185175842493,0.008038849891795036
E250_651,0.45637433245183545,0.0068949163416744275,0.0006342848453206443,0.0031576504068719868,0.00043913508925694147,0.0011781098284090888,0.011680222924461055,0.8669434236547929,0.7635476967877493,0.0007996217749634018,0.008496766093724715
E251_1376,0.42509763175973564,0.050641105382388196,0.000888858459504408,0.0022544628826080223,0.00399565635660526,0.007308162781316513,6.594832751352448e-05,0.6127656907109591,0.5391237649125707,0.0007365944619379966,0.001430890533207589
E252_1208,0.0018861361847635997,0.007567388916503726,0.0013323670373135835,0.6389742789310111,0.41175636525561177,0.7306852161897738,0.006733952544315066,0.0006005690325905289,0.016692627016128614,0.7272411161930571,0.001228567425997598
E253_1188,0.021519193709281622,0.7679542662769194,0.00288696170275725,0.007756931622096637,0.004549561722456225,0.017033628927231682,0.019316982649240397,0.011222753186582947,0.49365507374439127,0.007808833393519527,0.6203832487473196
E254_765,0.015544233946332132,0.3783003708984078,0.013404074593677862,0.0030931835614654915,0.013075102460516767,0.0017152397324454415,0.0026172341410711313,0.004591151650656386,0.3368324084084505,0.008272869953695264,0.47395443373752894
E255_454,5.3835236908321366e-05,0.0014289482744765743,0.004371948096391269,0.6770835848121536,0.6167492314831414,0.514476987301039,0.04053785780257549,0.0010643753186288572,0.0014776245698325584,0.6685770219009425,0.0021398019691384004
E256_943,0.5568474783055449,0.003870078413435991,0.008533855933266082,0.012074980937077158,0.007316944218771268,0.005628501585216879,0.012568230460689686,0.4670687193460308,0.5269046163550787,0.012799607675011378,0.000779455756309834
E257_17,0.34416667978103943,0.00866752722420275,0.003008000495659163,0.027102060449085023,0.0008915027617994566,0.18429379210182367,0.269573029596748,0.48189330750110704,0.17300382983324988,0.003954766034009061,0.21807770794082892
E258_813,0.00531401707211578,0.6185387178100937,0.0010355108184746606,0.013051884612709012,0.0007809872742694,0.003878784929447775,0.004066241206864246,0.0001082129766284175,0.5179242127061974,0.0007716476332420974,0.7782431394290853
E259_574,0.5450324492636175,0.0218452440474995,0.003873912700832264,0.001737786699188231,0.0048655397463803944,0.0011312472559031974,0.003213519901117404,0.6883306252525218,0.6592837501292844,0.011129944591708818,0.016623534947689367
E260_1085,0.58544547665638,0.00010683185494580197,0.01574871533755057,0.007749114672921429,0.009484527469886631,0.004833491977696107,0.020985678722459312,0.7251525983090058,0.6859134526932216,0.0006692742760691454,0.004835370855660346
E261_329,0.003094469593887025,0.0001673274098200606,0.369154189748106,0.01042236787071648,0.7232083817937177,0.584766174150797,0.002936732144963957,0.007829959912630085,0.01864457788685204,0.6878506387094057,0.005046580527401738
E262_1338,0.003232271827749126,0.8871330429653211,0.0007044097844138828,0.012831841860686293,0.0011739100716237896,0.020677502320969945,0.015127351229552333,0.001322567651067652,0.49019729989889665,0.002753421760895125,0.6164693790998246
E263_1060,0.5915461598893373,0.008521338771320943,0.003539001356476302,0.014352934333438117,0.013988850433761078,0.004570467586720631,0.002665728070774316,0.6922958595847917,0.7193574524916483,0.00024498123629258876,0.00291581112189755
E264_38,0.5809246607254431,0.011911553272734037,0.00020193484765830417,0.007838366392992464,0.0016570737860515984,0.13664132461269446,0.1802038219522477,0.4404060664273729,0.17779145223646864,0.0012188721543905684,0.4149674700089594
E265_933,0.012635276768557949,0.0010459934761206694,0.7362473969327381,0.010718160089932146,0.8178505213315663,0.7149454615004509,0.016837773955747613,0.005122714731851959,0.006830442895482638,0.5619994047433159,0.013065865911356665
E266_573,0.0038781016893930627,0.002154905374481866,0.5512960274699473,0.019757477191183655,0.7852944025158785,0.6833621599579528,0.01681319406589759,0.00032711373389556137,0.0012041890917844182,0.6058522707587953,0.002798919537859792
E267_1084,0.001246892047723633,0.004564641950353193,0.0435964123368228,0.6092109367252516,0.7306725115997056,0.5201827030625258,0.0022435180521113355,0.007274606676726941,0.0022805662671047926,0.6485680441561005,0.0036435951152033676
E268_770,0.004826990991847328,0.5630704552186385,0.0010258085367223007,0.010233047570168958,0.0057230206897420045,0.007043139221574667,0.008412135055769833,0.004485657171276174,0.5194781793021943,0.006058489196032408,0.5297060632635306
E269_227,0.007150657879479166,0.6196916357984101,0.005082610432654114,0.0008144681877654577,0.0002004816045769498,0.004946151095414386,0.005847973528054083,0.002300163549049502,0.34106521719523014,0.004237176547745366,0.5770421176833176
E270_584,0.662582009535604,0.01786166367691351,0.004818258947962288,0.008470693064542366,0.005903404121747229,0.01275404271846624,0.0033971761813976534,0.726850147505896,0.5806354422677533,0.000791188737663089,0.00212190751940483
E271_1376,0.00014969170889932076,0.719205216170872,0.0013656610524015653,0.006546835943246456,0.019126873359948716,0.0007024874132766283,0.0009190886257460174,0.0017146310176834002,0.5165147744328262,0.004627990366766725,0.5964645911714259
E272_1491,0.00166859484015775,0.7353681207891173,0.004932161837902814,0.0005777943792827036,0.0283785772008197,0.0041530364369751485,0.0031106278141174535,0.018135074127919603,0.6673518798352142,0.0028277612673333376,0.7311392707773917
E273_544,0.00040601427867038067,0.0152017634288962,0.001692530553688045,0.7029850940144857,0.6383711162359748,0.6472807782608897,0.0402627204925188,0.0005608849344779361,0.013028612212437944,0.6514078700579208,0.0008704235775795107
E274_1313,0.4562536499299242,0.0001948925219419465,0.0018515611672994211,0.0020186897383283843,0.017780269167778452,0.003199681864727639,0.00044901326678220966,0.8381079858101417,0.7544075801136756,0.0021208170573317996,0.009785032810595489
E275_938,0.6599153183022048,0.0009767987489846131,0.0010872055627735343,0.02397856350932327,0.009076638205005148,0.0036770011631895973,0.022490027645778628,0.6703061184882462,0.7166437230883357,0.002145891948133871,0.0019284155039782029
E276_297,0.008525098474719484,0.0028679129685790926,0.33429154526683474,0.5852127367401243,1.0,0.4741468245431425,0.49640755911536316,0.016849380908705084,0.022145877128954907,0.7758838016699536,0.010040171400367415
E277_127,0.300312335971087,0.09829277275255156,0.0014143820160326748,0.011019024046499121,0.0028758025863823153,0.002422908153642393,0.038133870162503435,0.46190667371607413,0.3765210039307073,0.03360790232870417,0.5465590382434493
E278_37,0.3575282720658264,0.012382963674144164,0.0009300826566758588,0.005553318560794867,0.0029206146246506188,0.014979559645354024,0.11932215766619839,0.5108364999924551,0.4197270885605059,0.007496301023919364,0.4261506565661411
E279_653,0.5472375702808241,0.0508511593349063,0.012557080950279681,0.003308834046548911,0.0011013659744013562,0.007496727964370925,0.004590747934422132,0.5893518335511998,0.5551378674691673,0.0026118470384452358,0.005816272076678028
E280_627,0.0018646342077356128,0.553085197212133,0.009901335531015474,0.007243555164062616,0.06540091790095728,5.789189099875777e-05,0.005502571791236763,0.005635181603775341,0.6386153680932347,0.013241727449440117,0.5562329531879634
E281_443,0.4915566187453463,0.0002976109986125302,0.003224419844187617,0.004442614792799304,0.0003655533682821124,0.006612173753127782,0.0020976942163446017,0.9618343819065515,0.4911215230349797,0.0034877620125947193,0.01856299765626878
E282_413,0.575983918861921,0.0010085786084916377,0.008402946452661377,0.03607334973017397,0.016338355468995657,0.0019359235849026018,0.007961713132373382,0.6687698146843278,0.6821152593756697,0.0014099534788273723,0.002640325223190312
E283_407,2.7827057848601157e-06,0.0002691273668682403,0.47473190623697703,0.001892626952491901,0.8715532043824791,0.6459637243533003,0.0012772258419894316,0.0022515294031966084,0.011422264582219222,0.713750757487635,0.001660186104842038
E284_1471,0.0002814522113374706,0.6588621161953289,0.0011909025807284126,0.0018551172089429336,0.009389062881748709,0.007353286447072628,0.000743741237219493,0.000239167406210966,0.6311223846989099,0.002828690581698252,0.579374520792814
E285_16,0.2740425116059909,0.015003104431951167,0.0002633397420705869,0.0015048831984120546,0.007356374740381398,0.15520546416604353,0.2497412036499953,0.29285768772557663,0.13474962479367777,0.0015701176969823336,0.08430130210336535
E286_703,0.5631020400757243,0.0004894727136609186,0.011226822296487993,0.012508005272071403,0.0015901853369209287,0.0012374198411104712,0.010976534417714774,0.6770032097292692,0.7028950624618786,0.012559373527151928,0.032068064871933005
E287_1278,0.6497997226750145,0.004442953387549011,0.0023811989487944538,0.0005301892096724064,0.0009638420896185477,0.0026930630574308187,0.0007318119910787965,0.5288449183795655,0.5864689045727497,0.008562435506723932,0.020346892910338185
E288_33,0.41269932084223704,0.05021710013693043,0.006593942754583875,0.0006465444066630926,0.003278031992096645,0.010080661999485502,0.10704014500999835,0.4383657181489776,0.48380832735789886,0.034358207394785914,0.6205821478795039
E289_1300,0.003256946783002228,0.6370832423966053,0.0011760192676441947,0.002538786935945496,0.030773590746449846,0.0036404993639072587,0.007813801506391911,0.0007361890998776926,0.5728156032096535,0.005663662152771624,0.4377118785176588
E290_1372,0.0020960767556553335,0.014106614703976728,0.455286359303613,0.006958400047921539,0.7230575469225129,0.5305295803536476,0.0029279203849521705,0.025370302833212198,0.024244894576954012,0.8126483857427302,0.009593262693164909
E291_158,0.5492033923936214,0.002581319849511705,0.010983029870064153,0.0015400504491461292,0.007240796449345921,0.0005783933833444436,0.006989015085845557,0.8285434048023892,0.6516715484455345,0.0050708016261864185,0.009345278323232007
E292_1276,0.0299409683382738,0.0021177318407728453,0.0036072169709844273,0.764841043243346,0.6971985299779739,0.602750363833663,0.000715510653974975,3.609106817464064e-05,0.011333113223282407,0.6020771373743381,0.01605042025937606
E293_1128,0.6588689891705816,0.041921767212688144,0.0006846366409444852,0.002618432128319688,0.003619926648884842,0.001813949909407813,0.002437953110448869,0.6592721332553882,0.5688360338885349,0.021581147123303134,0.0022658764603277143
E294_168,0.628522981755272,0.01455346380313382,0.6791296037061876,0.4019388115086395,0.6362026793446383,0.6814374726899666,0.7411112068877725,0.7830220920188952,0.005791879393753614,0.6394868350305282,0.00045200660366795674
E295_674,0.6398924243473467,0.004040739589794469,0.007721958922287376,0.0023083959774057644,0.0030017415037130266,0.004030215332126917,0.0038560432782897267,0.7554421014569509,0.7801002639461827,0.006390504064309826,0.00942259542775356
E296_610,0.0009334857388920421,0.0031097867300348045,0.6724242475544678,0.002565742204035273,0.7374251559160337,0.5026573016206023,0.019478255195081697,0.0011179188968957123,0.006598607049814205,0.5225531312251946,0.006031940397165105
E297_1168,0.5275243076276145,0.0018190375669054255,0.0235051931932795,0.0017896692751364896,0.0032479792056571543,0.0015100893901242906,0.0013099442605220004,0.7729809096447305,0.6832596057619956,0.012110361463812986,0.03091249748246555
E298_829,0.4770834375232238,0.0026699375997679543,0.008415690670544722,0.01909060067724309,0.008078230696289506,0.0012295639094719358,0.020705091398863142,0.7064225230448721,0.3916639482298781,0.019756077208156798,0.0009315956010660121
E299_1340,0.7292528316575514,0.0037006562260644806,0.0004215158779359007,0.0044340229380853335,0.0017427214451006658,0.003863206159710119,0.017581059881334328,0.6906143735552294,0.49094393526886126,0.002691584588103577,0.019432013104109427
E300_1037,0.0022169848796623516,0.0009963614805911917,0.5198338820544527,0.0037705859712834117,0.5747557059282331,0.5391002136312938,0.0045630115215503884,0.002734264118839757,0.005976165251863794,0.8164768123652667,0.020976605243568897
E301_1070,0.007932759103247585,0.6655600559617982,0.010982871372007888,0.013638326372193728,0.013925952605874497,0.0013889509089931352,0.00015885911925680763,0.0019748484533703915,0.5645316653934725,0.001657049177263066,0.6299813678828933
E302_1126,0.005074186457984769,0.0037894539648222736,0.5076831775560305,0.0022881776501987353,0.7728457932883139,0.5128279024634432,0.0011135473993096352,0.009642196645630086,0.024572083223201372,0.778234442106064,0.002677749809568518
E303_1141,0.003291274649859532,0.6115420056774422,8.200274629814028e-05,0.009760286458980201,0.005358714918560726,0.001151009100539297,0.00723928761667823,0.03143778025519822,0.4239329745088616,0.00037080500529926904,0.6279862680346571
E304_551,0.0029323900012524326,0.03201642940940246,0.6068402396252133,0.003852968665940163,0.7012754117019226,0.6238601885077877,0.0007189364638370541,0.0035395602931330193,0.03845064536104338,0.6540190355542845,0.003559271103399692
E305_105,0.4544735563742481,0.007690543384174466,0.001298839182947063,0.007247031695656041,0.0019172733352379437,0.0021846602346594106,0.0026789766918681587,0.6579675536790581,0.4589678664842929,0.0032619366873790218,0.48288579587597064
E306_260,0.0007210214776675179,0.5437242771598464,0.0013201579241419463,3.952299862908723e-05,0.0009698874788392682,0.008713699094570912,0.0005324886555974168,0.0008741861667516849,0.60069797726233,0.01199167188614726,0.5478241264648138
E307_648,0.0020688493775421948,0.004303253497556476,0.0057670064395005365,0.45288627867920256,0.5617425108262719,0.7549909954550923,0.001177888220339116,0.0002721975442704164,0.0007375224070558432,0.4843323908912521,0.00019694572620958467
E308_1450,0.5960898475935762,0.0015785535692509924,0.012477717580996802,0.0004827893407283487,0.0010695559739906364,0.008251542649682838,0.01865113768344683,0.913233713509046,0.7635927428869012,0.005641324385026481,0.01932827835470769
E309_692,0.00018243043101600183,0.5022606519797732,0.004737695661405771,0.003527126896387593,0.015664445006009466,0.005465316663723236,0.00884699771200808,0.0018987108971939741,0.6957943885710388,0.002193927689416646,0.6007242751806634
E310_1042,0.3085661532347171,0.004351001679673094,0.008460761237885759,0.0054152605310594576,0.0007568915661450784,0.005122220787397808,0.001525781066374991,0.6630023705432523,0.5210309441763973,0.001478877207518195,0.0074829913088639175
E311_771,0.006791275453817603,0.0049226319060984465,0.0038838144130314257,0.5307683674032293,0.8161530818837078,0.6790525688837746,0.00958233207325668,0.003922817568188225,0.004605228021172905,0.6098509817535546,0.0009235007477051144
E312_13,0.2726626154503945,0.0005293491900905823,3.4839876715560036e-05,0.000630835127121976,0.0027671467652080283,0.07862774813125878,0.23205552721297124,0.41004173492216456,0.28838394039805654,0.0014917560462704412,0.23491524688695986
E313_1287,0.6260483029097524,0.014921818597206458,0.01578994288054919,0.014843256477345575,0.0015574036070332197,0.018460478682985528,0.0063179182491916105,0.6854357628029418,0.6520106451128573,0.0010891301140219468,0.036278448667514035
E314_60,0.720676120372845,0.0059112048023849326,0.0025734370645459845,0.023251583376664466,0.004905724351453822,0.005722117559400162,0.03499242749709987,0.5966651765438944,0.4788932651053519,0.00048330368829656376,0.14201194702363357
E315_1296,0.000866402871877388,0.8436416237930429,0.00015052994393862415,0.009867044010318755,0.006687564422009642,0.005391318714434501,0.00036404329242728235,0.00418375667208782,0.5710498841919769,0.027634426685942598,0.4431678996544426
E316_76,0.36266201608635584,0.02036517566576065,0.011508907332326944,0.0021668570590897586,0.009642000052881088,0.0004847109631351574,0.003474438329351426,0.6208357128896504,0.5935367946326893,0.05104902154476805,0.49904381446774865
E317_524,0.0012083896044757204,0.8612885444189888,0.014718910961599375,0.007836088975468405,0.005507884099554423,0.005949314389719627,0.008898543826274377,0.012498348364508484,0.49834070997143315,0.004803876261803048,0.7234177206657788
E318_281,0.05487295556588044,0.9466666863742821,0.017610158257197615,0.003436389091620269,0.008820449212491501,5.088356016902967e-05,0.00865573010210621,0.002333373584832899,0.46156682601010013,0.002050564579409112,0.5776591175448057
E319_735,0.4078918974832285,0.0013613984484049362,0.010800530519887974,0.0030557591756946506,0.039675839910275824,0.007119384738620426,0.011102357480063631,0.7862303934547294,0.574185647507483,0.0022137179979227887,0.010373199054168331
E320_573,0.021021120470279965,0.021686701491520754,0.01577064002378463,0.7249462632601572,0.8694902434877727,0.5102809251704988,0.0033882393257416966,0.00031566831898275293,0.006038052899332929,0.44763409038720076,0.013056657753652032
E321_1257,0.003944442052338501,0.011661969047057758,0.7563230812086988,0.0028298601311796488,0.7461876905105841,0.5048682509720184,0.013314127154036015,0.0012361012749443157,0.0022107443083923747,0.6467095428025192,0.0049427874783311895
E322_1204,0.003987199924421085,0.028610406249660627,0.5495572477977164,0.017733332854841834,0.435158152429304,0.826649054864357,0.0021139198430901954,0.00015305429799894433,0.0015991513218536742,0.5743588859210451,0.0006759997929449427
E323_731,0.00036743565677863966,0.7713975300758084,0.0017406203931423032,0.0012773199418966348,0.000385900855117536,0.0040528207047213025,0.0025886309537565804,0.036419374179070756,0.6326239457220739,0.0005722250513190938,0.7082016553152433
E324_1191,0.0026223425998878206,0.6197106072351083,0.0005236854855090787,0.004989518947302235,0.006056266391150351,0.007058527805380084,0.004924625527934438,0.001366651862093593,0.7079931923515915,0.010670217500519675,0.7666818365732885
E325_1267,0.4317256487159419,0.00947906129712663,0.007310352952168243,0.0007706211802144436,0.0004294819576865203,0.002227506692602918,0.022499932225069505,0.8217963107340024,0.4755402291868616,0.010494713463106943,0.010959007773621323
E326_1305,0.5461503714368363,9.168099995164066e-05,0.0031460020144598116,0.028565088553218515,0.01733898444312625,0.003472085372514141,0.008464982654929568,0.7909784581596072,0.44509259494261694,0.0008232716239944846,0.0016394305571227554
E327_637,0.4577717179476458,0.02013018776221564,0.0017326113430979125,0.0033179430898621987,0.013540048001467542,0.02440880221237508,0.0006363109717568474,0.3318225399229125,0.5199969496168904,0.006362715622258048,0.021738108462066988
E328_769,0.5591621539736805,0.0004450301968835472,0.0002334511809393639,9.627953870537173e-06,0.005080936439822304,0.005692737185360849,0.0014980111548633748,0.6261191213759008,0.6440856447162007,0.003973884100155476,9.682355400320757e-05
E329_1035,0.0041204294381159265,0.04492778267537552,0.015567878471355216,0.7259238795494628,0.563877621483548,0.5617600918715531,0.001730043128140094,0.002331501644613599,0.002543202898891049,0.6586355781273165,0.0008752273502316337
E330_361,0.0005455081455377723,0.6738395031108049,0.0034251928407874003,0.009945809757803648,0.008846668360997397,0.0004881391697845455,0.00021513583056969143,0.008142323197071352,0.6921911694433225,0.006599991371073262,0.6403832397025531
E331_1252,0.5992406584903127,0.0006278159734061153,0.0033478627654799373,0.010225646427399943,0.004550959231913432,0.010594804462747118,0.0035177368655584973,0.7322631340025127,0.5768749107947716,6.658971342874243e-05,0.00012621550257845837
E332_1467,0.4438529672349557,0.0022178634380455,0.0125200697579386,0.0004558606260922906,0.017659393917000808,0.0032029956802790607,0.0024641136260807085,0.5710811590726396,0.6921201582385547,0.0008079113479467454,0.003227531716118681
E333_1104,0.00035079025970274154,0.63615298083355,0.009013304765774315,0.03280349505096911,0.015916823258965745,0.006598690207655679,0.00223956348224549,0.0023177670776976435,0.6458668152934682,0.005381505296212845,0.8015499304140539
E334_802,0.4403395025499561,0.0002792236121223259,0.013734052155099399,0.014429035097276255,0.0018764526179416735,0.006441758456592338,0.010369546871779404,0.6131504488225257,0.5573709551219934,0.03254392190370892,0.0054885120385914365
E335_566,0.005376481822050979,0.021148074436645927,0.6642031537748254,0.00043292454776703166,0.862527069536021,0.7610664962726874,0.0017236265496664608,0.00022661031502487484,0.001247631608875656,0.9220533647607045,0.00019020618866417226
E336_619,0.0007739472544583472,0.018525776253640932,0.0009934477698832088,0.6822411475114132,0.7083556068092861,0.6498091466784527,0.007263532487234903,0.02029016985340155,0.00027077634798128455,0.6454213791203253,0.006364890032992913
E337_1299,0.4192704894632816,0.001381541109363648,0.01552417556507194,0.048746505110462995,0.014717753044514061,0.0013730272817036307,0.0035315721060767296,0.6083989102029417,0.5522519108720336,0.007604050720084501,0.0007759978985954014
E338_1344,0.004662093263314018,0.004628723300519244,0.5314201757621176,0.001151328568703243,0.6205081820107521,0.5743369954483224,0.0020494796979982108,0.029782020136080962,0.0152054108280844,0.6711957222668675,0.00026128520958753525
E339_7,0.2216963504278118,0.030432533186496507,0.0022960759654928956,0.004627634390386933,0.00039494533716571647,0.07602491920047855,0.204296790250823,0.14004299899830266,0.24751561576235406,0.0016696699114287286,0.15184066792121437
E340_1368,0.008910358246949565,0.7090031763143021,0.0007062977232305468,0.00941029342745124,0.007191427638296115,0.0007030363232795388,0.04881457331839839,0.0021655831980794626,0.5116340800592959,0.0031048548154006855,0.621166690239767
E341_795,0.00023458981268202768,0.6893421603129636,0.0184396523557609,0.004181824830635909,0.004797082586061415,0.0006562798724307428,0.004770248769074278,0.0006288646772141207,0.609050586740946,0.00028328482737431605,0.5231915508788928
E342_574,0.5808944884220761,0.005070890231581928,0.009837431736547967,0.00368189915515626,0.0053459674937422486,0.0007887715318268652,0.0004976342964945745,0.47934956996993594,0.6792448611806496,0.0038162540917413184,0.0006836088476001495
E343_166,0.0006020355992115715,1.8737206074871025e-05,0.7112119506576623,0.4925379668341439,0.5973718385876173,0.5991811231944283,0.24859631812566765,0.00039609964304922294,0.005565298028919007,0.5775927712495361,6.81478416379577e-05
E344_594,0.6187816964563266,0.013767443793252574,0.0008884927426537084,0.004721841403487564,0.022515136892884542,0.0021607955874864827,0.00401448614925273,0.6950848631906623,0.5954170670042096,0.0009059007823873586,0.0009383573747089529
E345_793,0.0039699107767953755,0.7618062928510673,0.0043775212563157825,0.0060658716317359505,0.004415659776416464,0.0013890821646419817,0.002055712826433527,0.0037656922588394947,0.5609540693471485,0.007004172038448698,0.6567705342115348
E346_220,0.550836476663942,0.0002824751703463213,0.005134590828488529,0.01711416964165827,0.007770590959356666,0.007692349530622163,0.013403633443438749,0.6153144192574679,0.598803995726139,0.0010149157496695449,0.0736020006682827
E347_1410,0.0014031364503901433,0.7387999099421683,0.013693912028444895,0.006550570558212984,0.012216354937033732,0.006986387970304006,0.0006609652069223853,0.0011024701769169606,0.6445569520254806,0.009168776894157928,0.8166996712200669
E348_1178,0.00361004819041702,0.0040002378703135905,0.7577231107274803,0.0024134529593576523,0.8597289244464938,0.672176779441317,0.005493420447032537,0.0010480187008810532,0.0003837669992017696,0.6515957826357394,0.0009480446845598632
E349_1013,0.5471564821737921,0.0022337188249312214,0.0007577525484229789,0.018281344488376795,0.010909315769540665,0.008358607407127168,0.0010197141465206013,0.50104670959515,0.775297111754194,0.004012714929143468,0.003949108123644992
E350_590,0.00717105464139491,0.9250676661546318,0.0003966698925193654,0.00038754441805451535,0.006964743857086311,0.013110381068615003,0.0024986001881715436,0.003855015575392528,0.6739467474743567,0.000599614452026577,0.5507691524512589
E351_1206,0.5378057506123588,0.019078668430960483,0.00037145959637716215,0.029112301865330713,7.337536906477385e-05,0.0008116853677452935,0.00679750219646719,0.6104263589482102,0.40603811524999794,0.011158143853365584,0.02420503279006157
E352_353,0.5082645770404104,0.020120382876416085,0.002111935364575895,0.0011527390948821215,0.00891509516071922,0.009410587668098418,0.0022135342915531697,0.6778180267559438,0.36005200940822374,0.003118717382841661,0.006856325499102671
E353_1452,0.7099725214470157,0.002056609706128969,0.006122673522660277,0.005819123624308356,0.10506268556624677,0.003217117528031184,0.0004036196366508523,0.46503808523905577,0.656958090766236,0.0002705382257656992,0.00013776432028033764
E354_40,0.25094559261680904,0.0001239992585520299,0.003006815446012282,0.04086295363958765,0.0026692154539429917,0.10443896188816522,0.14962218326672583,0.39645317414292847,0.33411781347916225,0.0047942769866652435,0.30117852164882325
E355_997,0.7273767759788107,0.009496584527554608,0.014041860409193438,0.011526187653561887,0.0015482171990324476,0.001144310646476947,0.000509687869114738,0.6012101308751624,0.4318988928947863,0.001985214133394178,0.002846423062957888
E356_928,0.0021199066857455124,0.0016496279959840722,0.539853509026877,0.0018891228135519329,0.7394842367622857,0.6113286423947706,0.01621781262860669,0.0013988240709198313,0.0001405871240818137,0.9634199071952756,0.000912298653690926
E357_3,0.27693411284389535,0.002324260192363179,0.0008410627356865143,0.002110044136536515,0.003365592523037643,0.0612115110617737,0.38524662622909844,0.08148995523357559,0.23536266680924267,0.004285557207344481,0.07350386302035444
E358_230,0.01641455532271339,0.010336279675516254,0.010219705734432183,0.0023621876850807347,0.0009937311975234508,0.007975670939771666,0.009065964011846386,0.00874180590613543,0.4393623159603009,0.0006598272422601964,0.3851796950502726
E359_793,0.011152794584415666,0.007810829511329543,0.7351307226898752,0.029234278709523928,0.6572031757888096,0.6574618687727976,0.038550125160529435,0.0010790326367266189,0.006080900074947243,0.6800860484339782,0.007453037973267032
E360_1429,0.5288820399176571,0.0025780226552822587,0.0008625325063752097,0.0012489999139216217,0.008168363137861167,0.0014330870163411908,0.001997632897863695,0.7399553257740435,0.37265258356814007,0.0018094476699753188,0.002849532274407662
E361_2,0.3238240791140776,0.0032689088375378963,0.001389893928152889,0.00598244313430657,0.003548536875760983,0.03586496840292137,0.4080986398921692,0.06456560748028244,0.2766335103369594,0.0032679971257431268,0.05773971639836003
E362_391,0.0011318824207989695,0.02450328905079444,0.4714677253988483,0.02609837444433218,0.7834552985548554,0.9096898238541132,0.025297935898889037,0.0013446851314485807,0.00020148680078059053,0.5056005882719715,0.014475017671125122
E363_771,0.5707050884503148,0.003558960303253861,0.0019514515053894435,0.00498820043084671,0.0015809656150359373,0.005395002096510989,5.1007541117728054e-05,0.6962924161769075,0.4990551615086664,0.013167882265298952,0.007898014614334441
E364_582,0.0025867101485011874,0.5428981573639876,0.001685060661209231,0.003396402239175796,0.010516081452138469,0.027568213747125685,0.007430999646382397,0.0023751163439995546,0.5359972077233225,0.0009146946370929681,0.6451354669752141
E365_299,0.5797522618105722,0.009759188911972251,0.016605091010241827,0.002760585836528797,0.012126408300164001,0.010234686793191687,0.006177659480321195,0.594729283364716,0.5690440752264334,0.0007980867069991468,0.008550397238571853
E366_1213,0.012699106104214477,0.7072042835837896,0.0022756129039817885,0.012375290221589301,0.005893911415778044,0.011294377530331821,0.0012574235479090136,0.015326749724198018,0.6511854684026176,0.017932308157679374,0.8092505150854931
E367_56,0.3258534212790239,0.018794419438516067,0.009470992587941356,0.004577548305470063,0.035610051380158624,0.0017035214747659546,0.010692464421602156,0.5545582144784335,0.4272012431009043,0.0017988310404041489,0.5179435408623647
E368_47,0.5384360468981928,0.013024761263648765,0.00041484233563132255,1.3608159612080467e-05,0.000551273494149033,0.06490343427196323,0.12386486291596549,0.45414911751639997,0.31248025986983896,0.0007785713511628757,0.4420843284585587
E369_103,0.009276777536337794,0.015021175278568064,0.021498508247670384,0.009261192850965431,0.00012447230875868345,0.031246319719035586,0.019657318399357512,0.0016313692431415081,0.27127424157706237,0.015840308153034714,0.2530482545388079
E370_1143,0.4802970897546495,0.005743110672870643,0.0003507547269600679,0.001750971705639265,0.008247982037823374,0.0037238800736827406,0.0006881478270815638,0.5023792845485907,0.563697418949478,0.0002470168431479989,0.0072079187374426285
E371_772,0.00039613907305310317,0.015298988719689925,0.4893406010779981,0.00029936205053720003,0.7633195193909416,0.911369464944221,0.008145740373407206,0.022561809769102853,0.0021051218510483136,0.7263287155010679,0.00030890933196774264
E372_1095,0.007227836564785047,0.6764506380353611,0.0008347249443550255,0.0018718761028177677,0.00805639855880503,0.0002048062849316917,0.0003691146740467767,0.00576515959636614,0.4792660682006285,0.004040573367047208,0.7118897352052774
E373_201,0.5333019154843817,0.00014559337637735643,0.0008894337060942092,0.011399017858108335,0.0030985522984280623,0.001707513745894759,0.011145633108452882,0.8135888996406104,0.42795920214070904,0.013204533129027111,0.0010013795412837246
E374_228,0.5054453642999025,0.010283675609241587,0.011060323264855381,0.006033360838056829,0.005527338248298634,0.015773418507340282,0.013925322831102585,0.5395455232769972,0.580587160518424,0.0002608842361708247,0.007602229949104696
E375_1062,0.5684515660128622,0.00805970601873065,0.038983398169143604,0.005325379517429741,0.0005204835527483367,0.00034138619106937056,0.0035627235984892463,0.6324030830954218,0.4624633553609103,0.0031151339908346678,0.003325303585468123
E376_442,0.5278385578692354,0.0391217898067623,0.0009252066606601342,0.04352362520829866,0.00144219226830016,0.012265397511346619,0.005422407545609733,0.6877188264215499,0.6098190041834621,0.0019040265650289718,5.607865058129056e-05
E377_881,0.014543522199958903,0.003177015670024846,0.8259457510187134,0.02569071139846204,0.5911195830309639,0.5622824847503737,0.017602321900290454,0.007171870921810775,0.003065908369847715,0.7277699811011955,0.0006052629941203741
E378_1359,0.5334424988252181,0.01726969464213747,0.003412069788921775,0.030353958488404883,0.010882022403583224,0.0005166310373400754,0.010718287184766724,0.6281897774171373,0.5352329547583964,0.0005253540409294282,0.0004898346553029667
E379_291,0.43295083268239876,0.022454562644949095,0.010362743910527206,0.01623731467866666,0.012541249695591467,0.0008007848063793991,0.0028533526916825766,0.6910398067940611,0.5729991349013467,0.0015810984441885995,0.006273244103894661
E380_77,0.6947422393753738,0.009684325898320403,0.000646991335565019,0.01705455375459217,0.005169864793103883,0.03377981501812784,0.033415216948319795,0.6570188079190972,0.5164618187879046,0.001502908565917124,0.2528194548865435
E381_1072,0.5781154398817469,0.0020026024462632404,0.0028778276028440268,0.004952258458729629,0.01485779803819139,0.004747458218662568,0.0009472770547475698,0.8595485284562697,0.6084255144248618,0.0010975188415186638,0.0009613402064849975
E382_796,0.0005517519230727304,0.7381069511628449,0.013010085422069726,0.008705771628030386,0.005969923423552935,0.0006278474124491633,0.0018174456609632494,0.0056842495375369765,0.6432483257633944,0.02561764006715978,0.8349590407085105
E383_1061,0.6061392894862979,0.010923461339993187,0.004631054844169735,0.0019157086563847568,0.013374355921275094,0.014256107112068449,0.009751957254100324,0.7755595573312871,0.9555711700622372,0.013520402177379232,0.012510093193449787
E384_241,0.004781496045026979,0.7380676678608877,0.008099591725323051,0.00010043806517738286,0.004914205308800573,0.008343286978778059,0.0022674095435134107,0.0016974712215226501,0.5442645534562238,0.0055412820893260125,0.7643055172884169
E385_84,0.009143967651455356,0.020939860174547336,0.002681555642703941,0.009861692933987818,0.00035483171301236774,0.0035078735522351364,0.03450180757973182,0.0021457063480383822,0.6062708648410493,0.03894061979839873,0.5864875159335954
E386_114,0.582284597654175,0.09084920553713664,0.0011509783679295848,0.006325154515851528,0.001061767094220992,0.007010046171918074,0.010572963866904728,0.6066602088943329,0.5133342284190892,0.00873356192516182,0.6230949973365975
E387_361,0.00011860693301764713,0.0043489180699868984,0.5173682280998619,0.006881666807531797,0.7113219963110475,0.6852208532313314,0.0018292275359278942,0.063275869075085,0.004811424555531455,0.711123408742161,0.005578279979900969
E388_36,0.14010013811283525,3.865454353651908e-05,0.007225869515074353,0.003435444231460139,0.0023179135367257446,0.000150747387872699,0.006332978810255014,0.2076691065731886,0.505691012094862,0.0029433271130807873,0.42845825994916087
E389_1223,0.48571299722468747,0.007312465193589022,0.011269026159930539,0.0007870519742333538,0.005915605509090975,0.014288643359048869,0.001618592990701038,0.6416282220120629,0.5559212975596209,0.033593374092183145,0.0020204820690505466
E390_56,0.5240406001975324,0.0,0.0003224153798941404,0.004438186943678708,0.0008981706656151077,0.23243845206223454,0.10730451792426504,0.91990358583623,0.42917459352327064,0.004858048882568751,0.19332359269789645
E391_1394,0.0001030408301067988,0.8326233418402315,0.01835166828577276,0.0045712517696305695,0.009429917998287513,0.015791142551758706,0.005482650931643681,0.023070165082622718,0.5579814286718471,0.000824090413370851,0.7315719747817805
E392_1328,0.0010112342868311068,0.609128510284246,0.0038415160946841274,0.0014337956887713092,0.00862879098022882,0.0020323511469284568,0.0038249961197290685,0.008593482628019079,0.6002305573936101,0.0054608579674807,0.47912982268747584
E393_887,0.03399720881821097,0.0018045310977922273,0.006162572953105441,0.7947297606707406,0.6023362569843501,0.7081335482377937,0.0015439457840784358,0.0006944189812267933,0.003925591648258702,0.6254993455556617,0.013044543961813579
E394_1152,0.005104051255650152,0.674452816040788,0.0020197787388436905,0.004975549438781082,0.00575624840103525,0.0008087694320521698,0.005463117609665651,0.016244184788532328,0.75692308617634,0.0004967517495177619,0.5005221794697078
E395_1156,0.005282866320911495,0.007966078474327454,0.0019300427746298996,0.6595401170253113,0.6419971796955102,0.6286726175010756,0.0025812813027936777,0.004209696468117765,0.0003037764292296016,0.5572140126927816,0.0020024507014679586
E396_552,0.45942212566586804,0.0010401924279558705,0.017322231823950058,2.4328548414012033e-05,0.005929145785362237,0.007280615149558159,0.002480614631952538,0.7015665106087127,0.5967046301396824,0.003981825014024285,0.01104866639520722
E397_1234,0.0011484682976250868,0.01212341412463614,0.5887154347534805,0.007055766723238194,0.6411786956968099,0.5212224614415294,0.0020770421092500832,0.0013336258935842625,0.0032963460038769655,0.6342593708673849,0.0021960607967780317
E398_672,0.002391540484202955,0.002853893327779083,0.019608323835512864,0.6806045450342978,0.6336903536863869,0.4544452570271605,0.0002986043491732133,0.002226078490422006,0.008150845398654398,0.46946400337032934,0.005781832949318314
E399_1322,0.5872583680692836,0.008516345328132433,0.005129326682646546,0.00015227884933906628,3.161975353404793e-05,0.0010752435681158213,0.0004898649450798215,0.7301107083330566,0.5801198776878266,0.009889233358123296,0.021071356853409943
E400_1223,0.6021408623928377,0.0012417797341081297,0.02019338773584847,0.008432638475521613,0.0007209535976604942,0.0029186595719207396,0.008010038055779437,0.5937065561032667,0.5324696849034828,0.009818341321732716,0.0011264294961296302
E401_725,0.0012016074142456312,0.0027359751689288304,0.007979651763742206,0.5507819890764784,0.6009828465969748,0.6476760813905796,0.0089983416036907,0.0012779824875745614,4.370750604864186e-05,1.0,0.0014985499919786
E402_73,0.4763786778668923,0.06518296605750655,0.0007232600471078663,0.001933763948089022,0.006298843116077624,0.002110698116128193,0.006442142140939271,0.4970371905296828,0.6304009101510285,0.0018887149976882373,0.7864025192222895
E403_671,0.647209899282687,0.007539413709932095,0.0055500969854416545,0.01862549611759146,0.0038818655699886444,0.009253977101088395,0.03166495815811151,0.5988163409527357,0.7609948641114815,0.003700984183531889,0.0071859357458622835
E404_693,0.008027890527095911,0.000337445584169757,0.009350087696664853,0.523835804857424,0.5929918823232522,0.6671524232085282,0.0004595764244624746,0.0031112842076648473,0.001186189181237591,0.7533511486093971,0.0015445475919684953
E405_1222,0.7711564554346051,0.024317935326118967,0.005061150397119609,0.002229508115207421,1.1616040458623075e-05,0.005469654085054506,0.030475966648756334,0.5799888111157766,0.6084020721514469,0.0036292323158593916,0.002012520633723732
E406_889,0.0018004533526049511,0.6560315546736577,0.002423989244987941,0.0019928051188780383,0.0026502252446737964,0.0017680867853628853,0.010099303164723713,0.0038782722555044933,0.5977809465547151,0.003160750971203479,0.8632454061489001
E407_402,0.47051019141837724,0.0006951138447422333,0.0005364514765783313,0.00034369346898248924,0.001918399292133831,0.002605692577750838,0.0020801793329864103,0.48347821436568716,0.5820568599348639,0.00012943137620734373,0.027040134925168057
E408_1462,6.681445789501794e-05,0.7280571788981954,9.21122016795945e-05,0.006210985774849228,0.0024081146510249135,0.003798023976576271,0.010564918894671418,0.0002976814627165839,0.6296142066010415,0.0012131616488391646,0.4501396345808272
E409_157,0.49817714219892817,0.02836499857678309,0.5455900978791517,0.4462698906439696,0.5446641833386664,0.6411285527823697,0.6827656511645994,0.6262938960480787,0.0004038270123020165,0.5347027559598198,0.002307524751869624
E410_1346,0.0011149514309837711,0.0019332199069453727,0.503411988421218,0.01858374372122403,0.7277147765555175,0.8589414129752229,0.0032437234856803458,0.0011543015623620698,0.001737250542548121,0.5470266384353885,0.009557132412979185
E411_1001,0.4556585875911185,0.0023453221651553156,0.000515883610551237,0.0015512770364096453,0.00063444597220464,0.004862535789753761,0.0007801253141579934,0.7995777400153269,0.6774541192236718,0.0004340776897360581,0.0010865570745349777
E412_288,0.6847104400731217,0.003802219592159767,0.0012462554717200792,0.0009405895272691552,0.0011734720669454995,0.010601234198667249,9.280880097815996e-06,0.571278080614781,0.5090499224247725,0.0011644684927037163,0.00668118821575472
E413_276,0.0004924000777439021,0.6264387285323755,0.0014381872903950219,0.019286702449505387,0.0006867149057919606,0.0053180150265573125,0.009703554449031574,0.004196157554664137,0.4678567988899959,0.0077157175921384515,0.43582159661896863
E414_205,0.554528514564261,0.0005254593456126399,0.03138335739186179,0.00011483328616780177,0.0009654087263875564,0.011751392825212965,0.004690156937571079,0.5689072908185342,0.5206169931118937,0.0018317342462304373,0.001984991590653781
E415_928,0.0012395362966843202,0.6172073292139652,0.00037339525599534493,0.00023949747522728672,0.010773727987792081,0.018487332631293,0.007413184542021421,0.00838174527105424,0.4347560753130106,5.7739504260330226e-05,0.8509625395835467
E416_933,0.46389415263103506,3.874089491691779e-06,5.824830513392754e-05,0.004582569136980464,0.02896643215147246,0.013507100874411237,0.00020335246637692781,0.732927466660897,0.7510492904850692,0.00019732758086149095,0.0063667113748198546
E417_559,0.008584681243094111,0.029577397341359623,0.4911858104364391,0.0036496028237843667,0.7776390105675999,0.5050457788158221,0.00232813505656092,0.0007668289898576877,0.001764106808385361,0.5362938668869819,0.02578334599137568
E418_30,0.20462639734673738,0.0002963786703598062,0.00016574927978493432,0.013198086706231895,0.021456464011117105,0.32092406585943545,0.8072464958211302,0.3354456328801042,0.0009631604160766885,0.0012943765663027459,0.06465216250883227
E419_733,0.4411251922616236,0.0010518252869383933,0.006697442486196814,0.0014199640758662526,0.0023973030083164638,0.007328818615161587,0.004835015713083321,0.6009287907859533,0.5173349783168325,0.01639574623298225,0.016371665334329356
E420_772,0.48277738656387154,0.00022290647580268944,0.005537532741993467,0.0019447413315004083,0.001650653231847695,0.007500449548625927,0.024516815491769664,0.5985404025632546,0.6322508927989396,0.005174385142234463,0.011825442996946267
E421_33,0.10168626402298415,0.007049529905033163,0.0019642754297275406,0.0064059676472658315,0.007532602277819844,0.15789297665440924,0.21175978369046736,0.11410766884123504,0.051925028854551296,0.006901240286685439,0.11139539725377456
E422_166,0.004618506133096281,0.00365499433063384,0.5816973589006087,0.5838154196287211,0.47178252933638043,0.6494513117817791,0.634403923905456,0.005508305812512711,0.011869515030470172,0.36113000713442345,0.00034830934740023845
E423_1268,0.0057846615652839585,0.5924589506819736,0.005243870243062705,0.0017966115490417793,0.0002783982014759379,0.0013182655566145475,0.002864317233162368,0.02519519015057847,0.5067845985484234,0.002753340406723456,0.5973134287666104
E424_1350,0.3996872568642134,0.004380195820984628,0.009967678784925011,0.006119535023380994,0.00334018816501692,0.021851293702802914,0.01892568285542354,0.5200554640784558,0.5383385797645345,6.230591059163586e-05,0.004812873323823074
E425_963,0.0005070397876535301,0.8636432457014135,0.0006070014101580095,0.0051112313103792075,0.00576214912399244,0.003990130527810416,0.006150308605035356,7.513263129123364e-05,0.5304079023867092,0.0003093932804567539,0.5831516765177702
E426_649,0.5227344262706359,0.0016388659014844064,0.0009420245562532849,0.003535870267022684,0.0070907606111971005,0.013090164549636131,0.03633222011450017,0.6539148782649129,0.4896705998138274,0.015556868642907395,0.006291174001767694
E427_822,0.004809479555269723,0.004440310451417894,0.633579267705176,0.006037615863604212,0.5933999179146225,0.5611708279757305,0.005818304240624989,0.0023166400529294586,0.002059781092090829,0.557578253441248,0.0026277013215832827
E428_1416,0.389711137546961,0.003857909569158489,0.0011266535356204554,0.00026115187596869726,0.003439023285333341,0.000952388121648529,0.0038402976058351202,0.7138590336668812,0.6708711895532204,0.0007174187445719355,0.00404745058458564
E429_148,0.0013100889386833425,0.6932399747402169,0.005911028680523546,0.017424246015808404,0.013113030196301428,0.006476516351615943,0.018545944851354284,0.004924360014221447,0.41262405212830144,0.003981338721444365,0.4690185962724469
E430_368,0.5318476402465153,0.005804793470109721,0.010162226870847826,0.0026411773073837493,0.0032919446872609285,0.0061519803809522875,0.016860796497432783,0.4224329169846178,0.5199057372707317,0.004696630155080278,0.007978343519476383
E431_1000,0.005062770327819486,0.004573026587689402,0.7131184578615203,0.0016878323925652826,0.5739513762300162,0.6654422092416825,0.014925028453379266,0.005616811629857973,0.025327538773252053,0.7151506021855772,0.023200028868781707
E432_1168,0.4278187445323878,0.0007169182960356952,0.0008343493746579659,0.0008026449078679688,0.0004424144252724283,0.00014808043369039559,0.0008071606473048994,0.7369613088548822,0.5673911815659899,0.013953198716208334,0.0027303627110609927
E433_857,0.003712775250361599,0.728471346255684,0.01412372404540822,0.004722697977121104,0.005094916466815151,0.004250638060602182,0.03308101772193185,0.002254271246113393,0.5986579836262812,0.007750674906700793,0.6201094781757255
E434_651,0.6373471159892024,0.0081847552874953,0.002731773881188315,0.00043614080151951033,0.0015333774941738113,0.03732733677520257,0.0042087962328035905,0.5930653894815242,0.8465374913665604,0.0007941989954323632,0.007301751746557466
E435_640,0.0017060486126322246,0.5708588398805818,0.007046030957169706,0.006606153070058696,0.00212324983168622,0.003395025829713749,0.00035047799057887687,5.618695196670969e-05,0.7996557102132292,0.00622368383829558,0.7795277364571553
E436_600,0.5356909930030623,0.0007323867031639249,0.0042483170845372025,0.0011101223644157387,0.003463682101117019,0.015253861874689639,0.015806063495605496,0.7148822877245189,0.6125042190790879,6.098922035702566e-05,0.0006119190737306742
E437_1491,0.516708852212202,0.008988743994111422,0.0008461873979839463,0.00669429979597756,0.000983578121460291,0.0009864532475924157,0.00013522815241647407,0.6392723633154582,0.5704953131148447,0.005020597607450657,0.004272128121311626
E438_1237,3.287631589720941e-05,0.7961537036961391,0.0027738377002948424,0.001747145409097609,0.0024211456349013012,0.00745608754685125,0.0009750399199234149,0.008454502616159373,0.7250037916838525,0.0035644427049105762,0.41812624686262084
E439_1157,0.4544706756416685,0.011263258839997924,0.01820369855467981,0.0007573690664275036,0.0010200845060098628,0.026401973377379706,0.0011673508294196668,0.8426134744016899,0.5219838219458057,0.003928134834330796,0.0012760610281320197
E440_313,0.4979478880840128,0.0012721544112285418,0.039401536806030917,0.0007873722183831183,0.006287980721307126,0.00029410963267915605,0.0002688541102612996,0.6466639793651281,0.5447849097001438,0.00724928244332129,0.003523027070267565
E441_325,0.5277409997267215,0.0028054276573452287,0.01864851327784286,0.0005558285140465614,0.00807792211623091,0.006070207227305252,0.06338134063804761,0.7271532815913093,0.5810891086525389,0.004485576204452282,0.021111667171496568
E442_897,0.7614180025721503,0.0017203570313122061,0.0016115976269780142,0.012729754380665747,0.03119676582061632,0.031737501010364357,0.0022897426707738713,0.7598354373288221,0.5201822082950592,0.008161591385639122,0.026705712327767354
E443_1007,0.025725192179612204,0.7140849851712487,0.012369863647626872,0.004759081131879943,0.0033976808371812815,0.018350577694080907,6.666443913193309e-06,0.013980586267520117,0.6266333908407401,0.0006286000042624292,0.6762901688085271
E444_966,0.0008979321564716084,0.700530171200394,0.0018210636658819845,0.00019120540970317932,0.0008879865403084678,0.004596722543666057,0.0010490877600719433,0.0029179084145682824,0.4620678260265739,0.0029336484738095928,0.5003910149012026
E445_778,3.26164426434737e-05,0.002816529733971782,0.0001628779468031979,0.3732319189470742,0.5333639938128317,0.680002474502274,0.02368748935827585,0.010916193720176307,0.002054707934469806,0.5656439922902442,0.004602872030966794
E446_506,0.6371617305725528,0.003871581955517202,0.0019943105389486284,0.00030081871800307687,0.0009060656351780206,0.0008083483670036516,0.0026332874378860393,0.4571174678275327,0.5211229339280684,0.0006724582687629805,0.003070748470421148
E447_383,0.5886243064372488,0.0019755791799299055,0.019587889570696206,0.011543256129663346,0.007621226128319354,0.0036964216722372473,0.0008878265226611481,0.6008305414402875,0.5200060653773962,0.005752493362776008,0.001986367533861476
E448_489,0.0005165454511036521,0.0018140816193033316,0.7358427926411313,0.0011414179623950688,0.7232575454574618,0.6537246655730031,0.001055072772509658,0.0016616442183401987,0.000570766817352789,0.7054716133707,0.0005797491311122617
E449_222,0.4520775191827543,0.006426097088423558,0.0005965831285971598,0.0018629930197325772,0.02182913278840137,0.00225702319955549,0.024345537534554765,0.6591422992125096,0.4754899518239945,0.0014026887156610667,0.015076424808482647
E450_1415,0.00043944264236499736,0.7501738246658609,0.007455183223868572,0.013074421273778506,0.0028502942346022224,0.0035691937141276585,0.0014365653375115004,0.00017368534826509008,0.39874872983219134,0.0002360422070230031,0.6982208645353922
E451_1169,0.006521639459918193,0.0015802161345558772,0.7191758511096203,0.017352408663038752,0.6854463759833377,0.6944729044691201,0.0006079948019114381,0.00031602681789076197,0.003399642273467847,0.765371331643921,0.019426005822634682
E452_995,0.0005029901408601515,0.0017886700689357352,0.0019352965462346796,0.47950250999545324,0.7208749214632557,0.5288192032580987,0.008521040033713626,0.013457022973241436,0.0025963109560789223,0.4676744518007354,0.01016174886259634
E453_1296,0.012460649672465794,0.004313817312201349,0.0008861724583281149,0.6175696501887741,0.6490583709697817,0.7385729764193951,0.005956798800173232,0.0004198435406943986,0.00410672676086123,0.6803148919411097,0.05681294017589093
E454_484,0.572472951558466,0.023443450864293218,7.659691434672008e-05,0.0033273788883691614,0.005790200798435067,0.003220308927009436,0.005507132924152289,0.6422269912559323,0.7064248537445112,0.005625778387506824,0.017166333031712402
E455_184,0.000577412328584449,0.013093453763738484,0.4496451539234689,0.634400501673864,0.7263381902630693,0.7738991208572347,0.9725752600346474,0.007383326403881819,0.006846886941914961,0.5567441649768231,0.0015816355212789934
E456_624,0.0023017393094398606,0.5329775519414091,0.00970252891901248,0.0008297950074348054,0.00161104792440288,0.0005285951145795687,0.0001078882272842519,0.005011070594602057,0.4854818910829346,0.0034314853051562047,0.5537165862362201
E457_143,0.002538437039997505,0.01178607989375461,0.5872312598341165,0.6471974774392926,0.776207102597282,0.6709418317231475,0.9520098817670147,0.003778176351282675,0.012373952909906802,0.4902220332442802,0.0002916648903915115
E458_1245,0.545053039016222,0.011198994215546215,0.006391766466358219,0.004616950983168228,0.0004886021009081488,0.0024745433304277165,0.012839842312668442,0.5993992692362101,0.40730640152267594,0.0035393180439287457,0.0006185117067963762
E459_1246,0.0009667626333246666,0.010125142378033197,0.0013390090325700068,0.7640245045043967,0.6640808370045561,0.5027694644097811,0.0007430164787215283,0.0050007851608624195,0.0003059403065472918,0.926866252017172,0.009241699082117341
E460_1311,0.0003801439497474641,0.6338047921948392,0.006301404506624697,0.005627619467600797,0.0033543533754891233,0.001040646727773255,0.01611988758090233,0.0016455856822329886,0.658479196809917,0.00031812436316161583,0.6262748409517137
E461_796,0.01030325262952828,0.0002836275702239897,0.5866423411813884,0.0029426101982708624,0.6859553188728627,0.5035176302663368,0.0030295442500112143,0.01465168925062195,0.0020561379972659447,0.7185816461806988,0.0015818106603905809
E462_1158,0.6458949251735526,0.0065653494806516,0.003649451185461664,0.0014041278394375076,0.027747617893962184,0.006069264926679953,0.002931323106065923,0.5736276542575744,0.6079777894679417,0.0036944159483439697,0.024200872819939954
E463_279,0.6530349494305955,0.00640954067772156,0.0011502869077596634,0.0003842813745865413,0.004352782110951307,0.0005867800457045211,0.009358849067493189,0.6553887109015883,0.503597982617569,0.015543247989772774,0.01428720788351745
E464_1401,0.00021074494183107544,0.01453395780355523,0.609862276699159,0.0024617589686078364,0.8733539076361425,0.462820376941117,5.541832056066273e-05,0.0023818062103357043,0.0001983139773836849,0.614876752226077,0.0037404365753322365
E465_305,0.0037124797643606003,0.009566211315510949,0.6658530948386834,0.005867801398752613,0.7263204225803848,0.6324293638985921,0.009605034840785433,0.01621942326978178,0.002269289496243519,0.5369058420928033,0.003759996191521354
E466_120,0.573000224139394,0.0007290696296827794,0.00016760016607827926,0.0014901917928908217,0.0019690860876813033,0.01389452916711275,0.033856927924997726,0.40280670076202946,0.6830082365854878,0.004809281072351791,0.3716217891568716
E467_217,0.017735806948806217,0.8560724321927083,0.01223963146355104,0.011262003339355696,0.015439407084583964,7.576722627950708e-05,0.0028113044451103923,0.01904477323983689,0.657589051859655,0.002382238085700265,0.665111672829896
E468_929,0.00023155875519782686,0.7134228421801833,0.004114801406571295,0.003574689095468055,0.009069330003102633,0.0033019841796223365,0.023549987747011832,0.001301030163197431,0.5888290840437371,0.0012637043104221856,0.70396614704205
E469_1130,0.4373049621013728,0.00033759622640553935,0.0014650196454381815,0.018316561711704635,0.0007805123807172763,0.038957742105003676,0.008795478704432987,0.6771105103917325,0.5696292428202843,0.024624264621152286,0.004206219422928037
E470_485,0.0013146482318590466,0.0003091894925465918,0.004089665087996085,0.4206441790409094,0.625527749971293,0.6704857583590901,0.018000527644598564,0.002067922328254318,0.0007088563511527083,0.7184909618757823,0.008200143043080397
E471_1473,0.00023720321280221157,0.0004067978220299321,0.0039894845033824474,0.7960979925029616,0.6697280279521183,0.6631135461112477,0.0040299888691756195,0.00025139637955583227,0.03962279274459619,0.7288291862406251,0.0009231747811706244
E472_74,0.060367588456524006,0.004379645765980968,0.00437738150568288,0.005469933629707852,9.405734213506222e-05,0.004680505986128957,0.005775831008687305,0.0652440134895909,0.2941244269451756,0.012417590723247537,0.5616730370334151
E473_55,0.3207786462699966,0.005287733434961166,0.00042019378588632473,0.0011327970507446642,0.010521838549110665,0.06742001516123654,0.140221330283437,0.2819747713754044,0.36758591852238526,0.002038666681289868,0.48308841635492894
E474_1276,0.0011767794946938677,0.001989458281716978,0.5712745588052869,0.002731252197775009,0.5219797047871472,0.5762513401916632,0.0013003893725901726,0.00022924858009750555,0.01124772304885031,0.547573284821211,0.003523444392968738
E475_1240,0.003738111086213455,0.7049927882184467,0.0017319584800640911,0.0028104116738901464,0.0035490589460633647,0.010653726404251622,0.0018927773759971165,0.0012052379112728465,0.7402297782297479,0.0058717601147422645,0.6271946408355963
E476_546,0.005467518722841092,0.5704986191353166,0.0034355400068902683,0.0007723113502485678,0.0027841916076923163,0.001695168613847896,0.010682152430923422,0.02257638883370433,0.6539520962124191,0.0012952857331676917,0.5283640927009475
E477_301,0.633774190681184,0.009959907346446627,0.009362962705829654,0.002441888104482744,8.34470125730538e-05,0.00016934935519204289,0.0076357808715333386,0.5831403436881023,0.5438739572008637,0.019193280243121412,0.02022280835001501
E478_602,0.4995776102133904,0.009652775034041366,0.0007425056346708245,0.005071490707018201,0.0003622500270028287,0.007406144094475072,0.0028283023497607824,0.7545756979672523,0.686250985170825,0.0028528171908759744,0.008927306370603684
E479_164,0.003749139323487833,0.0037219979255219103,0.5353855158498054,0.4058117533326,0.44308664507570245,0.9664097842117577,0.8431403062550773,0.011119797196330194,0.0007025574944601948,0.495132415361109,0.010797693451706608
E480_974,0.594307921237017,0.00733023699778423,0.0021643364930425918,0.005673569470879637,0.006895661269090535,0.006065312929561701,0.009615535195135966,0.8352600369993899,0.4826519314546407,0.0005870369502200184,0.0007303349940237625
E481_1081,0.49493414119969553,0.0009191009234803267,0.0009828672047926324,0.0007122917617758939,0.00022729779044904306,0.005781124341675543,0.0020512238847033687,0.5124762578472979,0.48426856113920397,0.05437033650747465,0.000613205722075687
E482_1480,0.004563835145807154,0.6913728882275317,0.001491967756111152,0.009900809342204426,0.006977561372637376,0.0008669211599257822,0.003434123904993896,0.0002713784253193352,0.46168491365597597,0.0014491833912834364,0.6077927146987321
E483_553,0.016471554000150046,0.5553921024821175,0.003603481870171493,0.0005310524810326756,0.007325700759959632,0.0033591237864216326,0.01899728860326344,0.005394850702017188,0.6854610404442205,0.0014426577079495633,0.7435151025865913
E484_235,0.46218212692483523,1.0911441699809359e-05,0.20121770119865595,0.2090048223883897,0.5811510374245323,0.7673696291939059,0.6883826971767669,0.5825740618792402,0.004315916224999308,0.6454751949951363,0.006584839082227386
E485_933,0.7006491696446955,0.008321789727216504,0.00927125785349901,0.0014987662384726716,0.0008578991227979405,0.0014756631111148297,0.003781640347893582,0.8263127469134438,0.6713281442568428,0.0005397436370479837,0.004407466647013738
E486_279,0.43628327127320676,0.004152827753203863,0.00572979168330456,0.0021735091957862784,0.0021240074499861692,0.001619280224357923,0.009175143603901897,0.6780555985577247,0.6473973110401599,0.0024492308416383507,0.004880318364198201
E487_10,0.25170635688349846,0.0009915069186318107,0.002592962958143937,0.01569958435668643,0.0024099405967548983,0.05779870958338689,0.19678819003458914,0.23272099402251661,0.19172267225999895,0.008242150470932049,0.26860500735475845
E488_1447,0.48912453453450055,0.009937587147476815,2.112517663999949e-06,0.0013531546453671784,0.0003925342445415827,0.0012630620327944066,0.0007692495233631927,0.7717486288923008,0.4423907110809645,0.005547995161864621,0.002665666968410287
E489_1379,0.5222947366641276,0.0015460819903326847,0.0031796839518879036,0.00493799378221859,0.0038448623995595184,0.0014425147930288288,0.022246435232556552,0.70605301891483,0.6250887721494123,0.0010811522278489467,0.016393483038636074
E490_521,0.5118350066127615,0.011424596570204766,0.012656950014687673,0.005918482841544388,0.005482806621471688,0.0027437102683117525,0.016466115090578177,0.6976465725155884,0.4884410124362312,0.028853886319816908,0.004234354696479394
E491_835,0.6171892645824408,0.003483833258425914,0.012560967469004798,0.011409392918223172,0.0028683587806880954,0.003213489576431884,0.01298220300603958,0.7662898338073916,0.4134630995203319,0.0015636494957933606,0.013988142697924704
E492_1206,0.0023323596393548564,0.709440448397316,0.000999622617830268,0.022520802100908965,0.00045960432080170737,0.030496507010447062,0.0028142960934872544,0.0010858617898888154,0.577090985010704,0.0033112889213418356,0.9017572049493366
E493_1313,0.6357193221471849,0.5024621182424406,0.016315002784573557,0.0034765783465414953,0.0031984610964426426,0.0013906248917013447,0.007615977629034243,0.0005891102872314535,0.8361362072629064,0.0022047778625899003,0.5028611028832691
E494_1392,0.48577289682014374,0.007766378826895683,0.007659102350578958,0.0012848972257089332,0.010738970742357773,0.01100473596143122,0.00909868155623639,0.7029533986288286,0.6299785126919062,0.03942686716921892,0.006336850051851582
E495_1457,0.5468001291115109,0.0015060468110954463,0.003485750648936664,0.003518228465525694,0.0016384710442201723,0.0014973969827675514,0.02280292076972361,0.6952917333371419,0.5929567360861514,0.004296483146806999,0.019970296793159953
E496_1469,0.0011206137439301498,0.6301829789011592,0.0026300997922764423,0.012679721522293129,0.0013092061545301118,0.0198247595812214,0.009899862727032253,0.0042714331959065694,0.49102283426024496,0.0032082368786943713,0.9391008986477722
E497_645,0.0008852713815509135,0.005473843583133038,0.6967980862885056,0.004489328304199242,0.6284674371909723,0.6385283407377079,0.001530223805304735,0.008886192156881906,0.003487220112389376,0.5968653800155523,0.0038640254693057545
E498_814,0.49770201145164517,0.008431200383927874,0.003459933183553602,0.00021128487691049333,0.03989202592485156,0.003799571915204988,0.0003513757710259964,0.5780336358616521,0.6156306332693611,0.0012751994567744575,0.01640861338570858
E499_138,0.35577234313392353,0.009513174403709981,0.10537544409668415,0.04033707212130719,0.04340203553634089,0.747094082541188,0.5814849365543244,0.8085414756377464,0.10093463212371787,0.08570395599930454,0.004643834772484051
E500_1129,0.0025341967507824556,0.5562125501227787,0.0043123798490481155,0.003954137297302916,0.009571229724196315,0.0005818813136396475,0.0005218755053324839,0.009936424016042712,0.6901190260496698,0.0039042830549275275,0.7249666000363523
E501_620,0.545679168324523,0.0004003847825254368,0.00386093072095532,0.004356630249024254,0.011414509332032143,0.004286876940908524,0.0021576857672218875,0.72718271370294,0.484263860668533,0.006796166993858473,0.0023758408087690554
E502_43,0.025871677997478755,0.0011921557172597432,0.0003179282264005059,0.0012571241793514856,0.0009155746234088231,0.0652504205909379,0.002701123471277716,0.05886833632743288,0.39988355961226935,0.004498788070191375,0.4309447210275137
E503_894,0.6309793073821999,0.0031575993313476694,0.0052554526419356295,0.008438349819622154,0.004354609273724896,0.005590779187339414,0.00041488579283075855,0.6695504637208267,0.6458642250703301,0.004892950555659689,0.006119215040888257
E504_893,0.003943447378983382,0.0011864266723941687,0.5179692053384461,0.004291279919879912,0.739958026691684,0.6149883761897103,0.019987555966147864,0.0040109375996234715,0.0005352964103447454,0.7550086140111127,0.0004395498882091437
E505_318,0.03373733655016405,0.0016554977864391728,0.010764512542943833,0.4909308110874555,0.6259026944269322,0.6531617208113452,0.0004181137057612869,0.00086324330557014,0.0007906274144152238,0.41182584814824097,0.003892773723179957
E506_1071,0.00022778556909772155,0.0027264528690894006,0.716282976701127,0.007792071590958447,0.6769363232750568,0.6229232403995273,0.001601458768447954,0.021707175691298514,0.01859282396344505,0.7431984989036928,0.002517427821644483
E507_518,0.4645542854469,0.005823993203045024,0.00019582886865597516,0.0017540340438205468,0.0035057632535711513,0.01428371506516357,0.014906304588006715,0.5696971310539852,0.5578674137816977,0.010987253781025916,0.017910680468808216
E508_934,0.43406888263806326,0.00369596726799167,0.00362539185834221,0.022732988085061575,0.0016119382109015942,0.0003922759766650032,0.0024255336910920695,0.5364578334544369,0.4362418953661837,0.0032334327487693656,0.0014521575731884014
E509_96,0.291416787092009,0.001512781144671527,0.0059104413656243795,0.0017313531576900458,0.022296492352674405,0.0053761405543658125,0.01240243869449348,0.49938629053824235,0.5783379069959448,0.004252113644191893,0.614717544771794
E510_1053,0.010678962603390754,0.6244364335047287,0.00299876631605539,0.004957473319047737,0.007290049689444712,0.01193222380907568,0.000767124898162307,0.007348260751849211,0.7798430613944811,0.00026465940108825667,0.7840240348235068
E511_322,0.6103916440609382,0.0007183575627607056,0.009144610594560825,0.006747933393183545,0.0044615582859204505,0.01861275335198159,0.019080819994422196,0.9590916015160245,0.5173163261549304,0.010516086866161298,0.013010328475353848
E512_624,0.6221987146610573,0.002868787275912197,0.028397475675122897,0.013642477828968508,0.007815561965879231,0.020995073512260595,0.010691854522163301,0.6162901906325448,0.6543352126991413,0.0034558663400277786,0.003302410415665328
E513_899,0.6197190752902708,0.01452984354093647,0.005176249632275387,0.0025052943171280173,0.007002484556243958,0.00103076629299075,0.012242273343923925,0.6144399864625453,0.6815159572653811,0.013134724436795319,0.004901072637582732
E514_159,0.0005985289222455023,0.0012311016827622537,0.3085928160833366,0.25662949023538556,0.2507859212537742,0.8458722888898876,0.8118814064969092,0.003478353248415627,0.00029655140414101827,0.32213985826174985,0.00927962121405698
E515_939,0.5258154002269791,0.0018075278527846898,0.003381707869245685,0.005391880700092443,0.00020966746248727794,0.0044270257172256385,0.008088431334135945,0.7696256442414664,0.527914453205903,0.004898116415314687,0.00457701181170349
E516_8,0.31415623933567066,0.011714480575376562,0.0029244900107599442,0.00037743387911335914,0.003537219705413747,0.07854493934376583,0.3359032809677002,0.2235554234742563,0.3105048526614998,0.004414724802645722,0.1458467491334318
E517_1171,0.5208621349393068,0.0019109970190522337,0.021621663361946007,1.0343817503095799e-05,0.006575685977552378,0.0025781443509049714,0.02464471027554027,0.671706885254219,0.6137862557036371,0.0036641905880009356,0.01989251486522667
E518_382,0.5865549833630987,0.001492325333653352,0.003887831365036742,0.0022963249313293047,0.009710046165912426,0.0050952990049595425,0.003541035026642459,0.5365462831091852,0.677313332583546,0.005278327575003173,0.004581888672025601
E519_1134,0.0015462074500520804,0.005536212325945738,0.0008272320827332717,0.9081372737879956,0.5369318388582492,0.7247730285090667,0.005758919951736518,0.04392148632859949,0.005760597681524589,0.7874711357531163,0.001792146902280104
E520_769,0.44670881708398036,0.0033545662173325914,0.015153624826913124,0.00027022382415255094,0.0007888892144048368,0.00047002933750780063,0.0016218539626046851,0.6185038174407628,0.6702637833296915,0.014517018886079524,0.001985879307551606
E521_109,0.5119299051426934,0.012080247556889426,0.0017566890561075226,0.0052624433629418245,0.00032861066259621033,0.03893811112397317,0.004682934207608361,0.8840944204681545,0.7116704375829829,0.008467912716002677,0.03378059976053232
E522_286,0.6158092714913216,0.031017660888082478,6.216774580806128e-05,0.0028522541143939104,0.02407896396543393,0.009316492729655812,0.0006722711316621423,0.7139411875972033,0.8319175160604458,0.007766431866050615,0.007953783336715895
E523_309,0.43715233269921905,0.0009830861074643957,0.00040383306848510244,0.0035107615791375294,0.00234099306763216,0.00037015522225838194,0.0008958204387138865,0.6644070054627529,0.8612435025646161,0.0024510983775867675,0.04426468834493282
E524_911,0.6304040799914356,0.0036627351652332926,0.0332548992320087,0.011586643059670835,0.026212109730820842,0.004477157326044948,0.009976735440427827,0.4856045597159934,0.552187534336698,0.004849720851476565,0.0058306733022078176
E525_1261,0.0001269377340672702,0.6810116306805644,0.00033045095028417186,0.0018654860293458614,0.002071055823914447,0.007394158564300881,0.012540880484500859,0.001603372933754079,0.518801529280627,0.0013048748589480957,0.46127987518399555
E526_823,0.6403283610652813,0.011673500011531526,0.0011513679381587943,0.01133503451701439,0.006529891575718056,0.0024504913638701063,0.036106109036022495,0.507806123420987,0.6834124479616333,0.0022068654669210376,0.00229054308414676
E527_651,0.010085976023034682,0.5707401073707755,0.001589761010773813,0.0002891920023679371,0.0010233692144177168,0.018213505954757833,0.001546399584310581,0.00028474234210373764,0.5541025775458326,0.004134892887370478,0.7130094342472497
E528_448,0.6764479205823913,0.0018560279158057146,0.002301595749782261,0.013484354804102892,0.00525680770153458,0.006754335774680212,0.000853432590507522,0.6484528230210973,0.5053690091224847,0.004046905491755088,0.0009151857201155636
E529_871,0.00451602676236494,0.51678286301327,0.0186094609581064,0.004491977319313369,0.005714592229195711,0.000986190110130198,0.0014656256612820614,0.004403528039727518,0.5104491362627082,0.0027578418092997128,0.6199507717374974
E530_285,0.5571923753100193,0.0004999221657554686,0.012619227720382382,0.0018930166499484015,0.0005805430365519967,0.002768429203831211,0.002356170843807057,0.6027302485448517,0.529341370916885,0.0005531197269759282,0.009002767038195568
E531_835,0.5626474659743743,0.00046100537965012504,0.0002463456451878767,0.002785393150848516,0.0030592947135617355,0.005764125534372093,0.000395466123915291,0.6680370672522028,0.6072834780772258,0.0017028129743242198,0.0043960727056070485
E532_454,0.6086556559628409,0.01449019537647693,0.0029135229357318197,0.00028635852437827096,0.002475488033665857,0.005574450355367851,0.004180522462837706,0.6177236934424245,0.5858803067440708,0.0012966131714279164,0.008887412505546135
E533_896,0.0011822507041973022,0.5547506998384394,0.005323320066179558,0.0008705327252054551,0.0017425104611725887,0.0024158247465409072,0.015573873891173621,0.0073212769550249825,0.5213002235693582,0.00322464691282046,0.6120650626994933
E534_366,0.5139760229121173,0.00192516205853152,0.002945849319577184,0.008303553438882822,0.0026155832720019356,0.019892106648082043,0.0055148590254022545,0.6114040516232223,0.5146671729469627,0.002994625665465897,0.0003966623226695768
E535_1358,0.011249542498033251,0.717136908800257,0.003921292231953673,0.012120994169184284,0.0016490905127344163,0.00012025991770479771,0.010729176552946975,0.0032371521627908334,0.6264591795996864,0.009089362484821884,0.6580095333705743
E536_1043,0.45793554844880957,0.00398904410396349,0.0012685535266196907,3.122904945459338e-05,0.01732834825965108,0.01820327706971346,0.0073645918291792446,0.7008812457703957,0.506622607332887,0.005518540504695363,0.005296474703853519
E537_544,0.028274289854692592,0.009651271299547676,0.003476170180372554,0.4580998419665492,0.7224238932921622,0.5606804207263966,0.0003921858501724806,0.0011319980508341064,0.011891755456955307,0.6128866014247304,0.0037322407158078795
E538_377,0.0013676331380212527,0.7539846881241554,0.0010196792773010178,0.008233040234268818,0.0026269852176957916,0.0024980452949371398,0.0005350466028485334,0.008132644920717304,0.6377743821236296,0.0007513012874255031,0.9660118077462639
E539_1147,0.5947054154512144,0.03654530561507432,0.003115973518794948,0.00925448920837348,0.04875614498136133,0.001639580418794183,0.0045584305117129225,0.6437963873725943,0.4877088756207411,0.0018988056172171807,2.3227088265189794e-05
E540_831,0.0041494332578410715,0.766267223394132,0.010046524623131542,0.004743017173248434,0.0013838883707391247,0.004529577109503941,0.0015288484812951567,0.01819036549259838,0.5848319506707047,0.013796236725992854,0.67482214764202
E541_394,0.5840077084994308,0.005532892802444437,0.000675366588116845,0.011257230136933477,0.0077140658921384135,0.002086641347002612,0.0006584695251578518,0.5829564056886708,0.5169563114116345,0.0048469835419357,5.5413204325440315e-05
E542_430,0.493709597757143,0.00037297236432468745,0.00423113861336465,0.0024012721137109637,0.0031345273421285,0.018067411014997446,0.0026213424923940453,0.5812414616845147,0.5049282191811222,0.008800350057262993,0.0010500352329500036
E543_1345,0.5088589705681122,0.0016325346559098591,0.0025905615091756,0.02540854788644441,0.003895153173034294,0.015747608289684904,0.006544630127946657,0.6978320520116617,0.7325747238377591,0.0038229271958198042,0.0032306455392932597
E544_1015,0.5219560578660024,0.003241163458271067,0.013503023168965754,0.00041693060694069213,0.014544981376342348,0.015511519763457568,0.0005940682828276409,0.6454631919179097,0.5460886692239001,0.0007678759271558984,0.05265903153409831
E545_1067,0.47027552212029833,0.00047088517345036116,0.001987028036332814,0.0033622047652696655,0.0007055014511848554,0.013917411777996215,0.0009114903565738327,0.6374768014736104,0.7499953722126665,0.004235761821707659,0.00113938397208168
E546_743,0.012907745342928848,0.003810602258977337,5.002470188120144e-05,0.7396455264387962,0.779115645456352,0.5749017538531302,0.0007292175453504403,0.0020343394370772646,0.0008525226243966163,0.8123342323029313,0.011504568011623136
E547_848,0.6604047634170999,0.0057467555693973445,0.00013713282030119962,0.0020066700759493214,0.00043832629109548355,0.0030521775415151926,0.009116450983929655,0.6609047917105172,0.5053513009145982,0.007094979894247116,0.0009749884094336455
E548_1490,0.5890370963883941,0.007135928638331703,0.00010975662230552602,0.00046397418407240096,0.022924823167449045,0.005794463791201435,0.003980308828055394,0.5379035025146837,0.4468408165756155,0.004396855006007516,0.0005992565891756967
E549_888,0.005993624704581395,0.6741539533947938,0.004919174609822746,0.00908852298209066,0.001866110478643501,0.0016107998378788134,0.0026394949593987827,0.01891152894209687,0.6767842970943005,6.765491944825538e-05,0.6075354442585219
E550_186,0.4310100264344832,0.08736767338975548,0.007808165370134433,0.0014644408861030228,0.002621841001083677,0.0059549668347876365,0.005968191759421979,0.5485961602005612,0.5685231910342213,0.0015917726968787869,0.153240961160716
E551_1099,0.550805696221513,0.001257811505091353,0.00024962916506590465,0.0027365717206619027,0.014153062824282251,0.002399264044268395,0.0051445433131528185,0.743398995432671,0.4627964500628468,0.0028107409048078766,0.010185528579261159
E552_280,0.000871253409665624,0.010367581541712037,0.002113098042314415,0.6393952082891968,0.9058262340879746,0.685907001530484,0.04015805821976926,0.002816788374438899,0.007141625389809026,0.5935089159884448,0.04037784486379063
E553_876,0.007210148365937801,0.7557086069506971,0.0014353854763410295,0.03956124548295034,0.013555516442022431,0.01637003775230381,0.016220267509710635,0.008790484608253213,0.5327158707658819,0.007289123234554322,0.5107009701827924
E554_1185,0.00615689244063966,0.009420969492731485,0.6545182507813737,0.000597692660408513,0.5689893408820375,0.5377640598227522,0.007358635555699241,0.028886835627731318,0.002577950932903567,0.8275426285382568,0.008146118346995235
E555_551,0.5368735427651848,0.0022343551703233305,0.003343262189587742,0.0026690670505062773,0.022258198631727618,0.0016858113925203408,0.0119539783828761,0.6265827698724539,0.5981712478472943,0.02648148732069123,0.004879024058693873
E556_1242,0.004519750626375251,0.724770830163186,0.0020668872779984943,0.004413779317352055,0.0011174660264820513,0.0009945529873187872,0.0010904469006650895,0.006786289759758175,0.5838858442623088,0.006002346847347405,0.4923953229747352
E557_797,0.0013660563519351885,0.8346485149059971,0.006412851822603951,0.00042969243425076807,0.00023961953643259943,0.0017033840549653583,0.0031078216885000614,0.03408815422377731,0.5498820653699433,0.002397452588515981,0.5471566666743092
E558_1331,0.692546929021108,0.010672393768096684,0.0007110224634181529,0.0025097069874894006,0.0030546847003805576,0.0026207658563710905,0.003949939524658596,0.7435493729278991,0.7071365670092152,0.005848044661095395,0.0015506021273903763
E559_372,0.006496471149279897,0.0012947509801660589,0.027369984544111183,0.5374909646110468,0.8832988548934155,0.5468533519925292,0.013160064995913929,0.003482405090372252,0.001318871218046306,0.7042675328347601,0.006338826847370231
E560_473,0.5577329159513326,0.5241431622964329,0.005388177411515927,0.0035980263023530066,0.0016238377529969846,0.004297275387746784,0.0015121013506973547,0.027772033217516583,0.4888535381307074,0.0011132578344408804,0.6010294825236732
E561_331,0.003975924706296009,0.007424117783246605,0.6582775514859631,0.011572391034971452,0.6611594070111307,0.5198942103416382,0.129897697563342,0.11334865990333685,0.011233436485012821,0.7144755111158042,0.007918781417353978
E562_691,0.0004796702385344554,0.8372430031651295,0.007565241829075613,0.017937516586983164,0.01675117455824262,0.007332751175793431,0.006976732431325842,0.0032647816242399254,0.6226678419121068,0.0025742909832264507,0.5190631555300101
E563_528,0.4790461595707397,0.004316098158565453,0.0009570829936760561,0.008360196497357045,0.0025145231472932105,0.001483613936056423,0.03132661523323647,0.6555556487837824,0.7072056955905028,0.002429885556103594,0.006830926795868871
E564_499,0.0011294385397216792,0.0007645217094155248,0.000773276999254216,0.6654056899506988,0.723299957365945,0.6536280263364506,0.014060957414011735,0.0025738697075566954,1.5046872731255519e-05,0.5652159074606491,0.006787886773801935
E565_74,0.5953189785727745,0.01391984394979512,0.002456222153583636,0.003849400603693523,0.0037871852548377145,0.1665676021999853,0.3290127347009183,0.6784413779268577,0.3415292064197054,0.0025906845142896194,0.0557085679268665
E566_439,0.6200019171362593,0.008090192765802489,0.00033412305405860327,0.002092662200602973,0.012440012178886295,0.0016068229809321594,0.013061606969133843,0.42997092204820664,0.5297439100111674,0.0006789238506328232,0.013982757960942374
E567_765,0.3966919297857317,0.02171560814321952,0.0041319582164918624,0.03166740238689935,0.0023479052772438862,0.007367542149213471,0.0019041420507468203,0.58616456897383,0.46311947114273,0.008262569182567854,0.02264673650922437
E568_1184,0.7503080048220592,0.0019836930856445053,0.024110577541021836,0.0028678188751103183,0.008368840385974024,0.006067619522697061,0.004919953116816395,0.5192223928193391,0.5597508275971461,0.0012794087282792638,0.03744878306796285
E569_1349,7.018846640934595e-05,0.8233417343362817,0.0037549315021510495,0.007656645641747595,0.0021626507594598,0.06817402417495397,0.04188723477442107,0.003878633342499515,0.59901648996617,0.0001095297709904914,0.7384661261972388
E570_332,0.01604105019333161,0.01934681637582113,0.7350668481688357,0.013722494739507114,0.6793632849912724,0.6248332361673189,0.0054990981245676635,0.0006554658367534129,0.000123335835977169,0.7279442829282822,0.00041046747226670293
E571_414,0.014776236204401091,0.6577810699475284,0.0011445250425001603,0.01086008717849456,0.013776296017292846,0.0010155786785784535,0.022519051608434204,0.001504393443664374,0.5939007862288057,0.003248858786528409,0.5865114466695316
E572_1196,0.6902744035827039,0.0006819578415010151,0.00627498112718047,0.009114191544770294,0.006210011209855642,0.0017434208761050805,0.00021145116375825243,0.7831713704254536,0.6120030420997394,6.798380240053205e-05,0.0004361520882152526
E573_217,0.4830818965605473,0.011943584649124048,0.000453142798044401,0.008276840260832894,0.016195532603045317,0.013574442335915978,0.0005133904319837264,0.7798760195471749,0.5614605176368374,0.003975014097726151,0.009193576676445213
E574_825,0.0020313304749198144,0.7690331859791776,0.0047288122368575915,0.03375104230494624,0.00517219078671656,0.006651081030194615,0.00022020707945950138,0.0004651331893411536,0.522653489886052,0.0024777686007088975,0.7084424709947461
E575_1069,0.4187840033063812,0.010753524854106907,0.0009649634874941229,0.0016290392508565882,0.0009444532717292603,0.0003485768586802643,0.003791735508043679,0.7760555433272485,0.5492268104264157,0.0046557467685921046,0.023624543196488577
E576_1025,0.003288363359047806,0.8219868950602797,0.0004179583626940581,0.004796635271042067,0.00015257640321838164,0.003213979205652881,0.0003665681898955462,4.4895503982593874e-05,0.6264658972642022,0.014852987049616304,0.54640967185539
E577_749,0.0013862869757131026,0.5466383587988446,0.0006512198506907572,0.015875100613928494,0.002245088486199786,0.0004912310113727615,0.004325109059035096,0.0018493556941997804,0.820304261980845,0.006593365535685618,0.49107140398796
E578_337,0.5965478761920011,0.0006268773073428933,0.002773794782162084,0.011739882892297744,0.025799030652410366,0.0033578084952381065,0.03423249601529783,0.5913372190608861,0.5557179891039065,0.0028504483144070735,0.03945070271758768
E579_590,0.5206975777904909,0.006532068082670855,0.01283503756379665,0.0015102465644765903,0.0740914929232974,0.001818378112602374,0.017272571089191335,0.6479795095979953,0.6285498436379499,0.0033109628472046894,0.016035584314225727
E580_700,0.8070587385981545,0.00474024546516026,0.0003931379981782868,0.0008292767670779046,0.007126484446907188,0.011096041261456305,0.029006307770682922,0.8241148695774778,0.6332916889083,0.0021391597939763828,0.00408877511201662
E581_104,0.47193486127217144,0.001154196811472718,0.012998603252436987,0.0004805544857429252,0.011709906299347103,0.0037878613819178754,0.00131064320025308,0.7412609092874591,0.49324714014136933,0.001435854859589912,0.037466596098791466
E582_116,0.023241432580842353,0.22542391855703492,0.0221316932921675,0.0034721419945764266,0.000641478012203853,0.003523808828196028,0.06197315405210975,0.009224049802643762,0.5923186055580897,0.0020916383199443334,0.6174784473127812
E583_493,0.38370045698779415,0.00998453547187079,0.004432015083735827,0.0019570047742387266,0.008885902167526737,0.0015730317607674264,0.009998689082211517,0.5214807014969981,0.6234712740920837,0.0036487525965066166,0.004715040146183489
E584_1297,0.012167148318917605,0.0025564654045649414,0.00281927204810258,0.737298827425333,0.7829180872159655,0.7922023561760013,0.01819154850611754,0.0032708512880713137,0.001694881736576137,0.5243566943394682,0.0019194925109397498
E585_105,0.40701466422133714,0.17969749020022624,0.001567211937883433,0.0017199882980134457,0.0014673987241327225,0.01212308347307643,0.004738003364841398,0.7668509878668506,0.5836822711786553,0.002419133310605764,0.42437562971015813
E586_441,0.0013168435859441672,0.004670104012964531,0.001588753304763098,0.4692991423830358,0.698235218219053,0.6870925323143496,0.0005376050611114745,0.009520948206262873,0.004664357409952168,0.729084116716694,0.005680105419594826
E587_206,0.3810018945238633,0.006254476569045019,0.43905801561132085,0.7132137384047738,0.7016610718100549,0.5827673935921104,0.7802418037322322,0.4950368405288433,0.0032719517014988928,0.8039533020400623,0.0005896273383354909
E588_867,0.5113684854156956,0.0014620926889916648,0.008091830910660461,0.0010264812002926769,0.002959091699591273,0.0039811541664101805,0.032116184573844526,0.6626284742555612,0.5555035873566931,0.0014336701562482985,0.08824297085067956
E589_1256,0.00027895199628151306,0.6841398724102145,0.0029707754819516393,0.012438107308035346,0.011156115138867172,0.002485012820166645,0.014509239829792646,0.0054384253028692976,0.4978251492508153,0.0011201157705911663,0.49897199334158704
E590_1292,0.0005132236889900397,0.0050775811729712045,0.0007559275572055429,0.4511708263784474,0.8051186656235436,0.6988253486595593,0.0007038531758403595,0.01084640565968305,0.004121540238712803,0.4376686318602066,0.012266735842657696
E591_124,0.0019116365598050296,0.01986448168437816,0.0011172764265920587,0.0032805491911515176,0.023135730056023512,0.14455242268568094,0.0650277673180267,0.01804257754141811,0.13778055569579314,0.030813188456999353,0.1882170716193204
E592_1033,0.0022850666311106512,0.0007552524551512558,0.673708066970785,0.01622088040071114,0.7556348896692057,0.4902484889679558,0.003512683278601985,0.02767123720728892,2.8120709263464304e-05,0.6173175302594658,0.010140388545120515
E593_453,0.5672699161206454,0.00015042140720665173,0.0050079085680993785,0.0103289801479191,0.040412264639688986,0.01666230387349858,0.008788850106346904,0.7387148061018513,0.6262234482628336,0.004021545114456043,0.01885387358515302
E594_84,0.011099565229532064,0.020051323747161096,9.146054721359264e-05,0.001667497709960673,0.0047987687877431625,6.30419549028952e-05,0.032756923497190685,0.001457090680031106,0.5578454630704112,0.003046957951929168,0.6701421085293768
E595_1254,0.001250517112495159,0.7149675260383765,0.0010074559438561436,0.0007848945561999427,0.0009731905121071885,0.001947488334468199,0.0001497929864867493,0.009855742284391037,0.6653499581388693,0.000699800650260178,0.8027961587950818
E596_83,0.1935869801999062,0.0004217924228188856,0.0007215087525783374,0.001311259508236813,0.003028584183384307,0.27786881946050396,0.20866429658961078,0.37868678203343425,0.19186237452722416,0.004082328235899726,0.37241361923880273
E597_428,0.00077119411731328,0.005805703368221596,0.688729804339624,0.0009690730620083657,0.5672925130852029,0.5665877682970344,0.018249937518257684,0.0001510187564602556,0.0008597864705795027,0.6043041940320175,0.0019162763967870773
E598_1017,0.008824528900156905,0.0005030843764652119,0.008150033862456059,0.6077476303542282,0.7683917887534211,0.7422963836443054,0.009100594079392623,0.005190151721460262,0.000773507062494888,0.393108357286889,0.0019855953743818464
E599_778,0.013678014248436229,0.0026447173062732234,0.00749031951429399,0.8201949642692979,0.6432371995761177,0.6565436574355419,0.035289761121168474,0.0063318964654472685,0.004472324538790967,0.8184631590833567,0.004222312400432477
E600_867,0.0005234346515215742,0.7711376386997847,0.010149528137192047,0.004231983972602799,0.00072420070106431,0.007925830153908863,0.00039203230273876147,0.007430658182424554,0.5663743251236845,0.014699340790247638,0.6389627826840631
E601_749,0.00421977133931367,0.006576943144760609,0.6594693977698072,0.003782012932419784,0.8573954102388001,0.8194161509053893,0.0017267881603611106,0.00015177719147208503,0.0029677600630456293,0.6177104813122151,0.0014615097022361212
E602_1020,0.010029933780787112,0.000928326194399375,0.0026278426811891967,0.6130836039238773,0.7621786032608201,0.6247509025911097,0.007748945497071412,0.012538518370746054,0.0020916724730718705,0.6212693184433385,0.0028523532396776755
E603_35,0.4711264468908815,0.0011437367401690253,0.007113109091829164,0.0030425685742098596,0.0009793274923138606,0.10303013689816672,0.08944346156668886,0.4389065001371911,0.4600855953494702,0.022467319047691198,0.07725042897573489
E604_159,0.005127964334313163,0.5827453177730473,0.002434020862801804,0.0036581447644169355,0.001288254827984671,0.0012562171635651727,0.0005962762421241117,0.009037657449600108,0.6013808646016633,0.00491052410254896,0.7490369043153539
E605_1336,0.007076616079986,0.5843016710310087,7.42484378313323e-05,0.02010660253489715,0.0003429660601862596,0.0045443826792491895,0.00644967319207263,0.0006248221628165294,0.6861902708490588,0.0061199440736864116,0.4953572158285674
E606_1016,0.000698721721918525,0.0029128411400782457,0.012090450052478859,0.7186511781368292,0.5749177565338006,0.7396818986876981,0.0006940611001462225,0.006555318908601788,0.0071706053077460015,0.7336764140397936,0.009623472035987006
E607_1033,0.5488930877043748,0.024948983047069252,0.007428141298641407,0.009822176429528193,0.003506277447827144,0.013984968893039436,0.001863451232095239,0.6512859467681482,0.6648208121043996,0.004638791468393478,0.0069891279374886765
E608_818,0.6329899728198641,0.00336384807547408,0.033965138732801055,0.0014870859835415615,0.019583409196371318,0.007952460016291268,0.0016341716344746473,0.6629193244870264,0.38049696800807287,0.0004175623786543794,0.005396233669686472
E609_1289,0.5510363754497752,0.0019378632881126745,0.00039980491020027097,0.0025651093461345953,0.04917336751524173,0.0003463799525982538,0.014648118252583641,0.6700662169249867,0.6617501075676636,0.0016842553967203668,0.00553800025764951
E610_1133,0.513024027522672,0.016630912693379418,0.002757314639880953,0.005580038641145839,0.0018132689739911144,0.012083873660893774,0.005766679066361094,0.792114276114515,0.5919514096540283,0.0016379005319431244,0.003158273367607695
E611_1011,0.007786572628092807,0.0008118951207273478,0.5711331952038948,0.022581604723872006,0.879804853070217,0.6879952847891775,0.010829512941405134,0.0024284639601268253,0.013393034852444648,0.6536160856095186,0.0001085819925240074
E612_1160,0.017009196641429174,0.47848376511871793,0.0003764626178818586,0.01442279766136992,0.001223988243776564,0.0003187954834581828,0.0011779342561070952,0.006868023393920843,0.48130105547713853,0.0022274999200558913,0.5877183016846089
E613_1496,0.529087072615473,0.013552320393308045,0.014140950616002075,0.030925484589436395,0.0008525953882161693,0.0012291637391038444,0.002004450801145651,0.573421958110833,0.6067536320690343,0.0006016750332753819,0.007475889145545224
E614_108,0.03810986207163389,0.004357738652439814,0.037651827799831665,0.01837039817974223,0.04823571054265308,0.5125376249243773,0.9762583396733062,0.0034052322464421976,0.009866976963114686,0.022789566248527647,0.005026385486250012
E615_521,0.41010634701208487,0.0037555482511831776,0.003301790096323751,0.00023463542188652392,0.004173131731484257,0.0012319367722130293,0.006345579864164631,0.7250218487455068,0.4485341730107856,0.002257653686106872,0.008819155338730756
E616_1039,0.024112427313444058,0.6745956536907496,0.004420704671466959,0.002885268465664751,0.010233606860602281,0.011422289227383331,0.009418129274542456,0.00026441353688053365,0.6364407756613608,0.017386706880884797,0.5661309871660568
E617_830,0.4274546089053831,0.002082312978103278,0.004404411337674798,0.005060147228576114,0.0022779792317455462,0.0050593608805185614,0.00032810198616742465,0.5821091434587329,0.6007133406440623,6.029086305730708e-05,0.0008760752499743903
E618_522,0.015910299878627594,0.6934023152075459,0.00012958694772909166,0.009192319763957943,0.00044924946981272814,0.00033868273966502837,0.00037577226512398274,7.58395672917265e-05,0.8268403929102164,0.03079285223078778,0.46980634685903494
E619_1326,0.6945227063315299,0.0026400314647599403,0.002582100763767273,0.001482339110300287,0.017531629684188116,0.007322953094543252,0.0032999502325108785,0.7690762342647003,0.4822439083222717,0.005933063467527714,0.0026792158550161976
E620_282,0.001226559802631334,0.017135360252372802,0.6361707607218863,0.264913920285979,0.49870845246784307,0.5640143660597684,0.004695730889422232,0.5669567248759939,0.03215141240946624,0.5159214915659139,0.003086371840016138
E621_982,0.571470106872899,0.014436172146340649,0.0020222431764077603,0.0022668294750872522,0.00043849357646690517,0.0025122893999799663,0.022999048245258488,0.6761943319889405,0.6651133061470722,0.04346642635435425,0.058673376851475084
E622_1027,0.006478349814620811,0.7261813991191202,0.009444157923330776,0.0009246372431515491,0.011230396000382396,4.865690327807009e-05,4.208465101257135e-05,0.00043610951640554133,0.5457631721464878,0.002217689197369142,0.6204145901665742
E623_1056,1.0,8.550560476432783e-06,0.003034654713350998,0.005386703547532794,0.0010086485709198,0.0008941170762843255,1.6118983183500455e-05,0.5019372697151726,0.44107665831497345,0.011268557113848197,1.1493244998724889e-05
E624_1416,0.006887913430006121,0.5745965873771667,0.07287217544235552,0.0016883030217188584,0.0013687889523333208,0.0017777797568790355,0.0060213741426121915,0.0028987562541421302,0.7541876368944507,0.021694910153418134,0.6669324218815126
E625_1415,0.016993936631712163,0.0017612226081938319,0.05133977382728101,0.7200920290136793,0.7981088036893511,0.7389804513791088,0.0059414178458564336,0.018918653718631336,0.006209409638568181,0.6441478039883622,0.004527969817080535
E626_276,0.5550938679364407,0.0007461179562628915,0.019918519790951918,0.0005014151527040747,0.007089912871873317,0.001043244442367105,0.009707283502070877,0.6462591498147501,0.5432768352339108,0.0006848527480476997,0.016833305569168587
E627_959,0.4794643209290483,0.025216300364571682,0.011177108287404168,0.0018952066526065519,0.002011045554724477,0.006337750713095633,0.004932830867789671,0.8661836699834493,0.4964181078272209,0.006814399782428834,0.004538405510436008
E628_1051,0.011549596595900604,0.012276343495718689,0.5634183398912213,0.009317443246457821,0.6484787457338773,0.7401771330409159,0.0043984427633084605,0.0010074158268835592,0.025612313173118444,0.7273364591392423,0.005550844016036272
E629_349,0.5117995811299211,0.011526798942465557,0.009144612250002442,0.00656025836030122,0.0018047414983448963,0.009465425000322557,0.003378754169360441,0.6541539869702058,0.5671156708028946,0.0023896497584607037,0.004472008799396593
E630_973,0.00580146126812432,0.7610646822810745,0.018682701591387747,0.007717220945974524,0.002378894257296047,0.0006634970971702317,0.005641061833087656,0.00028403271032013245,0.5446998585657498,0.007037899154593161,0.7257399712380482
E631_255,0.5569131608703617,0.012626850438178721,0.0031022080072119133,0.0013744350144493768,0.028340500153287887,0.0011363466461291436,0.0008108666548619322,0.5693291564701306,0.634862502767694,0.00041249480635543415,0.004604810606512686
E632_508,0.0029563504528816614,0.00556582584784403,0.002767687784288223,0.527814996441821,0.7607937734554014,0.5478361075160783,0.004630368550834177,0.01963134160105603,0.001211603900839636,0.4778833441497097,0.004732870358888235
E633_101,0.600116127800527,0.0003798996115297868,0.005845522897803577,0.03016533509407879,0.013712057991542034,0.0020609199948265905,0.004115456202209177,0.6579568028888143,0.5110087481748512,0.0057276386478212074,0.38392123445440424
E634_530,0.0008370988514143051,0.9021841107419392,0.009807852435111043,0.015089229149256667,0.0009921433371362246,0.0066165164220852975,0.008930751697729116,0.0005658451899024728,0.5795834661279274,0.003801700134501871,0.6596959071954536
E635_398,0.5169544110746795,0.0002516179618614557,0.0005142013991938121,0.0018102371946606204,0.003080995680570414,0.0020131936988891205,0.011599487934964235,0.6833868484384111,0.5811286923086122,0.02443144190972822,0.020170388543102626
E636_713,0.705757920158265,0.014306496980888483,0.0009185103196528718,0.0033758970333933555,0.0003590837846830229,0.0008324899930255207,0.03131534200212355,0.8464303002569732,0.6113176698138417,0.015925967003427993,0.00168911347221714
E637_902,0.5644882530806481,0.003178060868665482,0.027708272109124094,0.006038853398169496,0.011657309093342314,0.004517350641122096,0.00022461446370304164,0.6163381771641194,0.546621944097318,0.004936689527750406,0.06843831752964886
E638_1120,0.48629803462990684,0.002712917116454868,0.0015065869245128676,0.0033577010536691688,0.006448012786034513,0.006978405477841237,0.00041148797485070535,0.75768318999083,0.5692959443122444,0.0020076081522291504,0.009288402767340623
E639_137,0.01111077814979411,0.6308396211554699,0.006940523343073617,0.0001303314272128699,0.002174381342534123,0.0036776892307083973,0.017770265611752285,0.00029023186620632374,0.5794098027446923,0.00957597870063707,0.4949350736567833
E640_115,0.02558833831303767,0.004808654837335802,0.2850294478148981,0.2548545806879608,0.2446304940322146,0.6265139956453777,0.5374925163524801,0.004228687638543969,0.02652070654743246,0.27102448771977194,0.008286867500002694
E641_669,0.0013583322577455338,0.8145501503327225,0.0007895482401474007,0.0010098860243901568,0.0051577372823546465,0.003751547812188244,0.0065469523458733915,0.0006798519788796327,0.6610292330552138,0.0030390072333379083,0.5754169626363091
E642_1266,0.019001989941733296,0.002538546612717322,0.8518518976350207,0.0029080351052045606,0.8338110521803112,0.596622553424768,0.0014290657380196848,0.005443905732305189,0.009230538446168769,0.8130806794422313,0.0017263171414402178
E643_301,0.47399998046377195,0.0022736724154536272,0.006281607310827482,0.008257770351063181,0.00199275405362802,0.010646252627951686,0.0028300977397025177,0.5713175238256429,0.5967932939658327,0.016841928710567215,0.0010179622535643085
E644_1412,0.5525982461200754,0.00039387278467794195,0.0007289008410111211,0.001688481320150848,0.004490016312281611,0.006766609550751453,0.0002445987963207765,0.594083001986458,0.7074341158193731,0.019519020953372587,0.0004336079420463566
E645_726,4.7898978194930114e-05,0.6554267747226521,0.003274260974348838,0.002300729740955597,9.818324900227719e-05,3.279020854334564e-05,0.001425276325825505,0.0028663126663851725,0.5877852250994605,0.0018528441505253354,0.6745626275069521
E646_1409,0.39446209606348737,0.0004136378470858892,0.008309771546414964,0.007600020936359363,0.000565109651499785,0.005069130435789796,0.010551751452487983,0.8001559041143432,0.6767441569709751,0.0007696622946769152,0.035908466433628015
E647_400,0.0035891545992047242,0.7852373224818321,0.0045985182235971445,0.002213130217314355,0.0008356427560812309,0.004231532025360041,0.005405772007587615,0.015267351486046002,0.5702840016758444,0.0036836133583762376,0.5310966232084056
E648_529,0.0022414644638673402,0.9076714801182231,0.006325358318663895,0.0058777418903135275,0.0007235270698842508,0.00619948620176714,0.003169195788144576,0.00047239262406044245,0.6003367542019692,0.0073750312383264295,0.6534715441580391
E649_909,0.5524460207871679,0.1171475986633153,0.00920048378448532,0.0003364708604601652,0.006055526475211117,0.003750112090751329,0.009803387368175332,0.48711980145783806,0.4546412326449087,0.006289291480907081,0.0006311583470202614
E650_1260,0.008392900648244217,0.7719274919216838,0.00925909594126214,0.005134189778282848,0.020377282542263394,0.019556722466545086,0.03009825359787238,0.0019860217786155233,0.500306157442969,0.004898146853708568,0.7677048962673544
E651_637,0.5369907374118879,0.004738466119161277,0.00583610387930336,0.007584694853945993,0.002788770581795675,0.0023124787642695363,0.018362926072117335,0.6500674347490845,0.5223414501306942,0.00015674656899554332,0.02772498952008517
E652_1419,0.48314864239629923,0.002084828148985798,0.004007760152926812,0.001166127860058613,0.003856143116905337,0.010096670557354017,0.0021218236850942596,0.670504263860896,0.4564158126557268,0.001983084441196239,0.004060497723240752
E653_1366,0.5104249905845327,0.001488136027515577,0.0097790787645891,0.008384848387652693,0.0016128950521842945,0.0029391670540727254,0.00012913701878188675,0.6951209731214133,0.7490847300256577,0.023718392011083524,0.019683072642988707
E654_1304,0.5828626037427092,0.007666081715474916,0.01577971555064436,0.04819793160582356,0.0004599472447443408,0.025744380664013442,0.005573572466796741,0.7220411919290185,0.615471614916331,0.0067031265483682,0.013920623675861957
E655_937,0.0014647528543019267,0.001767802384687798,0.9128811244554388,0.006319390266657465,0.6078654468944191,0.6767484927962982,0.037634099046381764,0.00828689376551583,0.013244349889237691,0.6531979854971872,0.001594951709610421
E656_867,0.0048872174812857995,0.004630489951671118,0.0010165992156321913,0.6868646744584411,0.6017640749317157,0.47009842316715955,0.0023055264946539793,0.009248753659224609,0.01220746191522948,0.5329309522527015,0.005147561457643648
E657_646,0.5565671366725568,0.018083029312887466,0.002357073390282797,0.014623320106646381,0.010079752073522966,0.0020318730575593076,0.004908127018580346,0.6170707009839395,0.5852171724513909,0.008447983214199066,0.011009420878472748
E658_104,0.01926816251404077,0.015343868627159113,0.002363927223699618,0.0006359703439774332,0.014196858600249407,0.6441788838093737,0.580505290378238,0.01688302131675226,0.0009248559367104539,0.0010043487181466495,0.0018184163282282193
E659_788,0.0013483615212260772,0.004096984664574491,0.03249388062707333,0.5653611370832905,0.5837438076367101,0.6101580307204008,0.024899480909449948,0.0006764584063006071,0.0027192217432134924,0.7466128350616851,0.0006452024782528397
E660_61,0.07265546664064174,0.01332362258610867,0.008568891057816403,0.0009549727970391751,0.0016298634420640512,0.042130629456556545,0.03639361619437901,0.12311453581919571,0.2509935331015062,0.0005194791467779791,0.26805121274806254
E661_534,0.6432882917877879,0.004599516299082441,0.0011053458762337969,0.0056265503798580965,0.022371838294816565,0.004183326101673467,0.0007538424926788897,0.5430543551069187,0.5807014862634899,0.0010099214813473994,0.0013637882655440727
E662_717,0.020237285676859878,0.017954717436511173,0.017212440256893728,0.5416974669389945,0.7495603314296815,0.6638629584580622,0.0020040231938567256,0.004768723929176765,0.001196726367010552,0.612018292149454,0.00018734705364899872
E663_424,0.4600686127268536,0.007928473235714181,0.0033574177910494136,0.0005255480143764436,0.0034623464422669638,0.0013094332166274834,0.009545513918906682,0.6004607044293071,0.6397761022089339,0.005845537311772092,0.0023035434306055576
E664_404,0.002491374240678283,0.0007625255847359551,0.005774437825424565,0.6956391390801521,0.692350075323786,0.565942448713683,0.022359913156324584,0.003701258866455675,0.00654671127116075,0.6550431610551262,0.0034713381502545874
E665_296,0.0002763254566598565,0.5887108770760747,0.0031012443962634265,0.0005743660926188712,0.009628806554190083,0.028760079834912147,0.01099875064283392,0.011690575182362887,0.6528259226722201,0.004837468012181364,0.5974145100457925
E666_894,0.011713416856608847,0.5449362955041626,0.006063694429770605,0.0176198369719771,0.006851220271637661,0.008420356925211536,0.000934205152493911,0.012299582319793025,0.6097987311572076,0.00836938802597475,0.5599359311214921
E667_1150,0.02642074998656951,0.6266452479067748,0.0001466545796917805,0.005847127330382841,0.014460143557747948,0.004645393572223494,0.0012549698571944449,0.00019872899800786264,0.6249810339907119,9.684919268785513e-05,0.7487165282047035
E668_1404,0.0045580442221795974,0.0021116680973620977,0.0036915447190200568,0.5781999215194976,0.8245323593868153,0.7067026386761114,0.005565492176485815,0.002378997805233784,0.002524350524544843,0.628926586641896,0.005873259051852041
E669_836,0.6056466822123368,0.004617562519177485,0.0004077089603680309,0.0035110217082144,0.08224665788233573,0.0016678192754072546,0.006306038604189679,0.6226273943578611,0.5532973262725303,0.015181836363970106,0.001591091053389496
E670_979,0.53603068357632,0.025505607669347164,0.001925359276517689,0.012161754480186707,0.009610914861885622,0.002571380640597164,0.0035777430374037984,0.7888808704112861,0.5195827136959286,0.004057412737203859,0.026473676293250772
E671_1437,0.5507813065974332,0.0009185556351311344,0.005343118654332628,0.005464017620803277,0.008084985344262658,0.0008737196728350777,0.007961530698973105,0.6797228078833005,0.6030064949193394,0.005964832318933709,0.00198581592154568
E672_875,0.02232647478535487,0.6530839845027681,0.006919403098664136,0.0007870588026001786,0.02029757342498556,0.002811539223483072,0.0006775770420031259,0.005290326228155803,0.6742264561531682,0.0009005916805861165,0.5679914707169846
E673_1068,0.5365793415146797,0.002237041535026414,0.002953186499243821,0.009934022903212469,0.00230980682748384,0.006558804822286734,0.0032020963997644878,0.7132663294520335,0.564048206544167,0.0002456529000750924,0.0036014166341350475
E674_461,0.3982375993885558,0.011830445676899254,0.00044679859062655427,0.007427019131067208,0.009388176620221332,0.001240158445869792,0.00741172278082882,0.5009516207976129,0.42762311462494046,0.0011898075920177072,0.0005570164687308064
E675_177,0.6099831601961166,0.0043384726891112484,0.6755871818433968,0.6166430299661373,0.5101240469578621,0.6561193601558981,0.7872654742995939,0.6999543620431553,0.0021061098539599324,0.6016345192072488,0.0005827319558668435
E676_353,0.5294562134141353,0.004471173994635256,0.01996484188019615,0.0011037588622758339,0.012378289473786929,0.001381169387409577,0.005233013003040072,0.7042399095058202,0.4388326882538746,0.000918419983764169,0.005493802775482839
E677_575,0.0023160020699362948,0.004561965587701706,0.7125670308945425,0.0076524914464830614,0.741511774902573,0.7921620458997644,0.014194997298208683,0.006165518710118467,0.0012525333963583248,0.6777460067395599,0.002603570532878419
E678_613,0.5821141732525471,0.0013166932957366878,0.012481926567017914,0.0041311825742088295,0.008362995334654528,0.01075246610278742,0.00018133991699465844,0.5713244594105641,0.5495964388334479,0.004028055797610175,0.002925963423030636
E679_449,0.0009621422494683708,0.8261201727463942,0.0019456824932020894,0.011601944512060917,0.004908943609021461,0.00019593676944444684,0.009907347577536814,0.006292657746768999,0.5663415932429204,0.003888018863618466,0.7266740630487146
E680_913,0.003029571168640795,0.0022822181978170855,0.4113745037118323,0.0020369414581611037,0.7310633409473807,0.5791511081613901,0.025031372162441255,0.0764755946441018,0.015393265713590914,0.7176279745690909,0.0004872319798328904
E681_722,0.00765847301092732,0.0018720021357837577,0.5862129535513029,0.004273248613948383,0.6064895309427715,0.6247031653957095,0.022937308723397897,0.0057560473787067355,0.0028373373981406763,0.6895621434398913,0.005785216806445707
E682_423,0.0013266035944810575,0.0002739999625556934,0.511189635280719,0.0017719148092376336,0.9083628384851408,0.7233292702619514,0.012795121671910931,0.008699744986618326,0.006256046176263373,0.6351686718307432,0.003880323213659239
E683_828,0.016241476506268122,0.6011536824877132,0.02359945514591679,0.003938910041859184,0.03339265258702808,0.006698412708767517,0.0012150322099681184,0.0011428547338343793,0.651300268987783,0.0056663081661447855,0.6074300913454312
E684_976,0.5511298656733835,0.021827234600219673,0.0027343561644427483,0.00677141274892355,0.0007517517280990594,0.008619914229994058,0.0011229923164878246,0.6105197887310213,0.7477825891176627,0.025786488711071746,0.0005424541435347113
E685_162,0.0011603254837747083,0.5991603846055321,0.0020088361769283795,0.0002289381938423839,0.0013274345652956822,0.000583099604261803,0.02432459944598573,0.0012109298144615396,0.4707952654129114,0.00029062290270489823,0.7656921828362545
E686_106,0.1515147834101211,0.038688392622577616,0.012241790579766546,0.004043040177836696,0.028086515473564277,0.004441777873831172,0.04356917331259063,0.14876156033072838,0.2528718985736524,0.004661304076133531,0.2461236987541384
E687_1214,0.0003398521357180306,0.540373789985961,0.0004618500284868678,0.00736004997933576,0.0069580769369309145,0.00012182554521647378,0.013061189351751122,0.0011818173808570045,0.4909952624155885,0.008547299031694384,0.7602553276366584
E688_470,0.0026247072128589215,0.7820984034339001,0.047730648828190114,0.0014593076923372235,0.009317294535503942,0.0014453046421111712,0.005665321077254542,0.006819077018362497,0.6790777892767635,0.02136830493242195,0.7504171402817682
E689_424,0.0015858023731774166,0.01337781513399251,0.6281295943859899,0.003046513752992516,0.8854656458507965,0.5592091943979701,0.006216322090796844,0.003621602071384886,0.00048499928530424503,0.6403055754338691,0.0010321501120877997
E690_782,0.0017076258278557863,0.0010071870193576245,0.002332791355990205,0.5493758622340772,0.914425169910492,0.6444740495824569,0.002290092294370709,0.0010011809041235887,0.001130560537589427,0.8421120788444129,0.0054592292212578
E691_728,0.6303847870994669,0.002451379803546604,0.002056468643051767,0.0018666459949536836,0.008900325845504087,0.024540361813827457,0.0043611320339395215,0.7334288902722852,0.5112369133051358,0.002623450321803545,0.0030978232697273945
E692_350,0.0011400793846354448,0.9374619039820996,0.0017144410492944946,0.004614367208776779,0.0006044204711643142,0.002022092942396336,0.00100641615317643,0.00487187916507416,0.6292510819846173,0.008640233975280437,0.5708940048938631
E693_189,0.006307682571893072,0.6698860615038585,0.004330895917302568,0.007053535223449034,0.001910036163024287,0.04891300448981068,0.0038756320511234635,0.016293770664035902,0.6252174755655154,0.004231286270388283,0.6102117133967931
E694_438,0.5731306250050825,0.0006763995886084563,0.0010828980763081368,0.0036250242989902515,0.004035545650947545,0.004346750351798444,0.0042198505573740625,0.6868567746515813,0.6696095658691411,0.001110739589679491,0.009854903953482664
E695_326,0.695714761938993,0.0036699919199750792,4.9311086645736365e-05,0.003277044136633877,0.013175726700525803,0.0008991737691970614,0.002127338577131546,0.8686573347150439,0.5122737623407316,0.008307356895865425,0.02134433915841952
E696_1230,0.6204843233090752,0.0017423892439372597,0.019327989660810188,0.0003273086385861739,0.00900190288426031,0.005249528566373584,0.007881638818826853,0.6879020224015069,0.6218489823727122,0.007535100260219166,0.007108960232741925
E697_547,0.5692372480486143,0.0032753444528520245,0.000877947608279066,2.3838895932270983e-05,0.003296589261413228,0.011735932981539845,0.0021221728385668616,0.478872178590914,0.5510490174534144,0.003157802164579939,0.028588061142753106
E698_151,0.498626258662745,0.0007904281727997216,0.014250056578275062,0.0008077986293048322,0.005127453687736497,0.0002677850771284541,0.008779610735222017,0.5890734528486566,0.5790206611313706,6.238140728713288e-05,0.0017914108472807545
E699_1459,1.9246039453881593e-05,0.0014807565302769146,0.5010790957070486,0.00015795833049782305,0.6001381623634372,0.7143153770319114,0.005832180434514025,0.00046066753172842843,0.003180084766128116,0.6835468912562572,0.005116516262366733
E700_593,0.012791849811087668,0.0013800991638262196,0.02412685189915395,0.6378653886015547,0.7266169140787162,0.7195744160422356,0.0005720014094026598,3.737693850576763e-05,0.0008154031003707611,0.5345934883376259,0.00538141946546623
E701_1057,0.0001711724095388149,0.01099871972177491,0.718841524208627,0.03421546348208801,0.5687811797924859,0.5555061878421989,0.044568724880955174,0.008032738102359934,0.00857867613052091,0.7699050920404268,0.014469280987172695
E702_595,0.42619769043003397,0.0023090294662154545,0.0005962642153092989,0.007816206148097866,0.007630171568136173,0.0008527346831580808,0.026509734038728635,0.6817573953504437,0.5914057094349654,0.001313276751123244,0.006249130389667106
E703_458,0.5462647698617165,0.0035477507388743533,0.0009104366150093335,0.0026645461829445448,0.0007903197362590766,0.022944055577292524,0.0056163472811243545,0.6122998468184508,0.5171746959901493,0.016049696854606246,0.023673756766528192
E704_205,0.003541054825980017,0.007534967053614374,0.35659439115422187,0.25760973163069356,0.27337193887953154,0.5031541157643451,0.7585249183850886,0.004449653036720597,0.0008838625567299857,0.39460220328426326,0.002419455400519614
E705_356,0.0027034812892758565,0.0003091211769841011,0.5455290185193227,0.019008443529463744,0.9929316725833344,0.4377420398624716,0.000865597987054457,0.0025099990938254103,0.0035289562272186052,0.5993896819106355,0.0027550834612375904
E706_1394,0.0009350343225628848,0.0009421080734137693,0.6455175714407524,0.012125793641973049,0.5150018923156043,0.7715813268480749,0.0013483692867810562,0.006205583464453019,0.006148134509319879,0.6346589239139411,0.009023667468541385
E707_188,0.46928282930439397,9.81503834266974e-05,0.009753679441372684,0.0015917135895037397,0.0012876858966550328,0.001995597841343134,0.006531775531385955,0.8566351988869684,0.6359694509705935,0.0016120594598294396,0.023330483907798207
E708_871,0.00010109486183218624,0.009272212490651927,0.005923645711427035,0.45695750738055674,0.6486703695330608,0.7196475862158919,0.007067585546147954,0.0009764962481783089,0.024555634304364946,0.6998907715920083,0.005746776061012839
E709_128,0.6412541979608095,0.022562390999679938,0.0037476530863447743,3.5126992748840255e-05,0.002493198163098109,0.0002478159195873518,0.002623814753593611,0.7718223697917144,0.4464022794120506,0.0034338448887331896,0.029843434747066404
E710_311,0.43229683574530997,0.00960602613294092,0.004818942879755765,0.006758403063258987,0.0032719115357567243,0.004763013578055159,0.008009872344883899,0.6467280434026581,0.4918394234039857,0.0007313448142890023,0.008557552003885336
E711_291,0.5453538904605595,0.022379668974268945,0.0033416578821699877,0.001783291544098225,0.00034235896800630187,0.0025165737254508784,0.005847441337140042,0.6996382449941558,0.7465295308781061,0.004036840375699722,0.06318657644266058
E712_503,0.6493546056977575,0.010729861795985224,0.025975928081156396,0.004966156303260057,0.0020183508098640707,0.005674139929348054,0.0029408859276632325,0.47880234060170207,0.6058180155699064,0.008032483459655048,0.027086364333125203
E713_1328,0.01379058483345164,0.5553801171011525,0.0048765506772119206,0.0003177016882039184,0.0022996442248297885,0.004674332057407997,0.0005138742778418821,0.0024557734503167393,0.558980017174744,0.035571554210380586,0.6946992660167064
E714_1052,0.6192150242599911,0.003942189458099483,0.00748157460922986,0.019643907201082215,0.003963574641922021,0.010687237789607834,0.008628392748137887,0.6509033589861272,0.4774585012577708,0.003826446563716441,0.04938572701857668
E715_622,0.5446146145216874,0.00474018283868238,0.0005542331106055852,0.0018312041039756722,0.008823929888792425,0.00605633046023915,0.011130359940844381,0.4949674110990351,0.5094294686898183,0.0008963020450908176,0.006123146035553028
E716_104,0.5929308505047655,0.0006763783403977631,0.006034816060742791,0.010483204072615611,0.009426263668464397,0.8177734560431577,0.7191623833880055,0.8863730541905612,0.09954141059171887,0.000905807779205232,0.003940206980873173
E717_462,0.5397225165272962,0.01012028056492864,0.0043065958658000175,0.0026218301063449137,0.004010654815057665,0.01522396563629745,0.0002611307975205687,1.0,0.511368375847924,0.021965628753877132,0.0078459763411284
E718_862,0.5382818526310231,0.0008525114791259101,0.0012373491844843308,0.0020189090247737526,0.005958522743664226,0.00026250452151656295,0.003299382013078304,0.6425082698558605,0.5377048475680574,0.002989497615963365,0.0003518418642202546
E719_485,0.0007736945363590358,0.638845497326614,0.0009109110616584617,0.0002794574650257945,0.001123280132347449,0.0009359791420056228,0.00282044959121934,0.023588008087351255,0.46356445677611213,0.0002144386606644993,0.5017767776978669
E720_1335,0.006014264288560519,0.0069694620975515945,0.7634569540377102,0.004676742187616481,0.8471804586996292,0.6052412559549638,0.0037438003545078296,0.0353737140094328,0.0002643975758565987,0.6530234783313822,0.00371330189544664
E721_1156,0.000893575639825906,0.004509761994129056,0.0007997951240139833,0.752655129325045,0.6119592296603087,0.842324955577384,0.011205359913100302,0.0007673146817407243,0.00437845652873157,0.5701904625706553,0.004499507057280186
E722_335,0.019697827578591138,0.0014059215856658074,0.006861183844415346,0.711276546708679,0.7975424811622002,0.6485528313989778,0.004854782669024801,0.14477729068055065,0.011063723725936678,0.6797236034820967,0.024564516984040715
E723_1143,0.550491078651016,0.007023179629785602,0.000672913193787618,0.0006126270379956003,0.00209339620397763,0.0036178657911385913,0.007748955579614742,0.7612377728683518,0.6300429574527824,0.006375926177479847,0.0026323693250425253
E724_27,0.12363572963946985,0.0020476670498597964,0.010974147023335828,0.00046274677305834584,0.005170887036392582,0.21095445618105219,0.348413393275664,0.3137505144693999,0.023211187190262696,0.003295428404264133,0.21845331809835014
E725_1258,0.0034762303140882197,0.5212235610561559,6.268305574647797e-05,3.64801857609224e-05,0.003517500436541001,0.00010997451405310134,0.013272102793104704,9.689337310379983e-05,0.5087581757801235,0.005647044083331507,0.8014430984604917
E726_408,0.6813152587150256,3.6648961030590555e-05,0.0021862099094152486,0.0007415621000165031,0.0008671586369564631,0.0007568668051273967,0.06242985083055745,0.5620718743403935,0.6523842672519456,0.0009772769324519054,0.008026669252776356
E727_220,0.5555141166091603,0.0039608330341264165,0.03261571780884657,0.003125313864209325,0.008810090833562186,0.023728979665057773,0.001533089887576537,0.5910173967753595,0.6280971024188281,0.0025692540293677335,0.00031696490911059365
E728_82,0.5942958090276275,0.008744571055156707,0.004848217888246235,0.0026085445858596698,0.0028859236755402118,0.00017400056611883012,0.0952267900015012,0.4952647341494415,0.5777491520412383,0.005889374251075288,0.2922544631739295
E729_1019,0.0041066144506277,0.847726276737281,0.0012483516502089069,0.0005216864574465729,0.0050064363803034315,0.022005323288507343,0.026147147604896472,0.009973505020986805,0.56969555507891,0.002053038994407722,0.5544787157314631
E730_1207,0.01317339281833941,0.008268471892135284,0.642844867429554,0.0015842084482979274,0.7749877734533038,0.7332010605115744,0.02240885388037183,0.0006904635461675292,0.011438379540311707,0.521843399449363,0.00021935811082688823
E731_812,0.6068167436589249,0.0012081522833361589,0.0037044983735268953,0.02088701774659628,0.0017469736475893367,0.0024744834709694986,0.00793522129688976,0.584564139315353,0.6878554224918673,0.003303517049372678,0.011171052941955001
E732_1347,0.0008968775594700724,0.0260898917261336,0.5934997434732797,0.025632615993354705,0.5562826008968859,0.7756915156722495,0.01639559092501055,0.0007768581363200625,0.002200331130592219,0.6530302914435089,0.021924015131983263
E733_1421,0.5154782358094917,0.00897906651385619,0.0013659118100517072,0.002424375690124393,0.016041848391840897,0.006049915428956426,0.00021930638902951488,0.5342534902910298,0.4946138312935975,0.004206277439650377,0.0050778895713359615
E734_527,0.5092936568375492,0.014746865023731518,0.002604009223254771,0.0030203696409522827,0.007167473553680892,1.2774697891107324e-05,0.00045352790682875457,0.8504203322958179,0.45295874511237505,0.0014790178828199814,0.005301660777230394
E735_959,0.5987255052079702,0.000248358633923917,0.004424849688623983,0.0045222308764544285,0.0027521187897439786,0.003727646317727713,0.0063151173099365715,0.5901267117921137,0.6706165897029983,0.002107379107657483,0.0009469241394665959
E736_356,0.0001614005978875426,0.005759921893262035,0.09172096117393197,0.7824663171210448,0.7851595350929784,0.5905512081468931,0.0062340423546846605,0.0013716033555405804,0.004292152653939081,0.8501701916317522,0.0010413533961035905
E737_1461,0.4154788507575265,0.0025034337457078065,0.0010476009480054032,0.008692673753122814,0.0007788092758541742,0.0036928153951844294,0.012192492439525873,0.6192467520313505,0.5863803823563566,0.002182238180837446,0.0766434566430595
E738_1267,0.007425352777414655,0.007410005703573633,0.006539690443608911,0.518819114557998,0.7246705220832433,0.7490605042930385,0.01693263369960926,0.012052123450227662,0.004551744665654266,0.6547456817378885,0.000792547745706473
E739_827,0.6512704756850675,0.0005093372640179986,0.007763299197098361,0.00043610619343100707,0.008234721937554817,0.001377353182738722,0.01596387965544348,0.6032703230116869,0.5665932636031906,0.0004689359829738516,0.02529626648461367
E740_1187,0.0018954846917936864,0.0025203666531469692,0.6419840688176103,0.007468025203907921,0.6267547911116317,0.6549124671920324,0.026127216005248352,0.0003666737964452852,0.005200776118961756,0.6054862961620157,0.005130029540306589
E741_1045,0.6233354700944704,0.012175403400015472,0.020326625412191344,0.006336531587352286,0.06756138840117389,0.000935796049770906,0.006229529456617574,0.568216321708151,0.6386126626135773,0.0032496272658540976,0.02451649214773924
E742_356,0.005534178735300819,0.0004911704724349675,0.005515110722073502,0.6526552048218952,0.7682836010598609,0.6674065775315514,0.0012928521764820977,0.0010893028923156208,0.0025528304502619253,0.8750691066784086,0.00022704219265561688
E743_742,0.0017676261484228502,0.7577962234366036,0.0018819031718470222,0.0015517732807380103,0.00030338475782671194,0.00957408739948033,0.0006803529381237135,0.0012962761562602205,0.6388407807410228,0.002765222737846539,0.818132536360773
E744_1464,0.00014052991911007046,0.6878950839313289,0.0009936379835024532,0.0007809241592018277,0.0010818169839555663,0.0004926265106540448,0.008749158672090048,0.0052077080613851905,0.43404176083882534,0.0026617051003076358,0.5620034533667696
E745_65,0.020635829674162137,0.011365070359861165,0.00429408109366203,0.01838598870610822,0.0029132200945722535,0.45703399840849956,0.5704163125372942,0.04377966051424451,0.0023677430619352432,0.002861967895598081,0.0026631121081737985
E746_1279,0.5201061260735903,0.005800203627584698,0.014995668298480853,0.0105109592204333,0.015101906830741006,0.0002755179837248806,0.003479560729821884,0.8634317788187956,0.607775455936492,0.005365573662417968,0.002131687361562179
E747_965,0.0015658390899382334,0.6615606937180235,0.010912590786800168,0.00671324607909154,0.003945608756981879,0.00018646364994527923,0.021586093573377107,0.0010211588266353675,0.6755904362132464,0.01097624474739763,0.6670079767314697
E748_292,0.4772781706609523,0.00715737482171671,0.00020286237478502994,0.005155051331402917,0.007360826997151257,0.00454038250577747,0.03368915351192944,0.7030783347189455,0.6732623463894596,0.00035563513119865365,0.07598293403053998
E749_129,0.7235768459258789,0.0077515704863601095,0.005997873849043621,0.011322573648926953,0.00032547885616905897,0.0034789225400020567,0.005675629160567622,0.5937325399359623,0.6577089305596944,0.005094743415966294,0.10856365786725103
E750_1074,0.001568891136831085,0.9149386330449542,0.000396329878826521,0.002960553298936324,0.00035881905204445763,0.0009609950883536065,0.00031796633544368816,0.018155355741248273,0.49319792759779785,0.001604322652205482,0.6270739993170298
E751_1494,0.46680965220844395,0.00029959373676213813,0.00491714999981855,0.005399397252330563,0.002782055891151687,0.0062252670525247316,0.001958198891672529,0.6015354746215845,0.45013569490811245,0.0016685091291983296,0.008466187961503894
E752_75,0.5282975677714119,0.007492403250589614,0.005311602308308277,0.010600015666512176,0.018926919141705356,0.013884281102108112,0.015351693533956292,0.5137761732182363,0.3720561928703218,0.00909171911441043,0.5677071815237397
E753_597,0.6054458627425088,0.008024660061644697,0.004271597206324186,0.004027896506627622,0.0003948588114606895,0.005658800982173896,0.0030079708741043115,0.4979238770988007,0.5906344565879056,0.007752201649467769,0.005947425038990711
E754_1110,0.4774809817819473,0.0017731299846050013,0.0005376149575698701,0.0016102325624331468,0.007154021522187017,0.001956013634017373,0.0067654113224813305,0.5965267922838058,0.6889568392424967,0.00106598624360879,0.0029274697772653704
E755_1320,0.009210066386440582,0.8002603604834371,0.003120645664983896,0.015492117760566726,0.0014211149463216686,0.04782354059487124,0.02730063552204064,0.007769435346454599,0.48296267925287595,0.0027481470531150287,0.5719725559697388
E756_1216,0.5317740366543972,0.0011590035301159629,0.011570329981716851,0.0023603381564524534,0.0029004350761187583,0.0016575646409676442,0.01707437690988101,0.6215332130345047,0.5228587521339675,0.0011036237283614738,0.0005242597476807486
E757_261,0.6223737188974943,0.009856044768343092,0.0031810909321492165,0.0004062462693276812,0.0013718844732152318,0.0034610517115949415,0.005090799976942937,0.5662820613220372,0.7406587586715552,0.0002599567439611631,0.005377046447412668
E758_761,0.48649163164162623,0.0031829016373460493,6.314351817446643e-06,0.00885446635420113,0.023915892639679456,0.004054828714709717,0.03833930352538295,0.6879958602185775,0.5099476930791942,0.01655687480539158,0.0034611562710594184
E759_880,0.4230286004187832,0.0018498997639419255,0.0071782524148008,0.004951088429452348,0.0026801054647204005,0.0042343223371607164,0.018997130600368006,0.5984946539887147,0.47386851043394534,0.01696771320388654,0.003079696442047188
E760_1494,0.003426406922702416,0.0007264606661995701,0.020608943944245582,0.7642155969904825,0.7019975350042753,0.6108852750155209,0.06355534478298812,0.0006140065910323571,0.034358139171316235,0.6336463840240467,0.00386264261595534
E761_1333,0.5466092343983776,0.011714404604989048,0.0012653808992084824,0.00010733132192798452,0.0063088514956673855,0.008396603542119503,0.0003743266390435201,0.7610475957558267,0.6472247921494525,0.005294334255360065,0.01321709865535779
E762_671,0.017703865035143176,0.012193352967198243,0.44951155719400937,0.0026370189249769445,0.7261196685220436,0.6734965601243202,0.0027210293310301363,0.03208517649564361,0.003951898046731451,0.8391295039023361,0.022409203507997383
E763_368,0.0002996198701631357,0.008674495753034271,0.010663277207802602,0.6241080296534682,0.7671106744925668,0.5717620561647686,0.0019807845869359735,0.011517145962723423,0.005108545250109768,0.5874282890304096,0.009041888467314883
E764_685,0.5316503790424104,0.0029762466451966367,0.003556785114591571,0.0031458143422834948,0.01497244664524967,0.0037429112957144094,0.0018540811547434108,0.8005683368721361,0.5734572216818401,0.0013213434248664003,0.01063627564188566
E765_187,0.7446282745667848,0.004039565022633903,0.02168548873098783,0.0011427410730029263,0.0011490239433911943,0.0071426747986330025,0.007690715461145887,0.8868370418356084,0.6564812976074478,0.019113241710361106,0.014029772676855826
E766_893,0.5384672388005636,0.01976643719890331,0.004142235918636198,0.055516349913505125,0.011622626918886894,0.057948085107853015,0.0011257471755466628,0.7687799253062583,0.6490797188360674,0.004520237277553728,0.0007198946646976865
E767_1173,0.006231274559734255,0.009684715234014204,0.010748700973065784,0.870758371412002,0.6679392432723265,0.5974821576419914,0.006819050703532789,0.004259069802708311,0.005194958875765494,0.838397697098003,0.004116251935206202
E768_380,7.699162355168358e-05,0.8444550134764198,0.002504430821419161,0.001406125124404841,0.01596577314827764,0.01677717184624325,0.0034693830729607797,0.0029825824234446657,0.5650927901072279,0.011722529224855319,0.6715854566141004
E769_536,0.5024401793179564,0.0030039465869786063,0.00015471104189813297,0.0016115640758309468,0.010742621267199982,0.00014121046307231678,0.01581099125825119,0.8929175919999861,0.6706032083503422,7.752052991993442e-05,0.006375789208012975
E770_309,0.021940208891007115,0.7789495366592797,0.002545208023355405,0.0009083890876884073,0.03802604011981377,0.0018710471361184108,0.0013648831420447229,0.0032263798176512095,0.5706735070031224,0.001425128629181064,0.7445179948000625
E771_1218,0.6896347955248832,0.0006077236784884888,0.009831220951843798,0.0020748077535656063,0.009999502663399296,0.01620259338549858,0.0034414435937959245,0.7319677717591685,0.8122711811366804,0.011552891666042307,0.0004656746218667073
E772_555,0.002862339494285834,0.6504319297225709,0.016987119063442534,0.0008225888678099559,0.003941786306154027,0.002849334266242504,0.0013453559337309354,0.01233228067028721,0.6616223462703275,0.0005571474889660263,0.8920808677630092
E773_657,0.011110180934099764,0.7559302516702566,0.005691053630020755,0.0024689045076900767,0.0023185238266419435,0.010303150676842558,0.009476955531117949,0.0006302610464240584,0.7324509648919693,0.015598008179728364,0.48750039885226043
E774_607,0.6445678480275162,0.00437751947735993,0.0008973298271587052,0.00735672614662041,0.0009113789807686345,0.021333141123120382,0.0016953826162557737,0.5006318235706055,0.7003769219763162,0.02286350476942151,0.0018065485193866537
E775_625,0.6069277373886162,0.009974945653744198,0.00016356139597916762,0.04575160690714442,0.008660099160500137,0.007342897664820832,0.018159834870499006,0.5244031021601957,0.7011452284425953,0.00042544295280136054,0.0027692823225516023
E776_646,0.0009921957734745424,0.7381010076330393,0.0021460299623603817,0.0029113015787828244,0.023982653227306118,0.002321874643483605,0.0016662935142896713,0.005098020018732881,0.5467450170824355,0.017610399003506073,0.8489885734529437
E777_28,0.44483411963835573,0.009739311201128212,0.006773993419653952,0.006969270085862699,0.01386824229316779,0.07923692380123831,0.09849261290988462,0.48252053401741213,0.2778220742727386,0.005796693536653437,0.26624673095338364
E778_1334,0.7039257613375303,0.010988215682939034,0.01744225709195141,0.00928416040614767,0.010318148549635227,0.010133609055699242,0.007394664099877971,0.7529045025996051,0.43202939601791013,0.0128483076399512,0.003673987578015127
E779_416,0.6394365655550048,0.012880295557161144,0.001368676116401638,0.0007309442050839781,0.04218248285901808,0.003266968461775174,0.02041435633135769,0.7225420922433952,0.44346191606959906,0.05224263912290794,0.026496818557826138
E780_1142,0.5484275198798001,0.00394309862468927,0.004086970093980416,0.0006361331755422474,0.0016295099836311066,0.007101286520991678,0.021127777887145573,0.7619387153193161,0.6535884681867782,0.0035507345845129214,0.013239561253787984
E781_1060,0.5908560034323365,0.004152627130189613,0.000309132131441862,0.002180761869490157,0.000427523913634368,0.0016758406688163609,0.005995814881863228,0.7425675134910612,0.6673701571872314,0.013903285262565061,0.002466547004253792
E782_629,0.007450853440902244,0.0008706429303778956,0.008275578154436225,0.6267515418182127,0.6627073991162604,0.7060966243962203,0.006450809320330074,0.0023821810807458264,0.00030703645951705684,0.7054067727805252,0.006358115329930869
E783_1464,0.0010476871797966308,0.7168431338112452,0.004578303362600901,0.0011860396522122868,0.0013073441816696567,0.0010211472669210463,0.010795999898016412,0.0004991121131578513,0.6163509984743129,0.00426409254031895,0.6300276982978333
E784_596,0.008889502583219666,0.7821414641695853,0.003686516780085975,0.007259207074240318,0.0010886078706937692,0.0030388965860627956,0.008188248584069462,0.0041230087024489845,0.5618432892859279,0.0007308796430242892,0.7272280673034296
E785_930,0.49449025148561615,0.0043721656761537735,0.005313365375491768,0.0005550002776572325,0.0016462479336238438,0.0033987293812396237,0.005527075706070691,0.5853440244299922,0.5036126380705194,0.002404314978758815,0.001477380262021023
E786_951,0.009210954297433547,0.7034257211376429,0.02227415624946453,0.021274698592390506,0.007732780839374249,0.008890906167689968,0.004908143719135491,0.03517635306090436,0.7173269056858452,0.017690223806669042,0.601848706910492
E787_780,0.6025823672560984,0.00619938710605757,0.002413742666740107,0.00580293005437445,0.007163525299593358,0.011998757475690186,9.056531659396878e-07,0.6414044972595757,0.5414801000871361,0.008817887751215383,0.004055817544422941
E788_1441,0.5212389191857448,0.023109149735739135,0.01993867897000519,0.011735737483258188,0.00033429157246839394,0.012290440968006648,0.0017801141711685305,0.5699008006942634,0.4953380831181807,0.01136666566832036,0.001971793877582152
E789_536,0.4516316233146346,0.012589608939291834,0.015125769311390034,0.007136667832731566,0.001412372407220404,0.003615834589724289,0.012415885848158899,0.883408979872133,0.4714157196679333,0.0005767527411948323,0.0332719706997127
E790_475,0.45099617388862506,0.0031438781010496753,0.0024733039944621073,0.003553612688604002,0.007107267042483619,0.0046790609486254756,0.04540115660813719,0.7728107427283077,0.6571704012628171,0.00017451996854417104,0.005646969060311207
E791_1151,0.0,0.6409922418405332,0.001683384663292117,0.001174842488753152,0.030406337740161424,0.009613331618968497,0.00020359153085983128,0.0011491465446018753,0.5189900317835003,0.009753707872886343,0.7939201333054926
E792_383,0.011168451868883437,0.003881155811956238,0.5565043068229188,0.004400768827208358,0.6475936995199367,0.8548672811194176,0.019921292837214912,0.009769206006248227,0.004680035363474384,0.6748110608333916,0.0024239682129332655
E793_277,0.011801807303741092,8.743666476054354e-05,0.6075924708628843,0.5825771681641517,0.6719830162874301,0.507316592616395,0.5695788897585555,0.0046586877353017205,0.03461427272914102,0.7424978676122042,0.0004358327480739594
E794_33,0.17937001363345342,0.002301781047093417,0.004221462337270806,6.866706678793129e-06,0.0031022274238888515,0.08214528091725205,0.14907011210654852,0.39263878686415754,0.255896129927239,0.003208099815646711,0.41447836169615343
E795_529,0.0014868751038260592,0.815183905061285,0.03422078735920151,0.00915271115385775,0.0024828028559668665,0.018732094244896146,0.011597329639098866,0.0010520679071655615,0.5933275699674416,0.011804317532769601,0.47423523400332085
E796_1412,0.00990992261994206,0.6478846685382009,0.04100903194148699,0.005205902598153812,0.002314555191718342,0.004355204718635109,0.0053541678843974936,0.001307429033166072,0.6561176213232641,0.001252515644851921,0.57398297541696
E797_225,0.005669076751493636,0.5010089682649036,0.008118697616272664,0.01645606993974265,0.003141335814853767,0.0005960995174473108,0.019893219251101643,0.005940105903980087,0.5882070795487653,0.0003873657762203468,0.5451923906311812
E798_1232,0.5685180338178489,0.0005103099526527989,0.0058714841653294434,0.006143364707908692,0.005512992736664939,0.0006440553202166318,9.113300917055194e-05,0.6180088463616455,0.76212427638316,0.0070619619671523715,4.1445369823278935e-05
E799_1208,0.4729258627069212,0.004710351623509332,0.00011593672733989976,0.001231449097988379,0.0027578419371453943,0.02650421319324573,0.058936345797161616,0.6904888703817662,0.34094788190474357,0.003562902466694559,0.020184487096612167
E800_786,0.0022451605549841224,0.015394827143885861,0.00022135495845026403,0.015059729395489154,0.004748842773539231,0.0033397672260181465,0.00624078687791857,0.006528373337395418,0.7186642817259183,0.04993031776473304,0.5768065980342924
E801_256,0.20757021914274618,0.00047246502822576524,0.5742180126660407,0.13449810729377276,0.6817128172046366,0.5458334035734017,0.706269821065917,0.6554475584136873,0.0011681333202153204,0.6405864638827459,0.009342374197995357
E802_1432,0.5928641172202878,0.020347693620565505,0.0015621683846837552,0.004348076502936363,0.0035178620179528476,0.0017216416310128833,0.004777312313041052,0.5692615114100641,0.687615003316487,0.007254973945925072,0.0037901387392539104
E803_1073,0.43826514758770607,0.028400299263735884,0.028121956075922615,0.003461579697544138,0.022081356920687332,0.0015302728039743425,0.00666630654944959,0.731577607725915,0.5993783502543832,0.001569232914024923,0.0002614843087990876
E804_1305,0.4267881334762782,0.011961120371267195,0.00011761271214431601,0.018093675430201475,0.0008476427256751463,0.0016265698276960022,0.009691610459131314,0.7576786657581818,0.5504218299426296,0.0002321998394065392,0.007954381042898362
E805_1059,0.5510596625174299,0.039706947478118815,0.0007441144557490317,0.001276880862672468,0.001682682142220883,0.0008041447277039529,0.0015181817760342013,0.7257809789755509,0.6176607338781858,0.0270039492421786,0.0030041365847655543
E806_228,0.0004193452221393542,0.8060458675240488,0.022828174954747656,0.004573605341005788,0.00032056750902365765,0.005258832296893417,0.00023332851096997452,0.0017694793217267104,0.548552869183492,0.010850724393284956,0.4812611267143771
E807_1062,0.0358885582299509,0.779356591068225,0.00030276809129486113,0.0007570865453626662,0.014229572579639811,0.003071360049628457,0.005752251956950022,0.011809880993182397,0.5076904461981612,0.0027445639542490905,0.6408051217755227
E808_172,0.7122682317464775,0.01820577953820227,0.00013980485409261206,0.01467377847395793,6.345573949567485e-05,0.0022223074637117,0.010796432319373852,0.6542659333610337,0.7148830076405648,0.004156533300769132,0.018942120396893476
E809_232,0.2560637359825062,0.016498115197434382,0.18315963308703526,0.6149979784149822,0.6170556298883737,0.5712443272781169,0.5884317156018855,0.7149434422198429,0.01556435281846559,0.580573711888348,0.0016768428899359058
E810_917,0.6657279659690493,0.005451257928244585,0.0018122598748035222,0.0018536064470955824,0.0032593767833826864,0.013074429592547213,0.0005148080710482407,0.7220708620961507,0.6161319275768888,0.0003028036065846652,0.001944231672361283
E811_1289,0.004555217948479263,0.6869340310745923,0.011528716421563088,0.0467338046856009,0.040080734944307445,0.0018290375476344052,0.0005224635184603162,0.0007413978104729863,0.6249432734041732,0.0007072128377530717,0.6877160182606595
E812_719,6.263604283550142e-05,0.8998140024855762,0.0021016295937114743,0.005371826725972577,0.032224039782250476,0.0010956100400104287,0.0073257460501603075,0.007059525119781926,0.7468128898845028,0.01542787028113535,0.6030778806320177
E813_105,0.6625589064654349,0.006786803281875532,4.686682341937972e-05,0.002862149921033618,0.004979132769070694,0.014588674499650529,8.845882510828035e-05,0.4766221712505155,0.6380960612113039,0.0005121900520723271,0.043211675163948166
E814_200,0.4998007058699175,0.002675142200886026,0.02229019339987922,0.006369219981559112,0.0037788263860347206,0.004983348125696869,0.00171947462536521,0.630892057627229,0.46278820937292425,0.042176848182596385,0.013048399990081895
E815_541,0.5764980638706596,0.0010712813217137462,0.0011175065309272862,0.005666705669275908,0.008410487010873392,0.015165825185967608,0.041127591253425445,0.7709883361190994,0.6942227737810559,0.0013683220593118039,0.02312345632248827
E816_420,0.5050317148655207,0.0008723215793865315,0.000770463870288857,0.007578458605565399,0.008354491811641511,0.011799726247086698,0.012526116694618821,0.5922689233744911,0.4691460468961476,0.015984021567027693,0.0023606997657715373
E817_1442,0.5916058243192366,0.0005059081025371536,0.029842036919868798,0.0019421402079790036,0.003810011993458908,0.00018064831408040217,0.02064462830549857,0.8449467433213426,0.6194837187369616,0.01338289472524621,0.002229728410208565
E818_1115,0.5236243445511346,0.0012755045913526734,2.9915552680594254e-05,0.0007005240163364759,0.004132871140413596,0.0257264079008862,0.006121468238327906,0.5716534784587127,0.5654843264712998,0.00033780295716150745,0.001772967432399657
E819_402,0.0009014729258981266,0.6231928433090493,0.002095519957586483,0.005740947518107165,0.006616790407825741,0.0002976916521284162,0.006554037535260208,0.011833596759066202,0.6339171828493545,0.002920238883060586,0.40162651487052614
E820_995,0.002694779854351458,0.6879122018505488,0.004720962347494375,0.012416915997685627,0.016053472273240884,0.0004268754005973704,0.0014846528539161606,0.0052445400756297115,0.6456588054444912,0.006815048637498825,0.690717079138867
E821_1094,0.0010381192564894819,0.001676408881003655,1.0,0.0006231716099642569,0.7016503672333996,0.6367041457212552,0.0048050041693210015,0.03579896141414428,0.006034235739785407,0.8195312002306324,0.0024082308856405847
E822_1069,0.00026807176972512217,0.5223934368704584,0.003696977360919214,0.004060290980101575,0.005590731312813255,0.010311151277587118,0.001792012374421065,0.010411445974698778,0.5120149636630429,0.002119624490225167,0.5482645231963305
E823_1132,0.006364198175895777,0.8491215759711573,0.0005067585969552818,0.008481933313302197,0.000452243239336683,0.028153034983211967,0.004641714738757444,0.0021882346305684996,0.5554901427427125,0.01176787690413107,0.5834692362770114
E824_1267,0.6073311346641114,0.0007069586437073854,0.003894319234930592,0.004032529316648118,0.00226296116080865,0.0012302871464673017,0.001054577469628318,0.6888442624560992,0.548797545852561,0.039443906407270524,0.0010115021808887713
E825_1357,0.002184820234305386,0.0014296167527802013,0.5491228288821942,0.0011214123448370324,0.5319515665742379,0.7066155899821525,0.000944305831365915,0.00474009648263647,0.007389182476149114,0.6486815072314817,0.0037434612949137983
E826_378,0.00036032092680390475,0.6336052431606074,0.018287718507957528,0.004667574037704383,0.031929020299877334,0.006490481728936652,0.0013139933607859253,0.007113069045976722,0.518909396784731,0.004717588216449055,0.5314342514698186
E827_1162,0.6158308970352515,0.005071712672000189,0.00029104129239369614,0.00011968950998308895,0.001304617922054195,0.03270092573325993,0.00017000884140633147,0.6559838591108808,0.6118414774410272,0.0007324570896701151,0.005214578145682695
E828_927,0.0010369270022224306,0.034901038382016976,0.013493261261859676,0.44800298178014614,0.6506008692753069,0.6379913736167692,0.034808093053383705,0.005959895783291395,0.0034027198765091936,0.5870011579233375,9.989986326882211e-05
E829_30,0.15733566052015682,0.0014266640800102628,0.0022048648505807946,0.007597205652843669,0.003894702977204284,0.028870015151831845,0.1427162874132783,0.13988080411021223,0.37430514339874515,0.004729326959751485,0.5542879560468933
E830_359,0.002164222018399179,0.041853252803589404,0.07271126541857716,0.642659990058915,0.6280615443285592,0.7314086195471737,0.0029832588577483592,0.015992319771701454,0.0034705457468252755,0.40474206106563093,0.003370159639119876
E831_1079,0.006735890067568429,0.00045015020909639056,0.0016525290912236933,0.5955735994026374,0.5521307463088774,0.5943848930409282,0.0001205737676377829,0.0018948282349296505,0.0012147206764912871,0.5194047606215793,0.00476894286444285
E832_498,2.263841354561757e-05,0.007179499260314716,0.006432965476395722,0.5646412244227581,0.8512243688563245,0.6880509590371412,0.011850334393163216,0.014823422877971554,0.0049433862966714245,0.8520909296758287,0.005387240346948118
E833_398,0.5243032663307444,0.0011116939023681333,0.002808770024398215,0.0011005271737286625,0.0031252253353263705,0.007884056238009262,0.0018208676071773235,0.5753831836048716,0.45955021595031825,0.011430743157335787,0.010515063877001284
E834_407,0.0027926126491744905,0.6916145461358234,0.005379839580027889,0.0025272166027363193,0.0035221147122528394,0.014576536681327286,0.009314592399302187,0.003142120426555873,0.5170470308509252,0.00317972222011269,0.6386888058723751
E835_1236,0.3894695696154766,0.003342155578250517,0.009729341813721275,0.0045920040212550145,0.0004977327502643016,6.528835759692764e-05,0.0017879329885953253,0.6757008689888477,0.4260820890624728,0.003733705383111008,0.0018539410195262214
E836_223,0.007033345520465399,0.9211906793476331,0.0019944497105206047,0.002003023885922616,0.015038646385801472,7.307431981906183e-05,0.001850469634185718,0.00312738759395645,0.7318382991758539,0.003368905127121334,0.5932608107100757
E837_1475,0.0008094977032026792,0.00903657424374246,0.006914321526234314,0.5914578252561625,0.8133459406293142,0.6890102493902549,0.0010353917959812279,0.004853092452651102,0.006554233018749939,0.6959393248919145,0.0011422885673755229
E838_860,0.005112171245753049,0.024431791610036578,0.005761678088886692,0.6483742851426861,0.6378515146557651,0.6144369763654561,0.002199881380630518,0.001256543918247222,5.584240179331861e-05,0.7090655505975768,0.00013818565669083046
E839_321,0.46322541133634576,0.0003540131441920118,0.016025268897594813,0.0012433858461059308,0.0015295498513444247,0.0062913289932486835,0.001945462142389256,0.6695317164770729,0.5793553904636062,0.0031848677328217153,0.0002773451549705603
E840_1493,0.0020579846456066733,0.6082675259422567,0.0004903870930010136,0.002533420438498875,0.0012881263054686117,0.014235573135957101,0.024165717410032456,0.008845143089087758,0.6022489273378125,0.0019214533658269452,0.554124052548906
E841_878,0.003106672384622502,0.6236129101342803,0.019261493338674933,0.013477458990595494,0.006601128830296501,0.013626014388506165,0.002860377493205567,0.0012482883685480833,0.7232445377707388,0.00044832209978774525,0.6103395638496765
E842_798,0.48715198078600325,0.02181697660654928,0.008218337550505833,0.0023888840535378434,0.01745822691082439,0.00043330737174500275,0.0008062325712626028,0.9263766792759173,0.5817051424476379,0.001920998170168131,0.017107215975457835
E843_761,0.5562970898925012,0.0008283264083885788,0.00017234880580545625,0.012139244337650425,0.0005931036301217848,0.006744295693923003,0.002353288455561421,0.7381862749886138,0.6053027636597925,0.002327318543811168,0.003178395075625116
E844_250,0.004900321466310448,0.605675992566461,0.005150113862656601,0.0050308755336727976,0.0005525909221782104,0.048350137037448636,0.001803548533733608,0.008063831927941072,0.6578358328545709,0.0,0.5447254322443328
E845_790,0.007872544685440607,0.8121494355131655,0.00035200201777112265,0.0015517776193331035,0.003853384586481114,0.002555713852787266,0.0025794344753777127,0.008199802120884798,0.4561058413424183,0.013496711774378584,0.6683867452922395
E846_198,0.011340312391508036,0.44848641925819116,0.01127153741510201,0.0038249658665640575,0.0115073337518108,0.005751476678816508,0.0014090372445856492,0.008699728386147115,0.5327903898349339,0.002560047866696029,0.5485960560078837
E847_411,0.4708176263778158,0.012424850689320376,0.0014723346374360695,0.00360224836894076,0.0023701663710593243,0.0013434848301260543,0.0013436137473517567,0.7342445645681887,0.6559552904956575,0.0007202048452573319,2.5327719481766594e-05
E848_1196,0.02499183212995598,0.00019121026430846014,0.015867763012856997,0.5106580862295765,0.4679499288961897,0.4964471509037363,0.002421855430003007,0.0027733959085698943,0.004417522262710131,0.6868164161409166,0.000904032761283186
E849_899,0.45273149867902873,0.0017821246366799414,0.0009918321144700524,0.00239385874430832,0.024046749301644462,0.012811085286553486,0.009955786017045836,0.5289328999694196,0.589559252590212,0.0037281275301582163,0.41093638750594713
E850_713,0.54801405369924,0.0042992126917442254,0.002750761387786832,0.006852609614070352,0.02443159452660776,0.002213107563312386,0.0017751242244647587,0.7377933034921402,0.5103818557054577,0.002305399011723784,0.020320149614100922
E851_1357,0.003809703760127948,0.011670614423460209,0.0003943428312531702,0.6011165531026268,0.5499246714376729,0.658969871017779,0.004362359441929467,0.0038933693716064303,0.0024264037759511204,0.7164443192295776,0.017070686626319047
E852_483,0.00940285524593998,0.8129513635821012,0.01184606874308558,0.00028223511036278823,0.0207823954844661,0.00028992315032196547,0.006644313392484763,0.01272935949810603,0.5253139771918947,0.013383338795571997,0.5466419927587274
E853_1114,0.4106468857123439,0.0016790100515008662,0.01185152671383866,0.004558482213144554,0.0014252465220679163,0.00039208557761412826,0.0026864303385777193,0.554595435366393,0.5381806544060043,4.752033265208524e-05,0.001247341898136025
E854_1069,0.0184465496095807,0.4999268738615343,0.017406321669791603,0.00850994931438564,0.00480128626476453,0.001758888172972178,0.0033554820398049405,0.014938000585967382,0.767325598407973,0.004757076046838809,0.6892212208954257
E855_1261,0.005737857863285619,0.025539998360435738,0.6346752350772069,0.0016642669011637497,0.5989310208142702,0.714458845595179,0.0033872354143773386,0.001011067387805119,7.167098943925176e-05,0.7763901144158919,0.00045771132217753207
E856_232,0.017936255156074124,0.5150107101054634,0.002085365098322761,6.727689006800862e-05,0.010681265738748672,0.002325947544791364,0.002982750159167756,0.02892795876611584,0.5109798915536368,0.000938828988810613,0.7138006220929426
E857_819,0.0022828813150317633,0.0007133389805229363,0.0036434217097461065,0.721723903600578,0.7226158353252388,0.7840015021058875,0.015662218996596425,0.012678777763644832,0.020532515674836233,0.678799434898067,0.00530002835248053
E858_209,0.5042067561434873,0.006448818071285691,0.01600545228748275,7.200810413983749e-05,0.00936418101367018,0.00046086705063291404,0.01099702841700638,0.7209465134089701,0.6602968029776822,0.0074602053887147645,0.022189758035772517
E859_469,0.5300184632912615,0.006342117603331544,0.008848796405029495,0.010289921477601122,0.0006920049236172269,0.0024858431391683155,0.00408951528210655,0.6693098172218737,0.5219213719124802,0.00120941386153463,0.024585572547009913
E860_9,0.3528370138805491,0.005867984750193345,0.0007042309501416683,0.0073430271515653395,0.007763566132978744,0.06072104245976544,0.3390181875167769,0.3232106015617439,0.3188999791293336,5.213363979142294e-05,0.24312661713433387
E861_1486,0.0004274995859913814,0.0014084780594180617,0.0010993108522925725,0.7354723968981828,0.7057317728772974,0.610152282580892,0.007609016936742585,0.00029674380418463585,0.018112691939669984,0.716736845900037,0.0017688839025664102
E862_925,0.4693959363324843,0.0016739705537508192,0.0005206092368090819,0.017578175405781753,0.009627136799808908,0.0028433257180614717,0.007777743237352263,0.6903831618651625,0.49120828076966405,0.0003281181773418505,0.0017342825705812157
E863_240,0.010654939412772945,0.8105978046331679,0.0022317177477954625,0.0030684392437419993,0.0068759805171264695,0.00022234613750926968,0.04388756587611689,0.026040597234415642,0.7805989543407847,0.001204925100690792,0.5376158699818662
E864_1132,4.010123157880003e-05,0.005678102698807889,0.7383658524374257,0.0007912837887131637,0.9832027073409115,0.5069774986436348,0.001090648240337268,0.015673135710916733,0.0007643434832670402,0.6718562913623727,0.00010390539134378254
E865_227,0.5687106072663463,0.024408067353481423,0.001470268472988917,0.00024298933905611935,0.000889575053542173,0.0025943908444714925,0.0018970843232297523,0.6063197408656984,0.4984232303566258,0.007256918792562311,0.031012241107737017
E866_1082,6.517736459625217e-05,5.3387164013938385e-05,0.0010975687223484809,0.681373428365536,0.6420655624416001,0.532315046387453,0.00577859974597938,0.012665326766546062,0.0003990664686358651,0.632794005069634,0.012061207369321147
E867_750,0.0017420087209243486,0.7774008669125158,0.006339168674604639,0.003841154762682405,0.0006167550809327192,0.013821496900105704,0.006277004577767932,0.0015578293152465306,0.5968979703275927,4.0838169163190066e-05,0.49151592223575336
E868_1289,0.7871039848655371,0.0019488448629056373,0.00095537530380253,0.0010281360088004936,0.002410518349810342,0.0057301940747948935,0.0077971362039864385,0.6681962857536258,0.6133732241555039,0.002100883542439655,0.01141107013185264
E869_711,0.001192788099325225,0.009069713212028778,0.0017712628216522807,0.5358775379771751,0.6796519737882271,0.9508810972358348,0.005610782415554271,0.006942370127508176,0.007786100769407799,0.548147317395675,0.012843466105821596
E870_1428,0.00573349141324837,0.02693481823785274,0.011491805501454164,0.5465000263591521,0.8386491884869196,0.6455268727361855,0.0033828366182074394,0.017697980837282547,0.02929540499062838,0.7574327259710655,0.003191934925322016
E871_193,0.0004553845130090567,0.0006436467342249457,0.6483797890363299,0.6167726726473218,0.7581740669806638,0.5534841457369163,0.8370792750755954,0.0024328660849538206,0.0012671972088965653,0.6645332767432165,0.0004844506065782437
E872_275,0.002303706027609087,0.01807692382109721,0.5119391649919299,0.09198408818260573,0.7470141463817569,0.6453262054680144,0.00623210517079578,0.5922722258097102,0.009750647025771171,0.6660149751957182,0.021886413545258297
E873_837,0.0003309303897759441,0.006059737450898668,0.006282814336789128,0.7670531809703672,0.6864830587330857,0.7008670284013943,0.007922622266307003,0.006948949453145597,0.03904414802194137,0.63417197290526,0.006467994366588977
E874_680,0.46140692922999293,0.0016831782095334442,0.0009276941551626345,0.007320343059674994,0.0028288945936937883,0.005746384072139934,0.0013593040639853732,0.5568656009755137,0.6765609213272293,0.0141479077913944,0.007088144721512657
E875_205,0.0011032237797591754,0.8570098992287766,0.0003050673154727824,0.004618702252931554,0.011831081025035266,0.0028195969158436173,0.00024265913097053167,0.0035626109895562246,0.5547899322310836,0.001325999047408927,0.5924779562911973
E876_920,0.5909235298690169,0.02742290883415393,0.0011383927502891633,0.017519713372059452,0.012743277436828841,0.01359345006358426,3.0226350206553337e-05,0.7182515079217433,0.5384336283119411,0.0007979204203051866,0.012686717899376624
E877_193,0.01024928492714461,0.00043797584168921887,0.08175448487313632,0.27889745362686885,0.8436269949805446,0.6853199193028906,0.039824127134365686,0.7625110629218447,0.0028085835021480284,0.5751569497692298,0.002495307790615796
E878_1286,0.4248811407718278,6.816489563425223e-05,0.0007414842600209017,0.00048119024846679455,0.0024150311324410254,0.0007293375144539508,0.0007153102471498686,0.6032539078911565,0.46664764997764996,0.0015036722185241993,0.00036130490470958173
E879_326,0.0007845750487126798,0.5762793762817788,0.0034729393238417776,0.0021909651323285314,0.010512543740612048,4.91378158606543e-05,0.0009606936057050438,0.008101204631326004,0.6688646506661978,0.007033268017819739,0.6278350456566996
E880_53,0.0042880762678170715,0.02514409576324658,0.052582251970955736,0.003038231998846476,0.011372890619313576,0.00687506714705133,0.003070560140209984,0.0025269133331869533,0.42110805556949404,0.007560179271920653,0.5034183273563745
E881_1225,0.004267733468426966,0.004147115365457929,0.0005638773372485193,0.5051898373992209,0.9372046031213204,0.45386989241317566,0.005213629332832823,6.982348141066694e-05,0.016442618178832507,0.8019895417767854,0.004251794664331401
E882_118,0.5818971664150072,0.003127709996214949,0.0018777752915254027,0.002189958053376286,0.011770930518156301,0.007896450953034257,0.0002413295030219992,0.8096658048353139,0.5775157899958088,0.00523895489793902,0.12935687264326376
E883_374,0.6075797601556372,0.020457047119997927,0.002356110348729567,0.0007315956356307602,0.03739373562159184,0.008128991922613099,0.017421977196116583,0.6075155814527564,0.9396514523665689,0.003635241716998093,0.010946609142929092
E884_511,0.6126772957639331,0.004703751987114705,0.008678785465643898,0.04383088448373854,0.005693563550714684,0.00047887119966762745,0.0003219332593852387,0.6869321360552547,0.5372602261203774,0.0021718361739640653,0.002648138027951171
E885_301,0.006066303055149838,0.34467382658220025,0.00893682069220013,0.0025630264435673377,0.005836632710997455,0.0016816652867024046,0.01023393569575366,0.003001558350959312,0.5102485989908664,0.010114621714509279,0.5075292604618307
E886_515,0.006157244200924714,0.6001883708575209,0.003130014395756427,0.0007443371514836545,9.929966035280068e-05,0.007040881732174288,0.019037163580449903,0.03365938250280813,0.6286455773212576,0.013031279968660827,0.5921024542151342
E887_78,0.00519461801086147,0.01985406785570229,0.005006387256248862,0.003187224372815729,0.015221465290155336,0.44370169507943436,0.5479330328044185,0.04238979428656681,0.02781764850924832,0.006192303059356766,0.007020049819949403
E888_936,0.009827197231071581,0.6417440305921351,0.0005161651673410401,0.0001270579223928677,0.01118241171080238,0.007690539578959936,0.001478203809629184,0.0049014509659231955,0.4643893411723278,0.002013969620643291,0.5570516667768094
E889_77,0.2513200206008055,0.003184267200503265,0.0011732423453185206,0.004197138658698328,0.0028408405784293425,0.03948186058474574,0.07961873938378308,0.38329180858364725,0.3850111037674296,0.003956415174095873,0.19280730823306425
E890_609,0.8037714086748083,0.010989417945723511,0.0043773436054448354,0.0005418199456133549,0.0024593772952861857,0.0004220286738957091,0.0031886913279982744,0.7183227852140655,0.574642996047038,0.05636232849518715,0.004432468637032815
E891_1483,0.004194131695576076,0.6758754487789278,0.010609515903652935,0.004234946995256108,0.004878776642724184,0.005392366687522773,0.019314043638887984,0.00623414471737773,0.6735414250788796,0.035005366660041615,0.7765189769983375
E892_550,0.007862106351147792,0.03830593977111297,0.5594612531347799,0.11248272496081915,0.8809833987157686,0.6502543304144263,0.016747342589559774,0.00846472606103743,0.004484481120497004,0.5928088879358477,0.022700029907880753
E893_845,0.0005795737668514238,0.003488545844333219,0.0062837923797344,0.4493578244367924,0.7928572607160428,0.5372189889152872,0.007870013984703102,0.007585326371411836,0.006166981585486345,0.783374866690289,0.0014612751948375664
E894_848,0.39293680184562463,0.005594749048465277,0.0008341584242981412,0.008624332804961622,0.013199067496857208,2.2197194634401574e-06,0.0027989694823269042,0.6260353871744752,0.4647616371517104,0.014440421527039369,0.005514246081339594
E895_497,0.0037073834102537757,0.5133417407803994,0.0019815097163881855,0.009872454735527877,0.006461715941199403,0.02622709250932968,0.009550484634089322,0.015078936461270646,0.7284578832233115,0.018044778963560392,0.5694154168365853
E896_530,0.47031119763526386,0.0027985933917617604,0.009537364459550732,0.00402426452810345,0.008139948867907932,0.00014297132483796437,0.0013979069631121941,0.562424471159949,0.6282564481532268,0.009194178578987999,0.010148261539478374
E897_636,0.001728983103310562,0.006569504436913708,0.5660594773967791,0.010584561871716186,0.5344744213920412,0.49899073520467074,0.012506259852012078,0.010889095691247906,0.0,0.5333068423539902,0.010986957619894842
E898_944,0.0026478733714844537,0.008935925601778123,0.36539576471263413,0.004953823179964592,0.8149979340835465,0.7004114323237625,0.005048847621853626,0.022948228059730277,0.0017704961288535722,0.6024219827797459,0.0020575630396894775
E899_622,0.6938034977662005,0.0508805974529846,0.001366510048986703,9.653921196782406e-05,0.00032818287795182517,0.003787734590232681,0.01873999524108952,0.8200745115965187,0.6201277322496975,0.0027667333981312935,0.004281950245527421
E900_863,0.5092684998549722,0.004853917369946613,0.004870559545452913,0.003309733163765803,0.003699406272989983,0.0015977181396752617,0.0013725788261673647,0.5363508576039832,0.8091751193398643,0.0007857120876500409,0.0019326950273182983
E901_444,0.0030934487358917854,0.7815353508871772,0.00010266749653521897,0.0014448605779318448,0.014490931283410077,0.006934141326781395,0.00031328869108984827,0.01691304163718294,0.5518089253222731,0.002923776229140343,0.6126870349206872
E902_262,0.622321001253533,0.003477301702486292,0.0033396382409018217,0.004150221312274032,0.0026186209302630683,0.009950746357660304,0.008322063015196715,0.7621210791890555,0.5168115577310731,0.0052933838472148526,0.01742288652147088
E903_642,0.0020835626841670023,0.012468886670485511,0.005794262096420103,0.7392543353721087,0.7125094598245814,0.6009512407322929,0.017813419418927976,0.01583382361430186,0.01852570553402383,0.6579570047512189,0.0026582858851820395
E904_1416,0.0006046737260325337,0.5359016663312068,0.0031300841724074707,0.0033418150162011716,0.0023573354836767197,0.00464579301587656,0.0063040144077953835,0.0003207439264475271,0.6086800511133423,0.0011207995947383283,0.5867340443983554
E905_1249,0.05722958823127342,0.8299857987706937,2.1408009298602482e-05,0.005967626181383322,6.850065532883418e-05,0.011913068688855931,0.013967255230550733,0.0003502381927183826,0.7331295478171805,0.0015495462446262986,0.46503102481973907
E906_1487,0.5310810051906201,0.0016094507428790201,0.00048517839807915163,0.004173588828862263,0.002482237892089975,0.010306839762641582,0.0126504599685339,0.5630559513131514,0.6943984529107227,0.0012246159258209861,0.0007090752983989727
E907_1447,0.005898955839409446,0.7547174081443646,0.0015340328167337742,0.011035698059750184,0.004020934439751565,0.023316857817143117,0.08828372620069717,0.010419275482840249,0.8727150831410608,0.0057431999063832975,0.7989864808442324
E908_848,0.0025196184863043986,0.007765678713135215,0.5844188092015682,0.009342799947975738,0.7612687984903724,0.46945614355634757,0.008274365268108581,0.001476148904796,0.0034917006823389557,0.561297265846313,0.023957470611815402
E909_943,0.5014562840904966,0.0003489319547108639,0.02578841433515176,0.02766723183332701,0.01722270683654168,0.006010404156031074,0.00210260741578145,0.7420803508157979,0.536712064152293,0.00018588857411477684,0.000735618925918621
E910_852,0.0346647348176121,0.7091130676841665,0.0005234473659444309,0.0003101082341562449,0.00873983356150024,0.023148783862728638,0.01000164565344772,0.0019176081121650757,0.6360844900741184,0.0060620742131362775,0.5771807793951307
E911_1007,0.7036866864464956,0.002621854561172711,0.001449614573020834,0.0024409268477513205,0.00021996370583271096,0.006401891064038189,0.025390773291275048,0.8457577110338534,0.5223263840172099,0.002305064139417487,0.0007226575430597452
E912_612,0.39568925798852955,0.00221449378329641,0.015916456403741546,0.007656694917873318,0.021090116734920172,0.005463999100952019,0.0021047765423504792,0.7329429374122676,0.8601553001760514,0.0031110125190698776,0.004242287114538613
E913_572,5.729731697894758e-05,0.9029435980432646,0.0033213509186106756,0.01133642813506798,0.0038104431783348466,0.0017858106727203144,0.01042474950338526,0.04580913031725154,0.5289463101399526,0.0015478480782828842,0.4789652760622156
E914_1029,0.004775663320848398,0.009003079971281833,0.08515819001687444,0.6655325093923928,0.8109615027170448,0.5616224859484464,0.026245602016783998,0.002067430512867203,0.0020968275826262987,0.7187779013326512,0.007044232914171792
E915_1276,0.013411942745610897,0.0013073485653972696,0.004872948009907328,0.7333947562782944,0.4633546880600113,0.6183087266813732,0.002950963014708081,0.0015760035059880328,0.0022337619553684995,0.7505485277725241,0.007181688583917562
E916_1109,0.013948350228754085,0.7053957045113004,0.0005165590192299967,0.00013868819929076543,0.016319633792465288,0.0022680351569898784,0.015850485649214267,0.00660029544103509,0.7402403600131408,0.014792086343800307,0.5127494629391521
E917_853,0.5359479623943322,0.0021142614401812934,0.00797292184706731,0.001141804086866881,0.05970938959447727,0.003227852901449379,0.021775636701847276,0.6504501137951044,0.5295992064371162,4.845508454336213e-05,0.020448695839411123
E918_391,0.538924308815003,0.006006875696760934,0.00013674664306805915,0.0004245413735939603,0.002185694716573932,0.00533026654803802,0.0029441669624057044,0.6779314795267634,0.48410953017839553,0.029760054003709558,0.0008628915099758548
E919_371,0.39742828707690486,0.0024835989837682575,0.001534256095440423,0.0004923454060428081,0.0014544534671420048,0.014415609052133089,0.0018947500158131459,0.6548361015710573,0.602540150824187,0.004597362913179518,0.008760776905106876
E920_835,0.6155392545952397,7.406281838853599e-05,0.0014964698325689784,0.003181764945859966,0.0005355363317176182,0.021733005702207903,0.00373040388852587,0.8274981857704552,0.4351415978625592,0.0057696737306123,0.010784265669208412
E921_1360,0.660890688175303,0.00037323176065668154,0.003254694171716058,0.002532250995563139,0.00436708883581549,0.0010732255029135076,0.0004674158934209437,0.7716049580457714,0.4508015140308378,0.006118093250532345,0.0052729204462491205
E922_1378,0.5356813631884776,0.012704542311868688,0.0022832579561078005,0.001109627426567057,0.007393713220283078,0.0020616341605528697,0.0003092820522227457,0.4897880155317179,0.4605522607990082,0.0014061409995416896,0.0008142762933330604
E923_1022,0.4379643386087013,0.004703434739654403,0.02529085309282696,0.03415263384735833,0.002174735970522009,0.01622233041071525,0.006995431573691426,0.5144179897437743,0.5891636325592633,0.0031177817472837497,0.06111823330559696
E924_1405,0.6297791917704838,0.0017785872842375659,0.0017650153768919965,0.029920490282023395,0.0006169107300329204,0.047613125241337914,0.0038670300362068496,0.6447072717254834,0.6488613495727705,0.0006850311862174296,0.03333804960414351
E925_1189,0.4669432112309903,0.013689494965506215,0.026767915258942454,0.0013654346843681726,0.0014971828723652795,0.019639480695284293,0.01466335513218385,0.44248691908067245,0.5123617186728104,0.0005479171865282608,0.013736051673711194
E926_60,0.0009330157948579476,0.0024028401268938594,0.009357044939959426,0.02207830073615067,0.0069645441676304,0.688354585230439,0.5840262550617313,0.012199828798850709,0.0031486182329741466,0.023884935545079856,0.0022649768221379633
E927_1301,0.00504210782880981,0.5960248441419456,0.0034406025890389427,0.002601309381708102,0.006785068422825667,0.002918318661557819,0.009588021229813674,0.0018930191654928544,0.5532904330519481,0.00223778783553523,0.6302759391562643
E928_1324,0.005861529211825019,0.0022014067269403915,0.013991950250126601,0.5970712326443081,0.8367564054505501,0.6331433194902049,0.0005583442509960057,0.0005581281732901557,0.009969542012709942,0.6343700609681143,0.006154565887761646
E929_576,0.0006437428854185325,0.6634997198471266,0.004970815143054105,0.0008670563490972144,0.005658357543047032,0.0011472060729942864,0.0030533974673761224,0.0029660078099078844,0.5516467815047165,0.003993090358200364,0.6681230127634961
E930_1363,0.00020681360115767992,0.5506518476149321,0.008941994920083355,0.008150546286395216,0.00021020640551072252,0.004490310493328645,0.006126059764900142,0.017716593566516503,0.5241341854481918,0.0003593199876402024,0.5802970615301125
E931_743,0.47039030491762346,0.000943774101026165,0.0054945289847035715,0.0019871974855473367,0.0006166277000032311,0.009969331321758283,0.021417037073771055,0.7721198892141871,0.760444752924488,0.003638804604870782,0.014763849298481416
E932_166,0.492212139510617,0.002903153561926115,0.012318065533009336,0.0009761077564756946,0.002382492557454568,0.00028685784483108677,0.002295626246329416,0.5329068310997803,0.5594108399252447,0.0005885301494705121,0.05763451453948059
E933_1151,0.4928373983254312,0.006360201911095837,0.0056749270298990726,0.0011815738825602417,0.0007825145577253055,0.001788607355240448,0.010421651322266684,0.5340324088441293,0.5530822795736792,0.0012006923034156476,0.00947950454972212
E934_38,0.5582930363707461,0.000979095954355377,0.00013112712093523354,0.0009870115604026454,0.00414961646910767,0.11094646802399924,0.09382025516613042,0.6063177582633624,0.38860690458749986,0.003704427251912745,0.30644103609598217
E935_228,0.014484706516860704,0.6318284738850944,0.005934658153394579,0.010957367778480921,0.007356480193334178,0.0034080820446646975,0.007536932238790001,0.023488315082710067,0.5398365013488522,0.01008659178199214,0.6017624353643463
E936_453,0.0016323658187918757,0.7728946680495995,0.005559819724747042,0.001694116076595892,0.0003012881443229132,0.0021173952801311594,0.00101767204015858,0.0003775742434022672,0.6893762792477331,0.0019625169468816773,0.6515771424155679
E937_436,0.5625578409077516,0.002453115424764064,0.019390880086113914,0.0003647050868383316,0.00543630357930473,0.006305721150509965,0.040199038018682735,0.5792039051021125,0.7034537086661823,0.007667006097464986,0.0013213811853695205
E938_741,0.7245790803036406,0.04036661696854308,0.00017322759882761475,0.006167203306284688,0.0034842869163973595,0.0064266768053047344,0.012071985912941325,0.7272777834033463,0.5222358800453186,0.002105688970508523,0.0002727293634261186
E939_226,0.3785208264732825,0.05695945577306601,0.016018508565883507,0.025135514142610057,0.0005544117761191781,0.0032714081840207907,0.0011238904649687094,0.43063891484797034,0.6568619376556597,0.009800048191290617,0.06640664373920692
E940_335,0.5203823906870019,0.018088169294322803,0.0029128936190355474,0.009959494502633517,0.001669555997918913,0.0019533001070762192,0.01931706241383343,0.7653382171447293,0.42909995152677205,0.0029725838523307815,0.009324777692635244
E941_261,4.131912627507858e-06,0.002624596870656645,0.5387585447611968,0.0733801470227387,0.7002633709196368,0.6495733030531043,0.018486530185449303,0.19936361854415524,0.0012077179474937483,0.6775436665578571,0.008650669368108271
E942_1306,0.0002356333344803051,0.0004971289206356547,0.008217996861561322,0.5851203663683632,0.6575276138177749,0.6748465351669961,0.0006110919610139359,0.0007784055532280028,0.010331830108449716,0.7684836832961517,0.0016720359366588172
E943_618,0.4854034184544209,0.006598513895321347,0.001599381696337869,0.003272130441083086,0.007948229088124741,0.00776813253349022,0.017928556744462185,0.557468654479632,0.45908000319116526,0.0018567787471014628,0.006412012136189499
E944_1188,0.4336630991079246,0.011672496346391057,0.00029210864236547333,0.0031752154244042968,0.0009455508171001974,0.0006136398061302518,0.019555180271620905,0.7989773319477148,0.4698299396672385,0.003069828070782767,0.005592903986495115
E945_418,0.001339074223053073,0.9359905565771958,0.020519730556428955,0.0008049235581037075,0.006741421884395924,0.0002869844820920767,0.0008642032404926123,0.001057902769461224,0.5482226223709676,0.0009208984580537284,0.48538395332218
E946_1487,0.4604697583951961,0.011751045500286073,0.0022867078889630544,0.0007965973304589964,0.014021169609436394,0.012417790542991868,0.003353400750876449,0.5486227738684933,0.6999569504117743,0.0009466313053570559,0.011259099980709356
E947_111,0.4011285052838325,0.020772053087788702,0.016460093663879335,0.002186960903534198,0.0021671644526574875,0.009017588685535247,0.015710144295918854,0.5519020770656177,0.26251353969560526,0.0063291707609647845,0.04039648362817302
E948_736,0.38515092075797763,0.005962125163333621,0.013318068544935316,0.00299058844422077,0.0009140434776654446,2.5694916312364054e-05,0.0026961840463367048,0.5295682895135427,0.6375005850301328,0.00475358410915765,0.009056371299338848
E949_76,0.6240801676483304,0.0033920142245129755,0.0015261152903692516,0.0023498262667693906,0.00411743571898165,0.0017969417531478937,0.011553925715560515,0.46796828534879176,0.4956017540458738,0.006088894500800152,0.48690876615169215
E950_922,0.5628750774868309,0.002335894818354505,9.865426362981483e-05,0.005329143558466995,0.003225981698084209,0.004395130439549616,0.00020040509127610383,0.7281022056785887,0.4445444372351019,0.0013447406171010323,0.00015946674171021566
E951_1451,0.00018006202829445417,0.6798509600878389,0.0007322422713271237,0.002627631258403916,0.005146320573880878,0.009493681333173036,0.0011640202575066666,0.00567012628592304,0.5537807208504781,0.005443124797735746,0.761635855800356
E952_722,0.0005296853263616465,0.6653597870732394,0.04278936742964818,0.0013283099405893208,0.015760548527754437,0.0008977933458685764,0.002890267098002159,0.0008332104501980296,0.6160798549996407,0.007849945833887066,0.7688717256056011
E953_1200,0.6196633417870373,0.0010414824099432335,0.0005721713468337446,0.0055165166564599515,0.00017022154853425035,0.006453606908658151,0.008527972638971513,0.7522811227458943,0.49918290357895345,0.012428411314168086,0.00957189883491521
E954_930,0.7096669501317034,0.0003914143581574701,0.003399965790009779,0.0018148795986925419,0.0005850392780858903,0.0027604632490703424,0.0009128824129566544,0.527786248827711,0.6374532314342832,0.015874484358485808,0.005816855285138
E955_1216,0.4921621447205235,0.018136827668666814,0.0011874651272926193,0.0018182094861443684,0.02178184880942098,0.000858214243316601,0.002381169025962259,0.6448094320616834,0.553834562303833,0.002804674051225926,0.010085928737356056
E956_1398,0.000582983937299334,0.7891505182250519,0.005371654144031077,0.00022641763234172894,0.03859406624618561,0.010541061251269496,0.00463954535141757,0.01381921596056675,0.6686423544327998,0.02943972808640363,0.6280298247981039
E957_971,0.7039369914909537,0.00028745623587498,0.002231661100366008,0.0026901886178846905,0.018993927111545558,0.04766159416737419,0.0007454311188266777,0.6495794979592205,0.48326979374462825,4.204916217602185e-06,0.012262388779085804
E958_132,0.010249607853030359,0.25393530005161663,0.017652182439540247,0.010801222576139738,0.0002837715796525131,0.004468222835551373,0.0015726006565366772,8.83731166240404e-05,0.5700089338316536,0.0007132880049575868,0.6309113232147977
E959_1119,0.552473574613227,0.0008453143692404456,0.00022702627292023472,0.003295113219337375,0.0021447478177317944,0.0017235628457541818,0.00019782512107217537,0.7050246358490325,0.4744077040886049,0.00480870965472545,0.0003697558698524268
E960_1258,0.5366593508435032,0.0024679670847951923,0.003688963721145675,0.00020705725631504123,0.008725883110583959,0.016904590159990757,0.006708087152195282,0.6104332851377106,0.5254225541420227,0.012617220092334637,0.0001549719961025616
E961_218,0.00016839413204026968,0.018065923905779983,0.3835479568443165,0.19866155911946748,0.9111301195869491,0.6039895916211852,0.03677960955982851,0.006110292078306814,0.0028431991433093213,0.772418743796187,0.0018893301564771351
E962_575,0.6457303067342824,0.008910512894545034,0.008499715987187783,0.0036034244963429113,0.006646057803813375,0.006873031112017977,0.001021708896221614,0.8396020991768628,0.45353429367854536,0.04281998999813211,0.007561018321101838
E963_988,0.4719227162362369,0.0004312194176866732,0.002225251603636783,0.01991441843044367,0.002185224246565235,0.0004219671217505082,0.006104966745743292,0.49702376743537263,0.8013566668460328,0.017853307374926308,0.014572629322634431
E964_203,0.4745465763099986,0.004296216737388336,0.00023638785282836865,0.0026735307439651403,0.007854623743382435,0.008231965699993878,0.014582739352832521,0.5963262886359401,0.4205322358474239,0.002302886628649866,0.07675746936993502
E965_449,0.015765813376302396,0.6600934483176437,0.005652968633812932,0.0033940851062562206,0.013763914813628764,0.0028211171203306,0.012669073175336379,0.015460440936619104,0.6216631636763525,0.017367808699253563,0.5015985834118454
E966_223,0.0027666202789717958,0.7634694185267689,0.006012359941905157,0.0013178940150553702,0.004607780453271976,0.01136384852041268,0.020486052696058955,0.0017343721659905335,0.4770358749179046,0.0009521664165726857,0.5080976065378456
E967_1267,0.007251474415783476,0.5133968694055577,0.0007684152222268411,0.001239109559522084,0.0010422299000249547,0.0007682042337033883,0.006258958611293691,0.0034633527631399053,0.663032110456277,0.002340794484879943,0.7255769375881768
E968_41,0.37620134495165447,0.01502407655461548,0.002399747340384787,0.026505795138530637,0.04871058797660431,0.024080783989196955,0.0881739349829496,0.492862905594086,0.314564099837375,0.006152213918484793,0.5709898784929078
E969_1001,0.0038324684223063118,0.8540466650717579,0.0003379268010615575,0.012480929098230722,0.003209018087925259,0.0004704184413408888,0.0026479200577737144,0.00019035041479901511,0.5845012459301353,0.001614422611790775,0.5693698325578624
E970_990,0.004825760256562719,0.003959131978570479,0.003850099270379955,0.6672997838622198,0.6210648908508817,0.5699099549643517,0.0023476737042707127,0.0010447443429543663,3.5507643172152694e-05,0.6545031613922552,0.0024978184476810842
E971_630,3.3783437791584524e-05,0.00803378046478216,0.01996738855640674,0.715660522187335,0.5189053423514015,0.6111006069593937,0.05586251472138955,0.0034668781885258708,0.0007036558047656005,0.7280028601997329,0.003015516242112279
E972_229,0.5315472425153273,0.024243861586840998,0.001837385920205471,0.00033007090672859424,0.026416033365466052,0.0012353475860407222,0.0005004459116302329,0.6755340624316821,0.4646155488163445,0.007697678341111703,0.019151212877637398
E973_952,0.6813473679078077,0.01832073551579119,0.0022028396344688462,0.004635197147877712,0.0060188927635691355,0.00331540141864318,7.225818862391946e-05,0.6114896918046521,0.5548785631740719,0.016765941889164398,0.000404215773082711
E974_543,0.002193513205596916,0.007283666508955833,0.6259671386134974,0.010838725491679824,0.5396467896314496,0.6332354152092405,0.006915920734523587,0.0002912115396654333,0.002126432457145393,0.6862193636417699,0.0021391091433838145
E975_90,0.01746179206891753,0.07366987354442937,0.014070221686700368,0.007450254952461734,0.010935634863748116,0.012291368919370738,0.004736623857439036,0.13833371913519718,0.6108271505379808,0.0032079883128367436,0.8162634657780758
E976_433,0.45149893908783345,0.002428825313794705,0.0024235951361494985,0.004488217549059306,0.0029081410080543683,0.0030407958941085452,0.0016240451828875959,0.6584316917643463,0.6159842729928616,0.00355665317817411,0.011814581698764657
E977_1377,0.003492028538073829,0.5636412680594212,0.004660003803239135,0.006197923738474068,0.004062112968108721,0.02717143077468714,0.00010329652777621305,0.011772909591770093,0.394947731093599,0.012892901654702159,0.6652791431605197
E978_1034,0.0011732182716067156,0.6828176838245615,0.0009025354943514561,0.009162584302645523,7.73059830166332e-05,0.007279060505978072,0.02070931877450878,0.0053982930626609756,0.548792819577583,0.00016041229545776946,0.5463082884145729
E979_13,0.39853962483313576,0.01016194932501837,0.007226774843185573,0.00897419376206695,0.009705326984638952,0.1055474991544345,0.24617543317196058,0.3706961490808435,0.354069296183085,0.011348626759236181,0.14998066697076623
E980_292,0.6719539579802959,0.0020553526230252576,0.008016224767210365,0.0020077295404549965,0.031249260681182525,0.011131277576177597,0.004173823106065123,0.6151664631415602,0.35572580957485944,0.0005840727514927405,0.004709395389380593
E981_1155,0.6825428705697347,0.019210938273502724,0.00019052444055139692,0.007800012500925501,0.008588036833725082,0.011016722571687704,0.006021246080499778,0.7442529965914021,0.6548751511484804,0.0006494055917481303,0.0014583137795928219
E982_669,0.0024852831346827407,0.5135105271174146,0.008173576684363434,0.006324520361258963,0.002170763541085534,0.0010340133811682604,0.023169820883861606,0.016677290665233005,0.5699403830027846,0.015024306645649849,0.6427262251214884
E983_601,0.0005755245396304099,0.0013706444490369086,0.7879020857444354,0.0009332265991463274,0.7423621153318787,0.6414149012221769,0.02804505187374529,0.0021996345987918705,0.0018077508382237707,0.6322646426327319,0.0016518114146882572
E984_729,0.6215194082776592,0.0017334913400262701,0.018135259028971763,0.002190727750727807,0.014332850925723525,0.0013325954497033514,0.0014693522342406854,0.8457347925100005,0.43303425124620837,0.012756064975478943,0.0004414317343278491
E985_528,0.0035177344186628264,0.639810615381816,0.0006750325064398193,0.0016536202863638566,0.0010865231255201735,0.0044881203285191355,0.009589153571398851,0.0018567647273661217,0.6521317544859996,0.0008960337894246561,0.7036628621813847
E986_1305,0.0008244105913947435,0.004119890085845672,0.6365381894196362,0.0038391426395396858,0.5533059358932846,0.6752867386867525,0.004361314094902433,0.0036261054377645695,0.004475529282373195,0.7325196005672262,0.0017912989517183103
E987_388,0.00471923856694018,0.023465492207867544,0.5634932906120846,0.023221195272503017,0.8203714537260762,0.5596222702310111,0.010761094416883471,0.0038093420032579233,0.0025620140106307875,0.6352731339442436,0.0002208761584846341
E988_568,0.004296354006544146,0.8588023508389798,0.005715617057211148,0.008532202746968311,0.0019335687239190739,0.0005705729772371973,0.02322210236432064,0.013782798050828878,0.5295245599384797,0.0158302503868575,0.5338547704517714
E989_215,0.020170539042043224,0.010702969213091346,0.08115274470472356,0.5040613067329891,0.4851286368901327,0.528793653074587,0.38619646067956226,0.6112922664983816,0.003051169575868843,0.534930843310483,0.0007194946491503238
E990_466,0.49448731950394315,0.006882083785825013,0.0007048791549075853,2.367106408743838e-05,0.008202874027565922,0.05204798177356253,0.02165250951039294,0.5811913021468771,0.43903584491396064,0.012785185300105539,0.002246831075632983
E991_1401,0.00012843720936159576,0.7570747228929722,0.0014654767531939949,0.026946913754358422,0.006754635094050239,0.012134418732920364,0.042261116989933456,0.011193180630939928,0.6210596832173491,0.0008715383573837861,0.5598655100476785
E992_139,0.00043844543618745956,0.6003420506799263,0.013585355306558073,0.004096905503491675,0.0013731266230634402,0.017256279393553335,0.004531010980132309,0.023707848668646704,0.7217848356183639,0.004315929928738582,0.814656713390277
E993_1220,0.0036449766400469498,0.8261419271765448,0.0007030253878720153,0.0038734347188769977,0.0006336096467776737,0.00020987126547607408,0.006837333652180465,0.012458022733358644,0.7294425132984553,0.0028785015181137623,0.5577423495589366
E994_453,0.4732882380804137,0.0026737086470386457,0.0020526999247042405,0.009367624759399508,0.003769959360512123,0.006917753794265158,0.002301985690273553,0.6734283652983222,0.5958498197703957,0.006493169274669525,0.0021477343810015442
E995_354,0.5892996203134307,0.0016281771552122235,0.00043829093015014433,0.02684801211625406,0.007105464396512392,0.0010581791926835681,0.013277545664653462,0.6902479253962962,0.6878645951135944,0.011890409482424487,0.0017409569763899631
E996_956,0.0030238112827729005,0.0011110052943255786,0.00019840199663397732,0.6348207993894748,0.6666966063642863,0.5418930140162357,0.0048275797857831185,1.6980319576060158e-05,0.0004984187308086178,0.6108586370992839,0.0010897837268996527
E997_109,0.5988823874258786,0.005820986497797634,0.003514778968691585,0.0003482248936615378,0.006426705703266761,0.028287346245554477,0.04852659600866491,0.567702909069459,0.6057323347691419,0.0046516154787473955,0.0064015416276145334
E998_464,0.5566432928438521,0.0010488680623237873,0.0053856179156734066,0.0007565836414869699,0.0073498821420814,0.009883256407911323,0.022815048917896666,0.6292176189306844,0.6705582168866362,0.00038510676172223474,0.011794133710211598
E999_1334,0.43210661764894165,0.0011569828898252913,0.003603416712770198,0.00034912334685498127,0.006862157121879291,0.0012703605217062929,0.0121761080459558,0.46833013247176586,0.5166448606100336,0.002663436867502592,0.00026245822658598465
E1000_877,0.0007029465070430888,0.00283589828044842,0.000539369316278968,0.7824826626802326,0.8745268459096267,0.6184991665778946,5.312738226773812e-05,0.0033147234303701843,0.004757499840026264,0.537604585233292,0.0015339008089380742
E1001_776,0.5958215039576258,0.004525811569099614,0.00014779682698924955,0.011769404052908154,0.012043263960577262,0.053087729058160726,0.05180412418946617,0.5357585033211535,0.75280487647588,0.0037180870650200233,0.0004840390182322099
E1002_473,0.005218147810666746,0.7688634770824486,0.008462825857717769,0.012305047927821874,0.00019316205583522623,0.003449207993027004,0.03034946474584677,0.002031420003905982,0.5387954654361155,0.001320880584904445,0.6391353509926511
E1003_807,0.5246950234830727,0.005248673604669952,0.03395079244838305,0.0007854142180085937,0.0007636222575365919,0.007497302404935244,0.023824641489818082,0.5806560943630857,0.6740511650578791,0.005499164853255578,0.0015580154772681554
E1004_764,0.6635685888676881,0.001032876122697477,0.022514097033209304,4.365633159768334e-05,0.009665351333046034,3.721528655430682e-05,0.0001174154493999617,0.7792303134477282,0.646779401178896,0.00207538887159464,0.008818375202058415
E1005_611,0.5329656793793461,0.569378518137876,0.002435062352697494,0.006878693722268917,0.010938159125270993,0.004820655006741716,0.0006924235310305916,0.0008271787404586272,0.6518000831469253,0.0029925171982613523,0.6010842513751982
E1006_187,0.4802896675433368,0.018347663981593158,0.0005653022967722608,0.004347131099248219,0.00043658152651799876,0.007643504130796583,7.377792262747282e-05,0.36299841627553603,0.6366524187292223,0.0055018752715771556,0.08989920722959588
E1007_315,0.004086856574529078,0.0024464727092006946,0.7900563575336579,0.018243273116909424,0.6562502166504862,0.677826849879059,0.00211525378387544,0.03173590447767561,0.00570765274064139,0.8655797607179776,0.0002982575137549988
E1008_5,0.33873512976013836,0.021470868128958643,0.000556418614521381,0.0015624540813261292,0.0005246070949025718,0.10079043080826697,0.26441873701695456,0.20064913522637032,0.2997335686987509,0.004097189080799408,0.11713599110393932
E1009_702,0.44400777278488224,0.0006177982002602344,0.006688365764217133,0.03702679928399402,0.001793678556981717,0.01868801227265374,0.0022756245829823572,0.8066968257909111,0.6119223246066665,0.002915672235465276,0.039431330310100286
E1010_1358,0.7127138194948716,0.006295497128460574,0.0072931859914473094,0.030157649224884543,0.005140715657154726,0.0037657895827805246,0.002098238764620104,0.6131440759881644,0.5762710126939883,0.011975808984643739,0.0019216923950331228
E1011_250,0.005039613972676147,0.4113112169749031,0.011584582796842614,0.003011748539973538,0.0035556991696789127,0.008122401326478668,0.028687916057572874,0.0047168894256415655,0.3968500460644773,0.009664336306367417,0.625947005546066
E1012_1431,0.010611183388556336,0.6479544579122325,0.0048381871406086895,0.0065533871603145385,0.002152575040293606,0.007352400574612531,0.017586797103401764,0.0006171561951258452,0.51675862378569,0.00015272035489296675,0.5501973160388867
E1013_1035,0.45696674991623343,0.002993208430366508,0.0010259135523862503,0.010707672297850888,0.0009564277887650428,0.0016255873343829158,0.0041043253323740075,0.8478915007928769,0.6972411264209492,0.0009668484749684186,0.007031292927524691
E1014_1119,0.005945076025375352,0.007909322770077972,0.4800177685105232,0.024238691414852437,0.8739032114001624,0.7427105882643731,0.0026314093642990743,0.0012620971495065243,0.001961989195859405,0.6413602420570045,0.00043055521469088047
E1015_1192,0.03437380127263369,0.0068047736872095185,0.6393100709676492,0.00269138530074368,0.8962615913987023,0.5855973310907012,0.0018287528815546833,0.0026730386219206044,0.008652657227738543,0.6805067586795006,0.0003752242418685063
E1016_496,0.46081629163889126,0.015539448072338301,0.0054178072816406155,0.0011175812872717857,0.0010574644894450864,0.0060351586427954285,0.013978002652682392,0.7010133680114948,0.6075263677590252,0.008684611639696704,0.0018981252785225226
E1017_754,0.6460832540615267,0.017737380833308447,0.01954400390493355,0.018329589888068588,0.0066134652329401635,0.020661296937117546,0.0023240757605180597,0.543053122919392,0.6324816841598151,0.0005648304461513949,0.01921688665118762
E1018_756,0.44551580778251826,0.003069634594529324,0.001420046442142932,0.006027541507322513,0.009253420382685913,0.00867602454417348,0.0016867294555488722,0.7299301537263672,0.6687536100183684,0.0007090262225309251,0.014769510666101068
E1019_1051,0.43010547324476084,0.0012682732741881642,0.010284172143453786,0.002296455456032016,0.00041939392799984564,0.014088432311649185,0.0037178259442663163,0.5250995242348627,0.576574094663134,0.0038956729156758027,0.006241458124138184
E1020_1176,0.0001733673522508801,0.011435086047510912,0.5244834500934784,0.0028092458307450658,0.6411828035969329,0.8402740896274384,0.0015258929467718398,0.05667421655005984,0.000996313771174301,0.7361051154502182,0.02096846859335141
E1021_1471,0.008522207343759655,0.001904424611130098,0.01497269318503085,0.5966297493720859,0.5969264939004334,0.5611531087610167,0.005539885480351101,0.00010655654371361923,0.0038229173503466947,0.4804399680967697,0.004535503320262649
E1022_431,0.00034026602292020137,0.6908457099550077,0.0001505584912188889,0.015054285133288863,0.00263870940485381,0.003958522265966525,0.001754697280675292,0.0033282143165128653,0.47588490118360705,0.006047377353745305,0.6772428680159907
E1023_873,0.5485456306140911,0.001579068184005527,0.00029714700811149216,0.015517414299653013,0.04694722070447176,0.0002808155409552588,0.01852098515425892,0.6735338339968925,0.6181602750300802,0.007471970595455573,0.002639128303195656
E1024_1073,0.000444541140282968,0.7146614372759855,0.0005100284524179776,0.0008701481789160124,0.017713985394097752,0.0035042412720098165,0.002454345982682769,0.003017888844063555,0.614808849587103,0.0017135888023039757,0.7810435974109792
E1025_775,0.6017174101175651,0.01612884010116359,0.0020798637033440093,0.07212150719955851,0.0012275347718636155,0.00039404180634677595,0.005241480570788076,0.6950820957815168,0.606221175264212,0.0024282360476921344,0.02146856360201007
E1026_735,0.6100907479718144,0.0037735185535597324,0.0017652357346728178,0.012768158236949887,0.002369317694476592,0.0197928369668279,0.010063035337238981,0.756426743242183,0.4338028856054556,0.008005771739021741,0.0006292421992923505
E1027_1250,0.5424700375483368,0.0010720003631214062,0.014458665280919172,0.015805906955178042,0.014139784276804054,0.004190617635004975,0.0024827309468416414,0.6558110630337447,0.6458322494295329,0.0002782933018868604,0.03276434228025922
E1028_811,0.4627985330045952,0.03170935392927941,0.0022883940641862345,0.012591593491434185,0.013693223580546527,0.0006476012551498796,0.007425926776387224,0.5970903967083664,0.42662432531192485,3.851351699190774e-05,0.014192660825549163
E1029_927,0.6005808124109623,0.0092235163204722,0.0055462816736072205,0.01100505148755284,0.004022733153391896,0.014021111788927435,0.0004550920161656158,0.7885443937009035,0.6148898202163797,0.00023472445707197975,0.008301602797112617
E1030_299,0.0005989688043095542,0.7584216448905516,0.0016530199487649081,0.0019146753699398923,0.011945739482003111,0.004422031268782323,0.01017186637381943,0.0002642490951111511,0.592277916973966,0.07422869677967786,0.720890296058044
E1031_1369,0.5463987686553061,0.0026079407675975406,0.0026262313389929237,0.0066412497844711435,0.06466201472419245,0.0018279666045585173,5.697712182775831e-07,0.8599140164426452,0.61599532849231,0.004374700919254751,0.0032466214868711566
E1032_802,0.555979366703169,0.0016908960415878203,0.009157650630839077,0.021247744897487063,0.00035958065516221514,0.0005235246953916511,0.008854834586903143,0.6989525703997083,0.5987518446833485,0.0008539512583267353,0.0007338380696214985
E1033_408,0.5734171849627796,0.00308277326524192,0.0040094084641419826,0.03808454041202701,0.0023022165150126304,0.00807325411382439,0.0007970792583617415,0.6524813431755465,0.7701587033236693,0.006137679861344477,0.00011244790989254865
E1034_868,0.009619907131806101,0.8631227656289076,0.006739844402817454,0.01579152417750618,0.005562235601362358,0.0014427274396148502,0.006502730655827375,0.003616217338977277,0.4469360528873643,0.0020964800291270206,0.6190019912793431
E1035_669,0.5498894024874172,0.02529232433749266,0.029612845086889723,0.0017236863979064978,0.01814238497489083,0.012044203724111349,0.007802302173120546,0.5923739158710126,0.40603786224740973,0.0012935282415047153,0.0021790757967801366
E1036_1069,0.001649438230217339,0.6158051724240389,0.007374257868869186,0.01790461787437523,0.0094823083916155,0.0014361707574461003,0.003209025569042642,0.0007538131259667389,0.4472690664092804,0.0037944426819446885,0.61810147434469
E1037_265,0.0005727656560391446,0.001041064235369031,0.5466262129037607,0.16299693427803708,0.6017221941268052,0.5054265526772296,0.00015981883840204505,0.12800015084565183,0.005813297338395084,0.6586197079932011,0.019920002280076576
E1038_835,0.027314662257442848,0.013300833208379109,0.5812634350486628,0.0006654312727600067,0.7073468850708491,0.6121439794567357,0.0048355548387709465,5.330833077872986e-05,0.007820227731840162,0.5422877844993893,0.0002435153205432927
E1039_1180,0.0015690118271036546,0.6884527186097245,0.00312902556704869,0.02071382848567602,0.001790062315659381,0.009343143842825748,0.003662516746685421,0.005266520073074425,0.6481772091082438,0.001915502335724958,0.9780984075688621
E1040_205,0.6463534354338797,0.006169836877042018,0.00013956681069713026,0.006322021151927417,0.0013635615994779604,0.0005634037859190424,0.003314058899403485,0.7166886427683588,0.6497786247357212,0.016251909756734097,0.006710398405136167
E1041_668,0.0020811403088031827,0.4777086015675499,0.003405783058240652,0.006732460031659853,0.04475323203690575,0.006374822099116502,0.004463187532002292,0.005552798452103025,0.4640857264791609,0.005523363181351164,0.758171236436366
E1042_1202,0.47770307773554405,0.02793614203443751,0.0020755264111821502,0.0018748830576761038,0.0016681834782258846,0.0013814649770701902,0.0014266320479787665,0.5387092361972006,0.539193096723681,0.0018501604007346351,0.010737638524420815
E1043_1056,0.5029365127008205,0.004286017751795742,0.0005611989853588874,0.00859854322518184,0.0020389673521157814,0.009011161032801758,4.3272547497178157e-05,0.8586945364961642,0.7083747727020205,0.0016615989422840427,0.0011966186989473392
E1044_1170,0.008255074532218593,0.6760513422657918,0.00012232492990359493,0.003226843828265712,0.003863234846347289,0.0028502148487668127,0.014865049982184153,0.003790103599399164,0.5912237065844254,0.0006709838525013002,0.5556869780311778
E1045_1284,0.00044384717545040185,0.0014153260905943308,0.5889470291278469,0.0036898952941417373,0.6450701594938564,0.7406035465433193,0.0139285093052355,0.0003242881395885698,0.009908192228815641,0.527207358205172,0.00024231454741097322
E1046_1006,0.5054037610665089,0.005999314589266032,0.02041714579478899,0.0006514643927010468,0.003105275571882976,0.023461316910614618,0.007470161310314473,0.6506904208727522,0.5383382316959926,0.005135037160243245,0.03046130761142269
E1047_1031,0.5555457260995118,0.008221943243455092,0.006073153179792484,0.022865391226755412,0.0019150395207108903,0.002181705459161063,0.004756606506073495,0.6894972488179077,0.6520736697419706,0.0013537388740089069,0.0018185812559263442
E1048_1082,0.0014578758583048612,0.018750626611657946,0.005730610700345807,0.6049990290015412,0.8304887964319999,0.6217841084388946,0.0006756656785860138,0.0005155293208824941,0.0029253265237337844,0.5176343285411253,0.0003542937899369905
E1049_1180,0.546114577291433,0.0006886780524130954,0.00397154705755572,0.0005325948516412686,0.0023641131028078566,0.004351628286288645,0.02643679845617505,0.621201779277501,0.718028949709925,0.03362452686823132,0.0023458193483327783
E1050_1466,0.4372639260980009,0.016089721189303678,0.009849701876801002,0.002762846629608813,0.0041487986309831195,0.001983086559096718,0.001613659897929796,0.5621256070584065,0.4600266044980855,0.002029747756340943,0.0011758513978810184
E1051_52,0.05842975350556458,0.0036476372759034225,0.005482245223075882,0.002216277735028886,0.007275952547096242,0.4586118585233641,0.41766174350620355,0.058072658950897894,0.050976835250519284,0.0072020015358724545,0.0034253920553944093
E1052_1383,0.00024265268613748157,0.731860895624107,0.02048413828495654,0.006283233206843325,0.007113641435141193,0.009017467077175585,0.001517942638150733,0.00868969647380238,0.5083535242899124,0.005819653887293977,0.6514701387330436
E1053_455,0.491353541633954,0.005161778644695347,0.00017041197019053127,0.014431791573808897,0.010656102403908446,0.007172743551747109,0.02272136136526371,0.8304893742298981,0.5308789393004824,0.003962226410941161,0.047359529425672856
E1054_853,0.7585505939096027,0.00016303655014768398,0.0010524101903883255,0.011202219050039649,0.0017470206462567243,0.0059460622416182985,0.005054956062707101,0.5272099955480798,0.7513605057352472,0.0006677861716950433,0.012505497162233335
E1055_408,0.6503694324570226,0.0011177447789566248,0.0018030843837152492,0.00017894357294818478,0.010776749968857042,0.0012633475770914813,0.0013186722906075854,0.41278043002751813,0.5615917807484249,0.009466368495190744,0.004771934709646317
E1056_1392,0.6274557052600921,0.002421151179388026,0.005380640939248066,0.0005595687470654842,0.022956729222593307,0.0065860674977809485,0.004912086255360241,0.7611455283770517,0.6564567514924045,0.003677687612260931,0.0003843905551442067
E1057_225,0.0016401942206199554,0.8528815557775855,0.002287489144089824,0.007560645534240051,5.225249726321669e-05,0.001722462038956939,0.012960534215385617,0.002368483694479404,0.5154604557391078,0.0018608624384581832,0.709332064159111
E1058_458,0.72429509780263,0.0007137349138055927,0.004440525052149988,0.007772993014419868,0.003200005049683778,0.01650949920451101,0.01633705866042075,0.6061901948118279,0.5474262889042367,0.005452056455408319,0.0017398682563236623
E1059_1152,0.6195187804738435,0.007374150343383749,0.015196490209935729,0.0004547556045294656,0.013903469019750056,0.002104869886679427,0.0032838625461087466,0.8030393913976022,0.6730269588385028,0.0007977942238936727,0.0005994395587950128
E1060_546,0.7418277956496833,0.005164893969307706,0.014777871247631287,0.005549857548194364,0.0036778679354933994,0.0012233071103603303,0.0008040121710168489,0.5660464993218721,0.4433656340507673,0.0026481047817406025,0.012675742863645393
E1061_149,0.4145701124147974,0.0008334933371982383,0.5312812063079819,0.6552835946255603,0.5286550901815501,0.6675421756002448,0.8772122834931789,0.6019076546587636,0.000513646298146039,0.8700288239213424,0.0013132067777122019
E1062_873,0.0019452636357529364,0.003273985732386204,0.008645768946600551,0.6251026931612749,0.8530721302435355,0.4620811742405713,0.0020120732024945186,0.005192414907278532,0.0026939941526337215,0.7659644229421747,0.00018509100621257594
E1063_1431,0.6692923722187459,0.0018235947393364551,0.014952030776018897,0.0046315103892088485,0.00159704797439284,0.01188965387401176,0.001724084226755226,0.40694175810134453,0.4296234440864571,0.025429990766138822,0.002947153660966827
E1064_1357,0.7754917655069583,0.00911393571821492,0.00402752661827364,0.004805517826506758,0.002848248405872978,0.001578582884875433,0.016796416689945942,0.6927380105746537,0.38796190560672833,0.0031254071310267096,0.005227261136924354
E1065_984,0.5564775938101084,0.0009502916730037972,0.0015222744008719967,0.004584984837286195,0.004235219292221491,0.0015009504622819335,0.005346039144428627,0.503331410532214,0.5910219368366555,0.000928940086466493,0.056426931733654664
E1066_999,0.49757924091660577,0.006634567835071582,0.006050359578174123,0.002561479355603756,0.0024021908123268757,0.0006593697399209901,0.003400397445536228,0.6228623381219229,0.6451570364935525,0.01239115103480676,0.0006504665164402737
E1067_1028,0.49223213285483847,0.007430109277635019,0.012169302318853832,0.018732051613651775,0.002557991327872971,0.005585307855369798,0.0010071184790972675,0.8098174531373372,0.5078101659522698,0.010791423639033659,0.003673392512264779
E1068_327,0.00010711658888717783,0.5911857376529474,0.005397452603132658,0.01112501254998408,0.00908130013749656,0.004882702233525276,0.004233602778527902,0.00034638149181752897,0.5902025787365432,0.0012356046727296647,0.7978204033408233
E1069_564,0.0028177314050648414,0.6248447667547989,0.006987457327463489,0.00013698389677246334,0.0047108621620466735,0.0006653748310125479,0.0033904877286793362,0.013289700049045419,0.5854627360098219,1.9823557089423887e-05,1.0
E1070_981,0.0004569864870901715,0.0014480224327606448,0.7512344797427754,0.002272924813718251,0.8081432131841114,0.6823063354248488,0.005224843838494131,0.0008049000708924222,0.0035661479636191215,0.5710322869546874,0.005255411710058328
E1071_154,0.0007143344378345202,0.8214539527983301,0.0026910248518317885,0.010588242634412968,0.005280580960674421,0.003562925793376646,0.03739145056703607,0.0002525651148190748,0.6507283201154833,0.08976977843366059,0.5257482684507664
E1072_1126,0.481465525195123,0.0015112501550614103,0.0013308665126858634,0.0011463910988694349,0.00047952446297406593,0.00010634797731223888,0.00029790388093892264,0.7706597648468667,0.5674257423228466,0.005346549793993139,0.0033018399098668117
E1073_174,0.42448414874738255,0.012706283421120793,0.7821655714190672,0.5245443855541587,0.6543372697421262,0.5492160209986963,0.6385222045508205,0.6706107744609558,0.0013407331131353244,0.7059292702292655,0.01444607576359135
E1074_87,0.0018115120483908954,0.003775938510739526,0.0008774887753324994,0.0032176898495326033,0.00618275703674076,0.006195003714190608,0.012709618712231897,0.0018597002070626883,0.4565885351702605,0.0009006745519189993,0.31475449946156736
E1075_312,0.47568184380834977,0.00037509181370027657,0.037775693933481916,0.0005695403152875628,0.002421981351986946,0.0039286766165071854,0.014026340634901767,0.6578488095808241,0.7776879530618556,0.011174582938529756,0.018334424849492804
E1076_599,0.0027227862939824357,0.830592472858749,0.011864727653948966,0.0059237886905024375,0.09977058891144842,0.005265548399773181,0.00944471698373229,0.0022017874080112916,0.495658735336675,0.028330857430239473,0.5634460138284365
E1077_1070,3.091877141981471e-05,0.7263571315846216,0.005126770968679624,0.0020275102120240586,0.021612822522831095,0.00344173682881524,0.0036933782393319425,0.0051213215324823844,0.6871646053802188,0.0005860852174332314,0.6737379868218424
E1078_763,0.5333543868180541,0.0065288807293334685,0.010555192266190127,0.005287739959212926,0.00885011628910479,0.004069371860536291,0.004484848199876541,0.5736485706102129,0.758584321132533,0.004897939443131665,0.0023092240874334384
E1079_106,0.27618560100171424,0.3924520895672331,0.0067576545834038245,0.017174942182912722,0.0031183372379428465,0.01349732745906997,0.02124920612657717,0.5713100880571903,0.6214691691716763,0.0069423667857619435,0.5258316085957395
E1080_697,0.5360648815561584,0.0001044103901897763,0.011305669953790412,0.0003127869474302495,0.02232794477948541,0.005124060320298047,0.0026416049024045223,0.6772414462258273,0.6006345298502958,0.011820498067943056,0.005233003561705311
E1081_254,0.007273688211134073,0.8412333736732202,0.01799192878135783,0.005609268431852753,0.006313472970509237,0.004302694049943042,0.001046880127836795,0.0054114389217978665,0.574998204436061,0.002921378007205911,0.586925568454802
E1082_42,0.35701527238411634,1.945694032558442e-05,0.007182294066248954,0.002003391563724183,0.006575353405456261,0.009917239348504357,0.03177434650481904,0.4611077313167371,0.36990247742084786,0.006964370012279806,0.1711571023149741
E1083_1053,0.6269378474112299,0.013281154833331426,0.003211502456263317,0.002259224715440249,0.0027619237689502315,0.00041278115831745315,0.030779503977070164,0.46640760235126055,0.425853969168697,0.00046803352139001024,0.008295337060592255
E1084_1289,0.029791408660110787,0.8319849051319949,0.021714924249504157,0.006369893291661059,0.00941596745842717,0.0022502863267082306,0.004767459657315891,0.0013967305203595045,0.6064192566765259,0.0012484559785938733,0.6249965335370541
E1085_829,0.0033927423458909823,0.7485337211993162,0.02894463271086438,0.00044504339232614455,0.0056357342970336476,0.003958636690707989,0.02573769104203466,0.0007221061084824253,0.33709901729592434,0.018231212635976872,0.7345627640247487
E1086_1454,0.5796965919827368,0.0017711852100730065,0.0027908319605935783,0.00222831245671764,0.001083026950310809,0.009008307548811711,0.0057166335594374205,0.6020556475496329,0.8344952531784514,0.011949240667503377,0.004525936299093367
E1087_240,0.002951181267946147,0.0041626673187402695,0.3552887826960297,0.44939456917518394,0.8951004544812959,0.7976916657620602,0.4219677796134033,0.004370753904550503,0.003857393125420242,0.7333734658881311,0.00038152554184274224
E1088_1441,0.035561280442480185,0.630281149545844,0.010575061630437955,0.0005329306496516963,0.007035671950468913,0.007306863621185571,0.013133475996786825,0.0018956517460642977,0.5216307584386962,0.0015324309144154253,0.5455363457899531
E1089_942,0.0066165334928838465,0.6664003246589195,0.0014878162325417865,0.0036260769721699554,0.00612956358039797,0.005009792458416407,0.01390575439448336,0.0042312423043258315,0.6153634239507578,0.0007749142802289265,0.6420289517851712
E1090_279,0.6159648997710324,0.0027538697455683696,0.0019221398985226244,0.0054948183419196335,0.0013520849635424467,0.02351482292380485,0.008585361812377458,0.6018176568702196,0.4972593148774898,0.006919508237254596,0.010812874381816977
E1091_1451,0.5420435797640442,0.004505192610005886,0.000908513510077613,0.0033204058868686495,0.00781603895236922,0.002934807713345597,0.021131521340527516,0.7818032221437066,0.6256524913499376,0.004912928887366398,0.007826059089463088
E1092_1101,0.6874488888981128,0.0033028555330978215,0.0014254948371880895,0.0033749401854783244,0.006730236707321335,0.010579201634944089,0.004551969346146327,0.5948254962239632,0.5958649847349596,0.003446398334936719,0.012339360687500803
E1093_1248,5.169159563104682e-05,0.8113660613059586,0.014170036574428481,0.0008396373123657395,0.005147510568497556,0.012850540009151307,0.0026762248797796606,0.00797151472331303,0.6245500007314101,0.019209372434524658,0.7070589621343548
E1094_1035,0.5326773476543367,0.000262430693798016,0.009723345503169821,0.00017467801012841614,0.03463631144163443,0.006917501293719977,0.002910010648739562,0.6288277289010653,0.5352356122791683,0.0007372710528759037,0.00094038594216337
E1095_1148,0.599669158125854,0.00352577160672096,0.007129755741785245,0.000729790395587105,0.0003870897017349637,0.001127567818025239,0.022768714413906786,0.5816138967574299,0.5876602871091157,0.018051827432320044,0.0055008105363660706
E1096_1060,0.0011795118968785587,0.0004365393254550281,0.48056056894184307,0.006498667320008226,0.8534461524715093,0.5582538830377665,0.000421797964996453,0.010313105430352592,0.005635118219674397,0.6675188482215355,0.026181356691457693
E1097_882,0.4125367152152005,0.002033074005111296,0.0005834467594214203,0.018987627317645535,0.019326589095467354,0.013192560154343709,0.02504935825852062,0.5827153654757651,0.8092730147874361,0.029306540877070134,0.007610324364301438
E1098_1482,0.6777484251083179,0.010694558448578353,0.004681998117662155,0.006523873420974869,0.0045241779704338824,0.00010978692659821184,0.0009474170576165688,0.8066064095931654,0.5541808083036253,9.41996815233372e-05,0.00037282346529938853
E1099_43,0.3044554844642133,8.553809968824212e-06,0.010969401450166795,0.009920376472259301,0.005234196964399483,0.4382981566131182,0.6090262327153511,0.3841330201143787,0.020870798145223687,0.0058909955859593405,0.00773005279748257
E1100_588,0.0018903985520122353,0.7807997585159635,0.013265892741070038,0.0006169459445788581,0.008718236800480396,0.010789047285919423,0.007695356274898687,0.0002673363651710605,0.5691516529319374,0.00020781682537301534,0.5382955958313715
E1101_1096,0.5490473890232688,0.006374771364258946,0.008875015452290295,0.013023301576143703,0.003931621949118788,0.043618868728607284,0.002989836330558648,0.7416338028369853,0.6445223677400415,0.0003593517027810709,0.0019107399323786672
E1102_283,0.4212076611374073,0.017166642937225654,0.0011270603143123071,0.016099434156105537,0.008353704964068651,0.006473187211394305,0.000879439821773847,0.6320181836503828,0.5538797738487594,0.012023864629292029,0.007860979595827397
E1103_338,0.011424948032990398,0.01368548637185045,0.0009673600755789112,0.502649706237569,0.6735779455503617,0.6716702230410855,0.0053293587224153985,0.02063438847771939,0.001132847304891781,0.6817848929142843,0.005548611209948072
E1104_123,0.0028522690095970182,0.4964714134086188,0.0003498706595789795,0.004697164436116562,0.0008000085796080768,0.001407514195617959,0.0010951134086448146,0.00045936327090253864,0.5668580386043425,0.0018500584834646723,0.554366748234054
E1105_97,0.31879974751616214,0.00010858123145487368,0.0036828678108320914,0.002870532477160716,0.002111609759234555,9.799239523386738e-05,0.0004108763533876061,0.6577624477125534,0.6406835338070601,0.0012680998088464113,0.7055789383819626
E1106_1329,0.4572703036071363,0.04532987482925938,0.031032723436279278,0.004850116005290175,0.003529332607055146,0.009370962548343065,0.02333018084056207,0.6237047573935911,0.8103785160695262,0.0013257125678654176,0.008615240072747912
E1107_475,0.5000970177335013,0.00010618315816076435,0.004687384114110734,0.0024597741555356717,0.013363873248344869,0.0011015207495856693,0.0012174875319112728,0.7501779327568191,0.5708928498112169,0.006979127636784187,0.01298649278872629
E1108_18,0.35840716597906047,0.004925594114792385,0.0018286986147105515,0.0018230648251489762,0.0016461674731062974,0.04652114725129251,0.12010470628660742,0.5388572823940284,0.35898046308820014,0.004043794682617688,0.25348620519600146
E1109_703,0.4608808392542508,0.0027668184607249568,0.0019651442163131417,0.00809496101366323,0.014891226022018655,0.014569830391868441,0.024992310686935644,0.551817233920325,0.5880119992988351,0.004410864831785517,0.005413876025831665
E1110_361,0.00083490444301281,0.0030929298283374957,0.027212026840650543,0.6011673734670134,0.7103322114748623,0.7869547377357701,0.005298666889803183,0.0011373237394340066,0.006958576330993746,0.5651544004388929,0.006116939767767016
E1111_971,0.013255859772255707,0.8771617628691949,2.2576962824007766e-05,0.0005715480486153149,0.011106720504489973,0.004658766038447118,0.0006336676035158953,0.00829876176257778,0.51976468997761,0.013495552172801814,0.3463383718602412
E1112_1138,0.5570677214734645,0.010125010594632033,0.0011664389052806691,0.0025522132077110808,0.00441639105489262,0.005077037250831075,0.018982744188218957,0.6192547993976149,0.5695423467267959,0.008716155577987463,8.416859950611637e-05
E1113_852,0.6638644100161573,0.0025975560196152296,0.005887572416029025,0.00030415851972460684,0.0032756511823712076,0.00628740899468687,0.012061552130184146,0.5811430506205927,0.6444181258971757,0.002362838735672381,0.003676802547706699
E1114_823,0.3288105279392534,0.0006256267497835623,0.0033749211403067358,0.010840059543520585,0.006237066989659256,0.0036737305471755384,0.005098399886021736,0.6354304668667842,0.6024676931746535,0.00451913323934971,0.010684131896527954
E1115_53,0.40713966684522856,0.0006070903395786437,0.002271268847523362,0.011583568627358374,0.0018937884525452417,0.09815522885183704,0.13247760230303637,0.6089938036952616,0.4172622699371049,0.007688073396823496,0.23399586388746116
E1116_818,0.0026172226926747975,0.5694299444149804,0.01652602442226462,0.004810493552342519,0.0007231507816646098,0.017421413384289597,0.016189132599016918,0.0004391141807847593,0.7852326922457451,4.3595970200898196e-05,0.5709771681441166
E1117_221,0.18602386585259342,0.04043215904683987,0.2094336357384259,0.6980472203939971,0.7006888033141625,0.7061725418634748,0.5340084316842375,0.36078163032337607,0.00011570544093638382,0.5617334789866122,0.0019236865731594923
E1118_18,0.397473074214518,0.000104790383810848,0.027452442118797975,0.0023810193382435103,0.026485705509522284,0.07559987486677616,0.25300362552152594,0.36185042707094384,0.35904516698304556,0.009488130190531303,0.3908631006151785
E1119_488,0.0025460471983697074,0.5420738388547028,0.003583094619044986,0.0031832777674950636,0.00032474049589838324,0.0010304914217246187,0.015122103005771832,0.019090825823665197,0.6203941218405622,0.006861646120074403,0.8895691798798814
E1120_767,0.021320944310264052,0.008029014674015914,0.00461330941399976,1.0,0.7265196595833001,0.6900823514519002,0.0027200107833099414,0.004124636057462317,0.020434146341086857,0.4420290072968775,0.0003317001394372386
E1121_842,0.44916583890360245,0.0011469175112592744,0.0064995120925843836,0.002277152493405145,0.006690697401498088,0.0035145796806649128,0.0007136941503890682,0.6128598142791232,0.548655085934608,0.0033601347070707182,0.01730817857028521
E1122_1000,0.00041841810101236155,3.90613225338808e-05,0.5668870392268269,0.004369508552118422,0.5971647463843551,0.6010250087354159,0.005701947026039111,0.0004731811911587851,0.01040793473266403,0.7678802089319202,0.0008979433396387829
E1123_814,0.4954944915876365,0.004574239484942252,0.003165387993835678,0.004078401794512604,0.011842876507245394,0.005031022178850972,0.0071581957653424335,0.5538407278045775,0.6930143479313888,0.0064864573826915696,0.011559898977970896
E1124_315,0.45340152812544626,0.014866936669864148,0.0027041746012910445,0.0011775440382314642,0.0021836477632521385,0.001856682262220178,0.006374398652580171,0.6373576541062687,0.5872281203895915,0.002377961192479694,0.007289170587974615
E1125_1126,0.6485680199099295,0.005833993741705325,0.01155968168215426,0.001200216458681874,0.005298528341466953,0.006946680465226883,0.008213817338330437,0.6484567316151262,0.33933579625375515,0.005651586117207006,6.0409590234044424e-05
E1126_123,0.5470211648270302,0.07880403193614935,0.0020518715240443325,0.0012544800714715321,0.0012254245328606598,0.007546702972204573,0.004582095125861514,0.5331142785756814,0.6919899420338412,0.0016412985933148,0.23834694762701397
E1127_1254,0.7438852015060751,0.02658698763186025,0.0017878011802901425,0.0037270718632976927,0.00254008342813224,0.0011947375111678318,0.008775253573539343,0.7861414567766144,0.4989145564444316,0.012556867462956598,0.004695328746489018
E1128_1268,0.43842933976100484,0.013156200543534701,0.007569394211224767,0.002832217676654998,0.0035381677763250607,0.0002576971846730718,0.002057562812003924,0.9444126844837216,0.7182438203238382,0.004619351348268658,0.007367528873365212
E1129_1228,0.6028729531237357,0.011275880665653758,0.01039288418134345,0.0010237866742540006,0.0002555279665119622,0.011050379754797926,0.0008115828940140698,0.7622912235455044,0.4952162653006285,0.0009304607967308134,0.0008999168155266384
E1130_433,0.5044115157598851,0.002918405611519368,0.0004126806489940464,0.047858689432445124,0.0023526861166293213,0.04228746328217878,0.010308819362732232,0.7000541821293756,0.5169514716067872,0.006012024620668601,0.0054587048496391065
E1131_1148,0.00045875566269109724,0.8228833700557516,0.0006866789586899239,0.004284842551810599,0.0006952800865254937,0.00043284285185580217,0.004317869825718165,0.00024029465965970284,0.5464799652496901,0.012451420667606426,0.8087705564559134
E1132_881,0.5693859927742059,0.0116447539871443,0.0017460658185702706,0.0019219576164900894,0.029716062176745533,0.0022070137433005677,0.01175099703628796,0.6220121307699595,0.6569932246442572,0.000818742890266588,0.00890687347744218
E1133_570,0.46103098681928173,0.0021953151524379834,0.00296376326444221,0.002064309706819661,0.0002418460293605876,0.0003884452235665427,0.0011464305528114736,0.6201705848028453,0.7043465453457064,0.0002403297869932824,0.00028055684571038606
E1134_913,0.5295114537061707,0.004140521576194279,0.003440320509480604,0.013321972103331916,0.013359374020137533,0.005721311026931665,0.04437472423597443,0.7049501056339317,0.8076805991812981,0.0023413645376173273,0.005372430773444348
E1135_1045,0.4818812102505002,0.00022083464800935624,0.0018269311314801648,0.0009741624508584102,0.001864642248987315,0.002021755739670344,0.04042788746231196,0.7326655261399619,0.5410569814626919,0.0014404589831212957,0.0020793122495552903
E1136_67,0.48001308432303985,0.003224767162799864,0.0032957427163342514,0.0051742711635041965,0.001833430712494206,0.000908002746853979,0.004506152183349793,0.6058926201353311,0.5994973231514543,0.0027013914652424457,0.46659028516098233
E1137_24,0.3046557974793126,0.026735563113763655,0.0003674222480245564,0.000328218244041872,0.0074128069319802335,0.15755272871457318,0.16558661979354114,0.4732239071562575,0.21607022766956197,0.002542676096986383,0.26638146269170687
E1138_930,0.0055666533641391645,0.6706101497339756,0.00010370194966219255,0.017559360171012152,6.485611683992293e-05,0.0010470940644900489,0.00010619670920777807,0.00800553523338695,0.44871758355204155,0.00720278487597056,0.7340902898831774
E1139_1208,0.00012801915242580166,0.0011534106966226082,0.5772962267183996,0.0038283406699747688,0.6887789987649042,0.7077600846007364,0.03990775165170057,0.004047553469175884,0.004101059608995454,0.5845799838067371,0.0003067838761196153
E1140_747,0.5415382417044767,0.025410050313860833,0.005622951351273992,0.005113329900098798,0.0009587862071553805,0.00102378261196047,0.0013703860719513144,0.5957878757267558,0.4286574017101704,0.013651690885031719,0.00813701408114109
E1141_1236,0.0028492024511925845,0.008786506106023512,0.004307585828100598,0.40831578989292744,0.7225858184431181,0.5718782583458004,0.0028925052645264954,0.004738590713646301,0.0027597263049115497,0.6734821506938634,0.0018743508146775113
E1142_847,0.01610263248597125,0.5139595911565239,0.00025682746740656115,0.002190092136267335,0.00013488816601867076,0.014375867759535133,0.0005064005222330637,0.00048331622648080554,0.4370581282632777,0.0021802180621132306,0.6618249579795424
E1143_1172,0.006718128506942527,0.518234519144174,0.019229066173058876,0.0015633992333169986,0.006140003259878745,0.0007744887143494765,0.009287266488852888,0.0020934331262166474,0.5323059710284921,0.004228766290466699,0.5960053572759306
E1144_610,0.6640751306864211,0.02224740210935034,0.014841469702140996,0.011551875114806362,0.006286112858635167,0.0035540168767270956,0.02216514169669904,0.6477130368480188,0.4456994335584173,0.0016844130552784795,0.0010257232711590794
E1145_834,0.009160373253199924,0.780344941603594,0.0006079574261504837,0.000543981669303751,0.000411161604227697,0.010093711710476358,0.006340820331578338,0.0003169376853882373,0.69245642694362,0.005924845792139489,0.6950620659157062
E1146_181,0.3682372793083478,0.009757006471054267,0.0009457742336117563,0.0002237992515209646,0.0009120590762811107,0.0014351817248892062,0.00667775810292579,0.6739294754400474,0.5797848803743014,0.016467681623118346,0.0061950900506652275
E1147_573,0.616139820934131,0.0009119255676905682,0.005186394753582554,0.01230713365766951,0.019477919169038932,0.0017718255885516353,7.595610769037989e-05,0.660871655366356,0.6833796347241039,0.005754639487125318,0.001638830344700273
E1148_1039,0.00218186036121618,0.007288597096080463,0.0012438921085708777,0.6176155025095573,0.7819210641087355,0.6842109234205411,0.042253070536854606,0.007183212961487344,0.018853716076524998,0.5287256332733377,0.004945881141833441
E1149_926,0.5408246986282702,0.023760926411033022,0.0005635565908589481,0.0008005234086461953,0.005179044444913706,0.009487081051562792,0.001729515727491793,0.5506524962909016,0.49251691125338026,0.004540802478554955,0.03459671698964129
E1150_20,0.06963457040193374,0.01862974482543543,0.00036247671273814024,0.0004272954707118875,0.00011990158947615067,0.23948433012444853,0.4921839177777923,0.03839548103286661,0.06919388276216915,0.01780358186527952,0.09299635128155066
E1151_139,0.7355074468892537,0.0013809367256149751,0.525311212268426,0.41526926999479946,0.6575910015214433,0.7015449207261644,0.8506954652767206,0.6730098810417351,0.0006993794580265503,0.636760602076054,0.02092076774334373
E1152_892,0.02460064325668393,0.5920225022566811,0.00951313993672524,0.02378907316321352,0.0034606917753493365,0.0004984076518099844,0.0032078613284406473,0.013097101863141555,0.5086812897709343,0.03198455679883937,0.8085717912104262
E1153_1278,0.6036703190919657,0.008232068562636773,0.00690038041324719,0.00567313229254969,0.0030801282638443614,0.0003239712086905818,0.004776168850079065,0.6796300547780316,0.4251690494541348,0.002791763636750549,0.000713245938489677
E1154_939,0.0008052336789247222,0.6938222367575613,0.0010958363756352334,0.00013735632595997458,0.02232148510016905,0.0022852370248613594,0.006209610937863948,0.006503891738957615,0.5949689909638315,0.0063445241049530305,0.7376173126208884
E1155_1392,0.005930026895207171,0.7106251226306575,0.0002588895583704613,0.0074856484447573,0.0038287792659989633,0.009350118933551511,0.007225992310219163,0.0008808089935007042,0.5754006549739089,0.0019544075910896156,0.5778613441808632
E1156_1316,0.5371782426244623,0.017530239546519447,0.010000932353926226,0.002513132430582838,0.0061859575531734625,0.013134137636282685,0.0006830374705037311,0.6923704954723853,0.5699825016719388,0.0006949603693165505,0.027869898920711962
E1157_1323,0.6756029924563354,0.0008827185355552729,0.005426851299895271,0.001790060766985186,0.0003806199534057893,0.00203305994364044,0.00017788518170615882,0.708230725766723,0.7119130009808841,0.004685879537178627,0.0033787416161500067
E1158_1465,0.0015043445398942458,0.006335430044998341,0.002354362269063103,0.7142059106391665,0.7749790890856826,0.7616676723897646,0.0025039875030629173,0.0017168110753171383,0.0004245242656263404,0.5982112808996427,0.007666448295378218
E1159_911,0.003467815731718709,0.005135412928123188,0.49789422920215826,0.014347941759680337,0.6205530753358001,0.6164325234665209,0.003984533693415189,0.002009441903384692,0.00015576771080897276,0.7696078464626266,0.0027251385329610358
E1160_1089,0.5185908041744057,0.007172011997180565,8.500695948940059e-05,0.0008494488380887112,0.007718189639391697,0.006157300603169235,0.004489351057614711,0.8148220929485749,0.5011236510307319,0.0002725499353609702,0.0027201502157439086
E1161_1035,0.6855164385023638,0.00988384344915008,0.007153056885358928,0.0014147696127929919,0.004234855793215711,0.003842961051537042,0.004840934528000888,0.8533019348194358,0.4932737960740107,0.004062948875870913,0.00017835796336881392
E1162_292,0.0033445193534895326,0.021651640271322978,0.6410372566135584,0.04381183571000959,0.7258555257782587,0.6354805896795183,0.005750506765214397,0.002705685512586938,0.001195322374571792,0.7407703419994577,0.00411039023356522
E1163_1282,0.6671645373406918,0.0017827959422248723,0.006385227499235193,0.00024038912290341082,0.011905781627862749,0.003331379503035468,0.004292128654952713,0.46519813948565447,0.557352023683068,0.006180183285802779,0.004505122645163654
E1164_1459,0.0010474453612950448,0.6841741835183011,0.00047428619029212665,0.0004936367929385892,0.012272131209489855,0.002138629708212297,0.004706410594507594,0.01809588878148401,0.8973066718215443,0.013946187162165159,0.5900090094615086
E1165_204,0.0006093455608824675,0.3243586229045196,0.0027406473648237933,0.0034559251949293755,0.005779122454235512,0.0031532092804364502,0.03692466685626482,0.006147959249107421,0.5456039859751511,0.006430765071242517,0.3918562715651404
E1166_676,0.004162232185182028,0.5982578961431935,0.007009923490338737,0.010080685957376719,0.01787263404245404,0.0008402243999931621,0.005981595567881075,0.010690360451520485,0.6420651981700938,0.013425469564632968,0.6166472308483446
E1167_970,0.49087044641150573,0.005890326913347494,0.0034378398530099824,0.0051378612782634215,0.0005641550025265594,0.0439681672826893,0.0035403939493549165,0.6905761844471607,0.5215813673708937,0.0021879964858612273,0.0010969706256575378
E1168_1015,0.5490170653674449,0.02609880020598266,0.0025626204259547583,0.004133331763691657,0.0030545506459699247,0.0018431397003420334,0.0007413425695122031,0.6652588291628013,0.7586439945420101,0.0007498057737915358,0.02158259798935784
E1169_200,0.0019416605716815192,0.5700219108552289,0.010995581080642676,0.004433489523584243,0.006752738794535041,0.0039331548963583065,0.0005952291300079505,0.013088296101281894,0.6235838465654345,0.0009280293444556246,0.9031072637285757
E1170_825,0.0014034296708332551,0.0014194750358173561,0.8011537337919047,0.007486456924362341,0.6201344828120103,0.7013839169172084,0.004097748429571044,0.014985491863444554,0.005542643373844099,0.6967962721260582,0.001287387601621297
E1171_616,0.011822526854579454,0.7440972991146559,0.021449269874601704,0.004870840420255314,0.00011540410204860121,0.0007034397792114984,0.00140624390267562,0.006040186438675746,0.466196010069368,8.77549007755652e-06,0.6716046881323424
E1172_65,0.39929730574137245,0.004455117843183272,0.004870381671548229,0.006435150025660713,0.01834708167569675,0.003303260316701177,0.018392302348533666,0.4645441766052722,0.6112358407963555,0.0011176065565740377,0.7541892451920004
E1173_1363,0.6039388367960815,0.000844312025137359,0.0038224613476695486,0.00196296028227214,0.0013849147392617856,0.0005122917304587098,0.05776102164540857,0.680380556808329,0.5127600023835437,0.008620320722045948,0.005146193361690381
E1174_1414,0.0018905051054862402,0.7795671983695734,0.0051576605291617054,0.002060669190769486,0.003896898253090141,0.00020304146370930915,0.002873971616207463,0.014988619428607314,0.6139587240791375,0.001159739403760302,0.568588798393686
E1175_372,0.00247387218670093,0.5819440199494302,0.009117958612744373,0.00011788876651888544,0.005366223003495881,0.001744638183533361,0.013729268472974185,0.004450518607647544,0.5989987031624611,0.0069636423161541705,0.6169195865130862
E1176_273,0.45542741423293637,0.010815959736814016,0.5205331135296711,0.46274378377061753,0.5989294799823528,0.6237523619734355,0.7007151725750085,0.696590689234869,0.0007816788185736104,0.422991712502888,0.006894787328498079
E1177_809,0.009661915745341624,0.0009512752051174683,0.08739399085606228,0.7721913829844401,0.6016771983763414,0.6551834281612322,0.0016175985818308069,0.005792557022174449,0.0005870605893168282,0.5064512479366224,0.008234363701625091
E1178_493,0.5179610927676692,0.00491641896522516,0.0013723192789081838,0.004172448948703004,0.007262775215063425,0.00208222112621684,0.00219224600441185,0.6206810241126042,0.5581634677658203,0.011319008444625366,0.002629009927364132
E1179_830,0.5344828631602384,0.004078898150454778,0.016367377912001047,0.019649287316508886,0.01877041516222167,0.016480478410532774,0.004209736852390267,0.7136993959989028,0.6066138049168992,0.026407186215564378,0.008373644119046682
E1180_641,0.5073643807674403,0.007608707667041969,0.0011059021242505469,0.0001696299168577034,0.002255375468853201,0.012352773940243743,0.00019704103891016032,0.7177335115855014,0.5300470353675226,0.006544799911522499,0.005737697085345483
E1181_1177,0.5743189895229728,0.00331179762073559,0.020019420761406958,0.004103304001727802,0.00029558652334679773,0.0012656499512272781,3.71393504502812e-05,0.5739886120764358,0.6649764030883214,0.0007512740448399396,0.0026762082690017347
E1182_287,0.4429645929209606,0.004834571446907962,0.003998708901416823,0.018105903419136336,0.002442224325960485,0.004118431866918618,0.0004602194294924252,0.608385600133472,0.5603863805228133,0.007846706724432065,0.02459502482497216
E1183_804,1.8246423593838155e-05,0.5776481249065436,0.0003082277408984402,0.0015229704926459768,0.007192959285182274,0.005804628384205931,0.004818040772753715,0.019151492378886227,0.6296602802793417,0.012360799382643168,0.7819721095787358
E1184_390,0.00662693552370451,0.0001398120530586409,0.010267620281148863,0.5516361339485751,0.5554152825045973,0.6386171593464115,0.003027868011856307,0.006244534499560653,0.0026887019749062334,0.6610028075791292,0.0005163722031747263
E1185_38,0.2532780863918011,0.00221471823670377,0.0013776835767904138,0.002837714630009324,0.0005561709351536736,0.374528073636856,0.38955144817717463,0.25083667621220057,0.06874302390682839,0.007473132514881694,0.2258774406354621
E1186_350,0.6016382488259046,0.0023477977005377675,0.022421052579950383,0.00015740112791247713,0.01559043467481834,0.0007171720563124296,0.002329103352307037,0.5642660902667447,0.7023816747190063,0.029478481979124057,4.3135928998801754e-05
E1187_1371,0.006155830654900346,0.710568246935981,0.004326914563156224,0.004664510011028116,0.04015125380596138,0.008012919248663375,0.003399567842137319,2.1550709559202375e-05,0.7493651661214583,0.00865394684461002,0.6398086468239297
E1188_701,0.5503477048602052,0.0055143293830555665,0.007520694724559884,0.0007247769298761953,0.0021122537817308278,0.03398384796774106,0.008071047993758115,0.7769099743869674,0.6417925003214603,0.008869696823439325,0.005510364063872511
E1189_47,0.5585725321778906,0.00044665245937734423,0.0006579120647783948,0.0021801894322940663,0.0023545541348384416,0.44520960678885596,0.48568152925133623,0.6039484718246177,0.19295202156223715,0.0021901469419400247,0.0019225973020724004
E1190_1186,0.003740618433896269,0.7063828167286396,0.010484624614909885,0.009361929309803448,0.006763512615530469,0.001750335547888043,0.0037823313065650606,0.0005789169249261144,0.60284587615137,0.0006942343127598667,0.6337470797896589
E1191_1444,6.175543151512292e-05,0.0005726615515219305,0.017540761476759155,0.5395262468453889,0.6775264885429197,0.647330153521767,0.0033431419734947913,0.01963895064328072,0.003477124627970606,0.6447824381845736,0.0010555983752619448
E1192_805,0.632025306718731,0.011520257727128025,0.0009273802907612265,0.0014870095403224553,0.032544622277526886,0.011052824977412003,0.0005858498301453108,0.6689267817244501,0.7021975345401714,0.003959198400237024,0.0076405337876026954
E1193_1465,0.5762617968131498,0.008718501679192464,0.002306105333903923,0.0167963920024519,0.019683597158695037,0.008421996837128264,0.022900577362214868,0.660741324216161,0.7354466768386736,0.0009153867953272281,0.031154720782084408
E1194_445,0.013131266145668796,0.9026799084776258,0.0005591450142415654,0.0009896310040005349,0.001793439149775818,0.005676638168260393,0.003452755322128037,0.003491532572492225,0.595030969152308,0.005456189450820916,0.5946005106024641
E1195_645,0.446831464220132,0.005639445241352761,0.0032521586846441454,3.819717832855769e-05,0.0025686370689042173,0.00653703767901081,0.004545827930412774,0.6044820022827797,0.6441354138651716,0.0010906050263346358,0.03308995183119178
E1196_753,0.5821181650890818,0.02075799496407904,0.00042428747092755674,0.013705920897220284,0.003205069509379498,0.015178246265750749,0.0009976555672962738,0.6782507725246814,0.643679619604233,0.0044607891940028595,0.0035272313985952545
E1197_1207,0.009183465334058135,0.6712077474412479,0.04574001120228917,0.0005161892049456948,0.01434116835937818,0.010316610844569847,0.0017109052089937138,0.02094712370335846,0.6189816497147294,0.010995730110331243,0.7976178557603097
E1198_742,0.005183119318813624,0.8074408780030151,0.0006588997110876606,0.001270076272263549,0.013690188929034626,0.004859211561113339,0.008349680746756636,0.012401859596409234,0.6462173812761238,0.0006712994160274368,0.5152256140657019
E1199_1031,0.5442568427551908,0.005562115050556924,0.0013015282962860711,0.0017822112292975136,0.0003825177226719633,0.0050879286072156886,0.0021810337073356455,0.5865672682805496,0.6297544098989845,0.011110070532796749,0.0007850989861959278
E1200_107,0.012271137919249057,0.010672784475266156,0.11032460503610643,0.056926749294978644,0.02376775512400376,0.3077253470435736,0.538543529420405,0.006131857525810088,0.0004059339135809434,0.07716594608606007,0.008702429183696524
E1201_1011,7.204672357972872e-05,0.48522226657419776,0.006200368712360924,0.015427672967845552,0.0014681671116948927,0.0007248441990548882,7.8940430083983e-05,0.004701397028371316,0.7339838681891754,0.002858876938605879,0.7586830556023513
E1202_623,0.44146481037422836,0.0007431771244418588,0.0,0.0007336673666071335,0.0006103134314858407,0.002703365278899453,0.00604973448642623,0.7255299485941286,0.5043879175052172,0.0025159502039575,0.005974999702186002
E1203_872,0.002796731894839415,0.010876932678101336,0.5908174092022509,0.007525432202162102,0.5876591703600231,0.7678073404173131,0.01422065000451674,0.01480227264101804,0.0026255062103907726,0.7980730171669672,0.01987651785080009
E1204_594,0.0005774955635374647,0.006942232198883117,0.737938899330102,0.0031234365687779282,0.6123489643494976,0.5766140189341014,0.0011837232958090019,0.00419148677148875,0.0008520163936571488,0.6550421241947493,0.0025498944510265746
E1205_1003,0.006567568032362018,0.740684894959739,0.005940150338479239,0.004946824404744042,0.00040625580578913253,0.003910977669314691,0.011435085169475197,0.0027866519200579146,0.5659716688377028,0.016250130943336216,0.7581538353998897
E1206_538,0.0012685208693279481,0.6290055366157108,0.00493236531408019,0.000612112071760244,0.004850176138094885,0.0015548861588503236,0.009040311425080121,0.00018586403213491522,0.635006958807184,0.002123752631714175,0.5381260692298873
E1207_91,0.06925168267630856,0.005917949853752019,0.00016002109530804427,0.010820057270123806,0.02481997831114831,0.037848427691214624,0.029693756383224197,0.10707294715160984,0.38259548311291336,0.021005216597926306,0.3920321095931496
E1208_330,0.6080660603880672,0.0038577019457584445,0.0007081753826284517,0.001145476520606086,0.0009463347052030151,0.026096953858443312,0.0017808355588369573,0.5874852727015194,0.48187024382796373,0.015388908370333338,0.01959161217344336
E1209_53,0.3633154901686551,0.009195593013327244,0.00017791283953399428,0.0014472860426776428,0.012130022700397156,0.0641515621531152,0.003517167711916775,0.2935819447209311,0.5498875118005913,0.04152044346411089,0.5285482137302947
E1210_955,0.00307164094873593,0.0021108368919773445,0.0016116117284502574,0.697966833673383,0.7237906789770736,0.45214419381962145,0.02623261602051176,0.0019993285300888247,0.001918481423932902,0.6485472070545898,0.026483066097410055
E1211_1177,0.015576233348915681,0.7183421975088904,0.01202579712987983,0.00654190115676761,0.005734257109143489,0.014665668249724992,0.0022831987214844856,0.0001946511683539274,0.7060973569126315,0.002055903307214276,0.5846567557397172
E1212_1012,0.008131261022538461,0.003364131311988355,0.002189918036356636,0.5042413974804201,0.5853828380981232,0.7792921397248374,0.005728899446160419,0.008849778875712267,0.013422024674298486,0.6908882515796753,0.0014446709578703001
E1213_107,0.0005792851728774992,0.004695499990503794,0.12024091720176008,0.06763874221681257,0.11916792381854872,0.5507833345936937,0.9109741760852049,0.012370693434214042,0.019292434829154853,0.07453718339994252,0.004367695907880116
E1214_1075,0.5631950658389522,0.012969432703320521,0.0010323069767783082,9.489394753584779e-05,0.008977612149259321,0.010914567743105447,0.002186924242747093,0.6808474757250997,0.5519192024140447,0.0008355202195441875,0.014365461478229969
E1215_1075,0.49525117165509275,0.013430294114305413,3.486753284984527e-05,0.14373751885402472,0.0005972087593691505,3.060731904356046e-05,0.006384395275485473,0.7941649644527514,0.5952177864900593,0.005234130152132308,0.0013574408379644284
E1216_1013,0.5303526897487133,0.00037755131901723245,0.00013948924053734863,0.0012771767689476684,0.013865806038499783,0.00013016150542695826,0.0016058712848020327,0.5948961765366847,0.6530025068344297,0.03030683231531696,0.0007600950248396492
E1217_1345,0.6933991789330306,0.0020489705860612622,0.03695904675954946,0.0042339503281550684,0.0027202609141377624,0.0033306628933072904,0.0011663029375917836,0.7525706929066333,0.5741381629752175,0.01232797194432238,0.030269395011810606
E1218_1038,0.00486124857196968,0.000379014625742182,0.5993552875529548,0.00912096853207273,0.8445727262919379,0.5279303735368789,0.002988592075097804,0.004176832096310342,0.05660152895431132,0.7688803929897565,0.008910335863200275
E1219_368,0.5570543380208709,0.011707219966445788,8.976827849139112e-06,0.0016078189068237738,0.005381410608556122,0.0019408746353504391,0.0006126397488006646,0.5778582694507337,0.562548633113293,0.006861018848711228,0.002632820025947744
E1220_1244,0.6456855812793435,0.0018732784753565433,0.01903039359580645,0.004753261491764253,0.027789149403489196,0.0016243345887588347,0.004911853955961128,0.5078194229055462,0.6043431440718533,0.0006404694992661036,0.001022804103050973
E1221_220,0.0022024596542886475,0.0014643912823259105,0.46470822965565584,0.5635061962582846,0.8044199376225575,0.5552369607240082,0.045752243963965294,0.026637601844898166,0.004990641827015088,0.6032697524557513,0.010397095145306436
E1222_418,0.7310472251315174,0.00014343879243538588,0.0015673653998709493,0.004076500498023389,0.00696061969076922,0.0012272189530756713,0.0009118119206141683,0.663487212837731,0.8043421354084365,0.027722458465951044,0.0029555359665777692
E1223_605,0.0034416438855148584,0.01611981300578201,0.5561503961090704,0.004597945263584802,0.7832180946441016,0.6413362490603759,0.0003105384950216001,0.000180090464517957,0.003824516918126718,0.7890263529254113,0.005073360486311264
E1224_1298,0.5555920155978405,0.0009063980650636893,0.0032327124609864886,0.0008720396263722256,0.006029095106523817,0.0007568239296226472,0.0018380930180875326,0.7647841891816681,0.6643577993359729,0.0019251284558746784,0.05039078255585619
E1225_950,0.009851194006329406,0.005533228226493672,0.5860263133785468,0.005645839513159135,0.7127159701502643,0.6631367843218423,0.0006162953004072442,0.0015712644377054374,0.0034531794386854727,0.7107874247481432,0.002811070675651939
E1226_1008,0.5404430234033225,0.006953385638445316,0.0035586529336471425,0.0011039027575442594,0.001182637726288999,0.019329497206208572,0.0015782901454165176,0.7493313316708448,0.6596621234906995,0.006143563922941129,0.010279013464161317
E1227_696,0.0006255091935372706,0.0019127855589344649,0.6650091250221845,0.016894494692226675,0.5656902736272577,0.8175275709917394,0.001286418378701786,0.004813395967835423,0.0019781630715301076,0.5984822397010653,0.008658601001465096
E1228_274,0.5025567726754365,6.326553106947083e-05,0.0018544570128215475,0.002644590388838731,0.008841817549498678,0.00023653775337767352,0.0008226265424869777,0.6400005077434837,0.5350897832737503,0.0006615061547314927,0.032753762497242773
E1229_67,0.3176820038303897,0.009419949112034812,0.012863785480026965,0.010112646639106826,0.0030828657370911166,0.018410093569641604,0.004204285810142855,0.4413976361725933,0.46542409078012575,0.009337943589700838,0.19950506574292975
E1230_44,0.1718318064575834,0.018814904414803532,0.008295156375808582,0.016269143136676344,0.0075861435468165435,0.04640227971448844,0.17246670664303326,0.23618659302744238,0.2084469998932588,0.0013011338654045496,0.44145661472979353
E1231_505,0.0007812774260408474,0.7624773506706364,0.011009139528627797,0.005750565271262887,0.013117714334948044,0.005388191865974666,0.01051972221000861,0.007161810918850612,0.7033894564290653,0.003740461092656921,0.51060473212762
E1232_35,0.37543932641131456,0.0017739245636340779,0.012827855601116885,0.00826454215250375,0.012852321521043077,0.029614816855300707,0.12528136780460453,0.47693095921141226,0.5413976761056739,0.006963021986651963,0.33735514342234496
E1233_1277,0.4854480685526947,0.0034625607792134905,0.004002237479996484,0.014881540759992576,0.002267929224041321,0.00036199590497805657,0.002425580548082672,0.6730289037838337,0.7087368361671075,0.003006448611252261,0.001892096054504842
E1234_523,3.640134075936758e-05,0.00393275036123052,0.5825087417253224,7.271807039103262e-05,0.7785196012514782,0.6260652792734603,0.0023263438540024584,0.005198083376387758,0.009987423000922738,0.48245027621336717,0.04605997880346883
E1235_1253,0.0030460147713133818,0.7545319779871923,8.616449837850144e-05,0.004959948120540714,0.01653189578317201,0.028746728625045122,0.006358751851323207,0.0011901294988081667,0.44029374202269406,0.0015947842901524248,0.4795707837646826
E1236_894,0.5590067838804627,0.0027522148301963494,0.010146731020853146,0.008092927308185973,0.0032910706180354745,0.003029646331892493,0.000455984842386012,0.7086706716455083,0.6509908750203182,5.586607549006109e-05,0.004328123601885024
E1237_246,0.43647845260263834,0.013600663595963207,0.018450897066975735,0.0032104932106485984,0.003414613048728214,0.00893486656628351,1.0854815459012396e-05,0.7198385933849637,0.44811385494428935,0.0005721980341427941,0.001083302314862661
E1238_763,0.00803618773445289,0.7638943425730531,0.0033427443759344515,0.002424727255621046,0.00609020507939384,0.005358647311035149,0.003635235313896165,0.0036699027249190354,0.40406002287655823,0.002933785037393559,0.8254453308428138
E1239_667,0.0007704936298182105,0.8334728686656374,0.01238420457193219,0.042588809179994566,0.0039815875197158,0.0013317574778417406,0.0020066779234623206,0.03484889846090849,0.5995856331493189,0.0005253653901926167,0.6823664421291148
E1240_1471,0.0010263290960164499,0.00021216210865257688,0.004031297205920878,0.5849305367122454,0.7236671439688437,0.7046060889238539,0.009100666231949472,0.007970195543153157,0.00936375437312956,0.7255521469499235,0.0032188400957272817
E1241_1131,0.5205753803388279,0.008116386337959748,0.0026245052052256794,0.005165557909340634,0.00022536425872711792,0.003662403746187084,0.00021720358878587253,0.6912384777336456,0.6352171715582647,0.013455578543897008,0.003151620408583908
E1242_1044,0.004181394884144762,0.002440371551899606,0.0005404415849824855,0.5960237616436892,0.6397585443262642,0.696670158888276,0.0019228822514363478,0.0010095836944708336,0.0023405700637189027,0.7316005415470183,0.002739588475287617
E1243_258,0.6850277142828174,0.032836392729228774,0.013204025923369202,0.005378603363021404,0.0006458946249232112,0.003801305301726526,0.0002244204989887211,0.6634234826238469,0.7433198199289104,0.021851924642429108,0.010931347795755194
E1244_1235,0.00033988048425370347,0.0014623905542059622,0.002071897487605017,0.504678123760689,0.5835869446216982,0.723086555977787,0.00802098538142481,0.000719448528324818,0.0004450631320495799,0.5617998822015323,0.0026973296730398773
E1245_272,0.6242663307648547,0.0008247425016612656,0.004069501351996291,0.015229834803300205,0.0042927204131539875,0.03292368589347526,0.00022378005508860027,0.7533779345342345,0.678026457061784,0.0004576735868636452,0.01321684236258158
E1246_392,0.0001161535192944101,0.009302686262126589,0.8234858624386427,0.00805584502526902,0.5905573467642885,0.6897325235381904,0.015416066492624132,0.002359066101231856,0.0045892479730064925,0.6700707823163646,0.0019457761658738817
E1247_626,0.6426944773159159,0.011649915446604688,3.4243401663883915e-06,0.0031587957428519334,0.00038525331055759343,0.0025374822004929974,6.662141531631419e-05,0.6228240204205889,0.49426867187720885,0.0009108928437252126,0.003917892749599033
E1248_1246,0.0005367158748859156,0.7777266633318436,0.010000027563719012,0.0041014945731924005,0.004223455122735146,0.0005050818487763822,0.002907200234102425,0.0007616802219724401,0.547930060988129,0.01625221511584503,0.6694451956355683
E1249_801,0.0007900444887311354,0.00509465409857225,0.5683054922580105,0.004653619612676025,0.7821906549552905,0.5904252142735111,0.01565067691926296,0.0056804328225547734,0.013225745120256071,0.5163776706468322,0.0018429990359637963
E1250_24,0.21333047553810727,0.0010166959056244766,0.021648160860060488,0.0005062474921544998,0.0004538467067278316,0.5407237455183749,0.5616069323641173,0.2212410419928803,0.0008592164455558606,0.0030883113900266085,0.022288755565209487
E1251_326,0.4595115921378764,0.03607446645809782,0.0014665352164904767,0.003388619176545986,0.00014047273163267813,0.008692438896911006,0.06880246898746202,0.8087309639215714,0.5920893741176385,0.002058470566255735,0.0025064869294066164
E1252_533,0.003879979585515697,0.6838342325609933,0.0009094673512548437,0.001492722125062083,0.005263940837839471,0.0058074388541931215,0.012438256473155397,4.577841115448582e-06,0.5174072780299087,0.007540329124117331,0.7419725242905958
E1253_1132,0.6619950706366805,0.0056789102616646115,0.003579696860264524,0.002027808988034872,0.006493019034679347,0.0016960218454330934,0.0008492484924236577,0.574748150713526,0.6395157932566673,0.024407603562116947,0.007245962084530805
E1254_580,0.0015832357344428966,0.5580257374882476,0.00880668731415179,0.0010599846077719106,0.008754908497707792,0.0017992520363033966,0.004419786244422613,0.0019828541839408535,0.7141829529793476,0.015549367473869355,0.7570213235617337
E1255_82,0.6319598326683444,0.0021411957127894063,0.002353671082590147,0.006376055598320424,0.007764424546717442,0.01992116214286634,0.015443653283594786,0.6062676770153085,0.5808596556567373,0.006239466460315674,0.30947728850281947
E1256_824,0.5806197239961718,0.0006151574220050385,0.014519203597977797,0.0005236724611629466,0.002239601366232568,0.002752647745105189,0.014524535900044074,0.729104156581174,0.4794061279358339,0.0032504269323518535,0.008855125717536848
E1257_858,0.0005720538501642768,0.927401565757491,0.01995096525752045,0.005723972932357943,0.0006700038814097923,0.0011484320159546443,0.0007689387405559262,0.007115203941202867,0.7951688212720852,0.0008223063005896277,0.6695530822492368
E1258_1027,5.258082821203541e-05,0.7393246679105019,0.009788301549499627,0.0004890012436180467,0.0019054534665176746,0.003422943939072888,0.013657134786490163,0.012363919290648133,0.6342511678916429,0.003974062407926062,0.6038085663466429
E1259_618,0.5319479575712428,0.001368487764120763,0.0006771571516595744,0.00179719463578429,0.0016655813688091574,0.0002634705778538688,0.002569030817773394,0.6194467561144675,0.5922012390649877,0.008095407445397801,0.014714858596741875
E1260_444,0.64719351568859,0.00034313672579580287,0.015692367737509132,0.002288390706373457,0.0012769372767073752,0.009432555015710904,0.0015792883026405388,0.5789760319982575,0.7110190841797076,0.012655286779264537,0.013695733815915377
E1261_1027,0.681035176628129,0.002570124746556855,0.00020401169854961218,0.013494885186310906,0.0032014106156590095,0.0009762063330331657,0.004184033785132407,0.4500202648987075,0.5656310888737718,0.00015570871872729164,0.01931259702663732
E1262_515,0.4877925856048399,0.0009753280257542251,0.005680521060997782,0.0043903770609295106,0.005122123124933066,0.0070063129634664245,0.0017672504295202876,0.6761508706293305,0.5806534485371628,0.0016552545486540032,0.07818420147797045
E1263_229,0.0005864385336356843,0.00888066116464337,0.11877187537891652,0.4477285351241643,0.570984788304239,0.5859291924065986,0.18168547314739006,0.016007240567480215,0.0008255544706439228,0.5149916361684481,0.00823744116941465
E1264_23,0.5255721121523088,0.0016972449259254996,0.009023199850392937,0.005422339533976435,0.005719820011808321,0.0949442695722124,0.21674235960329313,0.5584949997429383,0.24719159722432055,0.008029668826929516,0.41368071512920906
E1265_726,0.4731591016622522,0.012573304969838228,0.007568742902828071,0.007952469107806294,0.014697550316789675,0.0002496556958143127,0.003209233795961246,0.7414666431611678,0.5649294435690211,0.0021686365649933904,0.03303049393376237
E1266_1220,0.001639098249401925,0.5746699660803095,0.01945658539665102,0.0004139329236752586,0.010861886630375154,0.00039843363830347823,0.02145313165699357,0.008815862866350646,0.9183628670191207,0.004539814767882366,0.5497674210367618
E1267_1023,0.009716953344765874,0.003942306028926029,0.007383142266432668,0.5213519946036765,0.9396558133884797,0.71394523548259,0.006942241398056229,0.00014658540200842884,0.00942253673911969,0.768384585837322,0.003951221930366639
E1268_665,0.44922721511796965,0.0006569195316979611,0.0163237296177362,0.0010118180673031776,0.002282939410313953,0.0004320222376228971,0.0005567175623860759,0.6168031834174827,0.5266566293280915,0.02160395211733942,0.015336604346703657
E1269_583,0.649040654848611,0.003821860097277219,0.013376231394716389,0.005207715638502922,0.0020109111723858463,0.0029367600724834195,0.008051708200466426,0.534552567498925,0.6313048811542044,0.0011114238081112325,0.0029603850258771414
E1270_901,0.5362414849730556,0.006273876725523325,0.002695264279337681,0.02434030841816804,0.0008300339788966882,0.0014982225632991168,0.0041417220562713145,0.7612534278879556,0.6069293408337805,0.0050641538424358095,0.021183839290832947
E1271_48,0.4442265415852831,0.0001372532223820287,0.0019140084011809633,0.0018470304933151202,0.014730651014841811,0.0805827160788612,0.20293665233673072,0.48609038012343336,0.3377755419908223,0.004455111612800296,0.020020671664160272
E1272_226,0.28520958396974516,0.42460994366071736,0.02689674366114929,0.031458102412462864,0.013849725909322052,0.019165059704009904,0.0009426206750317596,0.041052668467707845,0.5490403510454303,0.011663749326854801,0.5569937678179747
E1273_1308,0.5069718565292405,0.028169807603197258,5.086047440408025e-05,0.004414505625484815,0.0002575830782828034,0.015740083134471946,0.003133590675707488,0.7607549582530675,0.35140281852005895,0.0018454804205173857,0.002630929208099698
E1274_758,0.5321282052891214,0.0019561611664531925,0.005621358311248398,0.0008016321558488684,0.003741991967678908,0.001485205124937969,0.016073779665516336,0.9057725298642396,0.6479078357405981,0.0181288947184211,0.00017015951262098206
E1275_438,0.5423511338815263,0.000536121316133751,0.0029686383484493744,0.0009170614849801586,0.0008730447808486368,0.0039047292401330966,0.011296992462658468,0.621077641315955,0.6949129813984248,0.0002601181688658383,0.0020820126650243184
E1276_1116,0.006124976428850789,0.008051730041421764,3.860118264618126e-05,0.6695608244149799,0.8141976030465675,0.6108555736607804,0.0856093270113299,0.001349161876669466,0.00920322935294105,0.6575961734940191,0.00557743929660335
E1277_1430,0.5524485958815577,0.00723088935558051,0.0004852972195176581,7.814336816744308e-05,0.014861597499384744,4.0177043009793194e-05,0.00437138919195248,0.6114844218841495,0.5657752426319168,0.00047601895600552294,0.0006571894621205807
E1278_215,0.0010779835826251992,0.00019441119725824456,0.2339614035378877,0.6061475124853838,0.7615888531778341,0.5071608491792775,0.8467542525210411,0.014795482758085883,0.002676576259161559,0.5095610904557212,0.0013348108493945253
E1279_462,0.004615924289482441,0.0137173546735335,0.005096976021152805,0.5485840863101914,0.5954311581647219,0.6069949906767041,0.01427458512932331,0.010678254622486658,0.0021154796670875514,0.6203821108216365,0.004618260137889089
E1280_1398,0.00043566611879832103,0.7912591175343537,0.03534108068810378,0.002083865301564819,0.0006258463909997336,0.0006359024166511582,8.924730738817513e-05,0.0035935666835184357,0.6068388425731768,0.009747031833366638,0.8186004390986468
E1281_210,0.005614101681902015,0.7034671186962398,0.00010893580754476054,0.001724141055637684,0.0041420402888741594,0.00026186691808041007,0.004573180515734076,0.0033702532584758984,0.7282352081948721,0.0006276565524758409,0.9175076850315481
E1282_574,0.5029193477045096,0.030286522466814226,0.0033743324278878617,0.012528826197355515,0.008762584356376396,0.0005806474133827937,0.00014829257948007014,0.6037491041429763,0.42396455979916675,0.013377557939285013,0.04014858652892517
E1283_1150,0.00029164990566012594,0.8296297191157807,0.0025956869858719295,0.0068564308990291785,0.00030029437293894236,0.0071969581017561545,0.016926180494549165,0.024718640312081597,0.612509862522484,0.016517418687938695,0.6847946759731481
E1284_581,0.8364969959349027,0.005140531453070466,0.00972545503899738,0.0007459136803799766,0.005932134755640301,0.003836847043665198,0.0031551268356979326,0.8634228616495482,0.7127616670433314,0.0007423679993020033,0.013558167771969472
E1285_462,0.5197463082995305,0.023374592731797185,0.0010536632164547938,0.013317741839339146,7.769165588707444e-05,0.004547903528576128,0.002411125320096255,0.762834958640061,0.6242050734460065,0.00048122478138152777,0.001123495519945155
E1286_1352,0.013539784013504542,0.0008476732772971919,0.5790094540480237,0.012098401163377943,0.8301428201734585,0.6171157381642451,0.0008281625139408787,0.0009337662042940633,0.007610203595889116,0.68741731024168,0.0027035801789620307
E1287_334,0.4927870379961006,0.011842946028743114,0.004644330641867798,0.006799982915342752,0.0001943623114372743,0.005962904621639988,0.0074592695228051075,0.5014900403953029,0.5747793398157196,0.011588044968278678,5.389250136193018e-05
E1288_7,0.22046058747248307,0.012712723667850912,0.001763342878808407,0.008521948059961669,0.018550158485249126,0.10542857491708917,0.2727753848033732,0.19880396882633744,0.2597167953058044,0.005966897741919197,0.08181929965217108
E1289_1211,0.5274357061973025,0.00027885729729153143,0.00024867193395703845,0.001636786832656949,0.007592389958468739,0.0020646781028353075,0.0007011453182305887,0.753355552172675,0.43561196893443,0.0038591630052538894,0.0051758870616487596
E1290_585,0.004689974956064346,0.0022018231024435748,0.0019306636261747763,0.7719933457369853,0.6735735806270358,0.5384588256830657,0.0051237049194967875,0.00506327244579649,0.0023609513889487864,0.5466947536447794,0.000998171866274382
E1291_18,0.33366909578565296,0.0006223272663382716,0.010868864481183954,0.007057559488443965,0.025727417371308278,0.11545945627603772,0.16258529202868605,0.3103858741298298,0.43665845916622964,0.008944391345209402,0.33881220813128926
E1292_1358,0.00816109192652559,0.02329207574438706,0.0012370944504070819,0.6370910684994198,0.8369573736262413,0.6051043652012211,0.0029055431869565926,0.001161244688554095,0.0025957121878942106,0.571569429867798,0.0006648120289674879
E1293_267,0.5576919716512163,0.00025917299814032403,0.00029062154372308855,0.013913498115702496,0.001270206381002469,0.005567876605039664,0.008126771710935838,0.7405932693522038,0.5426976796788552,0.0024760851385355817,0.02650576439252022
E1294_507,0.009154562423338163,0.00603647084250952,0.014602592149325997,0.5107892196650752,0.607710365094148,0.5634338575193762,0.0007591546991609935,0.0009830733870158518,0.02674058830604333,0.462979900784272,0.002935435652713515
E1295_361,0.504335240711182,0.00391658131955556,0.004508201792944273,0.001135166561620447,0.0027802739753028105,0.0036446546613240764,0.0008583515653195096,0.7163398716071598,0.7891931149328132,0.015577448191830238,0.0028687626699092144
E1296_271,0.11920242321780292,0.0005551616533738247,0.267393402337838,0.24964237960272462,0.7351227785707382,0.7058687882879433,0.1996152107222582,0.6144160812333491,0.004024281463856779,0.6700841019980577,0.025749498588660075
E1297_611,0.5262141932230404,0.000386024393802846,0.003154944111796883,0.014677329624699396,0.0016403264856669683,0.001267591030403009,0.005533853467175087,0.6458711300340848,0.6758062735714845,0.008354349236189952,0.004168572363993774
E1298_913,0.4656446832544035,0.003321182475441056,0.004851182503796314,0.0004052603358827777,0.012995404338110729,0.0035876707126785076,0.006256120745024495,0.47890172276682796,0.57264583239044,0.001702759824554099,0.019281001990453864
E1299_60,0.4934786577500397,0.0012209434554121676,0.02089790602383846,0.0005105964239745965,0.005470811744671075,0.007017360174888592,0.013864298079815714,0.6205703578851759,0.5312834352444104,0.020659785933392013,0.11752477919427054
E1300_905,0.6217473614985208,0.00336435503260062,0.0016062225424339639,0.011394635591566601,0.003152241221015528,0.0015930505034692994,0.0014303246253585971,0.8272388668479955,0.5395530361049531,0.0008944273462652685,0.005429048001385754
E1301_666,0.0074449181177038545,0.7926948870628727,0.0013413928080983197,0.002058762621886808,0.004735473697627827,0.011379241843469997,0.0005267633433497689,0.008313903691365782,0.4559212662057446,0.00964736102406319,0.5368068241105101
E1302_1387,0.0007858943601194616,0.6023482033296027,0.005845830852401243,0.0033253219848039294,0.0001721820068305396,0.00016903402669292108,0.01547967834976288,0.005821995153011453,0.6218070865153837,0.009594977475806213,0.5373719769596748
E1303_850,0.3649313041595916,0.00998437355958338,0.006435251781348111,0.0076048934737322745,0.01519564763826082,0.0047272821058046005,0.011579549917223864,0.6800578623699154,0.6072215360031437,0.00578299992882242,0.0028518093298616556
E1304_374,0.5545768441600387,0.0030006613747143524,0.0018639116109920128,0.00029458626570650807,0.005561135232362592,0.0011571177459132839,0.00319141852728355,0.5114571041097122,0.544955544503758,0.0039058844212684343,0.003204479399900644
E1305_746,0.7087446479412334,0.01811260809896672,0.0006422067355468195,0.0006867303450725988,0.006449552722454022,0.007384961984254058,0.0025049342916911065,0.6998776678728039,0.6263949439416256,0.0018440672829063913,0.0005926537861246458
E1306_1434,0.4350563577879952,0.008515764376723191,0.000181398338500905,0.0024237477242494026,0.0027835244684826705,0.01801809523743339,0.0022473808720686736,0.7160768183252761,0.46230022236398294,0.0007466330850798068,0.00010167050256616621
E1307_967,0.00280119466155027,0.0053861383825757995,0.0035473654679726925,0.0005472161255253621,0.002024476730771193,0.00782636150411866,0.0011464296660540524,0.014168386020968957,0.7767956375989739,0.0010534623182610063,0.6128053481011521
E1308_434,0.6720664773575055,0.0016659560602076506,4.7008416739502005e-05,0.0005823104511521834,0.0010042869802010658,0.0027170369881319495,0.0007564494532765864,0.8000731348899532,0.6518612779663644,0.001553054435827747,0.008617869790985352
E1309_658,0.0007569043559672926,0.798279380431,0.0027415301067776265,0.011600330311497861,0.055417568482066366,0.005063075394697123,0.00597926675510231,0.0019306046784502708,0.8302503447222597,0.0009739562716651651,0.619356675646486
E1310_1063,0.000561380971281522,0.6904132440147634,0.004799197640133245,0.001339369037604576,0.0030224059407426276,0.0010334077875994235,0.00473320409467964,0.0028680759923838954,0.5647909149453413,0.006964567953379499,0.452862178207975
E1311_1305,0.5249865788126193,0.007896333131564948,0.00252706354395289,0.0007158555006059788,5.304140642565308e-05,0.0011048278447964657,0.020873107739985273,0.5994352437361248,0.5420130793436096,0.00019354091562265267,0.011457842995676662
E1312_264,0.0004076224620559846,0.013103020796674582,0.8148012849507841,0.12644233734822466,0.6547145655512012,0.6185526888367858,0.02285147515752033,0.28790129398671754,0.004592269157484178,0.7497396912061935,0.00557821944856763
E1313_852,0.6231122204585261,0.030020363957364557,0.005671287896701051,0.00014999539409492736,0.002458212510966268,0.0029278949112726913,0.009679461311169493,0.6228238378993903,0.5801343131304939,0.001023718671069305,0.006826221964202206
E1314_612,0.5692431438208642,0.0008165742137092022,0.001092715346174196,0.0009465957316575172,0.006604819251763858,0.0011819025645703877,0.01659012874274142,0.8520227383815222,0.48304963345054625,0.011997513843288688,0.0005780024246581511
E1315_1107,0.5982138716670921,0.004165450371060588,0.0058534472213581734,0.006746911097568081,0.002469047483057651,0.000932607523694741,0.0004394067179385814,0.6295869643680204,0.6019865313910023,0.0076729322408287,0.0014253625704753778
E1316_85,0.4368804620336853,0.00023512815053351453,0.021006181618497037,9.444850037135466e-05,7.901032884068323e-05,0.0007885431038917596,0.0018577336920564192,0.4477985213315407,0.5345070365787401,0.002126525044864014,0.5468502514030157
E1317_1403,0.684533150287584,0.012207928928053143,0.0018062732216499288,0.0014649583922055113,0.0006241416362671758,0.002128679389540559,0.003871893608205087,0.6141293928957069,0.7327605146514232,0.0014638172412945846,0.023627309436801473
E1318_219,0.0013100074709776115,0.6554193252214777,0.003300855060850075,0.0077037370477762036,0.008779841914471473,0.0011074467272094491,0.007703401213738859,0.0042440268872283235,0.5301285575883843,0.009409612065911264,0.6464761981119175
E1319_1058,0.027483482421505008,0.007211035712796024,0.00011906321014540685,0.5917586929632244,0.7155533033811527,0.8355859936051262,0.007672407528665988,0.00017262428700216175,0.0004838699415253876,0.7218438780727848,0.002036841865126171
E1320_1459,0.008358027504117701,0.014043753084002578,0.0032513668471551922,0.801535327151015,0.7841839356723914,0.7887438814601312,0.022485447268483633,0.0014090889868139276,0.008329774581252074,0.5930033792711785,0.0022433309374523696
E1321_1347,0.4731245242229635,0.0023635536137159912,0.003044473107797293,0.003009678962995274,0.0032256546912983247,0.00118249764053982,0.00021631294448289014,0.6652604633000762,0.5692122212831396,0.00869205519090105,0.019068138585992874
E1322_134,0.04392094799162216,0.008397342413827572,0.5135495907678662,0.49707717030068255,0.5825972467115503,0.8283761465256612,0.6810498347677287,0.05545054130914621,0.014808134393155772,0.5381072154003542,0.0011187467132997102
E1323_1111,0.00023448419741844514,0.7120277036064676,0.00923731703211744,0.0009929443798756628,0.026517369060256153,0.00017047425070548723,0.002863072107759099,0.008045393670832603,0.5433803117738886,0.0023496819695316296,0.5455978564734754
E1324_638,0.0013239971087742046,0.5609066458983752,0.00021748399808928237,0.00019543779368443116,0.00475982545857434,0.024164627391791132,0.0034522474627366115,0.0003362278435870056,0.5298805383396149,0.0016672775893477683,0.7456697065394929
E1325_973,0.0019235855718865431,0.00231065587296363,0.005356466268370478,0.5911386595886771,0.8412544011988431,0.7028555275217366,0.006791246946051608,0.007045222228564935,0.008151696612619566,0.6982011700567409,0.002543986214522766
E1326_895,0.6288319986098779,0.013069849274111462,0.010381812916267847,0.0003296515153076873,0.0027799662417444257,0.00644569351547929,0.0033161717414417415,0.7116170690183997,0.8012383291675271,0.02024938067977017,0.014472114126400062
E1327_102,0.4303393836716586,0.43164891685024004,0.0001581415370132437,0.0030485014372192026,0.004749197296265001,0.001103227261155379,0.001790783959982192,0.7598515709011422,0.7100982447511023,0.0006922652033310156,0.2969779846644177
E1328_841,0.00027444488403250865,0.7261245137503575,3.147675397983214e-05,0.002282348523386188,0.0028855008772827014,0.0002478698637336015,0.004338612637491861,0.0003987902078111962,0.45981925116517663,0.003941930633538402,0.5732046511033205
E1329_44,0.6978427691537143,0.013162827285291731,0.0016109097396251198,0.007162489545978992,0.0087675820721428,0.1040540503270166,0.10300155098376262,0.6030880634350612,0.3798780404259384,0.0002678259804298818,0.07990273189586725
E1330_415,0.0173364999478072,0.0011201723626705492,0.6621708165088006,0.010311644177995936,0.6362329748258985,0.6586878186907051,0.0007001415948155441,0.00035369260356926435,0.013009251914873326,0.6916922485894181,0.008967126157396981
E1331_1346,0.6647482617570222,0.0032153770199072765,0.0003931756887367295,0.0033229685530763845,0.011273728990366855,0.015669239335954255,0.0019734684677397687,0.6943797471490937,0.5731078490075311,0.00815785652193976,0.0026436433100362824
E1332_1374,0.5852029397222326,0.00034991149860567075,0.0013440801372037784,0.0007051051728240918,0.006294446746598242,0.014972693308288735,0.0020129443317005724,0.7279795628812513,0.7292645091140226,0.002738430157005632,0.0010910901000305145
E1333_1035,0.004535399295497705,0.5210995618645703,0.00219644596322807,0.00039347470351860887,0.000850154713206975,0.01238874879342933,0.03540809032295299,0.0008798927014485462,0.7538543860269524,0.0036901046241942037,0.5042638823313094
E1334_587,0.5894841377031236,0.002816669665923641,0.014978937543765926,0.00022935452123594248,0.01199849169448793,0.0031469293525941983,0.007703319439726939,0.5406508717059336,0.5875126265313304,0.004531788270482874,0.0012138977077294966
E1335_559,8.615700935684462e-06,0.5735822275218396,0.0030711982636704425,0.005406384834136861,0.010981137944886726,6.26819165349509e-05,0.0010578075167845217,7.237260850195654e-06,0.5606530216770301,0.0011199870864719108,0.8324627612787511
E1336_1012,0.006209766306711519,0.001242356528688543,0.6016917025791139,0.024191631866123726,0.6507963123565288,0.608127569621306,0.024306765031150427,0.0018395576934078755,0.0016807199793202343,0.5632153707225447,0.018461078195101923
E1337_1293,0.586139542730595,0.0009777296694461778,0.00666184774998281,0.0020603410457045493,0.016459214143479783,0.0011529141886561704,0.0005951280923458536,0.6507988709042377,0.5804919865219459,0.03978724286449342,0.0028492054261990934
E1338_316,0.5990893964134081,0.006198950129797955,0.005318941829808996,0.015575584949402449,0.002017404563002281,0.005529835152309422,0.00508994185390801,0.7440596158797771,0.5718625456960716,0.0009845015772147782,0.008010966770353872
E1339_258,0.5251086652499569,0.006139767687074828,0.0002901142339681073,0.010608184817286872,0.00492552655981909,0.00350920084024451,0.0008229045365804864,0.483086219937331,0.5460466307595156,0.0027314265108885987,0.2464768651991687
E1340_53,0.22864593204951086,0.005884389971547808,0.0008577246699580855,0.002866326733546051,0.011232837670342267,0.03576667496719477,0.010602843860044252,0.30655964520636764,0.31158173520241134,0.0009569794239914404,0.29081133636830325
E1341_1222,0.6858206196600821,0.010652656308796787,0.014003740169159803,0.00028352186844254955,0.015374643762513743,0.001412213839491129,0.012087248299747928,0.60319969164269,0.5155586490209128,0.0006482275927922058,0.03925477382002662
E1342_1359,0.709655689414334,0.0013972594226672938,0.0024411462908190303,0.028945203089755043,0.002782825200864074,0.006045307973379808,0.01429821345559148,0.7105793675008626,0.7921246640651622,0.0063935342280398875,0.011689694785787328
E1343_1466,0.010650957143214195,0.011571225143090056,0.5486681748649813,0.003916089879514784,0.9677611061044429,0.7785260273983884,0.003693103942939398,0.0004749722859061868,0.01243972045785488,0.6867666887856405,0.03218014039118113
E1344_297,0.0058532834795154915,0.00028439444281521265,0.0033390659252096884,0.6502502941275171,0.665049017636438,0.5266907251598512,0.0076660954802715365,0.026232300930303442,0.007204565461797025,0.5853047463595005,0.00044673706941073205
E1345_171,0.5600401637248459,0.008511350919037841,0.0018467346656900294,0.0014896651320360319,0.00021477639229077567,0.0013336293958312378,8.250600498535946e-05,0.5702126088798497,0.6523952300376867,0.005910829223328081,0.005490766395468361
E1346_1354,0.003410114274785746,0.6190112229930217,0.005585045095498147,0.0002472960120147,0.010564995497020216,0.0019307596009170483,0.005555519917645796,0.000670860731191349,0.5939844141508662,0.03358722799761022,0.5041844085144791
E1347_1176,0.39712020658189673,0.016334547012601845,0.011175567315992644,0.008848232982324128,0.000516254349940061,0.015138950066742568,0.011625815667366519,0.8857549970464985,0.4526858147274441,0.0018235314120865298,0.0009681445559556485
E1348_408,0.0024900437828049497,0.012286781829891503,0.040606643489476596,0.7167434141177258,0.7274499798454837,0.5270103376043253,0.0011395468402965606,0.01065576252118483,0.0015260232239311601,0.5865466930496734,0.0035361936400665176
E1349_286,0.5168769094175194,0.0009690389071247497,0.0028777330698602607,0.0024673731125889465,0.00027796141235638354,0.002805966244987456,0.005917273291983385,0.8094035029100453,0.514718117299027,0.0029667558933648406,0.0018812120363089666
E1350_386,0.40559072904285304,0.012045956723141772,0.016047010291786037,0.0007646071857704384,0.001089115011733188,0.006689557305571559,0.0083257070098499,0.7039824644549885,0.6335622598417299,0.0052070894732792,0.02548277587082865
E1351_553,0.002618799196814517,0.006824112576479489,0.0048417253281113435,0.6346774569940655,0.6097988101839756,0.8981884138816243,0.009285554751140044,0.007280332729611458,0.030624560948104798,0.6723732347003907,0.0017349459832756828
E1352_922,0.013473283405313327,0.00787223973461452,0.3875711004264028,0.002204962893911101,0.7348255949807174,0.5238070008025524,0.004744088740881684,0.0013158266127281583,0.008868046169096155,0.475401828922296,0.0011001622177890635
E1353_420,0.4774334476284345,0.009481499222718593,0.0013022715289619032,0.02187995704736093,0.00040941850881838834,0.0033513406409520856,0.0015953441885692638,0.5993806580634136,0.48911034729286723,0.01024354917919486,0.0020938792045074317
E1354_130,0.3917910339088583,0.10474326727254948,0.004483427259135846,0.0021730089677587353,0.005937853380430368,0.002773948951056682,0.0013316347640660421,0.5966021513116391,0.5442798555812532,0.0006187441642485975,0.17810458281877103
E1355_426,0.5404155526302726,0.0033029322759468133,0.0029129001896157675,0.0017239068396057886,0.004783867593636148,0.03899346982408755,0.001772629382627418,0.6636750525635721,0.5190166113619725,0.003784833997023718,0.025475900957048728
E1356_239,0.5993350617506179,0.013947017152667582,0.0047903362809073955,0.0020235610252923165,0.0016673834570413231,2.181879017304046e-05,0.0006414238860175635,0.7242362842970295,0.4420805776022415,0.009737759750988968,0.0030743359239446197
E1357_850,0.0011456835070475608,0.7022980093950257,0.0034392848566897065,0.009931106139103772,0.01291496736556973,0.0005705823359078544,0.0012602783241521596,0.0006203965247380691,0.5471865443291475,0.002102767660526265,0.5893802760405443
E1358_229,0.013264881856703497,0.017180190561090613,0.012512178803180153,0.003642398455955858,0.00018978599792827876,0.008973396512370273,0.022910303738562652,0.007870543074933808,0.40833610869543446,0.0012487210771734909,0.37157477567459096
E1359_744,0.5097047334539796,0.035189392323314535,0.02435893648211278,0.0004413874966658212,0.006241744044990678,0.0007726133505035232,0.009484032273105595,0.705790461766809,0.505144809742044,0.007445311798235942,0.01153661265436263
E1360_1152,0.5458086013565916,0.0016786676902445351,0.011641484317129488,0.0065475688026133795,0.002622638750648608,0.005452326147976361,0.0030909826365066147,0.6144814257238,0.6152771648001041,0.02864399527005319,0.026100752305183782
E1361_650,0.0034734278097042545,0.06363985942115047,0.0022275798118596957,0.5897019813642909,0.6775647339787877,0.5988474241355007,5.371664529536516e-05,0.007851691501935215,0.006434752390517591,0.5232625151289303,0.024624685884029336
E1362_385,0.40225197043693545,0.0004425055255604614,0.006003418813221675,0.0005343032996447931,0.007480157882020422,0.003766414926458943,0.00017419542540961583,0.4722017129907136,0.5690047365487044,0.0020624251214027495,0.0012596502469452392
E1363_848,0.006497103140351544,0.0013534923529679736,0.716853609018416,0.0015692084449906592,0.6653253589935304,0.5453304288846571,0.0012206477511347794,0.00030299376892333125,0.008022580214136788,0.6313101448939791,0.009651081792830678
E1364_502,0.000942674791513078,0.6559551807536969,0.0013673674107574198,0.002548238867068818,0.0002892652337565726,0.011530369349542194,0.01577288493397465,0.004148951053693445,0.7091976656241076,0.007511197021843859,0.8717963357162712
E1365_1007,0.4861780893896475,0.0012063044834228491,0.0049509726528348,0.00014995665994797612,0.005489308205777474,0.0016114408692701056,0.008748581546031425,0.6203986148242778,0.6145980886738724,0.0005713867732538744,0.004386111775088807
E1366_1147,0.007111822103314651,0.6243609816887088,0.004231850209989202,0.017216974635309613,0.00969390727788067,0.012147016475061168,0.0004535151172772889,0.0001390961539685789,0.630754514067075,0.001054603429889687,0.5961281995575228
E1367_735,0.5546901748706511,0.0035366241264028213,0.00040011313629657457,0.008304750689508929,0.005143910652350563,0.008399590072768963,0.00035992990250666016,0.6537494296738773,0.5931023194604783,0.00279535569029684,0.006020782313464557
E1368_1019,0.523309583864714,0.013786835426141439,0.00028836521403035286,0.006477249629989819,0.006694486761655578,0.002218382491578728,0.000399128476923688,0.6328367076446578,0.7143224039834845,0.006425313421243383,0.0018794934976317438
E1369_256,0.562351297762967,0.004481069434698373,0.0004390223990123555,0.0017436374987247884,0.012128862907016662,2.2305969781904216e-06,0.004007379087433718,0.4601337209549135,0.666139987053539,0.027630716885679505,0.0008511806474347053
E1370_907,0.4618042137049147,0.0007584693424749448,0.0001233017845791239,0.005651492268369217,0.007645284301415389,0.005590621490633329,1.1772354950130874e-05,0.9017959258262448,0.5313746821927428,0.0003417803944038749,0.0019690612087537467
E1371_1151,0.0007396452257895722,0.004488109390967676,0.5601051681756384,0.016903225521269712,0.5747574760850962,0.5444020478091168,7.472806899296338e-05,0.0034550705499521266,0.002202027661400716,0.726181269343889,0.003309870702808774
E1372_866,0.418655248338908,0.006538815542792807,0.0021896803114304997,0.0011683107317344511,0.00023623013545402956,0.0052465086084380755,0.0008242748639842273,0.6780406221875256,0.554455100785049,0.00032808103217402357,0.007233161707284241
E1373_426,0.5978569132269499,0.0035649711686400213,0.0011853106708531725,0.0020863989318000405,0.00944620144049119,0.00872625811050841,0.020824872506187076,0.6407661122613947,0.6784997338688988,0.005399837829366083,0.005052470121807826
E1374_1495,0.4718989875154321,0.02195583343427482,0.01873138804884623,0.0010515744825322691,0.0034696091948844404,0.00010166573878564751,0.0015479022960444768,0.6490248321207975,0.6127634902957476,0.002971072454891356,0.02123328560205551
E1375_1176,0.44712636126358185,0.00043507392038718255,0.001847251463116133,0.025290124896268962,0.0006243794649647361,0.013162837844345354,0.0027314595731347513,0.7793169849163885,0.4472522145604621,0.03620638228682615,0.013616210245861115
E1376_95,0.48464199771801825,0.00691144747859033,0.0007232651770513773,0.008059865404458457,0.005305380775160769,0.015463524892587184,0.004010836488165394,0.594198758935493,0.3233000338231225,0.004976128256101144,0.5424640193848165
E1377_365,0.002443817867530012,0.0016968218358810454,0.01811408877576982,0.5642283619363483,0.8081589388356165,0.7574049235292576,0.007472356955333767,0.003391544912707144,0.0013060795481317528,0.5368730813421171,0.009274981066779764
E1378_95,0.4190009038014074,0.005467429990093718,0.0007826874771957418,0.0073387118674139405,0.003954547312809719,0.016623432137739896,0.00044804676591053417,0.36607149069710004,0.4382085178448701,0.0050895464460407065,0.14466512052782576
E1379_1123,0.0011923933340783378,0.0008099551917807737,0.7250894325863093,0.0007676926379482311,0.7247691082586172,0.6734516399223762,0.004885782194759435,0.0002500416956333492,0.0027486531500042315,0.8951557585287488,0.006729429604133805
E1380_537,0.6763626534905688,0.004647592041424839,0.0008771331671333732,0.0027349531180742323,0.004343130731414542,0.001076583504475763,0.04209862509012285,0.7795536841225997,0.8168536527862004,0.00015369643746276712,0.00763124576391649
E1381_491,0.5444877545621225,3.671312084203448e-05,0.005659445235019167,0.009798777319172123,0.0013941758111170593,0.0005133548018233893,0.018348350666485814,0.5425143882750484,0.47431517642319404,0.00853886452928339,1.6439703456451306e-05
E1382_969,0.0008172524877953492,0.5564986169419939,0.011793010190255266,0.0002691830844291763,0.012559984175643763,0.004027067508930279,0.005998226497566172,0.000988308547979405,0.48696007975643696,0.0016758501118137507,0.7063577451330296
E1383_535,0.005269036233281832,0.5269347739381677,0.004183560342006936,0.0020854204844926237,0.014867182832139659,0.004053488623932021,0.0002138515828050534,0.0012825149177514198,0.4753042946688819,0.002547114973268662,0.6608864234965308
E1384_859,0.4368638583797834,0.015484603079577719,0.0002568189407600239,0.004240326025740918,0.0030759948448629624,0.00225855110777042,0.0009629545344557894,0.5807661302188095,0.5215364919228739,0.0031053311755890422,0.0003117253878304087
E1385_197,0.6235976961078289,0.012522303383414516,0.0026071148586367453,0.0004880890831710275,0.0018424973661066075,0.0034466556444371207,0.00014861980889494905,0.617068865730054,0.563726259264939,0.01327994299119951,0.004746204390666124
E1386_621,0.3830633447015595,0.004358696266100693,0.005337092171576395,0.02012765940153705,0.005845144667311681,0.0013905397134787636,0.0023251091025459163,0.6051490823437949,0.5032318868728016,0.0004230664326157958,0.0004083838670589487
E1387_913,0.6298243505610726,0.00029604743140545836,0.013705572822703524,0.0019054324947776942,0.0003467299286478683,0.00011459221496796494,0.003789362690296167,0.5995598522937818,0.5843147355208705,0.002293316233642411,0.018794375908359667
E1388_441,0.01236584025980019,0.005848448390003442,0.5211338540390908,0.01020990852014796,0.5581382781175204,0.6465829635889463,0.025059259267061366,0.008594137814552507,0.0016121036292120533,0.650601027698107,0.0005443133677592901
E1389_616,0.512495615518702,0.00662399135944703,0.0057868193215967504,0.004119386088247864,0.003583874250831347,0.0010415116470633193,0.013257229791466818,0.691602993816794,0.5174031693746881,0.0008074140199696661,0.014474555287412124
E1390_648,0.0012044041068658205,0.8085371221312102,0.03811958459145208,0.011092598226231013,0.018989823837286392,0.007100984807266351,0.0037188879445484964,0.001491421795701173,0.5628500887984087,0.00777141451636332,0.6741554013134458
E1391_679,0.0017843796273553964,0.7565350741290928,0.0005552869309605787,0.0009475882365832553,0.00525553873811046,0.0004422192022497816,0.02863329567943638,0.00997718203999569,0.5628174738382332,0.0027402352166422616,0.6723757302224432
E1392_216,0.0019318442485789602,0.00216021458162961,0.3087462466041739,0.4961946685548845,0.48225955568112494,0.7765388208588009,0.39722945559485356,0.0006464736978401022,0.0007873358620642942,0.6733028568238408,0.003459829215337302
E1393_893,0.5308544422524529,0.02652986180322741,3.3807866632462845e-05,0.0012203441109828333,0.0052877816916539035,0.0025947552565322098,0.009965845688124331,0.6517066586576484,0.589229664746731,0.003248749174877242,0.0009605415825649912
E1394_976,0.5080844426444372,0.02396903507362321,0.012565892220764104,0.0056668619568537295,0.007643021851668484,0.034405669812187165,0.002672218348013814,0.5487868101757011,0.6616878050058951,0.0027785980194777304,0.013862217670868596
E1395_302,0.0019512811215434884,0.009808849520358015,0.38183399547455,0.19283237009667692,0.6398669944136832,0.6350489205626731,0.005622901869361894,0.0016648075332116315,0.0028234796957441887,0.5096705305703806,0.0018005445040883113
E1396_1138,0.4847231721778606,0.0037073425937354646,0.023522704077507284,0.0016512750023601845,0.003040508937782543,0.0020744748576796246,0.002491428901902928,0.7349081189956326,0.8636785726174856,0.004091364379831372,0.008587799514297431
E1397_1171,0.00024630205950296424,0.7413378468897669,0.004379966244088697,0.014625765662621434,0.005238326645314892,0.0034430745665835526,0.004937879138448521,0.0005838571974706889,0.6633281293188718,0.00957939995731615,0.6686360138569907
E1398_997,0.00017247556534663708,0.7864856974375652,0.00282045451880527,0.0011167516237583633,0.005865854328195807,0.0007282801919171648,0.001855453230429484,0.002789750303402113,0.6540340059091625,0.0015530332350016836,0.6455959861197544
E1399_1210,0.5882734981179295,0.009150865797345708,0.004553292230264637,0.0003621675929466348,0.0022967589708354315,0.0007280607921376346,0.0031900695222546096,0.5979587684847669,0.7848305672391019,0.0010890085509252317,0.0009090789780793613
E1400_1219,0.0013019548780228757,0.5585518971084482,0.0017815358194548363,0.0012820947617874763,0.006695819788980056,0.013884743122278286,0.010524053285453973,0.001348376560437678,0.4717334405772414,0.00014159320052135343,0.4236742598227463
E1401_1370,0.4087891894982442,0.008117597838203523,0.006872815857232524,0.01102681788668536,0.0027976848647234577,0.008337599873105188,0.00040341789828747727,0.7283945967737638,0.53323938841365,0.0010005204010507434,0.004707024293116699
E1402_143,0.001932040756332558,0.0023514493999506805,0.13554264773918462,0.15279725705584432,0.18228004778838178,0.5493420096834857,0.7901434822921165,0.008846438188031151,0.005628234844615705,0.19376085894323003,0.05903775065750652
E1403_1396,0.564800129978101,0.0008202562635336861,0.02165998229278488,0.002166210484005988,0.0034272214204118263,0.00410267921030003,0.026960017497874945,0.6238101444231526,0.7439076677901477,0.01429029901321435,0.003923866381224432
E1404_1466,0.003212764361370836,0.0047174337039277365,0.6241719946898361,0.0126712427206499,0.7532229482173318,0.5197122211895561,0.00023933510890601577,0.007296418991455263,0.0002972019445826632,0.5429810645502372,0.023901553098035537
E1405_344,0.45815618264076047,0.0013431424422592193,0.01365427160659526,0.020099315296052127,0.0020591045395018884,0.010504136871943143,0.00845717809488731,0.7105372094331149,0.6950046899498373,0.0008658905554621001,0.05548437344204663
E1406_447,0.5929338437144422,0.00820439063690317,0.0003147854021333577,0.024765107267934305,0.003095257847408226,0.009704700579752914,0.0062358564994883315,0.7234265828455122,0.6838709498788353,0.001078018742073252,0.007645252255021091
E1407_918,0.032054985638244264,0.6696620449389082,0.010110831884905818,0.021052265980912113,0.004504484028940094,0.0009696995625911905,0.020972303510634685,0.02310476742197078,0.6743610244998692,0.0021768069820502834,0.7343814292787259
E1408_211,0.008185565177873996,0.6814787248248224,0.01067898294119656,0.0015365334073577223,0.00566276030359138,0.0038024193641841147,0.0013503455504338259,0.006480902812503961,0.4609818451823467,0.06883969120590114,0.6801960034413367
E1409_1061,0.42990447641406554,0.0014911696798839901,0.0016266384587822,0.000665073015668354,0.02752384462017138,0.0007581153746390455,0.0030691976087843277,0.4367680562953456,0.5989208859567713,0.003770425694335704,0.005509587237436119
E1410_114,0.04407970727322463,0.0007689325505243086,0.1296110230278611,0.0658778959727863,0.06283367135917414,0.6687055702224245,0.6905976127968144,0.0681267062602356,0.006737209064570447,0.09395144543944875,0.01286088608859476
E1411_1443,0.4368896586604578,0.005334076759362786,1.4876770496064568e-06,0.0011331042553271511,0.002396643571216856,0.004263601212236878,0.002498990215740235,0.7135182193699584,0.5150520409406808,0.01019054909278817,0.0030046782174994817
E1412_1025,0.44543541249840624,0.006982590623064697,0.012056694865425016,0.0032472746519103673,0.001263002838639856,0.001531491058647384,0.017826326121677085,0.7244496138919253,0.6067257886719886,0.004779089977006536,0.05829755361063553
E1413_795,0.01586792712706426,0.0009282136044132497,0.006012726265679448,0.7790922259516639,0.7919226855349972,0.6877731077112993,0.02505935204827771,0.014162238019485069,0.002111242380470775,0.7970919997695891,0.0087255330056056
E1414_502,0.6429689587093275,0.006199631957033103,0.0004369740503407075,0.002290996117661142,0.0017130368890426132,0.0021050460118849337,0.0012535187248423876,0.653380197410842,0.6298269173668511,0.0008438392999631688,0.010255022029657128
E1415_124,0.0033136109981333397,0.028008199936488114,0.003542566530373436,0.061113080933748475,0.0032592749277397886,0.003358377827700099,0.00992962851501541,0.0,0.3923754385237548,0.0005239755542006141,0.5886159530888844
E1416_252,0.0013025942749667182,0.5207569274134527,0.01459369253688849,0.0012956711467015023,0.0023503080427918336,0.0022041616572634685,0.0008367987330830476,0.0015711223366463212,0.562406536909839,0.005968392012011727,0.5552844693960136
E1417_997,0.0017751156249126592,0.0007861063264284092,0.49616252729292076,0.00828901641415114,0.6771726314603981,0.6856545049161444,0.022762945249592752,0.0018356647674500762,0.00387529056200289,0.7022191118047012,0.000695724563878498
E1418_895,0.002035585297003233,0.6479984449370597,0.00240804016109476,0.009310067945861021,0.000952533254144587,0.0011835402101013084,0.017682344567887514,0.008311654706880969,0.5151664940224727,0.008335078883938307,0.7039185104709678
E1419_1391,0.545314177287987,0.0010134840595136024,0.0012900590276283409,0.014476646196651883,0.0020730418699573205,0.008900220220210081,0.007565924878133629,0.8267536392774318,0.4820028382683694,0.008548803920216357,0.0013457503067483543
E1420_976,0.5455336901232408,0.013568476545241704,0.006016298065160538,0.001629641123576487,0.02003662920951782,0.0006728791481238395,0.010211790901995197,0.8150695209259539,0.731639584690216,0.0007546498916716261,0.0031111794680930825
E1421_413,0.6655426036551264,0.002047715932777811,0.003608630146257549,0.005225880705568675,0.0013129739738054452,0.0006168162929695048,0.0011568715009511292,0.6721916627447615,0.7353529897815838,0.031108824374323846,0.015914305210102005
E1422_479,0.0012393272164803672,0.0004119643153259942,0.008716460100397476,0.7357057246563835,0.6369622316009733,0.6389380740201438,0.003975664770755306,0.00020048391799488638,0.019081445065060616,0.6132541479811973,0.0003012508046214944
E1423_1094,0.4695219789957734,0.0003916452966240095,0.00018132917493853763,0.011504934630551964,0.0001782691830800362,0.0012075307122850784,2.1268517940737486e-05,0.4587644774911242,0.5463039859349518,6.508249511907558e-05,0.001059305494509349
E1424_895,0.60267485196765,0.0014677330498786747,0.002110570438335795,0.003954830667182578,0.0023383381689525795,0.015127265493419181,0.010343418240250037,0.7987989539382884,0.7496913566943465,0.0006868649203214671,0.0026445067185746226
E1425_418,0.5402936824477779,0.0033861283154713482,0.00463631346886133,0.007406351694207401,0.006048742171993896,0.006054580679753011,0.013530256549239214,0.6120273485167862,0.5939229123172007,0.008390349690972097,0.004311654080704872
E1426_386,0.4461934238834788,0.0069495228191817126,0.0037461848823460916,0.011583134117445826,0.0005265656701558125,0.001497136187781747,0.017412677376215355,0.6194411461121881,0.5713333519540247,0.004132807563653272,9.804410722729132e-05
E1427_1052,0.5481758012738402,0.0038530738739262277,0.0015671318346434837,0.01203907853447285,0.0015350202319132568,0.00039057733063812633,0.001209351097585574,0.6984917491475414,0.6076538378205855,0.008628977441640815,0.006635387906235979
E1428_344,0.49693102530497896,0.00838654605931346,0.005193441049245247,3.2729790222185306e-05,0.0013700717615818367,0.023484306840407764,0.0020892138875842556,0.4473935061847868,0.5843062641815108,0.014224390733889947,0.049168515520005146
E1429_662,0.009962629927379672,0.9352563685098818,0.003973827730388911,0.006320828194985124,0.0009474849891791858,0.0002985904169240689,0.0035874664214744383,0.00039427444181138117,0.882634161940527,0.008606952857428976,0.7568116030477665
E1430_104,0.33381862810062013,0.0002965889198678567,0.00022434771789689093,0.007716677621973845,0.03796061430022235,0.0005761229546221254,0.00036580412669178,0.6296614348812954,0.7027204023700881,0.00849233551151526,0.37865847930803803
E1431_272,0.0014703051968004382,0.0014262618738970735,0.23212048987010758,0.11066862578551988,0.7928776945095405,0.6833456266050965,0.006017318129670918,0.12275121166727163,0.0025902342974531193,0.6933020518811025,0.0006497859247856957
E1432_758,0.0003353612172271383,0.706067495668163,0.0009104454311843859,0.003364325125362205,0.010404391514832929,0.001114993573047431,0.006081591940655174,0.011761393370045125,0.6892545049220365,0.0005653688903084926,0.7398806319271942
E1433_283,0.016066712393307057,0.4971021515164589,0.012134849031511108,6.956730908424032e-05,0.00954205602371156,0.007675357788965341,0.00026528657131269767,0.0049134156559012465,0.6454806972780184,0.0024518475550787543,0.6476732123910404
E1434_899,0.46861031264168057,0.0010674891143640324,0.006998895223758593,0.002683256398993648,0.005342518024017408,0.001137545887452831,0.0019496493120747783,0.5592992967887558,0.8359720481099445,0.0028514864562473596,0.00011540786581332265
E1435_1370,0.004777276800084563,0.6931768638954575,0.00043812130059462653,0.000995248722556499,0.0046176648832324625,0.020572048370814965,0.0019587068981397546,0.0021398520309450103,0.7497190974644771,0.001638206277194403,0.769768521176251
E1436_829,0.011439866716611942,0.0072388386418219715,0.0021199169733263253,0.5117302971200075,0.6480078414007502,0.9087802596562284,0.010395608680568214,0.001780706219142393,0.011305495932209548,0.7575602404446956,0.021583830492030418
E1437_308,0.5546557580329247,0.008962712392929745,0.01876722365157206,0.022097881633830887,0.003636978804803367,0.0005839375697824973,0.04311090406281533,0.694995105526974,0.46236042567207936,0.0017025997825994837,0.014216613417892047
E1438_718,0.5027376824718697,0.0051162606380756,0.00048033085232404923,0.0007860566757586867,0.01842981918789862,0.0001120437077139794,0.004378535611901507,0.7784400382916844,0.5318943204989881,0.0008246086352364933,0.0025775372492931018
E1439_443,0.001230517703000388,0.007262415738060614,0.44810624453894576,0.00554863140261099,0.7961376487917305,0.7486564476836696,0.026155018797168982,0.0006845650283429029,0.0013384423413913317,0.6229989036645017,0.003183871586725718
E1440_839,0.003977901189117117,0.016469722985848124,0.4876445683602979,0.01057240446584144,0.6453463200167591,0.7187236173038329,0.0008430740822855482,0.0008776816233294542,0.03522618034524445,0.6703362937154252,0.002364123208315231
E1441_631,0.425222544699773,0.008962048247571642,0.0008755588705842139,0.00016592898751113168,0.016084278448189743,0.0030122906087689423,0.0019749651725262736,0.8215798554542255,0.5460055441799739,0.0010704598588491853,0.0016354028787295854
E1442_1329,0.5197288266008354,0.017625447674446817,0.007548009895396526,0.00025163822359857004,0.006523846241677057,0.011991732515926697,0.0017469986520071874,0.7186052993412907,0.5065855016779338,0.009967899204159211,0.0021157060211794473
E1443_897,0.033192052479383984,0.017001311562967723,0.002852905804828055,0.4388396856965174,0.8548139065663172,0.780265506668962,0.0018114675295523243,0.013823498910361692,0.00010485738771400721,0.7038735659983479,0.0008555044395719574
E1444_593,5.4302311819082114e-05,0.01573225695673312,0.5751074994040882,0.0036386865441035182,0.6270551551862229,0.6909452275055197,0.0004607111587264676,6.403846806410807e-05,0.0012161930448641135,0.7112106986338583,0.003290395416768627
E1445_89,0.19561094502042814,0.002188416120202437,0.00180874984381373,0.004997989574005324,0.004465936670821376,0.0060208298607101135,0.0011755759942183716,0.2664601779707246,0.44391073542014586,0.010091957962212433,0.5967232011906398
E1446_1121,0.6164062026205257,0.0021963484896314217,0.005629709589084294,1.8508793055158917e-05,0.0012756158971032666,4.716135572054165e-05,0.0012063736551875825,0.5307011752162564,0.591980017114497,0.019715443764396098,0.001507204384975091
E1447_1430,0.5013139910520887,0.0009283232629463107,0.0062731670074676555,0.0001903273853248977,0.005100436307440597,0.0156685349835958,0.003836333303048698,0.7683053117419933,0.4775790677012323,0.0033337014925828405,0.0027581437455804496
E1448_305,0.0039059358549667273,0.0003697537357833669,0.592111221331762,0.000561076145883919,0.6208047179265068,0.643965962878927,0.00181698866531447,0.0008765281790009112,0.005696631583482859,0.6414472737034371,0.0013819009872710094
E1449_618,0.5105520060121542,0.024423920870778378,0.0007811899965888192,0.012579976226706285,0.07764175420202324,0.005717810984160932,0.029021091827561896,0.6525372117337979,0.809037209965355,0.006620241187244702,0.0019435627238278705
E1450_1330,0.0003147369257552053,0.8062537556037105,0.0011768493247103513,0.0007305658856439719,0.007662210041999377,0.007625106753529296,0.00016236569073009338,0.004409036847421054,0.5802813244152975,0.002803290789338092,0.49556426650509144
E1451_898,0.01048072550874792,0.656989089185885,0.0010780423376603589,0.01665814687162072,0.006944584274324864,0.014773196177840054,0.000796170937710027,0.0008180961386214991,0.5423158233516283,0.00931075803245264,0.6595397340857739
E1452_306,0.4768733555318805,0.004867825091378063,0.007510446959861614,0.00797612257141937,0.0036668418813227705,0.0016167744007145946,0.004270010140172508,0.49930692604131954,0.653907315979001,0.0014837978819389347,0.0218751350085402
E1453_1447,0.0005515267358579812,0.6897690417245236,0.000730066006209746,0.0030511250502593392,0.0018610748416608136,0.003208867160387355,0.0008264200706802468,0.00019697125347509676,0.4893466044624549,9.032057576221446e-05,0.7376164539400769
E1454_534,0.024257397038589465,0.8421811791139432,0.005636662464643231,0.00015949584225315584,0.00036984665639675516,0.00244759588469845,0.0013519339088415825,0.0045811351254514,0.8173775314722355,0.0026500500221977616,0.6908684172053547
E1455_1215,0.44325762051685813,0.015191155838951136,0.002985787894920475,0.0015467936269466026,0.0011590866488871002,0.05073011822339028,0.0010183859546694907,0.7480806556882627,0.650762649787659,0.0031814366664562723,0.0014312822679479872
E1456_247,0.001183606371748429,0.6960060426823881,0.016036314457889722,0.010454973410717864,0.004326073198854932,0.0037651541396733286,0.0009429020247493492,0.0001491536320797385,0.725674348132887,0.0008832239880449627,0.7296739018293421
E1457_159,0.48022924480606116,0.018462331276566792,0.0011037388061274427,0.003725960630444889,0.0008154695374368709,0.00010422991639535787,0.0031147073830204747,0.605381743466924,0.39332233976847514,0.0004145789806290027,0.1813543967860123
E1458_249,0.5998798229240084,0.0007422297817455826,0.015223586014271042,0.013752347635691099,0.006554992049514332,0.0035214304500335815,0.0010676517032358753,0.7045169086741329,0.6438936220624655,0.08697158897891914,0.07645161994157458
E1459_48,0.013751971471810733,0.003953242523298859,0.019689983542332135,0.00012482931926412777,0.0008370194780490927,0.23417809467631473,0.45314137189087,0.03607953757843346,0.19941267642457272,0.008703045017643046,0.42364568919235573
E1460_855,0.005586933751261427,0.7682705725539796,0.0005928595786495154,0.006307504082371272,0.012412151766399522,0.00045495803303913007,0.019585340607865022,0.0007157355148752891,0.6035023833091191,0.010816749683979434,0.6207701835532028
E1461_435,0.5010189094788603,0.000870364600634688,0.011139039375084885,0.01269619546059589,0.0009050831208008085,0.01067862791993527,0.0015677853527049793,0.5728326841115584,0.6405463007357167,0.01087028309780749,0.00019072037748572659
E1462_58,0.3442209495833784,0.010342894537660925,0.0023861885792577807,0.0022451728933347947,0.00034776236456458923,0.18108046348563764,0.27880191178325525,0.5435351055803832,0.23861930141752852,0.01877852561526061,0.24921126841705973
E1463_854,0.0014086764713067566,0.0024075772437017837,0.7585675339380671,1.2774124532700009e-05,0.5949036866727064,0.6579249130792161,0.004043545800611159,0.003955484729939273,0.0009930675692284275,0.5379253097015869,0.006645873972461292
E1464_1010,0.0008359522591073865,0.030494721610445755,0.5162362234107154,0.006774177294614982,0.7526326138004336,0.5418165380120162,0.0019664462980673804,0.0036210125652140586,0.006629524994475602,0.7848641403783395,0.005944132637019281
E1465_293,0.0028813661067941592,0.5940039937674777,0.01884016844652424,0.003718788395516987,0.004748365467425104,0.008404624633735102,0.003117682335406943,0.0007503973904741325,0.41781774993863224,0.002895876905295694,0.7375154466367957
E1466_1487,0.45440448196212135,0.015770036319414763,0.0033864532824156714,0.0005694417882896958,0.00013678062164643753,0.007346080836128904,0.005706316276017437,0.5978463876838533,0.4401564081381584,0.0008712831507101649,0.00464417990242306
E1467_996,0.7389126738171005,0.005919199248070483,0.0012072197011227563,0.0005426870122310036,0.001039360953746451,0.0007811176511741435,0.008629971448575711,0.6981892994027901,0.45079277920628685,0.007315416706214551,0.007454736676995658
E1468_711,0.43208550669715673,0.0006155132500878024,0.002144089064900186,0.010436136932522074,0.0081500857771084,9.392608435775399e-05,0.001125312110784636,0.4663790811393082,0.7029630981528686,0.0014078166155851825,0.0009751007927358819
E1469_1398,0.48976690327536293,0.008016833109200629,0.008875013703421725,0.0003335368999666107,1.1958539203857765e-06,0.0033383329779300857,0.0012132096558313602,0.5001528253236549,0.45862467933074663,0.02437218394860825,0.00011538825935898886
E1470_309,0.0004780356236237003,0.7070926843795795,0.0007493360434696403,0.0007759108460683409,0.0063716862298061495,0.01623745714428931,0.011747916634694532,0.012525715901323686,0.5738243860534837,0.006750219887550158,0.5432503374815633
E1471_945,9.706935054895781e-05,0.8798413788456039,0.00011239221332602089,0.00030800672757247215,0.0029048334866052616,0.0002569540588794871,0.0015548031128376919,0.0008919091350182379,0.5237949400874148,0.006215298848186969,0.7840113306541655
E1472_792,0.48480270754459265,0.005481632789793802,0.03677109628021398,0.005245049354525414,0.001453502187709561,0.0004750629724224083,0.001450785545017568,0.6217494313518567,0.8979529254315203,0.00340152621637483,0.0015755181709802444
E1473_1378,0.002988034065170647,0.002766771147304202,0.4797394587641548,0.0005146619184994857,0.9259957918392865,0.5950990209657149,0.023092257695774394,0.032306114796390166,0.0017400512670917515,0.5100128170736187,0.003788314619785836
E1474_1244,0.4314416850951676,0.0005860101927118229,0.0023485017249821253,0.005938210106085643,0.0010513728595410875,0.03901430600400124,0.003212382171941583,0.637658044277886,0.6596872556129416,0.01694132325627516,0.01361106065475807
E1475_1201,0.003368970718178827,0.7726727609882637,0.003129772277875728,0.006250346011155177,0.024578583160840325,0.012841749234705845,0.0004183777119044252,9.507239620323949e-05,0.5258968972456396,0.0002323301675003529,0.5189235807308891
E1476_280,0.7480508272617492,0.0007019179508438873,0.01635453602596994,0.0007429869042486314,0.013250917749448766,0.0001653151801887864,8.704542848681846e-05,0.5431843651914025,0.554453680005461,0.0009898445024169207,0.024489566337039623
E1477_864,0.5561737034941476,0.001849580863150242,0.000175113460240183,0.0064231298993020144,0.03582166665550969,0.00364122815410436,0.046265192129262486,0.6405433035022645,0.6609360848364603,2.3142345092202637e-05,0.0063031703482386925
E1478_461,0.33515763989156294,0.00036013475955543777,0.0009419455960997746,0.004716702391687639,0.00798561358489819,0.002996861552158789,0.0029895597200494985,0.6427396513259919,0.50838359880624,0.013323331740890105,0.020945841774836528
E1479_875,0.5833648954329017,0.005652080077109705,0.004557537178830569,0.06316943340522124,0.00414843989619893,0.0008354292978967304,0.004097246164073019,0.6462123633007137,0.38578350014733986,0.0022228586329012426,0.0025675504709649997
E1480_292,0.00014843953708701003,0.0013558608765534615,0.567561401730527,0.04631330029764195,0.6143734875358682,0.5943121179914969,0.009619093872631063,0.0008636730717474729,0.003317445872190263,0.6472552580648442,0.0016632217499735532
E1481_231,0.7699817608406536,0.0015610044439033973,0.00048560053318245824,0.0005552542576881989,0.0007036980125689491,0.016078519760817173,0.004996351125625067,0.6190301270746875,0.5925894686709476,0.0024758270635613297,0.01945932472816316
E1482_1265,0.7791413876451209,0.0024600151000080915,0.005028419350984364,0.003261778912036142,0.025192441909592026,0.0014185061021047625,0.006227599487606052,0.6976408105665404,0.43065783141562436,0.0005422104323319294,0.005400599335827767
E1483_279,0.0015685436795272135,0.49894392548832056,0.004234068100369044,0.0056156325266706825,9.97863709457538e-05,0.0005952171268716477,0.0001890300884005289,0.005196213587029568,0.5402233482100938,0.014938998621744458,0.6315938435715989
E1484_1198,0.002579302019181967,0.012604259488392546,0.0038943827610995047,0.5910370205741755,0.6215446105983359,0.4411525597500468,0.00020327370403639165,0.0032348152738108774,0.04272855165615057,0.6991950241149318,0.006887469931379819
E1485_33,0.2748694006916324,0.002821900945350049,0.0007348551765585304,0.000943626715907499,0.0004416898754331841,0.005606345791208505,0.0042905763973667506,0.1873062714792182,0.41848465746949093,0.005729301644431364,0.4734221422732241
E1486_527,0.42746643042283666,0.008740457239437338,0.0038669618964774334,0.022125831513933308,0.0038036605354039104,0.0020783735300960223,0.000524324951390982,0.6554739393297477,0.6908487297085483,0.001541477619742214,0.003804697649267095
E1487_615,0.0005243303525706663,0.6362402396022347,0.002782766562257454,0.009162730233149301,0.002029616665613117,0.0005084395375491237,0.00246054917797896,0.0032022871926601663,0.6034211526964209,0.0007056969898137841,0.837173856328204
E1488_904,0.4568819261615537,0.0055881845775137585,0.0033016253799425074,0.0027125308702371995,0.0003882242148357425,0.0005106888049708542,0.0008714275986435339,0.6673259892218244,0.7325114152248582,0.01072592917087991,0.009183291512385292
E1489_1387,0.4790006659027492,0.003036661684945144,0.004692632850606989,0.0028109977418417065,0.03153430041726355,0.004706476583212505,0.0009881037365910067,0.6330348358148882,0.6526181242053424,0.0011035028665634834,0.008446724585757378
E1490_5,0.2696381503465308,0.0003575971329991308,0.0018663327848967742,0.00669183286319918,0.005191201196900752,0.05800985419759413,0.3988115324169183,0.11677450457878066,0.3453100571491108,0.001174046380961883,0.21425568706510809
E1491_105,0.465866367914879,0.003998069298742357,0.004333591376638262,0.0005746149955448065,0.012931889750048263,0.002991693555252024,0.003721489276207691,0.8234178657131388,0.5827572062868042,0.0009133925852458485,0.06141377946979225
E1492_23,0.25074893443546303,0.0007684330070810659,0.004016472510480915,0.001184089657023125,0.003887946509093389,0.0817654383599818,0.08212617795781448,0.24407876442778498,0.2851920625952098,0.0033236603916328967,0.14606007351305308
E1493_1489,0.6683687347566104,0.7814677688811245,0.006724652147345104,0.014080728969842513,2.2897975394700153e-05,0.0004805855929798101,0.006837959155756692,0.020050689415562904,0.5758317054974322,0.0006887593144363779,0.4683618873909038
E1494_567,8.4441244371251e-05,0.000787693175580938,0.5126867531482874,0.011628598517165915,0.5657548250780033,0.6407354321167068,0.0030825633962168106,0.015895393701656203,0.008593255833748337,0.6459126684832515,0.015598360471018865
E1495_324,0.4322345846768478,0.0013001654508702474,0.007655825599228974,0.0006336267560062324,0.016889827824338094,0.043111489856772496,0.0002659378521386387,0.5280736281202527,0.5453372250769333,4.857279026605937e-05,0.022784199297417696
E1496_226,0.4577974086810336,0.0022851749909825352,0.0023901021421199255,0.0017272003159775132,0.004688324915458367,0.0002139226731516108,0.0022845681716508258,0.41559297828424513,0.6969822192895367,0.00307327640499016,0.015154032030508044
E1497_1296,0.0055236399236594,0.6882431246544588,0.0006237556791371652,0.0007231922311032411,0.011648059073173175,0.011523643284874568,0.003821154308671979,0.0017397226754459376,0.5976865165816974,0.006689141913097526,0.6558217018248551
E1498_347,6.812794844344861e-05,0.03166419635127596,0.0026873501231641306,0.7320841774094995,0.7775989714862183,0.56380159294636,0.0011776987499874875,0.013315701528924468,0.007892862204061695,0.6262015650807428,0.00974291977199367
E1499_626,0.5245791440929319,0.006506567691999086,0.014848700938838024,0.002052892661478286,0.003132397380008052,0.007075327794998965,0.001782905228163782,0.634171000897319,0.5353521166012593,0.009962769348594285,0.0059820036256572895
E1500_729,0.0005817142171926299,0.8009084619727552,0.002736479264593866,0.004784032888213923,0.0028727371740276575,0.0032422625483578237,0.0003379335324429562,0.005951610125462915,0.5722234145968041,0.005130508796139363,0.47195929536411124
E1501_716,0.01779019854019261,0.002225365931739857,0.4836712854751293,0.0031035414189911356,0.8889749892983048,0.648330468896489,0.004172268130368514,0.00039482261100273655,0.0026517586289633746,0.49765681374617077,0.00015493307839754359
E1502_1368,0.00038537511681571214,0.6563096489917738,0.0007375545608436035,0.0035631856659825603,0.047614059007468276,0.0031461637974936263,0.0031684037683414536,0.009943606413764388,0.5895679526282641,0.00014841934015196479,0.621931551574592
E1503_269,0.6497672224130292,0.003531069713025343,0.003507048286991903,0.004629915648244156,0.07920852110471821,0.0012627496050373142,0.01057603286746337,0.5558611569861306,0.6974662729383506,9.541080803231772e-06,0.013228244162722058
E1504_1268,0.011622261796525786,0.013931844656506459,0.4491848205129761,0.001520608645652293,0.5650525283231376,0.5900569681127913,0.0009322716973036706,0.010313589628945184,4.810231161750004e-06,0.6113759048369006,0.0009729123488863728
E1505_1023,0.004540575517967549,0.5903865563290798,0.005925134861087929,0.0013007873159173492,0.0005748618539381359,0.0007020061978491195,0.015954698803730526,0.010323021897966324,0.855836833975172,0.007980175812169012,0.5931491359154629
E1506_914,0.02970424682548826,0.0007763139418922027,0.9553046103390399,0.009327727425980726,0.7900722747857808,0.6972175369224306,0.00268277902092117,0.001195042176070759,0.000606976557710675,0.7246065427077734,0.0026635449303886896
E1507_1157,0.48709546638514795,0.01864234890575295,0.00196942874016648,0.0023203125006159247,0.007041442358204123,0.01219523217256819,0.005365579195583718,0.6922699449941991,0.8196060115636786,0.005525413611913761,0.001231868313378755
E1508_109,0.7867416841863407,0.0072830836903593375,0.02376629900566361,0.017820952953960533,0.0005338911573202629,0.018143184224241417,0.0034382721874960313,0.6093128980133872,0.5678356928684476,0.02133426692167446,0.04420764496171281
E1509_631,0.4765289369867309,0.007756702308798007,0.0006231417335177813,0.007531738818909536,0.005571120146967169,0.006902943946211344,0.015451060896018432,0.7894669329840599,0.7056683023712325,0.00035301247419760733,0.00539193505711547
E1510_680,0.021560185733745855,0.763000585238239,0.014182427263597659,0.017005804206892797,0.0033407678913466164,0.0015619922766838832,0.003217772666128151,0.0013317755264749692,0.5326985230766591,0.005804986333796618,0.6081881164729205
E1511_782,0.014287292101408087,0.0016847729595302857,0.5121611032591614,0.019489274198438974,0.6051577380459928,0.49305021179641606,0.0014872928540763705,0.003444554374805034,0.00047145202784010514,0.744908888618572,0.01254291862942123
E1512_312,0.4029532425199022,0.013656805654186645,0.004595618609466337,0.0013298412417810216,0.012543682078120923,2.3598247157807983e-05,0.006597566404617267,0.6887990086812759,0.4612274928571872,0.0009228815467852095,0.001667793862683843
E1513_1297,0.5004404374579219,0.0004138582045078084,0.0006862626041828754,0.0020881240183119715,0.011622289553580495,0.00021570421224262042,0.009196854884011276,0.4872147125855988,0.7054458426797992,0.009524174079704387,0.004174336146519314
E1514_196,0.5169177338508527,0.0005464373667900166,0.013353960786820922,0.0011343396453187275,0.00019424228042312454,0.004243474573386455,0.0004096739797971851,0.6562751359108848,0.47139251698487805,3.843796812991323e-05,0.004609740781755206
E1515_681,0.5521934874436364,0.01741242080111465,0.0031624900359268787,0.007069029597329545,0.005961827799267618,0.013667088415336587,0.01894001730690265,0.6003127551228248,0.6138955221969368,0.0027062229013266625,0.005088895481645624
E1516_468,0.6862898093428539,0.0044381214216670135,0.007269252389710726,0.0062760359370189625,0.0008795246068196422,0.0005213403723742035,0.010406849352230914,0.7752702460528031,0.5435933473335142,0.02149353610045198,0.0008187031298660764
E1517_1116,0.6460087786919927,0.008444181532498794,0.006203610385483959,0.007575671029732413,0.001748784674834754,0.006056455691437827,0.005725730857394744,0.7758705227647936,0.5766811083927614,0.000702175475852617,0.00042513978112181
E1518_1485,0.006985246254134052,0.004172309366591881,0.00015969202213912193,0.778708243865012,0.722538321992344,0.5343860710098851,0.002463583705798259,0.008059590296138225,0.00564208029643475,0.5639097423765451,0.00019229438980592379
E1519_80,0.5596618728825393,0.005457329537739528,0.0018545327459762863,0.007147698816591799,0.0009053857107197011,0.4274447925069488,0.612028623672708,0.43082452307026486,0.0008726950830561803,0.005502829783673658,0.022406634906021617
E1520_403,0.0032313881828307466,0.007907366924688203,0.6013100568801469,0.3295936468761568,0.9783101833968656,1.0,0.0007433046989998389,0.0018524268755267163,0.00821740868530521,0.757418544969342,0.005464525772437223
E1521_670,0.6675177086572668,0.00635936131174242,0.008892108767319325,0.0006255256340302638,0.0017726035101505377,0.01819759750211446,0.0077452894599177625,0.518055819384061,0.6925939574671345,0.00030610531065224724,0.001399647184107179
E1522_8,0.24875202612830505,0.011611548214954033,0.00045770525974934257,0.029041368425677557,0.0009155024492721357,0.14413328302900436,0.20688607938714867,0.21660600747184433,0.2655994530585754,0.006568194430488915,0.14348102463322457
E1523_578,0.600692108975916,0.002079471265025635,0.0022183734867641555,0.003517588270860537,0.006610838366132076,0.004024851105996481,3.5041935516049e-05,0.6800395480991035,0.6476821952374678,0.005718806656146411,0.004163679206335906
E1524_527,0.5270328549200974,0.022297925698583774,0.0005341792130607686,0.0014371009481703014,0.001143913389305618,0.011417036827858362,0.0009508455648747725,0.7104916398620844,0.7491001539906986,0.0005615152943810938,0.00042617341870635476
E1525_59,0.2958990299595814,0.0019330057779273896,0.0017589401774976872,9.828948444409264e-05,0.0027409318038014857,0.42855109923854434,0.5056454013880872,0.25775517335194054,0.10052269157525413,0.0014098501433489248,0.007330995974558794
E1526_1485,0.5288846149015008,0.004863677479549905,0.004098615418383535,0.004465155775999954,0.0026103223674069764,0.0006835195081186414,0.006065979666022037,0.871504104133517,0.47769846845833663,0.0033679776838553997,0.010797102341936248
E1527_557,0.01694595623018151,0.006726308776761034,0.4560416598733223,0.003258561397545297,0.6474754395788874,0.6454317349854375,3.3446303276728774e-05,0.0012368282330569816,0.003484163846190407,0.78886026053788,0.0028126804781445727
E1528_38,0.5653136049957136,0.003310328892916063,0.002719709854353009,0.014191125649786994,0.002627302977434989,0.3409122933458307,0.5088037390175432,0.38798702860478224,0.20070228683145294,0.0082868434156679,0.03303820347544779
E1529_545,0.5902912044030199,0.00245636352484035,4.43314982283858e-05,0.006873086208348504,0.004474015473989908,0.0007758155810212332,0.0028338842809824665,0.6356936536736937,0.7893051695139836,0.03450419232101007,0.005385787078202984
E1530_1145,0.004527544968867818,0.9106319045560506,0.003354169291705162,0.0034949761132017864,0.0007822798561828835,0.006450568054658294,0.00025588494780575777,0.0003371015911184834,0.5587945478118738,0.005268195248612648,0.6801179802682403
E1531_1195,0.6383603601371155,0.0022305723506774624,0.006072180621928013,0.0005250125627055494,0.0,0.02692082549274726,0.004885695562617717,0.5245123222689166,0.46279135482699857,0.012528825377293707,0.011206338022618025
E1532_206,0.7243395471605422,0.0020040552302471705,9.229067560397684e-05,0.005249566784410975,0.027102776863959777,0.0012884091225413572,0.007589050325772422,0.48308615603500943,0.762780494939839,0.03373865425245367,0.0007198138486384315
E1533_167,0.468955385879215,0.013572643858868052,0.5258447367905308,0.5545490449305364,0.7557663163105358,0.8194176924808844,0.32539974556582335,0.5076230306884323,0.0026840621390279472,0.6581098344521986,0.001894336118140957
E1534_185,0.6780776577401493,0.0002080293640540952,0.008042021244293353,0.006848839615037785,0.014028841539977969,0.001523102793785597,0.0025876228746299543,0.6738719606353332,0.5532771716687844,1.518827488679415e-05,0.02847495199608206
E1535_481,0.5834923995372852,0.016880457077943906,0.0022114955641867177,0.00017309821951262092,0.005180659162485523,0.0011352813408214701,0.003327299881693781,0.716713525935438,0.6045752366474904,0.0034105609526739636,0.023265371300464157
E1536_850,0.3955323318613951,0.015369528564273035,0.005331623502224516,0.0017927685124559721,1.0470106225973043e-05,0.006119711556159319,0.012560860784506077,0.7415045460081776,0.6968388862433891,0.0009697814814063654,0.00264446231597672
E1537_735,0.022404795255538724,0.004077838665084977,0.0024545987517275852,0.771648672970432,0.6590462252756398,0.7876014189336408,0.007026173688943942,0.0024313578694422603,0.006191597768055571,0.6950029169568128,0.00032163480194357747
E1538_125,0.4255609455990379,0.007426463146571864,0.17478169158843784,0.18603257078539076,0.2146071258003844,0.40768075775947477,0.6959821654491176,0.5244701688953473,0.013827424525327349,0.21890276245739201,0.007068008182487856
E1539_806,0.4977179281873873,0.0036797529603624845,0.0003831801537500403,0.006903175131726077,0.0010335907900260379,0.0021604149824319906,0.001753008396757583,0.40854039858657565,0.5776597122138023,0.015834116196308316,0.022851936231286136
E1540_110,0.6151045816209335,0.0006224475651977179,0.006107757667163967,0.0042887329212905915,0.0032444718227218,0.004036536377866271,0.002792513646439426,0.713216810534256,0.5583440682714182,0.004324378007873999,0.42887271880394157
E1541_551,0.002080858025746443,0.5739980835698282,0.000419897908277156,0.008471242400424699,0.08175412266526458,0.005403698537959576,0.00038024724162240986,0.002512912096396167,0.8663967583988448,0.0009599340091168742,0.5458658692828853
E1542_1045,0.00023664180793247998,0.8645172129261834,0.008528188974189764,0.0008971141136994871,0.044962221200194864,0.014976414395535861,0.03898375683022773,0.0065739983423294835,0.5690267257578091,0.01956322708929298,0.5490624972082242
E1543_568,0.003325117978298645,0.8256842080866131,0.002775925842725745,0.0008670685485384107,0.007318399847805947,0.016335673025869267,0.003372976947027941,0.0036265520786893366,0.4702476736546789,0.0008247374497032318,0.7567544208293289
E1544_137,0.5782457675560542,0.012931630203570589,0.00045638595890847103,0.00038309223967295734,0.0013518932695952618,0.004086694946543425,0.007967631690718392,0.6087059712189241,0.623032856028935,0.0016368995097836416,0.05765248215743048
E1545_441,0.5351626633682136,0.007417231752349459,0.00020663543588389952,0.003869123972280184,0.006339373337166606,0.0036253194424480974,0.00045707876451346163,0.677040435686941,0.5749186187468545,0.016550720379883505,0.00434690235086561
E1546_50,0.4208624013075182,0.00033089702335605735,0.0009246397007644447,0.031922406485423535,0.009381439029713586,0.5608927260304779,0.606882853413468,0.5064055278650184,0.03246316688356116,0.03801438545033523,0.001959768772818872
E1547_1346,0.009674345811997179,0.616354301868719,0.01935803110075373,0.002768142575029871,0.001396862990496578,0.017438681550670618,0.0009584007686118511,0.009235590521656803,0.6532278377647608,0.004416540281508264,0.7915301978928142
E1548_1123,0.6403067384187986,0.0003330933473672928,0.006319162569362942,0.007413091701882809,0.0026420131176627445,0.021035382841952922,0.006143312719569902,0.7125531503632037,0.47131150256789894,0.0036114347032342488,0.0001529387286657068
E1549_390,0.002172781495237364,0.6831602401872663,0.004723695552864806,0.002616695122721162,0.0004662867225612342,0.00011923448934989358,0.005862778297068982,0.0019956926369305017,0.6568128016365996,0.026549565782775186,0.5237525366403134
E1550_685,0.0035665219146326418,0.7450858914208583,0.015048829433310313,0.0068114633837337325,0.006162320524101436,0.0015881236259276523,0.0008053934425366992,0.0023547098531346102,0.5090859583266001,0.01657174566951455,0.7350589773957668
E1551_1301,0.6639488695938973,0.0016087388476534949,0.006529355750441058,0.0006177380207620726,0.00394041000480088,0.0007792470480140949,0.0038638342519984113,0.5234153341629674,0.5489110317967626,0.002510062150421127,0.0036024458210938237
E1552_974,0.6218433539407237,0.005203599093694803,0.0004793614697112718,0.00025619889781041116,0.0036119880122772938,1.3556845123248544e-05,0.0006844083185367882,0.7173960559067486,0.6319830368103413,0.006512061825842923,0.00019729441765923392
E1553_1046,0.00889333322462421,0.599798859368889,0.010502729018316358,0.008448185930761805,0.006175758951629061,0.0007582630009365908,0.001674273366660481,0.006189211002571153,0.5104365989494378,0.003322533833453679,0.7794904955634427
E1554_1421,0.5169915647316141,0.03487707763664054,0.0051596225194763794,0.002360530425134695,0.012463525388361553,0.033411792519624915,0.0005879793927861554,0.856615071214619,0.5262034893174327,0.004199311827301275,0.02076424401695536
E1555_1059,0.4604626785117105,0.00497411243105205,0.0033864874988448193,0.00047482529616859844,0.01386287082302672,0.0006229739354337274,0.002309934063823445,0.5970373557457713,0.5623963495036768,0.0015749597051606798,0.038973783733172146
E1556_385,0.003851281534908378,0.0019981742231563863,0.16822424847346534,0.35122794669326135,0.7473232019289061,0.5780503143678404,0.0019096849968438852,0.00038360562718578695,0.0025528819024519815,0.8471029101777027,0.00561215114477356
E1557_518,0.013068585861806375,0.001234418011640718,0.021271970980905167,0.5805155212479529,0.673363091647379,0.6021177946960632,0.010302267426862667,0.006785886179664643,0.006979279228479912,0.5550109552141061,0.002630648484666787
E1558_828,0.5412815910407702,0.004374396520171953,0.00949630118855106,0.015275360964914107,0.00516973930491093,0.002349839503420825,0.021223953206346475,0.6408794892866322,0.5598400611124308,0.006281955135669226,0.0002966660616801255
E1559_1259,0.003840125282316969,0.0033098933033780535,0.02221838249552117,0.792690253414592,0.8551583529077169,0.6498125372704251,0.002980604704071476,0.006989382800195118,0.009187093627155996,0.6078652590455188,0.00787347363207476
E1560_1485,0.49174313463985336,0.0009688699481794239,4.73751262344222e-05,0.0003966700689144471,0.03641473362110074,0.0012235277398478031,0.0025950302420028517,0.810808713792218,0.4596673936649013,1.2430459120520313e-05,0.04402754188859233
E1561_139,0.017389750882731085,0.46524634038459817,0.00209521296538222,0.01136837569640372,0.012499668362957848,0.005322764167797656,0.01741667323420907,0.025207989800327,0.6443779047089774,0.006630299320036791,0.6877358700338045
E1562_1037,0.4917124391094176,0.0017065172851940611,0.00042236647068717226,0.0008842722308039139,0.0036848653860689176,0.0029535508755304616,0.00387883494234633,0.5543135307215437,0.650150738780155,0.006224100364418722,0.00632442931876881
E1563_167,0.5680089576318664,0.003697288057756967,0.019932039618236273,0.004100233312259003,0.007270067333337817,0.0141054062840742,0.004807199853985124,0.7060768262914079,0.568586046851507,0.002445553645042816,0.06636020639115388
E1564_67,0.5752530446604059,0.010379855763938668,0.0033042422553921855,0.006736358639226319,0.010705179868181555,0.6430403975770371,0.6620685847228099,0.8453097218951328,0.02506599816432062,0.004630761057455772,0.022711887889147676
E1565_96,0.580497193495409,0.008564523720768538,0.011603971703617287,0.004018213397675049,6.572005470477749e-05,0.00862536102394713,0.001326466993693383,0.742884313909709,0.5942008872497283,0.013379971471078896,0.5454128102925688
E1566_582,0.8425516706478161,0.009312621282354362,0.00243048488175038,0.012099707123193979,0.005616277736565078,0.01638500675929773,0.017864964567828313,0.7214241552942333,0.5764942114948265,0.012873213667860775,0.0046725823505338404
E1567_1301,0.45623335561838824,0.005028710720346477,0.02531603686599326,0.0005267445525406063,0.002072614807370977,0.008334793184812228,0.009551527899116298,0.6313232879402189,0.5685309112240235,4.0642190768326755e-05,0.005437489479201654
E1568_178,0.6593877202629516,0.0011115596960782131,0.0035690350421621717,0.0005812661970146974,0.003596852994310461,0.006260626082255763,0.003209410109978527,0.4649539410665901,0.4883794791818808,0.0068053251210376045,0.003217659096148215
E1569_79,0.3914065361012076,0.00727561742919678,0.02662284284572832,0.0018986112480090232,0.005052327503167192,0.007243322759504943,0.0014033185991334557,0.611788595707587,0.4387302845507314,0.0002560219527361433,0.5980648372694851
E1570_782,0.0036386050941135633,0.640325009374823,0.0032877484362076,0.011204203467378144,0.004936405805987428,0.002737537344141849,6.903070935560074e-05,0.008019304286775704,0.6669981511108816,0.001970691658361283,0.6982463741411228
E1571_535,0.5595166322658974,0.0006185490264378677,0.0012626401175481145,0.00040750338142747004,0.031011668369384435,0.0034391938253517705,0.0007199795635703857,0.7862453617136128,0.6659358028238257,0.015324312632911747,0.02492265120825046
E1572_180,0.7509136241102914,0.01748743159585422,0.0193959039475657,0.00730833297283323,0.008024511436750228,0.00343710982219881,0.010739937728262747,0.7113148554574341,0.7389320628828338,0.0007339794881470564,0.12082248043946518
E1573_639,0.00477272967998389,0.005911107179013055,0.01718224509986676,0.5197871228936168,0.5621525980761451,0.7962917592481408,0.0016579467123129254,0.0011820300848672275,0.0015633691522263192,0.6701225821533814,0.006060541543847599
E1574_51,0.3305867090255976,0.00371257046774246,0.000999194965830438,0.0018770765856489108,0.023658772466346154,0.02053540924563647,0.016495139525545693,0.45704768133057644,0.518013786213129,0.00033354286586515446,0.5698658611686647
E1575_359,0.5596492005186121,0.0025655681683226434,0.013347775355580356,0.017234162399878242,0.006249748760838094,0.004148427921269402,0.004471895315946703,0.7099746301885408,0.5590213268289522,0.004110051602784353,0.0015016644039171079
E1576_1386,0.002695093250185825,0.6646819134442368,0.009192780428687916,0.00204857810968041,0.009801635695706426,0.0007506810722725557,0.010030098084629204,0.00220113416868293,0.46055365586275937,0.02084614605722257,0.6493437029273286
E1577_1173,0.0036764246423546853,0.6647775900628267,0.003992810943253899,0.012056568788925937,0.0036714899292902537,0.0007176924554752519,0.005747227382867731,0.008755075655688921,0.6066383663770433,0.0014661953978205098,0.7438478545397138
E1578_1045,0.6190862097309202,0.030027525559925827,5.951161733213448e-05,0.0006971819396734585,0.004395343982145431,0.008633835232775269,0.000879037215537798,0.7323077998475085,0.5932480236367283,0.0008127660696048323,0.0075779372495428775
E1579_269,0.5205721736605943,0.0037173973072967413,0.010845070982972868,0.007594271098801869,0.0016076253487918113,0.0027532802423917385,0.0006838399024491928,0.6027091681019733,0.4646015459663413,0.00211598660692056,0.05903466389460703
E1580_1057,0.5998719063292995,0.004633215277954908,0.021526470122519042,9.592294478195915e-05,0.003358341579899568,0.008164061992977117,0.024515728927145798,0.4991324828702798,0.5449035637225417,0.007373405798305024,0.001148611544742392
E1581_1314,0.4811487376193629,0.031728457319549784,0.004579321306016256,0.002661218014389843,0.0065974216385893125,0.003006641130500682,0.003712128616736666,0.8019008550922244,0.6936092828052206,0.0012272968185148873,0.007885492956761305
E1582_82,0.15187915949040062,0.10620987823373867,0.00025176554981595474,0.005881213340966453,0.0065458705085686825,0.004350744048332984,0.0019480941828069194,0.05697705144720655,0.5915651983718629,0.008540675771093504,0.5543978318975574
E1583_1083,0.0017770487904676426,0.0034930006768022766,0.03089446240576626,0.5224852286948105,0.871742588404444,0.6906084572469848,0.0003985365184536621,0.031748690649545906,0.002700942315422257,0.6129283472121607,0.005636926427266316
E1584_1396,0.0015885399573836946,0.012943691114168316,0.6377613118232458,0.005657410795260924,0.682748885397233,0.6127486968999156,0.001975642333838003,0.060164902128336036,0.00020158453098000743,0.6198663715628624,0.007278360382398571
E1585_347,0.5037403833234819,0.0031606454577527416,0.004241649088620143,0.0045493378974583755,0.0017786521127413145,0.0008101097253970552,0.038841829934896925,0.5337226969988228,0.5444923362914822,0.01683237007381998,0.013378045605695195
E1586_767,0.003112671858064009,0.9918882646477736,0.0010395813071584863,0.009363167986496487,0.0033326605308378492,0.0006527341395036929,0.0015337104856409521,0.0011826707292586873,0.5024266462202953,0.007901881106459676,0.7503590732082572
E1587_375,0.01412061610564148,0.49124394732567017,0.008763674446774292,0.01108593990642395,0.005388406151300532,0.0006476660950855398,0.007526732732308674,0.00511798280967966,0.42285863304092186,0.026398318266420345,0.6361466852236661
E1588_354,9.146506926846602e-05,0.8081153672101987,0.0012863746125525623,0.0035124066337711723,0.005655049542738259,0.005406896221711424,0.0030200876628626665,0.0014045528232376511,0.6554735826604442,0.0010858293116429488,0.5162884696423579
E1589_384,0.0010385298047773752,0.0005237617647377051,0.3506744462397961,0.2227738163091172,0.653513408354255,0.5674921256559319,0.013982228335876928,0.002670250144623408,0.0010948241897894542,0.5879299540322365,0.0020358611569773056
E1590_1471,0.0006297679715323837,0.02275058470896438,0.0030185826978088096,0.5492246898870451,0.5316639481763609,0.8678519336217528,0.0014948431401720893,0.0031478490804783487,0.020077038141467926,0.7088781440246933,0.013692998136001153
E1591_437,0.0030412616737266547,0.7679423439953063,0.007266047228634709,0.0010653317596326147,0.014609360490855462,0.0003126368621416332,0.019619088168273735,0.0016425252979572569,0.6331313228803396,0.01107637170959945,0.6936834148055335
E1592_1209,0.0031086358425881444,0.8009801146272639,0.0014570576099753783,0.009626134748484574,0.00047292404943358705,0.0001315769384175941,0.0034614642931657374,0.0002463814847263275,0.4651930294987109,0.0004006745287201546,0.6464299011941494
E1593_497,0.5550405285933535,0.004604103673469421,0.0034827505728509053,0.005213765261525977,0.00459410913749268,0.0015205799554838051,0.003793451086580649,0.5097472600730636,0.3992143748781918,0.0031656089023501637,0.008776640638651273
E1594_559,0.46850667966375575,0.01143711667303901,0.008901432821067944,0.008530953554645048,0.0009612605078279713,0.0025114713249847096,0.0017777754612666964,0.557321834453718,0.7304120856778509,0.006570486773010853,0.016920466587544255
E1595_1433,0.016667824221860465,0.8736768168893562,0.004671185583340091,0.0010298594165918948,0.0009846664703283925,0.013311136768456504,0.0033918649437555855,1.4603248537857479e-05,0.6122541839403947,0.0027604455397692994,0.46138883266193614
E1596_877,0.00959859098460676,0.7397958794568573,0.0019279993602961366,0.003618147623199466,0.0017315960700443132,0.014891517131220408,0.002229052943502943,0.0076051666319557785,0.4634240871658281,0.02601045315083947,0.4659694435521438
E1597_1292,0.39307660226327257,0.019997831041617998,0.004248312504610378,0.003133756981723885,0.011058352710024413,0.0012411078017524092,0.0002718812868055657,0.5738232388801745,0.6161026944980639,0.002739263384016399,0.02381923974225107
E1598_605,0.4772283973623705,0.00017560405880316212,0.004866411859510441,0.008146411378569375,0.003628253987822995,0.002271615812902992,0.00046933964697986783,0.4225442091290726,0.5965939039430765,0.00013053343204666679,0.00503906006352541
E1599_1143,0.0025575712888102403,0.005332436765009637,0.001239204390973727,0.8832682857833702,0.8851961122145107,0.5417076317722661,0.001540251601112761,0.0009630227158310588,0.016434350389219254,0.7029653444522438,0.02348415888534938
E1600_1141,0.0034524880664341664,0.4641900447391575,0.005142669197904471,0.002514679434107249,0.009398244379268818,0.0020582022273134297,0.00525212509799228,0.00043060344026602,0.5248449284422235,0.011619195505218258,0.6079379414784711
E1601_1293,0.7395077788067345,0.003227480043529807,0.01356970673620355,0.003127901173521544,0.024509004517907555,0.0021759454237757093,0.04794972000768909,0.7509068030705853,0.745831599253559,0.002181288798672837,0.002708539768035265
E1602_674,0.000998911265640728,0.6907673304869526,0.013276846481656696,0.005070442631556517,0.0018102697619799513,0.011340775025395908,0.008884369234286609,0.002733115040527702,0.49239369221338997,0.01276173874903047,0.6764439845731754
E1603_1321,8.772105703306829e-06,0.0004899999631225806,0.004090885871232385,0.45141570705278117,0.5350346009494004,0.6600378359868148,0.006090970817648274,0.00018787255699975256,0.0017634542105257516,0.8494699806961767,0.00015320848066198875
E1604_492,0.5608716299443297,0.0016616181960139014,0.0012791968077700108,0.0007751489315740335,0.005469461066358257,0.0032143307964642965,0.0009741613934297632,0.7676853852229891,0.5546802855211828,0.00017427758124877993,0.0035099627943002082
E1605_705,0.4776930739767616,0.0010145730381623719,0.0078040765842021225,0.0009724873078106645,0.0021031470079962786,0.0014789375665556594,0.015358934768163291,0.5845127455723564,0.728147155968551,0.00262766527690355,0.0006220225618218136
E1606_487,0.0003189716007056708,0.016480181597041812,0.708073288327581,0.021790062847165524,0.48670561415776137,0.7518964693635215,0.00883627285367728,0.014216789717558251,0.018831831092997377,0.7428689383560291,0.0027666916198647628
E1607_1342,0.004571781886530028,0.010392549444268278,0.00047506356044729146,0.5986317607298985,0.6181335667350579,0.5045707503906749,0.009290722710483808,0.015250853443430468,0.0006672530417820814,0.858098933652461,0.0120108926348149
E1608_1071,0.01234046564953209,0.5152231375931391,0.005422713560339072,0.003323557704251012,0.003504319268626392,0.0010955476120138444,0.0004000762140593516,0.0001991234369317587,0.6175825933521403,0.005928369622445289,0.6125568044389385
E1609_503,0.48424547340598917,0.0015311100433786843,0.003769517101148098,0.0010803600519093768,0.004347549090116976,0.004964361635483475,0.040388171022543974,0.552209095459621,0.5925145493095958,0.014643615264947084,0.00023281238659462761
E1610_173,0.7088851801968012,0.0021978952438945327,0.36407537494999065,0.419760908022526,0.513022569990325,0.6047687494248145,0.6666021269924524,0.9710925557042613,0.10641973240108717,0.6476584026130473,0.02080154464645502
E1611_117,0.3955739999518528,0.005457853696149107,0.49554926956115636,0.5875635861907335,0.8591857787469488,0.646912509879404,0.8735071450694019,0.618330590625619,0.004732944563930162,0.5318147796095236,0.006276530482340805
E1612_116,0.004519383591077326,0.005433839331908494,0.006723720954528429,0.010443596356061803,0.004820921964065665,0.3467619306415268,0.492158377690692,0.0008244176318657764,0.0028650375699079854,0.004199004053820336,0.011624782825008747
E1613_462,0.4956404428665898,0.0003720336077269818,0.01904274240266624,0.005889918300202601,0.006768005375672777,0.004479681292992946,0.0028635949116415566,0.7026918778205639,0.5861955214528984,0.0013354994447057837,0.00038176083972770987
E1614_444,0.4279253092738918,0.003300308256418262,0.007569779909205961,0.0002165725930680274,0.0012698272970058687,0.006705673994680374,0.11408072641948028,0.5476909722554113,0.4848291848594502,0.011877928549972055,0.053855351004562825
E1615_542,0.6877780375028295,0.00038886115240575577,0.00018749823863980266,1.6410202017000202e-06,0.0028453922608317863,0.0042238622444825055,0.0008294760697938227,0.6055487673835076,0.6618769485391564,0.0006574046466585134,0.00042676189142303673
E1616_867,0.2729989196795125,0.0010345974183607555,0.006420146913646489,0.0020329147508695456,0.014002194619107983,0.011949403633455084,0.0005585252619126008,0.3663714810221607,0.6131635134039469,0.00403632492013562,0.05387909699514978
E1617_273,0.6705831641444153,0.003975040920991972,0.004831099648099828,0.0010861641734617414,0.00652761426772197,0.00030303353966289545,0.004296277232316704,0.5695055182930129,0.5940594308716718,0.0011375374878889969,0.0006368016706558713
E1618_659,7.954053826858212e-05,0.4587874597264357,0.005569324352254588,0.002385238085936514,0.0005948770520589085,0.01164778808755548,0.010588765758727846,0.01333209897173868,0.616654604513456,0.0011694036278761815,0.8578683058199061
E1619_1374,0.5424987228546952,0.014192260622128139,0.007105771426312603,0.0016317674850037718,0.0012126609726268184,0.010760222610697418,0.004218490749639606,0.7336539694033586,0.562289722729496,0.0033922751278174343,0.03270039943792931
E1620_441,0.5826710947822882,0.017952075774941366,0.00520413633946321,0.0015233605962699218,0.0007341643447353888,0.019311914696202297,0.0009166533015608887,0.6183986747106575,0.7587664123958205,0.0007390218955043393,0.0024434699330480605
E1621_100,0.5073756301910293,0.009098725027159887,0.0003515009180031003,0.02057789163118691,0.002558784642613423,0.1763744187049749,0.2288645956589846,0.5713921191281723,0.3674589985965472,0.00037413049021181013,0.09046794667085103
E1622_1235,0.5319915614451008,0.0021745986824479187,0.012420319765759746,0.0035449230919675956,0.002035802944391569,0.004450943448142556,0.0011842750619996795,0.659717425911476,0.7061435999042316,0.004077228794458158,0.0028902899205330724
E1623_465,0.5297271315680215,0.0042813772736934545,0.0018219571809551438,0.005353491557176164,0.0006110627157320953,0.010651931101363,0.0008484224556609678,0.73452920687743,0.4756871738725591,0.04846154837572818,0.00492210938611376
E1624_712,0.48559802270606317,0.0026955510158012757,0.006051639168134853,0.009617361632841433,0.007737346967509734,0.008943594296624734,0.025845200816855245,0.7781467552818745,0.44350305731166895,0.009043352073953854,0.004272371981066745
E1625_1124,0.4931220626432435,0.004021647990441793,0.0012082944634521009,0.002243807971673434,0.008632790969592708,0.007403771361578097,0.0007968214958210709,0.4917642571387899,0.5224813768457448,0.0019452891234141318,0.0005848047760902757
E1626_1361,0.006859149381405043,0.0055361222370912755,0.005328606972420191,0.7267555932425439,0.5913635731314041,0.7801275313508302,0.003927783365000509,0.004252361321346354,0.0002498919019792494,0.8015883643615017,0.0014020905978349063
E1627_620,0.004195851809186572,0.009901886466658202,0.6958692238750762,0.00561969893376924,0.6828201261973172,0.7719913882513891,0.03238294211683234,0.01952552998066927,0.011267546017221308,0.4982663129716929,0.00766393233502221
E1628_312,0.5766422578942791,0.002312538694722291,0.011068908389976977,0.0014934765661074889,0.03676024055277714,0.0061927414079758275,0.0027788591971904036,0.5692898731344058,0.5287732261251274,0.00031373161218473366,0.0009676036942075368
E1629_1146,0.42860180752736454,0.0011787148412650671,0.011056376270430983,0.0015732294610874213,0.000899294376132471,0.0019743247141223155,0.0011072470757695397,0.5342524049810348,0.39777410937387814,0.004459494801788919,0.0029537165248037936
E1630_621,0.001085782708805888,0.4297802007333954,0.013482832926841933,0.0034334424010996436,0.00035884078009910887,0.0040726622486396274,0.03140237837248007,0.00024078898070406695,0.6260999889824812,0.008129861049896117,0.7020970611897418
E1631_889,0.5979390551380533,0.0009341748794084045,0.01145889465652757,0.0017373512141374541,0.0004060775680577973,0.0016637403253507886,0.0005439535418183927,0.5509642061849713,0.46451110175454613,0.00201982284395857,0.006306528875290576
E1632_1054,0.5379345603787,0.01204309185888745,0.006623394480412753,0.002993727123765023,0.04011568800635447,0.010765142164953322,0.002086980824582992,0.6778142266041355,0.6006981318409453,0.014016301796719411,0.013982943519345708
E1633_1467,0.0052479601761919355,0.6689004172913309,0.008709049534801613,0.001298155542430655,0.01319972170214199,0.007147100039179934,0.003400418472848,0.014512821920490984,0.6269984436865912,0.01585539770983852,0.7204330245152236
E1634_214,0.7052262699167502,0.00027041594051219545,0.7467562658748956,0.41423380937754517,0.762082541775954,0.7309280394066405,0.719839335657857,0.5340045498257607,5.095747538758816e-05,0.6120806886537407,0.0021272073423746736
E1635_161,0.4450074348300768,0.0036738035751715157,0.002833708395270003,0.005043263535114162,0.004857725695053622,0.002916501610683291,0.005805012269134904,0.586059890897484,0.5121764170251928,0.013036344690172355,0.042779318042010454
E1636_120,0.5627479575991042,0.008935351681702317,0.0022521839222075526,0.004530380589935978,0.0007414079554544139,0.0007423976837690833,0.00451295998963805,0.6102370418511068,0.49043683164686946,0.0019269070627605384,0.012535147830992013
E1637_366,0.5238620608422837,0.003230233687443417,0.0014381069766831666,0.010175575976569371,0.0010320867731588312,0.012260148447368035,0.011966140540834523,0.5089696632940816,0.6440278588597741,0.00025807771185620083,0.012844947325719109
E1638_257,0.421436557876056,0.004148069301015807,0.0004670327552380208,0.014015306847830734,0.0008613038488099556,0.004648579817734454,0.011440414788957047,0.7242448100091305,0.5644620475207508,0.008254682236471422,0.0052528445711853625
E1639_1460,0.0004971689871944073,0.0009118419561943514,0.00199759174883407,0.561468590292941,0.7713252056698406,0.6431417396617891,0.007834504814347418,0.03022346368280375,0.01147016294152774,0.6586620952578082,0.025894036054084125
E1640_483,0.013353326721690829,0.7200032969214117,0.010241595195857895,0.0036665882163973464,0.0005914450182926137,0.006323445063729652,0.0013100103446211824,0.04830096034705875,0.4862288256684424,0.006653350471529668,0.5746989651806588
E1641_266,0.5474592199569354,0.023346722127593197,0.001275914534374501,4.091216915230094e-05,0.006193537369577141,0.007536087090583059,0.0007061373918837892,0.673073796528428,0.5979263976227438,0.004466263537594967,0.005694894026319666
E1642_969,0.001813814966279457,0.000998995450960627,0.5566103030817819,0.0019547736839189375,0.7199584826265699,0.6569509132611323,0.010105830264266447,0.01042061230805995,0.0016962215063583792,0.7024652319716312,0.008327096491311591
E1643_169,0.6472313792611363,0.004813698536241939,0.017669843779582924,0.005850554829711172,0.0006057292866722684,0.0012257911643068042,0.004369372047999323,0.9134544804332865,0.5857529503849246,0.002875597615111592,0.09496493040755738
E1644_598,0.4844980761532764,0.0004160234429495935,0.0019117402770598424,0.007889638472587845,0.004955911488403198,0.009322508612206567,0.0017261661292941079,0.6798251637475836,0.6542442111858038,0.0026684306150358207,0.009604933251713316
E1645_1488,0.6151945884459201,0.02139636741045017,0.0014706503565977812,0.0035926331788756877,0.0015856119488680614,0.0058007468164457225,0.005903981886106684,0.5851107959605706,0.5614967153213211,0.030099620206508887,0.012977916009717603
E1646_1344,0.4719087754703036,0.0015737861116460216,0.00011007089144669193,0.01982720791345502,0.004828307709609647,0.003228770107901963,0.0361968643120702,0.6419135526300956,0.5142441295805366,0.012530316971667187,0.012247369660845839
E1647_961,0.007952224750473129,0.6502667400909279,0.004169048220052356,0.036990108576177655,0.00046312968743962194,0.008091727722200612,0.00771644522609324,0.02734960634741423,0.5880442593745173,0.0017668016367271664,0.7321149573443096
E1648_765,0.6062837756251761,0.0032721382848326674,0.010067598003460099,0.0012744251113320285,0.007016397745123449,0.006701454637045852,0.00010740569023476376,0.5213330539312648,0.5196069462192386,0.026834694194783692,0.0015914496134583895
E1649_1041,0.0018365638669433967,0.695673348951018,0.0001966895023626353,0.0008504389396176076,0.008541832213356372,0.00811336544598005,0.0010661052450480026,0.012784107179950465,0.41127919482136205,0.0001110184511134806,0.5552511450731135
E1650_1239,0.5447619741214649,0.0023079950267426218,0.002576246970912927,0.001478739225812302,0.0017596545355144007,0.005887363778805805,0.0028533706806766848,0.7026600451569529,0.5573677787318969,0.0072663009299019895,0.0018940868467034395
E1651_982,0.0011994040355832187,0.6847180095581066,0.003751007369648456,0.005287663291969977,0.0010727899537035061,0.0022816114573718893,0.0007892053571440478,0.005114221656368279,0.550453444011966,0.001274196334751995,0.5354544339209044
E1652_528,0.4671038540650069,0.00021168847732509218,0.004612472513677098,0.0191323517012332,0.020162770313756642,0.0007390281678841187,0.005626132874041595,0.6072423592946427,0.5706560007850863,0.0021051651900789708,0.0009367749204349921
E1653_1392,0.4016041398620241,0.029760643898779658,1.1963972843662608e-05,0.0034440976172967624,0.0030280432873111196,0.0013614339491761897,0.004821587436775301,0.4079766303907956,0.5300623723447822,0.00011951508334590713,0.013131902547952412
E1654_573,0.0051320198677143125,0.004645573479924926,0.813384282357063,0.00352964054775265,0.7473163984111573,0.4330337734260661,0.016560776437273377,0.003981220560200517,9.42586581100782e-06,0.5715663266192585,0.023654097335097126
E1655_1242,0.5006154370692187,0.002957858637220065,0.0032041879709491287,0.0006566795154493312,0.006695890472997007,0.009093153300679543,0.0003438534684714817,0.7818445640646949,0.5593026307179886,0.0010394209205687576,0.0019270692284112773
E1656_245,0.5397202803749621,0.0006235040549090135,0.0009792465617845122,0.007468773537493832,0.015106032357154344,0.0003692797355930347,0.0005407164124081737,0.511321777157466,0.7429141768925721,0.002738274960196061,0.005171647695899428
E1657_776,0.50885486795549,0.03655458805974542,0.005351773496874526,0.008818847063367713,0.0007782446945733313,0.0009644431650580689,0.014726921189964756,0.6266213588553484,0.6696051230824096,0.0016553546495346638,0.01735935404109412
E1658_236,0.6889275338265081,0.022937714150352943,0.0019894135325587824,0.0168407107398284,0.004143100431581013,0.001432178794069006,0.014166461249472725,0.795936351971922,0.5741403614545634,0.00044918203942989697,0.11622515500289342
E1659_1031,0.6504584558813257,0.00010292490843505517,0.00028380746778512424,0.002144264782091977,0.009429484466431928,0.0049299621511701515,0.021058232230774104,0.7367749555698442,0.6165150882389777,0.011987477279953024,0.0020646170704437536
E1660_190,0.003670912300644359,0.005945987624160349,0.17434706228275557,0.19048353173670832,0.26595475728137846,0.5999580484490161,0.928005468860245,0.0066440097647089,0.0006339053179921165,0.1640436817944208,0.00044616218923650467
E1661_1400,0.5704003098891994,0.0004073657218922155,0.0038769593607977065,0.0013344283459488873,0.0004888874853546754,0.0003278611616572568,0.0022258365920204137,0.5220595734290747,0.625677659415371,0.00471740978852237,0.005430762141053776
E1662_1341,0.0013645367626266512,0.5392549334913295,0.0009792623384571749,0.004811815631973512,0.010390150165117898,0.0009672683003280915,0.011227637816980907,0.03698634646739543,0.5747230974376816,0.002431518555180874,0.8332277515407805
E1663_307,0.587152368588077,0.016472561598577497,0.0011673755918818979,0.0014270847496675293,0.0018214918040298368,0.026667200265522256,0.01528433940076724,0.6504689919806158,0.5403768376583615,0.010752070374232581,0.009429847127976282
E1664_1285,0.7342041693674828,0.002477366646018851,0.02413812971514287,0.0056290646691625765,0.0014038590608866806,0.00328028108917201,0.0006107971841383123,0.6522631666784273,0.6167464763895133,0.008123913521394436,0.0013186188648878917
E1665_792,0.0034509624697529667,0.49037663026262107,0.0040021627849158485,0.0018505165973607424,0.016715001518499074,0.0001684363168967837,0.0047713150961728994,0.01493345509773018,0.45369238923891547,0.002877188562386861,0.4792732524692442
E1666_187,0.6832214210006599,0.004559277149988594,0.005311207422843489,0.0007167157943666173,0.002560359549575578,0.0004255337801562347,0.0034409031730766523,0.5213650887016115,0.6180689349599651,0.004067880738858619,0.011175046571090945
E1667_1085,0.003089088662032332,0.5306659122315126,0.016807640093185153,0.004524541401489516,0.017439115280670655,0.006516383705212721,0.0006323757938637114,0.006301655338761397,0.6220071730278298,0.007453934104664189,0.7381333131673242
E1668_273,5.140225694075788e-05,0.020227148274151976,0.005005246476063206,0.651470036459034,0.6092153625330254,0.5753615484570547,0.005723282540352008,0.016669365879147604,0.0033414080978072954,0.6701189585974294,0.008138553310491925
E1669_1007,0.004744348154657024,0.6746338778610698,0.013749701394730205,0.0029464819706389997,0.011030193951334926,0.00512053318641861,0.00053977873680433,0.00030882171982664884,0.5915432512951634,0.0015810470738080852,0.7645624481486974
E1670_15,0.2956037200221066,0.002273146982027355,0.003707930115742105,0.006074070021925393,0.0240770017939962,0.07772138180323163,0.22794862938646454,0.4425759503951922,0.31983614738319616,0.0033294496160977023,0.08311898493053332
E1671_1116,0.5637820510719597,0.002425050547532521,0.00013684748505111486,0.01121384016307008,0.014109909556530286,0.00028327075994430114,0.0312413282729632,0.8689542262520993,0.5304053104734465,0.004030811157286632,0.009125702123219979
E1672_1027,0.004334623467530436,0.0027262855776754072,0.024435443582517747,0.5637175270671334,0.9003330426993532,0.639962604216814,0.002967631381683906,0.028304820034195235,0.006172224224783457,0.5374022501746631,0.0001361079521789124
E1673_802,0.005008555268515321,0.6173832738757035,3.849899808031101e-05,0.010907490541948664,0.006391721784093561,0.008384005120804274,0.0017836461569032895,0.06809650980873384,0.6718705173048478,0.008173583949081806,0.6251932468921739
E1674_1038,0.5432358041875198,0.003335620498415574,5.5774674188771344e-05,0.0019146355677733219,0.00828200952427973,0.00598433828646298,0.0009867891542698452,0.5839170102787286,0.6281929999334273,0.0004099625530242839,0.0015068305634097345
E1675_425,0.011767121352394928,0.007652667520597425,0.6602901989417127,0.004355352900013478,0.716822861868952,0.8337282654637554,0.0029063590361031026,0.004405155910033798,0.005636354207963783,0.5050991188215471,0.0065311858649951295
E1676_575,0.45066846977282826,0.026329998843021302,0.0016592406521274215,0.00046775896404980833,0.002054355266442559,0.012418500264197883,0.04624580901972494,0.6429715608792846,0.6330154314831131,0.019510047099191217,0.0012104143816690923
E1677_1206,0.42058212572748915,0.004677272870051496,0.0004397279478911398,0.0031302185319127436,0.00033237396717821985,0.008470088780469525,0.007676472604468465,0.5991819097725277,0.6921285042031032,0.00018914238311860707,0.008330080340381367
E1678_1042,0.554704114418164,0.011662094386614908,0.01753203425538119,0.009404695098255355,0.002699328251673042,0.0012768911369752335,0.007546466120936959,0.5207086259467147,0.5942914718411173,0.0012777422429347983,0.0029280043066359793
E1679_1319,0.00485855067434319,0.003148468418130345,0.7029164692680797,0.011440270051902337,0.6755429774667041,0.5788623229221038,0.00023815821774457888,0.0024191338891697742,0.0002765981595704263,0.5836596968465396,0.042515490934627496
E1680_1269,0.007051090411938691,0.5094085470376728,0.004540129055201204,0.0008449727104364059,0.022373723257380823,0.0016156133347885128,0.004342860309139744,0.0017069646276108071,0.68777778262987,0.0005565121921422315,0.7747469534552824
E1681_1075,0.6691379193213514,0.010380507699540346,0.015860949654487026,0.01818829189463558,0.012111724792540246,0.0041972368470810685,0.0016186317230265281,0.8341402953133289,0.7264207874661108,0.004715583051733868,0.004572723099088395
E1682_122,0.026792052812047017,0.0030650751613150668,0.11550541636946753,0.15687159347871235,0.16576065418924443,0.5658279782341075,0.7447144549615304,0.002704072725313593,0.012365646647846751,0.1504614945403132,0.005636196963623062
E1683_501,0.42627823445651053,0.0023588187557015143,0.006728967220879691,0.0014337533620786547,0.017218026515092893,0.0018628447900058953,0.00037406368624763413,0.594939177471791,0.5520189827261067,0.02042245217825019,0.004064259414225407
E1684_392,0.0029900346941825664,0.001129957815269993,0.5726564237763911,0.015417655313887458,0.7374690204989505,0.6361282845926165,0.0064277528257788465,0.0002860214524084468,0.0010535037016575224,0.7022121920122947,0.0013762016611328068
E1685_521,0.002615334962422403,0.6886025286087128,0.0023520400302787315,0.006231622764932458,0.005237536823456515,0.00797044189802509,0.0009969033869139875,0.005238270554421857,0.7054153768568187,0.0011500279149282272,0.5577994239275439
E1686_142,0.028061604238113377,0.07643882603163378,0.7838714142599464,0.4311452216965031,0.7262375056052978,0.6352079934186469,0.8033467090957591,0.00043341043994591565,0.0038827823566918163,0.6759341415145662,0.014973004972973535
E1687_1204,0.6578117260987687,0.001479516582825238,0.0008897748025412422,0.0006389207607088104,0.00530792598695029,0.011144081779120522,0.02875877082012191,0.6852786580228809,0.6197981451455828,0.004151229578897724,0.0003098706813264606
E1688_1011,0.5718434656187349,0.004315467699840411,0.0021103574138213134,0.0032811157811299054,0.004070082078492217,0.00025148524064223685,0.0017536569562793492,0.6154870887398555,0.8020714891019923,0.003731806513183625,0.0005948311940461054
E1689_457,0.01640147840911826,0.006507454997714287,0.6945562997076826,0.02850807928687468,0.728300986936003,0.5970582671601831,0.028734066631269883,0.0058384684528625585,0.00777613561874712,0.5862159500948034,0.0018839729113018062
E1690_1001,0.0022105406845317737,0.00023711783815663366,0.015975943521112642,0.8215734959281931,0.7744414548796322,0.6609459836968689,0.003231967936424704,0.0005033926823277982,0.0029808729076195627,0.5572705729201609,0.0006731299086505793
E1691_705,0.042088815179456146,0.7913004531271556,0.022379090580750636,0.002448061513379665,0.001414876400809638,0.012224439436758659,0.0013108493687992884,0.03288696903358931,0.5699082517157107,0.0005451705318425906,0.8695438138229575
E1692_342,0.00944496874495029,0.7941986498960728,7.31427727298243e-05,0.0005103259620634829,0.0011568434009522838,0.003393481208720961,0.00028286382144747027,0.01783632116418935,0.4780810947922539,0.0011232688923748413,0.6402913494087195
E1693_1246,0.0010422034397885795,0.7444756939249221,0.007530357351234814,0.02313628612436567,0.0018560779486238702,0.014317837994171221,0.0010489112204780447,0.01927849249441663,0.6853638482975724,0.0026425764707706215,0.7830227175541004
E1694_1481,0.6001267259115844,0.0008940323956420052,0.008394715648990456,0.0013540067500576204,0.014447962264433676,0.030520128977824395,0.00037045502876387724,0.6962912826273436,0.5328015814103908,0.005729187705641243,0.007598875084333415
E1695_124,0.6441685213131653,0.15461056522317287,0.00015635542198383107,0.0030442718815371765,0.005818757928105835,0.03519371111715451,0.0010030357369203546,0.4939401654662139,0.4126841118991769,0.009990790217803013,0.2981656259699959
E1696_88,0.5181421353882188,0.0020997263391503702,0.006281952808215702,0.004899101368468351,0.0055598002530595474,0.0028427660042499724,0.011757605886426773,0.8415340337304399,0.4723726398859407,0.001922205523970611,0.3799337262923078
E1697_1112,0.0033655787977153896,0.009569791521193138,0.007365048582772351,0.4214340300461605,0.6496528393139336,0.5360711613862176,0.013082562950441941,0.0017272363164948191,0.0007087820890408644,0.7514832584821637,0.00041409335237515903
E1698_128,0.014836682700701,0.3495646550062119,0.005287193800862444,5.088201831135473e-05,0.0014556799381432763,0.0002795280012930472,0.0037099967552238276,0.07933664186823795,0.5476725881824063,0.007341400695841336,0.5190931575737826
E1699_1308,0.020799579344348326,0.8519913637732963,0.0016622357271798614,0.00507709124246689,0.0034958983906888353,0.006580719967904848,0.028478603106521384,0.005700960689680229,0.4996626589151016,0.005744638558813148,0.7306534287974493
E1700_1095,0.0004449540106605615,0.7125206637358931,0.010854443068167385,0.0001998408233077821,0.00446657768303896,0.0006376941573357992,0.0015380864550050381,0.017704115567467836,0.6199076325963966,0.0004138225493963961,0.4489227816224055
E1701_1420,0.0038251173935091912,0.0006650626187084743,0.008945880416870878,0.6946455290744631,0.8066468790835744,0.6857245803899599,0.004057359854007766,0.0004758265758242773,0.0046006321440292194,0.4049466058287643,0.00025299906348751153
E1702_876,0.5413089415444748,0.0006064116628662367,0.011906975826116512,0.005665383395645682,0.006369039806732636,0.0,0.025969282469490314,0.6560715640044436,0.5094600454168282,0.004349733224013391,0.002144105029491407
E1703_1303,0.5530384459868186,0.0008468273450376765,0.0010829560591757452,0.0009168437878377954,0.012913684227187692,0.006378422590890703,0.009782174803904814,0.6931699068109328,0.5975667626436385,0.002145200953246243,0.0011059055791587545
E1704_720,0.022906397986894783,0.02141088021537917,0.6779389904162867,0.008957070289122179,0.6365693403097488,0.75477505434106,0.002495376264930283,0.00015926961482950786,0.004180855870455179,0.46298795171411206,0.01889670266256615
E1705_1455,0.5950109076096594,0.0010477855786229864,0.0007471733984185276,0.0004206285036381546,0.0014608006074260827,0.016655498560945683,0.0006752079489677834,0.6758245052529323,0.6259674632356812,0.026406751963503634,0.018014186766696996
E1706_488,0.0018565530122167425,0.8852110825143912,0.004464033114853405,0.006064369828327883,0.006685962806106299,0.03174961181442384,0.006397362569863198,0.007633214456516939,0.5879390175856166,0.009422272938415665,0.6729377111475224
E1707_860,0.0009241510846074225,0.811490243545558,0.003423093198736888,0.0031536309243998216,0.008925442438955794,0.007701858963974096,0.008393897452215918,0.022482450820427276,0.5905824193030648,0.0077658360774813355,0.5770214562837701
E1708_524,0.003843366461030188,0.0006993197270433889,0.032073596694070575,0.6215816819121809,0.8258700369465151,0.6172982670087505,0.004731611826767457,0.0028620876429019597,0.00868607486232837,0.8104472603843692,0.015208494140786292
E1709_317,0.6420704350961346,3.520431404880353e-05,0.001000025781235245,0.000707277397643526,0.0006856064450182181,0.0009440009023263046,0.01115008567211332,0.7368023978129321,0.6998107865529268,0.005038430336281219,0.005660546497356375
E1710_1402,0.0033615838783984144,0.6980009341891142,0.00035445898500223075,0.0012332735688266776,0.000552320840412356,0.004525499946515545,0.03334620651268891,0.004603449592183304,0.6045511410645995,0.022883327841439354,0.5138556519771132
E1711_1442,0.004356816831490675,0.0001476797340766698,0.005233080395913458,0.5200834949094287,0.9939735456306045,0.7251325551269838,0.004944170069556361,0.005365291502776539,0.0006551929211809103,0.632237081228086,0.005473508098416919
E1712_1015,0.5024937479485666,0.006438645830322196,0.0004898906374966363,0.00014341325026031231,0.0015722532458197652,0.009824163806298403,0.0021258787716093093,0.8287589075335972,0.4506258849855589,0.0013706319167128998,0.005673412138082996
E1713_263,0.005735047456212551,0.3132584814280506,0.0002530365407252947,0.0009763984758146279,0.00017211402236727707,0.0185228326291282,0.00332689040391173,0.006197304075923296,0.5322594641402802,0.0011433864806069689,0.523389811313381
E1714_444,0.002800538087372919,0.6729663213721649,0.0047669640014305565,0.009221037471979629,0.00023594624263183827,0.008451665628155464,0.00863174951088907,6.656534195820146e-05,0.6959851391748861,0.026038284384913814,0.6335294485644449
E1715_1305,0.6068314630462839,0.002244436538855063,0.003983156223194133,0.001716946222440237,0.00043276793037501295,0.004696295204554764,0.0011668450317938802,0.6151003667179339,0.7248198793111457,0.02223489011560293,0.0014741250773020415
E1716_861,0.0035238635598743343,0.7692701027000683,0.0012321910012001887,0.0067728595765292054,0.014857252873244593,0.006693292190301382,0.001549964350462359,0.0003220699484909406,0.4399483426684413,0.0033553423845820627,0.6490105432660963
E1717_119,0.5761132973702607,0.16771835000159468,0.00018973130609237812,0.007546197584300068,0.004102303948605847,0.00285047959890051,0.0013943633548177568,0.6484758212750822,0.6435401737389412,0.0034894880629144434,0.475210907706862
E1718_1180,0.0056051376682574065,0.0020683316634981246,0.05529534518142254,0.6040121979105143,0.5740803365443217,0.6104528370444001,0.041109257814443016,0.000890929809293367,7.584944613273678e-05,0.6760228574420193,0.0015734475047721524
E1719_552,0.0005939051348639345,0.7900718339657206,0.003124216717993587,0.02735561667019541,0.0004009649475974862,0.0006648160952012727,0.009416462697984466,0.011984338813258158,0.4137416339820198,0.0006920373697690458,0.5121917370606986
E1720_942,0.020397557546832906,0.008851007947278446,0.583336591518676,0.002993246071427439,0.6885516692384455,0.6978541336246437,0.0010832173089413216,0.011700194384961308,0.040151137918866625,0.6963033865227779,0.008656018730784018
E1721_752,0.5590140022355238,3.960222488785503e-05,0.0034014054943536584,0.011770592739578744,0.0035366774122970687,0.0009152503670977406,0.0004091610930229387,0.5204308583964634,0.5782563879076955,0.00155920502041856,0.03682533157732428
E1722_1105,0.0004577748011715369,0.00821286950729658,0.0007762280744492985,0.6127718104704418,0.762144691615184,0.8606847403221837,0.0024097439819440684,0.001715980564906331,0.016505066790548296,0.8444299176163094,0.0011508767376026369
E1723_1031,0.6140037551999136,0.019730924608200487,0.0006736301288152583,0.00683470432606345,0.0003339468409757283,0.0049324188446612125,5.403052141742002e-05,0.7082735360446498,0.5941337388321921,0.0035058589809947695,0.0061413519404378775
E1724_1002,0.0004963969756387009,0.0016810170691540108,0.6477157029133844,0.019596720929041547,0.7541801407323446,0.6593144817054107,0.0002776505480713356,0.019135566145865448,0.02439379912045394,0.46063743182083766,0.0030084550949839054
E1725_735,0.0003073720498359718,0.6989747306764703,0.005241677584369375,0.0007839534897391932,0.03052052833078392,0.00858942057911095,0.005371332749298489,0.003867459024982687,0.533294048571174,0.004020329766662878,0.48748489903904096
E1726_776,0.5750386518198837,0.021489068223590983,0.0025267475423774994,0.030994231929038968,0.020773822890017574,0.0006251096629559865,0.007451129074234765,0.8732926967151305,0.625091781341228,0.0044173254885373275,0.007414215452474156
E1727_1270,0.57884619916904,0.0014326787026651413,0.02389099637628364,3.5777471918285686e-05,3.810637880203025e-05,0.007124659209111557,0.0009171033273211917,0.4978714592966532,0.6014386375191392,0.015564068368792086,0.00744863044779889
E1728_1087,0.451568308090975,0.010659682645619136,0.00501270533238321,0.005831822320182898,0.0013828772652422535,0.015200312500800922,0.008660619647542998,0.5965788213480199,0.6426518692946236,0.0028457078341189053,0.003947597053954088
E1729_413,0.004047673525958802,0.388469136652119,0.004242548837096616,0.0009715732049829038,0.011943999811809934,0.0009457012262212358,0.007568185632759517,0.00403868022827026,0.5529635555274584,0.005883389041410641,0.6746894768711645
E1730_952,0.5043170923641848,0.00500923377504007,0.007795282187339821,0.0006157795265876722,0.0016783602976120215,0.007489143630175925,0.0018766903228559144,0.6700460710999403,0.5955044589163099,0.00259737098138798,0.003747803486762501
E1731_203,0.009549021225731433,9.848547228536023e-07,0.016272032964575075,0.008924277581395967,0.02114294045686543,0.005369746252015048,0.0016630815350981644,0.009105576627029223,0.5898063392916266,0.002307745386556825,0.34711366925670023
E1732_29,0.22955379508299945,0.011514193752639372,0.000450145287586127,0.003882032061888983,0.0028355118886122755,0.022177128286871614,0.07110412830867488,0.15929707997864892,0.46155119605760037,0.008923131329667563,0.5345469616910441
E1733_980,0.48621619071255145,0.00024944109331271713,0.003572309444217788,0.00030792742398045377,0.0009584743944342166,0.011428430321984701,0.0024055392955178237,0.5441435821140718,0.5831149906149872,0.016339839474491885,0.0028559311795934524
E1734_440,0.03371455451514277,0.7347639648437594,0.009479275649915261,0.020477558013214183,0.00440289938284087,0.001216730067427732,0.009153222929416692,0.0018438431957695878,0.5855430017527664,0.0316008665139485,0.6334851045960154
E1735_127,0.6275548119506327,0.020952174974604974,0.0015190268034178775,0.008392790818217684,0.004372118738862901,0.006390396868529691,0.016673682733795568,0.7030915451029957,0.5620579280662695,0.00664105368280503,0.018559807483214126
E1736_176,0.5598914188755882,0.013844756583754744,0.3992043301786957,0.4375977003777232,0.4746136388877044,0.6880896476294585,0.7076029728355455,0.6483991416228994,0.0014530466934451923,0.6507768936093494,0.0026465348620089467
E1737_170,0.37469813613191566,0.0007724983238702722,0.008178369160472062,0.001267836134672561,0.0017247652251223065,0.00035078416065729853,0.018501566744180173,0.8107923878410729,0.5914833448202628,0.01954987566931614,0.00041620528870717856
E1738_344,0.6115459319123248,0.01296337395570105,0.005933854271427784,0.0002669278116159675,0.004639169961818163,1.0267639692797153e-05,0.0015193923117157886,0.6909517476845145,0.5458558503388794,0.0010289149921488853,0.011951263699174364
E1739_1075,0.0016834301381974761,0.7535477815347645,0.0053775862895522105,0.0006024945501957698,0.003436102623058858,0.0038448053865027683,0.00029504586102045797,0.012572042733731028,0.6060467794392154,0.0024306996206613046,0.7738224659834797
E1740_494,0.013228670460944506,0.4750184909149455,0.0018408052460669505,0.0006969420808767061,0.0070791025225184784,0.002051679742789008,2.0828867375895305e-05,0.0030920102059379968,0.5587085875634936,0.0004224607927466089,0.522365683165413
E1741_167,0.0016890242825305952,0.005823735355870112,0.6673237954322672,0.47420788674527503,0.5407239903589288,0.7115118930174714,0.6160261002715862,9.847506700383928e-05,0.0010125752640029043,0.5304330546548105,0.017184065371300558
E1742_444,0.0036098214074292566,0.0004648603462850647,0.008119716299804921,0.5454589639833829,0.9512285011029677,0.8134333325570876,2.0723932014620938e-05,0.005044500983648319,0.029244375638337584,0.6944324025730458,0.011703222875942242
E1743_1038,0.47471386777445373,2.9869762117166018e-05,0.0016059388509547157,0.017459607045164735,0.0021273013837888534,0.014842982247660315,0.012741312212442778,0.7058703008538703,0.5349944002463779,0.030856814962222964,0.0019630505571474077
E1744_191,0.0018552263072732326,0.7094842406565016,0.016964610094864642,0.017831433471775102,0.0008261046929473728,0.0009813981835781573,0.004757489876311121,0.00033420141704866617,0.4290929381562727,0.0020950480572508785,0.569123472126017
E1745_1037,0.022898054872468127,0.0050765614274709235,0.017904121224979638,0.5625257382804397,0.6565785813034177,0.5955082077653298,0.019453266779051025,0.0008401363544271412,0.019718093702106393,0.9763845677565444,0.010511320622509089
E1746_675,0.005158457007561355,0.003421038412471224,0.6468916963820491,0.004008046063835632,0.6149654957334538,0.591811643230183,0.004387058952508518,0.002725240230063904,0.017659688338558722,0.7420109700847433,0.004964536307261989
E1747_144,0.1367112329980162,0.2701277523993882,0.0027594818097915383,0.003817423842199686,0.0025120335714982076,0.01214735742696519,0.004519732299571361,0.0865848112782491,0.7099159010717506,0.0031915036981510015,0.4828195895675274
E1748_865,0.007010241675445211,0.001744833321295309,0.6804903587678383,0.0025906101035198885,0.7914612316666562,0.7743125620075842,0.013881643821664565,0.033460516106115994,0.010360815205257867,0.6459406336848407,0.001630685874973448
E1749_598,0.014383331441680162,0.001427254437461928,0.021013899354635105,0.8496376503121391,0.7189425120833314,0.659634385735513,0.0053382344780752156,0.0005649767596019562,0.000843813082537942,0.7665515023485848,0.012494531413528803
E1750_1419,0.5409797713699181,0.000252825728625873,0.008015539159503366,0.015643030031358165,0.0007501447404526699,0.03150725504256988,0.002995855168405341,0.7675424643055362,0.6762981544068744,0.0040111129556387294,0.013623940840213839
E1751_354,0.38784355482712113,0.0015903324208828668,0.0017387547597298007,0.006969254689456181,0.026717912080240165,0.0013338869596583726,0.008179911959872643,0.5849149788946667,0.6914401730857517,0.0004182886585371812,0.0030707093877350247
E1752_177,0.003488518043577782,0.0027009165218461395,0.5368622883455806,0.5295656650032212,0.6723826786998156,0.6514060629298295,0.9599226201643957,0.03932781543645746,0.0005708428795086522,0.6261703270715535,0.006531319447945649
E1753_1078,0.013387732568472279,0.72265439017405,0.005670940944317496,0.009732915961305193,0.0034063917501674663,0.006090967568524311,0.0023043772370108947,0.09263515538065067,0.6482941740354667,0.0002262820607737309,0.697433429490515
E1754_131,0.49347457925465676,0.1758305307853027,0.0005387385818910275,0.003996591792943359,0.010573211216383422,0.0020861565166083464,0.0071781730325594355,0.6046313746142892,0.6355511118632812,0.004240064857792806,0.3506958875099488
E1755_371,0.002740257396228803,0.001746446405954465,0.0839439114694418,0.5125703716311333,0.5587560054867916,0.7209351651522039,0.012273790461476069,0.0013629994039475895,0.01779284678728195,0.6925076920801628,0.0006013949032822756
E1756_314,0.4694956450700364,0.008856951816127097,0.0301885228354819,0.013645237068180762,0.0011255076120909862,0.001560497979441708,0.000765240396104911,0.7811783951435095,0.4831447415193874,0.0017077275959319895,0.014246285302881237
E1757_7,0.247821595525818,0.0006944493304204999,0.012733454540128046,0.0024741436038023066,0.0021171938518510834,0.10761762284057834,0.22854932307265743,0.18161206586244222,0.19986085720074978,0.0113314217388951,0.12607108126749603
E1758_784,0.5383624681189654,0.013397897312249454,0.027362622152544175,0.006277107014841212,0.02022892357251591,0.0024406494790227247,0.004794901978698877,0.6171119437955757,0.5774131092833865,0.000688736007906004,0.010278646087737691
E1759_864,0.6441546677000192,0.00019337829029343888,0.001102360750517219,9.988049405756653e-06,0.002380314913212767,0.008937884378927235,0.00701688489610271,0.688004947950215,0.5934009960792608,0.007511726020898923,0.007466631702256676
E1760_1460,0.5234612046403234,0.004704762392100361,0.0005273033872483052,0.018249358347381485,0.011576564017404532,0.001790024618001362,0.0008445875598191103,0.5666497355176302,0.566466919279116,5.244264951560339e-06,0.02914078198676256
E1761_56,0.006768829296689147,0.007491956423741856,0.011657066991033724,0.018028695803966172,0.0036156624449152908,0.1115698376915003,0.08851955433466926,0.005248607477784192,0.21048503185096454,0.022382399969751093,0.1172135739257245
E1762_1003,0.623859358242422,0.013960598078165467,0.002656019830120887,0.018973934321421124,0.0025982835070242905,0.000177834648275471,0.0033564285960649004,0.6061281957291832,0.5827799126343485,0.00584568913739687,0.017198144840478706
E1763_559,0.004122457795734794,0.8043549430440019,0.013351014709167545,0.001232529878315476,0.010359107239372127,0.006490679097107707,0.014213238278968626,0.0027178318568958303,0.7718488543277381,0.002398924602886933,0.8137493376232294
E1764_371,0.7191550259165177,0.010363185146890705,0.003190256483453731,0.015616527329381333,0.01693255229639025,0.0076084788532271306,0.008328445015945572,0.6949471028782062,0.4793609976441326,0.008536374430464533,2.5711904632214497e-05
E1765_1106,0.0026376458275817684,0.0006019271431729865,0.5631966229623941,0.0020354436403750976,0.5854386846173205,0.6191650801208577,0.014842922989812385,0.0023604812725832825,0.0009058287621425567,0.7715833924367345,0.0005627757998236295
E1766_478,0.00012400690971346893,0.004334700478095131,0.004185289893498286,0.6045984909379226,0.5620656690931353,0.6026863823122715,0.0071596423534846495,0.03373000590319131,0.006121349802381519,0.604256342020606,0.0001793537316375343
E1767_109,0.4596801617261548,0.03697435871890216,0.00025582669843021943,0.0034876757573780895,0.013767309819314465,0.0001492942072171217,0.00592738849072697,0.7144887090615296,0.6053285464925978,0.0013785464180136517,0.4627909029840418
E1768_1139,0.012784183636010265,0.6186716565221242,0.0037648103503406132,0.0015602407211693203,0.0013164150536559612,0.0016937547336491837,0.012081385980774512,0.0012733802352263763,0.6533379350487283,0.002578959105165937,0.7684629917554506
E1769_133,0.5225332664245036,0.004120326717629854,0.24981761500278313,0.31117382205215366,0.2931139974608123,0.6220820704030311,0.6262017035507638,0.7642759387645138,0.0021079076635692647,0.21857795668525853,0.0009442379147740381
E1770_1262,0.38434999116661595,0.002018972459507802,0.0011408362639611644,0.0001212288463040478,0.0105836417200111,0.006368706178975694,0.005515024942903215,0.3397447204348984,0.5727100986145109,0.008500461219122908,0.008060904877018535
E1771_1194,0.0036948057706444846,0.9484069677480595,0.004222828077119767,0.037349199636335144,0.00564753681792372,0.003397704614833402,0.010048750520738082,0.0064236321701612665,0.4477556764886883,0.0001855829357821208,0.5657705749339015
E1772_406,0.001993723980241455,0.004270176598053131,0.781945475399564,0.006500664503814079,0.8395379821381682,0.6275011112414524,0.008467154839853138,0.001777970408827121,0.01100657168683221,0.5140410893053144,0.002830269413967851
E1773_241,0.004868459937998351,0.7242024523958835,0.00027058243699040047,0.001119421186557046,0.003207741569323836,0.003950433999678147,0.016692107279208026,0.0028364563733312494,0.5569002317690805,0.0002785471863596949,0.4854112993264696
E1774_474,0.4929409441494264,0.0016940623751219178,0.0012078729014429292,0.004113250353804919,0.006525124605442427,0.01261012870162065,0.0035475114470020497,0.687841833883997,0.6401362938077186,0.0004769477254496179,0.0237746963788634
E1775_111,0.41977858617703784,5.9909444811259086e-05,0.0027462445271883083,0.0014059356321683004,0.0009991957979712761,0.10530658019972482,0.12681829685291343,0.6718682241150833,0.36981284151514704,0.0026913602487029856,0.1948707414952713
E1776_1070,0.5129613482072434,0.008980897042547951,0.0047476880820060945,0.0017718391047650663,0.00013698667305410032,0.006869035766546093,0.014345860676750071,0.6927191686980734,0.6056427192263891,0.019451118353631836,0.005398457769935571
E1777_452,0.0033621814672870564,0.007928574302991289,0.524607003602639,0.014567043069235713,0.8144831753966691,0.7451300185824243,0.011535076389510351,0.00023559168886121295,0.001339122034430625,0.7597838894345371,0.000972004456679306
E1778_237,0.7414977241461418,0.00430604561809768,0.012177029058327985,0.0026097247449067386,0.0017111692632397761,0.014667447973315232,0.0021372562305003047,0.8372163569882041,0.6970754137529698,0.032129980822544014,0.0024346251964001966
E1779_1217,0.034591509259100026,0.6500858449621294,0.0008693120919215443,0.0034269843419899968,0.001202663630241852,7.10267425085059e-05,0.007852144738863908,0.006991393300821653,0.7057858778480404,0.0009148052085375175,0.7662388114392779
E1780_1256,0.6397024764834759,0.010666132012516977,0.01769190040343713,0.004098202770211468,0.00015742023990388015,0.0029589160568445276,0.004671222144052924,0.6596348753149087,0.5808031232449076,0.008391239059184156,0.026600903397611824
E1781_337,0.006616128819787361,0.005057852096384918,0.2599278935938082,0.6136879254255346,0.8485267545007793,0.5377221960749903,0.007249548668483992,0.014001090938295548,0.0014457751181554072,0.9028875465059055,0.00870845773961645
E1782_948,0.004932345830585557,0.005492447585923719,3.819023926860491e-05,0.6872291232198695,0.8201161473274896,0.6271376113930712,0.003656186058145398,0.004827363084874491,0.011346504096243337,0.5627881415197132,0.00540336147657733
E1783_59,0.028696284862168214,0.003658111017467157,0.00413799964539589,0.0031527008116488684,0.0019534901394510852,0.0006000103743061507,0.0017165496424152965,0.04886255980030143,0.5891239656564872,0.013937024208335643,0.5763893363948781
E1784_347,0.19610000981662432,0.004359014593216011,0.0012675003709202027,0.0004861522393661688,0.008204714258053903,0.0064936205086168226,0.0032667299938146915,0.3527746058743679,0.4935443899056421,0.0227625037708029,0.019025087176814507
E1785_1421,5.3926351398475434e-05,0.6207812553794416,0.00657076370496671,0.0002505781854014956,6.220233569880563e-05,0.0006184834153489049,0.009930177956354303,0.004040937900050314,0.4758299828233792,0.0002653650570526011,0.7951178496048524
E1786_257,0.5174528576047565,0.0009686028865864946,0.0033185381445705172,0.002017270318985112,0.00272284483165518,0.00026410535222599863,0.01356300603391894,0.6531643926190887,0.5993311047410814,0.007973922151147056,0.08482390260318948
E1787_1473,0.5749844948919391,0.00011860036784958003,0.011766766938815247,0.0012121975077540213,0.0005094754847314517,0.0021504780731266045,0.02055533419561821,0.844557036427204,0.5026035369697831,0.006521157625094469,0.0019795657459293317
E1788_163,0.5155206014709001,0.0050003600361317345,0.018152737937472994,0.0206041622723096,0.016730750228424785,0.003999942252887852,0.0017055407746340886,0.6061999967709878,0.6106066296588822,0.0034229150669310726,0.09028756926776418
E1789_642,0.5746666935725973,0.0016966737934243322,0.0035700183965000176,0.011155619977680204,0.0035666277413757353,0.0018414319008386588,0.012046960025514915,0.7287680353962869,0.7974629446400446,0.00014255059820056875,0.04251674070128835
E1790_361,0.0021444833584564763,0.6729994000028328,0.00509966116352103,0.010897722483022157,0.012188061267572811,0.004766940480709294,0.010534983931305093,0.005248415242129443,0.533820354325074,0.0005995898978125926,0.6877964700761141
E1791_72,0.6158903172411494,1.892904723145277e-05,0.008388179127885554,0.00207839572813987,0.019087474362302487,0.0162664417675496,0.09905356042448452,0.6016916786140093,0.5938369471167481,0.0066022416935553295,0.07848664090121764
E1792_1041,0.0043167434357064775,0.02477500446293336,0.5918337667780484,0.0037622352635951683,0.70226012950242,0.7097169053644331,0.01261598899936145,0.018151339940498307,0.006647988188670113,0.7701257206334898,6.059051399123869e-05
E1793_208,0.0006363180379352693,0.0021174117622641438,0.07858446936501808,0.3618798034386745,0.8387173065335062,0.6067441835880206,0.07704276308514138,0.02074910689854754,0.0010726861347655208,0.5370012126205426,0.009267931872737773
E1794_251,0.0005029872150910706,0.557577632648258,0.0019069548777239562,0.010399513498067144,0.0015447319687641869,0.008875724613402861,0.003826054742749191,0.003311141831938255,0.6846668337604588,0.033611473686471514,0.5714830506274695
E1795_458,0.006678530406568144,0.794282778795038,0.001721517853568476,0.016876997159584853,0.010941525200143356,0.001156326634156828,0.0006335856112854984,0.0019855026229878584,0.6619712918521053,0.04847577822848832,0.733003121184034
E1796_1280,0.0035670532705674132,0.7164925748908285,0.002850493904341079,0.0049666177945880755,0.008998839058499509,0.0030182026277533087,0.007919435466406036,0.024786113633396088,0.6800773232304279,0.0006681058480815511,0.6499075872271807
E1797_1381,7.898711424653836e-05,0.8618754389046653,0.00287001863068925,0.0006532334583420742,0.00019289230247444163,0.003457921805065669,0.006829533162621039,0.007113919913640381,0.6927018285138345,0.0013061246130633493,0.677671714198925
E1798_357,0.5293497019929854,0.000541611755404622,0.007350879340785475,0.00025659417195628294,0.004415072231215468,0.015214795124604533,0.002372881534461512,0.5709174038146485,0.6529972618961966,0.0017323677624009957,0.003322445201836118
E1799_1224,0.005268582062320058,0.7501436876411735,0.003784949646692471,0.0014391968330237767,0.0011772034044142186,0.005678848620559187,0.0024191153161768424,0.0019770475438379894,0.7370697001946518,0.011682570568309427,0.5818328852263088
E1800_242,0.0935631472640727,0.00928016610578724,0.6889554056093553,0.1718124354361567,0.445798419904502,0.5772846179549649,0.6631830450090405,0.5271223132566926,0.02323238082811319,0.8131010611441133,0.007301704150224726
E1801_1335,0.0067946764634787896,0.0008228843562986369,0.5242810592772065,0.0073567766252284495,0.7009481683796127,0.7368400389802353,0.00506050746709738,0.00406529945352845,0.0014907820686739601,0.6032468612191723,6.3877642680299244e-06
E1802_436,0.8262931560224946,0.011848702743469358,0.0037595892746762924,0.004215610348203918,0.009111761245293313,0.0022583361249494875,0.03692129223930455,0.6945050112874117,0.4900358724822705,0.004188596535651668,0.003501193226737044
E1803_20,0.362685756025286,0.0027121388895857937,0.006331385757162853,0.0004169368320132113,0.0008933816495427891,0.1265359225719807,0.09958868059598314,0.3884520098387847,0.22177518478810135,0.02582821147524087,0.19378790762359802
E1804_1052,0.0010928605482121057,0.7539408520373174,0.008785466311201974,0.0034911385053710267,0.022813434513460254,0.0037009103282027362,0.009005789253802304,0.001631699594698091,0.5528569192060231,0.007003961050824928,0.5455030386985954
E1805_1365,0.002738605909113022,0.6535115940937676,0.004159789793907236,0.005569750887281576,0.0146517865076226,0.003203908703707289,0.016099388910374296,0.02469859074290848,0.7916838470834777,0.00041848813704592843,0.5708262646875721
E1806_1128,0.002391259148604055,0.7858801332523168,0.002377775458314667,0.004245911172679629,0.0009257369880549406,0.03521603171517472,0.0014775036337746203,0.002884949392567913,0.4819308795527819,0.005584193703543838,0.694313939570571
E1807_592,0.0067404182041491565,0.7003476634473156,0.00265265587942237,0.002122547008601303,0.0009315082519079107,0.004987230173466047,0.017550918185990277,0.003300672737454933,0.5798989378603204,0.00012752902654365394,0.6375300223188292
E1808_1466,0.0006125342820415822,0.008008483295191044,0.006242566365808558,0.6386589206971359,0.7148894050673544,0.6271443667199034,0.006123061204061536,0.004043471658943744,0.0045230977178296996,0.7438330897370474,1.1367694801864065e-05
E1809_1088,0.6009253273941781,2.723187984255118e-05,0.006910403353107435,0.0006331102798716151,0.007588583924025103,0.008184693232925635,0.0055076348235157824,0.5923984975776797,0.5798204245007694,0.0036081713589645793,0.0008009592790845768
E1810_171,0.008105095298370786,0.006721124950286866,0.6224526031720101,0.4567985081798247,0.821623064639762,0.5188012473003996,0.788118008416427,0.00014688971942289098,0.003928227173003141,0.7342868841490066,0.007070887191431895
E1811_420,0.0018511377479722305,0.670476800449781,0.0003516900544531828,0.011803528346987531,0.002037054396061824,0.011464116946244949,0.004981882221818499,0.005878148159942086,0.5224829315594542,0.0003068756178663386,0.624647108971242
E1812_1486,0.01857616839695649,0.008202977887005932,0.4467086327218232,0.017145957475792447,0.6833140448049342,0.6038965786575572,0.007999071020149573,0.0005997042174860523,0.01922885200954419,0.5519382222794965,0.007777562833998708
E1813_1124,0.5079003702269005,0.0032844306231154105,0.013557846188587668,0.0074278350043199765,0.02467384396578226,0.0065056761275440415,0.004214631241524387,0.5752531850021697,0.8187296035139342,0.01265112024083867,0.0003287054718005799
E1814_1358,0.5856270436356275,0.013902858628617346,0.0012831299738798555,0.004619344726510157,0.0012771609690948127,0.0045767364902694506,0.027165798715581446,0.7179937831919408,0.5050674361342176,0.0002339610212710338,0.000190638939044143
E1815_1252,0.5252792941422971,0.0010976020712489504,0.0023929141942707417,0.004634572858773686,0.01599657367070739,0.008203586038620984,0.008602048401032873,0.6014843146510005,0.6075467171081282,0.00013449057599651169,0.0006522630261862584
E1816_1451,0.0006521679896936575,0.00916743721945807,0.003524307445391995,0.6532265697358597,0.8748832879305574,0.6344438218005334,0.0005891210361820543,0.0029135369171941435,0.004393418128348705,0.6975846280760146,0.009791259423508395
E1817_915,0.5267318018381811,0.0012962228151008398,0.0020361096631066416,0.0053254863583322674,0.0018931879154528886,0.08644969063528407,0.002738957808647795,0.6386007744733426,0.5939741879639273,0.004253975455026572,0.0042677452429682305
E1818_63,0.44657225138363077,0.01658032162291376,0.011615128289496639,0.008728127090123706,0.0003377619426851482,0.003992069387721857,0.0015843675716379246,0.6005319773893113,0.6263375648992433,0.0076465004035280275,0.5235734854274622
E1819_183,0.519377208177364,0.005285636316453669,0.016924108578457022,0.00017308019291211902,0.0015258003092418445,0.0015282974007470667,0.00427672580610587,0.5733476483779585,0.6044347560282742,0.015215931685777923,0.0003677538178448735
E1820_831,0.02759590372412155,0.021645345485851758,0.002720032270906126,0.7102853943853027,0.896906364821132,0.5761842734516129,0.012286539312636834,0.0010452727192297136,0.0015209044297690387,0.74148453812177,0.023934834143966535
E1821_939,0.0036873153486068027,0.0016658439892003214,0.0008320757483411085,0.6423080488285416,0.6644703810292427,0.6284130050906949,0.012673300822762041,0.02059149078323391,0.030028117250835144,0.8739021165847701,0.011241968386145733
E1822_620,0.013641895024240618,0.0016299728289493538,0.5105969837084142,0.00607271475749205,0.4871380114581667,0.4866920035651658,0.0060234246152227,0.010393286574186806,0.010844336155806157,0.5648782816030655,0.000913288557575777
E1823_1099,0.003952715977115002,0.8775614984454946,0.009450108464795343,0.013446540077499373,0.0010841347573359876,0.0035488494325926277,0.05162608849588516,0.00356228250320967,0.5457681731752551,0.0048332620478740386,0.6524554280340155
E1824_150,0.010205106528755194,0.5300727323924894,0.0028194449461928723,0.005544104588886696,0.0055335523385477555,0.008504576473478518,0.0007656320104487708,0.007586311802840421,0.6015018186422736,0.002998280609520509,0.4995722087890197
E1825_1224,0.541837909550572,0.004812873023122906,0.00838224386148489,0.014860394248677923,0.0004721221635935985,0.007498502016515645,0.0016425527825335738,0.8279366601932787,0.8501261498159997,0.0026496201642292774,0.0030287983972295714
E1826_283,0.5373294728647968,0.004889803540858072,0.001305321307383048,0.00738575345435829,0.007432436387070998,0.0009258539674127377,0.0027826883119684126,0.7502235773656175,0.5866289217497687,0.0007635167101441533,0.0012804525785146779
E1827_799,0.0067111466660131425,0.004794329542583625,0.6525641505575186,0.006406267641439572,0.7295003030968731,0.6496695700699131,0.0009445472229352682,0.002171072585961814,0.00014344451957125029,0.5846846397878906,0.0017713868410089628
E1828_129,0.4793903314594544,0.0015299230875842735,0.00029950684013979796,0.0022061798632367255,0.007648299837189806,0.009669742882032855,0.031245108753854237,0.5172957473549399,0.5166495754246824,0.0006637093190110757,0.015801115980377718
E1829_957,0.0032210287471536978,0.5524363442360942,0.013885515813407981,0.012803173198836306,0.009288573298038316,0.003230424296609433,0.019767348596325493,0.0016750812011154736,0.5035597113889294,0.0004015312140949418,0.8113793163425133
E1830_1007,0.0013068458195055472,0.0012699384952162068,0.0024185855043296505,0.6605217743348499,0.6871756915351013,0.7493643797996318,0.0015719882877263374,7.56134471060076e-05,0.00519132238774045,0.6190079423054283,0.006904956329686033
E1831_602,0.0021375071534184198,0.6902033737709702,0.0008337349338831631,0.012426127136161728,0.00104734844611858,0.009067528047936877,0.005016320633313708,0.0003915443476749508,0.42383838384495715,0.005043940644822508,0.6472528759489722
E1832_721,0.0019775292998657993,0.002004193569676,0.00042589280056783927,0.6915904589114558,0.6231870529409953,0.7594218130782122,0.0019980884086640226,0.0064708439123259,0.000195359344639527,0.8308511978914069,2.4124527063205764e-05
E1833_398,0.01959923520541655,0.004019366474713609,0.7168572808689812,0.002189720881381598,0.7132734478468982,0.764967922087993,0.0036374557673533293,0.00017774019740161322,0.007957085006654149,0.618449464001512,0.0006673111468368842
E1834_1059,0.0018620640713174405,0.7076801876524017,0.007749678328613537,0.008110929051104868,0.010663663204639537,0.00026953880335561434,0.00014070111545915736,0.0005170026767399312,0.526404464093709,0.0033468643066938415,0.6565043872948552
E1835_941,0.00039639145788888664,0.6319039624804541,0.015725903580047326,0.00842713574987578,0.0035754276205990573,0.000791902431657548,0.0012189012674844618,0.0009423688377622494,0.5471888976588273,0.043305799952239536,0.6130186837999793
E1836_1016,0.5361328101539268,0.014909482852396044,0.0041568287806442285,0.0010530982902809064,0.00014583529521569407,0.006067931508108164,0.0017842918426880972,0.5318864271759806,0.5230464542419995,0.009547527998725762,0.05197607117502865
E1837_637,0.002119007568514371,0.029672011581213756,0.027562898421638334,0.5338155420702376,0.7209843250199522,0.5847586616336272,0.014816915017587926,0.0005098432531757533,0.01111926310658945,0.9988068012464886,0.002699190541079932
E1838_1492,0.027153392081982478,0.01811297008009737,0.03477948018848948,0.5154295835662324,0.6600387255715094,0.5319869143374883,0.0011556616318357175,0.0013429777430188565,0.0005336632503949421,0.5526381703494123,0.006226797652850081
E1839_957,0.5683959608437379,0.006171647253699787,0.014042063466091641,0.002262732970243075,0.011769187660893571,0.0012093994666890846,0.001736654219331602,0.5024490553024459,0.6852549457617447,0.0009999762214087887,0.002379207423309271
E1840_1024,0.008571871240936663,0.851247192885804,0.021806731519012097,0.023435897934118197,0.011659415506532439,0.0009990199054019516,0.005225280263121219,0.00046326599140876376,0.8515857528564138,0.00050103444100388,0.5032353359434032
E1841_280,0.000991883691145674,0.6984141928188801,0.0013798811034637607,0.0005255095061169906,0.0013894664981907346,0.00022832517919550596,0.0026194885935384203,0.021674617573723718,0.5529392922400702,0.01980709917285034,0.6115564445282834
E1842_886,0.029333828136565782,0.869914727698421,0.005597887969186898,0.01268770086093307,0.002234212051990868,0.00399028324135183,0.00493628589011365,6.846774111240654e-05,0.6587560640293146,5.2659941405051995e-05,0.8144900094865185
E1843_409,0.5571063198400512,0.004188153134647223,0.0002480525266938084,0.014489109962046068,0.004243639148308587,0.007850014600327485,0.009988222431315202,0.6871226552471363,0.738904141990588,0.011906136579695034,0.0008972953652465404
E1844_1212,0.0011134737433924566,0.0179214586297961,0.0258775547311536,0.5847310457363784,0.823827837670426,0.8620320832546321,0.0003641396008324043,0.05407836912341722,0.01078539863270407,0.5454978984070602,0.009582243872305093
E1845_347,0.00378093607182856,0.6857528032813012,0.01511824847039588,0.010724009868601546,0.0014619338831320975,0.001281908779757008,0.004179895907363878,1.4793547349583516e-06,0.5824206962011375,0.002680525794228671,0.8465446360705667
E1846_358,0.0009328321467721762,0.783835399832722,0.0003745022072639394,0.001793116071541732,0.02485722204898964,0.04229667341555217,0.000777471469739868,0.002682906424164417,0.7200261536080946,0.0006717427221823932,0.5679613391109268
E1847_1244,0.5625115076370771,0.015669558314741167,0.0025095499568447157,0.00924739082171204,0.005484919846310516,0.008574314136701969,0.0007645637699068555,0.6021619327456796,0.5772374582473243,4.599637812835507e-05,0.004551150095371822
E1848_1133,0.39529414338513436,0.0005148950642972334,0.011463236516390838,0.014790537636813811,0.0031058961132292393,0.00872292614110969,0.023374391287656386,0.6629255703055801,0.6029609687979476,0.0011209471933137107,0.01849467274563603
E1849_1155,0.0009901567281919222,0.008378516092374473,0.0020720332809206414,0.6427430352037118,0.8473868960742861,0.5248842420340903,0.0009616107700237868,0.0022008628159725335,0.0016274542217446476,0.7147703590035718,0.004909858888963445
E1850_1155,0.010469710755248062,0.001425204742605674,0.7077548325539095,0.0005235845955849414,0.6226134523545059,0.6244070088419308,0.007294323530792426,0.003729145111815469,0.0053032473792946075,0.8811409205502544,0.0066802118558714225
E1851_434,0.5180579751665598,0.0008771435929270871,0.005716698098180315,0.01956743087910283,0.00619989900655727,0.002817928820282061,0.002167933540028563,0.6104263342990437,0.6440302408947731,0.004046999912549107,0.018360926175460226
E1852_644,0.6790573700671517,0.0005884021915343233,0.010597908448689655,0.008408520795957603,0.0011601053071371664,0.0010568147174361137,0.0030189858171897252,0.62965453519009,0.6141413096975589,4.497476305505816e-05,0.04570752704349399
E1853_157,0.49321393525011215,0.00031790852174715535,0.11186922315831847,0.046341114152910284,0.04997575719398752,0.6497941667960632,0.6879792837230134,0.5669087375460088,0.0003342069592769058,0.07451139358401296,0.0012459602416133404
E1854_1445,0.45372152711584185,0.01130218573639508,0.0018394976550865686,0.03499021879620195,0.007764862791100491,0.0016397613613020204,0.023054611316125937,0.7223896751059673,0.6892908455327613,7.459724651922141e-05,0.00441026166508583
E1855_125,0.6859865550795053,0.0027153648386185826,0.4125233632217231,0.3109906118758216,0.46922388110169455,0.6652981936235544,1.0,0.761047988211402,0.0055614387182229925,0.3079226504545238,0.011308431360890358
E1856_1215,0.008325942637017107,0.6719042878946746,0.017476929506245145,0.004264553527015273,0.0017284455429915453,0.0017344302668148627,0.07848064031618655,0.0014791885919257699,0.5895583736972738,0.00041974673801451937,0.730791942311386
E1857_1436,0.5579060162458964,0.005622114233600381,0.007681720248411732,0.012063832299801847,0.06345659787251577,0.006741123464267446,0.019367347366859865,0.9396440768728362,0.7218980525139274,0.0010607845443950366,0.017326863783491235
E1858_406,0.602938678102238,0.002207183441008345,0.00301466072329628,2.8816840383516028e-05,0.0016454965913828333,0.0032178132502393778,0.020800767626754497,0.7507135744624942,0.619290527753366,0.0028159063295877425,0.005028054754996146
E1859_524,0.6787525349962389,0.004695120464000267,0.004361903556711457,0.006660210153766111,0.0035369825590522773,0.011475470253994561,0.004152196179332608,0.6391174109689772,0.6451269783208402,0.0004438800781429001,0.002184574395174538
E1860_1273,0.44328482108734557,0.002066225109264424,0.004322929498677272,0.007660846551028467,0.008776680846724725,0.013479086463406943,0.011883314000955264,0.5433099205967835,0.5185726987133673,0.019726377018201076,0.0011228656581782485
E1861_444,0.4980103429551186,0.0002659340993922388,0.0016379477527626697,0.0003952627644956529,0.014609324346070585,0.011135652244999333,0.027383764446524902,0.6389853088247092,0.5727367582265256,0.022827395555388815,0.0025704949083390554
E1862_181,0.46763924324863415,0.00479032183656925,0.0001466570640579751,0.00461652468428434,0.035296644600260746,0.013486113247578086,0.010154289219470205,0.583605196239808,0.4615788693718905,0.0002486305904781889,0.04095561288873552
E1863_278,0.7654910661003653,0.002711748147140564,0.010263014416814148,0.009703637637838205,0.0003066778340111189,0.0010003326819262614,0.010348307378455728,0.869179456946567,0.5494447548855204,0.004720610954267825,0.023803705566639903
E1864_1114,0.007972423365030974,0.010079229235475277,0.636506435501228,0.013967854894257952,0.8397635262743496,0.7135173166230278,2.0082610552317114e-05,0.009490618120041816,0.0026333263396815946,0.7635622797724128,0.0046116056775422215
E1865_937,0.7003968278280438,0.002143328139481453,0.005731387711739761,0.002618865127461582,0.0013021962835059317,0.003032154694754573,0.00425508235173406,0.7144315279214126,0.5405536514492759,0.0006036180346676197,0.00018403816227439133
E1866_986,0.0015317820541412986,0.6995721761850265,0.002511721213024066,0.025076048734141564,0.0006395947020356067,0.011482784542178276,0.03539533264263278,0.006817645145267162,0.5582006213950503,0.02884059184595164,0.7796552567079206
E1867_1075,0.0005788302523141159,0.42941352447272974,0.0025483689549484507,0.0017216949640669347,0.0007949668833921831,0.0003987547592966005,0.0029629102645232904,0.01803296327843944,0.6116942623891242,0.001197216232105441,0.4903679395929053
E1868_318,0.5201925939520241,0.0037183602279455634,0.000392840869456145,0.001473840429074201,0.03631619167677386,0.0009587498139460808,0.0041917351184694905,0.7268298797614546,0.5497669657761497,0.0005041282459123826,0.00030883944123631023
E1869_301,0.0010558583119415434,0.6644708381011915,0.005704586377396815,0.005815245913438927,0.01971450932200454,0.0010377106898293142,0.001186226896046454,0.016375330325199118,0.5859654407414167,0.003542026699347111,0.5501248785742631
E1870_246,0.12400714061268055,0.005975985924802169,0.38545583598044814,0.454142588613288,0.6430583740408672,0.7831784664679485,0.731780234133504,0.6089180177105158,0.00035006374833781203,0.6691406154394809,0.019639336889718566
E1871_1497,0.04854010419129479,0.7915221414187441,0.004910768110034906,2.3594435655204198e-05,0.013040882663937095,0.00018667785752312277,0.004483968088917738,0.00027685472911210846,0.5685039333062929,0.0032434507766341838,0.5601580607205311
E1872_251,0.5577000951539998,5.165493943963866e-05,0.004957913956752701,0.00736720821701619,0.001013444081758319,0.0021339618591673677,0.003968893357285822,0.5521685867195483,0.7205511120298699,0.002228353534501724,0.005484145860506462
E1873_1030,0.0036868012174790846,0.8438387217723018,0.009437659955677179,0.0006469234917533704,0.001139555720294705,0.007620483370260976,0.005810458993490576,0.0011181982217787496,0.6181662797293237,0.0036625771826362366,0.8434398102491435
E1874_1274,0.00038657298263207175,0.7800284932221461,0.00047339861956345114,0.003078454097706747,0.000200526568898084,0.0028103838850532764,0.0016704337149052756,0.029383917453195664,0.612897378327624,0.012244845062279793,0.7752610787099795
E1875_672,0.0028414412381809378,0.029361742822810115,0.00675942582012869,0.6075505869812718,0.6655358389594158,0.6097476740760561,0.007159177934622343,0.0003903883059150999,0.0013160966611624506,0.5397454861896109,0.005161222698314816
E1876_1401,0.0029633621946717286,0.00018959780365301616,0.6840762707538052,0.00621642304560596,0.7074798102659877,0.4978496736477554,0.0014073511144085573,0.00028915897217950896,0.00847581523138651,0.987008543941541,0.00043456406046694717
E1877_274,0.00020197017822903723,0.004360962463487666,0.10228062065657255,0.5770363832672524,0.6450369469584848,0.7195261051201006,0.0014764277666054313,0.3580881344412634,0.001982307760051083,0.5865395259701368,0.0027152409520249643
E1878_960,0.4845443599415317,0.002363323398076473,0.002413528879928872,0.00843106092675607,0.0028020281749329195,0.010060588011664548,0.004842977809975631,0.5422963768263177,0.6607826649373593,0.0002611962986148394,0.00045602257282361975
E1879_742,0.5629935959382533,0.025522718506382117,0.009918199196795773,0.0033484536396618555,0.004381036785057253,0.0015721281603731923,0.003507824743324067,0.7800949124272161,0.7669620058774345,0.0005989957639158948,6.216671736032315e-05
E1880_1274,0.6977780304039748,0.0030904792728092064,0.02344642472022122,0.0026960641412687473,0.0017316099888201228,0.003915696949542204,0.007049627742619473,0.6206051201498515,0.6261424108471525,0.02843693164052757,0.016154320237142493
E1881_671,0.00046050301331569525,3.784535417906271e-05,0.0052372681639609436,0.6222480752768366,0.6983288761810196,0.538249002872222,0.0013545626278930831,0.004157316042462087,0.02034231943697665,0.5276128383065067,0.0001357262838177882
E1882_1077,0.582332807547561,0.0005572092653118449,0.012887022349722617,0.004878027250221433,0.03792020934594595,0.003873384903778709,0.00028860032901883694,0.5510699639323418,0.6299657118747186,0.01348329325340201,0.006793282943883394
E1883_1303,0.0024519322557012206,0.006031628272884866,0.7226638011157994,0.007964949923048215,0.7919834906543315,0.5518379960548048,0.03077446659615744,0.0003757194040704687,0.004558408765627316,0.7356524987815936,0.0037399905958153136
E1884_1269,0.6434876588098207,0.011823818059039853,0.023905405910529844,0.03237022234750086,0.056134384737468256,0.0035621574057873684,0.022365162590694765,0.4394879542910446,0.6879260377663802,6.464954526217283e-05,0.0006184597989322788
E1885_34,0.6563297299701285,0.004879154553138321,0.006380967965460339,0.003223482866060995,0.0013821566697993835,0.5116794649331966,0.4155653231422215,0.42823239770413957,0.07671766560369858,0.0008123578045660438,0.3500555472371403
E1886_898,0.0004173731912877495,0.7773237682796993,0.008199009961113926,0.0040747258022301594,0.002184639795094706,0.0007431155849571613,0.00043897155470545927,0.0015371966747502743,0.4031417741072797,0.0029716706008500672,0.6401400535933514
E1887_557,0.0013956640145559587,0.003622577181495592,0.008768711584065083,0.6608082750117298,0.685879583076385,0.5709744004493496,0.003783391599087295,0.0014853270203656612,0.0006937244672220596,0.5697026213994686,0.0017559278944989988
E1888_1297,0.004369925760629811,0.9256201054309692,0.00012304952794086197,0.0006068479071298828,0.005107714770295529,0.00432774927507882,0.003026099003187113,0.0018260245147508987,0.6324142651834658,0.0010512558434426125,0.6004591463370986
E1889_486,0.0032912114019365154,0.7454609217306148,0.0038521586019007663,0.013982143662406646,0.0006943204848509204,0.012776222802392882,0.013578145660463652,0.0036197997295105313,0.7380494561074726,0.026651384625094036,0.4353873159232954
E1890_354,0.5429648831448352,0.0020028857463536996,0.013924006449924583,0.0016318101940964503,0.0006071742319338172,0.002267870047275197,0.010513906139494327,0.6040382240057572,0.4649033207979134,0.0003214093922320602,0.006130795331722009
E1891_79,0.48833975913014754,0.007859470067401985,0.00511309230041563,0.00509614945713405,8.65050102630094e-06,0.0010216811624881785,0.004279053265829164,0.7050856932446118,0.674630469382992,0.013672966312895829,0.6297557479372595
E1892_685,0.0017665639965979373,9.427778972346362e-07,0.4789808229019131,0.0015040373271376338,0.8950333271578734,0.729697493141521,0.00916395418064469,0.010608114679486311,0.00018023966763662506,0.708377269171519,0.003361463165555714
E1893_1220,0.016156662153048666,0.003259268189711074,0.006777058541327577,0.6678220934468923,0.5682504224320543,0.7082488597579559,0.04753206947342627,0.00011688004598722123,0.004303443840984959,0.6317113636802218,0.0037454696854209387
E1894_1459,0.6483223652706039,0.005763267226193782,0.00019082607109739932,0.0027630189423699034,0.00036405726764974225,0.001550505574164446,0.005682545782355342,0.5082257016029946,0.41032083078714754,0.0006067954713119031,0.03535215136023464
E1895_181,0.4788879722166165,0.006687550455262995,0.019851211179496463,0.0053050482179011,0.004799937260928214,0.015189618988479932,0.004467355457274515,0.7438948577453575,0.5059137922422107,0.00988716747341025,2.3416822341974654e-05
E1896_304,0.0018988147521472542,0.01494523810089036,0.012817746556131273,0.7214924176144626,0.7128422178826389,0.6398612153087433,0.003945942865416754,0.0024657490987219795,0.00903897822322049,0.7619286401159113,0.0005709531079255294
E1897_547,0.5166398048578309,0.0064531162411446885,0.024742441535690482,0.011240810373189558,0.001507161801869139,0.001473481409029197,0.0003427483793950529,0.705876461993228,0.5347536756457247,0.0009843509638879115,0.0013729308048483525
E1898_454,0.5704456553222854,0.007225556565601467,0.005815078156077235,0.0006684236128016815,0.00012003224030749664,0.011467397382979456,0.017910706941409636,0.5256425213933502,0.624526115673576,0.0010948188938047203,0.0034009125583324877
E1899_471,0.009202591234424034,0.5135611071714868,0.003573514920114258,0.00010370821506839857,0.0029564103131590074,0.002413793946274986,0.005595005058182642,0.0026352885419605194,0.41049528860391443,0.01635507245353692,0.6131456960071544
E1900_1276,0.00562198739668944,0.0028582691113057117,0.019031350474423586,0.5914891984182417,0.5406295679219743,0.7042619113132904,0.006522633711391468,0.011652825521062839,0.0010061895154705384,0.8485236857594826,0.001085353547601374
E1901_548,0.0005164337410983223,0.7613170401801942,0.0031629045096166638,0.014906381035408405,0.01993444688224771,0.0005595932577632113,0.003122931851309416,0.00013834456867238304,0.5174927596285809,0.010897023192318977,0.7862172510479886
E1902_211,0.7074180458284738,0.001522964653133565,0.0035906719275606764,0.0003151908547655373,0.007455013015950598,0.00015706706070154586,0.001499584635733673,0.627115556048262,0.4408670140374879,0.013961271855436514,0.03345513922533609
E1903_809,0.000726631589931899,0.0004889510443512184,0.6549372501473452,0.022427786129337636,0.8829000331426103,0.8600098490070435,0.0017214671058888935,0.00016265755187400114,0.006839382094475917,0.5227065405142054,0.005821712837381873
E1904_792,0.013430938646821294,0.6489122753944824,0.0046961253747200594,0.0013576172275803467,0.005445834673052781,0.008073726952165917,0.0005126740690432081,0.00952897719450379,0.43657617048845354,0.0006355664203042465,0.722517571647694
E1905_222,0.0015107954183756296,0.600239881603905,0.00041410805739116224,0.002966051535289934,0.006081919366031956,0.03382709464812259,0.0035414309160461273,0.001013718020000171,0.7210210485642454,0.025400552682350173,0.49992488296421334
E1906_921,0.47549194814306395,0.0005662539243150057,0.00031243799148227615,0.017587626292353022,0.003078417473860205,0.0005145222671243454,0.005741791592149283,0.6228978072561256,0.5401593369833283,0.008734913323059923,0.022537562026734514
E1907_747,0.0022789785877076673,0.015471034541862426,0.037794693631771424,0.7536634899141026,0.4643569910724146,0.6564543302825543,0.0023407190210489315,0.0012956705764435802,0.03485531516673847,0.6472590091168233,0.0010524905709237314
E1908_587,0.0013875586931359578,0.7967922091319877,0.0008213120347624393,0.00013063860632102345,0.0027782342634834895,0.0009201822549298196,0.01392253700374734,0.0003422402432801677,0.5472872024050618,0.00862549845825012,0.6157424687967372
E1909_324,0.6119148583058492,0.014028010495880266,0.009560615932921495,0.004552376332743752,0.005132983277636993,0.0002353219480864971,0.008063286637923755,0.6203172112066767,0.5422084858373398,0.005228491503928275,0.056812931667429185
E1910_193,0.5494280562029632,0.0015786903009980594,0.0006273813053101022,0.01578515058485393,0.00032154550333733325,0.008473005598376989,0.0023793204852323724,0.6358197973855848,0.5392774727616565,0.008891788134294438,0.23811838258705878
E1911_1358,0.5831767583474005,0.0559353711096719,0.002819438913415995,0.053705241558919106,0.0020365866944948192,0.005838934019303608,0.0005156311287199854,0.5023806943068722,0.5406312645627401,0.008328011625690974,0.00918558873953873
E1912_300,0.6717280424951625,0.009945783971055519,0.0003706230966885456,0.01834921004978501,0.005206417587307765,0.004493349254821469,0.005680372321838885,0.8808838181993818,0.5164586933659573,0.005651408901405284,0.00031186076031225365
E1913_200,0.010642105452097967,0.6206537632314344,0.01838368073956892,0.014601960232010349,0.00820427082163451,0.001252561006676316,0.006269691304606821,0.0031558628538626166,0.5942715280806116,0.01239916833162795,0.7203354595009267
E1914_660,0.004220401228592362,0.6471902320392962,0.0005846080704438356,0.009080739684031442,0.0010957538421161037,0.0017061188535664712,0.0013235788630418688,0.00021961688028854036,0.5613719581721519,0.002857871351770418,0.6364241504113317
E1915_835,0.005565579323457604,0.7408665282934356,0.00035668796048416086,0.0021745888059225547,0.006684863667155092,0.0016810497537086979,0.04143171064412486,0.0042773586047951334,0.4855371266860523,0.02103715382161666,0.5361274710741931
E1916_1249,0.002578542952438587,0.5879471087816409,0.00042830130294493814,0.006573754351158156,0.0003933068797573335,0.0020789279364692072,0.011234051109745988,0.0026500141213017213,0.5628256048695592,0.004210778257404864,0.7386446634548226
E1917_583,0.5561017913221437,0.03493157904334281,0.025025533680852856,0.005354799546381482,0.06381817492462215,0.005474542546120524,0.00010114288525480313,0.49907256980989523,0.4775846872202702,0.012092497345185395,0.012513732623869492
E1918_224,0.0006246409727117279,0.0015049906991098222,0.5890904054596015,0.0035676369642778562,0.6198636439911385,0.6710832864174295,0.1198750302264047,0.00021087731799321414,0.0018715104512628754,0.5081661589207663,0.0030692154316211387
E1919_1498,0.5023325797269123,0.0013053077421535638,0.01279459194213972,0.00041182514867348134,0.0031994430028595444,0.0034473714293754994,0.0008579622282502404,0.8587162893778285,0.7097008578785018,0.0438926365332257,0.010304212895029221
E1920_919,0.48923084550986423,0.00380474763534118,0.0019365634345404551,0.004038685457057417,0.0004507056301595309,0.0018304450634342845,0.0005977388723534662,0.6015352858783514,0.6680867205334007,0.017968910808440566,0.002241407368408433
E1921_990,0.024768046808730532,0.0030314122977856735,0.6270052246098102,0.02616714929811881,0.3887139412629273,0.625271638608737,0.00010281050621661283,0.0047397294140858115,0.0007244708878950565,0.7427975411933978,0.00010756938741686232
E1922_702,0.42048383565814595,0.0018741232220416454,0.007542399135946461,0.004542863372767283,0.00017049367893451472,0.0010561584151525913,0.015447683805776312,0.659884297649278,0.6017078885287352,0.005016704418755488,0.0058938717480402
E1923_25,0.020381179949448557,0.003440892900493843,0.016450881042529012,0.006217657536834709,0.007212031553211557,0.31676209871805394,0.47269087641119356,0.14329374512482673,0.05044450334254247,0.00013895357095325482,0.16395391663835354
E1924_125,0.0038244067376285865,0.003098323788023852,0.3807171247102027,0.5685468669865505,0.49222854663530574,0.8807074616882896,0.961707674931814,0.006996953220700836,0.008802409573525197,0.4982624158197294,0.009271159158615429
E1925_587,1.6414087357642342e-05,0.0004064119146856695,0.0005898125139381196,0.6158148404098608,0.9474422000607473,0.8087337624428402,0.0002752575588851995,0.008174013215273284,0.002871489762099618,0.5707133871948391,0.016921423506708173
E1926_1045,0.004886114467893402,0.5602947319592283,0.010379147880328583,0.012550437566460577,0.015155985362681828,0.009520124278633208,0.01439209804362028,0.000265709729230711,0.6168921099827976,0.0027262477275607306,0.6101225563081066
E1927_997,0.4745973550128734,0.002583297084663968,0.014568584282333196,0.0009751943423602987,0.0009094252897674852,0.0007737453083240342,0.012953547432735088,0.6355356523983808,0.5379118400760594,0.0059892372636989885,0.0
E1928_838,0.00018818362208304374,0.017822217579635563,0.03225416859858885,0.6514421521558988,0.7020856133194037,0.7482690394370295,0.015023319383176232,0.000758045871967844,0.0046035206531438114,0.7205723808580027,0.004129930792245279
E1929_530,0.015270346954132036,0.034890664011808716,0.4145620558219216,0.01138348679971914,0.5919822650933396,0.6556036242235364,0.0033244110317678095,0.009436308478945915,0.0050554567025884465,0.6993590400979158,0.005211832117076213
E1930_651,0.005560260368122771,0.8741138984826955,0.001955011802817995,0.0003989100595690453,0.0012793609378413558,0.0027188994244437496,0.00043546858990097773,0.017696628919946687,0.60786499165533,0.001931148326508833,0.5048471416421849
E1931_216,0.3442922293374812,6.332088317745281e-05,0.0021922278039793425,0.0037516955709711248,0.01563644927532698,0.0044590826277379455,0.0007574412366066992,0.5423619190280042,0.6454334936344208,0.0015801851090729508,0.019166951158975234
E1932_1233,0.6015669023302561,0.006893223768776527,6.699971744140653e-07,0.0028361899788652565,0.006192541516413362,0.029629866060182253,0.0003892700606447161,0.5326043419190436,0.5763034640561282,0.004861774646921624,0.009889373161536255
E1933_833,0.4137063771500382,0.0002814694667072877,0.0026878549284005643,0.0015144206708665702,0.00022443753919301743,0.024543034549554074,0.0032798417939211124,0.6675303889072971,0.5733994143795178,0.0022554275251931537,0.004657938566032276
E1934_190,0.0005868545897391408,0.00369412861313679,0.1823626981746169,0.13985937954295954,0.2188322301912272,0.8174837750687151,0.612810079770798,0.0021811214936303144,0.003925390202399556,0.16901703279954708,0.055216273263382416
E1935_1414,0.0025894019985888577,0.0011582686340907058,0.6560883040125571,0.017007260030649157,0.5990517802928662,0.5574628407258088,0.0032815506602064228,0.0018007174773229967,0.0006415693676325342,0.5582037691310322,0.001695884619586601
E1936_906,0.5317265424806102,0.017150510986796385,0.001104623705566365,0.002666511544458919,0.003162021738759391,0.010027024149363408,0.009783559830285733,0.688049710843457,0.5669885322831049,0.017759975859805037,0.0021359985785147874
E1937_1291,0.0016414714054788946,3.1029980774894076e-05,0.01614015569135312,0.7014152263825149,0.4747426479921917,0.8164868854464232,0.0026113471769254773,0.0004462697282257996,0.0015502026323433854,0.7382473994083342,0.007524663856279891
E1938_855,0.5328391455641445,0.002785789690453472,0.0017162948587635374,0.002508490370107405,0.0006163348211266716,0.009089692454233123,0.0036101179254716545,0.6688935331506984,0.7159407824823107,0.005097210752601458,0.023502096770150898
E1939_693,0.5137089734481093,0.004087423487321203,0.0010568604595104151,0.0008337265121871445,0.034766857502744324,0.00022579862968108582,0.009735314939930309,0.8000526370120816,0.6047540915699825,0.0010452161710261445,0.04468222728859371
E1940_161,0.004627777027039978,0.7859895140244111,0.0038575238767176627,0.010395791494949905,0.0010154667001867717,0.014450185214188793,0.001370666126747661,0.008857659865135393,0.5089589855851282,0.025249685574929636,0.434826489564507
E1941_1232,0.015494304001242076,0.03491193022836073,0.5886617613334586,0.0019463580978498643,0.7351181720554274,0.6473367760445193,0.01198051954630284,0.003002802204932297,0.00029588342839915473,0.7856557805848193,0.003884353842621574
E1942_371,0.0006876159746326495,0.6607679426642352,0.0002833614504757544,0.0002568996955441625,0.013345511173501372,0.008530229002985624,0.002076088496555259,0.015585505254786304,0.4177487543902966,0.00034697440935319175,0.8504634513030706
E1943_1423,0.47946208673196383,0.013983972872196708,0.0024220018739277874,0.02421692934998039,0.022666914774385,0.0010139414161479223,0.0059989798277565376,0.617534323924218,0.6053038746327157,0.0003260957872343324,0.008342594518147228
E1944_416,0.0007682302223757432,0.6548024007610496,0.004064099696688513,0.0008585523053735012,0.011251406715877843,0.0017184910149925763,0.005704063125020584,0.0008708124400821748,0.5737277637110262,0.01122073877129164,0.7163447451053746
E1945_638,0.004236181083251923,0.6857838732284081,0.0014843922744674186,0.0009378559187098,0.0012341626043538615,0.0012374293721039925,0.00793538332379322,0.002109240460680494,0.5968183502753264,0.00018246684644756926,0.5517443778250216
E1946_471,0.00243260201969475,0.0011858940012604501,0.5124470726627851,0.004749729427609528,0.6547421226727853,0.5703971767011513,6.5150231932734985e-06,0.002286308227367316,0.0006531495007869624,0.8525455171249181,0.0055897758083199925
E1947_1082,0.5342512907975406,0.0003032605801063968,0.004401934248819123,0.016300852662077973,0.007356247409511557,0.002791473521768518,0.005877022203714531,0.49219887167224324,0.6151252520000592,0.06074005058284825,0.002412408077990088
E1948_1050,0.6973691625119287,0.005318044576928852,0.0029287525704099824,0.007989595092624039,0.011858384979645574,0.009944089913138051,0.013039441087216146,0.5827019470977266,0.6933455100724445,0.00112965183479854,0.019320509013174014
E1949_593,0.0043773924700759885,0.006121653364260105,0.623984435183004,0.00959906900768513,0.6196153955517919,0.6833565357254527,0.000460623269965343,0.027604666011372028,0.010267781728530776,0.6932828213341691,0.0015888605227699414
E1950_1196,0.003851645670327193,0.0118501459797185,0.5178978521044515,0.0005190296779538286,0.5321093726637222,0.5229026381278506,0.037800571003339285,0.0005058248971863429,0.007074674301623917,0.5492493263890709,0.0013160607732755412
E1951_135,0.4061497464704881,0.0013474015386291092,0.0032011205192679524,0.004037446725469644,0.031309095235951774,0.005452114589615839,0.119971343774605,0.8247627073303736,0.4811744897786803,0.006489920532896704,0.010931026637890265
E1952_265,0.4695430557080997,0.02583440779360408,0.022910616349163356,0.0029538347060252624,0.002040051363018013,0.0019152323729756371,0.0180703323985277,0.5660957276765414,0.6699390827073243,0.020721646383264507,0.004566912867586635
E1953_553,0.6219669090287057,0.013835789347586084,0.007606142904918168,0.001211683150725211,0.0023269625840757913,0.0399071045200548,0.000573232383689133,0.9133174772499263,0.5088274241016685,0.0037392889161993077,0.0005572536627865745
E1954_1109,0.40115784805225035,0.009933044546918565,0.002024587304630371,0.0041521290875560024,0.015522536482178833,0.0017215066225999664,0.021039371104554016,0.5179179959913025,0.3911955181284422,0.00904245431532091,0.007006405912507538
E1955_850,0.01427034842605811,0.0063453745957237455,0.7893504870025143,0.00037072621739888794,0.7041325355599989,0.5861027516403525,0.0036195221040135842,0.0007300568138530869,0.0001617117114011192,0.6695635492981932,0.002374527386375446
E1956_90,0.0008404026495058182,1.1526905718588209e-05,0.029218481681878537,0.048231602121924275,0.04938674310651921,0.7691188272587882,0.8533957932294052,0.01065675445284707,0.0092204293198241,0.07197823221274693,0.009450099168968886
E1957_139,0.4608496979372814,0.00026835267313273767,0.00937969769367019,0.02199521955773207,0.0031908777998249766,0.013813067887130865,0.0016677268887131946,0.8145964697302966,0.6279165152191016,0.0020832305957869898,0.02575132863453011
E1958_4,0.27191572120756885,0.01334260428490541,0.010694449927121406,0.0026644025907648404,0.003643986437530743,0.035500698415600544,0.36710199675532107,0.12305392119383711,0.2999750657957232,0.0004600437276214111,0.14620403771861168
E1959_1246,0.0015427923102363857,0.0047713598331533625,0.7864466649080633,0.0013543084892436966,0.6803728360235396,0.41751336973266334,0.009829149380725084,0.002344475472577722,0.003074318005244075,0.7371695645561225,0.015422666906540922
E1960_822,0.5393875429681328,0.01279497075460638,0.005869390760082295,0.0016701004256551315,0.012720572305792432,0.0013609794097500234,0.0007721079722393349,0.5538210498594371,0.5874554470729747,0.005850769676908728,0.002278747983084035
E1961_238,0.3980375196773084,0.003522427429548291,0.009599103434450482,0.0022540503920263095,0.0004432179869075008,0.024905891987049983,0.0017797026667694866,0.6144811488416154,0.6174968362905637,0.005310711611452384,0.0012466168320389498
E1962_88,0.4954857355447968,0.028297931560851038,0.007960286666688778,0.0019702318344067536,0.0540188837529638,0.012484114346890656,0.021924600440966845,0.9192762691269735,0.4847131970416215,0.03125864154600905,0.11039081976410786
E1963_480,0.6290652967318996,0.006774993903377284,0.003004222556740651,0.0018878354165193197,0.0002895055616627382,0.005020832830423359,0.011623065913991922,0.6604801203932131,0.515937900570182,0.0059069082222242535,0.007695406063730846
E1964_383,0.41983308714267914,0.003992458825240301,0.008408035796884279,0.012894025160933267,0.020761544337031822,0.007549352558717635,0.00677597321295992,0.7331851328253708,0.5522598542324487,0.004262077667888982,0.009647016626528632
E1965_635,0.5161778550215614,0.01515743899378805,0.0033980392723952668,0.020841739450411415,0.004766107561837842,0.006787046734919883,0.0043775511775881034,0.6611987054115008,0.46271552217311157,0.0004530711922957772,0.008661969236122008
E1966_719,0.363427839452603,0.003998247917204874,0.007112347212981696,0.009556401861412028,0.013985524558045402,0.01062271905580019,0.04387152805941049,0.7978984965241287,0.49615719934870056,0.012189222492245523,0.001867816120330776
E1967_1000,0.004116468914634488,0.005409878825257396,0.5237663109474848,0.0014224431674039932,0.7366940566154275,0.5401447488871258,0.0014371656969116885,0.0038915201944467108,0.0010563299159371965,0.781497622500767,0.009282226331808337
E1968_124,0.6284419456066633,0.3125658490018665,0.0030094550774249678,0.005733559394596867,0.00035707680491401734,0.0012312158279919405,0.0029924016603164105,0.5462571348706725,0.48756894930632516,0.0003429053712650761,0.44420212780964075
E1969_323,0.006064825644196767,0.8024253985693063,0.0050474609256217105,0.005279470344311309,0.003255537676920537,0.008542174829578572,0.0051221517117974,0.000602220751931771,0.5935736981690819,0.009202257028419498,0.7419307125286122
E1970_757,0.017320445251986814,0.0011232480662325042,0.04652938053651127,0.5909973479203967,0.9054312395112745,0.4459519372988373,0.0050568804108596785,0.0019255754520245577,2.814215274917185e-05,0.6869861266620058,0.00018554703679199023
E1971_73,0.5594218813459998,0.007564949829103281,0.006679628997568794,0.0006293487923103063,0.0001841901710481129,0.39643816551059075,0.45425139247892926,0.586696475914152,0.24229745130057045,0.006082710674664718,0.03193032446639319
E1972_152,0.6481726193726408,0.0015347429824134394,0.05337679798904254,0.04102881921833704,0.08698105677500442,0.01092889366133552,0.015665746529630212,0.6767923224405127,0.3478902391207873,0.015563821608594935,0.01183181641057994
E1973_932,0.5029703877117502,0.0052388890266166395,0.0017607403155753248,0.011575846536531643,0.003081688982838747,0.013208091027840017,0.011013765518544289,0.5996749763948561,0.6004553292251319,0.0015343787800741952,0.0009207483720105057
E1974_1414,0.5543788956292071,0.0004869900099716936,0.004543618133165554,0.0003655513051007183,0.023012238786779073,0.007283368313198058,0.004601849036971255,0.5865448269510706,0.6380457211542068,0.011826936681135195,0.02914253029827825
E1975_810,0.5595452716832006,0.0024903933265863543,6.573664439569161e-05,0.0011882719378047434,0.00659671907278871,0.00382778589078385,0.016257970495677794,0.7723406066384251,0.5652227288733458,0.003935086279303719,0.0039984484407454435
E1976_800,0.7200509854610553,0.0033749766172118684,0.00023701936287118952,0.019201414555423183,0.016451373798179965,0.004425395457757969,0.006624119131190185,0.5543702872193975,0.4227638380687041,6.458265518246172e-05,0.0009189564575921339
E1977_1370,0.5895495383418442,0.004097098409105817,0.012632228763817022,0.0012513421860805764,0.0010459175419405744,0.008143330489537982,0.007227484884458501,0.5903104579519223,0.5694521397385491,0.005061538971039625,0.012562062971263015
E1978_88,0.025205871422202215,0.034830310881650825,0.0066360629567915235,0.013679903634741704,0.013640650417707593,0.0053131792361060925,0.004972693929879205,0.1201391472863617,0.4005081445099676,0.005994036185691647,0.4480253207379462
E1979_297,0.0010005079900138217,0.008755933429009212,0.5587035711981728,0.10765016598170604,0.8472461231301784,0.60091183763627,0.0010242897691467808,0.001410456401054349,0.00016396078445340905,0.5321386703318751,0.004787423389501915
E1980_1467,0.42697397301586604,0.0002659909961971371,0.002558409194425585,0.0029099035656283893,0.022905676425631658,0.0023398366748798986,0.011834847294251487,0.5919775808936674,0.7271909915377713,0.0020350380640920184,0.005033138217312549
E1981_212,0.5482746835273887,0.0027358773240765836,0.00010913256210881522,0.0007582436088139244,0.005648914476726404,0.003655566500385018,0.0003063822234666971,0.6417961518253162,0.5781452621835094,0.014235792624933165,0.002725344340851145
E1982_1213,0.4177651490495654,0.008328471871246806,0.0013969414110042854,0.005913398071701841,0.0021588806742016188,0.002866942207072246,0.005610240809250781,0.6583542629094737,0.5010029630829459,0.008972572571561293,0.004240525317835867
E1983_190,0.014712160122044746,0.005426584470804993,0.4035997333525811,0.5808773293115174,0.41658015380538127,0.6823532431164769,0.6800851748574466,0.0085175929345787,0.007121565228090212,0.431163144569565,0.0005394667125662034
E1984_185,0.6037936841628346,0.000375839355280057,0.0055164550096126076,0.015769646412403648,0.004698787846154457,0.0024929425015684853,0.013192412628103608,0.45565921009697957,0.6703757134263543,0.000555583567588419,0.008015874381471291
E1985_648,0.0034078731886417308,0.9013738906607159,0.004063072245430874,0.0004599034689480263,0.017354064766587674,0.0017751692187927938,0.005837069941221831,0.040384278521041456,0.3674475943492499,0.0019137633376360226,0.6095057347781913
E1986_270,0.6066323690264639,0.0006146148285676654,0.0029127681160598887,0.015063145344937183,0.00309964599895487,0.0011950169810526386,0.002275519087161129,0.5823384465851937,0.6411721505032316,0.0030074909779132255,0.029824770369815297
E1987_798,0.007034305689619109,0.00022728087643556185,0.5385340223890053,0.009467417142319967,0.6584961705430942,0.7452912420192259,0.004769454654045034,0.0020587255697271318,0.01373130002901621,0.7637028718978741,2.253979203316867e-05
E1988_185,0.0012477264270591435,0.6358154447284865,0.017279782318137843,0.0013384029425811232,0.011110380157685118,0.02443835815586651,0.0024117584306964147,0.006885991766339757,0.5002276161637629,0.0029356182832747267,0.8404927137311838
E1989_1454,0.5535174291815332,0.0011846647086299535,0.0032725846070323873,0.019109141450791036,0.052500968802748765,0.0017208630646692272,0.00031677623302293645,0.5225655449376084,0.6600418903031222,0.012669560580953067,0.018506202185801048
E1990_289,0.0004180789289192813,0.8488035447742565,0.015050837640070397,0.005634436631632515,0.0062114827940724085,0.0036319453057848993,0.01359519516755914,0.008919526475899813,0.47177832649568735,0.003147309765690848,0.8149972095786312
E1991_1409,0.0015253840431584487,0.7475268900335879,0.004473341527585807,0.06079749795447319,0.004118956148785271,0.002586077892180996,0.012521239893515923,0.00030570034052424086,0.6980709931707703,0.0005854881964771795,0.6073564773172677
E1992_1208,0.00681530551472745,0.0038463790234864403,0.008040791589373068,0.4765309022652198,0.6995493030810895,0.7203895888714836,0.004480226883005982,0.000115053480178861,0.0037456555227505317,0.6607481293345165,0.001760209812512512
E1993_84,0.6124057977481263,0.049422323741314035,0.006535764266044794,0.015310359513530786,0.03020815166296765,0.01198019632483984,0.01810637339768591,0.6271045577098305,0.5337699673138914,0.00306432444810027,0.46519001782720654
E1994_947,0.0009471030340661809,0.6715769116700415,0.0024639066388173897,0.00037439361370419395,0.00043571074259830426,0.0027089889948769025,0.0027569413091506575,0.01656363840903009,0.6143809472411096,0.0010942347895217214,0.5885674942817957
E1995_432,0.5104295413824209,0.0005459969967683029,0.0017429903172280605,0.009323114568197077,0.0036862162155101713,0.0036950789222607535,0.0018266286857470996,0.49902623944208546,0.36814241491012345,0.001041787848218992,0.010376690106745138
E1996_716,0.0021284691206975162,0.016933952766635535,0.00610385193901545,0.6955197503882371,0.7343710244218111,0.6125235254942377,0.0015999022771692832,0.005240189746884298,0.0032428768774725543,0.6505305857767988,0.0016580816351675326
E1997_221,0.6371958244774095,0.00877890236722821,0.00359383674848854,0.006343849296023963,0.0067472623714087175,0.003681966931299324,0.0014597837547128544,0.656687973787582,0.6331290310425933,0.00030789951113327225,0.0029984401589232454
E1998_295,0.4993141227334884,0.006345894811422637,0.01739651801861204,0.0004883853985847188,0.004902855121407697,0.003578040087918055,0.0002282083365177239,0.7246984451398174,0.600951513787094,0.0011080060050484835,0.0009920501464152562
E1999_47,0.1670684163432093,0.018361687907722475,0.002511830169278126,0.0013489521651467338,0.015300605454755825,0.00019874038804027663,0.008617955938388454,0.15274075359092262,0.5092784524127804,0.009282499013324726,0.6552527415796906
